ensembl	symbol	D15-shGCN2-5BM	D15-shGCN2-5NM	D15-shGCN2-6BM	D15-shGCN2-6NM	D15-shScr-1BM	D15-shScr-1L1	D15-shScr-1R1	D15-shScr-2L1
ENSG00000000003	TSPAN6	554	643	598	510	448	432	352	487
ENSG00000000005	TNMD	1	0	0	0	0	2	0	0
ENSG00000000419	DPM1	1949	2025	2036	1855	1354	1156	1116	1513
ENSG00000000457	SCYL3	443	540	427	287	245	369	342	334
ENSG00000000460	C1orf112	337	359	292	246	334	117	140	171
ENSG00000000938	FGR	5	2	9	2	5	3	0	0
ENSG00000000971	CFH	250	285	149	157	105	270	45	93
ENSG00000001036	FUCA2	907	891	1002	924	783	566	638	788
ENSG00000001084	GCLC	777	784	846	747	471	407	436	535
ENSG00000001167	NFYA	826	856	877	664	576	435	402	500
ENSG00000001460	STPG1	213	259	248	186	187	119	137	141
ENSG00000001461	NIPAL3	1453	1425	1568	936	1180	1278	763	1141
ENSG00000001497	LAS1L	1224	1465	1728	1300	920	622	753	911
ENSG00000001561	ENPP4	67	96	109	67	86	76	55	86
ENSG00000001617	SEMA3F	736	1718	2157	1677	779	71	813	254
ENSG00000001626	CFTR	0	0	11	3	0	0	0	1
ENSG00000001629	ANKIB1	1451	1604	1548	1187	1011	818	963	870
ENSG00000001630	CYP51A1	1490	1662	1690	1678	1365	776	1591	1039
ENSG00000001631	KRIT1	474	360	578	481	238	206	176	328
ENSG00000002016	RAD52	228	246	202	182	127	139	176	127
ENSG00000002330	BAD	1072	1182	1357	1319	1153	962	966	1316
ENSG00000002549	LAP3	1954	1868	2269	1647	1393	972	807	1251
ENSG00000002586	CD99	1482	2075	2332	2065	1740	1424	1775	2145
ENSG00000002587	HS3ST1	18	36	61	25	41	27	23	20
ENSG00000002726	AOC1	1	1	1	0	0	0	0	1
ENSG00000002745	WNT16	5	2	5	5	6	13	4	8
ENSG00000002746	HECW1	128	90	106	61	45	39	38	27
ENSG00000002822	MAD1L1	652	742	893	596	397	380	498	618
ENSG00000002834	LASP1	6315	9048	11314	8160	5704	3347	4751	4160
ENSG00000002919	SNX11	444	456	521	441	385	281	331	312
ENSG00000002933	TMEM176A	0	0	1	0	0	0	0	0
ENSG00000003056	M6PR	3926	4360	4460	3315	2882	2480	3074	3165
ENSG00000003096	KLHL13	35	26	24	24	27	16	16	20
ENSG00000003137	CYP26B1	347	352	311	231	107	16	23	18
ENSG00000003147	ICA1	184	199	113	115	155	159	98	151
ENSG00000003249	DBNDD1	370	301	278	170	242	297	57	633
ENSG00000003393	ALS2	191	201	296	164	164	101	162	121
ENSG00000003400	CASP10	84	58	74	49	49	37	48	39
ENSG00000003402	CFLAR	523	629	598	446	472	387	658	355
ENSG00000003436	TFPI	199	381	463	304	326	155	377	156
ENSG00000003509	NDUFAF7	383	466	450	376	315	250	200	256
ENSG00000003756	RBM5	869	999	985	860	735	750	830	633
ENSG00000003987	MTMR7	48	48	42	31	16	20	35	30
ENSG00000003989	SLC7A2	333	348	352	267	218	100	153	181
ENSG00000004059	ARF5	2352	2552	2928	2861	2167	1929	1951	2340
ENSG00000004139	SARM1	719	744	940	528	390	208	219	334
ENSG00000004142	POLDIP2	4645	5067	6162	4556	3055	2265	2660	3132
ENSG00000004399	PLXND1	1145	1092	1449	919	586	435	712	458
ENSG00000004455	AK2	3619	4419	5015	4080	2984	2135	2817	2918
ENSG00000004468	CD38	5	3	6	3	11	1	2	0
ENSG00000004478	FKBP4	2850	3499	3582	2824	2063	1505	2159	2070
ENSG00000004487	KDM1A	2563	2986	3785	2556	1840	1110	1311	1582
ENSG00000004534	RBM6	887	999	1006	852	623	622	656	793
ENSG00000004660	CAMKK1	40	57	65	53	60	48	44	25
ENSG00000004700	RECQL	1670	1679	1933	1468	1168	1102	1103	1151
ENSG00000004766	VPS50	152	124	233	142	134	121	92	117
ENSG00000004776	HSPB6	19	18	14	10	12	27	5	18
ENSG00000004777	ARHGAP33	103	77	78	80	86	93	67	99
ENSG00000004779	NDUFAB1	1797	2129	2063	1907	1520	1144	1555	1517
ENSG00000004799	PDK4	222	340	181	149	316	599	79	359
ENSG00000004809	SLC22A16	3	0	0	0	0	2	0	1
ENSG00000004838	ZMYND10	41	55	56	46	36	45	19	50
ENSG00000004846	ABCB5	3	6	4	5	1	2	9	1
ENSG00000004848	ARX	1	3	1	0	1	2	1	0
ENSG00000004864	SLC25A13	1344	1276	1479	1262	689	475	648	662
ENSG00000004866	ST7	379	434	424	335	301	221	283	271
ENSG00000004897	CDC27	1672	1897	1987	1589	1310	1112	1258	1230
ENSG00000004939	SLC4A1	0	0	2	0	0	1	1	1
ENSG00000004948	CALCR	0	0	0	0	0	0	0	0
ENSG00000004961	HCCS	976	1038	1187	987	663	424	626	597
ENSG00000004975	DVL2	1554	2323	2262	1740	1476	999	1315	1344
ENSG00000005001	PRSS22	0	1	3	0	0	0	0	2
ENSG00000005007	UPF1	2873	3724	4674	2167	2316	1306	1158	1245
ENSG00000005020	SKAP2	537	674	667	621	506	415	487	423
ENSG00000005022	SLC25A5	10190	11687	13361	11264	9394	4909	6426	8445
ENSG00000005059	MCUB	413	523	466	447	401	278	365	449
ENSG00000005073	HOXA11	40	20	26	23	35	38	17	53
ENSG00000005075	POLR2J	1690	1834	2027	1925	1314	1289	1323	1772
ENSG00000005100	DHX33	1586	1503	1820	1255	976	809	911	858
ENSG00000005102	MEOX1	2	1	0	4	0	2	0	2
ENSG00000005108	THSD7A	28	43	101	44	23	34	25	28
ENSG00000005156	LIG3	528	692	712	554	504	411	495	491
ENSG00000005175	RPAP3	868	893	889	755	545	502	494	610
ENSG00000005187	ACSM3	17	24	19	7	31	23	5	23
ENSG00000005189	REXO5	193	253	292	239	173	102	137	177
ENSG00000005194	CIAPIN1	1817	1857	2022	1682	1158	844	1146	1122
ENSG00000005206	SPPL2B	484	547	567	480	366	433	443	396
ENSG00000005238	FAM214B	673	480	551	514	420	450	429	429
ENSG00000005243	COPZ2	279	356	364	330	363	275	143	318
ENSG00000005249	PRKAR2B	565	403	347	384	337	439	216	601
ENSG00000005302	MSL3	596	693	697	630	587	334	427	415
ENSG00000005339	CREBBP	1240	1413	1455	1118	942	725	872	744
ENSG00000005379	TSPOAP1	7	2	4	1	0	5	3	0
ENSG00000005421	PON1	0	1	0	0	0	1	0	0
ENSG00000005436	GCFC2	629	733	625	590	528	414	514	447
ENSG00000005448	WDR54	1198	2056	2030	1955	1292	668	1058	1217
ENSG00000005469	CROT	260	214	236	208	166	139	139	125
ENSG00000005471	ABCB4	13	2	7	5	7	13	6	11
ENSG00000005483	KMT2E	726	777	980	792	758	662	626	572
ENSG00000005486	RHBDD2	1138	1083	1606	1225	1131	1037	763	1191
ENSG00000005513	SOX8	0	0	0	0	0	2	0	0
ENSG00000005700	IBTK	606	548	728	453	429	283	291	364
ENSG00000005801	ZNF195	174	189	169	144	215	212	137	232
ENSG00000005810	MYCBP2	408	572	530	469	417	294	336	318
ENSG00000005812	FBXL3	647	745	710	667	581	481	456	565
ENSG00000005844	ITGAL	0	0	0	0	0	0	0	1
ENSG00000005882	PDK2	455	448	561	406	371	358	161	343
ENSG00000005884	ITGA3	7589	9859	11094	7589	7981	5013	6023	7219
ENSG00000005889	ZFX	721	779	779	589	573	434	475	499
ENSG00000005893	LAMP2	1253	1591	1522	1299	1682	936	910	1046
ENSG00000005961	ITGA2B	0	2	3	2	3	1	0	2
ENSG00000005981	ASB4	19	8	3	3	6	24	2	21
ENSG00000006007	GDE1	1070	1192	1291	981	758	699	817	678
ENSG00000006015	REX1BD	775	698	766	714	646	655	446	837
ENSG00000006016	CRLF1	56	43	3	10	79	73	6	123
ENSG00000006025	OSBPL7	312	365	383	283	248	277	252	203
ENSG00000006042	TMEM98	43	33	12	19	171	116	52	130
ENSG00000006047	YBX2	0	0	0	0	0	2	0	0
ENSG00000006062	MAP3K14	347	444	599	295	416	104	241	254
ENSG00000006118	TMEM132A	1224	1167	1245	825	959	964	694	1859
ENSG00000006125	AP2B1	6184	7540	8580	5731	5219	3040	3791	4047
ENSG00000006128	TAC1	8	8	13	2	5	0	2	0
ENSG00000006194	ZNF263	698	797	750	597	543	425	531	471
ENSG00000006210	CX3CL1	79	69	46	27	50	121	8	175
ENSG00000006282	SPATA20	823	974	1083	707	609	540	508	759
ENSG00000006283	CACNA1G	9	3	2	1	8	23	4	5
ENSG00000006327	TNFRSF12A	4409	5275	5710	4824	3742	2820	6232	3705
ENSG00000006377	DLX6	4	1	1	0	6	3	0	1
ENSG00000006432	MAP3K9	229	288	281	185	156	91	155	58
ENSG00000006451	RALA	1880	2122	2120	1864	1300	856	1229	1112
ENSG00000006453	BAIAP2L1	377	417	438	351	334	274	414	286
ENSG00000006459	KDM7A	238	270	185	114	200	79	67	172
ENSG00000006468	ETV1	1295	1258	1067	903	925	1155	712	1226
ENSG00000006530	AGK	802	888	1009	790	519	470	423	535
ENSG00000006534	ALDH3B1	833	1605	2276	1390	708	272	365	362
ENSG00000006555	TTC22	0	0	0	0	1	0	0	0
ENSG00000006576	PHTF2	727	677	762	624	496	433	355	496
ENSG00000006606	CCL26	5	6	6	4	29	4	2	1
ENSG00000006607	FARP2	483	524	541	410	418	274	315	401
ENSG00000006611	USH1C	1	0	0	0	0	0	0	0
ENSG00000006625	GGCT	1006	1002	1076	937	714	600	637	835
ENSG00000006634	DBF4	216	158	145	104	96	79	81	156
ENSG00000006638	TBXA2R	64	83	74	74	61	83	63	48
ENSG00000006652	IFRD1	377	480	456	502	416	177	362	388
ENSG00000006695	COX10	528	594	648	443	356	241	316	331
ENSG00000006704	GTF2IRD1	627	751	837	657	500	354	589	471
ENSG00000006712	PAF1	1866	2015	2219	1571	1443	1187	903	1341
ENSG00000006715	VPS41	950	1210	1199	931	799	599	700	657
ENSG00000006740	ARHGAP44	30	26	32	41	45	7	0	8
ENSG00000006744	ELAC2	2492	2562	2795	2045	1583	1172	1183	1664
ENSG00000006747	SCIN	14	13	10	16	21	48	25	13
ENSG00000006756	ARSD	571	691	675	426	427	454	385	423
ENSG00000006757	PNPLA4	2	0	0	0	0	1	0	4
ENSG00000006788	MYH13	32	36	37	26	32	31	64	26
ENSG00000006831	ADIPOR2	2439	2450	2653	2139	1403	1201	1649	1518
ENSG00000006837	CDKL3	34	30	24	45	20	25	23	20
ENSG00000007001	UPP2	0	0	0	0	0	0	0	0
ENSG00000007038	PRSS21	0	0	0	0	0	0	0	0
ENSG00000007047	MARK4	954	1151	1133	661	812	441	413	661
ENSG00000007062	PROM1	0	0	11	1	0	0	0	0
ENSG00000007080	CCDC124	2876	3320	3982	3188	2345	1713	1908	2562
ENSG00000007129	CEACAM21	0	0	0	0	0	0	0	0
ENSG00000007168	PAFAH1B1	1897	1995	2073	1817	1296	1113	1013	1420
ENSG00000007171	NOS2	0	3	0	0	5	7	0	6
ENSG00000007174	DNAH9	39	12	4	7	25	39	1	69
ENSG00000007202	KIAA0100	3975	4160	4634	3187	2982	1987	2313	2686
ENSG00000007216	SLC13A2	7	1	17	6	0	0	0	0
ENSG00000007237	GAS7	541	154	32	65	750	872	33	880
ENSG00000007255	TRAPPC6A	126	129	149	79	131	88	21	169
ENSG00000007264	MATK	1	0	2	2	0	1	0	0
ENSG00000007306	CEACAM7	0	2	0	0	0	0	0	0
ENSG00000007312	CD79B	0	0	16	7	0	0	0	0
ENSG00000007314	SCN4A	1	5	1	2	1	2	2	1
ENSG00000007341	ST7L	42	67	86	48	43	35	38	37
ENSG00000007350	TKTL1	0	1	3	0	0	1	2	0
ENSG00000007372	PAX6	2	0	0	0	0	2	0	0
ENSG00000007376	RPUSD1	1712	1656	2153	1693	994	707	936	1035
ENSG00000007384	RHBDF1	985	981	1056	728	678	917	1096	725
ENSG00000007392	LUC7L	638	580	547	602	462	760	566	507
ENSG00000007402	CACNA2D2	12	0	3	3	1	3	1	4
ENSG00000007516	BAIAP3	3	20	17	19	37	18	40	22
ENSG00000007520	TSR3	1639	1719	1892	1621	1248	959	1252	1326
ENSG00000007541	PIGQ	584	684	868	512	508	396	366	488
ENSG00000007545	CRAMP1	692	681	744	539	536	404	697	466
ENSG00000007866	TEAD3	339	388	419	336	254	165	227	200
ENSG00000007923	DNAJC11	1487	1808	2141	1312	884	626	757	940
ENSG00000007933	FMO3	2	0	1	0	0	1	0	0
ENSG00000007944	MYLIP	113	133	125	89	155	168	88	83
ENSG00000007952	NOX1	7	1	5	13	4	5	3	9
ENSG00000007968	E2F2	144	154	182	105	110	68	56	76
ENSG00000008018	PSMB1	3179	3538	3828	3257	2280	1894	2091	2618
ENSG00000008056	SYN1	23	5	23	14	15	11	3	16
ENSG00000008083	JARID2	532	597	575	420	422	398	411	364
ENSG00000008086	CDKL5	70	75	63	41	74	72	49	33
ENSG00000008118	CAMK1G	39	39	46	59	12	21	22	9
ENSG00000008128	CDK11A	868	872	798	751	591	878	851	581
ENSG00000008130	NADK	1755	1585	1878	1569	1082	1005	1029	1251
ENSG00000008196	TFAP2B	161	86	6	22	256	480	4	286
ENSG00000008226	DLEC1	0	0	1	5	2	2	0	0
ENSG00000008256	CYTH3	729	929	1089	799	872	430	672	483
ENSG00000008277	ADAM22	202	238	185	128	172	132	106	148
ENSG00000008282	SYPL1	1419	1723	1510	1490	1335	967	1117	1250
ENSG00000008283	CYB561	1816	1644	2014	1618	1291	1138	1149	1442
ENSG00000008294	SPAG9	1488	2101	2369	1546	1409	775	1162	1084
ENSG00000008300	CELSR3	472	713	778	441	437	167	307	236
ENSG00000008311	AASS	309	629	588	298	370	437	474	371
ENSG00000008323	PLEKHG6	4	3	2	4	3	3	2	2
ENSG00000008324	SS18L2	417	437	377	408	332	324	334	359
ENSG00000008382	MPND	106	168	169	143	226	122	140	182
ENSG00000008394	MGST1	1734	2280	2467	2057	1073	592	1408	776
ENSG00000008405	CRY1	317	294	473	326	297	212	279	222
ENSG00000008438	PGLYRP1	1	1	0	1	2	0	0	0
ENSG00000008441	NFIX	4512	5679	5927	4067	3614	2053	2433	2264
ENSG00000008513	ST3GAL1	210	297	316	290	331	285	243	267
ENSG00000008516	MMP25	8	14	16	9	12	0	12	16
ENSG00000008517	IL32	47	140	175	130	112	37	203	62
ENSG00000008710	PKD1	1025	1361	1478	1026	1012	749	1081	748
ENSG00000008735	MAPK8IP2	0	10	0	0	0	0	0	0
ENSG00000008838	MED24	1359	1554	1799	1257	1140	830	894	1004
ENSG00000008853	RHOBTB2	546	596	749	443	379	123	244	266
ENSG00000008869	HEATR5B	593	771	780	547	539	512	442	517
ENSG00000008952	SEC62	1706	2012	1912	1795	1421	1552	1435	1442
ENSG00000008988	RPS20	20260	25726	25363	23451	23556	15060	19340	23002
ENSG00000009307	CSDE1	12395	15570	17971	12558	10550	5120	7890	8092
ENSG00000009335	UBE3C	2355	2470	2851	2119	1613	1171	1552	1562
ENSG00000009413	REV3L	340	471	500	169	306	135	205	163
ENSG00000009694	TENM1	32	16	12	12	50	205	9	125
ENSG00000009724	MASP2	8	7	8	10	7	3	4	5
ENSG00000009765	IYD	3	11	4	8	2	2	5	6
ENSG00000009780	FAM76A	232	241	254	235	198	167	192	184
ENSG00000009790	TRAF3IP3	13	8	7	18	6	11	4	6
ENSG00000009830	POMT2	307	282	325	270	236	228	195	155
ENSG00000009844	VTA1	1304	1364	1513	1218	925	813	845	905
ENSG00000009950	MLXIPL	3	3	4	3	3	3	0	10
ENSG00000009954	BAZ1B	2966	3195	3563	2689	2440	2139	2172	2096
ENSG00000010017	RANBP9	886	811	881	825	619	609	629	653
ENSG00000010030	ETV7	4	7	12	3	6	4	7	5
ENSG00000010072	SPRTN	393	378	375	319	237	262	212	210
ENSG00000010165	METTL13	1831	1663	1497	1177	1142	823	845	1177
ENSG00000010219	DYRK4	188	203	227	162	93	74	110	96
ENSG00000010244	ZNF207	3459	3806	4414	3398	2800	2346	2395	2943
ENSG00000010256	UQCRC1	4599	5526	5685	5045	3577	1985	3701	3501
ENSG00000010270	STARD3NL	1007	839	922	799	799	658	698	963
ENSG00000010278	CD9	1729	1986	2025	1953	1748	1507	1183	2406
ENSG00000010282	HHATL	1	0	0	0	0	0	0	0
ENSG00000010292	NCAPD2	4109	4759	5509	3934	2815	2120	2729	2597
ENSG00000010295	IFFO1	358	350	452	254	187	187	200	202
ENSG00000010310	GIPR	6	18	4	5	25	15	7	9
ENSG00000010318	PHF7	65	94	122	76	65	29	35	41
ENSG00000010319	SEMA3G	28	33	27	9	31	26	1	34
ENSG00000010322	NISCH	1055	1368	1441	970	939	835	1063	925
ENSG00000010327	STAB1	11	2	10	5	8	2	0	5
ENSG00000010361	FUZ	793	848	730	583	600	693	262	835
ENSG00000010379	SLC6A13	1	0	0	0	1	0	0	1
ENSG00000010404	IDS	2918	2732	2434	1941	2181	1768	1672	2235
ENSG00000010438	PRSS3	166	185	210	100	0	2	4	1
ENSG00000010539	ZNF200	373	358	381	223	242	242	261	237
ENSG00000010610	CD4	2	1	4	2	5	4	0	1
ENSG00000010626	LRRC23	51	49	89	88	66	64	72	57
ENSG00000010671	BTK	30	44	28	26	20	0	7	18
ENSG00000010704	HFE	169	182	137	161	194	211	205	199
ENSG00000010803	SCMH1	763	1024	1183	781	647	335	614	506
ENSG00000010810	FYN	569	576	675	492	485	409	405	615
ENSG00000010818	HIVEP2	402	445	478	359	357	142	448	166
ENSG00000010932	FMO1	0	0	0	0	0	0	0	0
ENSG00000011007	ELOA	2355	2470	2590	1739	1616	1412	1367	1660
ENSG00000011009	LYPLA2	5686	6310	6549	5187	3134	3544	3281	3905
ENSG00000011021	CLCN6	297	460	492	339	366	227	425	268
ENSG00000011028	MRC2	1128	1086	1054	800	879	789	832	871
ENSG00000011052	NME1-NME2	169	197	223	173	184	107	78	162
ENSG00000011083	SLC6A7	6	3	4	0	1	2	4	1
ENSG00000011105	TSPAN9	643	389	533	338	345	504	232	547
ENSG00000011114	BTBD7	234	259	541	217	221	128	134	133
ENSG00000011132	APBA3	253	284	299	238	187	140	141	200
ENSG00000011143	MKS1	187	306	293	218	151	112	149	195
ENSG00000011198	ABHD5	375	549	462	211	322	227	299	251
ENSG00000011201	ANOS1	12	24	15	6	7	3	0	0
ENSG00000011243	AKAP8L	754	931	958	694	760	533	375	668
ENSG00000011258	MBTD1	413	432	414	328	299	284	288	303
ENSG00000011260	UTP18	1124	1338	1522	1280	990	658	920	972
ENSG00000011275	RNF216	1000	1210	1209	974	881	645	871	794
ENSG00000011295	TTC19	791	740	1093	660	471	423	339	489
ENSG00000011304	PTBP1	10913	11832	13165	10392	7884	6273	7777	7778
ENSG00000011332	DPF1	178	139	190	128	146	137	106	140
ENSG00000011347	SYT7	5	14	22	8	8	3	6	1
ENSG00000011376	LARS2	590	679	712	570	407	265	339	310
ENSG00000011405	PIK3C2A	622	820	851	622	564	328	427	360
ENSG00000011422	PLAUR	1488	1499	1382	1319	1508	1661	1946	1712
ENSG00000011426	ANLN	2865	3948	4716	3039	2964	1218	1850	1582
ENSG00000011451	WIZ	1871	1841	2039	1525	1392	1259	940	1462
ENSG00000011454	RABGAP1	829	1060	1266	713	763	508	591	599
ENSG00000011465	DCN	11	3	4	3	2	60	9	9
ENSG00000011478	QPCTL	369	430	440	372	338	165	216	282
ENSG00000011485	PPP5C	1751	1858	2112	1531	1266	1103	957	1443
ENSG00000011523	CEP68	148	191	234	177	168	50	104	92
ENSG00000011566	MAP4K3	531	702	693	557	499	384	481	396
ENSG00000011590	ZBTB32	0	0	9	0	7	0	0	4
ENSG00000011600	TYROBP	0	0	0	0	0	0	0	0
ENSG00000011638	LDAF1	68	116	137	118	87	59	52	51
ENSG00000011677	GABRA3	307	271	316	242	252	161	168	190
ENSG00000012048	BRCA1	810	682	795	666	578	459	489	448
ENSG00000012061	ERCC1	2364	3035	3173	2450	2613	2201	2007	2816
ENSG00000012124	CD22	23	20	61	27	22	27	47	10
ENSG00000012171	SEMA3B	1058	1813	1894	1275	1365	838	1036	886
ENSG00000012174	MBTPS2	859	975	912	675	701	502	571	594
ENSG00000012211	PRICKLE3	239	351	371	310	223	141	212	211
ENSG00000012223	LTF	43	57	96	79	24	5	140	12
ENSG00000012232	EXTL3	728	903	870	628	482	261	283	374
ENSG00000012504	NR1H4	1	0	3	3	2	0	4	0
ENSG00000012660	ELOVL5	1487	1741	1784	1508	1363	784	1284	1068
ENSG00000012779	ALOX5	1	12	17	13	4	0	6	2
ENSG00000012817	KDM5D	6	4	3	3	6	0	0	0
ENSG00000012822	CALCOCO1	749	1025	899	753	586	719	628	759
ENSG00000012963	UBR7	1016	1103	1216	912	764	573	596	765
ENSG00000012983	MAP4K5	608	748	753	677	540	422	431	448
ENSG00000013016	EHD3	1300	1071	1076	906	611	476	408	539
ENSG00000013275	PSMC4	4359	4396	5106	3819	2995	2524	2073	3559
ENSG00000013288	MAN2B2	490	436	491	345	421	381	270	346
ENSG00000013293	SLC7A14	2	7	7	4	7	17	13	9
ENSG00000013297	CLDN11	0	0	0	0	0	0	1	0
ENSG00000013306	SLC25A39	1946	2280	2333	2228	1576	996	1254	1517
ENSG00000013364	MVP	3059	3782	3804	3149	2191	2282	2526	2213
ENSG00000013374	NUB1	1277	1775	1805	1344	1043	611	834	831
ENSG00000013375	PGM3	552	612	541	478	368	351	377	358
ENSG00000013392	RWDD2A	127	99	101	75	70	77	67	71
ENSG00000013441	CLK1	342	303	285	238	486	328	377	385
ENSG00000013503	POLR3B	484	459	561	343	215	211	227	264
ENSG00000013523	ANGEL1	317	359	346	237	267	255	163	259
ENSG00000013561	RNF14	1045	989	974	830	697	709	560	755
ENSG00000013563	DNASE1L1	723	836	1033	694	559	366	369	510
ENSG00000013573	DDX11	978	1176	1147	973	696	799	959	735
ENSG00000013583	HEBP1	453	716	609	600	367	303	459	389
ENSG00000013588	GPRC5A	1454	4382	5137	3093	4836	946	2433	1683
ENSG00000013619	MAMLD1	123	104	123	53	64	24	29	50
ENSG00000013725	CD6	25	6	4	0	43	69	0	135
ENSG00000013810	TACC3	2034	2032	2329	2128	1505	1317	1342	1400
ENSG00000014123	UFL1	427	446	473	405	365	309	296	339
ENSG00000014138	POLA2	269	333	404	321	278	194	205	291
ENSG00000014164	ZC3H3	504	652	686	466	355	310	250	393
ENSG00000014216	CAPN1	2495	2932	3430	2755	2040	1194	1453	1750
ENSG00000014257	ACP3	28	17	6	5	54	68	6	111
ENSG00000014641	MDH1	2602	3234	3017	2773	1996	1866	1871	2402
ENSG00000014824	SLC30A9	1649	1673	1865	1611	1169	928	927	1168
ENSG00000014914	MTMR11	116	146	126	151	73	91	78	88
ENSG00000014919	COX15	1366	1581	1787	1034	916	584	592	700
ENSG00000015133	CCDC88C	55	109	121	101	84	29	49	76
ENSG00000015153	YAF2	451	435	365	451	307	326	451	332
ENSG00000015171	ZMYND11	1032	1076	1127	871	828	658	865	751
ENSG00000015285	WAS	16	21	16	16	8	12	21	3
ENSG00000015413	DPEP1	0	0	0	0	1	0	0	0
ENSG00000015475	BID	712	854	881	687	584	564	499	780
ENSG00000015479	MATR3	5564	6434	6579	5278	4449	4326	3802	4400
ENSG00000015520	NPC1L1	3	11	2	2	7	0	5	1
ENSG00000015532	XYLT2	874	1048	1145	836	694	601	687	621
ENSG00000015568	RGPD5	5	8	20	250	18	225	6	284
ENSG00000015592	STMN4	1	0	1	1	1	0	1	0
ENSG00000015676	NUDCD3	622	682	769	505	441	205	326	313
ENSG00000016082	ISL1	90	162	126	154	85	108	152	57
ENSG00000016391	CHDH	5	7	4	2	5	18	8	1
ENSG00000016402	IL20RA	0	0	0	0	0	0	0	1
ENSG00000016490	CLCA1	0	0	4	0	0	0	0	0
ENSG00000016864	GLT8D1	871	942	968	876	695	677	599	735
ENSG00000017260	ATP2C1	1273	1693	1563	1171	1220	694	936	966
ENSG00000017427	IGF1	7	2	9	7	3	4	1	0
ENSG00000017483	SLC38A5	0	10	0	7	3	0	7	3
ENSG00000017797	RALBP1	1784	1873	2102	2097	2058	1444	1812	1734
ENSG00000018189	RUFY3	213	230	243	203	180	172	233	147
ENSG00000018236	CNTN1	4	1	0	1	4	6	0	6
ENSG00000018280	SLC11A1	7	13	20	19	12	14	28	10
ENSG00000018408	WWTR1	6137	5628	5629	4154	6469	9172	3365	7723
ENSG00000018510	AGPS	832	915	895	777	470	499	596	593
ENSG00000018610	STEEP1	762	776	854	733	580	449	534	541
ENSG00000018625	ATP1A2	9	8	7	6	0	8	7	0
ENSG00000018699	TTC27	598	664	759	603	414	297	387	385
ENSG00000018869	ZNF582	50	40	57	11	25	12	23	24
ENSG00000019102	VSIG2	7	7	3	12	5	5	4	5
ENSG00000019144	PHLDB1	1107	947	1146	745	746	464	507	590
ENSG00000019169	MARCO	0	1	0	0	0	0	0	0
ENSG00000019186	CYP24A1	56	27	19	24	25	145	34	99
ENSG00000019485	PRDM11	182	242	254	175	128	65	71	115
ENSG00000019505	SYT13	1	1	2	2	0	2	1	1
ENSG00000019549	SNAI2	208	84	65	44	159	120	54	68
ENSG00000019582	CD74	2721	2188	1879	1580	1189	1722	547	1889
ENSG00000019991	HGF	8	5	7	7	20	26	8	5
ENSG00000019995	ZRANB1	773	784	848	625	637	494	408	559
ENSG00000020129	NCDN	2405	2299	3028	1857	1285	1158	878	1284
ENSG00000020181	ADGRA2	317	252	205	147	180	253	133	229
ENSG00000020256	ZFP64	534	611	618	448	491	241	328	357
ENSG00000020426	MNAT1	443	552	588	458	411	254	319	401
ENSG00000020577	SAMD4A	361	499	622	400	330	110	333	132
ENSG00000020633	RUNX3	937	896	964	986	1275	593	940	876
ENSG00000020922	MRE11	609	753	647	529	517	465	585	471
ENSG00000021300	PLEKHB1	9	9	4	15	74	139	0	73
ENSG00000021355	SERPINB1	560	818	768	602	603	518	495	697
ENSG00000021461	CYP3A43	0	0	0	0	0	0	0	0
ENSG00000021488	SLC7A9	0	0	0	0	0	0	0	0
ENSG00000021574	SPAST	578	570	564	536	446	427	340	440
ENSG00000021645	NRXN3	49	63	37	37	220	117	87	176
ENSG00000021762	OSBPL5	153	185	202	164	205	175	150	238
ENSG00000021776	AQR	691	835	782	564	401	429	381	409
ENSG00000021826	CPS1	150	292	133	50	143	21	45	32
ENSG00000022267	FHL1	773	1021	1098	1098	468	366	548	429
ENSG00000022277	RTF2	3014	3644	3670	2967	2608	1903	2000	2724
ENSG00000022556	NLRP2	110	146	181	120	0	0	0	0
ENSG00000022567	SLC45A4	206	183	183	168	175	141	108	153
ENSG00000022840	RNF10	1788	2072	2369	1766	1120	869	1075	1124
ENSG00000022976	ZNF839	114	161	176	131	143	94	87	100
ENSG00000023041	ZDHHC6	353	337	302	265	265	332	166	296
ENSG00000023171	GRAMD1B	1143	1823	2140	1451	734	609	544	479
ENSG00000023191	RNH1	2499	2970	3451	2763	1894	1418	1442	2415
ENSG00000023228	NDUFS1	1871	1910	2024	1429	1118	971	997	1160
ENSG00000023287	RB1CC1	1701	1866	1977	1485	1185	1108	890	924
ENSG00000023318	ERP44	613	760	876	575	676	489	479	634
ENSG00000023330	ALAS1	1379	1312	1863	1288	906	621	977	1018
ENSG00000023445	BIRC3	148	272	267	189	332	220	395	325
ENSG00000023516	AKAP11	1114	1183	1062	782	891	806	691	877
ENSG00000023572	GLRX2	300	348	268	272	274	239	249	248
ENSG00000023608	SNAPC1	820	2086	2279	1391	1663	423	1749	668
ENSG00000023697	DERA	556	581	672	608	361	357	380	447
ENSG00000023734	STRAP	5158	5658	6146	5455	3200	2653	3356	3142
ENSG00000023839	ABCC2	383	534	554	393	104	150	184	185
ENSG00000023892	DEF6	65	84	76	74	35	58	29	39
ENSG00000023902	PLEKHO1	698	516	421	387	453	527	451	654
ENSG00000023909	GCLM	855	664	773	729	440	358	500	363
ENSG00000024048	UBR2	582	651	636	463	490	396	390	365
ENSG00000024422	EHD2	3102	5630	6185	3827	2679	872	1365	1667
ENSG00000024526	DEPDC1	775	975	952	774	654	497	549	566
ENSG00000024862	CCDC28A	363	452	455	376	355	230	254	331
ENSG00000025039	RRAGD	58	136	106	68	241	76	56	169
ENSG00000025156	HSF2	343	400	462	367	333	260	302	290
ENSG00000025293	PHF20	955	1212	1267	1009	863	737	880	680
ENSG00000025423	HSD17B6	15	18	15	9	6	6	11	10
ENSG00000025434	NR1H3	339	505	405	307	288	160	201	236
ENSG00000025708	TYMP	78	86	61	50	60	90	57	71
ENSG00000025770	NCAPH2	875	917	1142	1040	764	532	685	761
ENSG00000025772	TOMM34	3654	4013	4134	3328	2085	1679	2737	2342
ENSG00000025796	SEC63	1273	1438	1538	1174	1046	703	769	763
ENSG00000025800	KPNA6	2258	2599	2955	2117	1726	1634	1822	1434
ENSG00000026025	VIM	63590	103176	107242	88140	74849	42429	67796	70307
ENSG00000026103	FAS	321	177	226	114	173	228	192	125
ENSG00000026297	RNASET2	135	131	122	70	120	101	55	170
ENSG00000026508	CD44	10162	12551	11779	9585	10563	6361	7241	9410
ENSG00000026559	KCNG1	595	646	786	450	389	244	403	340
ENSG00000026652	AGPAT4	228	218	232	163	182	153	174	145
ENSG00000026751	SLAMF7	137	205	199	151	219	6	108	17
ENSG00000026950	BTN3A1	193	263	251	216	149	150	218	161
ENSG00000027001	MIPEP	328	338	363	305	238	205	129	290
ENSG00000027075	PRKCH	152	159	160	130	162	163	143	145
ENSG00000027644	INSRR	1	6	1	5	0	4	1	0
ENSG00000027697	IFNGR1	244	326	319	266	261	170	159	189
ENSG00000027847	B4GALT7	532	608	761	573	400	368	408	443
ENSG00000027869	SH2D2A	176	233	200	195	62	157	333	109
ENSG00000028116	VRK2	481	579	625	520	454	210	353	275
ENSG00000028137	TNFRSF1B	47	12	29	19	46	122	0	165
ENSG00000028203	VEZT	216	197	194	158	122	123	157	160
ENSG00000028277	POU2F2	648	546	435	437	346	413	404	357
ENSG00000028310	BRD9	829	957	1110	946	762	932	990	869
ENSG00000028528	SNX1	2527	2907	2711	2341	2013	1773	1651	2099
ENSG00000028839	TBPL1	497	513	479	403	285	234	269	330
ENSG00000029153	ARNTL2	1017	1021	1188	979	569	515	1181	504
ENSG00000029363	BCLAF1	3138	3175	4073	2511	2185	1708	1548	1911
ENSG00000029364	SLC39A9	1416	1452	1584	1161	1053	764	735	861
ENSG00000029534	ANK1	108	116	140	71	59	28	26	49
ENSG00000029559	IBSP	0	0	0	0	0	1	0	0
ENSG00000029639	TFB1M	312	377	405	374	310	224	295	363
ENSG00000029725	RABEP1	1368	1547	1714	1240	1069	809	1065	927
ENSG00000029993	HMGB3	1463	1282	1581	1378	1113	735	842	908
ENSG00000030066	NUP160	1888	2344	2463	1858	1571	1040	1128	1419
ENSG00000030110	BAK1	697	570	706	556	367	384	335	401
ENSG00000030304	MUSK	0	1	0	2	0	2	0	0
ENSG00000030419	IKZF2	50	49	31	33	60	81	35	158
ENSG00000030582	GRN	3486	3792	4939	3302	2809	2109	1935	3064
ENSG00000031003	FAM13B	611	707	665	485	451	321	343	350
ENSG00000031081	ARHGAP31	413	184	181	152	158	181	176	206
ENSG00000031691	CENPQ	279	354	339	326	250	171	207	273
ENSG00000031698	SARS1	2104	2495	3192	2038	1761	1058	1426	1525
ENSG00000031823	RANBP3	1323	1368	1675	1287	997	772	901	1142
ENSG00000032219	ARID4A	335	381	345	294	284	366	229	263
ENSG00000032389	EIPR1	918	1071	1250	951	748	549	622	789
ENSG00000032444	PNPLA6	2764	3158	3421	2549	2031	1558	2017	2007
ENSG00000032742	IFT88	173	232	241	196	175	200	131	239
ENSG00000033011	ALG1	726	615	868	824	454	422	615	594
ENSG00000033030	ZCCHC8	325	357	370	280	192	233	265	193
ENSG00000033050	ABCF2	1686	1568	1749	1492	1167	859	1063	1094
ENSG00000033100	CHPF2	1443	1426	1467	1280	1169	1120	1107	1309
ENSG00000033122	LRRC7	54	49	76	49	60	98	88	40
ENSG00000033170	FUT8	670	736	922	674	593	652	398	560
ENSG00000033178	UBA6	1128	1328	1338	955	957	926	1003	1061
ENSG00000033327	GAB2	189	220	211	113	277	127	172	190
ENSG00000033627	ATP6V0A1	387	462	504	326	332	137	218	168
ENSG00000033800	PIAS1	680	761	769	595	572	475	487	555
ENSG00000033867	SLC4A7	615	622	496	483	661	540	641	710
ENSG00000034053	APBA2	567	698	711	508	477	354	394	472
ENSG00000034152	MAP2K3	1020	1166	1600	1183	710	485	835	534
ENSG00000034239	CLXN	0	0	0	0	0	0	0	1
ENSG00000034510	TMSB10	24451	35870	37991	39373	25945	16060	29335	28087
ENSG00000034533	ASTE1	240	183	188	145	134	102	84	141
ENSG00000034677	RNF19A	458	484	471	397	515	316	311	450
ENSG00000034693	PEX3	349	419	457	414	242	199	194	333
ENSG00000034713	GABARAPL2	1366	1561	1593	1496	1162	1034	1086	1366
ENSG00000034971	MYOC	0	0	0	0	0	1	0	0
ENSG00000035115	SH3YL1	83	94	70	72	61	91	70	70
ENSG00000035141	FAM136A	1746	1876	2092	1720	1379	937	1163	1325
ENSG00000035403	VCL	3750	4249	4771	3564	3224	1609	3194	1565
ENSG00000035499	DEPDC1B	561	632	630	618	488	288	378	377
ENSG00000035664	DAPK2	7	14	15	15	7	8	9	13
ENSG00000035681	NSMAF	895	1102	1122	857	809	506	659	691
ENSG00000035687	ADSS2	2572	2564	2055	1818	1724	1576	1621	2100
ENSG00000035720	STAP1	0	1	1	4	3	0	3	1
ENSG00000035862	TIMP2	4438	4040	4189	3833	3269	2263	3515	2682
ENSG00000035928	RFC1	1476	1756	2256	1436	1384	851	1165	966
ENSG00000036054	TBC1D23	782	1089	1247	964	865	366	490	361
ENSG00000036257	CUL3	1175	1250	1376	1113	661	561	626	657
ENSG00000036448	MYOM2	14	0	2	5	0	0	0	0
ENSG00000036473	OTC	0	0	0	0	0	0	0	0
ENSG00000036530	CYP46A1	4	2	1	0	3	1	0	1
ENSG00000036549	ZZZ3	899	1196	1446	940	769	427	683	506
ENSG00000036565	SLC18A1	0	0	0	0	0	0	0	0
ENSG00000036672	USP2	72	66	70	38	35	56	12	56
ENSG00000036828	CASR	103	81	68	46	90	76	82	54
ENSG00000037042	TUBG2	417	472	540	478	378	376	385	352
ENSG00000037241	RPL26L1	1122	1253	1243	1155	798	647	885	820
ENSG00000037280	FLT4	8	5	22	61	3	2	24	1
ENSG00000037474	NSUN2	2232	2439	2708	1840	1361	984	1060	1396
ENSG00000037637	FBXO42	536	743	693	490	455	279	360	418
ENSG00000037749	MFAP3	775	890	864	623	568	430	432	429
ENSG00000037757	MRI1	2118	2314	2722	1963	1469	1294	1173	1545
ENSG00000037897	METTL1	398	425	453	452	254	271	354	415
ENSG00000037965	HOXC8	309	308	305	290	176	319	373	211
ENSG00000038002	AGA	461	422	380	308	386	405	226	568
ENSG00000038210	PI4K2B	734	696	815	677	572	501	452	550
ENSG00000038219	BOD1L1	3059	3850	3769	2950	2414	2211	2385	2015
ENSG00000038274	MAT2B	1521	1548	1457	1395	1180	1053	1134	1201
ENSG00000038295	TLL1	41	7	4	11	11	27	0	7
ENSG00000038358	EDC4	1617	1637	2265	1382	1174	572	946	725
ENSG00000038382	TRIO	978	1713	1382	1008	1275	646	1034	936
ENSG00000038427	VCAN	707	421	98	110	1536	5466	151	1977
ENSG00000038532	CLEC16A	532	589	682	444	352	352	381	284
ENSG00000038945	MSR1	145	212	192	144	212	72	254	151
ENSG00000039068	CDH1	0	0	0	2	0	0	0	0
ENSG00000039123	MTREX	1992	2505	2520	1921	1576	1310	1448	1427
ENSG00000039139	DNAH5	19	38	27	19	8	4	12	7
ENSG00000039319	ZFYVE16	278	279	295	199	232	90	97	134
ENSG00000039523	RIPOR1	1632	1839	2130	1468	1051	746	1103	986
ENSG00000039537	C6	1	0	4	1	0	0	0	0
ENSG00000039560	RAI14	1280	1402	1554	1171	894	458	1032	530
ENSG00000039600	SOX30	6	11	18	11	7	1	2	6
ENSG00000039650	PNKP	671	784	667	632	700	571	505	692
ENSG00000039987	BEST2	1	0	0	0	0	1	0	2
ENSG00000040199	PHLPP2	276	350	310	205	149	140	177	143
ENSG00000040275	SPDL1	1106	1065	1044	835	617	569	638	641
ENSG00000040341	STAU2	734	856	963	698	589	336	451	457
ENSG00000040487	SLC66A1	409	436	531	407	328	297	300	326
ENSG00000040531	CTNS	385	410	445	341	276	247	263	273
ENSG00000040608	RTN4R	55	70	50	60	46	72	29	56
ENSG00000040633	PHF23	2043	2248	2042	1706	1338	1448	1181	1742
ENSG00000040731	CDH10	18	24	14	7	0	5	1	8
ENSG00000040933	INPP4A	331	396	375	283	238	186	190	226
ENSG00000041353	RAB27B	1327	1253	1192	770	534	320	544	310
ENSG00000041357	PSMA4	3199	3406	3599	3348	2313	2097	2151	2724
ENSG00000041515	MYO16	31	44	35	28	22	17	17	21
ENSG00000041802	LSG1	941	890	1071	723	568	448	554	551
ENSG00000041880	PARP3	755	882	1013	791	528	376	576	594
ENSG00000041982	TNC	5636	5113	5199	3346	4025	6599	3516	8820
ENSG00000041988	THAP3	247	316	334	225	275	205	239	260
ENSG00000042062	RIPOR3	11	12	13	7	6	25	9	3
ENSG00000042088	TDP1	437	466	577	426	297	227	324	303
ENSG00000042286	AIFM2	637	743	784	692	484	304	362	474
ENSG00000042317	SPATA7	77	134	105	92	117	78	83	101
ENSG00000042429	MED17	100	146	128	144	125	46	13	85
ENSG00000042445	RETSAT	659	738	968	677	515	237	341	314
ENSG00000042493	CAPG	1199	1545	1450	1352	1034	718	1182	983
ENSG00000042753	AP2S1	5418	5290	5584	4659	3704	3325	2619	4487
ENSG00000042781	USH2A	7	5	10	7	15	7	1	8
ENSG00000042813	ZPBP	0	0	0	0	0	0	0	0
ENSG00000042832	TG	2	1	1	4	0	2	1	2
ENSG00000042980	ADAM28	0	3	1	1	5	0	1	1
ENSG00000043039	BARX2	42	64	40	16	59	201	0	66
ENSG00000043093	DCUN1D1	664	635	660	575	490	430	406	412
ENSG00000043143	JADE2	1759	1530	1958	1254	910	745	655	847
ENSG00000043355	ZIC2	345	400	370	266	244	222	233	273
ENSG00000043462	LCP2	37	12	11	9	42	68	12	86
ENSG00000043514	TRIT1	487	623	597	580	452	327	471	503
ENSG00000043591	ADRB1	13	3	29	17	26	4	6	10
ENSG00000044012	GUCA2B	0	0	0	0	0	0	0	0
ENSG00000044090	CUL7	1091	1642	1550	1087	1036	705	593	764
ENSG00000044115	CTNNA1	4618	5641	6013	4578	3925	3215	3071	4445
ENSG00000044446	PHKA2	318	398	401	273	275	154	240	194
ENSG00000044459	CNTLN	526	619	627	503	469	304	502	286
ENSG00000044524	EPHA3	359	346	187	91	394	739	71	533
ENSG00000044574	HSPA5	7182	7927	8496	6812	11191	6338	7760	7371
ENSG00000046604	DSG2	3375	3896	3644	2403	2524	1202	2251	1805
ENSG00000046647	GEMIN8	356	391	376	337	325	349	303	331
ENSG00000046651	OFD1	504	563	663	441	393	360	346	356
ENSG00000046653	GPM6B	19	20	20	29	28	22	14	17
ENSG00000046774	MAGEC2	2008	2518	2544	2476	2158	1956	1706	2293
ENSG00000046889	PREX2	2	1	2	2	2	1	0	0
ENSG00000047056	WDR37	337	424	476	275	255	233	202	209
ENSG00000047188	YTHDC2	445	500	597	404	367	319	363	308
ENSG00000047230	CTPS2	470	624	545	412	416	319	289	368
ENSG00000047249	ATP6V1H	688	764	801	685	539	340	352	465
ENSG00000047315	POLR2B	3074	3010	3622	2434	1956	1581	1319	1698
ENSG00000047346	FAM214A	230	269	240	194	169	169	127	170
ENSG00000047365	ARAP2	91	115	117	101	111	86	148	71
ENSG00000047410	TPR	3663	4009	3811	2476	2539	2147	2192	2227
ENSG00000047457	CP	7	7	2	10	7	0	9	1
ENSG00000047578	KATNIP	679	623	693	411	594	610	409	739
ENSG00000047579	DTNBP1	268	265	283	259	170	136	154	221
ENSG00000047597	XK	33	30	36	19	26	14	9	18
ENSG00000047617	ANO2	38	47	68	112	28	1	21	3
ENSG00000047621	C12orf4	342	314	346	311	239	208	239	252
ENSG00000047634	SCML1	373	379	437	343	216	219	203	276
ENSG00000047644	WWC3	498	613	491	489	442	320	490	319
ENSG00000047648	ARHGAP6	11	2	2	5	4	4	7	1
ENSG00000047662	FAM184B	2	2	2	1	6	6	1	2
ENSG00000047849	MAP4	4337	5225	5871	4422	3773	2130	3169	3513
ENSG00000047932	GOPC	850	921	861	938	679	576	550	515
ENSG00000047936	ROS1	295	248	205	175	61	14	303	28
ENSG00000048028	USP28	372	590	486	409	379	250	352	251
ENSG00000048052	HDAC9	195	433	512	280	385	119	536	115
ENSG00000048140	TSPAN17	820	807	940	908	697	498	521	579
ENSG00000048162	NOP16	1530	1600	1625	1544	1010	843	1013	1103
ENSG00000048342	CC2D2A	616	650	787	508	526	330	393	426
ENSG00000048392	RRM2B	1089	969	1058	741	721	531	636	634
ENSG00000048405	ZNF800	490	538	561	380	369	229	294	320
ENSG00000048462	TNFRSF17	0	0	3	1	0	1	0	2
ENSG00000048471	SNX29	427	409	522	281	270	205	219	244
ENSG00000048540	LMO3	41	46	55	22	7	13	1	13
ENSG00000048544	MRPS10	910	1011	1201	834	775	497	660	543
ENSG00000048545	GUCA1A	7	12	9	6	4	4	16	4
ENSG00000048649	RSF1	1655	2123	1898	1629	1752	1711	1448	1488
ENSG00000048707	VPS13D	310	294	342	209	245	163	231	192
ENSG00000048740	CELF2	82	64	84	81	62	70	105	74
ENSG00000048828	FAM120A	4106	5187	6002	3895	3180	2521	3116	3018
ENSG00000048991	R3HDM1	871	846	952	740	600	442	461	540
ENSG00000049089	COL9A2	337	201	121	124	343	872	130	732
ENSG00000049130	KITLG	132	131	136	81	213	6	71	52
ENSG00000049167	ERCC8	153	171	184	134	109	67	74	87
ENSG00000049192	ADAMTS6	259	612	584	563	382	42	711	95
ENSG00000049239	H6PD	1847	2148	2211	1587	1516	1548	1413	1760
ENSG00000049245	VAMP3	1786	1965	2261	1774	1575	1028	1265	1491
ENSG00000049246	PER3	83	97	107	74	84	47	53	55
ENSG00000049247	UTS2	15	30	4	3	3	61	0	15
ENSG00000049249	TNFRSF9	61	78	91	30	15	15	14	22
ENSG00000049283	EPN3	0	4	1	0	0	0	0	6
ENSG00000049323	LTBP1	1142	568	392	329	353	512	175	873
ENSG00000049449	RCN1	2545	3401	3477	2758	2017	1667	2228	2186
ENSG00000049540	ELN	23	5	3	2	22	191	4	24
ENSG00000049541	RFC2	1027	1276	1370	1236	948	563	801	770
ENSG00000049618	ARID1B	959	874	1064	738	713	644	609	577
ENSG00000049656	CLPTM1L	2963	2808	3110	2492	1860	1409	1483	2288
ENSG00000049759	NEDD4L	1666	3512	4187	2258	2277	439	3038	645
ENSG00000049768	FOXP3	3	0	2	4	2	2	0	0
ENSG00000049769	PPP1R3F	52	34	54	27	52	47	38	36
ENSG00000049860	HEXB	1432	1596	1595	1405	1343	997	1133	1322
ENSG00000049883	PTCD2	416	501	436	381	299	228	226	234
ENSG00000050030	NEXMIF	0	0	1	0	0	0	0	0
ENSG00000050130	JKAMP	622	557	612	605	432	472	411	515
ENSG00000050165	DKK3	449	473	573	336	321	244	249	332
ENSG00000050327	ARHGEF5	78	147	119	79	59	18	70	30
ENSG00000050344	NFE2L3	401	483	460	300	450	380	309	588
ENSG00000050393	MCUR1	775	761	875	653	522	419	423	635
ENSG00000050405	LIMA1	1729	2304	2734	1798	1160	826	1303	854
ENSG00000050426	LETMD1	635	957	892	603	535	352	480	477
ENSG00000050438	SLC4A8	166	160	174	136	141	106	96	104
ENSG00000050555	LAMC3	5	5	0	1	2	2	1	5
ENSG00000050628	PTGER3	1	2	2	0	0	0	0	0
ENSG00000050730	TNIP3	1	1	4	0	0	1	0	0
ENSG00000050748	MAPK9	1027	1081	1304	926	824	513	707	519
ENSG00000050767	COL23A1	0	0	0	0	0	0	5	0
ENSG00000050820	BCAR1	1645	1700	2036	1625	1022	586	1029	806
ENSG00000051009	FHIP1B	290	314	349	257	236	163	232	243
ENSG00000051108	HERPUD1	731	895	803	737	664	526	623	714
ENSG00000051128	HOMER3	2163	2591	2663	2100	1667	1726	1827	1728
ENSG00000051180	RAD51	239	278	294	295	183	139	271	180
ENSG00000051341	POLQ	226	251	265	191	169	126	185	164
ENSG00000051382	PIK3CB	530	549	515	453	450	153	359	314
ENSG00000051523	CYBA	2704	3141	3830	2576	2045	3135	1939	3718
ENSG00000051596	THOC3	630	792	842	751	507	355	515	453
ENSG00000051620	HEBP2	539	770	762	614	615	373	536	525
ENSG00000051825	MPHOSPH9	368	313	346	268	162	186	214	170
ENSG00000052126	PLEKHA5	1049	1207	1315	1035	718	639	769	546
ENSG00000052344	PRSS8	0	6	3	5	0	0	1	0
ENSG00000052723	SIKE1	856	1010	1093	814	616	411	507	511
ENSG00000052749	RRP12	3199	3222	4366	2175	2088	1226	1140	1853
ENSG00000052795	FNIP2	201	244	283	183	132	75	125	106
ENSG00000052802	MSMO1	976	1086	1136	1185	804	566	1382	643
ENSG00000052841	TTC17	1607	1947	1925	1456	1405	664	906	1029
ENSG00000052850	ALX4	3	3	0	2	1	2	0	0
ENSG00000053108	FSTL4	0	3	3	6	0	0	0	4
ENSG00000053254	FOXN3	435	628	612	457	470	216	341	197
ENSG00000053328	METTL24	0	0	1	1	0	0	1	0
ENSG00000053371	AKR7A2	935	1222	1220	1046	791	615	628	906
ENSG00000053372	MRTO4	2693	2800	3340	2999	2269	1563	2127	2013
ENSG00000053438	NNAT	20	9	18	9	18	15	12	8
ENSG00000053501	USE1	1660	1806	1918	1518	1588	1067	881	1657
ENSG00000053524	MCF2L2	11	15	20	13	14	7	18	14
ENSG00000053702	NRIP2	11	28	13	13	13	15	19	6
ENSG00000053747	LAMA3	29	102	74	32	19	12	22	10
ENSG00000053770	AP5M1	324	261	235	204	151	177	101	189
ENSG00000053900	ANAPC4	495	494	447	408	307	272	346	308
ENSG00000053918	KCNQ1	1	1	4	3	0	0	0	1
ENSG00000054116	TRAPPC3	1252	1292	1388	1213	746	712	778	985
ENSG00000054118	THRAP3	3681	4103	4983	3386	2741	2344	2523	2753
ENSG00000054148	PHPT1	1069	1694	2143	1387	1508	968	1098	1454
ENSG00000054179	ENTPD2	1	3	4	1	1	1	0	0
ENSG00000054219	LY75	1	3	5	7	5	9	4	0
ENSG00000054267	ARID4B	1340	1342	1158	1041	1117	1543	1154	1192
ENSG00000054277	OPN3	28	60	33	35	40	35	33	39
ENSG00000054282	SDCCAG8	628	906	747	561	610	579	688	648
ENSG00000054356	PTPRN	290	344	274	218	66	15	87	36
ENSG00000054392	HHAT	279	363	333	340	222	150	353	83
ENSG00000054523	KIF1B	1299	1279	1329	980	842	744	784	732
ENSG00000054598	FOXC1	435	545	498	415	398	417	316	547
ENSG00000054611	TBC1D22A	492	665	575	455	386	275	414	289
ENSG00000054654	SYNE2	9	50	6	11	83	48	41	37
ENSG00000054690	PLEKHH1	101	78	85	41	72	50	34	79
ENSG00000054793	ATP9A	242	256	251	168	360	267	223	337
ENSG00000054803	CBLN4	0	2	0	0	0	0	0	0
ENSG00000054938	CHRDL2	0	0	0	0	0	0	0	1
ENSG00000054965	FAM168A	1572	1687	1633	1265	1391	1102	849	1403
ENSG00000054967	RELT	446	527	644	500	449	334	405	458
ENSG00000054983	GALC	344	369	372	333	280	252	287	263
ENSG00000055044	NOP58	3244	3801	4067	3272	2687	2559	2693	2598
ENSG00000055070	SZRD1	5003	5658	6727	5010	3864	2541	3279	3450
ENSG00000055118	KCNH2	0	0	0	0	0	1	0	0
ENSG00000055130	CUL1	1527	1738	1773	1521	1189	771	1052	1218
ENSG00000055147	FAM114A2	535	573	513	478	314	285	329	260
ENSG00000055163	CYFIP2	395	390	565	261	334	134	176	177
ENSG00000055208	TAB2	1372	1793	1789	1334	1284	898	1025	1084
ENSG00000055211	GINM1	522	619	742	541	531	446	384	512
ENSG00000055332	EIF2AK2	2095	2244	2264	1670	1538	1345	1329	1153
ENSG00000055483	USP36	862	974	1568	1005	730	714	1209	479
ENSG00000055609	KMT2C	749	1093	1116	741	703	421	468	539
ENSG00000055732	MCOLN3	50	86	95	85	41	35	66	49
ENSG00000055813	CCDC85A	12	6	9	17	13	5	3	6
ENSG00000055917	PUM2	2446	2823	2626	2263	1904	1523	1807	1732
ENSG00000055950	MRPL43	1305	1241	1525	1135	1060	824	697	1200
ENSG00000055955	ITIH4	14	0	3	11	0	9	0	0
ENSG00000056050	HPF1	387	443	461	410	334	196	331	258
ENSG00000056097	ZFR	2332	2848	3253	2144	2003	1315	1352	1863
ENSG00000056277	ZNF280C	124	128	147	95	100	104	75	98
ENSG00000056291	NPFFR2	2	8	17	5	6	3	6	3
ENSG00000056487	PHF21B	7	13	22	14	12	0	1	3
ENSG00000056558	TRAF1	82	107	139	84	159	102	115	104
ENSG00000056586	RC3H2	1007	1185	1288	803	927	621	702	719
ENSG00000056736	IL17RB	17	28	14	15	7	12	17	13
ENSG00000056972	TRAF3IP2	243	302	358	215	203	143	149	196
ENSG00000057019	DCBLD2	22086	25191	25201	18283	15849	14860	14081	17556
ENSG00000057149	SERPINB3	92	126	89	65	15	5	7	7
ENSG00000057252	SOAT1	1192	1260	1136	852	991	747	1030	908
ENSG00000057294	PKP2	197	573	551	353	206	12	158	40
ENSG00000057468	MSH4	1	2	0	1	0	0	0	0
ENSG00000057608	GDI2	5077	5638	5970	5128	3800	2619	3109	3496
ENSG00000057657	PRDM1	94	140	144	158	198	101	283	87
ENSG00000057663	ATG5	340	269	356	362	458	182	460	139
ENSG00000057704	TMCC3	227	330	398	275	161	117	236	126
ENSG00000057757	PITHD1	812	916	1089	823	647	599	629	567
ENSG00000057935	MTA3	688	822	706	698	580	398	472	503
ENSG00000058056	USP13	461	360	530	397	274	177	318	320
ENSG00000058063	ATP11B	749	1063	961	765	894	599	707	851
ENSG00000058085	LAMC2	52	65	71	61	46	20	164	26
ENSG00000058091	CDK14	557	698	750	455	443	387	415	618
ENSG00000058262	SEC61A1	5852	5827	6716	5325	4108	3192	3117	4146
ENSG00000058272	PPP1R12A	2124	2493	2474	2235	1528	1557	1917	1443
ENSG00000058335	RASGRF1	78	139	152	129	31	8	110	18
ENSG00000058404	CAMK2B	5	4	1	1	22	44	11	48
ENSG00000058453	CROCC	362	492	444	362	420	463	460	359
ENSG00000058600	POLR3E	1115	1245	1309	932	679	624	680	644
ENSG00000058668	ATP2B4	620	830	953	438	685	317	462	286
ENSG00000058673	ZC3H11A	897	1295	973	763	657	309	726	618
ENSG00000058729	RIOK2	541	620	643	551	400	329	338	382
ENSG00000058799	YIPF1	181	174	215	200	171	83	104	125
ENSG00000058804	NDC1	1282	1528	1684	1317	942	644	839	808
ENSG00000058866	DGKG	127	133	159	95	87	52	52	87
ENSG00000059122	FLYWCH1	557	692	768	558	400	253	422	348
ENSG00000059145	UNKL	343	380	400	357	290	206	295	219
ENSG00000059377	TBXAS1	29	19	12	9	59	69	6	120
ENSG00000059378	PARP12	538	578	534	496	193	244	280	280
ENSG00000059573	ALDH18A1	2290	2519	2763	1733	1788	1284	963	1980
ENSG00000059588	TARBP1	669	553	528	357	411	260	258	365
ENSG00000059691	GATB	381	512	636	504	265	190	266	304
ENSG00000059728	MXD1	304	441	491	272	507	236	359	295
ENSG00000059758	CDK17	787	867	947	756	530	497	703	549
ENSG00000059769	DNAJC25	137	205	174	118	159	106	108	98
ENSG00000059804	SLC2A3	1186	5003	3806	2363	3720	1205	1882	2458
ENSG00000059915	PSD	19	22	19	12	15	53	4	16
ENSG00000060069	CTDP1	895	1030	1250	741	555	291	527	353
ENSG00000060138	YBX3	5199	6494	7119	5648	4273	3048	3855	4113
ENSG00000060140	STYK1	10	4	5	5	3	5	4	7
ENSG00000060237	WNK1	3589	3924	3785	2734	1919	1863	1955	2155
ENSG00000060339	CCAR1	2225	2129	2347	2136	1540	1899	1709	1591
ENSG00000060491	OGFR	3009	3413	3443	2805	2380	2561	2766	2545
ENSG00000060558	GNA15	0	3	2	5	2	3	5	5
ENSG00000060566	CREB3L3	0	0	1	0	0	1	0	0
ENSG00000060642	PIGV	288	431	405	340	257	198	180	244
ENSG00000060656	PTPRU	284	212	86	111	285	300	142	592
ENSG00000060688	SNRNP40	1202	1368	1595	1319	944	567	881	958
ENSG00000060709	RIMBP2	0	0	0	0	0	0	0	0
ENSG00000060718	COL11A1	9	4	0	0	0	5	0	1
ENSG00000060749	QSER1	1416	1551	1517	1183	1075	701	981	972
ENSG00000060762	MPC1	414	415	403	353	309	249	225	289
ENSG00000060971	ACAA1	442	531	619	509	401	272	214	423
ENSG00000060982	BCAT1	2694	3473	3374	2555	1820	1462	2156	1738
ENSG00000061273	HDAC7	1291	1437	1650	1162	635	513	741	461
ENSG00000061337	LZTS1	171	135	96	84	62	93	25	137
ENSG00000061455	PRDM6	9	1	2	5	2	2	4	3
ENSG00000061492	WNT8A	0	0	0	0	0	0	0	0
ENSG00000061656	SPAG4	141	339	272	249	188	125	188	189
ENSG00000061676	NCKAP1	2213	2502	2512	2198	1734	1224	1478	1478
ENSG00000061794	MRPS35	1751	2058	2115	1992	1247	1063	1344	1285
ENSG00000061918	GUCY1B1	5	2	1	1	0	2	0	0
ENSG00000061936	SFSWAP	1560	1539	1738	1332	890	1014	1033	991
ENSG00000061938	TNK2	790	928	954	853	564	604	655	540
ENSG00000061987	MON2	547	657	629	477	394	393	330	324
ENSG00000062038	CDH3	20	15	13	6	16	30	15	20
ENSG00000062194	GPBP1	1144	1389	1370	1212	1071	934	984	913
ENSG00000062282	DGAT2	223	226	249	166	120	132	142	201
ENSG00000062370	ZNF112	110	125	121	73	81	64	49	71
ENSG00000062485	CS	4628	4827	5645	4149	2618	2337	2251	2776
ENSG00000062524	LTK	4	6	8	10	5	4	9	3
ENSG00000062582	MRPS24	2424	2828	2877	2679	1948	1178	1932	1767
ENSG00000062598	ELMO2	652	561	547	484	419	437	390	398
ENSG00000062650	WAPL	1544	1594	1799	1336	1183	756	708	961
ENSG00000062716	VMP1	3288	3712	2985	3331	3537	3827	2393	3619
ENSG00000062725	APPBP2	654	757	749	660	501	458	358	440
ENSG00000062822	POLD1	1769	1994	2483	1731	1331	882	957	1256
ENSG00000063015	SEZ6	0	2	2	0	0	1	0	0
ENSG00000063046	EIF4B	15979	22297	21006	16635	13216	9058	13734	11763
ENSG00000063127	SLC6A16	15	5	6	5	7	16	5	2
ENSG00000063169	BICRA	224	219	262	184	168	148	84	142
ENSG00000063176	SPHK2	872	874	909	659	526	574	425	632
ENSG00000063177	RPL18	18512	26084	26330	21172	22683	14627	12869	22949
ENSG00000063180	CA11	194	265	240	136	164	168	67	162
ENSG00000063241	ISOC2	637	556	705	488	458	341	263	600
ENSG00000063244	U2AF2	6779	7129	7485	5545	4050	3818	3240	5349
ENSG00000063245	EPN1	4508	5042	6135	4019	3534	2782	2244	3942
ENSG00000063322	MED29	1495	1487	1795	1064	1109	817	541	926
ENSG00000063438	AHRR	106	92	56	31	169	114	54	362
ENSG00000063515	GSC2	2	0	0	0	0	0	0	0
ENSG00000063587	ZNF275	383	343	408	290	311	189	219	260
ENSG00000063601	MTMR1	1118	1352	1596	1012	660	394	657	574
ENSG00000063660	GPC1	460	498	597	401	586	369	370	436
ENSG00000063761	ADCK1	78	102	115	90	60	39	37	57
ENSG00000063854	HAGH	586	534	596	556	495	525	521	598
ENSG00000063978	RNF4	891	863	1095	763	598	436	533	609
ENSG00000064012	CASP8	558	509	561	352	253	254	288	459
ENSG00000064042	LIMCH1	613	1976	2157	1300	1012	797	739	622
ENSG00000064102	INTS13	1232	1512	1465	1192	867	743	800	961
ENSG00000064115	TM7SF3	2057	2070	2095	1629	1074	1040	1202	1174
ENSG00000064195	DLX3	33	3	1	0	7	20	0	11
ENSG00000064199	SPA17	325	398	355	281	230	197	183	251
ENSG00000064201	TSPAN32	15	4	12	4	13	32	0	20
ENSG00000064205	CCN5	0	0	0	0	1	0	0	0
ENSG00000064218	DMRT3	0	0	0	0	0	0	0	0
ENSG00000064225	ST3GAL6	25	33	19	21	20	60	39	59
ENSG00000064270	ATP2C2	0	0	0	5	0	0	4	2
ENSG00000064300	NGFR	307	463	421	351	502	293	782	367
ENSG00000064309	CDON	118	197	204	231	190	70	85	148
ENSG00000064313	TAF2	511	548	690	244	413	176	161	230
ENSG00000064393	HIPK2	1155	1475	1269	1031	821	1158	804	1124
ENSG00000064419	TNPO3	1739	1859	1972	1469	1307	985	1123	1073
ENSG00000064489	BORCS8-MEF2B	8	29	19	10	5	4	0	20
ENSG00000064490	RFXANK	1160	1181	1483	1076	753	719	487	980
ENSG00000064545	TMEM161A	475	523	606	461	432	322	292	413
ENSG00000064547	LPAR2	264	153	144	109	99	187	111	98
ENSG00000064601	CTSA	2345	2856	2706	2696	1924	1792	1831	2130
ENSG00000064607	SUGP2	1235	1368	1563	979	1188	1019	1044	897
ENSG00000064651	SLC12A2	854	853	870	768	507	420	431	583
ENSG00000064652	SNX24	424	484	564	485	369	265	416	269
ENSG00000064655	EYA2	1	0	0	0	0	0	0	1
ENSG00000064666	CNN2	2617	3543	3807	3333	2004	597	2183	765
ENSG00000064687	ABCA7	93	70	140	62	46	53	62	30
ENSG00000064692	SNCAIP	0	0	0	2	0	0	0	0
ENSG00000064703	DDX20	336	332	437	290	204	138	80	98
ENSG00000064726	BTBD1	2601	2834	3334	2537	1777	1417	1539	1946
ENSG00000064763	FAR2	333	488	406	296	229	158	381	169
ENSG00000064787	BCAS1	8	11	3	0	6	5	4	6
ENSG00000064835	POU1F1	0	1	0	0	2	0	0	0
ENSG00000064886	CHI3L2	137	83	89	61	27	26	35	37
ENSG00000064932	SBNO2	1664	2167	2423	1517	1437	1186	1340	1448
ENSG00000064933	PMS1	352	374	333	292	236	215	264	252
ENSG00000064961	HMG20B	1405	1945	1858	1685	1313	1102	1262	1613
ENSG00000064989	CALCRL	6	9	3	9	2	3	7	2
ENSG00000064995	TAF11	363	381	379	315	303	271	242	322
ENSG00000064999	ANKS1A	462	590	621	397	339	231	267	281
ENSG00000065000	AP3D1	2694	2865	3454	2436	1996	1797	1759	1834
ENSG00000065029	ZNF76	413	486	571	441	262	258	243	336
ENSG00000065054	SLC9A3R2	2921	2718	3343	2495	2171	3082	2711	3832
ENSG00000065057	NTHL1	526	620	665	539	462	258	433	495
ENSG00000065060	UHRF1BP1	305	289	414	275	202	89	161	160
ENSG00000065135	GNAI3	2969	3825	3982	3279	2565	1611	1918	2231
ENSG00000065150	IPO5	5716	7279	8306	4854	3119	1570	2907	2431
ENSG00000065154	OAT	2325	2254	2314	1786	1570	1269	912	1646
ENSG00000065183	WDR3	2716	3348	3521	2300	1818	1277	1399	1672
ENSG00000065243	PKN2	746	1038	1032	780	650	522	586	593
ENSG00000065268	WDR18	1481	1678	1878	1800	1123	812	1115	1243
ENSG00000065308	TRAM2	1394	1588	1676	1381	1358	952	1151	1038
ENSG00000065320	NTN1	17	2	9	19	9	3	7	8
ENSG00000065325	GLP2R	28	44	71	23	16	3	6	5
ENSG00000065328	MCM10	504	473	575	429	388	212	285	308
ENSG00000065357	DGKA	432	535	436	418	225	243	311	202
ENSG00000065361	ERBB3	476	336	160	151	467	675	64	587
ENSG00000065371	ROPN1	16	20	12	4	18	15	5	33
ENSG00000065413	ANKRD44	146	112	90	109	99	149	75	111
ENSG00000065427	KARS1	5392	6390	7402	5687	4071	2709	3933	4219
ENSG00000065457	ADAT1	1598	1408	1339	1080	1100	1081	1310	888
ENSG00000065485	PDIA5	376	451	476	481	230	137	231	237
ENSG00000065491	TBC1D22B	155	190	222	179	120	74	138	84
ENSG00000065518	NDUFB4	1333	1741	1614	1569	1208	953	1284	1371
ENSG00000065526	SPEN	1074	1331	1230	692	923	614	739	763
ENSG00000065534	MYLK	1515	1933	2436	1592	1249	1081	1201	1041
ENSG00000065548	ZC3H15	1955	2011	2138	1928	1495	1377	1522	1439
ENSG00000065559	MAP2K4	538	528	549	462	387	290	337	335
ENSG00000065600	PACC1	368	373	351	289	286	272	290	354
ENSG00000065609	SNAP91	1	1	2	1	1	0	0	1
ENSG00000065613	SLK	2599	2293	2450	1762	2122	1866	1207	2227
ENSG00000065615	CYB5R4	354	425	447	401	341	173	328	221
ENSG00000065618	COL17A1	124	130	222	125	62	53	54	47
ENSG00000065621	GSTO2	24	28	24	15	22	13	18	16
ENSG00000065665	SEC61A2	77	94	103	62	79	60	49	37
ENSG00000065675	PRKCQ	61	58	46	63	45	25	26	36
ENSG00000065717	TLE2	27	29	18	22	41	24	11	34
ENSG00000065802	ASB1	877	904	880	686	564	390	800	539
ENSG00000065809	FAM107B	216	244	265	198	297	163	208	187
ENSG00000065833	ME1	373	429	384	377	322	167	309	292
ENSG00000065882	TBC1D1	1160	1437	1832	1390	1047	357	793	556
ENSG00000065883	CDK13	950	1028	1134	737	779	500	602	570
ENSG00000065911	MTHFD2	2031	1830	2100	1726	1465	910	1433	1294
ENSG00000065923	SLC9A7	432	707	714	502	309	326	358	381
ENSG00000065970	FOXJ2	487	497	537	455	386	334	357	308
ENSG00000065978	YBX1	38329	43870	51802	44072	32895	22523	27408	32199
ENSG00000065989	PDE4A	762	704	678	547	635	511	319	720
ENSG00000066027	PPP2R5A	545	600	546	544	465	361	405	434
ENSG00000066032	CTNNA2	0	6	6	4	1	0	4	2
ENSG00000066044	ELAVL1	2546	2827	2844	2540	1976	1627	1873	2083
ENSG00000066056	TIE1	820	2008	2491	1900	564	189	1323	352
ENSG00000066084	DIP2B	1169	1169	1301	957	691	660	731	754
ENSG00000066117	SMARCD1	2473	2430	2846	2285	1141	1251	1384	1514
ENSG00000066135	KDM4A	830	903	1103	639	617	503	532	514
ENSG00000066136	NFYC	910	1221	1244	932	751	648	651	886
ENSG00000066185	ZMYND12	0	2	6	0	0	5	0	6
ENSG00000066230	SLC9A3	4	4	2	3	3	4	4	4
ENSG00000066248	NGEF	42	72	62	42	93	97	45	216
ENSG00000066279	ASPM	1424	1217	1188	845	1126	717	743	906
ENSG00000066294	CD84	3	2	3	1	4	8	6	2
ENSG00000066322	ELOVL1	2265	2352	2784	2340	1590	1369	1440	2030
ENSG00000066336	SPI1	143	133	130	132	111	91	188	101
ENSG00000066379	POLR1H	298	330	356	367	320	296	299	339
ENSG00000066382	MPPED2	0	0	1	1	0	0	0	0
ENSG00000066405	CLDN18	0	6	0	0	0	4	6	3
ENSG00000066422	ZBTB11	388	272	411	300	174	222	155	104
ENSG00000066427	ATXN3	229	240	253	225	123	155	164	164
ENSG00000066455	GOLGA5	688	660	740	612	501	399	375	504
ENSG00000066468	FGFR2	7	0	3	0	2	2	0	2
ENSG00000066557	LRRC40	469	591	654	499	363	293	310	312
ENSG00000066583	ISOC1	343	382	369	340	226	224	325	247
ENSG00000066629	EML1	486	302	437	329	258	164	222	243
ENSG00000066651	TRMT11	211	351	308	242	251	232	265	214
ENSG00000066654	THUMPD1	846	878	981	876	619	541	607	536
ENSG00000066697	MSANTD3	745	1297	1346	978	1069	506	1241	780
ENSG00000066735	KIF26A	0	1	1	1	0	0	0	0
ENSG00000066739	ATG2B	455	485	486	352	279	279	286	271
ENSG00000066777	ARFGEF1	979	1118	1238	1029	750	365	523	529
ENSG00000066827	ZFAT	145	216	196	120	130	76	54	103
ENSG00000066855	MTFR1	647	591	655	569	430	274	383	380
ENSG00000066923	STAG3	0	3	9	0	0	3	5	0
ENSG00000066926	FECH	313	322	478	292	142	96	167	107
ENSG00000066933	MYO9A	496	656	589	551	545	429	492	482
ENSG00000067048	DDX3Y	5	4	13	14	8	6	9	3
ENSG00000067057	PFKP	4675	9103	9112	6647	4580	2017	4244	4102
ENSG00000067064	IDI1	1113	1090	1207	1117	723	532	996	631
ENSG00000067066	SP100	1026	1304	1263	1040	883	738	832	789
ENSG00000067082	KLF6	1946	2815	2749	2663	4400	1932	4182	1971
ENSG00000067113	PLPP1	349	361	403	339	263	216	225	275
ENSG00000067141	NEO1	420	406	546	383	441	301	183	382
ENSG00000067167	TRAM1	3083	3109	3219	3125	2380	1758	1678	2321
ENSG00000067177	PHKA1	420	482	523	437	354	216	295	349
ENSG00000067182	TNFRSF1A	1812	2241	2287	1898	1333	1520	1042	1923
ENSG00000067191	CACNB1	200	210	255	196	202	191	248	205
ENSG00000067208	EVI5	274	281	314	268	209	151	214	181
ENSG00000067221	STOML1	340	357	396	331	221	214	185	229
ENSG00000067225	PKM	64004	85270	100275	82120	53645	30868	45152	52716
ENSG00000067248	DHX29	1009	875	1063	696	622	546	558	581
ENSG00000067334	DNTTIP2	918	965	1072	718	738	552	585	672
ENSG00000067365	METTL22	82	95	58	98	92	70	83	47
ENSG00000067369	TP53BP1	908	922	973	609	534	506	532	481
ENSG00000067445	TRO	11	14	23	15	0	8	4	17
ENSG00000067533	RRP15	1306	1374	1259	963	926	785	1057	996
ENSG00000067560	RHOA	10267	12432	13084	12361	9749	5009	8544	7737
ENSG00000067596	DHX8	1585	1637	2066	1299	1105	827	843	1064
ENSG00000067606	PRKCZ	132	270	254	199	143	97	131	110
ENSG00000067646	ZFY	0	0	2	0	0	0	0	0
ENSG00000067704	IARS2	3966	4757	4163	3268	3187	2148	2671	2842
ENSG00000067715	SYT1	172	164	270	171	115	187	221	125
ENSG00000067798	NAV3	293	298	321	206	176	161	454	131
ENSG00000067829	IDH3G	1504	2016	2299	1720	1271	808	1048	1354
ENSG00000067836	ROGDI	252	229	284	204	216	305	174	238
ENSG00000067840	PDZD4	50	49	36	26	63	61	23	77
ENSG00000067842	ATP2B3	0	3	2	1	0	0	1	1
ENSG00000067900	ROCK1	787	1000	1144	693	593	303	551	259
ENSG00000067955	CBFB	2448	2358	2424	2069	1761	1354	1810	1353
ENSG00000067992	PDK3	422	544	449	355	450	194	227	294
ENSG00000068001	HYAL2	1039	919	927	871	669	583	614	742
ENSG00000068024	HDAC4	270	181	151	50	128	63	82	114
ENSG00000068028	RASSF1	441	662	681	588	495	224	434	399
ENSG00000068078	FGFR3	34	22	19	8	34	44	14	67
ENSG00000068079	IFI35	397	403	474	340	328	318	259	336
ENSG00000068097	HEATR6	470	558	480	378	411	331	380	398
ENSG00000068120	COASY	2563	2807	3210	2328	1651	1404	1625	1843
ENSG00000068137	PLEKHH3	499	520	589	476	240	235	232	261
ENSG00000068305	MEF2A	978	1099	1147	1049	747	567	707	723
ENSG00000068308	OTUD5	1966	2267	2495	1867	1437	1263	1247	1661
ENSG00000068323	TFE3	1498	1570	2150	1614	981	756	1037	925
ENSG00000068354	TBC1D25	545	552	584	514	341	264	389	345
ENSG00000068366	ACSL4	1054	1299	1281	993	934	617	859	677
ENSG00000068383	INPP5A	552	458	530	464	427	392	313	423
ENSG00000068394	GPKOW	592	596	801	629	497	281	395	485
ENSG00000068400	GRIPAP1	687	860	1060	720	638	432	647	584
ENSG00000068438	FTSJ1	1327	1497	1568	1298	1007	449	854	725
ENSG00000068489	PRR11	2528	3098	3409	3129	2721	1782	2749	1857
ENSG00000068615	REEP1	145	64	34	61	97	186	15	173
ENSG00000068650	ATP11A	452	580	616	389	372	238	264	248
ENSG00000068654	POLR1A	1356	1324	1554	1063	899	671	730	723
ENSG00000068697	LAPTM4A	3336	3431	3611	3489	3151	2397	1999	2549
ENSG00000068724	TTC7A	298	328	496	323	314	89	275	115
ENSG00000068745	IP6K2	1031	1023	1136	953	880	894	833	865
ENSG00000068781	STON1-GTF2A1L	0	1	0	1	0	0	0	0
ENSG00000068784	SRBD1	493	579	713	484	396	251	336	327
ENSG00000068796	KIF2A	1814	2060	2182	1807	1203	914	1166	1033
ENSG00000068831	RASGRP2	1	10	4	3	2	3	0	2
ENSG00000068878	PSME4	1286	1054	1416	872	920	562	561	683
ENSG00000068885	IFT80	546	628	577	517	488	492	386	520
ENSG00000068903	SIRT2	466	471	546	367	400	246	174	400
ENSG00000068912	ERLEC1	1468	1488	1498	1232	1202	1077	861	1260
ENSG00000068971	PPP2R5B	264	363	391	349	232	231	246	249
ENSG00000068976	PYGM	1	0	5	3	1	14	0	0
ENSG00000068985	PAGE1	6	1	3	3	2	3	5	3
ENSG00000069011	PITX1	25	9	16	4	21	71	1	81
ENSG00000069020	MAST4	307	348	262	314	245	348	558	358
ENSG00000069122	ADGRF5	4	1	1	2	0	8	1	0
ENSG00000069188	SDK2	7	11	6	16	4	8	22	12
ENSG00000069248	NUP133	1258	1370	1399	981	962	665	781	788
ENSG00000069275	NUCKS1	13018	13713	13306	11651	8793	8651	9084	7654
ENSG00000069329	VPS35	379	442	783	479	368	218	314	199
ENSG00000069345	DNAJA2	1609	1721	1864	1503	1218	999	1149	1001
ENSG00000069399	BCL3	179	341	373	239	234	232	161	264
ENSG00000069424	KCNAB2	321	286	371	219	251	195	177	239
ENSG00000069431	ABCC9	229	226	191	159	88	96	111	56
ENSG00000069482	GAL	13	15	46	28	28	15	20	28
ENSG00000069493	CLEC2D	103	121	73	86	65	84	96	79
ENSG00000069509	FUNDC1	419	390	409	416	324	314	258	340
ENSG00000069535	MAOB	47	17	5	1	52	206	0	59
ENSG00000069667	RORA	23	133	71	89	150	65	105	70
ENSG00000069696	DRD4	23	24	22	22	15	36	43	24
ENSG00000069702	TGFBR3	321	242	215	138	105	229	57	240
ENSG00000069764	PLA2G10	1	0	0	2	0	0	0	0
ENSG00000069812	HES2	10	66	44	45	46	26	47	43
ENSG00000069849	ATP1B3	2365	2334	2324	2270	1985	1794	1964	2221
ENSG00000069869	NEDD4	708	938	984	730	784	425	760	486
ENSG00000069943	PIGB	235	265	259	239	187	108	119	151
ENSG00000069956	MAPK6	1725	1867	1947	1638	1162	974	1225	1169
ENSG00000069966	GNB5	804	1021	1135	979	759	398	731	578
ENSG00000069974	RAB27A	466	445	445	422	324	313	256	202
ENSG00000069998	HDHD5	949	1317	1500	1169	832	438	677	745
ENSG00000070010	UFD1	1098	1129	1319	1194	877	612	744	868
ENSG00000070018	LRP6	810	789	711	560	647	600	523	505
ENSG00000070019	GUCY2C	0	0	0	0	0	0	0	0
ENSG00000070031	SCT	1	2	3	4	0	1	1	4
ENSG00000070047	PHRF1	1094	1256	1381	866	891	751	807	897
ENSG00000070061	ELP1	747	861	997	608	572	392	383	450
ENSG00000070081	NUCB2	335	486	484	424	437	406	377	412
ENSG00000070087	PFN2	4664	5134	6095	5456	3341	2831	3064	3619
ENSG00000070159	PTPN3	326	275	264	221	308	320	297	322
ENSG00000070182	SPTB	121	108	96	100	70	130	132	140
ENSG00000070190	DAPP1	9	2	1	3	11	7	8	5
ENSG00000070193	FGF10	2	0	0	0	1	0	0	0
ENSG00000070214	SLC44A1	1048	1047	1031	813	1211	1186	762	1249
ENSG00000070269	TMEM260	67	102	69	74	79	13	88	99
ENSG00000070366	SMG6	445	515	772	453	393	249	228	265
ENSG00000070367	EXOC5	634	737	798	637	448	405	410	425
ENSG00000070371	CLTCL1	378	379	412	328	224	145	272	192
ENSG00000070388	FGF22	2	6	2	10	7	9	5	3
ENSG00000070404	FSTL3	2072	3155	2423	2324	2054	393	1891	625
ENSG00000070413	DGCR2	677	758	708	590	579	445	399	468
ENSG00000070423	RNF126	1958	2137	2857	2131	1551	939	1365	1585
ENSG00000070444	MNT	517	719	806	506	562	385	550	465
ENSG00000070476	ZXDC	599	629	790	434	404	179	272	362
ENSG00000070495	JMJD6	599	763	758	593	586	379	631	586
ENSG00000070501	POLB	276	323	308	254	271	133	176	210
ENSG00000070526	ST6GALNAC1	0	0	0	2	0	0	0	0
ENSG00000070540	WIPI1	388	413	403	394	332	240	403	268
ENSG00000070601	FRMPD1	24	36	25	46	31	52	48	19
ENSG00000070610	GBA2	1208	1064	1089	829	658	690	664	694
ENSG00000070614	NDST1	1899	1843	2167	1529	1138	704	923	743
ENSG00000070669	ASNS	431	487	515	303	247	240	397	198
ENSG00000070718	AP3M2	299	342	403	301	265	164	170	236
ENSG00000070729	CNGB1	1	0	0	0	0	0	0	0
ENSG00000070731	ST6GALNAC2	13	21	25	17	21	16	10	12
ENSG00000070748	CHAT	0	0	2	1	0	0	0	0
ENSG00000070756	PABPC1	39003	48354	54332	38713	34831	17158	21394	23207
ENSG00000070759	TESK2	67	120	143	118	139	66	63	89
ENSG00000070761	CFAP20	769	806	883	772	661	523	596	788
ENSG00000070770	CSNK2A2	546	709	659	607	500	333	427	386
ENSG00000070778	PTPN21	263	281	239	214	140	134	237	153
ENSG00000070785	EIF2B3	680	702	774	601	488	353	359	520
ENSG00000070808	CAMK2A	10	6	16	10	6	21	2	8
ENSG00000070814	TCOF1	5069	5688	6549	4520	3736	3618	4159	3388
ENSG00000070831	CDC42	3591	4080	4701	3866	3268	2328	2593	2784
ENSG00000070882	OSBPL3	947	1151	1312	923	767	399	831	493
ENSG00000070886	EPHA8	0	0	0	0	0	0	0	0
ENSG00000070915	SLC12A3	0	0	0	0	0	0	0	0
ENSG00000070950	RAD18	865	897	1127	862	699	404	697	529
ENSG00000070961	ATP2B1	2015	2036	1882	1756	1542	1660	1894	1618
ENSG00000070985	TRPM5	0	0	0	0	0	0	0	0
ENSG00000071051	NCK2	493	465	395	331	324	316	363	272
ENSG00000071054	MAP4K4	4727	4696	5414	4300	3946	3300	4817	2990
ENSG00000071073	MGAT4A	14	35	24	20	35	39	40	24
ENSG00000071082	RPL31	11235	16906	14841	13734	14469	10244	11020	14619
ENSG00000071127	WDR1	5566	6224	7789	6202	4513	2999	3729	4168
ENSG00000071189	SNX13	639	717	660	485	434	454	390	468
ENSG00000071203	MS4A12	0	0	0	0	0	0	0	0
ENSG00000071205	ARHGAP10	308	361	362	292	269	173	230	213
ENSG00000071242	RPS6KA2	43	22	19	19	28	5	28	8
ENSG00000071243	ING3	284	355	370	303	314	267	274	262
ENSG00000071246	VASH1	651	518	469	441	410	491	256	495
ENSG00000071282	LMCD1	204	218	241	200	220	142	187	183
ENSG00000071462	BUD23	1865	2004	2304	2031	1534	1570	1353	1937
ENSG00000071537	SEL1L	884	982	910	764	830	526	561	601
ENSG00000071539	TRIP13	1697	1784	2063	1612	1171	716	983	1153
ENSG00000071553	ATP6AP1	1573	1734	1633	1257	1364	1214	1061	1522
ENSG00000071564	TCF3	938	1244	1241	1058	854	702	933	842
ENSG00000071575	TRIB2	1869	1750	1332	1419	1193	1687	718	1616
ENSG00000071626	DAZAP1	3863	4425	4964	4090	2954	2177	3222	2984
ENSG00000071655	MBD3	1617	1717	1879	1360	990	745	867	1003
ENSG00000071794	HLTF	1127	1236	1314	981	880	705	643	796
ENSG00000071859	FAM50A	1315	1630	1701	1483	1287	977	1187	1314
ENSG00000071889	FAM3A	909	823	827	689	656	599	464	615
ENSG00000071894	CPSF1	1927	2107	2439	1814	1569	1281	1049	1611
ENSG00000071909	MYO3B	0	0	0	0	1	0	0	0
ENSG00000071967	CYBRD1	531	695	559	513	624	499	382	508
ENSG00000071991	CDH19	185	103	34	41	550	1061	93	309
ENSG00000071994	PDCD2	1616	1758	1786	1460	1223	1027	1066	1323
ENSG00000072041	SLC6A15	1402	1629	1519	1188	1030	617	986	930
ENSG00000072042	RDH11	1268	1186	1286	1132	914	1074	1134	1158
ENSG00000072062	PRKACA	2504	2407	2864	2000	1714	1582	1065	1903
ENSG00000072071	ADGRL1	796	795	713	482	507	768	219	599
ENSG00000072080	SPP2	1	1	0	0	0	1	0	0
ENSG00000072110	ACTN1	4002	4411	5253	4229	2997	1971	2754	2227
ENSG00000072121	ZFYVE26	337	336	420	276	220	176	158	169
ENSG00000072133	RPS6KA6	4	3	2	0	3	5	6	0
ENSG00000072134	EPN2	505	597	720	433	423	487	345	692
ENSG00000072135	PTPN18	302	390	295	322	305	274	308	260
ENSG00000072163	LIMS2	12	17	23	3	10	2	7	14
ENSG00000072182	ASIC4	0	2	0	0	10	9	5	8
ENSG00000072195	SPEG	372	474	385	361	252	320	329	271
ENSG00000072201	LNX1	102	98	68	50	58	77	23	90
ENSG00000072210	ALDH3A2	430	492	486	400	313	288	229	412
ENSG00000072274	TFRC	2542	2478	4291	1717	1035	327	853	529
ENSG00000072310	SREBF1	984	932	1237	755	787	457	575	655
ENSG00000072315	TRPC5	0	0	0	0	3	1	0	0
ENSG00000072364	AFF4	2048	2641	2402	1856	1712	1289	1472	1277
ENSG00000072401	UBE2D1	408	480	436	399	260	251	232	298
ENSG00000072415	PALS1	727	855	1114	792	611	282	469	363
ENSG00000072422	RHOBTB1	66	83	118	53	73	43	80	45
ENSG00000072501	SMC1A	2856	3039	3335	2396	2014	1645	1868	1832
ENSG00000072506	HSD17B10	1980	1852	2119	1908	1109	1125	926	1435
ENSG00000072518	MARK2	967	996	1159	926	708	640	696	725
ENSG00000072571	HMMR	753	1024	1002	841	784	407	623	502
ENSG00000072609	CHFR	534	493	524	394	303	320	376	363
ENSG00000072657	TRHDE	1102	1465	1554	1311	902	682	1189	767
ENSG00000072682	P4HA2	804	1734	1313	1463	1562	774	1231	1393
ENSG00000072694	FCGR2B	4	5	2	0	0	14	1	14
ENSG00000072736	NFATC3	833	834	780	577	533	379	456	366
ENSG00000072756	TRNT1	1304	1693	1273	1205	1347	1314	1380	1023
ENSG00000072778	ACADVL	4673	6690	6695	4844	4452	3051	3028	4586
ENSG00000072786	STK10	1284	1480	1837	1130	916	526	684	634
ENSG00000072803	FBXW11	1774	1931	2087	1524	1291	926	1147	957
ENSG00000072818	ACAP1	2	5	2	20	14	5	21	6
ENSG00000072832	CRMP1	45	43	32	47	37	60	47	44
ENSG00000072840	EVC	703	527	723	439	463	226	471	328
ENSG00000072849	DERL2	749	776	785	715	583	554	459	560
ENSG00000072858	SIDT1	0	0	0	0	3	0	4	0
ENSG00000072864	NDE1	714	786	939	632	796	607	618	984
ENSG00000072952	IRAG1	5	4	2	0	0	5	0	6
ENSG00000072954	TMEM38A	27	63	55	31	62	16	14	24
ENSG00000072958	AP1M1	3288	3502	4008	2742	2128	1866	1401	2382
ENSG00000073008	PVR	901	1352	1468	1009	1158	508	1025	659
ENSG00000073050	XRCC1	663	821	741	589	706	654	388	814
ENSG00000073060	SCARB1	477	362	607	380	168	84	264	126
ENSG00000073067	CYP2W1	7	1	1	0	5	1	1	6
ENSG00000073111	MCM2	3001	3519	4606	3412	2536	1478	2174	2185
ENSG00000073146	MOV10L1	0	4	0	1	0	0	0	1
ENSG00000073150	PANX2	61	41	62	45	29	13	17	18
ENSG00000073169	SELENOO	214	359	362	248	169	108	139	206
ENSG00000073282	TP63	4	1	2	0	1	0	0	0
ENSG00000073331	ALPK1	98	141	149	104	69	73	38	47
ENSG00000073350	LLGL2	62	89	96	57	77	58	67	44
ENSG00000073417	PDE8A	444	575	661	508	323	158	273	258
ENSG00000073464	CLCN4	270	268	265	156	184	145	133	173
ENSG00000073536	NLE1	734	974	1179	921	779	436	657	549
ENSG00000073578	SDHA	1571	2155	2291	1868	1235	897	999	1683
ENSG00000073584	SMARCE1	1793	1992	2387	1688	1793	1050	1376	1698
ENSG00000073598	FNDC8	2	3	4	2	3	0	2	2
ENSG00000073605	GSDMB	3	24	8	14	10	28	18	21
ENSG00000073614	KDM5A	1839	2032	2256	1579	1400	1556	1257	1196
ENSG00000073670	ADAM11	48	51	40	52	49	29	29	50
ENSG00000073711	PPP2R3A	577	658	735	534	510	200	454	243
ENSG00000073712	FERMT2	776	914	977	745	678	313	441	462
ENSG00000073734	ABCB11	33	38	41	38	37	66	61	29
ENSG00000073737	DHRS9	0	0	0	0	0	0	0	0
ENSG00000073754	CD5L	0	0	0	0	0	0	1	1
ENSG00000073756	PTGS2	0	38	27	0	91	0	24	0
ENSG00000073792	IGF2BP2	1554	2388	2264	1735	1747	1711	1766	1553
ENSG00000073803	MAP3K13	363	396	347	331	417	318	298	317
ENSG00000073849	ST6GAL1	195	189	146	110	162	251	102	284
ENSG00000073861	TBX21	0	0	0	1	0	0	1	0
ENSG00000073910	FRY	67	66	48	59	61	107	22	130
ENSG00000073921	PICALM	3009	3718	3627	3240	2808	1918	2474	2282
ENSG00000073969	NSF	847	807	1155	557	412	229	230	331
ENSG00000074047	GLI2	153	167	137	160	100	112	126	86
ENSG00000074054	CLASP1	832	906	865	693	582	554	600	542
ENSG00000074071	MRPS34	3107	3472	3613	3406	2177	1861	2379	2708
ENSG00000074181	NOTCH3	226	230	155	114	152	220	53	161
ENSG00000074201	CLNS1A	2941	3965	3894	3633	2606	2012	2095	2904
ENSG00000074211	PPP2R2C	10	3	0	0	7	22	4	64
ENSG00000074219	TEAD2	324	267	299	253	378	464	259	462
ENSG00000074266	EED	635	693	614	663	388	405	461	471
ENSG00000074276	CDHR2	0	0	4	0	1	1	0	2
ENSG00000074317	SNCB	7	10	15	7	8	8	10	11
ENSG00000074319	TSG101	1222	1518	1437	1271	1137	958	955	1286
ENSG00000074356	NCBP3	548	640	625	510	472	421	505	382
ENSG00000074370	ATP2A3	3	1	2	3	1	4	2	6
ENSG00000074410	CA12	160	420	233	169	155	192	62	592
ENSG00000074416	MGLL	938	1367	1722	1257	820	382	1445	504
ENSG00000074527	NTN4	36	49	42	48	66	15	55	13
ENSG00000074582	BCS1L	467	462	460	359	255	257	236	362
ENSG00000074590	NUAK1	474	547	563	434	360	127	436	138
ENSG00000074603	DPP8	1112	1149	1288	957	764	820	800	684
ENSG00000074621	SLC24A1	172	222	245	218	118	108	152	146
ENSG00000074657	ZNF532	2570	2504	2433	1841	1371	670	1557	687
ENSG00000074660	SCARF1	26	69	119	82	28	0	183	0
ENSG00000074695	LMAN1	3747	6007	5775	3952	3252	1165	3035	1657
ENSG00000074696	HACD3	2737	2875	3392	2542	2202	1716	1820	1923
ENSG00000074706	IPCEF1	0	0	0	1	0	2	2	0
ENSG00000074755	ZZEF1	951	955	939	747	772	636	555	670
ENSG00000074771	NOX3	0	1	1	2	0	0	5	0
ENSG00000074800	ENO1	67085	115392	130607	103381	67752	32575	56164	71022
ENSG00000074803	SLC12A1	1	0	0	0	0	0	0	0
ENSG00000074842	MYDGF	2169	2453	2561	2343	1985	1602	1956	2288
ENSG00000074855	ANO8	388	483	480	291	338	345	227	341
ENSG00000074935	TUBE1	123	182	124	128	99	107	142	164
ENSG00000074964	ARHGEF10L	332	312	318	257	167	165	143	156
ENSG00000074966	TXK	4	6	9	4	4	4	4	3
ENSG00000075035	WSCD2	0	0	0	0	0	0	0	0
ENSG00000075043	KCNQ2	0	0	0	0	0	0	0	0
ENSG00000075073	TACR2	3	7	14	6	7	8	3	6
ENSG00000075089	ACTR6	579	802	748	593	423	466	408	544
ENSG00000075131	TIPIN	328	379	349	361	326	179	261	246
ENSG00000075142	SRI	1298	1551	1446	1413	1094	836	953	1186
ENSG00000075151	EIF4G3	1909	2123	3045	1542	1307	1095	1022	1020
ENSG00000075188	NUP37	861	1138	1169	944	535	476	631	628
ENSG00000075213	SEMA3A	391	758	684	579	782	748	500	902
ENSG00000075218	GTSE1	694	702	805	606	536	369	403	435
ENSG00000075223	SEMA3C	2322	3036	2514	2141	1505	2756	853	1819
ENSG00000075234	TTC38	259	367	352	241	239	177	174	245
ENSG00000075239	ACAT1	973	1267	1400	952	827	524	562	863
ENSG00000075240	GRAMD4	256	274	246	188	189	156	148	177
ENSG00000075275	CELSR1	307	469	351	174	274	314	143	467
ENSG00000075290	WNT8B	5	1	0	0	0	1	0	0
ENSG00000075292	ZNF638	1062	1120	1399	866	769	546	580	450
ENSG00000075303	SLC25A40	399	529	500	462	373	314	368	377
ENSG00000075336	TIMM21	858	818	896	843	405	264	525	325
ENSG00000075340	ADD2	978	862	1001	373	479	131	26	341
ENSG00000075391	RASAL2	972	1468	1356	891	925	501	1088	522
ENSG00000075399	VPS9D1	663	697	757	616	460	508	503	458
ENSG00000075407	ZNF37A	378	472	454	320	357	297	251	229
ENSG00000075413	MARK3	1161	1097	1227	876	588	617	576	675
ENSG00000075415	SLC25A3	9955	10696	11973	9817	6112	4779	6459	7091
ENSG00000075420	FNDC3B	1097	1200	1089	879	1069	1100	846	1109
ENSG00000075426	FOSL2	1175	3122	3752	2410	3550	774	1797	1278
ENSG00000075429	CACNG5	16	15	27	17	22	31	20	15
ENSG00000075461	CACNG4	0	0	1	1	1	0	0	2
ENSG00000075539	FRYL	534	573	599	383	492	232	309	303
ENSG00000075568	TMEM131	587	674	662	408	514	626	438	703
ENSG00000075618	FSCN1	9258	9834	10298	8802	6807	7312	6217	11227
ENSG00000075624	ACTB	80299	83830	88571	89523	52245	43896	61919	52379
ENSG00000075643	MOCOS	2063	3131	3269	1837	1079	454	1047	629
ENSG00000075651	PLD1	184	425	413	290	211	137	236	128
ENSG00000075673	ATP12A	2	2	0	1	1	0	0	0
ENSG00000075702	WDR62	269	224	467	275	243	139	101	171
ENSG00000075711	DLG1	456	805	707	567	393	236	319	238
ENSG00000075785	RAB7A	6375	6618	6976	5956	4841	3974	4592	4698
ENSG00000075790	BCAP29	632	821	899	719	656	653	557	692
ENSG00000075826	SEC31B	10	36	0	0	14	13	12	12
ENSG00000075856	SART3	1589	1737	1955	1404	905	983	1021	1068
ENSG00000075884	ARHGAP15	5	10	7	15	18	4	20	0
ENSG00000075886	TUBA3D	4	0	5	3	4	0	4	2
ENSG00000075891	PAX2	0	0	0	1	0	1	0	1
ENSG00000075914	EXOSC7	376	589	644	545	364	264	419	343
ENSG00000075945	KIFAP3	897	1071	739	652	825	1129	660	1039
ENSG00000075975	MKRN2	621	782	924	748	672	363	482	580
ENSG00000076003	MCM6	1185	1204	1447	1170	935	553	712	801
ENSG00000076043	REXO2	1777	1693	1777	1733	1120	840	1131	1295
ENSG00000076053	RBM7	331	447	401	372	247	148	268	259
ENSG00000076067	RBMS2	983	1482	1574	1380	815	483	1220	472
ENSG00000076108	BAZ2A	2571	2902	2999	2108	1653	1563	2056	1433
ENSG00000076201	PTPN23	1129	1343	1773	846	1077	620	811	908
ENSG00000076242	MLH1	622	678	764	613	473	255	360	482
ENSG00000076248	UNG	1445	1538	1696	1533	1111	682	1012	1050
ENSG00000076258	FMO4	4	16	13	12	26	4	2	9
ENSG00000076321	KLHL20	619	588	522	432	397	407	408	420
ENSG00000076351	SLC46A1	344	353	481	308	225	149	144	184
ENSG00000076356	PLXNA2	120	142	165	80	79	114	182	81
ENSG00000076382	SPAG5	1247	1396	1485	1080	948	713	903	861
ENSG00000076513	ANKRD13A	1006	1101	1609	724	545	275	538	488
ENSG00000076554	TPD52	1388	2013	1850	1709	1279	814	993	1309
ENSG00000076555	ACACB	174	136	190	113	85	96	70	79
ENSG00000076604	TRAF4	1495	1720	1886	1570	1256	1064	1230	1253
ENSG00000076641	PAG1	29	144	124	96	166	39	75	49
ENSG00000076650	GPATCH1	300	314	347	251	236	176	158	212
ENSG00000076662	ICAM3	235	211	205	149	134	158	120	190
ENSG00000076685	NT5C2	955	1051	1450	892	688	480	420	607
ENSG00000076706	MCAM	4905	5228	6447	4686	2914	1715	2418	2352
ENSG00000076716	GPC4	15	6	3	10	20	192	4	14
ENSG00000076770	MBNL3	137	95	77	71	91	114	105	126
ENSG00000076826	CAMSAP3	0	3	3	3	6	2	5	5
ENSG00000076864	RAP1GAP	39	55	31	4	54	19	0	48
ENSG00000076924	XAB2	1362	1767	1969	1564	1302	920	1084	1122
ENSG00000076928	ARHGEF1	4049	4879	5059	3705	2948	2437	2505	2865
ENSG00000076944	STXBP2	0	4	2	0	0	0	0	0
ENSG00000076984	MAP2K7	1351	1614	1816	1327	1181	888	1199	1039
ENSG00000077009	NMRK2	0	0	1	0	0	0	0	0
ENSG00000077044	DGKD	463	662	702	479	452	176	351	284
ENSG00000077063	CTTNBP2	16	39	22	20	12	6	0	1
ENSG00000077080	ACTL6B	0	1	0	0	0	0	0	0
ENSG00000077092	RARB	10	2	12	5	11	8	11	4
ENSG00000077097	TOP2B	1656	1598	2053	1190	1274	551	702	729
ENSG00000077147	TM9SF3	5915	6009	6435	4636	4239	3742	2779	4178
ENSG00000077150	NFKB2	1380	2078	2242	1271	1490	834	909	1406
ENSG00000077152	UBE2T	695	581	647	607	513	476	542	618
ENSG00000077157	PPP1R12B	224	278	203	163	225	169	184	144
ENSG00000077232	DNAJC10	1390	1305	1540	1156	924	864	934	832
ENSG00000077235	GTF3C1	1994	2106	2414	1709	1337	1029	1284	1313
ENSG00000077238	IL4R	631	648	593	412	358	445	604	565
ENSG00000077254	USP33	1170	1484	1595	1149	990	739	767	786
ENSG00000077264	PAK3	11	7	10	3	8	7	7	7
ENSG00000077274	CAPN6	0	0	0	0	0	0	0	0
ENSG00000077279	DCX	0	0	0	0	0	0	0	0
ENSG00000077312	SNRPA	2005	2633	2764	2273	1648	1503	1466	1912
ENSG00000077327	SPAG6	0	0	0	0	0	1	0	0
ENSG00000077348	EXOSC5	1332	1576	1625	1149	1129	774	575	1256
ENSG00000077380	DYNC1I2	926	1147	1163	1160	925	796	1012	895
ENSG00000077420	APBB1IP	22	18	32	11	21	20	35	21
ENSG00000077454	LRCH4	593	650	656	613	427	468	501	368
ENSG00000077458	FAM76B	401	435	471	415	316	262	307	299
ENSG00000077463	SIRT6	652	677	855	690	485	491	453	616
ENSG00000077498	TYR	0	1	0	0	0	0	0	0
ENSG00000077514	POLD3	602	659	737	630	528	357	487	456
ENSG00000077522	ACTN2	7	16	10	18	0	5	16	0
ENSG00000077549	CAPZB	5100	5758	6291	5444	3839	3549	3497	4152
ENSG00000077585	GPR137B	231	216	179	166	279	250	214	304
ENSG00000077616	NAALAD2	31	40	30	37	28	38	32	32
ENSG00000077684	JADE1	1041	1225	1307	1114	793	605	823	576
ENSG00000077713	SLC25A43	206	259	231	226	179	115	160	132
ENSG00000077721	UBE2A	1387	1514	1511	1421	1108	948	1085	1141
ENSG00000077782	FGFR1	669	538	424	283	659	716	330	1632
ENSG00000077800	FKBP6	1	0	2	3	5	2	4	8
ENSG00000077935	SMC1B	1	2	0	1	0	2	0	1
ENSG00000077942	FBLN1	87	62	43	57	124	237	52	129
ENSG00000077943	ITGA8	10	7	2	1	10	130	1	43
ENSG00000077984	CST7	3	1	1	1	1	1	1	3
ENSG00000078018	MAP2	99	174	159	152	42	48	16	20
ENSG00000078043	PIAS2	331	519	466	495	582	315	795	337
ENSG00000078053	AMPH	4	0	3	0	0	1	1	0
ENSG00000078061	ARAF	1588	1728	1988	1572	1309	954	1225	1245
ENSG00000078070	MCCC1	372	499	567	440	350	215	252	348
ENSG00000078081	LAMP3	4	11	0	5	5	5	0	2
ENSG00000078098	FAP	271	183	98	152	119	162	137	87
ENSG00000078114	NEBL	31	9	8	1	6	36	2	25
ENSG00000078124	ACER3	608	684	701	564	584	590	564	497
ENSG00000078140	UBE2K	3207	2861	3479	2900	1904	1628	1745	2053
ENSG00000078142	PIK3C3	1767	2063	2192	1434	903	497	849	667
ENSG00000078177	N4BP2	522	447	422	221	328	346	277	350
ENSG00000078237	TIGAR	362	468	532	266	260	180	222	240
ENSG00000078246	TULP3	964	1085	1080	796	597	645	628	762
ENSG00000078269	SYNJ2	1348	947	990	686	846	1122	626	1316
ENSG00000078295	ADCY2	1	1	0	0	0	1	0	0
ENSG00000078304	PPP2R5C	1287	1466	1509	1353	1161	802	880	1127
ENSG00000078328	RBFOX1	0	5	1	1	3	0	3	0
ENSG00000078369	GNB1	7761	9460	10988	8384	6565	4206	6189	6352
ENSG00000078399	HOXA9	26	8	16	22	13	29	14	10
ENSG00000078401	EDN1	19	62	19	31	47	4	46	6
ENSG00000078403	MLLT10	514	630	714	530	435	369	576	422
ENSG00000078487	ZCWPW1	24	18	32	18	30	19	28	28
ENSG00000078549	ADCYAP1R1	10	4	5	1	4	15	1	45
ENSG00000078579	FGF20	1	1	3	0	4	0	0	3
ENSG00000078589	P2RY10	9	1	4	5	5	1	2	1
ENSG00000078596	ITM2A	299	301	314	190	38	11	5	2
ENSG00000078618	NRDC	4251	4968	5994	3813	3040	1496	2298	1954
ENSG00000078668	VDAC3	1578	1847	1904	1718	1160	682	812	1121
ENSG00000078674	PCM1	1239	1445	1441	1050	931	541	596	825
ENSG00000078687	TNRC6C	408	350	354	251	401	480	469	353
ENSG00000078699	CBFA2T2	353	378	333	307	319	338	299	278
ENSG00000078725	BRINP1	4	1	2	0	0	2	0	2
ENSG00000078747	ITCH	941	1348	1232	1150	1137	553	907	881
ENSG00000078795	PKD2L2	11	14	19	15	14	22	26	14
ENSG00000078804	TP53INP2	779	1003	1153	823	650	323	432	346
ENSG00000078808	SDF4	2457	2883	3068	2443	2139	1788	1772	2249
ENSG00000078814	MYH7B	9	16	11	9	12	11	9	10
ENSG00000078898	BPIFB2	1	0	0	0	0	0	0	0
ENSG00000078900	TP73	53	42	23	37	105	83	55	170
ENSG00000078902	TOLLIP	790	905	941	792	603	463	507	734
ENSG00000078967	UBE2D4	334	302	349	249	185	198	176	207
ENSG00000079101	CLUL1	0	2	0	2	0	0	0	1
ENSG00000079102	RUNX1T1	5	2	1	4	8	11	4	4
ENSG00000079112	CDH17	2	1	1	3	1	1	2	2
ENSG00000079134	THOC1	305	371	432	397	317	164	312	261
ENSG00000079150	FKBP7	175	228	184	160	117	155	77	123
ENSG00000079156	OSBPL6	154	136	131	124	81	55	100	60
ENSG00000079215	SLC1A3	608	811	635	503	263	141	238	185
ENSG00000079246	XRCC5	7206	8334	8979	6845	5357	3899	4122	5421
ENSG00000079257	LXN	1	2	1	0	1	0	0	0
ENSG00000079263	SP140	90	90	69	51	21	4	45	9
ENSG00000079277	MKNK1	425	521	667	456	354	257	244	311
ENSG00000079308	TNS1	598	799	839	526	101	100	288	141
ENSG00000079313	REXO1	842	970	986	767	583	617	739	575
ENSG00000079332	SAR1A	1729	1878	2191	1763	1235	999	1087	1031
ENSG00000079335	CDC14A	132	120	123	89	81	53	79	64
ENSG00000079337	RAPGEF3	117	193	180	181	72	79	173	87
ENSG00000079385	CEACAM1	2	2	2	1	8	6	1	6
ENSG00000079387	SENP1	506	532	650	470	353	360	358	292
ENSG00000079393	DUSP13	0	2	0	1	0	2	1	2
ENSG00000079432	CIC	1979	1897	2303	1287	1401	1156	951	1174
ENSG00000079435	LIPE	31	42	43	25	36	34	11	37
ENSG00000079459	FDFT1	3267	3832	4612	3779	2200	1112	2538	2266
ENSG00000079462	PAFAH1B3	776	835	917	721	697	532	349	786
ENSG00000079482	OPHN1	583	591	460	455	535	656	483	419
ENSG00000079557	AFM	0	3	0	0	0	0	0	0
ENSG00000079616	KIF22	1161	1267	1398	1262	861	734	914	939
ENSG00000079691	CARMIL1	161	175	172	128	91	55	84	44
ENSG00000079739	PGM1	2305	3155	3260	2278	2081	1207	1210	2462
ENSG00000079785	DDX1	3887	4174	4714	3712	2520	1760	2004	2363
ENSG00000079805	DNM2	3829	4419	5420	3588	3035	2106	1950	2806
ENSG00000079819	EPB41L2	1954	2468	2678	1909	1803	1191	1749	1475
ENSG00000079841	RIMS1	4	3	3	3	10	2	5	2
ENSG00000079931	MOXD1	76	87	98	67	63	187	20	98
ENSG00000079950	STX7	301	399	372	291	354	224	299	262
ENSG00000079974	RABL2B	533	566	569	480	391	318	332	376
ENSG00000079999	KEAP1	2040	1862	2224	1462	1386	1230	875	1530
ENSG00000080031	PTPRH	17	79	98	73	95	19	46	42
ENSG00000080166	DCT	2	1	6	0	2	0	3	1
ENSG00000080189	SLC35C2	2344	2552	2623	2336	1691	1399	1560	1783
ENSG00000080200	CRYBG3	197	320	276	180	264	81	166	120
ENSG00000080224	EPHA6	30	60	42	33	49	35	40	18
ENSG00000080298	RFX3	478	552	413	376	396	484	366	495
ENSG00000080345	RIF1	1094	1261	1266	992	904	642	795	719
ENSG00000080371	RAB21	1082	1279	1367	1095	858	862	952	813
ENSG00000080493	SLC4A4	0	1	0	0	4	7	1	0
ENSG00000080503	SMARCA2	1106	919	1112	836	954	710	909	721
ENSG00000080511	RDH8	12	0	1	2	1	0	3	0
ENSG00000080546	SESN1	302	290	347	237	185	118	156	188
ENSG00000080561	MID2	34	39	28	26	78	40	7	49
ENSG00000080572	DNAAF6	0	1	0	0	0	0	0	0
ENSG00000080573	COL5A3	717	84	76	129	118	228	64	144
ENSG00000080603	SRCAP	1256	1050	1658	816	946	559	678	646
ENSG00000080608	PUM3	2021	2142	2422	1692	1680	1188	1628	1620
ENSG00000080618	CPB2	4	6	6	5	6	7	4	4
ENSG00000080644	CHRNA3	0	2	2	2	0	0	5	2
ENSG00000080709	KCNN2	6	12	9	8	0	0	6	5
ENSG00000080802	CNOT4	486	457	446	349	320	295	304	300
ENSG00000080815	PSEN1	587	648	785	467	431	234	254	378
ENSG00000080819	CPOX	1293	1450	1260	1275	921	790	713	1016
ENSG00000080822	CLDND1	1574	2107	1768	1626	1652	1240	1555	1416
ENSG00000080823	MOK	188	209	173	168	229	300	221	291
ENSG00000080824	HSP90AA1	32245	40388	38997	41147	33622	23509	36326	25882
ENSG00000080839	RBL1	424	506	553	420	452	272	376	368
ENSG00000080845	DLGAP4	2422	2747	2678	2134	1896	1399	1599	1621
ENSG00000080854	IGSF9B	492	668	475	472	528	356	332	577
ENSG00000080910	CFHR2	4	6	8	7	9	9	14	3
ENSG00000080986	NDC80	338	349	437	426	382	214	331	310
ENSG00000081014	AP4E1	453	540	556	448	383	237	339	302
ENSG00000081019	RSBN1	502	657	629	514	490	387	389	401
ENSG00000081026	MAGI3	136	173	173	136	137	109	117	92
ENSG00000081041	CXCL2	19	32	39	29	30	19	66	30
ENSG00000081051	AFP	1	0	0	0	0	0	0	0
ENSG00000081052	COL4A4	1	2	5	1	9	5	4	13
ENSG00000081059	TCF7	121	122	137	93	106	73	63	81
ENSG00000081087	OSTM1	138	328	242	126	170	214	124	177
ENSG00000081138	CDH7	40	82	76	33	20	14	23	12
ENSG00000081148	IMPG2	5	2	4	2	4	0	2	2
ENSG00000081154	PCNP	3501	4177	4055	3547	2782	2029	2375	2597
ENSG00000081177	EXD2	257	363	323	278	178	185	192	241
ENSG00000081181	ARG2	377	575	456	325	294	250	347	508
ENSG00000081189	MEF2C	477	232	201	251	261	333	198	327
ENSG00000081237	PTPRC	0	1	0	0	3	0	0	0
ENSG00000081248	CACNA1S	1	0	0	0	0	0	0	0
ENSG00000081277	PKP1	0	0	1	0	1	0	0	3
ENSG00000081307	UBA5	963	1068	1116	960	697	621	601	763
ENSG00000081320	STK17B	403	310	348	296	322	240	292	259
ENSG00000081377	CDC14B	41	124	104	52	16	29	50	55
ENSG00000081386	ZNF510	227	281	309	174	206	185	134	170
ENSG00000081665	ZNF506	188	162	147	121	221	159	116	201
ENSG00000081692	JMJD4	715	707	781	565	547	427	368	611
ENSG00000081721	DUSP12	887	869	849	771	647	494	577	714
ENSG00000081760	AACS	637	852	981	679	515	345	470	479
ENSG00000081791	DELE1	1156	1777	1633	1367	1097	737	992	977
ENSG00000081800	SLC13A1	1	0	1	1	1	5	1	2
ENSG00000081803	CADPS2	447	398	375	294	261	196	240	198
ENSG00000081818	PCDHB4	27	20	23	10	24	31	15	26
ENSG00000081842	PCDHA6	118	113	84	81	174	109	98	198
ENSG00000081853	PCDHGA2	22	39	43	27	42	39	15	18
ENSG00000081870	HSPB11	633	698	787	673	549	479	521	674
ENSG00000081913	PHLPP1	397	703	791	476	380	133	324	195
ENSG00000081923	ATP8B1	3	13	10	0	14	8	11	0
ENSG00000081985	IL12RB2	3	7	2	1	10	1	4	4
ENSG00000082014	SMARCD3	264	308	269	231	300	225	91	264
ENSG00000082068	WDR70	735	885	980	786	626	481	481	657
ENSG00000082074	FYB1	68	41	25	26	69	82	28	64
ENSG00000082126	MPP4	108	153	103	110	78	50	264	51
ENSG00000082146	STRADB	338	389	405	383	210	159	199	207
ENSG00000082153	BZW1	4968	5712	6307	5256	4344	2807	3505	3854
ENSG00000082175	PGR	1	1	0	0	0	1	0	0
ENSG00000082196	C1QTNF3	14	34	26	51	24	27	3	44
ENSG00000082212	ME2	821	1176	957	855	450	342	558	340
ENSG00000082213	C5orf22	335	419	503	341	236	257	154	251
ENSG00000082258	CCNT2	261	366	317	315	246	318	273	306
ENSG00000082269	FAM135A	156	112	186	132	91	50	91	57
ENSG00000082293	COL19A1	207	74	9	9	264	208	25	553
ENSG00000082397	EPB41L3	6	4	7	8	10	8	4	14
ENSG00000082438	COBLL1	60	69	83	61	51	18	49	16
ENSG00000082458	DLG3	563	320	239	244	381	553	164	856
ENSG00000082482	KCNK2	14	28	33	15	25	18	8	3
ENSG00000082497	SERTAD4	758	650	483	472	329	250	327	156
ENSG00000082512	TRAF5	172	313	266	175	150	169	144	142
ENSG00000082515	MRPL22	821	972	919	832	697	486	587	587
ENSG00000082516	GEMIN5	852	963	1093	705	574	429	475	463
ENSG00000082556	OPRK1	0	0	0	2	0	7	2	0
ENSG00000082641	NFE2L1	3670	4224	4728	3267	3241	2456	2850	3085
ENSG00000082684	SEMA5B	0	12	20	15	17	0	8	0
ENSG00000082701	GSK3B	1662	1520	1644	1361	934	744	894	936
ENSG00000082781	ITGB5	2198	2042	1933	2060	2176	1692	1893	2175
ENSG00000082805	ERC1	941	958	1057	676	579	441	509	490
ENSG00000082898	XPO1	3543	4145	5073	3032	2985	1000	1390	1952
ENSG00000082996	RNF13	686	800	788	722	584	505	436	540
ENSG00000083067	TRPM3	2	0	0	0	4	16	1	3
ENSG00000083093	PALB2	277	285	413	286	233	199	213	144
ENSG00000083097	DOP1A	92	90	139	54	86	44	71	35
ENSG00000083099	LYRM2	462	481	432	386	341	318	280	335
ENSG00000083123	BCKDHB	264	295	344	316	217	96	143	151
ENSG00000083168	KAT6A	716	899	895	654	623	409	494	472
ENSG00000083223	TUT7	439	465	528	291	401	464	408	425
ENSG00000083290	ULK2	149	126	121	95	114	94	91	134
ENSG00000083307	GRHL2	0	0	0	0	0	0	0	1
ENSG00000083312	TNPO1	4888	5532	5553	4347	3734	2272	2941	2539
ENSG00000083444	PLOD1	2866	7722	6591	5738	5352	2614	4203	4528
ENSG00000083454	P2RX5	43	123	115	130	46	14	18	30
ENSG00000083457	ITGAE	0	0	0	0	1	0	0	0
ENSG00000083520	DIS3	1265	1436	1459	1103	1058	919	884	962
ENSG00000083535	PIBF1	387	494	524	416	372	378	261	377
ENSG00000083544	TDRD3	226	322	282	221	224	220	201	223
ENSG00000083635	NUFIP1	282	375	402	287	231	225	164	273
ENSG00000083642	PDS5B	511	610	566	496	583	549	474	580
ENSG00000083720	OXCT1	762	963	976	831	649	547	609	755
ENSG00000083750	RRAGB	186	196	243	170	228	138	127	160
ENSG00000083782	EPYC	0	0	0	0	0	0	0	0
ENSG00000083799	CYLD	603	508	595	416	497	440	459	378
ENSG00000083807	SLC27A5	206	250	243	196	233	114	106	224
ENSG00000083812	ZNF324	441	437	396	283	323	333	148	427
ENSG00000083814	ZNF671	45	80	64	53	41	20	19	18
ENSG00000083817	ZNF416	124	142	173	94	100	67	51	79
ENSG00000083828	ZNF586	155	212	198	151	189	82	94	120
ENSG00000083838	ZNF446	343	496	391	288	319	260	180	333
ENSG00000083844	ZNF264	346	429	354	347	327	267	261	264
ENSG00000083845	RPS5	24430	32389	33086	25268	32410	15578	14093	28360
ENSG00000083857	FAT1	1838	2157	1828	1047	1854	990	1058	1708
ENSG00000083896	YTHDC1	1398	1609	1530	1194	1126	944	1056	917
ENSG00000083937	CHMP2B	1047	1258	1307	1306	882	551	868	689
ENSG00000084070	SMAP2	787	900	1000	736	672	464	438	695
ENSG00000084072	PPIE	682	982	1050	683	552	376	447	597
ENSG00000084073	ZMPSTE24	1624	1260	1626	1169	1003	1033	776	1129
ENSG00000084090	STARD7	2453	2151	2693	2009	1340	911	1136	1282
ENSG00000084092	NOA1	810	1032	1110	768	749	470	520	642
ENSG00000084093	REST	852	931	947	685	709	758	635	698
ENSG00000084110	HAL	4	8	10	13	12	5	21	2
ENSG00000084112	SSH1	711	834	699	661	511	642	717	537
ENSG00000084207	GSTP1	6479	6891	7735	7196	5586	4135	4461	6581
ENSG00000084234	APLP2	1901	1711	2658	1443	1760	1392	608	2581
ENSG00000084444	FAM234B	173	299	271	198	138	102	178	147
ENSG00000084453	SLCO1A2	21	34	31	25	25	17	2	8
ENSG00000084463	WBP11	2396	2531	2900	2198	1506	1308	1470	1491
ENSG00000084623	EIF3I	8560	10265	11294	9262	7073	4558	5372	6867
ENSG00000084628	NKAIN1	7	18	19	17	13	5	6	6
ENSG00000084636	COL16A1	428	297	144	215	422	762	295	388
ENSG00000084652	TXLNA	2426	2747	3437	2375	1915	1526	1636	1731
ENSG00000084676	NCOA1	367	377	431	270	358	309	268	318
ENSG00000084693	AGBL5	711	947	1223	862	713	361	496	581
ENSG00000084710	EFR3B	270	213	243	287	69	93	279	88
ENSG00000084731	KIF3C	1727	1733	1737	1230	1234	1154	1135	1335
ENSG00000084733	RAB10	3461	3927	3994	3222	2142	1915	1966	2253
ENSG00000084734	GCKR	0	1	1	0	0	0	0	0
ENSG00000084754	HADHA	2183	2769	3204	1990	1687	1483	1255	1978
ENSG00000084764	MAPRE3	470	439	461	345	298	406	254	473
ENSG00000084774	CAD	3354	3542	4090	2829	2038	1437	1883	1810
ENSG00000085063	CD59	4272	5618	5658	5192	5665	4636	4860	6321
ENSG00000085117	CD82	912	329	250	293	750	786	926	829
ENSG00000085185	BCORL1	338	433	337	253	192	200	138	229
ENSG00000085224	ATRX	2550	2983	2528	2098	2347	2681	2073	2063
ENSG00000085231	AK6	693	641	667	653	307	376	371	439
ENSG00000085265	FCN1	1	1	0	2	1	5	4	0
ENSG00000085274	MYNN	202	245	251	201	189	171	127	140
ENSG00000085276	MECOM	369	404	422	319	179	107	267	85
ENSG00000085365	SCAMP1	1042	1363	1323	1052	882	711	742	865
ENSG00000085377	PREP	977	1409	1432	1188	891	592	625	911
ENSG00000085382	HACE1	134	189	153	170	118	79	108	92
ENSG00000085415	SEH1L	1116	1233	1320	1296	970	543	848	797
ENSG00000085433	WDR47	286	347	371	230	263	208	205	257
ENSG00000085449	WDFY1	446	623	658	444	518	325	416	405
ENSG00000085465	OVGP1	27	34	27	11	20	21	20	12
ENSG00000085491	SLC25A24	498	609	931	622	499	329	557	488
ENSG00000085511	MAP3K4	601	666	627	427	381	206	244	286
ENSG00000085514	PILRA	4	2	3	0	0	3	0	1
ENSG00000085552	IGSF9	154	120	117	101	36	19	23	25
ENSG00000085563	ABCB1	25	15	17	8	33	7	16	8
ENSG00000085644	ZNF213	344	349	477	331	235	124	224	292
ENSG00000085662	AKR1B1	3462	3726	3992	3556	1379	960	1647	1362
ENSG00000085719	CPNE3	2621	2960	3147	2290	2023	1209	1166	1548
ENSG00000085721	RRN3	1417	1726	1614	1083	942	773	844	872
ENSG00000085733	CTTN	5060	5524	6815	4941	3539	3083	3455	4029
ENSG00000085741	WNT11	2	6	3	6	13	6	12	13
ENSG00000085760	MTIF2	1415	1594	1752	1343	1022	675	808	815
ENSG00000085788	DDHD2	639	818	813	600	555	288	363	446
ENSG00000085831	TTC39A	16	24	41	20	32	13	13	40
ENSG00000085832	EPS15	1216	1380	1669	1143	968	775	1033	988
ENSG00000085840	ORC1	439	482	610	447	363	195	307	285
ENSG00000085871	MGST2	193	248	246	251	216	204	148	266
ENSG00000085872	CHERP	2823	2869	3452	2089	1933	1451	1303	1980
ENSG00000085978	ATG16L1	589	638	579	425	509	380	373	402
ENSG00000085982	USP40	309	424	484	326	317	155	175	190
ENSG00000085998	POMGNT1	2360	2289	2522	1915	1884	1369	1326	1858
ENSG00000085999	RAD54L	319	374	426	337	299	196	322	247
ENSG00000086015	MAST2	792	857	1035	750	658	579	728	614
ENSG00000086061	DNAJA1	5280	4281	4157	4450	3284	2852	3057	2911
ENSG00000086062	B4GALT1	2118	2433	2365	2001	1558	780	1235	974
ENSG00000086065	CHMP5	2998	3091	3144	2579	2175	1974	1862	2285
ENSG00000086102	NFX1	1270	1400	1564	1068	988	653	845	736
ENSG00000086159	AQP6	4	7	6	8	7	6	2	2
ENSG00000086189	DIMT1	945	950	1041	725	610	509	472	557
ENSG00000086200	IPO11	582	721	797	622	508	318	451	356
ENSG00000086205	FOLH1	0	0	0	0	1	3	0	0
ENSG00000086232	EIF2AK1	2690	3017	3295	2576	1898	1522	1678	1952
ENSG00000086289	EPDR1	322	277	237	155	207	252	247	287
ENSG00000086300	SNX10	237	208	284	291	340	314	217	281
ENSG00000086475	SEPHS1	1158	1265	1548	1286	824	684	709	838
ENSG00000086504	MRPL28	2482	3051	3354	2697	1614	1599	1595	2076
ENSG00000086506	HBQ1	1	0	0	2	1	1	1	1
ENSG00000086544	ITPKC	325	404	420	317	285	226	187	307
ENSG00000086570	FAT2	1	6	5	5	1	1	3	2
ENSG00000086589	RBM22	1302	1479	1489	1280	971	700	987	795
ENSG00000086598	TMED2	5974	6467	6730	6253	3841	3544	3831	4450
ENSG00000086619	ERO1B	121	129	74	70	117	146	80	227
ENSG00000086666	ZFAND6	1155	1240	1309	1165	917	821	831	1003
ENSG00000086696	HSD17B2	0	2	3	3	1	4	2	0
ENSG00000086712	TXLNG	1043	1260	1339	800	708	519	568	514
ENSG00000086717	PPEF1	53	1	1	1	0	46	0	9
ENSG00000086730	LAT2	46	42	69	44	19	50	24	37
ENSG00000086758	HUWE1	5418	6377	6602	4638	4177	3411	3227	3932
ENSG00000086827	ZW10	607	712	668	586	458	308	385	447
ENSG00000086848	ALG9	335	420	419	328	280	174	312	248
ENSG00000086967	MYBPC2	0	1	0	2	1	0	0	0
ENSG00000086991	NOX4	64	43	53	66	84	28	78	48
ENSG00000087008	ACOX3	393	476	560	393	316	214	216	296
ENSG00000087053	MTMR2	1219	1355	1328	1190	936	716	707	888
ENSG00000087074	PPP1R15A	1077	2637	2700	1387	3133	808	2293	1265
ENSG00000087076	HSD17B14	2	5	6	3	7	4	1	3
ENSG00000087077	TRIP6	2125	2706	3181	2443	1679	923	1397	1399
ENSG00000087085	ACHE	17	13	10	13	9	13	5	24
ENSG00000087086	FTL	20675	26805	28441	22049	17688	9900	11619	17266
ENSG00000087087	SRRT	3455	3685	3925	3129	2356	1947	2304	2312
ENSG00000087088	BAX	2941	3147	3755	2901	2132	1481	2100	1833
ENSG00000087095	NLK	523	605	555	580	462	345	473	301
ENSG00000087111	PIGS	1147	994	1531	778	974	456	557	487
ENSG00000087116	ADAMTS2	33	21	44	75	59	42	58	34
ENSG00000087128	TMPRSS11E	0	1	0	1	1	0	2	4
ENSG00000087152	ATXN7L3	2392	2388	2507	1972	1524	1411	1134	1594
ENSG00000087157	PGS1	505	579	630	452	425	342	413	363
ENSG00000087191	PSMC5	4443	4469	5163	4113	2899	2585	3070	3480
ENSG00000087206	UIMC1	441	575	626	502	435	245	409	373
ENSG00000087237	CETP	1	1	1	0	0	1	0	0
ENSG00000087245	MMP2	17299	13451	11617	10510	5334	4466	8113	4168
ENSG00000087250	MT3	0	0	0	0	0	3	0	0
ENSG00000087253	LPCAT2	1218	1119	1003	968	699	453	739	466
ENSG00000087258	GNAO1	231	182	121	235	138	46	88	45
ENSG00000087263	OGFOD1	992	978	1341	877	816	609	773	709
ENSG00000087266	SH3BP2	1171	1205	1342	964	885	813	830	906
ENSG00000087269	NOP14	2549	2893	3265	2448	2102	1247	1875	1896
ENSG00000087274	ADD1	2112	2331	2828	2264	1803	1152	1418	1567
ENSG00000087299	L2HGDH	363	495	429	344	323	192	278	217
ENSG00000087301	TXNDC16	75	68	83	59	111	36	45	43
ENSG00000087302	RTRAF	1217	1415	1404	1306	1010	746	936	988
ENSG00000087303	NID2	108	75	83	82	118	30	30	16
ENSG00000087338	GMCL1	636	739	752	598	595	420	408	430
ENSG00000087365	SF3B2	7399	8728	10009	7507	6139	4301	4983	6103
ENSG00000087448	KLHL42	2113	1933	1779	1426	1217	1776	1209	1367
ENSG00000087460	GNAS	24072	25012	21028	20023	22896	30617	13465	43510
ENSG00000087470	DNM1L	2611	2600	2800	2126	1580	1403	1609	1699
ENSG00000087494	PTHLH	317	258	252	276	319	312	205	217
ENSG00000087495	PHACTR3	1	0	0	0	0	2	0	0
ENSG00000087502	ERGIC2	1089	1139	1197	992	847	813	954	790
ENSG00000087510	TFAP2C	504	483	407	417	723	548	362	712
ENSG00000087586	AURKA	1702	1856	1985	1733	1156	821	913	967
ENSG00000087589	CASS4	2	8	2	4	1	4	2	4
ENSG00000087842	PIR	176	233	157	275	128	119	159	153
ENSG00000087884	AAMDC	85	107	118	89	78	107	46	85
ENSG00000087903	RFX2	80	141	127	122	96	59	79	82
ENSG00000087995	METTL2A	509	541	536	487	407	329	330	290
ENSG00000088002	SULT2B1	3	5	2	1	1	0	0	1
ENSG00000088035	ALG6	104	82	66	44	45	94	39	39
ENSG00000088038	CNOT3	1226	1225	1516	979	930	736	598	892
ENSG00000088053	GP6	3	4	2	5	0	0	0	0
ENSG00000088179	PTPN4	142	161	137	91	128	107	85	99
ENSG00000088205	DDX18	2759	3110	3269	2556	2070	1400	1636	1770
ENSG00000088247	KHSRP	8695	9771	11318	9159	5842	4939	5513	5889
ENSG00000088256	GNA11	1768	1987	2441	1770	1488	1017	1234	1229
ENSG00000088280	ASAP3	179	205	255	164	64	111	46	104
ENSG00000088298	EDEM2	683	666	589	603	515	411	366	623
ENSG00000088305	DNMT3B	136	103	140	80	48	68	48	51
ENSG00000088320	REM1	45	2	8	11	16	28	3	20
ENSG00000088325	TPX2	2992	3598	3871	3068	2539	1509	2146	2112
ENSG00000088356	PDRG1	502	487	560	447	395	300	369	330
ENSG00000088367	EPB41L1	941	1077	1191	841	578	336	370	468
ENSG00000088386	SLC15A1	1	2	0	2	7	5	3	3
ENSG00000088387	DOCK9	611	706	1014	628	476	134	875	157
ENSG00000088448	ANKRD10	1308	1617	1650	1649	1698	1439	1690	1074
ENSG00000088451	TGDS	328	370	355	348	348	325	257	354
ENSG00000088538	DOCK3	59	94	119	72	14	22	33	13
ENSG00000088543	C3orf18	188	204	212	183	165	130	106	141
ENSG00000088682	COQ9	1343	1516	1755	1298	846	684	720	1015
ENSG00000088726	TMEM40	3	6	7	14	1	0	3	0
ENSG00000088727	KIF9	287	314	337	299	264	151	173	262
ENSG00000088756	ARHGAP28	136	110	124	78	49	38	45	53
ENSG00000088766	CRLS1	1078	1158	1139	1086	791	735	647	996
ENSG00000088808	PPP1R13B	106	155	216	156	117	66	74	95
ENSG00000088812	ATRN	1057	1240	1354	937	893	615	656	879
ENSG00000088826	SMOX	1403	1791	2425	1746	1216	606	686	732
ENSG00000088827	SIGLEC1	5	4	6	0	2	2	0	0
ENSG00000088832	FKBP1A	10257	10698	10346	9881	7254	6868	7209	8637
ENSG00000088833	NSFL1C	1678	1685	2029	1586	1223	797	960	1256
ENSG00000088836	SLC4A11	75	93	114	102	87	72	88	82
ENSG00000088854	DNAAF9	164	197	213	150	208	157	165	164
ENSG00000088876	ZNF343	359	516	473	224	332	220	253	333
ENSG00000088881	EBF4	2	0	0	0	0	6	0	0
ENSG00000088882	CPXM1	32	38	13	21	61	151	10	209
ENSG00000088888	MAVS	3062	3370	3659	2879	2435	1922	2167	1649
ENSG00000088899	LZTS3	171	173	180	131	105	95	79	146
ENSG00000088926	F11	0	0	0	0	0	0	1	1
ENSG00000088930	XRN2	2355	2915	3333	2350	2095	1192	1542	1681
ENSG00000088970	KIZ	336	466	428	352	289	198	272	246
ENSG00000088986	DYNLL1	4284	4623	4259	4313	3108	3199	3036	4171
ENSG00000088992	TESC	32	28	3	15	43	64	2	74
ENSG00000089006	SNX5	1790	2192	2279	1951	1981	1205	1519	1514
ENSG00000089009	RPL6	30235	38811	38551	32507	23978	23921	25363	34215
ENSG00000089012	SIRPG	0	0	0	1	1	1	1	0
ENSG00000089022	MAPKAPK5	761	748	782	676	489	544	648	600
ENSG00000089041	P2RX7	33	49	26	18	24	25	4	20
ENSG00000089048	ESF1	1447	1958	1905	1788	1331	1614	1636	1287
ENSG00000089050	RBBP9	760	759	835	683	598	456	442	543
ENSG00000089053	ANAPC5	2864	2701	2968	2388	1469	1272	1191	1916
ENSG00000089057	SLC23A2	673	587	638	448	475	423	429	477
ENSG00000089060	SLC8B1	196	247	279	195	101	72	236	123
ENSG00000089063	TMEM230	3590	3843	3853	3144	2738	2342	2181	2819
ENSG00000089091	DZANK1	95	102	89	92	55	40	58	62
ENSG00000089094	KDM2B	933	1140	1243	889	590	542	702	729
ENSG00000089101	CFAP61	2	5	8	4	3	2	1	7
ENSG00000089116	LHX5	1	1	0	0	1	0	0	0
ENSG00000089123	TASP1	212	232	250	199	188	138	155	177
ENSG00000089127	OAS1	192	151	151	115	95	263	72	140
ENSG00000089154	GCN1	3323	3724	4591	2878	1841	1717	2131	1834
ENSG00000089157	RPLP0	54494	71726	74172	64948	50371	35555	43207	56974
ENSG00000089159	PXN	6187	7138	7860	6633	3870	5622	5863	5540
ENSG00000089163	SIRT4	15	25	16	11	16	17	6	18
ENSG00000089169	RPH3A	0	0	0	0	0	0	0	1
ENSG00000089177	KIF16B	344	505	429	361	247	168	322	187
ENSG00000089195	TRMT6	1921	2078	2104	1616	1177	1098	1037	1431
ENSG00000089199	CHGB	374	608	246	343	715	324	48	932
ENSG00000089220	PEBP1	2500	2780	3143	2735	1969	2368	1572	2755
ENSG00000089225	TBX5	0	0	0	0	0	0	0	0
ENSG00000089234	BRAP	600	661	731	514	368	379	345	380
ENSG00000089248	ERP29	1572	2064	1864	1602	1224	1177	1607	1450
ENSG00000089250	NOS1	115	1	0	2	4	38	0	8
ENSG00000089280	FUS	10628	11715	12976	9644	6981	4971	5866	6842
ENSG00000089289	IGBP1	1021	1531	1592	1236	1140	868	905	1279
ENSG00000089327	FXYD5	1935	2254	2320	2091	1816	1568	2348	1997
ENSG00000089335	ZNF302	323	420	380	290	325	283	188	318
ENSG00000089351	GRAMD1A	2152	2575	2655	1822	1637	1154	997	1549
ENSG00000089356	FXYD3	75	31	9	11	143	204	17	158
ENSG00000089472	HEPH	0	0	0	2	0	1	0	0
ENSG00000089486	CDIP1	464	466	447	391	333	352	239	423
ENSG00000089505	CMTM1	49	60	51	39	25	32	41	31
ENSG00000089558	KCNH4	1	0	2	2	3	0	0	0
ENSG00000089597	GANAB	9500	12129	11950	8976	8842	5975	6642	8857
ENSG00000089639	GMIP	623	572	698	390	403	327	282	314
ENSG00000089682	RBM41	315	373	282	244	280	287	274	231
ENSG00000089685	BIRC5	1633	1762	2451	1945	1683	882	1296	1404
ENSG00000089692	LAG3	13	8	18	9	0	8	12	4
ENSG00000089693	MLF2	6439	6585	7501	6609	3758	4023	3774	4707
ENSG00000089723	OTUB2	67	79	70	54	46	35	41	32
ENSG00000089737	DDX24	1641	1815	2004	1421	1130	761	767	1237
ENSG00000089775	ZBTB25	190	315	307	229	247	160	278	158
ENSG00000089818	NECAP1	620	582	531	362	214	252	226	314
ENSG00000089820	ARHGAP4	1190	1452	1541	1067	859	765	723	868
ENSG00000089847	ANKRD24	15	14	20	16	15	21	17	22
ENSG00000089876	DHX32	747	719	802	543	639	488	337	651
ENSG00000089902	RCOR1	667	930	953	733	566	356	454	518
ENSG00000089916	GPATCH2L	528	700	618	446	399	373	424	339
ENSG00000090006	LTBP4	1315	1667	1554	1162	1342	1074	979	1272
ENSG00000090013	BLVRB	176	237	315	176	231	167	139	213
ENSG00000090020	SLC9A1	490	514	712	372	339	266	300	348
ENSG00000090054	SPTLC1	890	1158	1334	836	1034	643	679	889
ENSG00000090060	PAPOLA	2272	2417	2469	2162	1528	1322	1491	1494
ENSG00000090061	CCNK	1002	1144	1408	1151	730	619	726	765
ENSG00000090097	PCBP4	2670	3338	3794	2933	2149	1826	1763	2951
ENSG00000090104	RGS1	0	1	0	1	0	4	0	0
ENSG00000090238	YPEL3	475	737	534	606	506	561	499	501
ENSG00000090263	MRPS33	783	894	821	795	556	445	484	624
ENSG00000090266	NDUFB2	1821	1927	1865	1674	1185	1217	1171	1679
ENSG00000090273	NUDC	5189	6110	7008	5299	3892	3509	4397	4193
ENSG00000090316	MAEA	1476	1400	1434	1225	876	781	774	964
ENSG00000090339	ICAM1	745	1399	1295	708	1067	660	783	1237
ENSG00000090372	STRN4	2200	2201	2720	1794	1689	1491	1201	1810
ENSG00000090376	IRAK3	1	2	3	0	0	1	5	0
ENSG00000090382	LYZ	48	52	30	37	60	113	60	103
ENSG00000090432	MUL1	958	1064	1117	763	621	487	526	603
ENSG00000090447	TFAP4	892	1131	1126	990	813	597	763	819
ENSG00000090470	PDCD7	1365	1450	1476	1210	1099	1065	1068	1125
ENSG00000090487	SPG21	1828	2090	1954	1763	1664	1318	1444	1711
ENSG00000090512	FETUB	0	0	0	0	0	0	0	0
ENSG00000090520	DNAJB11	728	758	782	736	634	600	559	667
ENSG00000090530	P3H2	68	166	167	99	99	16	23	27
ENSG00000090534	THPO	0	2	3	0	0	1	0	0
ENSG00000090539	CHRD	0	6	4	4	4	2	1	4
ENSG00000090554	FLT3LG	95	185	170	83	118	72	85	94
ENSG00000090565	RAB11FIP3	956	1131	1434	908	687	465	722	615
ENSG00000090581	GNPTG	507	609	581	513	474	467	448	583
ENSG00000090612	ZNF268	268	346	396	263	205	280	210	199
ENSG00000090615	GOLGA3	1733	1791	1906	1288	1009	877	1213	840
ENSG00000090621	PABPC4	7905	10082	9995	7599	7182	5338	5953	6136
ENSG00000090659	CD209	2	2	5	2	0	0	5	0
ENSG00000090661	CERS4	0	0	3	7	12	15	0	10
ENSG00000090674	MCOLN1	527	474	528	479	454	403	341	427
ENSG00000090686	USP48	809	1201	1107	795	734	549	645	581
ENSG00000090776	EFNB1	784	656	771	1186	352	126	171	167
ENSG00000090857	PDPR	2364	2712	2835	1713	1739	1290	1647	1361
ENSG00000090861	AARS1	2758	2657	3777	2530	1683	1351	2220	1774
ENSG00000090863	GLG1	2202	2981	2629	2272	2414	1919	2291	2400
ENSG00000090889	KIF4A	1115	1160	1285	979	833	592	628	793
ENSG00000090905	TNRC6A	1848	1948	1962	1445	1149	1495	1394	1044
ENSG00000090924	PLEKHG2	599	745	668	483	452	454	385	382
ENSG00000090932	DLL3	137	97	113	93	143	113	63	147
ENSG00000090971	NAT14	1309	1615	1422	1165	1049	1141	557	1193
ENSG00000090975	PITPNM2	350	384	340	305	156	170	227	170
ENSG00000090989	EXOC1	899	1061	1143	863	701	517	627	524
ENSG00000091009	RBM27	1208	1455	1508	1132	934	634	829	658
ENSG00000091010	POU4F3	3	9	6	5	1	2	1	4
ENSG00000091039	OSBPL8	1330	1427	1602	1294	906	1002	1014	1004
ENSG00000091073	DTX2	488	599	700	444	318	130	246	194
ENSG00000091106	NLRC4	2	0	7	8	2	5	5	5
ENSG00000091127	PUS7	841	986	1114	907	679	428	570	670
ENSG00000091128	LAMB4	11	17	11	17	15	17	19	13
ENSG00000091129	NRCAM	11	2	15	3	10	7	0	4
ENSG00000091136	LAMB1	5581	8047	8661	4689	6567	2079	3395	3927
ENSG00000091137	SLC26A4	62	59	48	52	58	29	40	16
ENSG00000091138	SLC26A3	0	0	0	0	0	0	0	0
ENSG00000091140	DLD	1646	2053	2124	1738	1322	1090	1052	1283
ENSG00000091157	WDR7	470	496	611	330	304	146	305	157
ENSG00000091164	TXNL1	1855	2384	2401	1928	1339	619	1354	984
ENSG00000091181	IL5RA	0	2	0	0	5	1	0	0
ENSG00000091262	ABCC6	9	2	7	0	4	7	5	10
ENSG00000091317	CMTM6	2159	2646	2804	2064	1978	1620	1710	2079
ENSG00000091409	ITGA6	2593	2430	2458	2057	2608	3234	1886	3576
ENSG00000091428	RAPGEF4	28	18	35	34	24	32	16	25
ENSG00000091436	MAP3K20	929	1018	1067	786	648	550	582	573
ENSG00000091482	SMPX	6	3	0	3	2	3	0	4
ENSG00000091483	FH	2129	2489	2473	1949	1497	1048	1341	1447
ENSG00000091490	SEL1L3	231	134	89	31	206	223	41	522
ENSG00000091513	TF	190	241	173	171	158	277	251	165
ENSG00000091527	CDV3	3763	4510	4840	4323	3089	1860	3189	2363
ENSG00000091536	MYO15A	14	22	3	9	30	53	0	23
ENSG00000091542	ALKBH5	1568	1712	2086	1591	1352	822	964	1339
ENSG00000091583	APOH	0	0	0	0	0	0	0	0
ENSG00000091592	NLRP1	163	141	105	89	87	61	93	49
ENSG00000091622	PITPNM3	149	271	285	207	151	78	114	94
ENSG00000091640	SPAG7	1007	1213	1089	1037	809	957	914	1008
ENSG00000091651	ORC6	512	491	616	477	453	381	519	389
ENSG00000091656	ZFHX4	538	639	466	497	533	637	319	376
ENSG00000091704	CPA1	0	0	1	0	0	0	0	0
ENSG00000091732	ZC3HC1	534	617	609	516	363	323	352	427
ENSG00000091831	ESR1	11	10	10	9	10	6	7	7
ENSG00000091844	RGS17	225	274	134	164	254	346	237	428
ENSG00000091879	ANGPT2	3	7	1	3	7	20	5	1
ENSG00000091947	TMEM101	773	1187	1182	998	922	673	739	836
ENSG00000091972	CD200	7	1	0	12	4	20	9	4
ENSG00000091986	CCDC80	1361	1382	1320	893	778	475	541	256
ENSG00000092009	CMA1	0	0	1	0	0	0	0	0
ENSG00000092010	PSME1	1611	2164	2218	1873	1535	1009	1249	1397
ENSG00000092020	PPP2R3C	285	336	414	296	319	176	255	284
ENSG00000092036	HAUS4	747	1081	912	868	720	355	725	488
ENSG00000092051	JPH4	10	22	19	8	3	16	1	2
ENSG00000092054	MYH7	0	0	0	0	0	0	1	0
ENSG00000092067	CEBPE	1	0	0	0	0	0	0	0
ENSG00000092068	SLC7A8	46	44	67	19	11	31	21	21
ENSG00000092094	OSGEP	117	125	149	117	83	72	82	84
ENSG00000092096	SLC22A17	4	11	6	0	14	0	0	0
ENSG00000092098	RNF31	734	603	987	637	413	158	263	276
ENSG00000092108	SCFD1	696	831	818	625	489	429	360	525
ENSG00000092140	G2E3	364	444	397	305	262	225	273	226
ENSG00000092148	HECTD1	856	871	1008	621	644	333	439	328
ENSG00000092199	HNRNPC	13381	15979	16411	13923	11420	9867	10335	12437
ENSG00000092200	RPGRIP1	2	3	6	3	1	4	2	2
ENSG00000092201	SUPT16H	4071	4489	5694	3304	2845	1605	2061	2225
ENSG00000092203	TOX4	871	1083	1206	873	815	557	559	669
ENSG00000092208	GEMIN2	207	212	185	178	118	84	133	154
ENSG00000092295	TGM1	62	52	64	54	17	6	30	6
ENSG00000092330	TINF2	553	589	625	540	424	262	303	413
ENSG00000092345	DAZL	0	0	0	0	0	0	0	0
ENSG00000092377	TBL1Y	5	1	2	6	2	1	4	5
ENSG00000092421	SEMA6A	193	158	131	112	149	276	102	194
ENSG00000092439	TRPM7	906	1010	969	752	721	590	632	635
ENSG00000092445	TYRO3	354	326	414	385	291	212	262	233
ENSG00000092470	WDR76	429	413	506	403	457	189	351	290
ENSG00000092529	CAPN3	25	17	10	0	32	22	35	30
ENSG00000092531	SNAP23	1149	1138	1097	940	978	786	856	969
ENSG00000092607	TBX15	17	15	10	21	28	30	12	11
ENSG00000092621	PHGDH	1304	1878	2363	1520	1749	1244	1742	1338
ENSG00000092758	COL9A3	5065	5869	4148	4981	5247	9027	6196	9540
ENSG00000092820	EZR	4100	6080	6796	5118	4677	1779	3588	2503
ENSG00000092841	MYL6	9602	11405	10766	10953	7496	8084	8316	9486
ENSG00000092847	AGO1	1631	1879	2073	1458	1386	959	1225	1057
ENSG00000092850	TEKT2	1	1	0	0	2	0	0	3
ENSG00000092853	CLSPN	1207	1190	1372	1177	1036	952	1253	812
ENSG00000092871	RFFL	661	933	1002	810	655	445	611	499
ENSG00000092929	UNC13D	263	582	615	435	81	63	276	95
ENSG00000092931	MFSD11	438	391	419	365	319	345	349	270
ENSG00000092964	DPYSL2	1514	1845	1611	1717	1234	590	1066	796
ENSG00000092969	TGFB2	45	53	57	32	56	32	9	50
ENSG00000092978	GPATCH2	746	675	629	472	513	558	447	478
ENSG00000093000	NUP50	1915	1800	1735	1495	1131	1186	974	1397
ENSG00000093009	CDC45	344	411	507	463	378	212	331	331
ENSG00000093010	COMT	1320	1524	1445	1330	956	757	890	860
ENSG00000093072	ADA2	0	0	1	2	0	3	2	0
ENSG00000093144	ECHDC1	1401	1377	1454	1277	794	723	848	852
ENSG00000093167	LRRFIP2	1192	1424	1694	1388	978	549	1203	668
ENSG00000093183	SEC22C	955	1029	1094	882	866	470	669	664
ENSG00000093217	XYLB	190	267	206	122	167	108	188	158
ENSG00000094631	HDAC6	405	492	500	375	223	77	189	184
ENSG00000094661	OR1I1	6	6	3	10	6	14	14	5
ENSG00000094755	GABRP	96	128	102	114	97	22	81	31
ENSG00000094796	KRT31	0	0	0	0	0	0	0	2
ENSG00000094804	CDC6	835	808	1190	798	713	490	543	607
ENSG00000094841	UPRT	226	271	263	228	256	151	156	219
ENSG00000094880	CDC23	874	1023	1225	888	677	542	563	657
ENSG00000094914	AAAS	980	1201	1267	957	592	505	629	704
ENSG00000094916	CBX5	3135	3519	3433	3071	1728	1788	2061	1834
ENSG00000094963	FMO2	0	0	0	0	0	0	1	0
ENSG00000094975	SUCO	1618	1967	1809	1521	1311	1249	1388	1294
ENSG00000095002	MSH2	1436	1520	1709	1360	1073	753	656	834
ENSG00000095015	MAP3K1	196	228	197	140	201	91	82	155
ENSG00000095059	DHPS	1290	1812	1412	1322	1679	1062	1114	1512
ENSG00000095066	HOOK2	300	402	415	253	342	227	121	225
ENSG00000095110	NXPE1	0	0	0	0	0	0	0	0
ENSG00000095139	ARCN1	4490	4910	5260	4041	3435	2335	2635	2858
ENSG00000095203	EPB41L4B	105	174	237	156	61	29	72	30
ENSG00000095209	TMEM38B	336	366	432	309	310	228	314	310
ENSG00000095261	PSMD5	733	875	985	648	636	454	512	570
ENSG00000095303	PTGS1	26	168	149	133	105	32	103	58
ENSG00000095319	NUP188	1582	1814	2365	1255	1190	892	1067	1207
ENSG00000095321	CRAT	417	576	790	397	511	261	249	490
ENSG00000095370	SH2D3C	12	18	31	33	10	16	14	6
ENSG00000095380	NANS	1307	1666	1923	1329	1298	766	1127	1174
ENSG00000095383	TBC1D2	382	639	895	550	545	94	339	162
ENSG00000095397	WHRN	290	386	403	236	340	265	292	280
ENSG00000095464	PDE6C	0	0	6	0	1	4	2	1
ENSG00000095485	CWF19L1	677	697	723	569	525	424	320	450
ENSG00000095539	SEMA4G	101	173	118	82	77	93	16	99
ENSG00000095564	BTAF1	1061	1440	1502	1030	1098	727	764	897
ENSG00000095574	IKZF5	407	424	473	314	299	260	198	314
ENSG00000095585	BLNK	1	5	3	2	3	1	1	1
ENSG00000095587	TLL2	10	7	14	4	13	20	2	25
ENSG00000095596	CYP26A1	1	0	0	1	3	7	1	0
ENSG00000095627	TDRD1	2	1	1	2	0	6	8	2
ENSG00000095637	SORBS1	146	102	62	58	205	228	32	176
ENSG00000095713	CRTAC1	0	0	0	0	0	0	0	3
ENSG00000095739	BAMBI	212	86	55	34	135	262	29	315
ENSG00000095752	IL11	2814	1536	1620	1152	2541	1433	1431	1320
ENSG00000095777	MYO3A	0	0	0	0	0	0	0	0
ENSG00000095787	WAC	1435	1863	1824	1152	952	665	849	793
ENSG00000095794	CREM	424	470	460	462	403	428	343	466
ENSG00000095906	NUBP2	1073	1306	1284	1117	811	741	795	955
ENSG00000095917	TPSD1	0	2	0	1	0	0	5	0
ENSG00000095932	SMIM24	1	2	1	0	0	0	0	2
ENSG00000095951	HIVEP1	189	195	234	180	108	81	148	71
ENSG00000095970	TREM2	1	1	0	2	0	0	0	0
ENSG00000096006	CRISP3	0	0	0	0	0	1	0	0
ENSG00000096060	FKBP5	707	731	855	689	420	295	328	431
ENSG00000096063	SRPK1	1579	1878	2003	1597	1149	845	1134	1053
ENSG00000096070	BRPF3	489	516	591	396	297	237	256	204
ENSG00000096080	MRPS18A	637	714	820	727	444	390	384	541
ENSG00000096088	PGC	0	1	0	0	0	0	0	0
ENSG00000096092	TMEM14A	428	342	358	354	211	298	241	328
ENSG00000096093	EFHC1	115	223	216	189	67	90	107	85
ENSG00000096384	HSP90AB1	35254	43984	49713	39894	31708	20499	26597	28010
ENSG00000096395	MLN	0	0	0	0	0	0	0	0
ENSG00000096401	CDC5L	1109	1226	1357	1033	850	656	832	865
ENSG00000096433	ITPR3	2335	3666	3947	2827	3193	1399	3317	1839
ENSG00000096654	ZNF184	150	139	152	104	138	151	87	163
ENSG00000096696	DSP	272	494	390	224	391	187	157	170
ENSG00000096717	SIRT1	448	530	495	370	363	272	255	280
ENSG00000096746	HNRNPH3	1612	1949	1762	1763	1205	1411	1420	1345
ENSG00000096872	IFT74	538	586	606	522	452	372	407	433
ENSG00000096968	JAK2	334	312	304	282	268	218	257	204
ENSG00000096996	IL12RB1	38	28	30	24	24	28	36	25
ENSG00000097007	ABL1	1786	2164	2485	1603	1624	1232	1417	1432
ENSG00000097021	ACOT7	2640	3160	3811	3031	2590	2408	2341	3313
ENSG00000097033	SH3GLB1	1244	1347	1472	1140	1160	850	963	979
ENSG00000097046	CDC7	359	349	432	378	213	213	235	228
ENSG00000097096	SYDE2	40	61	51	41	41	7	32	13
ENSG00000099139	PCSK5	17	12	12	8	13	27	6	14
ENSG00000099194	SCD	6451	7442	7551	6402	6505	2226	5768	3972
ENSG00000099203	TMED1	1103	1270	1339	1069	963	803	580	1126
ENSG00000099204	ABLIM1	1125	1431	1426	911	686	343	291	408
ENSG00000099219	ERMP1	269	493	478	315	260	74	178	80
ENSG00000099246	RAB18	699	721	673	567	463	344	426	401
ENSG00000099250	NRP1	2734	2783	2439	1861	2296	2585	1545	3187
ENSG00000099256	PRTFDC1	6	1	3	4	5	8	2	3
ENSG00000099260	PALMD	2	2	0	2	1	0	0	0
ENSG00000099282	TSPAN15	26	2	13	8	27	35	1	28
ENSG00000099284	MACROH2A2	112	92	73	65	160	110	79	139
ENSG00000099290	WASHC2A	397	501	508	343	303	200	276	280
ENSG00000099308	MAST3	400	355	388	221	260	211	143	227
ENSG00000099326	MZF1	263	316	417	233	282	271	132	312
ENSG00000099330	OCEL1	266	358	292	235	236	150	101	184
ENSG00000099331	MYO9B	2635	2677	3135	1988	2051	1849	1653	1991
ENSG00000099337	KCNK6	75	70	59	44	71	55	30	35
ENSG00000099338	CATSPERG	0	6	0	0	4	1	3	4
ENSG00000099341	PSMD8	3742	4112	4965	3385	3016	2048	1769	3182
ENSG00000099364	FBXL19	2464	2470	2424	2084	1398	1443	1471	1619
ENSG00000099365	STX1B	77	91	105	60	24	25	29	27
ENSG00000099377	HSD3B7	249	358	358	234	145	121	126	116
ENSG00000099381	SETD1A	1370	1288	1498	1029	809	777	857	728
ENSG00000099385	BCL7C	1436	1671	1687	1609	1215	1140	1144	1556
ENSG00000099399	MAGEB2	10	2	24	8	47	5	1	12
ENSG00000099617	EFNA2	0	1	0	0	0	3	2	0
ENSG00000099622	CIRBP	3769	3696	4368	3558	2557	2763	1927	3453
ENSG00000099624	ATP5F1D	1919	2308	2544	2364	1384	1092	1236	1777
ENSG00000099625	CBARP	170	238	210	128	141	184	179	204
ENSG00000099715	PCDH11Y	31	35	24	27	32	60	47	17
ENSG00000099769	IGFALS	9	6	8	6	3	5	6	5
ENSG00000099783	HNRNPM	9193	9881	10942	9436	6388	5209	6178	6298
ENSG00000099785	MARCHF2	158	132	170	135	133	171	64	172
ENSG00000099795	NDUFB7	2753	2797	3123	2692	2140	1952	1467	2616
ENSG00000099797	TECR	3043	2967	3408	2567	2410	1977	1420	2928
ENSG00000099800	TIMM13	1555	1733	1986	1894	1560	1047	1459	1506
ENSG00000099804	CDC34	1734	2209	2387	2206	1600	1026	1430	1502
ENSG00000099810	MTAP	2803	2742	2651	2424	2439	2491	2407	2693
ENSG00000099812	MISP	418	612	574	499	308	25	296	51
ENSG00000099814	CEP170B	904	806	914	716	715	629	653	575
ENSG00000099817	POLR2E	840	791	1115	852	424	318	336	444
ENSG00000099821	POLRMT	2096	2168	2593	1814	1443	1076	1371	1545
ENSG00000099822	HCN2	73	64	58	47	60	71	30	160
ENSG00000099834	CDHR5	0	4	5	0	3	2	7	3
ENSG00000099840	IZUMO4	21	54	48	45	40	32	40	27
ENSG00000099849	RASSF7	356	800	702	717	491	398	395	395
ENSG00000099860	GADD45B	343	595	699	404	370	82	487	180
ENSG00000099864	PALM	32	66	70	27	94	44	18	52
ENSG00000099866	MADCAM1	11	13	15	12	6	7	8	13
ENSG00000099875	MKNK2	1925	2921	3376	2537	1769	774	1921	1153
ENSG00000099889	ARVCF	47	71	108	42	49	10	29	31
ENSG00000099899	TRMT2A	974	1009	1100	798	564	497	382	687
ENSG00000099901	RANBP1	3473	3841	4021	3641	2570	2044	2553	2743
ENSG00000099904	ZDHHC8	907	1089	1139	907	763	730	851	711
ENSG00000099910	KLHL22	130	153	177	159	130	104	81	120
ENSG00000099917	MED15	1469	2057	2185	1437	1403	687	958	1137
ENSG00000099937	SERPIND1	27	17	29	15	17	44	18	32
ENSG00000099940	SNAP29	677	618	724	577	514	414	405	402
ENSG00000099942	CRKL	997	1518	1479	1073	1057	480	787	692
ENSG00000099949	LZTR1	552	613	602	488	438	416	315	345
ENSG00000099953	MMP11	119	116	108	107	81	139	50	97
ENSG00000099954	CECR2	0	0	0	0	7	0	0	0
ENSG00000099956	SMARCB1	1853	2117	2672	2365	1507	1204	1356	1715
ENSG00000099957	P2RX6	54	33	16	47	29	60	8	18
ENSG00000099958	DERL3	0	0	0	0	0	0	0	0
ENSG00000099960	SLC7A4	0	0	2	0	0	0	0	0
ENSG00000099968	BCL2L13	468	616	568	450	401	327	320	336
ENSG00000099974	DDTL	0	21	0	0	0	20	11	0
ENSG00000099977	DDT	1256	1821	1772	1454	1202	799	1022	1393
ENSG00000099985	OSM	0	0	0	0	0	0	0	0
ENSG00000099991	CABIN1	970	1186	1350	956	783	671	701	756
ENSG00000099992	TBC1D10A	249	274	336	261	256	241	240	284
ENSG00000099994	SUSD2	188	217	222	183	293	465	77	849
ENSG00000099995	SF3A1	2995	3384	4141	2663	2311	1529	1961	1837
ENSG00000099998	GGT5	72	91	108	57	12	48	97	40
ENSG00000099999	RNF215	348	432	368	345	296	284	237	316
ENSG00000100003	SEC14L2	253	348	302	190	308	319	110	525
ENSG00000100012	SEC14L3	0	0	1	0	0	0	0	2
ENSG00000100014	SPECC1L	944	979	1189	795	606	456	546	575
ENSG00000100023	PPIL2	433	441	640	397	283	194	75	299
ENSG00000100024	UPB1	3	0	0	0	0	0	0	0
ENSG00000100027	YPEL1	0	11	27	12	28	18	24	17
ENSG00000100028	SNRPD3	1742	1893	1966	1583	1193	1120	1182	1408
ENSG00000100029	PES1	3334	3951	4357	3600	2644	1675	2387	2656
ENSG00000100030	MAPK1	1506	1782	1725	1524	1216	836	1022	1068
ENSG00000100031	GGT1	19	26	20	27	21	38	13	19
ENSG00000100033	PRODH	0	0	0	0	0	0	1	0
ENSG00000100034	PPM1F	1678	1704	2033	1311	1112	900	979	1224
ENSG00000100036	SLC35E4	383	338	348	296	236	258	211	352
ENSG00000100038	TOP3B	284	285	329	217	183	206	169	226
ENSG00000100053	CRYBB3	2	4	5	7	0	0	3	3
ENSG00000100055	CYTH4	13	16	21	8	6	5	13	11
ENSG00000100056	ESS2	60	56	17	28	31	28	23	19
ENSG00000100060	MFNG	21	36	12	15	19	8	42	5
ENSG00000100065	CARD10	389	970	1232	823	516	81	582	104
ENSG00000100075	SLC25A1	2117	2687	2944	2226	1593	1054	1429	1639
ENSG00000100077	GRK3	35	35	48	39	37	44	34	18
ENSG00000100078	PLA2G3	14	14	17	20	14	19	63	21
ENSG00000100079	LGALS2	0	1	0	1	0	1	0	0
ENSG00000100083	GGA1	1064	1244	1357	933	833	767	946	766
ENSG00000100084	HIRA	1004	878	1017	824	549	438	446	589
ENSG00000100092	SH3BP1	528	543	657	578	239	270	255	288
ENSG00000100097	LGALS1	10880	14022	14629	15025	12541	8764	10767	14266
ENSG00000100099	HPS4	354	333	381	384	199	156	137	121
ENSG00000100100	PIK3IP1	2	10	16	10	18	14	1	0
ENSG00000100104	SRRD	376	322	353	327	309	218	295	228
ENSG00000100105	PATZ1	1050	1196	1243	939	681	497	597	732
ENSG00000100106	TRIOBP	2152	2993	3139	2170	1793	2019	1742	2356
ENSG00000100109	TFIP11	627	631	741	566	402	359	311	407
ENSG00000100116	GCAT	226	331	404	294	189	151	138	229
ENSG00000100121	GGTLC2	0	2	4	1	1	6	2	1
ENSG00000100124	ANKRD54	829	757	772	664	657	662	396	768
ENSG00000100129	EIF3L	4628	5607	5955	4113	3866	2344	2845	3112
ENSG00000100138	SNU13	2775	3202	3063	2743	2039	1732	1995	2295
ENSG00000100139	MICALL1	2144	2377	3266	2339	1616	907	1605	1115
ENSG00000100142	POLR2F	2133	1982	2186	1954	1385	1482	1208	2161
ENSG00000100146	SOX10	2308	2024	1769	939	1893	3123	835	4368
ENSG00000100147	CCDC134	266	273	291	176	216	149	138	154
ENSG00000100150	DEPDC5	132	136	179	117	128	69	109	111
ENSG00000100151	PICK1	373	440	485	369	305	310	238	323
ENSG00000100154	TTC28	142	204	176	100	91	102	42	123
ENSG00000100156	SLC16A8	23	21	16	9	16	22	11	8
ENSG00000100162	CENPM	206	222	232	262	203	115	182	182
ENSG00000100167	SEPTIN3	12	17	5	3	47	17	2	29
ENSG00000100170	SLC5A1	1	2	1	1	1	1	1	0
ENSG00000100191	SLC5A4	0	1	1	0	0	1	2	0
ENSG00000100196	KDELR3	416	374	418	415	381	372	240	473
ENSG00000100197	CYP2D6	3	7	0	2	3	6	0	3
ENSG00000100201	DDX17	4752	6148	5675	4725	4409	4027	4402	3649
ENSG00000100206	DMC1	25	32	21	28	18	10	11	19
ENSG00000100207	TCF20	761	871	967	636	607	404	552	466
ENSG00000100209	HSCB	167	251	221	245	152	88	106	147
ENSG00000100211	CBY1	247	276	287	240	179	171	181	228
ENSG00000100216	TOMM22	2753	3116	3441	2949	2115	1398	1920	2117
ENSG00000100218	RSPH14	1	0	0	1	1	1	0	3
ENSG00000100219	XBP1	727	833	852	763	826	621	802	619
ENSG00000100220	RTCB	1323	1562	1872	1451	1132	644	930	960
ENSG00000100221	JOSD1	1137	1318	1350	1116	1065	728	878	863
ENSG00000100225	FBXO7	825	914	981	900	691	409	559	746
ENSG00000100226	GTPBP1	752	835	1094	758	652	547	591	532
ENSG00000100227	POLDIP3	1510	1837	2059	1519	1476	802	1034	1134
ENSG00000100228	RAB36	302	284	295	225	179	260	126	297
ENSG00000100234	TIMP3	5581	6143	6075	5830	5152	2462	2421	5286
ENSG00000100239	PPP6R2	664	664	922	591	492	517	372	551
ENSG00000100241	SBF1	1772	1693	2185	1374	1283	746	915	1003
ENSG00000100242	SUN2	998	1356	1354	1160	1286	816	1155	909
ENSG00000100243	CYB5R3	2125	2514	2814	2255	1713	1362	1239	2142
ENSG00000100246	DNAL4	234	335	318	214	163	163	161	219
ENSG00000100253	MIOX	19	11	6	10	4	24	16	12
ENSG00000100258	LMF2	822	918	914	769	733	589	643	675
ENSG00000100263	RHBDD3	123	124	128	99	101	129	92	128
ENSG00000100266	PACSIN2	1045	1377	1526	1144	967	647	866	765
ENSG00000100271	TTLL1	71	72	55	55	60	76	24	82
ENSG00000100276	RASL10A	19	20	20	15	8	29	14	17
ENSG00000100280	AP1B1	2631	2632	3372	2149	1621	1616	1302	2199
ENSG00000100281	HMGXB4	550	470	748	400	279	513	307	403
ENSG00000100284	TOM1	476	617	709	529	374	257	330	384
ENSG00000100285	NEFH	7	7	6	3	3	4	0	4
ENSG00000100288	CHKB	43	113	85	73	85	41	34	45
ENSG00000100290	BIK	115	227	150	265	129	40	259	73
ENSG00000100292	HMOX1	236	310	425	417	214	152	299	232
ENSG00000100294	MCAT	534	551	670	612	332	239	309	405
ENSG00000100296	THOC5	2568	2803	3139	2460	1969	1184	1565	1775
ENSG00000100297	MCM5	1498	1440	1980	1424	1235	1014	999	1427
ENSG00000100298	APOBEC3H	7	5	9	5	5	7	4	9
ENSG00000100299	ARSA	170	194	207	184	174	160	180	183
ENSG00000100300	TSPO	1893	2453	2553	2497	1832	1702	1491	2422
ENSG00000100302	RASD2	23	35	7	17	38	61	14	144
ENSG00000100304	TTLL12	2007	2295	2680	2080	1370	736	1254	1276
ENSG00000100307	CBX7	217	317	323	277	259	187	199	204
ENSG00000100311	PDGFB	42	82	54	67	138	1	97	33
ENSG00000100312	ACR	0	0	0	0	0	0	0	0
ENSG00000100314	CABP7	7	1	2	5	8	2	2	3
ENSG00000100316	RPL3	38137	55183	57016	45072	42910	28487	31899	43814
ENSG00000100319	ZMAT5	224	282	287	308	232	168	146	231
ENSG00000100320	RBFOX2	2245	2718	2980	2228	1654	1258	1495	1280
ENSG00000100321	SYNGR1	360	509	619	454	376	231	177	279
ENSG00000100324	TAB1	644	776	884	589	549	365	418	496
ENSG00000100325	ASCC2	1155	1236	1436	951	756	593	684	835
ENSG00000100330	MTMR3	507	608	611	423	459	277	420	341
ENSG00000100335	MIEF1	1340	1250	1439	1157	869	673	755	808
ENSG00000100336	APOL4	15	22	11	22	13	19	27	10
ENSG00000100342	APOL1	212	219	189	156	176	259	172	222
ENSG00000100344	PNPLA3	132	142	137	120	58	108	190	80
ENSG00000100345	MYH9	7746	10170	12548	8243	7728	2393	6088	3465
ENSG00000100346	CACNA1I	2	4	6	6	6	1	0	0
ENSG00000100347	SAMM50	1410	1471	1563	1247	848	689	588	976
ENSG00000100348	TXN2	1835	2003	2169	1791	1289	1220	1068	1583
ENSG00000100350	FOXRED2	763	884	925	631	552	412	367	469
ENSG00000100351	GRAP2	10	16	15	15	16	22	9	10
ENSG00000100353	EIF3D	3235	4693	4719	3888	3120	1800	2935	2904
ENSG00000100354	TNRC6B	866	967	908	770	717	784	668	646
ENSG00000100359	SGSM3	558	625	592	475	378	406	340	464
ENSG00000100360	IFT27	56	54	63	59	49	52	20	47
ENSG00000100362	PVALB	0	1	0	0	0	0	0	0
ENSG00000100364	KIAA0930	751	723	853	647	453	485	327	673
ENSG00000100365	NCF4	22	24	10	9	28	10	31	12
ENSG00000100368	CSF2RB	2	4	4	0	0	0	0	0
ENSG00000100372	SLC25A17	598	651	651	553	446	445	342	586
ENSG00000100373	UPK3A	0	0	0	0	0	0	0	0
ENSG00000100376	FAM118A	205	215	315	224	140	101	114	103
ENSG00000100379	KCTD17	473	527	544	516	335	298	311	371
ENSG00000100380	ST13	5184	6675	6674	5504	4922	3268	3506	5020
ENSG00000100385	IL2RB	0	0	0	0	0	0	0	0
ENSG00000100387	RBX1	1074	973	1134	1108	841	850	779	1014
ENSG00000100393	EP300	1051	1148	1121	861	810	623	612	620
ENSG00000100395	L3MBTL2	402	364	418	338	251	280	236	367
ENSG00000100399	CHADL	9	5	4	6	4	9	2	9
ENSG00000100401	RANGAP1	4396	4828	5582	4338	3498	2502	3447	2699
ENSG00000100403	ZC3H7B	1407	1669	1841	1355	1239	799	1206	881
ENSG00000100410	PHF5A	941	1041	973	982	683	614	653	790
ENSG00000100412	ACO2	895	1135	1259	829	568	468	524	760
ENSG00000100413	POLR3H	883	835	926	688	491	445	374	662
ENSG00000100416	TRMU	313	303	374	346	214	147	188	250
ENSG00000100417	PMM1	271	352	339	332	327	209	199	293
ENSG00000100418	DESI1	815	914	969	793	609	510	550	704
ENSG00000100422	CERK	970	882	881	821	607	654	618	803
ENSG00000100425	BRD1	294	340	447	260	276	177	204	234
ENSG00000100426	ZBED4	552	628	632	490	450	288	401	342
ENSG00000100427	MLC1	2	11	9	5	4	3	8	5
ENSG00000100429	HDAC10	397	419	348	308	246	424	287	253
ENSG00000100433	KCNK10	0	0	0	0	0	0	0	2
ENSG00000100439	ABHD4	203	252	231	229	183	177	121	173
ENSG00000100441	KHNYN	992	1204	1156	948	884	604	613	784
ENSG00000100442	FKBP3	1457	1546	1517	1362	1109	1146	1064	1404
ENSG00000100445	SDR39U1	714	824	811	739	418	386	437	482
ENSG00000100450	GZMH	0	0	0	0	0	0	0	0
ENSG00000100453	GZMB	0	0	0	0	0	0	0	0
ENSG00000100461	RBM23	1115	1149	1179	1081	788	545	794	739
ENSG00000100462	PRMT5	2192	2461	2979	2323	1823	944	1419	1560
ENSG00000100473	COCH	58	56	69	33	73	131	67	189
ENSG00000100478	AP4S1	125	125	142	106	106	79	79	102
ENSG00000100479	POLE2	125	164	160	124	102	67	100	115
ENSG00000100483	VCPKMT	24	8	33	25	10	3	11	38
ENSG00000100485	SOS2	296	258	261	215	176	163	190	198
ENSG00000100490	CDKL1	223	242	284	191	170	79	131	106
ENSG00000100503	NIN	781	753	655	502	608	399	531	551
ENSG00000100504	PYGL	1435	2175	1877	1474	1332	1094	882	1776
ENSG00000100505	TRIM9	301	186	121	97	224	199	65	472
ENSG00000100519	PSMC6	1119	1126	1164	1126	853	763	739	862
ENSG00000100522	GNPNAT1	1361	1466	1574	1254	889	676	886	810
ENSG00000100523	DDHD1	373	425	410	285	309	278	293	258
ENSG00000100526	CDKN3	415	422	529	428	291	162	249	238
ENSG00000100528	CNIH1	1334	1627	1507	1421	1210	863	875	1108
ENSG00000100532	CGRRF1	84	89	108	125	86	76	89	96
ENSG00000100554	ATP6V1D	798	863	913	748	579	579	653	683
ENSG00000100557	CCDC198	1	0	2	0	1	1	1	1
ENSG00000100558	PLEK2	10	7	4	7	19	121	10	61
ENSG00000100564	PIGH	286	319	292	250	214	175	151	200
ENSG00000100567	PSMA3	1428	1426	1501	1366	1002	896	962	1109
ENSG00000100568	VTI1B	686	806	675	681	520	459	512	526
ENSG00000100575	TIMM9	334	459	390	415	313	224	286	288
ENSG00000100577	GSTZ1	318	352	400	329	209	197	167	252
ENSG00000100578	KIAA0586	446	439	397	334	285	218	244	251
ENSG00000100580	TMED8	673	724	700	494	540	391	530	453
ENSG00000100583	SAMD15	119	88	105	103	106	90	62	110
ENSG00000100591	AHSA1	2006	2130	2181	1825	1338	1246	1164	1571
ENSG00000100592	DAAM1	223	227	265	226	237	120	139	63
ENSG00000100593	ISM2	2	0	5	3	1	0	0	5
ENSG00000100596	SPTLC2	875	927	891	795	652	414	552	495
ENSG00000100599	RIN3	404	404	455	413	265	209	267	251
ENSG00000100600	LGMN	258	310	330	288	182	118	152	156
ENSG00000100601	ALKBH1	187	207	210	131	78	74	75	91
ENSG00000100603	SNW1	1461	1822	1872	1515	1298	962	1091	1262
ENSG00000100605	ITPK1	491	589	677	617	428	319	335	386
ENSG00000100612	DHRS7	334	287	267	250	236	159	147	227
ENSG00000100614	PPM1A	582	625	658	578	438	347	384	452
ENSG00000100625	SIX4	225	321	289	237	217	193	230	145
ENSG00000100626	GALNT16	11	9	10	9	10	17	10	4
ENSG00000100628	ASB2	19	4	5	0	9	0	0	30
ENSG00000100629	CEP128	102	121	110	97	89	71	119	72
ENSG00000100632	ERH	5054	5256	5399	5099	3627	3411	3240	4347
ENSG00000100644	HIF1A	2952	3671	3806	2621	2826	1919	2161	2232
ENSG00000100647	SUSD6	202	175	168	114	164	157	104	136
ENSG00000100650	SRSF5	1936	2335	2915	2073	1737	1477	1605	1852
ENSG00000100652	SLC10A1	1	0	0	0	6	1	1	0
ENSG00000100664	EIF5	3043	2867	3638	2969	2269	1833	2156	2469
ENSG00000100665	SERPINA4	0	0	0	0	0	0	0	0
ENSG00000100678	SLC8A3	1	0	1	0	1	0	0	1
ENSG00000100697	DICER1	715	610	752	495	520	453	420	341
ENSG00000100711	ZFYVE21	206	278	300	262	143	186	179	188
ENSG00000100714	MTHFD1	1752	1876	2292	1373	1203	506	623	943
ENSG00000100722	ZC3H14	707	761	779	522	517	361	444	452
ENSG00000100726	TELO2	824	892	989	763	613	457	640	678
ENSG00000100731	PCNX1	660	902	806	584	549	472	498	465
ENSG00000100739	BDKRB1	29	13	0	1	1	0	6	3
ENSG00000100744	GSKIP	683	575	611	466	454	383	315	392
ENSG00000100749	VRK1	498	492	624	598	355	338	377	476
ENSG00000100764	PSMC1	1760	1876	1916	1737	1377	910	1165	1390
ENSG00000100767	PAPLN	91	119	101	98	102	99	172	31
ENSG00000100784	RPS6KA5	149	245	211	226	204	213	234	116
ENSG00000100796	PPP4R3A	917	932	990	796	679	477	632	486
ENSG00000100802	C14orf93	156	207	203	167	140	128	145	112
ENSG00000100804	PSMB5	2611	2705	2813	2575	1786	1791	1817	2271
ENSG00000100811	YY1	2419	2755	2788	2318	1930	1601	1681	1824
ENSG00000100813	ACIN1	2975	3424	3745	2632	2105	2015	2137	2163
ENSG00000100814	CCNB1IP1	645	914	837	663	814	402	604	661
ENSG00000100815	TRIP11	537	673	615	435	481	381	393	356
ENSG00000100823	APEX1	2884	3332	3334	3218	2498	1837	2052	2604
ENSG00000100836	PABPN1	4059	4835	4365	4404	3248	3888	3800	3148
ENSG00000100842	EFS	0	0	0	0	0	0	0	0
ENSG00000100852	ARHGAP5	890	979	852	651	791	814	517	802
ENSG00000100865	CINP	416	554	566	477	372	228	320	413
ENSG00000100867	DHRS2	121	74	129	62	38	52	46	47
ENSG00000100883	SRP54	1094	1130	1239	1095	780	704	688	814
ENSG00000100884	CPNE6	1	0	1	0	0	0	0	0
ENSG00000100888	CHD8	1302	1243	1361	942	881	626	638	680
ENSG00000100889	PCK2	299	411	435	370	260	175	252	275
ENSG00000100890	PRORP	453	471	526	473	406	221	292	310
ENSG00000100897	DCAF11	657	507	793	632	454	329	317	478
ENSG00000100902	PSMA6	3285	3899	4294	3786	2654	1869	1999	2641
ENSG00000100906	NFKBIA	609	992	1008	736	914	693	1083	1014
ENSG00000100908	EMC9	333	371	424	375	315	232	212	259
ENSG00000100911	PSME2	1792	1705	1884	1626	1185	1165	1294	1401
ENSG00000100916	BRMS1L	213	200	216	237	142	107	109	157
ENSG00000100918	REC8	22	6	17	7	11	24	7	10
ENSG00000100926	TM9SF1	993	1152	1224	933	832	691	754	840
ENSG00000100934	SEC23A	1134	1308	1494	1219	803	573	712	686
ENSG00000100938	GMPR2	1184	1521	1563	1208	947	613	721	820
ENSG00000100941	PNN	2213	2444	2335	2085	1797	1873	1953	1713
ENSG00000100949	RABGGTA	562	649	705	500	363	259	333	426
ENSG00000100968	NFATC4	307	484	392	308	216	250	126	153
ENSG00000100979	PLTP	3233	4310	3975	2970	2640	1698	1761	3319
ENSG00000100982	PCIF1	976	1233	1318	1083	918	606	698	832
ENSG00000100983	GSS	1789	2027	2133	1828	1224	1178	1116	1515
ENSG00000100985	MMP9	338	198	37	162	44	49	465	40
ENSG00000100991	TRPC4AP	2316	2791	3095	2274	1829	1489	1623	1799
ENSG00000100994	PYGB	8185	8406	8580	6264	7503	8113	5661	11767
ENSG00000100997	ABHD12	1146	1389	1480	1234	1051	617	786	844
ENSG00000101000	PROCR	1306	1316	1181	1059	920	753	894	1078
ENSG00000101003	GINS1	824	745	891	862	622	545	608	527
ENSG00000101004	NINL	28	23	32	26	35	28	15	50
ENSG00000101017	CD40	108	142	73	86	46	23	83	26
ENSG00000101019	UQCC1	976	1105	985	864	697	620	699	660
ENSG00000101040	ZMYND8	2120	3092	2976	2545	1946	2445	1913	2155
ENSG00000101049	SGK2	3	5	1	4	3	3	0	0
ENSG00000101052	IFT52	770	816	916	728	686	391	416	628
ENSG00000101057	MYBL2	1742	1752	2249	1737	1320	794	1106	1280
ENSG00000101074	R3HDML	0	0	0	0	0	0	0	1
ENSG00000101076	HNF4A	0	1	0	2	0	1	0	0
ENSG00000101079	NDRG3	943	1186	1033	953	824	528	510	642
ENSG00000101082	SLA2	6	6	4	4	4	2	1	3
ENSG00000101084	RAB5IF	1587	1474	1538	1568	1054	902	957	1182
ENSG00000101096	NFATC2	353	197	212	172	366	192	154	179
ENSG00000101098	RIMS4	5	0	2	0	0	0	1	0
ENSG00000101104	PABPC1L	125	143	100	89	150	159	215	111
ENSG00000101109	STK4	1757	2133	2025	1674	1405	1039	1365	1081
ENSG00000101115	SALL4	6	8	9	15	4	6	23	4
ENSG00000101126	ADNP	3098	3799	3279	2919	2348	2006	2016	2174
ENSG00000101132	PFDN4	806	884	717	851	747	622	632	751
ENSG00000101134	DOK5	35	19	8	6	2	3	0	3
ENSG00000101138	CSTF1	492	545	532	449	348	339	261	314
ENSG00000101144	BMP7	25	16	38	31	39	114	26	32
ENSG00000101146	RAE1	1376	1482	1660	1315	897	790	940	1058
ENSG00000101150	TPD52L2	4148	5353	5654	4688	3554	2533	3429	2998
ENSG00000101152	DNAJC5	1514	1682	1917	1309	1097	783	1057	1028
ENSG00000101158	NELFCD	2670	2906	3190	2665	1826	1185	1259	2180
ENSG00000101160	CTSZ	4438	4828	4033	3839	4144	5376	2502	6060
ENSG00000101161	PRPF6	3153	3742	3873	3233	2883	2345	2702	2926
ENSG00000101162	TUBB1	14	17	9	10	10	9	3	16
ENSG00000101166	PRELID3B	3562	3853	3357	3204	3019	3694	2357	3925
ENSG00000101180	HRH3	0	1	0	0	0	0	0	1
ENSG00000101181	MTG2	1332	1260	1450	1041	730	659	648	641
ENSG00000101182	PSMA7	7811	7632	8777	8378	5971	5122	5943	6795
ENSG00000101187	SLCO4A1	1089	1419	1492	1199	1299	1339	1273	1386
ENSG00000101188	NTSR1	619	486	164	186	834	962	248	2684
ENSG00000101189	MRGBP	1787	2109	2223	2264	1738	1265	1774	1673
ENSG00000101190	TCFL5	626	772	763	640	460	381	419	541
ENSG00000101191	DIDO1	2108	2467	2109	1736	1586	1388	1483	1483
ENSG00000101193	GID8	1684	1975	1914	1722	1438	1088	1200	1387
ENSG00000101194	SLC17A9	492	568	562	483	365	351	313	504
ENSG00000101197	BIRC7	16	28	3	1	135	125	1	91
ENSG00000101198	NKAIN4	7	0	0	0	6	4	0	2
ENSG00000101199	ARFGAP1	2445	2280	2340	2190	1401	1112	1228	1482
ENSG00000101200	AVP	0	0	0	0	0	0	0	0
ENSG00000101203	COL20A1	6	1	0	0	0	0	0	0
ENSG00000101210	EEF1A2	142	1826	1266	1129	742	74	499	450
ENSG00000101213	PTK6	15	26	15	19	18	16	26	5
ENSG00000101216	GMEB2	467	689	713	508	422	282	407	331
ENSG00000101220	C20orf27	1567	1593	1757	1713	990	813	860	1218
ENSG00000101222	SPEF1	14	29	13	26	23	29	0	13
ENSG00000101224	CDC25B	4391	5530	6013	5093	2966	2492	2728	2653
ENSG00000101230	ISM1	6	7	8	6	5	1	3	0
ENSG00000101236	RNF24	938	1472	1556	1050	947	406	669	802
ENSG00000101246	ARFRP1	521	718	738	627	613	589	789	629
ENSG00000101247	NDUFAF5	97	107	125	116	79	92	98	90
ENSG00000101251	SEL1L2	0	0	0	0	0	0	0	0
ENSG00000101255	TRIB3	1405	1796	2143	1643	1062	644	1424	935
ENSG00000101265	RASSF2	28	17	18	0	27	4	8	7
ENSG00000101266	CSNK2A1	3673	4270	4230	3524	2801	2249	2438	2367
ENSG00000101276	SLC52A3	5	1	3	4	0	2	2	0
ENSG00000101280	ANGPT4	11	3	15	6	1	0	4	0
ENSG00000101282	RSPO4	0	2	1	0	0	0	0	1
ENSG00000101290	CDS2	761	1021	1086	745	629	348	510	496
ENSG00000101292	PROKR2	0	0	0	0	0	0	0	0
ENSG00000101294	HM13	2949	3320	3243	2819	2529	2169	1880	2688
ENSG00000101298	SNPH	235	177	175	137	113	137	103	103
ENSG00000101306	MYLK2	9	17	9	4	7	6	3	0
ENSG00000101307	SIRPB1	88	62	29	25	52	119	27	282
ENSG00000101310	SEC23B	1919	2136	2155	1495	1372	988	1125	1156
ENSG00000101311	FERMT1	406	440	434	312	351	368	260	366
ENSG00000101323	HAO1	10	15	7	9	13	20	21	35
ENSG00000101327	PDYN	0	0	0	0	0	0	0	0
ENSG00000101331	CCM2L	6	0	6	6	0	1	3	0
ENSG00000101333	PLCB4	424	512	563	374	321	224	275	208
ENSG00000101335	MYL9	439	570	628	567	606	460	460	666
ENSG00000101336	HCK	40	36	30	48	36	10	75	36
ENSG00000101337	TM9SF4	1260	1487	1427	1069	1079	694	794	972
ENSG00000101342	TLDC2	7	4	7	4	7	1	7	4
ENSG00000101343	CRNKL1	981	1137	1195	784	770	540	605	707
ENSG00000101346	POFUT1	2020	2145	2225	1736	1647	1099	1078	1407
ENSG00000101347	SAMHD1	682	730	646	546	346	491	384	303
ENSG00000101349	PAK5	0	0	0	0	0	1	0	2
ENSG00000101350	KIF3B	1988	2068	2142	1805	1528	1230	1293	1157
ENSG00000101353	MROH8	24	28	28	14	14	8	5	5
ENSG00000101361	NOP56	2185	2260	2641	1845	1564	1181	1605	1771
ENSG00000101363	MANBAL	1581	1820	2004	1583	1207	872	914	1309
ENSG00000101365	IDH3B	2790	3214	3878	3023	1874	1168	1682	1850
ENSG00000101367	MAPRE1	3482	3426	3411	2939	2569	1830	2056	2549
ENSG00000101384	JAG1	895	510	402	293	817	1296	563	1096
ENSG00000101391	CDK5RAP1	416	526	535	493	295	194	236	289
ENSG00000101400	SNTA1	281	491	489	421	345	162	156	282
ENSG00000101405	OXT	0	0	0	0	0	0	0	0
ENSG00000101407	TTI1	1118	1215	1242	1014	722	457	700	594
ENSG00000101412	E2F1	811	627	837	751	704	574	717	793
ENSG00000101413	RPRD1B	1090	1234	1253	987	859	656	838	718
ENSG00000101417	PXMP4	246	260	310	195	238	211	162	205
ENSG00000101421	CHMP4B	2240	2540	2386	2299	1988	1332	1834	1907
ENSG00000101425	BPI	1	0	1	2	2	7	1	1
ENSG00000101438	SLC32A1	0	0	0	0	0	0	0	0
ENSG00000101439	CST3	4124	3957	4116	3585	3085	3728	2214	4384
ENSG00000101440	ASIP	1	2	1	3	1	2	2	1
ENSG00000101441	CST4	0	4	1	2	1	0	1	0
ENSG00000101442	ACTR5	316	274	315	287	219	171	199	227
ENSG00000101443	WFDC2	1	2	2	0	0	2	0	1
ENSG00000101444	AHCY	4039	4686	4605	4297	4252	2129	1898	3589
ENSG00000101445	PPP1R16B	4	1	3	11	0	1	11	3
ENSG00000101446	SPINT3	0	0	0	0	0	0	0	0
ENSG00000101447	FAM83D	1050	1075	1088	988	559	311	464	541
ENSG00000101448	EPPIN	0	2	1	1	0	2	7	0
ENSG00000101452	DHX35	381	498	510	382	300	249	299	275
ENSG00000101457	DNTTIP1	1775	2370	2195	2216	2068	1497	1938	2617
ENSG00000101460	MAP1LC3A	459	529	512	456	487	465	396	560
ENSG00000101463	SYNDIG1	13	1	1	0	3	0	1	0
ENSG00000101464	PIGU	626	757	777	720	578	508	520	593
ENSG00000101470	TNNC2	14	10	15	33	3	10	11	9
ENSG00000101473	ACOT8	360	396	366	351	326	276	256	311
ENSG00000101474	APMAP	2416	2503	2547	2160	1684	1493	1446	1867
ENSG00000101489	CELF4	11	14	9	12	8	2	6	2
ENSG00000101493	ZNF516	753	762	703	461	334	246	542	234
ENSG00000101542	CDH20	2	3	3	3	7	3	0	0
ENSG00000101544	ADNP2	814	885	1040	676	632	269	659	387
ENSG00000101546	RBFA	842	1021	1229	824	523	215	560	399
ENSG00000101557	USP14	1455	1696	1969	1958	1363	821	1175	1104
ENSG00000101558	VAPA	1581	1838	2076	2194	1681	1098	1379	1357
ENSG00000101574	METTL4	172	147	159	191	171	131	153	120
ENSG00000101577	LPIN2	500	748	891	714	586	393	674	432
ENSG00000101596	SMCHD1	317	404	394	327	334	276	312	249
ENSG00000101605	MYOM1	12	4	6	8	6	4	4	3
ENSG00000101608	MYL12A	2495	3455	3581	3648	2886	1776	2720	2454
ENSG00000101624	CEP76	110	128	166	138	108	69	82	66
ENSG00000101638	ST8SIA5	9	5	5	8	20	14	10	5
ENSG00000101639	CEP192	144	231	351	157	143	95	102	114
ENSG00000101654	RNMT	1053	1538	1674	1440	1326	560	979	807
ENSG00000101665	SMAD7	235	230	152	207	274	94	216	136
ENSG00000101670	LIPG	80	51	56	60	88	74	98	48
ENSG00000101680	LAMA1	79	317	393	52	0	1	3	0
ENSG00000101695	RNF125	305	257	173	94	201	259	116	293
ENSG00000101745	ANKRD12	829	1115	990	1010	1114	993	1034	893
ENSG00000101746	NOL4	11	27	20	8	7	0	0	0
ENSG00000101751	POLI	483	772	773	533	374	181	325	256
ENSG00000101752	MIB1	1855	2425	2370	1428	1280	657	1091	699
ENSG00000101773	RBBP8	1518	1748	2116	1202	1051	474	1031	601
ENSG00000101782	RIOK3	1970	3549	3835	2301	1794	548	1733	951
ENSG00000101811	CSTF2	1010	1058	1180	884	630	459	655	657
ENSG00000101812	H2BW2	5	9	5	10	5	7	8	7
ENSG00000101825	MXRA5	0	0	0	0	3	16	0	0
ENSG00000101842	VSIG1	16	31	19	19	22	31	21	19
ENSG00000101843	PSMD10	1052	1080	1161	1058	849	721	704	948
ENSG00000101844	ATG4A	189	152	150	158	105	129	104	152
ENSG00000101846	STS	11	28	16	20	10	10	12	13
ENSG00000101849	TBL1X	1165	1922	2275	1465	1068	377	629	591
ENSG00000101850	GPR143	1	4	2	3	7	3	2	1
ENSG00000101856	PGRMC1	2234	2560	2744	2611	1744	1278	1785	1507
ENSG00000101868	POLA1	532	563	784	457	481	184	188	310
ENSG00000101871	MID1	1058	1268	1215	999	786	476	541	617
ENSG00000101882	NKAP	692	806	954	717	699	611	621	594
ENSG00000101883	RHOXF1	3	2	4	1	2	1	0	1
ENSG00000101888	NXT2	239	254	265	269	171	112	130	156
ENSG00000101890	GUCY2F	0	0	1	0	0	0	0	0
ENSG00000101892	ATP1B4	1	2	3	0	2	1	1	0
ENSG00000101898	MCTS2	33	42	41	27	28	16	15	28
ENSG00000101901	ALG13	257	361	254	214	259	163	244	258
ENSG00000101911	PRPS2	1272	1491	1704	1502	1173	598	940	933
ENSG00000101916	TLR8	5	3	8	0	1	2	5	1
ENSG00000101928	MOSPD1	202	231	222	171	158	120	98	125
ENSG00000101935	AMMECR1	181	244	268	154	201	184	213	122
ENSG00000101938	CHRDL1	21	28	6	11	47	50	7	159
ENSG00000101940	WDR13	2046	2234	2502	2092	1538	1336	1413	1665
ENSG00000101945	SUV39H1	721	705	780	703	531	367	585	480
ENSG00000101951	PAGE4	0	0	0	0	0	0	0	0
ENSG00000101955	SRPX	3024	2925	2620	2695	2299	2062	3191	2805
ENSG00000101966	XIAP	1634	1425	1501	1247	1308	1373	1179	928
ENSG00000101972	STAG2	1138	1425	1689	870	1073	318	629	676
ENSG00000101974	ATP11C	330	375	405	354	272	226	285	244
ENSG00000101977	MCF2	4	0	1	4	4	1	3	2
ENSG00000101981	F9	0	0	0	0	0	0	0	0
ENSG00000101986	ABCD1	484	426	458	331	339	334	193	333
ENSG00000101997	CCDC22	426	568	638	474	374	287	370	382
ENSG00000102001	CACNA1F	0	0	0	0	0	1	0	0
ENSG00000102003	SYP	362	429	565	552	46	19	42	37
ENSG00000102007	PLP2	4902	6846	5676	5878	4733	2728	4053	4639
ENSG00000102010	BMX	25	50	33	44	5	9	16	10
ENSG00000102024	PLS3	779	1118	917	902	1267	710	835	1170
ENSG00000102030	NAA10	1723	1943	2189	1653	1275	820	959	1344
ENSG00000102032	RENBP	21	25	41	0	26	0	16	30
ENSG00000102034	ELF4	453	541	605	450	382	190	337	232
ENSG00000102038	SMARCA1	1578	1903	1827	1224	1010	1017	699	1202
ENSG00000102043	MTMR8	0	0	0	1	4	0	0	1
ENSG00000102048	ASB9	251	292	224	241	223	162	134	206
ENSG00000102053	ZC3H12B	35	42	28	31	26	32	40	23
ENSG00000102054	RBBP7	3321	3722	4399	3680	2722	1500	1874	2230
ENSG00000102057	KCND1	316	309	297	188	90	80	65	61
ENSG00000102076	OPN1LW	0	0	0	0	0	0	0	0
ENSG00000102078	SLC25A14	292	309	287	199	220	224	167	251
ENSG00000102081	FMR1	815	809	584	702	510	454	463	445
ENSG00000102096	PIM2	585	743	751	536	399	336	345	416
ENSG00000102098	SCML2	276	315	348	218	149	72	122	91
ENSG00000102100	SLC35A2	1237	1290	1343	1068	759	694	671	771
ENSG00000102103	PQBP1	1520	1695	1853	1490	1366	928	908	1392
ENSG00000102109	PCSK1N	6	0	0	2	1	38	2	2
ENSG00000102119	EMD	465	703	761	405	470	132	246	278
ENSG00000102125	TAFAZZIN	367	479	542	479	275	240	300	263
ENSG00000102128	RAB40AL	1	1	2	3	1	0	0	2
ENSG00000102144	PGK1	15129	33498	30478	25799	22498	7675	14522	19257
ENSG00000102145	GATA1	1	1	1	0	1	0	1	0
ENSG00000102158	MAGT1	839	937	862	744	940	603	580	710
ENSG00000102172	SMS	5058	8280	8376	7883	5818	2593	5705	4051
ENSG00000102174	PHEX	65	35	28	42	50	40	42	43
ENSG00000102178	UBL4A	1253	1299	1588	1220	1087	629	776	1184
ENSG00000102181	CD99L2	912	916	1111	663	730	513	382	740
ENSG00000102189	EEA1	926	1068	1113	734	664	622	851	633
ENSG00000102195	GPR50	2	3	8	2	3	3	1	0
ENSG00000102218	RP2	414	407	484	475	272	282	270	235
ENSG00000102221	JADE3	252	307	356	233	223	114	163	175
ENSG00000102225	CDK16	3029	2966	3541	2887	2301	1711	1670	2322
ENSG00000102226	USP11	4443	4759	5061	3764	3759	2966	2388	4249
ENSG00000102230	PCYT1B	100	87	74	80	106	47	95	60
ENSG00000102239	BRS3	0	1	0	0	1	0	0	0
ENSG00000102241	HTATSF1	1430	1521	1544	1290	1137	948	972	992
ENSG00000102265	TIMP1	3340	3393	2661	2920	3427	5014	2316	5734
ENSG00000102271	KLHL4	125	113	65	60	61	74	68	76
ENSG00000102287	GABRE	0	0	8	4	0	29	0	0
ENSG00000102290	PCDH11X	28	60	45	24	38	4	15	19
ENSG00000102302	FGD1	239	268	278	228	175	150	140	186
ENSG00000102309	PIN4	577	634	613	581	487	481	462	522
ENSG00000102312	PORCN	341	485	420	378	324	145	207	197
ENSG00000102313	ITIH6	2	1	0	2	1	4	0	3
ENSG00000102316	MAGED2	1362	1548	1398	1080	1152	1004	778	1100
ENSG00000102317	RBM3	8295	8960	10179	9852	6758	4151	5147	6546
ENSG00000102349	KLF8	0	0	4	0	0	0	0	0
ENSG00000102359	SRPX2	192	165	106	80	119	172	126	206
ENSG00000102362	SYTL4	4	11	6	8	24	30	19	18
ENSG00000102383	ZDHHC15	40	46	35	21	11	10	13	2
ENSG00000102384	CENPI	132	162	169	163	112	105	118	105
ENSG00000102385	DRP2	8	2	7	6	8	15	7	7
ENSG00000102387	TAF7L	0	3	3	1	0	1	0	0
ENSG00000102390	PBDC1	412	509	470	374	401	442	387	491
ENSG00000102393	GLA	251	256	259	273	207	133	186	148
ENSG00000102401	ARMCX3	250	371	346	258	346	310	234	323
ENSG00000102409	BEX4	228	228	144	130	201	295	117	425
ENSG00000102445	RUBCNL	33	38	11	9	66	101	31	144
ENSG00000102452	NALCN	188	223	240	155	94	81	56	225
ENSG00000102466	FGF14	7	7	2	3	13	26	12	28
ENSG00000102468	HTR2A	0	1	0	0	1	2	0	1
ENSG00000102471	NDFIP2	950	1019	1068	1023	877	725	580	997
ENSG00000102524	TNFSF13B	35	30	25	22	42	74	33	32
ENSG00000102531	FNDC3A	1016	1423	1300	959	931	896	742	829
ENSG00000102539	MLNR	0	1	0	0	0	0	0	0
ENSG00000102543	CDADC1	59	67	50	61	32	41	32	55
ENSG00000102547	CAB39L	66	89	72	76	61	67	58	62
ENSG00000102554	KLF5	635	1276	1261	1010	1386	453	984	616
ENSG00000102572	STK24	2335	2716	2926	2094	1458	1230	1776	1507
ENSG00000102575	ACP5	600	685	550	397	527	796	331	708
ENSG00000102580	DNAJC3	872	751	873	745	946	763	659	787
ENSG00000102595	UGGT2	558	599	694	390	433	408	443	435
ENSG00000102606	ARHGEF7	1099	1263	1322	905	1005	748	719	905
ENSG00000102678	FGF9	1	1	4	0	1	1	0	1
ENSG00000102683	SGCG	21	12	18	6	10	7	1	9
ENSG00000102699	PARP4	1368	1486	1857	1055	1072	987	759	1172
ENSG00000102710	SUPT20H	394	370	408	304	230	275	221	258
ENSG00000102738	MRPS31	376	395	449	352	270	250	212	293
ENSG00000102743	SLC25A15	898	802	932	754	511	529	532	634
ENSG00000102753	KPNA3	1665	1595	1824	1595	1298	860	1005	1001
ENSG00000102755	FLT1	27	25	5	5	52	113	6	180
ENSG00000102760	RGCC	9	8	13	13	27	9	10	13
ENSG00000102763	VWA8	375	508	472	301	345	245	231	305
ENSG00000102780	DGKH	232	272	240	241	205	115	305	103
ENSG00000102781	KATNAL1	354	325	305	270	324	293	302	321
ENSG00000102786	INTS6	634	651	679	601	458	608	459	456
ENSG00000102794	ACOD1	1	2	1	8	2	0	16	1
ENSG00000102796	DHRS12	62	66	62	50	50	46	41	55
ENSG00000102802	MEDAG	17	6	5	5	23	9	8	12
ENSG00000102804	TSC22D1	6891	5029	4768	4388	6595	7031	3862	7531
ENSG00000102805	CLN5	300	341	320	280	258	255	177	261
ENSG00000102837	OLFM4	0	0	0	0	0	0	0	0
ENSG00000102854	MSLN	78	262	218	288	164	11	144	88
ENSG00000102858	MGRN1	1832	2026	2327	1611	1281	1160	1186	1282
ENSG00000102870	ZNF629	713	791	954	634	547	535	373	545
ENSG00000102871	TRADD	395	427	400	426	329	277	305	326
ENSG00000102878	HSF4	25	25	42	0	11	47	46	18
ENSG00000102879	CORO1A	283	258	273	297	262	202	250	212
ENSG00000102882	MAPK3	1445	1714	2080	1553	1139	782	1095	1346
ENSG00000102886	GDPD3	27	28	17	0	5	17	0	4
ENSG00000102890	ELMO3	102	92	74	65	33	66	82	55
ENSG00000102891	MT4	0	0	0	0	0	0	0	0
ENSG00000102893	PHKB	442	572	583	457	372	403	324	375
ENSG00000102897	LYRM1	566	731	745	595	476	335	536	387
ENSG00000102898	NUTF2	3192	3451	3589	3191	2286	1864	2275	2679
ENSG00000102900	NUP93	1549	1576	1967	1504	1074	734	1154	985
ENSG00000102901	CENPT	182	269	341	251	202	154	159	162
ENSG00000102904	TSNAXIP1	8	5	6	17	6	12	4	9
ENSG00000102908	NFAT5	236	404	874	593	807	490	738	546
ENSG00000102910	LONP2	1325	1711	1683	1196	1269	951	1040	1047
ENSG00000102921	N4BP1	506	490	443	371	344	336	368	323
ENSG00000102924	CBLN1	34	30	6	8	23	23	12	94
ENSG00000102931	ARL2BP	1811	1783	2102	1790	1189	979	1200	1135
ENSG00000102934	PLLP	75	74	89	78	55	55	87	50
ENSG00000102935	ZNF423	278	65	13	29	213	255	20	640
ENSG00000102962	CCL22	3	2	0	0	3	4	2	3
ENSG00000102967	DHODH	452	456	580	461	332	239	426	361
ENSG00000102970	CCL17	2	0	0	0	1	0	0	0
ENSG00000102974	CTCF	1298	1308	1534	998	823	515	655	605
ENSG00000102977	ACD	803	1043	1307	1018	778	429	619	639
ENSG00000102978	POLR2C	2949	3159	3546	2803	2015	1634	1870	2059
ENSG00000102981	PARD6A	146	254	264	201	116	82	72	110
ENSG00000102984	ZNF821	42	57	29	24	49	23	7	58
ENSG00000102996	MMP15	389	51	37	35	186	284	23	513
ENSG00000103005	USB1	1033	958	1191	885	667	563	634	689
ENSG00000103018	CYB5B	2292	2432	2526	2473	1739	1410	1885	1875
ENSG00000103021	CCDC113	239	302	366	234	181	138	120	218
ENSG00000103023	PRSS54	0	0	0	0	0	0	0	0
ENSG00000103024	NME3	1015	1294	1192	1082	719	1031	749	935
ENSG00000103034	NDRG4	378	216	245	155	187	268	119	396
ENSG00000103035	PSMD7	3750	4154	4398	3798	2800	2181	3232	2535
ENSG00000103037	SETD6	663	609	642	475	352	416	412	429
ENSG00000103042	SLC38A7	329	324	344	264	242	214	278	215
ENSG00000103043	VAC14	941	1027	1258	876	669	455	702	554
ENSG00000103044	HAS3	319	299	297	78	193	283	73	518
ENSG00000103047	TANGO6	476	483	507	376	337	182	283	306
ENSG00000103051	COG4	800	818	1055	802	692	618	548	672
ENSG00000103056	SMPD3	15	15	8	6	5	12	16	4
ENSG00000103061	SLC7A6OS	396	587	565	504	472	264	511	375
ENSG00000103064	SLC7A6	796	648	751	603	428	415	564	472
ENSG00000103066	PLA2G15	340	338	411	322	321	280	275	334
ENSG00000103067	ESRP2	12	4	7	0	0	0	14	7
ENSG00000103089	FA2H	0	1	3	0	0	0	0	1
ENSG00000103091	WDR59	679	917	1007	818	542	466	613	584
ENSG00000103111	MON1B	977	963	1035	896	738	619	802	659
ENSG00000103121	CMC2	422	404	444	370	342	349	479	451
ENSG00000103126	AXIN1	887	1199	1333	938	773	384	658	644
ENSG00000103145	HCFC1R1	1102	1742	1626	1355	1011	674	964	972
ENSG00000103148	NPRL3	936	1165	1116	1047	557	581	835	653
ENSG00000103150	MLYCD	134	102	111	62	79	71	44	77
ENSG00000103152	MPG	2128	2751	2771	2483	1758	1669	1744	2096
ENSG00000103154	NECAB2	4	2	0	3	0	0	1	0
ENSG00000103160	HSDL1	612	629	727	581	404	412	459	416
ENSG00000103168	TAF1C	782	773	858	660	513	687	536	446
ENSG00000103174	NAGPA	205	246	316	194	121	63	171	166
ENSG00000103175	WFDC1	1	0	0	0	0	4	0	0
ENSG00000103184	SEC14L5	2	5	5	9	1	2	0	2
ENSG00000103187	COTL1	6135	7378	8801	7392	4872	4164	5266	5867
ENSG00000103194	USP10	2220	2477	2653	2094	1568	1134	1643	1512
ENSG00000103196	CRISPLD2	12	10	8	3	10	24	4	12
ENSG00000103197	TSC2	1893	2244	2771	1423	1121	621	705	891
ENSG00000103199	ZNF500	192	223	212	197	150	136	143	102
ENSG00000103202	NME4	3050	4633	5043	3628	2291	1851	2048	3018
ENSG00000103222	ABCC1	771	1052	1496	667	633	199	589	455
ENSG00000103226	NOMO3	78	364	486	137	336	4	48	27
ENSG00000103227	LMF1	26	32	22	34	69	74	12	104
ENSG00000103241	FOXF1	9	35	29	32	27	19	94	36
ENSG00000103245	CIAO3	414	514	483	464	357	265	375	389
ENSG00000103248	MTHFSD	373	400	442	313	211	234	205	223
ENSG00000103249	CLCN7	1022	1253	1517	1019	823	539	900	668
ENSG00000103253	HAGHL	936	1281	1211	1007	779	857	651	942
ENSG00000103254	ANTKMT	746	671	659	696	570	651	688	646
ENSG00000103257	SLC7A5	5357	10023	11770	8230	8834	1288	6891	2231
ENSG00000103260	METRN	1942	2452	2609	2013	1702	1666	1611	1973
ENSG00000103264	FBXO31	388	556	514	428	362	245	349	338
ENSG00000103266	STUB1	5136	6365	6913	5754	3859	3630	4276	4905
ENSG00000103269	RHBDL1	80	68	58	54	21	50	62	21
ENSG00000103274	NUBP1	698	748	846	655	524	379	508	583
ENSG00000103275	UBE2I	3383	4186	3993	4000	2870	2431	3959	3000
ENSG00000103313	MEFV	10	3	2	8	2	7	11	5
ENSG00000103316	CRYM	6	6	2	2	1	2	0	1
ENSG00000103319	EEF2K	906	1016	1089	840	708	601	658	727
ENSG00000103326	CAPN15	1647	1811	2190	1545	1102	894	1161	907
ENSG00000103335	PIEZO1	2233	2825	3656	2010	2147	916	2312	1342
ENSG00000103342	GSPT1	4577	5018	5689	4217	3135	2241	2967	2850
ENSG00000103343	ZNF174	299	253	236	235	200	159	132	227
ENSG00000103351	CLUAP1	515	533	601	482	455	391	416	386
ENSG00000103353	UBFD1	1859	1972	2194	1683	1262	1079	1244	1326
ENSG00000103355	PRSS33	25	54	53	31	28	30	13	25
ENSG00000103356	EARS2	327	405	426	346	318	213	326	257
ENSG00000103363	ELOB	2680	3079	3369	2956	2547	1861	2064	2685
ENSG00000103365	GGA2	925	1242	1426	959	770	444	785	542
ENSG00000103375	AQP8	0	0	1	2	0	0	0	0
ENSG00000103381	CPPED1	610	699	790	608	623	279	692	417
ENSG00000103404	USP31	342	367	446	352	303	170	377	244
ENSG00000103415	HMOX2	1442	1358	1455	1138	789	788	840	1066
ENSG00000103423	DNAJA3	1775	1956	2134	1670	1395	933	1314	1353
ENSG00000103426	CORO7-PAM16	0	8	0	0	0	0	0	2
ENSG00000103429	BFAR	1856	2273	2300	1639	1710	999	1311	1356
ENSG00000103449	SALL1	417	231	165	130	286	434	193	594
ENSG00000103460	TOX3	0	0	0	0	0	0	1	0
ENSG00000103479	RBL2	725	1179	1242	841	812	237	501	450
ENSG00000103485	QPRT	220	194	195	98	125	396	32	267
ENSG00000103489	XYLT1	186	67	54	51	75	32	64	26
ENSG00000103490	PYCARD	1	0	0	0	0	0	0	0
ENSG00000103494	RPGRIP1L	287	293	332	254	241	211	206	192
ENSG00000103495	MAZ	8407	9483	9830	8843	6962	5172	6233	7693
ENSG00000103496	STX4	1224	1228	1407	911	743	497	623	783
ENSG00000103502	CDIPT	1967	1855	2162	1589	1442	1345	1124	1846
ENSG00000103507	BCKDK	1317	1952	2121	1714	1323	916	1092	1459
ENSG00000103510	KAT8	570	721	752	646	497	341	475	413
ENSG00000103512	NOMO1	3838	3715	4367	2694	3124	2199	2039	3405
ENSG00000103522	IL21R	14	9	0	0	3	4	17	13
ENSG00000103528	SYT17	13	20	8	7	13	15	12	6
ENSG00000103534	TMC5	4	4	10	7	4	9	3	4
ENSG00000103540	CCP110	836	1029	1050	769	758	503	655	531
ENSG00000103544	VPS35L	956	1252	1177	906	815	563	668	707
ENSG00000103549	RNF40	3077	3606	3736	2537	2222	1569	1887	1984
ENSG00000103550	KNOP1	1375	1543	1444	1255	1152	1053	1213	1124
ENSG00000103569	AQP9	0	0	1	0	0	0	0	0
ENSG00000103591	AAGAB	1083	1059	1174	1025	761	598	670	611
ENSG00000103599	IQCH	24	26	43	36	24	22	22	29
ENSG00000103642	LACTB	364	522	528	393	487	132	317	211
ENSG00000103647	CORO2B	885	631	637	494	514	1246	400	1444
ENSG00000103653	CSK	3013	3318	3520	2936	1998	1630	1952	2071
ENSG00000103657	HERC1	591	730	659	494	531	400	446	432
ENSG00000103671	TRIP4	365	394	458	343	253	221	225	309
ENSG00000103707	MTFMT	290	204	206	194	190	209	199	149
ENSG00000103710	RASL12	16	29	23	18	35	24	18	82
ENSG00000103723	AP3B2	15	17	24	10	5	13	3	4
ENSG00000103740	ACSBG1	28	5	4	4	11	12	17	5
ENSG00000103742	IGDCC4	12	16	32	7	6	0	7	0
ENSG00000103769	RAB11A	3024	3285	3270	3093	2139	2121	1773	2422
ENSG00000103811	CTSH	88	162	91	112	15	75	0	0
ENSG00000103852	TTC23	73	236	139	157	148	157	81	135
ENSG00000103855	CD276	1813	1578	1669	1481	1381	1052	958	1362
ENSG00000103876	FAH	402	456	471	443	285	220	250	348
ENSG00000103888	CEMIP	41	58	62	49	97	15	38	33
ENSG00000103932	RPAP1	883	1015	1105	715	520	304	436	464
ENSG00000103942	HOMER2	95	111	105	62	128	97	28	99
ENSG00000103966	EHD4	1874	2845	3622	2634	1798	719	2249	951
ENSG00000103978	TMEM87A	1124	1176	1265	991	930	625	848	855
ENSG00000103994	ZNF106	1404	1695	1723	1352	1232	848	1083	823
ENSG00000103995	CEP152	264	335	332	271	266	211	299	188
ENSG00000104043	ATP8B4	0	0	4	0	2	0	0	0
ENSG00000104044	OCA2	6	7	1	5	6	15	8	20
ENSG00000104047	DTWD1	273	296	274	249	234	153	239	201
ENSG00000104055	TGM5	0	1	0	0	3	0	1	1
ENSG00000104059	FAM189A1	307	148	141	76	196	173	32	308
ENSG00000104064	GABPB1	468	547	549	473	371	311	396	364
ENSG00000104067	TJP1	2252	2383	2650	1843	1404	1189	1275	1102
ENSG00000104081	BMF	53	48	31	44	43	69	42	33
ENSG00000104093	DMXL2	369	391	400	303	345	150	194	187
ENSG00000104112	SCG3	3	1	2	1	0	2	0	2
ENSG00000104129	DNAJC17	136	205	171	188	156	123	133	137
ENSG00000104131	EIF3J	3306	3499	3504	3093	2898	2843	3192	2927
ENSG00000104133	SPG11	670	905	792	635	580	477	435	489
ENSG00000104140	RHOV	129	92	68	56	56	42	19	42
ENSG00000104142	VPS18	911	915	1024	759	580	504	447	632
ENSG00000104147	OIP5	263	272	291	262	224	144	164	217
ENSG00000104154	SLC30A4	201	213	197	183	121	97	82	102
ENSG00000104164	BLOC1S6	1129	1217	1290	1029	1018	686	785	827
ENSG00000104177	MYEF2	422	602	679	435	463	246	342	310
ENSG00000104205	SGK3	116	97	139	124	81	56	106	78
ENSG00000104213	PDGFRL	24	29	26	14	22	20	5	28
ENSG00000104218	CSPP1	370	348	299	215	162	129	126	386
ENSG00000104219	ZDHHC2	556	802	734	601	540	242	341	423
ENSG00000104221	BRF2	198	207	223	168	171	110	120	176
ENSG00000104228	TRIM35	560	564	642	437	356	188	251	282
ENSG00000104231	ZFAND1	700	983	1032	786	833	437	558	658
ENSG00000104237	RP1	8	3	13	6	15	12	5	25
ENSG00000104267	CA2	1	0	0	0	0	0	1	0
ENSG00000104290	FZD3	200	278	222	202	231	177	186	147
ENSG00000104299	INTS9	289	457	494	340	238	160	143	254
ENSG00000104312	RIPK2	204	226	282	177	140	122	141	119
ENSG00000104313	EYA1	108	144	126	89	74	64	42	51
ENSG00000104320	NBN	1666	1722	2034	1603	1076	835	763	975
ENSG00000104321	TRPA1	1	0	3	1	3	4	2	2
ENSG00000104324	CPQ	87	54	37	51	79	72	39	94
ENSG00000104325	DECR1	198	202	262	191	108	138	77	124
ENSG00000104327	CALB1	191	267	202	333	391	8	95	20
ENSG00000104331	BPNT2	3589	3410	3492	2900	2590	2253	2138	2699
ENSG00000104332	SFRP1	1626	2045	1307	1114	2056	2374	917	4444
ENSG00000104341	LAPTM4B	3908	3691	4087	3304	2367	2295	1913	3278
ENSG00000104343	UBE2W	369	376	380	329	253	272	219	280
ENSG00000104356	POP1	615	611	794	520	423	294	292	424
ENSG00000104361	NIPAL2	256	233	239	200	237	185	167	180
ENSG00000104365	IKBKB	315	327	450	290	231	141	153	299
ENSG00000104368	PLAT	377	342	337	245	329	513	168	605
ENSG00000104369	JPH1	111	133	162	88	122	33	90	30
ENSG00000104371	DKK4	0	0	0	0	0	0	0	0
ENSG00000104375	STK3	439	503	542	426	368	301	273	404
ENSG00000104381	GDAP1	414	499	504	404	257	191	142	198
ENSG00000104388	RAB2A	2077	2280	2439	2340	1714	1436	1265	1673
ENSG00000104408	EIF3E	6199	8693	8072	6912	6859	3519	4422	5824
ENSG00000104412	EMC2	310	435	322	307	308	224	226	272
ENSG00000104413	ESRP1	0	0	0	1	6	6	0	2
ENSG00000104415	CCN4	47	20	11	14	15	22	6	15
ENSG00000104419	NDRG1	3314	31283	19962	18211	23230	3595	11183	20217
ENSG00000104427	ZC2HC1A	211	194	209	205	187	175	151	237
ENSG00000104432	IL7	40	40	44	65	32	38	49	45
ENSG00000104435	STMN2	6	1	4	5	2	1	0	2
ENSG00000104442	ARMC1	989	958	1068	930	761	566	571	721
ENSG00000104447	TRPS1	550	540	543	380	435	469	306	385
ENSG00000104450	SPAG1	310	316	353	231	213	120	239	168
ENSG00000104472	CHRAC1	1149	1268	1283	1264	826	601	717	915
ENSG00000104490	NCALD	31	17	4	2	39	99	0	64
ENSG00000104497	SNX16	246	321	262	205	235	183	164	224
ENSG00000104517	UBR5	1791	2129	2138	1602	1533	1090	1047	1343
ENSG00000104518	GSDMD	1401	1461	1475	1151	928	634	652	1119
ENSG00000104522	GFUS	1387	1253	1566	1024	937	916	444	1235
ENSG00000104524	PYCR3	801	656	968	746	597	453	381	702
ENSG00000104529	EEF1D	5029	6680	7165	6314	6100	3062	4653	5156
ENSG00000104537	ANXA13	1	0	0	0	0	0	0	0
ENSG00000104549	SQLE	1180	1116	1298	1289	801	510	869	717
ENSG00000104611	SH2D4A	229	272	245	206	137	84	106	219
ENSG00000104613	INTS10	727	657	687	617	524	340	340	582
ENSG00000104626	ERI1	450	624	571	493	334	218	245	291
ENSG00000104635	SLC39A14	1747	1612	1895	1367	1190	535	892	851
ENSG00000104643	MTMR9	399	400	350	321	301	226	247	238
ENSG00000104660	LEPROTL1	597	612	611	514	446	342	343	456
ENSG00000104671	DCTN6	495	500	467	466	388	269	273	484
ENSG00000104679	R3HCC1	496	595	701	531	464	260	298	427
ENSG00000104687	GSR	1154	1369	1455	1175	857	505	683	916
ENSG00000104689	TNFRSF10A	460	698	676	487	414	192	381	337
ENSG00000104691	UBXN8	157	207	224	149	88	92	75	158
ENSG00000104695	PPP2CB	856	1011	936	908	676	427	553	623
ENSG00000104714	ERICH1	266	286	290	279	220	155	195	193
ENSG00000104722	NEFM	13	32	14	15	26	81	3	52
ENSG00000104723	TUSC3	819	946	1043	885	700	586	497	759
ENSG00000104728	ARHGEF10	273	346	296	247	192	105	200	76
ENSG00000104731	KLHDC4	702	908	949	734	609	473	754	510
ENSG00000104738	MCM4	4052	4198	5273	4227	3176	2142	2684	2823
ENSG00000104756	KCTD9	693	973	861	736	808	418	531	709
ENSG00000104760	FGL1	0	0	0	0	0	0	0	0
ENSG00000104763	ASAH1	451	529	439	360	380	266	267	290
ENSG00000104765	BNIP3L	1390	3210	3018	2632	2230	729	1310	1668
ENSG00000104774	MAN2B1	2051	2048	2161	1385	1753	1265	839	1778
ENSG00000104783	KCNN4	1458	1679	1632	1175	1319	1638	1048	2202
ENSG00000104804	TULP2	0	0	0	0	1	0	0	0
ENSG00000104805	NUCB1	3577	4171	4290	2952	3756	2509	1709	3551
ENSG00000104808	DHDH	2	1	1	1	0	3	0	3
ENSG00000104812	GYS1	1555	2213	2358	1454	1438	904	700	1341
ENSG00000104814	MAP4K1	11	15	18	22	10	10	5	3
ENSG00000104818	CGB2	9	4	3	7	0	7	0	7
ENSG00000104823	ECH1	2834	3124	3139	2300	1993	1920	1121	2726
ENSG00000104824	HNRNPL	8675	9321	10258	8384	6429	5446	5151	7334
ENSG00000104825	NFKBIB	319	383	449	211	241	158	147	287
ENSG00000104826	LHB	44	17	18	13	5	37	10	21
ENSG00000104827	CGB3	29	15	12	5	6	34	12	2
ENSG00000104833	TUBB4A	56	75	73	39	65	52	7	35
ENSG00000104835	SARS2	608	664	731	514	481	423	319	526
ENSG00000104848	KCNA7	18	16	14	16	10	27	24	7
ENSG00000104852	SNRNP70	4204	4643	4634	4125	2932	3080	3083	3458
ENSG00000104853	CLPTM1	2079	1905	2426	1553	1374	1189	767	1687
ENSG00000104856	RELB	449	608	704	396	545	293	463	564
ENSG00000104859	CLASRP	540	726	664	620	548	508	403	414
ENSG00000104863	LIN7B	41	47	27	20	25	48	30	52
ENSG00000104866	PPP1R37	512	592	546	452	396	411	300	427
ENSG00000104870	FCGRT	6	8	7	3	2	65	2	9
ENSG00000104872	PIH1D1	1846	2425	2306	1954	1611	1279	1002	1793
ENSG00000104879	CKM	2	1	3	0	2	1	0	3
ENSG00000104880	ARHGEF18	904	1129	1330	904	913	471	842	572
ENSG00000104881	PPP1R13L	78	162	151	101	101	29	57	64
ENSG00000104883	PEX11G	33	55	54	35	28	25	14	36
ENSG00000104884	ERCC2	724	1156	1243	798	730	271	687	400
ENSG00000104885	DOT1L	821	895	903	680	650	713	827	714
ENSG00000104886	PLEKHJ1	921	1167	1332	1094	771	583	691	673
ENSG00000104888	SLC17A7	3	4	2	4	4	4	0	0
ENSG00000104889	RNASEH2A	1305	1413	1446	1298	1171	943	876	1336
ENSG00000104892	KLC3	1	6	8	5	3	0	10	1
ENSG00000104894	CD37	5	11	6	9	6	0	0	0
ENSG00000104897	SF3A2	1777	2065	2621	1807	1432	1127	1134	1639
ENSG00000104899	AMH	211	152	112	103	39	138	98	96
ENSG00000104901	DKKL1	6	5	2	1	4	1	1	2
ENSG00000104903	LYL1	91	102	137	85	126	85	64	112
ENSG00000104904	OAZ1	1843	2407	2060	2149	1470	1240	1519	1868
ENSG00000104907	TRMT1	1072	1268	1269	969	925	877	811	1019
ENSG00000104915	STX10	2057	2333	2525	2105	1859	1323	1332	1695
ENSG00000104921	FCER2	2	23	11	8	16	1	18	0
ENSG00000104936	DMPK	367	397	542	336	72	325	136	258
ENSG00000104938	CLEC4M	0	0	0	0	0	0	1	0
ENSG00000104941	RSPH6A	0	0	0	0	0	0	1	0
ENSG00000104946	TBC1D17	704	796	809	539	482	368	366	539
ENSG00000104951	IL4I1	13	21	20	9	5	5	13	14
ENSG00000104953	TLE6	21	19	26	17	17	5	6	21
ENSG00000104957	YJU2B	318	475	419	334	427	334	343	398
ENSG00000104960	PTOV1	1146	1608	1585	1287	1146	1005	783	1532
ENSG00000104964	TLE5	4937	7014	7418	6262	4157	3310	3648	4158
ENSG00000104967	NOVA2	3	4	11	15	3	2	7	1
ENSG00000104969	SGTA	1510	1397	1703	1377	945	833	896	1083
ENSG00000104972	LILRB1	0	0	0	1	0	0	3	0
ENSG00000104973	MED25	1094	1183	1279	867	820	804	433	931
ENSG00000104974	LILRA1	0	0	0	0	0	0	0	0
ENSG00000104976	SNAPC2	748	899	1018	935	648	574	584	764
ENSG00000104979	C19orf53	3725	4249	4230	3450	3126	2799	2239	3665
ENSG00000104980	TIMM44	1104	1296	1503	1211	739	566	624	739
ENSG00000104983	CCDC61	110	137	90	87	150	88	94	128
ENSG00000104998	IL27RA	520	675	666	364	374	450	356	477
ENSG00000105011	ASF1B	1505	1432	1717	1564	1044	898	732	1271
ENSG00000105048	TNNT1	356	1050	998	1032	775	149	309	278
ENSG00000105053	VRK3	378	458	411	334	238	225	173	297
ENSG00000105058	FAM32A	3224	3485	3949	2770	2386	2165	1482	2735
ENSG00000105063	PPP6R1	3079	3032	3747	2377	2039	1677	1213	1846
ENSG00000105072	C19orf44	289	339	283	229	243	234	186	279
ENSG00000105085	MED26	318	430	473	334	261	245	208	260
ENSG00000105088	OLFM2	21	3	3	1	2	66	2	8
ENSG00000105122	RASAL3	0	0	0	0	0	0	5	0
ENSG00000105127	AKAP8	979	836	1041	772	649	453	384	516
ENSG00000105131	EPHX3	112	117	117	80	116	97	39	106
ENSG00000105135	ILVBL	1280	1744	2011	1414	1172	638	735	1069
ENSG00000105136	ZNF419	162	166	178	124	134	135	92	124
ENSG00000105137	SYDE1	2800	3466	4156	2722	2041	1198	1614	1692
ENSG00000105141	CASP14	0	3	0	3	1	0	1	0
ENSG00000105143	SLC1A6	0	1	0	0	0	0	0	0
ENSG00000105146	AURKC	6	7	8	2	3	1	0	2
ENSG00000105171	POP4	535	437	538	463	363	277	214	393
ENSG00000105173	CCNE1	369	381	348	319	183	170	141	226
ENSG00000105176	URI1	996	983	1094	748	702	555	393	671
ENSG00000105185	PDCD5	1607	1646	1614	1444	1251	1124	957	1538
ENSG00000105186	ANKRD27	614	763	845	626	582	344	437	407
ENSG00000105193	RPS16	26624	35500	33782	28901	34847	18612	19740	30828
ENSG00000105197	TIMM50	2085	1955	2661	1916	1588	1165	938	1478
ENSG00000105202	FBL	5028	7372	8084	6245	5372	2536	3247	4603
ENSG00000105204	DYRK1B	534	598	553	391	342	423	310	500
ENSG00000105219	CCNP	1	0	1	0	0	1	2	0
ENSG00000105220	GPI	8718	16396	17339	12679	11259	4330	5445	8852
ENSG00000105221	AKT2	1305	1140	1294	888	778	656	662	728
ENSG00000105223	PLD3	2069	2302	2416	1841	1712	1486	957	2028
ENSG00000105227	PRX	27	53	38	31	61	35	38	26
ENSG00000105229	PIAS4	345	383	433	409	421	406	365	441
ENSG00000105245	NUMBL	919	1025	952	848	622	557	446	621
ENSG00000105246	EBI3	118	165	165	91	46	21	22	34
ENSG00000105248	YJU2	453	551	612	542	415	270	367	457
ENSG00000105251	SHD	0	1	0	0	0	0	0	1
ENSG00000105254	TBCB	1912	1867	1787	1649	1530	1482	1074	2058
ENSG00000105255	FSD1	846	1022	1202	909	617	430	535	697
ENSG00000105258	POLR2I	318	275	395	359	284	280	188	394
ENSG00000105261	OVOL3	1	1	0	0	3	2	1	0
ENSG00000105270	CLIP3	1217	1688	1544	1042	957	899	483	1003
ENSG00000105281	SLC1A5	3978	3987	4666	3018	2951	2313	2029	3154
ENSG00000105287	PRKD2	724	897	1209	680	547	430	309	420
ENSG00000105289	TJP3	1	0	0	3	1	0	0	0
ENSG00000105290	APLP1	61	48	57	40	45	99	18	103
ENSG00000105298	CACTIN	649	725	906	729	503	344	447	455
ENSG00000105321	CCDC9	454	578	679	468	558	276	486	384
ENSG00000105323	HNRNPUL1	8612	9158	11182	7270	5680	4306	4124	5401
ENSG00000105325	FZR1	1203	1285	1457	1141	985	841	883	1016
ENSG00000105327	BBC3	446	557	576	384	291	230	233	277
ENSG00000105329	TGFB1	5892	5879	5177	4922	4760	2288	2882	3314
ENSG00000105339	DENND3	287	430	576	373	282	98	259	142
ENSG00000105341	DMAC2	713	812	922	675	584	427	391	582
ENSG00000105352	CEACAM4	0	0	0	0	0	0	0	0
ENSG00000105355	PLIN3	2509	2845	3010	2792	2067	1837	2059	2175
ENSG00000105357	MYH14	33	21	46	6	83	49	2	35
ENSG00000105364	MRPL4	2641	2780	3455	2914	1923	1420	1628	2168
ENSG00000105366	SIGLEC8	0	3	0	0	2	0	0	1
ENSG00000105369	CD79A	0	2	5	2	5	1	0	3
ENSG00000105371	ICAM4	0	0	1	0	0	7	0	9
ENSG00000105372	RPS19	14124	18455	18887	15843	17053	10845	10952	15880
ENSG00000105373	NOP53	5755	8853	8469	6761	7927	5491	5079	7570
ENSG00000105374	NKG7	3	0	5	5	2	0	0	0
ENSG00000105376	ICAM5	224	415	293	194	536	315	442	731
ENSG00000105379	ETFB	2094	2310	2539	1977	1725	1873	1222	2609
ENSG00000105383	CD33	54	39	27	86	55	11	59	64
ENSG00000105388	CEACAM5	0	0	1	1	1	3	5	4
ENSG00000105392	CRX	42	53	35	33	40	61	50	29
ENSG00000105393	BABAM1	2732	2850	2992	2405	1954	1643	1303	1961
ENSG00000105397	TYK2	1049	939	1022	564	626	287	229	469
ENSG00000105398	SULT2A1	1	0	0	1	0	0	0	1
ENSG00000105401	CDC37	9782	10671	12310	8491	6686	6030	4799	8389
ENSG00000105402	NAPA	1260	1120	1514	1048	791	760	486	1059
ENSG00000105404	RABAC1	1243	1128	1242	1208	1097	886	484	1050
ENSG00000105409	ATP1A3	11	21	16	26	15	11	34	0
ENSG00000105419	MEIS3	155	206	278	220	142	117	76	138
ENSG00000105426	PTPRS	1506	1630	1510	1191	1517	1315	586	1531
ENSG00000105427	CNFN	26	23	21	19	27	27	6	17
ENSG00000105428	ZNRF4	0	0	0	0	0	0	0	1
ENSG00000105429	MEGF8	1090	1216	1205	687	812	831	443	757
ENSG00000105438	KDELR1	2672	3274	3242	2750	2702	2047	1642	2321
ENSG00000105443	CYTH2	1485	1469	1311	1060	1359	1650	1380	1443
ENSG00000105447	GRWD1	2068	2084	2392	1678	1570	1148	1012	1554
ENSG00000105464	GRIN2D	8	7	4	4	9	4	3	2
ENSG00000105467	SYNGR4	6	4	3	3	5	4	1	1
ENSG00000105472	CLEC11A	339	355	371	386	342	213	288	338
ENSG00000105479	ODAD1	1	2	0	2	0	0	8	3
ENSG00000105483	CARD8	238	279	185	141	176	215	89	209
ENSG00000105486	LIG1	733	831	1005	670	533	342	335	543
ENSG00000105492	SIGLEC6	12	9	12	13	11	17	21	8
ENSG00000105497	ZNF175	185	206	219	138	178	155	133	141
ENSG00000105499	PLA2G4C	14	11	5	7	9	14	7	8
ENSG00000105507	CABP5	0	0	1	0	0	0	0	0
ENSG00000105509	HAS1	6	3	4	1	3	8	1	1
ENSG00000105514	RAB3D	366	423	460	325	213	120	101	176
ENSG00000105516	DBP	197	338	362	249	177	163	82	147
ENSG00000105518	TMEM205	1079	1209	1276	1094	828	583	487	798
ENSG00000105519	CAPS	2415	1835	1330	1514	2078	4400	914	6171
ENSG00000105520	PLPPR2	1192	1218	1487	1095	843	576	361	773
ENSG00000105523	FAM83E	15	38	34	14	13	7	8	2
ENSG00000105538	RASIP1	2	10	10	14	5	6	6	3
ENSG00000105549	THEG	0	1	0	0	0	0	1	1
ENSG00000105550	FGF21	0	0	0	1	1	0	1	0
ENSG00000105552	BCAT2	1122	1283	1343	835	702	743	418	966
ENSG00000105556	MIER2	642	817	734	582	474	481	599	479
ENSG00000105559	PLEKHA4	945	652	529	435	1000	1383	333	1050
ENSG00000105568	PPP2R1A	5042	6180	6826	4633	4271	2780	2524	4454
ENSG00000105576	TNPO2	3478	3800	4123	2651	2667	2437	2086	2580
ENSG00000105583	WDR83OS	2374	2695	2599	2271	1860	1649	1302	2233
ENSG00000105605	CACNG7	10	5	4	7	10	16	2	13
ENSG00000105607	GCDH	403	484	531	430	401	312	262	367
ENSG00000105609	LILRB5	8	8	7	7	4	10	8	1
ENSG00000105610	KLF1	1	0	0	0	1	0	0	0
ENSG00000105612	DNASE2	433	366	397	331	493	346	257	407
ENSG00000105613	MAST1	3	31	24	29	22	2	4	9
ENSG00000105617	LENG1	288	333	327	229	310	263	257	371
ENSG00000105618	PRPF31	2251	2378	2902	1975	1574	1440	1035	1937
ENSG00000105619	TFPT	972	1008	1104	856	900	908	553	1040
ENSG00000105639	JAK3	0	0	0	0	0	0	0	0
ENSG00000105640	RPL18A	35857	48820	49481	40732	47253	25949	26259	46082
ENSG00000105641	SLC5A5	4	1	1	1	4	0	2	0
ENSG00000105642	KCNN1	17	14	16	0	16	18	0	15
ENSG00000105643	ARRDC2	463	628	514	422	489	399	400	537
ENSG00000105647	PIK3R2	3903	3822	4428	3147	2527	2382	1847	2511
ENSG00000105649	RAB3A	88	118	88	66	133	108	42	153
ENSG00000105650	PDE4C	12	15	12	7	14	12	12	10
ENSG00000105655	ISYNA1	733	1138	1104	591	736	691	238	943
ENSG00000105656	ELL	669	792	886	496	571	359	466	474
ENSG00000105662	CRTC1	800	825	975	560	579	548	290	640
ENSG00000105664	COMP	0	0	1	1	0	0	0	2
ENSG00000105668	UPK1A	7	30	18	19	14	1	1	12
ENSG00000105669	COPE	4219	4735	5604	4014	3320	2905	1971	3945
ENSG00000105671	DDX49	1991	2168	2533	1618	1413	1104	668	1819
ENSG00000105672	ETV2	29	29	16	14	19	31	17	42
ENSG00000105675	ATP4A	0	0	0	3	0	0	0	0
ENSG00000105676	ARMC6	1637	1632	1883	1411	1262	1039	795	1559
ENSG00000105677	TMEM147	1312	1214	1352	1201	1139	967	734	1121
ENSG00000105679	GAPDHS	0	0	0	0	0	0	1	2
ENSG00000105695	MAG	3	0	0	3	0	1	1	0
ENSG00000105696	TMEM59L	38	64	12	15	61	119	12	113
ENSG00000105698	USF2	2799	2675	3223	2464	2089	1912	1457	2658
ENSG00000105699	LSR	183	256	268	208	169	153	83	153
ENSG00000105700	KXD1	2428	2906	3221	2245	2163	1474	1498	2123
ENSG00000105701	FKBP8	6097	8383	8942	7008	6210	4533	3965	6793
ENSG00000105705	SUGP1	503	562	566	451	327	257	196	239
ENSG00000105707	HPN	0	0	0	0	1	0	0	2
ENSG00000105708	ZNF14	82	109	135	66	107	77	51	95
ENSG00000105711	SCN1B	220	183	216	174	94	168	88	141
ENSG00000105717	PBX4	26	32	21	30	20	19	4	12
ENSG00000105722	ERF	3093	3010	3471	2481	2423	2086	1668	2810
ENSG00000105723	GSK3A	2231	2324	2366	1828	1451	1268	1019	1534
ENSG00000105726	ATP13A1	2446	2592	2929	1810	1860	1152	1105	1470
ENSG00000105732	ZNF574	607	596	737	445	435	321	264	434
ENSG00000105737	GRIK5	14	0	13	4	8	8	16	9
ENSG00000105738	SIPA1L3	1286	1441	1885	989	855	553	937	554
ENSG00000105750	ZNF85	187	202	211	168	197	119	128	132
ENSG00000105755	ETHE1	404	410	418	345	362	289	202	454
ENSG00000105767	CADM4	524	690	853	583	674	534	312	793
ENSG00000105771	SMG9	715	806	912	615	566	544	442	630
ENSG00000105778	AVL9	1325	1428	1399	1093	902	711	765	944
ENSG00000105784	RUNDC3B	0	18	10	2	3	8	7	6
ENSG00000105792	CFAP69	49	85	70	60	58	47	43	35
ENSG00000105793	GTPBP10	572	607	641	543	341	350	385	310
ENSG00000105808	RASA4	642	800	634	509	572	336	270	478
ENSG00000105810	CDK6	2077	2663	2260	1979	2350	1330	2161	1529
ENSG00000105819	PMPCB	1459	1958	2009	1434	1303	944	1015	1154
ENSG00000105821	DNAJC2	1672	1870	1873	1810	1270	1262	1395	1094
ENSG00000105825	TFPI2	701	728	702	571	385	345	1057	666
ENSG00000105829	BET1	515	600	494	517	354	318	327	302
ENSG00000105835	NAMPT	1177	2070	2066	1585	1470	784	1462	1272
ENSG00000105849	POLR1F	940	1075	1079	964	826	703	933	736
ENSG00000105851	PIK3CG	11	16	20	12	14	12	13	33
ENSG00000105852	PON3	0	0	0	0	0	0	0	0
ENSG00000105854	PON2	1718	1394	1289	1095	1268	2061	893	2049
ENSG00000105855	ITGB8	430	773	522	652	708	538	298	695
ENSG00000105856	HBP1	932	999	1013	838	906	789	592	977
ENSG00000105865	DUS4L	123	191	207	141	143	115	141	109
ENSG00000105866	SP4	180	141	233	192	147	127	171	95
ENSG00000105875	WDR91	88	93	99	60	80	27	88	25
ENSG00000105877	DNAH11	33	112	129	86	65	4	72	19
ENSG00000105879	CBLL1	663	675	797	542	456	391	359	382
ENSG00000105880	DLX5	3	0	0	0	4	8	0	0
ENSG00000105887	MTPN	7174	7526	8217	6621	5052	3778	4224	4611
ENSG00000105889	STEAP1B	306	229	289	246	257	164	221	217
ENSG00000105894	PTN	63	44	29	43	93	153	37	91
ENSG00000105926	PALS2	663	689	837	686	597	356	533	469
ENSG00000105928	GSDME	652	799	822	708	410	296	636	384
ENSG00000105929	ATP6V0A4	33	46	44	30	77	61	22	69
ENSG00000105939	ZC3HAV1	1144	1192	1192	927	710	761	679	662
ENSG00000105948	TTC26	361	453	471	374	291	208	225	285
ENSG00000105953	OGDH	2084	2159	2726	1939	1247	1119	1129	1303
ENSG00000105963	ADAP1	38	47	0	28	11	12	22	78
ENSG00000105967	TFEC	11	14	12	14	2	2	9	2
ENSG00000105968	H2AZ2	2600	2490	2926	2530	2230	1629	1824	2169
ENSG00000105971	CAV2	891	1358	1660	1457	1204	288	882	418
ENSG00000105974	CAV1	8120	12342	16078	14375	8758	1745	5405	3538
ENSG00000105976	MET	1806	2998	3092	2197	2309	950	1688	1326
ENSG00000105982	RNF32	22	22	29	12	14	20	14	15
ENSG00000105983	LMBR1	486	520	625	490	450	241	287	457
ENSG00000105989	WNT2	0	0	0	0	0	1	0	0
ENSG00000105991	HOXA1	128	100	140	112	114	86	107	84
ENSG00000105993	DNAJB6	3640	4194	4332	3765	2804	2160	2864	2467
ENSG00000105996	HOXA2	28	37	18	19	21	47	25	21
ENSG00000105997	HOXA3	254	212	200	163	203	267	198	303
ENSG00000106003	LFNG	200	148	111	154	77	135	158	138
ENSG00000106004	HOXA5	232	252	211	193	269	272	218	240
ENSG00000106006	HOXA6	25	13	35	18	16	27	12	17
ENSG00000106009	BRAT1	1243	1203	1376	1156	735	698	647	946
ENSG00000106012	IQCE	671	543	597	449	425	375	239	464
ENSG00000106013	ANKRD7	0	0	0	0	0	0	0	0
ENSG00000106018	VIPR2	2	0	0	1	1	2	1	0
ENSG00000106025	TSPAN12	47	39	41	30	27	21	36	32
ENSG00000106028	SSBP1	2961	3452	3521	3134	2019	1626	1779	2325
ENSG00000106031	HOXA13	29	37	32	31	74	24	21	57
ENSG00000106034	CPED1	80	134	108	96	97	72	108	19
ENSG00000106038	EVX1	0	0	0	0	1	0	0	0
ENSG00000106049	HIBADH	799	1264	1193	984	729	596	812	739
ENSG00000106052	TAX1BP1	2981	3455	3994	2914	2360	1847	1797	2308
ENSG00000106066	CPVL	620	581	601	506	416	308	219	315
ENSG00000106069	CHN2	77	63	70	34	47	51	11	7
ENSG00000106070	GRB10	514	187	31	68	590	710	101	1381
ENSG00000106077	ABHD11	297	237	353	327	265	259	232	310
ENSG00000106078	COBL	62	54	46	33	66	21	5	31
ENSG00000106080	FKBP14	410	366	409	300	320	304	253	224
ENSG00000106086	PLEKHA8	392	439	484	367	343	238	313	284
ENSG00000106089	STX1A	1004	768	497	455	632	1445	1081	1443
ENSG00000106100	NOD1	132	156	172	104	89	64	103	75
ENSG00000106105	GARS1	2801	3053	3699	2782	1872	1146	2069	1738
ENSG00000106113	CRHR2	0	2	0	0	0	1	1	0
ENSG00000106123	EPHB6	0	0	8	6	16	56	45	16
ENSG00000106125	MINDY4	270	236	288	188	168	151	89	243
ENSG00000106144	CASP2	774	756	798	667	517	397	531	461
ENSG00000106153	CHCHD2	7698	8856	9298	8849	6642	5024	6240	6701
ENSG00000106178	CCL24	7	1	2	3	5	34	5	13
ENSG00000106211	HSPB1	3360	5871	4700	4466	7894	2565	4942	4688
ENSG00000106236	NPTX2	1725	1017	210	189	1115	2821	121	3280
ENSG00000106244	PDAP1	3902	4690	5099	4261	3187	2345	3119	3184
ENSG00000106245	BUD31	2119	2173	2387	2229	1709	1516	1527	1700
ENSG00000106246	PTCD1	394	444	418	367	300	301	320	343
ENSG00000106258	CYP3A5	40	53	43	40	37	43	26	28
ENSG00000106261	ZKSCAN1	1823	2195	1834	1396	1585	1667	1263	1362
ENSG00000106263	EIF3B	6514	7138	8886	6817	4692	2927	3985	4527
ENSG00000106266	SNX8	989	1511	1565	1204	740	430	730	477
ENSG00000106268	NUDT1	433	380	464	410	272	275	288	328
ENSG00000106278	PTPRZ1	79	58	17	19	313	320	16	1063
ENSG00000106290	TAF6	1277	1456	1709	1304	864	771	677	990
ENSG00000106299	WASL	1172	1445	1464	1148	1104	760	851	904
ENSG00000106302	HYAL4	1	0	1	0	0	1	0	0
ENSG00000106304	SPAM1	0	0	0	0	0	0	0	0
ENSG00000106305	AIMP2	1027	949	1122	941	643	468	573	698
ENSG00000106327	TFR2	0	0	0	0	0	0	0	0
ENSG00000106328	FSCN3	0	0	1	0	0	0	0	0
ENSG00000106330	MOSPD3	336	395	395	388	333	222	215	315
ENSG00000106331	PAX4	0	0	0	0	0	0	0	0
ENSG00000106333	PCOLCE	6373	6933	6235	6536	4683	4891	3262	4743
ENSG00000106336	FBXO24	5	9	12	1	5	8	4	4
ENSG00000106341	PPP1R17	0	0	0	2	4	1	3	0
ENSG00000106344	RBM28	1279	1333	1369	1080	852	728	900	821
ENSG00000106346	USP42	541	538	559	436	347	432	305	387
ENSG00000106348	IMPDH1	1491	1742	1939	1712	1228	759	1271	1047
ENSG00000106351	AGFG2	320	250	310	244	134	116	122	145
ENSG00000106355	LSM5	1175	1332	1196	1250	932	848	877	999
ENSG00000106366	SERPINE1	4064	2725	2068	1825	2913	5122	3881	6915
ENSG00000106367	AP1S1	4458	5248	4872	4851	3720	4250	3701	5724
ENSG00000106384	MOGAT3	3	0	1	2	1	4	3	0
ENSG00000106392	C1GALT1	484	713	563	524	478	318	577	349
ENSG00000106397	PLOD3	4404	5301	5179	4366	3721	3947	3838	5054
ENSG00000106399	RPA3	721	820	783	896	598	473	633	597
ENSG00000106400	ZNHIT1	2104	2240	2393	2196	1770	1567	1199	2187
ENSG00000106404	CLDN15	165	237	184	147	131	113	177	113
ENSG00000106415	GLCCI1	104	88	141	111	86	64	68	67
ENSG00000106436	MYL10	9	3	0	0	4	42	0	48
ENSG00000106443	PHF14	1679	1744	1740	1570	1007	1310	1125	995
ENSG00000106459	NRF1	348	416	447	420	307	249	308	270
ENSG00000106460	TMEM106B	1081	1365	1464	1221	833	772	739	792
ENSG00000106462	EZH2	772	782	1093	884	653	351	590	482
ENSG00000106477	CEP41	472	521	461	403	414	391	406	369
ENSG00000106479	ZNF862	51	87	45	54	49	52	46	48
ENSG00000106483	SFRP4	28	0	1	3	31	256	5	23
ENSG00000106484	MEST	207	189	142	177	148	78	46	125
ENSG00000106511	MEOX2	773	494	526	547	774	934	285	842
ENSG00000106524	ANKMY2	381	480	550	427	379	245	283	288
ENSG00000106526	ACTR3C	0	1	2	3	1	1	1	1
ENSG00000106536	POU6F2	0	0	0	0	0	2	0	0
ENSG00000106537	TSPAN13	91	68	62	46	129	219	92	162
ENSG00000106538	RARRES2	33	84	90	122	66	0	15	8
ENSG00000106541	AGR2	0	0	0	0	0	3	0	0
ENSG00000106546	AHR	2505	2240	1948	1649	2946	3995	1136	4190
ENSG00000106554	CHCHD3	1764	2117	2065	1846	1415	878	1062	1318
ENSG00000106560	GIMAP2	30	50	26	40	30	51	37	37
ENSG00000106565	TMEM176B	5	1	1	1	0	0	0	0
ENSG00000106571	GLI3	1108	1027	948	744	611	929	568	921
ENSG00000106588	PSMA2	2642	2931	3130	2973	2135	1597	1860	2219
ENSG00000106591	MRPL32	917	974	919	895	736	692	607	799
ENSG00000106603	COA1	898	1017	1132	1075	861	663	820	779
ENSG00000106605	BLVRA	716	786	855	755	513	339	573	499
ENSG00000106608	URGCP	670	792	745	572	398	340	481	402
ENSG00000106609	TMEM248	1743	1898	2059	1769	1429	1166	1251	1320
ENSG00000106615	RHEB	2493	2802	2893	2685	2185	1466	1985	2057
ENSG00000106617	PRKAG2	312	579	696	423	252	45	221	93
ENSG00000106624	AEBP1	3590	3873	3806	2573	2546	1448	2653	1727
ENSG00000106628	POLD2	2996	3180	3618	3281	2520	1541	2188	2866
ENSG00000106631	MYL7	0	1	0	0	0	0	0	0
ENSG00000106633	GCK	2	0	0	0	0	0	0	0
ENSG00000106635	BCL7B	1398	1389	1656	1299	1031	709	859	985
ENSG00000106636	YKT6	4697	4443	5398	4360	3069	2247	2749	2928
ENSG00000106638	TBL2	308	439	401	377	410	227	331	326
ENSG00000106665	CLIP2	710	1134	1359	833	698	351	594	382
ENSG00000106682	EIF4H	10199	13307	14413	11805	9012	5048	7622	7174
ENSG00000106683	LIMK1	1737	1426	1603	1352	1000	1519	1127	1434
ENSG00000106686	SPATA6L	11	18	4	9	11	19	10	13
ENSG00000106688	SLC1A1	30	63	8	16	114	45	5	123
ENSG00000106689	LHX2	0	1	0	0	0	1	1	0
ENSG00000106692	FKTN	399	587	551	390	368	284	359	290
ENSG00000106701	FSD1L	159	183	198	131	181	151	167	138
ENSG00000106714	CNTNAP3	208	153	77	82	352	436	77	693
ENSG00000106723	SPIN1	1246	1483	1718	1145	1159	845	1042	797
ENSG00000106733	NMRK1	30	37	32	34	34	19	12	31
ENSG00000106771	TMEM245	1265	1731	1913	1284	1309	1001	1258	894
ENSG00000106772	PRUNE2	33	13	5	6	4	9	3	11
ENSG00000106780	MEGF9	228	254	267	185	226	210	216	175
ENSG00000106785	TRIM14	900	1048	1554	889	827	470	557	537
ENSG00000106789	CORO2A	597	941	1196	797	530	252	716	406
ENSG00000106799	TGFBR1	787	788	868	609	747	442	464	460
ENSG00000106803	SEC61B	1015	1081	1129	945	790	866	714	1053
ENSG00000106804	C5	0	0	2	2	10	0	0	17
ENSG00000106809	OGN	0	2	0	1	2	12	2	2
ENSG00000106819	ASPN	69	34	11	45	138	276	21	118
ENSG00000106823	ECM2	8	12	11	7	5	6	11	4
ENSG00000106829	TLE4	328	511	636	477	490	371	354	267
ENSG00000106852	LHX6	30	26	32	17	15	20	7	20
ENSG00000106853	PTGR1	190	278	309	223	248	115	159	193
ENSG00000106868	SUSD1	56	57	83	30	35	28	39	53
ENSG00000106927	AMBP	0	3	0	0	2	1	0	0
ENSG00000106948	AKNA	82	77	101	56	67	73	68	94
ENSG00000106952	TNFSF8	1	1	1	0	1	0	0	1
ENSG00000106976	DNM1	2430	2198	2327	1626	1706	2269	2245	2001
ENSG00000106991	ENG	1364	1620	1888	1339	1129	1131	1239	1220
ENSG00000106992	AK1	651	750	1026	687	556	530	448	591
ENSG00000106993	CDC37L1	773	647	726	554	521	554	456	585
ENSG00000107014	RLN2	0	1	0	0	0	0	0	0
ENSG00000107018	RLN1	0	0	0	0	0	0	1	2
ENSG00000107020	PLGRKT	672	532	625	549	362	258	380	335
ENSG00000107021	TBC1D13	871	907	1243	694	648	502	565	652
ENSG00000107036	RIC1	946	1070	1243	831	804	414	519	563
ENSG00000107077	KDM4C	995	1186	1173	791	842	635	601	837
ENSG00000107099	DOCK8	56	48	59	18	12	0	21	12
ENSG00000107104	KANK1	480	480	414	348	264	303	277	343
ENSG00000107105	ELAVL2	141	103	93	90	34	56	24	50
ENSG00000107130	NCS1	1690	1814	2115	1498	1316	1296	1855	1475
ENSG00000107140	TESK1	532	532	516	579	318	231	339	333
ENSG00000107147	KCNT1	0	0	0	0	0	0	0	0
ENSG00000107159	CA9	931	6332	4630	4335	4493	458	2243	3174
ENSG00000107164	FUBP3	2102	2242	2972	1843	1672	1345	1348	1715
ENSG00000107165	TYRP1	4	6	4	6	5	0	2	1
ENSG00000107175	CREB3	502	458	560	439	382	287	200	342
ENSG00000107185	RGP1	2009	1805	1894	1315	1276	900	1216	926
ENSG00000107186	MPDZ	524	647	568	414	423	333	529	413
ENSG00000107187	LHX3	0	0	0	0	0	0	1	0
ENSG00000107201	DDX58	186	64	82	126	58	78	117	81
ENSG00000107223	EDF1	2539	3383	3824	2966	3097	2751	2663	3587
ENSG00000107242	PIP5K1B	1	1	1	0	1	1	0	0
ENSG00000107249	GLIS3	974	794	840	555	599	685	564	1007
ENSG00000107262	BAG1	1165	1269	1365	1366	1145	653	762	1025
ENSG00000107263	RAPGEF1	750	831	1153	588	761	386	402	329
ENSG00000107281	NPDC1	613	847	1036	725	737	818	702	805
ENSG00000107282	APBA1	5	3	4	2	3	6	8	0
ENSG00000107290	SETX	320	406	450	220	384	247	273	223
ENSG00000107295	SH3GL2	109	853	981	760	79	4	1	8
ENSG00000107317	PTGDS	0	0	0	0	0	0	0	0
ENSG00000107331	ABCA2	468	653	597	337	724	469	381	746
ENSG00000107338	SHB	1197	1424	1805	1323	1275	699	1101	1191
ENSG00000107341	UBE2R2	2730	3131	3217	2815	2276	1694	2374	1923
ENSG00000107362	ABHD17B	445	435	455	383	277	229	290	262
ENSG00000107371	EXOSC3	1639	1540	1578	1349	1030	847	917	1020
ENSG00000107372	ZFAND5	2413	2291	2487	1956	1949	2104	1864	2008
ENSG00000107404	DVL1	3297	3845	4271	3272	2488	2004	2483	2640
ENSG00000107438	PDLIM1	1605	2594	2887	2031	1744	444	742	847
ENSG00000107443	CCNJ	375	320	333	245	204	212	173	222
ENSG00000107485	GATA3	75	67	77	70	56	86	15	62
ENSG00000107518	ATRNL1	6	10	5	2	23	6	2	15
ENSG00000107521	HPS1	240	156	257	162	178	202	112	174
ENSG00000107537	PHYH	242	269	309	252	230	138	248	161
ENSG00000107551	RASSF4	22	99	124	81	97	34	75	83
ENSG00000107554	DNMBP	1130	1342	1336	963	1180	1100	894	999
ENSG00000107560	RAB11FIP2	850	822	893	562	631	360	459	488
ENSG00000107562	CXCL12	1	2	2	8	12	12	22	8
ENSG00000107566	ERLIN1	1127	1302	1389	1071	1070	729	683	889
ENSG00000107581	EIF3A	10254	10915	11800	7866	8017	6175	5882	6638
ENSG00000107593	PKD2L1	0	0	0	0	0	0	1	0
ENSG00000107611	CUBN	35	24	35	29	26	15	23	15
ENSG00000107614	TRDMT1	51	98	83	97	39	45	47	49
ENSG00000107625	DDX50	946	1378	1369	1033	1007	645	839	864
ENSG00000107643	MAPK8	317	441	447	312	305	206	265	254
ENSG00000107651	SEC23IP	1535	1529	1486	1060	1068	947	709	1004
ENSG00000107669	ATE1	986	977	1169	726	671	599	371	595
ENSG00000107672	NSMCE4A	836	796	1011	746	633	492	385	711
ENSG00000107679	PLEKHA1	528	538	511	428	345	284	204	301
ENSG00000107719	PALD1	51	47	76	27	22	22	16	54
ENSG00000107731	UNC5B	107	51	38	58	33	171	35	80
ENSG00000107736	CDH23	1	0	0	2	2	1	1	2
ENSG00000107738	VSIR	13	62	86	51	33	13	15	23
ENSG00000107742	SPOCK2	20	15	24	11	13	8	11	2
ENSG00000107745	MICU1	736	902	970	894	596	337	463	623
ENSG00000107758	PPP3CB	658	709	678	632	568	403	535	552
ENSG00000107771	CCSER2	681	788	797	533	636	466	470	432
ENSG00000107779	BMPR1A	649	566	638	548	543	571	360	531
ENSG00000107789	MINPP1	939	891	832	651	601	703	352	800
ENSG00000107796	ACTA2	641	805	535	663	824	268	369	750
ENSG00000107798	LIPA	1327	1186	1444	1076	779	453	464	682
ENSG00000107807	TLX1	3	0	0	0	0	0	0	0
ENSG00000107815	TWNK	1502	1489	1737	964	838	548	432	839
ENSG00000107816	LZTS2	3086	4630	4667	3102	2785	2290	1873	2873
ENSG00000107819	SFXN3	2085	2104	2371	1659	1665	1113	929	1263
ENSG00000107821	KAZALD1	257	215	268	179	133	249	106	193
ENSG00000107829	FBXW4	689	745	801	587	616	473	341	542
ENSG00000107831	FGF8	0	0	2	0	0	0	0	0
ENSG00000107833	NPM3	903	1029	1082	841	846	572	431	916
ENSG00000107854	TNKS2	1430	1580	1742	1216	1064	810	763	923
ENSG00000107859	PITX3	1	0	1	0	1	3	1	1
ENSG00000107862	GBF1	901	797	1055	587	489	437	415	426
ENSG00000107863	ARHGAP21	515	571	621	302	355	244	239	254
ENSG00000107864	CPEB3	57	49	50	36	43	38	16	23
ENSG00000107872	FBXL15	568	528	568	524	380	322	243	439
ENSG00000107874	CUEDC2	1112	1271	1421	1181	847	842	569	1126
ENSG00000107882	SUFU	928	864	863	616	500	579	383	593
ENSG00000107890	ANKRD26	241	310	222	247	240	300	228	163
ENSG00000107897	ACBD5	829	1127	1108	830	697	558	644	645
ENSG00000107902	LHPP	84	140	186	131	176	96	32	148
ENSG00000107929	LARP4B	1299	1427	1554	1260	928	654	897	888
ENSG00000107937	GTPBP4	2117	2338	2406	1924	1688	1312	1612	1537
ENSG00000107938	EDRF1	542	595	686	427	362	225	152	313
ENSG00000107949	BCCIP	2023	2160	2278	1709	1442	1212	1037	1396
ENSG00000107951	MTPAP	363	430	454	361	343	238	300	267
ENSG00000107954	NEURL1	46	41	44	34	30	25	7	39
ENSG00000107957	SH3PXD2A	2245	1883	1712	1243	1681	1770	1273	1756
ENSG00000107959	PITRM1	1152	1278	1558	965	794	462	448	736
ENSG00000107960	STN1	918	833	887	714	721	685	509	977
ENSG00000107968	MAP3K8	25	27	23	31	25	15	12	16
ENSG00000107984	DKK1	708	2121	2203	1451	2014	450	954	682
ENSG00000108001	EBF3	528	387	397	350	329	350	213	444
ENSG00000108010	GLRX3	2309	2397	2761	2104	1905	1179	1127	1844
ENSG00000108018	SORCS1	152	102	8	13	384	800	6	412
ENSG00000108021	TASOR2	1203	1266	1337	800	754	561	561	558
ENSG00000108039	XPNPEP1	1387	1652	1950	1143	1222	911	594	1209
ENSG00000108055	SMC3	2140	2470	2551	1858	1966	1462	1260	1691
ENSG00000108061	SHOC2	1123	1125	1246	903	865	665	456	792
ENSG00000108064	TFAM	1714	1754	1997	1607	1149	754	938	945
ENSG00000108091	CCDC6	1197	1492	1442	1133	914	564	634	789
ENSG00000108094	CUL2	528	480	709	668	351	425	316	439
ENSG00000108100	CCNY	1713	1841	2072	1759	1142	853	1007	1226
ENSG00000108106	UBE2S	8956	10073	11723	9347	7630	5561	6056	7260
ENSG00000108107	RPL28	29225	38539	39319	29867	33475	19330	16503	32288
ENSG00000108175	ZMIZ1	1171	1283	1496	936	1097	969	706	967
ENSG00000108176	DNAJC12	140	137	83	69	48	121	82	136
ENSG00000108179	PPIF	4302	4418	6061	4164	2848	1538	1888	2382
ENSG00000108187	PBLD	60	62	62	35	38	55	43	17
ENSG00000108219	TSPAN14	1959	2051	1905	1481	1877	2159	1322	2431
ENSG00000108231	LGI1	2	0	0	0	1	2	0	0
ENSG00000108239	TBC1D12	210	284	235	165	190	115	114	164
ENSG00000108242	CYP2C18	1	0	0	0	0	0	0	0
ENSG00000108244	KRT23	9	1	4	5	14	0	0	35
ENSG00000108255	CRYBA1	0	0	0	0	0	0	0	0
ENSG00000108256	NUFIP2	2161	2597	2500	1758	1802	1289	1411	1300
ENSG00000108262	GIT1	2561	3127	3572	2703	1962	1084	1615	1561
ENSG00000108298	RPL19	21906	30084	28220	24913	24586	16454	18628	25854
ENSG00000108306	FBXL20	536	678	573	456	520	454	430	413
ENSG00000108309	RUNDC3A	28	11	31	31	15	12	7	6
ENSG00000108312	UBTF	3234	3464	3995	3172	2092	2020	1887	2423
ENSG00000108342	CSF3	0	0	0	0	0	0	2	0
ENSG00000108344	PSMD3	3869	4219	5378	3714	2570	1855	2006	2833
ENSG00000108349	CASC3	2569	2786	3132	2460	2108	1305	1630	1579
ENSG00000108352	RAPGEFL1	239	278	263	190	132	164	123	200
ENSG00000108370	RGS9	11	11	9	13	5	9	3	0
ENSG00000108375	RNF43	3	4	3	0	5	53	0	10
ENSG00000108379	WNT3	313	278	284	270	151	92	201	103
ENSG00000108381	ASPA	0	1	1	3	4	4	3	0
ENSG00000108384	RAD51C	244	258	328	240	137	69	77	209
ENSG00000108387	SEPTIN4	73	72	84	85	51	52	54	28
ENSG00000108389	MTMR4	741	901	1038	738	664	479	537	527
ENSG00000108395	TRIM37	818	853	950	608	635	444	410	525
ENSG00000108405	P2RX1	0	2	1	3	2	0	1	0
ENSG00000108406	DHX40	1095	1445	1557	1098	1060	751	665	1066
ENSG00000108417	KRT37	2	0	0	0	0	2	0	0
ENSG00000108423	TUBD1	167	115	151	124	120	125	104	109
ENSG00000108424	KPNB1	6629	8031	9437	6695	5413	3752	4754	4245
ENSG00000108433	GOSR2	1023	1191	1465	910	1120	794	869	909
ENSG00000108439	PNPO	977	1224	1459	1105	733	550	666	672
ENSG00000108443	RPS6KB1	815	813	947	736	637	508	531	594
ENSG00000108465	CDK5RAP3	696	1003	881	739	721	652	833	762
ENSG00000108468	CBX1	1604	1874	2036	1698	1418	1058	1107	1281
ENSG00000108469	RECQL5	442	541	550	402	279	255	276	261
ENSG00000108474	PIGL	139	184	175	124	121	71	139	103
ENSG00000108479	GALK1	536	679	729	689	592	348	376	552
ENSG00000108506	INTS2	390	529	502	444	390	288	372	313
ENSG00000108509	CAMTA2	315	443	278	252	374	189	239	295
ENSG00000108510	MED13	1208	1484	1350	1031	1051	820	888	950
ENSG00000108511	HOXB6	200	180	208	147	170	176	184	145
ENSG00000108515	ENO3	87	148	127	103	60	52	104	62
ENSG00000108518	PFN1	35409	40154	42329	39959	23714	18916	26298	25657
ENSG00000108523	RNF167	2276	2606	2665	2180	1814	1482	1591	1793
ENSG00000108528	SLC25A11	1961	2227	2495	2022	1462	1198	1244	1724
ENSG00000108551	RASD1	11	18	9	6	19	6	6	20
ENSG00000108556	CHRNE	8	27	46	8	20	10	11	23
ENSG00000108557	RAI1	1414	1807	1857	1398	1296	888	1112	1108
ENSG00000108559	NUP88	1031	875	1217	876	698	624	649	887
ENSG00000108561	C1QBP	7186	7953	8121	7260	5149	3903	4083	5748
ENSG00000108576	SLC6A4	11	14	2	2	8	7	11	5
ENSG00000108578	BLMH	1672	1696	1875	1453	1167	869	995	1069
ENSG00000108582	CPD	1643	1791	1764	1241	1421	991	954	1422
ENSG00000108587	GOSR1	1117	1261	1346	974	816	715	672	725
ENSG00000108588	CCDC47	2357	3013	3141	2656	2242	1482	1586	2096
ENSG00000108590	MED31	403	385	422	400	230	332	228	365
ENSG00000108591	DRG2	893	1064	1147	875	744	576	615	789
ENSG00000108592	FTSJ3	4577	5143	5868	4135	3021	2316	2527	2941
ENSG00000108599	AKAP10	615	828	797	611	597	467	525	509
ENSG00000108604	SMARCD2	1996	1924	2095	1531	1555	817	977	1537
ENSG00000108622	ICAM2	0	0	1	5	0	0	4	3
ENSG00000108639	SYNGR2	1266	1569	1984	1524	1035	925	671	1332
ENSG00000108641	B9D1	607	764	751	751	578	565	345	592
ENSG00000108651	UTP6	950	824	870	726	593	634	727	699
ENSG00000108654	DDX5	2484	2265	3197	1955	1296	1125	1087	1065
ENSG00000108666	C17orf75	512	537	568	479	469	449	463	431
ENSG00000108669	CYTH1	457	413	435	385	345	297	317	272
ENSG00000108671	PSMD11	3643	3353	4046	3181	2384	1952	2448	2207
ENSG00000108679	LGALS3BP	6889	7440	7632	5434	5481	6175	3783	6594
ENSG00000108684	ASIC2	2	1	2	1	0	0	0	0
ENSG00000108688	CCL7	0	0	0	0	0	0	0	0
ENSG00000108691	CCL2	17	9	6	50	7	17	25	19
ENSG00000108700	CCL8	0	0	0	0	0	0	0	1
ENSG00000108733	PEX12	371	416	368	368	246	233	205	299
ENSG00000108759	KRT32	2	1	3	7	1	2	0	8
ENSG00000108771	DHX58	95	122	132	88	83	90	57	101
ENSG00000108773	KAT2A	859	1090	1072	868	648	643	626	662
ENSG00000108774	RAB5C	4482	4633	5431	4352	3419	2597	2997	3597
ENSG00000108784	NAGLU	536	666	744	599	495	439	441	477
ENSG00000108786	HSD17B1	43	36	36	38	72	106	60	108
ENSG00000108788	MLX	1633	1971	2089	1536	1486	1298	1221	1863
ENSG00000108797	CNTNAP1	651	1040	937	667	467	404	606	473
ENSG00000108798	ABI3	318	326	398	369	95	108	234	101
ENSG00000108799	EZH1	368	527	516	404	484	288	405	374
ENSG00000108813	DLX4	42	66	35	18	20	14	14	19
ENSG00000108819	PPP1R9B	2232	2294	2190	1920	1570	1309	1428	1393
ENSG00000108821	COL1A1	12951	6666	6241	6395	8690	14652	5702	6274
ENSG00000108823	SGCA	3	6	0	7	0	0	0	0
ENSG00000108825	PTGES3L-AARSD1	22	46	21	12	17	16	12	22
ENSG00000108826	MRPL27	1086	1199	1235	1201	860	723	949	1001
ENSG00000108828	VAT1	2880	4401	4514	3247	2883	1775	2389	2608
ENSG00000108829	LRRC59	6697	6556	8238	6688	4691	3125	3801	4144
ENSG00000108830	RND2	32	23	30	22	16	27	11	19
ENSG00000108839	ALOX12	13	17	9	9	11	12	8	7
ENSG00000108840	HDAC5	959	1149	1253	918	851	833	663	1060
ENSG00000108846	ABCC3	146	236	247	211	72	57	72	39
ENSG00000108848	LUC7L3	5590	6551	5675	5587	5240	8087	5837	5285
ENSG00000108849	PPY	1	1	0	0	1	1	0	0
ENSG00000108852	MPP2	228	280	311	222	217	112	118	104
ENSG00000108854	SMURF2	1293	1684	1831	1408	1371	1095	1504	1250
ENSG00000108861	DUSP3	1255	1612	2076	1330	1397	761	1191	1017
ENSG00000108878	CACNG1	0	0	0	0	0	0	0	0
ENSG00000108883	EFTUD2	3033	3505	4117	2948	2222	1420	1668	2221
ENSG00000108924	HLF	2	2	1	0	5	3	2	0
ENSG00000108932	SLC16A6	25	48	24	22	36	10	21	23
ENSG00000108946	PRKAR1A	4390	5418	4761	4559	4684	4668	3774	4693
ENSG00000108947	EFNB3	174	272	227	192	194	123	85	134
ENSG00000108950	FAM20A	33	17	10	6	35	93	0	50
ENSG00000108953	YWHAE	17312	20507	20843	18559	14967	10742	13539	14962
ENSG00000108960	MMD	259	292	240	277	239	146	295	164
ENSG00000108961	RANGRF	587	690	695	533	552	460	518	548
ENSG00000108963	DPH1	835	922	957	755	625	478	419	643
ENSG00000108984	MAP2K6	258	218	100	177	159	207	108	190
ENSG00000109016	DHRS7B	219	225	228	208	203	169	125	171
ENSG00000109046	WSB1	451	624	541	479	381	381	465	408
ENSG00000109047	RCVRN	0	0	1	1	0	0	1	0
ENSG00000109061	MYH1	10	14	19	30	16	13	13	11
ENSG00000109062	SLC9A3R1	837	838	1047	812	535	400	446	592
ENSG00000109063	MYH3	38	61	48	49	45	46	63	45
ENSG00000109065	NAT9	577	712	763	568	503	432	363	471
ENSG00000109066	TMEM104	433	400	452	344	314	245	241	228
ENSG00000109072	VTN	7	22	20	15	7	6	17	3
ENSG00000109079	TNFAIP1	1822	2038	2363	1809	1328	877	1127	1021
ENSG00000109083	IFT20	568	717	659	569	510	419	348	521
ENSG00000109084	TMEM97	945	979	1216	975	827	472	565	696
ENSG00000109089	CDR2L	524	488	529	386	402	306	329	390
ENSG00000109099	PMP22	934	817	986	670	838	812	453	1218
ENSG00000109101	FOXN1	0	0	1	3	0	0	0	0
ENSG00000109103	UNC119	636	761	919	641	587	452	466	609
ENSG00000109107	ALDOC	1530	5326	6367	4475	3100	676	2202	2106
ENSG00000109111	SUPT6H	3663	4174	4855	2933	2542	2132	1948	2530
ENSG00000109113	RAB34	3061	3520	3855	3329	2464	1536	2007	2397
ENSG00000109118	PHF12	709	682	774	598	493	559	511	504
ENSG00000109132	PHOX2B	0	0	0	0	2	0	0	1
ENSG00000109133	TMEM33	2033	2352	2460	2144	1664	1490	1648	1473
ENSG00000109158	GABRA4	0	0	0	0	1	0	0	1
ENSG00000109163	GNRHR	4	2	4	4	2	0	3	2
ENSG00000109171	SLAIN2	1196	1221	1318	936	994	652	747	711
ENSG00000109180	OCIAD1	2541	2759	2847	2479	1874	1763	1644	2138
ENSG00000109184	DCUN1D4	528	655	546	533	351	370	343	387
ENSG00000109189	USP46	454	463	479	365	325	226	293	311
ENSG00000109193	SULT1E1	16	8	15	2	0	1	5	0
ENSG00000109205	ODAM	0	0	0	0	0	0	0	0
ENSG00000109220	CHIC2	484	561	645	531	483	366	452	500
ENSG00000109255	NMU	28	50	51	49	47	11	21	17
ENSG00000109265	CRACD	88	55	45	29	174	153	82	259
ENSG00000109270	LAMTOR3	313	373	395	323	273	269	224	248
ENSG00000109320	NFKB1	503	535	822	465	493	260	309	302
ENSG00000109321	AREG	44	120	122	99	137	65	86	99
ENSG00000109323	MANBA	5	35	14	30	57	53	33	54
ENSG00000109332	UBE2D3	5530	6298	7300	5861	4579	3167	3957	4036
ENSG00000109339	MAPK10	42	36	41	40	48	16	19	15
ENSG00000109381	ELF2	480	526	583	404	409	331	300	430
ENSG00000109390	NDUFC1	318	334	325	347	218	306	224	223
ENSG00000109424	UCP1	0	0	0	0	0	1	0	0
ENSG00000109436	TBC1D9	344	277	323	201	286	285	294	318
ENSG00000109445	ZNF330	507	598	615	518	387	292	355	420
ENSG00000109452	INPP4B	1001	1645	2079	1331	1035	446	938	529
ENSG00000109458	GAB1	81	104	105	81	90	77	62	92
ENSG00000109466	KLHL2	338	306	276	192	233	90	237	134
ENSG00000109471	IL2	0	0	0	0	0	0	0	0
ENSG00000109472	CPE	410	464	210	323	828	893	350	1256
ENSG00000109475	RPL34	6423	9601	8901	7712	7880	6244	6633	8006
ENSG00000109501	WFS1	322	324	350	282	295	171	218	206
ENSG00000109511	ANXA10	2	10	18	2	0	0	6	3
ENSG00000109519	GRPEL1	1118	1487	1613	1193	979	656	998	954
ENSG00000109534	GAR1	1074	1205	1261	1132	706	636	717	757
ENSG00000109536	FRG1	1139	1265	1375	1228	1170	1063	1046	1074
ENSG00000109572	CLCN3	1255	1275	1409	989	967	917	835	955
ENSG00000109576	AADAT	326	276	311	218	257	345	286	406
ENSG00000109586	GALNT7	879	1067	1213	833	571	460	492	410
ENSG00000109606	DHX15	3812	3950	4576	3184	2667	1786	2108	2401
ENSG00000109610	SOD3	1054	384	223	205	541	1364	288	959
ENSG00000109618	SEPSECS	211	171	231	229	61	180	78	104
ENSG00000109625	CPZ	19	22	22	8	11	0	0	12
ENSG00000109654	TRIM2	640	470	630	241	261	306	151	333
ENSG00000109667	SLC2A9	1	0	0	1	0	0	0	0
ENSG00000109670	FBXW7	293	348	389	295	260	251	314	268
ENSG00000109674	NEIL3	157	218	217	188	168	104	105	135
ENSG00000109680	TBC1D19	80	62	72	52	74	67	48	100
ENSG00000109684	CLNK	2	6	0	1	5	7	10	1
ENSG00000109685	NSD2	2249	2779	3550	2385	2292	1221	2178	1489
ENSG00000109686	SH3D19	548	595	665	444	328	200	344	269
ENSG00000109689	STIM2	528	482	427	388	386	560	355	652
ENSG00000109705	NKX3-2	87	67	53	72	25	4	34	8
ENSG00000109736	MFSD10	1321	1801	1752	1355	1302	876	1025	1297
ENSG00000109738	GLRB	60	147	115	95	42	39	74	62
ENSG00000109743	BST1	175	247	251	192	176	104	163	150
ENSG00000109756	RAPGEF2	742	709	990	573	456	342	436	375
ENSG00000109758	HGFAC	0	0	0	0	2	0	0	0
ENSG00000109762	SNX25	573	804	787	550	524	381	531	573
ENSG00000109771	LRP2BP	53	62	38	51	51	34	55	31
ENSG00000109775	UFSP2	403	586	566	546	412	283	364	414
ENSG00000109787	KLF3	544	769	856	732	626	392	546	437
ENSG00000109790	KLHL5	1545	1539	1651	1418	1305	1424	1481	1207
ENSG00000109794	FAM149A	38	48	49	32	73	35	38	34
ENSG00000109805	NCAPG	1185	1243	1422	1021	976	681	759	1005
ENSG00000109814	UGDH	758	742	797	667	550	507	475	567
ENSG00000109819	PPARGC1A	40	45	62	28	24	25	20	4
ENSG00000109832	DDX25	2	1	1	1	3	2	0	1
ENSG00000109846	CRYAB	9	15	4	32	23	12	27	11
ENSG00000109854	HTATIP2	492	521	521	515	415	358	431	454
ENSG00000109861	CTSC	3398	3766	4081	3790	2816	2239	2750	2645
ENSG00000109881	CCDC34	690	666	628	730	524	591	589	557
ENSG00000109906	ZBTB16	0	2	0	0	1	0	1	0
ENSG00000109911	ELP4	267	297	330	260	211	165	215	162
ENSG00000109917	ZPR1	1958	2284	2448	2055	1724	1122	1417	1669
ENSG00000109919	MTCH2	1981	2049	2263	1994	1405	921	1318	1666
ENSG00000109920	FNBP4	1111	1328	1290	981	1046	1043	1356	871
ENSG00000109927	TECTA	24	17	27	15	13	8	8	8
ENSG00000109929	SC5D	518	514	597	538	430	309	367	397
ENSG00000109943	CRTAM	9	0	3	0	0	3	0	4
ENSG00000109944	JHY	209	164	164	101	168	153	58	203
ENSG00000109956	B3GAT1	16	3	4	2	23	37	6	65
ENSG00000109971	HSPA8	30259	30100	28364	29693	20656	10616	21277	14784
ENSG00000109991	P2RX3	4	7	6	0	0	2	2	2
ENSG00000110002	VWA5A	332	282	213	217	191	264	79	319
ENSG00000110011	DNAJC4	412	626	559	453	430	403	297	515
ENSG00000110013	SIAE	352	496	402	326	463	407	212	402
ENSG00000110025	SNX15	555	672	785	588	464	271	376	452
ENSG00000110031	LPXN	863	724	769	597	490	786	889	731
ENSG00000110042	DTX4	56	40	37	18	40	13	30	28
ENSG00000110046	ATG2A	842	958	1310	903	557	430	575	509
ENSG00000110047	EHD1	1616	1989	2850	2110	1110	736	1220	1077
ENSG00000110048	OSBP	1556	1780	2024	1550	1342	874	958	1153
ENSG00000110057	UNC93B1	580	855	860	717	672	407	533	726
ENSG00000110060	PUS3	507	579	614	461	415	356	329	392
ENSG00000110063	DCPS	957	988	1120	884	731	770	637	1069
ENSG00000110066	KMT5B	654	682	714	570	415	271	336	400
ENSG00000110074	FOXRED1	608	629	891	686	330	301	298	438
ENSG00000110075	PPP6R3	1767	1917	2080	1641	1454	1158	1212	1250
ENSG00000110076	NRXN2	23	6	30	21	3	7	21	12
ENSG00000110079	MS4A4A	0	2	0	2	4	1	0	0
ENSG00000110080	ST3GAL4	1662	2390	2670	2506	1603	1050	1503	1522
ENSG00000110090	CPT1A	759	967	916	775	803	1021	403	770
ENSG00000110092	CCND1	4952	5182	6471	5134	5373	2905	8451	3797
ENSG00000110104	CCDC86	1744	1841	2218	1826	1401	935	1169	1563
ENSG00000110107	PRPF19	5611	6043	7564	5349	3616	2645	2832	4500
ENSG00000110108	TMEM109	1760	1684	1974	1647	1468	969	1067	1491
ENSG00000110148	CCKBR	0	0	0	0	0	0	0	0
ENSG00000110169	HPX	0	5	3	3	2	4	3	1
ENSG00000110171	TRIM3	222	250	216	160	183	130	167	181
ENSG00000110172	CHORDC1	1136	1307	1003	1166	986	825	1110	815
ENSG00000110195	FOLR1	12	17	14	13	11	25	3	26
ENSG00000110200	ANAPC15	794	836	971	903	774	434	500	654
ENSG00000110203	FOLR3	2	1	1	0	0	1	1	0
ENSG00000110218	PANX1	455	475	470	372	355	252	316	346
ENSG00000110237	ARHGEF17	547	497	596	467	303	259	247	273
ENSG00000110243	APOA5	0	0	0	0	1	1	0	0
ENSG00000110244	APOA4	0	0	1	0	0	0	1	0
ENSG00000110245	APOC3	1	0	2	0	0	0	0	0
ENSG00000110274	CEP164	1273	1230	1297	1066	817	859	758	837
ENSG00000110315	RNF141	342	339	359	380	260	257	190	257
ENSG00000110318	CEP126	239	253	252	180	155	167	119	128
ENSG00000110321	EIF4G2	12258	11271	12711	11484	8948	7371	7885	9085
ENSG00000110328	GALNT18	79	60	64	98	84	22	33	47
ENSG00000110330	BIRC2	1169	1342	1178	1052	1043	924	979	1110
ENSG00000110344	UBE4A	1387	1532	1703	1227	1100	625	747	861
ENSG00000110367	DDX6	2575	2747	2631	2134	1974	1957	1698	1986
ENSG00000110375	UPK2	0	0	5	1	2	0	1	1
ENSG00000110395	CBL	961	1142	1017	850	755	529	801	594
ENSG00000110400	NECTIN1	338	347	380	414	262	155	166	238
ENSG00000110422	HIPK3	736	850	839	683	682	540	486	554
ENSG00000110427	KIAA1549L	757	901	795	677	809	717	824	966
ENSG00000110429	FBXO3	573	566	607	500	535	507	420	569
ENSG00000110435	PDHX	647	717	789	634	579	460	424	610
ENSG00000110436	SLC1A2	3	7	0	0	5	6	2	10
ENSG00000110442	COMMD9	734	834	845	759	553	352	335	553
ENSG00000110446	SLC15A3	0	3	3	4	0	2	0	6
ENSG00000110448	CD5	38	8	0	1	62	98	0	175
ENSG00000110455	ACCS	83	118	122	102	65	70	89	87
ENSG00000110492	MDK	2814	4290	5923	3405	1914	2468	2084	2342
ENSG00000110497	AMBRA1	706	806	899	621	542	453	376	527
ENSG00000110514	MADD	1348	1554	1688	1292	995	682	768	877
ENSG00000110536	PTPMT1	1155	1253	1367	1260	948	898	910	1052
ENSG00000110583	NAA40	471	531	523	374	365	370	293	345
ENSG00000110619	CARS1	1067	1288	1655	1024	1000	909	868	1166
ENSG00000110628	SLC22A18	193	180	158	120	139	293	108	388
ENSG00000110651	CD81	2865	3272	3346	3501	2185	1968	1724	2752
ENSG00000110660	SLC35F2	861	960	1059	767	750	521	641	667
ENSG00000110665	C11orf21	32	14	11	28	13	42	3	6
ENSG00000110675	ELMOD1	57	28	19	19	34	56	19	72
ENSG00000110680	CALCA	0	0	0	0	0	0	0	0
ENSG00000110693	SOX6	4	18	24	20	30	24	22	18
ENSG00000110696	C11orf58	2843	3131	3192	3203	2375	1979	2102	2632
ENSG00000110697	PITPNM1	1702	1566	1717	1238	1084	974	945	1299
ENSG00000110700	RPS13	7244	9558	8283	8330	8803	5087	6353	8947
ENSG00000110711	AIP	1924	2263	2256	2008	1824	1499	1647	2138
ENSG00000110713	NUP98	1572	1598	1777	1417	1104	818	993	1048
ENSG00000110717	NDUFS8	1643	1728	2107	1694	1214	957	936	1357
ENSG00000110719	TCIRG1	764	958	1044	653	697	645	796	681
ENSG00000110721	CHKA	475	549	573	451	360	232	333	254
ENSG00000110723	EXPH5	22	19	14	17	30	27	35	14
ENSG00000110756	HPS5	464	409	441	349	314	290	232	362
ENSG00000110768	GTF2H1	796	965	1025	818	580	486	536	588
ENSG00000110777	POU2AF1	7	3	5	3	4	14	10	4
ENSG00000110786	PTPN5	0	0	3	2	0	2	0	0
ENSG00000110799	VWF	6	8	6	7	7	7	7	9
ENSG00000110801	PSMD9	592	659	810	591	396	243	389	376
ENSG00000110811	P3H3	536	665	721	466	396	298	368	424
ENSG00000110841	PPFIBP1	3708	3356	3573	2613	3352	3603	2557	3677
ENSG00000110844	PRPF40B	582	609	529	482	310	331	554	313
ENSG00000110848	CD69	0	0	0	0	0	2	0	2
ENSG00000110851	PRDM4	1037	995	1256	873	548	511	590	574
ENSG00000110852	CLEC2B	185	218	172	198	292	375	227	339
ENSG00000110871	COQ5	486	735	785	579	389	336	403	419
ENSG00000110876	SELPLG	9	3	10	6	8	10	3	9
ENSG00000110880	CORO1C	3336	4282	4743	3238	2271	1487	2827	1780
ENSG00000110881	ASIC1	1498	1328	1441	1072	507	412	346	679
ENSG00000110887	DAO	0	0	0	0	0	0	0	0
ENSG00000110888	CAPRIN2	153	138	115	82	165	91	114	110
ENSG00000110900	TSPAN11	57	5	11	9	39	84	5	35
ENSG00000110906	KCTD10	1549	1602	1876	1397	926	806	956	866
ENSG00000110911	SLC11A2	319	455	442	372	272	191	313	252
ENSG00000110917	MLEC	3058	3487	3731	2805	2068	2069	2139	2133
ENSG00000110921	MVK	610	582	668	495	256	297	336	331
ENSG00000110925	CSRNP2	768	760	730	615	355	497	479	461
ENSG00000110931	CAMKK2	806	793	1039	772	468	348	504	475
ENSG00000110934	BIN2	8	13	11	3	7	8	10	1
ENSG00000110944	IL23A	15	8	9	16	11	5	69	1
ENSG00000110955	ATP5F1B	15160	17541	20662	15640	8066	6422	8070	10269
ENSG00000110958	PTGES3	7709	9583	9293	9133	5583	4830	6734	5693
ENSG00000110975	SYT10	2	2	2	0	0	0	0	0
ENSG00000110987	BCL7A	69	63	117	58	80	85	43	117
ENSG00000111011	RSRC2	335	537	421	358	330	347	349	331
ENSG00000111012	CYP27B1	334	465	417	340	172	153	187	171
ENSG00000111046	MYF6	0	0	0	1	0	0	0	0
ENSG00000111052	LIN7A	8	11	5	9	16	6	7	37
ENSG00000111057	KRT18	9967	15783	18323	14721	7289	4527	6300	6938
ENSG00000111058	ACSS3	253	217	201	125	198	207	73	325
ENSG00000111077	TNS2	1825	2152	2484	1765	881	933	909	806
ENSG00000111087	GLI1	7	3	4	3	2	2	0	0
ENSG00000111110	PPM1H	64	82	82	46	68	34	26	51
ENSG00000111142	METAP2	5360	5876	5965	5045	3230	3517	3377	4074
ENSG00000111144	LTA4H	1312	1930	1782	1400	1054	772	947	1062
ENSG00000111145	ELK3	2753	2654	2687	2486	1810	1900	2950	2339
ENSG00000111181	SLC6A12	8	0	7	3	3	0	0	0
ENSG00000111186	WNT5B	8	7	4	6	12	5	0	13
ENSG00000111196	MAGOHB	516	506	463	521	332	357	400	383
ENSG00000111199	TRPV4	223	170	175	142	190	322	244	224
ENSG00000111203	ITFG2	188	230	242	193	175	148	199	183
ENSG00000111206	FOXM1	2442	2381	3030	2189	1428	706	1158	1111
ENSG00000111215	PRR4	12	9	27	16	12	27	34	19
ENSG00000111218	PRMT8	0	0	0	0	0	0	0	0
ENSG00000111224	PARP11	67	149	199	39	62	34	75	83
ENSG00000111229	ARPC3	3802	4402	4201	3780	2433	2598	2969	3151
ENSG00000111231	GPN3	813	914	951	827	566	516	694	685
ENSG00000111237	VPS29	841	946	861	854	637	729	729	830
ENSG00000111245	MYL2	7	16	20	5	1	0	8	1
ENSG00000111247	RAD51AP1	444	398	485	433	337	317	279	285
ENSG00000111249	CUX2	2	0	2	0	0	1	0	0
ENSG00000111252	SH2B3	4348	2837	2278	2201	3071	4948	3451	6260
ENSG00000111254	AKAP3	5	3	3	1	1	1	0	0
ENSG00000111261	MANSC1	220	185	153	137	127	225	140	252
ENSG00000111266	DUSP16	257	270	230	179	163	124	160	153
ENSG00000111269	CREBL2	1097	1164	1076	858	821	760	824	872
ENSG00000111271	ACAD10	428	511	565	366	233	189	218	263
ENSG00000111275	ALDH2	496	445	468	385	227	185	330	176
ENSG00000111276	CDKN1B	929	1340	1445	1130	1297	795	855	1009
ENSG00000111291	GPRC5D	5	6	7	6	10	2	8	1
ENSG00000111300	NAA25	993	1093	1187	854	580	586	735	610
ENSG00000111305	GSG1	6	9	17	10	1	6	10	1
ENSG00000111319	SCNN1A	52	91	111	99	32	21	24	34
ENSG00000111321	LTBR	2120	2372	2631	1808	1493	1510	1496	1831
ENSG00000111325	OGFOD2	460	495	495	480	223	261	226	302
ENSG00000111328	CDK2AP1	2275	1907	2133	2183	1662	2905	1809	2759
ENSG00000111331	OAS3	741	675	1109	505	368	291	435	286
ENSG00000111335	OAS2	350	294	293	175	152	433	97	192
ENSG00000111339	ART4	2	2	1	3	3	2	2	1
ENSG00000111341	MGP	103	99	51	67	47	551	18	86
ENSG00000111344	RASAL1	13	16	0	5	34	32	2	53
ENSG00000111348	ARHGDIB	162	448	576	610	160	76	165	65
ENSG00000111358	GTF2H3	1727	1838	2263	1644	950	822	1075	851
ENSG00000111361	EIF2B1	3070	3229	3693	2897	1619	1728	1689	2175
ENSG00000111364	DDX55	694	750	750	662	502	678	715	512
ENSG00000111371	SLC38A1	1552	2797	2887	2054	1242	924	2239	915
ENSG00000111404	RERGL	0	6	1	5	2	1	3	0
ENSG00000111405	ENDOU	2	5	4	7	1	0	0	1
ENSG00000111412	SPRING1	964	890	993	774	547	516	556	597
ENSG00000111424	VDR	400	207	232	218	193	249	190	185
ENSG00000111432	FZD10	0	5	3	5	0	0	6	0
ENSG00000111445	RFC5	525	630	693	588	425	349	458	504
ENSG00000111450	STX2	288	206	225	196	217	266	279	312
ENSG00000111452	ADGRD1	0	0	0	0	0	0	1	0
ENSG00000111481	COPZ1	2693	3272	3062	3050	1895	1715	2363	2116
ENSG00000111490	TBC1D30	40	24	23	15	21	33	12	45
ENSG00000111530	CAND1	2836	2958	3280	2362	1591	1527	1530	1721
ENSG00000111536	IL26	0	0	0	0	0	0	0	2
ENSG00000111537	IFNG	0	0	1	0	0	0	0	0
ENSG00000111540	RAB5B	1485	1570	1666	1309	767	860	823	859
ENSG00000111554	MDM1	155	110	208	151	129	153	159	121
ENSG00000111581	NUP107	1417	1692	1736	1363	821	966	1039	1078
ENSG00000111596	CNOT2	1398	1617	1678	1411	925	1120	1245	986
ENSG00000111602	TIMELESS	1128	1110	1179	978	640	532	719	627
ENSG00000111605	CPSF6	2679	3018	3075	2635	1911	1571	1861	1819
ENSG00000111615	KRR1	1500	1483	1719	1305	879	1202	1070	1010
ENSG00000111639	MRPL51	3886	3787	3757	3657	2166	2441	2564	3124
ENSG00000111640	GAPDH	142561	247204	277474	195847	127652	74035	103297	175051
ENSG00000111641	NOP2	2046	2051	2486	1651	1105	1125	1246	1167
ENSG00000111642	CHD4	8109	8687	10618	6673	5280	3720	3717	3883
ENSG00000111644	ACRBP	4	5	0	2	2	3	4	1
ENSG00000111647	UHRF1BP1L	494	499	593	399	342	239	281	308
ENSG00000111652	COPS7A	2173	2147	2306	2084	1309	1305	1467	1638
ENSG00000111653	ING4	650	838	788	685	538	598	474	674
ENSG00000111664	GNB3	49	35	30	20	13	24	20	28
ENSG00000111665	CDCA3	465	422	467	527	307	259	299	329
ENSG00000111666	CHPT1	694	845	877	834	545	472	642	770
ENSG00000111667	USP5	3386	3523	4240	3251	2078	1580	1723	2116
ENSG00000111669	TPI1	16710	26044	27152	24020	14667	9693	15481	17198
ENSG00000111670	GNPTAB	686	653	691	588	426	384	423	405
ENSG00000111671	SPSB2	373	460	446	428	219	273	249	317
ENSG00000111674	ENO2	1514	6930	5334	4261	4442	1644	4940	3847
ENSG00000111676	ATN1	4829	5600	5724	3936	2682	3118	3142	2825
ENSG00000111678	C12orf57	1995	2449	2527	2048	1657	1528	1339	1894
ENSG00000111679	PTPN6	34	40	50	62	48	22	72	50
ENSG00000111684	LPCAT3	263	316	396	272	227	172	139	227
ENSG00000111696	NT5DC3	759	1140	1102	737	556	410	585	680
ENSG00000111700	SLCO1B3	214	340	379	296	127	27	305	27
ENSG00000111704	NANOG	6	8	4	13	7	7	6	11
ENSG00000111707	SUDS3	693	897	779	587	537	613	706	619
ENSG00000111711	GOLT1B	1006	954	933	911	654	694	824	671
ENSG00000111716	LDHB	17488	20267	21703	17416	10580	8750	11299	13048
ENSG00000111725	PRKAB1	630	757	859	566	378	293	324	435
ENSG00000111726	CMAS	1107	1266	1344	1115	631	514	759	758
ENSG00000111727	HCFC2	184	214	234	167	121	147	148	142
ENSG00000111728	ST8SIA1	25	22	38	22	8	18	21	8
ENSG00000111729	CLEC4A	1	4	4	4	4	7	9	2
ENSG00000111731	C2CD5	789	886	897	670	478	508	501	501
ENSG00000111732	AICDA	5	4	1	4	3	1	2	0
ENSG00000111737	RAB35	1191	1024	1295	976	506	579	735	807
ENSG00000111752	PHC1	1327	1461	1387	1197	778	712	998	752
ENSG00000111775	COX6A1	5239	5238	5720	5140	3144	3908	3723	4763
ENSG00000111780	NA	4	0	0	4	0	0	0	5
ENSG00000111783	RFX4	0	0	0	0	0	0	0	0
ENSG00000111785	RIC8B	615	551	524	431	299	292	267	340
ENSG00000111786	SRSF9	4626	5229	5360	4707	2927	3021	3528	4429
ENSG00000111790	FGFR1OP2	806	832	802	740	473	471	581	565
ENSG00000111796	KLRB1	0	0	0	0	0	0	0	0
ENSG00000111799	COL12A1	552	923	1059	537	1127	385	622	302
ENSG00000111801	BTN3A3	194	201	167	146	83	109	95	121
ENSG00000111802	TDP2	499	520	562	530	378	338	327	386
ENSG00000111816	FRK	74	75	44	50	61	55	71	31
ENSG00000111817	DSE	484	488	497	341	241	136	401	142
ENSG00000111832	RWDD1	939	944	1052	1016	750	841	797	748
ENSG00000111834	RSPH4A	11	13	6	7	9	7	5	8
ENSG00000111837	MAK	6	13	1	8	10	6	8	1
ENSG00000111843	TMEM14C	1902	2278	2265	2131	1749	1204	1431	1725
ENSG00000111845	PAK1IP1	872	981	1090	891	616	559	613	667
ENSG00000111846	GCNT2	110	166	135	103	75	53	96	52
ENSG00000111850	SMIM8	69	78	73	68	69	54	38	71
ENSG00000111859	NEDD9	229	154	141	146	380	346	217	363
ENSG00000111860	CEP85L	152	167	162	162	177	141	139	112
ENSG00000111863	ADTRP	81	78	44	80	22	48	108	19
ENSG00000111875	ASF1A	398	399	452	408	334	427	310	407
ENSG00000111877	MCM9	144	145	144	132	124	80	119	106
ENSG00000111879	FAM184A	38	66	51	31	52	24	27	28
ENSG00000111880	RNGTT	351	399	439	324	296	236	252	247
ENSG00000111885	MAN1A1	409	363	263	368	305	235	275	167
ENSG00000111886	GABRR2	7	12	9	14	22	8	18	1
ENSG00000111897	SERINC1	1715	2154	2089	1628	1813	1490	1301	1583
ENSG00000111906	HDDC2	645	563	656	566	450	435	398	618
ENSG00000111907	TPD52L1	432	497	376	349	222	227	152	332
ENSG00000111911	HINT3	337	397	437	325	335	196	284	291
ENSG00000111912	NCOA7	348	518	425	248	408	386	227	437
ENSG00000111913	RIPOR2	49	53	47	38	49	68	14	50
ENSG00000111961	SASH1	523	508	506	385	324	368	341	448
ENSG00000111962	UST	329	285	317	273	180	232	129	361
ENSG00000111981	ULBP1	0	1	0	2	0	0	0	0
ENSG00000112029	FBXO5	410	443	437	443	310	257	271	352
ENSG00000112031	MTRF1L	604	535	471	384	324	329	250	358
ENSG00000112033	PPARD	503	583	574	408	419	268	366	291
ENSG00000112038	OPRM1	3	4	7	4	7	12	7	3
ENSG00000112039	FANCE	165	183	191	165	135	97	95	126
ENSG00000112041	TULP1	0	0	1	2	3	0	0	0
ENSG00000112062	MAPK14	729	815	732	612	574	457	521	464
ENSG00000112077	RHAG	0	0	0	0	0	3	0	1
ENSG00000112078	KCTD20	795	904	1005	773	515	432	431	442
ENSG00000112079	STK38	468	510	470	355	304	235	286	221
ENSG00000112081	SRSF3	6744	6879	7512	6901	5591	4820	4654	6025
ENSG00000112110	MRPL18	1011	1115	972	956	824	595	704	778
ENSG00000112118	MCM3	2179	2351	2890	2422	1719	1270	1489	1640
ENSG00000112130	RNF8	102	193	193	162	144	97	70	111
ENSG00000112137	PHACTR1	5	5	7	2	7	1	6	6
ENSG00000112139	MDGA1	74	28	4	27	53	88	12	32
ENSG00000112144	CILK1	257	431	516	389	354	142	213	143
ENSG00000112146	FBXO9	556	483	703	564	520	390	412	429
ENSG00000112149	CD83	78	102	99	99	116	82	102	116
ENSG00000112159	MDN1	162	284	307	168	214	69	148	97
ENSG00000112164	GLP1R	0	0	0	0	0	0	1	0
ENSG00000112167	SAYSD1	112	87	103	108	86	84	62	98
ENSG00000112175	BMP5	45	85	118	94	18	67	5	29
ENSG00000112182	BACH2	38	24	40	20	27	33	15	39
ENSG00000112183	RBM24	14	30	37	32	31	6	20	11
ENSG00000112186	CAP2	222	280	338	214	140	67	138	124
ENSG00000112195	TREML2	1	3	6	14	1	1	0	0
ENSG00000112200	ZNF451	672	765	719	644	527	425	486	415
ENSG00000112208	BAG2	648	755	785	669	420	368	448	425
ENSG00000112210	RAB23	207	204	216	183	115	67	81	92
ENSG00000112212	TSPO2	1	3	1	0	0	0	0	0
ENSG00000112214	FHL5	16	29	30	18	31	24	31	27
ENSG00000112218	GPR63	97	82	68	61	55	24	78	27
ENSG00000112232	KHDRBS2	11	3	3	1	3	1	4	0
ENSG00000112234	FBXL4	183	324	275	240	252	165	174	165
ENSG00000112237	CCNC	1113	1214	1379	1275	908	587	674	620
ENSG00000112238	PRDM13	46	44	37	18	37	0	3	46
ENSG00000112242	E2F3	648	619	554	545	426	442	458	389
ENSG00000112245	PTP4A1	700	2161	1357	1833	1997	1498	703	734
ENSG00000112246	SIM1	0	0	1	1	0	0	0	1
ENSG00000112249	ASCC3	1003	1205	1340	779	801	468	675	552
ENSG00000112273	HDGFL1	0	0	0	0	0	0	0	0
ENSG00000112276	BVES	171	177	200	166	110	131	75	123
ENSG00000112280	COL9A1	3	0	0	0	0	2	0	4
ENSG00000112282	MED23	405	440	511	312	299	226	215	227
ENSG00000112290	WASF1	618	731	755	609	392	338	388	396
ENSG00000112293	GPLD1	35	35	26	23	31	25	16	43
ENSG00000112294	ALDH5A1	147	191	205	109	203	153	80	193
ENSG00000112297	CRYBG1	1931	1755	1703	1495	1095	1494	837	1604
ENSG00000112299	VNN1	0	2	2	2	4	4	10	2
ENSG00000112303	VNN2	0	3	1	1	0	0	0	0
ENSG00000112304	ACOT13	193	210	189	162	166	107	119	147
ENSG00000112305	SMAP1	613	821	859	800	644	474	556	497
ENSG00000112306	RPS12	12435	15790	16205	13018	15319	7279	12320	11419
ENSG00000112308	C6orf62	1533	1407	1491	1405	1402	1489	1330	1619
ENSG00000112309	B3GAT2	6	8	11	8	7	3	10	9
ENSG00000112312	GMNN	549	535	589	600	457	343	408	446
ENSG00000112319	EYA4	609	694	635	459	456	735	224	608
ENSG00000112320	SOBP	222	165	109	96	104	233	88	318
ENSG00000112333	NR2E1	0	0	0	0	2	0	0	0
ENSG00000112335	SNX3	2031	2228	2230	2129	1788	1279	1425	1792
ENSG00000112339	HBS1L	721	747	844	695	562	376	436	475
ENSG00000112343	TRIM38	376	394	326	329	276	386	398	241
ENSG00000112357	PEX7	126	106	137	137	99	64	70	82
ENSG00000112365	ZBTB24	254	271	274	219	199	123	127	129
ENSG00000112367	FIG4	170	208	192	125	127	87	33	73
ENSG00000112378	PERP	1230	1659	1239	1257	1694	1297	1153	1901
ENSG00000112379	ARFGEF3	47	286	164	200	341	61	200	120
ENSG00000112394	SLC16A10	28	34	60	39	32	21	27	21
ENSG00000112406	HECA	306	308	299	258	323	235	307	222
ENSG00000112414	ADGRG6	505	1134	1166	1032	848	192	628	369
ENSG00000112419	PHACTR2	133	178	154	150	159	69	116	92
ENSG00000112425	EPM2A	119	96	55	78	72	71	64	62
ENSG00000112473	SLC39A7	1962	1915	2078	1927	1439	1198	1045	1112
ENSG00000112486	CCR6	20	17	19	12	18	30	30	6
ENSG00000112499	SLC22A2	0	0	0	1	0	0	0	0
ENSG00000112511	PHF1	511	724	709	718	512	416	538	326
ENSG00000112514	CUTA	1500	1994	2022	1746	1554	1109	1129	1472
ENSG00000112530	PACRG	6	18	5	6	11	10	3	8
ENSG00000112531	QKI	415	447	469	333	319	178	197	234
ENSG00000112539	C6orf118	3	3	7	1	5	2	1	3
ENSG00000112541	PDE10A	107	151	205	87	248	13	63	35
ENSG00000112559	MDFI	86	33	15	32	26	147	19	70
ENSG00000112561	TFEB	147	95	94	96	88	82	74	104
ENSG00000112562	SMOC2	11	2	2	5	34	34	0	24
ENSG00000112576	CCND3	1384	1261	1563	1186	687	674	764	847
ENSG00000112578	BYSL	658	742	778	604	429	398	463	513
ENSG00000112584	FAM120B	520	527	613	458	347	315	282	333
ENSG00000112592	TBP	438	493	506	381	314	225	294	289
ENSG00000112599	GUCA1B	7	10	19	11	4	3	13	0
ENSG00000112619	PRPH2	0	1	0	0	1	0	1	0
ENSG00000112624	BICRAL	274	281	280	210	201	149	169	206
ENSG00000112640	PPP2R5D	765	794	1001	774	651	335	477	508
ENSG00000112651	MRPL2	765	819	741	836	477	369	519	523
ENSG00000112655	PTK7	1187	1158	1238	949	654	610	503	655
ENSG00000112658	SRF	1136	1226	1262	1009	891	614	850	830
ENSG00000112659	CUL9	448	515	569	261	343	188	263	227
ENSG00000112667	DNPH1	871	975	1006	1005	839	694	702	828
ENSG00000112679	DUSP22	213	210	190	166	195	117	205	150
ENSG00000112685	EXOC2	489	584	608	393	312	239	281	313
ENSG00000112695	COX7A2	2010	2481	2451	2049	1628	1324	1380	1992
ENSG00000112697	TMEM30A	2540	2819	2974	2568	2063	1773	1979	1950
ENSG00000112699	GMDS	325	469	402	425	324	220	291	323
ENSG00000112701	SENP6	874	940	937	721	664	539	555	625
ENSG00000112706	IMPG1	1	1	2	3	0	0	1	2
ENSG00000112715	VEGFA	571	3086	2024	1776	2714	588	1744	1856
ENSG00000112739	PRPF4B	433	596	398	257	386	384	314	314
ENSG00000112742	TTK	548	582	601	492	440	297	321	387
ENSG00000112759	SLC29A1	696	727	758	825	684	370	665	493
ENSG00000112761	CCN6	85	73	47	42	59	69	40	63
ENSG00000112763	BTN2A1	294	332	378	279	325	279	307	281
ENSG00000112769	LAMA4	2086	3156	3087	2059	2049	1335	1006	2271
ENSG00000112773	TENT5A	308	506	391	315	714	419	359	467
ENSG00000112782	CLIC5	0	1	1	6	0	0	0	0
ENSG00000112787	FBRSL1	1289	1482	1564	1184	762	749	953	817
ENSG00000112796	ENPP5	0	0	0	0	0	0	0	0
ENSG00000112812	PRSS16	0	0	0	0	14	0	0	4
ENSG00000112837	TBX18	349	336	342	358	229	222	229	264
ENSG00000112851	ERBIN	1816	2222	2880	1629	1579	618	933	701
ENSG00000112852	PCDHB2	284	197	186	171	361	338	207	373
ENSG00000112855	HARS2	1243	1350	1296	1084	910	571	765	751
ENSG00000112874	NUDT12	374	461	524	441	311	232	252	284
ENSG00000112877	CEP72	129	142	168	115	96	76	101	82
ENSG00000112893	MAN2A1	640	586	717	407	481	298	522	327
ENSG00000112902	SEMA5A	17	5	34	6	13	22	4	6
ENSG00000112936	C7	2	1	1	2	3	6	0	2
ENSG00000112941	TENT4A	943	1131	1004	1040	925	648	823	808
ENSG00000112964	GHR	52	31	27	18	31	33	19	26
ENSG00000112972	HMGCS1	2678	2823	3388	3354	1875	952	2742	1190
ENSG00000112977	DAP	4064	4526	5318	4563	3637	3127	3680	4118
ENSG00000112981	NME5	0	0	0	0	0	0	0	0
ENSG00000112983	BRD8	1094	1153	1167	952	811	677	697	739
ENSG00000112984	KIF20A	1011	1100	1195	1053	773	542	548	658
ENSG00000112992	NNT	1043	1157	1157	864	684	565	620	569
ENSG00000112996	MRPS30	992	1189	1182	975	847	675	714	1251
ENSG00000113013	HSPA9	4315	5154	5642	3968	2649	1989	2425	2567
ENSG00000113048	MRPS27	2221	2727	2692	2250	1904	1157	1553	1573
ENSG00000113068	PFDN1	1336	1415	1501	1246	982	816	1000	1008
ENSG00000113070	HBEGF	207	387	414	242	211	87	303	141
ENSG00000113073	SLC4A9	0	1	0	0	0	0	0	0
ENSG00000113083	LOX	29	31	24	33	25	25	14	24
ENSG00000113100	CDH9	5	3	8	9	2	0	4	0
ENSG00000113108	APBB3	96	94	104	58	39	52	51	41
ENSG00000113119	TMCO6	132	233	215	161	103	95	87	148
ENSG00000113140	SPARC	11085	9130	9106	8378	8312	9775	5502	9054
ENSG00000113141	IK	3692	3956	4391	3291	2600	2091	2116	2450
ENSG00000113161	HMGCR	1672	1577	1717	1423	1129	1208	1292	1272
ENSG00000113163	CERT1	809	1085	1013	776	620	449	570	535
ENSG00000113194	FAF2	1578	1791	1903	1309	1288	1054	1093	1024
ENSG00000113205	PCDHB3	17	20	9	23	18	9	6	18
ENSG00000113209	PCDHB5	265	180	143	145	307	387	206	359
ENSG00000113211	PCDHB6	275	242	196	177	296	247	188	310
ENSG00000113212	PCDHB7	237	196	166	131	205	241	145	199
ENSG00000113231	PDE8B	52	66	64	38	99	76	19	133
ENSG00000113240	CLK4	102	153	123	101	171	197	137	190
ENSG00000113248	PCDHB15	139	163	164	84	278	227	142	216
ENSG00000113249	HAVCR1	4	1	6	4	3	2	6	7
ENSG00000113269	RNF130	848	972	894	806	897	649	659	905
ENSG00000113272	THG1L	624	818	798	636	653	408	431	464
ENSG00000113273	ARSB	326	218	231	177	231	359	208	429
ENSG00000113282	CLINT1	2386	2427	2636	1996	1505	1328	1044	1334
ENSG00000113296	THBS4	40	34	32	42	38	37	9	22
ENSG00000113300	CNOT6	895	865	923	706	579	501	602	480
ENSG00000113302	IL12B	0	0	0	0	0	0	0	0
ENSG00000113303	BTNL8	87	56	69	51	28	19	41	18
ENSG00000113312	TTC1	1606	1733	1929	1473	1146	916	918	1183
ENSG00000113318	MSH3	702	891	868	660	653	402	445	408
ENSG00000113319	RASGRF2	26	28	20	14	18	20	11	12
ENSG00000113327	GABRG2	54	129	100	58	71	66	50	51
ENSG00000113328	CCNG1	2629	4151	4451	3011	2463	1270	1586	1553
ENSG00000113356	POLR3G	1229	1122	1154	1178	732	770	935	695
ENSG00000113360	DROSHA	1942	1941	2216	1451	1108	922	1097	1128
ENSG00000113361	CDH6	1	7	1	0	2	0	2	0
ENSG00000113368	LMNB1	3198	3353	3879	3268	2261	1950	2075	2076
ENSG00000113369	ARRDC3	411	1514	1254	1023	2192	808	1238	1227
ENSG00000113384	GOLPH3	1651	1874	1866	1533	1323	1117	1011	1420
ENSG00000113387	SUB1	3347	3381	3347	3312	2228	2219	2058	2762
ENSG00000113389	NPR3	13	72	94	59	38	2	9	19
ENSG00000113391	FAM172A	574	621	548	468	467	380	344	499
ENSG00000113396	SLC27A6	5	9	12	9	1	2	3	1
ENSG00000113407	TARS1	3777	4365	4815	3626	2856	1903	2529	2869
ENSG00000113430	IRX4	2	0	0	0	2	0	0	1
ENSG00000113441	LNPEP	873	874	755	693	646	584	638	535
ENSG00000113448	PDE4D	629	1038	1111	807	692	506	383	639
ENSG00000113456	RAD1	624	577	604	537	437	457	377	516
ENSG00000113460	BRIX1	1924	2069	1961	1625	1477	1390	1449	1912
ENSG00000113492	AGXT2	0	0	0	1	0	4	0	0
ENSG00000113494	PRLR	38	16	21	19	19	49	5	23
ENSG00000113504	SLC12A7	234	402	281	216	309	190	349	267
ENSG00000113520	IL4	0	0	0	0	0	0	0	0
ENSG00000113522	RAD50	867	1090	1063	996	681	416	506	415
ENSG00000113525	IL5	0	0	0	0	0	0	0	0
ENSG00000113532	ST8SIA4	136	370	505	497	254	92	103	124
ENSG00000113552	GNPDA1	1915	2474	2776	2143	1360	1019	1348	1156
ENSG00000113555	PCDH12	19	26	25	28	9	15	12	27
ENSG00000113558	SKP1	1945	2388	2386	2187	1690	1070	1192	1656
ENSG00000113569	NUP155	1796	1942	2537	1563	1227	877	1088	1052
ENSG00000113575	PPP2CA	3645	3917	4341	3851	2670	2308	2563	2533
ENSG00000113578	FGF1	266	172	197	145	149	173	97	174
ENSG00000113580	NR3C1	1611	2791	2838	2030	2113	865	1131	967
ENSG00000113583	C5orf15	1835	1972	1965	1817	1382	1507	1305	1506
ENSG00000113593	PPWD1	525	617	613	542	452	326	398	430
ENSG00000113594	LIFR	182	187	163	102	174	397	119	177
ENSG00000113595	TRIM23	389	419	450	325	352	276	250	299
ENSG00000113597	TRAPPC13	313	272	336	277	247	247	177	251
ENSG00000113615	SEC24A	925	1217	1087	833	758	557	523	600
ENSG00000113621	TXNDC15	768	812	657	690	690	799	537	753
ENSG00000113638	TTC33	294	350	283	272	206	231	154	232
ENSG00000113643	RARS1	4439	4713	5100	3867	2755	1947	2234	2173
ENSG00000113645	WWC1	736	1114	1188	701	291	56	353	81
ENSG00000113648	MACROH2A1	5379	5541	5624	5037	3883	3501	3481	4262
ENSG00000113649	TCERG1	1771	1984	2534	1559	1297	867	1198	915
ENSG00000113657	DPYSL3	4384	4845	4001	3952	4037	3055	2927	3239
ENSG00000113658	SMAD5	1351	1448	1599	1258	1140	928	1049	938
ENSG00000113712	CSNK1A1	3914	4796	5034	3946	3289	2560	3114	2504
ENSG00000113716	HMGXB3	1838	1805	2044	1454	1120	1037	1270	973
ENSG00000113719	ERGIC1	2500	3093	3106	2110	2076	1083	1375	1841
ENSG00000113721	PDGFRB	1150	968	998	960	358	727	537	384
ENSG00000113722	CDX1	15	3	2	0	0	5	1	1
ENSG00000113732	ATP6V0E1	1387	1426	1568	1377	1275	1277	1103	1352
ENSG00000113734	BNIP1	339	450	535	440	373	242	422	281
ENSG00000113739	STC2	177	592	457	365	456	82	362	249
ENSG00000113742	CPEB4	652	599	545	471	453	408	454	354
ENSG00000113749	HRH2	1	2	1	3	2	0	1	0
ENSG00000113758	DBN1	6003	5566	6015	5111	3913	5066	4234	4422
ENSG00000113761	ZNF346	441	444	513	348	364	248	249	237
ENSG00000113763	UNC5A	0	0	1	1	0	2	0	0
ENSG00000113790	EHHADH	89	78	96	78	72	33	41	52
ENSG00000113805	CNTN3	28	35	11	10	73	116	7	73
ENSG00000113810	SMC4	3806	4099	4070	3847	3255	2246	2827	2775
ENSG00000113811	SELENOK	573	542	474	575	666	546	595	719
ENSG00000113812	ACTR8	649	752	835	526	489	299	376	434
ENSG00000113838	TBCCD1	265	245	205	212	148	183	144	173
ENSG00000113845	TIMMDC1	1537	1641	1626	1579	922	736	859	1017
ENSG00000113851	CRBN	509	774	669	649	672	309	404	486
ENSG00000113916	BCL6	174	241	204	125	280	256	170	309
ENSG00000113924	HGD	0	0	0	0	0	0	0	0
ENSG00000113946	CLDN16	2	6	2	3	6	1	6	5
ENSG00000113966	ARL6	347	322	286	249	189	220	156	224
ENSG00000113971	NPHP3	330	399	293	251	324	299	235	237
ENSG00000114013	CD86	0	1	0	0	1	0	0	0
ENSG00000114019	AMOTL2	2735	4373	5136	3398	2235	314	2142	478
ENSG00000114021	NIT2	625	646	644	533	446	294	389	498
ENSG00000114023	FAM162A	923	2810	2183	2057	1800	718	1322	1491
ENSG00000114026	OGG1	528	592	615	551	472	371	384	537
ENSG00000114030	KPNA1	1144	1285	1347	953	834	579	670	685
ENSG00000114054	PCCB	1073	1294	1556	1010	613	465	540	736
ENSG00000114062	UBE3A	2836	3154	3052	2792	2450	2288	2315	2257
ENSG00000114098	ARMC8	626	677	752	565	397	309	320	397
ENSG00000114107	CEP70	246	277	297	272	273	192	131	275
ENSG00000114113	RBP2	0	0	0	0	0	0	0	0
ENSG00000114115	RBP1	43	24	12	41	86	38	60	50
ENSG00000114120	SLC25A36	1267	1951	1874	1425	1568	1107	1317	1286
ENSG00000114124	GRK7	1	2	3	2	2	2	2	3
ENSG00000114125	RNF7	1485	1756	1819	1607	1319	1073	1272	1338
ENSG00000114126	TFDP2	846	884	1035	761	721	543	481	588
ENSG00000114127	XRN1	740	846	843	596	644	460	456	502
ENSG00000114166	KAT2B	390	464	440	318	305	234	172	353
ENSG00000114200	BCHE	84	67	90	34	49	81	37	53
ENSG00000114204	SERPINI2	0	0	0	0	0	1	0	0
ENSG00000114209	PDCD10	799	889	875	885	752	498	661	681
ENSG00000114251	WNT5A	1373	880	848	913	963	798	1055	875
ENSG00000114268	PFKFB4	1686	4408	3471	2812	2960	1592	2532	2956
ENSG00000114270	COL7A1	270	185	99	142	157	169	342	92
ENSG00000114279	FGF12	7	5	6	7	22	29	13	18
ENSG00000114302	PRKAR2A	2697	2860	3527	2761	2014	1485	1824	1465
ENSG00000114315	HES1	585	315	202	380	417	510	568	671
ENSG00000114316	USP4	1183	1397	1607	1180	1068	628	922	994
ENSG00000114331	ACAP2	710	790	747	662	552	381	430	434
ENSG00000114346	ECT2	1136	1360	1618	1229	1075	532	958	701
ENSG00000114349	GNAT1	2	1	0	0	0	0	0	0
ENSG00000114353	GNAI2	9314	10012	12075	10095	6665	5484	6224	7129
ENSG00000114354	TFG	1842	1986	2090	1745	1429	1265	1206	1470
ENSG00000114378	HYAL1	8	16	15	11	4	6	10	8
ENSG00000114383	TUSC2	999	1047	1113	986	621	578	613	734
ENSG00000114388	NPRL2	407	478	400	323	355	244	225	387
ENSG00000114391	RPL24	20053	28745	27400	25629	24993	16650	20746	24393
ENSG00000114395	CYB561D2	458	435	464	374	344	278	267	399
ENSG00000114405	C3orf14	230	233	289	285	153	108	178	149
ENSG00000114416	FXR1	1676	2158	2079	1820	1654	1094	1520	1264
ENSG00000114423	CBLB	168	205	128	111	116	161	87	118
ENSG00000114439	BBX	2955	3742	3541	2921	2391	2092	2079	2062
ENSG00000114446	IFT57	1175	1073	1125	970	820	792	607	1102
ENSG00000114450	GNB4	914	763	744	719	774	741	667	804
ENSG00000114455	HHLA2	8	11	8	6	3	8	9	5
ENSG00000114473	IQCG	100	92	107	105	77	59	68	87
ENSG00000114480	GBE1	1158	3044	2632	1972	1958	602	1331	1336
ENSG00000114487	MORC1	0	0	0	0	0	0	0	0
ENSG00000114491	UMPS	222	194	241	166	109	108	112	136
ENSG00000114503	NCBP2	1846	1920	1970	1667	1360	1222	1227	1263
ENSG00000114520	SNX4	737	672	810	690	522	443	438	473
ENSG00000114529	C3orf52	108	111	133	88	135	80	151	122
ENSG00000114541	FRMD4B	113	102	105	93	98	147	64	194
ENSG00000114544	SLC41A3	505	759	819	577	690	389	513	588
ENSG00000114547	ROPN1B	10	4	8	4	17	18	5	19
ENSG00000114554	PLXNA1	1658	1544	1692	1253	1292	1181	1489	1210
ENSG00000114573	ATP6V1A	1914	1881	2060	1577	1285	1170	1000	1204
ENSG00000114626	ABTB1	391	341	468	351	316	304	314	397
ENSG00000114631	PODXL2	314	258	366	320	279	234	118	354
ENSG00000114638	UPK1B	3	3	8	2	2	7	7	3
ENSG00000114646	CSPG5	50	32	25	16	39	37	16	81
ENSG00000114648	KLHL18	703	655	907	574	450	280	365	407
ENSG00000114650	SCAP	828	1040	1220	894	592	257	331	514
ENSG00000114654	EFCC1	0	3	6	0	9	16	2	9
ENSG00000114656	CFAP92	48	49	47	37	39	36	51	22
ENSG00000114670	NEK11	104	93	75	78	81	78	60	76
ENSG00000114686	MRPL3	3910	3829	4258	3744	2622	1884	2241	2809
ENSG00000114698	PLSCR4	89	103	104	88	76	50	41	38
ENSG00000114735	HEMK1	453	621	506	450	412	301	396	337
ENSG00000114737	CISH	73	73	105	93	41	37	60	33
ENSG00000114738	MAPKAPK3	2014	2313	3274	2532	1131	788	1418	1292
ENSG00000114739	ACVR2B	274	381	331	258	366	219	356	253
ENSG00000114742	WDR48	1031	1128	1166	819	814	462	496	675
ENSG00000114744	COMMD2	532	559	579	521	418	363	390	385
ENSG00000114745	GORASP1	387	443	438	421	370	353	353	382
ENSG00000114757	PEX5L	12	10	6	8	6	5	12	13
ENSG00000114767	RRP9	1562	1841	2233	1743	1211	692	1207	1133
ENSG00000114770	ABCC5	436	507	459	374	321	296	349	258
ENSG00000114771	AADAC	0	0	0	1	1	0	1	1
ENSG00000114779	ABHD14B	2100	2978	2964	2417	1712	983	1272	1616
ENSG00000114784	EIF1B	876	920	810	890	693	449	696	642
ENSG00000114786	ABHD14A-ACY1	3	0	3	0	5	0	2	2
ENSG00000114790	ARHGEF26	64	57	110	63	88	5	67	10
ENSG00000114796	KLHL24	383	467	413	267	367	245	292	242
ENSG00000114805	PLCH1	25	29	21	43	18	20	105	8
ENSG00000114812	VIPR1	6	12	6	10	4	0	2	0
ENSG00000114841	DNAH1	108	40	126	88	109	66	0	103
ENSG00000114850	SSR3	4178	4773	4779	4950	3450	1745	5599	1902
ENSG00000114853	ZBTB47	627	661	596	508	367	333	426	384
ENSG00000114854	TNNC1	38	50	41	47	12	4	6	10
ENSG00000114857	NKTR	966	1205	1232	1061	876	1301	1187	921
ENSG00000114859	CLCN2	256	247	296	213	225	149	144	195
ENSG00000114861	FOXP1	1648	1654	1724	1599	930	1000	913	828
ENSG00000114867	EIF4G1	6530	7209	7973	5521	4093	2651	3607	3480
ENSG00000114902	SPCS1	3061	3159	3139	3057	2092	2016	1947	2650
ENSG00000114904	NEK4	775	753	775	640	630	450	444	535
ENSG00000114923	SLC4A3	470	523	453	405	497	470	475	528
ENSG00000114933	INO80D	287	361	274	262	228	203	262	189
ENSG00000114942	EEF1B2	4772	6655	6455	5644	5664	3322	4477	5074
ENSG00000114948	ADAM23	58	61	25	42	125	120	52	241
ENSG00000114956	DGUOK	1056	1142	1274	1037	779	800	722	919
ENSG00000114978	MOB1A	2790	2906	3118	2473	2056	1875	1874	2158
ENSG00000114982	KANSL3	452	376	500	214	167	313	168	148
ENSG00000114988	LMAN2L	156	191	184	188	196	144	104	145
ENSG00000114993	RTKN	819	709	583	572	551	690	469	815
ENSG00000114999	TTL	303	272	328	269	248	254	177	221
ENSG00000115008	IL1A	4	3	13	5	4	2	15	11
ENSG00000115009	CCL20	15	18	21	12	16	17	0	39
ENSG00000115020	PIKFYVE	585	565	554	501	416	340	435	307
ENSG00000115041	KCNIP3	127	245	228	194	182	53	68	72
ENSG00000115042	FAHD2A	179	216	235	187	148	106	135	110
ENSG00000115053	NCL	12734	14739	17236	12220	9818	5870	7783	8496
ENSG00000115073	ACTR1B	1001	1240	1228	992	894	665	794	1079
ENSG00000115084	SLC35F5	583	699	504	489	370	458	386	472
ENSG00000115085	ZAP70	0	3	0	10	5	6	6	4
ENSG00000115091	ACTR3	3261	3434	3253	3143	2599	2243	2680	2795
ENSG00000115107	STEAP3	935	1262	912	979	620	392	663	759
ENSG00000115109	EPB41L5	106	110	162	79	82	32	49	53
ENSG00000115112	TFCP2L1	13	8	16	4	0	0	3	2
ENSG00000115128	SF3B6	1741	1991	1964	1820	1374	1305	1148	1653
ENSG00000115129	TP53I3	985	995	970	873	680	593	566	765
ENSG00000115137	DNAJC27	100	120	119	91	71	58	63	63
ENSG00000115138	POMC	0	0	0	0	0	0	0	0
ENSG00000115145	STAM2	398	457	531	430	353	279	284	302
ENSG00000115155	OTOF	2	2	3	0	1	4	2	1
ENSG00000115159	GPD2	861	1272	1205	961	833	624	771	746
ENSG00000115163	CENPA	425	451	443	412	250	214	219	288
ENSG00000115165	CYTIP	0	0	1	1	2	0	2	0
ENSG00000115170	ACVR1	195	271	294	178	132	114	241	141
ENSG00000115183	TANC1	407	441	570	348	301	182	188	181
ENSG00000115194	SLC30A3	3	3	2	2	5	3	2	5
ENSG00000115204	MPV17	1422	1876	1585	1510	921	987	1018	1344
ENSG00000115207	GTF3C2	1757	1834	2109	1593	1167	921	844	1278
ENSG00000115211	EIF2B4	792	854	820	697	690	534	493	614
ENSG00000115216	NRBP1	2528	2637	2752	2362	1833	1697	1640	1995
ENSG00000115221	ITGB6	4	7	1	4	4	4	2	1
ENSG00000115226	FNDC4	154	158	183	157	147	96	62	116
ENSG00000115232	ITGA4	435	565	574	614	482	261	425	311
ENSG00000115233	PSMD14	2033	2243	2650	2210	1644	1296	1512	1673
ENSG00000115234	SNX17	2131	2421	2737	2311	1706	1157	1362	1727
ENSG00000115239	ASB3	560	616	553	481	447	592	505	512
ENSG00000115241	PPM1G	6476	7196	8010	6186	4391	3713	3943	4880
ENSG00000115252	PDE1A	2	8	7	11	0	2	1	6
ENSG00000115255	REEP6	124	139	153	102	122	98	57	180
ENSG00000115257	PCSK4	0	0	0	16	7	11	5	8
ENSG00000115263	GCG	2	1	0	1	0	0	0	0
ENSG00000115266	APC2	38	60	42	25	25	10	26	18
ENSG00000115267	IFIH1	77	126	117	94	81	60	36	52
ENSG00000115268	RPS15	9223	12325	12931	10955	10190	7379	8506	11083
ENSG00000115271	GCA	46	88	54	78	84	48	86	75
ENSG00000115274	INO80B	1093	1402	1198	1037	1045	1114	856	1075
ENSG00000115275	MOGS	1451	1723	1882	1390	884	759	712	906
ENSG00000115282	TTC31	507	662	631	402	445	289	341	356
ENSG00000115286	NDUFS7	1082	1165	1465	1181	738	648	630	869
ENSG00000115289	PCGF1	317	480	449	397	359	261	335	366
ENSG00000115290	GRB14	59	47	25	21	0	6	12	0
ENSG00000115295	CLIP4	596	1120	980	686	426	262	426	518
ENSG00000115297	TLX2	29	21	24	32	15	22	11	32
ENSG00000115306	SPTBN1	4985	5903	6576	4219	5091	3125	2771	3565
ENSG00000115307	AUP1	1815	2074	2041	2086	1588	1098	1285	1525
ENSG00000115310	RTN4	8494	9863	10510	8807	6995	6904	6330	8077
ENSG00000115317	HTRA2	1040	1411	1240	1136	920	562	731	820
ENSG00000115318	LOXL3	1287	1961	1888	1479	1410	535	1075	1064
ENSG00000115325	DOK1	265	358	356	296	211	158	253	128
ENSG00000115339	GALNT3	1	4	2	2	7	1	4	0
ENSG00000115350	POLE4	877	965	1085	913	751	466	760	742
ENSG00000115353	TACR1	3	2	1	1	5	1	1	1
ENSG00000115355	CCDC88A	1286	1535	1346	1027	955	824	1061	1004
ENSG00000115361	ACADL	0	0	0	0	4	0	0	0
ENSG00000115363	EVA1A	662	783	737	733	439	195	489	245
ENSG00000115364	MRPL19	1165	1433	1441	1171	856	542	758	838
ENSG00000115365	LANCL1	1186	1279	1223	1011	836	575	538	653
ENSG00000115368	WDR75	1138	1288	1132	1025	872	768	732	846
ENSG00000115380	EFEMP1	65	144	119	146	585	34	33	125
ENSG00000115386	REG1A	0	0	0	0	0	0	0	0
ENSG00000115392	FANCL	417	553	381	360	299	308	386	324
ENSG00000115414	FN1	18649	17608	11659	10572	17129	9972	9647	14592
ENSG00000115415	STAT1	1371	1311	1590	895	1069	562	511	790
ENSG00000115419	GLS	2684	3063	3251	3151	1778	1219	1542	1333
ENSG00000115421	PAPOLG	171	217	207	122	119	118	81	94
ENSG00000115423	DNAH6	80	24	102	18	4	1	1	1
ENSG00000115425	PECR	102	158	109	106	83	67	82	80
ENSG00000115446	UNC50	452	451	450	400	314	310	278	374
ENSG00000115457	IGFBP2	459	522	256	277	418	1164	12	2241
ENSG00000115459	ELMOD3	81	76	62	67	90	44	52	47
ENSG00000115461	IGFBP5	806	737	234	494	930	1842	430	2159
ENSG00000115464	USP34	2566	2824	2469	2117	1817	1678	1728	1641
ENSG00000115468	EFHD1	1	6	8	6	6	6	7	10
ENSG00000115474	KCNJ13	0	5	2	2	1	1	9	0
ENSG00000115484	CCT4	5018	7068	7049	6036	5091	3234	5001	4327
ENSG00000115486	GGCX	360	449	462	327	315	360	306	312
ENSG00000115488	NEU2	0	2	0	0	0	0	0	0
ENSG00000115504	EHBP1	1615	1560	1636	1006	1506	1341	863	1769
ENSG00000115507	OTX1	53	66	55	49	35	33	43	38
ENSG00000115514	TXNDC9	539	602	581	586	463	386	396	489
ENSG00000115520	COQ10B	393	356	379	322	268	273	286	282
ENSG00000115523	GNLY	2	0	0	0	0	0	0	0
ENSG00000115524	SF3B1	4557	5536	5633	4197	3647	2736	2712	3115
ENSG00000115525	ST3GAL5	239	132	52	30	139	413	30	675
ENSG00000115526	CHST10	387	337	362	284	242	250	168	338
ENSG00000115539	PDCL3	563	532	585	499	394	306	329	427
ENSG00000115540	MOB4	891	875	893	787	609	539	635	649
ENSG00000115541	HSPE1	2982	3257	2756	3187	2142	2145	2129	2646
ENSG00000115548	KDM3A	947	2030	1927	1310	1533	698	910	1229
ENSG00000115556	PLCD4	104	90	90	88	42	49	15	36
ENSG00000115561	CHMP3	1776	1898	2215	1667	1675	1174	1198	1383
ENSG00000115568	ZNF142	537	486	532	388	336	295	281	298
ENSG00000115590	IL1R2	0	0	0	0	0	0	1	0
ENSG00000115592	PRKAG3	0	0	0	1	0	0	1	0
ENSG00000115593	SMYD1	4	0	1	1	1	0	0	0
ENSG00000115594	IL1R1	31	29	31	13	10	4	5	8
ENSG00000115596	WNT6	37	55	44	59	11	13	10	10
ENSG00000115598	IL1RL2	0	0	0	2	0	0	0	0
ENSG00000115602	IL1RL1	0	0	2	3	12	0	3	0
ENSG00000115604	IL18R1	7	10	0	5	7	0	9	0
ENSG00000115607	IL18RAP	0	0	1	0	0	1	0	0
ENSG00000115616	SLC9A2	1	0	0	0	0	0	0	0
ENSG00000115641	FHL2	755	911	1119	774	779	421	997	688
ENSG00000115648	MLPH	550	491	411	374	444	496	272	597
ENSG00000115649	CNPPD1	988	1266	1599	1255	863	595	735	879
ENSG00000115652	UXS1	518	531	580	451	325	389	351	381
ENSG00000115657	ABCB6	380	522	449	364	280	179	154	339
ENSG00000115661	STK16	336	386	378	316	344	194	240	262
ENSG00000115665	SLC5A7	0	0	0	0	0	0	0	0
ENSG00000115677	HDLBP	8384	9849	11668	7910	6426	3579	4408	5373
ENSG00000115685	PPP1R7	790	916	977	791	595	455	547	621
ENSG00000115687	PASK	110	118	126	101	124	64	101	80
ENSG00000115694	STK25	1205	1363	1575	1252	890	559	701	783
ENSG00000115705	TPO	0	1	4	0	1	5	0	0
ENSG00000115718	PROC	0	0	0	0	0	0	0	0
ENSG00000115738	ID2	113	169	131	200	247	191	287	222
ENSG00000115750	TAF1B	373	387	362	341	254	148	211	209
ENSG00000115756	HPCAL1	2649	2647	2982	2209	2103	2937	1654	4159
ENSG00000115758	ODC1	1494	1699	1705	1748	1555	1387	1168	2229
ENSG00000115760	BIRC6	842	981	1158	609	739	407	500	442
ENSG00000115761	NOL10	536	570	852	534	335	259	203	248
ENSG00000115762	PLEKHB2	2037	2139	2560	1755	1422	910	1256	1141
ENSG00000115806	GORASP2	719	729	792	739	450	399	350	477
ENSG00000115808	STRN	887	949	939	741	792	478	646	610
ENSG00000115816	CEBPZ	2973	3454	3500	2544	2185	1700	1654	1974
ENSG00000115825	PRKD3	1492	1362	1300	1078	1155	1032	874	1378
ENSG00000115827	DCAF17	181	214	201	171	147	116	131	80
ENSG00000115828	QPCT	240	164	115	96	219	313	103	478
ENSG00000115839	RAB3GAP1	611	639	591	531	490	5	254	541
ENSG00000115840	SLC25A12	278	230	264	242	171	187	122	228
ENSG00000115841	RMDN2	157	120	75	99	81	108	63	124
ENSG00000115844	DLX2	164	95	123	92	114	173	84	202
ENSG00000115850	LCT	0	0	0	0	0	0	1	0
ENSG00000115866	DARS1	1729	3334	3087	2558	2237	1086	1852	1718
ENSG00000115875	SRSF7	2818	2972	3337	2865	1743	2055	1844	2538
ENSG00000115884	SDC1	3581	3304	3939	3207	2116	1474	2638	1417
ENSG00000115896	PLCL1	3	3	2	0	2	8	3	2
ENSG00000115902	SLC1A4	30	38	43	19	66	33	32	29
ENSG00000115904	SOS1	868	953	806	725	460	437	524	516
ENSG00000115919	KYNU	844	1299	1266	852	783	400	649	751
ENSG00000115935	WIPF1	1181	1115	1095	882	1049	1324	936	1418
ENSG00000115942	ORC2	475	593	521	441	363	323	309	305
ENSG00000115944	COX7A2L	1992	2439	2519	2282	2014	1239	1622	1741
ENSG00000115946	PNO1	1022	1008	1278	990	790	515	662	765
ENSG00000115947	ORC4	853	985	857	797	734	597	716	549
ENSG00000115956	PLEK	53	37	57	29	53	17	47	22
ENSG00000115963	RND3	444	743	854	615	1144	105	635	270
ENSG00000115966	ATF2	546	621	597	567	488	356	374	360
ENSG00000115970	THADA	853	971	1008	648	694	541	522	665
ENSG00000115977	AAK1	722	763	683	600	511	489	548	515
ENSG00000115993	TRAK2	423	382	367	338	269	275	235	277
ENSG00000115998	C2orf42	141	154	145	106	108	97	96	131
ENSG00000116001	TIA1	1028	1104	1046	964	711	941	800	778
ENSG00000116005	PCYOX1	892	964	896	710	737	590	613	643
ENSG00000116014	KISS1R	1	0	0	0	0	2	0	0
ENSG00000116016	EPAS1	278	656	813	332	425	76	194	320
ENSG00000116017	ARID3A	455	384	302	362	216	197	303	256
ENSG00000116030	SUMO1	2457	2694	2749	2553	1758	1542	1419	1924
ENSG00000116031	CD207	1	1	1	0	2	0	0	0
ENSG00000116032	GRIN3B	6	6	1	1	2	1	3	3
ENSG00000116035	VAX2	30	34	42	30	24	22	16	32
ENSG00000116039	ATP6V1B1	8	12	8	2	17	25	12	13
ENSG00000116044	NFE2L2	1042	1108	1023	849	709	817	687	862
ENSG00000116062	MSH6	1786	2038	2421	1786	1629	873	1150	1098
ENSG00000116095	PLEKHA3	454	395	440	367	295	304	285	293
ENSG00000116096	SPR	597	621	591	513	484	263	325	390
ENSG00000116106	EPHA4	38	30	25	24	70	91	44	93
ENSG00000116117	PARD3B	73	146	165	115	114	66	86	47
ENSG00000116120	FARSB	1104	1096	1364	1119	856	627	852	801
ENSG00000116127	ALMS1	370	444	394	356	362	233	256	328
ENSG00000116128	BCL9	641	595	483	408	386	454	296	534
ENSG00000116132	PRRX1	5022	2509	1082	785	3092	5964	737	5829
ENSG00000116133	DHCR24	4333	4741	6173	4978	2850	1671	3977	2364
ENSG00000116138	DNAJC16	471	468	470	380	262	289	243	279
ENSG00000116141	MARK1	77	82	86	66	94	103	123	106
ENSG00000116147	TNR	0	2	0	0	3	3	1	6
ENSG00000116151	MORN1	151	209	201	155	170	122	82	169
ENSG00000116157	GPX7	63	49	9	107	175	209	100	263
ENSG00000116161	CACYBP	2476	2719	2302	2583	2185	1996	2574	2138
ENSG00000116171	SCP2	1488	1579	1724	1348	1075	1006	872	1279
ENSG00000116176	TPSG1	0	0	0	0	0	0	0	0
ENSG00000116183	PAPPA2	0	1	0	1	0	0	0	1
ENSG00000116191	RALGPS2	850	1431	1301	1013	939	305	590	384
ENSG00000116194	ANGPTL1	32	5	2	4	14	61	2	39
ENSG00000116198	CEP104	562	634	828	599	448	287	400	392
ENSG00000116199	FAM20B	1763	1675	1681	1194	1264	972	1071	1222
ENSG00000116205	TCEANC2	545	544	486	408	367	297	336	275
ENSG00000116209	TMEM59	3067	3609	3501	2957	2958	2553	1946	3022
ENSG00000116212	LRRC42	566	842	840	716	619	329	450	542
ENSG00000116213	WRAP73	792	965	916	753	635	552	541	726
ENSG00000116221	MRPL37	2548	3375	3784	3149	2168	1200	1879	2029
ENSG00000116237	ICMT	1175	1081	1302	1043	964	1057	1040	1145
ENSG00000116251	RPL22	9100	12422	12281	11021	9439	6893	8464	10432
ENSG00000116254	CHD5	4	6	4	2	0	2	0	2
ENSG00000116260	QSOX1	5175	8003	8524	5830	4649	2241	5459	3123
ENSG00000116266	STXBP3	873	848	957	825	644	622	587	725
ENSG00000116273	PHF13	680	862	929	723	657	523	546	675
ENSG00000116285	ERRFI1	7100	11918	11981	10010	8409	7448	7406	10205
ENSG00000116288	PARK7	5402	6003	6421	5414	4058	3672	3127	5238
ENSG00000116299	ELAPOR1	0	0	0	0	0	0	0	0
ENSG00000116329	OPRD1	65	22	8	8	105	161	29	194
ENSG00000116337	AMPD2	2175	1977	2409	1590	1180	1001	938	1198
ENSG00000116350	SRSF4	1989	2890	2858	2381	2322	1672	2322	1921
ENSG00000116353	MECR	264	319	409	327	151	120	143	200
ENSG00000116396	KCNC4	107	79	92	62	81	86	35	183
ENSG00000116406	EDEM3	1627	1176	1064	775	814	599	718	672
ENSG00000116455	WDR77	1388	1522	1736	1347	947	705	834	945
ENSG00000116459	ATP5PB	2227	2738	2713	2189	1626	995	1188	1553
ENSG00000116473	RAP1A	1507	1558	1555	1516	1450	1057	1365	1251
ENSG00000116478	HDAC1	4407	5085	5556	4453	2795	2857	2565	3974
ENSG00000116489	CAPZA1	4133	4846	4949	4221	2991	3038	3259	3313
ENSG00000116497	S100PBP	554	565	476	413	373	393	406	355
ENSG00000116514	RNF19B	872	988	1188	1033	1009	538	1123	680
ENSG00000116521	SCAMP3	3911	4078	3964	3013	2482	2092	2274	2845
ENSG00000116525	TRIM62	265	258	309	288	217	148	167	175
ENSG00000116539	ASH1L	1272	1845	1536	1024	1166	886	971	981
ENSG00000116544	DLGAP3	4	15	10	7	8	6	3	0
ENSG00000116560	SFPQ	9415	10028	10660	9267	6432	5452	6271	6088
ENSG00000116574	RHOU	40	80	31	30	92	90	29	100
ENSG00000116580	GON4L	1024	1056	938	706	721	701	711	582
ENSG00000116584	ARHGEF2	2582	2829	2717	2125	1927	1797	2752	1601
ENSG00000116586	LAMTOR2	730	741	732	631	633	557	554	726
ENSG00000116604	MEF2D	1734	1874	1959	1572	1269	883	1557	968
ENSG00000116641	DOCK7	781	1079	1084	797	819	540	666	679
ENSG00000116649	SRM	4021	3988	4711	4259	2509	1909	2212	2807
ENSG00000116661	FBXO2	164	256	295	188	105	143	54	85
ENSG00000116663	FBXO6	56	99	98	78	67	68	38	81
ENSG00000116667	C1orf21	355	316	261	185	350	241	221	416
ENSG00000116668	SWT1	127	173	101	103	98	71	92	78
ENSG00000116670	MAD2L2	883	1031	1338	1092	822	553	759	903
ENSG00000116675	DNAJC6	433	536	487	318	300	198	203	300
ENSG00000116678	LEPR	76	148	112	110	124	84	125	76
ENSG00000116679	IVNS1ABP	806	900	792	653	823	879	741	745
ENSG00000116685	KIAA2013	2122	3542	3539	2830	2177	1270	1933	2160
ENSG00000116688	MFN2	1998	2407	3314	1711	1269	666	905	849
ENSG00000116690	PRG4	143	33	4	18	211	1971	5	254
ENSG00000116691	MIIP	435	488	580	475	342	350	312	380
ENSG00000116698	SMG7	2753	2922	2904	1976	1646	1485	1543	1531
ENSG00000116701	NCF2	0	25	0	7	0	0	0	0
ENSG00000116703	PDC	1	0	2	0	0	0	0	0
ENSG00000116704	SLC35D1	438	446	447	337	254	250	225	265
ENSG00000116711	PLA2G4A	48	38	25	28	80	54	66	71
ENSG00000116717	GADD45A	1751	2484	3140	2173	1807	900	2336	1231
ENSG00000116721	PRAMEF1	0	0	1	0	0	0	0	0
ENSG00000116726	PRAMEF12	0	5	2	2	1	0	0	0
ENSG00000116729	WLS	2110	2196	2384	1656	1629	1657	1090	1955
ENSG00000116731	PRDM2	522	487	575	412	399	281	391	245
ENSG00000116741	RGS2	195	279	192	173	477	381	331	522
ENSG00000116745	RPE65	19	20	31	16	3	2	4	7
ENSG00000116747	RO60	1400	1554	1349	1033	1094	779	932	910
ENSG00000116750	UCHL5	3047	3261	3068	2350	2062	1481	1829	1960
ENSG00000116752	BCAS2	953	1046	1080	905	700	555	636	722
ENSG00000116754	SRSF11	2638	2872	2898	2430	1964	2323	1971	1953
ENSG00000116761	CTH	134	125	143	78	101	59	85	70
ENSG00000116771	AGMAT	3	5	5	3	2	1	2	3
ENSG00000116774	OLFML3	660	273	271	257	254	404	100	432
ENSG00000116783	TNNI3K	1	0	0	0	0	0	0	0
ENSG00000116785	CFHR3	20	33	19	16	25	21	22	20
ENSG00000116786	PLEKHM2	1536	1776	2380	1392	1288	866	1135	1235
ENSG00000116791	CRYZ	874	954	877	895	783	981	619	845
ENSG00000116793	PHTF1	721	540	656	551	406	425	393	559
ENSG00000116809	ZBTB17	617	665	754	523	501	526	585	576
ENSG00000116815	CD58	401	345	288	326	415	490	293	587
ENSG00000116819	TFAP2E	13	5	4	12	15	8	4	6
ENSG00000116830	TTF2	555	600	735	523	487	300	400	379
ENSG00000116833	NR5A2	4	2	9	4	12	0	2	6
ENSG00000116852	KIF21B	1096	801	746	578	771	721	822	695
ENSG00000116857	TMEM9	2422	2801	2672	2263	2150	1520	1554	2068
ENSG00000116863	ADPRS	1371	1777	2156	1453	1032	799	868	1047
ENSG00000116871	MAP7D1	4198	3951	5168	3654	2447	2041	2249	2304
ENSG00000116874	WARS2	416	499	486	428	363	241	298	319
ENSG00000116882	HAO2	0	0	1	1	0	0	0	0
ENSG00000116885	OSCP1	130	142	153	135	128	84	80	140
ENSG00000116898	MRPS15	1190	1365	1565	1290	1099	675	974	1038
ENSG00000116903	EXOC8	378	381	383	278	352	214	305	211
ENSG00000116906	GNPAT	1022	1141	1093	873	880	659	746	875
ENSG00000116918	TSNAX	2759	2853	2594	2162	2050	1699	1618	1768
ENSG00000116922	C1orf109	490	487	539	442	348	222	246	267
ENSG00000116954	RRAGC	683	882	858	657	647	450	466	525
ENSG00000116962	NID1	2532	2332	1906	1533	2555	2661	1816	2470
ENSG00000116977	LGALS8	1341	1771	1559	1142	1251	1146	1156	1264
ENSG00000116981	NT5C1A	14	24	32	22	30	33	28	15
ENSG00000116983	HPCAL4	20	27	53	39	22	9	5	8
ENSG00000116984	MTR	1519	1849	1531	1169	1161	1059	1005	1085
ENSG00000116985	BMP8B	77	112	83	71	146	116	39	129
ENSG00000116990	MYCL	1	3	7	1	8	0	3	4
ENSG00000116991	SIPA1L2	101	66	26	28	140	128	17	118
ENSG00000116996	ZP4	0	0	0	1	0	0	0	0
ENSG00000117000	RLF	532	921	971	589	709	345	433	558
ENSG00000117009	KMO	0	0	0	4	2	1	3	0
ENSG00000117010	ZNF684	127	107	111	102	78	71	56	98
ENSG00000117013	KCNQ4	10	3	3	4	0	0	0	0
ENSG00000117016	RIMS3	16	21	22	11	22	14	4	19
ENSG00000117020	AKT3	1872	2383	1836	1618	1828	1181	1786	1260
ENSG00000117036	ETV3	1235	1307	1212	833	989	684	807	856
ENSG00000117054	ACADM	842	951	920	611	400	428	417	495
ENSG00000117069	ST6GALNAC5	46	121	134	75	29	5	73	13
ENSG00000117090	SLAMF1	0	0	0	0	0	0	0	0
ENSG00000117091	CD48	0	0	0	1	0	2	0	0
ENSG00000117114	ADGRL2	791	800	802	450	323	296	254	375
ENSG00000117115	PADI2	12	19	34	31	79	8	11	1
ENSG00000117118	SDHB	1863	2002	2379	1901	1452	1022	1294	1385
ENSG00000117122	MFAP2	995	823	675	1326	1506	1897	1396	1725
ENSG00000117133	RPF1	1105	1190	1378	1080	854	771	781	1001
ENSG00000117139	KDM5B	601	981	1235	626	880	323	315	503
ENSG00000117143	UAP1	4094	4842	5108	3918	2966	1787	2982	2663
ENSG00000117148	ACTL8	14	10	7	10	24	48	2	48
ENSG00000117151	CTBS	45	68	71	60	52	42	38	47
ENSG00000117152	RGS4	519	636	944	504	1119	189	312	234
ENSG00000117153	KLHL12	952	1144	1208	927	651	528	724	655
ENSG00000117155	SSX2IP	598	606	694	564	437	411	380	550
ENSG00000117174	ZNHIT6	647	744	798	579	399	318	426	351
ENSG00000117215	PLA2G2D	0	1	0	0	0	0	0	0
ENSG00000117222	RBBP5	735	732	679	530	547	496	493	465
ENSG00000117226	GBP3	0	0	1	0	0	0	0	0
ENSG00000117228	GBP1	203	140	134	112	50	127	124	62
ENSG00000117245	KIF17	4	16	29	13	10	0	5	3
ENSG00000117262	GPR89A	360	339	385	320	245	160	210	272
ENSG00000117266	CDK18	130	221	194	135	144	131	48	136
ENSG00000117280	RAB29	858	820	827	661	675	489	563	501
ENSG00000117281	CD160	4	4	3	5	1	0	1	5
ENSG00000117298	ECE1	1656	1793	2115	1512	1463	1249	1462	1400
ENSG00000117305	HMGCL	315	721	708	497	382	230	289	367
ENSG00000117308	GALE	1952	3173	3209	2628	1554	1220	1659	1548
ENSG00000117318	ID3	1440	886	1048	677	1547	2053	904	2597
ENSG00000117322	CR2	0	0	0	0	0	0	0	0
ENSG00000117335	CD46	1993	2395	2070	1572	1944	1611	1859	1698
ENSG00000117360	PRPF3	938	1097	1012	845	752	645	839	716
ENSG00000117362	APH1A	4786	5281	5275	4333	3628	2443	3011	3452
ENSG00000117385	P3H1	1094	1048	1256	866	761	704	561	846
ENSG00000117394	SLC2A1	849	3853	3698	2334	3683	635	1508	2317
ENSG00000117395	EBNA1BP2	3721	4427	5132	4684	2936	1609	2184	2554
ENSG00000117399	CDC20	4082	5397	6280	5410	3453	1536	2656	2474
ENSG00000117400	MPL	17	19	8	17	13	6	11	11
ENSG00000117407	ARTN	29	29	30	24	21	17	44	11
ENSG00000117408	IPO13	1068	1104	1273	922	612	481	464	499
ENSG00000117410	ATP6V0B	3367	3590	3797	3917	2935	2424	2611	2790
ENSG00000117411	B4GALT2	2202	2383	3037	2406	1582	915	1377	1671
ENSG00000117419	ERI3	1763	1717	2227	1711	1159	882	922	1357
ENSG00000117425	PTCH2	28	25	11	20	16	15	12	6
ENSG00000117448	AKR1A1	1064	1264	1341	1217	935	837	885	988
ENSG00000117450	PRDX1	11094	11701	14146	11956	6617	5625	7435	8117
ENSG00000117461	PIK3R3	315	180	205	140	110	269	83	207
ENSG00000117472	TSPAN1	73	107	85	63	62	55	34	22
ENSG00000117475	BLZF1	1148	1151	998	740	707	749	610	787
ENSG00000117477	CCDC181	238	277	201	193	202	242	259	206
ENSG00000117479	SLC19A2	373	410	333	308	248	188	331	216
ENSG00000117480	FAAH	9	9	9	16	6	3	13	8
ENSG00000117481	NSUN4	434	522	582	450	396	311	352	336
ENSG00000117500	TMED5	423	498	516	325	296	269	232	340
ENSG00000117501	MROH9	0	0	0	0	1	0	0	0
ENSG00000117505	DR1	1758	2138	2372	1795	1367	1087	1164	1274
ENSG00000117519	CNN3	4287	5776	6165	4777	5250	2871	3358	4459
ENSG00000117523	PRRC2C	8337	8953	7311	6618	6360	7569	7405	6178
ENSG00000117525	F3	404	591	502	455	583	112	884	146
ENSG00000117528	ABCD3	666	637	691	583	427	402	360	444
ENSG00000117533	VAMP4	369	335	241	235	297	377	363	339
ENSG00000117543	DPH5	368	509	408	495	334	218	325	260
ENSG00000117560	FASLG	2	2	0	0	0	0	4	0
ENSG00000117569	PTBP2	379	348	351	369	311	321	336	291
ENSG00000117586	TNFSF4	29	31	34	25	19	22	18	16
ENSG00000117592	PRDX6	5491	6378	5855	5156	3796	3566	3615	5027
ENSG00000117593	DARS2	1477	1994	1501	1162	921	625	914	893
ENSG00000117594	HSD11B1	120	122	93	182	64	14	292	14
ENSG00000117595	IRF6	36	47	32	48	40	14	0	7
ENSG00000117597	UTP25	1086	1394	1231	868	894	607	866	751
ENSG00000117598	PLPPR5	2	0	2	0	4	5	3	1
ENSG00000117600	PLPPR4	6	0	0	0	29	25	0	9
ENSG00000117601	SERPINC1	0	3	0	3	4	0	0	0
ENSG00000117602	RCAN3	555	469	535	416	435	592	343	528
ENSG00000117614	SYF2	1939	2830	2606	2084	2008	1730	1692	2079
ENSG00000117616	RSRP1	149	320	114	102	134	112	178	163
ENSG00000117620	SLC35A3	409	577	548	477	452	335	421	398
ENSG00000117625	RCOR3	777	1019	935	690	725	574	649	572
ENSG00000117632	STMN1	4813	6135	6148	6015	5007	3827	5280	4938
ENSG00000117640	MTFR1L	1296	1548	1578	1241	949	917	984	1138
ENSG00000117643	MAN1C1	81	54	29	34	83	88	19	157
ENSG00000117650	NEK2	751	814	890	699	629	493	529	526
ENSG00000117676	RPS6KA1	856	1031	1413	1049	720	489	668	500
ENSG00000117682	DHDDS	550	561	688	445	439	332	343	392
ENSG00000117691	NENF	805	964	946	900	843	695	732	914
ENSG00000117697	NSL1	900	973	766	689	627	642	629	664
ENSG00000117707	PROX1	69	25	30	68	53	99	60	98
ENSG00000117713	ARID1A	1651	1917	2100	1371	1355	1441	1379	1094
ENSG00000117724	CENPF	3215	3906	3274	2571	3041	2155	2496	2247
ENSG00000117748	RPA2	1254	1393	1723	1241	937	721	791	980
ENSG00000117751	PPP1R8	1290	1274	1485	1095	1007	810	926	1059
ENSG00000117758	STX12	797	959	920	784	691	526	545	600
ENSG00000117791	MTARC2	13	16	15	4	20	36	7	32
ENSG00000117859	OSBPL9	1038	1587	1736	1222	1110	788	1098	872
ENSG00000117862	TXNDC12	1692	1737	1760	1404	1127	1163	1019	1182
ENSG00000117868	ESYT2	1873	2813	2650	2311	1869	1135	1706	1586
ENSG00000117877	POLR1G	695	762	704	582	579	388	497	363
ENSG00000117899	MESD	830	850	1023	866	704	637	702	722
ENSG00000117906	RCN2	1987	1809	1731	1790	1854	1953	1551	2007
ENSG00000117971	CHRNB4	0	1	1	0	0	0	0	0
ENSG00000117983	MUC5B	28	15	4	5	50	83	4	78
ENSG00000117984	CTSD	2713	3478	3824	3114	2635	1312	1419	2251
ENSG00000118004	COLEC11	2	2	2	0	6	12	1	9
ENSG00000118007	STAG1	1129	1272	1386	1073	945	616	675	679
ENSG00000118017	A4GNT	1	5	0	1	3	2	4	0
ENSG00000118046	STK11	1078	1127	1222	1100	820	739	797	914
ENSG00000118058	KMT2A	487	740	659	491	553	269	472	301
ENSG00000118094	TREH	4	3	1	1	4	14	7	1
ENSG00000118096	IFT46	642	659	604	648	469	393	350	507
ENSG00000118113	MMP8	8	1	0	5	3	16	1	25
ENSG00000118137	APOA1	1	0	2	2	1	2	1	1
ENSG00000118160	SLC8A2	2	0	0	0	0	2	3	0
ENSG00000118162	KPTN	405	477	485	365	331	256	189	344
ENSG00000118181	RPS25	13824	19460	17369	16185	17523	12257	14853	17566
ENSG00000118193	KIF14	904	803	828	679	645	586	659	499
ENSG00000118194	TNNT2	40	124	78	101	0	0	1	0
ENSG00000118197	DDX59	530	579	500	394	415	368	448	431
ENSG00000118200	CAMSAP2	2229	2264	1975	1469	1411	1311	1437	1474
ENSG00000118217	ATF6	953	1114	854	576	761	837	1078	767
ENSG00000118242	MREG	129	141	141	90	70	76	64	88
ENSG00000118246	FASTKD2	669	697	781	582	362	389	387	438
ENSG00000118257	NRP2	1369	1255	1067	923	948	712	1018	920
ENSG00000118260	CREB1	696	783	783	670	597	440	521	481
ENSG00000118263	KLF7	327	697	541	521	611	322	696	451
ENSG00000118271	TTR	0	0	0	0	0	1	0	0
ENSG00000118276	B4GALT6	1038	933	745	663	653	830	772	978
ENSG00000118292	C1orf54	81	80	92	71	48	105	51	96
ENSG00000118298	CA14	3	1	0	5	0	2	0	9
ENSG00000118307	DNAI7	31	26	27	21	17	11	2	17
ENSG00000118308	IRAG2	2	0	0	0	3	0	1	0
ENSG00000118322	ATP10B	14	12	4	0	22	28	4	26
ENSG00000118363	SPCS2	1750	2053	2005	2059	1766	1426	1396	1733
ENSG00000118369	USP35	188	187	185	176	190	155	199	187
ENSG00000118402	ELOVL4	204	194	132	174	130	136	124	135
ENSG00000118407	FILIP1	0	1	13	1	8	0	6	2
ENSG00000118412	CASP8AP2	14	9	14	9	6	7	12	8
ENSG00000118418	HMGN3	523	432	449	471	392	473	341	496
ENSG00000118420	UBE3D	56	56	48	47	38	35	21	39
ENSG00000118432	CNR1	279	300	254	170	213	262	200	202
ENSG00000118454	ANKRD13C	816	767	812	662	542	379	489	488
ENSG00000118473	SGIP1	0	0	0	3	0	2	0	0
ENSG00000118482	PHF3	1864	2271	2494	1657	1588	1092	1376	1376
ENSG00000118492	ADGB	0	0	0	0	0	0	0	0
ENSG00000118495	PLAGL1	121	181	78	141	132	133	57	130
ENSG00000118496	FBXO30	412	422	421	327	249	195	298	292
ENSG00000118503	TNFAIP3	191	470	479	335	557	234	417	332
ENSG00000118507	AKAP7	174	199	224	188	139	77	127	142
ENSG00000118508	RAB32	211	235	282	258	300	171	227	232
ENSG00000118513	MYB	6	0	0	2	25	0	9	12
ENSG00000118514	ALDH8A1	3	2	1	2	0	2	3	0
ENSG00000118515	SGK1	453	412	523	450	1135	269	314	330
ENSG00000118518	RNF146	354	351	273	320	254	356	320	269
ENSG00000118520	ARG1	1	0	0	0	1	0	0	1
ENSG00000118523	CCN2	1169	2290	1784	1458	2108	479	2026	589
ENSG00000118526	TCF21	3	3	8	1	1	0	1	0
ENSG00000118557	PMFBP1	18	20	25	25	34	18	22	11
ENSG00000118564	FBXL5	1091	1122	1286	1117	903	820	985	787
ENSG00000118579	MED28	714	905	790	821	703	555	650	563
ENSG00000118596	SLC16A7	485	535	463	347	259	268	405	299
ENSG00000118600	RXYLT1	186	191	188	161	112	113	139	95
ENSG00000118620	ZNF430	202	191	224	157	198	162	159	146
ENSG00000118640	VAMP8	403	516	475	526	404	357	420	464
ENSG00000118655	DCLRE1B	437	424	416	384	310	161	211	265
ENSG00000118680	MYL12B	3227	3998	4197	4609	3805	2409	3192	3071
ENSG00000118689	FOXO3	691	930	796	643	726	477	522	502
ENSG00000118690	ARMC2	39	40	42	33	45	20	25	19
ENSG00000118702	GHRH	0	1	2	4	0	0	0	0
ENSG00000118705	RPN2	5096	5612	5729	4987	4467	3946	3792	4697
ENSG00000118707	TGIF2	1053	1475	1405	1192	939	605	930	712
ENSG00000118729	CASQ2	0	0	1	0	0	1	0	0
ENSG00000118733	OLFM3	2	1	4	0	2	5	3	5
ENSG00000118762	PKD2	729	835	817	616	596	545	488	541
ENSG00000118777	ABCG2	32	38	52	39	16	13	28	11
ENSG00000118785	SPP1	273	210	58	48	1439	2956	83	1038
ENSG00000118804	STBD1	143	281	269	205	220	134	150	187
ENSG00000118816	CCNI	4578	6839	6724	5683	4470	2358	4258	3462
ENSG00000118849	RARRES1	1	0	1	0	1	0	0	0
ENSG00000118855	MFSD1	904	913	971	768	685	604	656	748
ENSG00000118873	RAB3GAP2	1327	1554	1441	996	988	931	926	864
ENSG00000118894	EEF2KMT	358	326	353	312	251	123	232	261
ENSG00000118898	PPL	4	3	9	3	4	1	11	4
ENSG00000118900	UBN1	1506	1571	1546	1125	1222	1339	1214	1351
ENSG00000118922	KLF12	187	246	192	204	212	177	185	164
ENSG00000118939	UCHL3	386	350	450	443	309	212	288	267
ENSG00000118946	PCDH17	460	409	531	553	142	145	183	162
ENSG00000118960	HS1BP3	423	570	556	414	357	231	248	332
ENSG00000118961	LDAH	326	400	375	299	250	238	262	266
ENSG00000118965	WDR35	818	739	890	637	489	452	431	437
ENSG00000118971	CCND2	0	0	0	1	0	0	0	0
ENSG00000118972	FGF23	0	0	0	1	0	0	0	0
ENSG00000118985	ELL2	742	1424	1563	1007	810	231	877	294
ENSG00000118997	DNAH7	16	14	17	12	23	17	7	21
ENSG00000119004	CYP20A1	254	298	260	261	186	334	264	183
ENSG00000119013	NDUFB3	632	735	648	618	459	512	492	521
ENSG00000119041	GTF3C3	557	611	695	430	441	287	315	386
ENSG00000119042	SATB2	301	294	433	232	161	152	180	122
ENSG00000119048	UBE2B	1067	1303	1161	1174	961	681	828	841
ENSG00000119121	TRPM6	93	57	146	30	67	49	59	19
ENSG00000119125	GDA	0	5	1	4	0	0	7	2
ENSG00000119138	KLF9	236	209	356	187	329	362	187	242
ENSG00000119139	TJP2	832	1231	1609	749	638	173	734	286
ENSG00000119147	ECRG4	0	0	0	0	0	0	0	0
ENSG00000119185	ITGB1BP1	1354	1507	1416	1323	960	867	955	1011
ENSG00000119203	CPSF3	1981	2112	2257	1765	1394	1149	1085	1317
ENSG00000119227	PIGZ	16	11	11	5	12	14	4	26
ENSG00000119231	SENP5	756	824	800	675	547	460	494	488
ENSG00000119242	CCDC92	308	338	292	313	223	248	192	315
ENSG00000119280	C1orf198	500	450	404	315	477	728	495	800
ENSG00000119283	TRIM67	1	0	0	0	0	4	1	1
ENSG00000119285	HEATR1	3838	4537	4093	2862	2654	2025	2260	2551
ENSG00000119314	PTBP3	1264	1635	1748	1254	1235	633	1130	727
ENSG00000119318	RAD23B	4927	6581	7305	5065	4408	2864	3928	3971
ENSG00000119321	FKBP15	290	288	387	273	447	192	245	372
ENSG00000119326	CTNNAL1	2276	3397	4616	2520	1910	955	1710	1473
ENSG00000119328	ABITRAM	528	742	777	523	557	470	404	556
ENSG00000119333	DYNC2I2	1529	1955	2538	1832	1688	1405	1778	1995
ENSG00000119335	SET	12015	15673	17540	12978	11388	8010	10710	10007
ENSG00000119383	PTPA	2751	3561	4159	2892	2793	2053	2055	2574
ENSG00000119392	GLE1	696	832	1026	608	684	441	589	636
ENSG00000119396	RAB14	1411	1905	2148	1522	1719	914	1093	1236
ENSG00000119397	CNTRL	191	160	196	157	173	118	112	114
ENSG00000119401	TRIM32	434	572	600	422	377	270	325	371
ENSG00000119402	FBXW2	1484	1486	1533	1125	1020	868	884	955
ENSG00000119403	PHF19	1600	2259	2481	1921	1411	1010	1265	1243
ENSG00000119408	NEK6	668	1303	1479	921	876	348	698	461
ENSG00000119414	PPP6C	1202	1547	1730	1346	1078	796	1047	899
ENSG00000119421	NDUFA8	697	859	937	623	564	557	452	831
ENSG00000119431	HDHD3	150	163	186	142	162	152	134	136
ENSG00000119446	RBM18	659	714	865	529	558	484	520	537
ENSG00000119457	SLC46A2	0	0	0	0	0	0	0	0
ENSG00000119471	HSDL2	813	1259	1487	850	842	481	648	733
ENSG00000119487	MAPKAP1	2256	2201	2928	1789	1451	1347	1340	1723
ENSG00000119508	NR4A3	20	26	45	12	65	14	19	9
ENSG00000119509	INVS	240	334	339	191	229	142	211	202
ENSG00000119514	GALNT12	54	29	42	18	65	21	40	77
ENSG00000119522	DENND1A	489	854	977	624	478	252	423	366
ENSG00000119523	ALG2	348	433	445	304	322	266	239	291
ENSG00000119535	CSF3R	0	0	0	1	0	0	0	0
ENSG00000119537	KDSR	1630	2142	2194	1448	1073	552	1244	694
ENSG00000119541	VPS4B	1736	2075	2299	1539	1190	564	1148	698
ENSG00000119547	ONECUT2	61	52	35	42	31	14	22	13
ENSG00000119559	C19orf25	426	568	594	402	443	315	322	398
ENSG00000119574	ZBTB45	633	675	674	482	438	382	295	467
ENSG00000119596	YLPM1	728	717	708	541	449	365	412	368
ENSG00000119599	DCAF4	286	249	331	331	241	132	143	197
ENSG00000119608	PROX2	1	0	0	0	2	1	0	1
ENSG00000119614	VSX2	0	0	0	2	0	0	0	0
ENSG00000119616	FCF1	1312	1376	1508	1300	890	593	787	772
ENSG00000119630	PGF	164	311	299	450	517	217	527	174
ENSG00000119632	IFI27L2	445	470	469	403	444	480	378	577
ENSG00000119636	BBOF1	46	59	106	72	66	35	17	49
ENSG00000119638	NEK9	522	755	694	510	453	252	288	301
ENSG00000119640	ACYP1	113	166	116	122	111	137	140	139
ENSG00000119650	IFT43	219	247	211	207	176	191	145	263
ENSG00000119655	NPC2	925	1236	1094	1185	1475	594	577	923
ENSG00000119661	DNAL1	261	232	297	197	181	200	186	217
ENSG00000119669	IRF2BPL	1518	1545	1540	1401	1092	1219	942	1732
ENSG00000119673	ACOT2	550	572	667	427	390	327	222	453
ENSG00000119681	LTBP2	666	563	386	440	433	793	851	527
ENSG00000119682	AREL1	720	608	770	521	499	344	479	470
ENSG00000119684	MLH3	11	11	12	8	5	11	11	4
ENSG00000119685	TTLL5	476	473	585	452	258	245	263	315
ENSG00000119686	FLVCR2	19	10	7	2	3	5	1	5
ENSG00000119688	ABCD4	76	132	137	91	64	76	40	79
ENSG00000119689	DLST	1874	2394	2666	1982	1485	1007	1449	1328
ENSG00000119698	PPP4R4	24	15	27	9	29	13	16	38
ENSG00000119699	TGFB3	147	95	96	88	90	92	39	83
ENSG00000119703	ZC2HC1C	15	18	9	13	7	19	4	17
ENSG00000119705	SLIRP	991	1124	1082	986	624	685	627	832
ENSG00000119707	RBM25	2550	2878	2677	2382	2109	1968	1718	2046
ENSG00000119711	ALDH6A1	196	307	287	179	215	167	177	173
ENSG00000119714	GPR68	22	9	15	13	17	16	24	14
ENSG00000119715	ESRRB	5	7	9	7	10	0	8	1
ENSG00000119718	EIF2B2	497	583	685	470	369	228	300	270
ENSG00000119720	NRDE2	209	206	182	157	158	206	167	148
ENSG00000119723	COQ6	234	252	276	204	147	134	102	220
ENSG00000119725	ZNF410	638	655	765	657	641	466	447	531
ENSG00000119729	RHOQ	1348	1567	1724	1474	888	659	784	786
ENSG00000119737	GPR75	33	34	33	20	23	14	19	16
ENSG00000119760	SUPT7L	896	1016	945	734	721	734	863	726
ENSG00000119771	KLHL29	96	142	152	96	70	49	73	60
ENSG00000119772	DNMT3A	376	352	397	213	293	256	208	290
ENSG00000119777	TMEM214	1342	1482	1564	1264	983	642	736	961
ENSG00000119778	ATAD2B	181	200	195	190	148	158	113	157
ENSG00000119782	FKBP1B	62	93	93	116	79	62	57	75
ENSG00000119787	ATL2	1068	1122	1082	881	728	710	621	855
ENSG00000119801	YPEL5	901	770	816	672	777	812	583	786
ENSG00000119812	FAM98A	1226	1085	1256	982	832	681	719	775
ENSG00000119820	YIPF4	942	1013	967	810	989	1132	896	846
ENSG00000119844	AFTPH	678	892	778	614	576	591	599	551
ENSG00000119862	LGALSL	97	153	180	91	107	78	73	52
ENSG00000119865	CNRIP1	291	404	403	347	212	69	223	124
ENSG00000119866	BCL11A	35	56	39	25	37	23	49	24
ENSG00000119878	CRIPT	717	797	720	671	513	472	403	523
ENSG00000119888	EPCAM	0	0	3	5	1	0	0	0
ENSG00000119899	SLC17A5	98	162	180	107	150	89	82	138
ENSG00000119900	OGFRL1	721	1448	1407	1020	565	314	496	287
ENSG00000119906	SLF2	643	565	465	432	384	466	349	437
ENSG00000119912	IDE	778	567	666	555	376	564	247	494
ENSG00000119913	TECTB	2	0	1	0	0	0	0	0
ENSG00000119915	ELOVL3	13	6	4	4	6	6	3	6
ENSG00000119917	IFIT3	404	302	335	242	253	399	165	242
ENSG00000119919	NKX2-3	0	0	0	0	2	0	0	1
ENSG00000119922	IFIT2	125	102	121	63	53	93	25	49
ENSG00000119927	GPAM	712	338	431	291	260	227	186	186
ENSG00000119929	CUTC	309	315	388	259	228	232	145	338
ENSG00000119938	PPP1R3C	1	1	0	1	2	2	0	0
ENSG00000119943	PYROXD2	164	289	283	207	137	121	76	155
ENSG00000119946	CNNM1	0	0	1	0	1	0	0	0
ENSG00000119950	MXI1	701	1626	1423	1068	1306	412	497	932
ENSG00000119953	SMNDC1	733	827	934	787	806	575	498	595
ENSG00000119965	C10orf88	201	233	199	146	156	104	55	167
ENSG00000119969	HELLS	828	836	857	776	766	650	656	654
ENSG00000119973	PRLHR	0	2	0	0	0	2	3	2
ENSG00000119977	TCTN3	611	646	683	528	535	421	259	559
ENSG00000119979	DENND10	524	501	547	442	464	403	275	437
ENSG00000119986	AVPI1	347	1002	1168	700	1408	223	387	414
ENSG00000120008	WDR11	706	697	803	519	403	378	287	294
ENSG00000120029	ARMH3	495	552	641	389	369	215	242	230
ENSG00000120049	KCNIP2	27	52	18	12	27	35	10	20
ENSG00000120051	CFAP58	3	11	7	2	12	3	10	5
ENSG00000120053	GOT1	815	776	1082	781	575	394	440	523
ENSG00000120054	CPN1	21	28	35	16	26	16	17	31
ENSG00000120055	C10orf95	12	11	17	11	9	4	11	6
ENSG00000120057	SFRP5	5	0	0	0	0	1	1	2
ENSG00000120063	GNA13	1263	1469	1623	1167	1143	807	1015	943
ENSG00000120068	HOXB8	124	124	179	182	156	87	125	100
ENSG00000120071	KANSL1	627	759	805	528	585	373	371	417
ENSG00000120075	HOXB5	114	101	99	88	87	136	136	62
ENSG00000120088	CRHR1	0	0	0	0	0	0	0	0
ENSG00000120093	HOXB3	583	663	697	543	476	554	664	442
ENSG00000120129	DUSP1	793	1208	1276	737	2698	824	1108	1150
ENSG00000120137	PANK3	1509	1820	1651	1373	975	676	1065	731
ENSG00000120149	MSX2	91	34	31	26	67	133	23	151
ENSG00000120156	TEK	25	15	18	23	9	11	13	6
ENSG00000120158	RCL1	646	675	767	688	496	282	501	454
ENSG00000120159	CAAP1	1056	1096	1138	1038	794	641	632	777
ENSG00000120162	MOB3B	14	5	3	2	3	0	0	1
ENSG00000120210	INSL6	1	0	0	1	4	0	3	0
ENSG00000120211	INSL4	2	2	2	0	3	0	0	0
ENSG00000120215	MLANA	13	12	7	12	9	10	11	7
ENSG00000120217	CD274	199	339	497	274	471	44	461	145
ENSG00000120242	IFNA8	0	2	0	1	0	1	0	2
ENSG00000120251	GRIA2	59	41	35	37	52	96	56	37
ENSG00000120253	NUP43	1066	1210	1181	962	770	637	775	697
ENSG00000120254	MTHFD1L	947	1332	1440	1077	1054	384	889	728
ENSG00000120256	LRP11	540	500	530	512	445	386	414	447
ENSG00000120262	CCDC170	0	0	0	0	1	2	1	2
ENSG00000120265	PCMT1	1815	1993	2069	1887	1387	1042	1067	1504
ENSG00000120278	PLEKHG1	24	37	15	28	47	43	12	51
ENSG00000120279	MYCT1	2	3	4	2	1	1	5	1
ENSG00000120280	TASL	3	5	0	3	3	2	2	0
ENSG00000120306	CYSTM1	375	592	590	557	489	363	305	443
ENSG00000120314	WDR55	820	785	857	648	597	446	506	518
ENSG00000120318	ARAP3	907	906	1087	755	561	429	605	442
ENSG00000120322	PCDHB8	164	122	108	75	170	145	116	126
ENSG00000120324	PCDHB10	76	91	54	70	154	123	67	134
ENSG00000120327	PCDHB14	124	99	83	65	107	159	42	98
ENSG00000120328	PCDHB12	96	90	69	46	90	103	36	75
ENSG00000120329	SLC25A2	1	0	0	0	3	0	0	0
ENSG00000120332	TNN	24	14	6	15	14	23	12	27
ENSG00000120333	MRPS14	461	394	393	349	308	304	295	399
ENSG00000120334	CENPL	390	345	328	258	219	179	177	208
ENSG00000120337	TNFSF18	1	5	3	7	3	2	1	7
ENSG00000120341	SEC16B	39	29	2	27	5	32	48	2
ENSG00000120370	GORAB	236	214	133	168	135	243	175	238
ENSG00000120437	ACAT2	1145	1194	1421	1223	658	487	827	674
ENSG00000120438	TCP1	4975	5374	5788	5291	3513	2493	3326	3350
ENSG00000120451	SNX19	1041	1059	1027	821	881	786	778	732
ENSG00000120457	KCNJ5	10	12	5	2	2	12	11	3
ENSG00000120458	MSANTD2	296	331	265	250	303	246	328	241
ENSG00000120471	TP53AIP1	1	0	0	1	4	0	0	0
ENSG00000120498	TEX11	0	0	1	0	1	0	0	1
ENSG00000120500	ARR3	1	0	1	2	0	0	0	0
ENSG00000120509	PDZD11	1190	1305	1272	1108	982	686	686	1013
ENSG00000120519	SLC10A7	71	82	97	73	64	64	78	56
ENSG00000120526	NUDCD1	643	710	692	716	504	262	483	460
ENSG00000120533	ENY2	1436	1451	1435	1542	1000	909	829	1064
ENSG00000120539	MASTL	383	414	521	401	370	207	315	272
ENSG00000120549	KIAA1217	536	558	531	413	344	391	229	497
ENSG00000120563	LYZL1	0	0	0	0	0	1	0	0
ENSG00000120594	PLXDC2	468	597	603	252	22	27	3	1
ENSG00000120616	EPC1	392	471	522	322	298	230	291	286
ENSG00000120645	IQSEC3	11	3	5	10	1	3	0	1
ENSG00000120647	CCDC77	393	463	396	347	287	313	309	409
ENSG00000120656	TAF12	807	878	965	831	626	552	444	609
ENSG00000120658	ENOX1	47	38	49	50	18	22	7	15
ENSG00000120659	TNFSF11	1	4	0	1	20	9	5	7
ENSG00000120662	MTRF1	151	156	161	134	123	139	142	147
ENSG00000120669	SOHLH2	897	1044	1104	669	430	350	593	505
ENSG00000120675	DNAJC15	341	370	319	381	239	210	259	227
ENSG00000120685	PROSER1	582	560	644	473	372	391	368	348
ENSG00000120686	UFM1	1022	1212	1213	1029	1048	795	778	918
ENSG00000120688	WBP4	400	430	427	431	355	535	429	377
ENSG00000120690	ELF1	598	626	588	430	450	410	368	530
ENSG00000120693	SMAD9	29	49	26	20	41	37	13	33
ENSG00000120694	HSPH1	2234	2146	2017	1867	2134	1285	1389	1336
ENSG00000120696	KBTBD7	127	124	127	123	111	146	72	105
ENSG00000120697	ALG5	736	840	839	741	783	510	502	758
ENSG00000120699	EXOSC8	715	895	785	717	710	585	715	756
ENSG00000120705	ETF1	5637	6076	7008	5338	3978	2607	3675	3255
ENSG00000120708	TGFBI	76370	51776	40794	55120	44130	37372	26179	32110
ENSG00000120709	FAM53C	1035	1146	1375	944	737	525	531	656
ENSG00000120725	SIL1	574	695	710	601	491	476	434	483
ENSG00000120727	PAIP2	2418	2861	2879	2474	1815	1562	1393	1893
ENSG00000120729	MYOT	2	0	3	1	3	5	5	2
ENSG00000120733	KDM3B	1190	1264	1428	1016	957	786	696	815
ENSG00000120738	EGR1	2339	2808	3545	1592	2567	1880	2712	1992
ENSG00000120742	SERP1	4206	4453	4527	4168	3281	2336	2542	2878
ENSG00000120756	PLS1	298	325	414	219	150	145	147	209
ENSG00000120784	ZFP30	75	66	78	36	73	47	10	52
ENSG00000120798	NR2C1	289	305	270	269	159	201	146	188
ENSG00000120800	UTP20	843	842	929	663	515	459	617	495
ENSG00000120802	TMPO	3429	3543	3818	3453	2123	2297	2385	3030
ENSG00000120805	ARL1	1127	1099	1107	1063	732	831	769	834
ENSG00000120820	GLT8D2	205	121	101	91	74	178	66	107
ENSG00000120832	MTERF2	283	217	182	189	155	239	203	233
ENSG00000120833	SOCS2	408	485	605	578	193	181	569	117
ENSG00000120837	NFYB	532	598	617	559	400	433	412	398
ENSG00000120860	WASHC3	290	375	262	289	198	216	213	283
ENSG00000120868	APAF1	302	377	286	251	308	279	266	316
ENSG00000120875	DUSP4	5466	6296	6247	5179	6731	5148	3216	6279
ENSG00000120885	CLU	515	470	476	454	356	260	357	231
ENSG00000120889	TNFRSF10B	1039	1149	1550	851	1060	365	941	920
ENSG00000120896	SORBS3	1414	1835	2229	1841	927	378	665	653
ENSG00000120899	PTK2B	125	138	135	124	93	60	112	85
ENSG00000120910	PPP3CC	192	241	302	227	215	68	156	149
ENSG00000120913	PDLIM2	658	1209	1243	1275	833	183	594	435
ENSG00000120915	EPHX2	4	3	14	0	10	4	0	7
ENSG00000120925	RNF170	278	328	319	271	205	156	166	176
ENSG00000120937	NPPB	5	35	46	26	19	0	14	2
ENSG00000120942	UBIAD1	706	682	787	549	503	455	386	544
ENSG00000120948	TARDBP	3822	4144	4089	3738	2864	2750	3072	2746
ENSG00000120949	TNFRSF8	106	131	240	78	48	57	67	23
ENSG00000120952	PRAMEF2	4	2	2	0	0	0	1	0
ENSG00000120963	ZNF706	1028	1131	1188	1071	833	666	801	873
ENSG00000120992	LYPLA1	2406	2417	2642	2444	1833	1220	1478	1604
ENSG00000121005	CRISPLD1	272	189	208	135	145	285	121	186
ENSG00000121022	COPS5	1759	1985	1959	1662	1315	1051	1001	1459
ENSG00000121039	RDH10	161	146	160	117	110	393	71	124
ENSG00000121053	EPX	8	3	4	10	3	3	4	4
ENSG00000121057	AKAP1	1016	1242	1337	928	955	651	900	761
ENSG00000121058	COIL	628	681	728	599	447	433	461	475
ENSG00000121060	TRIM25	1889	2200	2552	1727	1407	993	1494	1090
ENSG00000121064	SCPEP1	587	610	670	569	531	476	401	444
ENSG00000121067	SPOP	1131	1408	1416	1335	1034	891	1097	944
ENSG00000121068	TBX2	360	269	290	203	334	568	258	731
ENSG00000121073	SLC35B1	545	507	561	554	429	365	336	374
ENSG00000121075	TBX4	1	3	0	1	0	2	0	4
ENSG00000121101	TEX14	7	2	11	3	2	1	3	1
ENSG00000121104	FAM117A	49	47	52	25	51	58	17	42
ENSG00000121152	NCAPH	705	787	830	693	519	383	523	467
ENSG00000121207	LRAT	56	64	40	0	35	148	47	182
ENSG00000121210	TMEM131L	166	204	246	143	147	86	122	111
ENSG00000121211	MND1	154	162	181	162	132	90	157	118
ENSG00000121236	TRIM6	78	67	65	62	39	42	8	19
ENSG00000121270	ABCC11	1	1	2	0	0	0	2	2
ENSG00000121274	TENT4B	493	474	528	348	309	275	416	271
ENSG00000121281	ADCY7	555	494	579	330	313	244	395	259
ENSG00000121289	CEP89	540	651	668	533	559	441	403	586
ENSG00000121297	TSHZ3	14	6	10	18	24	13	14	8
ENSG00000121310	ECHDC2	77	128	149	95	60	74	40	91
ENSG00000121314	TAS2R8	0	1	0	0	0	0	1	0
ENSG00000121316	PLBD1	1	0	1	3	1	3	1	1
ENSG00000121318	TAS2R10	1	3	2	4	2	4	5	1
ENSG00000121335	PRB2	0	0	0	0	0	0	0	0
ENSG00000121350	PYROXD1	823	912	1031	798	558	532	689	517
ENSG00000121351	IAPP	5	19	5	7	15	12	10	7
ENSG00000121361	KCNJ8	128	162	158	89	7	7	24	14
ENSG00000121380	BCL2L14	0	1	0	0	0	0	0	1
ENSG00000121381	TAS2R9	1	0	0	0	0	0	0	0
ENSG00000121390	PSPC1	1163	1072	1360	991	730	738	518	922
ENSG00000121406	ZNF549	143	166	166	108	120	124	88	103
ENSG00000121410	A1BG	0	0	0	0	0	2	0	0
ENSG00000121413	ZSCAN18	80	173	211	136	276	194	74	161
ENSG00000121417	ZNF211	211	165	119	117	120	158	74	73
ENSG00000121440	PDZRN3	30	12	7	7	57	106	13	44
ENSG00000121454	LHX4	43	57	53	19	27	27	26	28
ENSG00000121481	RNF2	998	1063	863	866	782	704	737	813
ENSG00000121486	TRMT1L	763	843	672	731	430	476	496	414
ENSG00000121542	SEC22A	258	281	276	272	189	130	187	177
ENSG00000121552	CSTA	0	0	1	0	0	0	0	0
ENSG00000121570	DPPA4	0	0	0	0	0	0	0	0
ENSG00000121577	POPDC2	7	4	0	1	8	7	3	7
ENSG00000121578	B4GALT4	346	384	395	385	308	262	291	232
ENSG00000121579	NAA50	4605	4751	5570	4465	3137	2118	2640	2511
ENSG00000121594	CD80	0	0	0	0	0	0	0	0
ENSG00000121621	KIF18A	387	454	570	447	300	303	230	369
ENSG00000121644	DESI2	1675	1648	1545	1222	1094	1010	1195	1055
ENSG00000121653	MAPK8IP1	917	983	1160	1049	533	501	269	686
ENSG00000121671	CRY2	107	175	192	138	123	83	89	109
ENSG00000121680	PEX16	1049	1108	1190	1024	717	690	712	934
ENSG00000121690	DEPDC7	43	70	62	67	71	53	65	57
ENSG00000121691	CAT	856	957	963	779	705	671	400	1050
ENSG00000121716	PILRB	390	413	362	338	329	470	469	278
ENSG00000121741	ZMYM2	684	780	791	519	635	536	455	592
ENSG00000121743	GJA3	63	54	48	24	107	80	24	152
ENSG00000121749	TBC1D15	1000	1114	1323	922	709	624	702	715
ENSG00000121753	ADGRB2	310	263	229	162	123	171	85	121
ENSG00000121764	HCRTR1	1	1	2	2	0	0	0	0
ENSG00000121766	ZCCHC17	998	890	1059	911	803	889	645	1033
ENSG00000121769	FABP3	11	7	6	2	3	13	4	2
ENSG00000121774	KHDRBS1	5887	7576	7782	6726	5431	4106	4473	4930
ENSG00000121775	TMEM39B	186	323	332	225	194	77	119	167
ENSG00000121797	CCRL2	20	27	32	21	9	9	21	9
ENSG00000121807	CCR2	10	8	11	7	10	8	12	11
ENSG00000121851	POLR3GL	516	506	511	500	400	442	416	438
ENSG00000121858	TNFSF10	2	0	0	0	1	6	0	1
ENSG00000121864	ZNF639	521	596	584	569	481	345	430	408
ENSG00000121871	SLITRK3	1	1	2	0	3	0	0	1
ENSG00000121879	PIK3CA	464	560	512	408	284	277	272	320
ENSG00000121892	PDS5A	3112	3303	3309	2805	2146	1921	1895	1987
ENSG00000121895	TMEM156	73	74	73	54	48	80	89	49
ENSG00000121897	LIAS	106	108	144	91	84	52	55	67
ENSG00000121898	CPXM2	0	0	0	0	0	0	3	0
ENSG00000121900	TMEM54	551	746	801	698	568	409	554	568
ENSG00000121903	ZSCAN20	169	187	180	138	123	99	113	112
ENSG00000121904	CSMD2	10	5	10	7	16	60	14	41
ENSG00000121905	HPCA	4	0	3	0	0	0	0	4
ENSG00000121931	LRIF1	394	465	454	352	315	228	283	301
ENSG00000121940	CLCC1	323	608	470	414	336	296	257	318
ENSG00000121957	GPSM2	427	509	524	432	330	202	358	281
ENSG00000121964	GTDC1	278	277	288	255	244	215	197	170
ENSG00000121966	CXCR4	4	9	10	4	11	8	9	6
ENSG00000121988	ZRANB3	103	64	81	53	48	42	67	27
ENSG00000121989	ACVR2A	151	189	157	133	107	122	100	105
ENSG00000122008	POLK	168	252	175	159	142	174	99	99
ENSG00000122012	SV2C	0	1	0	1	1	0	0	0
ENSG00000122025	FLT3	0	0	0	0	0	0	0	0
ENSG00000122026	RPL21	11674	16553	14360	14172	13945	8316	11827	13303
ENSG00000122033	MTIF3	248	280	252	243	230	290	210	288
ENSG00000122034	GTF3A	1992	2142	2164	1991	1799	1320	1236	1906
ENSG00000122035	RASL11A	23	31	29	36	24	18	8	24
ENSG00000122042	UBL3	744	628	601	521	504	469	320	487
ENSG00000122068	FYTTD1	1170	1089	1120	954	770	694	577	771
ENSG00000122085	MTERF4	295	342	280	266	217	121	217	206
ENSG00000122121	XPNPEP2	0	0	1	1	0	0	0	0
ENSG00000122122	SASH3	7	9	7	12	4	1	3	8
ENSG00000122126	OCRL	630	780	924	506	560	378	377	430
ENSG00000122133	PAEP	112	491	479	770	700	1107	4000	255
ENSG00000122136	OBP2A	5	14	4	10	28	24	119	16
ENSG00000122140	MRPS2	1384	2188	2615	1925	1681	1006	1654	1400
ENSG00000122176	FMOD	24	13	0	5	32	28	8	16
ENSG00000122180	MYOG	0	0	2	1	0	2	0	2
ENSG00000122188	LAX1	4	1	0	1	0	5	0	0
ENSG00000122194	PLG	3	3	5	4	3	4	4	5
ENSG00000122203	KIAA1191	1584	1918	2284	1559	1239	753	945	1077
ENSG00000122218	COPA	5667	5967	6382	4919	3582	3172	2774	3632
ENSG00000122223	CD244	0	2	2	0	0	0	2	0
ENSG00000122254	HS3ST2	0	0	0	0	0	0	0	0
ENSG00000122257	RBBP6	1951	2176	1947	1697	1410	1633	1411	1307
ENSG00000122299	ZC3H7A	986	1182	1272	853	960	550	796	692
ENSG00000122335	SERAC1	51	74	77	48	49	34	49	60
ENSG00000122359	ANXA11	2672	3262	4159	2846	2157	1521	1451	2088
ENSG00000122367	LDB3	11	13	6	8	10	8	9	6
ENSG00000122375	OPN4	0	0	0	0	0	0	0	0
ENSG00000122376	SHLD2	601	600	620	459	582	375	411	477
ENSG00000122378	PRXL2A	985	874	814	631	834	1023	432	1229
ENSG00000122386	ZNF205	385	540	574	390	369	302	280	348
ENSG00000122390	NAA60	1000	808	921	693	524	598	429	649
ENSG00000122406	RPL5	11730	17762	18578	15185	13686	8205	10825	12710
ENSG00000122417	ODF2L	391	373	358	300	335	330	401	293
ENSG00000122420	PTGFR	44	62	72	46	52	9	25	8
ENSG00000122432	SPATA1	0	5	0	0	5	9	4	0
ENSG00000122435	TRMT13	585	704	702	538	506	481	488	491
ENSG00000122477	LRRC39	34	38	38	31	36	29	35	17
ENSG00000122481	RWDD3	111	137	124	111	110	95	91	112
ENSG00000122482	ZNF644	676	789	817	525	418	381	380	414
ENSG00000122483	CCDC18	129	158	131	109	85	75	48	84
ENSG00000122484	RPAP2	472	536	435	350	395	470	411	304
ENSG00000122490	SLC66A2	930	1178	1277	994	684	297	707	438
ENSG00000122507	BBS9	200	214	206	166	179	129	133	163
ENSG00000122512	PMS2	576	563	751	414	328	230	226	365
ENSG00000122515	ZMIZ2	898	1299	1609	1066	759	511	548	588
ENSG00000122543	OCM	1	2	2	3	0	1	0	2
ENSG00000122545	SEPTIN7	3985	4364	4347	4076	3499	2773	3115	3251
ENSG00000122547	EEPD1	26	25	44	16	39	14	6	15
ENSG00000122550	KLHL7	261	353	279	267	219	166	179	220
ENSG00000122557	HERPUD2	639	620	736	598	500	378	392	394
ENSG00000122565	CBX3	6820	6748	6848	6387	5065	4337	4217	5379
ENSG00000122566	HNRNPA2B1	17654	19006	17987	17837	12984	13863	13857	13755
ENSG00000122574	WIPF3	3	2	2	3	9	15	2	7
ENSG00000122584	NXPH1	0	0	0	0	0	0	0	0
ENSG00000122585	NPY	1	0	0	1	0	1	0	0
ENSG00000122591	FAM126A	376	453	419	420	285	254	307	301
ENSG00000122592	HOXA7	22	12	12	16	6	22	5	13
ENSG00000122641	INHBA	1783	2366	2197	1914	6196	2507	5315	1522
ENSG00000122642	FKBP9	1584	1673	1712	1558	1500	1000	1128	1969
ENSG00000122643	NT5C3A	385	460	451	487	395	387	296	432
ENSG00000122644	ARL4A	365	425	483	323	354	248	334	398
ENSG00000122674	CCZ1	943	931	1033	848	683	616	507	744
ENSG00000122678	POLM	299	517	470	375	222	187	381	318
ENSG00000122687	MRM2	509	573	672	529	351	302	314	333
ENSG00000122691	TWIST1	671	714	752	660	595	557	389	467
ENSG00000122692	SMU1	2089	2147	2400	1830	1491	1146	1229	1282
ENSG00000122694	GLIPR2	422	331	426	319	151	131	146	138
ENSG00000122696	SLC25A51	141	148	174	94	118	64	85	80
ENSG00000122705	CLTA	5229	4912	5350	4820	4016	2523	3531	3361
ENSG00000122707	RECK	110	88	103	74	76	37	59	53
ENSG00000122711	SPINK4	1	1	3	1	1	1	2	2
ENSG00000122728	TAF1L	4	4	4	3	1	4	3	1
ENSG00000122729	ACO1	962	1308	1468	958	830	322	781	540
ENSG00000122733	PHF24	0	0	0	0	3	1	0	0
ENSG00000122735	DNAI1	2	5	2	4	5	1	0	0
ENSG00000122741	DCAF10	1022	1023	1084	814	762	560	657	543
ENSG00000122756	CNTFR	1	0	0	0	1	2	4	1
ENSG00000122778	KIAA1549	666	753	794	618	480	317	432	289
ENSG00000122779	TRIM24	665	682	774	612	504	496	453	486
ENSG00000122783	CYREN	854	742	977	785	576	373	489	559
ENSG00000122786	CALD1	2465	2335	2074	1843	1739	1520	1957	1973
ENSG00000122787	AKR1D1	4	4	2	4	1	1	4	0
ENSG00000122824	NUDT10	4	3	5	2	3	2	2	5
ENSG00000122861	PLAU	51	72	46	72	38	28	86	19
ENSG00000122862	SRGN	367	520	572	497	403	98	297	159
ENSG00000122863	CHST3	388	399	364	326	369	226	231	280
ENSG00000122870	BICC1	161	135	137	138	139	98	138	80
ENSG00000122873	CISD1	475	477	480	498	274	244	265	271
ENSG00000122877	EGR2	31	50	80	35	69	76	15	70
ENSG00000122882	ECD	701	806	844	568	572	417	402	506
ENSG00000122884	P4HA1	1002	2830	2403	2207	1789	743	1529	1695
ENSG00000122912	SLC25A16	168	158	204	171	142	169	150	156
ENSG00000122952	ZWINT	975	1025	1067	954	727	606	792	756
ENSG00000122958	VPS26A	1133	1192	1454	1250	917	593	796	782
ENSG00000122965	RBM19	672	832	1057	712	489	412	503	455
ENSG00000122966	CIT	398	595	852	396	338	189	322	204
ENSG00000122970	IFT81	557	712	683	523	404	425	284	490
ENSG00000122971	ACADS	225	363	377	243	166	186	125	233
ENSG00000122986	HVCN1	13	17	8	6	4	13	8	8
ENSG00000123064	DDX54	3471	3494	4123	2973	2039	1710	2107	2417
ENSG00000123066	MED13L	824	1152	1273	696	515	292	448	305
ENSG00000123080	CDKN2C	1311	1372	1710	1262	1433	872	609	1286
ENSG00000123091	RNF11	1475	1847	2056	1569	1320	976	1069	1164
ENSG00000123094	RASSF8	3417	3489	3157	2206	2390	4023	2074	3707
ENSG00000123095	BHLHE41	282	286	339	196	352	383	324	462
ENSG00000123096	SSPN	12	8	6	2	4	20	5	8
ENSG00000123104	ITPR2	475	360	289	189	541	556	221	420
ENSG00000123106	CCDC91	664	863	727	623	498	512	522	530
ENSG00000123119	NECAB1	82	116	120	124	77	43	85	51
ENSG00000123124	WWP1	787	657	773	682	475	389	395	392
ENSG00000123130	ACOT9	814	937	1193	751	708	450	650	569
ENSG00000123131	PRDX4	1668	1923	1916	1726	1493	992	1023	1731
ENSG00000123136	DDX39A	3791	3752	4305	3648	2974	2386	2416	3491
ENSG00000123143	PKN1	4768	7056	8602	5737	5022	2846	3649	4673
ENSG00000123144	TRIR	4633	5020	4894	4311	4161	4376	3505	5176
ENSG00000123146	ADGRE5	1623	2096	2164	1337	1930	1324	907	1821
ENSG00000123154	WDR83	442	513	565	364	325	313	186	418
ENSG00000123159	GIPC1	4142	3997	5124	3892	2665	2438	2046	2970
ENSG00000123171	CCDC70	0	0	0	0	0	2	1	3
ENSG00000123178	SPRYD7	440	533	542	473	423	306	320	441
ENSG00000123179	EBPL	797	966	945	845	729	570	579	737
ENSG00000123191	ATP7B	33	10	25	18	45	19	3	10
ENSG00000123200	ZC3H13	2225	2371	2188	1881	1734	2393	1721	1766
ENSG00000123213	NLN	466	388	505	416	333	202	360	271
ENSG00000123219	CENPK	425	451	478	485	423	335	391	350
ENSG00000123240	OPTN	723	1277	1406	912	724	511	606	577
ENSG00000123243	ITIH5	14	2	2	5	5	33	17	12
ENSG00000123268	ATF1	677	748	829	684	431	417	508	528
ENSG00000123297	TSFM	863	854	927	847	483	592	577	675
ENSG00000123307	NEUROD4	0	0	0	0	0	0	0	0
ENSG00000123329	ARHGAP9	38	31	44	69	11	16	30	24
ENSG00000123338	NCKAP1L	120	129	103	104	96	62	124	89
ENSG00000123342	MMP19	44	63	74	57	31	27	43	26
ENSG00000123349	PFDN5	3137	4204	3673	3567	2967	3114	2704	3699
ENSG00000123352	SPATS2	748	896	996	794	533	605	864	470
ENSG00000123353	ORMDL2	827	889	824	770	580	711	627	765
ENSG00000123358	NR4A1	209	401	522	366	1012	340	412	318
ENSG00000123360	PDE1B	10	21	16	2	7	13	12	0
ENSG00000123364	HOXC13	281	294	335	300	201	186	156	255
ENSG00000123374	CDK2	1353	1648	1817	1446	944	814	1062	956
ENSG00000123384	LRP1	2108	4553	4470	2435	3139	607	2269	850
ENSG00000123388	HOXC11	147	165	191	158	117	117	121	120
ENSG00000123395	ATG101	1348	1493	1599	1393	897	767	985	1054
ENSG00000123405	NFE2	33	50	68	45	33	64	15	54
ENSG00000123407	HOXC12	106	91	93	93	82	66	60	121
ENSG00000123411	IKZF4	171	149	184	107	130	105	123	101
ENSG00000123415	SMUG1	988	948	1057	839	553	648	585	705
ENSG00000123416	TUBA1B	26493	28442	34444	32599	16617	13586	19841	20366
ENSG00000123427	EEF1AKMT3	203	377	340	273	252	157	231	227
ENSG00000123444	KBTBD4	684	601	631	517	429	347	291	517
ENSG00000123453	SARDH	6	16	16	19	1	4	4	3
ENSG00000123454	DBH	0	2	2	0	0	1	0	0
ENSG00000123472	ATPAF1	1479	1895	2032	1543	1121	760	787	933
ENSG00000123473	STIL	594	548	595	420	311	244	248	312
ENSG00000123485	HJURP	811	854	1006	809	569	517	620	572
ENSG00000123496	IL13RA2	1187	1420	1209	973	1271	1624	1161	2191
ENSG00000123500	COL10A1	0	2	0	2	4	1	2	0
ENSG00000123505	AMD1	2385	2033	2338	2008	1471	1369	936	1512
ENSG00000123545	NDUFAF4	300	255	251	252	203	158	148	176
ENSG00000123552	USP45	177	209	221	159	131	120	136	124
ENSG00000123560	PLP1	334	218	87	85	257	381	6	428
ENSG00000123562	MORF4L2	5038	5297	5185	4723	4045	3852	3415	4527
ENSG00000123569	H2BW1	0	0	0	0	0	0	0	0
ENSG00000123570	RAB9B	50	22	31	19	37	42	10	65
ENSG00000123575	FAM199X	1164	1237	1234	942	886	687	693	758
ENSG00000123576	ESX1	0	1	0	0	0	0	0	0
ENSG00000123584	MAGEA9	0	0	0	0	0	0	0	3
ENSG00000123594	ATXN3L	25	35	20	15	27	16	23	4
ENSG00000123595	RAB9A	309	365	384	336	274	204	254	251
ENSG00000123600	METTL8	248	217	196	203	142	120	123	121
ENSG00000123607	TTC21B	160	186	156	105	137	69	93	117
ENSG00000123609	NMI	360	447	356	305	280	267	282	304
ENSG00000123610	TNFAIP6	35	6	6	9	24	22	7	9
ENSG00000123612	ACVR1C	2	2	0	1	6	5	0	0
ENSG00000123636	BAZ2B	340	311	284	270	321	481	280	336
ENSG00000123643	SLC36A1	165	169	157	118	143	132	153	108
ENSG00000123684	LPGAT1	1706	1791	1617	1290	1276	1038	1137	1085
ENSG00000123685	BATF3	41	55	50	69	43	43	50	66
ENSG00000123689	G0S2	494	706	738	870	160	100	688	83
ENSG00000123700	KCNJ2	32	43	48	21	26	24	20	26
ENSG00000123728	RAP2C	932	1013	971	879	700	608	682	683
ENSG00000123737	EXOSC9	794	884	1053	813	664	521	652	661
ENSG00000123739	PLA2G12A	419	473	523	346	369	309	342	323
ENSG00000123810	B9D2	138	148	118	122	84	131	88	128
ENSG00000123815	COQ8B	598	628	535	406	302	366	184	489
ENSG00000123836	PFKFB2	488	577	604	396	429	260	488	188
ENSG00000123838	C4BPA	0	0	0	0	0	0	0	0
ENSG00000123843	C4BPB	0	0	0	0	0	0	0	0
ENSG00000123892	RAB38	253	445	352	295	225	122	256	218
ENSG00000123901	GPR83	6	10	5	3	8	7	9	3
ENSG00000123908	AGO2	845	998	804	787	652	590	670	613
ENSG00000123933	MXD4	971	680	902	706	616	618	325	726
ENSG00000123975	CKS2	1627	1761	2031	1679	1514	1089	1463	1453
ENSG00000123977	DAW1	11	6	11	5	0	1	3	3
ENSG00000123983	ACSL3	1260	1307	1268	1088	1055	739	954	1009
ENSG00000123989	CHPF	3956	4922	4972	3462	2869	2981	2101	4392
ENSG00000123992	DNPEP	812	865	930	767	562	411	541	621
ENSG00000123999	INHA	34	106	65	71	74	39	81	50
ENSG00000124003	MOGAT1	0	0	0	1	1	0	0	0
ENSG00000124006	OBSL1	4508	6027	5438	4341	3211	2718	2608	3879
ENSG00000124019	FAM124B	0	0	1	0	0	1	0	1
ENSG00000124067	SLC12A4	539	567	855	604	727	298	660	342
ENSG00000124074	ENKD1	710	916	956	770	599	563	518	691
ENSG00000124091	GCNT7	0	1	2	1	3	0	0	1
ENSG00000124092	CTCFL	0	0	0	0	1	0	2	2
ENSG00000124097	HMGB1P1	3	4	3	1	5	2	2	2
ENSG00000124098	FAM210B	897	1004	897	733	932	949	598	934
ENSG00000124102	PI3	40	18	10	42	4	4	1	8
ENSG00000124103	FAM209A	0	1	2	0	2	0	3	0
ENSG00000124104	SNX21	720	844	935	677	610	450	611	615
ENSG00000124107	SLPI	3	5	2	1	4	0	1	0
ENSG00000124116	WFDC3	47	54	32	23	44	41	71	88
ENSG00000124120	TTPAL	996	1026	943	741	590	549	520	530
ENSG00000124126	PREX1	757	824	1091	559	475	491	534	522
ENSG00000124134	KCNS1	5	1	4	1	3	1	3	0
ENSG00000124140	SLC12A5	2	8	8	2	0	0	0	0
ENSG00000124143	ARHGAP40	0	1	1	1	0	0	3	1
ENSG00000124145	SDC4	2257	3984	4009	3780	3181	1664	4761	2535
ENSG00000124151	NCOA3	922	967	871	674	578	558	606	526
ENSG00000124155	PIGT	2140	2175	2500	2100	1887	1128	1215	1731
ENSG00000124157	SEMG2	0	0	0	0	0	0	0	0
ENSG00000124159	MATN4	231	186	195	73	130	103	38	378
ENSG00000124160	NCOA5	1438	1404	1397	1175	640	637	639	799
ENSG00000124164	VAPB	802	898	813	778	745	652	792	610
ENSG00000124171	PARD6B	87	139	135	98	103	89	113	77
ENSG00000124172	ATP5F1E	3917	4205	3646	3678	3335	4522	2907	4887
ENSG00000124177	CHD6	652	715	747	513	656	558	415	538
ENSG00000124181	PLCG1	1846	2296	2595	1808	1483	981	1577	1063
ENSG00000124191	TOX2	450	492	667	475	277	218	404	212
ENSG00000124193	SRSF6	3683	3565	3925	3122	2221	2447	2142	2707
ENSG00000124194	GDAP1L1	1	1	0	3	0	3	1	0
ENSG00000124196	GTSF1L	0	0	0	1	0	0	0	3
ENSG00000124198	ARFGEF2	938	1089	1285	742	807	329	514	387
ENSG00000124201	ZNFX1	1406	1395	1537	940	895	720	759	730
ENSG00000124203	ZNF831	6	3	0	2	4	10	0	11
ENSG00000124205	EDN3	75	43	5	7	98	1144	0	127
ENSG00000124207	CSE1L	4979	5864	6455	4954	3699	2308	2882	3300
ENSG00000124208	PEDS1-UBE2V1	168	83	205	182	158	65	40	94
ENSG00000124209	RAB22A	1291	1302	1159	1151	1001	928	1053	1072
ENSG00000124212	PTGIS	8	2	3	1	2	12	5	7
ENSG00000124214	STAU1	5466	5723	6311	5027	3952	3001	3178	3851
ENSG00000124215	CDH26	2	2	1	5	2	0	0	0
ENSG00000124216	SNAI1	249	222	252	259	304	216	333	324
ENSG00000124217	MOCS3	873	954	908	804	689	516	514	642
ENSG00000124222	STX16	2898	3170	3113	2626	2565	2561	2930	2299
ENSG00000124225	PMEPA1	4895	2209	1115	1827	4447	6122	4486	6991
ENSG00000124226	RNF114	1747	1902	2048	1718	1543	1138	1244	1575
ENSG00000124227	ANKRD60	6	9	4	6	9	10	14	17
ENSG00000124228	DDX27	2460	2833	2895	2372	1974	1530	1629	1832
ENSG00000124232	RBPJL	0	0	1	0	0	1	0	0
ENSG00000124237	C20orf85	0	0	0	0	0	0	0	0
ENSG00000124243	BCAS4	90	103	125	98	68	27	47	53
ENSG00000124249	KCNK15	4	1	0	0	4	1	0	4
ENSG00000124251	TP53TG5	29	23	21	11	13	7	7	12
ENSG00000124253	PCK1	0	0	0	0	2	2	0	2
ENSG00000124256	ZBP1	1	1	0	0	1	6	1	5
ENSG00000124257	NEURL2	124	92	63	55	55	52	74	57
ENSG00000124260	MAGEA10	1488	1777	2489	1404	1525	991	832	1137
ENSG00000124275	MTRR	430	404	568	346	314	97	221	331
ENSG00000124279	FASTKD3	243	238	238	201	167	150	121	168
ENSG00000124299	PEPD	994	978	1264	867	709	396	381	749
ENSG00000124302	CHST8	0	0	0	0	0	0	0	0
ENSG00000124313	IQSEC2	467	324	343	270	223	346	151	325
ENSG00000124333	VAMP7	1086	1189	1296	984	806	565	703	788
ENSG00000124334	IL9R	6	8	2	6	4	8	8	3
ENSG00000124343	XG	60	97	86	69	7	14	69	14
ENSG00000124356	STAMBP	623	785	995	744	552	356	534	591
ENSG00000124357	NAGK	285	307	272	246	288	288	345	343
ENSG00000124370	MCEE	100	92	94	65	59	52	60	47
ENSG00000124374	PAIP2B	29	53	42	38	46	13	15	30
ENSG00000124380	SNRNP27	449	648	574	537	389	326	372	391
ENSG00000124383	MPHOSPH10	1200	1211	1298	1024	885	769	754	854
ENSG00000124391	IL17C	0	0	1	0	0	0	1	0
ENSG00000124406	ATP8A1	93	142	109	88	90	52	74	47
ENSG00000124422	USP22	6149	6055	6714	5014	4082	3227	3310	3908
ENSG00000124429	POF1B	1	0	0	21	12	0	1	0
ENSG00000124440	HIF3A	0	1	0	2	1	0	6	2
ENSG00000124444	ZNF576	342	323	322	281	267	268	199	299
ENSG00000124449	IRGC	0	0	0	0	1	0	0	0
ENSG00000124459	ZNF45	444	409	463	291	276	252	126	275
ENSG00000124466	LYPD3	40	26	30	31	79	254	40	257
ENSG00000124469	CEACAM8	3	10	5	6	3	6	8	6
ENSG00000124479	NDP	26	20	16	18	51	81	37	67
ENSG00000124486	USP9X	2146	2577	2900	1894	1733	957	1024	1215
ENSG00000124490	CRISP2	0	2	1	0	4	0	2	2
ENSG00000124491	F13A1	20	11	41	1	9	7	7	11
ENSG00000124493	GRM4	0	0	3	0	0	0	0	0
ENSG00000124496	TRERF1	340	407	454	310	209	172	223	148
ENSG00000124507	PACSIN1	5	5	6	7	7	0	0	1
ENSG00000124508	BTN2A2	193	216	266	197	204	189	169	160
ENSG00000124523	SIRT5	155	259	210	227	116	114	141	153
ENSG00000124532	MRS2	479	505	561	442	336	272	322	297
ENSG00000124535	WRNIP1	1247	1538	1565	1267	984	811	901	1162
ENSG00000124541	RRP36	1280	1202	1376	1115	773	745	737	940
ENSG00000124557	BTN1A1	0	1	0	0	0	1	1	0
ENSG00000124562	SNRPC	1924	2263	2339	2188	1495	1061	1453	1359
ENSG00000124570	SERPINB6	1923	2840	2727	2260	1549	1276	1651	1582
ENSG00000124571	XPO5	1320	1561	1826	1122	1004	583	746	855
ENSG00000124574	ABCC10	226	186	210	154	156	156	149	165
ENSG00000124575	H1-3	60	111	89	49	118	26	80	25
ENSG00000124587	PEX6	618	734	588	515	465	381	359	488
ENSG00000124588	NQO2	273	369	350	315	216	207	168	324
ENSG00000124596	OARD1	427	556	510	484	406	274	398	331
ENSG00000124602	UNC5CL	22	31	17	25	12	14	21	10
ENSG00000124608	AARS2	406	475	449	343	348	320	304	296
ENSG00000124610	H1-1	1	3	2	2	2	1	0	0
ENSG00000124613	ZNF391	92	93	106	75	93	73	55	67
ENSG00000124614	RPS10	10908	15903	15741	14062	15696	7790	10736	13294
ENSG00000124615	MOCS1	219	249	220	241	150	50	126	173
ENSG00000124635	H2BC11	550	473	522	327	218	67	210	90
ENSG00000124641	MED20	379	394	445	371	246	217	233	221
ENSG00000124657	OR2B6	45	37	23	21	13	10	20	6
ENSG00000124659	TBCC	331	347	415	295	278	248	221	282
ENSG00000124664	SPDEF	1	1	4	5	2	3	2	4
ENSG00000124678	TCP11	1	0	1	0	0	1	0	0
ENSG00000124688	MAD2L1BP	375	379	372	324	271	263	239	395
ENSG00000124701	APOBEC2	2	3	5	10	6	4	2	4
ENSG00000124702	KLHDC3	2490	2726	2734	2448	1650	1571	1147	2094
ENSG00000124713	GNMT	3	4	7	7	6	4	7	7
ENSG00000124721	DNAH8	0	0	0	0	1	0	1	0
ENSG00000124731	TREM1	24	21	17	19	33	8	24	28
ENSG00000124733	MEA1	1487	1629	1652	1460	1233	1095	1054	1485
ENSG00000124743	KLHL31	192	182	198	159	155	134	183	164
ENSG00000124749	COL21A1	0	0	4	6	3	4	2	0
ENSG00000124762	CDKN1A	4086	4602	6242	3298	2357	1164	3610	1979
ENSG00000124766	SOX4	2132	1635	970	873	1456	3391	1507	1767
ENSG00000124767	GLO1	1742	2248	2452	1995	1751	1204	1581	1693
ENSG00000124772	CPNE5	32	32	28	26	31	32	13	23
ENSG00000124782	RREB1	354	485	517	358	363	344	359	357
ENSG00000124783	SSR1	1939	1970	1924	1875	1557	1279	1242	1493
ENSG00000124784	RIOK1	782	957	973	726	567	476	479	680
ENSG00000124785	NRN1	136	861	404	472	682	155	268	631
ENSG00000124786	SLC35B3	116	109	79	103	68	86	62	81
ENSG00000124787	RPP40	234	235	226	219	130	148	139	122
ENSG00000124788	ATXN1	485	421	297	278	490	680	336	618
ENSG00000124789	NUP153	1502	1546	1581	1200	986	750	902	908
ENSG00000124795	DEK	3361	4059	4208	3653	3000	2233	2937	2565
ENSG00000124802	EEF1E1	505	504	486	478	369	364	378	463
ENSG00000124813	RUNX2	275	327	266	191	184	125	195	159
ENSG00000124818	OPN5	1	0	0	0	0	0	0	0
ENSG00000124827	GCM2	0	0	0	0	0	0	0	0
ENSG00000124831	LRRFIP1	2205	2591	2502	2285	2356	1413	2532	1598
ENSG00000124839	RAB17	76	61	74	50	40	52	3	62
ENSG00000124875	CXCL6	0	0	0	0	0	0	0	0
ENSG00000124882	EREG	1	2	2	7	2	3	4	4
ENSG00000124900	TRIM51	0	1	0	0	0	0	0	0
ENSG00000124920	MYRF	223	303	409	185	162	139	93	128
ENSG00000124939	SCGB2A1	0	0	0	0	1	0	0	0
ENSG00000124942	AHNAK	12315	20050	17447	14846	13628	7156	11551	9435
ENSG00000125037	EMC3	782	888	990	828	709	400	420	726
ENSG00000125046	SSUH2	47	48	48	51	25	9	78	25
ENSG00000125084	WNT1	0	0	0	0	0	0	0	0
ENSG00000125089	SH3TC1	137	94	128	108	117	126	105	93
ENSG00000125107	CNOT1	2379	2783	3529	2021	1852	812	1350	1158
ENSG00000125124	BBS2	485	663	690	469	338	314	322	306
ENSG00000125144	MT1G	0	0	0	0	0	0	0	0
ENSG00000125148	MT2A	7540	9523	8898	8070	6868	4537	8346	6378
ENSG00000125149	PHAF1	356	305	379	286	208	187	273	190
ENSG00000125166	GOT2	3346	3903	4438	3616	2494	1755	2522	2351
ENSG00000125170	DOK4	968	1262	1394	1030	693	737	730	918
ENSG00000125245	GPR18	0	0	0	2	0	0	1	0
ENSG00000125246	CLYBL	121	104	142	89	53	31	65	68
ENSG00000125247	TMTC4	294	299	241	203	152	181	175	175
ENSG00000125249	RAP2A	1021	1037	1027	752	605	501	567	657
ENSG00000125255	SLC10A2	0	1	0	0	0	0	0	0
ENSG00000125257	ABCC4	666	802	752	591	553	313	478	436
ENSG00000125266	EFNB2	256	264	319	171	139	196	110	196
ENSG00000125285	SOX21	0	1	0	0	0	0	0	0
ENSG00000125304	TM9SF2	3075	3228	3150	2394	1751	1862	1639	2082
ENSG00000125319	HROB	185	216	233	190	162	132	148	150
ENSG00000125347	IRF1	373	403	474	392	277	303	486	287
ENSG00000125351	UPF3B	898	1078	1090	951	828	887	839	603
ENSG00000125352	RNF113A	427	617	522	426	437	303	277	453
ENSG00000125354	SEPTIN6	187	206	203	129	172	239	66	214
ENSG00000125355	TMEM255A	31	35	19	17	45	17	7	35
ENSG00000125356	NDUFA1	951	995	966	950	605	624	478	799
ENSG00000125375	DMAC2L	251	277	375	261	286	176	195	188
ENSG00000125378	BMP4	1156	767	438	461	558	876	234	1033
ENSG00000125384	PTGER2	13	6	6	8	5	10	6	12
ENSG00000125386	FAM193A	478	523	593	427	372	339	346	304
ENSG00000125388	GRK4	180	191	188	154	166	95	129	141
ENSG00000125398	SOX9	1156	2271	2199	1824	2529	1162	2724	924
ENSG00000125409	TEKT3	3	4	0	1	2	5	0	5
ENSG00000125414	MYH2	14	6	24	25	10	3	9	10
ENSG00000125430	HS3ST3B1	50	58	37	18	56	59	33	69
ENSG00000125434	SLC25A35	145	115	137	134	119	109	143	114
ENSG00000125445	MRPS7	1228	1191	1345	1216	842	604	803	779
ENSG00000125447	GGA3	519	501	708	535	416	345	405	345
ENSG00000125449	ARMC7	318	326	362	269	183	168	132	195
ENSG00000125450	NUP85	718	757	842	663	589	434	543	627
ENSG00000125454	SLC25A19	456	380	489	406	256	223	273	373
ENSG00000125457	MIF4GD	412	531	579	539	350	216	294	334
ENSG00000125458	NT5C	1336	1679	1661	1591	1078	913	1440	1192
ENSG00000125459	MSTO1	808	631	850	567	548	458	468	585
ENSG00000125482	TTF1	934	1052	1247	914	995	988	884	969
ENSG00000125484	GTF3C4	1159	1418	1702	1016	1054	738	802	840
ENSG00000125485	DDX31	634	807	781	526	467	361	427	469
ENSG00000125492	BARHL1	1	1	0	0	0	1	0	1
ENSG00000125503	PPP1R12C	1490	1508	1595	1246	1101	1202	927	1306
ENSG00000125505	MBOAT7	1051	1476	1610	1097	978	661	615	773
ENSG00000125508	SRMS	3	6	7	1	1	4	0	5
ENSG00000125510	OPRL1	28	62	23	18	26	33	13	39
ENSG00000125520	SLC2A4RG	1769	2085	2311	2262	1290	1181	1161	1246
ENSG00000125522	NPBWR2	0	0	0	0	0	0	0	0
ENSG00000125531	FNDC11	3	2	1	1	1	0	0	1
ENSG00000125534	PPDPF	955	1428	1688	1478	1663	761	1262	1411
ENSG00000125538	IL1B	12	20	31	10	7	2	26	4
ENSG00000125551	PLGLB2	22	8	11	11	33	22	17	12
ENSG00000125571	IL37	0	2	0	2	1	2	1	0
ENSG00000125611	CHCHD5	361	422	519	454	288	240	242	372
ENSG00000125618	PAX8	143	101	115	95	123	185	100	227
ENSG00000125629	INSIG2	212	426	379	259	338	192	229	345
ENSG00000125630	POLR1B	1572	1740	1864	1367	1068	950	922	1123
ENSG00000125633	CCDC93	428	551	584	372	439	230	421	269
ENSG00000125637	PSD4	190	152	162	160	156	157	159	173
ENSG00000125648	SLC25A23	501	648	810	598	338	191	169	333
ENSG00000125650	PSPN	65	78	58	71	47	78	53	69
ENSG00000125651	GTF2F1	3045	3813	4227	3082	2715	1942	2119	2565
ENSG00000125652	ALKBH7	535	709	772	730	634	330	387	591
ENSG00000125656	CLPP	1803	2086	2436	2055	1345	997	1300	1574
ENSG00000125657	TNFSF9	824	928	1010	924	715	204	850	319
ENSG00000125675	GRIA3	5	6	2	0	19	19	8	17
ENSG00000125676	THOC2	2114	2632	2858	2244	1925	2029	1761	1815
ENSG00000125686	MED1	1396	1558	1770	1161	1042	832	916	872
ENSG00000125691	RPL23	13447	19906	17980	15153	15278	11739	12186	17689
ENSG00000125703	ATG4C	281	284	288	287	153	152	149	216
ENSG00000125726	CD70	3156	4002	4207	4143	3236	1669	2727	2754
ENSG00000125730	C3	1234	2144	1748	933	986	307	225	499
ENSG00000125731	SH2D3A	54	92	84	74	20	9	31	8
ENSG00000125733	TRIP10	1874	2083	2325	2230	1379	894	1542	1099
ENSG00000125734	GPR108	978	1148	1340	955	910	554	622	813
ENSG00000125735	TNFSF14	10	13	6	5	13	14	8	9
ENSG00000125740	FOSB	816	440	237	236	363	163	213	80
ENSG00000125741	OPA3	903	808	951	609	634	527	530	486
ENSG00000125743	SNRPD2	6262	7075	7613	6156	6040	4304	3708	6419
ENSG00000125744	RTN2	136	143	146	205	110	112	80	110
ENSG00000125746	EML2	410	670	462	316	390	338	316	464
ENSG00000125753	VASP	1647	1955	2086	1783	1404	1265	1194	1323
ENSG00000125755	SYMPK	2578	2558	3265	1828	1715	1149	1184	1618
ENSG00000125772	GPCPD1	412	631	803	650	498	351	349	401
ENSG00000125775	SDCBP2	33	68	68	76	67	16	51	34
ENSG00000125779	PANK2	968	908	861	719	554	879	684	606
ENSG00000125780	TGM3	3	4	0	0	2	7	0	9
ENSG00000125787	GNRH2	1	1	1	1	2	1	1	2
ENSG00000125788	DEFB126	0	0	0	0	0	0	0	0
ENSG00000125798	FOXA2	8	10	9	11	9	1	30	1
ENSG00000125810	CD93	23	25	22	13	23	54	13	57
ENSG00000125812	GZF1	470	482	512	381	335	218	285	286
ENSG00000125813	PAX1	1	0	0	0	0	0	0	0
ENSG00000125814	NAPB	94	138	135	103	115	119	116	83
ENSG00000125816	NKX2-4	30	65	75	44	60	19	46	54
ENSG00000125817	CENPB	4794	4993	5821	4926	3411	2447	3063	3674
ENSG00000125818	PSMF1	2400	2649	2996	2362	1640	1149	1356	1729
ENSG00000125820	NKX2-2	8	8	7	6	12	4	7	3
ENSG00000125821	DTD1	634	810	781	794	582	424	746	564
ENSG00000125826	RBCK1	1519	2097	2052	1577	1185	980	1427	1271
ENSG00000125827	TMX4	2001	1465	1366	1252	1797	2828	1528	2779
ENSG00000125831	CST11	0	1	0	0	0	0	0	0
ENSG00000125834	STK35	897	940	993	769	665	539	610	674
ENSG00000125835	SNRPB	8632	10798	11965	10529	7473	5120	6978	7717
ENSG00000125841	NRSN2	1966	2181	2346	1900	1092	1249	1026	1305
ENSG00000125843	AP5S1	548	566	643	535	373	357	264	345
ENSG00000125844	RRBP1	3028	3015	3195	2396	2248	1880	2076	2119
ENSG00000125845	BMP2	279	251	176	280	399	361	713	501
ENSG00000125846	ZNF133	264	342	306	277	295	302	295	244
ENSG00000125848	FLRT3	78	35	27	55	113	126	75	202
ENSG00000125851	PCSK2	0	0	0	0	0	0	0	0
ENSG00000125863	MKKS	567	506	518	391	299	293	273	323
ENSG00000125864	BFSP1	198	225	190	202	131	153	101	162
ENSG00000125868	DSTN	3768	3920	3977	3977	2728	2361	2699	2785
ENSG00000125869	LAMP5	0	0	3	0	0	18	0	0
ENSG00000125870	SNRPB2	2260	2467	2476	2374	1905	1947	1986	2260
ENSG00000125871	MGME1	756	776	751	650	513	569	559	555
ENSG00000125872	LRRN4	39	50	45	64	15	3	39	7
ENSG00000125875	TBC1D20	484	500	397	528	322	339	306	427
ENSG00000125877	ITPA	2357	2635	2558	2348	1716	1337	1478	1889
ENSG00000125878	TCF15	0	0	0	5	1	3	0	11
ENSG00000125885	MCM8	926	1003	987	815	760	623	748	688
ENSG00000125895	TMEM74B	2	42	27	30	45	3	14	25
ENSG00000125898	FAM110A	179	140	198	175	127	88	122	125
ENSG00000125900	SIRPD	0	0	0	0	1	0	0	1
ENSG00000125901	MRPS26	2168	2459	2601	2246	1654	1308	1532	1784
ENSG00000125910	S1PR4	26	89	64	65	103	42	143	50
ENSG00000125912	NCLN	2754	3177	3974	2763	2189	1624	2016	2138
ENSG00000125931	CITED1	10	8	11	11	12	9	8	25
ENSG00000125944	HNRNPR	5120	5353	6587	4352	3610	2492	2727	3214
ENSG00000125945	ZNF436	351	319	395	283	239	264	145	233
ENSG00000125952	MAX	1178	1305	1208	1077	833	840	771	1027
ENSG00000125954	CHURC1-FNTB	0	0	8	0	0	0	0	0
ENSG00000125962	ARMCX5	124	115	136	93	88	90	57	108
ENSG00000125965	GDF5	2	0	1	1	0	5	0	0
ENSG00000125966	MMP24	11	23	27	14	16	3	7	4
ENSG00000125967	NECAB3	343	363	327	271	236	218	154	344
ENSG00000125968	ID1	1921	1486	1331	1171	1849	2615	1130	3970
ENSG00000125970	RALY	3356	3891	4141	3753	3155	2397	2543	3318
ENSG00000125971	DYNLRB1	3454	3581	3970	3505	2650	2611	2523	3489
ENSG00000125975	C20orf173	1	0	0	1	0	0	0	0
ENSG00000125977	EIF2S2	5080	5441	5234	5180	4014	4028	4775	4357
ENSG00000125991	ERGIC3	4295	5392	5299	4548	4483	2909	2921	4163
ENSG00000125995	ROMO1	2522	2932	2851	2694	2057	1771	1742	2162
ENSG00000125998	FAM83C	3	7	8	2	3	7	0	3
ENSG00000125999	BPIFB1	4	2	6	1	5	8	0	5
ENSG00000126001	CEP250	1089	1833	1793	1207	1097	653	1190	841
ENSG00000126003	PLAGL2	711	791	687	644	430	283	343	316
ENSG00000126005	MMP24OS	1039	1518	1720	1463	952	672	597	1050
ENSG00000126010	GRPR	30	25	27	16	9	50	34	27
ENSG00000126012	KDM5C	3247	2997	3159	2147	2619	2577	2348	3068
ENSG00000126016	AMOT	91	125	49	60	71	45	20	122
ENSG00000126062	TMEM115	1543	1786	1764	1505	1127	891	816	1262
ENSG00000126067	PSMB2	3336	3311	3819	3029	2495	2086	2678	2694
ENSG00000126070	AGO3	887	1325	940	817	678	652	695	562
ENSG00000126088	UROD	1476	1621	1910	1531	1204	1006	821	1253
ENSG00000126091	ST3GAL3	302	412	394	306	307	188	294	256
ENSG00000126106	TMEM53	222	333	288	260	219	177	197	227
ENSG00000126107	HECTD3	712	780	876	694	446	389	414	478
ENSG00000126214	KLC1	1323	1477	1399	1330	1055	1096	1137	1270
ENSG00000126215	XRCC3	405	403	523	415	315	339	351	346
ENSG00000126216	TUBGCP3	935	1071	1118	884	682	605	632	723
ENSG00000126217	MCF2L	82	72	42	30	124	108	85	115
ENSG00000126218	F10	2	2	0	4	1	2	0	5
ENSG00000126226	PCID2	964	1290	1226	1189	893	606	886	838
ENSG00000126231	PROZ	5	5	3	3	6	4	5	1
ENSG00000126233	SLURP1	0	0	0	0	0	0	0	0
ENSG00000126243	LRFN3	323	338	259	221	246	200	125	227
ENSG00000126246	IGFLR1	89	54	46	45	54	56	32	41
ENSG00000126247	CAPNS1	5213	6032	7096	5296	3707	3289	2409	4630
ENSG00000126249	PDCD2L	249	290	304	233	184	149	150	215
ENSG00000126254	RBM42	2309	2182	3012	2228	1744	1431	1207	1751
ENSG00000126259	KIRREL2	0	0	0	0	0	0	0	0
ENSG00000126261	UBA2	4088	4463	4375	3330	3598	2724	2237	3640
ENSG00000126262	FFAR2	2	0	0	1	0	0	0	0
ENSG00000126264	HCST	13	5	4	4	5	5	4	10
ENSG00000126266	FFAR1	2	1	0	0	1	0	2	1
ENSG00000126267	COX6B1	2967	3179	3413	2870	2394	2240	1454	2968
ENSG00000126337	KRT36	0	0	0	1	0	2	0	1
ENSG00000126351	THRA	989	966	1054	875	786	829	554	1005
ENSG00000126353	CCR7	0	1	2	2	2	0	3	4
ENSG00000126368	NR1D1	454	688	949	563	527	464	677	455
ENSG00000126391	FRMD8	1119	1119	1203	971	922	807	658	897
ENSG00000126432	PRDX5	4297	5265	5720	5002	3199	2710	3012	3841
ENSG00000126453	BCL2L12	531	457	584	472	367	268	237	388
ENSG00000126456	IRF3	804	940	810	717	624	749	515	848
ENSG00000126457	PRMT1	6511	7404	9035	6616	5549	3850	3246	6748
ENSG00000126458	RRAS	613	928	870	884	736	524	522	832
ENSG00000126460	PRRG2	12	11	9	15	12	11	9	6
ENSG00000126461	SCAF1	3520	3733	4005	2666	2581	2643	1760	2969
ENSG00000126464	PRR12	1550	1381	1403	932	1080	1078	835	1129
ENSG00000126467	TSKS	1	0	0	0	0	0	0	2
ENSG00000126500	FLRT1	7	6	1	5	7	6	5	6
ENSG00000126522	ASL	834	934	1079	947	559	322	575	525
ENSG00000126524	SBDS	1737	2033	1995	1629	1284	900	1411	1322
ENSG00000126550	HTN1	0	0	0	0	0	1	0	0
ENSG00000126561	STAT5A	552	698	822	655	511	376	493	439
ENSG00000126562	WNK4	734	1158	1298	781	453	263	738	256
ENSG00000126581	BECN1	1369	1469	1627	1392	1065	987	1024	1165
ENSG00000126583	PRKCG	0	0	1	0	0	0	0	0
ENSG00000126602	TRAP1	4613	6270	7286	5243	3284	2138	3360	3528
ENSG00000126603	GLIS2	519	1135	1095	918	566	198	551	216
ENSG00000126653	NSRP1	1265	1574	1483	1367	1386	1319	1475	1114
ENSG00000126698	DNAJC8	2097	2517	2738	2249	1925	1666	1735	1984
ENSG00000126705	AHDC1	919	1056	1028	732	495	604	411	526
ENSG00000126709	IFI6	716	613	532	375	634	2556	251	700
ENSG00000126746	ZNF384	1435	1478	1677	1139	905	701	758	963
ENSG00000126749	EMG1	1596	1630	1678	1446	1038	1222	1379	1236
ENSG00000126752	SSX1	1	3	0	3	0	0	0	0
ENSG00000126756	UXT	858	1072	1100	1040	935	566	770	971
ENSG00000126759	CFP	3	8	0	0	2	0	5	0
ENSG00000126767	ELK1	1409	1471	1527	1215	1059	925	849	1349
ENSG00000126768	TIMM17B	1544	1771	1882	1841	1157	967	1228	1336
ENSG00000126773	PCNX4	698	841	961	652	600	464	581	363
ENSG00000126775	ATG14	338	490	446	319	357	280	346	307
ENSG00000126777	KTN1	4516	6092	6042	4981	4152	3127	4148	3334
ENSG00000126778	SIX1	359	429	367	393	310	218	341	270
ENSG00000126785	RHOJ	76	47	47	56	75	135	90	96
ENSG00000126787	DLGAP5	687	744	960	735	613	299	414	494
ENSG00000126790	L3HYPDH	259	223	235	196	175	156	185	168
ENSG00000126803	HSPA2	99	120	124	138	107	122	92	91
ENSG00000126804	ZBTB1	481	567	511	490	429	399	391	440
ENSG00000126814	TRMT5	473	541	619	484	354	242	318	324
ENSG00000126821	SGPP1	271	278	334	258	215	167	197	176
ENSG00000126822	PLEKHG3	258	391	391	309	256	175	351	235
ENSG00000126838	PZP	0	0	0	0	0	0	0	0
ENSG00000126856	PRDM7	0	0	0	0	0	2	0	0
ENSG00000126858	RHOT1	470	632	578	493	477	358	401	463
ENSG00000126860	EVI2A	99	141	141	71	143	34	87	53
ENSG00000126861	OMG	0	3	0	3	0	0	0	0
ENSG00000126870	DYNC2I1	659	938	902	767	593	670	612	595
ENSG00000126878	AIF1L	711	635	656	339	592	805	246	1093
ENSG00000126882	FAM78A	433	447	511	338	314	313	259	374
ENSG00000126883	NUP214	1331	1372	1529	695	845	374	472	708
ENSG00000126890	CTAG2	4	3	4	3	6	0	2	3
ENSG00000126895	AVPR2	118	120	128	72	50	37	39	26
ENSG00000126903	SLC10A3	811	834	871	647	500	351	355	561
ENSG00000126934	MAP2K2	2166	2716	3155	2372	1735	1199	1397	1763
ENSG00000126945	HNRNPH2	1750	2101	2123	1803	1265	1273	1132	1282
ENSG00000126947	ARMCX1	2	4	5	8	5	1	6	2
ENSG00000126953	TIMM8A	328	379	379	305	269	182	262	290
ENSG00000126970	ZC4H2	211	293	313	197	156	146	185	120
ENSG00000127022	CANX	10572	12664	12832	11704	10682	5975	7643	6786
ENSG00000127054	INTS11	1898	2238	2617	1835	1536	1283	1231	1715
ENSG00000127080	IPPK	573	621	737	405	381	209	282	369
ENSG00000127081	ZNF484	71	94	87	54	98	81	70	75
ENSG00000127083	OMD	2	1	2	0	0	2	3	1
ENSG00000127084	FGD3	5	6	8	2	3	3	1	7
ENSG00000127124	HIVEP3	528	366	306	200	430	973	137	673
ENSG00000127125	PPCS	735	911	952	826	719	624	595	653
ENSG00000127129	EDN2	4	17	28	7	0	0	3	0
ENSG00000127152	BCL11B	0	5	2	8	7	4	6	52
ENSG00000127184	COX7C	3657	4745	4336	4004	2923	2925	2675	3326
ENSG00000127191	TRAF2	446	476	565	407	411	319	412	367
ENSG00000127220	ABHD8	578	745	683	551	493	527	284	698
ENSG00000127241	MASP1	0	0	1	0	1	0	0	3
ENSG00000127249	ATP13A4	1	2	3	0	0	2	0	6
ENSG00000127252	PLAAT1	13	14	21	9	34	2	6	7
ENSG00000127311	HELB	0	53	16	0	10	47	0	0
ENSG00000127314	RAP1B	3383	3702	3921	3567	2446	2096	2683	2408
ENSG00000127324	TSPAN8	0	0	0	0	0	1	0	0
ENSG00000127325	BEST3	25	15	27	25	7	10	8	14
ENSG00000127328	RAB3IP	277	279	255	162	110	159	235	178
ENSG00000127329	PTPRB	41	140	96	129	212	16	166	15
ENSG00000127334	DYRK2	1145	1406	1374	1120	760	560	752	554
ENSG00000127337	YEATS4	580	613	637	579	479	435	471	465
ENSG00000127362	TAS2R3	0	0	0	0	3	0	0	0
ENSG00000127364	TAS2R4	8	19	11	17	12	26	26	15
ENSG00000127366	TAS2R5	3	6	7	3	7	3	10	3
ENSG00000127377	CRYGN	1	0	0	0	0	0	0	0
ENSG00000127399	LRRC61	0	0	0	1	0	0	0	0
ENSG00000127412	TRPV5	0	0	0	0	1	0	0	0
ENSG00000127415	IDUA	281	271	230	163	338	500	259	269
ENSG00000127418	FGFRL1	2094	2133	2154	1812	2152	2089	1894	3337
ENSG00000127419	TMEM175	413	351	398	288	194	293	144	288
ENSG00000127423	AUNIP	176	193	219	195	153	116	121	143
ENSG00000127445	PIN1	1532	1756	2161	1707	1315	1011	1060	1631
ENSG00000127452	FBXL12	519	629	695	552	407	337	334	401
ENSG00000127463	EMC1	1097	1324	1268	961	907	747	700	979
ENSG00000127472	PLA2G5	0	0	0	0	0	0	0	0
ENSG00000127481	UBR4	3696	4706	4832	3302	2980	2130	3052	2472
ENSG00000127483	HP1BP3	3469	4060	4521	3287	3008	2257	2993	2617
ENSG00000127507	ADGRE2	25	16	3	8	34	54	17	47
ENSG00000127511	SIN3B	1371	1700	1716	1185	1101	880	923	958
ENSG00000127526	SLC35E1	1789	1993	2247	1448	1386	866	802	1164
ENSG00000127527	EPS15L1	459	814	804	559	652	475	431	507
ENSG00000127528	KLF2	423	701	594	506	1071	299	967	283
ENSG00000127530	OR7C1	12	4	2	2	10	16	1	6
ENSG00000127533	F2RL3	0	2	3	0	0	2	2	0
ENSG00000127540	UQCR11	1541	1763	1854	1592	1156	1153	999	1512
ENSG00000127554	GFER	782	877	952	730	647	594	598	687
ENSG00000127561	SYNGR3	37	68	52	50	38	35	32	24
ENSG00000127564	PKMYT1	418	519	705	570	619	228	540	352
ENSG00000127578	WFIKKN1	40	39	64	40	6	17	3	6
ENSG00000127580	WDR24	444	498	499	388	300	246	328	314
ENSG00000127585	FBXL16	4	4	1	3	1	10	0	3
ENSG00000127586	CHTF18	572	707	672	639	475	380	454	443
ENSG00000127588	GNG13	6	4	7	2	2	1	3	2
ENSG00000127603	MACF1	1834	2261	2214	1451	1623	1656	1298	1535
ENSG00000127616	SMARCA4	6379	6319	7684	5213	4715	4385	3662	4518
ENSG00000127663	KDM4B	752	1196	1206	798	848	563	771	788
ENSG00000127666	TICAM1	488	617	595	473	404	303	390	376
ENSG00000127720	METTL25	66	81	61	61	47	52	44	29
ENSG00000127743	IL17B	2	0	3	0	0	1	0	0
ENSG00000127774	EMC6	944	1064	1106	1022	733	632	812	780
ENSG00000127804	METTL16	737	901	923	753	678	466	687	438
ENSG00000127824	TUBA4A	60	51	43	74	63	37	72	39
ENSG00000127831	VIL1	0	4	3	5	7	0	0	0
ENSG00000127837	AAMP	2378	2672	2743	2478	1690	1262	1454	1731
ENSG00000127838	PNKD	717	642	714	702	450	446	250	648
ENSG00000127863	TNFRSF19	839	517	173	150	1146	1409	102	1856
ENSG00000127870	RNF6	650	636	646	504	453	403	393	428
ENSG00000127884	ECHS1	3040	3526	4193	3085	2302	1701	1379	2519
ENSG00000127903	ZNF835	8	8	4	0	7	8	0	8
ENSG00000127914	AKAP9	1090	1374	1156	883	1104	1129	912	1088
ENSG00000127920	GNG11	684	651	569	644	441	597	639	656
ENSG00000127922	SEM1	1772	2125	2005	2007	1345	1392	1358	1595
ENSG00000127928	GNGT1	6	13	10	5	10	15	6	4
ENSG00000127946	HIP1	1175	1280	1294	880	899	838	748	797
ENSG00000127947	PTPN12	2249	2704	2556	2411	1988	1561	2306	1849
ENSG00000127948	POR	535	625	680	509	389	256	300	415
ENSG00000127951	FGL2	7	17	6	18	18	9	42	0
ENSG00000127952	STYXL1	314	400	370	307	226	134	161	240
ENSG00000127954	STEAP4	15	27	14	12	28	31	33	8
ENSG00000127955	GNAI1	177	258	301	180	139	44	75	25
ENSG00000127980	PEX1	453	531	502	360	317	283	289	312
ENSG00000127989	MTERF1	365	401	349	334	278	220	245	235
ENSG00000127990	SGCE	386	464	431	284	323	151	241	375
ENSG00000127993	RBM48	331	411	379	293	319	232	269	240
ENSG00000127995	CASD1	292	308	402	296	228	203	211	174
ENSG00000128000	ZNF780B	206	274	232	190	243	202	166	154
ENSG00000128011	LRFN1	235	221	225	150	207	116	67	203
ENSG00000128016	ZFP36	539	620	602	387	802	372	547	370
ENSG00000128039	SRD5A3	319	412	286	244	248	205	185	245
ENSG00000128040	SPINK2	0	2	1	0	4	0	0	1
ENSG00000128045	RASL11B	0	0	0	1	0	0	0	0
ENSG00000128050	PAICS	6286	8670	9011	7650	5605	3650	4922	5539
ENSG00000128052	KDR	0	0	0	0	0	0	0	0
ENSG00000128059	PPAT	997	1104	1300	987	761	489	629	703
ENSG00000128159	TUBGCP6	211	199	182	121	179	81	71	137
ENSG00000128165	ADM2	24	52	48	12	20	23	40	8
ENSG00000128185	DGCR6L	721	682	731	641	541	533	395	666
ENSG00000128191	DGCR8	745	647	715	651	373	394	609	456
ENSG00000128203	ASPHD2	99	145	94	103	98	51	84	63
ENSG00000128218	VPREB3	1	0	1	1	0	0	0	0
ENSG00000128228	SDF2L1	334	277	325	332	329	290	244	358
ENSG00000128242	GAL3ST1	2	24	31	31	27	0	20	7
ENSG00000128245	YWHAH	1870	1938	2164	1984	1413	955	1398	1144
ENSG00000128250	RFPL1	2	0	0	0	0	0	0	0
ENSG00000128253	RFPL2	1	3	4	0	0	0	0	0
ENSG00000128266	GNAZ	9	3	9	5	12	18	9	14
ENSG00000128268	MGAT3	0	2	14	6	8	3	0	6
ENSG00000128271	ADORA2A	16	0	12	2	21	0	13	11
ENSG00000128272	ATF4	5093	7204	7262	6000	5077	3428	5589	4290
ENSG00000128274	A4GALT	99	73	40	42	130	227	51	343
ENSG00000128276	RFPL3	0	0	0	0	0	0	0	0
ENSG00000128283	CDC42EP1	644	889	989	829	313	284	551	318
ENSG00000128284	APOL3	65	131	111	50	52	76	120	58
ENSG00000128285	MCHR1	0	1	0	0	2	6	2	10
ENSG00000128294	TPST2	304	306	331	350	392	125	304	152
ENSG00000128298	BAIAP2L2	391	442	494	393	259	280	249	405
ENSG00000128309	MPST	682	843	961	735	622	437	459	644
ENSG00000128310	GALR3	6	4	0	2	3	2	3	1
ENSG00000128311	TST	425	361	451	343	278	300	160	355
ENSG00000128322	IGLL1	0	0	0	0	2	0	0	0
ENSG00000128335	APOL2	382	368	432	321	236	303	279	239
ENSG00000128340	RAC2	320	997	1071	664	377	571	605	319
ENSG00000128342	LIF	1627	846	708	507	1359	1777	1512	3236
ENSG00000128346	C22orf23	78	93	105	67	61	60	57	54
ENSG00000128383	APOBEC3A	12	18	11	16	16	19	20	9
ENSG00000128394	APOBEC3F	430	387	389	319	291	405	152	315
ENSG00000128422	KRT17	19	0	2	2	0	1	1	1
ENSG00000128463	EMC4	1671	2092	2130	1920	1452	1073	1183	1473
ENSG00000128482	RNF112	17	14	5	7	27	49	3	111
ENSG00000128487	SPECC1	457	294	404	302	314	163	194	187
ENSG00000128510	CPA4	2943	4010	4246	3812	3378	456	1589	649
ENSG00000128512	DOCK4	801	793	954	794	680	523	676	500
ENSG00000128513	POT1	417	483	350	278	256	107	229	144
ENSG00000128524	ATP6V1F	2625	3060	3260	2683	2023	1520	1740	2392
ENSG00000128534	LSM8	921	903	824	788	637	643	711	748
ENSG00000128536	CDHR3	6	4	1	4	6	7	1	1
ENSG00000128563	PRKRIP1	721	921	993	737	691	561	656	673
ENSG00000128564	VGF	36202	75230	68972	45109	10191	9988	12980	17980
ENSG00000128567	PODXL	347	778	1213	725	356	42	218	41
ENSG00000128573	FOXP2	14	7	10	6	18	15	10	17
ENSG00000128578	STRIP2	191	311	317	224	126	118	247	114
ENSG00000128581	IFT22	281	250	259	198	278	236	139	283
ENSG00000128585	MKLN1	750	928	999	729	626	492	569	459
ENSG00000128590	DNAJB9	355	444	387	305	452	271	305	283
ENSG00000128591	FLNC	59	28	43	40	15	42	30	9
ENSG00000128594	LRRC4	2	7	3	5	2	1	6	5
ENSG00000128595	CALU	4716	5374	5193	4798	4374	2970	4188	3610
ENSG00000128596	CCDC136	271	299	315	187	203	270	190	198
ENSG00000128602	SMO	205	229	262	218	357	303	130	332
ENSG00000128604	IRF5	22	22	37	22	48	0	44	34
ENSG00000128606	LRRC17	485	414	419	532	189	656	214	202
ENSG00000128607	KLHDC10	716	699	709	604	560	418	437	461
ENSG00000128609	NDUFA5	1426	1411	1423	1353	908	915	798	1042
ENSG00000128610	FEZF1	1	2	1	1	2	0	0	2
ENSG00000128617	OPN1SW	0	0	0	0	0	0	0	0
ENSG00000128626	MRPS12	1212	1231	1321	1110	937	667	556	1048
ENSG00000128641	MYO1B	1936	2129	2274	1807	1187	979	1046	1071
ENSG00000128645	HOXD1	5	5	1	3	9	9	3	6
ENSG00000128652	HOXD3	12	4	3	1	9	16	2	3
ENSG00000128654	MTX2	585	668	614	563	419	436	493	464
ENSG00000128655	PDE11A	11	7	11	8	7	18	7	6
ENSG00000128656	CHN1	571	403	418	422	263	235	311	215
ENSG00000128683	GAD1	8	38	17	14	28	8	14	19
ENSG00000128694	OSGEPL1	198	246	232	235	158	186	156	144
ENSG00000128699	ORMDL1	501	550	545	430	443	377	361	386
ENSG00000128708	HAT1	948	942	939	863	600	504	551	793
ENSG00000128709	HOXD9	408	322	358	350	288	258	277	336
ENSG00000128710	HOXD10	12	10	18	24	19	17	17	16
ENSG00000128713	HOXD11	0	3	2	0	3	4	2	11
ENSG00000128714	HOXD13	233	183	187	137	198	196	184	246
ENSG00000128731	HERC2	902	1056	1080	763	748	444	478	537
ENSG00000128739	SNRPN	2512	2872	2898	2508	1926	2262	1836	2718
ENSG00000128789	PSMG2	575	669	777	780	640	364	542	562
ENSG00000128791	TWSG1	658	716	721	888	640	490	562	628
ENSG00000128805	ARHGAP22	308	336	286	274	244	192	405	187
ENSG00000128815	WDFY4	1	0	2	4	0	0	3	0
ENSG00000128829	EIF2AK4	782	692	804	585	1676	1242	1501	1283
ENSG00000128833	MYO5C	60	57	79	57	50	41	52	34
ENSG00000128849	CGNL1	28	37	75	18	13	13	13	7
ENSG00000128872	TMOD2	195	177	143	118	145	105	67	118
ENSG00000128881	TTBK2	428	588	456	420	447	367	355	350
ENSG00000128886	ELL3	14	11	14	14	0	5	3	14
ENSG00000128891	CCDC32	214	289	224	241	217	218	163	200
ENSG00000128908	INO80	543	561	669	365	428	204	334	314
ENSG00000128915	ICE2	519	562	693	437	338	159	398	480
ENSG00000128917	DLL4	7	8	6	10	21	10	6	6
ENSG00000128918	ALDH1A2	0	0	0	0	1	4	0	1
ENSG00000128923	MINDY2	477	655	545	508	457	502	412	400
ENSG00000128928	IVD	1545	1593	1815	1326	987	856	815	855
ENSG00000128944	KNSTRN	1066	1248	1282	1051	752	686	838	844
ENSG00000128951	DUT	2833	3359	3313	3500	2577	1652	2389	2258
ENSG00000128965	CHAC1	64	95	120	66	36	54	91	41
ENSG00000128973	CLN6	828	1065	1192	799	807	483	507	700
ENSG00000128989	ARPP19	3851	3925	4081	3363	2745	2128	2421	2482
ENSG00000129003	VPS13C	438	679	551	395	536	255	306	305
ENSG00000129007	CALML4	19	27	31	28	15	18	17	17
ENSG00000129009	ISLR	96	23	15	23	85	299	85	86
ENSG00000129028	THAP10	170	182	161	144	111	88	85	93
ENSG00000129038	LOXL1	104	51	45	35	82	153	33	81
ENSG00000129048	ACKR4	1	4	10	4	7	3	9	3
ENSG00000129055	ANAPC13	1717	1655	1661	1606	1142	1067	1189	1187
ENSG00000129071	MBD4	664	651	648	522	478	396	394	549
ENSG00000129083	COPB1	2445	2609	2978	2408	1938	1648	1458	1982
ENSG00000129084	PSMA1	2160	2453	2576	2551	1994	1355	1838	2022
ENSG00000129103	SUMF2	2571	3349	2948	2636	2688	1586	1918	2631
ENSG00000129116	PALLD	1170	1094	882	698	711	557	505	497
ENSG00000129128	SPCS3	2930	2944	3108	2891	2266	2020	2326	2071
ENSG00000129151	BBOX1	0	0	0	0	1	1	0	2
ENSG00000129152	MYOD1	0	0	0	0	2	0	0	0
ENSG00000129158	SERGEF	240	240	236	216	176	151	103	201
ENSG00000129159	KCNC1	5	7	1	5	4	2	1	5
ENSG00000129167	TPH1	20	16	17	22	9	9	4	10
ENSG00000129170	CSRP3	4	5	4	6	1	0	0	0
ENSG00000129173	E2F8	111	138	139	135	69	47	52	94
ENSG00000129187	DCTD	3152	3463	4018	2880	2301	1713	2094	2177
ENSG00000129194	SOX15	27	38	36	24	21	22	24	20
ENSG00000129195	PIMREG	310	384	443	368	348	194	165	278
ENSG00000129197	RPAIN	448	528	498	410	500	459	354	530
ENSG00000129204	USP6	0	30	17	24	28	3	8	28
ENSG00000129214	SHBG	5	13	7	6	4	0	14	5
ENSG00000129219	PLD2	767	909	974	714	587	350	426	471
ENSG00000129221	AIPL1	2	1	3	2	3	7	9	5
ENSG00000129226	CD68	1732	3106	2804	2108	1835	612	2051	1226
ENSG00000129235	TXNDC17	817	968	842	844	629	663	507	832
ENSG00000129244	ATP1B2	53	27	12	11	131	273	1	104
ENSG00000129245	FXR2	1989	2177	2511	1753	1515	1095	1339	1415
ENSG00000129250	KIF1C	2640	3197	3992	3195	2456	1455	2381	1477
ENSG00000129255	MPDU1	1436	1551	1402	1330	1173	1187	1123	1289
ENSG00000129292	PHF20L1	919	862	910	712	545	586	482	624
ENSG00000129295	DNAAF11	21	36	41	32	28	8	8	20
ENSG00000129315	CCNT1	1255	1521	1486	1099	844	805	930	826
ENSG00000129317	PUS7L	790	811	854	637	391	420	466	342
ENSG00000129347	KRI1	1464	1592	1601	1208	1266	1045	921	1328
ENSG00000129351	ILF3	11278	11813	14320	9557	8402	6393	6538	7431
ENSG00000129353	SLC44A2	389	696	1092	611	1249	307	337	510
ENSG00000129354	AP1M2	165	159	223	166	131	12	114	38
ENSG00000129355	CDKN2D	336	401	411	349	388	230	336	346
ENSG00000129422	MTUS1	176	377	232	219	328	189	162	151
ENSG00000129437	KLK14	2	1	0	3	3	2	4	4
ENSG00000129450	SIGLEC9	2	1	4	0	0	0	5	3
ENSG00000129451	KLK10	0	0	0	0	0	0	0	0
ENSG00000129460	NGDN	716	806	735	704	465	376	472	572
ENSG00000129467	ADCY4	2	3	3	4	0	0	0	0
ENSG00000129472	RAB2B	319	404	310	238	277	265	255	267
ENSG00000129473	BCL2L2	747	897	864	608	831	580	674	735
ENSG00000129474	AJUBA	1095	2630	2800	1817	1318	270	1249	407
ENSG00000129480	DTD2	213	233	206	183	164	129	158	136
ENSG00000129484	PARP2	441	488	520	373	325	310	385	363
ENSG00000129493	HEATR5A	249	270	223	217	165	155	126	163
ENSG00000129514	FOXA1	29	60	65	23	38	3	38	11
ENSG00000129515	SNX6	1441	1799	1847	1568	1279	832	1063	1071
ENSG00000129518	EAPP	561	674	652	577	534	413	396	539
ENSG00000129521	EGLN3	7	103	63	108	218	9	29	38
ENSG00000129534	MIS18BP1	497	571	611	494	430	348	331	434
ENSG00000129535	NRL	17	26	28	20	20	14	16	29
ENSG00000129538	RNASE1	0	2	0	1	0	0	0	1
ENSG00000129559	NEDD8	2555	2890	3154	2791	2043	1739	1892	2291
ENSG00000129562	DAD1	1792	1883	1791	1905	1355	1352	1311	1702
ENSG00000129566	TEP1	392	320	317	208	176	240	279	184
ENSG00000129595	EPB41L4A	4	1	2	2	4	4	5	5
ENSG00000129596	CDO1	3	0	2	1	4	7	1	10
ENSG00000129625	REEP5	1755	1656	1706	1645	1233	1388	1210	1477
ENSG00000129636	ITFG1	684	779	883	661	662	411	472	588
ENSG00000129646	QRICH2	9	14	13	7	4	8	21	17
ENSG00000129654	FOXJ1	3	1	1	1	0	0	0	3
ENSG00000129657	SEC14L1	1505	1943	2075	1458	1428	954	1226	1085
ENSG00000129667	RHBDF2	149	173	202	122	175	172	201	194
ENSG00000129673	AANAT	3	2	3	4	3	3	5	2
ENSG00000129675	ARHGEF6	380	271	298	203	185	247	178	292
ENSG00000129680	MAP7D3	916	1013	1020	756	611	472	688	568
ENSG00000129682	FGF13	23	222	160	10	34	49	7	135
ENSG00000129691	ASH2L	951	1114	1257	948	752	417	518	691
ENSG00000129696	TTI2	219	244	200	194	142	162	137	185
ENSG00000129744	ART1	0	0	0	0	0	0	0	0
ENSG00000129749	CHRNA10	3	13	6	5	6	12	1	14
ENSG00000129757	CDKN1C	113	180	124	105	58	180	78	163
ENSG00000129810	SGO1	368	430	434	431	378	292	423	352
ENSG00000129864	VCY	1	0	3	1	0	0	0	0
ENSG00000129910	CDH15	1	0	1	0	0	7	2	0
ENSG00000129911	KLF16	592	637	620	537	470	345	561	448
ENSG00000129925	PGAP6	1520	1927	1830	1409	1211	1305	1418	1229
ENSG00000129932	DOHH	736	730	800	750	458	460	546	489
ENSG00000129933	MAU2	1847	1882	2220	1405	1376	1190	826	1323
ENSG00000129946	SHC2	17	39	20	17	37	25	16	15
ENSG00000129951	PLPPR3	3	7	7	2	3	0	3	4
ENSG00000129968	ABHD17A	1593	1672	1867	1366	1324	1020	816	1528
ENSG00000129988	LBP	4	0	2	2	1	0	0	1
ENSG00000129990	SYT5	34	37	16	53	74	71	29	88
ENSG00000129991	TNNI3	0	3	4	0	1	4	6	2
ENSG00000129993	CBFA2T3	0	4	1	7	1	0	5	0
ENSG00000130005	GAMT	576	825	829	612	581	455	408	712
ENSG00000130021	PUDP	2	0	0	0	0	0	0	0
ENSG00000130023	ERMARD	244	313	340	272	190	149	141	184
ENSG00000130024	PHF10	1083	1770	1508	1346	1228	941	1476	1008
ENSG00000130032	PRRG3	1	0	0	0	1	0	0	0
ENSG00000130035	GALNT8	2	2	0	0	0	1	0	3
ENSG00000130037	KCNA5	0	0	0	0	0	0	0	0
ENSG00000130038	CRACR2A	204	236	362	218	172	84	119	107
ENSG00000130045	NXNL2	3	22	26	8	12	2	9	3
ENSG00000130052	STARD8	299	185	290	322	124	48	136	0
ENSG00000130054	NALF2	5	13	27	8	1	0	0	0
ENSG00000130055	GDPD2	4	0	0	2	0	1	0	0
ENSG00000130066	SAT1	756	814	694	671	871	887	588	1022
ENSG00000130119	GNL3L	1346	1413	1567	1163	966	936	952	917
ENSG00000130147	SH3BP4	995	1264	1121	847	1058	339	598	510
ENSG00000130150	MOSPD2	396	536	484	410	469	326	382	323
ENSG00000130158	DOCK6	282	487	464	320	442	223	265	325
ENSG00000130159	ECSIT	1374	1568	1734	1459	1277	836	912	1240
ENSG00000130164	LDLR	2476	2558	2840	2199	2132	1568	3263	1891
ENSG00000130165	ELOF1	3012	2994	3468	2533	1983	1824	1342	2331
ENSG00000130167	TSPAN16	0	1	0	0	0	0	0	0
ENSG00000130173	ANGPTL8	0	0	0	0	1	1	4	0
ENSG00000130175	PRKCSH	12144	15401	17185	12193	11566	7117	6716	9994
ENSG00000130176	CNN1	44	28	26	22	7	13	14	23
ENSG00000130177	CDC16	1221	1282	1430	1141	985	905	836	1131
ENSG00000130182	ZSCAN10	0	1	0	1	1	2	0	0
ENSG00000130193	THEM6	461	620	773	615	374	183	208	351
ENSG00000130202	NECTIN2	668	945	1236	837	728	461	542	450
ENSG00000130203	APOE	175	229	130	109	111	578	27	162
ENSG00000130204	TOMM40	3838	3895	4921	3589	2746	2042	1944	2746
ENSG00000130208	APOC1	123	146	105	111	109	93	65	116
ENSG00000130222	GADD45G	4	5	2	6	17	8	3	2
ENSG00000130224	LRCH2	18	48	6	15	88	66	17	107
ENSG00000130226	DPP6	0	0	0	0	0	0	0	0
ENSG00000130227	XPO7	1840	2083	2220	1688	1425	727	985	1163
ENSG00000130234	ACE2	0	2	0	0	0	0	3	0
ENSG00000130244	FAM98C	309	379	370	332	287	234	216	357
ENSG00000130254	SAFB2	2938	2808	2922	2369	1755	1728	1664	1858
ENSG00000130255	RPL36	8687	14562	12478	12014	12308	7588	10133	12065
ENSG00000130270	ATP8B3	59	64	80	62	33	41	37	35
ENSG00000130283	GDF1	201	440	493	305	430	244	48	419
ENSG00000130287	NCAN	1	2	4	0	1	0	0	0
ENSG00000130294	KIF1A	77	26	65	35	27	91	18	48
ENSG00000130299	GTPBP3	1196	1111	1178	897	815	725	662	770
ENSG00000130300	PLVAP	2	1	2	2	2	1	0	1
ENSG00000130303	BST2	324	326	171	129	355	1474	28	450
ENSG00000130304	SLC27A1	521	685	554	447	633	550	432	637
ENSG00000130305	NSUN5	1100	1178	1374	1160	812	599	687	841
ENSG00000130307	USHBP1	5	3	2	0	1	3	1	4
ENSG00000130309	COLGALT1	2671	2900	3262	2442	2374	1367	1398	2069
ENSG00000130311	DDA1	1820	1709	1846	1425	1284	1457	975	1614
ENSG00000130312	MRPL34	1670	1602	1552	1210	1230	1262	914	1571
ENSG00000130313	PGLS	1297	1459	1647	1195	956	865	550	1453
ENSG00000130332	LSM7	1482	1502	1643	1655	1198	1037	1168	1443
ENSG00000130338	TULP4	276	283	324	219	223	219	254	230
ENSG00000130340	SNX9	700	950	900	813	602	182	465	559
ENSG00000130347	RTN4IP1	149	161	169	171	87	74	115	94
ENSG00000130348	QRSL1	357	410	434	342	285	177	248	218
ENSG00000130349	MTRES1	157	198	166	157	119	136	102	149
ENSG00000130363	RSPH3	354	396	405	322	330	276	317	259
ENSG00000130368	MAS1	27	24	17	20	20	27	50	13
ENSG00000130377	ACSBG2	0	2	0	0	0	0	0	0
ENSG00000130382	MLLT1	2324	2359	2702	2081	1548	1433	1511	1624
ENSG00000130383	FUT5	2	0	2	0	0	0	0	0
ENSG00000130396	AFDN	458	668	570	470	396	286	646	261
ENSG00000130402	ACTN4	21560	25241	29067	19142	21852	18274	14367	22082
ENSG00000130413	STK33	0	1	0	0	0	0	0	0
ENSG00000130414	NDUFA10	641	793	811	731	498	338	355	486
ENSG00000130427	EPO	1	1	0	1	0	0	0	0
ENSG00000130429	ARPC1B	3648	3578	4051	3480	2222	2302	2405	3391
ENSG00000130433	CACNG6	36	80	72	50	36	18	14	14
ENSG00000130449	ZSWIM6	626	810	924	566	587	368	543	333
ENSG00000130475	FCHO1	12	25	19	17	46	41	0	41
ENSG00000130477	UNC13A	74	146	149	218	9	7	31	8
ENSG00000130479	MAP1S	976	1161	1291	855	727	855	520	1244
ENSG00000130487	KLHDC7B	0	0	3	0	0	0	9	0
ENSG00000130508	PXDN	1243	1123	819	967	1996	2173	2409	717
ENSG00000130511	SSBP4	2946	3155	3161	2706	2198	2261	1605	2492
ENSG00000130513	GDF15	159	289	261	158	240	176	1592	193
ENSG00000130517	PGPEP1	734	1075	994	609	879	768	513	738
ENSG00000130518	IQCN	16	18	30	10	11	30	4	6
ENSG00000130520	LSM4	4046	4085	4632	3829	3129	2439	2175	3185
ENSG00000130522	JUND	3976	4689	5269	3793	4784	2959	3364	3414
ENSG00000130528	HRC	1	1	1	0	1	0	0	1
ENSG00000130529	TRPM4	243	192	224	151	246	260	130	282
ENSG00000130540	SULT4A1	0	1	0	0	0	0	0	0
ENSG00000130544	ZNF557	253	219	250	173	218	167	130	194
ENSG00000130545	CRB3	0	1	1	1	0	0	2	2
ENSG00000130558	OLFM1	20	22	23	22	16	14	35	13
ENSG00000130559	CAMSAP1	735	877	1199	691	760	524	645	724
ENSG00000130560	UBAC1	1297	1432	1846	1225	1030	734	785	951
ENSG00000130584	ZBTB46	142	127	119	101	102	179	81	100
ENSG00000130589	HELZ2	683	881	781	480	490	531	424	425
ENSG00000130590	SAMD10	126	140	123	85	80	80	61	109
ENSG00000130592	LSP1	1108	593	437	557	221	194	270	66
ENSG00000130595	TNNT3	41	49	47	26	9	19	24	2
ENSG00000130598	TNNI2	0	0	2	7	0	1	1	2
ENSG00000130635	COL5A1	1442	925	577	727	1608	735	856	424
ENSG00000130638	ATXN10	1293	1452	1487	1295	827	788	639	985
ENSG00000130640	TUBGCP2	1804	3209	3460	2369	1840	1022	839	2254
ENSG00000130643	CALY	8	21	15	19	2	7	4	4
ENSG00000130649	CYP2E1	112	64	63	48	47	82	53	52
ENSG00000130653	PNPLA7	106	108	96	71	87	188	51	111
ENSG00000130656	HBZ	0	0	0	1	0	0	0	2
ENSG00000130669	PAK4	1576	1821	2120	1385	1441	1127	854	1515
ENSG00000130675	MNX1	14	27	18	5	19	23	3	27
ENSG00000130684	ZNF337	394	698	509	464	464	405	866	325
ENSG00000130695	CEP85	496	574	769	477	405	302	269	262
ENSG00000130699	TAF4	389	433	392	393	301	356	316	303
ENSG00000130700	GATA5	1	0	0	1	0	0	0	0
ENSG00000130701	RBBP8NL	0	0	1	0	0	0	0	0
ENSG00000130702	LAMA5	2994	4613	4116	3355	4774	4355	4750	4146
ENSG00000130703	OSBPL2	553	561	524	427	351	353	396	355
ENSG00000130706	ADRM1	6382	6709	8175	6736	4805	4097	4763	6026
ENSG00000130707	ASS1	28	40	20	41	65	91	71	33
ENSG00000130711	PRDM12	11	10	15	11	7	4	10	15
ENSG00000130713	EXOSC2	611	712	845	606	613	318	463	571
ENSG00000130714	POMT1	339	479	567	394	288	201	69	228
ENSG00000130717	UCK1	1019	1118	1548	880	920	701	658	930
ENSG00000130720	FIBCD1	7	0	2	2	7	10	5	9
ENSG00000130724	CHMP2A	2738	3750	3545	2807	2496	2323	1760	2910
ENSG00000130725	UBE2M	5819	6918	7194	5480	4545	3387	3008	4815
ENSG00000130726	TRIM28	13107	14202	16459	11706	8806	6279	5418	8662
ENSG00000130731	METTL26	1330	1757	1925	1646	1135	990	1054	1374
ENSG00000130733	YIPF2	2750	3024	3397	2613	2164	1879	1520	2019
ENSG00000130734	ATG4D	452	459	467	462	339	282	241	343
ENSG00000130741	EIF2S3	7555	9812	8772	7073	6688	3954	5301	4801
ENSG00000130748	TMEM160	480	475	506	423	439	352	301	434
ENSG00000130749	ZC3H4	1005	1085	974	858	646	772	561	764
ENSG00000130751	NPAS1	18	55	69	32	69	48	4	81
ENSG00000130755	GMFG	13	7	5	10	12	27	50	25
ENSG00000130758	MAP3K10	543	437	482	307	358	361	259	360
ENSG00000130762	ARHGEF16	13	15	19	19	4	3	23	8
ENSG00000130764	LRRC47	2086	2487	2880	1896	1475	1044	1274	1447
ENSG00000130766	SESN2	401	476	578	312	213	114	392	182
ENSG00000130768	SMPDL3B	8	13	21	3	11	5	0	7
ENSG00000130770	ATP5IF1	2546	2887	2911	2719	2270	2210	1941	2510
ENSG00000130772	MED18	621	716	615	609	430	452	469	524
ENSG00000130775	THEMIS2	139	146	117	151	130	75	131	98
ENSG00000130779	CLIP1	911	1005	1200	820	601	648	738	665
ENSG00000130783	CCDC62	2	8	0	5	3	5	8	4
ENSG00000130787	HIP1R	443	551	582	404	282	258	522	265
ENSG00000130803	ZNF317	647	779	822	641	443	364	418	446
ENSG00000130810	PPAN	1541	1842	1835	1507	1355	838	1370	1286
ENSG00000130811	EIF3G	6357	7967	8871	7396	5439	3799	4891	5862
ENSG00000130812	ANGPTL6	9	7	12	6	8	8	11	10
ENSG00000130813	SHFL	420	483	576	431	365	224	263	325
ENSG00000130816	DNMT1	3309	3101	4018	2300	2026	1567	1300	1641
ENSG00000130818	ZNF426	466	557	570	428	386	504	454	341
ENSG00000130821	SLC6A8	2845	4884	4743	3387	4082	1321	2165	2855
ENSG00000130822	PNCK	9	13	13	13	21	14	3	13
ENSG00000130826	DKC1	3943	3787	4515	3346	2576	1466	1969	2202
ENSG00000130827	PLXNA3	459	781	626	395	565	555	485	645
ENSG00000130829	DUSP9	163	275	244	176	228	172	138	222
ENSG00000130830	MPP1	396	428	502	333	266	128	166	187
ENSG00000130844	ZNF331	275	309	246	239	324	197	282	206
ENSG00000130856	ZNF236	443	519	434	349	280	218	370	190
ENSG00000130881	LRP3	22	11	31	17	30	48	0	13
ENSG00000130921	MTRFR	382	525	431	466	345	425	355	364
ENSG00000130935	NOL11	816	933	1107	687	628	480	451	447
ENSG00000130939	UBE4B	1595	1752	1763	1363	1011	864	900	958
ENSG00000130940	CASZ1	6	8	20	3	14	5	3	5
ENSG00000130943	PKDREJ	3	3	5	1	6	4	1	3
ENSG00000130948	HSD17B3	20	0	0	0	11	34	0	60
ENSG00000130950	NUTM2F	0	1	2	3	1	0	0	0
ENSG00000130956	HABP4	192	265	316	178	267	176	231	270
ENSG00000130957	FBP2	6	4	4	2	4	1	8	6
ENSG00000130958	SLC35D2	616	792	799	627	596	446	553	494
ENSG00000130962	PRRG1	260	305	280	246	206	151	247	186
ENSG00000130985	UBA1	8855	9802	11001	7973	6239	5026	4989	6483
ENSG00000130988	RGN	1	0	4	0	0	2	0	0
ENSG00000130997	POLN	2	0	0	0	0	0	0	1
ENSG00000131013	PPIL4	491	605	643	507	525	382	403	430
ENSG00000131015	ULBP2	117	122	96	93	116	74	84	120
ENSG00000131016	AKAP12	2755	4792	4333	3789	5369	3357	4734	4911
ENSG00000131018	SYNE1	383	193	347	238	185	322	261	245
ENSG00000131019	ULBP3	144	199	171	138	101	128	136	124
ENSG00000131023	LATS1	564	652	559	434	427	313	301	329
ENSG00000131037	EPS8L1	15	42	14	31	14	0	9	29
ENSG00000131042	LILRB2	0	0	1	0	0	0	0	0
ENSG00000131043	AAR2	1276	1390	1325	1175	862	739	640	1032
ENSG00000131044	TTLL9	0	1	0	0	1	0	0	2
ENSG00000131051	RBM39	2733	2677	2841	2184	1667	1651	1464	1713
ENSG00000131055	COX4I2	0	0	0	0	0	0	0	0
ENSG00000131061	ZNF341	78	114	125	77	89	56	94	74
ENSG00000131067	GGT7	1120	1270	1019	793	909	960	846	1107
ENSG00000131069	ACSS2	611	668	707	548	322	359	376	402
ENSG00000131080	EDA2R	321	413	477	284	257	116	178	131
ENSG00000131089	ARHGEF9	360	249	274	240	219	160	134	224
ENSG00000131094	C1QL1	368	706	660	603	446	317	306	632
ENSG00000131095	GFAP	23	22	12	5	4	8	8	8
ENSG00000131096	PYY	1	2	1	1	0	0	0	0
ENSG00000131097	HIGD1B	5	2	3	0	2	1	1	0
ENSG00000131100	ATP6V1E1	1572	1694	1712	1496	1302	1228	1295	1332
ENSG00000131115	ZNF227	444	500	568	316	340	287	248	325
ENSG00000131116	ZNF428	786	929	975	818	721	673	358	800
ENSG00000131127	ZNF141	361	417	429	311	450	306	288	264
ENSG00000131143	COX4I1	7317	8386	8483	7635	6368	4628	5798	6364
ENSG00000131148	EMC8	691	637	754	593	626	544	634	558
ENSG00000131149	GSE1	716	901	826	443	320	299	407	285
ENSG00000131152	NA	5	7	14	5	6	0	0	0
ENSG00000131153	GINS2	385	419	506	496	445	288	344	412
ENSG00000131165	CHMP1A	1933	2000	2568	2014	1328	1081	1212	1589
ENSG00000131171	SH3BGRL	668	667	576	529	536	583	506	613
ENSG00000131174	COX7B	1415	1575	1342	1522	1445	1013	1006	1189
ENSG00000131183	SLC34A1	0	0	0	1	0	1	0	0
ENSG00000131187	F12	80	36	70	40	20	96	0	86
ENSG00000131188	PRR7	1020	1118	1256	1157	921	931	684	1065
ENSG00000131196	NFATC1	136	128	131	101	160	47	151	103
ENSG00000131203	IDO1	13	20	17	19	30	65	39	21
ENSG00000131233	GJA9	0	6	1	2	1	3	0	0
ENSG00000131236	CAP1	7478	8736	9810	7420	5881	4324	4993	5393
ENSG00000131238	PPT1	2227	2321	2449	2089	2088	1897	1697	2316
ENSG00000131242	RAB11FIP4	117	119	85	75	162	144	68	171
ENSG00000131263	RLIM	1398	1638	1534	1166	1169	739	996	831
ENSG00000131269	ABCB7	430	651	681	444	516	287	302	300
ENSG00000131323	TRAF3	927	858	1094	693	584	512	558	644
ENSG00000131351	HAUS8	224	219	268	223	135	160	131	167
ENSG00000131368	MRPS25	325	361	400	327	358	57	265	261
ENSG00000131370	SH3BP5	1089	1995	1671	1420	709	656	839	1039
ENSG00000131373	HACL1	492	535	643	424	420	232	330	379
ENSG00000131374	TBC1D5	1341	1776	1811	1318	1016	634	966	814
ENSG00000131375	CAPN7	766	740	768	565	546	382	396	449
ENSG00000131378	RFTN1	437	452	527	336	298	111	358	163
ENSG00000131379	C3orf20	0	0	1	0	0	0	1	0
ENSG00000131381	RBSN	657	735	830	560	515	365	481	451
ENSG00000131386	GALNT15	38	30	29	8	5	13	7	4
ENSG00000131389	SLC6A6	1340	2188	2285	1990	1804	811	1586	1887
ENSG00000131398	KCNC3	58	146	106	68	135	66	34	105
ENSG00000131400	NAPSA	1	1	1	0	1	4	0	3
ENSG00000131408	NR1H2	2115	2138	2314	1674	1664	1474	1290	2050
ENSG00000131409	LRRC4B	124	221	124	67	142	151	35	144
ENSG00000131435	PDLIM4	2017	2709	2247	2542	2695	2744	2871	3065
ENSG00000131437	KIF3A	659	615	633	510	387	476	433	363
ENSG00000131446	MGAT1	1852	1831	2088	1614	1150	1016	924	1115
ENSG00000131459	GFPT2	3886	3266	3668	2297	1599	1492	2601	1451
ENSG00000131462	TUBG1	2130	2044	2462	1923	1339	1132	1177	1782
ENSG00000131467	PSME3	4639	4331	5536	4427	3164	2359	2633	2852
ENSG00000131469	RPL27	22093	32371	32055	28542	30328	18345	24685	29075
ENSG00000131470	PSMC3IP	568	611	641	530	364	359	450	345
ENSG00000131471	AOC3	12	12	11	3	7	2	13	4
ENSG00000131473	ACLY	8473	8200	9538	7953	5133	4046	6059	5197
ENSG00000131475	VPS25	1735	1912	2003	1751	1186	969	1461	1379
ENSG00000131477	RAMP2	10	4	13	26	15	15	39	15
ENSG00000131480	AOC2	28	21	27	20	8	16	19	9
ENSG00000131495	NDUFA2	1680	1940	1793	1763	1387	1302	1149	1484
ENSG00000131503	ANKHD1	1634	2049	2164	1756	1453	1183	1434	1017
ENSG00000131504	DIAPH1	4251	4915	5879	4310	3554	2014	2773	2329
ENSG00000131507	NDFIP1	1856	1920	1796	2000	1658	1456	1211	1666
ENSG00000131508	UBE2D2	2496	2857	3404	3013	2082	1443	1979	1924
ENSG00000131558	EXOC4	1137	1715	1707	1161	1051	564	771	782
ENSG00000131584	ACAP3	661	741	898	639	462	683	423	512
ENSG00000131591	C1orf159	192	146	173	138	136	141	130	168
ENSG00000131620	ANO1	224	181	203	112	317	290	185	290
ENSG00000131626	PPFIA1	1064	1441	1566	1091	952	520	726	722
ENSG00000131634	TMEM204	5	0	2	1	1	20	5	0
ENSG00000131650	KREMEN2	20	44	45	41	28	4	14	17
ENSG00000131652	THOC6	1114	1528	1595	1358	926	549	886	820
ENSG00000131653	TRAF7	4351	4800	5566	4021	3216	2595	2957	3297
ENSG00000131668	BARX1	12	64	28	39	146	50	7	78
ENSG00000131669	NINJ1	173	292	301	235	203	168	154	219
ENSG00000131686	CA6	0	0	1	0	3	0	3	0
ENSG00000131697	NPHP4	296	363	385	163	157	126	102	133
ENSG00000131711	MAP1B	4420	5077	4465	4404	2769	3453	3789	2673
ENSG00000131721	RHOXF2	1	1	2	2	4	7	3	3
ENSG00000131724	IL13RA1	574	579	576	489	381	367	355	372
ENSG00000131725	WDR44	222	279	248	205	198	164	171	146
ENSG00000131730	CKMT2	0	0	0	0	0	0	3	0
ENSG00000131732	ZCCHC9	687	862	726	764	633	541	745	551
ENSG00000131737	KRT34	6	15	29	11	10	3	25	4
ENSG00000131738	KRT33B	0	0	3	0	1	0	0	0
ENSG00000131746	TNS4	11	5	19	33	15	0	10	0
ENSG00000131747	TOP2A	4636	5739	6391	4997	5016	3871	3667	4060
ENSG00000131748	STARD3	633	883	1110	611	600	396	390	600
ENSG00000131759	RARA	625	1197	1116	997	1010	462	906	810
ENSG00000131771	PPP1R1B	6	30	5	8	0	20	3	46
ENSG00000131773	KHDRBS3	24	41	27	49	69	38	46	49
ENSG00000131778	CHD1L	871	965	729	569	591	576	568	645
ENSG00000131779	PEX11B	776	760	792	614	511	592	516	566
ENSG00000131781	FMO5	6	10	12	5	6	13	2	4
ENSG00000131788	PIAS3	1209	1189	1232	948	809	658	686	842
ENSG00000131791	PRKAB2	541	607	579	373	571	301	689	266
ENSG00000131828	PDHA1	1152	1399	1473	1236	844	608	760	820
ENSG00000131831	RAI2	1	1	0	0	3	4	0	3
ENSG00000131844	MCCC2	2230	2051	2349	1729	1354	1040	1010	1214
ENSG00000131845	ZNF304	220	198	188	141	161	132	114	138
ENSG00000131848	ZSCAN5A	247	200	230	170	138	107	74	159
ENSG00000131849	ZNF132	8	0	4	4	2	1	0	8
ENSG00000131864	USP29	0	0	0	0	0	0	0	1
ENSG00000131871	SELENOS	805	768	753	817	652	572	584	761
ENSG00000131873	CHSY1	1499	1474	1450	1224	1178	1143	905	1098
ENSG00000131876	SNRPA1	1170	1221	1306	1133	824	749	996	922
ENSG00000131899	LLGL1	1465	1460	1906	1579	1077	785	867	1018
ENSG00000131910	NR0B2	0	0	0	0	0	0	1	0
ENSG00000131914	LIN28A	5	4	3	5	1	6	3	2
ENSG00000131931	THAP1	182	235	185	206	147	104	127	138
ENSG00000131941	RHPN2	271	552	681	418	374	74	257	184
ENSG00000131943	C19orf12	627	585	641	449	427	398	256	448
ENSG00000131944	FAAP24	155	166	200	85	128	92	109	154
ENSG00000131951	LRRC9	0	0	0	0	0	0	0	0
ENSG00000131966	ACTR10	243	238	285	211	170	167	147	195
ENSG00000131969	ABHD12B	0	0	0	2	0	0	0	5
ENSG00000131979	GCH1	97	69	123	82	7	67	61	4
ENSG00000131981	LGALS3	1132	1440	1407	1424	1097	704	967	1289
ENSG00000132000	PODNL1	80	53	26	9	26	111	3	40
ENSG00000132002	DNAJB1	4083	5729	4741	3607	9977	2178	6720	3668
ENSG00000132003	ZSWIM4	450	365	424	257	240	326	253	274
ENSG00000132004	FBXW9	820	1041	1142	760	706	545	389	756
ENSG00000132005	RFX1	578	670	674	516	417	347	360	363
ENSG00000132010	ZNF20	81	94	78	51	99	69	36	44
ENSG00000132016	BRME1	95	88	137	76	85	57	29	70
ENSG00000132017	DCAF15	1154	1206	1251	1020	847	904	729	1001
ENSG00000132024	CC2D1A	981	997	1297	793	678	637	570	721
ENSG00000132026	RTBDN	7	5	4	4	3	9	5	8
ENSG00000132031	MATN3	114	108	95	161	60	55	40	37
ENSG00000132109	TRIM21	172	175	154	153	114	112	115	117
ENSG00000132122	SPATA6	221	259	206	222	211	301	175	314
ENSG00000132128	LRRC41	2263	2775	2970	2086	1758	1297	1347	1782
ENSG00000132141	CCT6B	21	25	28	31	22	14	13	24
ENSG00000132153	DHX30	3610	3700	4332	3073	2649	1907	2151	2693
ENSG00000132155	RAF1	1387	1504	1712	1260	906	478	822	1087
ENSG00000132164	SLC6A11	5	5	15	7	3	3	1	1
ENSG00000132170	PPARG	149	276	283	156	174	135	115	270
ENSG00000132182	NUP210	225	443	682	294	227	46	49	93
ENSG00000132185	FCRLA	42	34	34	19	18	11	20	31
ENSG00000132196	HSD17B7	219	288	270	217	213	161	330	203
ENSG00000132199	ENOSF1	161	240	196	175	154	71	156	156
ENSG00000132205	EMILIN2	99	73	68	82	50	55	44	92
ENSG00000132254	ARFIP2	1694	2071	2368	1862	1423	896	916	1361
ENSG00000132256	TRIM5	230	231	201	155	189	156	148	146
ENSG00000132259	CNGA4	0	0	1	0	2	2	1	0
ENSG00000132274	TRIM22	41	8	58	46	17	41	22	11
ENSG00000132275	RRP8	275	309	247	228	219	176	178	182
ENSG00000132286	TIMM10B	449	469	512	408	382	283	355	381
ENSG00000132294	EFR3A	632	618	639	548	424	374	345	480
ENSG00000132300	PTCD3	727	828	780	678	560	609	541	651
ENSG00000132305	IMMT	3073	3876	4432	3109	2226	1596	1840	2199
ENSG00000132313	MRPL35	1164	1194	1307	1038	845	752	784	858
ENSG00000132321	IQCA1	2	0	0	0	0	2	0	0
ENSG00000132323	ILKAP	378	409	455	436	331	240	293	323
ENSG00000132326	PER2	82	113	161	96	103	66	75	73
ENSG00000132329	RAMP1	247	306	346	240	124	100	92	176
ENSG00000132330	SCLY	336	412	383	301	185	174	169	230
ENSG00000132334	PTPRE	491	353	489	263	256	408	373	306
ENSG00000132341	RAN	9893	11231	10754	10851	6571	6050	8795	7989
ENSG00000132356	PRKAA1	1656	1687	1774	1623	1126	1017	1107	1316
ENSG00000132357	CARD6	208	147	156	116	121	175	103	113
ENSG00000132359	RAP1GAP2	638	854	1025	830	652	180	538	246
ENSG00000132361	CLUH	3616	3866	5038	3525	2248	1679	2366	2022
ENSG00000132376	INPP5K	750	729	805	660	579	535	342	637
ENSG00000132382	MYBBP1A	3230	3694	4670	2655	2541	1460	1705	2092
ENSG00000132383	RPA1	2567	3101	3456	2627	1955	1549	1557	1978
ENSG00000132386	SERPINF1	1366	1476	906	773	741	1009	249	1089
ENSG00000132388	UBE2G1	1422	1312	1284	1207	867	765	878	850
ENSG00000132394	EEFSEC	539	721	777	544	468	346	337	552
ENSG00000132405	TBC1D14	1583	1510	1748	1368	1134	830	948	1088
ENSG00000132406	TMEM128	378	475	461	436	389	320	303	383
ENSG00000132423	COQ3	175	204	225	220	135	113	105	143
ENSG00000132424	PNISR	1679	2358	2018	1930	1591	2366	1879	1162
ENSG00000132429	POPDC3	111	161	141	169	101	102	123	119
ENSG00000132432	SEC61G	1890	2721	2494	2505	1865	1337	1928	1786
ENSG00000132434	LANCL2	725	622	741	536	407	331	322	390
ENSG00000132436	FIGNL1	369	325	308	306	231	281	257	304
ENSG00000132437	DDC	0	0	0	0	0	0	0	0
ENSG00000132463	GRSF1	1211	1497	1538	1360	1072	729	747	1049
ENSG00000132464	ENAM	0	1	1	0	0	1	0	0
ENSG00000132465	JCHAIN	0	0	0	0	0	0	0	0
ENSG00000132466	ANKRD17	2102	2298	2197	1723	1507	1639	1458	1458
ENSG00000132467	UTP3	1126	1110	1161	975	704	669	749	749
ENSG00000132470	ITGB4	1664	2527	1498	1522	2857	5239	934	9183
ENSG00000132471	WBP2	2409	2974	3172	2480	2033	1714	2357	2180
ENSG00000132475	H3-3B	13901	16955	18998	15468	12973	9738	12533	12969
ENSG00000132478	UNK	415	510	614	414	436	359	460	404
ENSG00000132481	TRIM47	567	649	699	610	426	412	405	571
ENSG00000132485	ZRANB2	2630	3064	3173	2576	2196	2089	1733	2034
ENSG00000132507	EIF5A	29279	31785	36194	33483	20216	14939	18838	22009
ENSG00000132510	KDM6B	956	1385	1258	909	970	798	1118	767
ENSG00000132514	CLEC10A	0	0	0	0	0	0	0	0
ENSG00000132517	SLC52A1	19	30	17	15	17	25	33	12
ENSG00000132518	GUCY2D	0	1	0	0	0	0	0	0
ENSG00000132522	GPS2	2447	2771	3105	2387	1590	1157	1295	1494
ENSG00000132530	XAF1	51	21	25	0	23	68	18	19
ENSG00000132535	DLG4	616	1262	984	811	685	667	535	790
ENSG00000132541	RIDA	357	322	341	388	209	180	190	208
ENSG00000132549	VPS13B	216	411	375	234	333	140	184	214
ENSG00000132554	RGS22	1	0	0	0	0	0	0	0
ENSG00000132561	MATN2	33	35	15	5	32	88	8	93
ENSG00000132563	REEP2	744	809	806	601	635	625	323	724
ENSG00000132570	PCBD2	249	236	289	207	184	185	141	189
ENSG00000132581	SDF2	344	412	366	325	348	324	237	456
ENSG00000132589	FLOT2	2267	2825	3399	2125	1493	1128	944	1759
ENSG00000132591	ERAL1	1250	1401	1592	1355	938	760	851	913
ENSG00000132600	PRMT7	376	451	503	375	262	226	190	399
ENSG00000132603	NIP7	3305	3354	3725	3005	2270	1688	2180	2158
ENSG00000132604	TERF2	1015	1234	1253	933	788	564	731	737
ENSG00000132612	VPS4A	2465	2797	3038	2317	1810	1042	1690	1845
ENSG00000132613	MTSS2	2013	2752	3155	2316	1441	832	1837	993
ENSG00000132622	HSPA12B	51	18	38	42	20	10	18	23
ENSG00000132623	ANKEF1	350	298	348	267	235	266	106	209
ENSG00000132631	SCP2D1	0	0	0	0	0	0	0	0
ENSG00000132635	PCED1A	1331	1344	1210	1061	924	1184	1078	1249
ENSG00000132639	SNAP25	218	137	125	88	77	143	37	109
ENSG00000132640	BTBD3	1089	1193	986	1001	947	925	776	976
ENSG00000132646	PCNA	3411	3476	3667	3762	2799	2192	2648	2831
ENSG00000132661	NXT1	423	468	480	455	416	381	340	451
ENSG00000132664	POLR3F	375	424	465	408	325	278	274	336
ENSG00000132669	RIN2	11	44	41	54	43	14	23	14
ENSG00000132670	PTPRA	1701	1960	2034	1551	1425	1099	1186	1464
ENSG00000132676	DAP3	3633	4265	3852	3244	2907	2255	3018	3069
ENSG00000132677	RHBG	0	0	0	0	0	0	0	0
ENSG00000132680	KHDC4	1812	2195	1677	1407	1663	1529	2025	1254
ENSG00000132688	NES	2326	1592	743	739	2329	3642	1756	4390
ENSG00000132692	BCAN	0	12	3	13	7	3	2	1
ENSG00000132693	CRP	0	0	0	0	2	0	0	1
ENSG00000132694	ARHGEF11	1305	1050	1079	822	819	648	565	709
ENSG00000132698	RAB25	0	0	0	0	0	3	0	2
ENSG00000132702	HAPLN2	0	1	3	6	3	0	0	0
ENSG00000132703	APCS	0	0	0	0	0	0	0	0
ENSG00000132716	DCAF8	2750	2693	2727	2040	1736	1796	1991	1702
ENSG00000132718	SYT11	1459	1177	1141	824	1138	814	732	1166
ENSG00000132740	IGHMBP2	232	238	360	227	254	107	129	107
ENSG00000132744	ACY3	1	4	7	1	1	1	2	2
ENSG00000132749	TESMIN	38	94	116	80	82	5	36	28
ENSG00000132763	MMACHC	468	443	517	392	366	304	286	370
ENSG00000132768	DPH2	1546	1463	1564	1100	734	619	644	626
ENSG00000132773	TOE1	438	415	528	417	232	231	261	292
ENSG00000132780	NASP	2700	2790	3020	2615	1829	1797	1619	1970
ENSG00000132781	MUTYH	217	322	275	253	213	169	207	220
ENSG00000132792	CTNNBL1	875	996	1040	924	697	458	579	702
ENSG00000132793	LPIN3	123	177	178	123	114	77	107	84
ENSG00000132801	ZSWIM3	138	131	144	117	64	98	82	123
ENSG00000132819	RBM38	480	526	521	474	322	216	316	330
ENSG00000132821	VSTM2L	5	5	15	6	8	0	0	3
ENSG00000132823	OSER1	882	1289	1263	969	977	597	781	771
ENSG00000132824	SERINC3	3418	4088	3631	3417	3093	2341	2588	2881
ENSG00000132825	PPP1R3D	255	236	205	142	236	193	152	228
ENSG00000132837	DMGDH	0	0	0	0	1	0	0	0
ENSG00000132840	BHMT2	3	5	6	4	6	6	5	8
ENSG00000132842	AP3B1	1287	1365	1637	1113	1003	578	642	721
ENSG00000132846	ZBED3	540	571	677	385	278	270	253	296
ENSG00000132849	PATJ	107	212	138	107	111	65	83	70
ENSG00000132854	KANK4	12	2	4	5	0	6	0	0
ENSG00000132855	ANGPTL3	0	0	0	2	0	0	0	5
ENSG00000132872	SYT4	0	0	0	0	0	11	0	0
ENSG00000132874	SLC14A2	28	27	23	34	17	19	57	15
ENSG00000132879	FBXO44	183	336	351	240	246	268	189	240
ENSG00000132881	CPLANE2	96	111	133	101	67	42	34	68
ENSG00000132906	CASP9	296	337	372	290	270	196	252	242
ENSG00000132912	DCTN4	1245	1487	1509	1091	1162	1228	1163	1113
ENSG00000132915	PDE6A	0	62	44	58	52	98	97	33
ENSG00000132932	ATP8A2	20	12	0	0	18	19	11	0
ENSG00000132938	MTUS2	10	11	13	14	17	3	8	8
ENSG00000132950	ZMYM5	191	211	214	166	146	172	103	173
ENSG00000132952	USPL1	264	255	223	229	230	199	224	264
ENSG00000132953	XPO4	615	580	689	452	429	316	416	333
ENSG00000132958	TPTE2	2	2	7	5	0	2	2	2
ENSG00000132963	POMP	3299	3174	3388	2882	2190	2259	1871	2959
ENSG00000132964	CDK8	282	310	352	206	241	86	145	153
ENSG00000132965	ALOX5AP	53	61	46	65	42	20	61	52
ENSG00000132970	WASF3	232	245	306	171	193	109	153	124
ENSG00000132972	RNF17	0	0	0	0	0	0	0	0
ENSG00000132975	GPR12	0	1	0	0	0	0	0	0
ENSG00000133019	CHRM3	40	53	8	15	166	230	4	169
ENSG00000133020	MYH8	7	13	12	14	12	5	13	13
ENSG00000133026	MYH10	1890	2498	2633	1923	1875	783	1408	575
ENSG00000133027	PEMT	638	660	802	551	492	283	340	636
ENSG00000133028	SCO1	1959	2112	2216	1566	1209	989	1041	1232
ENSG00000133030	MPRIP	3953	4760	5513	4034	3670	2537	3396	3043
ENSG00000133048	CHI3L1	41	73	8	104	74	91	20	180
ENSG00000133055	MYBPH	34	15	5	15	1	42	1	50
ENSG00000133056	PIK3C2B	168	155	124	134	82	113	81	89
ENSG00000133059	DSTYK	817	894	769	632	619	541	506	494
ENSG00000133063	CHIT1	1	0	0	3	1	1	0	0
ENSG00000133065	SLC41A1	773	750	844	447	531	277	399	411
ENSG00000133067	LGR6	416	191	104	233	151	214	39	453
ENSG00000133069	TMCC2	156	120	132	90	104	69	53	69
ENSG00000133083	DCLK1	60	54	60	23	39	27	27	15
ENSG00000133101	CCNA1	192	81	91	44	66	70	28	144
ENSG00000133103	COG6	411	440	365	340	290	216	225	260
ENSG00000133104	SPART	953	1130	1050	877	745	890	779	903
ENSG00000133105	RXFP2	18	13	13	5	1	0	1	2
ENSG00000133106	EPSTI1	48	49	24	31	26	31	6	10
ENSG00000133107	TRPC4	374	414	365	136	16	5	8	23
ENSG00000133110	POSTN	689	250	200	140	76	100	31	39
ENSG00000133111	RFXAP	189	175	159	130	108	108	102	131
ENSG00000133112	TPT1	22885	33556	28994	26411	34751	24634	23379	32331
ENSG00000133114	GPALPP1	155	164	174	156	152	147	135	140
ENSG00000133115	STOML3	0	0	0	0	1	0	0	0
ENSG00000133116	KL	0	0	1	0	0	0	0	0
ENSG00000133119	RFC3	756	792	887	713	687	574	527	758
ENSG00000133121	STARD13	218	313	246	193	351	235	183	221
ENSG00000133124	IRS4	2	0	1	0	4	2	0	0
ENSG00000133131	MORC4	503	413	305	188	357	466	262	701
ENSG00000133134	BEX2	48	66	57	40	73	30	40	53
ENSG00000133135	RNF128	99	96	15	29	292	395	36	623
ENSG00000133136	GNG5P2	0	0	0	0	0	0	0	0
ENSG00000133138	TBC1D8B	365	366	308	214	372	269	291	175
ENSG00000133142	TCEAL4	1185	1419	1333	1133	1197	959	913	1201
ENSG00000133169	BEX1	3	0	1	0	0	0	0	3
ENSG00000133193	FAM104A	854	882	1028	716	631	519	530	657
ENSG00000133195	SLC39A11	327	346	340	304	289	242	254	239
ENSG00000133216	EPHB2	986	531	581	472	563	237	521	227
ENSG00000133226	SRRM1	1978	2497	2860	2134	1657	1691	1985	1458
ENSG00000133243	BTBD2	1757	2515	2789	2099	1410	858	885	1658
ENSG00000133246	PRAM1	1	5	0	5	0	0	2	1
ENSG00000133247	KMT5C	156	171	181	104	160	257	169	141
ENSG00000133250	ZNF414	410	514	574	456	374	296	318	406
ENSG00000133256	PDE6B	84	140	150	73	43	34	44	52
ENSG00000133265	HSPBP1	2155	2340	2583	2175	1679	1521	1190	2003
ENSG00000133275	CSNK1G2	1588	1818	2031	1728	1252	1171	1325	1429
ENSG00000133302	SLF1	454	371	424	352	247	331	331	250
ENSG00000133313	CNDP2	2792	2990	3416	2333	1453	648	1799	837
ENSG00000133315	MACROD1	678	1077	1187	1051	876	609	605	960
ENSG00000133316	WDR74	1853	2117	2109	2029	1469	1114	1245	1738
ENSG00000133317	LGALS12	9	13	15	11	5	0	0	0
ENSG00000133318	RTN3	2139	2594	2811	2552	1972	1667	1580	2308
ENSG00000133321	PLAAT4	24	28	32	26	11	20	12	13
ENSG00000133328	PLAAT2	0	6	0	1	0	0	2	2
ENSG00000133392	MYH11	10	5	3	10	18	18	9	4
ENSG00000133393	CEP20	763	840	954	755	583	439	633	486
ENSG00000133398	MED10	1286	1456	1477	1367	1040	663	1020	1052
ENSG00000133401	PDZD2	221	349	374	198	176	37	96	34
ENSG00000133422	MORC2	535	544	612	349	417	327	276	290
ENSG00000133424	LARGE1	17	16	12	16	21	13	17	19
ENSG00000133433	GSTT2B	55	70	40	58	44	64	41	38
ENSG00000133454	MYO18B	0	0	2	0	0	0	2	0
ENSG00000133460	SLC2A11	95	120	145	82	90	68	86	65
ENSG00000133466	C1QTNF6	420	634	530	477	136	131	87	102
ENSG00000133477	FAM83F	2	9	1	8	2	3	4	2
ENSG00000133488	SEC14L4	0	35	35	0	51	42	19	47
ENSG00000133561	GIMAP6	7	6	3	18	1	0	6	0
ENSG00000133574	GIMAP4	0	0	0	2	0	0	0	0
ENSG00000133597	ADCK2	595	767	789	681	523	306	310	454
ENSG00000133606	MKRN1	1896	2544	2728	1944	1597	1282	1241	1596
ENSG00000133612	AGAP3	2205	2308	2542	2258	1687	1558	1753	1622
ENSG00000133619	KRBA1	295	337	403	275	235	190	182	205
ENSG00000133627	ACTR3B	365	378	390	301	207	198	192	295
ENSG00000133636	NTS	50	34	47	37	7	17	6	18
ENSG00000133639	BTG1	810	1819	1482	1205	1442	658	1021	1166
ENSG00000133640	LRRIQ1	24	42	22	20	26	85	36	32
ENSG00000133641	C12orf29	586	529	540	499	344	280	315	345
ENSG00000133657	ATP13A3	885	1143	1500	795	639	292	481	419
ENSG00000133661	SFTPD	0	0	0	1	0	1	0	2
ENSG00000133665	DYDC2	1	0	2	3	0	1	0	1
ENSG00000133678	TMEM254	285	400	319	242	235	198	156	290
ENSG00000133687	TMTC1	70	57	27	32	34	117	21	29
ENSG00000133703	KRAS	835	959	893	721	564	464	575	459
ENSG00000133704	IPO8	1494	1602	1717	1222	959	833	954	797
ENSG00000133706	LARS1	3427	4223	3889	2927	2531	2007	2164	2189
ENSG00000133710	SPINK5	0	3	0	0	0	0	0	0
ENSG00000133731	IMPA1	733	775	814	629	512	498	510	526
ENSG00000133739	LRRCC1	199	196	201	190	221	194	218	141
ENSG00000133740	E2F5	317	435	307	269	224	159	132	274
ENSG00000133742	CA1	0	0	0	0	0	0	0	0
ENSG00000133773	CCDC59	240	312	393	342	298	204	386	248
ENSG00000133789	SWAP70	499	682	761	595	598	249	480	315
ENSG00000133794	ARNTL	121	142	158	107	90	56	79	98
ENSG00000133800	LYVE1	0	0	0	0	0	0	0	1
ENSG00000133805	AMPD3	123	152	179	111	125	149	186	153
ENSG00000133812	SBF2	258	302	415	159	154	118	117	147
ENSG00000133816	MICAL2	78	70	142	44	44	8	32	13
ENSG00000133818	RRAS2	553	708	731	693	495	253	393	336
ENSG00000133835	HSD17B4	1340	1427	1559	972	916	518	651	711
ENSG00000133858	ZFC3H1	1212	1519	1203	845	701	791	809	754
ENSG00000133863	TEX15	0	0	0	1	1	2	0	0
ENSG00000133872	SARAF	1446	1447	1552	1385	1242	877	653	1365
ENSG00000133874	RNF122	4	28	24	14	55	23	25	32
ENSG00000133878	DUSP26	0	0	0	0	0	0	0	1
ENSG00000133884	DPF2	1035	1158	1290	1072	808	676	644	1090
ENSG00000133895	MEN1	1538	1556	1729	1464	941	902	663	1189
ENSG00000133935	ERG28	562	471	593	645	349	352	413	416
ENSG00000133937	GSC	3	4	4	2	6	21	3	12
ENSG00000133943	DGLUCY	272	318	308	300	214	232	193	203
ENSG00000133958	UNC79	6	12	1	2	4	5	4	1
ENSG00000133961	NUMB	711	686	810	578	592	667	592	720
ENSG00000133980	VRTN	0	0	0	0	0	0	0	0
ENSG00000133983	COX16	647	683	579	635	443	393	414	494
ENSG00000133985	TTC9	3	11	10	20	14	1	3	7
ENSG00000133997	MED6	629	645	688	602	447	345	371	429
ENSG00000134001	EIF2S1	1769	2167	2509	1818	1430	1062	1150	1335
ENSG00000134007	ADAM20	0	2	1	1	2	3	3	0
ENSG00000134013	LOXL2	2135	3763	4066	2958	2890	755	1586	1508
ENSG00000134014	ELP3	601	742	821	700	526	298	356	410
ENSG00000134020	PEBP4	0	2	0	0	0	0	0	0
ENSG00000134030	CTIF	500	749	839	826	707	198	944	271
ENSG00000134042	MRO	11	14	20	9	17	21	34	5
ENSG00000134046	MBD2	2262	2533	2779	2189	1291	735	1623	943
ENSG00000134049	IER3IP1	1004	1041	992	1216	1047	635	1260	835
ENSG00000134056	MRPS36	540	517	541	497	430	416	402	409
ENSG00000134057	CCNB1	3349	3714	3945	3590	2342	1670	1701	2104
ENSG00000134058	CDK7	970	1347	1220	1091	905	685	761	810
ENSG00000134061	CD180	68	64	75	57	51	86	70	41
ENSG00000134070	IRAK2	307	332	352	244	249	119	310	232
ENSG00000134072	CAMK1	142	135	109	109	132	104	103	105
ENSG00000134077	THUMPD3	1117	1265	1385	1066	965	518	741	846
ENSG00000134086	VHL	1972	2184	2290	1896	1469	1145	1646	1199
ENSG00000134107	BHLHE40	657	3605	2819	2304	4279	1088	2904	2330
ENSG00000134108	ARL8B	1278	1620	1608	1401	1172	615	963	983
ENSG00000134109	EDEM1	2151	2682	2427	1890	2057	1419	1723	2946
ENSG00000134115	CNTN6	0	0	2	0	0	0	0	0
ENSG00000134121	CHL1	3	10	1	3	10	7	0	4
ENSG00000134138	MEIS2	284	261	302	262	193	236	119	131
ENSG00000134146	DPH6	308	376	363	341	267	171	250	208
ENSG00000134152	KATNBL1	453	417	418	412	343	294	275	361
ENSG00000134153	EMC7	1589	1593	1767	1709	1502	1189	1241	1553
ENSG00000134160	TRPM1	0	0	0	0	0	1	0	0
ENSG00000134183	GNAT2	4	2	5	1	1	1	1	2
ENSG00000134184	GSTM1	688	772	769	657	558	429	360	703
ENSG00000134186	PRPF38B	2203	2620	2409	2105	1798	1831	1947	1302
ENSG00000134193	REG4	1	2	5	3	4	1	2	3
ENSG00000134198	TSPAN2	44	48	69	28	35	6	12	17
ENSG00000134201	GSTM5	9	8	4	11	9	21	10	12
ENSG00000134202	GSTM3	158	290	343	210	235	120	124	144
ENSG00000134207	SYT6	1	0	0	0	0	1	0	1
ENSG00000134215	VAV3	14	29	11	21	25	18	11	3
ENSG00000134222	PSRC1	574	700	803	741	496	337	363	405
ENSG00000134240	HMGCS2	97	73	61	28	24	10	8	12
ENSG00000134242	PTPN22	283	197	179	109	52	84	110	97
ENSG00000134243	SORT1	809	953	1151	833	716	475	515	552
ENSG00000134245	WNT2B	56	98	49	53	59	47	77	35
ENSG00000134247	PTGFRN	2646	2286	2404	1671	2426	2190	1063	2984
ENSG00000134248	LAMTOR5	1871	2385	2259	2014	1524	1276	1458	1840
ENSG00000134250	NOTCH2	2886	3511	3286	2439	2608	1341	1925	1775
ENSG00000134253	TRIM45	123	166	121	100	106	137	142	103
ENSG00000134255	CEPT1	492	753	681	545	435	339	390	417
ENSG00000134256	CD101	19	13	9	7	13	10	3	15
ENSG00000134258	VTCN1	0	0	1	0	0	0	0	0
ENSG00000134259	NGF	1	3	9	1	4	0	3	2
ENSG00000134262	AP4B1	527	453	543	314	269	271	310	347
ENSG00000134265	NAPG	414	439	470	539	386	276	329	338
ENSG00000134278	SPIRE1	475	532	602	477	425	182	421	287
ENSG00000134283	PPHLN1	1411	1436	1627	1355	774	854	831	973
ENSG00000134285	FKBP11	362	476	491	442	242	243	214	311
ENSG00000134287	ARF3	6606	6630	7451	6268	3419	3915	3433	4225
ENSG00000134291	TMEM106C	1386	1627	1666	1483	1210	1096	1223	1290
ENSG00000134294	SLC38A2	6648	7816	7532	6337	5154	4533	5468	5188
ENSG00000134308	YWHAQ	8669	10010	11127	9625	7143	4481	5554	5927
ENSG00000134313	KIDINS220	792	1003	953	734	682	546	469	509
ENSG00000134317	GRHL1	25	13	8	7	13	10	3	20
ENSG00000134318	ROCK2	1683	1936	2069	1563	1405	988	1044	1032
ENSG00000134321	RSAD2	23	22	10	10	24	50	9	9
ENSG00000134323	MYCN	2	0	1	1	0	0	1	0
ENSG00000134324	LPIN1	1267	1208	1540	1157	726	645	1260	569
ENSG00000134326	CMPK2	35	7	30	20	20	16	12	19
ENSG00000134330	IAH1	572	908	858	766	676	679	718	781
ENSG00000134333	LDHA	19856	37742	38380	33026	22834	9758	16477	21227
ENSG00000134339	SAA2	3	0	3	1	2	2	0	0
ENSG00000134343	ANO3	84	73	93	72	47	62	94	42
ENSG00000134352	IL6ST	1440	1860	2277	1161	1302	750	722	617
ENSG00000134363	FST	235	1828	2873	2378	1770	89	545	808
ENSG00000134365	CFHR4	0	0	0	1	1	0	1	3
ENSG00000134369	NAV1	3376	3280	2614	2111	2429	2146	2389	2244
ENSG00000134371	CDC73	969	1125	849	828	726	641	632	669
ENSG00000134375	TIMM17A	1724	1856	1753	1589	1209	985	1179	1258
ENSG00000134376	CRB1	0	2	0	0	0	0	1	0
ENSG00000134389	CFHR5	0	0	0	0	0	0	0	0
ENSG00000134398	ERN2	0	0	0	0	1	0	0	0
ENSG00000134419	RPS15A	11713	19180	17275	15060	16678	10030	14464	15741
ENSG00000134440	NARS1	5971	6946	7429	4883	3593	1919	4067	2232
ENSG00000134443	GRP	0	0	0	1	0	0	0	0
ENSG00000134444	RELCH	627	732	830	552	405	211	524	203
ENSG00000134452	FBH1	843	977	1014	686	584	525	504	641
ENSG00000134453	RBM17	1001	1101	1265	1025	789	576	783	666
ENSG00000134461	ANKRD16	218	234	247	217	158	126	111	195
ENSG00000134463	ECHDC3	0	0	0	0	0	0	0	0
ENSG00000134470	IL15RA	34	24	37	15	13	28	49	42
ENSG00000134480	CCNH	840	1241	1221	1068	827	663	723	796
ENSG00000134489	HRH4	1	11	1	1	4	2	4	0
ENSG00000134490	TMEM241	143	96	120	107	38	16	100	33
ENSG00000134504	KCTD1	389	489	537	346	223	163	202	175
ENSG00000134508	CABLES1	681	1183	1182	617	447	147	248	221
ENSG00000134516	DOCK2	114	211	264	158	106	44	68	110
ENSG00000134531	EMP1	3442	4063	4374	3932	3498	3157	3451	3640
ENSG00000134532	SOX5	968	481	318	310	926	1320	369	1580
ENSG00000134533	RERG	1	1	0	18	2	8	5	4
ENSG00000134538	SLCO1B1	13	17	11	9	5	2	14	3
ENSG00000134539	KLRD1	14	22	16	14	17	28	27	16
ENSG00000134545	KLRC1	9	3	1	3	2	3	4	3
ENSG00000134548	SPX	0	10	10	0	4	4	7	3
ENSG00000134551	PRH2	1	3	10	2	3	5	5	10
ENSG00000134569	LRP4	160	163	159	96	141	76	58	102
ENSG00000134571	MYBPC3	0	0	0	0	0	0	0	0
ENSG00000134574	DDB2	806	919	1396	896	582	210	386	349
ENSG00000134575	ACP2	772	686	771	634	543	600	513	621
ENSG00000134590	RTL8C	2526	2585	2721	2242	1609	1563	1384	2075
ENSG00000134594	RAB33A	2	3	6	2	2	0	3	0
ENSG00000134595	SOX3	0	0	1	0	0	0	0	0
ENSG00000134597	RBMX2	662	800	771	732	610	611	717	573
ENSG00000134602	STK26	179	254	264	256	185	112	200	118
ENSG00000134627	PIWIL4	0	0	0	0	0	0	0	0
ENSG00000134644	PUM1	1656	2020	2163	1503	1464	1212	1241	1233
ENSG00000134668	SPOCD1	187	142	174	123	109	114	110	97
ENSG00000134684	YARS1	2547	3221	3786	2532	1748	1151	1852	1556
ENSG00000134686	PHC2	6914	7065	7365	6319	5167	6182	4843	6481
ENSG00000134690	CDCA8	1003	1110	1293	1035	691	469	608	524
ENSG00000134697	GNL2	2512	3118	3727	2274	1908	1348	1521	1819
ENSG00000134698	AGO4	247	313	341	278	257	231	294	196
ENSG00000134709	HOOK1	0	2	1	1	1	0	0	0
ENSG00000134716	CYP2J2	0	7	4	0	0	0	0	4
ENSG00000134717	BTF3L4	1607	1754	1846	1396	1288	1179	1009	1291
ENSG00000134744	TUT4	733	917	893	652	570	494	473	503
ENSG00000134748	PRPF38A	1850	2210	2339	1883	1348	1200	1158	1304
ENSG00000134755	DSC2	149	185	120	73	164	94	131	120
ENSG00000134757	DSG3	6	10	5	17	14	20	15	9
ENSG00000134758	RNF138	1487	1785	1977	1444	998	531	1039	735
ENSG00000134759	ELP2	1701	2623	2557	1798	1145	646	1179	855
ENSG00000134760	DSG1	4	2	0	3	0	3	0	2
ENSG00000134762	DSC3	340	258	118	105	333	223	209	400
ENSG00000134765	DSC1	0	1	0	0	0	0	0	0
ENSG00000134769	DTNA	669	927	783	332	195	169	213	191
ENSG00000134775	FHOD3	1443	909	879	531	473	295	379	399
ENSG00000134779	TPGS2	1976	2704	2985	2062	1424	683	1312	1142
ENSG00000134780	DAGLA	239	167	237	184	137	122	107	182
ENSG00000134802	SLC43A3	3264	5095	5404	3866	3391	1889	2775	3123
ENSG00000134809	TIMM10	940	916	970	1042	747	636	639	778
ENSG00000134815	DHX34	793	742	880	560	438	331	315	486
ENSG00000134817	APLNR	2	0	0	0	0	0	0	0
ENSG00000134824	FADS2	730	770	1008	772	470	213	503	326
ENSG00000134825	TMEM258	2324	2801	2476	2620	2170	2279	2389	2991
ENSG00000134827	TCN1	3	0	4	2	3	0	0	2
ENSG00000134830	C5AR2	36	42	41	30	41	51	61	33
ENSG00000134851	TMEM165	1728	1584	1624	1601	1182	1277	1000	1323
ENSG00000134852	CLOCK	835	836	781	654	498	550	566	430
ENSG00000134853	PDGFRA	50	18	20	31	48	94	12	58
ENSG00000134864	GGACT	46	61	73	32	32	69	28	84
ENSG00000134871	COL4A2	2319	2132	2775	1695	2978	2046	2050	2548
ENSG00000134873	CLDN10	3	1	0	5	4	7	1	1
ENSG00000134874	DZIP1	1201	1196	1160	843	843	845	650	866
ENSG00000134882	UBAC2	874	1021	964	671	552	223	367	385
ENSG00000134884	ARGLU1	495	628	567	538	364	389	365	369
ENSG00000134897	BIVM	820	820	773	576	476	707	583	783
ENSG00000134899	ERCC5	709	717	869	443	361	511	231	639
ENSG00000134900	TPP2	608	740	715	399	331	260	280	224
ENSG00000134901	POGLUT2	436	374	339	212	231	368	199	585
ENSG00000134905	CARS2	765	1037	931	632	868	594	591	907
ENSG00000134909	ARHGAP32	557	542	476	457	571	590	357	622
ENSG00000134910	STT3A	1671	2113	2043	1661	1458	985	1213	1563
ENSG00000134917	ADAMTS8	1	1	0	0	1	0	0	0
ENSG00000134940	ACRV1	6	13	5	2	9	2	6	8
ENSG00000134954	ETS1	1718	3279	3802	2673	2640	697	2556	947
ENSG00000134955	SLC37A2	138	226	242	257	144	82	123	131
ENSG00000134962	KLB	12	5	6	12	5	8	18	17
ENSG00000134970	TMED7	2736	3224	3329	3120	2364	1798	1725	2015
ENSG00000134982	APC	740	715	655	527	426	465	396	493
ENSG00000134986	NREP	1368	964	671	776	768	1887	611	1201
ENSG00000134987	WDR36	1095	1327	1332	1062	894	697	898	768
ENSG00000134996	OSTF1	407	345	409	352	367	307	397	360
ENSG00000135002	RFK	661	700	712	622	584	463	636	512
ENSG00000135018	UBQLN1	3037	3827	4518	2742	2655	1772	2447	2303
ENSG00000135040	NAA35	709	806	1054	596	678	508	469	621
ENSG00000135045	C9orf40	427	457	443	371	375	277	321	339
ENSG00000135046	ANXA1	6395	9260	11700	7525	7753	6022	5170	6825
ENSG00000135047	CTSL	987	1186	1127	1100	992	956	1018	1083
ENSG00000135048	CEMIP2	541	357	254	198	468	625	248	718
ENSG00000135049	AGTPBP1	343	513	596	332	292	171	267	254
ENSG00000135052	GOLM1	2364	2504	2834	2024	1876	1545	1554	1880
ENSG00000135063	FAM189A2	1	0	0	0	7	0	0	3
ENSG00000135069	PSAT1	1374	1560	1892	1244	1043	819	1203	835
ENSG00000135070	ISCA1	544	550	619	461	466	436	400	523
ENSG00000135074	ADAM19	3521	2331	1463	1399	2204	4656	1419	4030
ENSG00000135077	HAVCR2	7	10	5	2	5	6	6	4
ENSG00000135083	CCNJL	354	261	347	250	254	217	187	183
ENSG00000135090	TAOK3	731	628	663	610	407	609	489	541
ENSG00000135093	USP30	240	312	311	209	151	156	161	178
ENSG00000135094	SDS	0	3	5	4	1	3	4	2
ENSG00000135097	MSI1	4	13	1	5	10	10	3	5
ENSG00000135100	HNF1A	5	6	0	7	3	8	2	2
ENSG00000135108	FBXO21	1176	1172	1413	960	556	575	607	592
ENSG00000135111	TBX3	1054	1290	1408	1371	1223	926	1500	840
ENSG00000135114	OASL	149	49	93	63	26	106	27	135
ENSG00000135116	HRK	8	10	11	7	12	21	10	20
ENSG00000135119	RNFT2	207	199	230	178	133	139	108	150
ENSG00000135124	P2RX4	52	90	80	52	60	56	7	58
ENSG00000135127	BICDL1	2	1	3	7	2	1	4	1
ENSG00000135144	DTX1	166	105	103	47	83	75	11	129
ENSG00000135148	TRAFD1	804	834	856	714	479	576	395	607
ENSG00000135164	DMTF1	548	643	562	456	394	336	361	366
ENSG00000135185	TMEM243	741	821	819	697	578	391	469	518
ENSG00000135205	CCDC146	29	27	23	12	19	9	12	6
ENSG00000135211	TMEM60	256	266	228	213	220	164	132	179
ENSG00000135218	CD36	1	3	3	2	1	4	1	1
ENSG00000135241	PNPLA8	649	667	646	504	462	414	388	446
ENSG00000135245	HILPDA	287	1718	1516	890	2495	250	1013	1204
ENSG00000135248	GARIN1B	1	0	0	0	0	0	0	0
ENSG00000135249	RINT1	862	948	1088	683	711	492	448	401
ENSG00000135250	SRPK2	1247	1438	1416	1065	1045	1059	915	996
ENSG00000135253	KCP	0	5	0	6	0	0	3	1
ENSG00000135269	TES	1280	1856	2198	1677	1583	835	1121	737
ENSG00000135272	MDFIC	1399	1111	1092	1113	836	847	994	1072
ENSG00000135297	MTO1	163	131	172	203	64	77	154	88
ENSG00000135298	ADGRB3	6	6	11	8	10	9	12	6
ENSG00000135299	ANKRD6	16	6	5	3	18	17	4	5
ENSG00000135312	HTR1B	6	7	3	10	5	1	1	5
ENSG00000135315	CEP162	51	72	54	33	55	70	48	45
ENSG00000135316	SYNCRIP	5145	5467	6027	4862	3279	2616	2968	3504
ENSG00000135317	SNX14	485	696	607	593	514	388	408	510
ENSG00000135318	NT5E	4980	6710	6668	5090	3519	3414	3584	4831
ENSG00000135324	MRAP2	4	2	1	1	5	5	1	3
ENSG00000135333	EPHA7	118	110	23	56	254	473	64	857
ENSG00000135334	AKIRIN2	707	849	830	745	595	611	610	677
ENSG00000135336	ORC3	362	481	456	368	262	164	220	214
ENSG00000135338	LCA5	65	87	64	67	86	51	45	49
ENSG00000135341	MAP3K7	692	923	926	939	502	501	641	548
ENSG00000135346	CGA	0	1	0	0	4	0	0	1
ENSG00000135355	GJA10	0	0	0	0	0	0	0	1
ENSG00000135362	PRR5L	350	168	156	191	107	77	143	73
ENSG00000135363	LMO2	120	54	92	68	53	90	85	144
ENSG00000135365	PHF21A	704	656	821	702	571	459	377	587
ENSG00000135372	NAT10	2444	3281	3695	2713	1909	1476	1536	1996
ENSG00000135373	EHF	61	42	14	11	148	163	6	109
ENSG00000135374	ELF5	38	11	1	1	47	58	0	167
ENSG00000135378	PRRG4	83	58	67	32	79	111	51	87
ENSG00000135387	CAPRIN1	4049	4434	5618	3416	2945	1737	1985	2205
ENSG00000135390	ATP5MC2	4402	5105	4623	4689	2979	3152	3559	4045
ENSG00000135392	DNAJC14	1458	1565	1548	1376	942	953	938	1015
ENSG00000135404	CD63	7076	8660	9135	8859	6035	7005	8410	7470
ENSG00000135406	PRPH	23	54	43	28	1	28	1	11
ENSG00000135407	AVIL	22	23	8	9	18	11	11	16
ENSG00000135409	AMHR2	1	1	0	0	0	1	0	0
ENSG00000135414	GDF11	1451	1425	1412	1006	598	781	562	933
ENSG00000135423	GLS2	3	0	4	0	4	0	0	0
ENSG00000135424	ITGA7	168	170	183	71	49	55	27	102
ENSG00000135426	TESPA1	1	1	1	2	0	0	1	0
ENSG00000135436	FAM186B	22	15	8	17	18	12	33	9
ENSG00000135437	RDH5	25	25	29	23	21	53	30	51
ENSG00000135439	AGAP2	205	289	239	153	113	228	66	119
ENSG00000135441	BLOC1S1	952	1082	1203	1004	694	744	778	899
ENSG00000135443	KRT85	1	0	0	0	0	0	0	0
ENSG00000135446	CDK4	5778	6809	6601	6099	3889	3982	4752	4714
ENSG00000135447	PPP1R1A	1	0	0	0	0	3	0	0
ENSG00000135451	TROAP	642	647	768	757	453	469	548	458
ENSG00000135452	TSPAN31	376	437	386	438	331	402	368	310
ENSG00000135454	B4GALNT1	187	102	120	97	127	206	96	176
ENSG00000135457	TFCP2	888	872	932	734	461	496	516	618
ENSG00000135469	COQ10A	435	418	461	351	180	259	271	252
ENSG00000135472	FAIM2	1008	469	450	432	288	449	184	615
ENSG00000135473	PAN2	389	435	524	259	184	134	140	197
ENSG00000135476	ESPL1	667	734	777	648	291	310	473	260
ENSG00000135480	KRT7	35	27	64	36	20	13	43	9
ENSG00000135482	ZC3H10	316	355	333	271	226	146	209	247
ENSG00000135486	HNRNPA1	24923	29935	28344	27078	20375	19903	21917	22724
ENSG00000135503	ACVR1B	512	617	806	526	348	329	385	369
ENSG00000135506	OS9	2579	2992	3011	2678	2227	2124	2268	2495
ENSG00000135517	MIP	0	0	0	5	5	0	0	0
ENSG00000135519	KCNH3	127	133	154	114	50	105	30	96
ENSG00000135521	LTV1	805	824	920	732	529	513	602	604
ENSG00000135525	MAP7	5	23	19	13	22	10	12	7
ENSG00000135535	CD164	2620	3029	2724	2558	2106	2315	1861	2554
ENSG00000135537	AFG1L	70	88	79	79	51	33	54	22
ENSG00000135540	NHSL1	363	337	233	242	305	406	203	495
ENSG00000135541	AHI1	246	260	263	266	201	254	173	224
ENSG00000135547	HEY2	53	20	1	10	66	107	5	89
ENSG00000135549	PKIB	80	86	44	91	51	115	23	83
ENSG00000135577	NMBR	1	0	1	1	0	0	0	0
ENSG00000135587	SMPD2	199	195	182	155	172	102	130	151
ENSG00000135596	MICAL1	529	527	405	332	383	457	513	366
ENSG00000135597	REPS1	548	750	747	550	374	336	361	347
ENSG00000135604	STX11	14	39	49	32	17	11	10	7
ENSG00000135605	TEC	101	158	169	91	108	44	55	52
ENSG00000135617	PRADC1	358	313	325	286	246	197	171	329
ENSG00000135622	SEMA4F	243	290	275	241	195	156	197	196
ENSG00000135624	CCT7	9226	12052	12960	10082	7856	4980	6040	7644
ENSG00000135625	EGR4	1	11	14	4	13	1	7	5
ENSG00000135631	RAB11FIP5	728	883	1018	723	547	216	518	296
ENSG00000135632	SMYD5	767	831	1022	730	600	397	492	601
ENSG00000135636	DYSF	540	1190	1298	859	518	26	1736	66
ENSG00000135637	CCDC142	407	385	399	288	323	364	343	268
ENSG00000135638	EMX1	0	0	0	0	0	0	0	0
ENSG00000135643	KCNMB4	18	20	12	13	25	51	11	27
ENSG00000135655	USP15	863	1020	1050	740	624	460	561	637
ENSG00000135677	GNS	1417	1760	1991	1443	989	984	867	957
ENSG00000135678	CPM	61	58	44	27	24	23	34	15
ENSG00000135679	MDM2	2301	2572	2733	2015	1229	1012	2021	1097
ENSG00000135686	KLHL36	384	485	532	408	351	329	423	353
ENSG00000135697	BCO1	2	0	3	6	0	1	0	1
ENSG00000135698	MPHOSPH6	432	411	495	438	294	310	397	335
ENSG00000135702	CHST5	28	50	21	15	19	51	36	20
ENSG00000135709	KIAA0513	284	172	174	126	157	185	128	139
ENSG00000135720	DYNC1LI2	1633	1844	1868	1498	1452	1244	1524	1214
ENSG00000135722	FBXL8	117	223	256	193	219	143	213	154
ENSG00000135723	FHOD1	1743	1684	2003	1622	1172	1221	1344	1353
ENSG00000135736	CCDC102A	606	697	719	537	356	348	368	390
ENSG00000135740	SLC9A5	114	66	142	70	73	61	137	0
ENSG00000135744	AGT	19	21	35	20	16	28	19	4
ENSG00000135749	PCNX2	724	941	825	539	666	611	683	585
ENSG00000135750	KCNK1	342	550	398	464	405	135	251	115
ENSG00000135763	URB2	703	805	718	537	426	376	474	483
ENSG00000135766	EGLN1	1941	3249	2998	2122	1991	1056	1627	1882
ENSG00000135773	CAPN9	0	1	0	0	2	2	0	1
ENSG00000135775	COG2	692	734	713	534	445	443	393	434
ENSG00000135776	ABCB10	735	816	793	628	550	404	449	526
ENSG00000135778	NTPCR	370	437	380	293	210	219	252	202
ENSG00000135801	TAF5L	1037	1082	1025	805	671	513	640	671
ENSG00000135821	GLUL	126	224	237	142	194	229	15	166
ENSG00000135823	STX6	1131	1260	1220	906	944	695	929	837
ENSG00000135824	RGS8	1	4	4	4	3	3	4	2
ENSG00000135828	RNASEL	206	203	134	139	171	158	162	121
ENSG00000135829	DHX9	4015	4160	5229	3032	2905	1636	2028	2194
ENSG00000135835	KIAA1614	42	50	44	37	44	30	32	20
ENSG00000135837	CEP350	494	591	452	408	456	322	369	4
ENSG00000135838	NPL	105	116	106	69	35	75	93	67
ENSG00000135842	NIBAN1	1240	1182	1181	900	619	735	841	787
ENSG00000135845	PIGC	666	706	652	586	628	543	618	599
ENSG00000135862	LAMC1	7894	7834	6292	5274	7623	9011	6478	11818
ENSG00000135870	RC3H1	733	699	566	561	532	473	435	418
ENSG00000135898	GPR55	52	25	28	25	32	53	12	48
ENSG00000135899	SP110	531	586	549	419	337	367	339	345
ENSG00000135900	MRPL44	459	509	475	428	440	319	319	415
ENSG00000135902	CHRND	0	0	0	0	0	0	0	0
ENSG00000135903	PAX3	179	209	201	148	161	141	207	159
ENSG00000135905	DOCK10	174	162	176	172	158	49	244	34
ENSG00000135912	TTLL4	563	521	546	398	300	288	288	350
ENSG00000135913	USP37	255	280	308	249	214	144	180	179
ENSG00000135914	HTR2B	0	0	0	0	2	0	1	0
ENSG00000135916	ITM2C	3080	3611	3592	2755	2811	2689	1751	3489
ENSG00000135917	SLC19A3	21	33	8	12	29	21	6	18
ENSG00000135919	SERPINE2	12592	11638	8870	9895	16960	25186	6750	22598
ENSG00000135924	DNAJB2	654	1002	1034	839	738	401	576	536
ENSG00000135925	WNT10A	12	14	8	18	15	11	5	7
ENSG00000135926	TMBIM1	702	947	920	884	894	572	799	673
ENSG00000135929	CYP27A1	92	177	130	157	125	110	91	171
ENSG00000135930	EIF4E2	1817	1746	1856	1671	1291	1146	1145	1514
ENSG00000135931	ARMC9	515	525	411	368	268	412	294	330
ENSG00000135932	CAB39	1167	1179	1223	990	863	657	626	673
ENSG00000135940	COX5B	2194	2617	2546	2287	1604	1362	1299	2117
ENSG00000135945	REV1	279	243	250	149	206	228	179	206
ENSG00000135951	TSGA10	0	2	0	9	2	5	0	0
ENSG00000135953	MFSD9	102	88	93	82	60	59	62	51
ENSG00000135956	TMEM127	933	921	887	729	594	593	429	586
ENSG00000135960	EDAR	0	1	0	0	1	0	0	1
ENSG00000135966	TGFBRAP1	629	689	751	536	469	294	451	371
ENSG00000135968	GCC2	663	840	851	700	605	594	514	455
ENSG00000135972	MRPS9	487	590	592	573	348	262	342	262
ENSG00000135973	GPR45	3	2	1	1	0	0	0	0
ENSG00000135974	C2orf49	385	429	465	375	368	235	296	311
ENSG00000135976	ANKRD36	75	124	105	93	115	80	118	109
ENSG00000135999	EPC2	530	620	622	462	352	276	362	376
ENSG00000136002	ARHGEF4	184	250	191	188	166	46	68	89
ENSG00000136003	ISCU	1563	1306	1546	1278	783	1001	943	1037
ENSG00000136010	ALDH1L2	215	192	229	158	114	65	134	54
ENSG00000136011	STAB2	1	3	0	1	0	1	2	2
ENSG00000136014	USP44	6	5	2	6	9	12	4	12
ENSG00000136021	SCYL2	1080	1062	1086	793	589	631	665	678
ENSG00000136026	CKAP4	3075	2828	2771	2477	1833	1927	2141	2201
ENSG00000136040	PLXNC1	88	81	102	71	56	70	70	65
ENSG00000136044	APPL2	912	1131	1057	768	488	580	621	651
ENSG00000136045	PWP1	1649	1792	1842	1593	946	823	1100	1118
ENSG00000136048	DRAM1	403	485	579	407	247	175	395	234
ENSG00000136051	WASHC4	1320	1452	1383	1046	800	786	820	863
ENSG00000136052	SLC41A2	134	144	144	121	112	91	128	102
ENSG00000136059	VILL	47	63	35	58	45	47	46	44
ENSG00000136068	FLNB	2396	4953	6685	3076	3426	509	1885	957
ENSG00000136098	NEK3	57	28	18	20	45	52	22	72
ENSG00000136100	VPS36	639	584	577	431	480	524	421	503
ENSG00000136104	RNASEH2B	540	593	581	487	443	350	332	420
ENSG00000136108	CKAP2	1247	1305	1476	1125	953	756	673	799
ENSG00000136110	CNMD	4	2	1	0	1	5	0	23
ENSG00000136111	TBC1D4	668	804	795	734	506	412	402	561
ENSG00000136114	THSD1	11	11	5	7	11	4	11	2
ENSG00000136122	BORA	137	219	147	187	106	100	126	158
ENSG00000136141	LRCH1	299	369	361	245	295	295	259	340
ENSG00000136143	SUCLA2	544	625	675	536	453	392	368	524
ENSG00000136144	RCBTB1	402	382	383	342	344	314	278	305
ENSG00000136146	MED4	517	530	549	564	522	481	346	565
ENSG00000136147	PHF11	155	158	172	120	132	134	114	157
ENSG00000136152	COG3	484	524	532	399	408	306	274	368
ENSG00000136153	LMO7	368	482	434	600	464	317	514	345
ENSG00000136155	SCEL	0	4	6	0	2	1	0	0
ENSG00000136156	ITM2B	1240	1231	1304	1233	1378	2123	702	1912
ENSG00000136158	SPRY2	922	836	793	554	940	1561	763	2143
ENSG00000136159	NUDT15	591	655	672	593	475	333	446	482
ENSG00000136160	EDNRB	190	201	162	99	122	200	71	244
ENSG00000136161	RCBTB2	111	111	88	93	100	85	68	78
ENSG00000136167	LCP1	111	115	86	76	84	48	134	60
ENSG00000136169	SETDB2	197	216	183	150	145	156	139	118
ENSG00000136193	SCRN1	4286	5564	6431	4209	3316	2204	3305	2746
ENSG00000136197	C7orf25	469	427	401	266	308	232	158	338
ENSG00000136205	TNS3	718	1053	1137	887	799	480	537	456
ENSG00000136206	SPDYE1	35	37	34	17	36	25	29	7
ENSG00000136213	CHST12	660	615	611	607	459	520	444	481
ENSG00000136231	IGF2BP3	2250	2037	1759	1198	1363	2580	1267	3125
ENSG00000136235	GPNMB	801	1541	1354	991	1474	432	718	568
ENSG00000136237	RAPGEF5	103	133	145	103	91	57	78	89
ENSG00000136238	RAC1	8120	9275	9672	9332	6272	5634	6814	6399
ENSG00000136240	KDELR2	3573	3874	3738	3713	2936	2339	2493	2469
ENSG00000136243	NUP42	335	245	302	268	204	151	187	223
ENSG00000136244	IL6	5	19	22	12	42	0	32	8
ENSG00000136247	ZDHHC4	1227	1285	1490	1193	892	513	634	766
ENSG00000136250	AOAH	27	58	55	47	68	9	31	18
ENSG00000136261	BZW2	2245	2505	2409	2258	1902	1331	1535	2248
ENSG00000136267	DGKB	11	16	19	8	14	10	14	7
ENSG00000136270	TBRG4	1956	2068	2275	1729	1394	1125	1267	1498
ENSG00000136271	DDX56	2101	2439	2507	2091	1553	1228	1269	1620
ENSG00000136273	HUS1	252	286	346	218	240	159	193	229
ENSG00000136274	NACAD	31	32	38	20	16	27	7	40
ENSG00000136279	DBNL	2715	2727	2777	2274	2437	1959	1937	2284
ENSG00000136280	CCM2	388	365	434	459	306	228	297	329
ENSG00000136286	MYO1G	7	13	0	32	17	5	26	4
ENSG00000136295	TTYH3	4327	3563	3957	3135	2780	2751	2820	3714
ENSG00000136305	CIDEB	0	1	0	0	2	0	0	0
ENSG00000136319	TTC5	199	237	238	182	144	125	119	151
ENSG00000136327	NKX2-8	0	0	2	1	0	1	0	1
ENSG00000136352	NKX2-1	0	9	6	5	6	2	5	1
ENSG00000136367	ZFHX2	43	57	32	25	38	31	9	28
ENSG00000136371	MTHFS	530	552	505	487	370	353	357	415
ENSG00000136378	ADAMTS7	58	88	96	70	93	52	31	30
ENSG00000136379	ABHD17C	194	251	225	190	372	204	191	305
ENSG00000136381	IREB2	1648	1712	1726	1276	984	979	810	1083
ENSG00000136383	ALPK3	12	16	22	16	15	8	8	9
ENSG00000136404	TM6SF1	22	11	14	0	4	8	16	12
ENSG00000136425	CIB2	78	78	102	63	90	63	21	104
ENSG00000136436	CALCOCO2	1103	1470	1451	1189	1145	807	1088	1093
ENSG00000136444	RSAD1	1230	1307	1490	1152	867	807	727	973
ENSG00000136448	NMT1	1811	1738	2029	1506	1154	889	1233	1374
ENSG00000136449	MYCBPAP	2	6	2	0	6	15	4	6
ENSG00000136450	SRSF1	6793	6948	7113	6587	4603	4409	4866	4924
ENSG00000136451	VEZF1	1328	1615	1739	1388	1320	846	1091	1104
ENSG00000136457	CHAD	5	7	7	9	6	7	2	4
ENSG00000136463	TACO1	657	764	867	692	483	345	453	499
ENSG00000136478	TEX2	303	337	408	250	298	170	189	263
ENSG00000136485	DCAF7	1457	1667	1913	1262	1568	1488	1467	1256
ENSG00000136490	LIMD2	978	849	893	840	282	479	379	468
ENSG00000136492	BRIP1	302	300	336	291	244	271	322	181
ENSG00000136504	KAT7	565	770	834	692	675	395	619	583
ENSG00000136514	RTP4	23	16	10	11	16	34	15	17
ENSG00000136518	ACTL6A	1101	1106	1110	1114	856	780	757	1071
ENSG00000136521	NDUFB5	925	1094	1090	957	791	545	655	636
ENSG00000136522	MRPL47	1240	1333	1254	1218	804	796	774	944
ENSG00000136527	TRA2B	2733	2906	3069	2650	1467	1440	1173	1866
ENSG00000136531	SCN2A	79	92	85	64	13	17	18	18
ENSG00000136535	TBR1	1	1	0	0	0	1	1	0
ENSG00000136536	MARCHF7	938	1142	1185	979	761	691	764	742
ENSG00000136541	ERMN	0	0	0	0	1	1	0	1
ENSG00000136542	GALNT5	96	77	50	39	67	100	32	104
ENSG00000136546	SCN7A	0	3	1	0	1	3	6	0
ENSG00000136560	TANK	506	530	498	464	338	376	329	365
ENSG00000136573	BLK	0	0	0	0	2	0	1	2
ENSG00000136574	GATA4	109	118	115	106	93	68	47	60
ENSG00000136603	SKIL	832	686	533	761	624	658	646	521
ENSG00000136628	EPRS1	4156	4895	5028	3289	2810	2408	2590	2828
ENSG00000136630	HLX	96	108	99	87	119	107	95	85
ENSG00000136631	VPS45	807	811	738	582	518	574	467	561
ENSG00000136634	IL10	45	20	0	19	32	43	3	56
ENSG00000136636	KCTD3	2348	2371	2418	1872	1746	1156	1352	1596
ENSG00000136643	RPS6KC1	828	719	631	491	446	559	395	680
ENSG00000136682	CBWD2	262	290	283	207	199	165	89	181
ENSG00000136688	IL36G	0	0	0	0	0	0	0	0
ENSG00000136689	IL1RN	1	0	2	0	1	0	0	0
ENSG00000136694	IL36A	0	0	0	0	0	0	0	0
ENSG00000136695	IL36RN	0	0	0	1	0	0	0	0
ENSG00000136696	IL36B	0	0	0	0	0	0	0	0
ENSG00000136699	SMPD4	1116	1160	1356	804	730	418	528	564
ENSG00000136709	WDR33	1398	1620	1667	1315	1178	853	895	1178
ENSG00000136710	CCDC115	378	438	493	419	302	234	269	307
ENSG00000136715	SAP130	529	539	635	446	397	272	306	337
ENSG00000136717	BIN1	551	369	436	382	169	189	169	183
ENSG00000136718	IMP4	1374	1581	1738	1551	1151	697	1081	982
ENSG00000136720	HS6ST1	212	215	235	144	204	114	101	191
ENSG00000136731	UGGT1	1628	1776	1436	1245	1450	1316	1367	1298
ENSG00000136732	GYPC	644	929	866	878	601	488	685	596
ENSG00000136738	STAM	348	424	520	349	281	174	291	207
ENSG00000136754	ABI1	815	1011	921	798	729	503	660	661
ENSG00000136758	YME1L1	3433	4035	4318	3146	2441	1678	1970	2134
ENSG00000136770	DNAJC1	335	502	488	408	430	384	319	391
ENSG00000136783	NIPSNAP3A	260	347	381	276	288	307	160	306
ENSG00000136802	LRRC8A	1148	1289	1565	959	1008	815	984	803
ENSG00000136807	CDK9	1402	1684	2022	1416	1154	1069	1273	1283
ENSG00000136810	TXN	3956	5172	5680	4630	3819	3114	4058	4441
ENSG00000136811	ODF2	533	572	940	540	473	415	494	538
ENSG00000136813	ECPAS	2672	3627	4260	2670	2892	1602	2532	2013
ENSG00000136816	TOR1B	638	802	743	547	620	476	497	597
ENSG00000136819	C9orf78	2043	2109	2409	1802	1788	1682	1661	1731
ENSG00000136824	SMC2	1305	1561	1941	1200	1267	827	1016	885
ENSG00000136826	KLF4	57	168	185	31	223	107	66	98
ENSG00000136827	TOR1A	1466	1427	1654	1195	1234	1066	981	1296
ENSG00000136828	RALGPS1	43	26	30	25	30	37	12	30
ENSG00000136830	NIBAN2	12952	13833	15462	11769	13176	11335	14322	15277
ENSG00000136834	OR1J1	1	5	1	0	3	1	3	2
ENSG00000136840	ST6GALNAC4	524	488	681	425	438	319	313	470
ENSG00000136842	TMOD1	34	11	10	0	21	35	3	50
ENSG00000136848	DAB2IP	616	569	631	385	514	655	293	648
ENSG00000136854	STXBP1	1017	1150	1248	874	1140	766	917	1163
ENSG00000136856	SLC2A8	7	5	4	7	4	0	2	9
ENSG00000136859	ANGPTL2	560	382	387	326	377	629	310	671
ENSG00000136861	CDK5RAP2	597	829	1131	542	570	410	390	380
ENSG00000136866	ZFP37	99	120	150	87	137	113	103	105
ENSG00000136867	SLC31A2	94	88	111	78	63	50	87	60
ENSG00000136868	SLC31A1	781	1018	1287	850	840	514	790	493
ENSG00000136869	TLR4	807	583	329	283	719	981	261	1390
ENSG00000136870	ZNF189	220	260	250	164	189	247	149	193
ENSG00000136872	ALDOB	2	2	3	0	5	2	0	0
ENSG00000136874	STX17	459	549	622	332	437	305	329	340
ENSG00000136875	PRPF4	2453	2918	3708	2338	2187	1340	1661	1843
ENSG00000136877	FPGS	1202	1665	2271	1452	1265	858	1144	1120
ENSG00000136878	USP20	613	670	889	360	452	401	367	435
ENSG00000136881	BAAT	2	2	5	2	0	2	0	2
ENSG00000136883	KIF12	4	0	0	0	9	1	1	2
ENSG00000136888	ATP6V1G1	1342	1466	1606	1357	1458	1377	1206	1339
ENSG00000136891	TEX10	1030	1399	1739	1035	953	519	750	795
ENSG00000136895	GARNL3	0	0	4	1	14	3	6	4
ENSG00000136897	MRPL50	771	852	975	703	658	656	580	705
ENSG00000136908	DPM2	1010	1429	1501	1137	984	892	822	1174
ENSG00000136918	WDR38	2	4	3	0	2	4	2	0
ENSG00000136925	TSTD2	395	446	574	281	343	194	249	241
ENSG00000136928	GABBR2	1	0	2	4	1	0	4	0
ENSG00000136929	HEMGN	0	0	0	0	0	1	0	0
ENSG00000136930	PSMB7	4631	5478	6980	4612	4004	3125	3440	4540
ENSG00000136931	NR5A1	0	0	0	0	0	0	0	0
ENSG00000136932	TRMO	160	198	190	152	132	73	123	106
ENSG00000136933	RABEPK	877	972	1150	790	719	470	599	744
ENSG00000136935	GOLGA1	546	655	684	478	424	228	338	348
ENSG00000136936	XPA	232	339	345	256	262	215	201	250
ENSG00000136937	NCBP1	1111	1455	1439	958	921	818	993	871
ENSG00000136938	ANP32B	5165	6354	7286	6015	5661	3794	5622	4113
ENSG00000136940	PDCL	453	414	556	384	406	365	377	424
ENSG00000136942	RPL35	18954	30111	30555	24768	29511	17779	22248	26464
ENSG00000136943	CTSV	3	0	1	4	5	4	2	2
ENSG00000136944	LMX1B	3	5	4	5	4	4	8	3
ENSG00000136950	ARPC5L	1557	1657	1830	1427	1350	1086	1303	1361
ENSG00000136960	ENPP2	50	17	15	25	32	44	6	21
ENSG00000136982	DSCC1	401	292	237	281	228	254	231	348
ENSG00000136986	DERL1	1429	1479	1617	1303	1130	875	828	1100
ENSG00000136997	MYC	478	778	924	520	668	185	436	446
ENSG00000136999	CCN3	133	248	278	185	310	41	77	71
ENSG00000137033	IL33	2	4	0	1	2	0	0	0
ENSG00000137038	DMAC1	2476	2564	2398	2225	1623	1340	1337	1867
ENSG00000137040	RANBP6	1132	927	953	832	794	674	659	673
ENSG00000137054	POLR1E	943	1075	1063	795	813	371	579	524
ENSG00000137055	PLAA	2270	2169	2547	1854	1492	1215	1169	1356
ENSG00000137070	IL11RA	59	62	37	36	32	77	15	61
ENSG00000137073	UBAP2	907	742	947	634	615	415	491	428
ENSG00000137074	APTX	494	512	684	487	336	199	319	334
ENSG00000137075	RNF38	569	620	686	538	421	286	375	381
ENSG00000137076	TLN1	7737	7469	9142	5701	4761	3125	3456	3578
ENSG00000137080	IFNA21	0	1	0	0	0	0	0	0
ENSG00000137090	DMRT1	0	0	0	0	1	2	0	0
ENSG00000137094	DNAJB5	304	290	349	337	158	147	204	124
ENSG00000137098	SPAG8	0	23	20	7	0	2	2	0
ENSG00000137100	DCTN3	1785	1819	2017	1878	1713	1045	1124	1698
ENSG00000137101	CD72	0	14	11	15	8	0	3	12
ENSG00000137103	TMEM8B	131	172	191	159	202	130	101	140
ENSG00000137106	GRHPR	1330	1598	1664	1389	1225	890	981	1386
ENSG00000137124	ALDH1B1	865	830	891	640	638	286	406	397
ENSG00000137133	HINT2	590	558	529	570	419	378	342	440
ENSG00000137135	ARHGEF39	224	186	151	168	164	87	123	156
ENSG00000137142	IGFBPL1	1	0	0	0	2	4	0	1
ENSG00000137145	DENND4C	741	991	978	713	727	492	625	531
ENSG00000137154	RPS6	49384	67695	65153	59389	68067	39518	51165	55903
ENSG00000137161	CNPY3	505	610	580	513	464	490	501	599
ENSG00000137166	FOXP4	794	676	775	612	490	363	377	388
ENSG00000137168	PPIL1	790	870	871	663	576	409	497	615
ENSG00000137171	KLC4	306	425	359	353	279	247	269	305
ENSG00000137177	KIF13A	526	460	463	374	333	295	315	280
ENSG00000137185	ZSCAN9	154	195	168	140	124	117	192	100
ENSG00000137193	PIM1	493	769	850	644	757	224	743	344
ENSG00000137198	GMPR	14	18	26	10	11	10	8	5
ENSG00000137200	CMTR1	938	1012	1173	809	626	520	645	586
ENSG00000137203	TFAP2A	252	297	306	233	131	53	120	83
ENSG00000137207	YIPF3	1082	1231	1282	1083	960	931	645	1215
ENSG00000137210	TMEM14B	1628	1874	1884	1847	1411	942	1137	1202
ENSG00000137216	TMEM63B	445	500	591	393	444	332	336	392
ENSG00000137218	FRS3	99	131	126	109	87	69	85	111
ENSG00000137221	TJAP1	531	625	690	610	407	384	470	405
ENSG00000137225	CAPN11	2	3	15	3	1	1	1	4
ENSG00000137251	TINAG	0	0	0	0	0	3	0	0
ENSG00000137252	HCRTR2	2	1	2	0	0	1	0	3
ENSG00000137261	KIAA0319	5	3	3	1	2	3	0	0
ENSG00000137265	IRF4	0	0	0	0	0	0	1	0
ENSG00000137266	SLC22A23	53	74	74	39	63	50	58	48
ENSG00000137267	TUBB2A	614	613	762	613	426	486	297	608
ENSG00000137269	LRRC1	125	175	152	158	99	92	85	96
ENSG00000137270	GCM1	1	3	2	0	6	1	0	0
ENSG00000137273	FOXF2	192	252	212	167	169	87	160	142
ENSG00000137274	BPHL	128	144	146	121	130	71	63	97
ENSG00000137275	RIPK1	455	377	505	281	250	203	136	248
ENSG00000137285	TUBB2B	57	73	41	27	104	144	0	181
ENSG00000137288	UQCC2	533	539	509	588	458	419	468	521
ENSG00000137309	HMGA1	23954	27809	31260	26287	22498	20480	29737	29073
ENSG00000137310	TCF19	623	552	638	539	477	420	544	509
ENSG00000137312	FLOT1	1664	2206	2068	1946	1621	1552	1461	1926
ENSG00000137331	IER3	2825	2830	1841	2016	3003	2464	2845	3039
ENSG00000137337	MDC1	561	552	646	481	359	231	387	246
ENSG00000137338	PGBD1	98	89	98	105	69	86	65	66
ENSG00000137343	ATAT1	177	220	212	146	175	195	163	190
ENSG00000137364	TPMT	376	335	335	302	251	299	211	297
ENSG00000137392	CLPS	0	0	0	0	0	0	0	0
ENSG00000137393	RNF144B	33	30	30	28	15	6	18	12
ENSG00000137404	NRM	195	248	280	261	210	118	212	225
ENSG00000137409	MTCH1	2535	3477	4165	3490	2367	1245	2268	1941
ENSG00000137411	VARS2	620	596	683	564	370	264	354	414
ENSG00000137413	TAF8	487	520	524	429	369	324	323	343
ENSG00000137414	FAM8A1	499	586	500	420	401	376	251	415
ENSG00000137434	C6orf52	48	67	61	77	23	10	46	8
ENSG00000137440	FGFBP1	34	66	65	84	15	3	14	4
ENSG00000137441	FGFBP2	14	3	1	7	32	10	0	15
ENSG00000137449	CPEB2	244	274	246	249	321	274	240	265
ENSG00000137460	FHDC1	87	44	21	23	36	51	8	52
ENSG00000137462	TLR2	3	6	0	3	3	3	4	4
ENSG00000137463	MGARP	3	2	1	2	0	0	0	6
ENSG00000137473	TTC29	1	1	0	0	0	0	0	0
ENSG00000137474	MYO7A	57	76	90	64	42	22	55	44
ENSG00000137478	FCHSD2	578	687	682	568	555	363	450	456
ENSG00000137486	ARRB1	554	582	778	658	400	294	342	395
ENSG00000137491	SLCO2B1	0	0	1	0	0	0	0	0
ENSG00000137492	THAP12	1290	1333	1469	1202	1105	1006	899	1301
ENSG00000137494	ANKRD42	662	543	522	452	422	442	290	402
ENSG00000137496	IL18BP	73	52	53	57	55	64	62	42
ENSG00000137497	NUMA1	3531	4243	4824	2911	2987	1822	1995	2663
ENSG00000137500	CCDC90B	344	432	295	373	325	233	299	331
ENSG00000137501	SYTL2	437	997	1052	884	442	146	455	251
ENSG00000137502	RAB30	195	257	222	178	171	99	125	90
ENSG00000137504	CREBZF	867	1319	1008	931	1093	734	1004	791
ENSG00000137507	LRRC32	16	13	9	3	67	38	2	165
ENSG00000137509	PRCP	607	723	705	714	559	424	397	640
ENSG00000137513	NARS2	297	390	383	311	246	176	229	308
ENSG00000137522	RNF121	320	375	357	259	284	205	172	344
ENSG00000137547	MRPL15	1267	1191	1328	1223	835	759	767	915
ENSG00000137558	PI15	28	20	18	9	40	41	26	22
ENSG00000137561	TTPA	1	0	1	1	7	1	0	6
ENSG00000137563	GGH	788	652	754	790	722	462	502	711
ENSG00000137571	SLCO5A1	1	0	1	0	3	5	0	7
ENSG00000137573	SULF1	25	0	4	1	7	35	5	1
ENSG00000137574	TGS1	735	777	882	633	417	378	413	508
ENSG00000137575	SDCBP	2533	3146	3154	2562	2506	1644	1820	2249
ENSG00000137601	NEK1	206	297	330	192	144	104	135	187
ENSG00000137628	DDX60	216	153	258	200	154	165	153	122
ENSG00000137634	NXPE4	0	0	0	0	0	0	0	0
ENSG00000137642	SORL1	30	30	13	12	14	3	6	20
ENSG00000137648	TMPRSS4	0	0	0	0	0	0	0	0
ENSG00000137656	BUD13	437	500	617	467	350	222	300	391
ENSG00000137672	TRPC6	0	0	0	1	0	1	0	0
ENSG00000137673	MMP7	4	1	1	0	2	0	0	1
ENSG00000137674	MMP20	0	0	0	0	0	0	0	0
ENSG00000137675	MMP27	0	0	1	0	0	0	0	0
ENSG00000137691	CFAP300	16	26	38	24	33	17	20	20
ENSG00000137692	DCUN1D5	724	756	744	815	587	582	622	652
ENSG00000137693	YAP1	3115	4033	3758	3171	2587	2354	2364	2481
ENSG00000137699	TRIM29	0	4	10	15	3	3	3	3
ENSG00000137700	SLC37A4	479	677	717	565	496	341	346	507
ENSG00000137707	BTG4	1	1	2	1	0	0	2	2
ENSG00000137709	POU2F3	180	82	7	17	137	178	6	579
ENSG00000137710	RDX	1476	1711	1784	1519	1398	1149	1324	1289
ENSG00000137713	PPP2R1B	932	840	846	681	578	642	614	614
ENSG00000137714	FDX1	358	371	423	376	270	245	225	308
ENSG00000137720	C11orf1	347	448	384	340	300	224	215	287
ENSG00000137726	FXYD6	110	45	10	13	126	188	12	210
ENSG00000137727	ARHGAP20	0	0	0	0	0	2	0	0
ENSG00000137731	FXYD2	1	1	3	0	0	0	4	0
ENSG00000137745	MMP13	87	57	60	48	178	164	36	75
ENSG00000137747	TMPRSS13	0	0	3	0	0	0	0	0
ENSG00000137752	CASP1	8	0	5	5	21	10	13	4
ENSG00000137757	CASP5	0	0	1	0	0	0	0	0
ENSG00000137760	ALKBH8	537	367	371	326	354	541	289	600
ENSG00000137764	MAP2K5	617	793	845	641	405	256	423	423
ENSG00000137766	UNC13C	0	0	0	0	0	0	0	0
ENSG00000137767	SQOR	21	37	18	22	13	21	23	28
ENSG00000137770	CTDSPL2	1151	1422	1458	1204	1075	758	878	934
ENSG00000137776	SLTM	2908	2901	2695	2323	1962	1919	1899	1942
ENSG00000137801	THBS1	1015	2059	1865	2177	5613	583	2201	1376
ENSG00000137802	MAPKBP1	915	985	999	855	728	584	1124	537
ENSG00000137804	NUSAP1	1280	1565	1834	1476	1188	730	1084	1113
ENSG00000137806	NDUFAF1	449	514	524	476	333	305	281	362
ENSG00000137807	KIF23	1469	1625	1850	1488	1122	748	879	872
ENSG00000137809	ITGA11	47	9	7	14	28	42	32	43
ENSG00000137812	KNL1	545	501	492	428	492	385	349	362
ENSG00000137814	HAUS2	458	514	705	516	419	306	415	297
ENSG00000137815	RTF1	2209	2588	2264	2599	2183	2272	2024	2390
ENSG00000137817	PARP6	205	248	275	285	166	90	165	140
ENSG00000137818	RPLP1	35153	47783	43239	39845	39327	26553	33326	41756
ENSG00000137819	PAQR5	202	259	309	212	185	75	118	86
ENSG00000137821	LRRC49	68	111	132	133	82	101	91	61
ENSG00000137822	TUBGCP4	630	812	841	615	660	345	470	431
ENSG00000137824	RMDN3	804	895	929	748	623	499	554	627
ENSG00000137825	ITPKA	58	45	66	57	90	181	79	277
ENSG00000137831	UACA	2053	2959	3285	2408	2053	1499	1450	1237
ENSG00000137834	SMAD6	126	119	125	116	38	63	31	75
ENSG00000137841	PLCB2	45	44	77	96	1	54	23	16
ENSG00000137842	TMEM62	293	331	368	269	271	136	241	158
ENSG00000137843	PAK6	46	52	91	53	27	8	17	26
ENSG00000137845	ADAM10	1195	1329	1163	1314	1165	939	1075	1044
ENSG00000137857	DUOX1	8	8	13	4	7	13	10	7
ENSG00000137860	SLC28A2	8	14	9	15	10	25	12	9
ENSG00000137868	STRA6	757	356	205	258	660	1244	394	1265
ENSG00000137869	CYP19A1	2	0	1	1	0	0	1	2
ENSG00000137871	ZNF280D	455	422	379	356	412	411	329	393
ENSG00000137872	SEMA6D	10	12	23	20	31	9	15	6
ENSG00000137875	BCL2L10	1	0	0	0	0	0	1	0
ENSG00000137876	RSL24D1	4313	5363	5473	4860	4134	2696	3096	4092
ENSG00000137877	SPTBN5	78	80	71	77	109	106	277	96
ENSG00000137878	GCOM1	59	91	108	61	25	21	38	23
ENSG00000137880	GCHFR	734	654	530	512	432	628	316	930
ENSG00000137936	BCAR3	1095	1905	2538	1672	1242	514	980	545
ENSG00000137941	TTLL7	21	27	5	5	6	0	3	10
ENSG00000137942	FNBP1L	556	842	922	616	471	386	348	299
ENSG00000137944	KYAT3	203	364	355	291	252	167	169	223
ENSG00000137947	GTF2B	348	371	429	333	304	287	168	322
ENSG00000137948	BRDT	1	3	5	1	0	2	0	3
ENSG00000137955	RABGGTB	1173	1338	1223	1188	1144	1024	1242	1090
ENSG00000137959	IFI44L	133	165	90	53	106	434	81	134
ENSG00000137960	GIPC2	1	1	0	0	0	0	0	0
ENSG00000137962	ARHGAP29	1092	2417	2792	1567	1890	381	1153	576
ENSG00000137965	IFI44	587	558	548	420	450	713	456	482
ENSG00000137968	SLC44A5	20	42	12	17	88	107	29	70
ENSG00000137975	CLCA2	3	2	1	2	0	1	0	0
ENSG00000137976	DNASE2B	0	0	0	0	1	7	0	4
ENSG00000137992	DBT	524	693	676	488	439	304	297	278
ENSG00000137996	RTCA	1056	1242	1154	950	845	730	832	872
ENSG00000138002	IFT172	317	449	446	312	297	175	136	139
ENSG00000138018	SELENOI	1556	1330	1515	1126	1057	907	1045	930
ENSG00000138028	CGREF1	180	264	246	222	267	135	69	248
ENSG00000138029	HADHB	1789	2260	2242	1838	1502	1176	1017	1569
ENSG00000138030	KHK	118	154	150	121	108	72	36	89
ENSG00000138031	ADCY3	1284	1342	1557	1215	954	567	839	749
ENSG00000138032	PPM1B	695	621	676	611	486	390	450	419
ENSG00000138035	PNPT1	514	503	665	468	325	302	418	298
ENSG00000138036	DYNC2LI1	299	363	326	271	290	247	210	285
ENSG00000138050	THUMPD2	71	116	126	96	78	83	82	58
ENSG00000138061	CYP1B1	3	3	3	2	4	7	0	4
ENSG00000138069	RAB1A	3021	3268	3177	2947	2042	1797	1796	2244
ENSG00000138071	ACTR2	8474	9105	9884	7527	5615	5050	4790	5799
ENSG00000138073	PREB	1408	1299	1506	1333	937	662	756	828
ENSG00000138074	SLC5A6	979	981	1033	837	631	623	572	741
ENSG00000138075	ABCG5	0	1	0	0	0	0	0	0
ENSG00000138078	PREPL	1118	1320	1173	1003	819	749	652	774
ENSG00000138079	SLC3A1	9	11	1	4	11	17	6	2
ENSG00000138080	EMILIN1	3299	2617	1994	1722	1816	3433	854	2722
ENSG00000138081	FBXO11	790	1123	1214	921	786	540	662	627
ENSG00000138083	SIX3	7	3	3	4	4	5	0	0
ENSG00000138085	ATRAID	2133	2490	2557	2335	1971	1377	1556	1929
ENSG00000138092	CENPO	447	441	512	489	402	322	352	315
ENSG00000138095	LRPPRC	1487	1741	2419	1366	988	419	586	632
ENSG00000138100	TRIM54	6	13	19	8	4	1	0	1
ENSG00000138101	DTNB	115	172	164	116	152	47	82	97
ENSG00000138107	ACTR1A	2452	2140	2671	1978	1643	1481	1116	1749
ENSG00000138109	CYP2C9	1	1	1	1	4	4	5	1
ENSG00000138111	MFSD13A	201	179	197	180	117	110	107	155
ENSG00000138115	CYP2C8	2	1	0	0	0	0	0	0
ENSG00000138119	MYOF	2324	4025	6024	2590	2921	619	1225	764
ENSG00000138131	LOXL4	556	1118	1056	778	764	342	433	394
ENSG00000138134	STAMBPL1	668	719	668	484	447	399	326	501
ENSG00000138135	CH25H	0	3	1	5	0	1	1	3
ENSG00000138136	LBX1	0	0	0	1	0	0	0	0
ENSG00000138138	ATAD1	1618	1754	1761	1183	1203	942	752	1233
ENSG00000138152	BTBD16	3	2	1	1	4	2	0	5
ENSG00000138160	KIF11	1600	1712	1957	1392	1402	1085	776	1227
ENSG00000138161	CUZD1	0	25	0	6	0	0	7	11
ENSG00000138162	TACC2	572	495	626	444	329	404	330	416
ENSG00000138166	DUSP5	562	1142	1283	739	1323	645	1127	881
ENSG00000138172	CALHM2	656	633	579	473	454	530	205	679
ENSG00000138175	ARL3	887	864	1077	775	777	520	439	764
ENSG00000138180	CEP55	1327	1435	1695	1321	1164	749	809	878
ENSG00000138182	KIF20B	1516	1542	1651	1286	1173	980	762	1152
ENSG00000138185	ENTPD1	345	326	255	207	185	189	183	147
ENSG00000138190	EXOC6	308	332	341	261	402	287	171	476
ENSG00000138193	PLCE1	512	717	695	429	403	276	309	264
ENSG00000138207	RBP4	12	13	11	5	7	4	0	5
ENSG00000138231	DBR1	524	487	580	510	360	279	288	341
ENSG00000138246	DNAJC13	1075	1098	1217	965	698	609	745	685
ENSG00000138271	GPR87	20	10	15	5	2	2	0	0
ENSG00000138279	ANXA7	1297	1435	1492	1378	990	673	928	959
ENSG00000138286	FAM149B1	203	269	168	171	134	135	99	134
ENSG00000138303	ASCC1	374	524	510	451	216	226	274	356
ENSG00000138308	PLA2G12B	0	0	0	0	0	0	0	0
ENSG00000138311	ZNF365	177	169	157	141	140	126	101	122
ENSG00000138315	OIT3	0	1	1	0	0	0	0	0
ENSG00000138316	ADAMTS14	1	2	1	2	0	6	2	1
ENSG00000138326	RPS24	13256	16743	15648	12393	14797	11786	9230	16156
ENSG00000138336	TET1	46	84	89	54	102	41	57	84
ENSG00000138346	DNA2	232	229	297	218	201	163	197	187
ENSG00000138347	MYPN	15	16	0	12	18	3	9	2
ENSG00000138356	AOX1	56	120	36	46	24	4	66	22
ENSG00000138363	ATIC	2286	2686	2698	1970	1589	1070	1099	1643
ENSG00000138375	SMARCAL1	356	389	395	332	280	153	120	142
ENSG00000138376	BARD1	157	182	181	166	140	141	161	153
ENSG00000138378	STAT4	5	7	13	8	4	4	16	0
ENSG00000138379	MSTN	5	9	8	11	9	7	7	1
ENSG00000138380	CARF	113	101	97	95	82	77	74	63
ENSG00000138381	ASNSD1	546	571	581	487	559	356	420	424
ENSG00000138382	METTL5	399	450	404	446	316	265	254	318
ENSG00000138385	SSB	1630	1743	1741	1534	1188	971	1017	1299
ENSG00000138386	NAB1	695	836	735	679	570	639	520	662
ENSG00000138395	CDK15	9	9	8	1	6	6	1	1
ENSG00000138398	PPIG	980	1148	1219	956	803	995	944	807
ENSG00000138399	FASTKD1	164	151	160	129	83	84	101	87
ENSG00000138400	MDH1B	34	24	28	48	38	26	10	25
ENSG00000138411	HECW2	22	0	13	3	10	21	2	33
ENSG00000138413	IDH1	1103	961	976	958	556	654	611	738
ENSG00000138430	OLA1	2102	3032	2978	2504	2027	1246	1644	1927
ENSG00000138433	CIR1	837	1124	1165	960	897	870	767	753
ENSG00000138434	ITPRID2	2143	2858	3034	3180	2279	1961	1598	1684
ENSG00000138435	CHRNA1	3	1	3	3	1	2	1	1
ENSG00000138439	FAM117B	265	311	267	282	213	212	133	257
ENSG00000138442	WDR12	1065	1024	1091	972	659	586	562	699
ENSG00000138443	ABI2	952	1161	1145	1005	834	851	795	875
ENSG00000138448	ITGAV	1475	1289	981	676	481	726	484	677
ENSG00000138449	SLC40A1	5	2	1	1	8	1	0	2
ENSG00000138459	SLC35A5	465	552	479	436	405	288	313	307
ENSG00000138463	SLC49A4	170	235	236	214	182	140	147	128
ENSG00000138468	SENP7	200	308	265	241	234	196	202	172
ENSG00000138472	GUCA1C	0	1	0	0	0	0	0	0
ENSG00000138483	CCDC54	0	1	0	0	0	0	0	1
ENSG00000138495	COX17	670	558	473	555	578	691	742	750
ENSG00000138496	PARP9	631	539	549	365	339	508	173	364
ENSG00000138587	MNS1	163	184	225	139	201	168	109	171
ENSG00000138592	USP8	1129	1363	1420	1018	1002	1091	825	840
ENSG00000138593	SECISBP2L	652	760	629	542	548	457	464	422
ENSG00000138594	TMOD3	2063	2500	2577	2151	1831	1085	1390	1314
ENSG00000138600	SPPL2A	1027	979	930	925	695	781	702	788
ENSG00000138604	GLCE	419	544	566	498	397	214	242	221
ENSG00000138606	SHF	182	201	222	146	147	214	61	148
ENSG00000138613	APH1B	344	467	433	351	238	177	185	257
ENSG00000138614	INTS14	1031	1091	1203	1086	759	699	669	780
ENSG00000138615	CILP	49	45	22	55	100	27	18	34
ENSG00000138617	PARP16	246	373	457	369	312	156	242	232
ENSG00000138621	PPCDC	154	155	198	169	141	107	126	141
ENSG00000138622	HCN4	51	0	1	2	3	9	0	11
ENSG00000138623	SEMA7A	2300	2640	2322	2213	2690	2123	4093	2087
ENSG00000138629	UBL7	2043	2333	2480	1915	1247	924	879	1531
ENSG00000138639	ARHGAP24	78	104	77	70	93	118	60	114
ENSG00000138640	FAM13A	262	391	383	318	299	155	191	204
ENSG00000138641	HERC3	179	162	212	198	184	125	154	160
ENSG00000138642	HERC6	195	227	271	159	110	133	102	84
ENSG00000138646	HERC5	95	86	101	72	65	64	65	49
ENSG00000138650	PCDH10	374	474	355	353	456	330	197	335
ENSG00000138653	NDST4	2	0	0	0	0	0	0	0
ENSG00000138658	ZGRF1	37	72	97	68	37	52	17	0
ENSG00000138660	AP1AR	583	655	778	597	450	383	393	468
ENSG00000138663	COPS4	729	881	937	804	611	384	430	540
ENSG00000138668	HNRNPD	8403	9595	10087	8765	5828	4925	5678	6091
ENSG00000138669	PRKG2	34	46	50	22	22	7	11	15
ENSG00000138670	RASGEF1B	3	0	4	2	10	2	7	1
ENSG00000138674	SEC31A	2231	2776	2664	2013	1503	1188	1245	1382
ENSG00000138675	FGF5	125	154	232	154	51	39	153	72
ENSG00000138678	GPAT3	636	890	930	886	416	628	633	603
ENSG00000138685	FGF2	454	609	616	318	236	160	354	185
ENSG00000138686	BBS7	293	365	398	308	202	151	168	212
ENSG00000138688	KIAA1109	200	312	280	155	215	154	136	170
ENSG00000138696	BMPR1B	67	62	68	55	46	19	49	40
ENSG00000138698	RAP1GDS1	647	671	706	572	538	356	443	567
ENSG00000138709	LARP1B	278	372	467	327	314	168	296	229
ENSG00000138722	MMRN1	0	0	0	0	0	0	0	0
ENSG00000138735	PDE5A	20	24	17	13	34	62	12	28
ENSG00000138738	PRDM5	9	7	8	5	36	14	13	20
ENSG00000138741	TRPC3	10	9	0	14	22	20	26	15
ENSG00000138744	NAAA	148	166	167	161	119	128	79	161
ENSG00000138750	NUP54	526	675	705	544	479	296	355	455
ENSG00000138756	BMP2K	272	349	408	307	184	120	227	187
ENSG00000138757	G3BP2	2301	2633	3147	2154	1459	1137	1356	1351
ENSG00000138758	SEPTIN11	1961	2234	2572	1812	1773	1129	1610	1162
ENSG00000138759	FRAS1	122	268	115	140	306	312	90	321
ENSG00000138760	SCARB2	1419	1942	1610	1391	1619	1413	1228	1206
ENSG00000138764	CCNG2	317	660	505	447	711	344	433	487
ENSG00000138767	CNOT6L	394	421	417	377	383	220	307	292
ENSG00000138768	USO1	1584	1849	1735	1198	1185	985	792	1225
ENSG00000138769	CDKL2	1	1	3	1	0	2	1	1
ENSG00000138771	SHROOM3	180	235	208	189	280	201	130	151
ENSG00000138772	ANXA3	12	23	25	19	6	1	6	2
ENSG00000138777	PPA2	239	220	237	320	127	176	189	206
ENSG00000138778	CENPE	817	860	994	740	747	525	584	570
ENSG00000138780	GSTCD	270	308	326	263	208	117	151	160
ENSG00000138785	INTS12	523	577	673	428	403	259	356	361
ENSG00000138792	ENPEP	22	36	17	13	28	26	8	29
ENSG00000138794	CASP6	258	234	266	216	155	161	143	172
ENSG00000138795	LEF1	416	263	138	110	385	572	122	503
ENSG00000138796	HADH	393	478	515	409	349	260	318	427
ENSG00000138798	EGF	20	16	34	27	20	16	7	9
ENSG00000138801	PAPSS1	1494	1699	1688	1373	1124	1185	948	1290
ENSG00000138802	SEC24B	690	875	912	679	679	459	556	533
ENSG00000138814	PPP3CA	2479	3016	3144	2775	2194	2451	2025	2065
ENSG00000138821	SLC39A8	425	478	463	385	433	210	268	264
ENSG00000138823	MTTP	0	0	1	0	1	0	0	0
ENSG00000138829	FBN2	16	18	14	12	28	15	3	8
ENSG00000138834	MAPK8IP3	1319	1872	2043	1451	1292	1179	1901	925
ENSG00000138835	RGS3	520	482	629	473	404	278	436	236
ENSG00000138867	GUCD1	1183	1107	1346	886	725	555	625	795
ENSG00000138892	TTLL8	0	0	0	0	1	0	0	0
ENSG00000138942	RNF185	468	472	597	409	324	239	285	313
ENSG00000138944	SHISAL1	9	5	6	3	15	3	2	1
ENSG00000138964	PARVG	13	7	12	3	1	5	0	2
ENSG00000139044	B4GALNT3	22	27	11	14	58	29	3	69
ENSG00000139055	ERP27	0	0	0	0	0	0	0	0
ENSG00000139083	ETV6	654	644	585	565	578	629	487	612
ENSG00000139112	GABARAPL1	583	643	706	626	609	569	558	536
ENSG00000139116	KIF21A	459	462	359	407	321	357	557	272
ENSG00000139117	CPNE8	544	609	483	420	302	319	401	365
ENSG00000139131	YARS2	680	743	769	601	387	388	443	460
ENSG00000139132	FGD4	142	131	127	102	141	149	87	152
ENSG00000139133	ALG10	93	146	159	122	84	63	98	75
ENSG00000139144	PIK3C2G	5	4	8	2	1	0	6	1
ENSG00000139146	SINHCAF	1833	2659	2498	2089	1778	1506	2021	1563
ENSG00000139151	PLCZ1	1	8	5	1	1	0	10	0
ENSG00000139154	AEBP2	1078	1325	1412	1022	763	580	715	772
ENSG00000139155	SLCO1C1	0	2	0	0	0	1	0	0
ENSG00000139160	ETFBKMT	52	48	55	50	40	37	43	24
ENSG00000139163	ETNK1	1294	1355	1124	1141	783	1070	952	1020
ENSG00000139168	ZCRB1	1618	1861	1932	1980	1301	1607	1860	1484
ENSG00000139173	TMEM117	77	29	9	27	30	73	47	69
ENSG00000139174	PRICKLE1	368	625	530	259	268	41	121	67
ENSG00000139178	C1RL	314	372	334	237	212	156	158	164
ENSG00000139180	NDUFA9	779	792	856	832	538	553	603	528
ENSG00000139182	CLSTN3	207	143	231	163	82	203	208	79
ENSG00000139187	KLRG1	47	38	53	39	9	44	21	41
ENSG00000139190	VAMP1	184	189	193	127	182	170	149	154
ENSG00000139192	TAPBPL	195	229	239	168	94	80	78	84
ENSG00000139193	CD27	0	0	3	0	5	0	0	0
ENSG00000139194	RBP5	2	7	1	4	6	1	5	0
ENSG00000139197	PEX5	1153	1333	1555	1146	761	606	761	694
ENSG00000139200	PIANP	37	64	32	61	70	63	20	48
ENSG00000139209	SLC38A4	5	9	8	8	15	1	2	2
ENSG00000139211	AMIGO2	3232	2881	2192	2472	2903	1138	4131	1513
ENSG00000139218	SCAF11	1769	2040	2038	1583	1056	1147	1162	1062
ENSG00000139219	COL2A1	2	15	4	0	8	25	0	0
ENSG00000139220	PPFIA2	43	15	25	16	14	2	13	1
ENSG00000139233	LLPH	1527	1548	1679	1401	820	813	996	998
ENSG00000139263	LRIG3	263	255	216	251	338	413	244	366
ENSG00000139266	MARCHF9	777	1001	925	800	430	568	460	632
ENSG00000139269	INHBE	20	7	26	11	2	5	18	1
ENSG00000139278	GLIPR1	1189	942	899	614	544	555	761	389
ENSG00000139287	TPH2	0	0	0	0	0	0	0	0
ENSG00000139289	PHLDA1	11276	13602	13364	8820	11222	12739	9604	14304
ENSG00000139291	TMEM19	778	596	710	665	395	445	422	455
ENSG00000139292	LGR5	1	0	0	3	0	14	0	2
ENSG00000139304	PTPRQ	5	3	3	2	4	4	2	1
ENSG00000139318	DUSP6	3702	4073	3131	2990	3185	3396	3184	4645
ENSG00000139323	POC1B	243	340	395	325	210	144	176	155
ENSG00000139324	TMTC3	711	711	655	623	457	450	427	460
ENSG00000139329	LUM	32	10	10	7	2	36	1	9
ENSG00000139330	KERA	0	0	0	0	0	1	0	0
ENSG00000139343	SNRPF	1301	1519	1552	1482	806	1007	1143	1091
ENSG00000139344	AMDHD1	26	23	36	19	15	34	28	25
ENSG00000139350	NEDD1	631	706	687	611	340	422	510	397
ENSG00000139351	SYCP3	2	2	0	0	0	2	0	3
ENSG00000139352	ASCL1	4	1	1	1	2	1	1	0
ENSG00000139354	GAS2L3	329	466	472	370	290	265	267	207
ENSG00000139364	TMEM132B	2	0	0	5	0	3	0	0
ENSG00000139370	SLC15A4	329	307	397	291	193	209	166	241
ENSG00000139372	TDG	844	633	579	548	485	831	463	779
ENSG00000139405	RITA1	825	830	1022	801	444	412	436	566
ENSG00000139410	SDSL	217	205	225	193	105	113	62	143
ENSG00000139428	MMAB	640	741	702	630	329	312	530	497
ENSG00000139433	GLTP	1220	1527	1723	1373	890	746	971	839
ENSG00000139436	GIT2	888	1010	1009	762	559	645	645	667
ENSG00000139437	TCHP	882	790	931	703	463	399	608	408
ENSG00000139438	FAM222A	95	69	54	29	53	61	19	103
ENSG00000139496	NUP58	941	1281	1223	719	792	450	643	608
ENSG00000139505	MTMR6	482	483	539	449	451	400	398	385
ENSG00000139508	SLC46A3	57	39	35	43	58	35	62	17
ENSG00000139514	SLC7A1	2284	3167	3140	2185	2185	749	1782	1008
ENSG00000139515	PDX1	0	0	0	1	0	0	0	0
ENSG00000139517	LNX2	113	141	127	91	76	106	66	74
ENSG00000139531	SUOX	452	388	397	382	165	291	228	288
ENSG00000139537	CCDC65	24	23	21	28	17	22	17	11
ENSG00000139540	SLC39A5	3	0	3	0	1	0	1	1
ENSG00000139546	TARBP2	993	974	1153	1028	476	566	660	693
ENSG00000139547	RDH16	4	2	2	0	0	1	0	0
ENSG00000139549	DHH	23	18	20	14	30	51	24	33
ENSG00000139567	ACVRL1	20	53	52	29	11	6	29	18
ENSG00000139572	GPR84	5	7	0	3	0	1	8	2
ENSG00000139574	NPFF	0	0	0	0	1	0	1	0
ENSG00000139579	NABP2	1898	1947	2382	2001	1089	785	1021	1069
ENSG00000139597	N4BP2L1	32	45	24	34	47	40	43	36
ENSG00000139610	CELA1	0	0	1	2	2	1	1	0
ENSG00000139613	SMARCC2	2315	2774	2881	2113	1714	1899	1887	1830
ENSG00000139618	BRCA2	207	119	176	172	208	0	169	129
ENSG00000139620	KANSL2	378	322	377	266	304	175	292	268
ENSG00000139624	CERS5	681	850	876	759	504	563	465	712
ENSG00000139625	MAP3K12	791	930	632	594	394	654	347	608
ENSG00000139626	ITGB7	27	31	29	15	17	6	18	4
ENSG00000139629	GALNT6	313	422	492	330	169	171	478	151
ENSG00000139631	CSAD	211	199	174	165	123	313	200	144
ENSG00000139636	LMBR1L	215	300	240	255	105	192	169	152
ENSG00000139637	MYG1	1574	1902	1972	1791	1004	981	1112	1414
ENSG00000139641	ESYT1	2494	3338	3463	2523	2091	1201	1570	2015
ENSG00000139644	TMBIM6	9432	10571	11967	9217	6288	6326	6242	7936
ENSG00000139645	ANKRD52	3639	2941	3219	2466	1548	1816	1828	1701
ENSG00000139648	KRT71	0	0	2	1	0	0	0	0
ENSG00000139651	ZNF740	1378	1517	1643	1210	936	731	854	924
ENSG00000139656	SMIM2	3	1	1	2	0	2	0	0
ENSG00000139668	WDFY2	351	395	323	297	240	308	408	273
ENSG00000139675	HNRNPA1L2	61	51	61	61	41	105	87	45
ENSG00000139679	LPAR6	167	140	75	84	269	520	101	464
ENSG00000139684	ESD	1484	1977	1874	1625	1412	1104	1150	1510
ENSG00000139687	RB1	939	1164	1106	759	840	844	598	834
ENSG00000139697	SBNO1	1622	1943	1869	1492	906	1039	1180	1046
ENSG00000139714	MORN3	35	58	48	38	31	58	49	34
ENSG00000139718	SETD1B	753	644	644	575	416	505	520	404
ENSG00000139719	VPS33A	682	602	805	539	412	346	352	403
ENSG00000139722	VPS37B	1334	1591	1622	1322	1093	1006	1421	1191
ENSG00000139725	RHOF	905	1587	1772	1295	765	377	1395	305
ENSG00000139726	DENR	3130	3319	3537	2936	1995	1727	2091	2021
ENSG00000139734	DIAPH3	214	324	445	313	306	119	230	154
ENSG00000139737	SLAIN1	52	68	63	39	52	41	18	69
ENSG00000139746	RBM26	1213	1285	1330	1082	1030	1165	928	929
ENSG00000139767	SRRM4	0	0	0	0	0	0	0	0
ENSG00000139793	MBNL2	702	1031	1061	744	734	388	649	471
ENSG00000139797	RNF113B	0	0	0	1	0	0	0	0
ENSG00000139800	ZIC5	4	10	10	9	18	6	6	16
ENSG00000139826	ABHD13	528	545	546	482	371	401	283	425
ENSG00000139832	RAB20	297	793	786	617	731	164	346	402
ENSG00000139835	GRTP1	2	3	4	0	3	5	4	3
ENSG00000139842	CUL4A	2607	3243	3300	2671	2085	1634	1788	2039
ENSG00000139865	TTC6	4	6	11	10	6	0	2	3
ENSG00000139874	SSTR1	0	0	0	4	3	0	0	0
ENSG00000139880	CDH24	374	405	514	362	254	245	252	197
ENSG00000139890	REM2	28	38	34	28	20	21	24	26
ENSG00000139899	CBLN3	52	69	64	65	45	45	26	49
ENSG00000139908	TSSK4	5	7	5	9	2	3	5	6
ENSG00000139910	NOVA1	207	179	137	109	97	193	102	136
ENSG00000139914	FITM1	2	3	4	1	3	1	2	7
ENSG00000139915	MDGA2	114	139	121	51	24	0	0	1
ENSG00000139921	TMX1	865	937	915	937	645	601	526	721
ENSG00000139926	FRMD6	1747	1355	1294	1361	1353	1271	1192	1182
ENSG00000139946	PELI2	14	15	10	14	42	44	36	63
ENSG00000139970	RTN1	8	7	0	4	33	21	1	29
ENSG00000139971	ARMH4	1	6	3	2	14	2	3	5
ENSG00000139973	SYT16	1	0	0	0	1	1	0	3
ENSG00000139974	SLC38A6	68	63	61	59	42	28	47	53
ENSG00000139977	NAA30	499	612	658	466	389	319	325	315
ENSG00000139985	ADAM21	10	14	7	7	6	2	7	3
ENSG00000139988	RDH12	3	1	0	0	2	1	0	4
ENSG00000139990	DCAF5	778	801	882	636	593	481	467	539
ENSG00000139998	RAB15	248	289	225	209	151	84	167	120
ENSG00000140006	WDR89	245	330	269	274	227	172	237	198
ENSG00000140009	ESR2	6	8	6	4	5	1	3	0
ENSG00000140015	KCNH5	36	38	29	27	14	6	30	12
ENSG00000140022	STON2	2	0	6	0	3	4	2	0
ENSG00000140025	EFCAB11	111	106	96	101	74	52	68	62
ENSG00000140030	GPR65	9	13	5	8	7	23	18	13
ENSG00000140043	PTGR2	305	432	408	308	227	142	226	260
ENSG00000140044	JDP2	59	47	42	42	33	47	42	35
ENSG00000140057	AK7	11	10	10	8	9	14	4	22
ENSG00000140090	SLC24A4	4	9	9	11	7	18	20	6
ENSG00000140092	FBLN5	10	5	11	9	7	5	6	5
ENSG00000140093	SERPINA10	0	2	4	3	1	9	3	2
ENSG00000140104	CLBA1	309	317	353	256	259	218	127	256
ENSG00000140105	WARS1	1632	1530	1791	1397	892	895	853	950
ENSG00000140107	SLC25A47	0	0	0	3	0	0	0	0
ENSG00000140153	WDR20	244	252	292	254	175	153	201	180
ENSG00000140157	NIPA2	1771	1565	1810	1487	1172	891	1000	1094
ENSG00000140199	SLC12A6	532	590	563	436	453	357	365	355
ENSG00000140254	DUOXA1	9	6	7	6	7	0	9	0
ENSG00000140259	MFAP1	1016	1265	1279	1020	818	630	661	819
ENSG00000140262	TCF12	2075	2093	2202	1691	1484	1402	1170	1386
ENSG00000140263	SORD	786	1041	1088	1052	618	469	524	687
ENSG00000140264	SERF2	4322	5038	5092	4977	4069	3982	3411	5076
ENSG00000140265	ZSCAN29	411	443	441	339	302	216	330	233
ENSG00000140274	DUOXA2	0	0	0	0	4	0	0	0
ENSG00000140279	DUOX2	0	2	6	5	2	1	3	0
ENSG00000140280	LYSMD2	238	211	183	234	182	184	151	206
ENSG00000140284	SLC27A2	0	1	0	0	0	0	0	1
ENSG00000140285	FGF7	50	54	25	35	50	66	47	30
ENSG00000140287	HDC	0	4	2	7	1	2	0	5
ENSG00000140297	GCNT3	5	0	9	9	4	2	3	0
ENSG00000140299	BNIP2	1612	1601	1658	1406	1016	961	864	896
ENSG00000140307	GTF2A2	1810	1811	2058	1855	1281	1080	1250	1393
ENSG00000140319	SRP14	5576	5646	6073	5016	3982	4255	3280	5008
ENSG00000140320	BAHD1	692	720	769	620	461	382	439	422
ENSG00000140323	DISP2	165	183	187	158	71	41	42	52
ENSG00000140326	CDAN1	240	270	292	237	183	109	196	147
ENSG00000140332	TLE3	923	702	577	532	571	825	415	880
ENSG00000140350	ANP32A	3062	3888	3633	3438	2518	2156	2006	2704
ENSG00000140365	COMMD4	1194	1340	1259	1242	901	800	887	998
ENSG00000140367	UBE2Q2	994	979	1085	884	766	650	581	816
ENSG00000140368	PSTPIP1	2	11	10	5	2	0	10	4
ENSG00000140374	ETFA	1064	1376	1348	1284	842	495	797	830
ENSG00000140379	BCL2A1	25	17	16	13	16	41	45	46
ENSG00000140382	HMG20A	908	964	1089	729	551	419	395	473
ENSG00000140386	SCAPER	110	187	193	100	132	103	134	127
ENSG00000140391	TSPAN3	3922	4012	3738	3408	2906	3002	2294	3656
ENSG00000140395	WDR61	722	771	824	676	522	441	403	606
ENSG00000140396	NCOA2	326	279	281	242	263	224	206	261
ENSG00000140398	NEIL1	98	103	74	69	77	101	93	70
ENSG00000140400	MAN2C1	950	1250	1119	1012	904	949	1206	967
ENSG00000140403	DNAJA4	0	3	0	0	0	2	6	0
ENSG00000140406	TLNRD1	1202	1053	1082	976	611	563	587	751
ENSG00000140416	TPM1	4032	3376	3060	3178	3422	1310	2358	1474
ENSG00000140443	IGF1R	1355	1856	1291	1310	1474	1024	1145	1206
ENSG00000140450	ARRDC4	204	344	451	251	159	117	74	114
ENSG00000140451	PIF1	281	294	310	332	181	203	288	226
ENSG00000140455	USP3	347	457	456	405	255	212	349	282
ENSG00000140459	CYP11A1	134	199	288	167	83	48	83	59
ENSG00000140463	BBS4	596	586	711	509	400	297	332	345
ENSG00000140464	PML	1982	2153	2280	1764	1274	1125	1163	1212
ENSG00000140465	CYP1A1	1	7	10	4	1	6	2	1
ENSG00000140470	ADAMTS17	32	36	28	19	19	14	20	16
ENSG00000140471	LINS1	76	78	65	73	66	36	50	58
ENSG00000140474	ULK3	794	705	668	510	309	316	287	429
ENSG00000140479	PCSK6	21	30	30	29	31	45	27	20
ENSG00000140481	CCDC33	17	11	6	4	12	17	3	7
ENSG00000140488	CELF6	0	14	0	5	4	11	3	0
ENSG00000140497	SCAMP2	846	1063	1028	862	739	559	606	750
ENSG00000140505	CYP1A2	1	1	0	0	1	0	3	1
ENSG00000140506	LMAN1L	0	0	0	0	0	0	1	0
ENSG00000140511	HAPLN3	273	209	159	166	169	264	106	279
ENSG00000140519	RHCG	0	0	3	1	0	0	0	16
ENSG00000140521	POLG	488	544	708	446	426	208	324	275
ENSG00000140522	RLBP1	18	24	18	11	30	19	6	21
ENSG00000140525	FANCI	1119	1290	1506	1123	867	643	829	763
ENSG00000140526	ABHD2	1343	1334	1424	1059	1101	871	867	983
ENSG00000140527	WDR93	3	10	17	5	8	8	2	12
ENSG00000140534	TICRR	274	324	354	258	244	180	223	198
ENSG00000140538	NTRK3	4	1	0	1	0	4	1	0
ENSG00000140543	DET1	162	228	194	175	136	78	131	146
ENSG00000140545	MFGE8	500	541	604	495	515	659	417	579
ENSG00000140548	ZNF710	528	475	697	396	313	253	480	336
ENSG00000140553	UNC45A	1449	1757	1916	1434	1088	720	842	1210
ENSG00000140557	ST8SIA2	0	0	0	0	1	2	0	0
ENSG00000140563	MCTP2	190	216	248	258	76	48	36	102
ENSG00000140564	FURIN	2113	1975	2188	1896	1613	1070	1413	1297
ENSG00000140575	IQGAP1	3428	4895	5785	3300	3579	1277	2023	1770
ENSG00000140577	CRTC3	374	543	721	471	477	264	437	385
ENSG00000140598	EFL1	469	810	635	452	471	344	324	566
ENSG00000140600	SH3GL3	34	21	32	35	39	4	4	0
ENSG00000140612	SEC11A	2358	3185	3011	2838	2547	1925	2026	2431
ENSG00000140623	SEPTIN12	0	0	0	0	1	1	0	0
ENSG00000140632	GLYR1	1503	1482	1790	1355	923	837	1024	977
ENSG00000140650	PMM2	1310	1234	1502	1136	896	697	731	922
ENSG00000140675	SLC5A2	0	4	2	0	0	0	0	2
ENSG00000140678	ITGAX	89	109	113	104	56	52	104	62
ENSG00000140682	TGFB1I1	894	1427	1287	1209	935	534	1151	753
ENSG00000140688	RUSF1	1641	1986	2223	1609	1251	652	1095	905
ENSG00000140691	ARMC5	693	662	697	526	358	441	455	450
ENSG00000140694	PARN	1425	1469	1591	1207	950	773	946	982
ENSG00000140718	FTO	900	941	841	660	601	616	606	613
ENSG00000140740	UQCRC2	2342	3175	3363	2697	1996	1139	1814	1935
ENSG00000140743	CDR2	557	695	708	551	427	320	463	299
ENSG00000140749	IGSF6	14	13	12	11	19	72	43	13
ENSG00000140750	ARHGAP17	1225	1440	1601	1136	709	540	782	666
ENSG00000140795	MYLK3	71	68	100	30	49	38	15	42
ENSG00000140798	ABCC12	2	0	1	0	0	0	0	0
ENSG00000140807	NKD1	369	104	27	47	383	539	141	926
ENSG00000140829	DHX38	2394	2718	3234	1945	1685	1103	1612	1277
ENSG00000140830	TXNL4B	537	573	678	516	395	292	328	347
ENSG00000140832	MARVELD3	0	2	1	1	7	4	2	3
ENSG00000140835	CHST4	1	2	0	6	1	0	0	0
ENSG00000140836	ZFHX3	482	584	516	479	537	609	688	319
ENSG00000140839	CLEC18B	7	2	2	0	0	4	0	0
ENSG00000140848	CPNE2	617	660	744	675	433	285	382	517
ENSG00000140853	NLRC5	427	352	461	231	184	148	189	151
ENSG00000140854	KATNB1	1453	1363	1890	1413	1004	794	913	1153
ENSG00000140859	KIFC3	3131	3695	4590	3441	2502	1542	2784	1914
ENSG00000140873	ADAMTS18	8	15	11	18	10	3	57	0
ENSG00000140876	NUDT7	24	34	33	35	21	19	13	15
ENSG00000140905	GCSH	1243	1201	1231	1212	890	775	805	912
ENSG00000140931	CMTM3	1724	1956	1973	1627	1087	884	933	1095
ENSG00000140932	CMTM2	0	2	2	0	0	0	0	0
ENSG00000140937	CDH11	241	274	304	265	306	307	175	173
ENSG00000140939	NOL3	534	1259	1063	885	1064	504	917	1144
ENSG00000140941	MAP1LC3B	1710	1749	1927	1499	1328	1154	1325	1142
ENSG00000140943	MBTPS1	2385	2415	2491	1801	1776	1035	1364	1561
ENSG00000140945	CDH13	571	1100	1537	872	1191	142	933	325
ENSG00000140948	ZCCHC14	660	734	616	481	400	278	451	351
ENSG00000140950	MEAK7	698	840	948	748	550	490	708	488
ENSG00000140955	ADAD2	1	0	0	0	1	2	0	0
ENSG00000140961	OSGIN1	65	72	105	84	41	37	39	54
ENSG00000140968	IRF8	30	32	36	41	34	11	74	11
ENSG00000140983	RHOT2	2869	3313	4129	2830	2243	1700	2526	2218
ENSG00000140986	RPL3L	5	5	11	1	6	0	2	5
ENSG00000140987	ZSCAN32	257	203	271	175	161	140	136	169
ENSG00000140988	RPS2	65882	97818	99326	79001	71224	35086	52969	65005
ENSG00000140990	NDUFB10	2690	3188	3337	3008	1861	1667	1794	2286
ENSG00000140992	PDPK1	982	1116	1086	785	723	675	802	632
ENSG00000140993	TIGD7	189	238	203	153	165	121	153	122
ENSG00000140995	DEF8	1044	1064	1318	948	796	691	725	794
ENSG00000141002	TCF25	1315	1467	1637	1425	1196	810	798	1076
ENSG00000141012	GALNS	224	270	242	218	198	202	134	247
ENSG00000141013	GAS8	216	212	214	150	95	210	143	187
ENSG00000141026	MED9	247	280	250	249	250	161	165	254
ENSG00000141027	NCOR1	1906	1903	1723	1506	1591	1593	1983	1331
ENSG00000141030	COPS3	1671	2202	2484	2008	1685	1072	1435	1626
ENSG00000141034	GID4	489	532	534	457	375	261	302	348
ENSG00000141040	ZNF287	124	147	181	143	104	127	87	105
ENSG00000141052	MYOCD	3	0	2	0	0	0	0	0
ENSG00000141068	KSR1	165	141	156	95	68	52	51	45
ENSG00000141076	UTP4	2408	2868	3567	2462	1992	1144	1561	1915
ENSG00000141084	RANBP10	478	600	625	450	388	253	367	320
ENSG00000141086	CTRL	23	25	15	19	16	13	0	19
ENSG00000141096	DPEP3	0	1	0	0	0	0	0	0
ENSG00000141098	GFOD2	660	753	748	597	539	446	521	470
ENSG00000141101	NOB1	2080	3384	3299	2724	2241	1238	2138	2276
ENSG00000141127	PRPSAP2	431	539	501	432	380	262	320	480
ENSG00000141161	UNC45B	2	2	0	2	2	3	5	2
ENSG00000141179	PCTP	341	359	403	335	240	210	195	195
ENSG00000141194	OR4D1	0	0	0	0	0	0	0	0
ENSG00000141198	TOM1L1	315	431	419	281	411	220	245	297
ENSG00000141200	KIF2B	0	0	0	0	0	0	0	0
ENSG00000141219	C17orf80	698	741	779	630	444	351	335	421
ENSG00000141232	TOB1	649	697	786	648	707	502	376	535
ENSG00000141252	VPS53	222	202	167	160	154	130	128	118
ENSG00000141255	SPATA22	0	0	0	0	0	0	0	0
ENSG00000141258	SGSM2	1075	1591	1787	1195	852	578	754	649
ENSG00000141279	NPEPPS	1404	1863	1970	1261	1393	626	691	649
ENSG00000141293	SKAP1	4	0	8	0	0	0	10	0
ENSG00000141294	LRRC46	16	18	23	12	14	15	17	31
ENSG00000141295	SCRN2	628	808	888	766	612	504	448	582
ENSG00000141298	SSH2	414	421	545	322	361	309	227	380
ENSG00000141314	RHBDL3	13	2	3	1	5	8	0	9
ENSG00000141337	ARSG	43	52	58	48	60	45	34	64
ENSG00000141338	ABCA8	23	22	6	2	24	38	0	37
ENSG00000141349	G6PC3	2418	2509	2958	2495	1570	1623	1309	2469
ENSG00000141367	CLTC	7876	8899	10133	6805	5758	3804	4017	4813
ENSG00000141376	BCAS3	283	339	344	248	261	159	138	222
ENSG00000141378	PTRH2	865	956	838	825	669	658	720	708
ENSG00000141380	SS18	2354	2632	2734	2238	1540	955	2010	948
ENSG00000141384	TAF4B	698	786	845	457	442	135	383	316
ENSG00000141385	AFG3L2	1270	1500	1802	1490	1004	368	703	661
ENSG00000141391	PRELID3A	77	129	122	103	97	52	105	59
ENSG00000141401	IMPA2	424	492	503	575	322	114	261	239
ENSG00000141404	GNAL	27	24	28	30	36	37	19	20
ENSG00000141424	SLC39A6	2211	2710	2867	1888	1603	730	1280	1007
ENSG00000141425	RPRD1A	2290	2495	2577	1715	1374	753	1473	953
ENSG00000141428	C18orf21	494	645	622	495	340	191	376	254
ENSG00000141429	GALNT1	2217	2263	2620	1904	1166	699	1322	902
ENSG00000141431	ASXL3	9	10	5	1	0	0	0	0
ENSG00000141433	ADCYAP1	0	2	0	2	3	0	0	3
ENSG00000141434	MEP1B	1	0	0	0	0	1	0	0
ENSG00000141437	SLC25A52	9	9	7	8	7	2	4	2
ENSG00000141441	GAREM1	60	52	25	14	54	74	27	55
ENSG00000141446	ESCO1	725	833	840	633	469	284	480	336
ENSG00000141447	OSBPL1A	913	1505	1343	1003	771	400	950	555
ENSG00000141448	GATA6	95	141	147	82	81	25	36	18
ENSG00000141449	GREB1L	9	15	16	7	23	8	16	6
ENSG00000141452	RMC1	575	642	691	428	337	181	364	244
ENSG00000141456	PELP1	2408	2545	2822	2221	1854	1813	2120	1765
ENSG00000141458	NPC1	1065	1811	1803	1155	865	435	1261	528
ENSG00000141469	SLC14A1	739	995	683	858	1554	2066	2743	1803
ENSG00000141480	ARRB2	796	1033	1223	1010	677	398	569	671
ENSG00000141497	ZMYND15	21	6	9	2	8	18	10	16
ENSG00000141499	WRAP53	432	491	502	468	383	247	367	345
ENSG00000141503	MINK1	971	1249	1422	1184	767	618	828	633
ENSG00000141504	SAT2	105	135	147	107	164	83	108	160
ENSG00000141505	ASGR1	51	101	74	43	67	105	43	94
ENSG00000141506	PIK3R5	0	0	0	0	0	1	0	2
ENSG00000141510	TP53	1818	2732	2453	2125	1897	1263	1216	1822
ENSG00000141519	CCDC40	48	48	70	41	57	68	13	75
ENSG00000141522	ARHGDIA	9757	10966	14231	11457	9123	6955	9760	9480
ENSG00000141524	TMC6	202	218	266	208	213	240	59	193
ENSG00000141526	SLC16A3	116	250	292	159	145	373	188	321
ENSG00000141527	CARD14	5	0	0	8	0	3	6	0
ENSG00000141540	TTYH2	86	58	41	20	51	69	2	52
ENSG00000141542	RAB40B	133	85	103	80	135	124	65	138
ENSG00000141543	EIF4A3	1846	2290	2606	1940	1517	991	1144	1482
ENSG00000141551	CSNK1D	2881	3453	3693	2825	2101	1785	2061	2175
ENSG00000141552	ANAPC11	1125	1393	1392	1334	1145	783	985	1263
ENSG00000141556	TBCD	868	997	1069	628	809	470	536	794
ENSG00000141560	FN3KRP	674	870	905	811	723	481	582	626
ENSG00000141562	NARF	386	437	490	350	332	257	195	378
ENSG00000141564	RPTOR	586	1218	1028	774	519	327	293	442
ENSG00000141568	FOXK2	1341	1300	1388	1199	911	808	904	1023
ENSG00000141569	TRIM65	1176	1322	1405	1115	870	748	962	927
ENSG00000141570	CBX8	487	532	505	412	391	346	327	422
ENSG00000141574	SECTM1	25	34	75	26	24	36	13	27
ENSG00000141576	RNF157	539	342	449	287	459	480	307	570
ENSG00000141577	CEP131	364	460	483	376	373	399	361	342
ENSG00000141579	ZNF750	1	0	1	0	0	0	1	0
ENSG00000141580	WDR45B	1602	2255	2607	1906	1680	818	1393	1307
ENSG00000141582	CBX4	1195	1136	1270	1025	860	847	852	992
ENSG00000141622	RNF165	4	50	11	5	35	14	19	14
ENSG00000141627	DYM	526	721	692	684	779	324	705	466
ENSG00000141639	MAPK4	17	13	12	1	4	4	1	17
ENSG00000141642	ELAC1	261	235	293	221	139	90	108	112
ENSG00000141644	MBD1	1896	2032	2529	1555	1054	656	1444	710
ENSG00000141646	SMAD4	1002	1408	1413	994	684	466	901	455
ENSG00000141655	TNFRSF11A	4	12	12	13	18	2	5	9
ENSG00000141664	ZCCHC2	233	528	505	337	243	77	315	107
ENSG00000141665	FBXO15	6	18	11	3	10	3	1	3
ENSG00000141668	CBLN2	1	4	1	0	0	5	0	0
ENSG00000141682	PMAIP1	1779	2443	2357	2278	2893	1633	3381	2188
ENSG00000141696	P3H4	1364	1395	1375	1069	933	902	640	1012
ENSG00000141698	NT5C3B	102	109	68	63	97	51	50	79
ENSG00000141699	RETREG3	840	872	892	775	661	587	544	639
ENSG00000141736	ERBB2	783	1011	1087	813	783	585	621	636
ENSG00000141738	GRB7	8	16	10	9	17	2	7	9
ENSG00000141741	MIEN1	893	969	1064	974	846	790	657	1035
ENSG00000141744	PNMT	5	11	5	1	5	17	4	11
ENSG00000141750	STAC2	25	33	26	19	15	52	23	36
ENSG00000141753	IGFBP4	7397	8396	9466	10398	10976	2216	5299	2831
ENSG00000141756	FKBP10	7512	9551	9162	7132	6298	5882	4577	7842
ENSG00000141759	TXNL4A	1999	2234	2528	2105	1249	656	1390	994
ENSG00000141837	CACNA1A	153	141	154	129	108	150	83	122
ENSG00000141854	MISP3	4	8	5	10	20	23	0	12
ENSG00000141858	SAMD1	1692	1847	1610	1503	1283	1571	1349	1580
ENSG00000141867	BRD4	3139	3659	3707	3008	2825	2680	3127	2396
ENSG00000141873	SLC39A3	413	338	444	369	311	241	261	352
ENSG00000141905	NFIC	2580	2669	2932	2203	2083	2295	2487	1952
ENSG00000141933	TPGS1	1113	1286	1195	1093	874	859	665	1162
ENSG00000141934	PLPP2	1452	1763	1670	1569	1295	1240	1767	1402
ENSG00000141946	ZIM3	0	0	1	0	0	1	0	0
ENSG00000141956	PRDM15	307	317	285	183	234	200	185	208
ENSG00000141959	PFKL	1664	2344	2552	1820	1715	1079	1015	1777
ENSG00000141965	FEM1A	425	435	464	402	390	374	314	358
ENSG00000141968	VAV1	10	13	16	19	11	3	14	9
ENSG00000141971	MVB12A	1632	1910	1882	1575	1286	1189	864	1414
ENSG00000141977	CIB3	0	0	0	0	0	1	0	0
ENSG00000141985	SH3GL1	4154	4843	5961	4090	3058	2217	2241	3377
ENSG00000141994	DUS3L	1133	1235	1243	1059	849	563	970	1000
ENSG00000142002	DPP9	2399	2829	3386	2507	1925	1310	2306	1473
ENSG00000142039	CCDC97	696	697	811	494	508	396	334	470
ENSG00000142046	TMEM91	63	110	78	71	103	80	72	68
ENSG00000142065	ZFP14	155	146	100	90	137	172	88	142
ENSG00000142082	SIRT3	227	317	300	278	217	188	174	235
ENSG00000142089	IFITM3	4374	6041	5828	4884	3490	3386	2292	4569
ENSG00000142102	PGGHG	133	158	132	152	141	130	201	189
ENSG00000142149	HUNK	0	2	3	0	2	1	4	2
ENSG00000142156	COL6A1	16314	11509	10384	6579	8120	7397	8283	11566
ENSG00000142166	IFNAR1	427	413	369	354	358	330	200	339
ENSG00000142168	SOD1	2567	2348	2338	2194	1802	1918	1349	2353
ENSG00000142173	COL6A2	10588	7403	5868	4827	6682	9792	7576	11997
ENSG00000142178	SIK1	0	0	0	0	0	0	4	0
ENSG00000142182	DNMT3L	0	1	0	0	0	0	0	0
ENSG00000142185	TRPM2	157	180	145	128	127	40	155	116
ENSG00000142186	SCYL1	4624	5797	4759	4971	4307	5394	6662	3857
ENSG00000142188	TMEM50B	247	216	220	230	181	179	123	209
ENSG00000142192	APP	7800	8408	8546	5986	6846	6243	4950	6706
ENSG00000142197	DOP1B	136	172	167	122	117	76	58	62
ENSG00000142207	URB1	1328	1357	1680	1070	851	629	704	661
ENSG00000142208	AKT1	2555	2300	3449	2606	2066	1298	1474	1653
ENSG00000142224	IL19	21	13	0	4	20	26	0	52
ENSG00000142227	EMP3	3088	3497	3505	3264	2385	1991	2311	2258
ENSG00000142230	SAE1	3177	3832	4596	2886	2677	1597	1578	2378
ENSG00000142233	NTN5	0	4	5	2	7	3	1	2
ENSG00000142235	LMTK3	6	8	11	4	7	8	10	5
ENSG00000142252	GEMIN7	449	480	476	384	376	280	238	390
ENSG00000142279	WTIP	125	180	167	144	123	72	150	71
ENSG00000142303	ADAMTS10	49	37	21	18	0	21	5	9
ENSG00000142319	SLC6A3	0	0	0	0	0	0	2	0
ENSG00000142327	RNPEPL1	688	824	900	692	528	353	430	558
ENSG00000142330	CAPN10	298	298	323	268	232	197	208	207
ENSG00000142347	MYO1F	14	15	21	11	22	10	6	30
ENSG00000142396	ERVK3-1	1251	1027	1223	962	860	746	474	887
ENSG00000142405	NLRP12	0	0	0	0	0	0	0	0
ENSG00000142408	CACNG8	373	421	305	259	383	460	417	233
ENSG00000142409	ZNF787	1465	1779	1916	1337	1136	948	802	1402
ENSG00000142444	TIMM29	496	574	565	521	515	339	335	422
ENSG00000142449	FBN3	0	2	1	0	0	0	0	0
ENSG00000142453	CARM1	3036	3683	4268	2899	2406	1677	1503	2259
ENSG00000142459	EVI5L	382	450	592	373	337	260	358	344
ENSG00000142484	TM4SF5	0	0	0	0	0	1	0	1
ENSG00000142494	SLC47A1	7	1	0	1	0	17	0	8
ENSG00000142507	PSMB6	1794	2039	2109	2054	1422	1172	1508	1621
ENSG00000142511	GPR32	0	0	1	0	0	0	0	0
ENSG00000142512	SIGLEC10	6	4	1	0	0	1	2	3
ENSG00000142513	ACP4	0	0	1	0	0	0	0	0
ENSG00000142528	ZNF473	303	336	416	260	267	193	167	284
ENSG00000142530	GARIN5A	9	13	14	13	6	5	3	8
ENSG00000142534	RPS11	25418	33348	32805	25600	32553	19852	17130	33578
ENSG00000142539	NA	1	0	1	3	0	0	0	0
ENSG00000142541	RPL13A	80433	106487	103724	80996	103248	60401	57574	99775
ENSG00000142544	CTU1	532	666	660	491	432	358	343	533
ENSG00000142546	NOSIP	1918	2057	2313	1723	1526	1493	801	1950
ENSG00000142549	IGLON5	4	3	2	1	1	2	0	2
ENSG00000142552	RCN3	144	163	188	131	281	240	51	268
ENSG00000142556	ZNF614	121	185	147	92	134	123	57	109
ENSG00000142583	SLC2A5	0	5	14	10	9	16	10	12
ENSG00000142599	RERE	2069	2071	1981	1341	1524	1572	1158	1695
ENSG00000142606	MMEL1	2	0	3	0	0	0	0	0
ENSG00000142609	CFAP74	1	1	1	0	0	0	0	0
ENSG00000142611	PRDM16	0	0	0	1	1	0	0	2
ENSG00000142619	PADI3	40	23	20	24	18	57	32	22
ENSG00000142621	FHAD1	21	11	25	9	16	19	10	30
ENSG00000142623	PADI1	9	2	2	12	6	0	4	0
ENSG00000142627	EPHA2	4274	6565	7636	4661	4930	3600	5422	3276
ENSG00000142632	ARHGEF19	153	181	170	180	119	76	108	134
ENSG00000142634	EFHD2	3555	6721	7735	6133	3870	1725	4373	2479
ENSG00000142655	PEX14	567	739	834	672	535	436	500	593
ENSG00000142657	PGD	3107	3474	4010	2784	2011	1650	1631	2352
ENSG00000142661	MYOM3	39	19	50	18	24	57	24	48
ENSG00000142669	SH3BGRL3	7610	8434	9431	8349	5692	7258	6354	8872
ENSG00000142675	CNKSR1	0	15	0	0	0	13	0	0
ENSG00000142676	RPL11	11797	18244	18283	14510	14448	10324	11751	13871
ENSG00000142677	IL22RA1	25	35	49	21	30	22	12	31
ENSG00000142684	ZNF593	649	710	831	784	699	552	554	705
ENSG00000142686	C1orf216	615	500	498	461	477	466	439	495
ENSG00000142687	KIAA0319L	1405	1801	1858	1332	1057	1013	962	944
ENSG00000142694	EVA1B	1394	1905	2053	1778	1285	1537	1156	1672
ENSG00000142698	C1orf94	0	0	2	2	0	7	2	2
ENSG00000142700	DMRTA2	2	0	0	1	0	0	1	0
ENSG00000142731	PLK4	370	408	516	428	304	206	296	291
ENSG00000142733	MAP3K6	172	218	207	120	107	92	78	122
ENSG00000142748	FCN3	2	0	1	0	0	4	0	3
ENSG00000142751	GPN2	1390	1728	1842	1271	914	744	813	876
ENSG00000142765	SYTL1	53	77	102	35	11	55	20	39
ENSG00000142784	WDTC1	885	1164	1387	943	787	709	506	848
ENSG00000142794	NBPF3	123	30	28	113	0	101	82	60
ENSG00000142798	HSPG2	1039	1721	2071	962	995	362	684	499
ENSG00000142856	ITGB3BP	491	599	616	571	470	344	373	464
ENSG00000142864	SERBP1	14989	19418	20164	14830	11826	8279	10126	11483
ENSG00000142867	BCL10	371	553	526	440	349	262	297	315
ENSG00000142871	CCN1	1869	4563	4511	3037	3974	312	2771	748
ENSG00000142875	PRKACB	815	793	789	739	655	1165	585	1075
ENSG00000142892	PIGK	520	636	636	513	433	359	420	357
ENSG00000142910	TINAGL1	1631	1909	2138	1282	2345	1042	1567	1227
ENSG00000142920	AZIN2	111	256	245	240	119	40	70	41
ENSG00000142937	RPS8	23901	37114	36423	30909	34710	20115	23603	30347
ENSG00000142945	KIF2C	1779	1997	2590	1864	1275	913	1195	1158
ENSG00000142949	PTPRF	4894	9756	11985	6444	5521	500	4627	1361
ENSG00000142959	BEST4	6	8	5	8	6	8	4	3
ENSG00000142961	MOB3C	272	358	407	287	298	230	295	291
ENSG00000143001	TMEM61	1	7	6	3	7	0	3	1
ENSG00000143013	LMO4	1074	909	930	793	601	1018	754	586
ENSG00000143028	SYPL2	17	13	19	2	29	7	8	17
ENSG00000143033	MTF2	500	511	538	495	302	378	335	312
ENSG00000143036	SLC44A3	17	4	17	15	14	9	1	26
ENSG00000143061	IGSF3	756	606	602	480	776	856	409	949
ENSG00000143067	ZNF697	800	909	1088	713	841	543	791	855
ENSG00000143079	CTTNBP2NL	617	784	902	619	564	365	519	350
ENSG00000143093	STRIP1	498	608	624	462	411	395	366	419
ENSG00000143106	PSMA5	1363	1454	1876	1338	986	636	741	969
ENSG00000143107	FNDC7	0	1	1	0	1	0	0	1
ENSG00000143110	C1orf162	2	8	0	4	2	4	5	0
ENSG00000143119	CD53	0	0	0	0	1	0	0	0
ENSG00000143125	PROK1	0	1	1	0	2	0	1	0
ENSG00000143126	CELSR2	294	432	407	235	283	198	115	247
ENSG00000143127	ITGA10	1101	1008	663	616	479	440	741	227
ENSG00000143147	GPR161	584	522	432	318	463	338	349	386
ENSG00000143149	ALDH9A1	1971	2101	2093	1567	1294	1120	1113	1351
ENSG00000143153	ATP1B1	1466	1485	1566	1273	1464	1124	1289	1137
ENSG00000143155	TIPRL	2163	2139	1922	1698	1454	1347	1356	1565
ENSG00000143156	NME7	730	781	748	532	491	349	433	506
ENSG00000143157	POGK	1577	1665	1297	1018	1008	908	1043	1029
ENSG00000143158	MPC2	827	807	712	729	683	458	611	686
ENSG00000143162	CREG1	1475	1813	1410	1170	1251	1106	772	1466
ENSG00000143164	DCAF6	868	924	995	803	630	477	538	618
ENSG00000143167	GPA33	3	6	2	4	1	1	0	0
ENSG00000143171	RXRG	12	13	2	5	27	26	1	16
ENSG00000143178	TBX19	48	46	31	35	57	49	31	46
ENSG00000143179	UCK2	2622	2468	2716	2102	1654	1109	1713	1679
ENSG00000143183	TMCO1	3171	3233	2996	2560	2335	2398	1888	2373
ENSG00000143184	XCL1	13	15	11	8	14	38	22	23
ENSG00000143185	XCL2	0	2	0	5	0	0	1	0
ENSG00000143190	POU2F1	1067	1443	1116	814	972	822	955	841
ENSG00000143194	MAEL	1	0	0	1	0	0	0	0
ENSG00000143195	ILDR2	96	40	72	19	12	19	14	15
ENSG00000143196	DPT	2	3	0	3	1	0	0	0
ENSG00000143198	MGST3	738	769	660	627	629	501	558	693
ENSG00000143199	ADCY10	0	0	1	0	0	0	0	0
ENSG00000143207	COP1	788	690	801	546	509	465	418	530
ENSG00000143217	NECTIN4	139	128	145	138	133	37	97	46
ENSG00000143222	UFC1	2626	2744	2327	2075	2116	1950	2177	2477
ENSG00000143224	PPOX	326	326	230	203	255	254	186	273
ENSG00000143226	FCGR2A	31	50	51	29	55	55	13	77
ENSG00000143228	NUF2	1225	1507	1547	1198	1176	868	1048	1058
ENSG00000143248	RGS5	400	148	114	97	462	2293	36	447
ENSG00000143252	SDHC	3184	3753	3213	2700	2420	1809	1874	2631
ENSG00000143256	PFDN2	3782	4306	3438	3339	2987	3729	4699	4043
ENSG00000143257	NR1I3	6	0	8	1	1	8	0	2
ENSG00000143258	USP21	656	678	609	505	375	370	390	430
ENSG00000143278	F13B	0	0	0	0	0	0	0	0
ENSG00000143294	PRCC	2667	2660	2468	2103	1725	2104	1797	2330
ENSG00000143303	METTL25B	476	557	453	469	390	314	359	396
ENSG00000143314	MRPL24	2623	2670	2132	2053	1527	1520	1721	2173
ENSG00000143315	PIGM	1129	1070	856	795	835	776	732	716
ENSG00000143318	CASQ1	15	3	18	4	4	5	2	5
ENSG00000143319	ISG20L2	2644	2471	2219	1728	1627	1426	1239	1486
ENSG00000143320	CRABP2	170	228	191	149	84	260	30	112
ENSG00000143321	HDGF	16374	18706	18915	16389	12461	8617	13120	11487
ENSG00000143322	ABL2	1751	3037	2507	1577	2133	834	2147	806
ENSG00000143324	XPR1	949	1076	971	849	634	623	625	639
ENSG00000143333	RGS16	1075	1212	756	668	583	1326	1592	651
ENSG00000143337	TOR1AIP1	1531	1518	1364	1139	1247	1103	1095	1158
ENSG00000143340	FAM163A	3	0	1	0	0	1	1	1
ENSG00000143341	HMCN1	63	15	8	30	69	158	8	48
ENSG00000143344	RGL1	803	692	629	465	352	431	307	420
ENSG00000143353	LYPLAL1	383	417	343	296	225	231	232	268
ENSG00000143355	LHX9	35	13	19	16	39	27	10	25
ENSG00000143363	PRUNE1	495	426	384	295	283	272	199	256
ENSG00000143365	RORC	6	0	39	0	23	17	0	0
ENSG00000143367	TUFT1	614	850	994	547	484	178	573	206
ENSG00000143368	SF3B4	3589	3198	3329	2680	2042	2295	2237	2498
ENSG00000143369	ECM1	937	965	890	763	558	814	793	850
ENSG00000143373	ZNF687	777	633	689	588	544	524	470	572
ENSG00000143374	TARS2	1323	1223	1335	931	697	523	541	644
ENSG00000143375	CGN	176	262	267	201	63	19	89	11
ENSG00000143376	SNX27	1459	1452	1230	1017	923	876	1062	955
ENSG00000143379	SETDB1	1216	1402	1201	1037	995	854	819	947
ENSG00000143382	ADAMTSL4	269	724	601	301	166	67	169	78
ENSG00000143384	MCL1	7193	8684	7656	5580	7723	5643	7805	7217
ENSG00000143387	CTSK	959	589	453	469	504	490	367	542
ENSG00000143390	RFX5	1875	1539	1692	1146	1142	1112	981	1187
ENSG00000143393	PI4KB	1859	1652	1910	1336	1285	1053	1207	1291
ENSG00000143398	PIP5K1A	2431	2731	2868	1991	1732	1511	1995	1584
ENSG00000143401	ANP32E	3284	3537	3210	2921	2332	2460	2575	2382
ENSG00000143409	MINDY1	414	458	387	273	338	322	319	229
ENSG00000143412	ANXA9	96	103	107	58	90	113	59	106
ENSG00000143416	SELENBP1	23	14	31	5	6	67	3	15
ENSG00000143418	CERS2	5691	6512	6119	4740	4484	3802	3928	4761
ENSG00000143420	ENSA	4837	4914	4643	4167	3515	3456	3898	4289
ENSG00000143434	SEMA6C	166	123	122	100	67	77	68	77
ENSG00000143436	MRPL9	2058	2335	2242	1875	1565	1164	1823	1570
ENSG00000143437	ARNT	574	720	664	515	613	486	575	502
ENSG00000143442	POGZ	1394	1724	1346	1150	1215	1156	1271	1131
ENSG00000143443	C1orf56	316	336	282	223	210	211	179	252
ENSG00000143450	OAZ3	14	21	15	27	18	28	20	12
ENSG00000143452	HORMAD1	2	5	2	1	5	5	0	3
ENSG00000143457	GOLPH3L	654	715	597	484	426	355	298	404
ENSG00000143458	GABPB2	174	234	241	193	250	234	232	183
ENSG00000143469	SYT14	180	208	161	94	38	25	152	16
ENSG00000143473	KCNH1	20	42	71	38	100	2	73	5
ENSG00000143476	DTL	855	835	924	734	620	543	690	574
ENSG00000143479	DYRK3	1020	990	1008	644	668	494	623	546
ENSG00000143486	EIF2D	1427	1838	1555	1368	1043	967	1072	1245
ENSG00000143493	INTS7	1126	1024	1192	732	720	519	607	555
ENSG00000143494	VASH2	91	51	53	47	43	73	59	42
ENSG00000143498	TAF1A	435	634	528	412	367	266	404	345
ENSG00000143499	SMYD2	1160	1368	1114	1004	812	588	685	1046
ENSG00000143502	SUSD4	15	9	17	10	12	2	12	4
ENSG00000143507	DUSP10	98	147	130	108	182	47	201	90
ENSG00000143512	HHIPL2	31	8	7	8	14	26	0	37
ENSG00000143514	TP53BP2	1122	1246	1215	803	942	775	1005	867
ENSG00000143515	ATP8B2	2587	2640	2266	1915	1547	1226	1305	1197
ENSG00000143520	FLG2	7	11	6	3	3	7	3	1
ENSG00000143536	CRNN	3	5	5	1	1	0	0	0
ENSG00000143537	ADAM15	2843	4025	4982	3618	1937	1387	1940	2104
ENSG00000143543	JTB	2306	2434	2112	1978	1793	1795	1651	2012
ENSG00000143545	RAB13	6366	6675	5335	4787	5691	6923	4441	8278
ENSG00000143549	TPM3	12287	12863	13298	11857	9435	7265	9686	8949
ENSG00000143552	NUP210L	1	0	0	3	2	2	1	0
ENSG00000143553	SNAPIN	1032	999	1045	876	676	628	628	915
ENSG00000143554	SLC27A3	266	304	254	167	205	205	135	207
ENSG00000143556	S100A7	0	0	0	1	2	0	0	0
ENSG00000143569	UBAP2L	5876	5964	6507	4256	3261	2975	2940	3642
ENSG00000143570	SLC39A1	4794	6478	5858	4786	4475	2929	3408	3794
ENSG00000143575	HAX1	1739	2085	1928	1722	1385	1012	1253	1362
ENSG00000143578	CREB3L4	312	358	290	226	219	213	181	225
ENSG00000143590	EFNA3	98	367	266	182	205	122	105	219
ENSG00000143595	AQP10	1	0	0	0	0	1	1	0
ENSG00000143603	KCNN3	51	48	32	40	13	29	26	20
ENSG00000143612	C1orf43	6463	7661	6694	5821	5810	4027	5072	5721
ENSG00000143614	GATAD2B	1635	1625	1576	1292	1211	1059	1139	1359
ENSG00000143621	ILF2	6373	6346	6359	5409	4637	3696	4348	4931
ENSG00000143622	RIT1	643	682	642	535	533	549	496	483
ENSG00000143624	INTS3	1205	1300	1430	770	611	563	529	479
ENSG00000143627	PKLR	0	2	1	0	0	0	0	0
ENSG00000143630	HCN3	85	78	84	73	92	79	84	53
ENSG00000143631	FLG	254	275	235	128	143	66	75	78
ENSG00000143632	ACTA1	25	8	20	72	14	12	24	10
ENSG00000143633	C1orf131	537	517	475	409	404	482	358	524
ENSG00000143641	GALNT2	3359	3684	3269	2365	2340	2624	1764	2597
ENSG00000143643	TTC13	473	417	363	285	323	377	253	356
ENSG00000143653	SCCPDH	1405	1813	1459	1270	1302	979	1095	1440
ENSG00000143669	LYST	220	347	284	250	279	127	202	87
ENSG00000143674	MAP3K21	165	266	254	183	155	84	208	100
ENSG00000143702	CEP170	1874	1858	2014	1081	1378	1440	1521	1131
ENSG00000143727	ACP1	1848	2077	2344	1890	1641	1136	1321	1616
ENSG00000143740	SNAP47	919	1151	1189	839	757	356	515	557
ENSG00000143742	SRP9	4071	4245	3877	3688	3170	3221	2835	3605
ENSG00000143748	NVL	576	623	599	414	459	325	381	385
ENSG00000143751	SDE2	906	928	936	693	859	680	759	747
ENSG00000143753	DEGS1	1599	1820	1614	1565	1448	1154	1311	1460
ENSG00000143756	FBXO28	1652	1856	1628	1206	1043	885	1021	1011
ENSG00000143761	ARF1	10290	10856	10567	8981	7824	6547	7832	8488
ENSG00000143768	LEFTY2	0	0	0	0	0	0	0	0
ENSG00000143771	CNIH4	1172	1308	1170	1137	1148	855	944	1251
ENSG00000143772	ITPKB	736	650	503	423	431	474	458	437
ENSG00000143774	GUK1	5170	6436	6126	5684	4707	3202	3937	4841
ENSG00000143776	CDC42BPA	1576	1269	1149	963	1045	867	742	1082
ENSG00000143786	CNIH3	314	163	104	103	217	334	96	537
ENSG00000143793	C1orf35	914	909	1067	895	697	777	745	776
ENSG00000143797	MBOAT2	540	589	470	470	370	333	475	320
ENSG00000143799	PARP1	6263	6639	8138	4487	3665	2695	2766	3521
ENSG00000143801	PSEN2	487	447	359	348	326	378	307	499
ENSG00000143811	PYCR2	2578	2649	2544	1956	1439	1886	1471	2037
ENSG00000143815	LBR	1294	1531	1420	1285	988	512	990	674
ENSG00000143816	WNT9A	227	199	162	147	223	547	108	465
ENSG00000143819	EPHX1	1033	908	805	682	478	477	298	603
ENSG00000143839	REN	1	3	4	3	2	0	8	1
ENSG00000143842	SOX13	266	329	318	199	228	197	135	278
ENSG00000143845	ETNK2	761	883	849	763	586	481	597	587
ENSG00000143847	PPFIA4	210	599	503	157	528	149	325	416
ENSG00000143850	PLEKHA6	104	138	147	63	104	186	353	150
ENSG00000143851	PTPN7	9	10	1	12	17	6	13	26
ENSG00000143858	SYT2	0	4	1	0	0	1	0	0
ENSG00000143862	ARL8A	901	1121	1018	702	792	736	649	891
ENSG00000143867	OSR1	2	0	0	1	0	1	1	3
ENSG00000143869	GDF7	8	9	15	8	2	5	2	3
ENSG00000143870	PDIA6	3699	4525	4655	4182	4528	3012	3511	4461
ENSG00000143878	RHOB	2311	2856	2611	2033	6596	1932	3034	2615
ENSG00000143882	ATP6V1C2	18	44	40	39	35	52	39	44
ENSG00000143889	HNRNPLL	1006	1038	1101	939	688	548	556	734
ENSG00000143891	GALM	0	2	1	0	2	1	1	0
ENSG00000143919	CAMKMT	119	130	127	112	82	121	64	88
ENSG00000143921	ABCG8	1	0	1	2	1	0	2	0
ENSG00000143924	EML4	1005	1038	1259	699	474	417	427	353
ENSG00000143933	CALM2	11227	11462	11922	12185	9559	6298	9481	8077
ENSG00000143942	CHAC2	326	293	328	301	226	159	168	210
ENSG00000143947	RPS27A	14840	19880	18154	17297	16372	11395	15436	15367
ENSG00000143951	WDPCP	278	312	238	212	239	252	317	211
ENSG00000143952	VPS54	572	662	581	544	420	374	428	376
ENSG00000143954	REG3G	0	0	0	0	0	0	0	0
ENSG00000143970	ASXL2	1036	1145	1197	869	747	586	632	573
ENSG00000143971	ETAA1	430	518	564	438	356	280	308	316
ENSG00000143977	SNRPG	2404	2674	2511	2735	1830	1679	2078	2078
ENSG00000143994	ABHD1	5	13	2	0	5	6	0	3
ENSG00000143995	MEIS1	98	74	77	82	81	102	67	71
ENSG00000144010	TRIM43B	5	6	5	4	3	3	1	1
ENSG00000144015	TRIM43	0	4	3	4	1	0	0	0
ENSG00000144021	CIAO1	2161	2412	2400	1803	1478	1317	1146	1541
ENSG00000144026	ZNF514	230	212	182	237	194	154	178	169
ENSG00000144028	SNRNP200	3374	3977	6113	2633	2340	971	1288	1234
ENSG00000144029	MRPS5	581	721	751	720	544	435	594	476
ENSG00000144031	ANKRD53	8	7	8	7	3	3	7	3
ENSG00000144034	TPRKB	1085	1182	1256	1092	839	670	743	905
ENSG00000144035	NAT8	1	0	0	0	0	0	0	0
ENSG00000144036	EXOC6B	278	376	440	264	291	171	234	201
ENSG00000144040	SFXN5	408	321	353	306	258	293	208	304
ENSG00000144043	TEX261	1254	1448	1708	1113	1047	607	563	911
ENSG00000144045	DQX1	2	0	0	0	0	0	0	0
ENSG00000144048	DUSP11	454	437	496	428	401	314	375	368
ENSG00000144057	ST6GAL2	1	3	1	0	7	3	4	1
ENSG00000144061	NPHP1	131	136	143	112	115	62	85	86
ENSG00000144063	MALL	5	5	4	5	0	8	4	7
ENSG00000144115	THNSL2	104	179	108	117	93	127	28	85
ENSG00000144118	RALB	999	959	1036	898	716	583	621	741
ENSG00000144119	C1QL2	0	0	0	0	0	0	1	0
ENSG00000144120	TMEM177	323	281	348	251	195	158	149	227
ENSG00000144130	NT5DC4	1	0	1	1	1	2	5	3
ENSG00000144134	RABL2A	17	36	24	32	21	17	9	20
ENSG00000144136	SLC20A1	4053	3110	2591	2606	3770	5800	3917	4916
ENSG00000144152	FBLN7	8	6	4	5	20	11	2	33
ENSG00000144161	ZC3H8	199	272	229	183	156	177	156	149
ENSG00000144182	LIPT1	108	126	116	92	73	67	66	60
ENSG00000144191	CNGA3	0	0	0	0	0	0	0	0
ENSG00000144199	FAHD2B	89	161	168	128	92	62	84	92
ENSG00000144214	LYG1	6	14	3	3	2	9	4	0
ENSG00000144218	AFF3	27	52	43	71	108	25	26	30
ENSG00000144224	UBXN4	1673	1888	1755	1704	1447	1808	1545	1437
ENSG00000144227	NXPH2	2	10	8	5	11	0	3	3
ENSG00000144228	SPOPL	348	397	427	315	330	198	270	237
ENSG00000144229	THSD7B	0	1	0	2	1	0	0	0
ENSG00000144230	GPR17	8	3	10	7	5	6	6	2
ENSG00000144231	POLR2D	1190	1307	1433	1025	828	697	655	867
ENSG00000144233	AMMECR1L	356	376	376	325	124	118	23	134
ENSG00000144278	GALNT13	67	111	89	69	76	18	88	24
ENSG00000144283	PKP4	545	562	592	570	391	226	315	257
ENSG00000144285	SCN1A	0	0	0	0	0	0	0	0
ENSG00000144290	SLC4A10	0	1	3	1	1	2	2	3
ENSG00000144306	SCRN3	325	383	404	234	218	204	150	225
ENSG00000144320	LNPK	410	804	660	472	569	308	483	460
ENSG00000144331	ZNF385B	10	0	6	4	2	0	5	2
ENSG00000144339	TMEFF2	36	53	116	105	147	18	26	53
ENSG00000144354	CDCA7	206	394	450	388	280	45	163	157
ENSG00000144355	DLX1	501	378	351	385	314	477	404	463
ENSG00000144357	UBR3	382	396	455	292	289	153	152	201
ENSG00000144362	PHOSPHO2	26	25	30	37	22	6	22	20
ENSG00000144366	GULP1	563	766	880	749	721	384	666	386
ENSG00000144369	FAM171B	304	245	266	179	143	148	135	129
ENSG00000144381	HSPD1	9416	11409	11376	9626	8230	5295	7112	7067
ENSG00000144395	CCDC150	0	29	4	33	17	2	0	5
ENSG00000144401	METTL21A	182	180	171	143	122	80	117	110
ENSG00000144406	UNC80	19	10	13	6	2	19	4	9
ENSG00000144407	PTH2R	0	0	0	0	0	0	0	0
ENSG00000144410	CPO	1	0	0	0	1	0	1	1
ENSG00000144426	NBEAL1	141	154	128	116	132	114	118	85
ENSG00000144445	KANSL1L	108	162	95	103	97	99	105	85
ENSG00000144451	SPAG16	164	225	221	272	180	157	164	187
ENSG00000144452	ABCA12	3	1	0	0	2	0	0	1
ENSG00000144455	SUMF1	345	469	436	466	327	248	276	399
ENSG00000144460	NYAP2	4	1	6	2	12	4	6	9
ENSG00000144468	RHBDD1	382	385	375	301	183	183	239	195
ENSG00000144476	ACKR3	14	4	15	19	10	16	29	3
ENSG00000144481	TRPM8	206	85	31	30	304	319	22	436
ENSG00000144485	HES6	130	97	118	124	127	100	70	97
ENSG00000144488	ESPNL	63	83	95	69	0	35	19	60
ENSG00000144504	ANKMY1	104	141	171	142	101	99	59	99
ENSG00000144524	COPS7B	510	505	615	458	364	340	304	331
ENSG00000144535	DIS3L2	449	458	639	455	365	274	314	327
ENSG00000144550	CPNE9	3	8	6	0	2	2	2	2
ENSG00000144554	FANCD2	443	508	614	512	393	219	378	345
ENSG00000144559	TAMM41	244	303	323	248	160	114	126	183
ENSG00000144560	VGLL4	1244	1331	1142	1009	1139	951	1029	1076
ENSG00000144566	RAB5A	1361	1597	1567	1321	1064	790	812	978
ENSG00000144567	RETREG2	952	1168	990	1015	857	587	656	686
ENSG00000144579	CTDSP1	1343	1449	1530	1406	1022	895	904	1204
ENSG00000144580	CNOT9	1234	1198	1224	1069	718	636	791	832
ENSG00000144583	MARCHF4	352	565	588	552	210	27	389	47
ENSG00000144589	STK11IP	496	634	551	488	424	344	420	353
ENSG00000144591	GMPPA	498	459	509	496	326	307	265	414
ENSG00000144596	GRIP2	16	2	3	5	2	11	1	3
ENSG00000144597	EAF1	820	837	928	612	700	450	621	562
ENSG00000144619	CNTN4	13	9	23	5	18	21	6	11
ENSG00000144635	DYNC1LI1	1293	1554	1670	1343	1062	647	907	1004
ENSG00000144642	RBMS3	307	427	420	301	418	357	239	232
ENSG00000144644	GADL1	1	6	0	4	5	9	4	6
ENSG00000144645	OSBPL10	615	1211	1059	862	1011	344	770	451
ENSG00000144647	POMGNT2	338	404	432	383	276	159	165	327
ENSG00000144648	ACKR2	3	7	2	2	2	1	2	0
ENSG00000144649	GASK1A	1	0	0	0	0	0	0	0
ENSG00000144655	CSRNP1	613	778	909	665	803	479	654	812
ENSG00000144659	SLC25A38	949	969	988	859	633	473	534	642
ENSG00000144668	ITGA9	22	19	16	20	21	23	5	18
ENSG00000144671	SLC22A14	0	1	0	2	2	2	4	0
ENSG00000144674	GOLGA4	1983	2683	2550	1869	1877	1462	1799	1414
ENSG00000144677	CTDSPL	706	940	949	1179	802	364	1045	505
ENSG00000144681	STAC	180	403	389	282	244	58	131	137
ENSG00000144711	IQSEC1	1093	1056	965	861	818	616	515	850
ENSG00000144712	CAND2	20	26	22	0	26	23	26	32
ENSG00000144713	RPL32	11681	17970	16674	14777	15067	9536	11738	15674
ENSG00000144724	PTPRG	1535	2068	1965	1538	1275	1309	959	1059
ENSG00000144730	IL17RD	394	395	131	147	517	1216	132	1045
ENSG00000144736	SHQ1	757	740	781	629	457	404	355	465
ENSG00000144741	SLC25A26	573	717	730	634	589	392	540	481
ENSG00000144744	UBA3	1378	1487	1666	1228	1030	952	905	1175
ENSG00000144746	ARL6IP5	1626	1843	1775	1539	1521	1812	993	1936
ENSG00000144747	TMF1	980	1335	1276	951	871	648	676	734
ENSG00000144749	LRIG1	216	266	210	180	302	27	104	85
ENSG00000144771	LRTM1	0	0	0	0	0	0	0	0
ENSG00000144785	NA	102	47	17	20	66	74	28	89
ENSG00000144791	LIMD1	818	1249	1161	920	667	563	751	490
ENSG00000144792	ZNF660	62	54	54	38	40	22	3	10
ENSG00000144802	NFKBIZ	262	352	356	314	642	290	664	298
ENSG00000144810	COL8A1	289	459	501	371	298	559	141	137
ENSG00000144815	NXPE3	691	528	590	603	412	477	390	443
ENSG00000144820	ADGRG7	1	0	0	0	1	1	0	0
ENSG00000144821	MYH15	455	378	258	244	239	440	208	560
ENSG00000144824	PHLDB2	511	893	981	670	665	210	316	209
ENSG00000144827	ABHD10	794	903	1026	791	645	644	607	1042
ENSG00000144834	TAGLN3	241	204	133	124	296	677	441	1000
ENSG00000144837	PLA1A	0	0	0	1	1	0	0	0
ENSG00000144840	RABL3	83	73	90	53	51	26	69	46
ENSG00000144843	ADPRH	173	164	161	114	125	133	91	157
ENSG00000144847	IGSF11	5	3	0	0	17	15	1	8
ENSG00000144848	ATG3	1402	1604	1672	1451	990	714	1038	986
ENSG00000144857	BOC	500	383	352	176	138	339	69	221
ENSG00000144867	SRPRB	1268	1233	1370	1223	968	781	707	1012
ENSG00000144868	TMEM108	23	39	0	7	29	41	2	50
ENSG00000144891	AGTR1	17	10	7	3	35	46	11	41
ENSG00000144893	MED12L	21	16	17	10	24	25	14	22
ENSG00000144895	EIF2A	2687	3890	3855	3076	2996	1507	2051	2443
ENSG00000144908	ALDH1L1	6	5	9	6	3	3	5	0
ENSG00000144909	OSBPL11	737	690	777	605	469	363	366	427
ENSG00000144935	TRPC1	251	341	291	249	218	114	187	138
ENSG00000144959	NCEH1	317	431	518	327	286	150	292	184
ENSG00000145002	FAM86B2	0	11	6	0	0	0	0	6
ENSG00000145012	LPP	762	932	703	663	707	698	936	480
ENSG00000145014	TMEM44	149	196	185	117	141	83	118	91
ENSG00000145016	RUBCN	489	516	499	453	316	234	284	211
ENSG00000145020	AMT	0	12	0	15	17	8	0	0
ENSG00000145022	TCTA	623	620	735	559	555	363	274	501
ENSG00000145029	NICN1	98	110	134	87	118	76	22	89
ENSG00000145040	UCN2	260	332	170	180	525	394	382	925
ENSG00000145041	DCAF1	833	1126	1123	818	752	475	710	685
ENSG00000145050	MANF	1859	1992	1759	2198	1909	1295	1891	1732
ENSG00000145087	STXBP5L	7	7	17	1	7	1	3	2
ENSG00000145088	EAF2	22	15	21	33	39	6	13	26
ENSG00000145103	ILDR1	0	0	2	0	2	0	0	0
ENSG00000145107	TM4SF19	242	304	268	224	204	130	294	161
ENSG00000145147	SLIT2	153	226	173	129	160	98	29	50
ENSG00000145191	EIF2B5	804	887	858	774	540	389	463	541
ENSG00000145192	AHSG	0	1	0	0	0	0	0	1
ENSG00000145198	VWA5B2	5	0	0	0	0	0	0	0
ENSG00000145214	DGKQ	404	316	360	322	338	350	242	309
ENSG00000145216	FIP1L1	802	960	1006	721	683	456	530	763
ENSG00000145217	SLC26A1	136	132	145	97	124	105	90	126
ENSG00000145220	LYAR	3025	3125	3745	3301	2162	2196	2629	2004
ENSG00000145241	CENPC	51	60	27	44	27	59	19	47
ENSG00000145242	EPHA5	12	17	19	8	10	10	3	10
ENSG00000145244	CORIN	3	6	2	3	8	3	11	3
ENSG00000145246	ATP10D	269	212	247	174	195	94	121	144
ENSG00000145247	OCIAD2	17	1	0	0	0	0	3	0
ENSG00000145248	SLC10A4	28	19	30	16	15	17	9	44
ENSG00000145283	SLC10A6	0	2	1	1	0	0	0	0
ENSG00000145284	SCD5	143	235	220	154	200	121	96	127
ENSG00000145287	PLAC8	71	113	143	118	32	9	40	32
ENSG00000145293	ENOPH1	720	793	870	749	621	507	561	637
ENSG00000145309	CABS1	0	0	0	0	0	0	0	0
ENSG00000145331	TRMT10A	103	113	111	97	80	70	65	67
ENSG00000145332	KLHL8	466	568	535	395	347	339	392	339
ENSG00000145335	SNCA	198	243	126	151	137	85	144	96
ENSG00000145337	PYURF	1745	1751	1862	1790	1292	963	927	1331
ENSG00000145348	TBCK	121	201	115	118	102	125	138	132
ENSG00000145349	CAMK2D	1038	1221	1088	894	1044	830	592	1253
ENSG00000145354	CISD2	531	646	755	606	608	374	445	575
ENSG00000145358	DDIT4L	7	2	2	0	2	6	0	1
ENSG00000145362	ANK2	180	137	175	68	135	113	55	141
ENSG00000145365	TIFA	220	277	286	238	207	155	216	196
ENSG00000145375	SPATA5	315	357	373	253	217	179	213	205
ENSG00000145384	FABP2	0	0	0	1	0	0	1	1
ENSG00000145386	CCNA2	1445	1532	1934	1723	1068	648	1012	933
ENSG00000145388	METTL14	550	612	678	541	416	405	353	371
ENSG00000145390	USP53	434	446	659	442	419	453	293	388
ENSG00000145391	SETD7	926	814	1006	601	588	499	483	656
ENSG00000145414	NAF1	228	231	245	180	156	126	122	145
ENSG00000145416	MARCHF1	80	94	63	77	106	55	75	55
ENSG00000145423	SFRP2	106	10	9	20	19	232	14	26
ENSG00000145425	RPS3A	19198	30753	28635	27147	32512	15989	22007	24209
ENSG00000145428	RNF175	8	10	9	0	14	9	12	21
ENSG00000145431	PDGFC	289	343	419	204	275	98	225	122
ENSG00000145439	CBR4	374	401	408	404	244	283	250	308
ENSG00000145451	GLRA3	0	2	2	2	2	0	0	0
ENSG00000145476	CYP4V2	423	480	479	317	355	265	228	262
ENSG00000145491	ROPN1L	23	52	50	24	12	11	10	16
ENSG00000145494	NDUFS6	1716	1816	1861	1843	1178	1134	1199	1706
ENSG00000145495	MARCHF6	2423	2987	2598	2065	2029	1738	1758	2126
ENSG00000145506	NKD2	4	1	3	0	0	15	3	6
ENSG00000145526	CDH18	21	11	12	5	8	8	4	35
ENSG00000145536	ADAMTS16	69	25	39	8	34	37	19	56
ENSG00000145545	SRD5A1	351	355	321	301	291	243	238	267
ENSG00000145555	MYO10	668	983	1112	788	703	761	1005	349
ENSG00000145569	OTULINL	27	26	37	25	59	51	9	124
ENSG00000145592	RPL37	8122	12373	10268	9197	9643	7644	8194	11658
ENSG00000145604	SKP2	1086	1293	1327	1016	615	740	610	808
ENSG00000145623	OSMR	1454	2871	2528	1826	1559	683	1438	1212
ENSG00000145626	UGT3A1	0	0	0	0	1	0	0	0
ENSG00000145632	PLK2	2446	3357	3948	2494	2979	996	1260	1026
ENSG00000145642	SHISAL2B	1	0	0	0	0	0	0	0
ENSG00000145649	GZMA	11	4	0	4	3	1	1	0
ENSG00000145675	PIK3R1	439	404	351	267	215	238	166	214
ENSG00000145681	HAPLN1	1017	812	742	846	1917	149	286	159
ENSG00000145685	LHFPL2	508	570	565	443	524	352	382	407
ENSG00000145687	SSBP2	235	251	233	211	223	277	110	216
ENSG00000145700	ANKRD31	16	16	11	4	4	10	0	12
ENSG00000145703	IQGAP2	30	38	28	16	85	105	9	92
ENSG00000145708	CRHBP	18	5	9	8	5	25	14	11
ENSG00000145715	RASA1	1772	1973	2324	1638	1169	836	1073	787
ENSG00000145721	LIX1	0	0	0	0	0	0	0	0
ENSG00000145723	GIN1	115	129	137	97	84	70	62	65
ENSG00000145725	PPIP5K2	1382	1287	1385	1049	723	665	607	609
ENSG00000145730	PAM	1477	3134	2321	1884	2163	1073	1644	1496
ENSG00000145734	BDP1	513	630	584	327	466	271	485	290
ENSG00000145736	GTF2H2	304	285	301	306	143	135	90	95
ENSG00000145740	SLC30A5	1461	1508	1419	1227	1013	997	776	1088
ENSG00000145741	BTF3	16772	23132	21497	20258	16315	11343	14065	16094
ENSG00000145743	FBXL17	602	643	652	535	466	450	361	407
ENSG00000145757	SPATA9	0	0	0	0	0	0	0	0
ENSG00000145777	TSLP	7	7	7	3	13	6	6	3
ENSG00000145779	TNFAIP8	154	191	165	165	215	127	164	233
ENSG00000145780	FEM1C	533	790	789	623	773	363	537	511
ENSG00000145781	COMMD10	457	606	494	508	536	347	433	369
ENSG00000145782	ATG12	887	1239	1442	1302	836	653	952	835
ENSG00000145794	MEGF10	0	12	8	5	39	7	16	13
ENSG00000145808	ADAMTS19	11	4	7	1	4	2	0	4
ENSG00000145817	YIPF5	1192	1347	1415	1160	1039	579	766	695
ENSG00000145819	ARHGAP26	384	433	427	257	267	250	168	179
ENSG00000145824	CXCL14	1168	1449	1015	1933	1526	137	706	324
ENSG00000145826	LECT2	1	2	0	0	0	1	0	2
ENSG00000145832	SLC25A48	1	0	1	1	0	1	0	0
ENSG00000145833	DDX46	4635	4277	4843	4218	2918	3646	2671	2739
ENSG00000145850	TIMD4	0	0	0	0	0	0	0	0
ENSG00000145860	RNF145	3230	3865	3873	3563	2651	2127	2726	2008
ENSG00000145861	C1QTNF2	7	2	1	7	18	14	3	6
ENSG00000145863	GABRA6	0	9	8	0	6	0	0	1
ENSG00000145864	GABRB2	0	6	1	1	1	0	3	0
ENSG00000145868	FBXO38	866	952	1090	855	702	591	563	625
ENSG00000145882	PCYOX1L	199	202	223	153	140	152	108	135
ENSG00000145888	GLRA1	1	0	0	0	0	0	0	0
ENSG00000145901	TNIP1	2019	3284	3780	2582	2276	1041	2500	1571
ENSG00000145907	G3BP1	4461	4618	4849	3874	3166	2807	3211	3122
ENSG00000145908	ZNF300	547	577	551	419	398	536	621	386
ENSG00000145911	N4BP3	6	8	11	23	9	1	16	1
ENSG00000145912	NHP2	4275	4766	5072	4727	3296	2271	2838	3115
ENSG00000145916	RMND5B	608	710	769	536	360	321	398	347
ENSG00000145919	BOD1	792	1173	1153	1100	935	623	831	766
ENSG00000145920	CPLX2	2	0	0	3	4	0	2	0
ENSG00000145934	TENM2	389	393	302	194	120	90	101	5
ENSG00000145936	KCNMB1	28	23	27	32	26	34	24	14
ENSG00000145945	FAM50B	131	162	144	121	109	93	75	158
ENSG00000145949	MYLK4	16	25	14	12	16	24	28	17
ENSG00000145975	FAM217A	0	0	0	0	0	0	0	0
ENSG00000145979	TBC1D7	288	302	310	281	194	189	185	229
ENSG00000145982	FARS2	227	208	290	221	172	122	150	174
ENSG00000145990	GFOD1	145	161	134	111	89	71	136	60
ENSG00000145996	CDKAL1	268	269	304	230	204	197	192	185
ENSG00000146005	PSD2	7	2	2	3	7	19	2	3
ENSG00000146006	LRRTM2	3	2	0	2	9	8	2	1
ENSG00000146007	ZMAT2	1300	1611	1514	1403	1133	1070	1310	1059
ENSG00000146013	GFRA3	0	1	0	0	7	0	0	0
ENSG00000146021	KLHL3	59	91	80	49	54	43	71	43
ENSG00000146038	DCDC2	4	2	2	2	2	3	12	2
ENSG00000146054	TRIM7	41	73	65	55	105	20	50	79
ENSG00000146063	TRIM41	1406	1225	1401	1085	686	717	777	762
ENSG00000146066	HIGD2A	1230	1484	1405	1267	956	792	854	1012
ENSG00000146067	FAM193B	247	229	248	236	212	165	167	84
ENSG00000146070	PLA2G7	35	46	34	69	20	26	25	46
ENSG00000146072	TNFRSF21	3526	2231	1716	1790	2069	3664	1264	4166
ENSG00000146083	RNF44	1376	1396	1288	1000	930	913	1028	664
ENSG00000146085	MMUT	388	491	482	345	330	239	237	295
ENSG00000146090	RASGEF1C	4	8	1	2	12	10	0	23
ENSG00000146094	DOK3	45	20	31	17	13	25	25	23
ENSG00000146109	ABT1	882	983	1074	994	760	497	625	728
ENSG00000146112	PPP1R18	1794	2332	2174	1662	1724	1024	1298	1311
ENSG00000146122	DAAM2	157	122	42	42	136	92	13	241
ENSG00000146143	PRIM2	395	467	481	414	312	215	305	270
ENSG00000146147	MLIP	0	1	0	1	0	3	0	0
ENSG00000146151	HMGCLL1	0	18	25	9	12	3	5	0
ENSG00000146166	LGSN	1	6	5	2	2	0	1	2
ENSG00000146197	SCUBE3	204	117	93	96	108	272	122	229
ENSG00000146205	ANO7	9	33	20	19	16	5	22	12
ENSG00000146215	CRIP3	0	0	2	3	2	1	0	1
ENSG00000146216	TTBK1	0	1	0	0	0	1	0	0
ENSG00000146221	TCTE1	0	3	0	0	0	0	0	0
ENSG00000146223	RPL7L1	3096	3808	4052	3127	2729	1961	2336	2276
ENSG00000146232	NFKBIE	188	282	248	209	193	134	243	221
ENSG00000146233	CYP39A1	13	7	10	9	11	32	11	10
ENSG00000146242	TPBG	1058	1291	1182	1054	806	464	1025	484
ENSG00000146243	IRAK1BP1	64	81	78	54	56	48	37	37
ENSG00000146247	PHIP	1482	1725	1394	1494	1282	1540	1563	1212
ENSG00000146250	PRSS35	14	10	5	6	8	2	2	7
ENSG00000146263	MMS22L	292	296	299	261	237	197	249	183
ENSG00000146267	FAXC	29	88	54	54	84	53	72	33
ENSG00000146276	GABRR1	0	0	0	0	0	16	0	1
ENSG00000146278	PNRC1	469	878	730	639	809	465	492	731
ENSG00000146281	PM20D2	496	854	932	667	643	250	418	336
ENSG00000146282	RARS2	653	611	736	607	434	318	342	388
ENSG00000146285	SCML4	1	0	1	2	0	1	0	1
ENSG00000146350	TBC1D32	53	71	71	37	55	27	33	35
ENSG00000146352	CLVS2	2	9	3	1	12	11	2	2
ENSG00000146373	RNF217	376	387	390	360	421	243	379	253
ENSG00000146374	RSPO3	0	2	6	5	4	53	5	3
ENSG00000146376	ARHGAP18	989	1614	1942	1298	983	478	720	608
ENSG00000146386	ABRACL	216	209	200	242	172	186	240	216
ENSG00000146409	SLC18B1	297	275	244	208	185	237	146	264
ENSG00000146410	MTFR2	124	130	143	125	95	74	98	113
ENSG00000146411	SLC2A12	59	100	156	122	58	12	33	17
ENSG00000146414	SHPRH	183	237	202	167	153	87	127	123
ENSG00000146416	AIG1	454	608	635	551	435	307	610	334
ENSG00000146425	DYNLT1	906	994	964	936	686	681	524	1003
ENSG00000146426	TIAM2	40	22	21	22	32	22	23	26
ENSG00000146433	TMEM181	593	535	504	469	536	583	564	613
ENSG00000146453	PNLDC1	2	1	0	0	0	0	0	0
ENSG00000146457	WTAP	1354	1469	1691	1484	1230	980	1218	1156
ENSG00000146463	ZMYM4	1340	1493	1510	1108	957	715	800	805
ENSG00000146469	VIP	0	1	1	1	2	0	7	1
ENSG00000146476	ARMT1	476	486	478	434	392	316	320	336
ENSG00000146477	SLC22A3	1	1	0	7	0	0	0	0
ENSG00000146530	VWDE	1	33	21	0	17	9	13	3
ENSG00000146535	GNA12	971	924	1213	786	808	380	577	505
ENSG00000146540	C7orf50	1356	1732	2212	1733	1554	961	1155	1406
ENSG00000146555	SDK1	22	50	83	51	61	15	43	21
ENSG00000146574	CCZ1B	1898	2163	2231	1861	1490	1186	1150	1589
ENSG00000146576	INTS15	921	927	977	819	553	487	552	536
ENSG00000146587	RBAK	514	600	661	402	460	313	300	345
ENSG00000146592	CREB5	363	330	317	186	229	302	244	321
ENSG00000146648	EGFR	766	1327	1275	999	1061	349	900	305
ENSG00000146670	CDCA5	1354	1296	1563	1392	1040	824	1117	1035
ENSG00000146674	IGFBP3	1086	4099	2195	2789	7624	2691	4413	10028
ENSG00000146676	PURB	2575	2750	2675	2081	2037	1391	1651	1457
ENSG00000146678	IGFBP1	1	1	3	0	0	1	1	1
ENSG00000146700	SSC4D	16	9	23	15	19	9	3	13
ENSG00000146701	MDH2	7023	8019	8983	7156	5044	3361	4038	5202
ENSG00000146707	POMZP3	610	582	617	585	501	427	457	536
ENSG00000146729	NIPSNAP2	1425	1841	2001	1804	1239	745	947	1045
ENSG00000146731	CCT6A	9339	9755	10467	9035	6667	4683	6062	5934
ENSG00000146733	PSPH	426	473	451	379	362	262	310	356
ENSG00000146755	TRIM50	0	0	0	0	0	0	0	0
ENSG00000146757	ZNF92	196	173	170	124	167	166	151	178
ENSG00000146776	ATXN7L1	144	183	152	124	98	113	113	87
ENSG00000146802	TMEM168	583	629	580	561	367	381	493	355
ENSG00000146809	ASB15	2	0	0	0	1	0	0	0
ENSG00000146826	TRAPPC14	902	792	756	608	378	598	472	458
ENSG00000146828	SLC12A9	488	500	530	459	288	283	218	341
ENSG00000146830	GIGYF1	1437	1686	1772	1320	1259	1209	1689	1015
ENSG00000146833	TRIM4	715	974	907	796	662	428	415	570
ENSG00000146834	MEPCE	3154	3093	3446	2559	1525	1401	1287	1896
ENSG00000146842	TMEM209	855	1055	1012	841	710	559	707	633
ENSG00000146856	AGBL3	11	21	9	8	3	8	7	15
ENSG00000146858	ZC3HAV1L	64	119	126	76	113	29	60	45
ENSG00000146859	TMEM140	225	235	221	153	164	107	90	124
ENSG00000146872	TLK2	855	1021	1196	794	761	610	674	719
ENSG00000146904	EPHA1	0	1	3	3	4	0	0	2
ENSG00000146909	NOM1	784	1119	1127	825	671	522	753	520
ENSG00000146918	NCAPG2	890	1089	1481	1044	883	478	647	732
ENSG00000146926	ASB10	0	0	0	0	0	0	0	0
ENSG00000146938	NLGN4X	1224	1327	1447	1112	979	691	712	779
ENSG00000146950	SHROOM2	587	519	422	412	350	440	279	369
ENSG00000146955	RAB19	0	0	0	1	0	0	0	1
ENSG00000146963	LUC7L2	1852	1991	2090	1784	1387	1001	1240	1199
ENSG00000146966	DENND2A	585	981	1005	883	469	122	765	148
ENSG00000147003	CLTRN	1	5	3	3	5	1	0	3
ENSG00000147010	SH3KBP1	3378	3678	4067	3185	2554	2902	2198	3533
ENSG00000147027	TMEM47	55	73	25	30	109	113	11	99
ENSG00000147036	LANCL3	26	33	47	47	61	33	20	44
ENSG00000147041	SYTL5	1067	654	417	285	1264	2000	314	2158
ENSG00000147044	CASK	403	475	510	402	360	152	236	277
ENSG00000147050	KDM6A	411	441	491	437	380	294	243	380
ENSG00000147059	SPIN2A	30	22	35	16	41	33	41	35
ENSG00000147065	MSN	9433	10148	12010	9553	7482	4133	6748	5186
ENSG00000147082	CCNB3	24	12	18	13	6	2	1	7
ENSG00000147099	HDAC8	399	435	457	392	319	276	270	338
ENSG00000147100	SLC16A2	17	64	64	41	29	19	10	10
ENSG00000147113	DIPK2B	0	8	11	4	2	7	0	2
ENSG00000147117	ZNF157	4	7	5	9	1	9	9	9
ENSG00000147118	ZNF182	149	186	186	129	150	107	114	104
ENSG00000147119	CHST7	248	202	223	202	127	150	109	221
ENSG00000147121	KRBOX4	431	489	526	421	372	300	275	331
ENSG00000147123	NDUFB11	1724	2028	2106	1914	1579	1325	1293	1786
ENSG00000147124	ZNF41	280	262	239	176	149	159	171	192
ENSG00000147127	RAB41	0	1	0	0	0	0	0	0
ENSG00000147130	ZMYM3	985	1167	1232	888	740	512	493	674
ENSG00000147133	TAF1	771	996	1173	551	835	368	420	403
ENSG00000147138	GPR174	29	30	23	20	2	1	0	0
ENSG00000147140	NONO	9546	12354	11940	10087	8349	5459	6251	7688
ENSG00000147144	CCDC120	82	101	81	98	62	37	44	54
ENSG00000147145	LPAR4	124	112	89	74	60	24	47	35
ENSG00000147155	EBP	1228	1215	1535	1422	1071	662	1118	873
ENSG00000147160	AWAT2	1	0	0	1	0	0	0	0
ENSG00000147162	OGT	1752	2244	1724	1696	1807	2177	1980	1829
ENSG00000147164	SNX12	1337	1633	1710	1417	1264	722	1121	1091
ENSG00000147166	ITGB1BP2	4	2	1	9	3	0	3	3
ENSG00000147168	IL2RG	12	34	30	32	0	7	20	13
ENSG00000147174	GCNA	31	25	21	17	24	51	29	26
ENSG00000147180	ZNF711	5	3	0	6	3	6	8	0
ENSG00000147183	CPXCR1	2	8	4	3	0	1	6	0
ENSG00000147202	DIAPH2	253	351	316	248	323	136	203	216
ENSG00000147223	RIPPLY1	5	6	1	0	3	6	1	10
ENSG00000147224	PRPS1	1048	985	1126	922	661	488	622	609
ENSG00000147231	RADX	22	15	11	13	18	14	18	19
ENSG00000147234	FRMPD3	0	0	1	1	0	1	0	0
ENSG00000147246	HTR2C	0	0	0	0	0	0	0	0
ENSG00000147251	DOCK11	393	515	561	467	230	135	225	178
ENSG00000147255	IGSF1	22	15	21	15	21	12	16	21
ENSG00000147256	ARHGAP36	0	0	0	0	0	0	0	0
ENSG00000147257	GPC3	0	0	2	0	0	14	5	0
ENSG00000147262	GPR119	0	0	0	0	0	0	1	2
ENSG00000147274	RBMX	4515	5277	4895	4132	3875	2699	2972	3690
ENSG00000147316	MCPH1	257	247	297	199	223	127	190	148
ENSG00000147324	MFHAS1	459	455	400	322	332	214	261	341
ENSG00000147364	FBXO25	371	390	411	287	297	172	161	252
ENSG00000147378	FATE1	1	1	2	0	2	1	0	2
ENSG00000147381	MAGEA4	15476	16845	17833	15389	10862	10864	10298	13518
ENSG00000147383	NSDHL	629	679	821	693	483	351	426	513
ENSG00000147394	ZNF185	47	43	49	46	53	18	73	23
ENSG00000147400	CETN2	808	807	864	831	679	770	626	893
ENSG00000147403	RPL10	26526	39069	38305	29426	31553	15305	18600	29570
ENSG00000147408	CSGALNACT1	340	171	62	58	363	795	30	578
ENSG00000147416	ATP6V1B2	1045	1296	1354	1156	687	338	606	567
ENSG00000147419	CCDC25	1231	1446	1626	1219	722	525	647	710
ENSG00000147421	HMBOX1	62	111	104	75	105	31	52	44
ENSG00000147434	CHRNA6	0	0	0	0	0	0	0	0
ENSG00000147437	GNRH1	12	16	16	14	26	29	28	12
ENSG00000147439	BIN3	546	649	712	527	439	342	311	494
ENSG00000147443	DOK2	2	3	1	2	2	3	0	0
ENSG00000147454	SLC25A37	654	879	536	620	803	666	987	631
ENSG00000147457	CHMP7	465	438	570	339	213	139	148	259
ENSG00000147459	DOCK5	806	1026	863	605	737	491	546	759
ENSG00000147465	STAR	8	7	4	7	5	7	4	2
ENSG00000147471	PLPBP	440	599	583	537	331	164	196	270
ENSG00000147475	ERLIN2	698	807	810	595	642	404	405	545
ENSG00000147481	SNTG1	24	16	3	12	6	4	2	4
ENSG00000147485	PXDNL	9	0	0	3	6	4	0	4
ENSG00000147488	ST18	14	15	15	7	2	1	0	0
ENSG00000147509	RGS20	40	66	63	72	55	23	66	25
ENSG00000147526	TACC1	776	751	793	600	595	212	356	348
ENSG00000147533	GOLGA7	831	924	811	767	729	480	415	706
ENSG00000147535	PLPP5	371	373	314	338	316	285	238	329
ENSG00000147536	GINS4	392	358	431	391	274	142	254	221
ENSG00000147548	NSD3	1065	1247	1227	947	866	495	639	653
ENSG00000147570	DNAJC5B	1	0	0	0	0	0	0	0
ENSG00000147571	CRH	0	0	0	2	2	0	0	1
ENSG00000147573	TRIM55	9	3	9	9	3	4	1	6
ENSG00000147576	ADHFE1	0	0	9	0	0	3	0	0
ENSG00000147586	MRPS28	567	572	610	616	397	429	418	586
ENSG00000147588	PMP2	0	0	0	0	2	0	1	0
ENSG00000147592	LACTB2	482	483	476	426	348	250	268	395
ENSG00000147596	PRDM14	0	0	0	0	0	0	0	0
ENSG00000147601	TERF1	552	573	612	560	416	419	297	517
ENSG00000147604	RPL7	24844	34490	34851	29954	28744	18708	20429	30431
ENSG00000147606	SLC26A7	1	0	7	7	0	4	8	0
ENSG00000147614	ATP6V0D2	5	3	8	8	19	0	18	0
ENSG00000147642	SYBU	141	110	122	153	78	32	80	43
ENSG00000147647	DPYS	0	1	1	0	0	0	0	1
ENSG00000147649	MTDH	3552	3753	3997	3497	2991	2352	2159	2704
ENSG00000147650	LRP12	407	392	469	395	383	240	286	337
ENSG00000147654	EBAG9	362	356	373	326	296	185	214	222
ENSG00000147655	RSPO2	0	0	0	0	2	0	0	1
ENSG00000147669	POLR2K	1651	1379	1581	1561	994	1104	864	1214
ENSG00000147676	MAL2	5	30	53	17	37	15	13	8
ENSG00000147677	EIF3H	4715	6406	6357	5289	5336	2986	3681	4724
ENSG00000147679	UTP23	946	1051	1058	852	728	495	514	637
ENSG00000147684	NDUFB9	3663	3899	4048	3839	3202	2257	2585	3447
ENSG00000147687	TATDN1	932	1155	1136	941	770	589	670	752
ENSG00000147689	FAM83A	511	458	502	261	157	19	448	8
ENSG00000147697	GSDMC	4	4	0	1	4	1	1	1
ENSG00000147724	FAM135B	3	0	0	0	0	3	0	5
ENSG00000147789	ZNF7	494	613	631	477	458	346	329	416
ENSG00000147799	ARHGAP39	458	424	493	360	286	283	196	353
ENSG00000147804	SLC39A4	0	1	1	5	2	8	0	5
ENSG00000147813	NAPRT	607	451	633	529	308	212	215	369
ENSG00000147852	VLDLR	104	147	40	13	80	68	92	77
ENSG00000147853	AK3	1163	1279	1472	1266	1090	756	962	841
ENSG00000147854	UHRF2	690	724	715	595	638	543	665	671
ENSG00000147862	NFIB	1434	1826	1780	1635	779	972	1346	921
ENSG00000147872	PLIN2	2222	10559	9172	4706	7777	1977	3255	6453
ENSG00000147873	IFNA5	0	0	0	0	0	1	1	0
ENSG00000147874	HAUS6	2167	2326	2524	1986	1587	1194	1365	1310
ENSG00000147889	CDKN2A	224	423	443	339	383	154	310	254
ENSG00000147894	C9orf72	405	374	362	324	286	233	331	280
ENSG00000147905	ZCCHC7	607	763	814	573	570	390	426	414
ENSG00000147912	FBXO10	167	203	214	145	125	109	88	100
ENSG00000147955	SIGMAR1	2739	2549	2578	2372	2112	1463	1677	2119
ENSG00000147996	CBWD5	413	405	381	365	293	279	291	319
ENSG00000148019	CEP78	502	609	627	457	542	463	474	408
ENSG00000148053	NTRK2	1	0	6	6	3	1	9	1
ENSG00000148057	IDNK	80	88	122	61	78	47	60	70
ENSG00000148082	SHC3	49	42	43	26	16	43	19	41
ENSG00000148090	AUH	118	193	196	150	173	113	132	130
ENSG00000148110	MFSD14B	1179	1125	1452	1010	1106	897	955	1007
ENSG00000148120	AOPEP	124	142	117	89	123	119	83	123
ENSG00000148123	PLPPR1	1	0	0	0	0	0	0	1
ENSG00000148143	ZNF462	639	773	722	456	600	753	570	584
ENSG00000148153	INIP	539	550	601	411	403	407	364	392
ENSG00000148154	UGCG	1006	2525	2992	1780	2071	506	1323	833
ENSG00000148156	ACTL7B	0	3	0	0	0	0	0	0
ENSG00000148158	SNX30	720	909	938	601	705	421	626	526
ENSG00000148175	STOM	1207	2035	2396	1536	1714	1052	1304	1403
ENSG00000148180	GSN	2264	3400	4013	2953	2872	3339	1993	3016
ENSG00000148187	MRRF	625	697	746	606	583	370	473	397
ENSG00000148200	NR6A1	37	57	62	44	60	26	29	31
ENSG00000148204	CRB2	11	6	7	5	7	15	5	5
ENSG00000148218	ALAD	578	714	818	573	501	484	353	571
ENSG00000148219	ASTN2	98	117	118	79	105	72	108	52
ENSG00000148225	WDR31	79	97	95	44	76	65	44	63
ENSG00000148229	POLE3	1700	1727	2232	1488	1629	1129	1333	1446
ENSG00000148248	SURF4	4338	4756	5516	4036	4057	3297	3239	4148
ENSG00000148288	GBGT1	91	168	147	87	220	113	55	105
ENSG00000148290	SURF1	610	684	826	579	523	472	418	550
ENSG00000148291	SURF2	946	1277	1684	1097	875	669	696	867
ENSG00000148296	SURF6	1635	2128	2538	1449	1559	1130	1222	1456
ENSG00000148297	MED22	604	722	983	601	760	359	554	514
ENSG00000148300	REXO4	1314	1554	1893	1198	1048	678	911	1020
ENSG00000148303	RPL7A	21819	35922	34897	25668	31772	19779	23790	30229
ENSG00000148308	GTF3C5	1249	1411	1840	1216	1123	864	915	1070
ENSG00000148331	ASB6	1196	1413	1640	1063	976	786	988	845
ENSG00000148334	PTGES2	974	1254	1725	1069	875	654	696	972
ENSG00000148335	NTMT1	818	1064	1380	999	905	554	925	813
ENSG00000148337	CIZ1	2995	3688	4778	2650	2799	1608	1937	2297
ENSG00000148339	SLC25A25	429	493	691	352	397	333	390	358
ENSG00000148341	SH3GLB2	619	917	1122	746	817	544	674	777
ENSG00000148343	MIGA2	326	334	589	332	239	157	197	292
ENSG00000148344	PTGES	530	923	709	448	588	365	187	953
ENSG00000148346	LCN2	6	7	2	6	39	13	3	10
ENSG00000148356	LRSAM1	315	467	546	360	278	180	149	305
ENSG00000148357	HMCN2	23	7	19	16	22	53	8	28
ENSG00000148358	GPR107	1475	1830	2144	1245	1457	914	1066	939
ENSG00000148362	PAXX	262	363	367	317	294	244	275	343
ENSG00000148377	IDI2	0	1	0	0	0	0	0	0
ENSG00000148384	INPP5E	541	532	676	418	422	405	524	365
ENSG00000148396	SEC16A	1049	1122	1370	810	836	678	765	687
ENSG00000148399	DPH7	220	242	344	194	206	146	143	202
ENSG00000148400	NOTCH1	506	748	968	542	534	414	428	428
ENSG00000148408	CACNA1B	4	84	54	50	55	8	12	53
ENSG00000148411	NACC2	902	939	1028	751	624	580	499	642
ENSG00000148426	PROSER2	129	241	325	210	182	43	179	76
ENSG00000148429	USP6NL	422	406	445	330	327	371	204	478
ENSG00000148444	COMMD3	550	666	651	620	464	450	415	492
ENSG00000148450	MSRB2	214	228	262	232	143	186	170	190
ENSG00000148459	PDSS1	391	402	411	320	230	196	211	278
ENSG00000148468	FAM171A1	426	575	748	528	405	202	354	270
ENSG00000148481	MINDY3	225	228	251	203	219	118	118	149
ENSG00000148482	SLC39A12	60	18	27	5	2	6	0	15
ENSG00000148483	TMEM236	11	9	10	10	9	27	16	8
ENSG00000148484	RSU1	839	888	938	765	558	435	581	485
ENSG00000148488	ST8SIA6	2	6	5	2	3	0	1	2
ENSG00000148498	PARD3	803	1095	1287	900	741	427	680	420
ENSG00000148513	ANKRD30A	0	1	0	0	0	0	0	0
ENSG00000148516	ZEB1	889	782	792	630	781	903	683	924
ENSG00000148541	FAM13C	8	23	44	12	14	23	14	17
ENSG00000148572	NRBF2	311	291	296	254	269	269	212	297
ENSG00000148584	A1CF	0	0	2	0	1	1	1	0
ENSG00000148600	CDHR1	6	5	4	4	0	2	0	7
ENSG00000148604	RGR	0	1	0	0	2	0	0	0
ENSG00000148606	POLR3A	944	880	1398	600	669	332	334	371
ENSG00000148634	HERC4	650	757	785	586	511	337	406	266
ENSG00000148655	LRMDA	65	91	103	74	71	61	43	85
ENSG00000148660	CAMK2G	945	1017	1300	1031	635	514	803	490
ENSG00000148671	ADIRF	0	0	0	3	0	0	0	0
ENSG00000148672	GLUD1	3611	4311	5099	3771	2957	2033	1768	2677
ENSG00000148677	ANKRD1	73	261	184	124	175	15	59	42
ENSG00000148680	HTR7	371	342	475	288	319	311	224	419
ENSG00000148688	RPP30	571	619	673	504	547	308	348	489
ENSG00000148690	FRA10AC1	560	574	562	461	472	481	290	507
ENSG00000148700	ADD3	709	930	781	583	974	986	274	946
ENSG00000148702	HABP2	1	0	0	0	0	2	0	0
ENSG00000148704	VAX1	7	2	0	1	3	13	0	16
ENSG00000148719	DNAJB12	781	903	983	726	614	505	498	632
ENSG00000148730	EIF4EBP2	1957	1711	1845	1529	992	1056	750	1026
ENSG00000148734	NPFFR1	10	11	10	9	16	19	7	6
ENSG00000148735	PLEKHS1	8	2	0	0	0	0	2	0
ENSG00000148737	TCF7L2	498	529	714	385	446	454	241	420
ENSG00000148773	MKI67	2802	3160	2946	2238	2687	1394	1450	1615
ENSG00000148795	CYP17A1	2	0	0	0	0	0	0	1
ENSG00000148803	FUOM	170	213	240	237	217	129	125	209
ENSG00000148814	LRRC27	179	158	149	132	128	110	78	139
ENSG00000148824	MTG1	691	772	760	632	474	412	383	493
ENSG00000148826	NKX6-2	0	0	0	0	1	1	1	1
ENSG00000148832	PAOX	0	0	5	7	4	3	0	0
ENSG00000148834	GSTO1	2579	2742	3013	2624	3041	1875	1948	2615
ENSG00000148835	TAF5	212	202	242	166	142	122	78	146
ENSG00000148840	PPRC1	1507	1474	1576	1069	880	838	763	841
ENSG00000148841	ITPRIP	779	1031	1147	632	1841	840	917	990
ENSG00000148842	CNNM2	309	356	343	241	275	170	184	196
ENSG00000148843	PDCD11	3344	3437	4141	2472	2263	1739	1548	1928
ENSG00000148848	ADAM12	194	142	142	79	99	201	31	185
ENSG00000148908	RGS10	177	317	360	315	247	84	198	205
ENSG00000148925	BTBD10	510	559	666	525	352	321	461	393
ENSG00000148926	ADM	402	3242	2782	1813	2599	142	1503	1164
ENSG00000148935	GAS2	3	2	0	2	7	4	3	8
ENSG00000148942	SLC5A12	43	36	28	14	49	100	32	60
ENSG00000148943	LIN7C	748	748	792	643	594	486	493	540
ENSG00000148948	LRRC4C	17	4	6	10	11	2	0	3
ENSG00000148950	IMMP1L	94	90	83	113	89	86	97	114
ENSG00000148965	SAA4	0	0	0	0	0	0	0	0
ENSG00000148985	PGAP2	291	339	376	201	173	180	205	204
ENSG00000149016	TUT1	952	979	1146	929	680	634	540	748
ENSG00000149021	SCGB1A1	0	0	0	0	0	0	0	0
ENSG00000149043	SYT8	0	0	0	4	0	0	0	0
ENSG00000149050	ZNF214	56	46	55	40	30	28	19	38
ENSG00000149054	ZNF215	72	86	105	80	93	64	86	67
ENSG00000149084	HSD17B12	1741	2174	2252	1908	1588	1107	1225	1511
ENSG00000149089	APIP	688	802	744	727	627	714	543	768
ENSG00000149090	PAMR1	3	0	2	1	0	6	5	0
ENSG00000149091	DGKZ	1778	1762	2324	1559	1107	969	917	1408
ENSG00000149100	EIF3M	4621	5731	5652	5031	4217	2980	3451	4402
ENSG00000149115	TNKS1BP1	2058	2365	2515	1683	1509	1056	1120	1308
ENSG00000149124	GLYAT	0	0	0	0	0	0	4	0
ENSG00000149131	SERPING1	5	5	5	4	0	12	0	0
ENSG00000149136	SSRP1	8318	10030	11305	9391	7376	4203	5942	6523
ENSG00000149150	SLC43A1	81	203	129	116	158	100	173	122
ENSG00000149177	PTPRJ	476	534	532	415	468	400	338	510
ENSG00000149179	CSTPP1	488	534	421	378	308	419	192	419
ENSG00000149182	ARFGAP2	1558	1886	2235	1713	1259	991	1250	1287
ENSG00000149187	CELF1	2929	3554	3404	2826	2852	2776	3289	2324
ENSG00000149196	HIKESHI	659	818	816	760	532	460	469	547
ENSG00000149201	CCDC81	7	9	0	1	5	11	3	9
ENSG00000149212	SESN3	69	49	22	19	160	237	12	129
ENSG00000149218	ENDOD1	458	441	386	317	415	331	282	423
ENSG00000149231	CCDC82	589	790	661	634	596	646	717	653
ENSG00000149243	KLHL35	48	40	40	13	13	34	20	49
ENSG00000149256	TENM4	55	36	78	35	25	33	25	59
ENSG00000149257	SERPINH1	1890	2246	1959	1889	2162	1725	1175	2048
ENSG00000149260	CAPN5	692	501	444	381	543	589	189	884
ENSG00000149262	INTS4	592	725	777	566	446	305	424	505
ENSG00000149269	PAK1	1051	1078	1050	1037	933	853	804	1191
ENSG00000149273	RPS3	23952	38849	35219	33981	37766	20636	28083	32813
ENSG00000149289	ZC3H12C	207	263	266	178	179	104	164	144
ENSG00000149292	TTC12	121	183	182	138	131	71	93	94
ENSG00000149294	NCAM1	21	25	31	31	61	9	54	14
ENSG00000149295	DRD2	216	207	333	191	131	41	102	68
ENSG00000149300	C11orf52	0	0	0	0	0	0	0	4
ENSG00000149305	HTR3B	16	10	8	2	8	9	8	2
ENSG00000149308	NPAT	310	335	392	233	244	173	208	208
ENSG00000149311	ATM	656	759	621	570	536	609	478	501
ENSG00000149313	AASDHPPT	1141	1246	1184	1087	826	842	662	962
ENSG00000149328	GLB1L2	429	481	561	474	341	282	252	483
ENSG00000149346	SLX4IP	244	273	210	191	137	162	181	137
ENSG00000149357	LAMTOR1	1480	1450	1558	1317	1125	958	872	1439
ENSG00000149380	P4HA3	35	30	10	33	30	27	18	20
ENSG00000149403	GRIK4	0	0	0	1	0	0	0	0
ENSG00000149418	ST14	13	11	15	6	4	4	1	10
ENSG00000149428	HYOU1	2602	2396	2767	2288	2341	1679	1628	1945
ENSG00000149451	ADAM33	0	0	0	0	1	0	0	0
ENSG00000149474	KAT14	454	470	453	436	290	240	188	286
ENSG00000149476	TKFC	1379	1511	1573	1280	884	679	729	1191
ENSG00000149480	MTA2	3912	4028	4718	3712	2483	2397	2371	2717
ENSG00000149483	TMEM138	595	623	674	484	459	388	428	454
ENSG00000149485	FADS1	5173	5997	7026	5120	3848	1856	4016	2673
ENSG00000149488	TMC2	4	5	0	5	0	2	2	7
ENSG00000149489	ROM1	149	170	157	150	121	239	67	177
ENSG00000149499	EML3	1693	1736	1725	1456	1245	1157	969	1344
ENSG00000149503	INCENP	1462	1597	1905	1337	1269	838	862	1028
ENSG00000149506	ZP1	0	0	0	0	0	0	0	0
ENSG00000149527	PLCH2	4	7	3	4	0	3	8	1
ENSG00000149532	CPSF7	2029	2176	2449	1965	1566	1290	1481	1593
ENSG00000149534	MS4A2	1	5	1	3	1	2	4	3
ENSG00000149541	B3GAT3	1542	1759	1765	1503	1369	1158	1035	1456
ENSG00000149547	EI24	3446	3437	3832	3540	2512	1963	1963	2427
ENSG00000149548	CCDC15	137	131	132	101	115	128	128	103
ENSG00000149554	CHEK1	930	889	915	900	650	472	669	643
ENSG00000149557	FEZ1	59	53	24	60	165	94	46	226
ENSG00000149564	ESAM	1	0	0	8	1	15	15	1
ENSG00000149571	KIRREL3	107	159	168	155	144	27	88	40
ENSG00000149573	MPZL2	3	5	2	1	5	3	0	2
ENSG00000149575	SCN2B	1	0	2	1	0	0	0	0
ENSG00000149577	SIDT2	481	563	648	513	399	365	268	334
ENSG00000149582	TMEM25	9	7	2	4	5	8	2	0
ENSG00000149591	TAGLN	241	274	128	292	402	124	323	267
ENSG00000149596	JPH2	7	8	6	22	12	5	9	5
ENSG00000149599	DUSP15	77	24	28	12	54	45	19	14
ENSG00000149600	COMMD7	864	982	925	812	786	512	721	713
ENSG00000149633	KIAA1755	39	33	38	46	82	84	57	52
ENSG00000149634	SPATA25	30	24	20	14	16	11	16	11
ENSG00000149635	OCSTAMP	0	0	0	0	0	0	0	0
ENSG00000149636	DSN1	619	609	568	715	485	386	421	434
ENSG00000149639	SOGA1	1270	1512	1373	1124	1049	671	846	736
ENSG00000149646	CNBD2	146	141	131	157	120	126	111	104
ENSG00000149651	SPINT4	0	0	0	0	0	0	2	1
ENSG00000149654	CDH22	0	0	0	0	0	0	0	0
ENSG00000149657	LSM14B	1200	1551	1487	1328	1058	868	972	1045
ENSG00000149658	YTHDF1	1561	1568	1547	1514	1090	926	1030	1079
ENSG00000149679	CABLES2	129	107	111	92	130	99	58	107
ENSG00000149716	LTO1	367	341	369	332	281	233	225	262
ENSG00000149735	GPHA2	0	0	1	1	0	1	0	0
ENSG00000149742	SLC22A9	0	0	0	0	0	0	0	0
ENSG00000149743	TRPT1	529	941	852	698	696	424	669	738
ENSG00000149761	NUDT22	795	906	869	808	647	459	504	662
ENSG00000149781	FERMT3	21	25	49	13	20	39	70	46
ENSG00000149782	PLCB3	1196	1445	1634	1183	905	778	926	969
ENSG00000149792	MRPL49	1842	1976	2263	2038	1484	896	1113	1250
ENSG00000149798	CDC42EP2	518	683	678	677	435	365	499	508
ENSG00000149806	FAU	6657	8011	7435	7319	6361	4942	4975	6972
ENSG00000149809	TM7SF2	46	25	40	40	58	54	40	108
ENSG00000149823	VPS51	1323	1670	1910	1553	1479	539	972	1273
ENSG00000149922	TBX6	47	50	41	42	40	43	40	39
ENSG00000149923	PPP4C	4749	5339	5817	4827	3539	3154	3431	3964
ENSG00000149925	ALDOA	33700	70081	76793	58328	42709	14907	33662	34150
ENSG00000149926	TLCD3B	12	16	27	19	15	11	8	19
ENSG00000149927	DOC2A	26	36	14	29	50	16	46	26
ENSG00000149929	HIRIP3	763	868	896	728	603	445	647	627
ENSG00000149930	TAOK2	1442	1364	1647	1238	877	913	991	1028
ENSG00000149932	TMEM219	676	806	736	685	646	649	585	756
ENSG00000149948	HMGA2	11972	11877	10768	12316	5380	11268	11270	9410
ENSG00000149968	MMP3	51	159	291	149	31	21	100	20
ENSG00000149970	CNKSR2	52	72	92	46	42	23	24	17
ENSG00000149972	CNTN5	48	40	44	23	17	43	19	34
ENSG00000150048	CLEC1A	0	1	0	0	0	7	0	2
ENSG00000150051	MKX	7	14	13	7	1	6	0	2
ENSG00000150054	MPP7	118	362	343	181	39	0	0	15
ENSG00000150093	ITGB1	7132	7423	7131	6554	6407	6109	5719	6859
ENSG00000150244	TRIM48	0	0	0	0	0	0	0	0
ENSG00000150275	PCDH15	18	20	16	6	5	9	5	45
ENSG00000150281	CTF1	2	1	4	1	0	0	0	0
ENSG00000150316	CWC15	713	800	784	749	623	533	476	738
ENSG00000150337	FCGR1A	1	3	1	0	0	0	4	0
ENSG00000150347	ARID5B	394	447	481	358	429	443	231	316
ENSG00000150361	KLHL1	1	0	0	1	1	1	0	1
ENSG00000150394	CDH8	22	31	24	9	43	22	23	13
ENSG00000150401	DCUN1D2	177	156	246	230	221	120	104	138
ENSG00000150403	TMCO3	1082	1257	1262	1084	996	644	913	975
ENSG00000150433	TMEM218	298	294	262	284	235	168	189	211
ENSG00000150455	TIRAP	237	209	233	119	136	167	148	142
ENSG00000150456	EEF1AKMT1	94	104	112	98	56	72	54	101
ENSG00000150457	LATS2	381	582	577	402	317	193	245	189
ENSG00000150459	SAP18	1845	2055	2010	1891	1872	1874	1503	2237
ENSG00000150471	ADGRL3	300	270	173	63	216	332	36	410
ENSG00000150477	KIAA1328	219	266	274	191	191	202	217	142
ENSG00000150510	FAM124A	11	14	11	3	28	9	9	13
ENSG00000150527	MIA2	262	280	290	225	218	189	186	172
ENSG00000150540	HNMT	140	176	141	160	127	103	119	108
ENSG00000150551	LYPD1	697	290	188	178	506	1117	116	1241
ENSG00000150556	LYPD6B	65	13	8	3	3	18	3	9
ENSG00000150593	PDCD4	2032	1949	1982	1244	1093	1080	528	1318
ENSG00000150594	ADRA2A	14	2	3	13	26	27	7	6
ENSG00000150625	GPM6A	8	14	16	24	17	7	21	4
ENSG00000150627	WDR17	79	131	120	127	98	54	81	68
ENSG00000150628	SPATA4	10	17	16	8	9	5	5	16
ENSG00000150630	VEGFC	706	1087	1310	1201	889	523	1023	572
ENSG00000150636	CCDC102B	700	742	716	535	565	337	350	253
ENSG00000150637	CD226	23	27	23	9	14	21	21	9
ENSG00000150656	CNDP1	2	1	1	1	1	4	6	0
ENSG00000150667	FSIP1	31	34	49	43	22	38	16	47
ENSG00000150672	DLG2	64	74	73	73	48	38	42	36
ENSG00000150676	CCDC83	0	0	0	0	0	0	0	0
ENSG00000150681	RGS18	0	0	1	0	1	0	1	0
ENSG00000150687	PRSS23	3285	4511	5930	4846	3552	864	2885	1079
ENSG00000150712	MTMR12	662	786	852	694	554	313	411	407
ENSG00000150722	PPP1R1C	26	9	27	30	22	1	17	1
ENSG00000150753	CCT5	8591	9827	10060	8523	5894	4631	5746	6993
ENSG00000150756	ATPSCKMT	162	167	116	125	129	115	88	139
ENSG00000150760	DOCK1	1341	1344	1580	961	1037	756	589	774
ENSG00000150764	DIXDC1	533	372	344	307	298	289	222	305
ENSG00000150768	DLAT	1277	1492	1514	1297	784	564	728	855
ENSG00000150773	PIH1D2	26	27	31	28	23	29	13	37
ENSG00000150776	NKAPD1	956	1157	1130	950	788	727	612	798
ENSG00000150779	TIMM8B	959	922	890	737	613	776	420	824
ENSG00000150782	IL18	182	327	293	194	10	25	84	87
ENSG00000150783	TEX12	2	1	1	0	2	2	1	1
ENSG00000150787	PTS	307	304	231	260	242	267	233	302
ENSG00000150867	PIP4K2A	493	666	592	554	399	280	309	346
ENSG00000150873	C2orf50	4	5	9	4	1	18	7	3
ENSG00000150893	FREM2	269	163	47	42	492	958	36	699
ENSG00000150907	FOXO1	80	136	135	89	110	84	36	43
ENSG00000150938	CRIM1	2524	5275	6397	4190	4605	1077	2923	1880
ENSG00000150961	SEC24D	597	645	636	451	510	444	384	526
ENSG00000150967	ABCB9	639	923	1041	856	438	352	723	336
ENSG00000150977	RILPL2	796	756	805	719	414	481	454	538
ENSG00000150990	DHX37	1061	1069	1266	938	646	448	637	679
ENSG00000150991	UBC	20381	25708	27829	20793	16550	12225	18096	20091
ENSG00000150995	ITPR1	167	478	448	271	414	50	237	218
ENSG00000151005	TKTL2	0	0	1	0	2	0	0	0
ENSG00000151006	PRSS53	0	54	0	0	25	31	0	0
ENSG00000151012	SLC7A11	322	275	312	214	304	302	340	678
ENSG00000151014	NOCT	182	251	293	201	156	85	123	127
ENSG00000151023	ENKUR	5	9	10	0	7	4	4	13
ENSG00000151025	GPR158	36	29	66	22	30	18	25	53
ENSG00000151062	CACNA2D4	26	10	26	7	3	9	7	39
ENSG00000151065	DCP1B	236	316	296	264	136	149	154	204
ENSG00000151067	CACNA1C	25	0	3	7	6	5	3	3
ENSG00000151079	KCNA6	1	0	1	0	0	0	0	0
ENSG00000151090	THRB	52	29	17	21	42	46	7	50
ENSG00000151092	NGLY1	430	701	726	572	514	190	398	407
ENSG00000151093	OXSM	305	317	331	314	236	179	164	223
ENSG00000151116	UEVLD	246	274	266	267	216	190	192	206
ENSG00000151117	TMEM86A	85	74	138	66	42	43	32	56
ENSG00000151131	NOPCHAP1	431	529	463	367	383	468	555	333
ENSG00000151135	TMEM263	1406	1517	1524	1302	869	971	1025	968
ENSG00000151136	ABTB3	566	563	725	424	247	560	335	564
ENSG00000151148	UBE3B	979	1045	1074	771	490	465	518	512
ENSG00000151150	ANK3	465	554	543	481	381	382	536	353
ENSG00000151151	IPMK	239	388	390	275	324	186	227	211
ENSG00000151164	RAD9B	10	8	15	4	13	5	11	3
ENSG00000151176	PLBD2	995	1161	1264	896	588	613	536	727
ENSG00000151208	DLG5	1670	1572	1854	1241	1112	1021	1057	1027
ENSG00000151224	MAT1A	0	0	0	0	6	5	0	0
ENSG00000151229	SLC2A13	122	139	136	91	144	104	135	119
ENSG00000151233	GXYLT1	400	457	448	325	240	239	383	210
ENSG00000151239	TWF1	4212	4254	4508	3666	2430	2785	3234	3239
ENSG00000151240	DIP2C	322	273	305	185	288	261	199	321
ENSG00000151247	EIF4E	1552	1696	1851	1554	1090	996	1017	1151
ENSG00000151276	MAGI1	462	626	685	551	400	528	491	436
ENSG00000151287	TEX30	368	389	339	278	185	280	321	378
ENSG00000151292	CSNK1G3	1286	1400	1327	1148	968	654	780	773
ENSG00000151304	SRFBP1	310	316	365	261	271	153	234	195
ENSG00000151320	AKAP6	40	30	25	15	45	65	13	34
ENSG00000151322	NPAS3	57	15	27	38	60	127	26	68
ENSG00000151327	FAM177A1	401	419	419	358	268	293	332	372
ENSG00000151332	MBIP	224	244	260	238	226	192	139	168
ENSG00000151338	MIPOL1	132	152	146	139	113	50	118	56
ENSG00000151348	EXT2	1397	1586	1362	1334	1231	1022	1133	1255
ENSG00000151353	TMEM18	329	425	391	394	410	316	348	388
ENSG00000151360	ALLC	1	1	0	0	0	0	1	0
ENSG00000151364	KCTD14	7	11	5	2	5	0	1	4
ENSG00000151365	THRSP	0	0	1	0	2	0	3	2
ENSG00000151366	NDUFC2	3121	2729	2748	3367	1893	2035	2140	2719
ENSG00000151376	ME3	279	341	506	396	165	170	339	198
ENSG00000151379	MSGN1	0	0	0	0	0	0	0	0
ENSG00000151388	ADAMTS12	969	933	1082	828	898	292	798	365
ENSG00000151413	NUBPL	195	273	296	211	169	111	132	129
ENSG00000151414	NEK7	1961	2080	1824	1768	1722	1115	1364	1240
ENSG00000151418	ATP6V1G3	1	1	1	0	0	0	0	0
ENSG00000151422	FER	551	650	694	484	490	313	468	316
ENSG00000151445	VIPAS39	418	465	461	360	306	262	259	316
ENSG00000151458	ANKRD50	638	820	999	654	514	394	445	398
ENSG00000151461	UPF2	882	1066	1099	847	747	819	813	628
ENSG00000151465	CDC123	2401	2436	2692	2221	1344	1202	1513	1602
ENSG00000151466	SCLT1	265	310	321	258	209	129	193	179
ENSG00000151468	CCDC3	30	82	128	57	2	0	0	2
ENSG00000151470	C4orf33	133	112	168	133	117	135	123	93
ENSG00000151474	FRMD4A	1326	1416	1289	1270	988	1239	1480	1293
ENSG00000151475	SLC25A31	1	0	2	0	0	0	0	0
ENSG00000151490	PTPRO	1	33	77	127	15	5	8	4
ENSG00000151491	EPS8	839	1268	1417	917	863	556	554	587
ENSG00000151498	ACAD8	411	399	506	367	243	258	177	249
ENSG00000151500	THYN1	837	850	881	748	564	546	503	722
ENSG00000151502	VPS26B	1284	1205	1309	1086	917	759	714	956
ENSG00000151503	NCAPD3	673	917	1145	525	554	262	226	353
ENSG00000151532	VTI1A	320	296	350	234	306	178	184	221
ENSG00000151552	QDPR	905	1012	1143	971	662	602	606	677
ENSG00000151553	FHIP2A	378	481	546	391	426	205	255	273
ENSG00000151572	ANO4	6	2	0	3	17	37	3	35
ENSG00000151575	TEX9	100	92	89	101	97	79	36	80
ENSG00000151576	QTRT2	705	660	651	522	481	433	458	483
ENSG00000151577	DRD3	0	0	1	0	0	0	0	0
ENSG00000151611	MMAA	79	77	60	56	28	66	41	51
ENSG00000151612	ZNF827	568	635	442	419	522	860	611	706
ENSG00000151615	POU4F2	1	0	1	1	1	0	0	0
ENSG00000151617	EDNRA	1171	522	366	428	691	997	442	1564
ENSG00000151623	NR3C2	5	17	11	8	6	5	17	1
ENSG00000151632	AKR1C2	179	78	132	62	51	81	25	71
ENSG00000151640	DPYSL4	3	0	1	0	1	0	2	0
ENSG00000151650	VENTX	4	3	2	7	15	7	11	4
ENSG00000151651	ADAM8	114	130	101	96	59	88	101	103
ENSG00000151655	ITIH2	0	2	0	0	0	0	0	0
ENSG00000151657	KIN	206	263	228	242	191	212	196	219
ENSG00000151665	PIGF	259	264	250	245	185	161	151	218
ENSG00000151687	ANKAR	6	4	2	0	9	0	17	4
ENSG00000151689	INPP1	407	407	469	384	297	236	282	254
ENSG00000151690	MFSD6	107	128	127	109	197	131	73	146
ENSG00000151692	RNF144A	1897	2162	1673	1330	1422	884	969	1455
ENSG00000151693	ASAP2	712	904	959	610	618	330	560	320
ENSG00000151694	ADAM17	789	1084	1283	678	786	308	427	411
ENSG00000151702	FLI1	221	370	494	419	312	40	227	122
ENSG00000151704	KCNJ1	1	3	1	1	2	0	1	0
ENSG00000151715	TMEM45B	2	3	4	7	3	2	6	5
ENSG00000151718	WWC2	827	1217	1380	979	743	249	725	374
ENSG00000151725	CENPU	619	682	874	738	674	559	772	580
ENSG00000151726	ACSL1	298	290	403	310	261	122	285	151
ENSG00000151729	SLC25A4	651	761	742	553	458	375	474	574
ENSG00000151743	AMN1	142	174	132	123	98	108	194	103
ENSG00000151746	BICD1	934	1133	867	750	694	784	813	847
ENSG00000151748	SAV1	643	931	1078	860	841	353	589	488
ENSG00000151773	CCDC122	67	95	83	76	79	91	89	87
ENSG00000151778	SERP2	1	0	0	0	0	0	0	0
ENSG00000151779	NBAS	535	830	801	637	538	296	462	410
ENSG00000151789	ZNF385D	56	53	47	44	25	42	48	23
ENSG00000151790	TDO2	13	7	4	4	3	29	2	11
ENSG00000151806	GUF1	757	769	912	719	551	280	287	351
ENSG00000151812	SLC35F4	33	6	9	6	13	44	7	20
ENSG00000151834	GABRA2	7	25	13	8	57	15	4	35
ENSG00000151835	SACS	1972	1755	1435	1221	1448	1523	1204	1628
ENSG00000151838	CCDC175	0	0	0	0	0	2	0	0
ENSG00000151849	CENPJ	186	241	186	151	165	170	150	190
ENSG00000151876	FBXO4	346	401	404	322	268	173	174	289
ENSG00000151881	TMEM267	294	272	280	245	205	206	206	234
ENSG00000151882	CCL28	235	548	457	375	476	144	216	361
ENSG00000151883	PARP8	376	263	233	208	231	201	207	338
ENSG00000151892	GFRA1	9	5	14	6	7	9	2	6
ENSG00000151893	CACUL1	1265	1216	1300	998	764	709	620	652
ENSG00000151914	DST	1407	1838	1522	1078	1156	970	864	995
ENSG00000151917	BEND6	430	372	377	365	174	195	174	200
ENSG00000151923	TIAL1	1108	1128	1044	927	733	668	615	818
ENSG00000151929	BAG3	2262	2054	2020	1564	2055	1904	1171	1901
ENSG00000151948	GLT1D1	0	0	0	1	1	0	0	0
ENSG00000151952	TMEM132D	0	0	1	0	0	0	0	0
ENSG00000151962	RBM46	6	9	7	2	6	12	6	15
ENSG00000151967	SCHIP1	56	58	47	55	20	0	17	23
ENSG00000152034	MCHR2	0	1	0	0	2	0	0	0
ENSG00000152049	KCNE4	227	99	27	23	127	266	12	461
ENSG00000152056	AP1S3	73	140	126	42	77	47	38	80
ENSG00000152061	RABGAP1L	353	407	408	280	305	255	261	283
ENSG00000152076	CCDC74B	206	197	184	128	115	208	109	348
ENSG00000152078	TLCD4	113	255	273	213	185	39	72	40
ENSG00000152082	MZT2B	2439	3303	3494	3194	2226	1665	2170	2367
ENSG00000152086	TUBA3E	2	0	2	1	0	1	1	0
ENSG00000152092	ASTN1	247	330	304	302	375	119	230	335
ENSG00000152102	FAM168B	2354	2619	3145	2180	1755	1115	1536	1425
ENSG00000152104	PTPN14	4548	5920	4766	4148	3629	2204	4424	1517
ENSG00000152127	MGAT5	727	773	687	778	645	465	520	536
ENSG00000152128	TMEM163	46	30	28	28	35	47	18	80
ENSG00000152133	GPATCH11	660	611	623	479	531	524	458	509
ENSG00000152137	HSPB8	279	226	293	193	56	66	130	95
ENSG00000152147	GEMIN6	756	815	755	729	534	518	474	574
ENSG00000152154	TMEM178A	9	28	23	13	18	11	15	6
ENSG00000152192	POU4F1	43	41	32	23	41	17	35	35
ENSG00000152193	OBI1	321	330	398	283	251	208	237	248
ENSG00000152207	CYSLTR2	9	16	11	9	9	10	0	23
ENSG00000152208	GRID2	74	71	65	48	31	38	48	35
ENSG00000152213	ARL11	1	2	1	6	1	0	1	1
ENSG00000152214	RIT2	0	0	0	1	0	0	0	0
ENSG00000152217	SETBP1	170	137	88	187	246	256	172	283
ENSG00000152219	ARL14EP	459	532	506	418	375	315	284	434
ENSG00000152223	EPG5	0	159	164	92	130	1	83	77
ENSG00000152229	PSTPIP2	10	13	10	12	14	14	24	4
ENSG00000152234	ATP5F1A	6929	7762	8662	8980	7264	3563	6819	5359
ENSG00000152240	HAUS1	555	560	523	711	683	324	690	514
ENSG00000152242	C18orf25	675	804	802	798	808	376	857	455
ENSG00000152253	SPC25	114	158	141	128	151	102	111	112
ENSG00000152256	PDK1	720	2100	2057	1377	1423	464	860	1092
ENSG00000152270	PDE3B	61	58	67	37	41	11	9	11
ENSG00000152284	TCF7L1	30	21	22	37	33	36	8	50
ENSG00000152291	TGOLN2	3071	3442	3447	2450	3712	3099	3727	2904
ENSG00000152292	SH2D6	3	2	0	1	4	0	2	1
ENSG00000152315	KCNK13	3	0	0	2	2	1	1	1
ENSG00000152332	UHMK1	3046	3272	2737	2084	2448	2064	2584	2049
ENSG00000152348	ATG10	179	209	193	178	133	115	146	133
ENSG00000152359	POC5	337	361	397	266	247	271	269	217
ENSG00000152377	SPOCK1	435	218	151	295	372	390	324	308
ENSG00000152380	FAM151B	17	10	14	4	3	9	3	7
ENSG00000152382	TADA1	422	519	443	362	372	311	351	354
ENSG00000152402	GUCY1A2	4	12	4	9	6	13	1	1
ENSG00000152404	CWF19L2	546	592	587	517	557	566	581	522
ENSG00000152409	JMY	551	678	652	411	512	398	318	385
ENSG00000152413	HOMER1	490	586	552	428	360	358	302	379
ENSG00000152422	XRCC4	248	287	242	284	185	166	221	203
ENSG00000152430	BOLL	3	1	0	0	0	2	1	0
ENSG00000152433	ZNF547	43	36	24	15	24	36	5	28
ENSG00000152439	ZNF773	193	188	192	150	155	161	112	127
ENSG00000152443	ZNF776	342	351	430	239	313	208	148	242
ENSG00000152454	ZNF256	124	162	173	98	108	73	44	109
ENSG00000152455	SUV39H2	149	139	200	104	174	37	67	93
ENSG00000152457	DCLRE1C	225	208	227	202	192	185	181	164
ENSG00000152463	OLAH	3	4	3	7	10	9	12	3
ENSG00000152464	RPP38	249	247	221	247	162	127	181	172
ENSG00000152465	NMT2	415	918	1296	770	569	154	446	247
ENSG00000152467	ZSCAN1	1	0	0	0	0	0	1	0
ENSG00000152475	ZNF837	107	101	125	71	78	88	28	114
ENSG00000152484	USP12	548	602	590	480	401	397	446	380
ENSG00000152492	CCDC50	1531	1961	2001	1624	1352	1000	1318	1141
ENSG00000152495	CAMK4	744	677	618	629	461	343	420	460
ENSG00000152503	TRIM36	96	99	74	55	86	166	84	211
ENSG00000152518	ZFP36L2	2285	2564	2854	2679	1792	1294	2321	1298
ENSG00000152520	PAN3	675	720	642	567	535	555	484	536
ENSG00000152527	PLEKHH2	63	50	60	25	40	54	35	60
ENSG00000152556	PFKM	1335	1674	1697	1287	840	821	877	1136
ENSG00000152558	TMEM123	3972	6173	6268	5656	4169	2373	3267	3802
ENSG00000152578	GRIA4	1	0	0	2	1	1	0	7
ENSG00000152580	IGSF10	3	18	3	6	3	0	0	4
ENSG00000152582	SPEF2	83	166	149	140	127	78	69	98
ENSG00000152583	SPARCL1	24	22	13	22	45	67	15	36
ENSG00000152592	DMP1	0	0	0	0	0	0	0	0
ENSG00000152601	MBNL1	3740	3975	4199	3695	2880	2331	2109	2187
ENSG00000152611	CAPSL	24	36	34	29	6	0	2	3
ENSG00000152620	NADK2	1019	908	1052	913	466	434	377	493
ENSG00000152642	GPD1L	558	602	542	324	314	253	178	348
ENSG00000152661	GJA1	17	14	13	19	31	83	27	8
ENSG00000152669	CCNO	272	158	166	165	197	179	200	212
ENSG00000152670	DDX4	0	0	0	2	0	2	0	1
ENSG00000152672	CLEC4F	0	0	0	0	0	1	1	0
ENSG00000152683	SLC30A6	855	931	922	756	593	512	469	489
ENSG00000152684	PELO	897	995	1029	798	740	570	698	654
ENSG00000152689	RASGRP3	15	5	14	25	13	10	10	4
ENSG00000152700	SAR1B	932	904	931	899	725	753	689	692
ENSG00000152705	CATSPER3	2	5	11	3	2	1	1	3
ENSG00000152749	GPR180	461	439	402	383	321	341	310	302
ENSG00000152760	DYNLT5	0	0	0	0	0	0	0	0
ENSG00000152763	DNAI4	3	4	5	6	6	3	0	3
ENSG00000152766	ANKRD22	32	19	24	10	15	41	5	28
ENSG00000152767	FARP1	766	889	675	552	756	925	627	928
ENSG00000152778	IFIT5	852	815	928	610	655	705	381	786
ENSG00000152779	SLC16A12	5	2	9	1	1	1	1	1
ENSG00000152782	PANK1	225	199	198	136	122	105	86	132
ENSG00000152784	PRDM8	29	36	39	40	38	30	69	36
ENSG00000152785	BMP3	0	0	1	0	0	0	0	0
ENSG00000152795	HNRNPDL	4814	4582	4876	4311	3713	3657	3499	4626
ENSG00000152804	HHEX	99	114	173	139	160	95	96	154
ENSG00000152818	UTRN	676	1086	881	795	844	638	642	771
ENSG00000152822	GRM1	7	3	3	1	0	0	5	0
ENSG00000152894	PTPRK	604	636	791	488	646	318	534	348
ENSG00000152904	GGPS1	1045	1115	960	866	807	803	803	827
ENSG00000152926	ZNF117	142	131	105	77	172	140	68	67
ENSG00000152932	RAB3C	0	1	0	0	0	0	0	0
ENSG00000152936	LMNTD1	0	1	2	0	0	4	0	1
ENSG00000152939	MARVELD2	7	13	5	7	11	17	13	5
ENSG00000152942	RAD17	453	466	553	451	308	295	288	298
ENSG00000152944	MED21	365	360	372	325	247	248	312	283
ENSG00000152952	PLOD2	1078	2327	1428	1330	2021	329	1227	770
ENSG00000152953	STK32B	266	127	80	73	388	256	31	436
ENSG00000152977	ZIC1	232	253	241	217	169	185	156	168
ENSG00000152990	ADGRA3	1303	1143	1053	969	694	663	675	761
ENSG00000153006	SREK1IP1	896	996	945	964	794	856	852	672
ENSG00000153012	LGI2	1	1	0	1	6	4	3	2
ENSG00000153015	CWC27	771	1041	1075	979	757	663	816	625
ENSG00000153029	MR1	236	332	306	233	188	123	112	148
ENSG00000153037	SRP19	828	768	857	725	546	606	635	682
ENSG00000153044	CENPH	1040	1328	1367	1356	1001	582	996	796
ENSG00000153046	CDYL	398	405	496	394	330	192	286	275
ENSG00000153048	CARHSP1	1096	1537	1778	1398	1175	731	1125	1154
ENSG00000153060	TEKT5	1	2	2	3	2	3	2	1
ENSG00000153064	BANK1	12	16	16	13	12	13	8	11
ENSG00000153066	TXNDC11	464	488	621	429	391	185	264	338
ENSG00000153071	DAB2	593	669	696	571	366	322	391	359
ENSG00000153086	ACMSD	0	0	0	0	0	0	0	0
ENSG00000153093	ACOXL	25	18	19	18	21	25	23	32
ENSG00000153094	BCL2L11	295	324	338	241	279	194	152	180
ENSG00000153107	ANAPC1	1166	1257	1349	953	743	485	521	654
ENSG00000153113	CAST	4908	6287	6653	5215	4192	2466	3297	3089
ENSG00000153130	SCOC	1004	1041	1108	996	786	706	746	760
ENSG00000153132	CLGN	6	19	12	12	34	15	18	21
ENSG00000153140	CETN3	510	602	563	525	447	337	454	395
ENSG00000153147	SMARCA5	1512	1711	1916	1499	1187	1106	1185	1144
ENSG00000153157	SYCP2L	38	43	29	33	35	38	60	19
ENSG00000153162	BMP6	14	11	13	11	28	33	17	49
ENSG00000153165	RGPD3	19	30	25	33	19	9	18	16
ENSG00000153179	RASSF3	766	863	998	821	539	642	819	721
ENSG00000153187	HNRNPU	12591	14666	14237	12977	9617	8686	9482	10088
ENSG00000153201	RANBP2	1449	1418	1398	1083	949	849	846	940
ENSG00000153207	AHCTF1	2656	2708	2612	1876	1912	1520	1865	1697
ENSG00000153208	MERTK	46	43	30	32	21	25	0	10
ENSG00000153214	TMEM87B	520	512	494	421	449	409	334	433
ENSG00000153230	OR14K1	1	4	1	3	2	0	3	1
ENSG00000153233	PTPRR	0	13	3	11	52	0	2	0
ENSG00000153234	NR4A2	123	148	126	105	730	385	218	396
ENSG00000153237	CCDC148	3	1	8	3	0	2	0	3
ENSG00000153246	PLA2R1	19	25	31	33	53	43	31	43
ENSG00000153250	RBMS1	939	850	972	1019	624	505	609	447
ENSG00000153253	SCN3A	0	2	0	0	1	14	11	0
ENSG00000153283	CD96	231	577	616	519	623	271	585	373
ENSG00000153291	SLC25A27	51	68	36	34	81	110	75	70
ENSG00000153292	ADGRF1	18	12	8	20	2	8	1	0
ENSG00000153294	ADGRF4	67	27	42	25	14	20	25	18
ENSG00000153303	FRMD1	0	0	0	0	1	0	0	0
ENSG00000153310	CYRIB	2134	2396	2610	2440	1484	923	1570	1380
ENSG00000153317	ASAP1	1625	2097	2347	1826	1551	600	1429	694
ENSG00000153339	TRAPPC8	554	641	938	460	374	202	428	224
ENSG00000153347	FAM81B	1	1	4	0	4	0	0	2
ENSG00000153391	INO80C	756	738	842	676	400	256	685	389
ENSG00000153395	LPCAT1	942	1101	1182	964	562	324	614	532
ENSG00000153404	PLEKHG4B	129	74	56	32	9	10	16	13
ENSG00000153406	NMRAL1	1371	1452	1624	1294	1126	820	950	1167
ENSG00000153443	UBALD1	1347	1273	1620	1125	946	985	1147	1166
ENSG00000153446	C16orf89	0	2	0	0	2	1	0	1
ENSG00000153485	TMEM251	328	402	338	294	263	194	261	276
ENSG00000153487	ING1	763	901	965	795	806	605	609	857
ENSG00000153495	TEX29	3	2	0	3	0	0	5	0
ENSG00000153531	ADPRHL1	75	133	108	84	95	47	35	80
ENSG00000153551	CMTM7	943	1474	1668	1179	954	775	926	1155
ENSG00000153558	FBXL2	55	114	102	85	71	52	69	36
ENSG00000153560	UBP1	2202	2445	2695	2160	1365	926	1195	1255
ENSG00000153561	RMND5A	873	1002	1022	739	609	556	564	566
ENSG00000153563	CD8A	0	2	1	0	0	0	0	0
ENSG00000153574	RPIA	771	966	1069	958	552	435	601	615
ENSG00000153684	GOLGA8F	0	0	0	0	0	0	3	0
ENSG00000153707	PTPRD	971	1132	1113	559	66	44	10	65
ENSG00000153714	LURAP1L	80	51	45	36	58	44	57	44
ENSG00000153721	CNKSR3	175	204	119	123	217	235	131	340
ENSG00000153767	GTF2E1	280	262	266	216	199	185	205	182
ENSG00000153774	CFDP1	627	991	846	676	641	521	614	696
ENSG00000153779	TGIF2LX	0	0	0	0	0	0	0	1
ENSG00000153786	ZDHHC7	1150	1251	1546	1020	990	646	904	640
ENSG00000153789	CIBAR2	3	3	3	1	2	16	2	13
ENSG00000153790	C7orf31	155	182	183	145	126	64	73	55
ENSG00000153814	JAZF1	177	143	121	106	124	139	107	217
ENSG00000153815	CMIP	1044	1469	1442	1247	864	434	1099	444
ENSG00000153820	SPHKAP	1	0	1	0	0	0	0	0
ENSG00000153822	KCNJ16	4	0	0	0	0	0	0	2
ENSG00000153823	PID1	102	104	86	76	42	24	26	9
ENSG00000153827	TRIP12	3513	3858	3891	3072	2367	2038	2105	2174
ENSG00000153832	FBXO36	54	45	96	73	50	35	22	51
ENSG00000153879	CEBPG	482	421	559	370	302	315	309	339
ENSG00000153885	KCTD15	1159	742	640	570	510	720	386	929
ENSG00000153896	ZNF599	118	116	119	135	121	71	56	90
ENSG00000153898	MCOLN2	126	131	131	80	77	57	79	83
ENSG00000153902	LGI4	15	7	3	6	17	27	6	24
ENSG00000153904	DDAH1	399	733	1132	690	509	94	358	196
ENSG00000153914	SREK1	451	622	597	470	311	314	347	373
ENSG00000153922	CHD1	567	486	673	466	421	256	360	166
ENSG00000153930	ANKFN1	9	5	11	2	3	8	1	14
ENSG00000153933	DGKE	47	41	43	30	46	24	34	46
ENSG00000153936	HS2ST1	632	896	803	627	496	498	415	649
ENSG00000153944	MSI2	1184	1087	1022	762	1008	1436	657	1385
ENSG00000153956	CACNA2D1	503	512	425	512	369	259	351	367
ENSG00000153975	ZUP1	157	150	162	115	136	77	112	109
ENSG00000153976	HS3ST3A1	1769	1751	1932	1359	1609	1126	1320	1457
ENSG00000153982	GDPD1	57	46	30	31	45	67	57	33
ENSG00000153989	NUS1	1826	1999	1924	1999	1365	1043	1462	1301
ENSG00000153993	SEMA3D	14	49	88	88	76	12	41	24
ENSG00000154001	PPP2R5E	820	845	834	733	637	439	581	547
ENSG00000154016	GRAP	2	8	14	21	6	5	9	7
ENSG00000154025	SLC5A10	1	0	1	1	0	4	1	2
ENSG00000154027	AK5	16	84	70	100	104	12	67	25
ENSG00000154040	CABYR	293	338	375	223	89	45	129	67
ENSG00000154059	IMPACT	1709	2023	2328	1599	995	533	1048	748
ENSG00000154065	ANKRD29	118	191	192	159	102	37	49	36
ENSG00000154079	SDHAF4	29	47	61	42	58	45	42	45
ENSG00000154080	CHST9	0	1	0	2	0	1	1	1
ENSG00000154096	THY1	20	16	16	16	7	27	9	3
ENSG00000154099	DNAAF1	0	0	0	1	0	2	0	0
ENSG00000154102	C16orf74	164	276	326	252	181	42	470	42
ENSG00000154114	TBCEL	501	546	447	414	324	280	312	326
ENSG00000154118	JPH3	10	0	0	0	0	0	0	0
ENSG00000154122	ANKH	3126	2451	1857	1652	2621	3260	1410	4768
ENSG00000154124	OTULIN	378	484	480	357	355	281	358	394
ENSG00000154127	UBASH3B	659	658	709	481	504	219	430	409
ENSG00000154133	ROBO4	223	313	398	337	203	230	409	187
ENSG00000154134	ROBO3	3	5	10	2	0	13	0	32
ENSG00000154143	PANX3	16	12	5	6	14	13	11	15
ENSG00000154144	TBRG1	295	222	268	241	157	162	148	159
ENSG00000154146	NRGN	528	484	520	588	482	648	627	805
ENSG00000154153	RETREG1	168	167	166	104	174	142	54	181
ENSG00000154162	CDH12	220	240	265	192	211	209	146	219
ENSG00000154165	GPR15	0	0	0	0	0	0	0	0
ENSG00000154174	TOMM70	3160	3510	3659	2785	2449	1686	1774	2057
ENSG00000154175	ABI3BP	14	18	11	12	19	10	5	5
ENSG00000154188	ANGPT1	321	288	268	217	288	627	172	327
ENSG00000154217	PITPNC1	450	787	632	473	445	408	251	860
ENSG00000154222	CC2D1B	1018	1139	1354	999	812	756	952	868
ENSG00000154227	CERS3	0	0	0	0	0	0	0	0
ENSG00000154229	PRKCA	862	1282	1230	963	1159	537	813	586
ENSG00000154237	LRRK1	333	381	412	340	253	74	192	174
ENSG00000154240	CEP112	209	169	178	161	167	187	121	189
ENSG00000154252	GAL3ST2	0	0	1	2	0	2	0	2
ENSG00000154258	ABCA9	4	2	1	2	4	9	3	3
ENSG00000154262	ABCA6	1	0	0	2	9	14	0	13
ENSG00000154263	ABCA10	2	13	27	5	18	12	0	0
ENSG00000154265	ABCA5	47	64	62	47	74	63	55	46
ENSG00000154269	ENPP3	13	15	14	0	9	5	3	19
ENSG00000154274	C4orf19	66	67	61	34	45	65	33	44
ENSG00000154305	MIA3	981	1179	1089	656	814	661	660	705
ENSG00000154309	DISP1	100	121	85	85	39	72	68	108
ENSG00000154310	TNIK	518	683	702	538	393	408	146	403
ENSG00000154319	FAM167A	424	347	314	244	216	183	146	471
ENSG00000154328	NEIL2	386	475	478	439	338	197	276	287
ENSG00000154330	PGM5	9	24	26	17	31	1	15	6
ENSG00000154342	WNT3A	3	2	1	0	0	1	0	0
ENSG00000154358	OBSCN	78	139	78	49	96	77	25	87
ENSG00000154359	LONRF1	119	127	106	76	90	45	83	48
ENSG00000154370	TRIM11	1181	1221	1164	899	906	809	1068	916
ENSG00000154380	ENAH	1983	1970	1691	1094	1464	1478	1184	1591
ENSG00000154415	PPP1R3A	0	0	0	0	1	0	0	0
ENSG00000154429	CCSAP	527	607	457	397	652	513	476	701
ENSG00000154438	ASZ1	1	0	0	0	0	0	0	0
ENSG00000154447	SH3RF1	292	403	527	298	272	204	287	194
ENSG00000154451	GBP5	17	13	25	14	15	9	14	7
ENSG00000154473	BUB3	4077	4350	4876	3604	3421	2609	2086	3233
ENSG00000154479	CFAP210	1	3	1	1	1	0	0	0
ENSG00000154485	MMP21	1	2	8	0	2	3	1	0
ENSG00000154493	C10orf90	58	25	13	17	26	53	5	64
ENSG00000154511	DIPK1A	59	66	71	53	55	29	29	53
ENSG00000154518	ATP5MC3	2454	2476	2679	2517	1718	1503	1579	1854
ENSG00000154529	CNTNAP3B	136	160	97	57	336	442	84	513
ENSG00000154545	MAGED4	0	0	0	0	0	0	0	0
ENSG00000154548	SRSF12	1	3	1	1	0	2	2	1
ENSG00000154553	PDLIM3	107	83	73	41	124	67	84	186
ENSG00000154556	SORBS2	975	1223	1023	697	1802	845	758	1081
ENSG00000154582	ELOC	2373	2560	2394	2430	1664	1423	1567	1950
ENSG00000154589	LY96	38	42	43	50	52	27	15	40
ENSG00000154611	PSMA8	0	0	0	1	0	0	0	0
ENSG00000154639	CXADR	139	256	178	123	175	93	108	164
ENSG00000154640	BTG3	404	484	503	359	396	270	362	359
ENSG00000154642	C21orf91	273	303	319	212	148	142	106	163
ENSG00000154645	CHODL	9	7	11	4	2	0	0	1
ENSG00000154646	TMPRSS15	2628	2303	3536	1769	657	128	63	427
ENSG00000154654	NCAM2	586	586	668	433	320	199	378	204
ENSG00000154655	L3MBTL4	5	3	1	6	12	4	2	4
ENSG00000154678	PDE1C	957	2032	2409	1978	1409	220	1556	403
ENSG00000154710	RABGEF1	808	909	922	807	656	432	627	498
ENSG00000154719	MRPL39	593	668	719	524	418	380	317	421
ENSG00000154721	JAM2	19	27	20	2	32	14	19	30
ENSG00000154723	ATP5PF	2100	1866	1948	1759	1259	1485	1103	1543
ENSG00000154727	GABPA	899	936	818	630	567	540	513	538
ENSG00000154734	ADAMTS1	374	775	790	542	1407	299	628	461
ENSG00000154736	ADAMTS5	2	2	4	1	7	5	3	3
ENSG00000154743	TSEN2	232	167	163	176	111	102	116	137
ENSG00000154760	SLFN13	11	15	16	11	8	3	7	15
ENSG00000154764	WNT7A	137	119	114	171	92	2	127	20
ENSG00000154767	XPC	1115	1414	1771	1174	939	597	890	799
ENSG00000154781	CCDC174	321	441	484	351	293	246	291	276
ENSG00000154783	FGD5	1	1	1	0	1	1	0	0
ENSG00000154803	FLCN	335	493	534	391	367	169	311	291
ENSG00000154813	DPH3	739	703	719	561	427	360	389	451
ENSG00000154814	OXNAD1	302	285	333	259	197	137	134	183
ENSG00000154822	PLCL2	148	187	202	130	125	51	115	97
ENSG00000154832	CXXC1	1896	2225	2336	1561	934	607	1189	750
ENSG00000154839	SKA1	544	525	620	434	395	215	468	225
ENSG00000154845	PPP4R1	966	1020	1157	1214	874	469	682	596
ENSG00000154856	APCDD1	14	14	8	7	14	20	16	7
ENSG00000154864	PIEZO2	6	0	0	21	16	9	0	1
ENSG00000154889	MPPE1	163	154	212	128	139	78	129	145
ENSG00000154914	USP43	200	122	138	135	176	236	210	400
ENSG00000154917	RAB6B	171	171	168	157	203	113	58	133
ENSG00000154920	EME1	258	340	324	268	245	135	195	205
ENSG00000154928	EPHB1	40	61	59	76	84	12	108	22
ENSG00000154930	ACSS1	290	397	305	319	232	216	116	294
ENSG00000154945	ANKRD40	1713	1658	1874	1598	1287	981	1147	1124
ENSG00000154957	ZNF18	154	129	128	105	67	135	80	105
ENSG00000154975	CA10	0	0	0	1	0	0	0	0
ENSG00000154978	VOPP1	827	1280	1351	1378	1015	287	1225	424
ENSG00000154997	SEPTIN14	25	29	23	28	26	24	22	12
ENSG00000155008	APOOL	456	604	623	465	339	203	275	310
ENSG00000155011	DKK2	61	89	62	90	33	23	71	13
ENSG00000155016	CYP2U1	116	123	175	100	103	62	44	75
ENSG00000155026	RSPH10B	0	2	0	0	1	0	0	0
ENSG00000155034	FBXL18	1557	1318	1452	1076	767	860	851	666
ENSG00000155052	CNTNAP5	0	1	0	2	0	0	0	2
ENSG00000155066	PROM2	16	12	16	11	22	12	11	8
ENSG00000155085	AK9	19	41	45	26	29	21	17	18
ENSG00000155087	ODF1	1	1	0	0	0	0	0	0
ENSG00000155090	KLF10	686	1118	1238	970	1083	559	779	764
ENSG00000155093	PTPRN2	1	0	1	0	0	0	0	0
ENSG00000155096	AZIN1	3249	3331	3599	2959	2415	1811	1862	2493
ENSG00000155097	ATP6V1C1	1122	1237	1378	1189	844	533	623	732
ENSG00000155099	PIP4P2	379	372	392	428	269	221	229	299
ENSG00000155100	OTUD6B	626	671	790	638	510	348	437	441
ENSG00000155111	CDK19	284	368	343	287	290	207	213	255
ENSG00000155115	GTF3C6	1213	1018	1127	1049	807	863	836	1122
ENSG00000155158	TTC39B	208	205	212	207	199	164	230	149
ENSG00000155189	AGPAT5	679	806	826	786	487	443	489	573
ENSG00000155229	MMS19	1134	1467	1631	1102	1046	787	624	1043
ENSG00000155252	PI4K2A	1117	1066	1284	923	918	603	624	744
ENSG00000155254	MARVELD1	2633	2415	2649	2095	1909	1364	1129	1771
ENSG00000155256	ZFYVE27	759	697	750	583	676	620	491	700
ENSG00000155265	GOLGA7B	89	33	27	62	86	48	37	122
ENSG00000155269	GPR78	0	0	1	1	0	0	0	0
ENSG00000155275	TRMT44	68	161	208	129	79	61	62	88
ENSG00000155287	SLC25A28	304	266	327	253	208	230	167	250
ENSG00000155304	HSPA13	848	913	922	730	872	685	593	796
ENSG00000155307	SAMSN1	2	3	2	6	2	1	11	4
ENSG00000155313	USP25	454	599	645	421	434	221	344	293
ENSG00000155324	GRAMD2B	152	188	184	159	173	85	128	109
ENSG00000155329	ZCCHC10	271	256	258	222	208	206	226	177
ENSG00000155330	C16orf87	209	230	248	173	213	253	251	286
ENSG00000155363	MOV10	1036	1435	1668	876	636	575	596	806
ENSG00000155366	RHOC	4460	5078	6050	4959	3911	2943	3246	3876
ENSG00000155367	PPM1J	10	14	11	9	18	8	17	26
ENSG00000155368	DBI	844	791	666	708	518	582	588	750
ENSG00000155380	SLC16A1	2907	3785	4255	3200	2317	1547	1862	2339
ENSG00000155393	HEATR3	266	201	257	167	114	141	161	203
ENSG00000155428	TRIM74	6	6	7	0	4	2	3	1
ENSG00000155438	NIFK	853	1015	960	739	698	586	543	806
ENSG00000155463	OXA1L	1724	2108	2291	1659	1262	933	893	1329
ENSG00000155465	SLC7A7	26	0	19	46	22	24	34	22
ENSG00000155495	MAGEC1	1	3	7	95	4	0	5	1
ENSG00000155506	LARP1	6936	7519	8037	6216	4287	3654	3943	3510
ENSG00000155508	CNOT8	1350	1551	1520	1274	1048	933	944	1035
ENSG00000155511	GRIA1	3	5	0	2	1	0	0	0
ENSG00000155530	LRGUK	8	11	18	11	10	18	6	10
ENSG00000155542	SETD9	79	93	68	75	48	36	35	33
ENSG00000155545	MIER3	472	482	453	323	374	368	315	348
ENSG00000155561	NUP205	1413	1610	2241	1107	1094	382	720	532
ENSG00000155592	ZKSCAN2	361	449	518	361	232	188	220	252
ENSG00000155621	C9orf85	268	354	385	274	351	165	254	231
ENSG00000155622	XAGE2	14	11	1	7	5	8	1	2
ENSG00000155629	PIK3AP1	67	91	102	54	84	34	43	35
ENSG00000155636	RBM45	219	207	235	170	154	156	154	158
ENSG00000155657	TTN	9	6	8	8	6	1	3	3
ENSG00000155660	PDIA4	3037	3131	3149	2679	2818	2385	2285	3114
ENSG00000155666	KDM8	87	77	96	61	47	66	49	65
ENSG00000155714	PDZD9	0	1	1	0	0	1	0	1
ENSG00000155719	OTOA	0	0	0	0	0	0	0	0
ENSG00000155729	KCTD18	289	261	312	257	196	170	154	201
ENSG00000155744	FAM126B	202	228	240	162	168	137	173	156
ENSG00000155749	FLACC1	3	4	1	0	4	3	0	0
ENSG00000155754	C2CD6	143	120	149	108	119	100	79	112
ENSG00000155755	TMEM237	285	270	329	274	155	138	110	156
ENSG00000155760	FZD7	217	172	186	113	229	271	79	217
ENSG00000155761	SPAG17	2	0	4	6	4	8	3	1
ENSG00000155792	DEPTOR	98	63	30	32	57	87	15	84
ENSG00000155816	FMN2	218	262	162	196	171	180	181	151
ENSG00000155827	RNF20	1350	1555	1610	1148	1269	1103	999	1041
ENSG00000155846	PPARGC1B	143	166	188	157	103	69	97	70
ENSG00000155849	ELMO1	378	351	386	244	256	313	173	274
ENSG00000155850	SLC26A2	2232	2077	1778	1377	1845	1987	853	1242
ENSG00000155858	LSM11	394	439	415	347	313	244	338	228
ENSG00000155868	MED7	188	269	192	207	212	159	163	163
ENSG00000155875	SAXO1	11	12	14	16	8	10	17	9
ENSG00000155876	RRAGA	3347	4130	4146	3517	2948	1964	2048	3089
ENSG00000155886	SLC24A2	0	1	0	0	0	0	2	0
ENSG00000155890	TRIM42	0	0	0	0	0	0	1	0
ENSG00000155893	PXYLP1	935	387	250	280	570	797	112	1067
ENSG00000155897	ADCY8	1	0	0	0	2	0	2	0
ENSG00000155903	RASA2	464	567	535	481	401	353	401	406
ENSG00000155906	RMND1	340	428	467	328	428	176	277	280
ENSG00000155918	RAET1L	0	4	0	0	2	0	0	0
ENSG00000155926	SLA	9	13	6	13	2	6	9	0
ENSG00000155957	TMBIM4	892	810	842	807	529	702	556	736
ENSG00000155959	VBP1	1559	1691	1845	1765	1385	941	1218	1179
ENSG00000155961	RAB39B	44	26	55	19	20	45	28	36
ENSG00000155962	CLIC2	5	6	2	2	2	0	1	0
ENSG00000155966	AFF2	0	2	0	0	0	0	1	0
ENSG00000155970	MICU3	89	116	130	84	114	73	68	69
ENSG00000155974	GRIP1	761	665	285	212	289	445	27	1037
ENSG00000155975	VPS37A	395	397	447	380	272	155	168	201
ENSG00000155980	KIF5A	225	161	161	97	138	187	62	141
ENSG00000156006	NAT2	1	1	2	0	1	0	0	0
ENSG00000156009	MAGEA8	3	0	0	0	0	0	0	0
ENSG00000156011	PSD3	429	435	373	254	270	233	196	256
ENSG00000156017	CARNMT1	528	574	623	410	381	351	431	361
ENSG00000156026	MCU	312	267	361	332	224	122	163	122
ENSG00000156030	MIDEAS	502	663	1004	490	591	183	351	329
ENSG00000156042	CFAP70	1	0	3	5	5	1	3	0
ENSG00000156049	GNA14	1	1	2	15	1	1	3	0
ENSG00000156050	FAM161B	159	198	202	133	123	111	93	104
ENSG00000156052	GNAQ	783	732	850	611	788	711	709	663
ENSG00000156076	WIF1	0	0	0	0	0	3	0	0
ENSG00000156097	GPR61	3	0	8	2	7	0	1	0
ENSG00000156103	MMP16	1417	1068	806	763	1232	1466	492	2228
ENSG00000156110	ADK	839	895	974	812	670	445	711	696
ENSG00000156113	KCNMA1	2074	2265	2349	2715	2537	1114	1793	1049
ENSG00000156127	BATF	8	0	3	5	5	1	13	4
ENSG00000156136	DCK	290	366	368	358	326	228	309	324
ENSG00000156140	ADAMTS3	247	174	181	120	95	163	107	90
ENSG00000156150	ALX3	0	0	0	0	1	0	0	0
ENSG00000156162	DPY19L4	711	770	727	706	640	591	561	668
ENSG00000156170	NDUFAF6	136	142	151	118	103	56	71	83
ENSG00000156171	DRAM2	267	378	354	329	317	191	252	238
ENSG00000156172	CFAP418	79	102	93	103	95	57	84	81
ENSG00000156194	PPEF2	3	3	3	2	0	3	3	3
ENSG00000156206	CFAP161	0	3	4	4	1	0	5	0
ENSG00000156218	ADAMTSL3	5	15	13	4	14	0	0	2
ENSG00000156219	ART3	10	5	0	1	19	63	0	38
ENSG00000156222	SLC28A1	0	0	0	0	0	0	0	0
ENSG00000156232	WHAMM	184	264	306	202	194	134	234	134
ENSG00000156234	CXCL13	0	0	0	0	0	1	0	0
ENSG00000156239	N6AMT1	125	138	132	90	139	124	141	123
ENSG00000156253	RWDD2B	65	97	89	57	38	51	33	42
ENSG00000156256	USP16	1280	1065	1346	1048	780	925	772	812
ENSG00000156261	CCT8	4946	5383	5510	4533	3278	2990	3340	3298
ENSG00000156265	MAP3K7CL	7	2	9	7	9	5	18	11
ENSG00000156269	NAA11	557	641	590	450	502	310	377	415
ENSG00000156273	BACH1	704	1046	1021	734	905	485	670	533
ENSG00000156298	TSPAN7	13	9	2	7	17	0	8	7
ENSG00000156299	TIAM1	386	285	236	150	328	665	255	497
ENSG00000156304	SCAF4	926	949	948	833	556	638	487	562
ENSG00000156313	RPGR	418	392	382	295	358	350	254	357
ENSG00000156345	CDK20	177	200	307	154	158	117	79	181
ENSG00000156374	PCGF6	422	354	436	323	393	284	209	301
ENSG00000156381	ANKRD9	253	278	273	311	213	304	335	279
ENSG00000156384	SFR1	300	321	365	273	291	219	220	245
ENSG00000156395	SORCS3	26	40	33	20	26	0	12	0
ENSG00000156398	SFXN2	208	135	223	138	85	85	51	92
ENSG00000156411	ATP5MJ	1192	1286	1293	1259	756	756	874	895
ENSG00000156413	FUT6	3	6	6	2	1	2	5	1
ENSG00000156414	TDRD9	0	0	0	2	0	0	0	0
ENSG00000156427	FGF18	8	5	8	1	6	10	6	2
ENSG00000156453	PCDH1	58	52	25	55	61	23	34	44
ENSG00000156463	SH3RF2	204	162	198	130	51	110	84	56
ENSG00000156466	GDF6	85	74	51	107	45	1	30	3
ENSG00000156467	UQCRB	1444	1649	1466	1510	1221	1016	895	1268
ENSG00000156469	MTERF3	398	434	437	445	329	267	266	382
ENSG00000156471	PTDSS1	354	364	486	327	268	90	167	192
ENSG00000156475	PPP2R2B	36	12	5	0	33	112	1	79
ENSG00000156482	RPL30	14134	19165	18847	16177	14648	10048	10688	17141
ENSG00000156486	KCNS2	0	0	0	0	0	0	0	1
ENSG00000156500	PABIR3	46	40	39	33	32	37	24	49
ENSG00000156502	SUPV3L1	396	442	520	370	272	161	250	269
ENSG00000156504	PABIR2	1060	952	1023	942	791	879	701	831
ENSG00000156508	EEF1A1	124662	191115	179355	146969	148846	80817	109069	123749
ENSG00000156509	FBXO43	52	37	55	43	20	33	15	33
ENSG00000156510	HKDC1	117	94	84	53	27	87	101	62
ENSG00000156515	HK1	2877	4889	5397	4025	2819	1300	2430	2230
ENSG00000156521	TYSND1	687	654	789	531	369	280	345	421
ENSG00000156531	PHF6	906	998	1069	825	722	518	502	624
ENSG00000156535	CD109	1779	1749	1398	1284	1908	1233	1007	1860
ENSG00000156564	LRFN2	0	0	0	0	0	0	0	0
ENSG00000156574	NODAL	5	0	0	1	5	1	1	0
ENSG00000156587	UBE2L6	1429	1424	1304	1168	965	1082	809	1461
ENSG00000156599	ZDHHC5	1695	1693	2024	1416	1152	756	706	949
ENSG00000156603	MED19	592	620	689	599	516	550	448	563
ENSG00000156639	ZFAND3	924	1197	1205	834	848	668	606	808
ENSG00000156642	NPTN	1691	1645	1577	1705	1325	1218	1222	1353
ENSG00000156650	KAT6B	653	790	724	592	608	554	548	528
ENSG00000156671	SAMD8	506	561	607	419	460	324	394	367
ENSG00000156675	RAB11FIP1	169	251	358	171	190	58	114	100
ENSG00000156687	UNC5D	54	135	36	10	127	169	5	171
ENSG00000156689	GLYATL2	6	6	11	18	14	11	10	10
ENSG00000156697	UTP14A	1626	1803	1954	1213	1197	793	881	1123
ENSG00000156709	AIFM1	903	796	1101	600	629	485	425	425
ENSG00000156711	MAPK13	184	156	159	129	50	60	216	38
ENSG00000156735	BAG4	407	445	415	369	301	243	196	271
ENSG00000156787	TBC1D31	288	300	350	226	174	92	134	142
ENSG00000156795	NTAQ1	144	166	152	143	198	112	150	164
ENSG00000156802	ATAD2	947	1111	1253	940	854	488	832	666
ENSG00000156804	FBXO32	231	277	223	159	205	203	184	188
ENSG00000156831	NSMCE2	558	616	690	615	579	319	324	519
ENSG00000156853	ZNF689	411	337	424	317	208	168	206	219
ENSG00000156858	PRR14	471	520	578	510	435	356	496	444
ENSG00000156860	FBRS	2185	2302	2462	1930	1415	1439	1636	1550
ENSG00000156869	FRRS1	126	229	195	121	171	127	132	107
ENSG00000156873	PHKG2	497	435	499	438	344	337	310	337
ENSG00000156875	MFSD14A	978	1206	1243	1071	964	552	846	740
ENSG00000156876	SASS6	412	405	518	386	195	272	290	209
ENSG00000156886	ITGAD	0	1	0	3	3	0	1	0
ENSG00000156925	ZIC3	0	1	1	0	0	1	1	0
ENSG00000156928	MALSU1	912	815	693	752	622	1051	690	1404
ENSG00000156931	VPS8	118	205	197	149	175	140	156	171
ENSG00000156958	GALK2	428	608	559	445	478	329	390	416
ENSG00000156959	LHFPL4	0	1	1	1	1	2	0	0
ENSG00000156966	B3GNT7	248	292	285	233	244	319	321	366
ENSG00000156968	MPV17L	542	604	565	430	399	421	400	470
ENSG00000156970	BUB1B	908	1007	1155	944	728	560	718	793
ENSG00000156973	PDE6D	386	357	360	377	230	220	272	263
ENSG00000156976	EIF4A2	643	1488	635	828	1833	1909	1421	1462
ENSG00000156983	BRPF1	570	655	762	553	454	272	436	348
ENSG00000156990	RPUSD3	899	1015	1058	950	590	385	516	620
ENSG00000157014	TATDN2	1532	1393	1702	1245	1181	793	837	1249
ENSG00000157017	GHRL	2	1	1	1	0	1	1	2
ENSG00000157020	SEC13	2101	2479	2822	2397	1618	1159	1366	1589
ENSG00000157036	EXOG	197	187	206	165	162	170	162	146
ENSG00000157045	NTAN1	516	663	639	609	510	378	497	580
ENSG00000157064	NMNAT2	194	201	265	194	216	142	377	129
ENSG00000157077	ZFYVE9	477	517	632	399	335	257	295	306
ENSG00000157087	ATP2B2	0	0	9	9	1	8	0	2
ENSG00000157093	LYZL4	0	0	0	0	1	0	0	0
ENSG00000157103	SLC6A1	0	0	0	0	0	0	0	0
ENSG00000157106	SMG1	1681	2240	1916	1588	1676	1067	1483	1205
ENSG00000157107	FCHO2	515	649	587	533	423	340	442	281
ENSG00000157110	RBPMS	44	55	74	59	75	34	61	44
ENSG00000157111	TMEM171	72	61	76	66	34	37	74	39
ENSG00000157119	KLHL40	0	0	0	1	0	0	0	0
ENSG00000157150	TIMP4	4	3	1	0	12	16	1	46
ENSG00000157152	SYN2	0	0	2	0	0	0	0	0
ENSG00000157168	NRG1	374	546	652	417	372	19	81	112
ENSG00000157181	ODR4	707	805	732	484	619	495	523	450
ENSG00000157184	CPT2	694	822	946	638	410	348	285	467
ENSG00000157191	NECAP2	1599	1941	2157	1661	1253	1130	1135	1228
ENSG00000157193	LRP8	1519	1237	1760	1039	1057	1127	1238	1267
ENSG00000157211	CDCP2	0	0	0	0	0	0	0	1
ENSG00000157212	PAXIP1	352	326	296	258	210	134	210	154
ENSG00000157214	STEAP2	126	162	133	113	89	98	121	95
ENSG00000157216	SSBP3	1440	1463	1676	1419	698	1097	869	852
ENSG00000157219	HTR5A	0	0	0	0	0	0	0	0
ENSG00000157224	CLDN12	722	1057	955	820	633	455	684	463
ENSG00000157227	MMP14	5471	5072	3964	4820	5219	6334	8388	5287
ENSG00000157240	FZD1	371	304	300	328	311	264	276	291
ENSG00000157259	GATAD1	1393	1747	1686	1263	1361	940	1130	872
ENSG00000157303	SUSD3	14	32	53	35	4	3	10	9
ENSG00000157315	TMED6	6	6	5	6	10	9	6	10
ENSG00000157322	CLEC18A	0	1	4	4	0	5	9	0
ENSG00000157326	DHRS4	448	504	525	423	342	255	297	391
ENSG00000157330	CFAP107	4	3	1	2	1	6	0	0
ENSG00000157335	CLEC18C	0	0	0	0	0	0	0	1
ENSG00000157343	ARMC12	6	5	5	2	3	6	3	8
ENSG00000157349	DDX19B	601	707	859	669	533	388	351	464
ENSG00000157350	ST3GAL2	1398	1111	1051	1202	861	876	776	848
ENSG00000157353	FCSK	246	299	311	234	147	144	153	174
ENSG00000157368	IL34	1	1	8	2	2	1	0	2
ENSG00000157379	DHRS1	314	330	362	274	249	145	68	186
ENSG00000157388	CACNA1D	63	23	8	2	42	44	7	65
ENSG00000157399	ARSL	199	180	184	139	114	92	73	169
ENSG00000157404	KIT	0	0	9	6	3	0	0	0
ENSG00000157423	HYDIN	41	66	76	72	81	25	13	40
ENSG00000157426	AASDH	181	241	292	238	165	122	108	130
ENSG00000157429	ZNF19	12	16	1	13	17	6	14	12
ENSG00000157445	CACNA2D3	13	0	0	0	10	8	3	7
ENSG00000157450	RNF111	462	546	675	378	391	213	288	289
ENSG00000157456	CCNB2	996	1142	1286	1134	886	534	593	814
ENSG00000157470	FAM81A	56	44	66	77	49	27	66	34
ENSG00000157483	MYO1E	816	1359	1302	1021	1069	623	759	1046
ENSG00000157500	APPL1	1229	1757	1821	1501	1147	823	877	1051
ENSG00000157502	PWWP3B	2	2	3	0	8	18	1	15
ENSG00000157510	AFAP1L1	206	250	392	220	152	45	64	81
ENSG00000157514	TSC22D3	181	182	166	178	272	203	188	198
ENSG00000157538	VPS26C	696	742	803	570	542	282	423	310
ENSG00000157540	DYRK1A	786	818	807	673	629	623	582	556
ENSG00000157542	KCNJ6	8	8	3	8	3	4	2	3
ENSG00000157551	KCNJ15	122	87	84	70	80	110	96	94
ENSG00000157554	ERG	10	6	12	21	8	4	16	4
ENSG00000157557	ETS2	706	1198	1499	979	1633	181	875	388
ENSG00000157570	TSPAN18	0	0	1	3	2	0	0	0
ENSG00000157578	LCA5L	23	21	11	13	17	23	8	12
ENSG00000157593	SLC35B2	1435	1625	1679	1399	1265	1125	1025	1472
ENSG00000157600	TMEM164	427	316	354	307	283	278	239	332
ENSG00000157601	MX1	232	156	117	66	129	453	107	154
ENSG00000157613	CREB3L1	91	91	133	122	38	38	58	26
ENSG00000157617	C2CD2	3	2	0	2	0	6	5	4
ENSG00000157625	TAB3	801	793	879	687	510	316	547	381
ENSG00000157637	SLC38A10	810	862	874	703	738	670	517	858
ENSG00000157653	C9orf43	17	32	35	19	17	16	17	12
ENSG00000157654	PALM2AKAP2	907	1058	1297	763	1250	704	826	665
ENSG00000157657	ZNF618	184	147	119	98	263	330	178	262
ENSG00000157680	DGKI	45	11	7	5	7	7	17	4
ENSG00000157693	TMEM268	323	365	445	286	258	191	300	237
ENSG00000157703	SVOPL	1	1	1	0	24	0	0	5
ENSG00000157734	SNX22	0	21	0	0	28	0	15	23
ENSG00000157741	UBN2	411	495	379	318	336	289	359	199
ENSG00000157764	BRAF	540	765	739	584	586	457	599	410
ENSG00000157765	SLC34A2	2	1	4	1	1	0	0	0
ENSG00000157766	ACAN	0	0	2	2	1	1	1	0
ENSG00000157778	PSMG3	1130	1188	1300	1290	944	737	865	891
ENSG00000157782	CABP1	1	1	1	0	0	3	1	4
ENSG00000157796	WDR19	293	353	284	240	227	198	153	302
ENSG00000157800	SLC37A3	577	682	694	552	423	416	394	558
ENSG00000157823	AP3S2	680	762	990	660	476	345	395	458
ENSG00000157827	FMNL2	1201	1611	1454	1113	825	740	644	873
ENSG00000157833	GAREM2	206	257	279	169	182	118	83	197
ENSG00000157837	SPPL3	864	1035	1051	800	553	528	495	694
ENSG00000157851	DPYSL5	168	222	385	246	134	46	48	117
ENSG00000157856	DRC1	4	2	4	0	0	5	0	2
ENSG00000157869	RAB28	315	302	325	338	269	241	328	237
ENSG00000157870	PRXL2B	702	658	1045	659	469	340	322	521
ENSG00000157873	TNFRSF14	112	169	172	135	108	81	117	114
ENSG00000157881	PANK4	407	554	559	452	354	291	323	347
ENSG00000157884	CIB4	0	0	0	0	0	0	0	0
ENSG00000157890	MEGF11	3	3	3	2	6	3	8	5
ENSG00000157895	C12orf43	490	485	532	470	246	326	311	307
ENSG00000157911	PEX10	665	810	784	722	580	440	469	718
ENSG00000157916	RER1	3731	4191	4255	3660	2555	2709	2470	3044
ENSG00000157933	SKI	1901	2108	1978	1644	1302	1062	1133	1280
ENSG00000157954	WIPI2	2169	2211	2426	2054	1384	1130	1155	1710
ENSG00000157978	LDLRAP1	753	709	821	661	495	509	310	675
ENSG00000157985	AGAP1	571	655	689	499	513	323	450	530
ENSG00000157992	KRTCAP3	10	6	5	2	5	10	11	3
ENSG00000157999	ANKRD61	5	7	3	9	6	11	5	2
ENSG00000158006	PAFAH2	305	394	346	273	229	257	212	196
ENSG00000158008	EXTL1	157	89	57	73	148	359	60	382
ENSG00000158014	SLC30A2	3	1	1	1	5	7	2	5
ENSG00000158019	BABAM2	822	1040	1105	913	573	375	584	557
ENSG00000158022	TRIM63	0	0	1	1	0	0	0	1
ENSG00000158023	CFAP251	29	17	23	9	8	8	42	10
ENSG00000158042	MRPL17	1110	1213	1072	1294	1066	863	893	1317
ENSG00000158050	DUSP2	87	91	131	84	140	95	86	99
ENSG00000158055	GRHL3	5	9	4	2	1	5	1	3
ENSG00000158062	UBXN11	208	204	243	209	218	149	141	191
ENSG00000158077	NLRP14	3	5	1	3	4	1	2	1
ENSG00000158079	PTPDC1	120	148	119	95	137	111	138	128
ENSG00000158089	GALNT14	203	289	364	266	290	82	180	171
ENSG00000158092	NCK1	424	573	555	443	410	277	359	362
ENSG00000158104	HPD	31	24	18	7	1	5	0	1
ENSG00000158106	RHPN1	382	543	425	338	296	394	294	398
ENSG00000158109	TPRG1L	879	1053	1081	723	508	436	467	521
ENSG00000158113	LRRC43	0	0	1	0	0	0	0	0
ENSG00000158122	PRXL2C	351	433	427	327	315	227	277	262
ENSG00000158125	XDH	79	75	120	102	55	36	103	18
ENSG00000158156	XKR8	0	0	0	0	0	0	0	0
ENSG00000158158	CNNM4	139	209	211	147	145	88	112	128
ENSG00000158161	EYA3	1056	1176	1133	836	748	584	599	617
ENSG00000158163	DZIP1L	161	156	147	131	87	77	96	83
ENSG00000158164	TMSB15A	4	3	2	4	3	7	2	4
ENSG00000158169	FANCC	212	269	327	204	215	125	202	171
ENSG00000158186	MRAS	316	207	170	145	160	166	50	202
ENSG00000158195	WASF2	2603	3838	4271	3082	2611	1451	2349	1837
ENSG00000158201	ABHD3	77	68	99	80	74	41	113	59
ENSG00000158220	ESYT3	13	12	11	0	6	9	0	4
ENSG00000158234	FAIM	256	252	259	202	186	207	133	297
ENSG00000158246	TENT5B	269	336	475	342	202	99	169	113
ENSG00000158258	CLSTN2	6	2	4	8	5	1	2	1
ENSG00000158270	COLEC12	110	150	145	83	230	70	89	90
ENSG00000158286	RNF207	176	227	186	168	191	161	149	151
ENSG00000158290	CUL4B	1832	2756	2968	1843	1819	984	915	1072
ENSG00000158292	GPR153	259	326	216	185	523	634	900	682
ENSG00000158296	SLC13A3	189	127	164	111	98	80	38	121
ENSG00000158301	GPRASP2	53	81	84	47	67	46	30	69
ENSG00000158315	RHBDL2	25	35	40	14	29	15	8	19
ENSG00000158321	AUTS2	14	3	13	3	4	2	32	3
ENSG00000158352	SHROOM4	223	129	61	40	130	213	34	282
ENSG00000158373	H2BC5	390	633	517	322	324	244	305	239
ENSG00000158402	CDC25C	198	248	248	237	175	140	181	161
ENSG00000158406	H4C8	42	0	52	19	24	0	21	0
ENSG00000158411	MITD1	186	261	253	241	157	97	179	158
ENSG00000158417	EIF5B	4543	4963	4729	4332	3487	4113	3832	3399
ENSG00000158423	RIBC1	54	47	52	44	43	59	34	72
ENSG00000158427	TMSB15B	35	26	26	20	9	22	17	30
ENSG00000158428	CATIP	0	0	0	0	0	0	0	0
ENSG00000158435	CNOT11	916	1014	1021	909	611	566	630	621
ENSG00000158445	KCNB1	0	0	3	5	2	0	0	0
ENSG00000158457	TSPAN33	12	10	11	5	55	14	2	26
ENSG00000158458	NRG2	257	296	324	226	232	286	128	343
ENSG00000158467	AHCYL2	334	342	334	258	273	197	202	288
ENSG00000158470	B4GALT5	2270	2451	2607	2094	1506	1320	1645	1518
ENSG00000158473	CD1D	1	1	0	2	1	3	11	7
ENSG00000158477	CD1A	0	0	0	0	0	0	0	0
ENSG00000158480	SPATA2	610	631	608	482	355	342	281	471
ENSG00000158481	CD1C	0	0	0	0	0	0	0	0
ENSG00000158485	CD1B	0	0	0	0	0	0	0	0
ENSG00000158486	DNAH3	3	10	22	1	4	0	6	0
ENSG00000158516	CPA2	1	5	5	4	1	2	1	0
ENSG00000158517	NCF1	0	0	0	0	0	0	0	0
ENSG00000158525	CPA5	13	14	13	16	2	1	2	3
ENSG00000158526	TSR2	702	765	855	682	519	475	605	543
ENSG00000158528	PPP1R9A	249	350	305	220	286	280	204	260
ENSG00000158545	ZC3H18	1840	1930	2209	1525	1269	987	1132	1119
ENSG00000158552	ZFAND2B	248	309	320	288	272	193	289	216
ENSG00000158553	POM121L2	0	0	0	0	0	0	0	1
ENSG00000158555	GDPD5	692	944	1183	749	365	179	520	216
ENSG00000158560	DYNC1I1	134	79	96	62	48	72	71	73
ENSG00000158571	PFKFB1	2	3	4	1	2	3	3	0
ENSG00000158578	ALAS2	1	1	1	2	0	2	1	3
ENSG00000158604	TMED4	1666	2291	2328	1731	1550	1238	1306	1494
ENSG00000158615	PPP1R15B	1781	2177	1726	1310	1470	1233	1320	1204
ENSG00000158623	COPG2	1440	1741	1994	1471	1220	704	878	1038
ENSG00000158636	EMSY	352	366	340	317	253	274	238	302
ENSG00000158639	PAGE5	2551	2985	2577	2480	2302	2101	2184	2687
ENSG00000158669	GPAT4	1123	1147	1109	1021	707	477	683	673
ENSG00000158683	PKD1L1	2	3	3	1	2	1	0	6
ENSG00000158691	ZSCAN12	117	85	127	84	110	71	78	70
ENSG00000158710	TAGLN2	32954	29015	25940	28511	24583	15759	22370	26031
ENSG00000158711	ELK4	2034	2221	1820	1547	1403	1246	1509	1231
ENSG00000158714	SLAMF8	10	0	3	0	0	0	16	4
ENSG00000158715	SLC45A3	616	515	676	386	302	211	337	287
ENSG00000158716	DUSP23	2435	1869	1309	1585	1377	1222	901	2394
ENSG00000158717	RNF166	655	819	1000	774	497	477	718	525
ENSG00000158747	NBL1	380	459	525	511	542	747	398	519
ENSG00000158748	HTR6	4	2	3	0	7	1	1	3
ENSG00000158764	ITLN2	0	0	0	1	0	0	2	0
ENSG00000158769	F11R	386	546	575	429	390	251	427	212
ENSG00000158773	USF1	1224	1039	997	855	779	731	693	955
ENSG00000158786	PLA2G2F	0	0	1	0	0	0	0	0
ENSG00000158792	SPATA2L	282	420	386	305	276	268	237	400
ENSG00000158793	NIT1	595	816	565	542	507	549	527	592
ENSG00000158796	DEDD	1267	1372	1116	1075	810	837	922	1044
ENSG00000158805	ZNF276	790	900	872	676	671	846	757	634
ENSG00000158806	NPM2	0	0	0	0	0	0	0	0
ENSG00000158813	EDA	2	4	0	1	0	0	0	0
ENSG00000158815	FGF17	0	0	0	1	0	0	0	0
ENSG00000158816	VWA5B1	0	0	0	0	0	0	0	0
ENSG00000158825	CDA	124	149	206	169	91	37	456	10
ENSG00000158828	PINK1	1598	1884	2499	1698	1205	438	822	594
ENSG00000158850	B4GALT3	1446	1640	1374	1298	1180	948	1210	1193
ENSG00000158856	DMTN	44	49	58	84	34	10	25	27
ENSG00000158859	ADAMTS4	89	127	93	103	65	73	63	42
ENSG00000158863	FHIP2B	252	315	275	235	174	109	248	157
ENSG00000158864	NDUFS2	4007	4483	3924	2932	2564	1556	2082	2250
ENSG00000158865	SLC5A11	0	5	0	0	0	0	2	0
ENSG00000158869	FCER1G	16	9	16	12	7	3	20	6
ENSG00000158874	APOA2	0	0	0	0	1	1	0	0
ENSG00000158882	TOMM40L	666	601	544	481	319	450	388	428
ENSG00000158887	MPZ	87	96	137	117	97	61	19	74
ENSG00000158901	WFDC8	2	1	2	0	1	1	3	2
ENSG00000158941	CCAR2	3357	3761	4233	3241	2306	1256	1772	1997
ENSG00000158955	WNT9B	0	5	0	0	0	1	1	2
ENSG00000158966	CACHD1	91	67	87	54	82	110	57	86
ENSG00000158985	CDC42SE2	700	590	683	567	391	364	390	435
ENSG00000158987	RAPGEF6	457	653	659	442	453	294	320	335
ENSG00000159023	EPB41	660	811	953	627	437	194	285	439
ENSG00000159055	MIS18A	620	642	653	630	395	429	446	346
ENSG00000159063	ALG8	835	894	861	780	583	491	424	605
ENSG00000159069	FBXW5	1969	2379	3111	1702	1812	981	1199	1617
ENSG00000159079	CFAP298	724	640	695	554	451	584	523	566
ENSG00000159082	SYNJ1	266	225	219	158	140	149	124	100
ENSG00000159086	PAXBP1	483	482	442	381	301	324	317	259
ENSG00000159110	IFNAR2	210	158	115	133	137	177	121	195
ENSG00000159111	MRPL10	1569	2341	2346	1891	1472	986	1240	1476
ENSG00000159128	IFNGR2	1009	915	805	732	909	1156	721	1863
ENSG00000159131	GART	2791	2795	3175	2250	1679	1473	1457	1655
ENSG00000159140	SON	4167	4236	4172	3524	3208	3217	3134	2912
ENSG00000159147	DONSON	307	286	283	249	170	144	203	199
ENSG00000159164	SV2A	1457	1241	1261	945	868	1128	864	1000
ENSG00000159166	LAD1	219	191	169	108	110	105	19	143
ENSG00000159167	STC1	1929	3568	2886	2653	2171	1300	2070	1578
ENSG00000159173	TNNI1	7	6	4	9	7	12	11	9
ENSG00000159176	CSRP1	3309	4287	4333	3145	2533	2778	2019	3278
ENSG00000159182	PRAC1	1	0	0	0	0	1	0	0
ENSG00000159184	HOXB13	279	286	318	270	249	221	148	275
ENSG00000159197	KCNE2	7	4	1	7	10	7	2	3
ENSG00000159199	ATP5MC1	1258	1441	1398	1355	962	869	842	1183
ENSG00000159200	RCAN1	704	537	639	433	662	813	346	661
ENSG00000159202	UBE2Z	3481	3832	4507	3520	2537	2154	2298	2634
ENSG00000159208	CIART	19	16	12	10	22	23	3	16
ENSG00000159210	SNF8	1223	1234	1477	1236	868	625	886	879
ENSG00000159212	CLIC6	0	0	0	0	1	0	0	1
ENSG00000159214	CCDC24	79	97	104	61	78	62	13	59
ENSG00000159216	RUNX1	1141	1539	1564	1248	1448	831	1273	788
ENSG00000159217	IGF2BP1	2123	2710	2840	2199	1760	1299	1601	1185
ENSG00000159224	GIP	4	2	3	6	2	0	3	1
ENSG00000159228	CBR1	1347	1188	1313	1149	782	747	714	994
ENSG00000159231	CBR3	148	101	107	81	92	129	72	179
ENSG00000159251	ACTC1	5	0	3	13	1	0	0	0
ENSG00000159256	MORC3	305	367	405	302	360	185	250	172
ENSG00000159259	CHAF1B	326	320	431	345	223	224	252	218
ENSG00000159261	CLDN14	2	3	6	2	4	0	4	2
ENSG00000159263	SIM2	1	3	1	1	2	0	0	0
ENSG00000159267	HLCS	637	549	541	397	384	340	334	384
ENSG00000159289	GOLGA6A	0	2	0	0	0	0	4	1
ENSG00000159307	SCUBE1	20	34	22	24	20	54	42	21
ENSG00000159314	ARHGAP27	118	174	192	131	98	89	71	62
ENSG00000159322	ADPGK	653	740	814	620	507	380	356	674
ENSG00000159335	PTMS	18871	18231	19667	20215	10831	12908	12141	13396
ENSG00000159337	PLA2G4D	0	6	8	12	5	0	0	0
ENSG00000159339	PADI4	0	1	4	5	6	2	3	1
ENSG00000159346	ADIPOR1	3045	3082	2915	2269	2261	1778	2097	2421
ENSG00000159348	CYB5R1	568	668	640	481	439	262	352	466
ENSG00000159352	PSMD4	5770	6408	6146	5065	4262	3664	4154	4953
ENSG00000159363	ATP13A2	794	753	1008	1029	1069	579	749	578
ENSG00000159374	M1AP	2	0	2	0	0	0	0	0
ENSG00000159377	PSMB4	9203	10207	9610	8103	6474	5907	5990	7876
ENSG00000159387	IRX6	1	0	0	0	0	0	0	0
ENSG00000159388	BTG2	328	426	477	285	316	180	264	196
ENSG00000159398	CES5A	1	0	0	0	0	0	0	0
ENSG00000159399	HK2	2360	6355	6074	3585	4135	1274	2357	2770
ENSG00000159403	C1R	268	369	271	191	250	272	50	239
ENSG00000159409	CELF3	3	3	4	1	7	1	3	7
ENSG00000159423	ALDH4A1	193	252	304	208	125	92	106	119
ENSG00000159433	STARD9	117	130	127	107	164	109	176	99
ENSG00000159445	THEM4	979	652	717	602	566	490	415	450
ENSG00000159450	TCHH	42	21	36	26	40	39	26	28
ENSG00000159459	UBR1	690	859	886	603	642	471	602	517
ENSG00000159461	AMFR	1769	2170	2559	1838	1541	1113	1370	1318
ENSG00000159479	MED8	1203	1305	1440	1144	892	747	872	854
ENSG00000159495	TGM7	0	0	0	0	0	0	0	0
ENSG00000159496	RGL4	0	0	0	0	0	2	1	0
ENSG00000159556	ISL2	57	58	48	37	60	63	54	57
ENSG00000159579	RSPRY1	1028	924	976	797	641	470	525	525
ENSG00000159588	CCDC17	0	2	0	0	0	3	0	0
ENSG00000159592	GPBP1L1	1531	1679	1805	1388	1155	1002	1012	1180
ENSG00000159593	NAE1	1676	1774	1872	1575	1152	886	1099	1128
ENSG00000159596	TMEM69	859	1069	1053	831	623	505	563	613
ENSG00000159618	ADGRG5	45	81	65	65	23	22	19	24
ENSG00000159625	DRC7	1	5	4	5	3	16	1	5
ENSG00000159640	ACE	72	58	67	36	51	79	49	94
ENSG00000159650	UROC1	0	0	2	0	0	0	0	1
ENSG00000159658	EFCAB14	376	431	497	295	414	145	179	232
ENSG00000159674	SPON2	15	12	8	14	36	71	3	23
ENSG00000159685	CHCHD6	346	405	528	417	330	203	207	267
ENSG00000159692	CTBP1	3561	3667	4277	3358	2621	2498	2770	2793
ENSG00000159713	TPPP3	255	135	113	124	236	352	90	396
ENSG00000159714	ZDHHC1	8	20	21	12	18	17	8	5
ENSG00000159720	ATP6V0D1	1618	1419	1997	1579	996	877	1020	1157
ENSG00000159723	AGRP	0	0	0	0	0	0	0	1
ENSG00000159733	ZFYVE28	105	103	117	80	81	79	33	76
ENSG00000159753	CARMIL2	156	241	271	209	84	65	67	154
ENSG00000159761	C16orf86	69	80	96	64	64	6	83	63
ENSG00000159784	FAM131B	202	175	321	191	190	118	88	160
ENSG00000159788	RGS12	283	244	281	216	259	196	210	217
ENSG00000159792	PSKH1	726	709	856	603	449	441	363	564
ENSG00000159840	ZYX	4300	4889	5814	4723	2691	2185	2648	2877
ENSG00000159842	ABR	1786	2139	2177	1337	1551	1042	1107	1454
ENSG00000159871	LYPD5	0	9	1	1	5	5	2	2
ENSG00000159873	CCDC117	411	444	444	344	360	288	266	280
ENSG00000159882	ZNF230	84	84	86	66	87	67	56	64
ENSG00000159884	CCDC107	187	313	280	239	272	150	186	235
ENSG00000159885	ZNF222	72	58	71	50	60	38	19	54
ENSG00000159899	NPR2	216	153	235	160	150	91	140	125
ENSG00000159905	ZNF221	35	35	42	22	37	37	19	20
ENSG00000159915	ZNF233	30	45	31	30	25	38	11	23
ENSG00000159917	ZNF235	52	43	42	19	31	24	24	36
ENSG00000159921	GNE	1191	1149	1281	1015	813	674	983	878
ENSG00000159958	TNFRSF13C	16	20	24	16	21	13	20	7
ENSG00000159961	OR3A3	0	2	1	1	5	2	0	1
ENSG00000160007	ARHGAP35	1697	2193	2078	1470	1831	1006	920	1372
ENSG00000160013	PTGIR	8	14	20	23	2	14	4	9
ENSG00000160014	CALM3	4516	4540	5360	4068	3606	3082	2183	4431
ENSG00000160049	DFFA	2042	2779	2774	2202	1799	1709	2014	1622
ENSG00000160050	CCDC28B	515	571	500	431	311	476	222	568
ENSG00000160051	IQCC	96	131	147	124	119	100	72	108
ENSG00000160055	TMEM234	136	170	180	177	170	121	125	166
ENSG00000160058	BSDC1	704	777	1081	644	701	674	533	702
ENSG00000160062	ZBTB8A	185	146	193	171	153	119	136	132
ENSG00000160072	ATAD3B	802	929	1067	706	592	393	646	535
ENSG00000160075	SSU72	3257	3423	3752	3244	2485	1995	2361	2685
ENSG00000160087	UBE2J2	1813	2169	2372	1820	1202	1092	1294	1427
ENSG00000160094	ZNF362	568	437	475	389	296	372	181	399
ENSG00000160097	FNDC5	7	3	6	6	8	16	1	2
ENSG00000160111	CPAMD8	0	1	0	0	1	0	0	0
ENSG00000160113	NR2F6	3281	3470	4004	3052	1914	1636	1431	2244
ENSG00000160117	ANKLE1	134	111	117	78	110	81	46	119
ENSG00000160124	MIX23	700	818	832	784	657	509	583	574
ENSG00000160131	VMA21	2185	2351	2282	2105	1555	1263	1449	1448
ENSG00000160145	KALRN	63	30	9	18	49	58	11	46
ENSG00000160161	CILP2	42	30	4	12	9	20	12	12
ENSG00000160179	ABCG1	24	18	26	23	27	0	19	11
ENSG00000160180	TFF3	0	0	0	0	1	0	0	4
ENSG00000160181	TFF2	2	0	0	0	0	0	0	0
ENSG00000160182	TFF1	0	0	0	0	1	0	0	0
ENSG00000160183	TMPRSS3	0	0	0	1	0	2	0	0
ENSG00000160185	UBASH3A	0	0	0	0	0	0	0	0
ENSG00000160188	RSPH1	7	14	7	6	12	13	2	12
ENSG00000160190	SLC37A1	59	42	65	32	26	86	19	50
ENSG00000160191	PDE9A	3	1	8	0	4	0	1	3
ENSG00000160193	WDR4	324	370	428	351	307	198	344	272
ENSG00000160194	NDUFV3	756	584	603	521	333	351	337	377
ENSG00000160199	PKNOX1	290	294	303	270	212	207	219	211
ENSG00000160200	CBS	10	76	97	10	65	36	61	17
ENSG00000160201	U2AF1	1476	915	1860	1339	937	824	1223	1229
ENSG00000160207	HSF2BP	47	53	59	45	46	26	33	37
ENSG00000160208	RRP1B	1569	1468	1844	1335	1002	654	1024	745
ENSG00000160209	PDXK	1235	1348	1391	1115	768	464	826	543
ENSG00000160211	G6PD	2129	2072	2609	2168	1352	867	1232	1622
ENSG00000160213	CSTB	1399	1648	1425	1344	944	1143	932	1387
ENSG00000160214	RRP1	829	792	886	767	671	503	560	624
ENSG00000160216	AGPAT3	1360	1373	1493	1216	891	753	808	915
ENSG00000160218	TRAPPC10	646	467	586	399	324	353	309	211
ENSG00000160219	GAB3	5	0	0	2	5	15	0	0
ENSG00000160221	GATD3	939	860	882	743	543	816	338	871
ENSG00000160223	ICOSLG	122	87	35	38	148	223	88	241
ENSG00000160224	AIRE	0	0	1	0	0	0	0	0
ENSG00000160226	CFAP410	369	363	367	289	258	223	177	233
ENSG00000160229	ZNF66	80	100	102	61	98	89	91	46
ENSG00000160233	LRRC3	5	6	11	10	24	2	4	7
ENSG00000160255	ITGB2	44	24	17	0	24	2	19	7
ENSG00000160256	SLX9	559	635	707	497	454	292	389	472
ENSG00000160271	RALGDS	520	783	896	502	712	548	352	783
ENSG00000160282	FTCD	0	4	0	2	1	11	7	3
ENSG00000160284	SPATC1L	295	367	399	398	212	250	224	273
ENSG00000160285	LSS	1567	1791	2184	1514	863	498	934	651
ENSG00000160293	VAV2	669	774	1019	637	690	411	656	488
ENSG00000160294	MCM3AP	1033	963	1222	701	666	372	464	451
ENSG00000160298	C21orf58	161	182	155	152	161	156	160	113
ENSG00000160299	PCNT	360	422	402	296	339	210	218	223
ENSG00000160305	DIP2A	256	295	340	204	226	151	176	162
ENSG00000160307	S100B	181	59	20	26	200	471	20	446
ENSG00000160310	PRMT2	1163	1109	1205	1057	754	789	735	957
ENSG00000160318	CLDND2	13	10	15	15	14	21	12	11
ENSG00000160321	ZNF208	41	100	104	41	64	74	43	47
ENSG00000160323	ADAMTS13	39	59	67	46	37	73	38	43
ENSG00000160325	CACFD1	92	102	96	99	100	101	43	77
ENSG00000160326	SLC2A6	89	51	78	66	97	49	77	77
ENSG00000160336	ZNF761	136	130	118	118	131	98	60	97
ENSG00000160339	FCN2	0	0	0	0	0	0	0	0
ENSG00000160345	PIERCE1	125	163	156	149	139	153	84	187
ENSG00000160349	LCN1	3	15	2	4	25	41	33	22
ENSG00000160352	ZNF714	206	191	219	136	216	232	143	148
ENSG00000160360	GPSM1	1712	2411	2790	1504	1806	1810	1610	2566
ENSG00000160392	C19orf47	475	431	506	336	338	265	246	347
ENSG00000160396	HIPK4	0	0	2	0	1	0	0	1
ENSG00000160401	CFAP157	4	14	15	8	14	19	4	0
ENSG00000160404	TOR2A	173	189	192	127	123	156	150	129
ENSG00000160408	ST6GALNAC6	648	1070	1308	800	715	437	596	648
ENSG00000160410	SHKBP1	1115	1104	1341	942	821	685	708	892
ENSG00000160439	RDH13	125	163	180	132	139	94	71	108
ENSG00000160445	ZER1	1016	1289	1618	971	872	741	599	948
ENSG00000160446	ZDHHC12	578	580	665	671	476	431	422	629
ENSG00000160447	PKN3	366	555	707	461	461	261	563	355
ENSG00000160460	SPTBN4	7	10	6	0	2	0	0	2
ENSG00000160469	BRSK1	355	398	415	268	317	438	219	403
ENSG00000160471	COX6B2	23	48	38	42	73	12	29	11
ENSG00000160472	TMEM190	9	21	9	8	12	14	21	2
ENSG00000160505	NLRP4	0	2	0	0	0	0	0	0
ENSG00000160539	PLPP7	196	268	252	205	181	185	102	225
ENSG00000160551	TAOK1	1451	1739	1575	1223	1239	907	1165	1087
ENSG00000160563	MED27	509	625	756	504	513	377	442	409
ENSG00000160570	DEDD2	334	447	422	353	395	258	242	203
ENSG00000160584	SIK3	596	735	862	458	500	301	393	377
ENSG00000160588	MPZL3	4	8	5	3	22	10	8	24
ENSG00000160593	JAML	0	0	0	0	0	0	0	1
ENSG00000160602	NEK8	188	253	261	216	120	119	168	112
ENSG00000160606	TLCD1	528	681	673	513	368	237	303	311
ENSG00000160613	PCSK7	897	775	1024	671	638	588	495	669
ENSG00000160633	SAFB	2238	2595	2669	2150	1626	1381	1507	1543
ENSG00000160654	CD3G	6	0	5	4	0	0	7	3
ENSG00000160678	S100A1	446	278	128	120	347	590	78	1199
ENSG00000160679	CHTOP	2339	2661	2533	2175	1794	1653	2055	1845
ENSG00000160683	CXCR5	0	0	4	10	0	0	0	0
ENSG00000160685	ZBTB7B	979	1163	1031	778	701	665	663	636
ENSG00000160688	FLAD1	1120	956	1008	787	622	834	713	806
ENSG00000160691	SHC1	10541	11753	12860	8383	6259	6553	5872	6937
ENSG00000160695	VPS11	827	1011	1267	940	743	520	616	674
ENSG00000160703	NLRX1	492	535	687	463	361	243	300	344
ENSG00000160710	ADAR	3416	3499	3707	2582	2633	1831	1949	1655
ENSG00000160712	IL6R	73	87	132	78	59	53	56	47
ENSG00000160714	UBE2Q1	2518	2688	2410	2083	1677	1606	1739	1828
ENSG00000160716	CHRNB2	10	14	14	11	5	10	6	3
ENSG00000160741	CRTC2	1399	1495	1531	1130	1010	957	1004	961
ENSG00000160746	ANO10	364	476	541	448	378	186	310	299
ENSG00000160752	FDPS	2333	2604	2495	2086	1640	1318	2041	1815
ENSG00000160753	RUSC1	1500	1394	1374	1220	1003	1026	966	1197
ENSG00000160767	FAM189B	2949	3423	3173	2679	1685	1378	1477	1756
ENSG00000160781	PAQR6	141	164	121	137	151	350	190	132
ENSG00000160783	PMF1	1335	1512	1477	1360	1182	890	1139	1032
ENSG00000160785	SLC25A44	1155	880	903	654	605	630	546	683
ENSG00000160789	LMNA	18693	21649	25063	17868	16690	11592	11433	14988
ENSG00000160791	CCR5	11	10	10	6	1	2	6	2
ENSG00000160796	NBEAL2	951	1224	1361	994	472	302	1005	438
ENSG00000160799	CCDC12	793	866	875	881	637	605	733	923
ENSG00000160801	PTH1R	14	23	29	28	27	16	11	15
ENSG00000160803	UBQLN4	2093	2221	2222	1699	1398	1165	1245	1459
ENSG00000160808	MYL3	2	10	4	4	3	4	2	5
ENSG00000160813	PPP1R35	776	1020	831	746	629	565	541	730
ENSG00000160838	LRRC71	0	5	2	3	1	2	2	0
ENSG00000160862	AZGP1	18	14	5	3	15	27	0	50
ENSG00000160867	FGFR4	149	109	118	70	112	53	29	131
ENSG00000160868	CYP3A4	0	0	0	0	0	0	0	1
ENSG00000160870	CYP3A7	0	0	0	0	0	0	0	0
ENSG00000160877	NACC1	4144	4033	5024	3629	2511	2324	2085	2638
ENSG00000160883	HK3	4	2	0	2	10	0	0	2
ENSG00000160886	LY6K	661	1180	1377	1215	807	176	692	443
ENSG00000160888	IER2	5825	5483	5324	4202	3940	3591	4377	4299
ENSG00000160908	ZNF394	424	494	444	326	374	333	344	356
ENSG00000160917	CPSF4	941	1079	1222	1022	628	532	651	706
ENSG00000160932	LY6E	2680	3158	3672	3406	1977	2145	1148	2646
ENSG00000160948	VPS28	1064	1134	1179	1063	963	755	643	1207
ENSG00000160949	TONSL	562	522	628	482	377	274	354	367
ENSG00000160951	PTGER1	3	5	2	0	2	1	3	3
ENSG00000160953	PWWP3A	302	295	270	261	258	236	177	281
ENSG00000160957	RECQL4	1033	966	1118	885	711	680	618	794
ENSG00000160959	LRRC14	806	821	872	676	569	599	509	702
ENSG00000160961	ZNF333	143	180	176	131	169	128	118	148
ENSG00000160963	COL26A1	1	2	0	0	0	38	0	0
ENSG00000160972	PPP1R16A	921	860	1072	855	620	724	386	1037
ENSG00000160973	FOXH1	7	8	7	7	9	12	3	8
ENSG00000160991	ORAI2	3861	3391	3732	3200	2282	2914	2147	2636
ENSG00000160993	ALKBH4	285	294	285	263	164	134	88	209
ENSG00000160999	SH2B2	173	219	222	165	154	151	88	201
ENSG00000161010	MRNIP	185	217	189	170	141	147	189	128
ENSG00000161011	SQSTM1	9529	17467	18889	12523	11064	4388	13990	6193
ENSG00000161013	MGAT4B	3319	4205	4466	3978	3149	2149	3282	2471
ENSG00000161016	RPL8	38325	58146	58764	50311	54081	23194	31694	48254
ENSG00000161021	MAML1	1164	1244	1159	942	755	671	665	652
ENSG00000161031	PGLYRP2	0	0	0	0	0	0	0	0
ENSG00000161036	LRWD1	1570	1539	1772	1373	920	791	683	1086
ENSG00000161040	FBXL13	21	31	17	16	28	23	10	18
ENSG00000161048	NAPEPLD	281	215	224	216	263	107	183	281
ENSG00000161055	SCGB3A1	0	0	0	0	0	1	0	1
ENSG00000161057	PSMC2	1976	1980	2399	1702	1245	956	1002	1478
ENSG00000161082	CELF5	0	2	0	0	1	0	0	0
ENSG00000161091	MFSD12	1520	2039	2304	1900	1439	921	1500	1180
ENSG00000161179	YDJC	204	249	241	207	137	108	79	157
ENSG00000161180	CCDC116	4	4	4	1	0	1	5	4
ENSG00000161202	DVL3	1536	1532	1594	1299	933	854	875	966
ENSG00000161203	AP2M1	8601	9007	11105	8052	5498	4385	4174	6481
ENSG00000161204	ABCF3	621	623	722	521	400	293	302	386
ENSG00000161217	PCYT1A	951	911	1082	807	654	600	572	646
ENSG00000161243	FBXO27	666	793	824	561	458	337	329	414
ENSG00000161249	DMKN	86	235	217	183	227	3	29	27
ENSG00000161265	U2AF1L4	65	68	76	50	51	35	46	19
ENSG00000161267	BDH1	298	368	398	310	210	180	200	221
ENSG00000161270	NPHS1	1	0	1	0	0	4	4	0
ENSG00000161277	THAP8	91	133	119	122	129	62	58	115
ENSG00000161281	COX7A1	0	1	0	0	0	0	1	0
ENSG00000161298	ZNF382	8	12	11	7	4	6	13	7
ENSG00000161328	LRRC56	223	234	239	197	193	218	106	230
ENSG00000161381	PLXDC1	27	18	21	15	8	100	2	19
ENSG00000161395	PGAP3	434	425	497	355	342	276	252	348
ENSG00000161405	IKZF3	32	35	32	36	35	62	69	23
ENSG00000161509	GRIN2C	7	7	15	6	1	2	1	4
ENSG00000161513	FDXR	580	696	902	663	407	189	368	338
ENSG00000161526	SAP30BP	788	1065	1058	880	683	666	662	788
ENSG00000161533	ACOX1	647	716	750	527	528	502	373	537
ENSG00000161542	PRPSAP1	602	673	717	631	509	410	432	538
ENSG00000161544	CYGB	57	37	44	46	115	146	36	155
ENSG00000161547	SRSF2	6557	6156	6558	5898	4466	4379	4595	5048
ENSG00000161551	ZNF577	52	78	82	47	87	86	50	61
ENSG00000161558	TMEM143	151	199	228	185	145	86	86	96
ENSG00000161594	KLHL10	1	1	2	3	2	4	3	1
ENSG00000161609	KASH5	0	6	5	1	6	0	0	4
ENSG00000161618	ALDH16A1	1248	1200	1051	895	765	736	466	798
ENSG00000161634	DCD	0	0	0	0	0	0	0	0
ENSG00000161638	ITGA5	2380	4108	3651	2832	2723	1559	3351	2544
ENSG00000161640	SIGLEC11	0	0	0	0	0	0	0	0
ENSG00000161642	ZNF385A	974	870	1004	723	444	378	546	671
ENSG00000161647	MPP3	39	50	34	49	10	7	67	9
ENSG00000161649	CD300LG	0	7	2	6	4	3	1	3
ENSG00000161653	NAGS	31	32	48	46	33	39	37	18
ENSG00000161654	LSM12	2112	2591	2931	2187	1779	1429	1522	1916
ENSG00000161664	ASB16	21	24	13	19	16	15	25	14
ENSG00000161671	EMC10	902	906	874	743	749	807	434	995
ENSG00000161677	JOSD2	731	801	723	672	619	612	401	889
ENSG00000161681	SHANK1	49	97	76	40	22	44	108	20
ENSG00000161682	FAM171A2	180	219	199	171	99	179	47	150
ENSG00000161692	DBF4B	40	75	40	58	34	22	44	23
ENSG00000161714	PLCD3	1824	2379	3329	2157	1355	774	803	1057
ENSG00000161791	FMNL3	1857	1361	1278	1213	1103	1384	1551	1549
ENSG00000161798	AQP5	5	2	6	6	8	1	3	1
ENSG00000161800	RACGAP1	1645	2018	2198	1666	1188	927	1201	1097
ENSG00000161813	LARP4	1916	1872	1854	1563	1014	1058	1261	1118
ENSG00000161835	TAMALIN	64	57	63	33	31	43	35	26
ENSG00000161847	RAVER1	2722	2887	3544	2108	1865	1173	971	1888
ENSG00000161849	KRT84	2	0	0	0	0	0	0	0
ENSG00000161850	KRT82	0	0	0	0	0	0	0	0
ENSG00000161860	SYCE2	19	7	15	5	17	20	12	20
ENSG00000161888	SPC24	769	782	866	829	708	666	562	703
ENSG00000161896	IP6K3	5	11	11	4	0	0	1	0
ENSG00000161904	LEMD2	819	1158	1110	978	690	641	980	504
ENSG00000161905	ALOX15	0	0	3	0	0	0	0	0
ENSG00000161914	ZNF653	253	344	342	213	253	163	134	250
ENSG00000161920	MED11	261	343	302	297	243	222	214	252
ENSG00000161921	CXCL16	176	172	156	98	177	164	50	188
ENSG00000161929	SCIMP	12	13	13	9	14	18	24	6
ENSG00000161939	RNASEK-C17orf49	15	61	10	14	19	15	66	26
ENSG00000161940	BCL6B	1	3	3	12	5	1	4	4
ENSG00000161944	ASGR2	0	0	0	0	0	1	0	1
ENSG00000161955	TNFSF13	109	124	146	112	88	103	66	93
ENSG00000161956	SENP3	2529	2509	2914	2250	1841	1396	1626	1981
ENSG00000161958	FGF11	102	192	171	142	119	46	92	103
ENSG00000161960	EIF4A1	27231	33872	34128	27042	22828	15153	17323	24688
ENSG00000161970	RPL26	18777	29380	24389	22559	27582	18346	21180	25887
ENSG00000161980	POLR3K	942	948	965	1031	698	620	911	785
ENSG00000161981	SNRNP25	730	743	977	818	554	425	474	648
ENSG00000161992	PRR35	0	1	2	1	1	0	1	0
ENSG00000161996	WDR90	421	424	425	413	323	417	453	338
ENSG00000161999	JMJD8	845	914	922	914	860	822	610	1116
ENSG00000162004	CCDC78	38	55	18	23	30	40	42	24
ENSG00000162006	MSLNL	1	0	0	0	0	0	0	0
ENSG00000162009	SSTR5	0	0	0	0	0	1	0	0
ENSG00000162032	SPSB3	543	809	730	687	549	413	507	582
ENSG00000162039	MEIOB	0	2	0	0	0	1	2	0
ENSG00000162062	TEDC2	284	209	259	232	195	168	147	192
ENSG00000162063	CCNF	957	974	995	748	498	310	483	349
ENSG00000162065	TBC1D24	463	435	635	373	251	208	149	277
ENSG00000162066	AMDHD2	481	671	767	569	542	317	523	474
ENSG00000162068	NTN3	9	27	22	5	9	9	6	10
ENSG00000162069	BICDL2	0	0	2	0	1	2	2	0
ENSG00000162073	PAQR4	658	838	964	743	624	417	679	679
ENSG00000162076	FLYWCH2	428	449	513	438	285	266	305	364
ENSG00000162078	ZG16B	2	8	5	2	4	0	8	2
ENSG00000162086	ZNF75A	125	126	157	151	58	105	68	63
ENSG00000162104	ADCY9	275	346	335	248	266	165	169	202
ENSG00000162105	SHANK2	1	2	0	0	0	0	1	0
ENSG00000162129	CLPB	1055	1072	1161	852	658	622	702	618
ENSG00000162139	NEU3	483	462	555	341	284	195	246	228
ENSG00000162144	CYB561A3	1368	1385	1543	1126	1046	755	663	975
ENSG00000162148	PPP1R32	16	15	14	10	19	20	9	14
ENSG00000162174	ASRGL1	130	174	218	148	94	64	77	76
ENSG00000162188	GNG3	4	15	6	7	5	19	11	6
ENSG00000162191	UBXN1	2830	3593	3678	3533	2563	2185	2368	2850
ENSG00000162194	LBHD1	460	479	445	406	327	337	386	375
ENSG00000162222	TTC9C	523	586	577	435	483	332	351	417
ENSG00000162227	TAF6L	674	678	738	691	562	661	493	680
ENSG00000162231	NXF1	1645	1697	1703	1240	1115	1028	1012	1081
ENSG00000162236	STX5	895	958	1162	960	793	481	566	759
ENSG00000162241	SLC25A45	44	52	41	40	38	52	22	45
ENSG00000162244	RPL29	23984	39109	35382	28667	31264	17285	22005	30774
ENSG00000162267	ITIH3	0	0	5	1	0	0	1	0
ENSG00000162298	SYVN1	958	941	1020	742	848	615	570	753
ENSG00000162300	ZFPL1	795	996	1060	942	684	467	565	701
ENSG00000162302	RPS6KA4	1754	1682	2281	2002	1176	827	1171	1177
ENSG00000162337	LRP5	906	1251	1427	1011	847	615	730	872
ENSG00000162341	TPCN2	145	148	193	150	197	93	114	110
ENSG00000162344	FGF19	0	1	0	0	1	2	0	0
ENSG00000162365	CYP4A22	2	0	1	0	2	1	1	0
ENSG00000162366	PDZK1IP1	0	6	4	2	8	8	0	10
ENSG00000162367	TAL1	2	2	9	2	1	4	1	2
ENSG00000162368	CMPK1	2984	3212	3722	2899	2669	2045	2106	2611
ENSG00000162373	BEND5	1	12	7	0	21	2	7	41
ENSG00000162374	ELAVL4	0	0	0	0	0	0	0	0
ENSG00000162377	COA7	1336	1209	1459	1128	795	552	755	694
ENSG00000162378	ZYG11B	899	1038	1076	869	694	516	581	570
ENSG00000162383	SLC1A7	0	0	0	0	0	0	0	0
ENSG00000162384	CZIB	729	842	873	754	545	511	465	582
ENSG00000162385	MAGOH	1389	1693	1703	1456	956	877	1040	1126
ENSG00000162390	ACOT11	25	35	12	13	13	84	14	65
ENSG00000162391	FAM151A	0	0	0	0	0	0	0	0
ENSG00000162396	PARS2	271	332	299	250	194	99	118	163
ENSG00000162398	LEXM	1	0	0	0	2	0	0	1
ENSG00000162399	BSND	0	1	0	1	0	1	0	0
ENSG00000162402	USP24	1637	2263	2126	1565	1420	923	1235	1108
ENSG00000162407	PLPP3	278	396	518	410	241	202	79	176
ENSG00000162408	NOL9	804	968	963	746	606	593	648	615
ENSG00000162409	PRKAA2	195	355	290	195	250	187	235	246
ENSG00000162413	KLHL21	3252	3228	4226	2418	2660	1735	2123	3046
ENSG00000162415	ZSWIM5	27	45	33	30	67	35	22	47
ENSG00000162419	GMEB1	371	460	358	345	268	298	379	292
ENSG00000162426	SLC45A1	14	34	34	14	37	23	20	36
ENSG00000162430	SELENON	3543	3550	4074	2749	2970	2124	1817	2628
ENSG00000162433	AK4	1074	2963	3004	2052	1634	424	970	1136
ENSG00000162434	JAK1	1058	1092	1539	821	739	317	358	451
ENSG00000162437	RAVER2	333	466	494	268	296	173	215	190
ENSG00000162438	CTRC	9	13	6	8	14	12	15	7
ENSG00000162441	LZIC	1086	1436	1418	1104	840	689	759	725
ENSG00000162444	RBP7	1	2	0	2	0	1	1	2
ENSG00000162458	FBLIM1	120	218	257	114	137	180	147	115
ENSG00000162460	TMEM82	0	1	0	3	1	0	1	5
ENSG00000162461	SLC25A34	19	24	21	23	8	13	14	5
ENSG00000162482	AKR7A3	12	17	16	18	16	20	16	24
ENSG00000162490	DRAXIN	3	5	5	4	6	5	5	3
ENSG00000162493	PDPN	5	9	1	5	1	0	0	0
ENSG00000162494	LRRC38	0	0	0	0	0	0	0	0
ENSG00000162496	DHRS3	201	495	412	320	347	180	200	503
ENSG00000162510	MATN1	7	3	13	10	8	9	2	5
ENSG00000162511	LAPTM5	40	37	23	19	27	56	22	31
ENSG00000162512	SDC3	1258	982	523	485	1796	3059	358	4288
ENSG00000162517	PEF1	1235	1614	1905	1353	910	780	865	1028
ENSG00000162520	SYNC	200	191	185	72	103	79	55	19
ENSG00000162521	RBBP4	2811	2980	3451	2977	1969	1837	1787	1943
ENSG00000162522	KIAA1522	965	1217	1409	927	563	340	612	198
ENSG00000162526	TSSK3	21	25	7	10	21	8	14	14
ENSG00000162542	TMCO4	308	382	490	329	286	165	178	178
ENSG00000162543	UBXN10	0	0	1	0	0	0	0	0
ENSG00000162545	CAMK2N1	1398	2243	1533	2017	1981	826	1913	1120
ENSG00000162551	ALPL	26	25	15	8	0	0	8	0
ENSG00000162552	WNT4	2	2	2	1	3	0	2	3
ENSG00000162571	TTLL10	0	0	0	0	1	0	0	0
ENSG00000162572	SCNN1D	28	40	36	47	40	57	30	18
ENSG00000162576	MXRA8	183	183	173	98	111	226	125	83
ENSG00000162585	FAAP20	1008	1165	1265	1080	906	860	817	1208
ENSG00000162591	MEGF6	0	3	4	2	1	2	3	3
ENSG00000162592	CCDC27	0	3	0	0	1	0	0	0
ENSG00000162594	IL23R	0	1	0	0	0	0	0	0
ENSG00000162595	DIRAS3	12	11	7	6	7	9	6	10
ENSG00000162598	C1orf87	0	0	0	0	0	0	0	0
ENSG00000162599	NFIA	314	341	254	321	193	563	207	352
ENSG00000162600	OMA1	200	283	238	205	203	184	166	164
ENSG00000162601	MYSM1	342	352	396	293	275	225	244	193
ENSG00000162604	TM2D1	438	594	492	459	445	389	438	483
ENSG00000162607	USP1	1495	1673	1854	1502	1352	877	1202	1121
ENSG00000162613	FUBP1	1768	2032	2017	1626	1588	1429	1560	1299
ENSG00000162614	NEXN	206	324	344	243	254	83	243	73
ENSG00000162616	DNAJB4	284	399	336	308	518	145	334	136
ENSG00000162618	ADGRL4	280	338	350	247	202	269	360	271
ENSG00000162620	LRRIQ3	47	48	63	52	30	22	25	24
ENSG00000162621	LRRC53	2	2	0	1	1	3	0	1
ENSG00000162623	TYW3	815	839	974	762	687	534	622	631
ENSG00000162624	LHX8	4	0	1	0	8	29	27	14
ENSG00000162627	SNX7	582	625	655	607	568	356	498	444
ENSG00000162630	B3GALT2	6	2	1	6	9	8	8	2
ENSG00000162631	NTNG1	288	260	221	99	100	79	173	84
ENSG00000162636	FAM102B	500	505	576	467	458	241	298	308
ENSG00000162639	HENMT1	169	149	170	169	91	124	63	139
ENSG00000162641	AKNAD1	13	7	16	13	4	1	14	10
ENSG00000162642	C1orf52	279	257	276	233	159	212	143	203
ENSG00000162643	DNAI3	40	24	12	11	26	38	7	68
ENSG00000162645	GBP2	116	105	55	45	136	109	13	165
ENSG00000162650	ATXN7L2	171	227	255	192	85	137	99	72
ENSG00000162654	GBP4	17	33	15	21	36	20	42	15
ENSG00000162664	ZNF326	347	345	453	334	251	226	234	266
ENSG00000162669	HFM1	14	5	7	6	11	7	10	0
ENSG00000162670	BRINP3	32	14	11	17	56	52	16	27
ENSG00000162676	GFI1	5	4	13	9	29	6	3	8
ENSG00000162687	KCNT2	130	146	89	59	29	34	73	39
ENSG00000162688	AGL	562	778	737	552	455	400	398	447
ENSG00000162692	VCAM1	45	11	26	7	5	208	1	12
ENSG00000162694	EXTL2	1109	965	1057	810	624	745	488	634
ENSG00000162695	SLC30A7	1470	1509	1681	1239	972	1056	1065	931
ENSG00000162702	ZNF281	890	1013	926	810	750	645	761	491
ENSG00000162704	ARPC5	3868	3539	3607	3076	3009	2277	2844	3397
ENSG00000162706	CADM3	7	9	16	5	1	6	1	0
ENSG00000162711	NLRP3	105	107	97	87	32	64	187	48
ENSG00000162714	ZNF496	1539	1860	1927	1364	1311	777	1064	1016
ENSG00000162722	TRIM58	859	704	656	515	471	398	455	416
ENSG00000162723	SLAMF9	36	34	33	35	36	3	32	1
ENSG00000162728	KCNJ9	0	0	0	1	0	1	0	1
ENSG00000162729	IGSF8	433	429	352	320	458	461	291	495
ENSG00000162733	DDR2	2189	2367	2018	1454	1477	1424	1379	1163
ENSG00000162734	PEA15	7296	7981	8846	6373	5627	3435	5104	4692
ENSG00000162735	PEX19	1151	1323	1339	1144	864	723	761	827
ENSG00000162736	NCSTN	1511	1926	1523	1184	1318	712	981	823
ENSG00000162738	VANGL2	405	512	412	279	298	145	44	110
ENSG00000162745	OLFML2B	135	52	29	51	136	282	71	129
ENSG00000162746	FCRLB	68	64	41	44	19	34	15	62
ENSG00000162753	SLC9C2	1	0	0	0	1	1	0	0
ENSG00000162755	KLHDC9	0	0	0	3	0	0	0	0
ENSG00000162757	C1orf74	312	364	299	247	207	155	205	207
ENSG00000162761	LMX1A	0	0	0	0	0	0	1	0
ENSG00000162763	LRRC52	0	0	0	0	0	0	0	0
ENSG00000162769	FLVCR1	729	733	661	534	535	488	512	474
ENSG00000162771	GARIN4	0	1	0	0	3	0	0	0
ENSG00000162772	ATF3	150	454	549	259	900	63	335	87
ENSG00000162775	RBM15	351	433	568	315	464	161	270	188
ENSG00000162777	DENND2D	3	2	3	7	0	3	0	2
ENSG00000162779	AXDND1	1	0	3	7	3	4	1	0
ENSG00000162782	TDRD5	0	0	1	12	24	0	1	11
ENSG00000162783	IER5	2651	3109	3037	2324	3118	1008	2823	1351
ENSG00000162804	SNED1	603	452	175	229	457	580	342	853
ENSG00000162813	BPNT1	1213	1251	1225	1014	819	914	880	975
ENSG00000162814	SPATA17	65	73	83	68	83	58	34	49
ENSG00000162817	C1orf115	0	2	1	0	2	3	0	0
ENSG00000162819	BROX	1428	1645	1271	1100	1188	954	1138	989
ENSG00000162825	NBPF20	1040	945	746	742	677	959	1031	613
ENSG00000162836	ACP6	614	715	632	565	413	342	359	565
ENSG00000162843	WDR64	0	0	1	0	0	0	0	0
ENSG00000162849	KIF26B	59	39	13	15	46	188	13	42
ENSG00000162851	TFB2M	1647	1570	1746	1298	896	851	784	1143
ENSG00000162852	CNST	891	948	748	586	546	469	648	625
ENSG00000162869	PPP1R21	282	428	353	253	237	117	155	208
ENSG00000162873	KLHDC8A	40	13	17	10	23	86	11	47
ENSG00000162878	PKDCC	33	5	20	17	20	29	17	42
ENSG00000162881	OXER1	0	0	1	0	1	0	2	0
ENSG00000162882	HAAO	0	0	0	1	2	0	0	1
ENSG00000162885	B3GALNT2	706	719	844	649	478	486	493	482
ENSG00000162889	MAPKAPK2	2443	2473	2592	1916	1575	1115	1663	1321
ENSG00000162891	IL20	0	0	0	0	0	0	0	0
ENSG00000162892	IL24	7	112	114	57	205	2	135	29
ENSG00000162894	FCMR	3	5	8	4	16	1	1	1
ENSG00000162896	PIGR	3	6	4	6	5	6	10	6
ENSG00000162897	FCAMR	0	1	2	0	0	0	1	0
ENSG00000162909	CAPN2	9252	9412	10996	6557	6240	5264	6554	7137
ENSG00000162910	MRPL55	554	522	538	504	411	441	426	516
ENSG00000162923	WDR26	3531	3756	3360	2504	2139	2074	1863	2197
ENSG00000162924	REL	79	128	176	89	134	73	92	85
ENSG00000162927	PUS10	90	114	97	72	85	72	61	66
ENSG00000162928	PEX13	514	538	546	436	365	368	334	372
ENSG00000162929	SANBR	35	8	41	34	7	0	28	0
ENSG00000162931	TRIM17	11	17	11	7	9	10	10	5
ENSG00000162944	RFTN2	27	17	8	16	37	56	10	42
ENSG00000162946	DISC1	308	332	282	206	174	91	140	114
ENSG00000162951	LRRTM1	3	2	6	2	0	0	2	2
ENSG00000162959	MEMO1	997	1090	1123	1180	849	686	751	918
ENSG00000162961	DPY30	803	909	908	866	698	635	610	799
ENSG00000162971	TYW5	77	113	99	94	90	86	63	51
ENSG00000162972	MAIP1	225	250	246	186	216	167	166	260
ENSG00000162975	KCNF1	5	16	4	6	18	30	5	49
ENSG00000162976	SLC66A3	85	75	79	82	82	98	53	113
ENSG00000162980	ARL5A	595	572	637	531	420	365	408	441
ENSG00000162981	LRATD1	8	42	55	98	17	0	14	9
ENSG00000162989	KCNJ3	0	1	2	0	1	2	1	2
ENSG00000162992	NEUROD1	0	0	0	0	0	0	0	0
ENSG00000162994	CLHC1	67	100	88	88	62	91	82	66
ENSG00000162998	FRZB	2	2	3	3	2	4	5	2
ENSG00000162999	DUSP19	63	47	57	48	60	29	28	42
ENSG00000163001	CFAP36	977	1411	1258	1021	993	766	750	1055
ENSG00000163002	NUP35	218	289	265	267	190	149	152	192
ENSG00000163006	CCDC138	163	187	184	143	126	93	100	113
ENSG00000163012	ZSWIM2	0	1	1	0	1	0	1	0
ENSG00000163013	FBXO41	583	673	773	596	410	248	367	298
ENSG00000163017	ACTG2	93	76	50	95	91	32	71	77
ENSG00000163026	WDCP	419	425	450	323	278	232	254	256
ENSG00000163029	SMC6	1415	1328	1377	1105	839	717	868	772
ENSG00000163032	VSNL1	406	192	119	181	172	251	95	506
ENSG00000163040	CCDC74A	89	102	80	87	81	93	53	103
ENSG00000163041	H3-3A	10429	9711	8456	8527	7042	9898	6472	10328
ENSG00000163046	ANKRD30BL	1	0	0	0	4	1	0	0
ENSG00000163050	COQ8A	1191	1236	1471	913	737	326	397	561
ENSG00000163053	SLC16A14	0	1	0	1	3	0	1	1
ENSG00000163064	EN1	34	23	17	18	34	110	14	71
ENSG00000163069	SGCB	840	1024	955	780	898	736	718	867
ENSG00000163071	SPATA18	0	0	0	0	0	1	0	0
ENSG00000163072	NOSTRIN	7	13	11	15	17	2	10	8
ENSG00000163075	CFAP221	3	0	0	0	1	4	1	1
ENSG00000163082	SGPP2	11	21	16	14	12	8	7	5
ENSG00000163083	INHBB	24	36	93	124	40	8	47	11
ENSG00000163092	XIRP2	9	20	24	13	9	4	45	6
ENSG00000163093	BBS5	243	282	218	169	135	108	178	165
ENSG00000163104	SMARCAD1	853	937	1046	748	674	569	566	608
ENSG00000163106	HPGDS	0	0	0	0	0	0	0	1
ENSG00000163110	PDLIM5	655	724	869	633	696	481	606	567
ENSG00000163114	PDHA2	0	0	0	0	0	0	0	0
ENSG00000163116	STPG2	10	5	4	3	5	9	3	8
ENSG00000163121	NEURL3	7	19	13	3	17	4	3	10
ENSG00000163125	RPRD2	1304	1282	1078	827	789	794	704	732
ENSG00000163126	ANKRD23	22	20	15	16	10	21	19	16
ENSG00000163131	CTSS	112	116	75	66	108	101	242	149
ENSG00000163132	MSX1	2478	1706	1902	2160	717	1024	911	624
ENSG00000163138	PACRGL	390	433	453	413	361	251	256	314
ENSG00000163141	BNIPL	9	6	5	5	7	5	4	1
ENSG00000163145	C1QTNF7	10	1	0	0	0	2	0	4
ENSG00000163154	TNFAIP8L2	7	13	2	7	5	3	12	1
ENSG00000163155	LYSMD1	174	199	126	166	166	146	162	150
ENSG00000163156	SCNM1	1064	906	811	827	742	827	726	917
ENSG00000163157	TMOD4	2	3	3	4	2	6	4	1
ENSG00000163159	VPS72	1322	1565	1489	1150	1166	994	1194	1340
ENSG00000163161	ERCC3	998	1087	1035	798	656	592	603	681
ENSG00000163162	RNF149	546	697	590	566	566	378	500	477
ENSG00000163166	IWS1	610	635	610	530	403	462	380	464
ENSG00000163170	BOLA3	759	861	916	903	631	461	552	655
ENSG00000163171	CDC42EP3	1905	2771	2885	2339	1890	1174	1790	1203
ENSG00000163191	S100A11	3528	3400	2945	3040	2508	3035	2971	3663
ENSG00000163202	LCE3D	0	1	0	1	0	0	1	0
ENSG00000163206	SMCP	0	0	0	0	0	0	0	0
ENSG00000163207	IVL	5	0	1	1	0	0	0	0
ENSG00000163214	DHX57	745	787	863	646	449	371	362	488
ENSG00000163216	SPRR2D	0	8	0	2	2	4	4	7
ENSG00000163219	ARHGAP25	45	42	42	38	37	53	44	29
ENSG00000163220	S100A9	0	0	1	0	1	0	2	0
ENSG00000163235	TGFA	517	1077	894	597	1005	569	307	1142
ENSG00000163239	TDRD10	0	0	1	0	0	3	0	1
ENSG00000163249	CCNYL1	380	300	389	275	177	209	196	235
ENSG00000163251	FZD5	136	146	160	87	112	59	61	88
ENSG00000163254	CRYGC	2	0	0	0	1	0	0	0
ENSG00000163257	DCAF16	2048	1918	2336	1705	1554	1199	1402	1272
ENSG00000163263	CFAP141	2	1	2	4	2	1	0	1
ENSG00000163273	NPPC	0	0	0	1	3	0	0	5
ENSG00000163281	GNPDA2	694	798	863	680	556	376	457	454
ENSG00000163283	ALPP	110	94	146	32	1	2	1	1
ENSG00000163285	GABRG1	18	6	22	5	12	2	11	1
ENSG00000163286	ALPG	0	2	3	1	0	0	0	0
ENSG00000163288	GABRB1	1	0	0	1	0	6	1	4
ENSG00000163291	PAQR3	70	81	108	25	34	17	67	27
ENSG00000163293	NIPAL1	80	131	165	108	90	9	112	27
ENSG00000163297	ANTXR2	893	1076	1285	1067	782	494	1014	483
ENSG00000163312	HELQ	135	151	148	136	102	80	70	82
ENSG00000163319	MRPS18C	678	759	788	720	470	434	453	574
ENSG00000163320	CGGBP1	2037	2087	2046	1782	1624	1479	1528	1626
ENSG00000163322	ABRAXAS1	240	323	252	252	149	141	115	186
ENSG00000163328	GPR155	75	115	75	60	82	64	36	80
ENSG00000163331	DAPL1	1	0	0	1	1	0	0	3
ENSG00000163344	PMVK	696	742	691	517	462	364	391	593
ENSG00000163346	PBXIP1	1069	1409	1174	887	967	1210	744	881
ENSG00000163347	CLDN1	3	8	16	17	45	1	10	10
ENSG00000163348	PYGO2	2095	2323	1926	1712	1379	1602	1469	1607
ENSG00000163349	HIPK1	933	1095	941	772	729	573	622	575
ENSG00000163352	LENEP	0	0	0	3	0	3	2	0
ENSG00000163354	DCST2	5	10	10	3	8	5	11	2
ENSG00000163357	DCST1	3	4	5	1	4	4	5	2
ENSG00000163359	COL6A3	2472	814	620	669	1648	2408	1777	3028
ENSG00000163362	INAVA	512	381	345	350	234	182	357	174
ENSG00000163374	YY1AP1	1140	1482	1473	1044	999	608	843	921
ENSG00000163376	KBTBD8	91	82	106	65	84	66	69	43
ENSG00000163377	TAFA4	0	0	0	8	0	0	0	0
ENSG00000163378	EOGT	512	492	482	376	351	416	358	362
ENSG00000163380	LMOD3	18	23	9	13	18	30	8	14
ENSG00000163382	NAXE	3803	4038	3947	3249	2705	1994	1950	3007
ENSG00000163389	POGLUT1	623	550	551	433	430	548	371	514
ENSG00000163393	SLC22A15	54	42	63	55	49	51	73	40
ENSG00000163394	CCKAR	0	0	0	0	0	0	0	1
ENSG00000163395	IGFN1	1759	2026	1302	697	680	763	3622	236
ENSG00000163399	ATP1A1	9220	10641	10579	8687	9496	9275	8029	11108
ENSG00000163406	SLC15A2	11	14	13	9	14	18	6	3
ENSG00000163412	EIF4E3	76	79	105	67	75	23	59	18
ENSG00000163421	PROK2	17	12	16	5	4	0	0	0
ENSG00000163428	LRRC58	3036	3320	3257	2961	2334	1763	2323	1783
ENSG00000163430	FSTL1	1967	2236	2058	1920	1191	585	1289	393
ENSG00000163431	LMOD1	18	13	6	6	6	15	5	7
ENSG00000163435	ELF3	0	42	35	30	13	2	2	5
ENSG00000163440	PDCL2	33	32	24	11	3	6	0	8
ENSG00000163444	TMEM183A	1893	1810	1684	1524	1534	1154	1205	1547
ENSG00000163449	TMEM169	34	40	35	42	25	30	17	14
ENSG00000163453	IGFBP7	1352	732	340	544	1397	2381	552	2319
ENSG00000163462	TRIM46	154	175	150	129	156	169	119	117
ENSG00000163463	KRTCAP2	1314	1410	1176	1214	1145	975	954	1211
ENSG00000163466	ARPC2	4660	5162	5321	5135	3690	2997	4199	4168
ENSG00000163467	TSACC	15	20	12	13	9	6	10	11
ENSG00000163468	CCT3	8296	8226	8388	6968	5461	4899	5086	6417
ENSG00000163472	TMEM79	169	157	163	132	119	93	156	86
ENSG00000163479	SSR2	6305	7507	6480	5767	5628	4640	4266	5983
ENSG00000163481	RNF25	633	636	738	572	445	477	358	551
ENSG00000163482	STK36	357	260	314	253	197	239	191	199
ENSG00000163485	ADORA1	553	437	366	419	287	433	328	461
ENSG00000163491	NEK10	23	11	11	21	12	15	16	12
ENSG00000163492	CCDC141	1	0	5	0	0	0	2	0
ENSG00000163499	CRYBA2	0	0	2	1	0	0	1	3
ENSG00000163501	IHH	2	1	0	2	2	0	0	1
ENSG00000163507	CIP2A	395	514	585	399	301	180	289	209
ENSG00000163508	EOMES	1	7	7	2	14	8	11	7
ENSG00000163510	CWC22	812	998	1110	767	645	533	527	582
ENSG00000163512	AZI2	285	304	407	349	278	128	209	280
ENSG00000163513	TGFBR2	1205	1337	1751	1159	1088	768	882	838
ENSG00000163515	RETNLB	0	0	0	0	0	0	0	0
ENSG00000163516	ANKZF1	514	859	844	619	520	299	531	490
ENSG00000163517	HDAC11	113	279	298	215	197	77	102	124
ENSG00000163518	FCRL4	0	0	0	0	0	0	0	0
ENSG00000163520	FBLN2	28	27	16	35	57	11	15	11
ENSG00000163521	GLB1L	75	146	107	89	54	50	44	41
ENSG00000163527	STT3B	1965	2420	2349	2010	2096	1406	1700	1847
ENSG00000163528	CHCHD4	661	661	757	666	486	276	513	450
ENSG00000163530	DPPA2	0	0	0	0	5	7	0	5
ENSG00000163531	NFASC	220	180	157	133	165	68	75	96
ENSG00000163535	SGO2	440	501	527	391	331	261	236	280
ENSG00000163536	SERPINI1	13	12	15	3	6	53	11	1
ENSG00000163539	CLASP2	738	834	772	624	547	355	479	503
ENSG00000163541	SUCLG1	1145	1531	1669	1394	1025	690	919	1009
ENSG00000163545	NUAK2	429	725	706	409	576	119	503	169
ENSG00000163554	SPTA1	0	0	0	1	0	0	0	0
ENSG00000163558	PRKCI	897	982	1082	703	658	358	506	490
ENSG00000163564	PYHIN1	6	4	2	3	5	0	12	5
ENSG00000163565	IFI16	2938	2587	2431	1528	1704	2170	1229	2480
ENSG00000163568	AIM2	127	45	12	30	99	189	21	278
ENSG00000163576	EFHB	30	46	74	41	35	17	11	23
ENSG00000163577	EIF5A2	187	161	166	135	149	94	117	100
ENSG00000163584	RPL22L1	1083	1446	1027	1101	982	1207	799	1448
ENSG00000163586	FABP1	0	1	0	0	0	1	0	1
ENSG00000163590	PPM1L	66	61	77	68	49	14	25	13
ENSG00000163596	ICA1L	156	201	196	128	93	157	125	102
ENSG00000163599	CTLA4	17	11	2	2	59	111	7	55
ENSG00000163602	RYBP	116	151	154	107	91	46	44	63
ENSG00000163605	PPP4R2	1779	1893	1846	1761	1445	1252	1295	1347
ENSG00000163606	CD200R1	2	0	3	0	2	0	0	0
ENSG00000163607	GTPBP8	299	411	401	338	320	242	204	222
ENSG00000163608	NEPRO	661	578	737	493	372	362	304	402
ENSG00000163611	SPICE1	311	425	384	313	364	330	259	348
ENSG00000163617	CCDC191	86	124	88	90	87	95	94	74
ENSG00000163618	CADPS	17	12	1	7	10	23	5	59
ENSG00000163623	NKX6-1	98	60	68	71	132	78	68	121
ENSG00000163624	CDS1	21	20	17	11	21	7	3	5
ENSG00000163625	WDFY3	356	390	393	319	282	164	242	172
ENSG00000163626	COX18	149	191	173	147	98	72	64	75
ENSG00000163629	PTPN13	372	262	292	239	203	299	125	320
ENSG00000163630	SYNPR	0	0	2	0	1	0	0	0
ENSG00000163631	ALB	0	0	0	0	1	1	0	0
ENSG00000163632	C3orf49	5	4	4	2	0	2	4	0
ENSG00000163633	C4orf36	1	0	5	12	1	2	1	0
ENSG00000163634	THOC7	1179	1381	1380	1372	1069	758	930	992
ENSG00000163635	ATXN7	683	770	767	487	570	393	555	412
ENSG00000163636	PSMD6	2847	2972	3219	2608	1906	1680	1543	2152
ENSG00000163637	PRICKLE2	107	71	78	62	49	109	32	65
ENSG00000163638	ADAMTS9	15	12	0	9	28	26	0	6
ENSG00000163644	PPM1K	451	437	499	367	272	277	336	206
ENSG00000163645	ERICH6	11	10	16	11	9	4	5	7
ENSG00000163646	CLRN1	0	0	1	0	0	0	0	0
ENSG00000163655	GMPS	2644	3316	3627	2896	2375	1502	2142	1939
ENSG00000163659	TIPARP	606	837	918	498	794	371	516	484
ENSG00000163660	CCNL1	382	402	465	333	439	403	479	437
ENSG00000163661	PTX3	385	831	982	653	362	319	591	418
ENSG00000163666	HESX1	28	32	31	28	20	22	18	25
ENSG00000163673	DCLK3	0	0	0	0	0	1	0	0
ENSG00000163681	SLMAP	911	1074	1205	845	688	425	461	497
ENSG00000163682	RPL9	764	1047	1077	835	863	594	653	779
ENSG00000163683	SMIM14	594	422	513	428	353	509	275	431
ENSG00000163684	RPP14	823	873	933	739	539	476	451	454
ENSG00000163686	ABHD6	133	139	131	80	89	117	60	145
ENSG00000163687	DNASE1L3	0	0	0	0	0	0	0	0
ENSG00000163689	CFAP20DC	83	131	111	133	143	120	146	183
ENSG00000163694	RBM47	237	215	288	113	185	183	68	220
ENSG00000163697	APBB2	786	1047	1099	870	433	257	604	270
ENSG00000163701	IL17RE	0	48	169	48	0	0	0	0
ENSG00000163702	IL17RC	693	799	951	822	465	444	489	577
ENSG00000163703	CRELD1	128	220	137	174	141	89	141	149
ENSG00000163704	PRRT3	65	82	58	96	73	85	71	93
ENSG00000163705	FANCD2OS	0	0	0	0	0	0	0	0
ENSG00000163710	PCOLCE2	257	158	141	118	158	106	78	233
ENSG00000163714	U2SURP	2182	2155	2404	1638	1672	1647	1418	1604
ENSG00000163719	MTMR14	1170	1208	1544	1080	772	438	468	805
ENSG00000163728	TTC14	568	577	577	472	532	454	582	527
ENSG00000163734	CXCL3	14	16	31	26	29	20	60	30
ENSG00000163735	CXCL5	0	0	0	0	0	0	0	0
ENSG00000163736	PPBP	0	0	0	0	0	0	0	0
ENSG00000163738	MTHFD2L	47	50	51	32	21	30	5	42
ENSG00000163739	CXCL1	257	243	252	290	247	84	242	134
ENSG00000163743	RCHY1	241	212	212	185	97	113	131	124
ENSG00000163746	PLSCR2	0	0	0	0	0	0	1	0
ENSG00000163751	CPA3	0	0	4	0	0	0	0	0
ENSG00000163754	GYG1	963	997	1029	888	814	491	721	749
ENSG00000163755	HPS3	230	212	233	187	202	87	147	141
ENSG00000163762	TM4SF18	169	310	387	386	293	67	249	126
ENSG00000163781	TOPBP1	1578	1640	1881	1312	1123	810	936	966
ENSG00000163785	RYK	1497	1684	1657	1638	1282	1034	1007	1150
ENSG00000163788	SNRK	428	526	594	491	422	201	307	290
ENSG00000163792	TCF23	12	19	16	15	9	33	14	8
ENSG00000163793	DNAJC5G	0	1	0	0	0	0	0	0
ENSG00000163794	UCN	59	114	72	73	56	67	74	46
ENSG00000163795	ZNF513	1066	1212	1193	863	783	951	729	1007
ENSG00000163798	SLC4A1AP	721	830	821	651	583	486	555	509
ENSG00000163803	PLB1	21	26	17	32	15	9	7	8
ENSG00000163806	SPDYA	15	6	8	7	11	13	13	10
ENSG00000163807	KIAA1143	1166	1400	1461	1188	1044	694	662	906
ENSG00000163808	KIF15	452	422	497	346	372	137	191	259
ENSG00000163810	TGM4	19	25	41	33	5	4	12	5
ENSG00000163811	WDR43	2603	3027	3444	2509	1980	1449	1820	1848
ENSG00000163812	ZDHHC3	907	874	1121	908	695	380	550	692
ENSG00000163814	CDCP1	1053	1492	1416	1038	1179	823	1498	1252
ENSG00000163815	CLEC3B	23	3	0	4	9	14	4	24
ENSG00000163817	SLC6A20	96	110	86	53	117	69	133	59
ENSG00000163818	LZTFL1	383	534	554	343	370	238	256	233
ENSG00000163820	FYCO1	744	905	1047	649	537	248	380	372
ENSG00000163823	CCR1	1	4	9	2	4	2	1	1
ENSG00000163825	RTP3	0	1	1	1	0	0	0	0
ENSG00000163827	LRRC2	15	37	14	16	24	9	18	6
ENSG00000163832	ELP6	825	976	780	812	579	516	601	699
ENSG00000163833	FBXO40	1	0	0	4	0	0	0	1
ENSG00000163840	DTX3L	1140	1091	1147	864	663	668	571	598
ENSG00000163848	ZNF148	925	1052	941	781	703	516	580	567
ENSG00000163864	NMNAT3	567	610	455	378	540	634	595	347
ENSG00000163866	SMIM12	930	979	1134	927	779	558	724	749
ENSG00000163867	ZMYM6	224	256	335	227	213	197	191	181
ENSG00000163870	TPRA1	333	380	428	459	279	240	232	336
ENSG00000163872	YEATS2	699	1290	1109	742	732	367	596	603
ENSG00000163873	GRIK3	0	0	2	0	0	0	0	0
ENSG00000163874	ZC3H12A	205	191	215	146	238	140	293	156
ENSG00000163875	MEAF6	1064	1338	1196	1065	874	803	931	957
ENSG00000163877	SNIP1	404	454	528	393	290	277	242	275
ENSG00000163879	DNALI1	13	8	0	0	17	48	0	34
ENSG00000163882	POLR2H	1709	2100	2011	1819	1359	1032	1367	1431
ENSG00000163884	KLF15	25	37	44	19	44	29	8	18
ENSG00000163885	CFAP100	0	0	0	0	0	0	0	0
ENSG00000163888	CAMK2N2	116	93	105	98	43	56	49	66
ENSG00000163898	LIPH	6	8	6	5	7	14	8	14
ENSG00000163900	TMEM41A	335	353	374	310	284	252	256	242
ENSG00000163902	RPN1	3342	3881	4106	3754	3326	2528	2851	3283
ENSG00000163904	SENP2	532	558	601	560	302	355	344	295
ENSG00000163909	HEYL	1	0	0	2	0	2	0	1
ENSG00000163913	IFT122	208	280	305	256	165	69	108	130
ENSG00000163914	RHO	0	0	2	0	0	0	0	0
ENSG00000163918	RFC4	432	527	540	505	369	240	376	371
ENSG00000163923	RPL39L	293	357	355	352	271	172	327	270
ENSG00000163930	BAP1	2044	2125	2578	1932	1434	876	1182	1270
ENSG00000163931	TKT	9521	12244	15859	11046	8210	3810	6582	7672
ENSG00000163932	PRKCD	988	1264	1228	1149	835	618	736	1148
ENSG00000163933	RFT1	648	804	829	742	516	398	505	523
ENSG00000163935	SFMBT1	196	187	234	136	174	82	188	98
ENSG00000163938	GNL3	3498	3765	4243	3304	2867	1981	2182	2850
ENSG00000163939	PBRM1	1251	1480	1584	1199	966	730	940	896
ENSG00000163945	UVSSA	676	608	593	515	435	456	570	362
ENSG00000163946	TASOR	1698	2001	2054	1429	1332	848	912	1026
ENSG00000163947	ARHGEF3	214	218	269	155	182	191	118	205
ENSG00000163950	SLBP	1718	1804	2092	1824	1396	1006	1104	1393
ENSG00000163956	LRPAP1	655	687	791	716	658	599	547	744
ENSG00000163959	SLC51A	2	1	2	2	1	3	1	1
ENSG00000163960	UBXN7	730	897	760	636	674	568	604	501
ENSG00000163961	RNF168	565	477	453	442	352	337	412	392
ENSG00000163964	PIGX	328	306	311	286	257	284	208	235
ENSG00000163975	MELTF	2310	2583	2744	1870	2230	2097	2473	2649
ENSG00000163982	OTOP1	4	1	0	1	1	0	2	0
ENSG00000163993	S100P	0	0	0	2	2	0	2	0
ENSG00000163995	ABLIM2	0	2	0	0	0	5	0	1
ENSG00000164002	EXO5	247	220	270	172	166	151	147	157
ENSG00000164007	CLDN19	0	0	0	0	0	1	0	0
ENSG00000164008	C1orf50	78	111	125	81	94	57	77	57
ENSG00000164010	ERMAP	112	188	189	131	151	91	58	130
ENSG00000164011	ZNF691	243	288	250	216	205	177	180	222
ENSG00000164022	AIMP1	1506	1777	1832	1483	1214	1098	1224	1011
ENSG00000164023	SGMS2	180	210	263	133	126	112	95	140
ENSG00000164024	METAP1	1234	1560	1782	1363	1033	593	880	858
ENSG00000164031	DNAJB14	801	891	873	664	602	568	501	574
ENSG00000164032	H2AZ1	7213	7045	7992	7386	4674	4426	5209	5653
ENSG00000164035	EMCN	0	1	5	1	0	4	0	0
ENSG00000164037	SLC9B1	3	3	1	1	0	0	3	0
ENSG00000164038	SLC9B2	285	340	351	233	191	118	199	231
ENSG00000164039	BDH2	202	233	276	196	144	144	135	216
ENSG00000164040	PGRMC2	851	1135	1129	971	822	444	705	689
ENSG00000164045	CDC25A	748	781	1078	811	522	379	708	494
ENSG00000164047	CAMP	5	5	6	5	4	3	5	5
ENSG00000164048	ZNF589	210	253	186	238	229	136	287	206
ENSG00000164049	FBXW12	0	0	0	0	0	1	0	0
ENSG00000164050	PLXNB1	550	582	669	446	506	284	318	303
ENSG00000164051	CCDC51	637	754	791	664	393	264	343	405
ENSG00000164053	ATRIP	510	445	597	466	300	235	235	267
ENSG00000164054	SHISA5	4178	4788	4832	4107	3272	2142	2756	2975
ENSG00000164056	SPRY1	76	201	191	153	200	199	100	140
ENSG00000164061	BSN	81	108	104	83	33	20	26	24
ENSG00000164062	APEH	1921	2114	2689	1950	1510	810	1095	1526
ENSG00000164066	INTU	145	204	157	152	115	173	160	112
ENSG00000164068	RNF123	1251	1264	1461	935	707	564	495	864
ENSG00000164070	HSPA4L	185	278	326	206	165	136	175	161
ENSG00000164073	MFSD8	153	126	108	146	113	161	139	107
ENSG00000164074	ABHD18	197	203	183	149	101	109	145	95
ENSG00000164076	CAMKV	0	0	0	0	1	0	0	0
ENSG00000164077	MON1A	490	426	451	370	259	244	221	306
ENSG00000164078	MST1R	7	14	4	19	0	3	0	4
ENSG00000164080	RAD54L2	857	803	965	734	699	559	695	579
ENSG00000164081	TEX264	1008	1163	1347	1240	794	494	727	912
ENSG00000164082	GRM2	2	0	2	0	0	0	0	0
ENSG00000164086	DUSP7	1047	1193	1436	1163	772	331	764	480
ENSG00000164087	POC1A	329	366	442	382	306	169	273	314
ENSG00000164088	PPM1M	456	556	451	463	365	343	284	458
ENSG00000164089	ETNPPL	0	0	0	0	0	0	0	0
ENSG00000164091	WDR82	3657	3872	4473	3292	2483	1918	1925	2297
ENSG00000164093	PITX2	141	135	132	103	75	137	70	251
ENSG00000164096	C4orf3	1292	2425	2166	1820	1392	894	1052	1543
ENSG00000164099	PRSS12	67	127	98	69	130	72	71	31
ENSG00000164100	NDST3	4	2	4	1	2	7	0	0
ENSG00000164104	HMGB2	3117	4717	5819	4396	3785	2491	3253	3092
ENSG00000164105	SAP30	314	658	631	511	551	205	386	470
ENSG00000164106	SCRG1	5	6	4	2	6	9	10	4
ENSG00000164107	HAND2	29	25	25	16	32	67	24	39
ENSG00000164109	MAD2L1	780	880	1087	806	660	458	516	590
ENSG00000164111	ANXA5	5274	7016	7587	6745	5300	3306	5235	3911
ENSG00000164114	MAP9	1199	1213	1073	938	832	1202	764	910
ENSG00000164116	GUCY1A1	15	3	1	0	7	112	4	6
ENSG00000164117	FBXO8	68	84	54	65	72	37	42	37
ENSG00000164118	CEP44	243	330	313	256	226	176	250	217
ENSG00000164120	HPGD	3	5	1	5	6	0	4	5
ENSG00000164122	ASB5	1	1	0	1	2	0	0	0
ENSG00000164123	C4orf45	0	0	0	0	0	0	1	0
ENSG00000164124	TMEM144	153	238	243	156	140	26	135	110
ENSG00000164125	GASK1B	42	49	43	18	15	59	24	23
ENSG00000164128	NPY1R	1	2	1	1	12	8	10	4
ENSG00000164134	NAA15	2337	2506	3238	2401	1838	1429	1628	1605
ENSG00000164136	IL15	73	93	112	106	69	30	88	45
ENSG00000164142	FHIP1A	143	434	383	268	252	61	152	77
ENSG00000164144	ARFIP1	805	861	948	677	529	565	458	636
ENSG00000164151	ICE1	983	1013	1106	878	833	537	622	661
ENSG00000164161	HHIP	911	809	923	721	1052	86	838	185
ENSG00000164162	ANAPC10	129	157	164	179	149	109	161	123
ENSG00000164163	ABCE1	2911	2925	3513	2715	1925	1525	1752	1785
ENSG00000164164	OTUD4	1098	1147	1138	843	948	736	878	744
ENSG00000164167	LSM6	158	168	191	239	135	84	152	143
ENSG00000164168	TMEM184C	518	505	578	419	352	258	226	294
ENSG00000164169	PRMT9	99	141	135	137	89	90	57	76
ENSG00000164171	ITGA2	433	680	536	371	525	463	651	370
ENSG00000164172	MOCS2	1283	1320	1558	1284	884	773	829	886
ENSG00000164175	SLC45A2	9	5	5	1	7	14	2	13
ENSG00000164176	EDIL3	90	40	16	35	109	13	28	14
ENSG00000164180	TMEM161B	424	552	517	478	400	339	420	290
ENSG00000164181	ELOVL7	98	20	15	12	64	41	5	27
ENSG00000164182	NDUFAF2	566	609	697	541	459	330	405	455
ENSG00000164185	ZNF474	16	14	5	8	9	2	7	4
ENSG00000164187	LMBRD2	241	355	284	219	240	199	165	262
ENSG00000164188	RANBP3L	21	6	13	8	9	4	1	3
ENSG00000164190	NIPBL	879	1051	1051	707	719	523	592	565
ENSG00000164197	RNF180	64	47	78	44	64	13	33	9
ENSG00000164199	ADGRV1	14	18	3	8	25	24	6	26
ENSG00000164209	SLC25A46	1682	1711	1766	1449	1158	915	837	1031
ENSG00000164211	STARD4	622	693	765	633	477	396	834	496
ENSG00000164219	PGGT1B	710	741	774	619	466	493	438	444
ENSG00000164220	F2RL2	564	1231	1586	980	374	231	534	260
ENSG00000164221	CCDC112	247	293	273	278	308	258	246	260
ENSG00000164236	ANKRD33B	254	577	816	401	473	34	293	120
ENSG00000164237	CMBL	1135	1347	1276	979	1032	650	587	945
ENSG00000164241	C5orf63	18	24	17	11	26	10	26	14
ENSG00000164244	PRRC1	1007	1204	1105	898	785	728	739	664
ENSG00000164251	F2RL1	591	478	421	309	442	834	234	738
ENSG00000164252	AGGF1	1518	1493	1614	1228	997	836	767	879
ENSG00000164253	WDR41	600	643	622	518	552	499	405	665
ENSG00000164256	PRDM9	4	5	3	3	1	0	3	0
ENSG00000164258	NDUFS4	1018	1276	1311	1227	933	697	958	900
ENSG00000164266	SPINK1	2	2	1	0	4	0	4	0
ENSG00000164270	HTR4	0	0	0	0	0	0	0	2
ENSG00000164283	ESM1	337	985	821	1134	635	230	2888	319
ENSG00000164284	GRPEL2	1164	1382	1420	1028	930	615	834	666
ENSG00000164287	CDC20B	7	2	6	4	1	0	1	6
ENSG00000164291	ARSK	208	256	213	205	188	131	174	145
ENSG00000164292	RHOBTB3	1848	2206	2060	1461	1140	1007	1056	1227
ENSG00000164294	GPX8	763	601	556	664	597	550	436	449
ENSG00000164296	TIGD6	162	211	199	146	108	88	124	118
ENSG00000164299	SPZ1	0	0	0	0	0	0	0	1
ENSG00000164300	SERINC5	342	334	292	206	353	134	167	151
ENSG00000164303	ENPP6	0	0	0	0	0	0	0	0
ENSG00000164304	CAGE1	7	5	6	2	8	2	4	2
ENSG00000164305	CASP3	949	842	871	622	574	638	552	688
ENSG00000164306	PRIMPOL	311	325	329	308	232	158	230	204
ENSG00000164307	ERAP1	1142	1423	1324	1181	899	752	1021	758
ENSG00000164308	ERAP2	100	135	91	81	84	87	114	58
ENSG00000164309	CMYA5	3	5	16	9	15	5	7	3
ENSG00000164318	EGFLAM	104	95	141	101	68	66	43	80
ENSG00000164323	CFAP97	2285	2850	2982	2098	1831	1122	1502	1517
ENSG00000164325	TMEM174	0	0	0	0	0	0	0	0
ENSG00000164326	CARTPT	0	0	0	0	0	0	1	0
ENSG00000164327	RICTOR	886	1124	1042	799	863	611	700	688
ENSG00000164329	TENT2	818	997	1004	782	672	533	545	552
ENSG00000164330	EBF1	26	38	40	35	60	76	58	45
ENSG00000164331	ANKRA2	308	315	277	285	221	197	234	278
ENSG00000164332	UBLCP1	956	937	1051	907	723	493	465	582
ENSG00000164334	FAM170A	0	0	0	0	0	0	0	0
ENSG00000164338	UTP15	750	753	780	640	460	375	475	448
ENSG00000164342	TLR3	84	113	150	84	91	88	86	74
ENSG00000164344	KLKB1	0	0	0	0	0	0	0	0
ENSG00000164346	NSA2	2213	2576	2424	2338	2016	1727	1935	2047
ENSG00000164347	GFM2	820	992	1075	746	546	515	488	601
ENSG00000164362	TERT	0	17	19	44	21	9	21	27
ENSG00000164366	CCDC127	349	466	332	269	255	219	225	318
ENSG00000164379	FOXQ1	0	0	0	0	0	0	1	0
ENSG00000164398	ACSL6	10	13	3	5	16	8	12	7
ENSG00000164400	CSF2	5	28	18	9	12	12	40	6
ENSG00000164402	SEPTIN8	1330	1434	1499	1335	1063	913	1245	1054
ENSG00000164403	SHROOM1	528	517	465	387	349	346	350	369
ENSG00000164404	GDF9	25	28	18	17	18	15	26	12
ENSG00000164405	UQCRQ	2445	2769	2777	2464	1797	1878	1614	2217
ENSG00000164406	LEAP2	0	5	4	0	0	1	1	4
ENSG00000164411	GJB7	0	0	1	1	0	1	0	0
ENSG00000164414	SLC35A1	248	250	229	224	201	229	149	232
ENSG00000164418	GRIK2	34	29	29	3	42	51	21	42
ENSG00000164430	CGAS	2	6	6	3	3	6	7	4
ENSG00000164434	FABP7	210	162	54	77	197	270	100	379
ENSG00000164438	TLX3	0	0	0	0	0	0	0	0
ENSG00000164440	TXLNB	7	25	19	13	20	8	5	12
ENSG00000164442	CITED2	1117	2810	3579	2217	3927	249	1048	1229
ENSG00000164451	CALHM4	0	2	3	9	1	1	3	1
ENSG00000164463	CREBRF	439	744	679	444	634	450	459	415
ENSG00000164465	DCBLD1	529	455	463	603	487	432	588	438
ENSG00000164466	SFXN1	2062	2860	2982	2295	1595	1093	1536	1301
ENSG00000164483	SAMD3	28	28	33	18	16	21	10	27
ENSG00000164484	TMEM200A	199	245	247	222	195	241	127	368
ENSG00000164485	IL22RA2	1	1	0	1	0	0	0	0
ENSG00000164494	PDSS2	224	286	286	262	240	114	159	147
ENSG00000164506	STXBP5	260	334	289	277	154	102	162	116
ENSG00000164509	IL31RA	610	459	447	277	305	499	393	283
ENSG00000164512	ANKRD55	23	45	50	40	13	5	11	10
ENSG00000164520	RAET1E	89	95	77	82	54	73	72	158
ENSG00000164530	PI16	4	1	2	3	0	0	0	0
ENSG00000164532	TBX20	26	24	28	14	21	9	13	15
ENSG00000164535	DAGLB	301	457	491	315	285	158	267	209
ENSG00000164542	KIAA0895	160	189	186	130	135	138	104	131
ENSG00000164543	STK17A	885	838	853	857	544	789	601	986
ENSG00000164548	TRA2A	1047	1240	1160	1012	687	867	718	773
ENSG00000164574	GALNT10	1421	1336	1472	1119	723	548	464	469
ENSG00000164576	SAP30L	659	621	566	582	414	336	398	371
ENSG00000164587	RPS14	23942	32440	31234	29700	31721	19337	26026	26776
ENSG00000164588	HCN1	157	114	70	60	93	130	26	372
ENSG00000164591	MYOZ3	0	1	0	0	0	0	1	0
ENSG00000164597	COG5	674	767	902	608	465	317	413	403
ENSG00000164603	BMT2	338	454	466	369	350	173	230	333
ENSG00000164604	GPR85	133	102	100	97	80	45	112	50
ENSG00000164609	SLU7	2073	2279	2699	1868	1935	1881	1719	1682
ENSG00000164610	RP9	462	563	616	480	500	531	471	579
ENSG00000164611	PTTG1	1727	2133	2178	2048	1692	1119	1744	1620
ENSG00000164615	CAMLG	1077	1543	1483	1292	1407	807	916	1126
ENSG00000164619	BMPER	5	0	4	11	20	17	12	0
ENSG00000164620	RELL2	168	220	314	256	60	41	111	60
ENSG00000164626	KCNK5	142	134	139	98	97	179	41	165
ENSG00000164627	KIF6	26	27	32	27	19	15	12	22
ENSG00000164631	ZNF12	488	746	716	522	573	355	405	439
ENSG00000164638	SLC29A4	27	41	62	38	49	39	37	46
ENSG00000164645	TEX47	0	0	0	0	0	0	0	0
ENSG00000164647	STEAP1	235	190	168	146	82	76	91	82
ENSG00000164649	CDCA7L	862	1424	1600	1108	1011	416	618	585
ENSG00000164651	SP8	6	6	3	4	8	12	9	5
ENSG00000164654	MIOS	499	451	466	399	285	157	265	183
ENSG00000164659	ELAPOR2	167	184	351	255	280	144	117	85
ENSG00000164663	USP49	129	159	187	99	109	83	126	86
ENSG00000164674	SYTL3	62	81	52	45	19	29	38	49
ENSG00000164675	IQUB	0	6	0	3	3	0	1	2
ENSG00000164683	HEY1	375	145	42	47	397	933	59	715
ENSG00000164684	ZNF704	17	5	5	4	27	39	3	16
ENSG00000164687	FABP5	1403	1164	1284	1151	1009	986	625	1388
ENSG00000164690	SHH	2	0	1	1	0	2	0	0
ENSG00000164691	TAGAP	1	0	0	1	0	3	0	0
ENSG00000164692	COL1A2	949	624	297	576	2170	2425	580	1227
ENSG00000164694	FNDC1	11	11	5	10	20	21	7	20
ENSG00000164695	CHMP4C	65	93	88	61	102	27	82	69
ENSG00000164707	SLC13A4	1	0	0	0	0	0	0	0
ENSG00000164708	PGAM2	242	457	403	187	68	199	42	141
ENSG00000164713	BRI3	1061	1751	1577	1443	1302	840	1300	1234
ENSG00000164715	LMTK2	515	637	579	479	475	305	396	337
ENSG00000164729	SLC35G3	0	0	0	0	0	0	0	0
ENSG00000164733	CTSB	5419	6394	5645	5443	6012	4866	3534	7099
ENSG00000164736	SOX17	1	3	0	0	4	0	1	1
ENSG00000164741	DLC1	519	1163	1350	940	1108	152	833	319
ENSG00000164742	ADCY1	6	3	1	3	15	6	5	3
ENSG00000164743	C8orf48	28	37	38	33	48	17	19	38
ENSG00000164744	SUN3	0	1	0	1	0	0	1	0
ENSG00000164746	C7orf57	3	2	9	0	12	5	2	7
ENSG00000164749	HNF4G	30	25	17	18	24	18	34	12
ENSG00000164751	PEX2	764	756	787	818	584	411	421	580
ENSG00000164754	RAD21	4818	5548	5687	5082	4409	3292	3150	4106
ENSG00000164756	SLC30A8	0	2	0	0	0	0	0	0
ENSG00000164758	MED30	184	251	230	277	255	185	205	258
ENSG00000164761	TNFRSF11B	350	344	244	262	215	171	425	364
ENSG00000164764	SBSPON	32	32	13	8	34	81	10	109
ENSG00000164776	PHKG1	5	21	20	14	15	10	14	8
ENSG00000164778	EN2	183	139	87	108	97	150	109	153
ENSG00000164794	KCNV1	2	12	4	3	6	4	4	2
ENSG00000164796	CSMD3	70	84	103	75	61	42	71	33
ENSG00000164808	SPIDR	459	450	533	377	287	227	180	293
ENSG00000164815	ORC5	611	633	647	546	406	292	298	395
ENSG00000164818	DNAAF5	1518	1816	2055	1706	1053	873	959	1131
ENSG00000164823	OSGIN2	449	521	585	444	362	281	333	377
ENSG00000164825	DEFB1	0	0	0	0	0	0	0	0
ENSG00000164828	SUN1	1268	1579	1456	1328	1081	800	1360	1120
ENSG00000164830	OXR1	481	532	565	430	501	303	379	438
ENSG00000164841	TMEM74	16	19	25	20	19	8	12	14
ENSG00000164849	GPR146	29	106	52	66	75	23	44	66
ENSG00000164850	GPER1	60	43	27	19	46	67	12	88
ENSG00000164853	UNCX	0	0	0	0	0	0	0	0
ENSG00000164855	TMEM184A	61	140	142	94	63	40	80	26
ENSG00000164867	NOS3	17	26	26	17	5	16	8	7
ENSG00000164877	MICALL2	244	216	193	189	267	324	139	344
ENSG00000164879	CA3	9	12	5	11	7	1	54	3
ENSG00000164880	INTS1	5417	6210	8172	5083	3593	2431	3169	3101
ENSG00000164885	CDK5	906	845	838	751	592	612	498	740
ENSG00000164889	SLC4A2	3298	3340	3828	2714	2535	1687	2119	2219
ENSG00000164896	FASTK	758	793	816	711	509	564	453	723
ENSG00000164897	TMUB1	1360	1840	1782	1629	1156	925	1217	1047
ENSG00000164898	FMC1	586	692	767	576	564	426	275	630
ENSG00000164900	GBX1	1	0	0	0	1	0	0	0
ENSG00000164902	PHAX	1047	1211	1302	942	1026	786	863	636
ENSG00000164904	ALDH7A1	1482	1697	1820	1518	925	581	647	982
ENSG00000164916	FOXK1	1454	1855	1789	1637	1306	1067	1390	1073
ENSG00000164919	COX6C	227	250	228	209	175	163	99	202
ENSG00000164920	OSR2	150	58	41	42	49	100	22	27
ENSG00000164924	YWHAZ	16129	18386	19278	17772	11857	8573	10400	10791
ENSG00000164929	BAALC	398	76	21	22	89	250	7	592
ENSG00000164930	FZD6	867	1042	915	715	787	789	556	937
ENSG00000164932	CTHRC1	2144	1649	962	1220	1732	3015	1067	4582
ENSG00000164933	SLC25A32	1325	1343	1547	1307	808	590	681	808
ENSG00000164934	DCAF13	2877	2664	2785	2322	1441	1393	1159	1951
ENSG00000164935	DCSTAMP	20	10	0	1	35	45	0	102
ENSG00000164938	TP53INP1	162	169	263	166	134	103	144	48
ENSG00000164941	INTS8	584	513	554	513	422	392	310	473
ENSG00000164944	VIRMA	1527	1899	2022	1444	1262	635	768	1025
ENSG00000164946	FREM1	5	0	0	0	2	13	0	0
ENSG00000164949	GEM	656	618	714	592	880	890	715	1183
ENSG00000164951	PDP1	1387	2122	2661	1959	1719	623	997	828
ENSG00000164953	TMEM67	197	186	195	163	152	155	117	246
ENSG00000164961	WASHC5	1065	1185	1348	1021	752	378	431	622
ENSG00000164967	RPP25L	579	644	676	582	510	358	344	504
ENSG00000164970	FAM219A	699	767	920	677	722	382	670	527
ENSG00000164972	C9orf24	0	1	1	2	0	1	0	1
ENSG00000164975	SNAPC3	276	447	361	325	433	266	369	293
ENSG00000164976	MYORG	166	157	160	136	198	142	82	134
ENSG00000164978	NUDT2	332	311	384	301	256	179	255	242
ENSG00000164983	TMEM65	398	506	456	462	459	119	277	189
ENSG00000164985	PSIP1	3607	4064	4691	3974	3163	3536	3160	3290
ENSG00000164989	CCDC171	90	78	123	92	84	48	57	60
ENSG00000165006	UBAP1	1072	1097	1097	947	786	503	602	723
ENSG00000165023	DIRAS2	5	6	2	7	3	7	11	6
ENSG00000165025	SYK	3	0	3	2	4	7	3	3
ENSG00000165028	NIPSNAP3B	37	45	51	36	48	31	30	45
ENSG00000165029	ABCA1	197	173	252	120	224	112	82	94
ENSG00000165030	NFIL3	131	332	419	231	510	140	252	262
ENSG00000165046	LETM2	146	123	157	95	59	36	105	47
ENSG00000165055	METTL2B	1036	1070	1066	964	636	598	722	647
ENSG00000165060	FXN	294	296	300	265	209	172	214	191
ENSG00000165066	NKX6-3	0	0	0	0	0	0	0	0
ENSG00000165071	TMEM71	1	13	16	11	14	3	4	2
ENSG00000165072	MAMDC2	1	5	7	0	7	1	5	0
ENSG00000165076	PRSS37	0	0	0	0	0	0	0	0
ENSG00000165078	CPA6	5	11	5	3	0	0	0	6
ENSG00000165084	C8orf34	7	4	3	2	3	0	11	2
ENSG00000165091	TMC1	0	0	0	0	4	4	0	0
ENSG00000165092	ALDH1A1	0	1	0	0	2	6	0	2
ENSG00000165097	KDM1B	322	308	368	227	175	120	150	167
ENSG00000165102	HGSNAT	716	716	661	556	429	338	337	440
ENSG00000165105	RASEF	133	205	170	141	91	21	97	21
ENSG00000165113	GKAP1	81	159	168	85	130	50	87	54
ENSG00000165115	KIF27	35	72	52	46	61	48	26	45
ENSG00000165118	C9orf64	255	352	439	238	196	181	190	215
ENSG00000165119	HNRNPK	14811	17806	19020	15105	12667	9925	11467	12320
ENSG00000165120	SSMEM1	1	2	5	1	0	0	0	0
ENSG00000165124	SVEP1	33	34	26	39	73	45	13	57
ENSG00000165125	TRPV6	0	0	0	0	1	0	0	0
ENSG00000165131	LLCFC1	0	1	0	0	0	0	0	0
ENSG00000165138	ANKS6	660	821	1020	545	621	314	395	390
ENSG00000165140	FBP1	2	1	2	6	2	0	1	1
ENSG00000165152	PGAP4	228	248	231	223	258	208	244	322
ENSG00000165156	ZHX1	1005	932	1100	796	705	465	399	503
ENSG00000165164	CFAP47	6	5	0	1	0	0	0	2
ENSG00000165168	CYBB	36	44	52	45	30	10	63	15
ENSG00000165169	DYNLT3	835	809	845	766	992	1013	550	1123
ENSG00000165171	METTL27	97	169	167	167	114	77	133	88
ENSG00000165175	MID1IP1	628	659	763	637	599	429	573	468
ENSG00000165181	SHOC1	0	17	5	0	4	0	4	1
ENSG00000165182	CXorf58	3	0	3	1	0	1	1	1
ENSG00000165185	KIAA1958	143	248	282	171	190	112	204	95
ENSG00000165186	PTCHD1	0	3	2	0	2	2	0	2
ENSG00000165188	RNF183	0	0	0	0	2	0	1	1
ENSG00000165192	ASB11	0	0	1	1	0	1	1	0
ENSG00000165194	PCDH19	5	3	0	10	48	35	4	19
ENSG00000165195	PIGA	298	336	316	282	212	62	170	137
ENSG00000165197	VEGFD	1	1	0	0	1	2	0	1
ENSG00000165202	OR1Q1	0	2	0	0	0	0	1	1
ENSG00000165209	STRBP	235	357	376	262	321	198	210	252
ENSG00000165215	CLDN3	0	1	0	0	0	3	1	0
ENSG00000165219	GAPVD1	1162	1463	1760	1019	1025	804	795	821
ENSG00000165233	CARD19	617	692	800	626	553	703	447	940
ENSG00000165238	WNK2	3	2	0	1	0	1	0	1
ENSG00000165240	ATP7A	237	225	198	151	183	112	108	171
ENSG00000165244	ZNF367	255	307	376	246	270	170	291	215
ENSG00000165246	NLGN4Y	0	0	0	0	1	1	1	0
ENSG00000165259	HDX	45	35	45	38	33	29	25	28
ENSG00000165264	NDUFB6	1315	1205	1255	1273	927	753	819	953
ENSG00000165269	AQP7	14	14	7	13	18	19	19	8
ENSG00000165271	NOL6	4144	3399	4412	2859	1965	1590	1809	1957
ENSG00000165272	AQP3	109	109	88	75	65	93	20	92
ENSG00000165275	TRMT10B	265	288	315	243	206	143	197	138
ENSG00000165280	VCP	7877	6670	8357	6554	4549	3761	3892	4602
ENSG00000165282	PIGO	426	515	468	474	428	170	230	317
ENSG00000165283	STOML2	6463	6764	7330	5974	4823	2744	3519	4213
ENSG00000165288	BRWD3	549	664	522	383	427	309	357	298
ENSG00000165300	SLITRK5	348	468	355	341	233	240	306	214
ENSG00000165304	MELK	967	881	950	840	736	518	691	726
ENSG00000165312	OTUD1	140	261	237	192	407	179	215	206
ENSG00000165322	ARHGAP12	850	788	923	634	557	651	276	739
ENSG00000165323	FAT3	15	10	11	12	24	9	7	7
ENSG00000165325	DEUP1	0	1	0	0	0	0	0	0
ENSG00000165338	HECTD2	346	231	211	207	182	218	137	185
ENSG00000165349	SLC7A3	0	0	0	1	0	0	0	0
ENSG00000165355	FBXO33	428	361	449	360	325	294	299	280
ENSG00000165359	INTS6L	116	116	69	69	27	83	82	75
ENSG00000165376	CLDN2	33	40	26	16	6	9	3	16
ENSG00000165379	LRFN5	10	2	5	1	30	15	3	186
ENSG00000165383	LRRC18	0	0	0	0	0	1	1	0
ENSG00000165389	SPTSSA	1710	1444	1504	1515	1113	1038	1056	1533
ENSG00000165392	WRN	152	210	181	107	123	100	120	127
ENSG00000165406	MARCHF8	405	392	445	375	304	146	225	247
ENSG00000165409	TSHR	9	13	9	9	6	13	9	9
ENSG00000165410	CFL2	1080	1349	1559	1236	892	562	769	750
ENSG00000165416	SUGT1	930	1157	918	859	825	760	687	968
ENSG00000165417	GTF2A1	747	804	759	716	574	556	527	590
ENSG00000165424	ZCCHC24	2121	1778	1748	1389	1606	1814	983	1772
ENSG00000165434	PGM2L1	236	164	129	146	301	238	106	165
ENSG00000165443	PHYHIPL	2	2	0	0	0	4	6	1
ENSG00000165449	SLC16A9	7	9	11	11	46	8	2	10
ENSG00000165457	FOLR2	0	0	0	0	0	0	0	0
ENSG00000165458	INPPL1	3370	3577	3442	2927	2274	2195	2313	2154
ENSG00000165471	MBL2	2	0	0	0	0	0	0	1
ENSG00000165474	GJB2	10	13	4	15	28	36	50	11
ENSG00000165475	CRYL1	165	192	225	162	191	154	116	244
ENSG00000165476	REEP3	762	743	682	632	607	653	637	809
ENSG00000165478	HEPACAM	0	1	1	0	0	0	8	0
ENSG00000165480	SKA3	234	293	337	368	241	220	268	247
ENSG00000165487	MICU2	713	860	810	699	637	626	492	783
ENSG00000165490	DDIAS	269	277	267	237	184	169	170	194
ENSG00000165494	PCF11	521	592	463	412	268	377	282	348
ENSG00000165495	PKNOX2	4	3	0	3	3	0	2	12
ENSG00000165496	RPL10L	170	167	152	213	217	163	290	192
ENSG00000165501	LRR1	391	451	432	447	285	219	285	294
ENSG00000165502	RPL36AL	2224	2356	2315	2272	1765	1854	1991	2183
ENSG00000165506	DNAAF2	643	619	640	497	348	340	338	402
ENSG00000165507	DEPP1	66	1218	926	680	1059	91	673	651
ENSG00000165509	MAGEC3	4	1	0	1	1	0	1	0
ENSG00000165512	ZNF22	631	883	931	788	666	381	482	566
ENSG00000165516	KLHDC2	535	619	610	511	422	419	327	446
ENSG00000165521	EML5	12	20	16	28	16	8	11	7
ENSG00000165525	NEMF	620	623	718	537	468	601	528	469
ENSG00000165526	RPUSD4	583	737	758	769	653	446	568	586
ENSG00000165527	ARF6	2669	3095	3286	2736	2022	1814	2328	2182
ENSG00000165533	TTC8	337	345	359	342	305	196	204	287
ENSG00000165548	TMEM63C	9	11	18	10	4	6	0	5
ENSG00000165555	NOXRED1	16	15	16	11	16	9	11	3
ENSG00000165566	AMER2	0	2	0	2	4	3	2	2
ENSG00000165568	AKR1E2	6	2	2	4	0	1	0	1
ENSG00000165572	KBTBD6	293	272	305	229	265	285	189	196
ENSG00000165583	SSX5	0	0	0	3	0	0	0	0
ENSG00000165584	SSX3	0	0	0	0	1	0	0	0
ENSG00000165591	FAAH2	4	0	0	4	1	0	2	4
ENSG00000165606	DRGX	0	2	0	4	0	0	0	0
ENSG00000165609	NUDT5	1431	1394	1549	1269	824	915	1040	991
ENSG00000165617	DACT1	23	20	20	22	55	45	26	29
ENSG00000165621	OXGR1	1	2	1	1	3	12	0	11
ENSG00000165626	BEND7	73	100	80	63	50	33	36	24
ENSG00000165629	ATP5F1C	2691	3109	3095	2848	2070	1719	1757	2375
ENSG00000165630	PRPF18	363	430	426	370	332	243	245	314
ENSG00000165632	TAF3	346	352	382	350	305	351	325	254
ENSG00000165633	VSTM4	52	55	47	41	35	57	73	31
ENSG00000165637	VDAC2	2391	2907	2933	2717	2151	1488	2016	2040
ENSG00000165643	SOHLH1	1	0	0	0	0	0	0	0
ENSG00000165644	COMTD1	127	205	234	170	167	84	158	99
ENSG00000165646	SLC18A2	8	0	1	3	3	0	0	5
ENSG00000165650	PDZD8	1245	1405	1281	967	1107	675	705	718
ENSG00000165655	ZNF503	1070	727	558	394	466	805	324	945
ENSG00000165660	ABRAXAS2	718	711	806	557	504	398	298	447
ENSG00000165661	QSOX2	873	1086	1259	734	762	590	841	751
ENSG00000165669	FAM204A	648	711	796	600	690	533	415	613
ENSG00000165671	NSD1	1574	1464	1570	1083	1050	858	827	689
ENSG00000165672	PRDX3	3950	4242	4602	3608	2829	2117	1651	3084
ENSG00000165675	ENOX2	315	228	275	208	233	212	154	254
ENSG00000165678	GHITM	5708	6023	7172	5068	4490	2862	2470	3905
ENSG00000165684	SNAPC4	770	879	1160	578	533	429	555	473
ENSG00000165685	TMEM52B	3	2	1	4	2	5	0	8
ENSG00000165688	PMPCA	1783	2336	2969	1961	1230	1106	902	1517
ENSG00000165689	ENTR1	1989	2165	2653	1932	1659	1129	1593	1582
ENSG00000165694	FRMD7	0	0	0	2	3	0	0	0
ENSG00000165695	AK8	11	6	10	5	6	10	0	11
ENSG00000165698	SPACA9	184	253	272	212	154	172	129	201
ENSG00000165699	TSC1	253	421	527	253	324	121	273	121
ENSG00000165702	GFI1B	0	0	0	0	0	0	2	1
ENSG00000165704	HPRT1	1069	1597	1608	1346	1313	797	942	1312
ENSG00000165714	BORCS5	214	204	226	180	141	136	177	187
ENSG00000165716	DIPK1B	170	225	281	144	207	139	42	180
ENSG00000165724	ZMYND19	902	994	1185	940	790	721	826	896
ENSG00000165730	STOX1	9	5	2	3	2	10	1	8
ENSG00000165731	RET	0	0	0	0	0	1	0	0
ENSG00000165732	DDX21	6736	7398	8754	6015	5289	3516	4507	4039
ENSG00000165733	BMS1	1555	1821	2015	1446	1161	828	1072	1030
ENSG00000165752	STK32C	231	336	295	199	271	162	138	270
ENSG00000165757	JCAD	71	19	29	15	66	56	31	23
ENSG00000165775	FUNDC2	484	514	594	393	493	175	304	375
ENSG00000165782	PIP4P1	501	510	608	508	384	315	438	410
ENSG00000165792	METTL17	804	791	865	821	481	390	411	499
ENSG00000165794	SLC39A2	0	0	0	0	0	0	0	1
ENSG00000165795	NDRG2	452	325	428	429	141	181	43	194
ENSG00000165799	RNASE7	1	0	1	1	0	1	0	0
ENSG00000165801	ARHGEF40	1038	730	688	887	498	628	571	413
ENSG00000165802	NSMF	2200	2539	3476	2119	2328	1353	1338	2539
ENSG00000165804	ZNF219	460	613	708	516	255	274	165	286
ENSG00000165806	CASP7	404	330	336	276	330	306	209	433
ENSG00000165807	PPP1R36	0	0	0	0	0	2	0	0
ENSG00000165810	BTNL9	4	9	6	7	22	2	6	1
ENSG00000165813	CCDC186	205	199	244	150	226	213	98	144
ENSG00000165816	VWA2	5	1	2	2	9	17	0	4
ENSG00000165819	METTL3	823	957	827	680	568	524	496	659
ENSG00000165821	SALL2	138	147	98	68	106	71	21	107
ENSG00000165828	PRAP1	4	12	7	2	3	1	0	1
ENSG00000165832	TRUB1	630	543	654	463	462	438	280	447
ENSG00000165841	CYP2C19	0	0	2	1	0	0	4	1
ENSG00000165861	ZFYVE1	243	316	318	247	258	168	163	169
ENSG00000165868	HSPA12A	46	18	18	56	65	95	36	10
ENSG00000165879	FRAT1	146	97	113	75	113	165	77	169
ENSG00000165886	UBTD1	839	765	968	702	591	517	333	641
ENSG00000165887	ANKRD2	2	2	3	4	1	0	1	1
ENSG00000165891	E2F7	1033	925	987	759	707	776	1134	734
ENSG00000165895	ARHGAP42	303	350	431	352	229	121	320	83
ENSG00000165898	ISCA2	305	355	362	376	295	167	275	239
ENSG00000165899	OTOGL	13	15	9	21	3	8	4	9
ENSG00000165905	LARGE2	5	14	7	12	10	18	3	9
ENSG00000165912	PACSIN3	1508	1839	2071	1702	1337	1027	1135	1277
ENSG00000165914	TTC7B	134	147	255	149	152	41	110	127
ENSG00000165915	SLC39A13	1221	1388	1578	1228	1043	947	1160	1098
ENSG00000165916	PSMC3	3502	3785	4005	3740	3063	2365	2623	3347
ENSG00000165917	RAPSN	0	0	2	3	1	2	1	2
ENSG00000165923	AGBL2	17	4	15	12	15	24	4	13
ENSG00000165929	TC2N	1	1	9	27	0	0	12	0
ENSG00000165934	CPSF2	1249	1347	1400	1057	911	737	894	776
ENSG00000165935	SMCO2	1	7	1	3	2	2	12	0
ENSG00000165943	MOAP1	475	576	577	411	406	377	299	445
ENSG00000165948	IFI27L1	54	66	60	56	62	59	64	48
ENSG00000165949	IFI27	29	17	9	5	20	527	4	21
ENSG00000165959	CLMN	106	134	63	42	152	174	58	293
ENSG00000165972	CCDC38	4	1	3	3	2	0	2	2
ENSG00000165983	PTER	406	411	447	321	232	149	216	267
ENSG00000165985	C1QL3	3	2	3	2	2	1	2	1
ENSG00000165995	CACNB2	93	61	94	26	20	17	35	13
ENSG00000165996	HACD1	162	267	290	157	84	34	79	45
ENSG00000165997	ARL5B	821	1014	956	669	597	450	472	440
ENSG00000166002	SMCO4	55	74	86	100	42	20	58	17
ENSG00000166004	CEP295	379	398	433	284	305	349	298	311
ENSG00000166006	KCNC2	0	1	0	0	1	0	0	0
ENSG00000166012	TAF1D	440	623	633	463	765	341	625	390
ENSG00000166016	ABTB2	563	570	535	375	476	351	284	493
ENSG00000166024	R3HCC1L	277	343	378	259	282	161	151	206
ENSG00000166025	AMOTL1	3153	2787	2346	1718	2703	3028	1506	4057
ENSG00000166033	HTRA1	478	337	236	275	362	392	118	622
ENSG00000166035	LIPC	6	14	16	20	17	1	5	3
ENSG00000166037	CEP57	1077	1450	1398	1256	1051	817	901	991
ENSG00000166046	TCP11L2	111	117	128	98	97	59	65	68
ENSG00000166049	PASD1	0	0	3	0	1	0	0	0
ENSG00000166068	SPRED1	1932	1939	1746	1612	1321	1494	1255	1523
ENSG00000166069	TMCO5A	0	0	0	0	0	0	0	0
ENSG00000166073	GPR176	718	962	1163	815	823	226	631	381
ENSG00000166086	JAM3	993	1019	1071	856	879	619	597	839
ENSG00000166091	CMTM5	0	2	0	1	0	0	0	0
ENSG00000166106	ADAMTS15	65	21	35	21	47	41	9	78
ENSG00000166111	SVOP	21	15	20	10	11	17	32	13
ENSG00000166123	GPT2	809	937	1119	758	564	378	550	632
ENSG00000166126	AMN	0	0	0	0	0	0	0	0
ENSG00000166128	RAB8B	568	812	830	617	505	279	483	345
ENSG00000166130	IKBIP	890	1264	1205	1059	767	555	838	789
ENSG00000166133	RPUSD2	416	453	492	408	292	212	248	299
ENSG00000166135	HIF1AN	1398	1468	1524	1078	914	785	583	815
ENSG00000166136	NDUFB8	1956	2197	2376	1863	1716	1310	1139	2049
ENSG00000166140	ZFYVE19	390	446	410	367	353	287	291	305
ENSG00000166143	PPP1R14D	0	1	0	0	0	0	1	0
ENSG00000166145	SPINT1	27	42	37	23	40	57	11	40
ENSG00000166147	FBN1	711	617	728	478	658	179	346	198
ENSG00000166148	AVPR1A	3	1	3	3	2	9	0	0
ENSG00000166153	DEPDC4	17	10	15	11	9	10	9	1
ENSG00000166159	LRTM2	0	0	0	0	0	0	0	0
ENSG00000166164	BRD7	1663	1812	1839	1512	1345	1155	1336	1333
ENSG00000166165	CKB	752	2399	1962	1541	897	748	628	1105
ENSG00000166166	TRMT61A	739	805	1069	840	559	327	440	528
ENSG00000166167	BTRC	537	563	584	384	370	314	235	308
ENSG00000166169	POLL	779	940	1119	716	749	452	443	660
ENSG00000166170	BAG5	701	848	782	697	635	464	538	532
ENSG00000166171	DPCD	1002	1289	1289	989	978	585	470	1107
ENSG00000166173	LARP6	1225	1473	1682	1458	1045	664	901	926
ENSG00000166181	API5	2285	2563	2909	2506	1664	1183	1488	1527
ENSG00000166188	ZNF319	231	237	290	172	165	159	141	174
ENSG00000166189	HPS6	649	621	719	531	442	310	225	482
ENSG00000166192	SENP8	88	117	108	100	58	59	59	47
ENSG00000166197	NOLC1	4393	3928	5132	2818	2378	1560	1579	2168
ENSG00000166199	ALKBH3	439	468	571	425	367	218	267	365
ENSG00000166200	COPS2	2699	3318	3244	2594	2428	1629	1758	2145
ENSG00000166206	GABRB3	288	307	325	189	179	19	126	147
ENSG00000166224	SGPL1	493	494	475	356	403	338	315	331
ENSG00000166225	FRS2	531	575	647	472	311	256	284	256
ENSG00000166226	CCT2	7995	8464	8884	7694	4703	3783	4814	5498
ENSG00000166228	PCBD1	389	574	519	409	341	310	241	431
ENSG00000166233	ARIH1	869	1011	1013	772	682	434	552	519
ENSG00000166246	DNAAF8	17	13	18	17	16	6	3	14
ENSG00000166250	CLMP	1701	1480	1440	1192	1111	987	1265	1375
ENSG00000166257	SCN3B	0	3	1	1	2	6	0	1
ENSG00000166260	COX11	215	230	373	250	202	92	131	156
ENSG00000166261	ZNF202	288	326	282	257	218	195	239	247
ENSG00000166262	FAM227B	45	66	58	47	66	29	30	21
ENSG00000166263	STXBP4	165	194	166	152	130	202	141	125
ENSG00000166265	CYYR1	42	37	10	18	6	0	0	1
ENSG00000166266	CUL5	709	753	838	672	559	443	455	435
ENSG00000166268	MYRFL	0	1	0	0	0	0	0	0
ENSG00000166272	WBP1L	992	904	1030	715	615	513	366	669
ENSG00000166275	BORCS7	417	417	465	356	424	396	242	346
ENSG00000166278	C2	15	17	14	7	11	8	1	17
ENSG00000166289	PLEKHF1	247	220	259	153	164	146	143	187
ENSG00000166292	TMEM100	6	2	5	2	5	17	1	6
ENSG00000166295	ANAPC16	880	1100	1041	1075	737	521	758	624
ENSG00000166311	SMPD1	430	467	429	365	337	315	252	345
ENSG00000166313	APBB1	378	486	586	382	383	141	211	284
ENSG00000166317	SYNPO2L	17	15	12	7	12	6	14	7
ENSG00000166321	NUDT13	33	64	36	59	40	42	38	50
ENSG00000166323	C11orf65	2	1	5	1	3	2	6	0
ENSG00000166326	TRIM44	4581	5133	5371	3895	3395	2336	2889	2795
ENSG00000166333	ILK	1208	1420	1453	1331	1081	679	895	981
ENSG00000166337	TAF10	1484	1681	1806	1490	1126	1028	913	1272
ENSG00000166340	TPP1	629	749	726	565	657	483	675	578
ENSG00000166341	DCHS1	52	54	39	61	74	43	39	33
ENSG00000166342	NETO1	568	693	647	668	169	45	822	86
ENSG00000166343	MSS51	4	12	6	0	0	0	15	9
ENSG00000166347	CYB5A	541	582	576	539	359	159	431	241
ENSG00000166348	USP54	278	279	354	254	204	165	223	173
ENSG00000166349	RAG1	38	48	43	34	48	30	24	19
ENSG00000166351	POTED	7	13	11	2	9	10	7	7
ENSG00000166352	IFTAP	196	224	194	190	179	96	118	144
ENSG00000166359	WDR88	16	15	11	16	9	11	12	4
ENSG00000166363	OR10A5	0	0	1	0	0	0	0	0
ENSG00000166368	OR2D2	0	0	0	0	0	0	1	0
ENSG00000166377	ATP9B	280	301	371	167	241	126	156	117
ENSG00000166387	PPFIBP2	6	0	0	1	5	4	0	7
ENSG00000166394	CYB5R2	198	134	144	103	175	239	179	415
ENSG00000166396	SERPINB7	1744	2238	2368	2543	956	124	2093	252
ENSG00000166398	GARRE1	651	683	738	468	579	347	366	339
ENSG00000166401	SERPINB8	1164	1176	1287	853	554	401	848	622
ENSG00000166402	TUB	124	172	181	129	146	51	64	86
ENSG00000166405	RIC3	0	0	0	0	0	0	0	0
ENSG00000166407	LMO1	12	6	9	12	3	14	9	17
ENSG00000166411	IDH3A	911	806	1060	713	471	319	428	438
ENSG00000166415	WDR72	178	190	171	193	303	232	150	197
ENSG00000166426	CRABP1	8	0	1	1	31	51	3	21
ENSG00000166428	PLD4	0	0	1	2	1	0	1	0
ENSG00000166432	ZMAT1	0	0	0	0	0	0	0	0
ENSG00000166435	XRRA1	150	211	237	166	150	152	195	144
ENSG00000166436	TRIM66	185	251	301	180	168	146	168	127
ENSG00000166439	RNF169	470	725	725	448	692	215	526	328
ENSG00000166441	RPL27A	12629	18227	15951	16588	16179	10818	13664	16313
ENSG00000166444	DENND2B	799	693	735	611	438	310	344	340
ENSG00000166446	CDYL2	327	392	356	332	251	137	394	192
ENSG00000166448	TMEM130	49	74	62	39	15	35	13	11
ENSG00000166450	PRTG	357	495	555	386	335	145	272	154
ENSG00000166451	CENPN	1456	1161	1447	1286	967	730	1041	906
ENSG00000166452	AKIP1	426	394	456	422	360	294	387	302
ENSG00000166454	ATMIN	1070	960	990	746	721	644	445	728
ENSG00000166455	C16orf46	2	29	7	11	11	15	18	24
ENSG00000166471	TMEM41B	251	311	334	200	204	316	348	212
ENSG00000166473	PKD1L2	7	23	19	11	15	6	9	3
ENSG00000166477	LEO1	880	947	990	758	603	523	491	603
ENSG00000166478	ZNF143	231	374	356	239	243	198	193	231
ENSG00000166479	TMX3	1975	2164	2088	1614	1280	940	1386	980
ENSG00000166482	MFAP4	66	49	23	31	66	195	3	125
ENSG00000166483	WEE1	404	559	633	496	631	334	469	408
ENSG00000166484	MAPK7	311	368	471	283	243	227	166	365
ENSG00000166501	PRKCB	26	16	20	11	18	21	16	11
ENSG00000166503	HDGFL3	1275	1146	1262	1148	855	839	888	882
ENSG00000166507	NDST2	313	332	365	267	172	151	218	217
ENSG00000166508	MCM7	6149	7249	8775	7435	4954	3115	4461	4724
ENSG00000166510	CCDC68	0	4	5	2	4	0	3	2
ENSG00000166523	CLEC4E	0	0	0	0	1	1	0	0
ENSG00000166526	ZNF3	660	690	804	544	615	532	463	563
ENSG00000166529	ZSCAN21	120	187	165	165	108	75	91	105
ENSG00000166532	RIMKLB	890	871	879	694	738	704	729	690
ENSG00000166535	A2ML1	0	1	0	0	0	1	0	0
ENSG00000166546	BEAN1	14	8	8	0	4	6	2	0
ENSG00000166548	TK2	826	996	893	708	628	513	671	583
ENSG00000166557	TMED3	1677	1676	1832	1805	1406	809	1085	1381
ENSG00000166562	SEC11C	701	723	715	668	463	254	524	319
ENSG00000166569	CPLX4	0	1	0	0	0	0	0	0
ENSG00000166573	GALR1	1	3	0	0	0	0	0	0
ENSG00000166575	TMEM135	408	464	455	406	340	398	313	427
ENSG00000166578	IQCD	40	44	32	28	21	34	14	29
ENSG00000166579	NDEL1	665	738	719	579	589	375	549	520
ENSG00000166582	CENPV	89	91	101	78	73	29	61	69
ENSG00000166592	RRAD	95	52	57	50	23	13	32	31
ENSG00000166595	CIAO2B	2852	3752	3713	3257	2182	1664	2448	2362
ENSG00000166596	CFAP52	11	5	3	3	7	9	6	20
ENSG00000166598	HSP90B1	11032	12962	11582	10342	9581	7811	8981	10005
ENSG00000166603	MC4R	4	4	10	6	9	3	8	1
ENSG00000166619	BLCAP	1281	1406	1507	1484	938	936	883	932
ENSG00000166664	CHRFAM7A	1	6	6	3	0	0	2	0
ENSG00000166669	ATF7IP2	32	15	28	32	20	11	3	24
ENSG00000166670	MMP10	2	4	8	11	8	11	26	10
ENSG00000166676	TVP23A	26	15	5	4	14	30	10	23
ENSG00000166681	BEX3	2460	2741	2515	2505	1731	2007	1733	2385
ENSG00000166682	TMPRSS5	50	71	51	61	64	101	39	117
ENSG00000166685	COG1	617	768	763	523	511	406	418	479
ENSG00000166689	PLEKHA7	10	9	12	17	20	13	13	10
ENSG00000166704	ZNF606	102	124	141	118	134	125	92	103
ENSG00000166707	ZCCHC18	24	21	17	22	29	21	21	25
ENSG00000166710	B2M	12245	14994	13703	14151	11634	13983	11890	14030
ENSG00000166716	ZNF592	1097	1291	1307	1205	888	580	764	824
ENSG00000166734	GOLM2	2131	2269	2344	1964	1739	1548	1166	1511
ENSG00000166741	NNMT	319	323	375	369	171	68	75	108
ENSG00000166747	AP1G1	1519	1570	1630	1287	1068	891	1072	900
ENSG00000166750	SLFN5	1325	1153	1114	787	643	922	839	622
ENSG00000166762	CATSPER2	3	16	6	8	1	6	9	4
ENSG00000166780	BMERB1	794	702	714	578	608	719	432	1123
ENSG00000166783	MARF1	767	873	765	480	652	568	479	498
ENSG00000166788	SAAL1	453	557	573	477	421	295	292	442
ENSG00000166793	YPEL4	55	68	72	51	67	38	32	44
ENSG00000166794	PPIB	7745	8117	7927	8327	6810	7065	5626	8510
ENSG00000166796	LDHC	51	57	61	48	18	20	16	25
ENSG00000166797	CIAO2A	1417	1293	1233	1300	1160	974	1019	1195
ENSG00000166800	LDHAL6A	1	0	6	0	1	2	4	1
ENSG00000166801	FAM111A	803	794	763	699	601	650	633	536
ENSG00000166803	PCLAF	1874	2049	2100	2027	1894	1120	1361	1487
ENSG00000166813	KIF7	325	322	375	215	280	208	238	228
ENSG00000166816	LDHD	37	59	55	32	32	36	24	30
ENSG00000166819	PLIN1	2	1	2	3	2	0	0	1
ENSG00000166821	PEX11A	130	177	131	113	111	83	65	108
ENSG00000166822	TMEM170A	405	429	421	396	320	235	344	257
ENSG00000166823	MESP1	203	253	280	196	185	167	131	265
ENSG00000166825	ANPEP	5839	4954	4335	4165	3407	4346	4654	4968
ENSG00000166828	SCNN1G	1	0	0	0	0	0	0	0
ENSG00000166831	RBPMS2	90	99	175	78	97	65	23	73
ENSG00000166833	NAV2	292	460	473	317	304	99	332	125
ENSG00000166839	ANKDD1A	32	64	46	24	53	32	28	18
ENSG00000166840	GLYATL1	3	10	10	2	2	2	3	2
ENSG00000166845	C18orf54	542	567	485	476	238	148	399	164
ENSG00000166847	DCTN5	1196	1167	1158	851	727	608	766	598
ENSG00000166848	TERF2IP	2306	2636	2559	2116	2020	2155	2062	2399
ENSG00000166851	PLK1	2684	3094	3580	3082	1972	975	1783	1714
ENSG00000166855	CLPX	1219	1343	1529	1302	882	732	671	821
ENSG00000166856	GPR182	1	4	3	1	3	4	1	0
ENSG00000166860	ZBTB39	335	408	380	268	327	218	301	246
ENSG00000166862	CACNG2	0	0	0	0	0	0	0	0
ENSG00000166863	TAC3	0	0	1	0	0	0	0	0
ENSG00000166866	MYO1A	0	0	0	0	0	1	0	0
ENSG00000166869	CHP2	4	2	0	1	3	2	3	1
ENSG00000166881	NEMP1	626	740	776	635	484	377	618	428
ENSG00000166886	NAB2	1309	1831	1694	1372	1228	1281	1217	2125
ENSG00000166887	VPS39	1550	1784	2044	1206	918	562	650	713
ENSG00000166888	STAT6	1753	1956	2112	1790	1050	1137	1512	1438
ENSG00000166889	PATL1	1114	1546	1611	1145	1207	610	1255	871
ENSG00000166896	ATP23	119	137	109	96	72	91	66	84
ENSG00000166897	ELFN2	134	243	303	161	133	23	144	31
ENSG00000166900	STX3	671	721	863	719	442	230	556	230
ENSG00000166902	MRPL16	1040	1271	1239	1113	827	606	758	885
ENSG00000166908	PIP4K2C	945	965	1150	882	568	506	665	673
ENSG00000166912	MTMR10	572	633	910	589	376	117	260	186
ENSG00000166913	YWHAB	9763	10167	10429	9808	6749	6545	6357	6897
ENSG00000166920	C15orf48	17	36	31	13	29	6	14	20
ENSG00000166922	SCG5	2	1	1	6	4	13	5	7
ENSG00000166923	GREM1	0	2	1	1	4	1	3	1
ENSG00000166924	NYAP1	22	38	42	22	25	28	17	28
ENSG00000166925	TSC22D4	1102	1329	1519	1291	892	792	788	950
ENSG00000166927	MS4A7	0	2	1	0	0	0	0	0
ENSG00000166938	DIS3L	552	663	743	492	420	309	406	354
ENSG00000166946	CCNDBP1	123	95	147	112	55	79	63	49
ENSG00000166947	EPB42	0	1	0	0	0	0	0	0
ENSG00000166949	SMAD3	1569	2305	2889	1942	1719	474	1165	703
ENSG00000166960	CCDC178	0	0	0	0	1	1	0	0
ENSG00000166961	MS4A15	2	0	3	0	1	5	0	3
ENSG00000166963	MAP1A	653	409	338	309	330	514	148	583
ENSG00000166965	RCCD1	321	447	429	354	276	217	262	266
ENSG00000166971	AKTIP	556	741	743	632	535	292	498	358
ENSG00000166974	MAPRE2	1480	1550	1582	1136	673	548	795	605
ENSG00000166979	EVA1C	35	61	63	65	33	24	20	69
ENSG00000166986	MARS1	3180	2883	3446	2426	1446	1576	1771	1914
ENSG00000166987	MBD6	1142	1270	1188	835	670	619	837	621
ENSG00000166997	CNPY4	400	458	390	374	329	428	274	448
ENSG00000167004	PDIA3	634	833	699	566	626	421	512	562
ENSG00000167005	NUDT21	3523	4332	4340	3669	2750	2206	2778	2503
ENSG00000167011	NAT16	130	432	384	279	131	96	137	164
ENSG00000167034	NKX3-1	94	103	119	81	110	35	39	65
ENSG00000167037	SGSM1	28	22	21	29	27	28	24	10
ENSG00000167065	DUSP18	107	110	74	91	68	105	80	92
ENSG00000167074	TEF	160	165	252	172	136	80	84	83
ENSG00000167077	MEI1	1	1	2	1	4	2	2	2
ENSG00000167080	B4GALNT2	26	49	27	26	28	28	46	19
ENSG00000167081	PBX3	385	406	423	369	347	406	421	380
ENSG00000167083	GNGT2	141	114	183	125	38	42	98	52
ENSG00000167085	PHB1	3266	3344	3574	3699	2726	1781	2118	2180
ENSG00000167088	SNRPD1	3445	4055	4069	3368	1999	1200	2550	1631
ENSG00000167094	TTC16	3	0	4	0	0	4	0	2
ENSG00000167100	SAMD14	75	69	90	58	35	80	30	56
ENSG00000167103	PIP5KL1	71	109	100	65	43	64	33	70
ENSG00000167105	TMEM92	43	94	56	70	7	37	36	16
ENSG00000167106	FAM102A	642	658	849	587	431	452	334	386
ENSG00000167107	ACSF2	295	522	510	410	268	167	153	222
ENSG00000167110	GOLGA2	1084	1249	1649	931	1143	795	904	821
ENSG00000167112	TRUB2	1778	1917	2322	1571	1360	1290	1099	1392
ENSG00000167113	COQ4	1068	1037	1217	890	849	773	675	926
ENSG00000167114	SLC27A4	704	684	843	581	495	402	379	504
ENSG00000167117	ANKRD40CL	2	4	1	2	1	4	4	2
ENSG00000167118	URM1	1926	2177	2532	1885	1765	1551	1554	1914
ENSG00000167123	CERCAM	1276	1584	1903	1389	1319	1159	1442	1580
ENSG00000167130	DOLPP1	312	400	479	324	397	316	373	324
ENSG00000167131	CCDC103	257	252	296	260	29	34	136	244
ENSG00000167136	ENDOG	551	644	776	484	418	340	308	538
ENSG00000167139	TBC1D21	0	1	2	1	0	0	0	0
ENSG00000167157	PRRX2	2	0	1	0	1	51	0	4
ENSG00000167165	UGT1A6	0	0	0	0	1	0	0	0
ENSG00000167173	C15orf39	386	417	456	390	341	184	217	251
ENSG00000167178	ISLR2	13	8	5	9	19	19	5	11
ENSG00000167182	SP2	682	627	811	549	483	429	509	472
ENSG00000167183	PRR15L	1	3	4	0	3	0	2	1
ENSG00000167186	COQ7	560	617	620	573	453	277	428	419
ENSG00000167191	GPRC5B	63	111	108	66	97	24	32	72
ENSG00000167193	CRK	2853	2861	3062	2615	2105	1886	1626	1921
ENSG00000167194	C16orf92	0	0	0	0	0	0	0	0
ENSG00000167195	GOLGA6C	0	4	4	5	0	9	1	0
ENSG00000167196	FBXO22	869	852	841	735	588	656	625	578
ENSG00000167202	TBC1D2B	610	617	728	475	407	180	322	241
ENSG00000167207	NOD2	0	13	9	9	17	12	0	14
ENSG00000167208	SNX20	0	0	0	0	0	0	0	2
ENSG00000167210	LOXHD1	0	0	0	0	0	0	1	0
ENSG00000167216	KATNAL2	14	27	25	15	22	18	10	25
ENSG00000167220	HDHD2	368	488	399	294	305	346	372	314
ENSG00000167232	ZNF91	341	460	493	349	398	312	333	246
ENSG00000167244	IGF2	6	3	0	1	3	3	1	6
ENSG00000167257	RNF214	497	713	695	554	578	462	485	411
ENSG00000167258	CDK12	1312	1189	1575	995	950	624	746	810
ENSG00000167261	DPEP2	1	0	0	0	0	0	1	0
ENSG00000167264	DUS2	295	380	461	319	169	178	272	193
ENSG00000167272	POP5	567	540	514	378	305	308	245	421
ENSG00000167280	ENGASE	243	257	281	210	263	200	229	196
ENSG00000167281	RBFOX3	12	11	12	13	3	1	17	1
ENSG00000167283	ATP5MG	3658	3843	4016	3903	3189	2724	3112	3493
ENSG00000167286	CD3D	24	14	17	22	10	7	3	9
ENSG00000167291	TBC1D16	1333	1315	1628	1029	902	545	584	922
ENSG00000167302	TEPSIN	261	326	339	275	206	185	266	215
ENSG00000167306	MYO5B	320	492	538	353	131	58	188	69
ENSG00000167311	ART5	0	0	1	1	0	0	0	0
ENSG00000167315	ACAA2	1317	1828	1895	1420	929	396	802	527
ENSG00000167323	STIM1	394	379	506	367	389	280	217	545
ENSG00000167325	RRM1	1738	1973	2242	1667	1414	811	1197	1244
ENSG00000167332	OR51E2	0	3	1	0	0	0	2	1
ENSG00000167333	TRIM68	194	155	193	136	137	87	128	133
ENSG00000167346	MMP26	0	0	0	0	0	0	0	0
ENSG00000167355	OR51B5	3	9	15	6	3	1	8	3
ENSG00000167359	OR51I1	5	3	6	3	4	0	4	0
ENSG00000167360	OR51Q1	1	3	0	0	1	1	2	0
ENSG00000167363	FN3K	8	17	5	5	20	19	7	21
ENSG00000167371	PRRT2	320	446	359	368	289	467	652	275
ENSG00000167377	ZNF23	278	396	358	290	258	97	229	171
ENSG00000167378	IRGQ	437	405	381	289	371	390	295	346
ENSG00000167380	ZNF226	350	423	443	285	397	292	222	343
ENSG00000167384	ZNF180	102	139	159	80	72	118	32	82
ENSG00000167393	PPP2R3B	187	261	253	219	165	137	172	195
ENSG00000167394	ZNF668	786	640	772	639	409	440	420	536
ENSG00000167395	ZNF646	660	743	707	486	466	353	431	456
ENSG00000167397	VKORC1	2259	3697	3465	2884	2576	1865	2428	3194
ENSG00000167414	GNG8	0	0	1	0	0	0	0	0
ENSG00000167419	LPO	0	0	1	0	0	0	0	0
ENSG00000167434	CA4	0	0	0	0	0	0	0	0
ENSG00000167447	SMG8	514	542	611	476	360	266	309	347
ENSG00000167460	TPM4	8511	10142	10391	8312	8852	5453	7570	7107
ENSG00000167461	RAB8A	1566	1603	2005	1381	1173	900	672	1221
ENSG00000167468	GPX4	2609	3199	3546	3013	2454	1718	2117	2569
ENSG00000167470	MIDN	1301	1551	1472	1201	1016	1170	1205	1012
ENSG00000167476	JSRP1	0	0	0	0	0	2	0	0
ENSG00000167483	NIBAN3	0	0	0	0	0	0	0	0
ENSG00000167487	KLHL26	371	427	502	297	278	217	153	279
ENSG00000167491	GATAD2A	3217	3061	4165	2750	1867	1262	1301	1734
ENSG00000167508	MVD	540	702	723	733	528	335	930	417
ENSG00000167513	CDT1	1100	1337	1617	1297	1029	531	1120	744
ENSG00000167515	TRAPPC2L	682	796	868	716	585	390	506	556
ENSG00000167522	ANKRD11	4334	5176	5102	4124	3835	4134	5022	3303
ENSG00000167523	SPATA33	188	152	184	173	155	160	161	140
ENSG00000167524	RSKR	24	13	13	6	7	0	0	3
ENSG00000167525	PROCA1	25	38	13	25	25	44	38	32
ENSG00000167526	RPL13	21780	33179	31808	27717	28004	20639	27015	28529
ENSG00000167528	ZNF641	229	200	230	126	139	114	128	143
ENSG00000167535	CACNB3	328	448	428	304	225	234	291	210
ENSG00000167536	DHRS13	225	491	434	312	368	163	253	334
ENSG00000167543	TP53I13	615	600	650	632	581	583	606	696
ENSG00000167548	KMT2D	1262	1447	1235	1034	686	994	934	742
ENSG00000167549	CORO6	1	0	17	8	0	0	3	0
ENSG00000167550	RHEBL1	37	32	34	48	32	15	46	61
ENSG00000167552	TUBA1A	2911	1921	2031	2400	2298	2984	1667	4165
ENSG00000167553	TUBA1C	11099	11629	13157	11862	6978	5598	7976	7364
ENSG00000167554	ZNF610	0	1	1	1	5	1	2	0
ENSG00000167555	ZNF528	68	101	96	37	76	33	56	63
ENSG00000167562	ZNF701	24	40	32	19	55	40	33	42
ENSG00000167565	SERTAD3	341	283	257	320	283	341	162	376
ENSG00000167566	NCKAP5L	1140	1117	1129	809	515	789	536	718
ENSG00000167578	RAB4B	241	228	287	216	210	245	217	293
ENSG00000167580	AQP2	6	4	2	5	5	0	0	1
ENSG00000167588	GPD1	20	14	16	8	7	19	6	16
ENSG00000167595	PROSER3	599	681	647	518	400	528	405	435
ENSG00000167600	CYP2S1	14	20	23	9	15	15	10	5
ENSG00000167601	AXL	5076	9463	11402	7906	6689	862	5346	1808
ENSG00000167604	NFKBID	33	28	49	25	31	33	43	36
ENSG00000167608	TMC4	1	16	21	12	13	0	0	4
ENSG00000167613	LAIR1	21	33	31	30	21	47	39	19
ENSG00000167614	TTYH1	23	4	0	10	22	33	5	25
ENSG00000167615	LENG8	3074	3433	3030	2138	3318	3287	3094	2204
ENSG00000167617	CDC42EP5	55	53	33	26	93	294	3	100
ENSG00000167619	TMEM145	91	184	179	221	74	59	61	59
ENSG00000167625	ZNF526	284	305	403	244	265	231	200	194
ENSG00000167632	TRAPPC9	603	684	774	478	440	358	268	474
ENSG00000167634	NLRP7	1	0	1	0	0	0	0	1
ENSG00000167635	ZNF146	1538	1704	1555	1155	1055	1143	760	1211
ENSG00000167637	ZNF283	246	211	248	134	207	176	125	182
ENSG00000167641	PPP1R14A	0	1	6	3	0	5	1	0
ENSG00000167642	SPINT2	6	8	7	14	0	1	0	0
ENSG00000167644	C19orf33	580	961	1044	1090	833	140	598	245
ENSG00000167645	YIF1B	1308	1511	1697	1283	1184	882	793	1135
ENSG00000167646	DNAAF3	78	58	92	60	50	52	8	57
ENSG00000167653	PSCA	33	35	36	55	23	20	35	9
ENSG00000167654	ATCAY	12	13	6	10	12	19	17	8
ENSG00000167656	LY6D	0	2	4	4	0	0	0	1
ENSG00000167657	DAPK3	1873	2371	2448	1968	1466	826	1585	1050
ENSG00000167658	EEF2	28843	39848	49355	40463	49482	26651	32866	44310
ENSG00000167664	TMIGD2	0	1	0	0	0	1	0	0
ENSG00000167670	CHAF1A	1385	1412	1652	1339	1181	1024	1287	1063
ENSG00000167671	UBXN6	2815	3626	3852	3288	2805	1826	2215	2651
ENSG00000167674	HDGFL2	1659	1976	2095	1585	1484	1273	1311	1557
ENSG00000167676	PLIN4	9	22	19	8	6	8	9	9
ENSG00000167680	SEMA6B	607	715	844	594	468	622	367	468
ENSG00000167685	ZNF444	690	708	686	593	444	586	334	608
ENSG00000167693	NXN	97	105	98	154	121	81	130	95
ENSG00000167695	TLCD3A	619	677	792	663	573	317	554	561
ENSG00000167699	GLOD4	1204	1277	1325	1293	1068	799	917	1049
ENSG00000167700	MFSD3	588	658	659	525	493	426	228	539
ENSG00000167701	GPT	2	8	7	4	6	2	5	4
ENSG00000167702	KIFC2	463	378	393	397	410	339	351	477
ENSG00000167703	SLC43A2	121	113	128	101	132	187	99	120
ENSG00000167705	RILP	213	250	286	239	139	154	138	186
ENSG00000167711	SERPINF2	81	163	152	134	68	49	58	36
ENSG00000167716	WDR81	938	915	1060	701	597	385	499	484
ENSG00000167720	SRR	89	125	120	102	111	51	91	81
ENSG00000167721	TSR1	4514	5920	6326	4452	3974	2397	3275	3207
ENSG00000167723	TRPV3	36	8	15	0	48	65	61	39
ENSG00000167733	HSD11B1L	439	678	686	555	521	299	361	546
ENSG00000167740	CYB5D2	516	589	613	481	377	342	228	452
ENSG00000167741	GGT6	3	4	3	4	2	8	2	5
ENSG00000167748	KLK1	0	0	1	0	0	0	0	0
ENSG00000167749	KLK4	0	0	0	0	2	0	0	0
ENSG00000167751	KLK2	0	0	0	1	4	3	0	0
ENSG00000167754	KLK5	0	0	0	0	0	0	0	0
ENSG00000167755	KLK6	10	13	16	12	8	16	7	17
ENSG00000167766	ZNF83	146	158	165	116	107	194	92	91
ENSG00000167767	KRT80	3336	5981	7586	4598	2392	379	3000	539
ENSG00000167768	KRT1	0	0	1	0	0	1	0	1
ENSG00000167769	ACER1	0	0	1	0	0	1	0	1
ENSG00000167770	OTUB1	2621	3261	3253	2929	2294	1789	1845	2771
ENSG00000167771	RCOR2	43	37	41	35	14	54	7	39
ENSG00000167772	ANGPTL4	295	2260	1154	1042	1549	347	963	1985
ENSG00000167775	CD320	1614	1798	2140	1732	1210	1111	828	1756
ENSG00000167778	SPRYD3	786	765	909	732	655	519	785	605
ENSG00000167779	IGFBP6	3713	5509	6821	4488	2294	987	1930	2046
ENSG00000167780	SOAT2	2	4	4	9	4	0	0	0
ENSG00000167785	ZNF558	247	310	311	276	291	208	226	257
ENSG00000167792	NDUFV1	3338	4018	4667	3830	2469	1875	2180	2778
ENSG00000167797	CDK2AP2	534	541	503	539	471	513	348	575
ENSG00000167799	NUDT8	138	222	210	166	162	95	110	227
ENSG00000167800	TBX10	7	7	8	8	5	6	3	7
ENSG00000167815	PRDX2	3100	4171	4410	3831	3632	2738	2113	4101
ENSG00000167840	ZNF232	197	234	197	211	110	138	165	121
ENSG00000167842	MIS12	538	561	513	475	509	381	492	413
ENSG00000167850	CD300C	1	0	0	0	0	0	2	2
ENSG00000167851	CD300A	0	0	0	0	0	0	1	0
ENSG00000167858	TEKT1	2	0	0	0	0	0	0	0
ENSG00000167861	HID1	20	30	39	23	8	3	4	23
ENSG00000167862	MRPL58	672	911	1017	786	643	403	584	579
ENSG00000167863	ATP5PD	1832	2342	2143	1894	1573	1486	1483	1759
ENSG00000167874	TMEM88	10	10	8	7	9	28	26	17
ENSG00000167880	EVPL	4	0	2	2	2	7	0	2
ENSG00000167881	SRP68	1875	2230	2810	1750	1547	836	1114	1176
ENSG00000167889	MGAT5B	279	343	518	397	170	69	115	100
ENSG00000167895	TMC8	7	13	8	15	0	5	7	1
ENSG00000167900	TK1	1511	2075	2681	2542	1993	841	1266	1521
ENSG00000167904	TMEM68	323	425	361	355	318	273	333	320
ENSG00000167914	GSDMA	5	1	6	2	1	5	12	2
ENSG00000167925	GHDC	371	542	509	452	420	212	281	345
ENSG00000167930	FAM234A	1732	1780	2090	1431	1270	1390	755	1874
ENSG00000167941	SOST	0	0	0	0	0	0	0	0
ENSG00000167962	ZNF598	2497	2683	3382	2068	1714	1050	1781	1461
ENSG00000167964	RAB26	214	545	422	304	243	227	110	220
ENSG00000167965	MLST8	1129	1470	1698	1167	1072	715	1093	1032
ENSG00000167967	E4F1	760	718	862	679	565	565	564	615
ENSG00000167968	DNASE1L2	50	33	27	24	18	63	36	33
ENSG00000167969	ECI1	849	1161	1352	1054	700	502	596	869
ENSG00000167971	CASKIN1	21	28	22	14	18	14	0	12
ENSG00000167972	ABCA3	51	53	41	33	47	50	11	68
ENSG00000167977	KCTD5	1108	1158	1393	1004	734	702	748	864
ENSG00000167978	SRRM2	4265	5491	5991	3420	3598	2655	3878	2458
ENSG00000167981	ZNF597	81	94	109	78	60	51	44	68
ENSG00000167984	NLRC3	12	10	15	6	8	14	18	11
ENSG00000167985	SDHAF2	1112	1148	1183	1070	805	733	663	1052
ENSG00000167986	DDB1	6090	7198	9154	5928	4285	2192	2884	3308
ENSG00000167987	VPS37C	576	646	644	556	581	479	425	722
ENSG00000167992	VWCE	40	39	25	0	15	17	8	13
ENSG00000167994	RAB3IL1	164	145	129	134	146	66	35	62
ENSG00000167995	BEST1	9	37	38	26	47	23	44	16
ENSG00000167996	FTH1	16464	26526	26453	26109	26253	8000	17195	15408
ENSG00000168000	BSCL2	1453	1506	1402	1449	1036	974	691	1323
ENSG00000168002	POLR2G	1604	1806	1801	1670	1338	1004	1071	1528
ENSG00000168003	SLC3A2	2372	3608	4222	3226	3574	1366	2888	2125
ENSG00000168005	SPINDOC	1526	1686	1661	1492	1085	934	1114	1283
ENSG00000168010	ATG16L2	59	69	94	102	70	46	120	69
ENSG00000168014	C2CD3	603	584	725	481	489	318	490	239
ENSG00000168016	TRANK1	60	63	144	47	71	68	83	36
ENSG00000168026	TTC21A	37	50	49	23	35	21	4	19
ENSG00000168028	RPSA	32430	43562	43616	39859	40185	19292	25202	34367
ENSG00000168032	ENTPD3	3	4	2	0	0	1	2	0
ENSG00000168036	CTNNB1	7188	7454	8219	6807	5953	3422	3861	4391
ENSG00000168038	ULK4	221	244	259	160	167	129	119	207
ENSG00000168040	FADD	1419	1372	1427	1254	805	726	858	998
ENSG00000168056	LTBP3	5038	4850	4103	3317	5221	3297	3323	4897
ENSG00000168060	NAALADL1	2	0	1	2	1	0	0	1
ENSG00000168061	SAC3D1	470	584	656	630	405	299	369	425
ENSG00000168062	BATF2	93	125	152	140	49	31	82	34
ENSG00000168065	SLC22A11	0	0	0	1	2	0	0	1
ENSG00000168066	SF1	4514	4778	5278	4357	3437	2381	3358	2954
ENSG00000168067	MAP4K2	385	442	585	401	340	284	371	282
ENSG00000168070	MAJIN	0	0	0	0	0	0	0	0
ENSG00000168071	CCDC88B	33	21	20	41	29	24	29	23
ENSG00000168077	SCARA3	128	36	58	58	93	40	68	34
ENSG00000168078	PBK	872	976	1017	993	762	385	509	570
ENSG00000168079	SCARA5	4	3	2	0	3	0	0	0
ENSG00000168081	PNOC	0	0	0	0	0	1	0	0
ENSG00000168090	COPS6	3569	4129	4243	3423	2830	2012	2548	2959
ENSG00000168092	PAFAH1B2	2562	2720	2602	2515	2195	2165	2159	2221
ENSG00000168096	ANKS3	327	317	323	277	228	210	126	190
ENSG00000168101	NUDT16L1	765	945	1045	750	569	518	416	702
ENSG00000168116	KIAA1586	255	243	259	183	215	197	159	243
ENSG00000168118	RAB4A	648	561	474	454	451	460	349	617
ENSG00000168124	OR1F1	1	2	0	1	0	0	1	0
ENSG00000168131	OR2B2	3	8	9	3	2	1	2	3
ENSG00000168135	KCNJ4	52	42	60	53	26	44	40	42
ENSG00000168137	SETD5	2147	2504	2382	2085	1694	1781	1831	1714
ENSG00000168140	VASN	222	265	339	167	207	378	232	281
ENSG00000168143	FAM83B	16	14	17	11	12	8	5	8
ENSG00000168148	H3-4	0	1	4	0	1	1	0	0
ENSG00000168152	THAP9	65	88	86	68	69	65	44	52
ENSG00000168159	RNF187	3111	3352	3241	2900	2584	1996	2170	2694
ENSG00000168172	HOOK3	554	682	579	535	466	384	425	357
ENSG00000168175	MAPK1IP1L	1815	1797	1923	1537	1217	1264	1271	1338
ENSG00000168209	DDIT4	1946	10905	9179	7531	11484	1731	6277	5314
ENSG00000168214	RBPJ	2888	3635	3255	2699	2471	2810	2233	2802
ENSG00000168216	LMBRD1	49	138	84	89	70	36	78	112
ENSG00000168228	ZCCHC4	202	231	208	203	158	153	175	195
ENSG00000168234	TTC39C	500	912	885	629	449	180	398	262
ENSG00000168237	GLYCTK	191	232	225	154	98	120	168	124
ENSG00000168243	GNG4	1903	1869	1560	1448	1281	698	989	944
ENSG00000168246	UBTD2	658	803	764	711	620	535	531	464
ENSG00000168255	POLR2J3	2	9	0	15	0	10	2	14
ENSG00000168256	NKIRAS2	1532	1567	1794	1183	1120	1006	688	1168
ENSG00000168259	DNAJC7	2529	2967	3148	2533	2107	1672	1859	2083
ENSG00000168263	KCNV2	16	12	20	14	7	12	22	9
ENSG00000168264	IRF2BP2	1929	2829	2372	2037	2233	1324	2396	1565
ENSG00000168268	NT5DC2	2911	2211	2366	2227	1470	1083	1568	1906
ENSG00000168273	SMIM4	348	375	400	343	299	197	251	286
ENSG00000168275	COA6	732	765	623	625	623	586	725	638
ENSG00000168280	KIF5C	82	0	78	19	78	0	0	38
ENSG00000168282	MGAT2	1054	899	1014	885	673	595	553	699
ENSG00000168283	BMI1	1555	1794	1598	1457	1320	898	959	1064
ENSG00000168286	THAP11	1431	1457	1444	1226	1012	758	869	1093
ENSG00000168288	MMADHC	2105	2292	2229	2128	1655	1165	1521	1581
ENSG00000168291	PDHB	2405	2430	2823	2277	1656	1474	1286	2006
ENSG00000168297	PXK	446	513	530	392	296	267	188	309
ENSG00000168298	H1-4	59	120	115	57	80	25	77	25
ENSG00000168300	PCMTD1	392	467	394	383	396	434	364	387
ENSG00000168301	KCTD6	298	318	277	257	206	258	146	303
ENSG00000168303	MPLKIP	1005	1091	1155	1058	764	680	707	808
ENSG00000168306	ACOX2	81	48	23	20	35	98	13	149
ENSG00000168309	FAM107A	101	51	16	7	42	56	15	125
ENSG00000168310	IRF2	628	593	630	503	433	331	374	408
ENSG00000168314	MOBP	0	1	1	1	0	0	0	0
ENSG00000168329	CX3CR1	13	10	13	3	5	3	8	3
ENSG00000168333	PPDPFL	7	60	33	13	13	0	0	2
ENSG00000168334	XIRP1	5	11	22	7	16	1	7	0
ENSG00000168348	INSM2	0	0	0	1	0	0	1	0
ENSG00000168350	DEGS2	1	4	4	1	3	1	2	0
ENSG00000168356	SCN11A	12	5	18	6	13	26	18	13
ENSG00000168374	ARF4	3908	3462	3485	3482	2577	2724	2215	2573
ENSG00000168385	SEPTIN2	5224	5635	6099	5504	3700	3020	3198	3365
ENSG00000168386	FILIP1L	34	19	18	32	34	50	47	33
ENSG00000168389	MFSD2A	323	173	224	151	150	208	113	207
ENSG00000168393	DTYMK	907	959	963	1025	629	474	658	752
ENSG00000168394	TAP1	717	680	795	614	391	433	478	460
ENSG00000168395	ING5	796	959	847	777	619	577	545	678
ENSG00000168397	ATG4B	436	385	425	451	280	339	237	362
ENSG00000168398	BDKRB2	20	25	16	9	12	3	17	2
ENSG00000168404	MLKL	435	401	383	307	220	346	391	282
ENSG00000168411	RFWD3	1902	1940	2224	1744	1397	915	1563	1130
ENSG00000168412	MTNR1A	15	10	8	11	23	18	14	10
ENSG00000168418	KCNG4	1	0	2	2	2	5	0	4
ENSG00000168421	RHOH	12	8	4	10	14	5	8	5
ENSG00000168427	KLHL30	5	6	3	10	3	2	1	3
ENSG00000168434	COG7	419	527	551	356	354	248	329	352
ENSG00000168438	CDC40	742	785	856	622	552	396	433	478
ENSG00000168439	STIP1	6563	6941	7578	6984	5527	3937	5296	5488
ENSG00000168453	HR	208	94	79	73	237	210	55	330
ENSG00000168454	TXNDC2	6	3	2	2	0	4	1	1
ENSG00000168461	RAB31	1351	887	1151	1147	830	719	690	881
ENSG00000168476	REEP4	568	649	707	701	460	278	326	453
ENSG00000168477	TNXB	3	18	35	18	0	45	5	10
ENSG00000168481	LGI3	2	1	2	4	0	1	0	1
ENSG00000168484	SFTPC	0	0	1	0	0	0	0	0
ENSG00000168487	BMP1	623	551	738	414	622	214	190	263
ENSG00000168488	ATXN2L	4176	5454	5926	4041	3261	2441	4166	2559
ENSG00000168490	PHYHIP	69	88	94	82	53	44	44	53
ENSG00000168491	CCDC110	4	9	8	1	12	4	1	1
ENSG00000168495	POLR3D	1038	1333	1206	885	965	482	683	886
ENSG00000168496	FEN1	2437	2286	2495	2065	1827	1730	1834	1978
ENSG00000168497	CAVIN2	12	18	71	25	7	0	22	1
ENSG00000168502	MTCL1	232	323	375	312	260	83	210	114
ENSG00000168505	GBX2	6	9	18	7	11	9	9	11
ENSG00000168509	HJV	0	0	0	0	1	0	0	0
ENSG00000168517	HEXIM2	249	237	243	239	180	169	148	209
ENSG00000168522	FNTA	660	1099	952	782	579	368	475	474
ENSG00000168528	SERINC2	6562	5636	6305	4940	5115	3045	5108	2283
ENSG00000168530	MYL1	1	0	2	7	0	0	0	0
ENSG00000168538	TRAPPC11	804	996	1148	669	658	354	562	497
ENSG00000168539	CHRM1	1	0	2	0	1	0	0	2
ENSG00000168542	COL3A1	1053	387	342	302	1093	2257	212	614
ENSG00000168546	GFRA2	0	5	0	0	4	3	0	2
ENSG00000168556	ING2	405	539	599	554	475	282	479	422
ENSG00000168564	CDKN2AIP	680	745	828	622	647	447	546	530
ENSG00000168566	SNRNP48	364	383	339	220	270	223	202	244
ENSG00000168569	TMEM223	915	1152	1060	1001	828	704	658	894
ENSG00000168575	SLC20A2	444	458	498	346	298	207	227	308
ENSG00000168589	DYNLRB2	1	8	6	2	5	5	2	2
ENSG00000168591	TMUB2	590	841	775	645	529	484	464	498
ENSG00000168610	STAT3	1935	2273	2515	1701	1652	1463	992	1307
ENSG00000168612	ZSWIM1	424	448	496	402	337	264	318	296
ENSG00000168615	ADAM9	1621	2321	2483	1827	1425	431	920	808
ENSG00000168619	ADAM18	0	0	0	0	0	0	0	0
ENSG00000168621	GDNF	156	112	70	55	165	44	183	81
ENSG00000168631	MUCL3	0	2	0	0	0	0	0	0
ENSG00000168634	WFDC13	1	4	2	0	4	0	8	1
ENSG00000168646	AXIN2	193	50	60	57	111	168	20	253
ENSG00000168653	NDUFS5	2746	2792	3150	2927	2092	2465	1966	2773
ENSG00000168658	VWA3B	0	0	0	1	0	0	0	0
ENSG00000168661	ZNF30	87	92	66	52	63	72	51	50
ENSG00000168671	UGT3A2	1	0	2	2	0	3	0	0
ENSG00000168672	LRATD2	531	638	540	373	503	454	285	601
ENSG00000168675	LDLRAD4	8	13	1	9	9	9	12	10
ENSG00000168676	KCTD19	0	0	0	0	3	0	1	0
ENSG00000168679	SLC16A4	364	379	353	301	314	227	236	293
ENSG00000168685	IL7R	563	1728	1963	1447	765	82	556	245
ENSG00000168701	TMEM208	817	787	809	797	578	578	686	687
ENSG00000168702	LRP1B	26	30	15	5	64	106	9	38
ENSG00000168710	AHCYL1	2555	3011	3611	2499	1912	1638	1645	1831
ENSG00000168724	DNAJC21	1018	1072	1050	927	647	704	560	820
ENSG00000168734	PKIG	1070	983	1137	1115	831	690	648	900
ENSG00000168743	NPNT	1	0	1	5	4	1	0	0
ENSG00000168748	CA7	2	0	0	0	3	0	0	0
ENSG00000168754	FAM178B	57	96	92	87	80	52	63	71
ENSG00000168758	SEMA4C	676	723	658	676	501	460	428	573
ENSG00000168763	CNNM3	355	468	431	359	310	197	216	222
ENSG00000168765	GSTM4	718	761	778	644	425	347	326	398
ENSG00000168769	TET2	255	331	332	225	225	139	198	157
ENSG00000168772	CXXC4	53	57	30	27	40	68	71	54
ENSG00000168778	TCTN2	273	298	289	234	259	230	209	298
ENSG00000168779	SHOX2	268	259	266	190	210	208	174	202
ENSG00000168781	PPIP5K1	253	290	333	235	283	239	195	258
ENSG00000168785	TSPAN5	378	522	626	526	511	296	460	282
ENSG00000168792	ABHD15	206	163	172	134	158	174	131	179
ENSG00000168795	ZBTB5	484	530	473	364	484	262	377	331
ENSG00000168802	CHTF8	1341	1441	1889	1274	808	901	824	975
ENSG00000168803	ADAL	335	365	379	273	271	177	196	209
ENSG00000168806	LCMT2	609	648	695	554	467	352	300	535
ENSG00000168807	SNTB2	1239	1588	1487	1152	1029	1089	1238	1007
ENSG00000168811	IL12A	49	66	47	43	33	29	67	29
ENSG00000168813	ZNF507	665	729	723	482	567	353	366	394
ENSG00000168818	STX18	522	637	750	581	474	311	343	394
ENSG00000168824	NSG1	24	8	36	64	7	26	21	21
ENSG00000168826	ZBTB49	44	75	84	58	69	83	1	30
ENSG00000168827	GFM1	969	1038	1534	985	726	586	587	669
ENSG00000168828	OR13J1	0	0	0	0	0	0	0	0
ENSG00000168843	FSTL5	9	12	13	19	16	8	7	12
ENSG00000168872	DDX19A	1800	1670	1839	1478	1416	937	1143	1056
ENSG00000168874	ATOH8	6	7	12	7	9	7	0	23
ENSG00000168876	ANKRD49	249	245	229	205	214	207	152	232
ENSG00000168878	SFTPB	0	3	0	0	1	1	5	3
ENSG00000168883	USP39	1076	1224	1427	1149	910	593	822	829
ENSG00000168884	TNIP2	865	971	1102	952	574	463	592	560
ENSG00000168887	C2orf68	1374	1570	1486	1308	1137	935	921	1051
ENSG00000168890	TMEM150A	241	312	291	253	199	201	125	190
ENSG00000168894	RNF181	1027	1448	1425	1295	945	667	856	1025
ENSG00000168899	VAMP5	862	1067	1144	986	720	637	725	814
ENSG00000168904	LRRC28	351	366	332	378	272	293	255	236
ENSG00000168906	MAT2A	6169	6517	6521	5802	4162	3472	4765	4376
ENSG00000168907	PLA2G4F	2	0	1	0	0	2	2	0
ENSG00000168913	ENHO	15	14	11	25	13	1	6	7
ENSG00000168916	ZNF608	182	389	405	185	244	138	101	126
ENSG00000168917	SLC35G2	478	425	469	456	275	171	267	230
ENSG00000168918	INPP5D	75	88	110	70	31	18	46	30
ENSG00000168924	LETM1	2367	2185	2835	2058	1606	1091	1341	1187
ENSG00000168925	CTRB1	0	0	0	0	0	0	0	0
ENSG00000168928	CTRB2	0	0	0	0	0	0	0	0
ENSG00000168930	TRIM49	2	0	5	5	1	0	0	0
ENSG00000168936	TMEM129	1070	1182	1457	1047	847	791	546	800
ENSG00000168938	PPIC	293	246	195	165	251	385	259	274
ENSG00000168939	SPRY3	48	31	34	24	18	44	14	23
ENSG00000168944	CEP120	411	275	430	315	246	115	252	186
ENSG00000168952	STXBP6	10	6	8	16	0	1	3	7
ENSG00000168955	TM4SF20	0	0	0	0	2	1	0	2
ENSG00000168958	MFF	920	991	823	846	825	574	545	1153
ENSG00000168959	GRM5	0	0	0	1	0	0	0	0
ENSG00000168961	LGALS9	18	20	12	11	1	11	1	11
ENSG00000168970	JMJD7-PLA2G4B	9	16	39	60	7	6	10	74
ENSG00000168993	CPLX1	13	10	19	7	6	3	4	3
ENSG00000168994	PXDC1	438	616	641	435	451	236	361	337
ENSG00000168995	SIGLEC7	1	2	0	0	0	1	4	1
ENSG00000169006	NTSR2	0	0	1	0	0	0	0	0
ENSG00000169016	E2F6	488	414	626	494	334	268	354	342
ENSG00000169018	FEM1B	1325	1576	1521	1203	1172	844	884	989
ENSG00000169019	COMMD8	667	647	667	701	564	357	495	511
ENSG00000169020	ATP5ME	1485	1678	1704	1600	1290	1239	1251	1375
ENSG00000169021	UQCRFS1	1450	1445	1599	1361	1072	731	683	1047
ENSG00000169026	SLC49A3	37	46	29	22	8	34	7	12
ENSG00000169031	COL4A3	0	0	5	0	0	0	1	0
ENSG00000169032	MAP2K1	1781	2752	3098	1878	1649	656	1256	1381
ENSG00000169035	KLK7	0	0	0	0	0	0	0	0
ENSG00000169045	HNRNPH1	6729	7695	8396	7452	5557	4440	5564	4902
ENSG00000169047	IRS1	1047	1126	1035	699	599	371	329	518
ENSG00000169057	MECP2	1272	1470	1630	1080	1112	672	813	808
ENSG00000169059	VCX3A	1541	1558	1997	970	1183	326	28	615
ENSG00000169062	UPF3A	1398	1374	1595	1344	1059	1350	1067	1191
ENSG00000169064	ZBBX	10	8	12	5	10	7	6	7
ENSG00000169067	ACTBL2	63	27	54	15	33	25	10	23
ENSG00000169071	ROR2	1	5	1	0	9	8	1	4
ENSG00000169083	AR	111	229	158	261	98	69	110	54
ENSG00000169084	DHRSX	165	186	193	169	160	116	127	162
ENSG00000169085	VXN	19	1	45	27	13	0	10	8
ENSG00000169087	HSPBAP1	186	180	181	157	108	107	123	118
ENSG00000169093	ASMTL	187	230	351	222	120	49	106	96
ENSG00000169100	SLC25A6	11701	15884	17192	14190	13155	7449	10112	12011
ENSG00000169105	CHST14	1061	1147	1189	1089	821	800	894	902
ENSG00000169116	PARM1	15	8	4	4	17	18	2	12
ENSG00000169118	CSNK1G1	758	896	863	654	507	420	464	426
ENSG00000169122	FAM110B	44	28	20	11	43	39	6	64
ENSG00000169126	ODAD2	24	47	81	72	75	30	43	53
ENSG00000169129	AFAP1L2	316	93	45	56	421	715	4	430
ENSG00000169131	ZNF354A	332	361	335	309	290	314	268	259
ENSG00000169136	ATF5	992	951	1155	757	473	351	378	454
ENSG00000169139	UBE2V2	1113	1049	1085	940	746	609	755	756
ENSG00000169155	ZBTB43	407	518	595	325	484	231	369	305
ENSG00000169169	CPT1C	0	0	0	0	0	0	1	0
ENSG00000169174	PCSK9	0	1	0	1	0	0	0	0
ENSG00000169180	XPO6	3408	3759	4616	3140	2402	1424	2558	2142
ENSG00000169181	GSG1L	0	0	0	0	0	0	0	0
ENSG00000169184	MN1	7	17	21	28	18	0	1	2
ENSG00000169188	APEX2	1155	1164	1261	1136	674	506	790	685
ENSG00000169189	NSMCE1	1000	1296	1230	1149	837	808	1043	1061
ENSG00000169193	CCDC126	133	119	108	103	102	113	92	125
ENSG00000169203	NPIPB12	195	245	152	111	170	109	282	126
ENSG00000169213	RAB3B	2012	2310	2477	1577	1343	603	1609	1316
ENSG00000169214	OR6F1	0	0	1	2	0	0	0	0
ENSG00000169217	CD2BP2	3268	3712	3921	3042	2301	2067	2425	2207
ENSG00000169218	RSPO1	0	0	0	1	0	0	0	0
ENSG00000169220	RGS14	420	393	398	325	393	381	260	420
ENSG00000169221	TBC1D10B	1450	1398	1595	1262	922	699	819	940
ENSG00000169223	LMAN2	2584	2898	2937	2790	2393	2113	2029	2195
ENSG00000169224	GCSAML	0	0	1	0	0	0	0	0
ENSG00000169228	RAB24	698	992	1022	813	596	427	508	695
ENSG00000169230	PRELID1	7227	7407	8457	7223	5038	3795	3879	5601
ENSG00000169231	THBS3	2074	2316	2224	1386	961	925	783	1146
ENSG00000169239	CA5B	402	482	536	429	371	213	297	278
ENSG00000169241	SLC50A1	1805	2245	1988	1602	1265	1149	1070	1037
ENSG00000169242	EFNA1	237	312	310	221	383	341	206	360
ENSG00000169245	CXCL10	2	1	0	0	3	9	0	3
ENSG00000169246	NPIPB3	423	550	329	370	333	645	948	373
ENSG00000169247	SH3TC2	76	160	134	63	85	173	117	125
ENSG00000169248	CXCL11	2	1	0	0	4	14	0	6
ENSG00000169249	ZRSR2	301	355	369	321	278	414	386	257
ENSG00000169251	NMD3	1266	1683	1718	1476	1222	782	1062	1038
ENSG00000169252	ADRB2	85	132	137	123	140	27	98	48
ENSG00000169255	B3GALNT1	11	9	5	2	11	5	3	7
ENSG00000169258	GPRIN1	424	411	540	447	213	233	352	226
ENSG00000169271	HSPB3	5	1	0	2	1	0	0	1
ENSG00000169282	KCNAB1	74	102	237	111	61	43	45	34
ENSG00000169288	MRPL1	588	632	583	589	453	387	363	464
ENSG00000169291	SHE	6	4	9	12	7	23	14	4
ENSG00000169297	NR0B1	8	9	11	2	16	3	1	1
ENSG00000169299	PGM2	1646	2131	2562	1532	1413	726	1108	1018
ENSG00000169302	STK32A	19	16	0	8	33	0	0	20
ENSG00000169306	IL1RAPL1	220	312	295	198	268	299	338	304
ENSG00000169313	P2RY12	0	0	0	0	0	1	0	0
ENSG00000169314	C22orf15	0	0	0	1	1	0	0	0
ENSG00000169327	OR5AU1	2	11	6	3	8	9	9	0
ENSG00000169330	MINAR1	64	73	53	73	69	41	47	45
ENSG00000169340	PDILT	0	0	0	0	0	0	0	0
ENSG00000169347	GP2	0	0	0	2	0	1	0	0
ENSG00000169359	SLC33A1	410	433	465	360	274	291	275	275
ENSG00000169371	SNUPN	682	792	732	601	498	355	395	475
ENSG00000169372	CRADD	321	415	487	401	224	179	260	244
ENSG00000169375	SIN3A	1342	1546	1741	1009	1055	565	658	802
ENSG00000169379	ARL13B	276	256	228	325	237	224	177	209
ENSG00000169385	RNASE2	0	1	0	0	0	0	0	0
ENSG00000169397	RNASE3	0	0	0	0	0	0	0	0
ENSG00000169398	PTK2	1395	1424	1408	1163	1212	1262	943	1337
ENSG00000169402	RSPH10B2	1	0	1	0	0	0	0	0
ENSG00000169403	PTAFR	9	8	10	10	11	9	4	1
ENSG00000169410	PTPN9	1230	1362	1454	1140	990	681	858	878
ENSG00000169418	NPR1	1	0	10	15	0	3	11	2
ENSG00000169427	KCNK9	2	0	3	0	0	0	0	0
ENSG00000169429	CXCL8	119	318	361	299	312	219	559	395
ENSG00000169432	SCN9A	4	2	2	6	3	15	4	7
ENSG00000169435	RASSF6	0	0	1	0	0	0	0	0
ENSG00000169436	COL22A1	4	0	0	2	12	28	4	7
ENSG00000169439	SDC2	774	264	379	240	366	321	68	264
ENSG00000169442	CD52	0	1	0	1	2	2	0	0
ENSG00000169446	MMGT1	608	700	700	545	539	317	421	426
ENSG00000169490	TM2D2	322	298	276	313	226	221	185	224
ENSG00000169495	HTRA4	3	0	3	0	1	2	6	1
ENSG00000169499	PLEKHA2	795	1150	1294	1038	644	252	378	384
ENSG00000169504	CLIC4	5082	6652	7398	4404	4400	3479	4426	4012
ENSG00000169507	SLC38A11	0	0	1	0	0	1	0	0
ENSG00000169508	GPR183	2	0	2	2	0	0	0	0
ENSG00000169509	CRCT1	2	1	1	1	0	1	1	0
ENSG00000169515	CCDC8	1	0	5	0	1	5	0	2
ENSG00000169519	METTL15	403	534	537	424	317	292	259	271
ENSG00000169548	ZNF280A	9	15	13	3	5	5	10	1
ENSG00000169550	MUC15	367	457	323	326	351	509	462	338
ENSG00000169551	CT55	10	7	29	51	14	1	6	1
ENSG00000169554	ZEB2	411	447	342	297	415	200	269	415
ENSG00000169562	GJB1	57	80	59	58	144	186	95	140
ENSG00000169564	PCBP1	8872	11587	10875	9734	7496	5758	7156	7622
ENSG00000169567	HINT1	2958	3899	4184	3944	3244	2174	3020	2823
ENSG00000169570	DTWD2	328	377	362	280	239	212	201	194
ENSG00000169583	CLIC3	65	160	127	99	59	29	23	34
ENSG00000169592	INO80E	1936	2122	2458	2082	1414	1103	1383	1556
ENSG00000169594	BNC1	204	240	218	181	101	51	151	57
ENSG00000169598	DFFB	95	167	170	107	121	42	86	101
ENSG00000169599	NFU1	511	581	566	564	481	382	428	502
ENSG00000169604	ANTXR1	2352	2762	2650	2063	1834	1004	1134	963
ENSG00000169605	GKN1	0	0	1	0	0	0	0	0
ENSG00000169607	CKAP2L	357	458	426	315	344	178	194	261
ENSG00000169609	C15orf40	909	992	972	818	767	740	787	583
ENSG00000169612	RAMAC	1086	1156	1228	1112	742	690	615	794
ENSG00000169618	PROKR1	0	0	0	0	0	0	0	0
ENSG00000169621	APLF	34	21	28	27	23	15	28	27
ENSG00000169627	BOLA2B	347	315	219	301	184	260	200	243
ENSG00000169629	RGPD8	186	244	222	203	135	166	151	131
ENSG00000169635	HIC2	264	239	310	198	120	75	120	125
ENSG00000169641	LUZP1	1367	1593	1711	1185	919	494	839	602
ENSG00000169660	HEXD	106	196	183	81	103	82	56	96
ENSG00000169676	DRD5	1	1	1	1	0	0	1	0
ENSG00000169679	BUB1	696	828	965	673	612	270	407	389
ENSG00000169682	SPNS1	1172	1093	1454	1183	773	591	745	745
ENSG00000169683	LRRC45	387	353	349	337	286	316	322	262
ENSG00000169684	CHRNA5	139	123	131	170	131	83	113	122
ENSG00000169688	MT1B	3	0	0	2	0	0	0	0
ENSG00000169689	CENPX	948	1113	1302	1234	937	525	652	771
ENSG00000169692	AGPAT2	733	921	1132	766	809	537	673	843
ENSG00000169696	ASPSCR1	619	669	748	602	564	404	487	497
ENSG00000169710	FASN	11412	12233	16244	10350	6751	4256	7666	5316
ENSG00000169714	CNBP	8098	9610	10608	9139	7064	4735	6075	6383
ENSG00000169715	MT1E	11	0	0	1	0	0	0	0
ENSG00000169718	DUS1L	1821	1697	1969	1443	1263	1138	1302	1428
ENSG00000169727	GPS1	3164	3575	4179	3125	2586	1990	1981	2674
ENSG00000169733	RFNG	527	823	943	736	581	341	456	554
ENSG00000169738	DCXR	359	379	384	391	341	181	216	327
ENSG00000169740	ZNF32	389	358	308	332	311	294	254	316
ENSG00000169744	LDB2	9	15	26	34	15	35	43	8
ENSG00000169750	RAC3	222	387	429	394	320	110	208	206
ENSG00000169752	NRG4	18	23	11	23	12	17	17	14
ENSG00000169756	LIMS1	1320	1341	1374	1200	1184	692	996	834
ENSG00000169758	TMEM266	0	0	0	0	0	0	1	0
ENSG00000169760	NLGN1	35	39	15	11	33	57	12	52
ENSG00000169762	TAPT1	405	394	362	372	275	322	317	345
ENSG00000169764	UGP2	764	989	834	698	696	433	509	613
ENSG00000169777	TAS2R1	0	0	0	0	0	0	0	0
ENSG00000169783	LINGO1	7	0	7	8	9	8	1	3
ENSG00000169813	HNRNPF	4745	5204	5331	4568	3631	3169	3279	3595
ENSG00000169814	BTD	502	604	578	500	431	209	391	274
ENSG00000169826	CSGALNACT2	514	452	519	375	369	310	316	290
ENSG00000169836	TACR3	1	0	0	0	2	1	0	0
ENSG00000169840	GSX1	0	1	0	0	0	0	0	0
ENSG00000169851	PCDH7	65	27	12	8	51	98	21	76
ENSG00000169855	ROBO1	1075	922	820	609	850	1020	525	976
ENSG00000169856	ONECUT1	1	0	5	4	0	0	2	2
ENSG00000169857	AVEN	458	507	467	463	380	283	356	363
ENSG00000169860	P2RY1	22	13	3	3	25	23	26	31
ENSG00000169862	CTNND2	6	15	12	8	36	6	2	0
ENSG00000169871	TRIM56	2090	2688	2134	1953	2027	2175	2728	1663
ENSG00000169884	WNT10B	63	108	79	95	88	43	71	80
ENSG00000169885	CALML6	6	6	0	1	6	6	0	5
ENSG00000169891	REPS2	18	55	24	117	42	9	50	13
ENSG00000169894	MUC3A	0	0	0	1	0	0	0	0
ENSG00000169895	SYAP1	2110	2429	2474	2014	1669	1206	1215	1547
ENSG00000169896	ITGAM	1	5	15	4	1	0	7	0
ENSG00000169900	PYDC1	0	0	0	0	1	0	0	0
ENSG00000169902	TPST1	352	468	486	425	384	186	458	210
ENSG00000169903	TM4SF4	0	1	0	0	0	0	2	0
ENSG00000169905	TOR1AIP2	3342	3635	3064	2501	2295	2318	2254	2105
ENSG00000169906	S100G	1	0	0	0	0	1	0	0
ENSG00000169908	TM4SF1	3646	5597	5818	4936	6636	2214	5538	2497
ENSG00000169914	OTUD3	259	341	336	246	231	203	282	163
ENSG00000169918	OTUD7A	3	5	6	1	0	0	2	1
ENSG00000169919	GUSB	859	955	1163	970	831	545	724	786
ENSG00000169925	BRD3	915	913	998	701	837	1060	797	833
ENSG00000169926	KLF13	440	308	225	256	297	290	246	356
ENSG00000169933	FRMPD4	25	44	25	35	34	24	25	20
ENSG00000169946	ZFPM2	464	510	473	470	448	145	274	349
ENSG00000169951	ZNF764	173	198	228	162	165	115	169	187
ENSG00000169955	ZNF747	33	76	62	60	41	31	36	43
ENSG00000169957	ZNF768	1151	1652	1388	1171	937	860	992	995
ENSG00000169962	TAS1R3	21	37	8	16	13	35	4	20
ENSG00000169964	TMEM42	371	511	450	472	367	259	373	301
ENSG00000169967	MAP3K2	1008	1012	930	799	872	550	792	613
ENSG00000169972	PUSL1	363	459	493	403	279	184	213	337
ENSG00000169976	SF3B5	1775	1801	1913	1825	1400	933	1084	1424
ENSG00000169981	ZNF35	182	179	185	137	111	85	72	94
ENSG00000169989	TIGD4	24	30	19	28	17	21	20	30
ENSG00000169991	IFFO2	930	1102	1152	899	928	628	748	790
ENSG00000169992	NLGN2	2074	2397	2244	1903	1567	1238	1598	1258
ENSG00000169994	MYO7B	38	9	13	21	14	18	7	0
ENSG00000170004	CHD3	1308	1475	1765	1188	998	522	850	732
ENSG00000170006	TMEM154	366	301	410	318	207	239	454	258
ENSG00000170011	MYRIP	2	6	3	1	6	3	0	2
ENSG00000170017	ALCAM	1500	2190	2443	1920	1416	576	1102	762
ENSG00000170027	YWHAG	6181	7391	7976	5631	5171	3716	4448	4891
ENSG00000170035	UBE2E3	1757	1886	1959	1838	1451	1127	1242	1399
ENSG00000170037	CNTROB	744	707	865	677	583	523	615	559
ENSG00000170043	TRAPPC1	2564	2749	3028	2629	1821	1935	1706	2439
ENSG00000170044	ZPLD1	2	2	1	5	5	3	1	0
ENSG00000170049	KCNAB3	106	65	65	64	34	55	36	35
ENSG00000170074	FAM153A	1	0	0	0	0	0	0	0
ENSG00000170075	GPR37L1	4	3	12	2	1	17	2	5
ENSG00000170085	SIMC1	182	193	202	141	132	77	154	88
ENSG00000170088	TMEM192	716	814	950	650	619	518	595	433
ENSG00000170091	NSG2	0	0	0	0	0	19	1	0
ENSG00000170092	SPDYE5	2	8	11	6	5	11	11	4
ENSG00000170099	SERPINA6	14	8	13	8	12	10	3	7
ENSG00000170100	ZNF778	266	273	226	191	191	150	151	144
ENSG00000170113	NIPA1	454	677	652	472	481	388	441	441
ENSG00000170122	FOXD4	15	11	9	10	6	15	9	8
ENSG00000170128	GPR25	0	3	0	0	0	1	0	0
ENSG00000170142	UBE2E1	2150	2862	2543	2606	2017	1507	1693	2220
ENSG00000170144	HNRNPA3	5208	5698	5735	5259	5026	3768	5019	4239
ENSG00000170145	SIK2	883	1015	1050	731	616	430	521	519
ENSG00000170153	RNF150	38	58	19	20	59	63	5	54
ENSG00000170160	CCDC144A	39	59	36	41	45	57	67	30
ENSG00000170162	VGLL2	0	0	1	7	12	0	2	3
ENSG00000170166	HOXD4	11	10	5	8	20	28	18	13
ENSG00000170175	CHRNB1	516	778	784	635	454	272	612	311
ENSG00000170178	HOXD12	6	3	0	2	4	1	1	0
ENSG00000170185	USP38	223	207	211	119	87	59	100	117
ENSG00000170190	SLC16A5	400	482	576	421	384	272	338	313
ENSG00000170191	NANP	362	405	365	366	291	150	258	197
ENSG00000170209	ANKK1	10	15	6	5	4	1	6	3
ENSG00000170214	ADRA1B	13	18	24	11	19	3	3	7
ENSG00000170222	ADPRM	90	225	136	115	126	74	84	112
ENSG00000170231	FABP6	185	189	159	124	168	150	104	181
ENSG00000170234	PWWP2A	392	415	394	350	312	215	327	230
ENSG00000170236	USP50	0	0	0	0	0	0	0	0
ENSG00000170242	USP47	818	885	983	718	634	490	557	630
ENSG00000170248	PDCD6IP	2540	3500	3676	2787	2332	1415	2060	2143
ENSG00000170260	ZNF212	353	351	383	295	272	226	324	273
ENSG00000170262	MRAP	0	1	0	0	0	0	0	0
ENSG00000170264	FAM161A	217	226	198	183	199	111	188	169
ENSG00000170265	ZNF282	1405	1615	1850	1210	1140	713	899	1108
ENSG00000170266	GLB1	875	990	1133	821	736	434	595	686
ENSG00000170270	GON7	378	368	383	317	260	239	178	313
ENSG00000170271	FAXDC2	220	343	325	215	223	176	138	182
ENSG00000170275	CRTAP	5735	7122	7084	5771	5619	2831	3883	4059
ENSG00000170276	HSPB2	0	0	0	0	0	0	1	1
ENSG00000170279	C7orf33	0	0	0	0	0	0	0	0
ENSG00000170289	CNGB3	0	0	0	0	3	1	1	0
ENSG00000170290	SLN	15	0	2	1	28	11	0	21
ENSG00000170291	ELP5	1556	1656	1602	1596	1160	990	1173	1329
ENSG00000170293	CMTM8	321	298	160	188	252	281	94	355
ENSG00000170296	GABARAP	4677	5966	5046	4797	4286	4232	3717	5074
ENSG00000170310	STX8	287	366	319	331	328	259	349	363
ENSG00000170312	CDK1	1201	1374	1316	1384	991	891	943	990
ENSG00000170315	UBB	16706	16992	17806	17262	16749	11572	12630	16710
ENSG00000170322	NFRKB	784	970	1055	792	596	453	519	525
ENSG00000170323	FABP4	1	0	1	0	3	1	0	0
ENSG00000170324	FRMPD2	0	0	0	0	0	0	0	0
ENSG00000170325	PRDM10	222	237	214	153	176	158	140	150
ENSG00000170340	B3GNT2	231	201	210	197	202	161	144	156
ENSG00000170345	FOS	2110	1447	734	923	933	400	456	280
ENSG00000170348	TMED10	1762	2032	1956	1877	1551	1337	1222	1373
ENSG00000170364	SETMAR	82	52	64	64	53	25	38	43
ENSG00000170365	SMAD1	192	132	142	143	163	174	202	229
ENSG00000170369	CST2	0	6	0	0	2	0	0	1
ENSG00000170370	EMX2	2	0	0	3	6	5	2	1
ENSG00000170373	CST1	3	8	1	5	3	0	3	5
ENSG00000170374	SP7	1	1	0	0	1	1	1	1
ENSG00000170379	TCAF2	109	304	271	174	253	62	141	227
ENSG00000170381	SEMA3E	99	138	123	93	71	78	137	52
ENSG00000170382	LRRN2	2	3	13	16	3	1	3	1
ENSG00000170385	SLC30A1	1067	1171	1311	887	616	479	525	527
ENSG00000170390	DCLK2	45	21	24	11	13	54	28	7
ENSG00000170396	ZNF804A	154	171	152	141	95	89	144	126
ENSG00000170412	GPRC5C	19	1	0	3	7	5	3	1
ENSG00000170417	TMEM182	105	98	114	83	62	35	55	45
ENSG00000170419	VSTM2A	0	0	0	0	0	0	0	0
ENSG00000170421	KRT8	1256	2328	3565	2299	900	761	844	991
ENSG00000170423	KRT78	6	4	6	0	2	6	4	19
ENSG00000170425	ADORA2B	367	728	739	548	568	140	338	362
ENSG00000170426	SDR9C7	1	1	1	1	0	0	0	0
ENSG00000170430	MGMT	349	426	471	296	329	288	161	340
ENSG00000170439	METTL7B	120	118	111	108	60	127	61	169
ENSG00000170442	KRT86	106	94	142	140	16	6	61	11
ENSG00000170445	HARS1	3278	3425	3973	2883	1999	2041	1602	2443
ENSG00000170448	NFXL1	399	481	531	350	307	179	266	211
ENSG00000170454	KRT75	371	170	111	100	25	39	158	47
ENSG00000170456	DENND5B	668	1008	1177	739	368	222	353	226
ENSG00000170458	CD14	6	4	5	7	8	10	4	4
ENSG00000170464	DNAJC18	344	412	462	333	260	191	202	281
ENSG00000170465	KRT6C	2	0	0	0	2	0	0	1
ENSG00000170468	RIOX1	448	388	396	335	213	216	245	310
ENSG00000170469	SPATA24	75	114	104	89	109	57	66	77
ENSG00000170471	RALGAPB	1590	1747	1738	1292	1102	865	824	873
ENSG00000170473	PYM1	760	753	791	730	398	453	466	541
ENSG00000170476	MZB1	0	0	0	2	0	0	0	4
ENSG00000170477	KRT4	6	0	0	0	0	0	0	0
ENSG00000170482	SLC23A1	7	11	7	8	6	4	9	2
ENSG00000170484	KRT74	1	0	0	0	0	0	0	4
ENSG00000170485	NPAS2	1486	2068	1738	1378	1059	1478	1360	1679
ENSG00000170486	KRT72	0	0	0	0	0	0	0	0
ENSG00000170498	KISS1	295	306	355	449	145	30	452	63
ENSG00000170500	LONRF2	221	168	76	63	310	376	80	402
ENSG00000170502	NUDT9	217	258	200	201	148	177	157	231
ENSG00000170509	HSD17B13	12	10	11	4	11	23	14	6
ENSG00000170515	PA2G4	8656	9295	10760	8988	5289	4686	5514	6312
ENSG00000170516	COX7B2	13	3	0	42	119	63	18	108
ENSG00000170522	ELOVL6	1168	1156	1446	971	528	651	713	668
ENSG00000170523	KRT83	3	8	2	4	1	0	3	1
ENSG00000170525	PFKFB3	1312	1600	1365	1069	1434	1264	1003	1911
ENSG00000170537	TMC7	121	138	130	127	97	97	214	72
ENSG00000170540	ARL6IP1	3940	4699	5192	4263	3004	2181	2624	2661
ENSG00000170542	SERPINB9	12	19	15	10	17	35	29	18
ENSG00000170545	SMAGP	587	621	624	630	386	539	568	668
ENSG00000170549	IRX1	1	1	1	0	0	0	0	0
ENSG00000170558	CDH2	2735	4101	4112	3112	2982	881	2487	1473
ENSG00000170561	IRX2	0	0	0	0	1	2	0	1
ENSG00000170571	EMB	823	933	963	740	766	532	661	575
ENSG00000170577	SIX2	20	16	15	15	22	3	1	2
ENSG00000170579	DLGAP1	1	0	0	7	0	0	2	1
ENSG00000170581	STAT2	229	326	295	167	110	148	74	103
ENSG00000170584	NUDCD2	970	1105	1201	1097	762	543	769	705
ENSG00000170604	IRF2BP1	2116	2271	2270	1577	1517	1573	906	1909
ENSG00000170606	HSPA4	4897	5015	5800	3908	2842	2379	2217	2791
ENSG00000170608	FOXA3	1	0	2	0	0	0	1	3
ENSG00000170619	COMMD5	1053	1026	1139	953	715	611	393	985
ENSG00000170624	SGCD	1	1	4	4	3	4	0	2
ENSG00000170627	GTSF1	1528	1635	1741	1468	1021	886	846	1322
ENSG00000170631	ZNF16	132	158	179	137	124	73	71	124
ENSG00000170632	ARMC10	1374	1677	1666	1501	1180	826	891	1031
ENSG00000170633	RNF34	905	768	818	741	437	482	468	628
ENSG00000170634	ACYP2	101	109	140	113	93	105	91	124
ENSG00000170638	TRABD	768	1064	1198	984	670	534	664	673
ENSG00000170653	ATF7	618	748	705	582	453	418	488	460
ENSG00000170667	RASA4B	86	88	127	89	91	52	51	64
ENSG00000170677	SOCS6	860	1042	1080	782	587	417	649	463
ENSG00000170681	CAVIN4	11	35	17	18	16	10	17	7
ENSG00000170683	OR10A3	4	1	0	1	0	3	3	2
ENSG00000170684	ZNF296	58	104	126	88	91	51	53	83
ENSG00000170689	HOXB9	62	162	195	159	268	62	274	152
ENSG00000170703	TTLL6	0	6	20	15	9	13	7	0
ENSG00000170734	POLH	643	769	750	611	481	434	524	376
ENSG00000170745	KCNS3	56	33	18	14	24	30	15	30
ENSG00000170748	RBMXL2	0	1	0	2	3	0	1	1
ENSG00000170759	KIF5B	4045	3898	4406	3637	2817	2834	2721	2710
ENSG00000170775	GPR37	11	17	3	6	13	9	5	7
ENSG00000170776	AKAP13	1086	1114	870	872	977	923	664	839
ENSG00000170777	TPD52L3	0	0	0	2	0	1	0	0
ENSG00000170779	CDCA4	1146	1420	1511	1458	1031	772	1032	1100
ENSG00000170782	OR10A4	0	0	0	0	1	0	2	1
ENSG00000170786	SDR16C5	1	1	2	0	9	1	2	1
ENSG00000170790	OR10A2	29	27	9	24	21	40	55	19
ENSG00000170791	CHCHD7	630	565	611	583	439	340	425	497
ENSG00000170801	HTRA3	188	225	189	155	98	60	20	85
ENSG00000170802	FOXN2	566	614	628	459	423	292	382	372
ENSG00000170807	LMOD2	0	2	0	1	0	0	0	0
ENSG00000170832	USP32	918	1246	1288	975	884	630	716	709
ENSG00000170835	CEL	12	5	9	4	6	8	0	9
ENSG00000170836	PPM1D	228	235	246	164	184	119	159	140
ENSG00000170837	GPR27	2	0	0	0	3	2	0	1
ENSG00000170846	NA	195	218	128	177	149	167	155	156
ENSG00000170848	PSG6	1	0	0	0	0	0	0	0
ENSG00000170852	KBTBD2	1244	1301	1282	1027	895	832	895	993
ENSG00000170854	RIOX2	1195	1162	1272	884	762	544	677	655
ENSG00000170855	TRIAP1	917	883	973	836	446	499	609	639
ENSG00000170860	LSM3	1335	1393	1467	1404	1145	777	1152	1146
ENSG00000170871	KIAA0232	747	668	711	558	517	498	502	509
ENSG00000170873	MTSS1	68	44	40	29	91	91	26	169
ENSG00000170876	TMEM43	2193	2759	2687	2194	1893	1203	1403	1676
ENSG00000170881	RNF139	647	861	882	730	680	455	462	666
ENSG00000170889	RPS9	25930	35033	35049	30941	30323	21217	21380	31616
ENSG00000170890	PLA2G1B	1	0	1	2	0	1	0	0
ENSG00000170891	CYTL1	1	0	0	0	0	4	0	7
ENSG00000170892	TSEN34	1142	1279	1334	998	924	685	543	1055
ENSG00000170899	GSTA4	80	102	115	139	75	22	50	43
ENSG00000170903	MSANTD4	509	487	489	457	425	427	370	434
ENSG00000170906	NDUFA3	83	63	131	88	91	123	47	114
ENSG00000170909	OSCAR	29	45	58	26	4	4	34	3
ENSG00000170915	PAQR8	132	179	182	145	65	59	60	88
ENSG00000170917	NUDT6	138	152	205	120	102	60	60	82
ENSG00000170921	TANC2	692	923	623	418	471	543	163	686
ENSG00000170923	OR7G2	3	5	0	4	2	1	5	7
ENSG00000170925	TEX13B	0	0	0	2	0	0	0	0
ENSG00000170927	PKHD1	1	0	0	0	6	12	0	7
ENSG00000170929	OR1M1	0	0	0	0	0	0	0	1
ENSG00000170946	DNAJC24	477	496	422	376	339	313	294	353
ENSG00000170948	MBD3L1	0	0	0	0	0	0	0	0
ENSG00000170949	ZNF160	237	339	364	205	296	170	176	226
ENSG00000170953	OR8B12	0	2	1	0	3	2	1	2
ENSG00000170954	ZNF415	18	15	14	1	14	10	12	12
ENSG00000170955	CAVIN3	2521	2390	2661	2956	2216	2273	2568	3807
ENSG00000170959	DCDC1	0	0	2	1	0	2	2	3
ENSG00000170961	HAS2	973	668	526	874	651	963	720	671
ENSG00000170962	PDGFD	10	6	5	3	9	26	2	6
ENSG00000170965	PLAC1	0	4	7	1	3	11	1	12
ENSG00000170989	S1PR1	99	281	362	335	215	19	260	47
ENSG00000171004	HS6ST2	506	615	662	529	396	330	341	389
ENSG00000171016	PYGO1	228	302	257	217	209	149	193	174
ENSG00000171017	LRRC8E	246	351	454	231	280	135	215	149
ENSG00000171033	PKIA	139	126	97	119	108	175	149	377
ENSG00000171044	XKR6	35	46	34	22	31	16	34	31
ENSG00000171045	TSNARE1	157	188	210	157	161	92	122	134
ENSG00000171049	FPR2	0	0	0	1	0	0	1	0
ENSG00000171051	FPR1	1	0	0	0	2	0	0	2
ENSG00000171055	FEZ2	653	981	1121	875	738	380	725	724
ENSG00000171056	SOX7	3	6	8	7	8	2	3	4
ENSG00000171067	C11orf24	1243	1171	1244	967	855	686	522	1146
ENSG00000171094	ALK	38	18	8	2	44	39	11	81
ENSG00000171097	KYAT1	78	123	105	112	77	82	73	57
ENSG00000171100	MTM1	181	202	193	128	133	82	84	121
ENSG00000171102	OBP2B	0	1	0	0	0	0	1	0
ENSG00000171103	TRMT61B	320	342	371	364	192	205	218	267
ENSG00000171105	INSR	61	110	52	57	268	120	51	149
ENSG00000171109	MFN1	1319	1469	1440	1171	1123	1312	1069	873
ENSG00000171115	GIMAP8	1	0	0	0	0	0	0	0
ENSG00000171116	HSFX1	14	11	15	9	13	6	11	14
ENSG00000171119	NRTN	13	13	9	9	22	9	8	20
ENSG00000171121	KCNMB3	7	2	6	0	12	15	11	11
ENSG00000171124	FUT3	2	0	1	1	0	0	1	0
ENSG00000171126	KCNG3	8	6	4	6	6	0	3	4
ENSG00000171130	ATP6V0E2	775	1042	1086	1000	545	462	549	469
ENSG00000171132	PRKCE	335	469	516	359	285	145	290	204
ENSG00000171133	OR2K2	0	0	0	0	0	0	0	0
ENSG00000171135	JAGN1	940	1310	1267	1125	868	620	583	955
ENSG00000171136	RLN3	0	0	0	0	0	0	0	0
ENSG00000171148	TADA3	2163	2441	2686	1980	1741	1197	1109	2037
ENSG00000171150	SOCS5	576	633	755	642	590	334	343	402
ENSG00000171155	C1GALT1C1	433	453	477	428	358	295	255	392
ENSG00000171159	BBLN	1185	1308	1619	1010	1064	1312	647	1714
ENSG00000171160	MORN4	267	284	339	266	209	172	162	178
ENSG00000171161	ZNF672	834	809	729	590	536	501	512	636
ENSG00000171163	ZNF692	371	418	382	308	301	272	463	357
ENSG00000171169	NAIF1	337	350	502	287	252	219	276	277
ENSG00000171174	RBKS	43	69	42	59	42	30	21	14
ENSG00000171180	OR2M4	2	1	3	0	3	6	4	0
ENSG00000171189	GRIK1	3	2	1	4	0	1	3	3
ENSG00000171195	MUC7	1	1	0	0	0	0	0	1
ENSG00000171201	SMR3B	0	0	0	0	0	8	0	0
ENSG00000171202	TMEM126A	515	577	588	576	466	303	413	480
ENSG00000171204	TMEM126B	346	402	280	208	319	206	281	303
ENSG00000171206	TRIM8	2253	2502	2875	1966	1704	1338	1406	1674
ENSG00000171208	NETO2	1277	1108	1263	1039	777	702	864	784
ENSG00000171217	CLDN20	0	1	2	1	5	0	1	0
ENSG00000171219	CDC42BPG	51	60	102	73	38	69	63	37
ENSG00000171222	SCAND1	2955	3460	3433	3089	2356	2026	2089	2491
ENSG00000171223	JUNB	5731	5165	4108	3788	3731	3910	2562	4692
ENSG00000171224	FAM241B	73	69	81	67	69	60	52	42
ENSG00000171227	TMEM37	3	0	0	1	1	0	0	1
ENSG00000171234	UGT2B7	43	40	19	39	19	18	19	35
ENSG00000171236	LRG1	8	24	23	10	11	9	3	8
ENSG00000171241	SHCBP1	710	737	867	703	607	399	702	465
ENSG00000171243	SOSTDC1	2	0	3	0	1	0	1	0
ENSG00000171246	NPTX1	7	4	7	0	0	5	0	13
ENSG00000171262	FAM98B	1352	1415	1327	1255	1023	966	983	1069
ENSG00000171291	ZNF439	15	24	13	3	46	46	16	22
ENSG00000171295	ZNF440	287	284	291	181	264	220	154	230
ENSG00000171298	GAA	1801	2295	2511	1900	1267	877	953	1236
ENSG00000171302	CANT1	1304	1462	1654	1312	1074	745	991	1037
ENSG00000171303	KCNK3	41	129	115	141	70	30	32	61
ENSG00000171307	ZDHHC16	1197	1227	1346	974	915	677	562	933
ENSG00000171310	CHST11	1519	1190	921	756	1289	1895	1082	2059
ENSG00000171311	EXOSC1	815	861	771	690	628	528	489	660
ENSG00000171314	PGAM1	13656	19091	21961	15886	12699	6988	7160	13210
ENSG00000171316	CHD7	563	711	725	591	538	444	539	436
ENSG00000171320	ESCO2	195	228	254	183	185	83	110	142
ENSG00000171345	KRT19	2	4	5	2	2	1	0	3
ENSG00000171346	KRT15	50	80	80	84	66	83	111	64
ENSG00000171357	LURAP1	56	68	88	72	63	63	49	63
ENSG00000171360	KRT38	0	1	0	0	1	0	0	1
ENSG00000171365	CLCN5	119	101	85	76	90	86	106	69
ENSG00000171368	TPPP	17	19	5	4	10	7	10	4
ENSG00000171385	KCND3	6	8	13	1	3	1	0	2
ENSG00000171388	APLN	36	111	234	122	96	1	85	36
ENSG00000171401	KRT13	1	0	2	1	1	2	0	4
ENSG00000171403	KRT9	0	0	0	0	0	0	0	0
ENSG00000171405	XAGE5	1	0	0	0	0	0	0	0
ENSG00000171408	PDE7B	27	48	32	23	11	43	7	8
ENSG00000171421	MRPL36	677	685	733	616	549	507	563	678
ENSG00000171425	ZNF581	566	989	838	658	801	441	364	682
ENSG00000171428	NAT1	36	38	34	38	44	29	29	34
ENSG00000171431	KRT20	0	0	0	0	0	0	0	1
ENSG00000171433	GLOD5	0	0	0	0	0	0	0	0
ENSG00000171435	KSR2	14	2	1	4	9	7	1	10
ENSG00000171443	ZNF524	204	314	275	222	287	248	158	240
ENSG00000171444	MCC	220	241	244	202	186	145	136	154
ENSG00000171448	ZBTB26	336	500	453	327	390	282	409	356
ENSG00000171450	CDK5R2	7	9	10	27	10	3	8	8
ENSG00000171451	DSEL	596	640	649	482	438	116	310	111
ENSG00000171453	POLR1C	793	800	786	670	516	438	333	649
ENSG00000171456	ASXL1	1871	2388	2307	1926	1562	1100	1687	1241
ENSG00000171462	DLK2	74	137	120	70	62	45	30	51
ENSG00000171466	ZNF562	536	582	615	474	444	376	464	284
ENSG00000171467	ZNF318	470	440	437	428	370	354	314	309
ENSG00000171469	ZNF561	456	510	516	383	409	282	260	282
ENSG00000171475	WIPF2	1410	1721	1727	1315	1335	1147	1200	1085
ENSG00000171476	HOPX	2	2	8	2	7	0	0	0
ENSG00000171478	SPACA5B	1	0	0	0	0	0	0	0
ENSG00000171481	OR1L3	0	0	0	1	0	0	0	0
ENSG00000171487	NLRP5	0	5	0	1	0	0	1	0
ENSG00000171488	LRRC8C	109	174	152	133	103	82	196	71
ENSG00000171490	RSL1D1	3674	5074	5283	3787	4130	1939	3325	2813
ENSG00000171492	LRRC8D	452	505	472	393	286	295	235	289
ENSG00000171495	MROH2B	0	0	0	1	0	0	0	0
ENSG00000171496	OR1L8	0	0	0	0	0	0	0	0
ENSG00000171497	PPID	697	797	776	630	505	377	512	528
ENSG00000171502	COL24A1	8	10	0	0	12	27	22	6
ENSG00000171503	ETFDH	99	137	117	137	50	42	103	56
ENSG00000171509	RXFP1	0	0	0	0	0	0	0	0
ENSG00000171517	LPAR3	186	277	250	149	138	67	96	182
ENSG00000171522	PTGER4	38	60	50	37	31	16	32	14
ENSG00000171530	TBCA	3344	4121	3883	3813	3033	2530	2924	3272
ENSG00000171532	NEUROD2	0	0	0	0	0	0	0	0
ENSG00000171533	MAP6	5	0	7	0	2	5	1	1
ENSG00000171540	OTP	0	0	0	3	0	0	1	1
ENSG00000171552	BCL2L1	2347	2602	3125	2492	1921	980	2095	1266
ENSG00000171557	FGG	2	1	4	2	2	3	0	2
ENSG00000171561	OR2AT4	3	4	4	5	6	6	5	2
ENSG00000171564	FGB	0	1	0	0	0	0	0	0
ENSG00000171566	PLRG1	1143	1246	1359	1085	693	609	599	838
ENSG00000171574	ZNF584	200	182	191	170	130	128	49	170
ENSG00000171587	DSCAM	0	2	0	1	1	0	1	0
ENSG00000171596	NMUR1	0	1	1	0	0	4	0	3
ENSG00000171603	CLSTN1	3017	4096	4380	2945	2633	1439	1979	2288
ENSG00000171604	CXXC5	1846	1357	920	1001	1378	2474	444	2945
ENSG00000171606	ZNF274	273	444	431	358	283	148	263	165
ENSG00000171608	PIK3CD	691	693	749	564	570	293	523	275
ENSG00000171612	SLC25A33	562	501	664	507	357	319	330	376
ENSG00000171617	ENC1	1440	1190	1411	919	849	1065	602	1209
ENSG00000171621	SPSB1	552	558	635	550	353	259	532	287
ENSG00000171631	P2RY6	23	31	27	24	10	16	32	18
ENSG00000171634	BPTF	1915	2093	1764	1577	1511	1757	1363	1405
ENSG00000171643	S100Z	17	6	11	5	3	7	2	8
ENSG00000171649	ZIK1	95	116	95	58	89	44	48	54
ENSG00000171657	GPR82	2	6	4	0	6	7	6	6
ENSG00000171659	GPR34	14	7	7	8	6	10	5	2
ENSG00000171680	PLEKHG5	1731	1804	1773	1251	1697	2635	1608	3886
ENSG00000171681	ATF7IP	1217	1306	1368	929	888	880	733	760
ENSG00000171695	LKAAEAR1	13	6	8	4	7	19	1	21
ENSG00000171700	RGS19	672	673	681	627	431	397	378	547
ENSG00000171703	TCEA2	935	1008	1051	870	567	535	445	626
ENSG00000171714	ANO5	16	21	26	17	34	79	52	28
ENSG00000171720	HDAC3	1321	1743	2014	1742	1155	629	879	983
ENSG00000171722	SPATA46	4	3	1	2	2	0	0	0
ENSG00000171723	GPHN	263	333	349	252	259	164	175	191
ENSG00000171724	VAT1L	207	125	65	145	330	672	157	719
ENSG00000171729	TMEM51	207	260	230	151	143	179	113	160
ENSG00000171735	CAMTA1	699	825	919	814	578	440	538	605
ENSG00000171747	LGALS4	3	0	0	2	0	0	0	2
ENSG00000171757	LRRC34	0	2	3	3	2	0	4	2
ENSG00000171759	PAH	0	0	0	0	1	0	2	0
ENSG00000171763	SPATA5L1	360	431	525	309	265	186	239	283
ENSG00000171766	GATM	334	617	336	461	548	164	495	414
ENSG00000171772	SYCE1	7	13	7	10	5	10	7	6
ENSG00000171773	NXNL1	0	0	0	0	0	0	0	0
ENSG00000171786	NHLH1	18	14	11	8	14	12	6	10
ENSG00000171790	SLFNL1	16	24	29	18	11	11	16	7
ENSG00000171791	BCL2	161	223	204	120	133	26	154	52
ENSG00000171792	RHNO1	707	619	624	531	403	383	461	506
ENSG00000171793	CTPS1	1760	2031	2496	1834	1123	816	1234	1242
ENSG00000171798	KNDC1	0	7	5	12	19	3	10	5
ENSG00000171804	WDR87	0	0	0	0	0	0	0	0
ENSG00000171806	METTL18	248	243	255	217	199	146	223	172
ENSG00000171811	CFAP46	0	0	2	1	1	0	0	0
ENSG00000171812	COL8A2	23	23	15	12	28	23	4	70
ENSG00000171813	PWWP2B	332	357	376	211	199	188	215	306
ENSG00000171815	PCDHB1	16	15	16	17	21	46	28	13
ENSG00000171817	ZNF540	8	3	4	1	3	12	2	1
ENSG00000171819	ANGPTL7	2	3	2	2	5	3	0	0
ENSG00000171823	FBXL14	627	634	736	496	392	293	283	422
ENSG00000171824	EXOSC10	1288	1577	1838	1270	1062	702	960	997
ENSG00000171827	ZNF570	99	115	100	71	112	137	64	87
ENSG00000171840	NINJ2	9	8	8	10	6	8	3	3
ENSG00000171843	MLLT3	432	497	428	338	373	254	332	326
ENSG00000171847	FAM90A1	29	28	40	28	25	16	11	19
ENSG00000171848	RRM2	1275	1409	182	191	2244	1129	1485	1251
ENSG00000171853	TRAPPC12	1095	1064	1215	856	636	597	494	790
ENSG00000171855	IFNB1	0	0	0	1	0	0	0	0
ENSG00000171858	RPS21	14131	20488	17057	17268	17881	11366	14727	17740
ENSG00000171860	C3AR1	48	27	26	21	14	37	32	17
ENSG00000171861	MRM3	545	642	633	600	422	334	386	436
ENSG00000171862	PTEN	1174	1361	1454	970	1002	804	554	862
ENSG00000171863	RPS7	16894	24014	21961	20393	20316	13056	16195	18851
ENSG00000171864	PRND	0	0	0	0	0	1	0	0
ENSG00000171865	RNASEH1	1743	1650	2250	1604	1168	881	974	942
ENSG00000171867	PRNP	4052	4321	4293	3761	3703	4076	3672	4867
ENSG00000171872	KLF17	6	8	5	3	4	6	2	2
ENSG00000171873	ADRA1D	1	4	12	11	6	2	3	5
ENSG00000171877	FRMD5	299	487	402	341	362	304	370	367
ENSG00000171885	AQP4	0	0	0	0	0	0	0	0
ENSG00000171903	CYP4F11	26	28	64	74	16	8	12	12
ENSG00000171914	TLN2	674	471	576	388	351	250	340	227
ENSG00000171916	LGALS9C	0	0	0	0	5	0	0	1
ENSG00000171928	TVP23B	829	916	897	788	670	733	654	875
ENSG00000171931	FBXW10	4	9	8	7	6	4	0	0
ENSG00000171940	ZNF217	1007	1393	1373	1104	1342	808	940	795
ENSG00000171943	SRGAP2C	840	835	851	804	769	757	833	545
ENSG00000171944	OR52A5	0	0	0	0	0	0	0	0
ENSG00000171951	SCG2	431	553	488	582	380	630	507	436
ENSG00000171953	ATPAF2	312	309	409	344	273	197	195	288
ENSG00000171954	CYP4F22	0	0	1	0	0	0	0	0
ENSG00000171956	FOXB1	4	3	2	2	0	1	5	1
ENSG00000171960	PPIH	1389	1746	1877	1667	1273	969	1225	1167
ENSG00000171962	DRC3	29	35	32	28	20	25	14	31
ENSG00000171970	ZNF57	53	35	43	37	37	23	47	45
ENSG00000171984	SHLD1	180	208	178	173	124	101	139	162
ENSG00000171988	JMJD1C	619	812	867	560	682	456	453	579
ENSG00000171989	LDHAL6B	0	2	1	0	3	0	3	0
ENSG00000171992	SYNPO	1318	1297	1274	942	735	683	646	575
ENSG00000172000	ZNF556	79	69	85	64	85	67	51	41
ENSG00000172005	MAL	0	0	0	0	0	0	0	0
ENSG00000172006	ZNF554	60	64	90	66	65	21	32	36
ENSG00000172007	RAB33B	149	160	160	120	131	112	89	90
ENSG00000172009	THOP1	1013	1250	1704	1290	886	658	811	981
ENSG00000172020	GAP43	585	290	225	278	573	1116	117	2269
ENSG00000172031	EPHX4	251	290	312	248	155	122	201	204
ENSG00000172037	LAMB2	1430	2579	2571	1644	1779	789	965	1097
ENSG00000172046	USP19	2789	3057	3778	2544	1831	1283	1428	1765
ENSG00000172053	QARS1	4806	5500	6140	4225	4104	2232	2708	3758
ENSG00000172057	ORMDL3	370	389	406	378	380	413	308	387
ENSG00000172058	SERF1A	102	386	136	489	101	264	363	507
ENSG00000172059	KLF11	204	275	322	229	236	106	176	155
ENSG00000172061	LRRC15	6	12	6	10	11	4	5	5
ENSG00000172062	SMN1	1918	2115	2411	1873	1418	1245	1422	1318
ENSG00000172071	EIF2AK3	115	74	168	47	137	117	65	124
ENSG00000172073	TEX37	0	0	0	0	0	0	0	0
ENSG00000172081	MOB3A	466	852	717	686	574	362	461	530
ENSG00000172086	KRCC1	234	247	170	199	200	206	101	223
ENSG00000172113	NME6	506	584	646	524	440	299	391	297
ENSG00000172115	CYCS	4212	4019	4366	4183	2740	2219	2622	2783
ENSG00000172123	SLFN12	147	158	177	105	111	108	93	85
ENSG00000172137	CALB2	115	113	121	140	73	62	49	41
ENSG00000172139	SLC9C1	1	1	0	0	0	0	1	0
ENSG00000172146	OR1A1	29	31	12	12	22	44	31	22
ENSG00000172155	LCE1D	0	2	1	0	0	0	0	9
ENSG00000172159	FRMD3	73	43	29	23	99	56	13	134
ENSG00000172164	SNTB1	544	952	599	542	848	1241	249	1674
ENSG00000172167	MTBP	230	244	253	235	140	144	134	174
ENSG00000172171	TEFM	180	243	220	218	144	93	117	140
ENSG00000172172	MRPL13	850	891	897	931	638	510	484	690
ENSG00000172175	MALT1	3472	2561	2291	1714	1465	1097	1158	1190
ENSG00000172179	PRL	0	0	0	0	0	2	0	0
ENSG00000172183	ISG20	655	810	838	775	419	928	670	856
ENSG00000172197	MBOAT1	105	119	86	110	129	169	220	88
ENSG00000172201	ID4	41	21	9	8	110	438	3	91
ENSG00000172208	OR4X2	0	0	0	0	0	0	0	0
ENSG00000172209	GPR22	0	0	0	3	0	0	0	0
ENSG00000172215	CXCR6	4	3	4	4	4	3	7	3
ENSG00000172216	CEBPB	2268	2737	2413	2164	2754	2064	2960	2268
ENSG00000172232	AZU1	18	9	8	4	19	17	25	9
ENSG00000172236	TPSAB1	0	2	0	2	0	0	0	0
ENSG00000172238	ATOH1	3	0	1	0	0	0	0	0
ENSG00000172239	PAIP1	2223	2387	2624	2113	1997	1620	1493	1987
ENSG00000172243	CLEC7A	6	7	7	2	8	7	8	4
ENSG00000172244	C5orf34	191	191	187	131	113	109	142	119
ENSG00000172247	C1QTNF4	4	3	4	3	4	21	0	6
ENSG00000172260	NEGR1	1479	1487	1165	1300	1351	1042	1257	1070
ENSG00000172262	ZNF131	815	687	861	741	640	571	558	597
ENSG00000172264	MACROD2	13	11	14	4	18	20	23	31
ENSG00000172269	DPAGT1	509	537	469	403	364	317	318	498
ENSG00000172270	BSG	9872	12473	14215	11687	9307	8194	6781	11913
ENSG00000172273	HINFP	324	406	452	335	277	216	183	307
ENSG00000172292	CERS6	225	270	239	167	199	116	140	149
ENSG00000172296	SPTLC3	141	172	152	90	25	24	27	16
ENSG00000172301	COPRS	839	901	988	871	761	618	810	811
ENSG00000172315	TP53RK	687	596	622	538	449	392	410	560
ENSG00000172318	B3GALT1	71	84	62	67	48	88	81	33
ENSG00000172320	OR5A1	1	3	3	3	3	2	2	1
ENSG00000172324	OR5A2	5	12	5	5	5	8	4	5
ENSG00000172331	BPGM	273	285	259	230	220	237	264	256
ENSG00000172336	POP7	1009	1004	1046	1019	757	606	761	787
ENSG00000172339	ALG14	193	168	234	230	153	170	126	190
ENSG00000172340	SUCLG2	2064	2940	2856	2547	1812	1025	1630	1377
ENSG00000172345	STARD5	10	0	0	4	4	2	1	3
ENSG00000172346	CSDC2	18	32	38	44	5	0	12	0
ENSG00000172348	RCAN2	40	16	3	2	5	31	1	40
ENSG00000172349	IL16	35	5	2	10	5	8	0	6
ENSG00000172350	ABCG4	8	4	6	2	4	4	0	3
ENSG00000172354	GNB2	6347	8390	9789	7767	5350	3614	4653	5785
ENSG00000172361	CFAP53	44	56	40	42	27	24	56	14
ENSG00000172365	OR5B2	0	0	0	0	0	0	0	0
ENSG00000172366	MCRIP2	421	665	667	493	326	271	361	388
ENSG00000172367	PDZD3	1	0	0	1	3	1	1	0
ENSG00000172375	C2CD2L	722	674	760	566	471	456	445	527
ENSG00000172377	OR9I1	0	1	0	0	0	0	0	0
ENSG00000172379	ARNT2	377	355	355	216	459	279	178	519
ENSG00000172380	GNG12	4632	5781	6586	4609	3878	2183	2464	3050
ENSG00000172382	PRSS27	7	18	16	20	23	19	9	13
ENSG00000172399	MYOZ2	0	1	1	3	1	2	0	3
ENSG00000172403	SYNPO2	8	15	10	7	10	13	16	3
ENSG00000172404	DNAJB7	2	7	2	1	4	2	4	4
ENSG00000172409	CLP1	641	534	624	508	333	283	274	432
ENSG00000172421	EFCAB3	9	8	4	4	9	3	6	7
ENSG00000172425	TTC36	0	2	1	0	0	0	0	0
ENSG00000172426	RSPH9	5	9	8	9	6	6	8	9
ENSG00000172428	COPS9	654	741	735	690	561	525	532	593
ENSG00000172432	GTPBP2	1118	744	686	852	678	548	1226	1214
ENSG00000172456	FGGY	58	88	117	61	58	24	32	61
ENSG00000172458	IL17D	65	78	108	63	73	49	24	102
ENSG00000172461	FUT9	6	20	4	17	24	3	34	12
ENSG00000172465	TCEAL1	288	276	275	260	255	297	160	340
ENSG00000172466	ZNF24	2550	3156	2978	2132	1527	1004	1746	1037
ENSG00000172469	MANEA	350	381	367	236	251	253	192	251
ENSG00000172476	RAB40A	28	33	26	31	21	18	28	25
ENSG00000172478	MAB21L4	1	0	0	1	1	0	0	0
ENSG00000172487	OR8J1	0	0	0	0	0	0	0	0
ENSG00000172493	AFF1	466	640	540	432	366	330	400	342
ENSG00000172497	ACOT12	1	0	0	0	0	1	1	0
ENSG00000172500	FIBP	3718	3710	4043	3536	2491	2190	1882	3302
ENSG00000172508	CARNS1	0	26	0	0	28	0	12	48
ENSG00000172519	OR10H5	16	11	5	14	7	17	9	3
ENSG00000172530	BANP	321	475	413	373	261	194	268	179
ENSG00000172531	PPP1CA	3553	3948	4244	3924	2867	2144	1923	3243
ENSG00000172534	HCFC1	3513	3070	3873	2417	2053	1784	2000	2002
ENSG00000172538	FAM170B	0	0	0	0	0	0	0	0
ENSG00000172543	CTSW	10	5	2	2	0	13	4	5
ENSG00000172548	NIPAL4	35	37	37	22	18	29	14	20
ENSG00000172568	FNDC9	0	0	0	0	0	0	0	0
ENSG00000172572	PDE3A	11	38	15	12	60	16	12	13
ENSG00000172575	RASGRP1	5	7	1	2	6	0	2	0
ENSG00000172578	KLHL6	16	11	12	0	7	3	11	7
ENSG00000172586	CHCHD1	408	485	471	419	325	342	306	424
ENSG00000172590	MRPL52	661	685	683	724	543	489	559	605
ENSG00000172594	SMPDL3A	97	77	68	60	84	106	58	124
ENSG00000172602	RND1	9	15	21	5	18	1	3	7
ENSG00000172613	RAD9A	157	160	173	223	225	91	92	55
ENSG00000172638	EFEMP2	420	872	660	685	356	546	300	562
ENSG00000172640	OR10AD1	0	0	0	0	0	0	0	0
ENSG00000172650	AGAP5	76	56	42	60	37	47	71	34
ENSG00000172661	WASHC2C	539	779	852	513	484	223	356	303
ENSG00000172663	TMEM134	186	327	279	267	270	205	173	283
ENSG00000172667	ZMAT3	1017	1124	1228	891	756	699	626	566
ENSG00000172671	ZFAND4	50	34	33	36	28	30	20	22
ENSG00000172673	THEMIS	0	0	0	0	0	0	0	0
ENSG00000172680	MOS	0	0	0	0	0	0	0	0
ENSG00000172687	ZNF738	285	238	273	252	305	273	192	264
ENSG00000172689	MS4A10	9	5	4	5	3	8	8	8
ENSG00000172716	SLFN11	415	505	525	463	422	246	444	344
ENSG00000172717	GARIN2	0	0	2	0	0	1	0	0
ENSG00000172725	CORO1B	2886	3145	3575	2588	2230	2076	1737	2686
ENSG00000172728	FUT10	66	81	75	50	44	37	34	41
ENSG00000172731	LRRC20	214	214	227	199	141	61	231	100
ENSG00000172732	MUS81	642	855	655	521	555	472	451	610
ENSG00000172733	PURG	5	7	1	6	4	12	6	4
ENSG00000172738	TMEM217	7	9	7	10	0	5	2	0
ENSG00000172742	OR4D9	3	2	3	2	3	7	4	1
ENSG00000172748	ZNF596	28	35	26	13	11	23	8	16
ENSG00000172752	COL6A5	7	3	2	0	0	0	2	0
ENSG00000172757	CFL1	31689	33720	36395	34010	22680	19340	20650	28086
ENSG00000172765	TMCC1	246	234	245	238	219	202	244	178
ENSG00000172766	NAA16	200	230	242	201	150	122	114	122
ENSG00000172771	EFCAB12	9	9	9	4	2	5	5	9
ENSG00000172775	PSME3IP1	1733	1799	1989	1600	1232	1153	1448	1330
ENSG00000172780	RAB43	431	510	687	399	311	352	355	421
ENSG00000172782	FADS6	0	0	0	0	0	0	1	0
ENSG00000172785	CBWD1	1527	1538	1659	1366	829	625	650	904
ENSG00000172789	HOXC5	157	121	163	120	62	91	84	92
ENSG00000172794	RAB37	0	1	2	0	1	0	2	0
ENSG00000172795	DCP2	679	787	639	559	498	562	499	467
ENSG00000172803	SNX32	1	4	8	3	7	3	1	8
ENSG00000172809	RPL38	7146	10334	9716	9032	8991	6543	8666	8713
ENSG00000172817	CYP7B1	1	0	0	0	1	0	0	0
ENSG00000172818	OVOL1	0	0	0	0	0	2	2	0
ENSG00000172819	RARG	870	843	797	733	400	517	507	538
ENSG00000172824	CES4A	16	11	14	6	0	1	1	8
ENSG00000172828	CES3	113	127	144	77	68	60	35	56
ENSG00000172830	SSH3	370	480	600	433	349	367	275	367
ENSG00000172831	CES2	1240	1414	1805	1418	1017	709	940	759
ENSG00000172840	PDP2	686	749	650	558	452	449	693	381
ENSG00000172845	SP3	1730	1917	1897	1567	1350	1107	1055	1256
ENSG00000172867	KRT2	0	0	1	0	0	0	0	0
ENSG00000172869	DMXL1	362	447	434	336	346	154	206	228
ENSG00000172878	METAP1D	155	174	145	156	108	113	170	110
ENSG00000172888	ZNF621	696	714	824	694	658	373	636	412
ENSG00000172889	EGFL7	40	54	95	31	47	41	28	48
ENSG00000172890	NADSYN1	461	533	533	464	406	374	386	503
ENSG00000172893	DHCR7	1599	1693	1811	1712	1242	837	1520	1278
ENSG00000172901	LVRN	0	11	10	0	0	0	0	0
ENSG00000172915	NBEA	226	209	209	133	224	216	192	156
ENSG00000172922	RNASEH2C	456	456	452	382	626	361	360	349
ENSG00000172927	MYEOV	16	13	23	67	26	10	215	8
ENSG00000172932	ANKRD13D	406	446	414	435	409	454	434	471
ENSG00000172935	MRGPRF	3	2	0	1	2	5	0	1
ENSG00000172936	MYD88	666	580	701	473	518	204	230	436
ENSG00000172938	MRGPRD	0	0	0	0	0	0	0	0
ENSG00000172939	OXSR1	1535	2240	2380	1880	1593	681	1455	1070
ENSG00000172940	SLC22A13	4	4	2	7	3	3	6	3
ENSG00000172943	PHF8	598	629	801	377	419	255	288	322
ENSG00000172954	LCLAT1	480	570	532	469	374	278	278	323
ENSG00000172955	ADH6	0	0	0	0	0	0	0	0
ENSG00000172967	XKR3	1	0	5	1	0	0	0	0
ENSG00000172969	FRG2C	2	1	1	0	0	0	2	0
ENSG00000172977	KAT5	899	1252	1360	999	930	531	740	924
ENSG00000172985	SH3RF3	274	407	390	330	352	37	314	77
ENSG00000172986	GXYLT2	604	825	716	617	402	157	358	223
ENSG00000172987	HPSE2	0	0	0	0	0	0	0	0
ENSG00000172992	DCAKD	371	517	576	413	381	368	351	372
ENSG00000172995	ARPP21	5	18	17	2	16	4	0	2
ENSG00000173011	TADA2B	545	510	535	413	380	307	326	361
ENSG00000173013	CCDC96	39	46	46	28	32	38	27	53
ENSG00000173020	GRK2	1658	1816	2072	1643	1396	1239	1348	1580
ENSG00000173039	RELA	1722	2352	2554	1886	1687	1021	1372	1706
ENSG00000173040	EVC2	0	1	0	1	0	0	0	0
ENSG00000173041	ZNF680	149	158	147	158	134	115	127	111
ENSG00000173064	HECTD4	260	351	390	184	249	137	186	123
ENSG00000173065	FAM222B	475	595	604	401	307	292	355	303
ENSG00000173068	BNC2	994	858	925	836	636	450	468	306
ENSG00000173080	RXFP4	4	9	7	4	2	7	2	0
ENSG00000173083	HPSE	117	178	137	82	71	32	66	29
ENSG00000173085	COQ2	267	359	511	462	243	146	191	196
ENSG00000173093	CCDC63	0	0	0	0	0	0	0	1
ENSG00000173110	HSPA6	23	249	83	60	581	16	265	110
ENSG00000173113	TRMT112	7582	8576	7648	7790	6069	5788	5898	7618
ENSG00000173114	LRRN3	0	2	1	0	1	5	5	2
ENSG00000173120	KDM2A	706	792	947	627	684	466	419	438
ENSG00000173124	ACSM6	0	1	0	2	0	0	0	0
ENSG00000173137	ADCK5	90	73	45	59	60	60	45	96
ENSG00000173141	MRPL57	574	673	635	608	556	497	490	626
ENSG00000173145	NOC3L	1223	1527	1709	1012	1087	823	679	939
ENSG00000173153	ESRRA	1634	1736	1968	1491	1146	818	1029	1201
ENSG00000173156	RHOD	0	0	0	0	0	2	0	0
ENSG00000173157	ADAMTS20	23	32	52	22	39	34	18	21
ENSG00000173163	COMMD1	238	252	265	245	181	165	146	231
ENSG00000173166	RAPH1	340	459	411	274	287	139	196	197
ENSG00000173171	MTX1	1808	1911	1907	1577	1284	1048	1351	1556
ENSG00000173175	ADCY5	12	3	11	4	7	6	6	3
ENSG00000173193	PARP14	572	579	794	329	453	295	218	242
ENSG00000173198	CYSLTR1	26	46	15	27	16	7	6	7
ENSG00000173200	PARP15	133	145	105	122	135	161	157	102
ENSG00000173207	CKS1B	3448	3972	3666	3701	3406	2060	4037	2865
ENSG00000173208	ABCD2	1	1	8	8	1	1	2	0
ENSG00000173210	ABLIM3	223	315	277	222	183	168	270	138
ENSG00000173212	MAB21L3	771	785	638	513	755	699	724	367
ENSG00000173213	TUBB8B	1	0	0	0	1	5	1	2
ENSG00000173214	MFSD4B	258	325	283	252	322	329	342	173
ENSG00000173218	VANGL1	930	897	893	774	556	460	459	433
ENSG00000173221	GLRX	561	992	855	844	576	604	536	792
ENSG00000173226	IQCB1	464	666	671	501	443	265	467	344
ENSG00000173227	SYT12	8	10	8	10	8	8	6	17
ENSG00000173230	GOLGB1	940	1360	1575	688	807	860	691	462
ENSG00000173237	C11orf86	1	6	5	9	2	1	2	5
ENSG00000173250	GPR151	0	1	0	0	0	2	0	0
ENSG00000173253	DMRT2	32	27	9	10	38	64	0	170
ENSG00000173258	ZNF483	74	107	140	89	106	69	71	57
ENSG00000173261	PLAC8L1	3	8	8	6	6	17	8	3
ENSG00000173262	SLC2A14	7	19	16	16	13	2	9	3
ENSG00000173264	GPR137	1009	909	947	884	639	810	527	779
ENSG00000173267	SNCG	9	29	23	29	14	106	3	102
ENSG00000173269	MMRN2	21	25	39	23	24	33	11	34
ENSG00000173272	MZT2A	1032	1597	1755	1531	1022	678	1160	1012
ENSG00000173273	TNKS	710	928	814	621	583	354	376	538
ENSG00000173275	ZNF449	116	101	82	112	102	61	102	64
ENSG00000173276	ZBTB21	336	356	379	328	401	202	258	234
ENSG00000173281	PPP1R3B	195	488	369	223	446	200	200	396
ENSG00000173285	OR10K1	13	7	9	3	8	18	10	3
ENSG00000173320	STOX2	7	1	2	7	12	15	13	5
ENSG00000173327	MAP3K11	2971	2483	3209	2410	1578	1514	1338	1913
ENSG00000173334	TRIB1	574	443	365	366	479	453	331	610
ENSG00000173338	KCNK7	8	15	6	13	8	15	5	25
ENSG00000173349	SFT2D3	0	0	0	0	0	0	3	0
ENSG00000173366	NA	0	0	6	0	5	3	0	0
ENSG00000173372	C1QA	0	0	0	1	0	0	0	0
ENSG00000173376	NDNF	0	1	1	0	1	1	0	5
ENSG00000173389	IQCF1	9	4	21	0	4	0	10	3
ENSG00000173391	OLR1	0	0	0	1	1	0	0	0
ENSG00000173401	GLIPR1L1	1	6	2	0	0	0	1	1
ENSG00000173402	DAG1	2582	2788	3036	2336	1900	1389	1387	2128
ENSG00000173404	INSM1	0	0	0	0	0	0	0	0
ENSG00000173406	DAB1	0	0	0	0	0	0	0	0
ENSG00000173409	ARV1	774	772	697	585	507	454	370	518
ENSG00000173418	NAA20	1962	2137	2113	2055	1556	1246	1535	1602
ENSG00000173421	IHO1	4	12	13	13	11	24	10	11
ENSG00000173432	SAA1	7	11	12	5	0	4	6	1
ENSG00000173436	MICOS10	1936	2223	2295	2002	1296	1203	1270	1574
ENSG00000173442	EHBP1L1	4662	4748	5014	3933	3286	3128	2962	3281
ENSG00000173451	THAP2	99	156	96	94	75	89	85	76
ENSG00000173452	TMEM196	0	0	0	0	0	0	0	0
ENSG00000173456	RNF26	1458	1460	1621	1442	1012	774	945	1119
ENSG00000173457	PPP1R14B	6998	8477	8235	8221	5902	4333	5880	6977
ENSG00000173465	ZNRD2	1022	1024	1215	1081	741	477	646	781
ENSG00000173473	SMARCC1	4665	5382	6035	4138	3505	2515	2639	3160
ENSG00000173480	ZNF417	154	153	186	92	143	88	79	79
ENSG00000173482	PTPRM	642	883	905	524	301	157	211	240
ENSG00000173486	FKBP2	761	899	765	846	581	681	683	877
ENSG00000173511	VEGFB	996	1556	1442	1271	1027	667	816	1033
ENSG00000173517	PEAK1	442	562	493	358	375	250	406	288
ENSG00000173530	TNFRSF10D	0	0	0	1	1	0	0	0
ENSG00000173531	MST1	66	129	89	69	94	77	89	43
ENSG00000173535	TNFRSF10C	20	19	28	10	20	5	2	12
ENSG00000173540	GMPPB	746	773	814	736	632	408	715	504
ENSG00000173542	MOB1B	456	481	469	345	381	371	314	325
ENSG00000173545	ZNF622	1203	1486	1528	1213	1059	689	821	1159
ENSG00000173546	CSPG4	2599	4315	4269	3325	3548	1881	3387	2450
ENSG00000173548	SNX33	883	1499	1630	985	1357	407	885	657
ENSG00000173557	FAM166C	15	16	11	16	7	4	6	13
ENSG00000173559	NABP1	529	637	601	585	434	323	587	298
ENSG00000173567	ADGRF3	10	3	0	0	4	0	3	1
ENSG00000173572	NLRP13	0	0	0	0	0	0	0	0
ENSG00000173575	CHD2	1259	2167	2103	1393	1457	1102	1373	1126
ENSG00000173578	XCR1	0	1	1	1	0	0	0	0
ENSG00000173581	CCDC106	890	1125	1140	833	666	930	403	916
ENSG00000173585	CCR9	1	0	0	0	0	0	0	1
ENSG00000173588	CEP83	229	286	288	272	196	178	255	200
ENSG00000173597	SULT1B1	430	331	239	180	251	412	425	571
ENSG00000173598	NUDT4	1786	1894	1997	1622	1420	1249	1394	1270
ENSG00000173599	PC	292	364	427	335	280	277	183	390
ENSG00000173610	UGT2A1	0	0	0	0	0	0	0	0
ENSG00000173611	SCAI	180	305	242	195	206	163	188	131
ENSG00000173612	GPRC6A	0	0	0	0	0	0	0	0
ENSG00000173614	NMNAT1	158	206	269	191	104	121	104	95
ENSG00000173621	LRFN4	1657	2052	1999	2007	1363	1189	1556	1574
ENSG00000173626	TRAPPC3L	6	32	33	23	7	2	12	2
ENSG00000173627	APOBEC4	0	2	0	0	0	0	0	0
ENSG00000173638	SLC19A1	681	767	845	673	559	434	511	546
ENSG00000173641	HSPB7	0	6	4	2	1	4	1	3
ENSG00000173653	RCE1	374	444	531	519	341	285	354	403
ENSG00000173660	UQCRH	6838	8721	8181	7200	5888	4654	5318	6151
ENSG00000173662	TAS1R1	1	0	4	0	0	8	0	1
ENSG00000173673	HES3	0	0	0	0	0	1	0	0
ENSG00000173674	EIF1AX	3866	4470	4443	4436	3993	2666	3492	3275
ENSG00000173678	SPDYE2B	0	0	0	27	0	0	0	0
ENSG00000173681	BCLAF3	212	224	227	194	168	104	150	134
ENSG00000173692	PSMD1	2630	2426	3076	2278	1767	923	1241	1411
ENSG00000173698	ADGRG2	10	6	4	4	12	23	5	10
ENSG00000173702	MUC13	34	66	67	58	15	5	99	13
ENSG00000173705	SUSD5	121	101	84	67	135	78	82	57
ENSG00000173706	HEG1	925	1145	1092	882	832	498	754	600
ENSG00000173714	WFIKKN2	1	0	0	0	0	0	0	0
ENSG00000173715	C11orf80	263	411	339	292	260	261	220	358
ENSG00000173726	TOMM20	12249	13743	13252	10842	9910	6792	8598	9170
ENSG00000173744	AGFG1	1117	1207	1187	1020	841	716	757	1104
ENSG00000173757	STAT5B	738	834	907	670	545	314	498	345
ENSG00000173762	CD7	0	4	2	3	0	1	1	0
ENSG00000173769	TOPAZ1	0	3	0	0	1	1	0	1
ENSG00000173786	CNP	3175	3520	3652	2644	2557	2854	1773	3447
ENSG00000173801	JUP	352	396	330	363	277	513	222	345
ENSG00000173805	HAP1	21	14	20	12	20	45	32	13
ENSG00000173809	TDRD12	0	0	0	0	1	17	2	1
ENSG00000173812	EIF1	6102	9008	8417	7308	7274	4374	6651	6405
ENSG00000173818	ENDOV	307	341	314	252	167	172	117	200
ENSG00000173821	RNF213	733	1161	1089	723	825	585	665	535
ENSG00000173825	TIGD3	17	23	17	23	18	11	8	10
ENSG00000173826	KCNH6	0	1	1	1	0	0	5	1
ENSG00000173838	MARCHF10	5	8	3	1	14	12	0	11
ENSG00000173846	PLK3	468	573	619	547	475	254	569	309
ENSG00000173848	NET1	2353	2267	2020	1925	2830	2688	1953	3400
ENSG00000173852	DPY19L1	1643	1456	1455	1310	1082	1039	920	1371
ENSG00000173867	NA	35	62	76	36	19	33	23	38
ENSG00000173868	PHOSPHO1	31	46	38	32	15	10	15	7
ENSG00000173875	ZNF791	729	793	696	575	700	708	471	576
ENSG00000173889	PHC3	481	597	559	459	501	323	421	335
ENSG00000173890	GPR160	14	26	34	16	29	3	11	12
ENSG00000173894	CBX2	308	303	305	321	245	176	256	213
ENSG00000173898	SPTBN2	1904	2101	2634	1647	1475	1048	1277	1275
ENSG00000173905	GOLIM4	1262	1198	1164	931	942	870	876	907
ENSG00000173914	RBM4B	365	391	344	329	300	352	311	319
ENSG00000173915	ATP5MK	3275	3062	3178	2690	2341	2274	1378	2948
ENSG00000173917	HOXB2	975	1011	938	985	877	884	1222	934
ENSG00000173918	C1QTNF1	69	109	88	74	43	70	40	81
ENSG00000173926	MARCHF3	5	4	11	12	13	5	14	2
ENSG00000173928	SWSAP1	173	161	167	124	77	104	59	81
ENSG00000173930	SLCO4C1	60	77	47	50	41	42	57	39
ENSG00000173933	RBM4	2499	2812	2963	2593	2142	1945	1882	2414
ENSG00000173947	PIFO	4	6	4	5	7	0	0	5
ENSG00000173950	XXYLT1	372	244	306	213	231	240	173	298
ENSG00000173960	UBXN2A	490	522	589	463	415	322	304	346
ENSG00000173976	RAX2	0	0	0	0	0	0	0	0
ENSG00000173988	LRRC63	2	0	0	2	8	7	4	8
ENSG00000173991	TCAP	10	6	6	3	12	12	5	8
ENSG00000173992	CCS	348	422	353	383	314	314	299	366
ENSG00000174004	NRROS	62	63	59	41	24	36	43	57
ENSG00000174007	CEP19	83	52	37	43	45	53	25	41
ENSG00000174010	KLHL15	410	531	599	376	385	234	191	272
ENSG00000174013	FBXO45	669	806	781	564	500	488	444	503
ENSG00000174016	TENT5D	2	1	2	4	1	0	2	0
ENSG00000174021	GNG5	1555	1792	1701	1522	1132	1220	1247	1515
ENSG00000174032	SLC25A30	206	162	159	131	147	150	73	144
ENSG00000174038	C9orf131	1	1	0	2	1	0	0	0
ENSG00000174059	CD34	41	47	32	43	40	51	59	25
ENSG00000174080	CTSF	456	498	473	422	843	352	190	603
ENSG00000174099	MSRB3	206	236	287	225	249	143	228	103
ENSG00000174106	LEMD3	514	611	579	546	424	340	467	365
ENSG00000174109	C16orf91	385	419	430	364	326	219	271	306
ENSG00000174123	TLR10	5	14	3	14	9	4	8	5
ENSG00000174125	TLR1	36	30	25	32	28	42	7	41
ENSG00000174130	TLR6	279	238	224	200	186	199	240	172
ENSG00000174132	FAM174A	391	408	430	400	375	317	331	370
ENSG00000174136	RGMB	696	987	976	752	796	407	1003	536
ENSG00000174137	FAM53A	57	66	59	40	36	46	28	50
ENSG00000174145	NWD2	1	0	0	0	0	0	0	1
ENSG00000174151	CYB561D1	244	254	270	199	167	153	131	158
ENSG00000174165	ZDHHC24	411	485	520	445	429	374	317	483
ENSG00000174173	TRMT10C	1281	1303	1352	1181	935	829	759	993
ENSG00000174177	CTU2	452	447	605	516	336	323	401	403
ENSG00000174197	MGA	330	402	335	231	300	227	232	166
ENSG00000174206	KICS2	170	222	210	189	109	108	125	141
ENSG00000174225	ARL13A	0	0	0	0	0	0	0	0
ENSG00000174226	SNX31	0	0	0	0	0	0	0	0
ENSG00000174227	PIGG	691	768	806	647	512	433	500	473
ENSG00000174231	PRPF8	4305	5030	7335	3401	3162	1676	1865	1858
ENSG00000174233	ADCY6	724	984	1102	667	555	304	606	364
ENSG00000174236	REP15	20	12	11	14	20	33	15	18
ENSG00000174238	PITPNA	2271	2128	2518	1954	1340	1185	1076	1627
ENSG00000174243	DDX23	1901	1848	2202	1596	1091	824	954	1142
ENSG00000174255	ZNF80	0	0	0	0	15	0	0	0
ENSG00000174276	ZNHIT2	769	867	945	663	572	504	471	685
ENSG00000174279	EVX2	3	3	6	1	3	2	1	7
ENSG00000174282	ZBTB4	1344	1721	1774	1167	1347	1062	992	1136
ENSG00000174292	TNK1	42	47	56	37	38	34	13	47
ENSG00000174306	ZHX3	940	854	917	659	686	572	755	635
ENSG00000174307	PHLDA3	3899	3809	3504	2726	2867	2010	2179	3497
ENSG00000174326	SLC16A11	1	1	4	0	1	7	7	3
ENSG00000174327	SLC16A13	62	55	47	59	63	34	28	52
ENSG00000174332	GLIS1	7	1	4	0	6	11	6	1
ENSG00000174343	CHRNA9	332	171	76	44	215	749	27	558
ENSG00000174348	PODN	2	3	0	1	3	4	0	0
ENSG00000174371	EXO1	547	565	535	433	425	334	368	345
ENSG00000174373	RALGAPA1	298	305	298	192	219	206	172	192
ENSG00000174405	LIG4	502	509	443	414	340	394	320	329
ENSG00000174417	TRHR	7	7	6	5	6	1	1	1
ENSG00000174428	GTF2IRD2B	340	423	331	368	275	185	178	310
ENSG00000174429	ABRA	0	0	0	0	1	0	1	0
ENSG00000174437	ATP2A2	3779	3736	4129	2975	1679	764	1732	1423
ENSG00000174442	ZWILCH	917	866	855	660	548	420	438	521
ENSG00000174444	RPL4	10133	14019	14883	11410	9948	6355	7485	10552
ENSG00000174446	SNAPC5	394	328	379	339	253	219	267	216
ENSG00000174448	STARD6	7	5	3	1	0	1	4	1
ENSG00000174456	C12orf76	252	337	277	232	235	228	207	275
ENSG00000174460	ZCCHC12	0	0	0	0	0	0	0	1
ENSG00000174469	CNTNAP2	3	0	0	0	1	0	4	0
ENSG00000174473	GALNTL6	38	35	34	20	25	20	73	40
ENSG00000174482	LINGO2	14	22	16	5	28	21	2	115
ENSG00000174483	BBS1	448	511	624	404	336	296	272	355
ENSG00000174485	DENND4A	528	542	605	481	467	363	350	425
ENSG00000174498	IGDCC3	4	1	1	2	1	5	0	3
ENSG00000174500	GCSAM	11	6	12	14	8	8	19	8
ENSG00000174501	ANKRD36C	87	144	134	100	149	165	162	93
ENSG00000174502	SLC26A9	19	8	12	6	0	17	0	0
ENSG00000174514	MFSD4A	0	0	2	5	0	0	3	0
ENSG00000174516	PELI3	133	200	214	172	163	88	108	121
ENSG00000174521	TTC9B	2	10	5	2	7	5	5	2
ENSG00000174527	MYO1H	0	2	1	0	0	0	0	0
ENSG00000174529	TMEM81	40	46	42	37	40	54	54	37
ENSG00000174547	MRPL11	699	952	830	839	669	396	567	549
ENSG00000174564	IL20RB	35	22	27	32	19	0	40	0
ENSG00000174567	GOLT1A	24	66	87	44	41	9	152	7
ENSG00000174574	AKIRIN1	1869	1744	2242	1601	1220	1056	957	1341
ENSG00000174576	NPAS4	0	2	0	0	1	0	0	0
ENSG00000174579	MSL2	834	957	927	708	670	408	663	488
ENSG00000174586	ZNF497	65	70	38	45	36	76	26	35
ENSG00000174599	TRAM1L1	134	129	121	99	99	73	91	75
ENSG00000174600	CMKLR1	38	3	6	4	7	14	15	11
ENSG00000174606	ANGEL2	882	792	674	569	457	565	530	540
ENSG00000174607	UGT8	220	221	244	179	137	110	155	158
ENSG00000174611	KY	73	46	51	35	12	9	21	10
ENSG00000174628	IQCK	143	113	90	105	84	45	42	84
ENSG00000174640	SLCO2A1	4	11	14	13	4	4	3	1
ENSG00000174652	ZNF266	517	498	442	395	428	459	385	391
ENSG00000174667	OR7D4	0	1	2	1	1	1	0	0
ENSG00000174669	SLC29A2	223	229	267	223	89	128	51	106
ENSG00000174672	BRSK2	13	8	5	7	4	13	3	4
ENSG00000174684	B4GAT1	832	940	810	858	607	514	429	808
ENSG00000174695	TMEM167A	1962	1732	1675	1481	1121	1455	1008	1147
ENSG00000174697	LEP	0	0	1	0	0	1	0	0
ENSG00000174705	SH3PXD2B	765	799	767	618	522	231	337	282
ENSG00000174718	RESF1	356	352	353	262	208	201	203	197
ENSG00000174720	LARP7	874	1016	1143	787	682	808	624	802
ENSG00000174721	FGFBP3	137	146	137	105	156	87	76	139
ENSG00000174738	NR1D2	1066	1448	1565	1167	873	543	896	564
ENSG00000174740	PABPC5	47	42	32	49	49	32	30	33
ENSG00000174744	BRMS1	1271	1137	1398	1288	946	797	850	1039
ENSG00000174748	RPL15	28534	39356	38462	34687	33579	18954	24345	32492
ENSG00000174749	FAM241A	1237	1370	1400	1100	1003	954	1186	915
ENSG00000174775	HRAS	824	937	1080	1063	814	702	729	938
ENSG00000174780	SRP72	5243	6514	7431	5432	4468	2430	3397	3254
ENSG00000174788	PCP2	1	0	1	0	0	0	0	0
ENSG00000174791	RIN1	1203	1487	1373	1378	845	617	621	901
ENSG00000174792	ODAPH	7	6	4	2	3	11	3	2
ENSG00000174796	THAP6	211	234	202	145	193	142	166	165
ENSG00000174799	CEP135	377	384	416	359	338	223	314	152
ENSG00000174804	FZD4	85	92	125	93	104	63	87	43
ENSG00000174807	CD248	3	0	2	1	1	38	0	0
ENSG00000174808	BTC	24	21	19	9	18	28	4	31
ENSG00000174827	PDZK1	16	24	12	11	3	11	15	5
ENSG00000174837	ADGRE1	427	403	385	368	270	227	290	296
ENSG00000174839	DENND6A	902	969	963	790	684	539	705	508
ENSG00000174840	PDE12	1374	1455	1552	1115	888	760	762	864
ENSG00000174842	GLMN	251	264	303	191	154	154	147	164
ENSG00000174844	DNAH12	3	2	3	5	3	4	2	1
ENSG00000174851	YIF1A	1362	1461	1752	1649	1098	846	904	1186
ENSG00000174871	CNIH2	497	432	420	336	230	404	127	453
ENSG00000174885	NLRP6	1	1	0	0	0	0	0	0
ENSG00000174886	NDUFA11	2408	2909	3142	2929	2540	2034	2214	2854
ENSG00000174891	RSRC1	594	586	688	593	522	387	454	484
ENSG00000174898	CATSPERD	2	0	0	0	0	0	0	0
ENSG00000174903	RAB1B	5361	5920	6938	5915	3772	3052	3236	4485
ENSG00000174915	PTDSS2	345	449	573	469	338	225	207	381
ENSG00000174917	MICOS13	2048	2171	2504	2213	1488	1346	1200	1851
ENSG00000174928	C3orf33	66	106	119	82	95	55	92	55
ENSG00000174938	SEZ6L2	685	1017	990	728	1002	580	480	840
ENSG00000174939	ASPHD1	167	207	257	190	224	184	112	209
ENSG00000174943	KCTD13	525	532	591	460	380	451	501	526
ENSG00000174944	P2RY14	0	0	0	0	0	0	0	0
ENSG00000174945	AMZ1	10	4	4	0	2	0	6	1
ENSG00000174946	GPR171	0	0	0	2	0	0	0	0
ENSG00000174950	CD164L2	0	0	1	0	0	0	0	0
ENSG00000174951	FUT1	12	7	6	6	20	28	9	14
ENSG00000174953	DHX36	1731	1772	1781	1371	1169	1070	1038	1265
ENSG00000174963	ZIC4	9	4	5	3	3	8	1	4
ENSG00000174989	FBXW8	447	549	576	302	261	232	267	316
ENSG00000174990	CA5A	0	0	1	1	0	0	0	0
ENSG00000174992	ZG16	2	1	1	0	0	0	2	0
ENSG00000174996	KLC2	1656	1741	1957	1490	1160	1232	1251	1390
ENSG00000175003	SLC22A1	12	3	15	0	0	3	3	2
ENSG00000175018	TEX36	9	8	11	4	6	1	5	2
ENSG00000175029	CTBP2	1466	1712	1845	1369	1294	1033	1038	1191
ENSG00000175040	CHST2	278	126	96	139	125	268	131	182
ENSG00000175048	ZDHHC14	103	100	105	73	40	44	51	78
ENSG00000175054	ATR	506	385	619	267	249	162	0	98
ENSG00000175063	UBE2C	2254	2667	2556	2551	2028	1791	2403	2313
ENSG00000175065	DSG4	14	2	5	1	7	6	2	9
ENSG00000175066	GK5	202	225	291	242	250	117	264	116
ENSG00000175073	VCPIP1	688	791	823	574	578	439	385	545
ENSG00000175077	RTP1	0	0	0	0	0	0	0	0
ENSG00000175084	DES	0	2	1	30	0	0	0	0
ENSG00000175087	PDIK1L	342	352	386	276	256	208	195	261
ENSG00000175093	SPSB4	4	1	3	0	12	13	1	14
ENSG00000175097	RAG2	0	0	0	0	0	0	0	0
ENSG00000175104	TRAF6	285	306	309	270	216	159	154	195
ENSG00000175105	ZNF654	495	645	633	405	450	322	282	363
ENSG00000175106	TVP23C	92	125	99	91	102	123	108	44
ENSG00000175110	MRPS22	1171	1428	1384	1217	859	683	693	906
ENSG00000175115	PACS1	1478	1902	2064	1619	1215	897	990	1073
ENSG00000175121	WFDC5	0	1	0	0	0	0	2	0
ENSG00000175130	MARCKSL1	6763	6242	5779	6096	3645	5956	4010	5658
ENSG00000175137	SH3BP5L	1528	1365	1346	1021	811	947	1013	1036
ENSG00000175155	YPEL2	84	66	68	41	118	91	28	78
ENSG00000175161	CADM2	1	1	3	1	3	5	0	0
ENSG00000175164	ABO	0	1	1	1	0	0	0	0
ENSG00000175166	PSMD2	6199	5714	7398	4879	3915	1976	3969	2822
ENSG00000175175	PPM1E	9	15	19	19	15	11	7	6
ENSG00000175182	FAM131A	419	508	508	382	363	316	460	331
ENSG00000175183	CSRP2	341	392	290	292	294	532	241	291
ENSG00000175189	INHBC	6	3	10	5	3	1	3	0
ENSG00000175193	PARL	912	979	1103	993	733	474	586	660
ENSG00000175197	DDIT3	287	544	642	348	506	321	803	355
ENSG00000175198	PCCA	348	428	422	259	196	178	180	192
ENSG00000175202	HIGD2B	0	2	0	0	1	1	0	0
ENSG00000175203	DCTN2	1452	1693	1873	1707	925	843	1049	1254
ENSG00000175206	NPPA	1	2	2	1	1	2	3	0
ENSG00000175213	ZNF408	282	405	435	294	263	199	217	273
ENSG00000175215	CTDSP2	2523	3020	3023	2799	1732	1407	1487	1708
ENSG00000175216	CKAP5	2595	3243	3858	2590	2434	1794	1891	1869
ENSG00000175220	ARHGAP1	2549	2348	2891	2123	1575	1164	1122	1610
ENSG00000175221	MED16	1178	1692	1913	1471	1025	678	822	1092
ENSG00000175224	ATG13	1787	1896	2099	1577	1204	910	889	1319
ENSG00000175229	GAL3ST3	0	3	0	0	1	5	4	3
ENSG00000175262	C1orf127	0	0	0	0	0	0	0	3
ENSG00000175264	CHST1	775	394	304	307	347	574	305	691
ENSG00000175265	GOLGA8A	709	852	654	598	592	1017	956	453
ENSG00000175267	VWA3A	0	2	2	2	1	0	0	3
ENSG00000175274	TP53I11	10	0	2	0	1	2	1	4
ENSG00000175279	CENPS	339	363	370	319	262	212	230	290
ENSG00000175283	DOLK	318	333	418	281	257	280	217	338
ENSG00000175287	PHYHD1	2	1	3	6	5	6	4	0
ENSG00000175294	CATSPER1	140	206	165	202	166	121	181	172
ENSG00000175305	CCNE2	218	185	216	173	134	146	133	169
ENSG00000175309	PHYKPL	225	458	397	282	212	123	163	164
ENSG00000175311	ANKS4B	1	6	2	4	8	4	10	6
ENSG00000175315	CST6	2	3	1	4	0	0	0	1
ENSG00000175318	GRAMD2A	1	0	0	0	0	0	0	0
ENSG00000175322	ZNF519	0	28	26	30	25	21	30	0
ENSG00000175324	LSM1	538	485	459	453	391	317	274	368
ENSG00000175325	PROP1	0	0	0	0	0	0	0	0
ENSG00000175329	ISX	1	0	0	0	2	0	0	0
ENSG00000175334	BANF1	5513	5994	6044	6011	4202	4079	3778	5381
ENSG00000175336	APOF	0	0	0	0	1	0	0	1
ENSG00000175344	CHRNA7	7	5	7	9	1	0	1	2
ENSG00000175348	TMEM9B	619	610	689	546	503	462	356	591
ENSG00000175352	NRIP3	176	176	211	89	117	185	196	202
ENSG00000175354	PTPN2	608	755	810	917	670	355	607	470
ENSG00000175356	SCUBE2	6	2	2	3	7	2	0	1
ENSG00000175376	EIF1AD	817	897	854	795	667	460	551	584
ENSG00000175387	SMAD2	1645	2286	2054	2298	2068	1012	2172	1241
ENSG00000175390	EIF3F	1374	1938	2216	1565	1492	574	632	1049
ENSG00000175395	ZNF25	95	100	77	63	73	50	85	72
ENSG00000175414	ARL10	112	153	117	81	162	143	62	129
ENSG00000175416	CLTB	1577	1762	2201	1652	1257	982	1275	1232
ENSG00000175426	PCSK1	42	164	144	163	265	85	68	105
ENSG00000175445	LPL	1	5	1	3	2	2	12	3
ENSG00000175449	RFESD	43	51	57	50	54	28	38	36
ENSG00000175455	CCDC14	1081	1216	995	874	1050	942	707	658
ENSG00000175463	TBC1D10C	1	0	3	0	0	0	1	0
ENSG00000175467	SART1	2384	2959	3256	2590	2224	1467	1971	2053
ENSG00000175470	PPP2R2D	170	167	226	154	133	116	125	127
ENSG00000175471	MCTP1	277	314	333	263	222	147	275	158
ENSG00000175482	POLD4	999	1043	999	959	795	614	584	870
ENSG00000175485	OR52W1	1	0	0	0	1	0	0	0
ENSG00000175489	LRRC25	1	3	2	1	2	1	4	2
ENSG00000175505	CLCF1	238	244	271	192	161	149	214	156
ENSG00000175513	TSGA10IP	1	1	0	0	0	0	3	4
ENSG00000175518	UBQLNL	1	2	3	0	0	0	5	0
ENSG00000175536	LIPT2	131	132	137	132	85	68	65	81
ENSG00000175538	KCNE3	7	12	11	6	3	2	1	1
ENSG00000175544	CABP4	8	12	9	10	10	18	14	4
ENSG00000175548	ALG10B	476	641	562	511	472	385	510	408
ENSG00000175550	DRAP1	7237	10290	12525	10468	7939	4899	9761	6948
ENSG00000175556	LONRF3	68	76	65	26	23	28	32	54
ENSG00000175564	UCP3	39	36	18	38	26	29	31	25
ENSG00000175567	UCP2	351	335	507	426	208	143	185	231
ENSG00000175573	C11orf68	1283	2070	2234	1696	1563	902	1729	1262
ENSG00000175575	PAAF1	610	806	806	638	449	359	410	538
ENSG00000175581	MRPL48	457	517	516	486	412	363	364	447
ENSG00000175582	RAB6A	1941	2192	2152	1990	1681	1242	1384	1649
ENSG00000175591	P2RY2	14	15	8	15	12	22	21	6
ENSG00000175592	FOSL1	4078	7307	8886	6164	4756	1548	5772	3195
ENSG00000175595	ERCC4	506	491	463	373	292	261	328	208
ENSG00000175600	SUGCT	48	74	72	50	78	52	34	44
ENSG00000175602	CCDC85B	5270	7646	7529	6706	5759	3561	5114	5192
ENSG00000175606	TMEM70	516	466	557	513	394	322	261	364
ENSG00000175634	RPS6KB2	1208	1370	1460	1298	1084	731	734	1127
ENSG00000175643	RMI2	421	442	446	514	379	378	480	370
ENSG00000175662	TOM1L2	929	893	1024	705	671	604	556	604
ENSG00000175691	ZNF77	44	43	65	45	55	38	38	46
ENSG00000175697	GPR156	31	13	14	8	12	4	4	28
ENSG00000175699	CCDC197	0	0	0	0	0	0	0	0
ENSG00000175701	MTLN	4	0	0	0	0	0	0	1
ENSG00000175707	KDF1	3	3	1	0	0	1	0	2
ENSG00000175711	B3GNTL1	175	247	194	162	158	195	198	189
ENSG00000175718	RBMXL3	0	0	0	0	0	0	0	1
ENSG00000175727	MLXIP	1527	1669	1750	1294	851	1036	1408	779
ENSG00000175745	NR2F1	248	240	85	119	225	483	78	592
ENSG00000175756	AURKAIP1	4203	4334	4911	4351	2879	2955	2726	3276
ENSG00000175764	TTLL11	131	163	164	97	105	94	59	110
ENSG00000175766	EIF4E1B	0	0	0	0	0	0	0	0
ENSG00000175768	TOMM5	3570	2922	2953	3028	2057	2069	2105	2393
ENSG00000175782	SLC35E3	340	378	346	301	249	312	342	182
ENSG00000175785	PRIMA1	3	0	0	0	0	0	0	1
ENSG00000175787	ZNF169	65	78	68	54	64	52	66	44
ENSG00000175792	RUVBL1	2930	3213	3601	2857	2103	1559	1860	2181
ENSG00000175793	SFN	489	569	641	487	147	91	469	83
ENSG00000175806	MSRA	240	265	311	239	147	97	141	164
ENSG00000175820	CCDC168	1	4	2	1	0	6	0	0
ENSG00000175826	CTDNEP1	3085	3927	3539	3522	2780	2224	3069	2811
ENSG00000175832	ETV4	2702	3040	3118	2715	2057	1918	2057	2586
ENSG00000175854	SWI5	279	351	458	383	254	205	277	250
ENSG00000175857	GAPT	0	0	0	0	0	0	0	0
ENSG00000175866	BAIAP2	610	820	976	682	546	362	304	627
ENSG00000175868	CALCB	1	0	0	0	0	0	0	0
ENSG00000175874	CREG2	1	12	17	7	9	0	3	0
ENSG00000175877	TMEM270	0	2	1	1	1	2	0	2
ENSG00000175879	HOXD8	214	194	162	179	165	172	151	204
ENSG00000175893	ZDHHC21	705	817	672	583	586	511	544	456
ENSG00000175894	TSPEAR	5	17	7	14	41	2	19	17
ENSG00000175895	PLEKHF2	235	243	305	243	274	116	225	190
ENSG00000175899	A2M	411	241	45	49	1002	1192	5	692
ENSG00000175906	ARL4D	382	315	333	290	366	403	291	486
ENSG00000175920	DOK7	3	3	3	2	12	19	3	18
ENSG00000175928	LRRN1	0	1	2	0	1	2	3	1
ENSG00000175931	UBE2O	1171	1738	1975	1291	1258	780	1004	1033
ENSG00000175938	ORAI3	790	1220	1154	953	734	659	564	703
ENSG00000175946	KLHL38	2	1	0	0	0	0	0	0
ENSG00000175970	UNC119B	1424	1342	1603	1067	826	733	693	863
ENSG00000175984	DENND2C	11	7	17	9	12	9	7	6
ENSG00000175985	PLEKHD1	3	3	1	2	9	3	0	5
ENSG00000176009	ASCL3	1	0	0	0	0	0	3	0
ENSG00000176014	TUBB6	3583	3979	5274	5800	3237	1628	4282	2873
ENSG00000176018	LYSMD3	419	507	500	442	369	301	265	280
ENSG00000176020	AMIGO3	132	68	112	62	42	110	40	86
ENSG00000176022	B3GALT6	1126	1159	1232	1019	917	789	766	1176
ENSG00000176024	ZNF613	21	21	44	22	31	17	9	31
ENSG00000176029	C11orf16	1	3	5	3	0	3	1	2
ENSG00000176040	TMPRSS7	1	0	0	0	0	0	1	1
ENSG00000176046	NUPR1	83	96	156	86	71	35	59	24
ENSG00000176049	JAKMIP2	217	102	102	135	103	137	115	100
ENSG00000176055	MBLAC2	500	462	466	356	270	246	183	269
ENSG00000176058	TPRN	679	691	860	604	486	380	375	488
ENSG00000176076	KCNE5	5	7	10	6	2	8	8	4
ENSG00000176083	ZNF683	0	0	0	0	0	0	0	1
ENSG00000176087	SLC35A4	2084	1816	2067	1736	1252	931	998	1166
ENSG00000176092	CRYBG2	8	9	13	8	4	3	5	1
ENSG00000176095	IP6K1	1414	1465	1658	1374	1007	767	785	960
ENSG00000176101	SSNA1	726	757	963	772	683	528	521	789
ENSG00000176102	CSTF3	1550	1589	1609	1494	1067	1255	978	1267
ENSG00000176105	YES1	1059	1169	1306	1185	1118	593	822	798
ENSG00000176108	CHMP6	425	512	631	588	431	363	408	464
ENSG00000176125	UFSP1	140	149	148	119	94	108	80	144
ENSG00000176136	MC5R	0	0	2	0	0	0	1	0
ENSG00000176142	TMEM39A	527	678	535	527	477	228	296	406
ENSG00000176148	TCP11L1	274	313	333	272	246	147	186	193
ENSG00000176153	GPX2	0	0	0	0	0	0	1	1
ENSG00000176155	CCDC57	122	119	126	136	108	130	123	99
ENSG00000176160	HSF5	0	0	1	0	0	0	0	0
ENSG00000176165	FOXG1	3	1	3	1	4	8	2	4
ENSG00000176170	SPHK1	980	692	814	578	909	615	1623	485
ENSG00000176171	BNIP3	2363	11102	8373	6535	6787	1150	3943	4431
ENSG00000176177	ENTHD1	0	0	0	0	0	0	0	0
ENSG00000176182	MYPOP	298	260	201	197	179	219	145	243
ENSG00000176198	OR11H4	1	0	0	0	0	0	0	0
ENSG00000176204	LRRTM4	3	14	6	12	14	8	3	12
ENSG00000176208	ATAD5	296	347	338	274	307	204	259	170
ENSG00000176209	SMIM19	240	296	326	295	239	170	161	241
ENSG00000176222	ZNF404	26	58	28	27	48	44	16	28
ENSG00000176225	RTTN	89	120	133	27	71	11	130	13
ENSG00000176230	OR4K17	7	12	8	11	5	7	11	5
ENSG00000176231	OR10H4	0	0	0	0	0	0	0	0
ENSG00000176239	OR51B6	0	0	1	2	0	0	1	0
ENSG00000176244	ACBD7	149	274	352	218	139	76	163	76
ENSG00000176248	ANAPC2	662	605	792	584	489	565	442	546
ENSG00000176253	OR4K13	0	1	0	0	0	0	0	0
ENSG00000176261	ZBTB8OS	379	347	398	329	273	255	269	284
ENSG00000176273	SLC35G1	238	186	283	200	157	104	114	177
ENSG00000176293	ZNF135	0	5	1	0	9	15	2	4
ENSG00000176294	OR4N2	0	0	0	0	0	0	0	0
ENSG00000176340	COX8A	3297	3924	4213	3718	2809	1912	2396	3011
ENSG00000176358	TAC4	2	1	0	0	1	0	0	0
ENSG00000176371	ZSCAN2	148	161	163	155	159	111	123	92
ENSG00000176381	PRR18	0	0	0	1	0	1	0	1
ENSG00000176383	B3GNT4	32	85	42	33	42	33	43	29
ENSG00000176386	CDC26	619	751	736	653	443	459	422	597
ENSG00000176387	HSD11B2	12	8	11	3	8	8	1	9
ENSG00000176390	CRLF3	618	753	782	539	573	408	468	506
ENSG00000176393	RNPEP	2414	2928	2774	2034	1616	1158	1262	1662
ENSG00000176396	EID2	671	575	666	473	476	414	315	451
ENSG00000176399	DMRTA1	55	33	30	26	159	186	50	177
ENSG00000176401	EID2B	145	178	194	126	182	116	130	128
ENSG00000176402	GJC3	6	5	2	4	3	1	5	4
ENSG00000176406	RIMS2	42	25	36	22	6	11	28	9
ENSG00000176407	KCMF1	1759	2328	2326	2142	1639	967	1689	1305
ENSG00000176410	DNAJC30	444	455	510	435	373	429	291	462
ENSG00000176422	SPRYD4	528	502	518	464	313	357	344	399
ENSG00000176428	VPS37D	238	326	229	239	266	193	185	337
ENSG00000176438	SYNE3	364	342	401	297	260	178	300	202
ENSG00000176444	CLK2	648	803	560	471	595	576	688	618
ENSG00000176454	LPCAT4	682	754	760	583	443	381	411	576
ENSG00000176463	SLCO3A1	216	179	205	125	144	166	112	201
ENSG00000176472	ZNF575	78	85	72	59	57	57	35	47
ENSG00000176473	WDR25	174	176	205	119	116	130	61	128
ENSG00000176476	SGF29	241	330	384	316	241	170	206	262
ENSG00000176485	PLAAT3	877	1080	1131	916	823	503	739	814
ENSG00000176490	DIRAS1	37	61	36	32	41	42	8	44
ENSG00000176495	OR5AN1	0	0	0	0	1	0	2	0
ENSG00000176531	PHLDB3	191	350	361	255	249	227	181	250
ENSG00000176532	PRR15	3	5	0	1	8	4	1	0
ENSG00000176533	GNG7	42	39	15	17	102	129	15	90
ENSG00000176542	USF3	309	340	304	261	239	212	164	198
ENSG00000176563	CNTD1	3	3	5	0	7	0	3	3
ENSG00000176566	DCAF4L2	8	2	3	2	2	4	2	4
ENSG00000176595	KBTBD11	2	0	5	2	0	0	1	0
ENSG00000176597	B3GNT5	429	425	501	392	327	358	296	511
ENSG00000176619	LMNB2	3824	4489	5764	4312	3182	2105	2912	2795
ENSG00000176623	RMDN1	1215	1201	1367	1127	782	596	609	870
ENSG00000176624	MEX3C	1376	1910	1708	1266	1185	715	1209	947
ENSG00000176635	HORMAD2	0	0	0	0	0	0	0	0
ENSG00000176641	RNF152	10	3	16	8	44	7	23	5
ENSG00000176658	MYO1D	88	83	85	80	196	66	110	144
ENSG00000176678	FOXL1	23	20	16	27	42	33	39	42
ENSG00000176679	TGIF2LY	0	0	0	0	0	0	0	0
ENSG00000176681	LRRC37A	23	37	62	35	40	24	18	24
ENSG00000176692	FOXC2	151	153	159	156	330	128	282	187
ENSG00000176695	OR4F17	0	0	0	1	0	0	1	0
ENSG00000176697	BDNF	193	388	391	305	196	87	151	130
ENSG00000176714	CCDC121	63	49	73	56	57	37	52	38
ENSG00000176715	ACSF3	520	715	815	538	409	287	318	364
ENSG00000176720	BOK	135	296	319	332	243	113	237	221
ENSG00000176723	ZNF843	11	7	11	7	8	8	3	4
ENSG00000176731	RBIS	769	957	819	908	665	533	595	787
ENSG00000176732	PFN4	25	34	50	37	26	16	19	20
ENSG00000176746	MAGEB6	1	0	2	0	0	0	0	0
ENSG00000176749	CDK5R1	156	139	128	106	114	109	98	132
ENSG00000176769	TCERG1L	0	2	0	0	2	1	1	1
ENSG00000176771	NCKAP5	7	19	15	7	29	8	0	21
ENSG00000176774	MAGEB18	0	2	2	0	0	0	0	0
ENSG00000176783	RUFY1	804	998	991	756	571	475	477	574
ENSG00000176788	BASP1	1979	2859	2622	1367	134	37	255	68
ENSG00000176797	DEFB103A	0	0	1	0	0	0	0	0
ENSG00000176798	OR51L1	0	0	0	0	0	0	0	0
ENSG00000176809	LRRC37A3	50	59	48	33	52	39	41	40
ENSG00000176834	VSIG10	246	294	268	246	108	174	259	151
ENSG00000176842	IRX5	13	9	11	9	43	33	44	29
ENSG00000176845	METRNL	642	1032	908	966	820	298	993	592
ENSG00000176853	FAM91A1	1873	2050	2315	1686	1369	866	1003	1166
ENSG00000176871	WSB2	917	848	794	613	512	597	630	629
ENSG00000176884	GRIN1	0	0	0	0	0	0	0	0
ENSG00000176887	SOX11	222	209	188	137	415	513	617	551
ENSG00000176890	TYMS	1858	2403	2901	2863	1931	710	1532	1361
ENSG00000176894	PXMP2	285	381	402	368	239	144	227	267
ENSG00000176896	TCEANC	40	52	46	26	28	22	24	22
ENSG00000176903	PNMA1	1133	1066	1056	1067	745	678	721	921
ENSG00000176907	TCIM	2	3	1	1	23	2	5	7
ENSG00000176909	MAMSTR	16	10	21	16	20	17	13	13
ENSG00000176915	ANKLE2	1683	1768	1867	1523	1082	1058	1725	1094
ENSG00000176919	C8G	0	0	2	0	0	3	0	0
ENSG00000176920	FUT2	17	14	8	7	18	24	7	6
ENSG00000176927	EFCAB5	0	0	4	0	0	1	1	2
ENSG00000176928	GCNT4	4	7	2	0	11	14	0	33
ENSG00000176945	MUC20	14	22	11	7	16	20	5	2
ENSG00000176946	THAP4	1005	1095	1218	984	667	439	604	660
ENSG00000176953	NFATC2IP	1126	1302	1405	1171	882	834	1411	685
ENSG00000176956	LY6H	3	1	0	0	11	8	0	14
ENSG00000176971	FIBIN	12	7	5	18	18	32	4	29
ENSG00000176973	FAM89B	2463	2538	2364	2216	1798	1882	1324	2788
ENSG00000176974	SHMT1	756	903	1132	807	643	492	468	651
ENSG00000176978	DPP7	912	1191	1066	778	1058	1039	835	1444
ENSG00000176979	TRIM60	1	0	0	1	1	0	0	1
ENSG00000176986	SEC24C	2124	2342	2692	1994	1513	1078	1176	1274
ENSG00000176994	SMCR8	691	876	914	627	684	334	482	378
ENSG00000177000	MTHFR	409	492	489	341	266	187	166	249
ENSG00000177025	C19orf18	1	6	3	0	1	0	1	0
ENSG00000177030	DEAF1	346	412	525	554	384	113	247	279
ENSG00000177034	MTX3	1008	1098	1122	845	788	663	804	583
ENSG00000177042	TMEM80	104	188	164	114	150	149	102	103
ENSG00000177045	SIX5	711	813	927	458	480	402	275	613
ENSG00000177047	IFNW1	0	0	0	0	0	2	0	0
ENSG00000177051	FBXO46	524	669	511	408	448	438	344	482
ENSG00000177054	ZDHHC13	206	295	230	207	174	166	127	181
ENSG00000177058	SLC38A9	434	383	354	299	273	251	187	240
ENSG00000177076	ACER2	38	30	43	30	23	8	14	19
ENSG00000177082	WDR73	618	737	827	624	520	420	499	406
ENSG00000177084	POLE	409	514	717	433	345	236	317	250
ENSG00000177096	PHETA2	3	8	3	0	5	1	0	2
ENSG00000177098	SCN4B	3	0	4	0	0	0	0	0
ENSG00000177103	DSCAML1	0	0	1	1	4	0	1	1
ENSG00000177105	RHOG	822	858	914	849	530	469	521	716
ENSG00000177106	EPS8L2	626	1242	1444	1026	779	156	523	319
ENSG00000177108	ZDHHC22	0	0	0	0	2	0	0	0
ENSG00000177119	ANO6	1064	1442	1389	1151	888	538	943	703
ENSG00000177125	ZBTB34	223	318	344	191	308	153	176	261
ENSG00000177138	FAM9B	17	62	76	53	18	2	22	5
ENSG00000177144	NUDT4B	171	184	149	158	197	211	152	167
ENSG00000177150	FAM210A	365	525	536	484	540	173	444	285
ENSG00000177156	TALDO1	1459	1680	1729	1695	1307	1006	1309	1511
ENSG00000177169	ULK1	943	884	922	741	589	694	854	712
ENSG00000177174	OR14C36	0	0	0	0	0	0	0	0
ENSG00000177181	RIMKLA	7	25	18	32	34	3	5	17
ENSG00000177182	CLVS1	1	1	3	4	2	0	1	0
ENSG00000177186	OR2M7	0	0	0	0	0	0	0	0
ENSG00000177189	RPS6KA3	1749	1946	2039	1686	1397	1035	1466	1333
ENSG00000177191	B3GNT8	4	0	5	4	1	4	0	1
ENSG00000177192	PUS1	972	969	1072	875	473	508	584	609
ENSG00000177200	CHD9	617	648	551	466	645	818	675	479
ENSG00000177201	OR2T12	5	3	4	2	3	5	0	1
ENSG00000177202	SPACA4	0	1	2	1	0	0	0	0
ENSG00000177212	OR2T33	12	6	8	7	8	4	5	2
ENSG00000177225	GATD1	661	1082	1240	780	894	694	818	652
ENSG00000177238	TRIM72	11	19	17	11	17	33	36	15
ENSG00000177239	MAN1B1	584	879	840	653	657	404	449	442
ENSG00000177272	KCNA3	0	0	0	0	0	0	0	0
ENSG00000177275	OR2AJ1	1	0	0	0	0	0	0	0
ENSG00000177283	FZD8	391	1093	954	807	1341	328	1262	967
ENSG00000177291	GJD4	0	0	0	1	1	0	0	0
ENSG00000177294	FBXO39	1	1	0	0	0	1	2	1
ENSG00000177301	KCNA2	2	3	0	0	0	0	0	0
ENSG00000177302	TOP3A	1117	1256	1322	937	820	715	712	749
ENSG00000177303	CASKIN2	429	414	539	442	319	248	245	230
ENSG00000177311	ZBTB38	2428	3409	3525	2598	2261	1263	1854	1384
ENSG00000177324	BEND2	0	0	0	1	1	1	0	0
ENSG00000177352	CCDC71	878	1042	1106	973	644	463	656	704
ENSG00000177363	LRRN4CL	10	9	6	4	12	19	8	11
ENSG00000177370	TIMM22	654	672	814	648	461	360	416	499
ENSG00000177374	HIC1	204	219	220	264	166	105	391	62
ENSG00000177380	PPFIA3	231	237	236	155	195	175	84	184
ENSG00000177383	MAGEF1	1320	1320	1145	1126	905	954	797	1027
ENSG00000177398	UMODL1	0	0	0	0	0	0	0	0
ENSG00000177409	SAMD9L	234	171	182	125	179	284	135	169
ENSG00000177414	UBE2U	0	0	0	1	0	0	0	0
ENSG00000177425	PAWR	1333	2006	1736	1564	1228	587	1751	512
ENSG00000177426	TGIF1	561	656	720	561	824	592	683	836
ENSG00000177427	MIEF2	287	345	342	293	276	176	170	221
ENSG00000177432	NAP1L5	1	1	2	1	0	2	0	0
ENSG00000177453	NIM1K	44	49	46	18	47	39	11	133
ENSG00000177459	ERICH5	0	0	1	0	0	0	0	0
ENSG00000177462	OR2T8	8	19	9	10	19	10	8	6
ENSG00000177463	NR2C2	713	750	713	557	671	281	626	549
ENSG00000177464	GPR4	2	4	9	9	7	6	3	1
ENSG00000177465	ACOT4	1	0	1	0	0	0	0	0
ENSG00000177469	CAVIN1	7869	10899	13707	10506	6860	3557	6077	4758
ENSG00000177479	ARIH2	2219	2219	2698	2052	1610	994	1328	1380
ENSG00000177483	RBM44	1	12	2	10	2	3	9	5
ENSG00000177485	ZBTB33	468	544	478	385	441	297	309	390
ENSG00000177494	ZBED2	77	25	28	69	35	3	52	2
ENSG00000177504	VCX2	1321	1193	1532	903	922	278	26	526
ENSG00000177508	IRX3	232	250	318	243	182	218	238	243
ENSG00000177511	ST8SIA3	0	0	0	0	0	0	0	0
ENSG00000177519	RPRM	5	7	8	9	5	4	2	1
ENSG00000177535	OR2B11	0	3	0	0	3	0	0	0
ENSG00000177542	SLC25A22	1913	2285	2632	1697	1023	863	889	1044
ENSG00000177548	RABEP2	541	634	606	474	400	441	400	493
ENSG00000177551	NHLH2	6	6	6	12	11	7	5	9
ENSG00000177556	ATOX1	906	717	660	693	666	838	781	1032
ENSG00000177565	TBL1XR1	1187	1613	1439	1061	1016	683	943	698
ENSG00000177570	SAMD12	57	58	68	36	29	18	17	11
ENSG00000177575	CD163	1	2	4	0	0	0	1	0
ENSG00000177576	C18orf32	245	226	236	297	256	185	274	165
ENSG00000177595	PIDD1	215	286	302	223	140	97	166	175
ENSG00000177599	ZNF491	17	10	19	4	11	5	4	15
ENSG00000177600	RPLP2	10621	14572	13174	13278	11785	8227	10551	13065
ENSG00000177602	HASPIN	148	186	203	154	127	82	107	93
ENSG00000177606	JUN	3868	5212	4043	2971	4112	1208	3644	1370
ENSG00000177613	CSTF2T	563	603	564	484	389	408	340	397
ENSG00000177614	PGBD5	2	3	3	5	6	1	5	6
ENSG00000177627	C12orf54	0	0	0	0	1	0	0	0
ENSG00000177628	GBA	1065	1174	1190	874	909	759	771	927
ENSG00000177646	ACAD9	528	572	650	584	448	305	383	428
ENSG00000177663	IL17RA	308	404	385	310	250	178	265	189
ENSG00000177666	PNPLA2	2511	3181	3680	2557	1869	1350	1192	2058
ENSG00000177669	MBOAT4	2	3	0	2	1	1	0	1
ENSG00000177673	TEX44	0	0	0	0	0	3	0	1
ENSG00000177674	AGTRAP	782	910	1070	892	564	577	623	744
ENSG00000177675	CD163L1	205	221	312	372	72	20	557	29
ENSG00000177679	SRRM3	17	15	1	5	15	2	3	11
ENSG00000177683	THAP5	748	756	781	632	645	465	534	510
ENSG00000177685	CRACR2B	2	0	6	3	3	0	2	0
ENSG00000177688	SUMO4	5	6	6	7	5	9	10	5
ENSG00000177689	MAGEB10	1	2	1	1	1	0	3	1
ENSG00000177692	DNAJC28	14	9	13	5	8	13	9	8
ENSG00000177694	NAALADL2	3	0	4	2	6	2	3	3
ENSG00000177697	CD151	2861	3532	3746	3125	2813	2238	2137	3926
ENSG00000177700	POLR2L	1184	1243	1407	1324	900	573	757	1072
ENSG00000177706	FAM20C	620	725	663	418	516	633	190	339
ENSG00000177707	NECTIN3	464	625	668	719	442	260	433	319
ENSG00000177710	SLC35G5	0	3	1	0	5	2	4	5
ENSG00000177721	ANXA2R	77	64	74	48	70	53	73	57
ENSG00000177728	TMEM94	608	907	935	768	665	364	484	468
ENSG00000177731	FLII	3402	4257	4873	3201	2778	1374	2400	1892
ENSG00000177732	SOX12	2277	2717	2536	2248	1867	1337	1415	1788
ENSG00000177733	HNRNPA0	6738	7355	7781	6713	5252	4436	4787	5018
ENSG00000177752	YIPF7	1	2	3	0	0	0	0	0
ENSG00000177791	MYOZ1	0	0	1	0	0	2	0	0
ENSG00000177807	KCNJ10	5	10	1	5	5	2	1	1
ENSG00000177830	CHID1	600	772	864	749	736	608	565	951
ENSG00000177839	PCDHB9	132	112	66	82	158	165	94	119
ENSG00000177842	ZNF620	38	49	71	32	23	16	14	22
ENSG00000177853	ZNF518A	332	397	349	331	210	157	203	193
ENSG00000177854	TMEM187	45	86	79	58	63	29	28	50
ENSG00000177868	SVBP	205	268	294	281	267	142	159	235
ENSG00000177873	ZNF619	87	97	103	60	102	49	74	51
ENSG00000177875	CCDC184	45	42	33	41	38	101	46	91
ENSG00000177879	AP3S1	1915	2896	3306	3983	2033	956	1930	1788
ENSG00000177885	GRB2	2623	2855	3237	2624	2200	1608	1880	2008
ENSG00000177888	ZBTB41	695	690	538	515	513	382	429	422
ENSG00000177889	UBE2N	4324	4511	4735	4141	2398	2610	2843	3228
ENSG00000177910	SPATA31C2	57	124	164	81	113	44	94	37
ENSG00000177917	ARL6IP6	155	360	252	323	205	184	158	209
ENSG00000177932	ZNF354C	44	50	61	34	93	109	32	91
ENSG00000177938	CAPZA3	0	0	0	0	0	0	1	0
ENSG00000177943	MAMDC4	33	46	12	11	36	37	62	27
ENSG00000177951	BET1L	1053	1119	1356	1061	901	545	547	865
ENSG00000177954	RPS27	17253	23329	18199	16867	20407	12242	15598	20780
ENSG00000177963	RIC8A	2462	2747	2902	2342	1621	1228	1410	1801
ENSG00000177971	IMP3	2100	2589	2632	2362	2049	1476	1813	1876
ENSG00000177981	ASB8	728	736	751	621	470	517	454	533
ENSG00000177984	LCN15	0	0	0	0	0	0	0	0
ENSG00000177989	ODF3B	28	27	8	9	21	22	3	20
ENSG00000177990	DPY19L2	46	40	42	53	19	56	38	23
ENSG00000177992	SPATA31E1	2	0	1	0	1	0	0	0
ENSG00000177994	C2orf73	1	0	1	0	1	0	1	0
ENSG00000178021	TSPYL6	0	3	0	0	0	0	1	0
ENSG00000178026	LRRC75B	11	31	29	23	11	15	6	22
ENSG00000178028	DMAP1	475	579	709	564	446	391	421	459
ENSG00000178031	ADAMTSL1	1203	1229	1462	819	1106	500	810	612
ENSG00000178033	CALHM5	85	80	60	72	43	46	75	22
ENSG00000178035	IMPDH2	8678	13999	14021	10800	9446	3899	6000	8125
ENSG00000178038	ALS2CL	57	51	117	101	40	4	64	17
ENSG00000178053	MLF1	383	530	534	446	470	281	227	403
ENSG00000178057	NDUFAF3	1084	1458	1390	1222	1031	642	901	1075
ENSG00000178074	C2orf69	309	383	393	316	267	167	246	222
ENSG00000178075	GRAMD1C	19	29	24	31	25	11	8	12
ENSG00000178078	STAP2	84	129	127	102	101	74	130	118
ENSG00000178084	HTR3C	0	1	0	0	0	0	0	0
ENSG00000178093	TSSK6	0	0	0	42	0	0	34	23
ENSG00000178096	BOLA1	48	79	102	65	36	57	83	49
ENSG00000178104	PDE4DIP	724	665	589	463	597	457	692	347
ENSG00000178105	DDX10	699	756	903	642	626	434	461	481
ENSG00000178115	GOLGA8Q	0	0	0	12	4	6	1	0
ENSG00000178125	PPP1R42	0	0	1	1	0	0	0	0
ENSG00000178127	NDUFV2	1675	1632	1784	2050	1590	1347	1390	1660
ENSG00000178149	DALRD3	902	1263	1153	855	870	443	610	767
ENSG00000178150	ZNF114	5	18	13	11	8	20	34	4
ENSG00000178163	ZNF518B	588	729	637	472	576	358	358	396
ENSG00000178171	AMER3	0	0	0	0	0	0	1	0
ENSG00000178172	SPINK6	6	4	2	11	2	3	1	1
ENSG00000178175	ZNF366	2	4	2	0	1	0	3	1
ENSG00000178177	LCORL	406	520	470	362	279	196	298	294
ENSG00000178184	PARD6G	165	185	217	139	174	63	141	125
ENSG00000178187	ZNF454	4	15	11	8	10	11	13	11
ENSG00000178188	SH2B1	1790	1911	2007	1595	1314	1323	1286	1130
ENSG00000178199	ZC3H12D	30	29	33	21	21	31	35	15
ENSG00000178201	VN1R1	7	11	16	2	16	18	8	7
ENSG00000178202	POGLUT3	1351	1515	1440	1317	998	898	936	884
ENSG00000178209	PLEC	13829	17430	20722	13573	15898	9613	12972	10760
ENSG00000178217	SH2D4B	5	0	5	3	0	0	0	0
ENSG00000178222	RNF212	0	0	0	0	0	0	0	0
ENSG00000178226	PRSS36	2	6	0	0	0	7	5	3
ENSG00000178229	ZNF543	79	133	122	85	104	73	61	55
ENSG00000178233	TMEM151B	1	1	6	3	2	4	1	0
ENSG00000178234	GALNT11	526	546	578	503	460	406	352	482
ENSG00000178235	SLITRK1	183	181	145	98	142	98	119	93
ENSG00000178252	WDR6	3284	3731	3891	3033	2445	2247	2535	2599
ENSG00000178279	TNP2	0	0	1	0	0	0	0	0
ENSG00000178295	GEN1	450	522	427	380	328	310	314	238
ENSG00000178297	TMPRSS9	17	15	13	16	11	7	15	12
ENSG00000178301	AQP11	27	64	33	30	32	26	26	24
ENSG00000178307	TMEM11	482	521	466	485	430	378	416	427
ENSG00000178338	ZNF354B	105	119	111	82	113	79	86	77
ENSG00000178342	KCNG2	0	2	3	1	2	0	0	0
ENSG00000178343	SHISA3	1	6	3	2	3	12	0	2
ENSG00000178358	OR2D3	0	0	1	0	0	0	0	0
ENSG00000178363	CALML3	2	0	0	1	0	4	2	7
ENSG00000178381	ZFAND2A	310	393	422	343	560	200	338	313
ENSG00000178385	PLEKHM3	183	230	218	157	162	124	133	131
ENSG00000178386	ZNF223	90	80	80	56	67	95	46	73
ENSG00000178394	HTR1A	0	0	0	0	0	0	0	0
ENSG00000178397	FAM220A	1	0	0	0	1	2	3	0
ENSG00000178401	DNAJC22	166	211	176	138	135	132	194	161
ENSG00000178403	NEUROG2	0	1	3	1	1	1	0	2
ENSG00000178404	CEP295NL	0	0	6	2	2	3	7	3
ENSG00000178409	BEND3	156	133	156	122	109	63	110	85
ENSG00000178425	NT5DC1	499	708	703	573	463	274	380	388
ENSG00000178445	GLDC	33	24	6	44	121	167	30	321
ENSG00000178449	COX14	492	472	483	430	279	376	344	477
ENSG00000178460	MCMDC2	1	5	1	3	0	6	0	3
ENSG00000178462	TUBAL3	7	5	6	6	1	1	2	3
ENSG00000178467	P4HTM	2	0	0	0	2	0	1	2
ENSG00000178498	DTX3	948	980	966	738	600	938	1010	781
ENSG00000178502	KLHL11	235	214	304	165	189	116	144	111
ENSG00000178531	CTXN1	992	1202	1087	976	627	931	365	1316
ENSG00000178537	SLC25A20	389	394	417	378	279	241	195	303
ENSG00000178538	CA8	0	0	0	0	1	0	0	0
ENSG00000178562	CD28	1	0	1	2	2	1	0	2
ENSG00000178567	EPM2AIP1	1194	1210	1259	1006	1122	964	1009	940
ENSG00000178568	ERBB4	0	1	0	0	0	2	0	0
ENSG00000178573	MAF	271	194	285	327	302	274	172	204
ENSG00000178585	CTNNBIP1	694	805	966	765	570	517	586	504
ENSG00000178586	OR6B3	0	0	0	0	0	0	0	0
ENSG00000178597	PSAPL1	0	1	0	0	0	0	0	0
ENSG00000178602	OTOS	0	2	1	1	0	2	3	0
ENSG00000178605	GTPBP6	1334	1466	1772	1481	1183	657	958	1078
ENSG00000178607	ERN1	217	258	262	182	165	139	259	158
ENSG00000178623	GPR35	6	15	4	7	4	5	13	7
ENSG00000178662	CSRNP3	37	27	18	10	26	25	22	15
ENSG00000178665	ZNF713	46	71	42	53	53	37	54	45
ENSG00000178685	PARP10	688	716	694	542	417	429	342	554
ENSG00000178690	DYNAP	17	32	23	19	8	11	10	9
ENSG00000178691	SUZ12	1312	1502	1525	1234	1259	1096	1129	1121
ENSG00000178694	NSUN3	379	349	345	265	224	229	206	206
ENSG00000178695	KCTD12	201	353	345	304	315	200	207	232
ENSG00000178700	DHFR2	340	386	358	289	258	264	226	203
ENSG00000178718	RPP25	1095	1104	1268	1136	795	552	687	813
ENSG00000178719	GRINA	2289	3075	3266	2474	2095	1321	1414	2317
ENSG00000178726	THBD	1	2	2	2	1	3	1	1
ENSG00000178732	GP5	0	0	0	0	0	0	0	0
ENSG00000178741	COX5A	2200	2842	2791	2639	1757	1303	1791	1911
ENSG00000178750	STX19	0	1	0	1	0	0	0	0
ENSG00000178752	ERFE	27	33	30	14	35	20	21	35
ENSG00000178761	FAM219B	440	465	421	366	357	345	373	394
ENSG00000178764	ZHX2	146	567	485	354	423	94	183	133
ENSG00000178772	CPN2	1	0	2	1	0	1	7	1
ENSG00000178773	CPNE7	39	58	65	52	37	34	79	43
ENSG00000178776	C5orf46	4	2	1	2	9	0	12	1
ENSG00000178789	CD300LB	0	0	0	0	0	3	1	0
ENSG00000178795	GDPD4	0	0	0	0	0	0	0	0
ENSG00000178796	RIIAD1	2	0	2	0	0	0	0	2
ENSG00000178802	MPI	1429	3250	2913	2403	1756	712	1126	1508
ENSG00000178809	TRIM73	15	27	39	23	27	17	17	24
ENSG00000178814	OPLAH	56	63	65	49	62	62	30	98
ENSG00000178821	TMEM52	1	6	0	1	3	3	0	5
ENSG00000178826	TMEM139	0	22	0	0	6	0	0	0
ENSG00000178828	RNF186	0	0	0	1	0	0	0	0
ENSG00000178852	EFCAB13	35	48	27	40	50	98	57	51
ENSG00000178860	MSC	102	41	26	48	53	42	99	48
ENSG00000178878	APOLD1	111	116	146	104	60	72	69	78
ENSG00000178882	RFLNA	0	2	1	0	0	0	0	0
ENSG00000178896	EXOSC4	2175	2187	2354	2011	1282	1320	1050	1999
ENSG00000178904	DPY19L3	359	321	351	243	272	242	180	289
ENSG00000178913	TAF7	2760	3080	3275	2611	2684	1942	1841	2147
ENSG00000178917	ZNF852	12	37	12	13	7	2	7	2
ENSG00000178919	FOXE1	0	1	0	0	0	0	0	0
ENSG00000178921	PFAS	1554	1782	1930	1456	1117	788	1198	1005
ENSG00000178922	HYI	605	1048	1167	912	836	285	695	435
ENSG00000178927	CYBC1	390	417	574	480	390	259	198	358
ENSG00000178928	TPRX1	0	0	0	0	0	0	0	0
ENSG00000178934	LGALS7B	0	5	0	0	5	7	0	4
ENSG00000178935	ZNF552	91	78	74	55	57	72	53	75
ENSG00000178947	SMIM10L2A	4	4	8	2	8	9	1	6
ENSG00000178950	GAK	1649	1679	2075	1320	1135	818	910	1116
ENSG00000178951	ZBTB7A	1131	1142	1243	1246	1260	1628	1559	1408
ENSG00000178952	TUFM	9375	10598	11640	9902	6444	4680	6012	7116
ENSG00000178965	ERICH3	2	1	0	2	2	4	1	3
ENSG00000178966	RMI1	247	295	304	262	239	172	228	207
ENSG00000178971	CTC1	169	139	147	154	165	151	140	127
ENSG00000178974	FBXO34	337	359	363	315	301	195	211	218
ENSG00000178980	SELENOW	957	870	736	810	932	997	464	1254
ENSG00000178982	EIF3K	4028	4272	4595	3477	3028	2346	1908	3146
ENSG00000178988	MRFAP1L1	1333	1313	1259	1258	951	979	816	1047
ENSG00000178996	SNX18	447	408	431	322	311	206	167	217
ENSG00000178997	EXD1	5	2	0	2	0	2	0	0
ENSG00000178999	AURKB	1139	1323	1587	1552	988	751	1220	888
ENSG00000179002	TAS1R2	0	0	0	0	0	0	0	0
ENSG00000179008	C14orf39	7	8	1	3	8	11	5	3
ENSG00000179010	MRFAP1	7681	8455	8747	8063	6201	4722	5349	5758
ENSG00000179021	C3orf38	442	523	482	456	381	361	343	369
ENSG00000179023	KLHDC7A	0	1	7	6	3	0	0	0
ENSG00000179029	TMEM107	231	323	260	278	317	276	254	305
ENSG00000179041	RRS1	1918	1791	1761	1644	1185	1048	1217	1333
ENSG00000179044	EXOC3L1	13	24	13	18	5	4	8	5
ENSG00000179046	TRIML2	25	25	42	32	17	4	41	9
ENSG00000179051	RCC2	7148	7006	7327	6339	4510	4698	4632	4590
ENSG00000179055	OR13D1	0	0	0	0	0	0	0	0
ENSG00000179058	C9orf50	7	2	7	6	10	10	0	19
ENSG00000179059	ZFP42	409	393	432	331	363	237	376	519
ENSG00000179071	CCDC89	2	2	4	7	0	1	3	1
ENSG00000179083	FAM133A	875	615	630	854	486	479	959	559
ENSG00000179085	DPM3	1078	1473	997	979	1207	955	884	1037
ENSG00000179088	C12orf42	0	0	0	0	0	0	1	1
ENSG00000179091	CYC1	4684	5180	6365	5222	2926	1938	2017	3447
ENSG00000179094	PER1	585	954	1673	849	749	598	468	445
ENSG00000179097	HTR1F	0	0	0	1	0	0	0	0
ENSG00000179104	TMTC2	213	175	149	130	188	203	155	274
ENSG00000179111	HES7	131	274	276	188	199	80	115	83
ENSG00000179115	FARSA	8337	9531	10418	7373	6131	3853	3683	6296
ENSG00000179119	SPTY2D1	453	489	506	404	422	295	329	376
ENSG00000179133	C10orf67	1	2	0	0	0	0	0	0
ENSG00000179134	SAMD4B	2704	2730	3191	2095	1871	1300	1277	1666
ENSG00000179148	ALOXE3	20	54	66	23	21	4	26	5
ENSG00000179151	EDC3	1303	1462	1539	1136	839	613	698	823
ENSG00000179152	TCAIM	267	274	307	271	226	177	234	214
ENSG00000179163	FUCA1	324	380	482	399	329	236	182	271
ENSG00000179165	PXT1	0	0	0	0	0	1	3	0
ENSG00000179168	GGN	53	60	50	49	32	37	26	56
ENSG00000179172	HNRNPCL1	0	0	0	2	0	1	0	0
ENSG00000179178	TMEM125	0	0	1	0	0	0	0	0
ENSG00000179195	ZNF664	2297	2271	2650	1935	1323	1307	1287	1518
ENSG00000179213	SIGLECL1	0	0	0	0	0	0	0	0
ENSG00000179218	CALR	15688	16036	17787	14864	14822	10964	9850	15131
ENSG00000179222	MAGED1	2156	2098	2391	1841	1279	1368	865	1552
ENSG00000179240	GVQW3	213	312	249	176	349	225	253	270
ENSG00000179241	LDLRAD3	374	569	528	464	468	333	354	404
ENSG00000179242	CDH4	23	49	22	28	19	1	76	8
ENSG00000179256	SMCO3	1	0	4	5	3	2	3	4
ENSG00000179262	RAD23A	4386	5027	4566	3930	3785	3304	3435	4062
ENSG00000179270	PCARE	0	0	0	0	2	0	0	0
ENSG00000179271	GADD45GIP1	2576	3347	3182	2734	2406	2271	1850	2878
ENSG00000179284	DAND5	8	4	7	8	9	16	5	3
ENSG00000179292	TMEM151A	0	0	2	0	1	4	0	0
ENSG00000179295	PTPN11	3369	3176	3770	2115	1709	888	1615	944
ENSG00000179299	NSUN7	0	2	0	0	0	0	0	0
ENSG00000179300	RTL3	11	9	6	11	32	1	1	6
ENSG00000179304	FAM156B	164	177	206	519	237	428	475	414
ENSG00000179314	WSCD1	5	1	0	0	0	9	2	2
ENSG00000179331	RAB39A	38	54	39	49	11	4	16	5
ENSG00000179335	CLK3	830	1134	1138	907	886	545	732	735
ENSG00000179344	HLA-DQB1	15	7	1	2	22	38	1	34
ENSG00000179348	GATA2	83	118	110	139	172	107	120	130
ENSG00000179361	ARID3B	350	432	535	362	330	111	325	129
ENSG00000179363	TMEM31	0	0	0	0	0	0	0	0
ENSG00000179364	PACS2	285	307	339	266	198	251	134	257
ENSG00000179387	ELMOD2	311	301	284	278	192	248	211	239
ENSG00000179388	EGR3	72	57	54	31	101	108	53	109
ENSG00000179397	CATSPERE	10	9	15	0	7	10	6	10
ENSG00000179399	GPC5	11	13	19	20	13	1	2	3
ENSG00000179403	VWA1	209	158	81	81	99	331	82	364
ENSG00000179407	DNAJB8	0	0	0	0	0	0	0	0
ENSG00000179409	GEMIN4	857	1048	1137	865	726	394	579	617
ENSG00000179412	HNRNPCL4	0	0	0	0	0	0	0	0
ENSG00000179431	FJX1	757	1191	1308	1036	604	261	654	387
ENSG00000179454	KLHL28	278	319	273	210	221	197	201	198
ENSG00000179455	MKRN3	99	140	113	98	119	92	73	89
ENSG00000179456	ZBTB18	512	692	631	548	508	267	396	267
ENSG00000179468	OR9A2	0	1	0	0	0	0	0	0
ENSG00000179476	C14orf28	41	39	39	46	61	38	19	51
ENSG00000179477	ALOX12B	8	16	9	18	12	8	3	9
ENSG00000179520	SLC17A8	0	0	1	0	0	0	1	0
ENSG00000179526	SHARPIN	676	704	688	576	532	466	425	595
ENSG00000179528	LBX2	139	168	190	139	97	155	105	163
ENSG00000179532	DNHD1	255	257	209	182	131	139	236	133
ENSG00000179542	SLITRK4	62	118	73	38	55	13	47	16
ENSG00000179546	HTR1D	21	32	68	32	31	1	45	4
ENSG00000179562	GCC1	605	557	575	483	492	267	327	307
ENSG00000179564	LSMEM2	4	7	2	0	5	4	11	2
ENSG00000179580	RNF151	0	1	0	1	1	1	0	0
ENSG00000179583	CIITA	84	95	70	47	40	60	53	52
ENSG00000179588	ZFPM1	396	426	420	321	330	275	315	295
ENSG00000179593	ALOX15B	3	4	3	4	7	7	1	2
ENSG00000179598	PLD6	176	269	318	208	250	100	228	153
ENSG00000179603	GRM8	0	0	2	0	4	0	2	1
ENSG00000179604	CDC42EP4	960	1018	1161	934	856	659	566	840
ENSG00000179615	OR2AP1	0	1	0	0	1	0	0	0
ENSG00000179626	OR6C4	0	0	0	0	0	0	0	0
ENSG00000179627	ZBTB42	240	167	166	137	104	120	51	161
ENSG00000179630	LACC1	111	116	142	83	106	100	101	99
ENSG00000179632	MAF1	3235	3392	4115	3502	2351	1757	1795	2817
ENSG00000179636	TPPP2	1	0	0	0	0	0	0	0
ENSG00000179639	FCER1A	0	0	0	0	0	0	0	0
ENSG00000179673	RPRML	8	23	16	9	5	7	7	13
ENSG00000179674	ARL14	31	43	74	61	22	4	23	8
ENSG00000179695	OR6C2	0	0	0	0	0	0	0	3
ENSG00000179698	WDR97	0	14	15	7	0	24	0	27
ENSG00000179709	NLRP8	0	0	1	0	0	0	0	0
ENSG00000179715	PCED1B	64	85	63	96	51	59	162	79
ENSG00000179750	APOBEC3B	360	397	473	436	323	265	345	333
ENSG00000179761	PIPOX	7	7	9	11	7	4	7	0
ENSG00000179772	FOXS1	85	5	7	13	23	46	11	22
ENSG00000179774	ATOH7	3	3	3	4	2	0	1	2
ENSG00000179776	CDH5	5	4	8	12	0	1	3	2
ENSG00000179796	LRRC3B	0	0	1	0	0	0	0	0
ENSG00000179813	FAM216B	0	2	5	4	1	0	2	0
ENSG00000179817	MRGPRX4	2	0	4	1	6	12	5	7
ENSG00000179820	MYADM	1548	3086	2901	2404	3206	1288	1889	1577
ENSG00000179826	MRGPRX3	9	5	8	7	13	21	11	12
ENSG00000179832	MROH1	147	155	239	125	202	115	166	170
ENSG00000179833	SERTAD2	868	1829	1707	1147	967	388	1047	600
ENSG00000179841	AKAP5	51	69	53	38	31	52	43	20
ENSG00000179846	NKPD1	3	6	1	0	3	1	4	3
ENSG00000179855	GIPC3	1	0	0	0	0	0	0	0
ENSG00000179859	RNF227	185	206	238	195	234	170	205	230
ENSG00000179862	CITED4	1546	2028	2259	2482	958	1309	1807	1457
ENSG00000179869	ABCA13	61	52	77	22	53	15	31	20
ENSG00000179873	NLRP11	44	64	62	38	74	36	33	61
ENSG00000179886	TIGD5	633	577	670	596	375	343	239	542
ENSG00000179889	PDXDC1	1236	1277	1440	1080	884	637	792	834
ENSG00000179902	CFAP276	0	0	0	0	0	0	0	0
ENSG00000179909	ZNF154	20	20	21	12	22	11	17	13
ENSG00000179912	R3HDM2	1187	1234	1451	1012	868	662	901	815
ENSG00000179913	B3GNT3	0	0	0	0	0	0	0	0
ENSG00000179914	ITLN1	0	0	0	0	0	0	0	0
ENSG00000179915	NRXN1	2	0	0	0	1	13	0	2
ENSG00000179918	SEPHS2	2277	2100	2309	1969	1569	1485	1468	1753
ENSG00000179921	GPBAR1	3	7	3	1	1	4	1	2
ENSG00000179922	ZNF784	208	217	254	154	199	126	112	156
ENSG00000179930	ZNF648	8	2	2	1	9	12	0	5
ENSG00000179933	C14orf119	670	629	634	653	540	462	482	594
ENSG00000179934	CCR8	0	0	0	0	0	0	0	0
ENSG00000179938	GOLGA8J	1	0	0	0	0	1	0	0
ENSG00000179941	BBS10	499	494	505	407	300	307	305	396
ENSG00000179943	FIZ1	643	624	646	424	407	428	287	463
ENSG00000179950	PUF60	3684	3911	4707	3734	2914	1944	2087	3007
ENSG00000179954	SSC5D	257	209	144	113	100	147	61	132
ENSG00000179958	DCTPP1	1523	1511	1724	1607	1339	757	1207	1157
ENSG00000179965	ZNF771	287	273	262	278	189	174	153	249
ENSG00000179981	TSHZ1	2466	2041	1940	1240	910	1043	821	1368
ENSG00000179988	PSTK	93	84	111	81	74	42	27	46
ENSG00000180008	SOCS4	555	508	497	352	405	338	370	308
ENSG00000180011	PTGR3	2179	2268	2294	1460	1069	666	1079	1014
ENSG00000180035	ZNF48	361	514	566	356	351	289	267	319
ENSG00000180043	GARIN5B	7	0	0	0	0	0	0	0
ENSG00000180044	C3orf80	54	21	31	23	47	27	10	49
ENSG00000180053	NKX2-6	0	0	0	0	0	0	0	0
ENSG00000180071	ANKRD18A	62	69	96	51	79	108	154	62
ENSG00000180083	WFDC11	1	0	0	0	0	0	2	1
ENSG00000180089	TMEM86B	40	0	20	10	13	50	17	23
ENSG00000180090	OR3A1	0	0	0	0	0	0	0	0
ENSG00000180096	SEPTIN1	66	97	90	97	62	51	63	62
ENSG00000180098	TRNAU1AP	320	464	421	447	310	219	332	338
ENSG00000180104	EXOC3	1353	1675	1799	1295	1134	758	760	1265
ENSG00000180113	TDRD6	8	6	4	15	4	11	5	9
ENSG00000180116	C12orf40	0	0	0	0	0	0	0	0
ENSG00000180138	CSNK1A1L	17	12	15	22	18	11	17	15
ENSG00000180155	LYNX1	16	9	24	12	22	8	6	19
ENSG00000180176	TH	0	0	0	0	0	0	0	0
ENSG00000180182	MED14	1581	1677	1800	1226	1013	738	678	881
ENSG00000180185	FAHD1	731	780	865	714	651	548	665	605
ENSG00000180190	TDRP	10	37	18	11	17	10	0	7
ENSG00000180198	RCC1	2686	3248	3799	2890	1972	1302	1511	1733
ENSG00000180205	WFDC9	0	0	0	0	1	0	0	0
ENSG00000180209	MYL11	0	1	0	1	0	0	0	0
ENSG00000180210	F2	0	1	0	0	0	0	0	0
ENSG00000180228	PRKRA	417	490	574	580	362	223	306	354
ENSG00000180233	ZNRF2	307	261	284	219	219	167	158	168
ENSG00000180245	RRH	1	9	4	3	1	0	3	0
ENSG00000180251	SLC9A4	14	5	6	12	11	17	14	4
ENSG00000180257	ZNF816	80	69	73	51	65	64	37	48
ENSG00000180263	FGD6	303	318	311	270	144	94	280	75
ENSG00000180287	PLD5	0	0	0	0	0	0	0	0
ENSG00000180304	OAZ2	1651	1879	1987	1943	1285	1071	1122	1370
ENSG00000180305	WFDC10A	0	1	0	0	1	2	0	0
ENSG00000180316	PNPLA1	3	2	0	1	0	2	3	0
ENSG00000180318	ALX1	138	155	148	152	128	150	156	169
ENSG00000180329	CCDC43	671	755	909	695	618	539	593	620
ENSG00000180332	KCTD4	0	0	0	0	0	0	0	0
ENSG00000180336	MEIOC	14	20	25	14	15	13	9	3
ENSG00000180340	FZD2	804	1018	979	901	597	339	432	368
ENSG00000180346	TIGD2	173	197	168	124	144	87	117	94
ENSG00000180347	ITPRID1	1	4	0	0	2	0	0	0
ENSG00000180353	HCLS1	5	2	25	7	2	0	10	7
ENSG00000180354	MTURN	300	382	416	337	333	172	257	306
ENSG00000180357	ZNF609	1473	1697	1847	1265	1155	794	916	765
ENSG00000180370	PAK2	1647	1716	1625	1321	1157	923	1141	1007
ENSG00000180376	CCDC66	201	81	161	168	58	81	102	134
ENSG00000180383	DEFB124	4	0	0	0	0	4	2	2
ENSG00000180398	MCFD2	2982	3745	4113	3336	2640	1925	2499	1890
ENSG00000180423	HARBI1	104	104	105	82	69	64	50	81
ENSG00000180424	DEFB123	0	0	0	0	0	0	0	0
ENSG00000180425	C11orf71	385	444	434	425	343	261	249	314
ENSG00000180432	CYP8B1	0	0	1	0	0	0	0	0
ENSG00000180440	SERTM1	68	17	8	6	90	83	5	247
ENSG00000180447	GAS1	115	52	27	13	61	121	13	120
ENSG00000180448	ARHGAP45	38	131	99	60	60	19	94	62
ENSG00000180475	OR10Q1	0	0	0	0	0	0	0	0
ENSG00000180479	ZNF571	53	57	47	39	50	39	33	36
ENSG00000180481	GLIPR1L2	8	13	7	6	11	10	10	6
ENSG00000180488	MIGA1	544	764	706	584	509	372	486	328
ENSG00000180509	KCNE1	15	4	5	3	1	1	1	8
ENSG00000180530	NRIP1	973	1038	1038	676	863	565	615	604
ENSG00000180532	ZSCAN4	7	5	12	7	5	0	2	1
ENSG00000180535	BHLHA15	3	0	3	1	3	1	0	0
ENSG00000180537	RNF182	296	216	171	164	296	406	139	710
ENSG00000180543	TSPYL5	2	1	0	0	0	0	0	0
ENSG00000180549	FUT7	2	0	0	0	0	1	0	1
ENSG00000180573	H2AC6	1730	1909	2098	1236	864	235	681	329
ENSG00000180574	EIF2S3B	24	22	39	21	25	2	7	3
ENSG00000180592	SKIDA1	40	35	51	36	47	35	29	29
ENSG00000180596	H2BC4	601	464	548	263	126	40	143	59
ENSG00000180611	MB21D2	154	217	264	130	149	29	151	53
ENSG00000180616	SSTR2	27	28	20	16	22	44	21	13
ENSG00000180626	ZNF594	228	219	187	138	161	110	82	120
ENSG00000180628	PCGF5	471	773	868	583	653	349	343	343
ENSG00000180638	SLC47A2	0	0	0	0	0	2	0	3
ENSG00000180644	PRF1	2	0	0	0	1	2	0	3
ENSG00000180658	OR2A4	0	0	0	0	0	0	0	0
ENSG00000180660	MAB21L1	79	56	46	28	68	80	38	85
ENSG00000180667	YOD1	588	1089	1114	720	1217	273	933	246
ENSG00000180694	TMEM64	730	831	822	721	588	461	364	627
ENSG00000180720	CHRM4	14	5	18	9	7	3	4	3
ENSG00000180730	SHISA2	33	21	5	3	39	57	3	63
ENSG00000180739	S1PR5	68	67	87	63	66	98	36	83
ENSG00000180745	CLRN3	0	2	0	0	0	0	0	0
ENSG00000180758	GPR157	211	191	194	158	118	96	98	119
ENSG00000180767	CHST13	0	1	0	0	3	0	0	2
ENSG00000180772	AGTR2	0	1	0	0	0	0	0	0
ENSG00000180773	SLC36A4	719	799	916	734	476	269	390	406
ENSG00000180776	ZDHHC20	1130	1012	1141	801	1005	1017	659	1134
ENSG00000180777	ANKRD30B	17	28	13	23	36	16	34	18
ENSG00000180785	OR51E1	0	0	0	0	0	0	0	0
ENSG00000180787	ZFP3	0	2	2	2	0	1	0	0
ENSG00000180801	ARSJ	435	491	548	261	411	355	242	326
ENSG00000180806	HOXC9	249	296	246	265	193	257	259	227
ENSG00000180815	MAP3K15	0	7	10	7	7	0	0	5
ENSG00000180817	PPA1	1714	2139	2135	1800	1394	904	1187	1331
ENSG00000180818	HOXC10	505	670	571	481	412	368	320	418
ENSG00000180822	PSMG4	446	626	642	530	453	462	443	564
ENSG00000180828	BHLHE22	2	2	0	2	1	1	4	3
ENSG00000180834	MAP6D1	33	45	48	28	23	20	23	57
ENSG00000180855	ZNF443	85	57	54	49	65	79	52	66
ENSG00000180871	CXCR2	4	1	4	2	2	0	0	0
ENSG00000180875	GREM2	1	2	2	6	8	5	9	3
ENSG00000180878	C11orf42	0	4	0	0	0	0	0	0
ENSG00000180879	SSR4	1261	1442	1327	1238	1378	1567	955	1773
ENSG00000180881	CAPS2	14	15	3	18	8	14	7	4
ENSG00000180884	ZNF792	105	76	71	44	63	84	88	64
ENSG00000180891	CUEDC1	1060	878	981	820	874	923	702	1154
ENSG00000180900	SCRIB	3136	3382	3883	2855	2125	1825	1794	2264
ENSG00000180901	KCTD2	618	647	701	670	385	261	257	255
ENSG00000180902	D2HGDH	232	396	343	285	137	91	163	171
ENSG00000180914	OXTR	25	30	26	30	29	21	43	16
ENSG00000180917	CMTR2	580	652	615	566	429	320	521	364
ENSG00000180919	OR56B4	0	0	0	0	0	0	0	0
ENSG00000180921	FAM83H	60	51	113	39	83	18	13	16
ENSG00000180929	GPR62	20	11	16	13	4	6	4	3
ENSG00000180934	OR56A1	0	0	0	0	0	0	0	1
ENSG00000180938	ZNF572	37	50	51	35	35	30	21	25
ENSG00000180957	PITPNB	1663	1786	1943	1541	1213	842	935	1033
ENSG00000180964	TCEAL8	718	707	669	666	628	595	563	725
ENSG00000180974	OR52E4	1	4	1	1	0	0	4	1
ENSG00000180979	LRRC57	367	367	392	364	330	277	260	276
ENSG00000180992	MRPL14	1021	1118	1210	1064	714	676	705	837
ENSG00000180998	GPR137C	14	15	13	14	8	0	7	12
ENSG00000180999	C1orf105	1	0	0	0	0	0	0	0
ENSG00000181001	OR52N1	7	0	1	0	4	4	2	3
ENSG00000181004	BBS12	89	87	83	75	93	64	60	78
ENSG00000181007	ZFP82	240	281	299	165	221	200	137	218
ENSG00000181016	LSMEM1	0	1	1	0	0	1	0	0
ENSG00000181019	NQO1	1344	1363	1600	1584	1121	1101	1088	1566
ENSG00000181026	AEN	1893	2009	2394	1492	1123	904	1154	1201
ENSG00000181027	FKRP	571	543	525	357	451	506	354	529
ENSG00000181029	TRAPPC5	978	1221	1377	1279	1139	856	976	1098
ENSG00000181031	RPH3AL	10	15	11	12	7	21	8	27
ENSG00000181035	SLC25A42	289	284	265	198	240	215	61	258
ENSG00000181036	FCRL6	5	3	3	2	0	0	2	0
ENSG00000181038	METTL23	559	645	634	505	481	330	375	456
ENSG00000181045	SLC26A11	233	295	251	202	150	190	105	220
ENSG00000181061	HIGD1A	1944	1892	2227	2051	1570	933	1221	1147
ENSG00000181072	CHRM2	0	0	0	0	0	0	0	0
ENSG00000181085	MAPK15	0	2	0	0	1	14	0	0
ENSG00000181090	EHMT1	937	1074	1363	787	804	603	604	644
ENSG00000181092	ADIPOQ	3	1	1	1	1	1	2	0
ENSG00000181104	F2R	2480	5595	7422	4475	3649	858	2184	1496
ENSG00000181135	ZNF707	109	122	192	162	154	100	103	169
ENSG00000181143	MUC16	0	0	1	0	0	0	0	0
ENSG00000181163	NPM1	37409	48539	48271	44243	34581	20909	28990	27187
ENSG00000181191	PJA1	507	456	401	510	347	185	177	347
ENSG00000181192	DHTKD1	509	577	675	492	342	306	386	331
ENSG00000181215	C4orf50	0	0	1	0	0	13	6	21
ENSG00000181218	H2AW	2431	2927	3091	2217	2274	701	1205	1020
ENSG00000181220	ZNF746	582	647	678	500	399	367	404	444
ENSG00000181222	POLR2A	1557	1826	2403	1160	774	466	610	814
ENSG00000181240	SLC25A41	5	0	0	0	0	1	2	0
ENSG00000181264	TLCD5	330	410	320	280	383	233	238	337
ENSG00000181273	OR5AK2	0	0	0	0	2	0	0	0
ENSG00000181274	FRAT2	513	409	491	346	470	356	213	547
ENSG00000181284	TMEM102	248	294	248	205	223	241	171	276
ENSG00000181291	TMEM132E	0	0	0	1	0	0	0	1
ENSG00000181315	ZNF322	520	506	473	371	343	350	303	332
ENSG00000181322	NME9	9	16	12	15	15	10	7	14
ENSG00000181323	SPEM1	0	0	1	0	1	1	0	1
ENSG00000181333	HEPHL1	11	12	4	12	18	3	7	17
ENSG00000181350	LRRC75A	16	23	7	19	23	10	26	26
ENSG00000181378	CFAP65	1	6	4	4	3	3	0	3
ENSG00000181381	DDX60L	165	199	286	170	111	122	129	90
ENSG00000181392	SYNE4	0	5	4	3	0	5	2	5
ENSG00000181396	OGFOD3	455	515	569	547	460	431	444	489
ENSG00000181404	WASHC1	173	200	218	166	159	169	172	145
ENSG00000181408	UTS2R	61	47	43	61	62	96	88	37
ENSG00000181409	AATK	31	23	26	11	56	41	24	28
ENSG00000181418	DDN	113	105	116	64	18	35	18	42
ENSG00000181433	SAGE1	236	220	209	143	217	243	125	250
ENSG00000181444	ZNF467	99	256	244	163	26	53	29	27
ENSG00000181449	SOX2	159	144	73	69	235	344	83	464
ENSG00000181450	ZNF678	207	206	206	152	198	127	171	162
ENSG00000181458	TMEM45A	688	572	333	349	715	426	217	1371
ENSG00000181467	RAP2B	1060	1040	1123	976	733	510	813	663
ENSG00000181472	ZBTB2	305	338	327	292	247	190	214	246
ENSG00000181481	RNF135	549	546	562	471	398	354	296	437
ENSG00000181513	ACBD4	111	250	262	212	180	96	93	117
ENSG00000181518	OR8D4	0	0	0	0	0	1	1	0
ENSG00000181523	SGSH	243	327	381	256	217	202	138	238
ENSG00000181541	MAB21L2	0	0	0	0	0	0	1	0
ENSG00000181544	FANCB	131	155	179	142	78	83	99	63
ENSG00000181555	SETD2	745	1012	1099	705	628	299	537	599
ENSG00000181585	TMIE	3	7	6	10	1	3	7	0
ENSG00000181588	MEX3D	335	425	453	443	333	307	313	408
ENSG00000181609	OR52D1	5	4	7	4	5	0	4	0
ENSG00000181610	MRPS23	1848	2041	2255	1808	1387	1194	1145	1548
ENSG00000181617	FDCSP	5	2	1	1	5	13	0	2
ENSG00000181619	GPR135	125	152	153	125	102	115	83	117
ENSG00000181625	SLX1B	4380	4618	5169	4496	3101	2332	2712	3076
ENSG00000181626	ANKRD62	0	0	0	0	0	0	0	0
ENSG00000181634	TNFSF15	24	22	17	24	15	16	19	7
ENSG00000181638	ZFP41	269	223	283	190	202	138	138	167
ENSG00000181649	PHLDA2	1412	1129	1212	1100	1015	2091	1425	2607
ENSG00000181652	ATG9B	4	0	0	2	3	0	1	0
ENSG00000181656	GPR88	5	0	0	1	0	3	1	2
ENSG00000181666	ZNF875	528	577	603	399	407	459	266	421
ENSG00000181690	PLAG1	334	449	313	299	334	357	324	364
ENSG00000181704	YIPF6	956	1101	1153	850	794	711	645	753
ENSG00000181722	ZBTB20	255	329	213	325	395	676	660	369
ENSG00000181733	OR2Z1	0	0	0	0	0	0	0	0
ENSG00000181744	DIPK2A	352	579	532	482	491	228	390	384
ENSG00000181751	MACIR	643	677	685	648	458	396	441	499
ENSG00000181752	OR8K5	0	0	0	0	1	0	0	0
ENSG00000181754	AMIGO1	153	229	216	124	178	133	83	152
ENSG00000181767	OR8H2	0	0	0	0	0	0	0	0
ENSG00000181773	GPR3	221	237	311	197	156	121	131	184
ENSG00000181781	ODF3L2	1	4	1	0	5	2	4	3
ENSG00000181785	OR5AS1	35	56	45	31	35	68	67	24
ENSG00000181788	SIAH2	577	646	764	576	578	356	466	528
ENSG00000181789	COPG1	3200	3219	3696	2893	2076	1914	1660	2247
ENSG00000181790	ADGRB1	0	1	0	0	1	0	0	0
ENSG00000181804	SLC9A9	20	25	17	9	7	9	18	10
ENSG00000181817	LSM10	738	671	857	687	478	549	394	627
ENSG00000181826	RELL1	291	351	396	366	280	233	263	230
ENSG00000181827	RFX7	926	921	918	776	560	464	511	594
ENSG00000181830	SLC35C1	733	725	750	668	513	485	421	622
ENSG00000181847	TIGIT	0	0	4	0	0	2	0	0
ENSG00000181852	RNF41	1839	1891	2056	1518	1123	998	970	1202
ENSG00000181856	SLC2A4	0	0	0	0	0	4	0	1
ENSG00000181873	IBA57	482	569	563	396	415	327	454	304
ENSG00000181885	CLDN7	11	27	28	20	8	8	5	8
ENSG00000181894	ZNF329	246	271	247	124	184	123	115	153
ENSG00000181896	ZNF101	270	276	349	192	264	270	208	197
ENSG00000181904	C5orf24	2144	2291	2298	1865	1499	1650	1425	1682
ENSG00000181915	ADO	950	1048	1124	872	686	626	583	787
ENSG00000181924	COA4	1802	2159	2001	1744	1474	1108	1371	1777
ENSG00000181929	PRKAG1	3067	3210	3199	2463	1706	1751	1595	2132
ENSG00000181938	GINS3	267	267	231	234	156	176	146	217
ENSG00000181982	CCDC149	135	94	77	46	123	103	61	99
ENSG00000181991	MRPS11	402	434	526	374	236	260	175	395
ENSG00000182004	SNRPE	2702	2885	2600	2435	1983	1941	2037	2367
ENSG00000182010	RTKN2	212	196	195	139	151	97	105	141
ENSG00000182013	PNMA8A	1235	1179	1450	827	920	775	406	950
ENSG00000182022	CHST15	284	376	205	182	424	128	173	399
ENSG00000182035	ADIG	0	0	2	1	0	0	0	4
ENSG00000182040	USH1G	0	1	0	0	3	0	0	0
ENSG00000182050	MGAT4C	13	19	16	11	25	29	47	22
ENSG00000182053	TRIM49B	0	0	3	0	1	0	0	0
ENSG00000182054	IDH2	349	421	470	341	391	271	172	341
ENSG00000182070	OR52A1	1	1	1	0	0	0	2	1
ENSG00000182083	OR6B2	0	0	0	0	0	0	0	0
ENSG00000182087	TMEM259	2209	2381	2501	2187	1752	1757	2349	1897
ENSG00000182093	GET1	449	396	373	381	217	310	198	315
ENSG00000182095	TNRC18	3037	3239	3310	2433	1892	1875	1899	1871
ENSG00000182103	FAM181B	1	0	0	2	8	13	0	8
ENSG00000182107	TMEM30B	3	3	5	0	3	2	2	3
ENSG00000182108	DEXI	465	503	571	405	357	245	322	439
ENSG00000182111	ZNF716	4	2	1	5	3	4	2	1
ENSG00000182117	NOP10	1712	1768	1833	1673	1263	1140	1232	1527
ENSG00000182118	FAM89A	468	408	343	363	330	387	397	422
ENSG00000182132	KCNIP1	2	0	3	1	2	1	0	0
ENSG00000182134	TDRKH	316	355	366	278	283	191	222	199
ENSG00000182141	ZNF708	132	107	144	124	138	117	103	123
ENSG00000182149	IST1	995	1065	1091	745	723	583	784	713
ENSG00000182150	ERCC6L2	404	532	543	363	384	308	338	328
ENSG00000182154	MRPL41	1622	1886	2092	1618	1548	1644	1463	1746
ENSG00000182158	CREB3L2	1320	1793	1928	1501	1377	662	1085	685
ENSG00000182162	P2RY8	4	3	4	0	0	4	4	0
ENSG00000182168	UNC5C	7	10	11	2	7	20	1	7
ENSG00000182170	MRGPRG	0	0	0	0	0	1	0	0
ENSG00000182173	TSEN54	408	455	387	421	249	159	258	287
ENSG00000182175	RGMA	28	17	23	18	19	28	33	23
ENSG00000182177	ASB18	0	0	0	0	0	2	1	0
ENSG00000182179	UBA7	260	250	223	193	126	274	153	273
ENSG00000182180	MRPS16	2266	2379	2726	2284	1510	1183	1338	1491
ENSG00000182183	SHISAL2A	0	0	0	0	0	0	0	0
ENSG00000182185	RAD51B	45	59	72	49	61	16	47	62
ENSG00000182195	LDOC1	1940	2605	3092	2274	1148	625	951	906
ENSG00000182196	ARL6IP4	3654	4605	5063	4515	2557	2609	2641	3016
ENSG00000182197	EXT1	527	732	770	471	731	284	374	331
ENSG00000182199	SHMT2	3733	4027	4516	3796	2299	2127	3121	2564
ENSG00000182208	MOB2	350	433	408	388	342	299	302	357
ENSG00000182218	HHIPL1	4	2	4	5	1	1	2	0
ENSG00000182220	ATP6AP2	1403	1565	1509	1354	1400	1064	932	1292
ENSG00000182223	ZAR1	0	1	2	3	5	5	0	4
ENSG00000182224	CYB5D1	601	647	713	505	450	402	312	504
ENSG00000182240	BACE2	556	922	587	603	651	484	536	609
ENSG00000182247	UBE2E2	272	315	366	238	255	120	186	204
ENSG00000182253	SYNM	591	539	544	372	510	368	305	343
ENSG00000182256	GABRG3	0	8	1	3	2	15	2	0
ENSG00000182261	NLRP10	4	6	2	4	3	6	7	3
ENSG00000182263	FIGN	123	129	93	71	97	84	97	77
ENSG00000182264	IZUMO1	0	0	0	0	0	0	0	0
ENSG00000182271	TMIGD1	0	0	0	0	0	0	0	0
ENSG00000182272	B4GALNT4	880	1492	1313	1015	1004	876	572	1309
ENSG00000182287	AP1S2	1276	1519	1429	1182	1235	1168	884	1762
ENSG00000182307	C8orf33	820	1011	1464	1172	937	402	660	542
ENSG00000182308	DCAF4L1	43	36	26	18	27	13	30	12
ENSG00000182310	SPACA6	32	12	17	8	9	14	7	38
ENSG00000182315	MBD3L3	0	0	0	0	0	0	0	0
ENSG00000182318	ZSCAN22	185	179	196	140	165	136	144	142
ENSG00000182324	KCNJ14	97	123	92	67	52	69	74	60
ENSG00000182325	FBXL6	318	372	375	282	219	156	93	286
ENSG00000182326	C1S	30	31	25	14	30	27	0	47
ENSG00000182327	GLTPD2	10	12	10	6	5	4	4	8
ENSG00000182329	KIAA2012	0	0	0	0	0	0	0	1
ENSG00000182330	PRAMEF8	1	0	2	0	0	0	0	0
ENSG00000182333	LIPF	0	0	0	0	0	0	0	0
ENSG00000182348	ZNF804B	1	1	0	1	0	2	0	2
ENSG00000182359	KBTBD3	43	67	50	43	38	49	36	54
ENSG00000182362	YBEY	290	270	335	201	143	117	87	158
ENSG00000182372	CLN8	337	387	310	236	208	182	208	186
ENSG00000182378	PLCXD1	1062	1359	1130	846	687	533	706	568
ENSG00000182379	NXPH4	58	90	76	61	52	38	48	79
ENSG00000182389	CACNB4	3	2	0	1	12	12	4	2
ENSG00000182393	IFNL1	0	0	0	0	0	0	0	0
ENSG00000182400	TRAPPC6B	385	420	495	358	247	251	209	325
ENSG00000182405	PGBD4	179	213	197	136	214	122	179	154
ENSG00000182446	NPLOC4	2355	2250	2851	2066	1463	1180	1717	1461
ENSG00000182447	OTOL1	0	1	0	0	0	1	0	0
ENSG00000182450	KCNK4	0	0	0	0	0	1	0	0
ENSG00000182459	TEX19	0	2	1	0	2	2	1	0
ENSG00000182463	TSHZ2	254	142	11	45	421	1448	18	467
ENSG00000182472	CAPN12	3	1	0	0	0	4	7	6
ENSG00000182473	EXOC7	2237	2309	3223	1854	1664	1094	1124	1362
ENSG00000182481	KPNA2	3919	4158	4758	4071	2761	2310	2545	2878
ENSG00000182484	WASH6P	152	138	148	143	49	46	69	123
ENSG00000182489	XKRX	2	0	0	1	2	3	1	3
ENSG00000182492	BGN	5092	5773	5982	4722	1894	1906	1063	838
ENSG00000182504	CEP97	366	298	301	267	288	209	217	247
ENSG00000182511	FES	43	45	30	31	27	23	39	25
ENSG00000182512	GLRX5	1613	1637	1749	1658	918	701	903	1053
ENSG00000182518	FAM104B	303	352	305	316	233	186	204	253
ENSG00000182521	TBPL2	2	9	5	1	7	5	9	3
ENSG00000182533	CAV3	3	1	1	2	0	0	0	0
ENSG00000182534	MXRA7	2205	2385	2864	1989	1566	1149	1477	1505
ENSG00000182541	LIMK2	368	374	513	322	288	219	308	228
ENSG00000182544	MFSD5	566	552	495	510	303	305	394	399
ENSG00000182545	RNASE10	42	44	36	41	28	30	31	26
ENSG00000182551	ADI1	2410	2177	2159	1910	1337	1251	1135	1540
ENSG00000182552	RWDD4	800	832	947	760	559	520	567	607
ENSG00000182557	SPNS3	0	1	0	6	3	0	0	0
ENSG00000182566	CLEC4G	0	0	0	0	0	0	0	0
ENSG00000182568	SATB1	430	476	325	312	308	304	178	294
ENSG00000182575	NXPH3	0	3	0	0	6	4	0	0
ENSG00000182578	CSF1R	227	172	79	143	109	119	108	101
ENSG00000182580	EPHB3	121	80	77	79	59	144	29	118
ENSG00000182583	VCX	449	396	472	286	305	86	15	216
ENSG00000182585	EPGN	9	7	4	6	6	10	9	6
ENSG00000182600	SNORC	22	45	49	19	115	411	29	141
ENSG00000182606	TRAK1	614	676	754	584	526	253	420	401
ENSG00000182612	TSPAN10	89	98	101	64	41	32	47	42
ENSG00000182613	OR2V2	0	0	0	0	0	0	0	0
ENSG00000182621	PLCB1	218	173	174	106	245	261	154	250
ENSG00000182628	SKA2	813	884	1026	783	857	517	760	634
ENSG00000182631	RXFP3	1	0	4	1	4	0	0	3
ENSG00000182636	NDN	577	651	608	487	321	264	230	456
ENSG00000182645	CCDC172	0	0	0	0	0	0	0	0
ENSG00000182652	OR4Q3	0	0	2	0	0	0	0	0
ENSG00000182667	NTM	598	724	606	991	642	598	1329	559
ENSG00000182670	TTC3	1704	1895	1760	1219	1155	1013	624	1071
ENSG00000182674	KCNB2	0	0	4	0	0	0	0	0
ENSG00000182676	PPP1R27	0	2	4	1	0	1	7	0
ENSG00000182685	BRICD5	15	22	10	17	13	26	31	18
ENSG00000182687	GALR2	6	5	5	1	6	10	8	7
ENSG00000182700	IGIP	77	102	56	84	116	123	110	111
ENSG00000182704	TSKU	873	984	957	907	817	641	550	1039
ENSG00000182712	CMC4	284	281	284	317	245	196	220	257
ENSG00000182718	ANXA2	18818	26253	28883	26384	21504	11527	18149	14425
ENSG00000182732	RGS6	1	0	0	0	0	3	0	0
ENSG00000182742	HOXB4	449	460	509	465	316	317	442	366
ENSG00000182747	SLC35D3	0	0	0	0	0	1	0	1
ENSG00000182749	PAQR7	698	1071	1001	680	611	336	645	488
ENSG00000182752	PAPPA	177	87	67	13	163	216	7	276
ENSG00000182759	MAFA	7	5	6	8	3	4	4	6
ENSG00000182768	NGRN	762	765	682	631	569	725	607	749
ENSG00000182771	GRID1	0	0	0	2	2	1	0	1
ENSG00000182774	RPS17	19913	30184	27757	23931	27025	16379	21525	25677
ENSG00000182782	HCAR2	0	1	4	2	0	0	4	0
ENSG00000182791	CCDC87	10	15	11	5	13	21	5	18
ENSG00000182795	C1orf116	74	139	127	179	45	2	132	5
ENSG00000182798	MAGEB17	33	34	25	13	16	131	88	56
ENSG00000182809	CRIP2	2918	3518	3770	3833	2606	2867	2080	3682
ENSG00000182810	DDX28	491	507	616	479	375	279	324	336
ENSG00000182816	KRTAP13-2	0	0	0	0	0	0	0	0
ENSG00000182827	ACBD3	2275	2522	2260	1670	1734	1361	1500	1376
ENSG00000182831	C16orf72	2370	2363	2433	2091	1761	1453	1669	1641
ENSG00000182836	PLCXD3	3	32	20	3	9	7	3	1
ENSG00000182853	VMO1	5	5	2	5	4	8	5	2
ENSG00000182854	OR4F15	1	1	0	0	0	1	1	0
ENSG00000182858	ALG12	218	263	364	229	232	101	126	178
ENSG00000182866	LCK	3	9	10	2	5	0	5	6
ENSG00000182870	GALNT9	0	0	0	2	2	0	4	1
ENSG00000182871	COL18A1	440	295	235	261	606	620	335	438
ENSG00000182872	RBM10	1619	1908	2106	1531	1231	1185	1165	1412
ENSG00000182885	ADGRG3	0	3	7	0	0	0	0	0
ENSG00000182890	GLUD2	32	29	22	16	46	48	18	39
ENSG00000182896	TMEM95	0	0	0	0	0	0	1	0
ENSG00000182898	TCHHL1	0	0	1	0	1	0	0	0
ENSG00000182899	RPL35A	6773	9412	9312	8165	7769	5412	6862	7743
ENSG00000182901	RGS7	14	5	23	20	8	0	14	0
ENSG00000182902	SLC25A18	5	8	6	2	5	4	4	6
ENSG00000182903	ZNF721	432	396	466	339	388	286	320	255
ENSG00000182916	TCEAL7	0	0	0	0	0	0	0	0
ENSG00000182919	C11orf54	347	454	474	381	375	245	278	286
ENSG00000182923	CEP63	569	713	753	659	493	321	456	354
ENSG00000182931	WFDC10B	3	10	3	2	10	7	18	13
ENSG00000182934	SRPRA	4441	4253	5053	3669	3401	2994	3100	3884
ENSG00000182944	EWSR1	4788	4691	5455	4226	3358	3174	2767	4203
ENSG00000182950	ODF3L1	3	5	6	6	4	7	2	8
ENSG00000182952	HMGN4	1292	1524	1516	1447	1036	830	1035	1143
ENSG00000182957	SPATA13	440	307	215	193	707	903	231	1017
ENSG00000182963	GJC1	719	978	1044	794	871	541	1056	489
ENSG00000182973	CNOT10	1007	1197	1370	921	870	550	683	821
ENSG00000182979	MTA1	1782	2229	2195	1727	1463	1162	1312	1567
ENSG00000182983	ZNF662	2	3	6	4	3	5	4	6
ENSG00000182985	CADM1	147	236	145	139	193	137	213	197
ENSG00000182986	ZNF320	395	433	421	305	413	358	304	314
ENSG00000182993	C12orf60	21	22	26	38	14	19	11	22
ENSG00000183010	PYCR1	952	1239	1446	1160	844	409	768	582
ENSG00000183011	NAA38	1368	1516	1309	1255	1023	1185	848	1306
ENSG00000183018	SPNS2	19	82	90	70	80	9	114	12
ENSG00000183019	MCEMP1	0	3	2	2	1	0	7	0
ENSG00000183020	AP2A2	503	686	733	529	334	310	347	465
ENSG00000183023	SLC8A1	269	499	504	440	311	48	344	74
ENSG00000183032	SLC25A21	56	60	66	37	23	23	19	34
ENSG00000183034	OTOP2	0	1	1	0	1	0	2	1
ENSG00000183036	PCP4	0	1	0	0	0	0	0	0
ENSG00000183044	ABAT	25	15	16	16	20	22	16	12
ENSG00000183048	SLC25A10	866	1250	1620	1147	738	528	438	639
ENSG00000183049	CAMK1D	226	458	425	229	35	42	54	21
ENSG00000183054	RGPD6	340	423	311	82	437	132	397	112
ENSG00000183060	LYSMD4	72	68	90	75	49	36	34	75
ENSG00000183066	WBP2NL	1	1	1	2	1	1	0	0
ENSG00000183067	IGSF5	15	25	11	9	22	24	16	15
ENSG00000183072	NKX2-5	458	437	409	356	360	321	264	492
ENSG00000183077	AFMID	228	246	242	210	199	182	200	254
ENSG00000183087	GAS6	392	449	386	556	488	111	600	398
ENSG00000183090	FREM3	0	0	0	0	0	0	0	0
ENSG00000183091	NEB	5	2	4	7	3	8	0	0
ENSG00000183092	BEGAIN	52	52	92	38	37	26	35	42
ENSG00000183098	GPC6	626	777	481	498	481	191	287	275
ENSG00000183111	ARHGEF37	117	220	255	151	150	55	104	105
ENSG00000183114	FAM43B	0	0	0	0	0	0	0	0
ENSG00000183117	CSMD1	88	93	113	51	54	29	0	43
ENSG00000183128	CALHM3	7	12	18	13	8	7	2	18
ENSG00000183134	PTGDR2	7	12	17	10	7	5	10	6
ENSG00000183137	CEP57L1	199	273	257	251	174	184	216	163
ENSG00000183150	GPR19	45	48	73	46	30	12	30	15
ENSG00000183153	GJD3	72	77	80	37	52	47	23	77
ENSG00000183155	RABIF	458	357	332	268	244	277	232	300
ENSG00000183160	TMEM119	3	1	3	2	0	7	0	8
ENSG00000183161	FANCF	254	294	238	236	236	181	150	212
ENSG00000183166	CALN1	0	3	0	0	1	0	0	2
ENSG00000183172	SMDT1	133	189	200	156	158	157	114	152
ENSG00000183186	C2CD4C	2	1	1	3	3	1	9	1
ENSG00000183196	CHST6	186	114	89	93	157	262	113	319
ENSG00000183207	RUVBL2	5306	6375	7834	5257	4307	3096	2273	5017
ENSG00000183208	GDPGP1	131	117	103	108	57	82	67	78
ENSG00000183230	CTNNA3	0	0	0	0	0	0	0	0
ENSG00000183246	RIMBP3C	11	9	3	2	5	8	0	10
ENSG00000183248	PRR36	8	22	20	16	18	7	6	21
ENSG00000183251	OR51B4	49	39	97	25	49	10	20	10
ENSG00000183255	PTTG1IP	3411	4505	3699	3112	3896	2549	2572	2975
ENSG00000183258	DDX41	1102	1646	1613	1276	1002	444	732	827
ENSG00000183260	ABHD16B	0	0	0	0	0	26	0	0
ENSG00000183273	CCDC60	1	0	0	0	0	0	0	0
ENSG00000183281	PLGLB1	18	29	17	18	23	29	19	19
ENSG00000183283	DAZAP2	3178	3110	3395	3283	2040	1583	2368	2151
ENSG00000183287	CCBE1	516	972	844	1031	715	33	911	85
ENSG00000183291	SELENOF	2376	2585	2876	2468	2069	1780	1730	2285
ENSG00000183304	FAM9A	0	5	4	10	5	0	2	0
ENSG00000183305	MAGEA2B	1304	1669	1849	1478	1051	812	905	934
ENSG00000183307	TMEM121B	1	3	6	1	3	0	0	2
ENSG00000183309	ZNF623	785	853	729	636	613	411	422	504
ENSG00000183317	EPHA10	15	25	19	15	24	33	36	13
ENSG00000183323	CCDC125	271	304	327	235	162	143	181	160
ENSG00000183324	REC114	0	0	2	0	0	0	0	0
ENSG00000183336	BOLA2	992	1101	1016	975	1046	956	1072	1401
ENSG00000183337	BCOR	653	655	998	433	685	366	252	429
ENSG00000183340	JRKL	479	595	489	423	493	416	383	537
ENSG00000183347	GBP6	5	2	3	15	11	3	17	2
ENSG00000183354	KIAA2026	787	927	860	770	753	808	793	640
ENSG00000183379	SYNDIG1L	1	2	0	0	2	0	0	1
ENSG00000183386	FHL3	536	611	583	524	336	293	203	404
ENSG00000183389	OR56A4	3	3	5	3	3	5	4	0
ENSG00000183395	PMCH	0	1	0	0	0	0	0	0
ENSG00000183396	TMEM89	0	0	2	0	2	1	0	1
ENSG00000183397	TEKTIP1	13	22	19	8	19	11	11	14
ENSG00000183401	CCDC159	61	68	53	50	79	74	37	49
ENSG00000183421	RIPK4	166	171	129	77	258	180	95	366
ENSG00000183423	LRIT3	6	4	3	7	0	5	4	0
ENSG00000183426	NPIPA1	123	213	134	185	144	229	168	203
ENSG00000183431	SF3A3	3374	3918	4481	3637	2491	1955	2410	2384
ENSG00000183434	TFDP3	0	0	0	0	0	3	0	1
ENSG00000183439	TRIM61	13	22	21	19	23	19	10	18
ENSG00000183454	GRIN2A	0	0	0	0	1	1	0	0
ENSG00000183474	GTF2H2C	976	929	1011	793	577	416	526	449
ENSG00000183475	ASB7	367	434	420	363	255	193	255	260
ENSG00000183476	SH2D7	1	0	0	0	0	0	1	0
ENSG00000183479	TREX2	53	41	37	54	20	27	10	11
ENSG00000183484	GPR132	47	30	39	11	12	22	5	7
ENSG00000183486	MX2	813	846	983	675	514	299	285	625
ENSG00000183495	EP400	1696	1754	1967	1364	1085	1055	1266	979
ENSG00000183496	MEX3B	92	101	63	94	147	108	107	92
ENSG00000183508	TENT5C	20	8	14	11	38	87	9	104
ENSG00000183513	COA5	410	492	475	421	416	401	340	435
ENSG00000183520	UTP11	1473	1469	1594	1405	1037	998	1026	1110
ENSG00000183527	PSMG1	837	773	760	606	496	378	340	523
ENSG00000183530	PRR14L	433	432	449	290	275	191	236	253
ENSG00000183542	KLRC4	23	10	12	4	23	47	1	27
ENSG00000183549	ACSM5	17	22	20	38	6	0	0	1
ENSG00000183560	IZUMO1R	2	0	0	0	1	0	0	1
ENSG00000183569	SERHL2	1	12	4	5	3	7	1	9
ENSG00000183570	PCBP3	10	7	4	4	6	0	8	5
ENSG00000183571	PGPEP1L	1	0	4	1	0	2	1	0
ENSG00000183576	SETD3	739	837	945	845	570	377	526	536
ENSG00000183578	TNFAIP8L3	7	11	5	6	0	0	4	0
ENSG00000183579	ZNRF3	212	254	252	211	192	124	150	168
ENSG00000183580	FBXL7	309	218	229	188	187	135	178	148
ENSG00000183597	TANGO2	165	145	158	188	162	108	134	101
ENSG00000183598	H3C13	67	90	130	38	57	16	39	9
ENSG00000183605	SFXN4	585	569	688	468	313	249	314	457
ENSG00000183615	FAM167B	28	69	57	72	26	12	29	22
ENSG00000183617	MRPL54	643	836	755	749	624	495	504	658
ENSG00000183621	ZNF438	70	76	98	80	59	51	57	64
ENSG00000183624	HMCES	1631	1807	2185	1754	1264	1007	1167	1214
ENSG00000183625	CCR3	0	0	1	0	0	3	0	0
ENSG00000183628	DGCR6	41	31	42	27	40	36	25	61
ENSG00000183629	GOLGA8G	0	0	0	0	0	3	0	0
ENSG00000183632	TP53TG3	0	24	22	21	16	0	0	13
ENSG00000183638	RP1L1	2	3	8	2	3	0	0	1
ENSG00000183640	KRTAP8-1	0	0	0	0	0	0	0	0
ENSG00000183644	HOATZ	2	2	0	6	0	7	6	0
ENSG00000183647	ZNF530	94	131	143	120	117	49	91	65
ENSG00000183648	NDUFB1	457	478	418	444	375	375	355	452
ENSG00000183654	MARCHF11	4	4	3	48	8	1	18	13
ENSG00000183655	KLHL25	136	117	112	90	86	80	87	94
ENSG00000183662	TAFA1	0	0	0	0	1	0	0	0
ENSG00000183665	TRMT12	424	395	415	297	311	211	212	249
ENSG00000183668	PSG9	0	0	1	0	0	0	0	0
ENSG00000183671	CMKLR2	4	2	2	1	4	1	4	0
ENSG00000183682	BMP8A	25	35	29	29	28	33	33	25
ENSG00000183684	ALYREF	3180	3827	4340	3981	2954	2000	2881	2636
ENSG00000183688	RFLNB	83	50	56	94	149	23	115	57
ENSG00000183690	EFHC2	1	1	0	7	8	3	0	7
ENSG00000183691	NOG	33	125	76	114	130	3	142	21
ENSG00000183695	MRGPRX2	0	0	0	0	0	0	0	0
ENSG00000183696	UPP1	66	91	100	75	84	67	138	90
ENSG00000183715	OPCML	1	2	0	0	4	0	0	0
ENSG00000183718	TRIM52	348	415	411	350	323	331	382	245
ENSG00000183722	LHFPL6	82	66	64	45	131	76	56	151
ENSG00000183723	CMTM4	228	270	340	251	249	164	255	174
ENSG00000183726	TMEM50A	1060	1021	1155	1034	798	876	714	988
ENSG00000183734	ASCL2	0	0	0	0	0	0	0	1
ENSG00000183735	TBK1	546	528	552	394	344	279	316	383
ENSG00000183741	CBX6	2505	2164	2502	2125	1437	2066	1317	1685
ENSG00000183742	MACC1	11	24	26	29	24	30	32	9
ENSG00000183751	TBL3	383	497	525	344	303	258	248	227
ENSG00000183762	KREMEN1	135	118	145	71	160	158	64	154
ENSG00000183763	TRAIP	194	246	239	262	196	112	151	200
ENSG00000183765	CHEK2	200	183	159	152	133	101	113	160
ENSG00000183770	FOXL2	0	0	0	0	0	0	0	0
ENSG00000183773	AIFM3	3	2	0	0	3	6	0	0
ENSG00000183775	KCTD16	3	7	3	7	6	1	1	1
ENSG00000183778	B3GALT5	124	133	89	67	63	105	84	234
ENSG00000183779	ZNF703	641	620	571	495	305	176	195	261
ENSG00000183780	SLC35F3	182	290	264	239	216	8	156	61
ENSG00000183783	KCTD8	31	37	43	9	10	0	1	0
ENSG00000183785	TUBA8	38	57	33	44	16	7	29	37
ENSG00000183793	NPIPA5	5	24	4	13	0	4	8	18
ENSG00000183798	EMILIN3	0	0	1	0	0	17	0	2
ENSG00000183801	OLFML1	1	2	2	3	0	3	0	1
ENSG00000183808	RBM12B	823	1022	999	655	699	543	543	617
ENSG00000183813	CCR4	3	7	7	4	2	3	10	7
ENSG00000183814	LIN9	429	427	442	314	303	300	281	298
ENSG00000183826	BTBD9	373	425	420	267	254	245	209	292
ENSG00000183828	NUDT14	40	68	75	40	60	65	34	97
ENSG00000183831	ANKRD45	48	38	26	14	28	15	6	15
ENSG00000183833	CFAP91	24	20	21	8	6	0	19	16
ENSG00000183837	PNMA3	1	0	0	0	4	2	2	2
ENSG00000183840	GPR39	163	197	138	170	159	117	92	90
ENSG00000183844	FAM3B	0	0	2	0	3	2	2	1
ENSG00000183850	ZNF730	33	25	34	14	30	11	26	36
ENSG00000183853	KIRREL1	3108	4099	4061	2777	2918	1558	2742	1708
ENSG00000183856	IQGAP3	1232	1419	1414	989	1192	1008	1279	939
ENSG00000183864	TOB2	1246	1418	1596	1045	918	722	659	865
ENSG00000183873	SCN5A	7	25	22	42	20	3	68	3
ENSG00000183876	ARSI	3	0	0	1	1	5	1	1
ENSG00000183878	UTY	2	3	1	0	1	6	2	0
ENSG00000183888	SRARP	0	0	0	0	0	0	0	0
ENSG00000183889	NPIPA9	92	72	77	100	301	135	142	122
ENSG00000183891	TTC32	165	188	196	172	155	133	118	153
ENSG00000183908	LRRC55	46	1	2	0	17	7	1	17
ENSG00000183914	DNAH2	593	574	452	286	326	518	297	544
ENSG00000183918	SH2D1A	0	0	0	5	5	0	3	0
ENSG00000183921	SDR42E2	0	3	0	3	1	0	1	0
ENSG00000183943	PRKX	283	377	334	248	248	94	299	78
ENSG00000183955	KMT5A	1110	1032	1175	1018	609	753	830	863
ENSG00000183960	KCNH8	16	26	9	11	20	19	0	10
ENSG00000183963	SMTN	1335	1270	1544	1108	1007	1091	1263	1208
ENSG00000183971	NPW	5	4	2	1	6	12	5	3
ENSG00000183977	PP2D1	3	7	3	0	1	0	0	2
ENSG00000183978	COA3	956	1075	982	1097	926	852	823	1022
ENSG00000183979	NPB	5	5	0	4	0	7	9	2
ENSG00000184005	ST6GALNAC3	68	70	29	57	52	89	47	49
ENSG00000184007	PTP4A2	5183	5809	6791	5528	3858	3040	3424	3454
ENSG00000184009	ACTG1	52469	73136	76909	64564	52259	26133	44654	40926
ENSG00000184012	TMPRSS2	0	1	0	0	0	2	0	3
ENSG00000184014	DENND5A	587	827	1050	522	522	270	410	355
ENSG00000184032	KRTAP20-2	0	0	0	0	0	0	0	0
ENSG00000184033	CTAG1B	0	0	0	0	0	0	0	92
ENSG00000184047	DIABLO	1110	1414	1255	1188	789	858	895	967
ENSG00000184056	VPS33B	412	553	574	453	389	240	226	307
ENSG00000184058	TBX1	3	1	12	35	0	1	25	0
ENSG00000184060	ADAP2	0	4	1	6	2	0	3	5
ENSG00000184076	UQCR10	842	813	908	806	504	509	541	677
ENSG00000184083	FAM120C	490	427	373	315	279	310	234	340
ENSG00000184108	TRIML1	0	3	2	0	0	1	0	0
ENSG00000184110	EIF3C	15695	20465	23384	14730	12201	6939	9431	11677
ENSG00000184113	CLDN5	23	27	57	145	25	3	80	11
ENSG00000184117	NIPSNAP1	2520	3687	3742	3032	2188	1427	1738	2153
ENSG00000184144	CNTN2	1	0	0	2	0	0	1	1
ENSG00000184154	LRRC51	102	131	101	94	99	101	90	77
ENSG00000184156	KCNQ3	15	26	14	7	6	0	4	1
ENSG00000184160	ADRA2C	2	0	2	1	1	0	0	1
ENSG00000184162	NR2C2AP	443	535	523	433	381	290	259	403
ENSG00000184163	C1QTNF12	5	3	9	10	7	4	1	1
ENSG00000184164	CRELD2	384	383	386	357	322	313	279	349
ENSG00000184166	OR1D2	3	5	1	4	7	13	9	1
ENSG00000184178	SCFD2	476	398	454	335	279	327	238	415
ENSG00000184182	UBE2F	447	466	484	470	281	199	297	285
ENSG00000184185	KCNJ12	12	24	22	11	8	21	9	14
ENSG00000184194	GPR173	1	2	1	7	10	16	0	7
ENSG00000184203	PPP1R2	621	648	765	616	449	439	397	499
ENSG00000184205	TSPYL2	262	233	271	187	233	192	176	199
ENSG00000184206	GOLGA6L4	11	32	16	19	22	27	18	15
ENSG00000184207	PGP	1167	993	1276	1196	855	815	1051	1006
ENSG00000184209	SNRNP35	297	264	238	253	193	325	301	301
ENSG00000184210	DGAT2L6	0	5	0	0	3	5	3	12
ENSG00000184216	IRAK1	8602	8761	13934	7734	6255	2258	3991	3465
ENSG00000184220	CMSS1	1464	1516	1739	1632	1237	883	1212	1150
ENSG00000184221	OLIG1	1	1	4	3	6	0	0	1
ENSG00000184226	PCDH9	61	69	40	54	104	252	55	100
ENSG00000184227	ACOT1	124	155	133	130	70	85	95	141
ENSG00000184232	OAF	7102	3860	3401	3080	5510	7985	3154	13581
ENSG00000184254	ALDH1A3	621	677	774	674	738	845	564	1187
ENSG00000184260	H2AC20	62	47	65	77	91	53	89	49
ENSG00000184261	KCNK12	4	10	13	10	13	4	12	6
ENSG00000184270	H2AC21	9	10	10	9	6	1	7	3
ENSG00000184271	POU6F1	17	17	37	38	10	19	21	26
ENSG00000184277	TM2D3	485	500	485	455	404	488	366	500
ENSG00000184281	TSSC4	817	825	889	820	551	486	576	665
ENSG00000184292	TACSTD2	5	5	2	2	0	2	1	0
ENSG00000184302	SIX6	0	0	0	0	0	0	0	0
ENSG00000184304	PRKD1	45	34	74	30	57	52	35	53
ENSG00000184305	CCSER1	1	6	1	0	4	6	3	13
ENSG00000184307	ZDHHC23	100	133	106	47	137	35	17	37
ENSG00000184313	MROH7	0	0	0	0	5	0	0	0
ENSG00000184343	SRPK3	39	29	23	28	24	24	22	20
ENSG00000184345	IQCF2	0	0	0	0	0	0	0	0
ENSG00000184347	SLIT3	18	13	10	4	28	8	17	12
ENSG00000184349	EFNA5	109	181	154	109	88	45	144	54
ENSG00000184350	MRGPRE	0	1	0	0	9	6	0	11
ENSG00000184351	KRTAP19-1	0	0	1	0	1	0	0	1
ENSG00000184357	H1-5	17	15	17	16	6	4	7	4
ENSG00000184361	SPATA32	0	0	0	0	0	0	0	1
ENSG00000184363	PKP3	508	818	834	730	438	203	232	440
ENSG00000184368	MAP7D2	0	1	2	1	3	2	0	4
ENSG00000184371	CSF1	320	595	517	293	226	159	124	266
ENSG00000184374	COLEC10	3	2	4	1	0	0	7	1
ENSG00000184378	ACTRT3	75	44	64	54	37	30	31	39
ENSG00000184381	PLA2G6	149	190	184	125	114	147	132	104
ENSG00000184384	MAML2	559	546	442	409	563	623	357	704
ENSG00000184388	PABPC1L2B	2	2	2	0	0	0	1	0
ENSG00000184389	A3GALT2	4	4	5	1	2	11	4	4
ENSG00000184402	SS18L1	397	394	388	315	290	322	329	260
ENSG00000184408	KCND2	3	4	2	0	2	2	0	0
ENSG00000184428	TOP1MT	929	1265	1302	991	1117	595	711	1050
ENSG00000184432	COPB2	2855	3075	3234	2408	2130	1707	1629	2074
ENSG00000184434	LRRC19	7	3	3	6	9	11	12	4
ENSG00000184436	THAP7	244	286	257	259	160	173	182	233
ENSG00000184445	KNTC1	770	883	879	725	548	575	824	593
ENSG00000184451	CCR10	62	112	85	73	49	61	82	52
ENSG00000184454	NCMAP	0	0	1	0	3	0	3	3
ENSG00000184465	WDR27	146	125	124	85	77	91	70	105
ENSG00000184470	TXNRD2	1078	1479	1824	1662	923	374	1308	597
ENSG00000184471	C1QTNF8	0	0	0	0	0	0	0	0
ENSG00000184478	OR56A3	0	0	0	0	0	0	0	0
ENSG00000184481	FOXO4	259	286	314	260	236	175	178	242
ENSG00000184486	POU3F2	46	27	12	7	35	29	29	46
ENSG00000184489	PTP4A3	137	98	136	128	125	119	107	121
ENSG00000184492	FOXD4L1	4	5	1	2	4	18	8	7
ENSG00000184497	TMEM255B	36	40	42	53	113	52	39	91
ENSG00000184500	PROS1	513	653	584	388	378	245	265	357
ENSG00000184502	GAST	0	0	0	3	0	0	0	0
ENSG00000184507	NUTM1	0	1	0	0	1	0	1	0
ENSG00000184508	HDDC3	350	462	422	412	319	205	169	296
ENSG00000184515	BEX5	8	8	11	6	4	2	5	4
ENSG00000184517	ZFP1	203	221	247	189	180	120	159	156
ENSG00000184524	CEND1	168	257	240	229	89	130	76	141
ENSG00000184530	C6orf58	1	0	0	1	1	0	1	1
ENSG00000184545	DUSP8	10	32	30	24	47	30	26	21
ENSG00000184557	SOCS3	1091	1023	905	808	788	885	567	769
ENSG00000184560	SPEM2	1	0	0	4	0	0	0	0
ENSG00000184564	SLITRK6	127	115	69	86	179	320	121	251
ENSG00000184571	PIWIL3	3	1	1	1	2	4	4	0
ENSG00000184574	LPAR5	137	123	109	104	53	91	54	80
ENSG00000184575	XPOT	4607	4810	5225	3943	2315	2263	3360	2498
ENSG00000184584	STING1	698	752	807	641	367	445	292	661
ENSG00000184588	PDE4B	618	598	598	250	510	768	110	768
ENSG00000184599	TAFA3	21	14	23	6	30	26	8	35
ENSG00000184602	SNN	211	208	255	265	169	122	102	136
ENSG00000184611	KCNH7	1	0	1	0	0	0	0	0
ENSG00000184613	NELL2	8	14	13	8	14	11	4	14
ENSG00000184616	SPDYE12	8	6	7	0	7	1	0	6
ENSG00000184619	KRBA2	115	127	108	84	72	108	76	66
ENSG00000184634	MED12	1169	1263	1435	831	667	375	472	362
ENSG00000184635	ZNF93	90	80	102	76	98	49	78	73
ENSG00000184640	SEPTIN9	4354	6343	7660	6215	4653	2587	4258	3797
ENSG00000184659	FOXD4L4	4	0	5	1	3	4	8	4
ENSG00000184661	CDCA2	276	361	468	256	218	75	147	117
ENSG00000184672	RALYL	5	1	6	1	2	2	0	0
ENSG00000184675	AMER1	212	213	249	169	154	89	105	88
ENSG00000184677	ZBTB40	798	788	752	653	546	496	650	463
ENSG00000184678	H2BC21	1511	2101	2065	1081	969	476	1255	493
ENSG00000184697	CLDN6	2	2	4	0	5	2	2	2
ENSG00000184698	OR51M1	0	7	10	9	0	0	5	0
ENSG00000184702	SEPTIN5	168	140	163	126	230	72	57	243
ENSG00000184708	EIF4ENIF1	309	362	464	321	267	213	188	196
ENSG00000184716	SERINC4	0	1	0	0	0	0	0	0
ENSG00000184719	RNLS	2	0	0	0	0	0	0	0
ENSG00000184730	APOBR	4	4	3	8	2	0	8	1
ENSG00000184731	FAM110C	47	38	41	25	10	3	0	10
ENSG00000184743	ATL3	1357	1531	1422	1376	1095	951	932	833
ENSG00000184752	NDUFA12	1310	1320	1403	1161	627	690	884	908
ENSG00000184785	SMIM10	3	1	5	0	2	0	0	3
ENSG00000184786	DYNLT2	0	0	0	1	0	2	0	0
ENSG00000184787	UBE2G2	2241	1847	2195	1635	1153	1366	1053	1101
ENSG00000184788	SATL1	0	0	0	0	0	0	0	0
ENSG00000184792	OSBP2	97	115	150	97	42	42	53	64
ENSG00000184828	ZBTB7C	3	4	2	13	10	4	1	7
ENSG00000184831	APOO	480	459	513	426	333	326	321	440
ENSG00000184838	PRR16	48	73	61	63	54	8	41	19
ENSG00000184840	TMED9	1943	2097	2314	1993	1626	1398	1518	1609
ENSG00000184857	TMEM186	422	574	545	399	304	269	311	363
ENSG00000184860	SDR42E1	0	7	4	9	3	3	3	1
ENSG00000184863	RBM33	827	1050	1053	732	856	588	839	646
ENSG00000184867	ARMCX2	4	4	9	14	8	11	10	9
ENSG00000184887	BTBD6	743	776	805	704	645	477	522	736
ENSG00000184897	H1-10	6210	8762	9101	7223	5968	4379	6597	5311
ENSG00000184898	RBM43	181	241	259	174	199	120	123	160
ENSG00000184900	SUMO3	2325	2000	2294	1952	1489	1022	1295	1467
ENSG00000184903	IMMP2L	239	300	231	269	190	120	167	224
ENSG00000184905	TCEAL2	0	0	0	0	1	0	0	0
ENSG00000184908	CLCNKB	0	0	0	0	0	0	0	0
ENSG00000184911	DMRTC1B	0	1	0	0	0	0	0	0
ENSG00000184916	JAG2	10	22	10	14	17	13	16	12
ENSG00000184922	FMNL1	1143	1738	1998	1666	1658	574	1565	592
ENSG00000184923	NUTM2A	58	41	49	40	22	25	11	37
ENSG00000184924	PTRHD1	986	1135	1108	1014	895	727	581	1124
ENSG00000184925	LCN12	0	0	0	0	0	2	0	0
ENSG00000184933	OR6A2	0	0	0	0	0	0	1	0
ENSG00000184937	WT1	59	63	73	84	78	38	8	32
ENSG00000184939	ZFP90	528	606	498	481	415	249	376	236
ENSG00000184949	FAM227A	55	70	48	31	53	50	60	40
ENSG00000184954	OR6C70	3	1	4	2	2	2	7	3
ENSG00000184956	MUC6	40	101	61	37	60	5	21	6
ENSG00000184967	NOC4L	679	723	907	623	400	343	438	536
ENSG00000184979	USP18	147	116	135	71	104	171	110	86
ENSG00000184983	NDUFA6	742	811	897	843	674	547	572	748
ENSG00000184984	CHRM5	1	0	0	0	2	3	0	1
ENSG00000184985	SORCS2	32	18	16	26	46	49	40	119
ENSG00000184986	TMEM121	237	207	110	107	262	321	126	498
ENSG00000184988	TMEM106A	94	164	179	105	145	75	127	67
ENSG00000184990	SIVA1	784	760	824	873	592	512	570	578
ENSG00000184992	BRI3BP	840	810	848	807	498	485	685	471
ENSG00000184995	IFNE	73	65	18	40	36	109	135	61
ENSG00000184999	SLC22A10	0	0	0	0	0	0	0	0
ENSG00000185000	DGAT1	357	452	560	439	366	198	250	351
ENSG00000185002	RFX6	0	0	0	0	1	0	0	0
ENSG00000185008	ROBO2	8	10	2	1	19	28	1	37
ENSG00000185009	AP3M1	689	799	809	734	557	473	527	523
ENSG00000185010	F8	112	121	117	94	124	93	57	111
ENSG00000185013	NT5C1B	0	9	0	3	0	2	1	2
ENSG00000185015	CA13	105	93	93	69	69	41	66	49
ENSG00000185019	UBOX5	207	251	334	238	157	104	122	151
ENSG00000185022	MAFF	604	1235	1560	968	979	385	1243	708
ENSG00000185024	BRF1	432	503	542	371	378	222	226	231
ENSG00000185028	LRRC14B	0	0	0	0	0	0	1	0
ENSG00000185033	SEMA4B	805	1365	1299	1035	761	629	553	793
ENSG00000185040	SPDYE16	36	54	44	25	53	38	55	24
ENSG00000185043	CIB1	2251	2795	2859	2703	1787	1284	1526	1882
ENSG00000185046	ANKS1B	8	0	0	0	10	19	0	15
ENSG00000185049	NELFA	923	1175	1340	1058	832	671	701	898
ENSG00000185052	SLC24A3	21	31	3	11	64	46	3	79
ENSG00000185053	SGCZ	1	0	0	0	1	0	0	0
ENSG00000185055	EFCAB10	11	11	9	3	2	10	8	2
ENSG00000185056	C5orf47	2	0	0	0	0	0	0	0
ENSG00000185069	KRT76	0	0	0	0	0	0	0	0
ENSG00000185070	FLRT2	119	110	41	34	95	143	96	148
ENSG00000185085	INTS5	1104	1168	1154	1040	691	490	477	779
ENSG00000185088	RPS27L	2273	2602	2554	2087	1850	1192	1746	1515
ENSG00000185090	MANEAL	662	747	909	652	457	312	255	506
ENSG00000185100	ADSS1	52	88	100	50	52	38	34	31
ENSG00000185101	ANO9	4	0	0	0	3	2	0	3
ENSG00000185104	FAF1	947	1371	1572	1096	1016	594	779	880
ENSG00000185105	MYADML2	3	6	1	2	3	2	0	3
ENSG00000185112	FAM43A	118	149	127	130	114	70	134	130
ENSG00000185115	NSMCE3	472	475	538	508	484	362	375	435
ENSG00000185122	HSF1	1655	2079	2086	1720	1471	978	1124	1578
ENSG00000185127	C6orf120	1333	1661	1560	1302	941	826	852	995
ENSG00000185129	PURA	1530	1522	1372	1478	1313	1404	1453	1184
ENSG00000185130	H2BC13	10	9	9	8	11	0	9	4
ENSG00000185133	INPP5J	40	32	47	22	30	19	17	30
ENSG00000185149	NPY2R	1	1	1	0	3	0	0	1
ENSG00000185155	MIXL1	0	0	0	0	0	0	1	0
ENSG00000185156	MFSD6L	0	0	1	0	0	0	0	0
ENSG00000185158	LRRC37B	72	81	109	56	81	48	56	63
ENSG00000185163	DDX51	556	642	866	562	359	293	451	327
ENSG00000185164	NOMO2	2961	3110	3428	2526	2116	1965	2010	2820
ENSG00000185177	ZNF479	0	0	0	0	0	0	0	0
ENSG00000185187	SIGIRR	280	314	325	269	231	175	201	310
ENSG00000185189	NRBP2	120	183	214	194	252	124	131	177
ENSG00000185198	PRSS57	0	0	0	0	0	0	0	0
ENSG00000185201	IFITM2	792	1361	1063	1180	805	798	512	1007
ENSG00000185215	TNFAIP2	2244	2580	3336	2744	1575	1101	2088	1152
ENSG00000185219	ZNF445	443	539	518	390	378	301	371	283
ENSG00000185220	PGBD2	146	158	105	97	77	108	84	115
ENSG00000185222	TCEAL9	680	759	843	804	767	670	692	740
ENSG00000185236	RAB11B	2017	2252	2445	2133	1932	1518	1746	1957
ENSG00000185238	PRMT3	745	720	840	724	479	364	416	561
ENSG00000185245	GP1BA	20	32	17	18	23	9	20	7
ENSG00000185246	PRPF39	91	148	161	114	64	52	57	66
ENSG00000185247	MAGEA11	674	784	894	716	701	358	393	532
ENSG00000185250	PPIL6	11	23	12	17	18	20	13	13
ENSG00000185252	ZNF74	257	296	348	282	139	196	164	191
ENSG00000185261	KIAA0825	37	43	27	34	35	54	38	35
ENSG00000185262	UBALD2	2572	3072	3592	2771	2789	2763	3348	3301
ENSG00000185264	TEX33	0	0	0	0	0	0	0	0
ENSG00000185267	CDNF	34	57	37	52	30	18	20	37
ENSG00000185269	NOTUM	5	1	1	5	2	0	1	11
ENSG00000185271	KLHL33	39	46	33	41	32	48	47	28
ENSG00000185272	RBM11	6	10	15	0	12	0	3	4
ENSG00000185274	GALNT17	5	0	1	1	4	1	0	0
ENSG00000185278	ZBTB37	275	358	276	192	285	208	279	223
ENSG00000185290	NUPR2	1	0	2	0	0	0	0	0
ENSG00000185291	IL3RA	7	10	12	7	8	17	5	14
ENSG00000185298	CCDC137	1160	1156	1487	1021	826	765	869	856
ENSG00000185303	SFTPA2	0	0	3	0	0	0	0	0
ENSG00000185304	RGPD2	100	142	133	86	163	142	156	110
ENSG00000185305	ARL15	166	126	143	109	92	112	90	112
ENSG00000185306	C12orf56	0	0	1	0	1	7	2	0
ENSG00000185313	SCN10A	0	0	0	2	0	0	3	0
ENSG00000185324	CDK10	392	407	405	411	344	318	346	376
ENSG00000185338	SOCS1	34	39	37	73	35	59	88	21
ENSG00000185339	TCN2	114	131	161	115	43	83	28	64
ENSG00000185340	GAS2L1	1727	1183	1239	1206	1135	1436	1257	2031
ENSG00000185344	ATP6V0A2	580	461	568	445	329	361	419	355
ENSG00000185345	PRKN	0	27	23	16	12	16	3	10
ENSG00000185347	TEDC1	297	369	381	393	276	339	314	316
ENSG00000185352	HS6ST3	0	0	0	0	0	0	0	0
ENSG00000185359	HGS	2283	2641	3390	2204	1736	1367	1736	1787
ENSG00000185361	TNFAIP8L1	538	525	516	533	476	419	516	508
ENSG00000185372	OR2V1	0	1	0	0	0	0	0	0
ENSG00000185379	RAD51D	354	353	388	298	253	200	256	201
ENSG00000185385	OR7A17	17	16	24	12	9	20	34	8
ENSG00000185386	MAPK11	223	322	397	278	181	182	322	160
ENSG00000185404	SP140L	491	510	654	498	354	279	289	315
ENSG00000185414	MRPL30	990	1160	1323	998	732	564	576	701
ENSG00000185418	TARS3	137	135	111	100	81	46	78	79
ENSG00000185420	SMYD3	345	466	396	349	322	222	253	277
ENSG00000185432	METTL7A	210	199	207	183	68	157	26	143
ENSG00000185436	IFNLR1	159	162	209	161	163	175	181	125
ENSG00000185437	SH3BGR	40	52	32	31	37	35	18	27
ENSG00000185442	FAM174B	8	9	13	9	1	4	4	4
ENSG00000185448	FAM47A	1	0	0	0	0	0	0	0
ENSG00000185453	ZSWIM9	288	363	388	284	263	167	191	212
ENSG00000185467	KPNA7	2	2	1	0	2	1	1	0
ENSG00000185475	TMEM179B	833	1061	886	868	875	645	565	1061
ENSG00000185477	GPRIN3	22	29	13	10	24	85	15	17
ENSG00000185479	KRT6B	267	101	38	26	133	171	34	290
ENSG00000185480	PARPBP	358	372	387	284	235	185	231	218
ENSG00000185482	STAC3	28	34	39	20	18	24	31	27
ENSG00000185483	ROR1	99	122	134	109	44	51	17	41
ENSG00000185499	MUC1	245	424	368	320	263	205	172	173
ENSG00000185504	FAAP100	326	552	504	435	424	405	472	439
ENSG00000185507	IRF7	79	108	84	76	84	108	87	79
ENSG00000185513	L3MBTL1	0	38	10	7	12	12	18	3
ENSG00000185515	BRCC3	599	597	717	516	445	352	342	384
ENSG00000185518	SV2B	7	9	6	2	2	5	11	7
ENSG00000185519	FAM131C	17	86	111	50	53	20	33	36
ENSG00000185522	LMNTD2	24	56	31	39	45	37	34	18
ENSG00000185523	SPATA45	1	0	0	0	1	0	0	0
ENSG00000185527	PDE6G	0	0	0	2	0	0	0	0
ENSG00000185532	PRKG1	9	19	9	6	7	29	9	10
ENSG00000185551	NR2F2	2107	3070	3314	2479	2741	1441	2013	1610
ENSG00000185559	DLK1	1	1	0	0	1	2	0	1
ENSG00000185561	TLCD2	488	557	591	503	341	417	354	202
ENSG00000185565	LSAMP	82	69	23	26	165	283	18	149
ENSG00000185567	AHNAK2	659	1129	632	540	701	228	394	224
ENSG00000185585	OLFML2A	154	274	243	274	385	147	218	156
ENSG00000185591	SP1	1728	2066	1954	1547	1341	1149	1385	1215
ENSG00000185608	MRPL40	446	543	480	434	298	301	241	383
ENSG00000185610	DBX2	0	0	0	0	0	0	0	1
ENSG00000185614	INKA1	124	120	155	137	62	70	58	76
ENSG00000185615	PDIA2	2	0	0	0	2	0	2	4
ENSG00000185619	PCGF3	938	934	886	816	653	793	667	740
ENSG00000185621	LMLN	180	193	124	114	132	143	136	179
ENSG00000185624	P4HB	6906	8921	10429	8736	7675	4304	4873	6728
ENSG00000185627	PSMD13	2744	3227	3368	3145	2260	1925	1924	2578
ENSG00000185630	PBX1	512	643	461	357	299	214	220	145
ENSG00000185633	NDUFA4L2	43	43	47	21	26	30	35	40
ENSG00000185634	SHC4	274	180	102	110	191	342	64	302
ENSG00000185640	KRT79	829	193	29	73	540	791	147	1721
ENSG00000185650	ZFP36L1	2906	3473	3226	2599	3635	2738	3023	2987
ENSG00000185651	UBE2L3	1871	1808	1915	1812	1185	1131	1299	1350
ENSG00000185652	NTF3	0	0	0	0	0	0	0	0
ENSG00000185658	BRWD1	773	770	667	589	652	596	495	532
ENSG00000185664	PMEL	7	13	18	17	10	4	3	4
ENSG00000185666	SYN3	625	921	990	1668	804	593	1574	572
ENSG00000185668	POU3F1	32	11	9	7	9	25	5	30
ENSG00000185669	SNAI3	1	2	1	0	0	0	3	4
ENSG00000185670	ZBTB3	70	116	93	78	103	46	67	74
ENSG00000185674	LYG2	6	15	16	20	13	32	35	14
ENSG00000185681	MORN5	0	0	0	0	0	0	0	2
ENSG00000185686	PRAME	3003	3110	2971	2326	1819	2002	1841	2033
ENSG00000185697	MYBL1	452	596	600	499	486	119	320	200
ENSG00000185716	MOSMO	845	1141	1010	939	996	1101	1503	1101
ENSG00000185721	DRG1	812	905	1053	862	783	464	602	783
ENSG00000185722	ANKFY1	1276	1417	1570	1071	880	646	735	760
ENSG00000185728	YTHDF3	1827	1877	2059	1534	1131	866	858	985
ENSG00000185730	ZNF696	451	510	507	412	389	330	271	415
ENSG00000185736	ADARB2	24	76	12	10	21	2	0	1
ENSG00000185737	NRG3	6	0	2	1	4	3	3	0
ENSG00000185739	SRL	2	0	0	1	1	0	1	0
ENSG00000185742	C11orf87	0	0	0	0	2	0	0	0
ENSG00000185745	IFIT1	238	144	159	103	110	325	22	108
ENSG00000185753	CXorf38	559	641	882	545	443	309	361	365
ENSG00000185758	CLDN24	1	0	0	1	1	0	2	0
ENSG00000185760	KCNQ5	163	247	125	78	179	196	145	100
ENSG00000185761	ADAMTSL5	82	135	110	65	94	61	71	57
ENSG00000185774	KCNIP4	1	0	1	4	6	4	0	5
ENSG00000185775	SPATA31A6	0	2	0	0	0	0	0	1
ENSG00000185787	MORF4L1	6540	6987	6937	6517	5963	4927	5068	6357
ENSG00000185792	NLRP9	0	0	0	0	0	0	0	1
ENSG00000185798	WDR53	185	167	169	147	89	87	97	108
ENSG00000185800	DMWD	1406	1381	1554	1007	1111	973	632	1216
ENSG00000185803	SLC52A2	2059	1771	2132	1886	1321	1060	972	1506
ENSG00000185808	PIGP	316	333	297	291	241	242	226	286
ENSG00000185811	IKZF1	3	6	5	2	1	6	2	1
ENSG00000185813	PCYT2	662	755	1008	750	491	436	462	590
ENSG00000185818	NAT8L	346	250	153	90	327	215	25	460
ENSG00000185821	OR6C76	0	0	0	0	0	0	0	0
ENSG00000185823	NPAP1	3	8	6	5	1	6	6	3
ENSG00000185825	BCAP31	4497	4519	5458	3976	3689	2885	2436	3887
ENSG00000185829	ARL17A	255	370	304	234	317	235	399	192
ENSG00000185838	GNB1L	165	163	177	113	119	69	37	96
ENSG00000185842	DNAH14	215	317	251	217	295	194	220	207
ENSG00000185860	CCDC190	6	23	15	3	15	2	2	5
ENSG00000185862	EVI2B	8	24	20	15	18	5	7	4
ENSG00000185864	NPIPB4	258	289	191	257	191	324	513	164
ENSG00000185869	ZNF829	204	225	275	135	142	104	66	111
ENSG00000185875	THNSL1	230	263	236	239	129	152	118	176
ENSG00000185880	TRIM69	0	2	0	4	0	0	0	1
ENSG00000185883	ATP6V0C	3808	3967	4471	4087	2773	3004	3371	3244
ENSG00000185885	IFITM1	442	410	161	142	427	1362	34	827
ENSG00000185888	PRSS38	0	0	0	0	2	9	0	2
ENSG00000185896	LAMP1	2677	3191	3562	3135	2610	1818	2237	2335
ENSG00000185900	POMK	466	499	417	331	435	315	354	443
ENSG00000185905	C16orf54	92	108	69	146	169	107	158	188
ENSG00000185909	KLHDC8B	393	402	456	405	195	132	123	131
ENSG00000185915	KLHL34	2	1	3	0	0	0	0	0
ENSG00000185917	SETD4	236	242	279	199	215	204	187	201
ENSG00000185920	PTCH1	117	115	106	84	196	88	78	122
ENSG00000185924	RTN4RL1	10	7	5	2	3	2	2	3
ENSG00000185933	CALHM1	1	4	4	4	2	3	2	6
ENSG00000185942	NKAIN3	59	66	38	46	73	74	60	56
ENSG00000185946	RNPC3	269	316	264	264	255	193	292	192
ENSG00000185947	ZNF267	136	157	200	149	167	198	181	171
ENSG00000185950	IRS2	1325	5091	4848	3812	5223	1301	2689	2042
ENSG00000185955	SPACDR	11	20	26	25	4	3	26	3
ENSG00000185958	FAM186A	0	6	5	1	2	3	1	1
ENSG00000185960	SHOX	0	2	3	1	4	3	0	1
ENSG00000185962	LCE3A	0	0	0	0	0	0	0	0
ENSG00000185963	BICD2	1083	1288	1581	934	1041	661	835	852
ENSG00000185972	CCIN	27	13	18	11	4	0	1	1
ENSG00000185973	TMLHE	249	411	363	261	247	126	180	191
ENSG00000185985	SLITRK2	154	232	194	131	55	6	76	18
ENSG00000185988	PLK5	0	1	2	1	1	0	0	2
ENSG00000185989	RASA3	1406	1466	1674	1213	1302	1175	1323	1452
ENSG00000186001	LRCH3	576	669	647	451	402	362	386	347
ENSG00000186007	LEMD1	15	50	31	32	38	21	37	36
ENSG00000186009	ATP4B	1	0	0	0	0	1	0	1
ENSG00000186010	NDUFA13	4341	4574	5094	4013	3412	3799	2351	4841
ENSG00000186017	ZNF566	221	190	201	146	164	199	112	170
ENSG00000186020	ZNF529	295	323	323	241	303	189	175	205
ENSG00000186026	ZNF284	167	156	121	91	148	130	79	106
ENSG00000186038	HTR3E	0	0	0	0	0	0	0	0
ENSG00000186047	DLEU7	2	0	1	0	1	0	1	0
ENSG00000186049	KRT73	0	0	0	0	0	0	0	0
ENSG00000186051	TAL2	2	1	3	1	0	5	4	1
ENSG00000186063	AIDA	1584	1589	1403	1221	1578	1378	1337	1510
ENSG00000186073	CDIN1	273	323	364	266	262	134	224	181
ENSG00000186081	KRT5	24	33	26	30	2	0	4	0
ENSG00000186086	NBPF6	129	138	114	96	77	70	34	53
ENSG00000186088	GSAP	207	196	207	153	124	137	134	231
ENSG00000186094	AGBL4	3	0	3	0	0	1	0	0
ENSG00000186103	ARGFX	0	0	1	2	1	2	2	1
ENSG00000186104	CYP2R1	62	40	32	21	37	32	29	53
ENSG00000186105	LRRC70	0	0	11	6	3	4	6	3
ENSG00000186106	ANKRD46	253	321	290	248	156	190	97	157
ENSG00000186111	PIP5K1C	797	752	803	629	543	613	536	604
ENSG00000186115	CYP4F2	43	31	11	85	0	0	0	1
ENSG00000186118	TEX38	2	0	7	2	1	2	0	1
ENSG00000186130	ZBTB6	465	530	563	377	441	285	344	337
ENSG00000186132	C2orf76	154	127	123	103	88	114	91	115
ENSG00000186136	TAS2R42	0	0	0	0	0	0	0	0
ENSG00000186141	POLR3C	864	1004	1110	741	741	418	424	676
ENSG00000186146	DEFB131A	0	0	1	0	0	0	2	0
ENSG00000186150	UBL4B	2	1	1	1	0	1	2	0
ENSG00000186153	WWOX	184	233	246	156	156	86	97	123
ENSG00000186160	CYP4Z1	0	0	0	0	0	0	0	0
ENSG00000186166	CENATAC	157	185	190	181	93	106	159	97
ENSG00000186174	BCL9L	2430	2904	3112	2432	1835	1132	2097	1211
ENSG00000186184	POLR1D	1371	1944	1882	1678	1606	1067	1218	1439
ENSG00000186185	KIF18B	899	996	1096	876	652	514	718	521
ENSG00000186187	ZNRF1	668	946	936	768	559	422	702	610
ENSG00000186188	FFAR4	2	2	4	2	1	1	0	1
ENSG00000186193	SAPCD2	985	1112	1337	896	698	572	545	763
ENSG00000186197	EDARADD	5	0	0	1	1	15	0	6
ENSG00000186198	SLC51B	0	0	1	0	3	2	0	4
ENSG00000186204	CYP4F12	1	3	7	3	3	0	0	0
ENSG00000186205	MTARC1	2	6	4	4	2	3	1	0
ENSG00000186207	LCE5A	1	1	1	1	1	0	1	0
ENSG00000186212	SOWAHB	0	0	0	0	0	0	0	0
ENSG00000186222	BLOC1S4	822	902	936	823	662	519	498	646
ENSG00000186226	LCE1E	2	4	3	4	3	3	0	30
ENSG00000186230	ZNF749	95	106	111	80	110	49	81	69
ENSG00000186231	KLHL32	1	2	4	3	5	2	1	2
ENSG00000186260	MRTFB	358	415	459	203	312	102	194	130
ENSG00000186265	BTLA	0	0	1	0	1	0	0	0
ENSG00000186272	ZNF17	99	105	117	87	76	63	58	84
ENSG00000186280	KDM4D	65	77	65	66	33	22	19	25
ENSG00000186281	GPAT2	0	0	1	0	1	0	0	0
ENSG00000186283	TOR3A	1437	1187	1209	1065	978	912	926	987
ENSG00000186288	PABPC1L2A	0	0	0	0	0	0	0	0
ENSG00000186297	GABRA5	22	8	13	6	2	8	1	3
ENSG00000186298	PPP1CC	4843	5761	5935	5214	3108	2454	3041	3232
ENSG00000186300	ZNF555	62	65	55	54	77	67	58	71
ENSG00000186310	NAP1L3	275	199	177	121	139	147	42	129
ENSG00000186314	PRELID2	166	162	154	104	106	86	90	121
ENSG00000186318	BACE1	2232	2192	2135	1593	1396	1118	889	1606
ENSG00000186326	RGS9BP	22	24	25	11	24	15	6	19
ENSG00000186329	TMEM212	75	71	52	61	69	60	96	39
ENSG00000186334	SLC36A3	0	0	0	2	0	0	0	0
ENSG00000186335	SLC36A2	4	0	4	0	0	4	0	0
ENSG00000186340	THBS2	20	0	25	0	0	131	12	46
ENSG00000186350	RXRA	439	431	438	351	367	324	313	411
ENSG00000186352	ANKRD37	163	622	548	412	547	168	388	462
ENSG00000186364	NUDT17	211	294	275	227	212	194	181	200
ENSG00000186367	MINAR2	1	1	0	1	0	1	3	2
ENSG00000186376	ZNF75D	134	113	88	72	64	102	61	75
ENSG00000186377	CYP4X1	37	26	22	19	13	32	1	17
ENSG00000186395	KRT10	2221	2172	2243	2180	1815	1546	1527	2020
ENSG00000186399	GOLGA8R	10	5	7	9	3	6	9	5
ENSG00000186409	CCDC30	30	28	28	35	46	49	35	20
ENSG00000186416	NKRF	841	921	1082	742	607	451	466	625
ENSG00000186417	GLDN	19	29	27	27	24	23	22	27
ENSG00000186431	FCAR	2	1	0	0	5	11	6	4
ENSG00000186432	KPNA4	1318	1743	1941	1343	1467	760	1163	847
ENSG00000186439	TRDN	3	3	3	7	7	9	4	5
ENSG00000186442	KRT3	21	1	0	25	14	7	20	10
ENSG00000186446	ZNF501	8	2	7	4	13	3	3	7
ENSG00000186448	ZNF197	384	431	466	358	364	224	233	258
ENSG00000186451	SPATA12	8	18	16	9	8	4	11	5
ENSG00000186453	FAM228A	1	2	1	0	2	0	1	2
ENSG00000186462	NAP1L2	24	18	16	19	7	15	14	16
ENSG00000186468	RPS23	18165	23658	21898	19498	17574	12448	15198	19277
ENSG00000186469	GNG2	838	414	334	306	599	1108	329	1259
ENSG00000186470	BTN3A2	588	506	537	493	392	545	532	352
ENSG00000186471	AKAP14	0	1	0	0	0	0	0	0
ENSG00000186472	PCLO	724	951	1064	815	572	204	519	251
ENSG00000186474	KLK12	0	0	0	0	0	0	0	0
ENSG00000186479	RGS7BP	2	0	3	3	0	0	3	0
ENSG00000186480	INSIG1	1281	1517	1654	1415	1624	710	2038	1003
ENSG00000186487	MYT1L	26	48	39	25	31	61	53	23
ENSG00000186496	ZNF396	44	46	51	25	19	23	12	20
ENSG00000186501	TMEM222	745	906	1136	971	727	514	488	696
ENSG00000186509	OR9Q1	0	0	0	1	0	0	0	0
ENSG00000186510	CLCNKA	1	0	9	6	6	2	6	7
ENSG00000186517	ARHGAP30	247	333	434	956	217	145	1301	180
ENSG00000186522	SEPTIN10	879	1150	1140	1007	940	543	872	690
ENSG00000186523	FAM86B1	13	14	7	11	5	3	4	7
ENSG00000186529	CYP4F3	9	21	22	15	10	0	33	1
ENSG00000186532	SMYD4	284	349	386	264	283	166	237	197
ENSG00000186562	DEFB105A	2	3	1	1	3	6	2	1
ENSG00000186564	FOXD2	54	46	39	36	73	97	60	136
ENSG00000186566	GPATCH8	1166	1278	1562	931	897	705	740	736
ENSG00000186567	CEACAM19	21	43	43	22	40	9	19	13
ENSG00000186575	NF2	1942	2327	2681	1990	1519	825	2238	1142
ENSG00000186577	SMIM29	541	574	484	463	417	380	378	589
ENSG00000186583	SPATC1	1	1	0	0	0	1	1	0
ENSG00000186591	UBE2H	2127	2625	3149	2038	1722	1283	1520	1230
ENSG00000186603	HPDL	383	342	416	322	307	284	164	467
ENSG00000186625	KATNA1	268	321	344	269	217	170	225	229
ENSG00000186628	FSD2	8	5	13	12	8	20	15	8
ENSG00000186635	ARAP1	1695	1954	2143	1672	1299	1201	1138	1448
ENSG00000186638	KIF24	182	140	194	129	129	105	128	99
ENSG00000186642	PDE2A	150	262	340	245	134	650	181	138
ENSG00000186645	SPDYE17	0	0	0	0	0	1	4	0
ENSG00000186648	CARMIL3	1	0	2	0	7	0	0	0
ENSG00000186652	PRG2	4	0	6	0	9	4	4	2
ENSG00000186654	PRR5	140	124	118	113	72	66	31	31
ENSG00000186660	ZFP91	3118	3278	3618	2749	2247	1949	2236	2098
ENSG00000186665	C17orf58	362	438	488	391	294	193	226	247
ENSG00000186666	BCDIN3D	342	361	360	267	191	187	147	257
ENSG00000186675	MAGEE2	0	0	0	0	0	0	0	0
ENSG00000186684	CYP27C1	246	129	120	115	123	117	164	88
ENSG00000186687	LYRM7	1177	1169	1302	1034	805	640	622	539
ENSG00000186710	CFAP73	43	37	25	29	28	40	14	71
ENSG00000186714	CCDC73	0	2	0	0	0	0	0	0
ENSG00000186716	BCR	865	841	884	675	633	553	377	759
ENSG00000186723	OR10H1	36	35	31	37	39	45	48	25
ENSG00000186765	FSCN2	1	3	2	3	3	4	5	4
ENSG00000186766	FOXI2	0	0	0	0	0	0	0	0
ENSG00000186767	SPIN4	407	456	407	366	285	198	308	242
ENSG00000186777	ZNF732	1	1	1	0	1	0	1	1
ENSG00000186787	SPIN2B	142	215	197	149	212	206	146	188
ENSG00000186788	SPATA31D3	0	0	0	0	0	0	0	0
ENSG00000186790	FOXE3	0	0	0	0	1	0	0	0
ENSG00000186792	HYAL3	208	321	274	244	160	82	143	190
ENSG00000186806	VSIG10L	20	17	11	11	12	12	10	13
ENSG00000186810	CXCR3	0	0	0	0	0	0	0	0
ENSG00000186812	ZNF397	509	728	547	444	454	224	478	267
ENSG00000186814	ZSCAN30	279	327	300	212	208	86	166	85
ENSG00000186815	TPCN1	930	1022	1093	772	516	565	571	560
ENSG00000186818	LILRB4	0	0	0	0	0	0	0	0
ENSG00000186827	TNFRSF4	0	1	0	1	0	0	0	1
ENSG00000186832	KRT16	1	2	0	1	1	1	5	1
ENSG00000186834	HEXIM1	3384	3754	3713	3123	2191	2218	1735	2545
ENSG00000186838	SELENOV	0	0	0	1	0	0	0	0
ENSG00000186847	KRT14	11	3	6	10	1	5	3	3
ENSG00000186854	TRABD2A	49	68	69	55	20	8	16	22
ENSG00000186862	PDZD7	172	223	274	134	192	122	100	131
ENSG00000186866	POFUT2	476	617	595	398	420	440	382	412
ENSG00000186867	QRFPR	45	47	64	72	60	93	42	79
ENSG00000186868	MAPT	21	62	43	46	51	29	25	49
ENSG00000186871	ERCC6L	295	297	302	284	230	160	167	175
ENSG00000186889	TMEM17	159	136	131	125	133	139	166	139
ENSG00000186891	TNFRSF18	2	0	0	2	0	5	0	2
ENSG00000186895	FGF3	0	2	0	0	18	2	0	9
ENSG00000186897	C1QL4	26	56	56	45	34	27	39	33
ENSG00000186907	RTN4RL2	115	230	198	168	212	84	145	151
ENSG00000186908	ZDHHC17	684	752	701	580	510	498	528	500
ENSG00000186912	P2RY4	0	5	1	2	0	0	0	0
ENSG00000186918	ZNF395	828	2142	1851	1631	1461	526	883	1253
ENSG00000186919	ZACN	2	3	12	0	0	0	0	0
ENSG00000186951	PPARA	143	184	212	165	84	59	84	63
ENSG00000186952	TMEM232	6	8	5	6	6	0	0	4
ENSG00000186967	KRTAP19-4	0	0	0	0	0	0	0	0
ENSG00000186973	FAM183A	0	0	0	0	0	0	0	0
ENSG00000186976	EFCAB6	4	0	0	0	3	0	2	0
ENSG00000186977	KRTAP19-5	1	0	0	0	0	1	0	2
ENSG00000186994	KANK3	3	1	8	8	9	3	2	2
ENSG00000186998	EMID1	13	20	25	34	19	9	11	14
ENSG00000187010	RHD	1	8	5	3	9	10	10	6
ENSG00000187017	ESPN	209	657	460	361	548	279	233	708
ENSG00000187024	PTRH1	207	248	281	234	227	183	186	233
ENSG00000187037	GPR141	0	0	0	0	0	1	0	0
ENSG00000187045	TMPRSS6	5	10	3	3	4	0	4	2
ENSG00000187048	CYP4A11	0	0	0	0	0	0	1	0
ENSG00000187049	TMEM216	308	306	346	276	254	225	160	287
ENSG00000187051	RPS19BP1	1372	1467	1541	1314	988	910	830	1087
ENSG00000187054	TMPRSS11A	0	0	0	0	0	1	0	0
ENSG00000187068	C3orf70	41	20	7	10	55	62	18	82
ENSG00000187079	TEAD1	1980	2295	2096	1760	1725	1419	1411	1625
ENSG00000187080	OR2AK2	0	2	0	0	0	0	0	0
ENSG00000187091	PLCD1	60	87	108	78	115	43	54	91
ENSG00000187094	CCK	0	1	0	0	0	2	0	0
ENSG00000187097	ENTPD5	327	318	358	279	180	150	200	187
ENSG00000187098	MITF	579	721	732	398	737	352	309	324
ENSG00000187105	HEATR4	1	2	2	6	3	0	3	2
ENSG00000187109	NAP1L1	17401	22334	21008	18766	15002	12732	15336	15109
ENSG00000187116	LILRA5	0	0	0	0	0	0	0	0
ENSG00000187118	CMC1	403	505	408	389	330	310	331	383
ENSG00000187122	SLIT1	2	2	1	6	4	14	3	8
ENSG00000187123	LYPD6	16	4	6	14	23	7	7	6
ENSG00000187134	AKR1C1	11	7	20	8	4	3	0	10
ENSG00000187135	VSTM2B	0	0	0	0	0	2	0	1
ENSG00000187140	FOXD3	162	74	27	35	278	382	57	380
ENSG00000187144	SPATA21	0	0	0	0	2	0	1	0
ENSG00000187147	RNF220	281	404	443	297	248	210	214	215
ENSG00000187151	ANGPTL5	1	0	0	0	0	0	1	0
ENSG00000187164	SHTN1	125	166	185	119	133	93	93	116
ENSG00000187166	H1-7	0	1	0	0	0	0	0	0
ENSG00000187173	LCE2A	0	1	0	0	0	0	0	0
ENSG00000187186	NA	52	87	68	76	91	71	77	62
ENSG00000187187	ZNF546	121	152	76	87	67	128	54	81
ENSG00000187189	TSPYL4	972	980	1156	871	840	569	838	635
ENSG00000187193	MT1X	613	847	993	793	829	321	602	782
ENSG00000187210	GCNT1	66	52	41	39	43	20	32	28
ENSG00000187223	LCE2D	0	0	0	0	0	0	0	0
ENSG00000187231	SESTD1	131	138	129	123	129	127	139	116
ENSG00000187239	FNBP1	650	988	1040	607	556	392	397	411
ENSG00000187240	DYNC2H1	725	748	779	484	544	398	409	503
ENSG00000187242	KRT12	0	2	0	0	7	9	0	9
ENSG00000187243	MAGED4B	0	0	1	0	0	0	0	0
ENSG00000187244	BCAM	513	1000	1411	857	655	182	266	411
ENSG00000187257	RSBN1L	1141	1287	1245	1224	951	977	1010	990
ENSG00000187258	NPSR1	0	0	0	0	0	0	0	0
ENSG00000187260	WDR86	0	1	0	0	0	1	0	0
ENSG00000187266	EPOR	178	274	232	195	195	166	108	158
ENSG00000187268	FAM9C	0	0	0	0	0	0	0	0
ENSG00000187288	CIDEC	1	1	1	0	2	5	0	12
ENSG00000187323	DCC	847	965	882	394	194	267	228	336
ENSG00000187325	TAF9B	834	1127	1178	989	764	468	591	569
ENSG00000187372	PCDHB13	114	89	76	68	84	107	48	74
ENSG00000187391	MAGI2	149	173	168	164	246	147	152	149
ENSG00000187398	LUZP2	1	26	0	0	1	2	1	2
ENSG00000187446	CHP1	1675	1785	1935	1580	1291	1084	1066	1156
ENSG00000187475	H1-6	4	1	4	2	1	0	2	0
ENSG00000187479	C11orf96	117	69	79	61	78	52	35	58
ENSG00000187486	KCNJ11	6	9	12	11	14	11	12	0
ENSG00000187492	CDHR4	43	42	36	39	44	44	62	16
ENSG00000187498	COL4A1	1065	862	873	665	1330	1691	790	1658
ENSG00000187510	PLEKHG7	2	2	0	0	0	0	0	2
ENSG00000187513	GJA4	2	1	1	2	2	3	6	0
ENSG00000187514	PTMA	28737	31991	33708	32827	24642	18298	21618	22116
ENSG00000187516	H2AP	0	0	0	0	1	2	0	0
ENSG00000187522	HSPA14	533	527	581	548	391	244	254	328
ENSG00000187527	ATP13A5	0	0	0	0	3	0	0	0
ENSG00000187531	SIRT7	397	555	610	430	345	320	370	401
ENSG00000187535	IFT140	613	814	825	533	462	366	397	580
ENSG00000187537	POTEG	0	0	0	0	0	1	0	0
ENSG00000187545	PRAMEF10	0	0	0	0	0	0	0	0
ENSG00000187546	AGMO	99	104	123	122	124	117	67	111
ENSG00000187550	SBK2	1	3	4	5	2	0	2	0
ENSG00000187553	CYP26C1	0	0	0	0	0	0	0	2
ENSG00000187554	TLR5	4	3	2	0	10	3	0	4
ENSG00000187555	USP7	1178	1205	1534	902	890	498	659	615
ENSG00000187556	NANOS3	3	0	0	3	1	1	2	0
ENSG00000187559	FOXD4L3	3	1	3	0	0	0	0	0
ENSG00000187566	NHLRC1	18	26	22	29	12	23	3	41
ENSG00000187581	COX8C	0	0	0	0	2	0	1	0
ENSG00000187583	PLEKHN1	272	334	382	301	219	177	409	179
ENSG00000187595	ZNF385C	5	13	9	8	9	25	4	17
ENSG00000187601	MAGEH1	136	100	90	94	125	90	64	121
ENSG00000187605	TET3	594	587	521	427	559	443	522	437
ENSG00000187607	ZNF286A	676	589	684	549	468	403	402	407
ENSG00000187608	ISG15	249	231	253	182	209	415	141	193
ENSG00000187609	EXD3	92	114	132	73	109	98	92	76
ENSG00000187624	C17orf97	72	57	76	78	37	77	19	67
ENSG00000187626	ZKSCAN4	116	117	109	102	87	89	86	86
ENSG00000187627	RGPD1	0	0	3	0	3	0	4	0
ENSG00000187630	DHRS4L2	295	386	380	349	269	205	252	298
ENSG00000187634	SAMD11	301	208	262	191	80	74	111	101
ENSG00000187642	PERM1	10	4	0	8	3	5	8	3
ENSG00000187650	VMAC	94	109	106	69	120	105	74	122
ENSG00000187658	C5orf52	0	3	0	0	0	0	0	0
ENSG00000187664	HAPLN4	33	38	52	52	46	83	105	28
ENSG00000187672	ERC2	0	4	0	0	0	0	0	0
ENSG00000187676	B3GLCT	269	267	209	229	181	152	161	159
ENSG00000187678	SPRY4	1045	812	543	475	874	1459	809	1544
ENSG00000187682	ERAS	1	0	2	1	0	0	0	1
ENSG00000187688	TRPV2	1685	1425	1326	1286	1146	1538	1271	1641
ENSG00000187690	EZHIP	6	0	0	0	0	1	0	0
ENSG00000187699	C2orf88	9	7	3	3	3	3	11	5
ENSG00000187713	TMEM203	1122	1176	1397	1012	974	876	769	1001
ENSG00000187714	SLC18A3	0	2	9	0	1	0	0	1
ENSG00000187715	KBTBD12	25	37	31	24	32	50	56	16
ENSG00000187720	THSD4	375	680	597	465	518	624	351	529
ENSG00000187726	DNAJB13	17	12	6	13	9	2	8	2
ENSG00000187730	GABRD	0	0	0	0	0	0	0	0
ENSG00000187733	AMY1C	0	0	0	0	0	3	0	0
ENSG00000187735	TCEA1	2614	2913	3075	2763	2092	1336	1688	2044
ENSG00000187736	NHEJ1	233	259	236	220	120	80	139	126
ENSG00000187741	FANCA	276	351	326	324	272	193	317	229
ENSG00000187742	SECISBP2	922	1150	1253	882	973	667	926	764
ENSG00000187747	OR52B6	0	0	0	1	0	0	0	0
ENSG00000187753	C9orf153	2	1	1	0	2	1	0	0
ENSG00000187758	ADH1A	0	0	0	0	0	0	0	0
ENSG00000187764	SEMA4D	166	260	317	206	211	164	181	200
ENSG00000187772	LIN28B	406	361	384	348	154	135	176	125
ENSG00000187773	DIPK1C	0	0	1	0	2	0	1	0
ENSG00000187775	DNAH17	2	10	15	6	14	0	4	0
ENSG00000187778	MCRS1	1777	1691	1970	1644	996	1129	1025	1454
ENSG00000187790	FANCM	121	111	129	54	103	16	54	45
ENSG00000187791	FAM205C	0	1	0	0	0	0	0	0
ENSG00000187792	ZNF70	129	172	170	145	141	119	132	95
ENSG00000187796	CARD9	0	0	0	0	1	0	0	4
ENSG00000187800	PEAR1	63	103	193	108	69	19	132	29
ENSG00000187801	ZFP69B	117	115	127	73	86	50	110	104
ENSG00000187808	SOWAHD	6	1	3	3	4	1	2	3
ENSG00000187815	ZFP69	218	202	181	156	146	132	126	177
ENSG00000187821	HELT	4	0	0	1	2	1	1	2
ENSG00000187823	RTL4	0	0	0	0	0	0	0	0
ENSG00000187824	TMEM220	20	22	27	26	10	12	14	11
ENSG00000187833	C2orf78	2	0	2	0	0	0	0	0
ENSG00000187837	H1-2	12697	13221	12400	7342	4564	660	2693	970
ENSG00000187838	PLSCR3	844	1099	1091	908	749	661	590	1040
ENSG00000187840	EIF4EBP1	2468	2866	3064	2642	1859	1061	1595	2578
ENSG00000187848	P2RX2	3	0	1	0	0	0	0	0
ENSG00000187857	OR6C75	2	3	3	0	3	0	2	2
ENSG00000187860	CCDC157	79	138	120	88	82	110	90	75
ENSG00000187862	TTC24	0	1	0	0	1	1	0	1
ENSG00000187866	PABIR1	376	465	531	332	450	216	360	352
ENSG00000187867	PALM3	153	134	96	72	69	133	35	105
ENSG00000187871	GFRAL	0	1	1	0	1	0	1	1
ENSG00000187889	FYB2	0	0	0	0	0	0	0	3
ENSG00000187902	SHISA7	4	1	0	3	1	2	3	1
ENSG00000187905	LRRC74B	0	0	2	0	0	9	0	0
ENSG00000187908	DMBT1	19	106	180	73	79	4	7	27
ENSG00000187912	CLEC17A	1	2	0	1	1	0	4	1
ENSG00000187918	OR51I2	12	5	13	7	4	3	5	0
ENSG00000187922	LCN10	0	0	0	0	3	0	0	0
ENSG00000187942	LDLRAD2	13	2	4	0	7	24	12	6
ENSG00000187944	C2orf66	2	2	1	0	4	5	0	0
ENSG00000187950	OVCH1	0	0	0	0	0	0	0	0
ENSG00000187954	ZFTRAF1	424	689	605	522	462	480	315	565
ENSG00000187955	COL14A1	20	8	7	4	7	28	0	11
ENSG00000187957	DNER	113	170	157	129	63	54	92	64
ENSG00000187959	CPSF4L	0	0	0	0	0	2	0	0
ENSG00000187961	KLHL17	319	453	418	374	277	270	510	289
ENSG00000187980	PLA2G2C	0	0	0	0	0	1	0	0
ENSG00000187994	RINL	277	329	255	179	291	198	84	294
ENSG00000188000	OR7D2	1	7	6	2	2	8	5	3
ENSG00000188001	TPRG1	2	3	4	0	2	3	0	0
ENSG00000188010	MORN2	247	281	285	224	216	197	166	250
ENSG00000188011	RTP5	1	0	0	0	0	0	0	0
ENSG00000188015	S100A3	566	391	475	441	345	441	238	568
ENSG00000188021	UBQLN2	1041	1115	1035	901	748	694	789	669
ENSG00000188026	RILPL1	441	480	485	372	308	258	338	366
ENSG00000188032	C19orf67	0	3	2	2	0	2	2	2
ENSG00000188033	ZNF490	227	273	164	171	190	173	141	192
ENSG00000188037	CLCN1	1	0	0	0	0	1	0	0
ENSG00000188038	NRN1L	1	7	6	3	3	4	5	0
ENSG00000188039	NWD1	0	6	4	3	1	0	0	1
ENSG00000188042	ARL4C	2825	2896	2702	2188	2411	2632	2593	1936
ENSG00000188050	RNF133	2	1	3	2	0	1	1	1
ENSG00000188051	TMEM221	6	5	8	2	5	11	3	2
ENSG00000188060	RAB42	5	3	1	2	6	9	5	1
ENSG00000188064	WNT7B	288	154	41	55	459	541	58	777
ENSG00000188070	ZFTA	871	841	788	702	503	559	357	523
ENSG00000188092	GPR89B	85	117	106	51	50	86	82	57
ENSG00000188095	MESP2	21	24	34	22	16	16	26	26
ENSG00000188100	FAM25A	3	1	4	2	0	1	0	0
ENSG00000188107	EYS	14	17	10	17	18	22	14	11
ENSG00000188112	C6orf132	0	0	2	0	6	7	12	2
ENSG00000188124	OR2AG2	5	3	8	6	4	1	4	3
ENSG00000188130	MAPK12	455	598	746	573	311	252	329	279
ENSG00000188133	TMEM215	1	0	0	0	0	0	0	0
ENSG00000188152	NUTM2G	7	4	8	5	11	5	13	2
ENSG00000188153	COL4A5	76	67	67	39	119	153	58	125
ENSG00000188157	AGRN	8451	11193	13948	8164	7015	4149	7109	4769
ENSG00000188158	NHS	572	939	875	670	467	280	313	434
ENSG00000188162	OTOG	0	0	0	0	0	1	1	0
ENSG00000188163	FAM166A	0	0	0	1	2	3	0	0
ENSG00000188167	TMPPE	21	32	43	28	45	21	32	21
ENSG00000188171	ZNF626	132	163	198	134	111	99	83	81
ENSG00000188175	HEPACAM2	0	0	0	0	0	0	0	0
ENSG00000188176	SMTNL2	0	0	0	0	0	1	0	0
ENSG00000188177	ZC3H6	98	184	150	147	136	108	153	92
ENSG00000188186	LAMTOR4	1149	1220	1267	1295	947	958	855	1234
ENSG00000188191	PRKAR1B	1493	2298	2488	1772	1315	855	886	1164
ENSG00000188199	NUTM2B	19	17	15	16	22	8	8	18
ENSG00000188211	NCR3LG1	240	238	290	156	138	55	116	72
ENSG00000188215	DCUN1D3	322	349	353	304	290	279	337	262
ENSG00000188219	POTEE	272	332	348	382	362	161	464	216
ENSG00000188227	ZNF793	105	100	96	72	81	112	100	66
ENSG00000188229	TUBB4B	7799	8703	11996	8342	5883	4552	5009	6740
ENSG00000188234	AGAP4	179	169	171	117	148	192	203	111
ENSG00000188243	COMMD6	442	523	487	445	459	321	334	507
ENSG00000188257	PLA2G2A	7	0	0	0	2	10	0	19
ENSG00000188266	HYKK	27	37	21	37	50	46	31	34
ENSG00000188277	C15orf62	192	213	72	125	180	367	169	310
ENSG00000188282	RUFY4	0	1	0	0	0	0	6	0
ENSG00000188283	ZNF383	159	166	164	125	139	126	79	133
ENSG00000188290	HES4	48	59	33	43	132	63	52	54
ENSG00000188295	ZNF669	137	130	150	83	146	84	108	110
ENSG00000188305	PEAK3	23	40	34	21	27	10	46	15
ENSG00000188306	LRRIQ4	0	0	0	0	0	0	0	0
ENSG00000188312	CENPP	148	171	228	136	183	162	146	111
ENSG00000188313	PLSCR1	435	420	367	399	261	264	307	251
ENSG00000188315	C3orf62	217	173	135	128	101	114	89	96
ENSG00000188316	ENO4	18	13	7	5	11	10	6	17
ENSG00000188321	ZNF559	258	307	299	256	220	183	177	198
ENSG00000188322	SBK1	9	8	12	4	10	4	1	3
ENSG00000188324	OR6C6	0	1	1	0	0	0	0	0
ENSG00000188338	SLC38A3	39	37	26	18	74	62	4	69
ENSG00000188340	OR6N2	0	0	0	0	0	1	0	0
ENSG00000188342	GTF2F2	507	657	652	546	523	542	548	507
ENSG00000188343	CIBAR1	163	222	189	230	169	165	168	213
ENSG00000188352	FOCAD	449	519	612	387	374	164	257	235
ENSG00000188368	PRR19	58	46	59	33	55	46	26	72
ENSG00000188372	ZP3	152	205	324	223	125	65	119	119
ENSG00000188375	H3-5	26	28	21	29	32	28	40	21
ENSG00000188385	JAKMIP3	0	2	1	1	0	0	0	0
ENSG00000188386	PPP3R2	0	0	0	1	0	0	0	0
ENSG00000188389	PDCD1	1	0	0	0	0	1	0	0
ENSG00000188394	GPR21	0	0	0	3	0	0	0	0
ENSG00000188396	DYNLT4	10	11	9	10	9	7	12	1
ENSG00000188404	SELL	0	0	0	0	5	0	0	0
ENSG00000188408	MAGEB5	1	0	0	0	0	0	0	0
ENSG00000188419	CHM	501	723	798	501	491	233	320	288
ENSG00000188425	NANOS2	0	0	0	0	0	0	0	0
ENSG00000188428	BLOC1S5	224	234	247	239	179	144	134	170
ENSG00000188452	CERKL	3	3	8	9	3	9	15	2
ENSG00000188467	SLC24A5	0	0	0	0	0	1	1	0
ENSG00000188483	IER5L	1455	2345	2209	1953	2796	1744	2193	2460
ENSG00000188486	H2AX	4882	4923	5971	5573	2951	2674	3105	3546
ENSG00000188487	INSC	2	2	8	4	0	0	0	1
ENSG00000188488	SERPINA5	230	251	223	203	232	251	146	191
ENSG00000188493	C19orf54	305	435	471	348	300	188	218	226
ENSG00000188501	LCTL	155	188	152	132	111	183	99	147
ENSG00000188505	NCCRP1	0	0	2	0	0	1	0	2
ENSG00000188508	KRTDAP	0	1	0	0	0	0	0	0
ENSG00000188517	COL25A1	0	1	2	2	1	1	0	0
ENSG00000188522	FAM83G	745	1097	1242	738	819	499	784	672
ENSG00000188523	CFAP77	4	2	5	1	2	4	0	5
ENSG00000188529	SRSF10	2321	2416	2432	2182	1556	1619	1588	1556
ENSG00000188536	HBA2	1	0	0	2	2	0	0	0
ENSG00000188542	DUSP28	91	90	94	81	59	78	117	64
ENSG00000188549	CCDC9B	759	900	1232	587	768	612	915	326
ENSG00000188554	NBR1	2630	3489	3424	2484	2100	1976	1850	1954
ENSG00000188558	OR2G6	4	3	4	4	3	9	5	0
ENSG00000188559	RALGAPA2	129	168	172	128	143	52	119	67
ENSG00000188566	NDOR1	820	652	823	474	495	515	604	500
ENSG00000188573	FBLL1	106	119	93	77	50	31	33	39
ENSG00000188580	NKAIN2	0	2	1	0	6	13	0	1
ENSG00000188582	PAQR9	5	0	1	1	5	1	0	7
ENSG00000188596	CFAP54	56	55	47	37	47	46	44	15
ENSG00000188603	CLN3	488	566	581	523	377	243	383	370
ENSG00000188610	FAM72B	439	489	482	489	326	271	420	274
ENSG00000188611	ASAH2	91	69	71	64	50	35	54	35
ENSG00000188612	SUMO2	5737	6603	6876	6125	5335	4149	4769	5341
ENSG00000188613	NANOS1	63	76	93	60	35	37	10	35
ENSG00000188620	HMX3	3	5	5	7	0	9	6	4
ENSG00000188624	IGFL3	1	0	0	0	0	0	0	0
ENSG00000188626	GOLGA8M	1	0	2	2	1	0	0	0
ENSG00000188629	ZNF177	10	28	12	2	23	20	28	26
ENSG00000188636	RTL6	702	705	800	565	497	358	416	495
ENSG00000188641	DPYD	694	983	1041	646	579	464	339	606
ENSG00000188643	S100A16	10461	11101	10350	9566	7806	8402	9234	11604
ENSG00000188647	PTAR1	1245	1610	1406	963	1257	960	1130	897
ENSG00000188649	CC2D2B	6	7	4	6	1	3	2	0
ENSG00000188659	SAXO2	25	20	14	20	20	23	11	19
ENSG00000188672	RHCE	35	34	47	33	21	14	11	41
ENSG00000188674	C2orf80	0	0	0	0	0	0	0	0
ENSG00000188677	PARVB	852	1105	1213	945	715	466	710	821
ENSG00000188687	SLC4A5	0	18	16	15	12	8	12	3
ENSG00000188690	UROS	987	915	1045	843	642	518	373	705
ENSG00000188691	OR56A5	0	1	0	0	0	0	0	0
ENSG00000188706	ZDHHC9	390	564	515	384	456	243	271	359
ENSG00000188710	QRFP	10	4	10	6	4	9	5	3
ENSG00000188716	DUSP29	0	0	0	0	0	1	0	0
ENSG00000188725	SMIM15	1620	1725	1775	1402	1129	999	917	1101
ENSG00000188730	VWC2	8	1	1	0	0	0	0	0
ENSG00000188732	FAM221A	37	32	31	18	22	23	5	43
ENSG00000188735	TMEM120B	462	402	466	444	295	322	435	241
ENSG00000188738	FSIP2	33	44	12	24	45	30	17	25
ENSG00000188739	RBM34	1253	1182	1108	1006	1021	907	981	1039
ENSG00000188747	NOXA1	23	28	32	14	19	45	20	34
ENSG00000188760	TMEM198	205	228	257	221	115	132	147	108
ENSG00000188761	BCL2L15	12	0	11	2	4	2	0	4
ENSG00000188763	FZD9	64	29	35	36	48	64	17	84
ENSG00000188766	SPRED3	599	570	564	332	411	563	281	560
ENSG00000188770	OPTC	1	0	0	0	0	0	0	0
ENSG00000188771	PLET1	0	1	1	0	0	0	1	0
ENSG00000188779	SKOR1	13	19	25	16	24	19	22	21
ENSG00000188783	PRELP	15	8	5	12	12	10	9	3
ENSG00000188785	ZNF548	175	246	185	166	228	145	178	168
ENSG00000188786	MTF1	657	700	748	510	420	336	358	349
ENSG00000188800	TMCO2	0	0	0	0	2	0	0	0
ENSG00000188803	SHISA6	0	0	0	0	1	0	0	0
ENSG00000188807	TMEM201	701	786	924	616	626	489	529	577
ENSG00000188811	NHLRC3	156	189	136	139	135	131	141	115
ENSG00000188817	SNTN	1	0	0	3	0	2	0	0
ENSG00000188818	ZDHHC11	69	50	43	35	40	87	99	32
ENSG00000188820	CALHM6	19	27	35	57	52	22	25	35
ENSG00000188822	CNR2	25	25	18	14	12	31	25	10
ENSG00000188827	SLX4	340	303	349	216	195	165	230	176
ENSG00000188833	ENTPD8	0	8	4	6	11	7	4	15
ENSG00000188846	RPL14	3541	4578	4741	3671	3290	1684	2112	3158
ENSG00000188848	BEND4	105	200	201	119	102	63	171	44
ENSG00000188859	FAM78B	51	73	59	70	59	37	45	58
ENSG00000188868	ZNF563	21	16	26	23	49	32	20	64
ENSG00000188869	TMC3	1	1	0	0	0	2	0	0
ENSG00000188878	FBF1	353	400	410	344	227	258	251	287
ENSG00000188883	KLRG2	0	1	0	1	1	2	0	1
ENSG00000188886	ASTL	0	2	0	0	1	2	1	2
ENSG00000188895	MSL1	1707	1844	1732	1586	1265	1346	1130	1380
ENSG00000188897	NA	2	1	1	0	1	3	0	0
ENSG00000188906	LRRK2	25	5	20	11	23	18	21	0
ENSG00000188909	BSX	1	0	0	0	0	0	0	0
ENSG00000188910	GJB3	144	170	193	137	121	48	123	60
ENSG00000188916	INSYN2A	4	3	2	1	3	6	2	3
ENSG00000188917	TRMT2B	284	273	321	311	228	175	278	164
ENSG00000188921	HACD4	10	8	10	10	10	12	12	6
ENSG00000188931	CFAP126	39	22	21	11	18	12	16	8
ENSG00000188937	NYX	0	0	0	0	0	0	0	0
ENSG00000188938	FAM120AOS	797	878	980	685	748	625	542	717
ENSG00000188958	UTS2B	14	11	7	5	5	10	9	2
ENSG00000188959	C9orf152	0	0	0	0	0	0	0	2
ENSG00000188976	NOC2L	6053	7512	9102	6496	4368	2721	3577	4342
ENSG00000188981	MSANTD1	3	5	2	5	0	3	0	0
ENSG00000188986	NELFB	1772	2261	2720	1910	1745	1111	1484	1504
ENSG00000188991	SLC15A5	0	0	0	0	0	0	0	0
ENSG00000188992	LIPI	0	1	0	0	0	0	0	0
ENSG00000188993	LRRC66	2	3	5	5	1	2	1	2
ENSG00000188994	ZNF292	523	956	1011	675	840	469	688	576
ENSG00000188996	HUS1B	13	12	16	6	11	5	9	3
ENSG00000188997	KCTD21	169	207	160	134	95	76	102	117
ENSG00000189001	SBSN	1618	652	397	166	14	82	47	54
ENSG00000189007	ADAT2	193	251	232	172	185	165	291	172
ENSG00000189023	MAGEB16	1	0	2	1	0	1	0	0
ENSG00000189030	VHLL	0	0	0	0	0	0	0	0
ENSG00000189042	ZNF567	140	124	134	79	87	76	57	86
ENSG00000189043	NDUFA4	1973	1998	2039	2015	1671	1096	1289	1677
ENSG00000189045	ANKDD1B	3	0	0	2	0	1	0	4
ENSG00000189046	ALKBH2	847	833	798	665	480	519	432	633
ENSG00000189050	RNFT1	149	130	109	131	138	130	71	140
ENSG00000189051	RNF222	1	2	2	2	1	6	1	2
ENSG00000189052	CGB5	43	9	0	3	6	21	0	10
ENSG00000189056	RELN	0	0	0	10	0	0	0	0
ENSG00000189057	FAM111B	228	248	268	259	217	114	196	168
ENSG00000189058	APOD	119	60	3	11	420	1080	21	550
ENSG00000189060	H1-0	6011	9707	8130	6750	7689	4685	6460	6140
ENSG00000189064	GAGE2A	18	5	7	13	16	22	12	23
ENSG00000189067	LITAF	620	807	798	601	777	514	540	851
ENSG00000189068	VSTM1	37	32	35	53	26	2	46	8
ENSG00000189077	TMEM120A	289	329	345	317	327	246	256	298
ENSG00000189079	ARID2	602	651	614	464	432	426	461	370
ENSG00000189090	FAM25G	0	0	0	0	2	0	3	0
ENSG00000189091	SF3B3	5031	6162	7141	4344	3755	2430	3325	3268
ENSG00000189099	PRSS48	1	0	0	0	1	0	2	0
ENSG00000189108	IL1RAPL2	0	1	0	0	0	0	0	0
ENSG00000189114	BLOC1S3	186	145	158	130	159	117	75	155
ENSG00000189120	SP6	100	63	69	39	22	10	11	12
ENSG00000189127	ANKRD34B	0	0	0	0	0	0	0	0
ENSG00000189129	PLAC9	11	4	1	2	3	3	13	2
ENSG00000189132	FAM47B	0	0	1	0	0	0	0	0
ENSG00000189134	NKAPL	1	1	0	0	1	1	0	1
ENSG00000189139	FSCB	1	1	0	0	1	2	0	5
ENSG00000189143	CLDN4	283	344	329	245	161	534	354	402
ENSG00000189144	ZNF573	0	21	18	18	28	2	0	4
ENSG00000189152	GRAPL	0	0	0	0	0	2	0	1
ENSG00000189157	FAM47E	68	89	75	62	96	75	51	66
ENSG00000189159	JPT1	2645	2920	3322	2956	2198	2076	2709	2714
ENSG00000189164	ZNF527	111	85	96	87	102	82	4	82
ENSG00000189167	ZAR1L	0	1	1	0	0	0	0	0
ENSG00000189171	S100A13	1857	1769	1768	1497	1459	1715	1215	2476
ENSG00000189180	ZNF33A	448	537	514	407	426	332	370	324
ENSG00000189181	OR14I1	1	0	1	0	0	0	0	1
ENSG00000189182	KRT77	0	0	1	0	0	0	0	0
ENSG00000189184	PCDH18	28	24	21	19	13	115	13	17
ENSG00000189186	DCAF8L2	0	0	1	0	0	0	0	0
ENSG00000189190	ZNF600	47	59	57	29	71	58	51	66
ENSG00000189195	BTBD8	21	11	22	12	25	0	0	0
ENSG00000189221	MAOA	2	2	8	7	8	5	0	6
ENSG00000189227	C15orf61	280	317	277	269	175	158	204	195
ENSG00000189233	NUGGC	3	6	6	3	2	6	11	1
ENSG00000189241	TSPYL1	1131	1108	1264	983	820	758	737	778
ENSG00000189252	SPANXN3	2	1	2	0	0	0	0	0
ENSG00000189253	TRIM64B	4	1	8	5	1	0	0	1
ENSG00000189266	PNRC2	2390	2534	2485	2255	1570	1372	1467	1443
ENSG00000189269	DRICH1	1	1	1	8	2	0	4	3
ENSG00000189280	GJB5	1	2	1	0	3	0	1	0
ENSG00000189283	FHIT	3	3	6	6	2	0	0	2
ENSG00000189292	ALKAL2	2	2	0	0	6	1	0	7
ENSG00000189298	ZKSCAN3	80	80	71	85	60	55	45	52
ENSG00000189299	FOXR2	243	269	275	204	104	141	110	134
ENSG00000189306	RRP7A	1305	1546	1716	1427	1151	863	1212	1043
ENSG00000189308	LIN54	283	312	296	255	236	128	209	215
ENSG00000189319	FAM53B	538	495	488	354	329	318	245	305
ENSG00000189320	FAM180A	18	15	17	22	8	0	36	9
ENSG00000189325	BNIP5	0	0	1	0	0	0	0	0
ENSG00000189326	SPANXN4	0	0	0	1	0	0	0	0
ENSG00000189334	S100A14	3	4	6	3	0	3	4	4
ENSG00000189337	KAZN	62	101	80	34	75	30	17	49
ENSG00000189339	SLC35E2B	1586	1608	1720	1438	1176	1286	1184	1273
ENSG00000189348	FAM90A27P	0	1	1	0	0	0	2	0
ENSG00000189350	TOGARAM2	0	0	0	0	0	0	0	0
ENSG00000189357	SPATA31D4	2	0	1	0	0	0	0	1
ENSG00000189362	NEMP2	112	169	134	123	118	56	150	69
ENSG00000189367	KIAA0408	11	21	0	4	19	24	23	19
ENSG00000189369	GSPT2	265	297	312	229	229	194	151	251
ENSG00000189375	TBC1D28	0	3	1	2	0	0	0	0
ENSG00000189376	C8orf76	731	783	786	705	405	342	338	495
ENSG00000189377	CXCL17	0	0	0	0	0	0	0	0
ENSG00000189401	OTUD6A	2	4	2	5	9	2	11	2
ENSG00000189403	HMGB1	11503	10956	11366	12231	9409	9680	8481	10417
ENSG00000189409	MMP23B	3	3	0	0	5	3	1	8
ENSG00000189410	SH2D5	70	169	170	93	70	3	117	32
ENSG00000189420	ZFP92	0	0	0	0	0	0	0	0
ENSG00000189430	NCR1	1	3	0	0	0	0	0	0
ENSG00000189431	RASSF10	1	0	3	0	5	5	1	2
ENSG00000189433	GJB4	2	0	3	1	1	1	0	0
ENSG00000196071	OR2L13	1	7	4	1	1	1	0	3
ENSG00000196072	BLOC1S2	848	787	934	653	674	581	465	759
ENSG00000196074	SYCP2	34	18	14	10	26	32	18	32
ENSG00000196081	ZNF724	113	110	148	43	98	58	67	61
ENSG00000196083	IL1RAP	171	235	206	178	238	176	134	229
ENSG00000196090	PTPRT	0	0	0	0	0	0	0	0
ENSG00000196091	MYBPC1	3	0	2	5	0	0	0	1
ENSG00000196092	PAX5	2	0	0	0	0	0	1	0
ENSG00000196098	OR5K4	0	0	0	0	0	0	0	0
ENSG00000196104	SPOCK3	2	11	8	5	12	2	11	7
ENSG00000196109	ZNF676	12	22	27	15	5	6	17	5
ENSG00000196110	ZNF699	131	150	176	122	143	62	145	62
ENSG00000196116	TDRD7	176	247	294	151	220	200	192	181
ENSG00000196118	CFAP119	127	135	140	103	89	106	54	83
ENSG00000196119	OR8A1	56	36	22	31	34	123	47	50
ENSG00000196123	KIAA0895L	468	489	514	297	312	400	455	363
ENSG00000196126	HLA-DRB1	63	30	7	11	64	106	0	133
ENSG00000196131	VN1R2	1	0	1	0	1	2	0	0
ENSG00000196132	MYT1	11	4	0	4	8	15	0	16
ENSG00000196136	SERPINA3	744	476	250	211	1186	1864	36	1162
ENSG00000196139	AKR1C3	166	155	156	130	125	91	32	99
ENSG00000196141	SPATS2L	1311	1432	1586	1382	1175	1122	1231	1300
ENSG00000196150	ZNF250	86	109	113	66	83	91	60	94
ENSG00000196151	WDSUB1	70	88	95	52	62	51	60	63
ENSG00000196152	ZNF79	93	101	117	82	78	48	54	61
ENSG00000196154	S100A4	8741	6222	6747	7571	5781	8199	4971	10728
ENSG00000196155	PLEKHG4	533	563	639	434	252	304	253	308
ENSG00000196159	FAT4	168	204	240	131	101	65	70	72
ENSG00000196169	KIF19	2	0	3	0	1	2	0	1
ENSG00000196172	ZNF681	185	210	202	176	185	129	190	132
ENSG00000196177	ACADSB	480	456	531	405	354	213	158	257
ENSG00000196182	STK40	796	951	1168	851	420	438	436	436
ENSG00000196184	OR10J1	3	0	3	0	1	2	1	0
ENSG00000196187	TMEM63A	592	640	620	378	535	515	458	494
ENSG00000196188	CTSE	11	3	2	8	4	2	1	3
ENSG00000196189	SEMA4A	2	3	5	1	8	3	3	3
ENSG00000196196	HRCT1	148	132	232	165	84	66	105	78
ENSG00000196199	MPHOSPH8	1178	1268	1169	1075	972	1638	1029	1133
ENSG00000196208	GREB1	198	272	253	164	136	160	134	106
ENSG00000196209	SIRPB2	2	0	1	0	0	0	4	0
ENSG00000196214	ZNF766	202	211	228	183	187	148	111	159
ENSG00000196218	RYR1	9	6	0	6	15	6	3	0
ENSG00000196220	SRGAP3	160	177	190	140	106	64	33	47
ENSG00000196227	FAM217B	781	592	621	534	476	555	416	440
ENSG00000196230	TUBB	22106	26889	28116	24823	19794	12937	15218	18416
ENSG00000196233	LCOR	1155	1368	1144	945	928	837	696	795
ENSG00000196235	SUPT5H	3199	3774	4432	2448	2533	1742	1509	2330
ENSG00000196236	XPNPEP3	473	555	602	484	302	286	257	257
ENSG00000196240	OR2T2	0	0	1	0	0	0	0	0
ENSG00000196242	OR2C3	1	1	0	1	0	4	0	3
ENSG00000196247	ZNF107	118	139	112	99	103	99	56	88
ENSG00000196260	SFTA2	1	0	1	0	0	0	0	1
ENSG00000196262	PPIA	29482	34007	36139	34298	23562	17865	24092	26312
ENSG00000196263	ZNF471	47	70	52	40	93	90	51	39
ENSG00000196267	ZNF836	45	64	57	40	42	36	22	50
ENSG00000196268	ZNF493	114	173	146	114	163	154	126	104
ENSG00000196275	GTF2IRD2	61	104	111	49	46	45	37	72
ENSG00000196277	GRM7	1	1	0	0	0	0	0	4
ENSG00000196284	SUPT3H	13	18	23	25	13	7	14	16
ENSG00000196289	BECN2	2	7	2	2	0	2	0	1
ENSG00000196290	NIF3L1	366	442	389	375	281	237	268	326
ENSG00000196296	ATP2A1	25	28	45	29	33	31	26	23
ENSG00000196305	IARS1	2633	3042	4340	2151	1909	683	1261	968
ENSG00000196313	POM121	2893	3212	3734	2516	2157	1168	1586	1695
ENSG00000196323	ZBTB44	1075	1396	1210	982	912	781	741	816
ENSG00000196329	GIMAP5	0	4	5	2	2	0	0	0
ENSG00000196335	STK31	47	55	58	41	24	26	0	39
ENSG00000196337	CGB7	74	46	40	41	32	38	35	29
ENSG00000196338	NLGN3	30	39	33	8	18	28	16	18
ENSG00000196341	OR8D1	24	25	14	8	19	41	20	23
ENSG00000196344	ADH7	0	0	0	0	0	0	0	0
ENSG00000196345	ZKSCAN7	4	7	2	0	3	4	6	1
ENSG00000196350	ZNF729	2	0	0	0	1	0	0	2
ENSG00000196352	CD55	715	1434	783	740	1491	713	742	1324
ENSG00000196353	CPNE4	0	0	0	0	1	0	0	0
ENSG00000196357	ZNF565	45	39	37	33	27	17	23	31
ENSG00000196358	NTNG2	83	44	76	41	47	51	17	32
ENSG00000196361	ELAVL3	0	1	2	0	3	1	1	3
ENSG00000196363	WDR5	1542	1821	2215	1625	1428	996	1332	1261
ENSG00000196365	LONP1	3658	5544	5925	4311	3180	1836	3040	2718
ENSG00000196367	TRRAP	1042	1351	1486	796	1008	620	762	718
ENSG00000196368	NUDT11	136	134	103	68	86	46	68	62
ENSG00000196369	SRGAP2B	1577	1743	1654	1345	1325	1166	1418	1017
ENSG00000196371	FUT4	2	2	1	0	4	4	1	0
ENSG00000196372	ASB13	541	488	572	476	292	219	213	347
ENSG00000196376	SLC35F1	81	53	15	29	38	66	24	95
ENSG00000196378	ZNF34	116	128	142	130	141	86	126	81
ENSG00000196387	ZNF140	169	114	151	114	85	178	100	123
ENSG00000196388	INCA1	10	34	19	12	12	11	9	14
ENSG00000196391	ZNF774	43	66	51	38	42	36	39	35
ENSG00000196396	PTPN1	2604	2865	3546	2455	1897	1286	1584	1612
ENSG00000196405	EVL	402	322	355	296	267	200	232	270
ENSG00000196406	SPANXD	119	75	148	91	63	0	22	15
ENSG00000196407	THEM5	5	13	14	4	8	4	1	2
ENSG00000196408	NOXO1	3	6	18	11	5	10	4	5
ENSG00000196411	EPHB4	996	1281	1456	1196	815	368	667	588
ENSG00000196415	PRTN3	0	1	1	0	1	0	0	0
ENSG00000196417	ZNF765	99	129	111	81	101	73	54	92
ENSG00000196418	ZNF124	181	215	194	155	138	170	150	145
ENSG00000196419	XRCC6	6376	7201	8204	6878	5110	3517	4065	4921
ENSG00000196420	S100A5	77	92	83	109	35	38	68	35
ENSG00000196421	C20orf204	5	0	0	0	0	9	4	6
ENSG00000196422	PPP1R26	553	909	909	560	693	392	482	478
ENSG00000196427	NBPF4	3	5	1	9	8	3	0	6
ENSG00000196428	TSC22D2	786	1144	1255	754	792	455	572	461
ENSG00000196431	CRYBA4	0	0	0	0	0	0	1	0
ENSG00000196433	ASMT	0	0	0	1	0	0	0	0
ENSG00000196436	NPIPB15	72	109	64	59	65	78	119	57
ENSG00000196437	ZNF569	158	168	148	110	93	107	53	121
ENSG00000196440	ARMCX4	33	42	52	29	31	26	13	19
ENSG00000196449	YRDC	1604	1811	1707	1420	1249	852	1256	1263
ENSG00000196453	ZNF777	494	621	717	489	390	340	291	440
ENSG00000196455	PIK3R4	660	659	851	468	385	274	293	288
ENSG00000196456	ZNF775	156	163	200	186	121	103	136	143
ENSG00000196458	ZNF605	302	325	218	181	204	226	188	196
ENSG00000196459	TRAPPC2	274	284	345	261	244	193	237	195
ENSG00000196460	RFX8	0	0	0	0	0	0	0	1
ENSG00000196465	MYL6B	2261	3152	3025	2404	1527	1249	1442	2121
ENSG00000196466	ZNF799	58	51	56	29	40	40	39	60
ENSG00000196468	FGF16	1	0	0	0	0	3	0	0
ENSG00000196470	SIAH1	463	636	577	502	429	395	542	428
ENSG00000196475	GK2	0	0	1	2	3	0	12	2
ENSG00000196476	C20orf96	184	217	270	273	220	126	170	175
ENSG00000196482	ESRRG	21	20	14	9	42	38	8	69
ENSG00000196497	IPO4	2381	2392	2930	1885	1700	975	994	1690
ENSG00000196498	NCOR2	3303	3643	4247	3158	2219	2292	2631	2503
ENSG00000196502	SULT1A1	13	32	23	13	3	16	1	0
ENSG00000196503	ARL9	98	77	95	65	40	41	45	69
ENSG00000196504	PRPF40A	2441	2726	3041	2269	1969	1472	1755	1563
ENSG00000196505	GDAP2	278	387	364	236	313	176	214	253
ENSG00000196507	TCEAL3	403	631	631	486	457	379	353	519
ENSG00000196510	ANAPC7	830	711	831	713	452	431	479	618
ENSG00000196511	TPK1	84	103	62	61	31	51	55	62
ENSG00000196517	SLC6A9	303	232	325	169	91	168	101	125
ENSG00000196526	AFAP1	1642	3333	3191	2139	2833	1025	1913	1572
ENSG00000196531	NACA	13827	18905	18019	14840	10853	10240	12065	13776
ENSG00000196535	MYO18A	410	652	911	479	449	156	305	169
ENSG00000196542	SPTSSB	0	0	0	0	3	8	0	8
ENSG00000196544	BORCS6	276	246	259	251	317	213	206	257
ENSG00000196547	MAN2A2	280	388	324	270	391	341	341	294
ENSG00000196549	MME	840	2854	2175	1897	1340	13	1862	142
ENSG00000196550	FAM72A	488	557	460	431	320	312	436	299
ENSG00000196557	CACNA1H	0	3	1	0	0	0	2	0
ENSG00000196562	SULF2	1855	1819	1653	1769	1565	1561	1021	1228
ENSG00000196565	HBG2	18	46	33	20	30	8	8	9
ENSG00000196569	LAMA2	317	283	240	173	260	224	175	317
ENSG00000196570	PFN3	1	0	0	0	0	0	0	0
ENSG00000196576	PLXNB2	1722	2686	3379	1739	1764	733	1401	875
ENSG00000196581	AJAP1	1260	1155	1661	1043	473	316	809	610
ENSG00000196584	XRCC2	384	440	536	341	465	235	374	261
ENSG00000196586	MYO6	649	870	731	682	494	538	728	374
ENSG00000196588	MRTFA	537	467	578	377	359	307	280	312
ENSG00000196589	MBD3L2B	1	4	2	2	0	0	0	1
ENSG00000196591	HDAC2	2202	2579	2722	2610	1748	1470	1768	1770
ENSG00000196597	ZNF782	83	92	113	73	82	53	44	53
ENSG00000196600	SLC22A25	15	11	6	11	13	15	21	7
ENSG00000196604	POTEF	25	38	22	21	28	8	32	4
ENSG00000196605	ZNF846	43	44	45	38	57	54	63	65
ENSG00000196611	MMP1	294	250	303	380	167	407	845	176
ENSG00000196616	ADH1B	0	0	0	0	0	1	0	0
ENSG00000196620	UGT2B15	0	0	0	0	0	0	0	0
ENSG00000196628	TCF4	603	519	652	649	504	594	408	135
ENSG00000196632	WNK3	1	1	2	1	0	4	2	1
ENSG00000196636	SDHAF3	504	506	601	602	391	268	290	417
ENSG00000196639	HRH1	369	499	458	423	429	150	296	207
ENSG00000196642	RABL6	1789	1882	2383	1456	1474	1646	1421	1568
ENSG00000196646	ZNF136	182	172	175	124	150	104	101	132
ENSG00000196652	ZKSCAN5	281	372	310	282	201	205	183	268
ENSG00000196653	ZNF502	22	57	79	40	31	25	33	38
ENSG00000196655	TRAPPC4	1642	1524	1657	1603	939	926	815	1265
ENSG00000196659	TTC30B	180	219	188	141	179	123	108	164
ENSG00000196660	SLC30A10	7	8	10	9	7	12	13	8
ENSG00000196663	TECPR2	531	473	579	353	279	289	236	300
ENSG00000196664	TLR7	13	13	19	14	12	16	17	6
ENSG00000196666	FAM180B	2	1	3	1	1	4	1	0
ENSG00000196670	ZFP62	362	436	411	345	370	260	311	208
ENSG00000196678	ERI2	366	396	364	312	275	316	289	264
ENSG00000196683	TOMM7	1653	2013	1934	1832	1566	1029	1472	1515
ENSG00000196684	HSH2D	6	7	6	0	2	1	0	0
ENSG00000196689	TRPV1	160	189	158	106	108	133	199	92
ENSG00000196693	ZNF33B	313	426	365	300	361	233	314	217
ENSG00000196700	ZNF512B	1595	1932	1950	1408	1001	970	1008	998
ENSG00000196704	AMZ2	1586	1631	1911	1658	1229	763	960	1077
ENSG00000196705	ZNF431	361	357	359	253	327	265	185	226
ENSG00000196711	ALKAL1	0	0	0	0	0	2	0	0
ENSG00000196712	NF1	1511	2020	1752	1294	1206	1010	1113	1063
ENSG00000196715	VKORC1L1	1081	1159	1178	1063	903	560	866	716
ENSG00000196724	ZNF418	29	33	36	19	37	24	8	28
ENSG00000196730	DAPK1	20	25	19	24	11	20	20	16
ENSG00000196734	LCE1B	1	1	0	0	0	0	0	0
ENSG00000196735	HLA-DQA1	53	70	38	171	146	41	196	118
ENSG00000196739	COL27A1	1052	1115	1026	759	1054	762	1556	661
ENSG00000196743	GM2A	680	762	861	811	478	404	552	372
ENSG00000196747	H2AC13	80	83	79	45	34	11	38	17
ENSG00000196748	CLPSL2	2	0	4	0	5	0	0	3
ENSG00000196754	S100A2	432	476	452	518	508	243	599	406
ENSG00000196757	ZNF700	298	297	272	221	309	280	247	238
ENSG00000196767	POU3F4	0	0	0	0	0	1	0	1
ENSG00000196776	CD47	1596	2065	1778	1728	1337	1131	1011	1608
ENSG00000196778	OR52K1	1	0	0	3	0	1	1	3
ENSG00000196781	TLE1	1085	1566	1907	1074	1057	407	787	532
ENSG00000196782	MAML3	579	630	620	483	371	297	314	400
ENSG00000196787	H2AC11	34	42	54	29	30	18	44	16
ENSG00000196792	STRN3	532	609	646	521	403	431	381	394
ENSG00000196793	ZNF239	72	47	92	46	70	55	65	86
ENSG00000196811	CHRNG	0	0	0	2	0	0	1	0
ENSG00000196812	ZSCAN16	97	85	93	76	68	84	66	78
ENSG00000196814	MVB12B	210	221	297	168	228	90	151	148
ENSG00000196821	ILRUN	1053	1238	1527	1007	961	609	813	891
ENSG00000196826	NA	0	0	0	0	0	0	0	0
ENSG00000196832	OR11G2	7	8	6	5	6	9	12	5
ENSG00000196834	POTEI	111	142	157	142	138	84	159	72
ENSG00000196839	ADA	139	115	105	137	83	98	107	95
ENSG00000196843	ARID5A	26	26	14	62	33	95	27	66
ENSG00000196844	PATE2	1	1	2	2	5	1	2	2
ENSG00000196850	PPTC7	1033	1238	1292	966	722	598	879	804
ENSG00000196860	TOMM20L	0	0	0	0	4	2	0	2
ENSG00000196862	RGPD4	19	25	19	14	15	8	8	8
ENSG00000196865	NHLRC2	684	746	729	500	570	466	414	496
ENSG00000196866	H2AC7	14	10	6	13	13	8	13	0
ENSG00000196867	ZFP28	53	109	105	60	124	56	70	73
ENSG00000196872	CRACDL	5	0	0	1	2	8	0	15
ENSG00000196873	CBWD3	441	470	464	395	500	281	345	468
ENSG00000196876	SCN8A	39	71	60	64	59	7	95	18
ENSG00000196878	LAMB3	5043	6986	7341	6665	4811	1978	9390	1273
ENSG00000196890	H2BU1	122	128	114	77	174	70	133	65
ENSG00000196911	KPNA5	447	539	453	352	477	422	444	342
ENSG00000196912	ANKRD36B	140	145	171	161	184	214	177	139
ENSG00000196914	ARHGEF12	2608	2594	2502	1902	1679	1391	1227	1568
ENSG00000196917	HCAR1	8	6	7	1	8	7	1	3
ENSG00000196923	PDLIM7	2828	2254	2446	2540	1864	2155	2235	2127
ENSG00000196924	FLNA	9769	11890	18094	7201	8516	1283	3976	2202
ENSG00000196932	TMEM26	0	0	0	0	0	0	0	0
ENSG00000196935	SRGAP1	250	397	416	318	178	98	315	63
ENSG00000196937	FAM3C	3159	3805	3937	3221	2922	3187	2265	3698
ENSG00000196943	NOP9	637	680	740	614	562	366	444	414
ENSG00000196944	OR2T4	0	0	0	0	1	0	0	0
ENSG00000196946	ZNF705A	4	3	2	7	2	0	3	1
ENSG00000196950	SLC39A10	400	490	481	338	187	106	189	137
ENSG00000196954	CASP4	824	948	918	704	583	509	660	627
ENSG00000196961	AP2A1	2170	2236	2652	1613	1746	1231	998	1652
ENSG00000196967	ZNF585A	172	243	195	101	147	132	88	120
ENSG00000196968	FUT11	318	651	681	439	551	204	324	352
ENSG00000196972	SMIM10L2B	0	0	1	0	1	2	1	0
ENSG00000196975	ANXA4	761	1030	1004	944	787	573	641	640
ENSG00000196976	LAGE3	1129	1273	1260	1056	919	823	666	1307
ENSG00000196981	WDR5B	373	421	346	267	323	216	220	296
ENSG00000196990	FAM163B	0	0	0	0	0	0	0	0
ENSG00000196993	NPIPB9	17	23	18	9	17	8	12	18
ENSG00000196998	WDR45	2301	2388	2452	1849	1575	1271	1129	1719
ENSG00000197006	METTL9	2623	2765	2687	2473	2323	2206	2178	2914
ENSG00000197008	ZNF138	133	121	138	132	113	139	93	132
ENSG00000197013	ZNF429	78	82	81	49	44	56	17	50
ENSG00000197016	ZNF470	105	142	157	79	133	69	54	72
ENSG00000197019	SERTAD1	351	388	407	307	312	344	235	505
ENSG00000197020	ZNF100	228	212	256	181	217	170	135	171
ENSG00000197021	EOLA2	448	458	511	390	304	219	230	341
ENSG00000197024	ZNF398	276	271	329	198	206	150	154	207
ENSG00000197037	ZSCAN25	348	399	447	318	186	229	121	223
ENSG00000197043	ANXA6	2398	3266	3626	3348	1898	1791	1964	1928
ENSG00000197044	ZNF441	80	87	113	59	147	113	88	107
ENSG00000197045	GMFB	1331	1303	1423	1245	921	832	838	885
ENSG00000197046	SIGLEC15	266	237	112	121	506	1346	454	1123
ENSG00000197050	ZNF420	126	146	151	98	122	65	63	107
ENSG00000197054	ZNF763	15	10	4	6	20	18	5	15
ENSG00000197056	ZMYM1	257	332	294	210	202	150	129	147
ENSG00000197057	DTHD1	0	0	0	0	0	0	0	0
ENSG00000197061	H4C3	53	72	57	54	75	39	53	61
ENSG00000197062	ZSCAN26	144	157	120	139	139	146	121	129
ENSG00000197063	MAFG	1245	1429	1479	1211	1243	1071	1721	1030
ENSG00000197070	ARRDC1	246	396	449	312	273	275	297	371
ENSG00000197077	KIAA1671	351	635	715	442	379	150	227	183
ENSG00000197079	KRT35	0	0	0	0	1	2	0	2
ENSG00000197081	IGF2R	582	638	848	477	640	348	559	334
ENSG00000197084	LCE1C	0	0	0	2	0	1	0	0
ENSG00000197093	GAL3ST4	95	68	61	55	62	79	37	100
ENSG00000197102	DYNC1H1	415	574	399	399	369	401	436	272
ENSG00000197106	SLC6A17	10	4	4	5	6	4	2	12
ENSG00000197111	PCBP2	12951	18917	18090	15525	10083	7977	11015	10979
ENSG00000197114	ZGPAT	677	689	736	713	528	556	540	584
ENSG00000197119	SLC25A29	388	439	453	301	347	417	328	375
ENSG00000197121	PGAP1	189	205	117	162	184	165	119	108
ENSG00000197122	SRC	654	817	1139	573	590	341	402	373
ENSG00000197123	ZNF679	1	0	0	0	1	1	0	0
ENSG00000197124	ZNF682	71	63	56	42	73	84	48	57
ENSG00000197125	OR8B8	0	0	0	1	0	0	0	0
ENSG00000197128	ZNF772	229	235	197	143	165	160	121	149
ENSG00000197134	ZNF257	55	47	65	68	57	31	20	49
ENSG00000197136	PCNX3	1373	1260	1615	878	776	684	641	742
ENSG00000197140	ADAM32	2	5	4	6	4	2	5	3
ENSG00000197142	ACSL5	118	166	208	123	39	111	76	153
ENSG00000197147	LRRC8B	81	89	76	57	50	63	63	70
ENSG00000197150	ABCB8	403	335	420	356	289	207	246	242
ENSG00000197153	H3C12	12	21	21	12	9	12	10	1
ENSG00000197157	SND1	5751	7247	8060	6089	5664	2774	3788	4241
ENSG00000197162	ZNF785	2	7	2	8	3	13	2	2
ENSG00000197165	SULT1A2	34	30	34	16	16	4	8	16
ENSG00000197168	NEK5	3	5	1	2	2	1	2	2
ENSG00000197170	PSMD12	1787	1901	2182	1839	1200	1273	1112	1443
ENSG00000197172	MAGEA6	2152	2247	2498	2073	1461	1064	1305	1460
ENSG00000197177	ADGRA1	0	2	1	1	0	0	0	0
ENSG00000197181	PIWIL2	20	20	16	16	16	9	9	7
ENSG00000197183	NOL4L	613	516	325	404	393	808	388	702
ENSG00000197191	CYSRT1	19	33	42	23	22	20	11	20
ENSG00000197208	SLC22A4	270	247	261	246	200	157	169	233
ENSG00000197213	ZSCAN5B	0	0	1	0	1	1	1	1
ENSG00000197217	ENTPD4	663	790	673	555	606	487	714	464
ENSG00000197223	C1D	555	543	580	541	470	290	416	385
ENSG00000197226	TBC1D9B	2893	3320	4083	2737	2102	1352	1465	1770
ENSG00000197233	OR1J2	0	0	0	0	0	0	0	0
ENSG00000197238	H4C11	91	71	29	36	68	45	8	25
ENSG00000197241	SLC2A7	0	0	0	0	0	0	0	0
ENSG00000197245	FAM110D	21	24	27	35	24	49	28	23
ENSG00000197249	SERPINA1	518	328	293	266	380	647	246	746
ENSG00000197253	TPSB2	0	3	2	0	2	0	3	2
ENSG00000197256	KANK2	2181	2354	2591	1942	1541	1421	1083	1248
ENSG00000197261	C6orf141	115	128	92	95	97	162	116	197
ENSG00000197265	GTF2E2	505	585	572	500	372	312	380	440
ENSG00000197273	GUCA2A	0	1	0	0	0	0	1	0
ENSG00000197275	RAD54B	240	269	262	232	184	136	141	204
ENSG00000197279	ZNF165	17	19	29	39	25	11	22	15
ENSG00000197283	SYNGAP1	517	566	428	339	380	419	455	324
ENSG00000197296	FITM2	582	579	645	433	450	255	357	311
ENSG00000197299	BLM	257	261	238	171	182	128	150	116
ENSG00000197302	KRBOX5	63	194	188	133	139	123	147	45
ENSG00000197309	OR10D3	0	0	0	2	0	2	2	2
ENSG00000197312	DDI2	820	817	757	549	613	552	528	452
ENSG00000197321	SVIL	995	951	881	567	895	869	524	1093
ENSG00000197323	TRIM33	1255	1474	1484	1101	930	829	1048	779
ENSG00000197324	LRP10	2148	2485	2833	2120	1706	1133	1435	1281
ENSG00000197329	PELI1	239	172	162	149	368	362	203	279
ENSG00000197343	ZNF655	1296	1268	1465	999	765	373	646	759
ENSG00000197345	MRPL21	1114	1279	1431	1174	870	679	745	1012
ENSG00000197355	UAP1L1	451	772	795	504	593	329	498	516
ENSG00000197360	ZNF98	43	38	50	27	38	12	24	11
ENSG00000197361	FBXL22	63	53	44	37	16	40	25	25
ENSG00000197362	ZNF786	185	143	152	120	99	91	100	109
ENSG00000197363	ZNF517	148	195	198	128	157	120	87	164
ENSG00000197372	ZNF675	175	231	256	158	275	88	171	104
ENSG00000197375	SLC22A5	150	180	172	107	153	87	82	65
ENSG00000197380	DACT3	81	50	47	49	48	69	26	29
ENSG00000197381	ADARB1	329	224	195	118	137	145	250	190
ENSG00000197385	ZNF860	76	110	99	62	42	19	46	28
ENSG00000197386	HTT	1500	1582	1841	1416	1070	689	978	857
ENSG00000197405	C5AR1	8	25	17	14	4	14	6	6
ENSG00000197406	DIO3	5	1	0	3	7	1	1	2
ENSG00000197409	H3C4	18	37	31	27	21	8	26	6
ENSG00000197410	DCHS2	0	0	2	0	0	14	1	4
ENSG00000197415	VEPH1	350	270	323	235	232	265	335	255
ENSG00000197417	SHPK	278	325	419	300	262	203	279	228
ENSG00000197429	IPP	236	262	301	230	188	172	185	166
ENSG00000197437	OR13G1	0	0	0	0	0	0	2	1
ENSG00000197442	MAP3K5	79	107	111	94	74	53	58	57
ENSG00000197444	OGDHL	60	64	89	47	27	26	6	16
ENSG00000197448	GSTK1	1490	1512	1474	1291	1102	1008	763	1220
ENSG00000197451	HNRNPAB	7335	6677	8051	7368	4595	4441	4941	4880
ENSG00000197454	OR2L5	0	0	0	0	2	2	3	0
ENSG00000197457	STMN3	204	562	769	1180	236	79	89	112
ENSG00000197461	PDGFA	242	505	377	455	369	208	1133	365
ENSG00000197467	COL13A1	561	769	724	586	719	581	848	751
ENSG00000197471	SPN	13	29	152	31	11	7	8	12
ENSG00000197472	ZNF695	48	61	73	46	90	64	74	51
ENSG00000197479	PCDHB11	93	75	59	55	60	80	48	48
ENSG00000197483	ZNF628	276	327	377	230	277	167	165	234
ENSG00000197487	GALP	0	0	0	1	0	0	0	0
ENSG00000197496	SLC2A10	31	32	12	34	43	67	21	46
ENSG00000197497	ZNF665	59	64	70	55	64	74	91	44
ENSG00000197498	RPF2	916	1299	1288	1032	871	586	745	866
ENSG00000197506	SLC28A3	4	0	2	1	0	0	0	0
ENSG00000197520	FAM177B	0	0	0	0	0	0	0	0
ENSG00000197530	MIB2	288	221	330	106	111	365	243	83
ENSG00000197532	OR6Y1	3	10	3	3	6	8	4	5
ENSG00000197535	MYO5A	884	636	761	477	588	501	461	758
ENSG00000197540	GZMM	1	4	17	9	1	2	2	2
ENSG00000197548	ATG7	443	631	693	511	436	363	454	314
ENSG00000197555	SIPA1L1	497	524	493	342	314	260	313	224
ENSG00000197557	TTC30A	257	322	326	273	316	207	148	253
ENSG00000197561	ELANE	0	1	0	1	0	0	0	0
ENSG00000197562	RAB40C	511	508	587	526	354	307	341	400
ENSG00000197563	PIGN	504	681	548	361	406	247	449	240
ENSG00000197565	COL4A6	66	30	16	17	36	114	7	175
ENSG00000197566	ZNF624	43	57	91	57	62	48	47	53
ENSG00000197576	HOXA4	225	291	272	240	236	215	200	261
ENSG00000197579	TOPORS	890	804	947	604	507	590	496	509
ENSG00000197580	BCO2	7	11	11	18	5	8	5	0
ENSG00000197584	KCNMB2	3	0	1	1	0	2	0	0
ENSG00000197586	ENTPD6	1182	1260	1529	1142	820	597	561	1097
ENSG00000197587	DMBX1	7	6	7	3	10	6	3	10
ENSG00000197591	OR11L1	0	1	0	0	0	0	0	0
ENSG00000197594	ENPP1	256	179	198	154	137	69	121	79
ENSG00000197599	CCDC154	1	1	0	0	0	4	1	3
ENSG00000197601	FAR1	1001	1014	1158	1015	820	658	807	705
ENSG00000197603	CPLANE1	216	357	312	199	226	146	169	173
ENSG00000197608	ZNF841	108	137	108	85	138	123	141	101
ENSG00000197614	MFAP5	8	11	8	2	14	14	15	1
ENSG00000197616	MYH6	0	0	0	0	0	0	3	0
ENSG00000197619	ZNF615	56	65	67	41	47	66	24	50
ENSG00000197620	EOLA1	236	236	285	227	213	152	150	211
ENSG00000197622	CDC42SE1	2505	2296	1925	1909	1512	1547	1766	1487
ENSG00000197632	SERPINB2	6	7	9	3	0	7	7	10
ENSG00000197635	DPP4	30	38	37	31	35	20	14	36
ENSG00000197641	SERPINB13	0	0	1	0	0	0	0	0
ENSG00000197646	PDCD1LG2	45	51	88	61	29	9	43	9
ENSG00000197647	ZNF433	38	68	62	39	87	40	27	41
ENSG00000197653	DNAH10	0	1	1	0	0	0	0	0
ENSG00000197694	SPTAN1	3416	4295	5482	2674	2770	1414	1487	1847
ENSG00000197696	NMB	732	819	722	774	501	362	413	648
ENSG00000197702	PARVA	1470	1637	1794	1398	1184	835	1051	1095
ENSG00000197705	KLHL14	1	7	2	0	0	0	1	0
ENSG00000197706	OR6C74	69	92	52	76	72	93	94	50
ENSG00000197712	FAM114A1	901	896	1067	1014	723	574	744	660
ENSG00000197713	RPE	947	1164	1038	899	788	595	656	744
ENSG00000197714	ZNF460	41	42	39	29	35	26	27	29
ENSG00000197724	PHF2	513	660	688	434	554	412	498	393
ENSG00000197728	RPS26	8918	9902	9721	9466	5892	5678	5594	7005
ENSG00000197746	PSAP	7610	9854	9866	8115	7943	5941	5785	9049
ENSG00000197747	S100A10	10843	12138	11264	11030	8247	6691	8052	9878
ENSG00000197748	CFAP43	10	13	9	25	29	17	4	9
ENSG00000197753	LHFPL5	20	34	32	28	36	41	51	23
ENSG00000197756	RPL37A	11328	16279	14174	13695	14039	10128	13350	15012
ENSG00000197757	HOXC6	441	401	390	381	308	387	366	379
ENSG00000197763	TXNRD3	230	234	269	212	170	95	139	150
ENSG00000197766	CFD	18	41	32	36	32	10	16	23
ENSG00000197768	STPG3	0	0	0	0	3	7	0	0
ENSG00000197769	MAP1LC3C	189	188	143	105	72	52	64	66
ENSG00000197771	MCMBP	1999	1878	2259	1500	1516	1123	914	1436
ENSG00000197774	EME2	406	459	479	342	280	300	315	224
ENSG00000197776	KLHDC1	49	57	64	58	35	29	42	40
ENSG00000197779	ZNF81	217	155	145	107	106	100	89	104
ENSG00000197780	TAF13	1148	1022	1114	840	710	873	732	772
ENSG00000197782	ZNF780A	227	269	234	167	208	209	127	192
ENSG00000197785	ATAD3A	2806	3048	4116	3064	2045	1411	1810	1864
ENSG00000197790	OR52M1	0	0	0	0	0	0	0	0
ENSG00000197798	FAM118B	247	254	278	247	218	150	146	209
ENSG00000197808	ZNF461	146	110	155	108	87	107	45	75
ENSG00000197816	CCDC180	0	0	8	0	0	0	0	0
ENSG00000197818	SLC9A8	296	403	451	287	455	206	266	281
ENSG00000197822	OCLN	17	34	33	19	19	16	28	16
ENSG00000197826	CFAP299	2	0	2	2	0	0	2	0
ENSG00000197837	H4-16	0	0	5	0	0	6	4	0
ENSG00000197838	CYP2A13	0	0	0	0	0	0	0	0
ENSG00000197841	ZNF181	125	177	159	100	151	112	49	115
ENSG00000197849	OR8G1	0	2	1	4	0	1	6	0
ENSG00000197852	INKA2	591	513	598	378	354	274	270	351
ENSG00000197857	ZNF44	159	222	166	116	173	188	163	127
ENSG00000197858	GPAA1	2298	2566	2361	1847	1709	1142	760	2321
ENSG00000197859	ADAMTSL2	5	3	1	3	1	6	5	2
ENSG00000197860	SGTB	315	330	377	292	227	131	217	199
ENSG00000197863	ZNF790	75	76	82	61	50	54	36	73
ENSG00000197872	CYRIA	234	299	315	207	69	41	176	44
ENSG00000197879	MYO1C	4322	5673	6254	4014	3355	2031	2800	2740
ENSG00000197885	NKIRAS1	476	480	469	394	359	301	365	365
ENSG00000197888	UGT2B17	0	0	0	0	0	0	0	0
ENSG00000197889	MEIG1	0	1	3	0	1	0	0	0
ENSG00000197892	KIF13B	628	656	777	488	421	277	310	388
ENSG00000197893	NRAP	0	0	0	2	0	1	2	4
ENSG00000197894	ADH5	2255	2604	2702	2316	1759	1465	1456	1819
ENSG00000197903	H2BC12	5710	5432	5458	3009	1566	655	1037	853
ENSG00000197905	TEAD4	718	983	1229	1007	616	307	741	440
ENSG00000197912	SPG7	394	341	439	327	327	236	305	274
ENSG00000197915	HRNR	36	33	33	35	49	24	20	18
ENSG00000197919	IFNA1	1	2	1	1	0	4	6	3
ENSG00000197928	ZNF677	41	63	66	22	35	14	26	28
ENSG00000197930	ERO1A	1195	2487	1993	1811	1693	811	1638	1355
ENSG00000197933	ZNF823	89	71	73	57	106	74	64	59
ENSG00000197935	ZNF311	0	0	0	0	0	0	0	0
ENSG00000197937	ZNF347	119	173	190	98	131	89	87	100
ENSG00000197943	PLCG2	51	29	26	23	37	20	22	15
ENSG00000197948	FCHSD1	347	428	468	375	310	187	316	248
ENSG00000197951	ZNF71	200	207	216	159	148	104	76	142
ENSG00000197956	S100A6	13803	17200	17736	16469	14942	10412	14283	15115
ENSG00000197958	RPL12	19785	32576	33193	24340	27587	14223	19815	25473
ENSG00000197959	DNM3	159	124	31	63	216	351	57	564
ENSG00000197961	ZNF121	919	1129	1201	788	889	733	708	778
ENSG00000197965	MPZL1	1124	953	940	828	720	541	707	586
ENSG00000197969	VPS13A	371	510	574	363	338	261	390	306
ENSG00000197971	MBP	12	8	8	12	5	2	7	1
ENSG00000197976	AKAP17A	809	931	762	677	638	584	695	571
ENSG00000197977	ELOVL2	49	44	40	41	5	0	5	4
ENSG00000197978	GOLGA6L9	44	144	72	76	81	94	64	53
ENSG00000197980	LEKR1	28	20	32	21	10	8	8	12
ENSG00000197982	C1orf122	2117	1831	2408	1918	1098	1236	1030	1480
ENSG00000197993	KEL	3	4	6	11	5	3	4	3
ENSG00000198000	NOL8	705	807	910	502	629	327	337	405
ENSG00000198001	IRAK4	219	160	175	211	111	113	168	63
ENSG00000198003	ODAD3	27	39	32	39	29	29	12	31
ENSG00000198010	DLGAP2	0	0	0	0	0	0	0	0
ENSG00000198015	MRPL42	1492	1533	1562	1395	836	892	1071	1020
ENSG00000198018	ENTPD7	458	427	484	326	306	239	194	208
ENSG00000198021	SPANXA1	0	0	183	145	0	3	0	0
ENSG00000198026	ZNF335	761	757	845	648	544	471	568	567
ENSG00000198028	ZNF560	2	3	11	7	15	23	24	42
ENSG00000198033	TUBA3C	18	0	0	0	0	0	0	0
ENSG00000198034	RPS4X	24056	33179	29941	26488	26917	18893	19937	26753
ENSG00000198039	ZNF273	19	47	38	36	38	39	0	43
ENSG00000198040	ZNF84	379	563	467	378	309	301	256	323
ENSG00000198042	MAK16	1099	1171	1281	950	812	647	614	771
ENSG00000198046	ZNF667	0	0	0	0	0	0	0	0
ENSG00000198049	AVPR1B	0	0	0	0	0	1	0	0
ENSG00000198053	SIRPA	174	103	106	74	162	128	99	146
ENSG00000198055	GRK6	757	1045	1227	1090	962	447	719	679
ENSG00000198056	PRIM1	466	559	609	506	356	218	338	351
ENSG00000198060	MARCHF5	800	793	945	667	564	439	366	526
ENSG00000198062	POTEH	5	16	20	6	3	6	18	5
ENSG00000198064	NPIPB13	508	586	419	416	488	632	1015	364
ENSG00000198074	AKR1B10	12	10	19	14	0	0	0	3
ENSG00000198075	SULT1C4	0	2	0	4	0	6	0	0
ENSG00000198077	CYP2A7	0	0	0	0	1	0	1	0
ENSG00000198081	ZBTB14	212	222	229	197	201	167	203	195
ENSG00000198087	CD2AP	757	841	799	701	811	371	619	392
ENSG00000198088	NUP62CL	0	0	0	0	0	3	0	0
ENSG00000198089	SFI1	240	292	272	211	167	161	225	219
ENSG00000198093	ZNF649	48	76	63	33	56	49	33	50
ENSG00000198099	ADH4	0	0	0	0	0	0	0	0
ENSG00000198104	OR2T6	0	0	0	0	0	0	0	0
ENSG00000198105	ZNF248	183	174	192	156	174	173	170	141
ENSG00000198108	CHSY3	145	129	150	121	63	45	71	50
ENSG00000198113	TOR4A	675	1170	1344	873	845	653	949	682
ENSG00000198121	LPAR1	19	38	27	17	70	111	12	49
ENSG00000198125	MB	1	0	1	0	1	2	0	1
ENSG00000198128	OR2L3	2	1	1	0	1	0	1	0
ENSG00000198130	HIBCH	315	363	353	274	244	229	180	229
ENSG00000198131	ZNF544	578	583	666	413	369	363	333	455
ENSG00000198133	TMEM229B	139	114	80	55	143	254	55	247
ENSG00000198142	SOWAHC	246	316	274	229	228	158	199	240
ENSG00000198146	ZNF770	772	1172	1193	796	824	401	555	563
ENSG00000198156	NPIPB6	6	13	8	5	10	2	4	8
ENSG00000198157	HMGN5	163	160	125	119	126	190	151	113
ENSG00000198160	MIER1	1074	1245	1460	1000	900	747	829	748
ENSG00000198162	MAN1A2	1431	1381	1319	993	1117	1057	926	1028
ENSG00000198168	SVIP	598	566	742	636	413	335	445	405
ENSG00000198169	ZNF251	471	509	434	347	358	277	183	375
ENSG00000198171	DDRGK1	802	1154	1088	924	837	486	671	863
ENSG00000198173	FAM47C	0	0	0	0	0	1	0	0
ENSG00000198176	TFDP1	3295	3360	3680	3399	2319	2175	2070	2573
ENSG00000198178	CLEC4C	0	0	0	0	0	0	0	0
ENSG00000198182	ZNF607	156	163	181	106	122	81	77	106
ENSG00000198185	ZNF334	61	97	77	89	114	66	87	45
ENSG00000198189	HSD17B11	541	671	692	600	633	419	472	533
ENSG00000198198	SZT2	433	482	480	304	388	284	303	246
ENSG00000198203	SULT1C2	142	253	267	169	71	25	50	34
ENSG00000198205	ZXDA	44	61	77	46	69	25	31	40
ENSG00000198208	RPS6KL1	67	51	59	44	33	14	16	32
ENSG00000198211	NA	20	78	29	47	12	52	18	49
ENSG00000198216	CACNA1E	0	0	0	2	1	1	0	1
ENSG00000198218	QRICH1	1453	1511	1717	1281	998	713	793	986
ENSG00000198223	CSF2RA	7	20	3	6	18	33	0	46
ENSG00000198225	FKBP1C	8	12	16	11	9	5	10	6
ENSG00000198231	DDX42	1872	2169	2735	1693	1628	1041	1175	1366
ENSG00000198242	RPL23A	9740	14597	12923	11102	11903	7331	9527	12010
ENSG00000198246	SLC29A3	49	30	40	0	31	31	0	54
ENSG00000198252	STYX	444	424	369	394	326	251	266	286
ENSG00000198258	UBL5	2699	2995	3011	2637	2014	2052	1763	2573
ENSG00000198265	HELZ	614	883	796	648	622	485	498	510
ENSG00000198270	TMEM116	84	88	93	71	62	46	60	63
ENSG00000198276	UCKL1	793	1229	1084	905	919	750	748	902
ENSG00000198283	OR5B21	0	0	0	0	0	0	1	0
ENSG00000198286	CARD11	59	107	132	54	79	26	52	24
ENSG00000198298	ZNF485	89	101	115	95	91	55	88	74
ENSG00000198300	PEG3	5	1	1	3	2	0	0	4
ENSG00000198301	SDAD1	816	949	996	787	596	486	557	704
ENSG00000198315	ZKSCAN8	594	727	722	448	553	383	418	420
ENSG00000198324	PHETA1	266	202	218	154	162	157	106	205
ENSG00000198326	TMEM239	6	17	19	8	3	10	3	18
ENSG00000198331	HYLS1	432	418	469	403	231	231	232	288
ENSG00000198336	MYL4	3	2	5	9	0	0	2	3
ENSG00000198342	ZNF442	17	22	18	13	22	15	16	20
ENSG00000198346	ZNF813	31	48	36	17	50	31	17	55
ENSG00000198353	HOXC4	520	464	433	462	318	387	343	449
ENSG00000198354	DCAF12L2	1	1	0	0	0	0	0	0
ENSG00000198355	PIM3	1428	2086	2503	1904	1545	1057	1924	1564
ENSG00000198356	GET3	2282	2347	2876	2402	1761	1252	1118	1956
ENSG00000198363	ASPH	4626	6061	6578	5354	4066	2871	3297	4198
ENSG00000198369	SPRED2	1342	1273	1170	1021	801	860	721	1021
ENSG00000198373	WWP2	1058	1564	1734	1224	1281	616	1085	783
ENSG00000198380	GFPT1	1323	1597	1707	1316	1048	720	1056	799
ENSG00000198382	UVRAG	492	504	601	456	417	316	380	340
ENSG00000198393	ZNF26	221	230	188	164	163	174	171	136
ENSG00000198398	TMEM207	0	0	0	0	0	0	0	0
ENSG00000198399	ITSN2	917	1006	997	773	749	646	713	574
ENSG00000198400	NTRK1	26	78	73	62	21	27	13	19
ENSG00000198408	OGA	2314	3055	3600	2320	2437	1823	1629	1841
ENSG00000198417	MT1F	31	28	15	18	30	24	2	48
ENSG00000198420	TCAF1	2122	2387	2055	1676	1522	2047	1389	1483
ENSG00000198429	ZNF69	51	32	15	16	40	43	18	54
ENSG00000198431	TXNRD1	3028	3621	4922	3306	1751	1290	2318	1846
ENSG00000198435	NRARP	5	5	13	17	7	1	10	5
ENSG00000198440	ZNF583	56	37	65	40	54	26	29	36
ENSG00000198445	CCT8L2	0	0	0	0	0	0	0	0
ENSG00000198453	ZNF568	248	230	232	140	137	134	63	79
ENSG00000198455	ZXDB	213	359	324	201	267	129	187	197
ENSG00000198464	ZNF480	323	320	317	200	220	169	122	211
ENSG00000198466	ZNF587	374	469	458	296	401	326	317	349
ENSG00000198467	TPM2	7386	10471	10589	8908	6713	3477	4990	5838
ENSG00000198478	SH3BGRL2	138	141	149	119	117	110	145	96
ENSG00000198482	ZNF808	21	41	50	18	39	8	13	15
ENSG00000198483	ANKRD35	1	4	1	1	2	1	0	0
ENSG00000198488	B3GNT6	0	0	0	1	0	1	0	0
ENSG00000198492	YTHDF2	1850	2016	2190	1770	1282	1336	1118	1338
ENSG00000198498	TMA16	758	878	1013	749	671	430	563	637
ENSG00000198502	HLA-DRB5	58	26	7	6	37	71	3	84
ENSG00000198513	ATL1	12	0	0	7	13	6	8	0
ENSG00000198515	CNGA1	2	4	5	3	2	0	3	2
ENSG00000198517	MAFK	1056	1759	1942	1323	1592	637	1689	790
ENSG00000198520	ARMH1	5	3	3	0	2	0	0	2
ENSG00000198521	ZNF43	383	378	426	285	324	396	262	428
ENSG00000198522	GPN1	1496	1822	1852	1615	1212	761	1049	1001
ENSG00000198523	PLN	4	8	2	1	0	3	3	2
ENSG00000198535	C2CD4A	2	1	0	0	0	0	0	2
ENSG00000198538	ZNF28	129	151	122	85	102	81	62	105
ENSG00000198542	ITGBL1	4	2	3	1	8	10	3	2
ENSG00000198546	ZNF511	949	1070	1187	895	871	593	560	968
ENSG00000198547	C20orf203	1	3	1	0	0	3	0	3
ENSG00000198551	ZNF627	229	283	279	184	227	226	150	260
ENSG00000198553	KCNRG	6	12	8	6	9	1	0	5
ENSG00000198554	WDHD1	232	266	266	189	171	142	178	157
ENSG00000198556	ZNF789	123	127	123	118	103	118	117	82
ENSG00000198561	CTNND1	2786	3039	3000	2396	2063	1903	1348	2034
ENSG00000198563	DDX39B	2397	2976	3161	2740	1812	1264	1628	1739
ENSG00000198569	SLC34A3	6	4	7	2	8	8	1	1
ENSG00000198570	RD3	3	8	9	8	0	2	0	0
ENSG00000198573	SPANXC	28	28	62	32	7	0	11	0
ENSG00000198574	SH2D1B	213	128	73	99	231	673	135	667
ENSG00000198576	ARC	86	174	233	94	100	49	81	86
ENSG00000198585	NUDT16	1089	903	999	840	678	559	665	654
ENSG00000198586	TLK1	317	369	341	307	240	163	179	210
ENSG00000198589	LRBA	141	157	234	157	169	90	145	71
ENSG00000198597	ZNF536	5	3	2	0	44	24	0	16
ENSG00000198598	MMP17	6	8	6	2	10	5	0	0
ENSG00000198601	OR2M2	0	0	0	0	3	0	1	0
ENSG00000198604	BAZ1A	1620	1424	1459	1269	1167	1406	1528	1291
ENSG00000198610	AKR1C4	0	0	0	1	0	0	0	0
ENSG00000198612	COPS8	1263	1235	1288	1104	928	821	737	1135
ENSG00000198624	CCDC69	625	830	1157	944	453	193	417	109
ENSG00000198625	MDM4	1036	1383	1071	936	994	1001	1083	813
ENSG00000198626	RYR2	340	253	180	239	194	311	302	247
ENSG00000198633	ZNF534	5	8	7	7	8	15	10	6
ENSG00000198642	KLHL9	1288	1289	1254	1041	1009	753	776	817
ENSG00000198643	FAM3D	0	0	2	1	2	0	0	0
ENSG00000198646	NCOA6	1143	1264	1264	987	954	656	746	731
ENSG00000198648	STK39	339	471	426	352	269	168	361	254
ENSG00000198650	TAT	2	3	3	0	2	0	2	0
ENSG00000198663	C6orf89	1268	1334	1341	1031	918	777	798	821
ENSG00000198668	CALM1	2018	1757	1922	1908	1537	1640	1406	1697
ENSG00000198670	LPA	1	1	0	0	0	0	0	0
ENSG00000198673	TAFA2	3	2	1	4	1	1	2	1
ENSG00000198677	TTC37	1737	2263	2432	1441	1317	703	956	1046
ENSG00000198680	TUSC1	2183	1643	1879	1652	1053	613	925	985
ENSG00000198681	MAGEA1	51	13	20	7	13	5	620	60
ENSG00000198682	PAPSS2	422	432	447	299	199	96	120	141
ENSG00000198689	SLC9A6	226	226	237	108	260	103	94	97
ENSG00000198690	FAN1	289	286	209	214	111	98	105	106
ENSG00000198691	ABCA4	41	14	14	9	6	4	4	5
ENSG00000198692	EIF1AY	4	2	0	0	2	0	2	0
ENSG00000198695	MT-ND6	8852	9246	6648	6969	8585	14790	9318	8435
ENSG00000198700	IPO9	3085	3425	3493	2483	2175	1777	1987	1920
ENSG00000198707	CEP290	291	512	443	407	141	387	371	81
ENSG00000198712	MT-CO2	33300	33861	30292	32408	33567	46503	46295	27874
ENSG00000198715	GLMP	1340	1633	1458	1135	926	796	747	1064
ENSG00000198718	TOGARAM1	155	207	237	161	81	78	67	157
ENSG00000198719	DLL1	6	4	7	5	4	5	7	5
ENSG00000198720	ANKRD13B	381	428	415	240	117	160	176	243
ENSG00000198721	ECI2	777	854	1015	742	505	339	621	539
ENSG00000198722	UNC13B	543	396	545	231	425	315	250	240
ENSG00000198723	TEX45	0	0	0	0	0	0	0	0
ENSG00000198727	MT-CYB	34808	32436	21313	22546	24647	49089	27883	36147
ENSG00000198728	LDB1	2725	2886	3017	2302	1628	1690	1436	1983
ENSG00000198729	PPP1R14C	22	2	0	1	10	18	2	51
ENSG00000198730	CTR9	1473	1513	1634	1254	907	920	704	1011
ENSG00000198732	SMOC1	544	1231	800	865	974	412	744	462
ENSG00000198734	F5	1	2	1	3	4	1	2	2
ENSG00000198736	MSRB1	813	666	779	693	507	463	372	665
ENSG00000198739	LRRTM3	0	1	0	0	1	0	0	0
ENSG00000198740	ZNF652	270	294	283	184	202	167	174	113
ENSG00000198742	SMURF1	977	1336	1434	978	990	498	1125	665
ENSG00000198743	SLC5A3	1596	1482	917	936	1645	1648	825	1661
ENSG00000198746	GPATCH3	345	403	513	405	335	193	254	239
ENSG00000198752	CDC42BPB	1285	1226	1401	924	892	682	847	758
ENSG00000198753	PLXNB3	981	1031	910	490	840	931	537	945
ENSG00000198754	OXCT2	12	24	25	17	25	14	9	29
ENSG00000198755	RPL10A	13103	18441	17625	15291	15391	9169	10623	15150
ENSG00000198756	COLGALT2	463	193	74	52	336	325	49	607
ENSG00000198758	EPS8L3	0	0	1	1	5	0	0	0
ENSG00000198763	MT-ND2	38042	40064	30283	32087	31584	46152	40847	27418
ENSG00000198765	SYCP1	0	0	0	0	2	7	0	0
ENSG00000198768	APCDD1L	21	25	22	15	17	21	9	24
ENSG00000198771	RCSD1	3	4	2	3	1	0	0	3
ENSG00000198774	RASSF9	132	67	59	44	36	47	27	21
ENSG00000198780	FAM169A	163	203	228	136	134	74	108	131
ENSG00000198783	ZNF830	387	458	409	396	361	275	326	319
ENSG00000198785	GRIN3A	16	15	27	17	9	9	18	15
ENSG00000198786	MT-ND5	22753	24449	15288	15459	22523	34497	25794	18109
ENSG00000198788	MUC2	1	4	4	3	11	7	2	0
ENSG00000198791	CNOT7	1492	1762	1698	1596	1180	574	952	933
ENSG00000198792	TMEM184B	1097	1163	1404	1124	826	623	746	672
ENSG00000198793	MTOR	768	988	1146	571	656	318	385	325
ENSG00000198794	SCAMP5	347	315	298	277	228	195	79	278
ENSG00000198795	ZNF521	329	282	200	230	234	232	463	244
ENSG00000198796	ALPK2	1594	871	964	695	652	421	416	397
ENSG00000198797	BRINP2	31	16	20	23	32	73	35	64
ENSG00000198799	LRIG2	323	402	355	320	345	264	255	250
ENSG00000198804	MT-CO1	156244	148805	117524	124506	107629	195668	145587	138554
ENSG00000198805	PNP	1155	1100	1153	969	680	592	834	779
ENSG00000198807	PAX9	178	210	253	190	230	155	182	185
ENSG00000198812	LRRC10	1	0	0	0	0	0	0	0
ENSG00000198814	GK	110	125	133	87	80	30	86	66
ENSG00000198815	FOXJ3	1514	1888	1931	1505	1309	1009	1252	1053
ENSG00000198816	ZNF358	1362	1839	2095	1781	1383	1027	1050	1271
ENSG00000198818	SFT2D1	655	773	617	658	535	495	514	642
ENSG00000198821	CD247	8	4	1	0	3	5	0	12
ENSG00000198822	GRM3	2	3	6	1	3	4	0	3
ENSG00000198824	CHAMP1	682	693	710	536	403	417	392	460
ENSG00000198825	INPP5F	1251	817	674	477	1182	1786	425	1589
ENSG00000198826	ARHGAP11A	1523	1647	1791	1521	1162	776	1019	828
ENSG00000198829	SUCNR1	0	0	0	0	0	1	3	0
ENSG00000198830	HMGN2	12890	15436	18350	16165	11128	8082	7602	9753
ENSG00000198832	SELENOM	615	648	667	639	650	600	516	614
ENSG00000198833	UBE2J1	942	1027	1247	980	720	637	723	786
ENSG00000198835	GJC2	319	599	401	433	162	228	153	233
ENSG00000198836	OPA1	1480	1165	1301	1112	701	644	663	683
ENSG00000198837	DENND4B	1802	2250	1956	1384	1228	954	1338	930
ENSG00000198838	RYR3	3	0	0	1	2	0	0	2
ENSG00000198839	ZNF277	183	193	235	167	247	66	169	130
ENSG00000198840	MT-ND3	6367	6637	4726	5692	7581	11370	8896	6396
ENSG00000198841	KTI12	628	677	693	579	483	311	407	461
ENSG00000198842	STYXL2	7	18	15	12	0	0	0	0
ENSG00000198843	SELENOT	1722	1670	1759	1750	1309	1223	1135	1390
ENSG00000198844	ARHGEF15	2	4	5	19	3	3	1	2
ENSG00000198846	TOX	3	7	8	24	31	11	14	6
ENSG00000198851	CD3E	0	0	0	0	4	0	6	0
ENSG00000198853	RUSC2	864	775	808	533	557	410	663	475
ENSG00000198854	C1orf68	0	0	0	0	0	0	2	0
ENSG00000198855	FICD	76	78	99	87	76	79	94	49
ENSG00000198856	OSTC	1341	1435	1382	1387	1285	1141	1023	1333
ENSG00000198858	R3HDM4	1254	1385	1341	1189	964	923	1146	1313
ENSG00000198860	TSEN15	1576	1447	1438	1306	1022	943	1131	1071
ENSG00000198862	LTN1	1090	1121	1190	814	621	632	640	656
ENSG00000198863	RUNDC1	673	850	858	641	674	640	602	648
ENSG00000198865	CCDC152	17	22	26	20	14	13	28	13
ENSG00000198870	STKLD1	7	4	6	5	12	10	5	8
ENSG00000198873	GRK5	211	289	366	264	231	135	97	153
ENSG00000198874	TYW1	398	494	462	361	364	276	332	314
ENSG00000198876	DCAF12	1593	1267	1497	1090	928	803	793	928
ENSG00000198879	SFMBT2	355	389	410	303	262	303	178	247
ENSG00000198881	ASB12	0	1	0	0	0	0	0	0
ENSG00000198883	PNMA5	0	2	1	0	1	0	1	0
ENSG00000198885	ITPRIPL1	224	273	236	213	170	124	140	170
ENSG00000198886	MT-ND4	74803	78962	59924	64461	69152	96731	94049	64619
ENSG00000198887	SMC5	1024	1248	1475	949	972	643	961	699
ENSG00000198888	MT-ND1	19428	19476	16234	17099	13704	20247	16371	12748
ENSG00000198889	DCAF12L1	0	0	0	0	0	0	0	0
ENSG00000198890	PRMT6	1506	1443	1681	1227	973	867	841	1151
ENSG00000198892	SHISA4	288	262	220	217	240	255	150	344
ENSG00000198894	CIPC	240	292	317	239	257	174	167	228
ENSG00000198898	CAPZA2	1613	1850	1950	1872	1512	1095	1371	1257
ENSG00000198899	MT-ATP6	45340	38985	30407	34146	35197	70316	51933	38437
ENSG00000198900	TOP1	6122	6430	6118	5572	4430	5824	3870	5786
ENSG00000198901	PRC1	1869	2341	2848	2216	1709	1195	1422	1659
ENSG00000198908	BHLHB9	44	24	22	21	30	25	13	17
ENSG00000198909	MAP3K3	825	642	941	607	588	362	589	467
ENSG00000198910	L1CAM	1038	2951	2698	2628	2500	720	2465	1253
ENSG00000198911	SREBF2	2488	3036	4102	2647	1886	1044	2144	1794
ENSG00000198912	C1orf174	563	658	626	576	470	319	442	432
ENSG00000198914	POU3F3	1	1	0	0	1	0	0	1
ENSG00000198915	RASGEF1A	9	4	2	0	8	3	0	7
ENSG00000198917	SPOUT1	845	993	1152	764	697	717	742	786
ENSG00000198918	RPL39	9561	14325	12223	11308	14065	9303	11166	12720
ENSG00000198919	DZIP3	343	441	519	382	235	216	167	168
ENSG00000198920	KIAA0753	448	528	479	401	417	379	367	329
ENSG00000198924	DCLRE1A	407	414	417	301	246	235	142	266
ENSG00000198925	ATG9A	1188	1555	1734	1362	1113	751	773	914
ENSG00000198929	NOS1AP	31	77	79	65	58	60	72	32
ENSG00000198930	CSAG1	927	1050	1096	1010	750	657	712	829
ENSG00000198931	APRT	1439	1646	1680	1414	1059	866	817	1292
ENSG00000198932	GPRASP1	7	11	5	3	3	11	6	8
ENSG00000198933	TBKBP1	269	386	338	309	205	191	120	182
ENSG00000198934	MAGEE1	46	53	44	45	40	29	28	33
ENSG00000198937	CCDC167	154	160	173	142	118	124	130	184
ENSG00000198938	MT-CO3	62874	52737	44305	47356	43388	77271	51514	58329
ENSG00000198939	ZFP2	3	1	4	2	3	1	1	1
ENSG00000198944	SOWAHA	19	10	22	9	13	21	1	18
ENSG00000198945	L3MBTL3	214	202	200	151	126	110	131	125
ENSG00000198947	DMD	12	8	42	9	26	11	7	10
ENSG00000198948	MFAP3L	70	53	61	56	51	41	54	17
ENSG00000198951	NAGA	319	336	355	289	319	180	232	272
ENSG00000198952	SMG5	2424	2667	2926	1809	1838	1480	1797	1636
ENSG00000198954	KIFBP	456	471	463	379	325	262	232	288
ENSG00000198959	TGM2	5287	7343	9206	10256	5401	1025	5853	1254
ENSG00000198960	ARMCX6	75	122	78	78	90	97	74	129
ENSG00000198961	PJA2	2047	2565	2384	1855	1926	1368	1112	1577
ENSG00000198963	RORB	30	26	19	9	45	92	48	103
ENSG00000198964	SGMS1	244	263	281	250	187	115	179	129
ENSG00000198967	OR10Z1	0	0	0	1	0	1	0	0
ENSG00000203326	ZNF525	32	50	43	24	61	25	39	27
ENSG00000203485	INF2	869	1263	1463	1080	980	668	1093	600
ENSG00000203499	IQANK1	12	6	14	5	7	7	11	4
ENSG00000203546	NA	0	2	0	0	4	0	0	1
ENSG00000203618	GP1BB	0	0	9	9	18	0	0	30
ENSG00000203663	OR2L2	18	16	19	10	15	14	22	8
ENSG00000203666	EFCAB2	56	65	58	58	25	25	30	38
ENSG00000203667	COX20	1479	1653	1401	1166	1181	960	1066	1265
ENSG00000203668	CHML	2195	2295	1908	1743	1697	1258	1792	1351
ENSG00000203685	STUM	6	4	0	3	7	2	0	43
ENSG00000203697	CAPN8	0	1	2	1	3	2	1	0
ENSG00000203705	TATDN3	436	439	443	309	257	259	301	292
ENSG00000203710	CR1	1	1	3	3	3	1	2	3
ENSG00000203722	RAET1G	0	3	2	2	4	4	0	3
ENSG00000203724	C1orf53	262	224	175	194	149	188	143	203
ENSG00000203727	SAMD5	46	54	42	42	59	55	53	43
ENSG00000203730	TEDDM1	0	1	0	0	0	2	0	0
ENSG00000203733	GJE1	0	0	0	0	0	0	0	0
ENSG00000203734	ECT2L	0	5	4	5	1	2	3	1
ENSG00000203737	GPR52	2	2	1	0	0	0	1	0
ENSG00000203740	NTMT2	2	3	0	0	4	10	0	8
ENSG00000203756	TMEM244	10	11	14	12	14	9	7	12
ENSG00000203757	OR6K3	0	0	0	0	0	0	0	0
ENSG00000203760	CENPW	305	298	317	302	237	193	239	235
ENSG00000203772	SPRN	11	21	26	11	15	13	16	5
ENSG00000203778	FAM229B	89	115	117	146	83	85	74	64
ENSG00000203780	FANK1	21	23	14	14	17	11	9	27
ENSG00000203782	LORICRIN	0	0	0	0	0	0	0	0
ENSG00000203783	PRR9	0	1	0	0	0	0	0	0
ENSG00000203786	KPRP	1	8	0	0	9	27	1	31
ENSG00000203791	EEF1AKMT2	177	205	182	176	163	133	100	146
ENSG00000203795	FAM24A	0	0	0	0	0	0	0	0
ENSG00000203797	DDO	77	120	92	69	74	64	66	82
ENSG00000203805	PLPP4	143	94	101	66	104	29	44	30
ENSG00000203811	H3C14	158	227	263	102	119	50	162	60
ENSG00000203814	H2BC18	126	150	158	69	101	35	97	33
ENSG00000203837	PNLIPRP3	0	2	1	0	0	0	0	0
ENSG00000203852	H3C15	0	0	0	0	0	0	0	0
ENSG00000203857	HSD3B1	5	1	1	1	2	5	3	5
ENSG00000203859	HSD3B2	0	0	0	1	0	0	0	0
ENSG00000203867	RBM20	66	49	41	18	61	81	3	105
ENSG00000203872	C6orf163	5	6	4	1	2	2	3	3
ENSG00000203877	RIPPLY2	1	0	0	1	5	2	0	2
ENSG00000203879	GDI1	3262	4087	3926	3110	2933	2256	3294	3130
ENSG00000203880	PCMTD2	1748	1924	1760	1625	1296	1376	1071	1326
ENSG00000203883	SOX18	77	74	81	73	67	90	16	143
ENSG00000203896	LIME1	67	64	66	37	46	65	53	58
ENSG00000203910	C1orf146	0	0	0	0	0	0	0	0
ENSG00000203923	SPANXN1	3	1	1	0	0	0	2	0
ENSG00000203926	SPANXA2	184	245	336	149	19	0	143	46
ENSG00000203942	C10orf62	9	2	3	8	3	11	1	7
ENSG00000203943	SAMD13	25	28	25	32	34	13	11	29
ENSG00000203950	RTL8A	883	926	916	799	551	371	593	536
ENSG00000203952	CCDC160	3	0	1	0	0	6	0	1
ENSG00000203963	C1orf141	0	0	0	0	0	0	0	0
ENSG00000203965	EFCAB7	163	175	175	155	129	142	99	164
ENSG00000203972	GLYATL3	0	0	0	0	0	0	0	0
ENSG00000203995	ZYG11A	7	13	8	12	8	14	11	15
ENSG00000204001	LCN8	0	0	0	0	0	0	0	0
ENSG00000204006	C1orf185	1	2	0	0	0	0	0	0
ENSG00000204010	IFIT1B	0	0	0	0	0	0	0	0
ENSG00000204019	CT83	73	90	128	127	68	58	72	74
ENSG00000204021	LIPK	0	0	0	1	0	0	0	0
ENSG00000204025	TRPC5OS	0	1	0	0	0	0	0	0
ENSG00000204052	LRRC73	206	238	252	202	159	140	99	188
ENSG00000204060	FOXO6	2	22	31	12	3	4	0	14
ENSG00000204065	TCEAL5	1	0	1	1	0	2	0	0
ENSG00000204070	SYS1	819	1088	993	909	758	562	652	724
ENSG00000204084	INPP5B	362	475	545	396	428	271	369	256
ENSG00000204086	RPA4	4	2	6	8	10	5	7	3
ENSG00000204099	NEU4	0	0	2	0	1	0	0	1
ENSG00000204103	MAFB	196	216	193	223	185	112	133	106
ENSG00000204104	TRAF3IP1	385	439	449	395	330	252	236	278
ENSG00000204116	CHIC1	326	348	333	277	299	210	240	193
ENSG00000204120	GIGYF2	1134	1304	1365	828	823	613	637	601
ENSG00000204128	C2orf72	10	25	8	2	5	0	0	15
ENSG00000204130	RUFY2	278	311	407	257	251	114	199	173
ENSG00000204131	NHSL2	29	41	32	56	2	5	3	2
ENSG00000204136	GGTA1	0	0	0	0	0	1	0	1
ENSG00000204138	PHACTR4	894	1006	1078	717	795	645	713	582
ENSG00000204140	CLPSL1	1	0	0	1	3	2	2	4
ENSG00000204147	ASAH2B	254	216	205	173	134	170	164	160
ENSG00000204149	AGAP6	121	130	83	122	103	121	159	100
ENSG00000204152	TIMM23B	192	176	286	202	210	187	166	193
ENSG00000204160	ZDHHC18	603	726	848	616	498	350	474	441
ENSG00000204161	TMEM273	2	2	0	0	0	1	0	0
ENSG00000204165	CXorf65	1	0	0	0	0	0	2	0
ENSG00000204172	AGAP9	148	163	115	129	135	172	215	81
ENSG00000204174	NPY4R	8	2	2	4	4	1	0	2
ENSG00000204175	GPRIN2	0	0	0	0	2	0	0	0
ENSG00000204176	SYT15	79	72	71	44	45	71	52	38
ENSG00000204178	MACO1	419	560	580	505	479	453	441	510
ENSG00000204179	PTPN20	1	0	1	0	1	0	0	0
ENSG00000204186	ZDBF2	199	356	271	203	247	170	185	183
ENSG00000204195	AWAT1	0	0	0	0	0	0	0	0
ENSG00000204209	DAXX	1756	1869	2104	1569	1199	960	1120	1141
ENSG00000204217	BMPR2	730	739	562	646	606	572	465	521
ENSG00000204219	TCEA3	21	11	11	13	7	11	5	24
ENSG00000204220	PFDN6	1851	2234	1877	1840	1356	1397	1330	1715
ENSG00000204227	RING1	1150	1422	1407	1142	1014	892	993	1122
ENSG00000204228	HSD17B8	163	208	229	221	212	71	164	84
ENSG00000204231	RXRB	1001	1169	1103	1031	786	728	815	837
ENSG00000204237	OXLD1	143	163	200	195	129	160	92	156
ENSG00000204248	COL11A2	94	122	92	82	99	145	125	80
ENSG00000204252	HLA-DOA	1	0	1	0	3	6	0	4
ENSG00000204256	BRD2	351	644	621	226	225	91	274	85
ENSG00000204257	HLA-DMA	77	83	60	55	93	71	27	62
ENSG00000204262	COL5A2	2606	2070	1854	1909	2155	2039	1312	1595
ENSG00000204264	PSMB8	1162	1275	1358	1201	820	838	835	910
ENSG00000204267	TAP2	1547	1592	1771	1399	916	900	1307	979
ENSG00000204271	SPIN3	331	338	386	307	271	157	202	216
ENSG00000204272	NBDY	818	836	759	685	535	575	554	824
ENSG00000204279	PAGE3	0	1	0	0	0	0	0	1
ENSG00000204287	HLA-DRA	87	66	34	20	94	125	12	148
ENSG00000204291	COL15A1	101	17	24	16	34	16	21	14
ENSG00000204296	TSBP1	3	0	1	3	6	5	2	4
ENSG00000204301	NOTCH4	12	2	34	28	5	24	22	14
ENSG00000204304	PBX2	2371	2485	2371	2086	1348	1439	1503	1433
ENSG00000204305	AGER	20	12	5	6	10	2	9	5
ENSG00000204308	RNF5	947	1297	1114	1223	1119	938	1002	1256
ENSG00000204310	AGPAT1	1479	1637	1775	1309	1042	862	706	1011
ENSG00000204311	PJVK	22	32	31	34	15	25	16	27
ENSG00000204314	PRRT1	24	35	44	39	9	24	32	21
ENSG00000204315	FKBPL	154	111	128	98	94	126	76	126
ENSG00000204316	MRPL38	1287	1310	1557	1344	865	729	734	977
ENSG00000204323	SMIM5	16	5	5	9	10	7	9	20
ENSG00000204334	ERICH2	9	22	20	18	20	4	5	10
ENSG00000204335	SP5	0	0	0	0	1	0	0	2
ENSG00000204344	STK19	153	55	222	130	120	98	122	108
ENSG00000204347	BTBD17	0	0	0	0	0	0	0	0
ENSG00000204348	DXO	266	293	346	242	139	106	126	180
ENSG00000204351	SKIV2L	864	963	1015	791	613	325	403	398
ENSG00000204356	NELFE	1709	2052	2206	2075	1645	1070	1316	1570
ENSG00000204361	NXPE2	0	0	0	1	2	0	1	0
ENSG00000204366	ZBTB12	275	412	335	240	243	175	177	214
ENSG00000204370	SDHD	1688	2231	2167	1882	1478	1050	1132	1275
ENSG00000204371	EHMT2	886	1101	1068	723	653	432	514	523
ENSG00000204379	XAGE1A	4138	5136	4769	4427	3754	3137	2400	4725
ENSG00000204381	LAYN	12	2	0	2	3	0	4	2
ENSG00000204382	XAGE1B	0	0	8	5	143	0	0	0
ENSG00000204385	SLC44A4	9	13	10	4	1	4	0	5
ENSG00000204386	NEU1	299	333	350	304	266	195	198	282
ENSG00000204388	HSPA1B	2922	6366	4520	3913	10914	1165	12497	2594
ENSG00000204389	HSPA1A	2428	5864	4295	3623	10340	1099	10743	2284
ENSG00000204390	HSPA1L	20	22	15	24	25	14	20	20
ENSG00000204392	LSM2	521	670	552	594	447	317	396	470
ENSG00000204394	VARS1	3810	3915	4398	3215	2384	2029	2148	2620
ENSG00000204396	VWA7	33	49	62	35	22	26	17	26
ENSG00000204397	CARD16	0	0	0	0	1	9	1	0
ENSG00000204406	MBD5	100	157	140	134	91	81	87	73
ENSG00000204410	MSH5	62	62	27	61	43	43	62	37
ENSG00000204420	MPIG6B	2	4	1	2	1	1	5	1
ENSG00000204421	LY6G6C	0	0	1	0	0	0	0	0
ENSG00000204427	ABHD16A	268	251	252	256	169	147	161	218
ENSG00000204428	LY6G5C	7	1	7	2	3	3	1	3
ENSG00000204435	CSNK2B	1803	2121	2204	1996	1527	1194	1321	1676
ENSG00000204438	GPANK1	888	874	927	773	662	641	581	807
ENSG00000204439	C6orf47	461	498	391	398	270	264	202	305
ENSG00000204442	NALF1	748	650	730	488	376	479	268	596
ENSG00000204444	APOM	15	14	18	20	20	11	5	13
ENSG00000204449	TRIM49C	0	1	0	0	0	0	0	0
ENSG00000204450	TRIM64	2	0	0	1	0	0	0	0
ENSG00000204463	BAG6	4418	5701	6460	4437	3565	2251	2734	3178
ENSG00000204469	PRRC2A	4722	5783	5969	4082	3239	2235	2804	2892
ENSG00000204472	AIF1	26	18	23	41	48	20	49	26
ENSG00000204475	NCR3	0	0	0	0	0	4	0	1
ENSG00000204478	PRAMEF20	1	0	3	0	0	0	0	0
ENSG00000204481	PRAMEF14	0	0	0	0	2	0	0	0
ENSG00000204482	LST1	0	0	2	4	3	3	1	2
ENSG00000204498	NFKBIL1	429	658	638	541	528	317	450	448
ENSG00000204501	PRAMEF15	1	0	0	0	0	0	0	0
ENSG00000204505	PRAMEF9	0	2	0	0	0	0	3	0
ENSG00000204510	PRAMEF7	2	4	4	5	0	0	0	0
ENSG00000204511	MCCD1	1	0	0	0	0	1	0	0
ENSG00000204514	ZNF814	260	295	257	235	228	317	190	187
ENSG00000204516	MICB	177	184	269	192	146	76	199	103
ENSG00000204519	ZNF551	277	252	308	173	233	120	104	157
ENSG00000204520	MICA	256	281	268	243	220	113	308	147
ENSG00000204524	ZNF805	167	213	189	158	165	139	124	136
ENSG00000204525	HLA-C	2915	3646	3606	3614	3132	3454	3373	3392
ENSG00000204531	POU5F1	27	23	14	22	33	34	36	23
ENSG00000204532	ZSCAN5C	1	2	0	1	0	0	0	0
ENSG00000204536	CCHCR1	283	374	431	326	200	193	205	244
ENSG00000204538	PSORS1C2	7	4	6	7	9	1	9	5
ENSG00000204539	CDSN	0	2	0	0	2	0	0	0
ENSG00000204540	PSORS1C1	11	12	6	1	5	9	9	8
ENSG00000204542	C6orf15	2	1	2	3	0	0	3	0
ENSG00000204544	MUC21	0	1	0	1	0	0	0	0
ENSG00000204560	DHX16	944	1083	1298	904	729	477	539	608
ENSG00000204564	C6orf136	220	282	268	219	169	155	241	173
ENSG00000204568	MRPS18B	1660	1911	2100	1838	1379	815	1233	1260
ENSG00000204569	PPP1R10	1507	1618	1539	1243	691	1013	709	1078
ENSG00000204572	KRTAP5-10	0	1	0	2	0	0	2	0
ENSG00000204574	ABCF1	2783	2914	3226	2629	2161	1586	1854	1868
ENSG00000204576	PRR3	332	396	442	355	240	147	161	184
ENSG00000204577	LILRB3	6	13	9	15	10	16	15	4
ENSG00000204580	DDR1	1885	2155	2075	1738	1927	1679	1164	1897
ENSG00000204583	LRCOL1	0	0	0	0	0	0	0	0
ENSG00000204590	GNL1	1916	2135	2212	1914	1374	1049	1155	1360
ENSG00000204592	HLA-E	2156	2999	3432	3001	2158	1278	1785	1650
ENSG00000204595	DPRX	0	0	0	1	0	1	3	0
ENSG00000204599	TRIM39	265	304	372	260	222	170	191	197
ENSG00000204604	ZNF468	147	147	166	121	134	96	115	129
ENSG00000204611	ZNF616	132	135	158	88	95	87	54	90
ENSG00000204616	TRIM31	1	0	2	1	4	0	0	0
ENSG00000204618	RNF39	31	44	58	25	47	10	17	17
ENSG00000204619	PPP1R11	1058	1191	1151	1003	786	587	737	831
ENSG00000204624	DISP3	0	2	1	0	3	0	2	0
ENSG00000204628	RACK1	35112	49638	51990	39853	36929	21313	24609	34052
ENSG00000204632	HLA-G	61	211	175	263	253	39	355	101
ENSG00000204634	TBC1D8	203	308	311	256	252	236	201	216
ENSG00000204642	HLA-F	65	75	65	172	97	122	165	74
ENSG00000204644	ZFP57	0	1	0	0	0	0	1	0
ENSG00000204653	ASPDH	0	1	0	0	0	0	0	0
ENSG00000204655	MOG	0	4	0	0	0	2	2	0
ENSG00000204657	OR2H2	6	7	7	12	13	5	11	4
ENSG00000204659	CBY3	0	0	0	0	0	4	0	0
ENSG00000204669	C9orf57	0	1	0	0	0	0	0	0
ENSG00000204673	AKT1S1	3656	3634	4080	2969	2347	2164	1595	2577
ENSG00000204681	GABBR1	194	239	212	178	255	169	288	230
ENSG00000204688	OR2H1	0	0	0	0	0	0	0	0
ENSG00000204694	OR11A1	0	0	0	0	0	1	0	1
ENSG00000204695	OR14J1	38	59	31	24	44	57	60	33
ENSG00000204700	OR2J2	0	1	0	0	0	0	0	0
ENSG00000204701	OR2J3	1	0	0	0	0	0	0	0
ENSG00000204703	OR2B3	0	0	1	0	0	0	0	0
ENSG00000204710	SPDYC	0	0	1	0	0	0	0	0
ENSG00000204711	CFAP95	0	0	0	0	3	0	0	0
ENSG00000204713	TRIM27	1388	1276	1456	1231	828	743	748	945
ENSG00000204740	MALRD1	26	26	32	24	14	8	9	6
ENSG00000204764	RANBP17	47	50	41	20	34	27	22	0
ENSG00000204767	INSYN2B	89	68	69	84	41	93	37	58
ENSG00000204779	FOXD4L5	25	23	10	13	18	24	19	13
ENSG00000204815	ODAD4	115	161	152	156	111	114	59	111
ENSG00000204822	MRPL53	1549	2027	1814	1742	1618	1078	1351	1573
ENSG00000204839	MROH6	334	342	434	259	150	149	188	164
ENSG00000204842	ATXN2	1094	1388	1336	868	630	704	802	680
ENSG00000204843	DCTN1	2728	3475	4040	2629	2240	1180	1646	1851
ENSG00000204849	SPATA31A1	0	1	0	0	0	3	0	6
ENSG00000204852	TCTN1	296	341	251	265	214	270	187	326
ENSG00000204856	FAM216A	560	843	940	632	490	372	512	636
ENSG00000204859	ZBTB48	228	369	381	216	187	147	117	204
ENSG00000204866	IGFL2	0	0	0	1	0	0	0	0
ENSG00000204869	IGFL4	239	258	149	187	226	198	235	139
ENSG00000204880	KRTAP4-8	0	1	0	0	0	0	2	0
ENSG00000204882	GPR20	0	0	0	0	0	0	0	0
ENSG00000204897	KRT25	0	0	0	0	0	0	0	0
ENSG00000204899	MZT1	932	1102	1162	1010	828	704	740	940
ENSG00000204909	SPINK9	3	3	1	4	7	4	8	2
ENSG00000204919	PRR20A	6	1	2	1	0	0	0	0
ENSG00000204920	ZNF155	121	166	162	100	101	106	75	109
ENSG00000204922	UQCC3	532	691	759	647	729	480	469	619
ENSG00000204923	FBXO48	82	92	86	86	86	91	122	76
ENSG00000204928	GRXCR2	1	0	1	0	0	0	0	0
ENSG00000204930	FAM221B	0	0	2	1	1	1	3	0
ENSG00000204936	CD177	0	0	0	1	0	0	0	0
ENSG00000204941	PSG5	0	0	0	0	1	0	0	0
ENSG00000204946	ZNF783	479	561	569	415	421	381	438	348
ENSG00000204947	ZNF425	65	62	37	32	29	30	16	27
ENSG00000204950	LRRC10B	16	8	1	0	5	29	1	59
ENSG00000204952	FBXO47	0	0	0	0	0	0	0	0
ENSG00000204954	C12orf73	379	389	361	311	236	277	290	340
ENSG00000204956	PCDHGA1	83	85	96	52	134	89	113	60
ENSG00000204961	PCDHA9	16	17	11	18	39	26	14	30
ENSG00000204962	PCDHA8	7	17	9	7	17	32	7	10
ENSG00000204963	PCDHA7	37	29	19	21	61	104	47	89
ENSG00000204965	PCDHA5	59	55	36	30	58	83	47	55
ENSG00000204967	PCDHA4	92	96	95	69	123	166	63	108
ENSG00000204969	PCDHA2	44	34	31	15	40	82	21	45
ENSG00000204970	PCDHA1	0	31	19	14	59	47	0	34
ENSG00000204977	TRIM13	629	537	520	467	434	487	353	490
ENSG00000204978	ERICH4	0	0	1	0	0	0	0	0
ENSG00000204979	MS4A13	18	19	15	11	24	15	7	13
ENSG00000204991	SPIRE2	265	334	307	280	168	109	104	154
ENSG00000205002	AARD	100	48	44	42	80	108	31	115
ENSG00000205038	PKHD1L1	4	4	4	2	3	5	5	1
ENSG00000205045	SLFN12L	35	31	27	27	38	31	23	33
ENSG00000205060	SLC35B4	865	830	844	655	557	536	527	484
ENSG00000205076	LGALS7	0	0	0	0	0	13	0	2
ENSG00000205078	SYCE1L	25	42	40	44	34	17	42	17
ENSG00000205084	TMEM231	367	323	285	317	220	257	227	242
ENSG00000205085	GARIN1A	14	12	14	19	17	19	9	16
ENSG00000205089	CCNI2	2	3	0	1	2	2	2	3
ENSG00000205090	TMEM240	17	21	12	9	10	12	13	7
ENSG00000205097	FRG2	0	3	1	5	4	11	18	0
ENSG00000205111	CDKL4	1	1	0	0	3	3	0	2
ENSG00000205116	TMEM88B	11	20	6	8	14	17	7	12
ENSG00000205126	ACCSL	0	0	0	0	0	0	0	0
ENSG00000205129	C4orf47	16	34	33	21	39	28	20	22
ENSG00000205133	TRIQK	274	318	301	334	276	272	237	361
ENSG00000205138	SDHAF1	507	537	521	424	437	412	281	475
ENSG00000205143	ARID3C	0	2	3	2	2	0	0	0
ENSG00000205155	PSENEN	1325	1241	1329	1111	945	997	613	1236
ENSG00000205177	C11orf91	8	8	2	12	4	6	4	7
ENSG00000205189	ZBTB10	335	372	393	305	287	269	259	265
ENSG00000205208	C4orf46	222	216	260	208	256	145	204	196
ENSG00000205209	SCGB2B2	16	33	17	7	15	12	13	13
ENSG00000205213	LGR4	141	87	64	70	66	76	64	72
ENSG00000205220	PSMB10	589	615	645	604	337	317	613	380
ENSG00000205221	VIT	10	6	3	5	7	52	0	15
ENSG00000205238	SPDYE2	52	75	49	11	62	30	60	27
ENSG00000205250	E2F4	3459	3681	4336	3262	2113	1904	2129	2395
ENSG00000205268	PDE7A	426	444	388	389	264	273	305	252
ENSG00000205269	TMEM170B	149	168	154	152	87	84	68	75
ENSG00000205277	MUC12	0	0	0	2	2	0	0	0
ENSG00000205279	CTXN3	0	0	2	0	0	0	0	0
ENSG00000205302	SNX2	553	606	556	564	458	386	415	365
ENSG00000205307	SAP25	10	11	3	0	7	5	0	0
ENSG00000205309	NT5M	90	105	114	111	107	65	63	95
ENSG00000205323	SARNP	973	1042	1064	934	684	655	633	895
ENSG00000205330	OR6C1	0	0	0	0	0	0	0	0
ENSG00000205336	ADGRG1	2182	1866	1777	1253	1796	2067	1783	2883
ENSG00000205339	IPO7	4323	5119	4912	3982	4022	2702	3269	3478
ENSG00000205352	PRR13	2078	2001	2419	2063	1346	1273	1509	1713
ENSG00000205356	TECPR1	598	650	792	510	482	474	510	339
ENSG00000205359	SLCO6A1	13	11	6	8	9	14	12	3
ENSG00000205363	INSYN1	32	9	10	16	31	22	7	11
ENSG00000205403	CFI	371	310	176	124	211	557	39	423
ENSG00000205413	SAMD9	585	532	538	381	457	447	271	329
ENSG00000205420	KRT6A	0	0	1	1	0	1	0	0
ENSG00000205423	CNEP1R1	313	256	248	232	218	157	189	196
ENSG00000205426	KRT81	9119	12953	13826	13603	6276	120	5002	1234
ENSG00000205436	EXOC3L4	0	0	0	0	2	0	2	0
ENSG00000205442	IZUMO3	114	18	21	6	1	0	0	0
ENSG00000205445	KRTAP10-2	0	0	0	0	0	0	1	0
ENSG00000205456	TP53TG3D	26	46	31	23	33	42	60	37
ENSG00000205457	TP53TG3C	0	0	0	0	0	0	0	2
ENSG00000205476	CCDC85C	653	931	1273	896	646	204	611	270
ENSG00000205482	SPDYE18	23	35	21	18	14	15	17	18
ENSG00000205502	C2CD4B	0	0	0	1	0	0	0	0
ENSG00000205517	RGL3	76	99	77	74	81	52	43	56
ENSG00000205531	NAP1L4	2304	2600	2596	2498	1935	1692	1618	2121
ENSG00000205542	TMSB4X	9430	8948	8782	11964	9553	5453	9319	8202
ENSG00000205544	TMEM256	731	1033	904	972	1160	656	863	778
ENSG00000205560	CPT1B	240	230	161	177	113	284	201	147
ENSG00000205571	SMN2	1252	1491	1606	1249	1054	576	891	872
ENSG00000205572	SERF1B	808	437	762	281	667	397	272	270
ENSG00000205581	HMGN1	4256	4217	4171	4035	2907	3234	2635	3392
ENSG00000205593	DENND6B	72	138	114	106	52	68	44	61
ENSG00000205609	EIF3CL	70	273	75	156	143	166	376	115
ENSG00000205629	LCMT1	586	691	731	690	518	399	524	503
ENSG00000205639	MFSD2B	0	0	0	3	0	0	0	0
ENSG00000205642	VCX3B	3807	3288	5620	2102	1377	349	257	315
ENSG00000205643	CDPF1	126	188	154	139	99	96	128	114
ENSG00000205649	HTN3	1	0	0	0	0	0	0	0
ENSG00000205659	LIN52	212	161	188	146	137	137	147	116
ENSG00000205669	ACOT6	0	1	0	1	0	1	2	0
ENSG00000205670	SMIM11	28	28	21	201	28	20	32	147
ENSG00000205678	TECRL	0	0	1	0	0	0	0	0
ENSG00000205683	DPF3	10	14	12	20	9	4	11	5
ENSG00000205693	MANSC4	21	14	7	13	34	78	10	47
ENSG00000205704	SMIM45	12	12	14	7	15	8	6	10
ENSG00000205707	ETFRF1	276	308	296	272	229	187	148	198
ENSG00000205710	C17orf107	6	24	17	16	6	5	12	4
ENSG00000205718	MBD3L4	0	0	0	0	0	0	0	0
ENSG00000205726	ITSN1	675	703	738	579	328	329	379	252
ENSG00000205730	ITPRIPL2	2131	2360	2234	1929	1794	1087	1722	1510
ENSG00000205744	DENND1C	3	3	0	0	1	0	1	1
ENSG00000205755	CRLF2	0	2	0	3	2	0	1	0
ENSG00000205758	CRYZL1	263	315	290	268	278	180	252	215
ENSG00000205765	RIMOC1	954	1059	1162	895	755	633	649	755
ENSG00000205777	GAGE1	110	22	0	5	6	11	1	86
ENSG00000205784	ARRDC5	0	0	0	0	0	0	0	0
ENSG00000205795	CYS1	10	6	8	7	12	13	1	9
ENSG00000205808	PLPP6	674	584	621	520	518	434	483	500
ENSG00000205809	KLRC2	135	175	93	91	160	295	78	266
ENSG00000205810	KLRC3	19	12	14	9	3	9	0	22
ENSG00000205832	C16orf96	3	8	5	2	3	1	0	2
ENSG00000205838	TTC23L	12	12	12	7	1	6	4	3
ENSG00000205863	C1QTNF9B	0	0	0	0	1	2	0	0
ENSG00000205899	BHLHA9	0	0	0	0	0	0	0	0
ENSG00000205903	ZNF316	1310	1597	1472	1021	1115	939	1088	962
ENSG00000205922	ONECUT3	1	2	1	5	0	3	3	1
ENSG00000205923	CEMP1	0	0	0	0	0	8	0	0
ENSG00000205927	OLIG2	28	24	19	20	16	26	14	20
ENSG00000205929	C21orf62	52	68	59	42	61	79	64	39
ENSG00000205937	RNPS1	4832	5429	5988	4703	3525	2777	3380	3824
ENSG00000205978	NYNRIN	93	96	146	76	57	61	1	85
ENSG00000205981	DNAJC19	415	462	418	386	260	345	258	351
ENSG00000206013	IFITM5	0	0	1	0	0	1	0	0
ENSG00000206026	SMIM21	4	6	4	4	3	4	7	10
ENSG00000206043	C18orf63	0	0	0	0	0	0	0	0
ENSG00000206052	DOK6	43	53	38	28	46	17	65	20
ENSG00000206053	JPT2	2376	3369	3596	2768	2117	1145	2441	1456
ENSG00000206072	SERPINB11	1	0	0	0	0	0	0	0
ENSG00000206073	SERPINB4	26	54	53	43	18	4	3	4
ENSG00000206075	SERPINB5	1	1	5	16	5	14	8	11
ENSG00000206077	ZDHHC11B	0	0	0	0	1	0	0	0
ENSG00000206105	KRTAP20-4	0	1	0	0	0	0	0	0
ENSG00000206106	KRTAP22-2	0	0	1	0	0	0	0	0
ENSG00000206113	CFAP99	0	2	0	1	2	0	0	2
ENSG00000206127	GOLGA8O	3	10	24	0	21	5	0	20
ENSG00000206140	TMEM191C	1	0	2	2	1	0	0	1
ENSG00000206150	RNASE13	0	0	1	0	0	0	0	0
ENSG00000206172	HBA1	0	2	1	0	0	1	0	1
ENSG00000206181	ELOA2	0	0	0	0	0	0	0	0
ENSG00000206190	ATP10A	331	181	272	149	91	75	19	77
ENSG00000206199	ANKUB1	0	0	0	0	0	0	0	0
ENSG00000206260	PRR23A	0	0	1	0	0	0	0	0
ENSG00000206262	FOXL2NB	2	6	1	0	5	5	3	2
ENSG00000206384	COL6A6	0	0	0	0	0	0	0	0
ENSG00000206418	RAB12	846	931	1011	1134	853	668	924	740
ENSG00000206432	TMEM200C	1	0	0	0	0	0	0	2
ENSG00000206474	OR10C1	0	0	0	0	0	0	0	0
ENSG00000206503	HLA-A	6149	9560	8633	8626	7049	6283	7244	7090
ENSG00000206527	HACD2	835	924	973	876	766	520	648	541
ENSG00000206530	CFAP44	129	185	89	65	101	81	99	146
ENSG00000206535	LNP1	102	63	97	60	40	52	41	53
ENSG00000206538	VGLL3	113	69	65	51	47	46	63	29
ENSG00000206549	NA	0	0	0	0	0	0	0	0
ENSG00000206557	TRIM71	0	0	2	0	1	0	0	0
ENSG00000206559	ZCWPW2	12	11	9	9	11	7	9	5
ENSG00000206560	ANKRD28	1278	1700	1944	1709	1251	600	1137	673
ENSG00000206561	COLQ	0	6	0	0	5	19	16	10
ENSG00000206562	METTL6	440	503	545	466	372	215	277	350
ENSG00000206579	XKR4	21	40	32	28	30	70	43	27
ENSG00000211445	GPX3	823	986	1131	925	440	668	500	818
ENSG00000211448	DIO2	7	7	6	3	2	2	11	4
ENSG00000211450	SELENOH	1962	2529	2263	2258	1828	1664	1757	2303
ENSG00000211452	DIO1	0	0	0	1	1	0	0	0
ENSG00000211455	STK38L	495	499	514	379	302	334	261	335
ENSG00000211456	SACM1L	882	980	1007	852	517	439	512	590
ENSG00000211460	TSN	987	1113	1127	1058	812	652	662	835
ENSG00000211584	SLC48A1	439	475	498	381	208	236	291	282
ENSG00000212122	TSSK1B	0	0	0	0	0	2	0	0
ENSG00000212123	PRR22	142	128	116	142	63	112	97	63
ENSG00000212124	TAS2R19	0	1	2	0	1	0	1	0
ENSG00000212126	TAS2R50	0	2	0	2	0	0	0	0
ENSG00000212127	TAS2R14	7	21	10	13	9	8	9	10
ENSG00000212128	TAS2R13	0	1	0	0	0	0	0	0
ENSG00000212657	KRTAP16-1	1	0	0	1	0	1	0	0
ENSG00000212710	CTAGE1	0	0	0	0	1	0	1	0
ENSG00000212722	KRTAP4-9	0	0	4	1	0	0	0	1
ENSG00000212724	KRTAP2-3	31	38	68	44	33	21	37	21
ENSG00000212747	RTL8B	557	420	535	404	283	270	246	381
ENSG00000212807	OR2A42	0	0	0	0	0	0	0	0
ENSG00000212864	RNF208	74	54	83	54	51	88	71	54
ENSG00000212901	KRTAP3-1	0	0	0	0	0	1	0	0
ENSG00000212907	MT-ND4L	8334	8999	6472	6553	7806	9986	11157	6189
ENSG00000212916	MAP10	3	3	4	22	17	14	1	11
ENSG00000212938	KRTAP6-3	0	0	0	0	0	0	0	0
ENSG00000212993	POU5F1B	3	13	7	3	8	15	5	7
ENSG00000213015	ZNF580	1207	1751	1572	1131	1138	965	665	1118
ENSG00000213020	ZNF611	82	98	46	52	84	75	42	69
ENSG00000213023	SYT3	23	7	14	10	20	11	2	11
ENSG00000213024	NUP62	1665	1877	2067	1509	1378	1282	1095	1327
ENSG00000213030	CGB8	486	42	65	79	32	90	12	55
ENSG00000213047	DENND1B	216	195	165	148	172	187	157	173
ENSG00000213064	SFT2D2	1247	1064	849	850	935	1258	858	1178
ENSG00000213066	CEP43	309	390	313	234	115	255	208	196
ENSG00000213079	SCAF8	837	995	1102	790	601	451	564	586
ENSG00000213085	CFAP45	121	118	161	161	67	90	245	97
ENSG00000213088	ACKR1	0	2	0	0	0	0	0	0
ENSG00000213096	ZNF254	298	325	274	201	243	190	192	238
ENSG00000213123	DYNLT2B	29	30	18	37	41	36	6	38
ENSG00000213139	CRYGS	0	5	0	0	0	0	0	3
ENSG00000213145	CRIP1	16	13	12	14	12	22	11	15
ENSG00000213160	KLHL23	214	226	254	172	175	117	167	128
ENSG00000213171	LINGO4	2	0	0	1	0	0	0	0
ENSG00000213185	FAM24B	44	77	62	61	51	21	42	26
ENSG00000213186	TRIM59	216	240	230	197	209	153	197	141
ENSG00000213190	MLLT11	2142	1496	1450	1316	1340	1964	1520	2562
ENSG00000213199	ASIC3	48	27	25	32	23	40	31	6
ENSG00000213203	GIMAP1	1	5	3	5	2	6	1	3
ENSG00000213213	CCDC183	3	2	7	1	5	2	0	2
ENSG00000213214	ARHGEF35	1	0	1	2	0	1	0	2
ENSG00000213221	DNLZ	687	663	904	656	569	583	559	803
ENSG00000213246	SUPT4H1	2362	2415	2594	2135	1835	1679	1422	1887
ENSG00000213265	TSGA13	24	34	27	23	26	37	38	16
ENSG00000213281	NRAS	2413	2633	2799	2257	1786	1425	1479	1481
ENSG00000213316	LTC4S	2	5	3	0	0	1	0	1
ENSG00000213337	ANKRD39	144	151	190	137	128	122	131	165
ENSG00000213339	QTRT1	1021	1109	1029	773	781	873	563	1147
ENSG00000213341	CHUK	824	703	863	524	590	456	374	518
ENSG00000213347	MXD3	283	298	254	308	291	293	201	293
ENSG00000213366	GSTM2	147	206	147	124	80	122	68	132
ENSG00000213380	COG8	1310	1392	1289	1029	796	746	743	848
ENSG00000213390	ARHGAP19	379	461	452	172	314	64	159	59
ENSG00000213397	HAUS7	269	349	371	359	227	158	235	264
ENSG00000213398	LCAT	67	72	67	67	31	71	98	35
ENSG00000213401	MAGEA12	2422	2685	3017	2544	1800	1310	1496	1752
ENSG00000213402	PTPRCAP	17	10	0	22	0	28	3	0
ENSG00000213413	PVRIG	0	0	0	0	0	0	0	1
ENSG00000213417	KRTAP2-4	0	0	0	0	0	0	0	0
ENSG00000213420	GPC2	13	12	8	8	25	33	12	10
ENSG00000213424	KRT222	0	0	1	4	0	2	0	0
ENSG00000213445	SIPA1	1152	1192	1242	932	595	727	763	821
ENSG00000213462	ERV3-1	73	71	86	45	86	53	39	50
ENSG00000213463	SYNJ2BP	633	658	695	492	489	501	391	408
ENSG00000213465	ARL2	3254	4092	4583	4230	2554	1569	2165	2729
ENSG00000213471	TTLL13	0	0	0	1	3	2	7	0
ENSG00000213512	GBP7	0	0	0	0	0	0	0	4
ENSG00000213516	RBMXL1	481	530	581	418	385	291	310	347
ENSG00000213523	SRA1	1071	1056	1347	984	743	707	669	816
ENSG00000213533	STIMATE	514	438	537	396	433	294	365	397
ENSG00000213551	DNAJC9	1079	990	1174	1037	708	720	703	763
ENSG00000213563	C8orf82	677	947	999	874	596	366	336	731
ENSG00000213578	CPLX3	1	0	5	5	0	0	1	0
ENSG00000213585	VDAC1	6990	9013	9477	8858	5563	4143	5674	5423
ENSG00000213588	ZBTB9	582	453	513	372	282	317	216	314
ENSG00000213593	TMX2	2064	2180	2205	2023	1620	1397	1421	1689
ENSG00000213614	HEXA	762	817	850	733	705	613	566	665
ENSG00000213619	NDUFS3	1750	1897	1783	1699	1352	1263	1041	1628
ENSG00000213625	LEPROT	1430	1727	1778	1428	1088	877	1001	878
ENSG00000213626	LBH	119	49	33	30	115	42	21	18
ENSG00000213638	ADAT3	173	155	131	144	116	120	83	128
ENSG00000213639	PPP1CB	5445	6942	6998	6086	4448	3697	3402	4216
ENSG00000213648	SULT1A4	17	23	28	20	8	4	1	6
ENSG00000213654	GPSM3	313	462	451	512	217	148	289	236
ENSG00000213658	LAT	61	22	52	37	15	58	88	24
ENSG00000213672	NCKIPSD	763	1526	1526	1174	1016	354	733	763
ENSG00000213676	ATF6B	702	908	759	660	661	614	582	820
ENSG00000213689	TREX1	206	359	328	298	260	145	161	236
ENSG00000213694	S1PR3	38	10	11	8	19	114	5	9
ENSG00000213699	SLC35F6	624	723	895	748	550	583	417	429
ENSG00000213714	FAM209B	2	7	1	1	3	1	2	2
ENSG00000213719	CLIC1	5343	6861	7665	6803	4885	3350	3993	5120
ENSG00000213722	DDAH2	548	667	653	575	345	329	306	404
ENSG00000213741	RPS29	4940	7049	6173	6130	5946	3659	4549	5798
ENSG00000213759	UGT2B11	0	0	0	0	0	0	0	0
ENSG00000213760	ATP6V1G2	28	39	40	43	36	27	15	28
ENSG00000213762	ZNF134	516	492	552	305	332	267	178	263
ENSG00000213780	GTF2H4	272	341	309	318	250	223	200	244
ENSG00000213782	DDX47	1846	2348	2562	2017	1463	1149	1335	1535
ENSG00000213793	ZNF888	93	120	75	71	81	68	55	68
ENSG00000213799	ZNF845	111	103	141	85	90	71	80	79
ENSG00000213809	KLRK1	0	2	8	6	19	94	0	9
ENSG00000213853	EMP2	865	1098	1068	1011	885	738	882	748
ENSG00000213859	KCTD11	377	1016	774	691	884	295	547	637
ENSG00000213886	UBD	0	3	5	0	2	6	0	1
ENSG00000213889	PPM1N	22	24	21	26	27	21	28	32
ENSG00000213892	CEACAM16	0	0	0	0	0	0	0	0
ENSG00000213901	SLC23A3	9	3	4	0	3	1	4	3
ENSG00000213903	LTB4R	425	348	318	286	224	346	468	189
ENSG00000213906	LTB4R2	145	148	153	78	82	79	95	62
ENSG00000213918	DNASE1	132	189	127	132	112	114	135	111
ENSG00000213920	MDP1	151	193	168	179	140	117	77	140
ENSG00000213923	CSNK1E	3209	4503	4825	3697	3055	2286	3792	2648
ENSG00000213927	CCL27	0	0	0	0	0	0	4	0
ENSG00000213928	IRF9	329	458	353	231	252	276	145	277
ENSG00000213930	GALT	172	208	227	185	160	151	84	176
ENSG00000213931	HBE1	509	742	886	586	680	115	113	251
ENSG00000213934	HBG1	0	0	0	0	0	0	0	0
ENSG00000213937	CLDN9	0	2	1	2	3	6	5	0
ENSG00000213949	ITGA1	122	113	70	52	203	271	165	288
ENSG00000213965	NUDT19	763	660	730	491	504	461	341	495
ENSG00000213967	ZNF726	136	134	124	116	123	94	110	107
ENSG00000213973	ZNF99	0	1	1	2	2	3	4	0
ENSG00000213977	TAX1BP3	1444	1748	1876	1629	1015	735	1269	944
ENSG00000213983	AP1G2	230	300	298	223	146	216	134	173
ENSG00000213988	ZNF90	84	68	60	76	77	32	62	47
ENSG00000213995	NAXD	833	852	1087	763	743	876	850	750
ENSG00000213996	TM6SF2	1	0	2	3	0	0	0	3
ENSG00000213999	MEF2B	49	60	83	51	108	33	36	50
ENSG00000214013	GANC	321	321	359	282	239	192	185	178
ENSG00000214021	TTLL3	330	440	354	290	286	332	354	248
ENSG00000214022	REPIN1	3142	4212	4647	3592	2340	1506	2536	1971
ENSG00000214026	MRPL23	998	1323	1308	1341	1080	763	914	1121
ENSG00000214029	ZNF891	188	233	200	176	165	169	235	121
ENSG00000214046	SMIM7	914	865	958	897	914	745	472	846
ENSG00000214050	FBXO16	31	26	33	23	29	14	21	18
ENSG00000214063	TSPAN4	881	1279	1325	1351	830	613	1138	640
ENSG00000214078	CPNE1	1309	1953	1788	1458	1257	695	894	1095
ENSG00000214087	ARL16	328	450	497	392	385	270	285	320
ENSG00000214097	SMCO1	0	2	0	2	0	1	2	1
ENSG00000214102	WEE2	0	0	1	0	0	0	0	0
ENSG00000214113	LYRM4	295	348	336	306	272	242	274	379
ENSG00000214114	MYCBP	858	883	936	810	637	640	566	694
ENSG00000214128	TMEM213	2	9	5	6	5	4	14	4
ENSG00000214160	ALG3	837	866	934	776	525	433	459	636
ENSG00000214193	SH3D21	370	860	788	516	598	259	597	445
ENSG00000214194	SMIM30	942	959	931	953	820	664	657	763
ENSG00000214212	C19orf38	1	2	2	1	3	6	1	4
ENSG00000214216	IQCJ	0	2	0	0	0	4	0	0
ENSG00000214226	C17orf67	29	25	37	24	33	12	39	28
ENSG00000214253	FIS1	1899	2250	2401	2046	1645	1432	1260	2093
ENSG00000214274	ANG	18	61	27	30	58	18	27	34
ENSG00000214279	SCART1	86	57	55	66	40	76	64	54
ENSG00000214285	NPS	0	0	0	0	0	0	0	0
ENSG00000214300	SPDYE3	2	3	2	0	3	3	7	1
ENSG00000214309	MBLAC1	98	108	108	103	88	55	72	70
ENSG00000214336	FOXI3	0	5	3	0	0	1	4	2
ENSG00000214338	SOGA3	14	12	7	0	13	7	3	11
ENSG00000214357	NEURL1B	11	9	14	6	11	17	1	6
ENSG00000214360	EFCAB9	0	0	1	0	1	1	0	0
ENSG00000214367	HAUS3	255	242	215	248	187	158	172	184
ENSG00000214376	VSTM5	1	2	0	0	0	0	0	0
ENSG00000214413	BBIP1	351	415	421	349	313	314	241	370
ENSG00000214414	TRIM77	0	0	0	0	0	1	0	0
ENSG00000214435	AS3MT	0	0	0	0	0	25	10	0
ENSG00000214447	FAM187A	0	0	0	0	166	156	0	0
ENSG00000214456	PLIN5	5	1	2	0	2	5	1	1
ENSG00000214491	SEC14L6	0	0	0	0	0	0	1	0
ENSG00000214510	SPINK13	5	3	0	1	0	0	2	0
ENSG00000214513	NOTO	0	1	0	0	0	0	3	0
ENSG00000214517	PPME1	2616	3927	4927	3663	2537	809	1380	1656
ENSG00000214530	STARD10	237	337	344	308	192	170	181	212
ENSG00000214558	NA	24	26	15	14	17	15	10	10
ENSG00000214562	NUTM2D	82	70	78	50	27	49	39	28
ENSG00000214575	CPEB1	42	63	33	51	37	69	22	75
ENSG00000214595	EML6	95	110	109	83	58	45	48	67
ENSG00000214652	ZNF727	16	18	29	16	40	8	11	9
ENSG00000214654	B3GALT9	239	271	360	269	229	76	251	142
ENSG00000214655	ZSWIM8	1166	1137	1262	870	742	608	637	666
ENSG00000214681	IQCF5	0	1	2	2	1	0	5	0
ENSG00000214686	IQCF6	0	0	0	0	0	0	0	0
ENSG00000214688	C10orf105	0	2	0	0	0	0	0	0
ENSG00000214694	ARHGEF33	0	2	0	1	3	3	0	2
ENSG00000214700	C12orf71	1	1	0	0	2	2	2	4
ENSG00000214706	IFRD2	2386	2578	2936	2603	1814	986	1671	1807
ENSG00000214711	CAPN14	0	18	13	0	0	18	12	4
ENSG00000214717	ZBED1	597	629	632	527	421	312	396	487
ENSG00000214736	TOMM6	2641	2781	2777	2691	1988	1767	1979	2243
ENSG00000214753	HNRNPUL2	4932	5653	5807	5289	3870	3025	3194	3905
ENSG00000214756	CSKMT	49	99	55	54	52	21	38	59
ENSG00000214787	MS4A4E	88	122	124	105	112	103	158	73
ENSG00000214814	FER1L6	3	5	6	3	4	0	1	0
ENSG00000214827	MTCP1	62	76	70	58	44	47	33	61
ENSG00000214842	RAD51AP2	4	1	1	3	2	2	5	0
ENSG00000214860	EVPLL	0	0	0	0	0	0	0	0
ENSG00000214866	DCDC2C	2	0	1	1	0	0	1	0
ENSG00000214872	SMTNL1	1	4	5	2	1	2	2	1
ENSG00000214897	PNMA6E	0	0	0	0	0	0	0	0
ENSG00000214929	SPATA31D1	0	0	0	0	1	0	0	0
ENSG00000214940	NPIPA8	8	0	2	0	0	7	5	0
ENSG00000214941	ZSWIM7	223	246	189	194	185	187	169	195
ENSG00000214944	ARHGEF28	420	958	966	721	677	176	928	241
ENSG00000214946	TBC1D26	0	5	1	0	0	0	0	0
ENSG00000214954	LRRC69	18	17	22	14	20	17	15	16
ENSG00000214960	CRPPA	77	62	77	67	52	45	43	50
ENSG00000214967	NPIPA7	46	60	13	62	19	35	46	41
ENSG00000214978	GSG1L2	0	0	0	0	1	0	2	0
ENSG00000215009	ACSM4	0	1	0	1	0	0	3	1
ENSG00000215012	RTL10	385	425	510	401	326	163	269	180
ENSG00000215018	COL28A1	5	2	0	1	3	3	0	3
ENSG00000215021	PHB2	8198	9959	10749	9604	5939	4607	5257	6614
ENSG00000215041	NEURL4	616	652	688	526	500	321	426	419
ENSG00000215045	GRID2IP	0	2	0	0	2	0	0	3
ENSG00000215113	CXorf49B	0	0	0	0	0	0	0	0
ENSG00000215114	UBXN2B	635	718	711	550	407	370	277	468
ENSG00000215126	CBWD6	21	54	40	28	18	44	34	51
ENSG00000215131	C16orf90	0	0	0	0	1	0	0	0
ENSG00000215148	PRSS41	0	0	0	1	0	0	0	0
ENSG00000215174	NLRP2B	0	0	0	1	0	0	0	0
ENSG00000215182	MUC5AC	0	1	1	0	2	0	1	2
ENSG00000215183	MSMP	20	4	3	0	6	19	2	16
ENSG00000215186	GOLGA6B	5	2	1	1	4	0	0	0
ENSG00000215187	FAM166B	0	1	0	3	4	1	0	1
ENSG00000215193	PEX26	1444	1756	1839	1423	1135	947	1145	973
ENSG00000215203	GRXCR1	0	1	0	3	1	1	1	2
ENSG00000215217	C5orf49	0	0	0	0	0	0	0	0
ENSG00000215218	UBE2QL1	8	8	15	15	15	0	6	4
ENSG00000215251	FASTKD5	574	584	625	487	275	284	234	311
ENSG00000215252	GOLGA8B	85	100	174	60	117	33	190	71
ENSG00000215262	KCNU1	22	11	16	4	1	0	0	1
ENSG00000215301	DDX3X	7004	6988	8967	5231	4544	2816	3263	3170
ENSG00000215305	VPS16	795	935	964	707	622	608	519	644
ENSG00000215343	ZNF705D	0	0	0	2	0	1	2	0
ENSG00000215354	FAM90A24P	4	0	0	0	0	0	0	0
ENSG00000215372	ZNF705G	0	2	0	0	1	1	0	0
ENSG00000215375	MYL5	274	276	308	233	269	279	226	256
ENSG00000215421	ZNF407	331	405	458	251	247	118	219	154
ENSG00000215440	NPEPL1	1274	1380	1496	1196	1088	997	856	1115
ENSG00000215455	KRTAP10-1	0	0	0	0	0	0	0	0
ENSG00000215472	RPL17-C18orf32	445	560	450	589	581	450	653	508
ENSG00000215474	SKOR2	0	0	0	0	0	0	0	0
ENSG00000215529	EFCAB8	1	2	1	2	0	2	0	1
ENSG00000215545	DEFB116	0	0	0	0	0	0	0	0
ENSG00000215568	GAB4	0	0	0	0	0	0	0	1
ENSG00000215595	C20orf202	3	4	2	4	2	0	1	0
ENSG00000215644	GCGR	0	0	0	0	0	0	0	0
ENSG00000215695	RSC1A1	27	70	110	73	41	0	89	14
ENSG00000215704	CELA2B	0	0	0	0	0	0	1	0
ENSG00000215712	TMEM242	186	263	265	230	155	85	163	135
ENSG00000215717	TMEM167B	451	611	632	501	494	371	464	396
ENSG00000215784	FAM72D	355	425	409	361	231	238	388	239
ENSG00000215788	TNFRSF25	164	133	80	81	102	292	176	233
ENSG00000215817	ZC3H11B	31	11	0	0	34	48	2	69
ENSG00000215845	TSTD1	0	0	0	0	0	1	2	1
ENSG00000215883	CYB5RL	108	124	151	107	101	44	56	64
ENSG00000215906	LACTBL1	0	0	0	0	0	0	0	0
ENSG00000215910	C1orf167	0	0	1	0	0	1	0	0
ENSG00000215912	TTC34	39	43	53	40	38	43	50	26
ENSG00000215915	ATAD3C	7	10	10	7	4	11	13	8
ENSG00000216490	IFI30	694	928	1061	578	374	194	200	269
ENSG00000216588	IGSF23	3	2	7	1	2	1	2	0
ENSG00000216649	GAGE12E	3	7	0	1	5	9	0	0
ENSG00000216921	FAM240C	0	0	0	0	1	0	0	0
ENSG00000216937	CCDC7	21	9	4	3	12	7	11	14
ENSG00000217128	FNIP1	399	746	715	496	520	195	484	280
ENSG00000217236	SP9	10	8	2	0	12	6	5	44
ENSG00000217442	SYCE3	1	1	0	1	0	2	1	2
ENSG00000217555	CKLF	951	927	851	908	853	639	775	756
ENSG00000217930	PAM16	465	562	521	474	411	377	475	442
ENSG00000218305	CDC14C	2	1	0	1	0	3	1	1
ENSG00000218336	TENM3	1078	1185	1039	927	867	532	795	667
ENSG00000218739	CEBPZOS	1615	1897	1766	1500	1249	1265	1077	1431
ENSG00000218819	TDRD15	1	0	0	0	0	0	0	0
ENSG00000218891	ZNF579	665	929	945	616	579	538	414	624
ENSG00000219200	RNASEK	2361	2903	2569	2509	2087	1928	2188	2340
ENSG00000219435	CATSPERZ	13	24	20	22	21	11	9	22
ENSG00000219438	TAFA5	1	0	0	0	1	0	1	1
ENSG00000219481	NBPF1	906	979	1081	881	623	471	507	520
ENSG00000219545	UMAD1	272	319	289	293	250	158	181	220
ENSG00000219607	PPP1R3G	2	13	11	6	9	4	8	1
ENSG00000219626	FAM228B	17	32	25	30	21	16	13	21
ENSG00000220008	LINGO3	0	0	1	0	0	0	2	2
ENSG00000220201	ZGLP1	25	22	29	29	15	37	29	15
ENSG00000220205	VAMP2	630	905	889	705	901	750	823	677
ENSG00000220948	TRIM51G	0	0	0	0	0	0	0	0
ENSG00000221818	EBF2	36	51	62	42	7	3	1	2
ENSG00000221821	C6orf226	152	234	232	164	125	79	135	123
ENSG00000221823	PPP3R1	1369	1772	1855	1605	1263	1011	1288	1130
ENSG00000221826	PSG3	0	1	0	0	0	0	0	0
ENSG00000221829	FANCG	455	328	282	281	350	153	349	145
ENSG00000221836	OR2A5	5	10	6	4	7	12	11	8
ENSG00000221838	AP4M1	475	567	477	435	323	348	426	345
ENSG00000221840	OR4A5	0	0	0	0	0	0	0	0
ENSG00000221843	C2orf16	31	40	27	14	31	22	26	33
ENSG00000221852	KRTAP1-5	0	0	0	1	0	0	2	0
ENSG00000221855	TAS2R41	0	0	0	0	0	0	0	0
ENSG00000221866	PLXNA4	306	230	138	166	111	257	203	267
ENSG00000221867	MAGEA3	3312	3514	4148	3362	2256	1893	2268	2459
ENSG00000221869	CEBPD	268	472	671	355	397	363	142	446
ENSG00000221874	ZNF816-ZNF321P	0	0	2	0	0	0	0	0
ENSG00000221882	OR3A2	1	3	1	1	1	1	4	1
ENSG00000221886	ZBED8	186	303	241	213	262	186	220	179
ENSG00000221888	OR1C1	0	0	0	0	3	0	0	0
ENSG00000221890	NPTXR	313	87	104	82	118	171	93	165
ENSG00000221900	POM121L12	0	0	0	0	0	0	1	0
ENSG00000221909	FAM200A	247	283	271	199	233	148	154	152
ENSG00000221914	PPP2R2A	706	973	1113	751	580	218	347	471
ENSG00000221916	C19orf73	19	23	13	6	13	26	11	21
ENSG00000221923	ZNF880	15	55	55	21	69	66	34	55
ENSG00000221926	TRIM16	1017	1105	1142	1086	782	558	700	686
ENSG00000221932	HEPN1	2	0	0	1	0	0	0	0
ENSG00000221933	OR2A25	2	1	1	2	1	8	1	1
ENSG00000221937	TAS2R40	0	0	1	0	0	0	2	0
ENSG00000221944	TIGD1	292	348	320	250	273	276	243	257
ENSG00000221946	FXYD7	9	5	5	7	5	8	5	7
ENSG00000221947	XKR9	6	9	4	9	8	10	14	4
ENSG00000221954	OR4C12	0	1	0	0	0	0	0	0
ENSG00000221955	SLC12A8	138	81	44	115	34	42	41	85
ENSG00000221963	APOL6	356	404	376	275	207	282	297	182
ENSG00000221968	FADS3	365	645	668	648	299	207	462	219
ENSG00000221970	OR2A1	0	0	0	0	0	0	3	0
ENSG00000221977	OR4E2	0	0	0	0	0	0	0	0
ENSG00000221978	CCNL2	1060	1244	1177	1113	892	947	1116	1070
ENSG00000221983	UBA52	27560	32177	33668	27481	26268	17811	16481	28100
ENSG00000221986	MYBPHL	4	8	3	7	3	1	1	1
ENSG00000221988	PPT2	601	659	737	670	407	352	386	399
ENSG00000221994	ZNF630	0	1	0	0	1	0	0	0
ENSG00000222009	BTBD19	319	433	388	290	312	370	414	267
ENSG00000222011	FAM185A	0	0	19	0	2	3	10	0
ENSG00000222014	RAB6C	5	9	7	10	3	6	8	7
ENSG00000222028	PSMB11	1	0	0	0	0	0	2	0
ENSG00000222036	POTEM	344	513	535	439	376	243	419	166
ENSG00000222038	POTEJ	0	0	0	0	0	0	0	0
ENSG00000222046	DCDC2B	0	0	2	0	0	0	0	0
ENSG00000223417	TRIM49D1	22	13	21	14	7	14	8	4
ENSG00000223443	USP17L2	1	1	4	3	1	0	0	2
ENSG00000223496	EXOSC6	2487	2557	2641	2284	1877	1768	2158	1696
ENSG00000223501	VPS52	528	668	689	440	395	352	411	424
ENSG00000223510	CDRT15	14	14	9	6	9	8	3	5
ENSG00000223547	ZNF844	64	100	93	55	158	144	41	104
ENSG00000223569	USP17L15	2	2	0	0	0	1	0	0
ENSG00000223572	CKMT1A	13	25	35	39	3	0	1	0
ENSG00000223573	TINCR	7	7	4	10	9	8	6	11
ENSG00000223601	EBLN1	0	0	0	0	1	0	0	1
ENSG00000223609	HBD	0	0	0	0	0	0	0	0
ENSG00000223611	SUPT20HL2	54	80	61	49	75	141	117	27
ENSG00000223638	RFPL4A	7	3	5	2	2	0	1	1
ENSG00000223658	C1GALT1C1L	25	27	45	43	29	29	14	41
ENSG00000223802	CERS1	100	390	326	181	326	192	32	321
ENSG00000223865	HLA-DPB1	311	338	341	293	234	241	246	288
ENSG00000223953	C1QTNF5	10	0	0	6	13	30	5	9
ENSG00000224051	CPTP	631	753	881	694	425	383	329	488
ENSG00000224109	CENPVL3	0	0	0	0	0	0	0	0
ENSG00000224383	PRR29	0	24	20	23	11	23	19	18
ENSG00000224389	C4B	40	171	156	103	175	127	0	149
ENSG00000224420	ADM5	130	106	86	77	57	100	50	73
ENSG00000224440	CXorf51A	0	0	0	1	0	0	0	0
ENSG00000224470	ATXN1L	636	692	788	588	605	362	507	393
ENSG00000224531	SMIM13	397	416	386	434	288	277	238	304
ENSG00000224578	HNRNPA1L3	144	126	143	185	136	129	182	95
ENSG00000224659	GAGE12J	0	7	0	0	0	0	0	2
ENSG00000224712	NPIPA3	41	59	39	40	59	53	77	40
ENSG00000224877	NDUFAF8	1054	1042	1208	1053	786	703	830	880
ENSG00000224902	GAGE12H	1	0	0	0	0	0	0	0
ENSG00000224940	PRRT4	1	0	0	0	0	2	0	0
ENSG00000224982	TMEM233	1	22	40	49	2	0	9	0
ENSG00000225180	PVALEF	0	0	0	0	0	0	0	0
ENSG00000225190	PLEKHM1	316	264	268	117	63	105	212	135
ENSG00000225366	TDGF1P3	0	0	1	2	0	1	1	0
ENSG00000225526	MKRN2OS	4	0	2	0	8	4	5	0
ENSG00000225528	NA	0	3	4	0	1	1	4	4
ENSG00000225556	C2CD4D	34	30	28	25	25	41	48	27
ENSG00000225614	ZNF469	406	201	87	115	544	167	290	399
ENSG00000225663	MCRIP1	1492	1570	1866	1477	1558	1050	1148	1458
ENSG00000225697	SLC26A6	340	475	410	244	355	216	460	260
ENSG00000225828	FAM229A	24	41	23	19	29	45	26	18
ENSG00000225830	ERCC6	119	135	169	87	131	3	45	91
ENSG00000225899	FRG2B	3	0	1	0	0	0	0	0
ENSG00000225921	NOL7	1595	2027	1958	1574	1192	845	1043	1215
ENSG00000225950	NTF4	22	6	5	1	3	0	1	1
ENSG00000225968	ELFN1	40	72	53	37	31	21	33	48
ENSG00000225973	PIGBOS1	248	256	294	263	247	158	205	195
ENSG00000226124	FTCDNL1	52	75	43	47	45	34	23	44
ENSG00000226174	TEX22	7	3	5	7	1	5	8	2
ENSG00000226288	OR52I2	0	0	0	0	0	0	0	0
ENSG00000226314	ZKSCAN8P1	1	4	1	4	3	4	2	4
ENSG00000226321	CROCC2	1	1	0	0	0	5	0	9
ENSG00000226372	DCAF8L1	1	0	0	0	0	0	0	0
ENSG00000226430	USP17L7	0	1	1	0	1	1	0	0
ENSG00000226479	TMEM185B	898	1002	910	770	678	507	587	663
ENSG00000226490	NA	0	0	0	0	0	0	0	0
ENSG00000226650	KIF4B	2	8	8	3	2	0	1	1
ENSG00000226685	CT47A12	1	0	0	0	0	0	0	0
ENSG00000226690	NA	0	0	0	0	1	0	0	1
ENSG00000226761	TAS2R46	0	0	0	0	0	2	1	2
ENSG00000226763	SRRM5	11	18	13	12	14	15	12	14
ENSG00000226784	PGAM4	0	1	2	2	1	1	1	0
ENSG00000226792	C13orf42	0	0	2	0	1	0	0	0
ENSG00000226887	ERVMER34-1	6	0	1	4	8	5	3	3
ENSG00000226979	LTA	0	2	0	0	0	0	1	0
ENSG00000227051	C14orf132	148	60	21	41	88	110	64	146
ENSG00000227057	WDR46	1911	2186	2421	1912	1444	952	1081	1394
ENSG00000227124	ZNF717	213	314	264	264	226	168	177	153
ENSG00000227234	SPANXB1	579	650	1049	427	166	2	37	27
ENSG00000227268	KLLN	26	30	42	23	24	17	5	18
ENSG00000227345	PARG	570	637	647	488	422	321	354	348
ENSG00000227471	AKR1B15	0	0	0	2	3	0	0	0
ENSG00000227500	SCAMP4	785	852	1052	737	620	594	460	622
ENSG00000227507	LTB	8	27	0	3	14	0	26	0
ENSG00000227717	GOLGA6L25P	0	0	0	0	0	0	0	0
ENSG00000227868	TEX46	0	0	0	2	0	0	0	0
ENSG00000227877	MRLN	0	0	0	1	0	0	0	0
ENSG00000228049	POLR2J2	108	67	44	64	42	56	97	40
ENSG00000228198	OR2M3	22	35	11	19	29	49	48	10
ENSG00000228253	MT-ATP8	11955	10457	9303	8344	9694	15075	13845	8369
ENSG00000228278	ORM2	0	0	0	0	0	0	0	0
ENSG00000228300	FAM174C	805	812	889	817	647	554	563	787
ENSG00000228474	OST4	2182	2391	2136	2209	1760	1696	1549	2054
ENSG00000228486	C2orf92	0	7	0	0	0	0	0	0
ENSG00000228517	CT47A7	0	0	0	0	0	1	0	0
ENSG00000228570	NUTM2E	27	24	18	18	14	7	7	9
ENSG00000228594	FNDC10	146	104	87	99	217	229	57	362
ENSG00000228672	PROB1	59	109	78	80	56	53	65	63
ENSG00000228696	ARL17B	4	14	12	24	16	10	12	4
ENSG00000228716	DHFR	2003	2396	2785	2431	2088	1332	1534	1345
ENSG00000228727	SAPCD1	44	17	16	16	10	0	68	0
ENSG00000228789	HCG22	0	0	0	0	0	0	0	0
ENSG00000228836	CT45A5	1387	1615	1751	1284	1309	788	1025	1192
ENSG00000229117	RPL41	32836	46646	39526	37868	33073	29740	34922	39552
ENSG00000229183	PGA4	0	0	0	0	0	0	0	0
ENSG00000229292	RFPL4AL1	0	1	6	1	0	0	2	1
ENSG00000229314	ORM1	0	0	0	0	0	0	0	0
ENSG00000229474	PATL2	11	16	8	10	7	2	7	11
ENSG00000229544	NKX1-2	0	0	0	0	2	0	0	0
ENSG00000229571	PRAMEF25	0	0	3	0	0	0	0	0
ENSG00000229637	PRAC2	4	7	7	6	12	7	2	6
ENSG00000229674	H2AL3	0	0	0	0	0	2	0	0
ENSG00000229676	ZNF492	138	161	214	140	99	54	74	60
ENSG00000229809	ZNF688	181	197	191	204	178	161	203	221
ENSG00000229833	PET100	521	558	560	646	501	563	491	577
ENSG00000229859	PGA3	12	0	0	0	0	3	1	0
ENSG00000229894	GK3P	2	2	2	2	1	0	7	4
ENSG00000229924	FAM90A26	1	0	0	0	0	0	0	0
ENSG00000229937	PRPS1L1	1	1	0	1	0	0	0	0
ENSG00000229972	IQCF3	0	0	0	0	0	0	0	0
ENSG00000230062	ANKRD66	1	0	0	0	0	0	0	1
ENSG00000230124	ACBD6	1334	1559	1462	1297	1214	861	1050	1130
ENSG00000230178	OR4F3	0	0	0	0	0	0	0	1
ENSG00000230268	SSU72P8	0	2	0	0	0	0	0	0
ENSG00000230358	SPDYE21	0	0	0	2	8	0	4	5
ENSG00000230453	ANKRD18B	405	444	331	406	305	243	506	167
ENSG00000230522	MBD3L2	0	0	0	0	1	0	0	0
ENSG00000230549	USP17L1	0	0	1	0	0	0	0	0
ENSG00000230561	CCDC192	0	0	0	0	1	0	0	0
ENSG00000230601	TEX48	0	0	0	0	0	1	1	1
ENSG00000230667	SETSIP	2	0	1	3	3	2	0	0
ENSG00000230707	NA	8	7	7	1	0	2	8	5
ENSG00000230778	ANKRD63	17	27	19	16	20	12	6	46
ENSG00000230797	YY2	99	100	116	90	100	58	104	62
ENSG00000230873	STMND1	1	0	0	1	2	0	0	0
ENSG00000230989	HSBP1	869	1003	1037	933	783	589	754	894
ENSG00000231192	OR5H1	0	3	0	0	1	0	2	0
ENSG00000231213	PLSCR5	0	1	0	0	0	0	0	0
ENSG00000231256	CFAP97D1	12	15	13	7	13	16	10	14
ENSG00000231274	SBK3	0	1	0	0	0	0	3	0
ENSG00000231389	HLA-DPA1	486	406	385	379	378	425	222	490
ENSG00000231500	RPS18	21926	36873	30248	30194	33930	21607	26705	31445
ENSG00000231738	TSPAN19	9	18	22	11	9	8	7	7
ENSG00000231852	CYP21A2	9	0	5	8	1	11	0	2
ENSG00000231861	OR5K2	0	0	0	1	0	0	0	0
ENSG00000231887	PRH1	6	4	2	2	1	1	1	1
ENSG00000231925	TAPBP	1374	1353	1515	992	1010	568	837	824
ENSG00000231989	PPP1R2B	0	0	0	0	3	0	0	0
ENSG00000232030	MAGEB6B	1	0	0	0	0	0	0	0
ENSG00000232040	ZBED9	95	111	125	87	86	81	35	66
ENSG00000232070	TMEM253	10	7	5	10	3	14	10	0
ENSG00000232112	TMA7	3224	3760	3649	3818	2803	2531	2614	3143
ENSG00000232119	MCTS1	1118	1347	1297	1172	945	711	775	821
ENSG00000232237	ASCL5	10	19	6	2	8	8	6	8
ENSG00000232268	OR52I1	0	0	0	0	0	1	0	0
ENSG00000232382	OR5K1	0	1	0	0	0	0	0	0
ENSG00000232388	SMIM26	787	1019	810	760	630	672	646	775
ENSG00000232423	PRAMEF6	0	0	1	0	0	0	0	0
ENSG00000232434	AJM1	478	512	559	399	402	494	289	437
ENSG00000232593	KANTR	4	6	3	3	11	3	6	0
ENSG00000232629	HLA-DQB2	1	2	0	1	4	4	0	3
ENSG00000232653	GOLGA8N	13	26	10	21	18	26	18	9
ENSG00000232810	TNF	0	1	0	2	3	4	3	6
ENSG00000232838	PET117	184	207	230	171	168	105	217	154
ENSG00000232859	LYRM9	72	110	117	81	63	56	41	61
ENSG00000233024	NPIPA9	262	338	273	220	18	272	316	203
ENSG00000233041	PHGR1	0	0	0	0	0	0	0	0
ENSG00000233056	ERVH48-1	0	1	1	3	4	0	4	3
ENSG00000233087	RAB6D	4	8	4	4	2	3	1	0
ENSG00000233115	FAM90A11P	0	3	0	0	0	0	0	0
ENSG00000233198	RNF224	15	16	12	5	10	12	7	3
ENSG00000233232	NPIPB7	93	131	66	81	130	81	207	57
ENSG00000233276	GPX1	10307	11275	12470	11031	7753	5783	7099	9757
ENSG00000233295	FAM90A20P	0	0	0	1	0	0	0	0
ENSG00000233381	AK4P3	16	31	24	20	16	11	3	13
ENSG00000233436	BTBD18	6	5	1	5	3	5	4	3
ENSG00000233493	TMEM238	30	27	37	28	45	29	14	35
ENSG00000233608	TWIST2	390	405	347	411	269	181	364	229
ENSG00000233701	PRR23C	2	3	1	0	0	4	0	0
ENSG00000233757	NA	129	109	124	93	96	47	73	76
ENSG00000233822	H2BC15	52	73	100	72	54	30	62	45
ENSG00000233917	POTEB	0	0	0	0	0	0	0	0
ENSG00000233927	RPS28	6625	9962	9519	7838	7149	4315	4784	7818
ENSG00000233932	CTXN2	1	0	2	1	0	0	0	0
ENSG00000233954	UQCRHL	3	10	11	12	7	0	3	1
ENSG00000234068	PAGE2	889	914	924	805	799	881	723	1036
ENSG00000234127	TRIM26	583	564	613	458	349	305	304	350
ENSG00000234224	TMEM229A	0	0	1	1	0	1	0	0
ENSG00000234284	ZNF879	25	33	31	13	30	29	8	30
ENSG00000234289	H2BC12L	0	0	3	0	0	0	0	0
ENSG00000234409	CCDC188	41	55	46	33	36	34	32	45
ENSG00000234438	KBTBD13	1	0	1	0	0	1	0	0
ENSG00000234444	ZNF736	256	302	273	214	203	262	215	220
ENSG00000234465	PINLYP	23	9	16	7	22	40	29	19
ENSG00000234469	CLDN34	1	0	0	0	1	1	1	2
ENSG00000234511	C5orf58	13	7	2	0	14	10	0	45
ENSG00000234545	FAM133B	517	559	636	503	457	629	450	438
ENSG00000234602	MCIDAS	128	142	148	101	98	61	91	90
ENSG00000234616	JRK	582	631	737	576	510	330	491	350
ENSG00000234719	NPIPB2	116	130	110	104	99	91	232	62
ENSG00000234745	HLA-B	2784	3697	2881	3340	3229	5223	3634	4378
ENSG00000234776	C11orf94	0	0	0	0	0	0	0	0
ENSG00000234828	IQCM	0	4	4	5	0	0	3	0
ENSG00000234906	APOC2	0	3	0	0	2	2	1	1
ENSG00000234965	SHISA8	0	0	1	0	0	0	0	0
ENSG00000235007	NA	0	0	0	0	0	7	0	0
ENSG00000235034	C19orf81	1	12	8	4	5	14	10	4
ENSG00000235098	ANKRD65	10	19	4	0	3	19	6	5
ENSG00000235106	BRD3OS	635	796	824	601	522	496	387	721
ENSG00000235109	ZSCAN31	42	62	47	29	37	13	12	27
ENSG00000235118	FAM237A	0	0	0	0	0	0	0	0
ENSG00000235162	C12orf75	1909	2008	2142	1840	1007	774	1662	1052
ENSG00000235169	SMIM1	5	5	5	7	3	7	6	4
ENSG00000235173	HGH1	765	770	931	635	424	326	296	472
ENSG00000235194	PPP1R3E	93	132	129	126	139	82	148	92
ENSG00000235268	KDM4E	2	1	0	0	0	0	0	0
ENSG00000235272	RAMACL	16	12	9	17	8	21	9	8
ENSG00000235376	RPEL1	4	4	2	6	5	1	2	2
ENSG00000235387	SPAAR	11	13	7	17	1	5	5	4
ENSG00000235453	SMIM27	126	125	102	118	110	89	102	98
ENSG00000235568	NFAM1	1	6	2	4	2	3	2	0
ENSG00000235631	RNF148	7	7	6	3	4	1	2	2
ENSG00000235711	ANKRD34C	1	1	0	0	0	0	0	0
ENSG00000235718	MFRP	0	0	0	0	0	0	0	0
ENSG00000235750	KIAA0040	941	539	216	241	1019	2037	651	3123
ENSG00000235863	B3GALT4	67	61	85	70	50	34	61	57
ENSG00000235961	PNMA6A	4	4	13	5	14	2	11	6
ENSG00000236027	PATE3	0	0	0	0	0	0	1	0
ENSG00000236032	OR5H14	38	13	10	5	3	5	8	1
ENSG00000236104	ZBTB22	395	549	545	459	385	337	367	443
ENSG00000236279	CLEC2L	2	0	0	0	0	0	0	0
ENSG00000236287	ZBED5	514	564	535	470	443	466	454	463
ENSG00000236320	SLFN14	18	28	32	19	27	32	33	13
ENSG00000236334	PPIAL4G	0	3	0	1	0	4	0	0
ENSG00000236362	GAGE12F	88	70	15	22	115	179	106	428
ENSG00000236383	CCDC200	9	25	13	12	19	46	55	10
ENSG00000236398	TAS2R39	0	0	0	0	0	0	0	0
ENSG00000236444	UBE2L5	0	2	1	0	0	2	0	1
ENSG00000236543	NA	0	0	0	0	0	0	0	0
ENSG00000236609	ZNF853	466	632	650	292	160	96	62	176
ENSG00000236699	ARHGEF38	0	0	0	0	0	1	0	0
ENSG00000236761	CTAGE9	0	0	2	0	0	0	1	0
ENSG00000236782	ZNF593OS	18	30	13	12	12	7	8	6
ENSG00000237136	C4orf51	0	0	0	0	0	0	0	1
ENSG00000237172	B3GNT9	23	37	40	27	27	20	24	17
ENSG00000237190	CDKN2AIPNL	1129	1339	1449	1191	920	640	736	911
ENSG00000237289	CKMT1B	9	6	4	23	2	1	0	0
ENSG00000237330	RNF223	1	0	3	2	1	0	1	0
ENSG00000237353	PATE4	0	1	2	0	1	1	2	0
ENSG00000237378	NA	2	0	0	0	0	3	1	1
ENSG00000237412	PRSS56	2	0	0	0	10	9	3	6
ENSG00000237440	ZNF737	97	101	95	81	107	83	51	88
ENSG00000237441	RGL2	1039	1351	1535	986	763	674	727	541
ENSG00000237452	MEIOSIN	0	0	2	3	0	4	1	0
ENSG00000237489	C10orf143	12	20	18	10	18	20	4	22
ENSG00000237515	SHISA9	128	174	113	120	112	134	159	71
ENSG00000237521	OR7E24	0	0	0	1	0	0	0	0
ENSG00000237541	HLA-DQA2	6	4	1	3	7	7	7	14
ENSG00000237649	KIFC1	793	923	958	809	719	455	558	624
ENSG00000237651	C2orf74	266	291	270	293	170	119	130	174
ENSG00000237671	GAGE12C	0	0	2	0	0	0	0	135
ENSG00000237693	IRGM	2	4	9	3	2	1	0	0
ENSG00000237765	FAM200B	437	450	443	436	310	233	289	256
ENSG00000238083	LRRC37A2	6	14	9	14	0	2	9	0
ENSG00000238205	MPC1L	0	0	0	0	1	0	0	0
ENSG00000238210	ETDA	0	0	0	0	0	0	0	0
ENSG00000238227	TMEM250	1263	1328	1599	1114	1047	916	851	1358
ENSG00000238243	OR2W3	40	49	39	38	23	12	30	25
ENSG00000238269	PAGE2B	0	1	0	1	0	2	0	0
ENSG00000239264	TXNDC5	3599	3575	4109	3288	2617	1808	2085	2882
ENSG00000239282	CASTOR1	55	56	58	31	21	43	10	45
ENSG00000239305	RNF103	327	376	390	313	316	308	266	283
ENSG00000239306	RBM14	1650	1748	2179	1719	1057	1024	1166	1152
ENSG00000239382	ALKBH6	231	252	206	213	198	211	144	220
ENSG00000239388	ASB14	6	15	10	9	17	10	19	12
ENSG00000239389	PCDHA13	15	12	32	13	10	14	8	11
ENSG00000239395	NA	0	0	0	0	1	0	0	0
ENSG00000239474	KLHL41	2	1	3	0	1	2	1	0
ENSG00000239590	OR1J4	0	0	0	0	0	0	0	1
ENSG00000239605	STPG4	0	2	0	0	1	0	0	0
ENSG00000239620	PRR20G	0	0	6	0	0	0	2	0
ENSG00000239672	NME1	5239	6063	6708	6061	4315	3869	3852	5672
ENSG00000239697	TNFSF12	86	73	69	55	135	150	53	161
ENSG00000239704	CDRT4	43	0	18	26	49	100	34	21
ENSG00000239713	APOBEC3G	797	506	447	436	715	1273	336	1071
ENSG00000239732	TLR9	5	3	0	9	0	0	7	5
ENSG00000239779	WBP1	2451	2773	2589	2298	1801	2038	1476	2108
ENSG00000239789	MRPS17	478	606	596	501	368	301	375	362
ENSG00000239810	PRAMEF11	0	1	1	2	1	0	0	0
ENSG00000239839	DEFA3	0	0	0	0	0	0	0	0
ENSG00000239857	GET4	1140	1255	1414	1294	856	744	877	853
ENSG00000239887	C1orf226	272	340	262	224	228	211	207	290
ENSG00000239900	ADSL	2254	2505	2635	2260	1553	871	1172	1423
ENSG00000239998	LILRA2	3	3	2	0	1	8	1	3
ENSG00000240021	TEX35	0	0	0	0	0	0	0	0
ENSG00000240038	AMY2B	10	16	8	20	26	28	19	4
ENSG00000240045	STRIT1	0	0	0	0	0	0	0	0
ENSG00000240053	LY6G5B	145	103	126	90	66	63	94	61
ENSG00000240065	PSMB9	622	657	669	620	472	418	567	459
ENSG00000240184	PCDHGC3	2752	2336	2212	1933	2297	2837	2007	2269
ENSG00000240204	SMKR1	127	133	137	100	79	64	39	86
ENSG00000240230	COX19	216	265	246	187	240	197	237	203
ENSG00000240247	DEFA1B	0	0	0	0	0	0	0	0
ENSG00000240303	ACAD11	331	326	310	268	274	162	193	253
ENSG00000240344	PPIL3	202	299	295	231	224	148	158	197
ENSG00000240386	LCE1F	4	15	2	13	11	7	1	369
ENSG00000240403	KIR3DL2	0	0	1	0	0	0	0	0
ENSG00000240445	FOXO3B	249	287	279	201	233	124	165	169
ENSG00000240563	L1TD1	25	33	20	29	31	53	45	11
ENSG00000240583	AQP1	483	189	215	224	215	253	75	566
ENSG00000240654	C1QTNF9	0	1	0	2	0	0	1	3
ENSG00000240682	ISY1	1364	1581	1641	1340	992	770	952	930
ENSG00000240694	PNMA2	62	120	116	117	97	32	22	27
ENSG00000240720	LRRD1	8	8	3	2	8	10	8	8
ENSG00000240747	KRBOX1	0	0	0	0	0	0	0	0
ENSG00000240764	PCDHGC5	9	29	11	1	20	13	13	22
ENSG00000240771	ARHGEF25	693	747	748	608	418	502	471	447
ENSG00000240849	PEDS1	720	706	527	576	563	716	619	693
ENSG00000240857	RDH14	515	556	535	505	386	356	344	413
ENSG00000240891	PLCXD2	207	179	282	208	282	70	216	82
ENSG00000240972	MIF	9386	14569	14563	13573	10667	6752	8671	12324
ENSG00000241058	NSUN6	210	256	254	212	140	139	141	167
ENSG00000241106	HLA-DOB	0	0	1	3	0	0	1	1
ENSG00000241127	YAE1	293	305	233	256	199	174	178	216
ENSG00000241128	OR14A2	0	1	1	0	0	0	1	2
ENSG00000241149	ZNF722	3	8	4	8	16	5	4	2
ENSG00000241186	TDGF1	0	0	0	0	0	2	1	0
ENSG00000241233	KRTAP5-8	1	0	0	0	0	0	0	0
ENSG00000241241	KRTAP4-16	0	0	0	0	0	0	0	0
ENSG00000241258	CRCP	1112	1167	1538	951	884	559	826	725
ENSG00000241322	FBXW10B	62	66	63	61	42	36	27	40
ENSG00000241343	RPL36A	11830	17511	14649	13213	13848	10185	11053	14596
ENSG00000241360	PDXP	758	859	947	795	674	440	549	657
ENSG00000241370	RPP21	364	494	450	442	328	256	309	354
ENSG00000241399	CD302	65	110	97	77	96	86	46	124
ENSG00000241404	EGFL8	15	30	20	3	14	26	0	13
ENSG00000241468	ATP5MF	2575	2643	2901	2527	1988	1816	1747	2509
ENSG00000241476	SSX2	0	3	0	0	20	2	0	7
ENSG00000241484	ARHGAP8	0	0	0	2	0	0	0	0
ENSG00000241489	NA	172	116	176	93	184	135	153	121
ENSG00000241553	ARPC4	4855	5439	5443	5108	3941	2968	3387	4074
ENSG00000241563	CORT	22	23	12	3	9	20	17	13
ENSG00000241635	UGT1A1	0	0	0	0	0	0	0	3
ENSG00000241644	INMT	36	31	35	50	22	56	37	25
ENSG00000241685	ARPC1A	3341	3598	3706	3575	2469	1816	2302	2722
ENSG00000241690	NA	0	0	0	6	0	0	0	0
ENSG00000241697	TMEFF1	2	25	7	12	12	5	5	16
ENSG00000241837	ATP5PO	1874	1989	2135	1812	1390	1098	1147	1414
ENSG00000241839	PLEKHO2	610	695	838	680	493	439	431	446
ENSG00000241852	C8orf58	403	1131	973	864	610	168	485	328
ENSG00000241878	PISD	656	654	788	568	393	348	367	415
ENSG00000241935	HOGA1	36	53	54	37	30	80	37	74
ENSG00000241945	PWP2	937	819	1051	643	506	501	406	448
ENSG00000241973	PI4KA	682	710	1036	521	571	312	465	369
ENSG00000242028	HYPK	2545	2484	2350	2392	1632	2080	1722	2336
ENSG00000242110	AMACR	518	465	304	245	414	758	185	1785
ENSG00000242114	MTFP1	559	938	969	832	652	269	463	568
ENSG00000242120	MDFIC2	1	0	2	0	0	0	2	0
ENSG00000242173	ARHGDIG	2	4	2	3	7	7	0	3
ENSG00000242220	TCP10L	0	9	10	8	6	5	0	3
ENSG00000242247	ARFGAP3	619	866	714	714	713	519	650	480
ENSG00000242252	BGLAP	130	127	91	87	54	92	76	27
ENSG00000242259	C22orf39	226	258	265	238	188	168	184	187
ENSG00000242265	PEG10	29	57	58	50	22	8	12	25
ENSG00000242366	UGT1A8	0	0	0	0	0	0	0	0
ENSG00000242372	EIF6	6902	7433	8088	7129	4740	3925	4073	6028
ENSG00000242419	PCDHGC4	9	4	5	7	4	5	11	9
ENSG00000242441	GTF2A1L	0	0	0	0	1	0	0	0
ENSG00000242485	MRPL20	2777	2817	3229	2829	1942	1603	1839	2343
ENSG00000242498	ARPIN	810	882	982	763	638	490	590	522
ENSG00000242515	UGT1A10	1	1	0	0	0	0	0	0
ENSG00000242550	SERPINB10	0	0	0	0	0	0	0	0
ENSG00000242574	HLA-DMB	7	3	0	2	6	11	0	13
ENSG00000242612	DECR2	476	612	718	542	279	209	269	383
ENSG00000242616	GNG10	1169	1459	1518	1303	1188	886	1031	1174
ENSG00000242689	CNTF	51	44	49	29	22	9	15	22
ENSG00000242715	CCDC169	20	21	28	21	18	1	6	6
ENSG00000242732	RTL5	6	36	24	41	32	35	16	13
ENSG00000242802	AP5Z1	351	390	419	259	235	293	298	258
ENSG00000242852	ZNF709	77	65	73	56	96	58	47	52
ENSG00000242866	STRC	0	3	7	3	0	0	2	3
ENSG00000242950	ERVW-1	12	24	9	15	13	1	14	18
ENSG00000243056	EIF4EBP3	76	69	57	55	75	47	34	64
ENSG00000243073	PRAMEF4	1	2	0	0	0	0	0	0
ENSG00000243147	MRPL33	928	1109	1126	965	755	425	668	758
ENSG00000243156	MICAL3	812	963	1149	768	772	431	597	405
ENSG00000243207	PPAN-P2RY11	201	292	258	177	207	87	197	159
ENSG00000243232	PCDHAC2	106	49	105	77	69	34	37	63
ENSG00000243244	STON1	144	136	88	71	114	65	52	85
ENSG00000243279	PRAF2	1985	2529	2541	1852	1359	1611	953	1710
ENSG00000243284	VSIG8	26	7	15	14	4	21	9	59
ENSG00000243317	STMP1	1524	1301	1366	1240	1096	1022	1032	1354
ENSG00000243335	KCTD7	209	309	326	225	320	150	251	184
ENSG00000243364	EFNA4	139	170	175	126	134	145	112	129
ENSG00000243414	TICAM2	125	126	95	81	71	48	77	83
ENSG00000243449	C4orf48	486	481	439	492	383	704	385	698
ENSG00000243477	NAA80	337	416	534	483	367	226	325	373
ENSG00000243509	TNFRSF6B	0	11	0	22	11	48	0	17
ENSG00000243566	UPK3B	32	66	101	55	18	9	9	10
ENSG00000243627	SMIM34	1	2	1	0	0	1	1	0
ENSG00000243646	IL10RB	391	428	353	327	363	289	255	311
ENSG00000243649	CFB	91	251	157	146	40	58	53	51
ENSG00000243660	ZNF487	15	19	26	13	12	14	18	12
ENSG00000243667	DNAAF10	304	315	370	283	224	177	160	160
ENSG00000243678	NME2	11556	13768	14545	12727	10622	7253	9034	11234
ENSG00000243708	PLA2G4B	60	75	44	39	21	83	50	0
ENSG00000243709	LEFTY1	92	43	28	60	28	18	10	7
ENSG00000243710	CFAP57	8	17	34	16	16	4	4	5
ENSG00000243716	NPIPB5	943	661	378	667	489	1059	2040	664
ENSG00000243725	TTC4	544	582	598	540	449	375	435	407
ENSG00000243749	TMEM35B	267	323	283	266	228	208	203	220
ENSG00000243789	JMJD7	88	126	129	106	84	89	66	98
ENSG00000243811	APOBEC3D	260	237	218	188	156	222	127	152
ENSG00000243896	OR2A7	1	0	0	0	2	0	0	0
ENSG00000243910	TUBA4B	0	0	1	0	0	0	0	0
ENSG00000243927	MRPS6	970	1106	911	903	909	1037	586	1122
ENSG00000243943	ZNF512	310	428	394	300	233	181	190	190
ENSG00000243978	RTL9	11	5	5	0	0	3	3	5
ENSG00000243989	ACY1	1486	1749	1974	1327	1004	503	585	1002
ENSG00000244005	NFS1	1254	1267	1393	1006	605	435	404	610
ENSG00000244038	DDOST	7401	9120	10172	8154	6636	4411	4639	6191
ENSG00000244045	TMEM199	698	728	758	629	514	481	474	520
ENSG00000244094	SPRR2F	0	0	1	0	0	0	0	0
ENSG00000244115	DNAJC25-GNG10	113	199	202	169	126	109	154	165
ENSG00000244122	UGT1A7	0	0	0	0	0	0	0	0
ENSG00000244165	P2RY11	361	463	282	221	267	371	268	329
ENSG00000244187	TMEM141	420	415	570	455	483	382	321	574
ENSG00000244219	TMEM225B	6	5	19	12	6	5	3	7
ENSG00000244234	GMCL2	0	1	0	0	1	0	1	0
ENSG00000244242	IFITM10	3	4	0	0	4	0	3	6
ENSG00000244255	NA	0	2	0	0	0	0	4	0
ENSG00000244274	DBNDD2	189	294	348	234	279	145	231	267
ENSG00000244355	LY6G6D	0	0	0	0	0	1	0	0
ENSG00000244405	ETV5	1387	1405	1311	1238	871	852	822	1024
ENSG00000244414	CFHR1	20	10	7	15	9	9	13	13
ENSG00000244462	RBM12	1873	2210	2761	1836	1553	1249	1459	1526
ENSG00000244476	ERVFRD-1	0	0	0	0	1	0	1	0
ENSG00000244482	LILRA6	3	0	0	0	2	0	0	0
ENSG00000244486	SCARF2	440	549	595	560	343	167	304	201
ENSG00000244509	APOBEC3C	1779	1419	1555	1438	1480	1709	970	1471
ENSG00000244537	KRTAP4-2	0	0	0	0	0	0	0	0
ENSG00000244588	RAD21L1	0	0	1	0	0	0	7	0
ENSG00000244617	ASPRV1	12	26	18	15	7	20	0	15
ENSG00000244623	OR2AE1	0	0	0	0	0	0	0	0
ENSG00000244687	UBE2V1	4971	5675	5553	5069	3450	3139	3290	3862
ENSG00000244694	PTCHD4	280	317	385	243	198	183	248	156
ENSG00000244731	C4A	193	216	244	73	209	252	28	118
ENSG00000244752	CRYBB2	1	3	5	1	2	0	0	0
ENSG00000244754	N4BP2L2	400	448	495	440	398	525	352	461
ENSG00000245680	ZNF585B	259	216	205	156	118	147	61	137
ENSG00000245848	CEBPA	118	77	87	83	86	46	54	62
ENSG00000246705	H2AJ	287	322	324	264	273	287	294	373
ENSG00000246922	UBAP1L	7	5	7	4	7	10	4	1
ENSG00000247077	PGAM5	2916	2929	3638	2774	1667	1242	1773	1725
ENSG00000247315	ZCCHC3	1339	1533	1425	1231	876	879	742	1097
ENSG00000247595	SPTY2D1OS	4	4	2	2	0	0	3	0
ENSG00000247596	TWF2	2882	3040	3439	3187	2013	1947	2172	2612
ENSG00000247626	MARS2	332	329	427	253	276	153	207	236
ENSG00000247746	USP51	3	5	1	3	3	1	3	4
ENSG00000248098	BCKDHA	1459	2434	2643	1684	1472	770	687	1427
ENSG00000248099	INSL3	2	0	0	0	0	0	0	1
ENSG00000248144	ADH1C	1	3	0	1	0	0	0	0
ENSG00000248167	TRIM39-RPP21	4	0	2	2	0	0	0	2
ENSG00000248235	NA	6	6	8	9	5	0	1	5
ENSG00000248333	CDK11B	1562	1804	1899	1681	1285	1432	1257	1277
ENSG00000248383	PCDHAC1	21	18	14	15	16	14	12	24
ENSG00000248405	PRR5-ARHGAP8	0	0	0	0	1	0	0	0
ENSG00000248483	POU5F2	4	10	5	7	6	12	14	4
ENSG00000248485	PCP4L1	1	1	1	0	0	0	0	0
ENSG00000248487	ABHD14A	440	446	435	380	313	249	247	430
ENSG00000248592	STIMATE-MUSTN1	72	65	94	139	94	40	68	75
ENSG00000248643	RBM14-RBM4	35	41	28	40	36	44	45	31
ENSG00000248672	LY75-CD302	0	0	0	0	0	0	0	1
ENSG00000248712	CCDC153	13	20	21	14	19	27	11	20
ENSG00000248713	C4orf54	0	0	0	0	0	0	0	0
ENSG00000248746	ACTN3	3	1	1	10	1	1	1	0
ENSG00000248751	NA	0	0	0	0	5	0	0	0
ENSG00000248771	SMIM31	4	2	1	5	6	3	4	0
ENSG00000248871	TNFSF12-TNFSF13	0	0	0	0	2	0	0	0
ENSG00000248905	FMN1	711	728	709	647	563	585	559	563
ENSG00000248919	ATP5MF-PTCD1	129	127	248	93	83	46	21	102
ENSG00000248993	NA	1	1	1	0	6	1	1	3
ENSG00000249104	USP17L17	0	0	0	0	0	0	0	0
ENSG00000249115	HAUS5	437	441	591	509	275	300	291	419
ENSG00000249139	EPPIN-WFDC6	0	0	0	0	1	0	0	2
ENSG00000249141	NA	0	0	0	0	0	2	0	0
ENSG00000249156	TAF11L12	1	2	3	1	1	0	0	0
ENSG00000249158	PCDHA11	49	32	33	19	23	30	27	24
ENSG00000249209	NA	19	20	6	2	8	0	2	2
ENSG00000249222	ATP5MGL	0	0	0	1	1	1	2	0
ENSG00000249240	NA	13	27	16	6	21	0	0	8
ENSG00000249242	TMEM150C	7	9	3	2	25	23	0	9
ENSG00000249319	NA	8	2	5	2	6	2	4	0
ENSG00000249437	NAIP	27	20	2	38	5	39	38	19
ENSG00000249467	H2AL1Q	0	0	0	0	0	2	0	0
ENSG00000249471	ZNF324B	183	158	193	131	165	120	76	165
ENSG00000249481	SPATS1	4	0	1	0	0	1	1	1
ENSG00000249581	CLRN2	0	0	0	0	0	0	0	0
ENSG00000249624	NA	0	0	0	0	0	0	0	0
ENSG00000249693	THEGL	11	13	10	6	7	6	3	10
ENSG00000249709	ZNF564	112	109	111	83	113	126	80	94
ENSG00000249715	FER1L5	0	0	0	0	4	0	1	0
ENSG00000249751	ECSCR	104	111	141	160	74	116	80	191
ENSG00000249773	NA	20	15	18	10	22	13	17	18
ENSG00000249853	HS3ST5	0	1	4	3	2	0	7	0
ENSG00000249884	RNF103-CHMP3	5	0	8	8	13	2	11	0
ENSG00000249915	PDCD6	1812	1966	1808	1711	1240	1549	934	2131
ENSG00000249931	GOLGA8K	0	0	1	0	5	6	0	0
ENSG00000249961	TERB1	2	6	8	5	8	8	3	4
ENSG00000249967	NA	0	0	0	0	0	0	0	0
ENSG00000249992	TMEM158	5765	8100	7048	7152	4444	4006	11891	6506
ENSG00000250021	ARPIN-AP3S2	424	419	546	426	293	180	214	307
ENSG00000250067	YJEFN3	1	11	4	5	6	4	14	0
ENSG00000250120	PCDHA10	145	135	85	82	132	121	61	136
ENSG00000250151	ARPC4-TTLL3	41	20	32	22	21	10	8	22
ENSG00000250254	PTTG2	0	0	0	0	1	0	0	1
ENSG00000250264	NA	154	101	195	125	181	20	46	89
ENSG00000250305	TRMT9B	0	0	0	0	1	14	0	0
ENSG00000250312	ZNF718	32	48	57	51	42	38	42	34
ENSG00000250317	SMIM20	742	688	684	607	544	444	435	604
ENSG00000250349	NA	3	7	5	12	5	3	4	7
ENSG00000250366	TUNAR	0	0	2	0	0	0	0	0
ENSG00000250374	TRIM75	0	1	0	0	0	1	0	0
ENSG00000250423	KIAA1210	2	0	0	0	0	0	3	0
ENSG00000250424	NA	2	0	0	0	3	0	0	0
ENSG00000250479	CHCHD10	388	651	611	526	227	243	199	357
ENSG00000250506	CDK3	97	92	74	65	92	110	131	105
ENSG00000250510	GPR162	156	211	190	146	83	184	60	160
ENSG00000250565	ATP6V1E2	60	70	62	62	43	37	36	39
ENSG00000250571	GLI4	371	495	572	377	219	342	239	328
ENSG00000250641	LY6G6F-LY6G6D	0	0	0	0	0	0	0	1
ENSG00000250644	NA	174	179	198	145	184	141	82	189
ENSG00000250673	REELD1	0	0	3	2	1	5	4	3
ENSG00000250709	CCDC169-SOHLH2	0	2	8	3	2	0	0	0
ENSG00000250722	SELENOP	0	0	0	0	11	21	0	0
ENSG00000250741	NT5C1B-RDH14	0	0	2	0	0	0	0	0
ENSG00000250782	TAF11L14	0	1	3	0	1	0	0	0
ENSG00000250803	NA	0	0	0	0	0	0	0	0
ENSG00000250821	EXOC1L	0	0	2	0	0	0	0	0
ENSG00000250844	USP17L18	0	0	0	0	0	0	0	0
ENSG00000251154	PTTG1IP2	0	0	0	0	0	1	0	0
ENSG00000251184	NA	0	0	0	1	0	0	0	0
ENSG00000251192	ZNF674	105	100	95	63	84	63	60	84
ENSG00000251201	TMED7-TICAM2	104	156	146	149	127	88	108	87
ENSG00000251246	NA	0	4	19	5	0	1	0	0
ENSG00000251247	ZNF345	29	36	26	21	37	42	25	37
ENSG00000251258	RFPL4B	1	0	2	0	1	4	1	0
ENSG00000251287	ALG1L2	3	8	13	3	9	6	4	10
ENSG00000251322	SHANK3	32	27	34	24	26	16	14	22
ENSG00000251349	MSANTD3-TMEFF1	57	141	120	73	86	82	121	57
ENSG00000251357	NA	1	2	3	4	0	1	0	5
ENSG00000251369	ZNF550	49	108	80	44	102	51	61	39
ENSG00000251380	DCANP1	0	0	1	0	0	0	0	0
ENSG00000251493	FOXD1	2580	3475	4298	3187	2152	884	3191	1347
ENSG00000251503	CENPS-CORT	34	48	59	52	42	29	21	31
ENSG00000251537	NA	17	25	9	7	11	3	7	10
ENSG00000251569	NA	0	4	5	11	0	0	0	1
ENSG00000251655	PRB1	0	0	0	1	0	0	0	0
ENSG00000251664	PCDHA12	43	70	0	40	23	18	0	27
ENSG00000251692	PTX4	0	0	0	0	0	0	0	0
ENSG00000253117	OC90	0	0	0	0	0	0	0	0
ENSG00000253148	RGS21	0	0	0	0	0	0	0	0
ENSG00000253159	PCDHGA12	5	8	13	5	16	10	6	36
ENSG00000253250	C8orf88	206	319	277	321	202	72	204	185
ENSG00000253251	SHLD3	113	103	107	87	80	62	59	71
ENSG00000253276	CCDC71L	977	783	904	732	600	565	588	735
ENSG00000253293	HOXA10	574	504	453	392	376	486	361	564
ENSG00000253304	TMEM200B	173	186	181	207	156	119	255	162
ENSG00000253305	PCDHGB6	13	11	9	6	10	32	18	5
ENSG00000253309	SERPINE3	2	4	1	2	1	0	2	0
ENSG00000253313	C1orf210	1	3	5	1	5	4	4	2
ENSG00000253352	TUG1	775	683	748	555	640	581	439	519
ENSG00000253368	TRNP1	1630	2816	2891	1982	1201	981	1217	1396
ENSG00000253485	PCDHGA5	17	13	6	14	17	17	14	16
ENSG00000253506	NACA2	0	0	0	0	1	1	0	0
ENSG00000253537	PCDHGA7	270	271	269	116	326	200	95	172
ENSG00000253598	SLC10A5	2	1	2	6	2	4	0	3
ENSG00000253626	EIF5AL1	29	33	46	38	43	23	39	37
ENSG00000253649	PRSS51	0	0	0	0	0	0	0	0
ENSG00000253710	ALG11	318	317	313	234	311	239	180	131
ENSG00000253719	ATXN7L3B	3240	3200	3042	2483	1659	1886	1865	2102
ENSG00000253729	PRKDC	4258	5473	6277	3487	3689	1262	1772	1794
ENSG00000253731	PCDHGA6	36	55	40	34	66	90	63	48
ENSG00000253767	PCDHGA8	3	10	7	5	9	8	8	5
ENSG00000253797	UTP14C	0	0	0	0	0	0	0	54
ENSG00000253831	ETV3L	5	4	4	5	0	1	8	2
ENSG00000253846	PCDHGA10	245	239	262	141	175	158	126	115
ENSG00000253873	PCDHGA11	5	5	5	5	6	4	15	10
ENSG00000253910	PCDHGB2	51	85	42	44	143	119	51	133
ENSG00000253953	PCDHGB4	31	48	27	33	55	41	26	53
ENSG00000253958	CLDN23	9	9	12	14	28	10	2	16
ENSG00000254004	ZNF260	312	263	235	201	197	234	137	171
ENSG00000254087	LYN	140	171	202	182	172	124	167	180
ENSG00000254093	PINX1	176	186	215	208	144	60	97	117
ENSG00000254122	PCDHGB7	7	3	14	5	7	5	4	3
ENSG00000254206	NPIPB11	90	113	55	71	70	108	162	50
ENSG00000254221	PCDHGB1	31	28	33	11	70	48	15	72
ENSG00000254229	FAM90A12P	0	1	6	0	4	0	1	0
ENSG00000254245	PCDHGA3	16	6	15	0	7	3	7	14
ENSG00000254402	LRRC24	10	35	32	42	28	24	8	26
ENSG00000254415	SIGLEC14	3	8	5	1	3	1	4	1
ENSG00000254440	PBOV1	0	0	0	0	0	0	1	0
ENSG00000254469	XNDC1N	43	36	38	35	32	43	38	30
ENSG00000254470	AP5B1	760	759	738	586	595	515	464	561
ENSG00000254505	CHMP4A	476	605	589	404	452	315	354	499
ENSG00000254535	PABPC4L	59	71	82	54	61	28	26	49
ENSG00000254550	OMP	0	1	3	1	1	1	5	1
ENSG00000254585	MAGEL2	0	1	2	0	0	0	1	0
ENSG00000254598	CSNK2A3	2	5	5	5	2	0	14	7
ENSG00000254636	ARMS2	0	0	0	0	0	2	0	0
ENSG00000254656	RTL1	19	25	19	11	33	15	6	9
ENSG00000254685	FPGT	346	356	341	330	292	235	219	267
ENSG00000254692	NA	25	9	7	0	17	18	63	0
ENSG00000254706	NA	9	11	19	3	2	8	5	6
ENSG00000254709	IGLL5	0	0	0	0	0	0	0	0
ENSG00000254726	MEX3A	828	848	717	545	635	963	526	737
ENSG00000254737	OR10G4	0	5	0	4	5	1	2	1
ENSG00000254772	EEF1G	31323	48016	51323	38946	42435	22053	27397	39098
ENSG00000254788	CKLF-CMTM1	21	20	28	12	13	11	10	6
ENSG00000254852	NPIPA2	30	22	24	32	0	20	33	20
ENSG00000254858	MPV17L2	556	461	617	441	292	320	215	402
ENSG00000254901	BORCS8	510	460	568	467	344	362	289	454
ENSG00000254979	NA	8	13	24	20	1	0	5	5
ENSG00000254986	DPP3	1250	1361	1524	1135	833	654	785	946
ENSG00000254996	ANKHD1-EIF4EBP3	204	471	401	335	319	307	219	226
ENSG00000254997	KRTAP5-9	2	0	0	1	1	0	0	0
ENSG00000254999	BRK1	3354	4127	4031	3538	3235	1915	2558	3403
ENSG00000255009	UBTFL1	0	1	0	1	0	0	0	1
ENSG00000255112	CHMP1B	1503	1691	1867	1819	1992	914	1367	1179
ENSG00000255150	EID3	8	12	10	10	16	5	22	3
ENSG00000255151	GLYATL1B	0	0	0	0	0	0	0	0
ENSG00000255154	HTD2	124	127	178	91	139	70	89	147
ENSG00000255192	NANOGP8	3	6	2	3	3	12	4	1
ENSG00000255245	FXYD6-FXYD2	0	0	0	0	0	1	0	0
ENSG00000255298	OR8G5	18	13	19	10	16	10	7	26
ENSG00000255302	EID1	5917	5835	5761	5592	4454	4643	3544	5152
ENSG00000255346	NOX5	4	14	15	17	23	11	161	10
ENSG00000255359	CCDC179	0	0	0	0	0	0	0	0
ENSG00000255374	TAS2R43	0	0	0	1	0	0	0	0
ENSG00000255378	PRR23D2	0	0	0	0	0	0	0	0
ENSG00000255398	HCAR3	0	0	0	0	0	0	0	0
ENSG00000255408	PCDHA3	101	104	99	60	165	100	61	123
ENSG00000255423	EBLN2	31	28	18	13	19	35	30	18
ENSG00000255432	NA	12	8	6	4	5	1	4	6
ENSG00000255439	NA	61	74	59	30	49	25	44	56
ENSG00000255501	CARD18	0	0	0	1	0	0	0	0
ENSG00000255524	NPIPB8	0	0	1	1	1	0	0	0
ENSG00000255526	NEDD8-MDP1	9	0	5	5	2	11	0	2
ENSG00000255529	POLR2M	1051	1311	1350	1122	1052	801	837	877
ENSG00000255561	FDXACB1	149	119	101	150	67	97	108	83
ENSG00000255587	RAB44	0	1	0	1	0	0	0	1
ENSG00000255639	NA	226	181	277	187	132	28	82	151
ENSG00000255641	NA	18	23	16	10	13	33	6	0
ENSG00000255690	TRIL	161	104	93	66	74	289	33	142
ENSG00000255713	OR4D2	0	0	1	0	0	0	0	0
ENSG00000255730	NA	0	0	0	0	0	0	0	0
ENSG00000255804	OR6J1	4	5	3	7	7	12	5	0
ENSG00000255833	TIFAB	1	0	0	0	0	0	0	0
ENSG00000255835	NA	0	0	0	0	0	0	0	0
ENSG00000255837	TAS2R20	39	28	43	35	35	21	52	17
ENSG00000256043	CTSO	147	130	165	76	105	139	77	61
ENSG00000256053	COA8	331	470	366	336	337	214	274	331
ENSG00000256060	TRAPPC2B	175	176	159	146	122	133	81	141
ENSG00000256061	DNAAF4	345	307	309	277	228	355	200	339
ENSG00000256087	ZNF432	225	192	186	147	203	229	121	196
ENSG00000256100	NA	6	7	7	7	7	1	2	5
ENSG00000256162	SMLR1	0	0	0	0	0	0	1	0
ENSG00000256188	TAS2R30	0	2	3	1	2	3	2	0
ENSG00000256223	ZNF10	100	128	85	65	47	107	62	69
ENSG00000256229	ZNF486	296	311	318	205	251	164	159	196
ENSG00000256235	SMIM3	811	574	423	314	695	1110	295	1599
ENSG00000256269	HMBS	935	958	1143	967	708	552	573	891
ENSG00000256294	ZNF225	104	112	131	87	84	83	53	76
ENSG00000256349	NA	0	0	0	37	0	0	0	28
ENSG00000256394	ASIC5	0	0	0	0	0	0	0	0
ENSG00000256436	TAS2R31	2	2	0	1	2	1	3	3
ENSG00000256453	DND1	26	25	30	23	2	20	37	9
ENSG00000256500	NA	155	0	196	64	45	0	0	0
ENSG00000256514	NA	28	91	48	83	41	56	29	71
ENSG00000256525	POLG2	332	337	364	261	225	188	161	233
ENSG00000256537	SMIM10L1	1087	972	936	881	590	837	759	805
ENSG00000256574	OR13A1	3	1	0	0	0	0	0	1
ENSG00000256591	NA	72	88	104	60	50	19	34	76
ENSG00000256646	NA	2	4	13	0	4	0	4	0
ENSG00000256671	LIMS4	0	5	29	21	23	12	15	14
ENSG00000256683	ZNF350	23	38	42	22	32	27	19	36
ENSG00000256713	PGA5	10	2	5	3	3	2	1	2
ENSG00000256762	STH	0	0	0	0	0	1	3	0
ENSG00000256771	ZNF253	109	134	122	68	130	94	46	96
ENSG00000256806	C17orf100	65	63	42	54	48	50	57	71
ENSG00000256812	CAPNS2	1	1	1	5	0	1	3	1
ENSG00000256977	LIMS3	0	1	0	2	0	0	0	3
ENSG00000256980	KHDC1L	0	0	0	0	0	0	0	0
ENSG00000257046	SLCO1B3-SLCO1B7	18	30	4	10	4	0	20	0
ENSG00000257093	DENND11	256	429	347	273	381	142	280	232
ENSG00000257103	LSM14A	2388	2779	2734	2051	1944	1332	1248	1822
ENSG00000257108	NHLRC4	16	20	37	12	9	23	8	19
ENSG00000257115	OR11H12	1	0	0	0	0	0	0	0
ENSG00000257138	TAS2R38	0	0	0	0	0	0	0	0
ENSG00000257184	NA	0	0	0	0	0	0	0	0
ENSG00000257218	GATC	1091	1250	1314	1083	756	664	725	786
ENSG00000257315	ZBED6	298	363	217	137	368	241	288	180
ENSG00000257335	MGAM	0	1	2	2	0	0	0	0
ENSG00000257365	FNTB	230	375	322	321	314	212	171	255
ENSG00000257390	NA	3	7	12	3	0	0	0	3
ENSG00000257411	NA	0	0	2	0	0	0	0	0
ENSG00000257446	ZNF878	8	11	6	0	5	4	0	2
ENSG00000257529	RPL36A-HNRNPH2	13	17	44	23	7	19	32	32
ENSG00000257591	ZNF625	56	95	87	58	60	48	32	37
ENSG00000257594	GALNT4	269	286	309	322	206	200	160	195
ENSG00000257704	INAFM1	189	287	280	194	236	222	127	222
ENSG00000257727	CNPY2	1008	990	984	920	653	966	737	1076
ENSG00000257743	MGAM2	2	3	0	0	11	4	0	8
ENSG00000257767	NA	0	0	10	0	0	0	0	0
ENSG00000257921	NA	0	2	0	0	0	0	0	0
ENSG00000257923	CUX1	1205	1402	1268	901	998	1124	751	1130
ENSG00000257949	TEN1	311	409	422	374	387	236	292	343
ENSG00000257987	TEX49	0	0	0	0	0	1	0	0
ENSG00000258083	OR9A4	0	0	0	0	0	0	0	0
ENSG00000258102	MAP1LC3B2	4	3	5	4	3	3	6	0
ENSG00000258227	CLEC5A	0	0	0	0	0	0	0	0
ENSG00000258289	CHURC1	536	687	570	505	532	370	409	447
ENSG00000258311	NA	107	71	94	63	60	61	64	34
ENSG00000258315	C17orf49	1595	1552	1707	1666	1302	1070	1258	1525
ENSG00000258366	RTEL1	137	203	210	164	153	81	157	121
ENSG00000258405	ZNF578	13	35	34	24	16	4	29	11
ENSG00000258417	NA	0	1	0	0	0	0	0	0
ENSG00000258429	PDF	959	896	1207	836	716	549	548	730
ENSG00000258453	OR11H2	0	0	0	0	0	0	0	0
ENSG00000258484	SPESP1	254	295	263	248	219	194	151	197
ENSG00000258529	NA	0	0	0	12	0	0	0	0
ENSG00000258643	BCL2L2-PABPN1	205	261	325	188	180	151	156	151
ENSG00000258644	SYNJ2BP-COX16	13	0	8	31	17	0	30	16
ENSG00000258659	TRIM34	51	66	48	44	53	53	62	44
ENSG00000258674	NA	65	55	48	33	34	30	42	26
ENSG00000258691	NA	0	0	0	0	0	2	0	0
ENSG00000258713	C20orf141	5	9	7	8	4	4	0	3
ENSG00000258724	PINX1	3	0	0	0	0	0	0	0
ENSG00000258728	NA	0	0	0	2	0	0	0	0
ENSG00000258818	RNASE4	16	41	31	34	41	13	29	24
ENSG00000258839	MC1R	525	489	384	374	307	441	334	578
ENSG00000258881	NA	68	36	52	69	39	52	74	51
ENSG00000258890	CEP95	295	358	443	357	318	231	264	221
ENSG00000258947	TUBB3	11654	10860	13822	9568	6593	5846	4550	9646
ENSG00000258986	TMEM179	5	0	3	4	6	3	5	0
ENSG00000258989	NA	0	0	0	0	2	0	0	0
ENSG00000259024	TVP23C-CDRT4	106	187	124	107	82	15	97	91
ENSG00000259030	FPGT-TNNI3K	6	2	7	3	4	4	2	7
ENSG00000259066	NA	0	0	0	0	0	0	0	0
ENSG00000259075	POC1B-GALNT4	125	128	35	6	63	66	44	73
ENSG00000259112	NDUFC2-KCTD14	27	43	63	26	36	43	28	50
ENSG00000259120	SMIM6	1	7	2	3	0	4	9	4
ENSG00000259132	NA	0	0	0	6	0	0	0	0
ENSG00000259171	NA	4	0	0	0	9	5	0	18
ENSG00000259207	ITGB3	1041	587	229	284	1414	2416	792	3055
ENSG00000259224	SLC35G6	2	0	4	0	1	0	0	2
ENSG00000259305	ZHX1-C8orf76	36	48	45	27	40	28	27	29
ENSG00000259330	INAFM2	658	949	1096	816	616	346	495	588
ENSG00000259332	ST20-MTHFS	67	94	42	41	57	54	18	75
ENSG00000259371	NA	1	0	2	0	1	0	0	0
ENSG00000259399	TGIF2-RAB5IF	17	14	26	9	15	3	8	12
ENSG00000259417	CTXND1	1	2	1	7	2	3	0	3
ENSG00000259431	THTPA	397	342	352	316	255	251	216	288
ENSG00000259494	MRPL46	485	470	496	432	384	250	310	351
ENSG00000259571	BLID	6	7	3	6	15	3	17	4
ENSG00000259680	IGHV3OR16-17	0	0	0	0	0	0	0	0
ENSG00000259784	NA	0	2	0	2	0	0	1	0
ENSG00000259803	SLC22A31	4	6	4	2	0	0	0	0
ENSG00000259823	LYPD8	4	4	3	6	6	3	3	2
ENSG00000259916	AQP7B	38	45	23	23	51	83	78	31
ENSG00000259956	RBM15B	2389	2636	2760	2110	1828	1285	1483	1781
ENSG00000260001	TGFBR3L	72	85	61	64	110	111	80	98
ENSG00000260007	NA	25	42	68	50	27	6	23	18
ENSG00000260027	HOXB7	515	535	586	567	543	477	480	473
ENSG00000260097	SPDYE6	11	11	8	5	16	19	15	3
ENSG00000260170	NA	0	0	0	0	0	0	0	0
ENSG00000260220	CCDC187	0	3	4	0	1	3	0	1
ENSG00000260230	FRRS1L	6	4	3	6	6	4	4	1
ENSG00000260238	PMF1-BGLAP	96	87	85	68	71	67	49	108
ENSG00000260272	NA	22	7	29	21	5	0	9	0
ENSG00000260286	ARMH2	0	0	0	0	0	0	0	0
ENSG00000260314	MRC1	31	13	20	10	0	14	4	2
ENSG00000260325	HSPB9	4	0	1	3	0	1	1	0
ENSG00000260342	NA	31	33	0	0	15	7	0	0
ENSG00000260371	NA	0	0	0	0	0	0	0	0
ENSG00000260428	SCX	32	34	14	28	18	52	69	38
ENSG00000260456	C16orf95	59	72	53	72	51	31	47	34
ENSG00000260458	KCNJ18	1	0	1	0	0	0	2	1
ENSG00000260537	NA	28	43	96	41	0	0	11	12
ENSG00000260596	DUX4	0	0	0	2	0	2	1	2
ENSG00000260643	NA	25	14	21	26	23	32	11	12
ENSG00000260691	ANKRD20A1	0	3	2	1	0	3	0	0
ENSG00000260836	NA	113	55	59	0	10	0	0	0
ENSG00000260861	NA	0	0	0	0	0	0	0	0
ENSG00000260903	XKR7	0	0	0	0	0	0	0	0
ENSG00000260914	NA	842	878	1302	754	600	390	391	632
ENSG00000260916	CCPG1	674	694	698	508	628	434	310	485
ENSG00000261052	SULT1A3	960	1078	1152	857	331	351	278	274
ENSG00000261115	TMEM178B	12	8	4	3	23	21	1	15
ENSG00000261150	EPPK1	4	2	4	2	3	2	2	4
ENSG00000261221	ZNF865	1224	1220	1224	905	780	700	537	819
ENSG00000261236	BOP1	2880	3083	3648	3101	2265	1553	1687	2518
ENSG00000261247	GOLGA8T	0	4	0	2	2	0	1	3
ENSG00000261272	MUC22	0	0	2	2	0	0	0	0
ENSG00000261308	FIGNL2	0	0	2	0	2	0	1	2
ENSG00000261341	NA	1	1	0	1	4	0	1	0
ENSG00000261371	PECAM1	44	52	34	43	40	15	42	24
ENSG00000261456	TUBB8	0	1	0	0	5	0	0	0
ENSG00000261509	TP53TG3B	28	0	0	0	0	0	0	0
ENSG00000261587	TMEM249	10	3	5	6	0	2	7	2
ENSG00000261594	TPBGL	11	5	8	5	3	4	2	7
ENSG00000261609	GAN	260	315	289	235	237	188	297	164
ENSG00000261649	GOLGA6L7	0	0	0	0	1	1	0	0
ENSG00000261652	PIERCE2	31	41	41	15	20	48	21	65
ENSG00000261667	LY6L	0	0	0	0	0	0	0	0
ENSG00000261678	SCRT1	1	0	3	0	0	1	1	0
ENSG00000261701	HPR	0	1	0	0	0	0	2	0
ENSG00000261717	NA	12	4	35	15	11	8	4	17
ENSG00000261739	GOLGA8S	0	0	2	0	1	0	0	0
ENSG00000261740	BOLA2-SMG1P6	375	419	368	362	315	265	352	466
ENSG00000261787	TCF24	0	2	2	1	2	1	0	3
ENSG00000261794	GOLGA8H	15	12	17	2	13	0	7	4
ENSG00000261796	ISY1-RAB43	238	168	213	184	219	139	0	67
ENSG00000261857	MIA	577	535	352	360	1270	2434	385	2135
ENSG00000261873	SMIM36	0	0	0	0	0	0	0	0
ENSG00000261934	PCDHGA9	24	9	12	7	13	9	5	9
ENSG00000261949	GFY	1	0	2	1	0	0	0	0
ENSG00000262152	GREP1	1	1	0	0	0	0	1	0
ENSG00000262165	C17orf114	0	0	0	0	0	0	0	0
ENSG00000262209	PCDHGB3	4	19	12	7	21	14	9	9
ENSG00000262246	CORO7	586	774	934	707	466	347	523	333
ENSG00000262406	MMP12	0	0	0	0	2	0	0	0
ENSG00000262484	CCER2	4	6	8	2	1	12	1	2
ENSG00000262576	PCDHGA4	23	13	12	9	32	13	1	15
ENSG00000262655	SPON1	49	53	31	34	73	28	20	30
ENSG00000262660	NA	7	11	0	0	3	0	0	0
ENSG00000262664	OVCA2	1189	1393	1450	1296	1141	837	953	1082
ENSG00000262814	MRPL12	2349	2710	3201	2809	2065	1692	1984	2314
ENSG00000262874	C19orf84	0	0	0	0	0	0	0	0
ENSG00000262919	CCNQ	425	408	438	390	357	247	254	353
ENSG00000263001	GTF2I	2908	3275	3413	2386	1844	1254	1350	1830
ENSG00000263002	ZNF234	231	254	236	136	209	148	132	183
ENSG00000263020	NA	115	139	158	210	84	125	132	97
ENSG00000263155	MYZAP	109	120	188	151	42	31	78	48
ENSG00000263201	DPEP2NB	2	0	0	0	0	0	0	0
ENSG00000263353	PPIAL4A	1	1	0	0	0	1	0	0
ENSG00000263465	SRSF8	963	794	795	731	661	815	602	861
ENSG00000263513	FAM72C	422	498	412	403	337	217	402	260
ENSG00000263528	IKBKE	518	420	420	358	261	347	300	394
ENSG00000263620	NA	52	102	75	73	83	33	43	63
ENSG00000263639	MSMB	0	0	0	0	0	0	0	2
ENSG00000263715	LINC02210-CRHR1	0	0	0	1	0	0	0	0
ENSG00000263874	LINC00672	26	21	14	10	20	30	23	19
ENSG00000263956	NBPF11	247	270	224	135	165	232	163	217
ENSG00000264006	AKR1C8	0	0	0	0	1	0	0	0
ENSG00000264230	ANXA8L1	62	20	10	21	33	3	16	5
ENSG00000264343	NOTCH2NLA	1935	2077	2259	1796	1938	1345	1584	1733
ENSG00000264364	DYNLL2	2221	2173	2720	2130	1632	1222	1407	1599
ENSG00000264424	MYH4	10	5	13	17	5	6	8	5
ENSG00000264522	OTUD7B	1091	1175	1070	716	775	698	767	657
ENSG00000264668	NA	6	29	25	16	20	5	0	12
ENSG00000264717	NPY4R2	7	0	1	0	3	0	0	0
ENSG00000265107	GJA5	0	3	0	1	0	2	0	1
ENSG00000265118	NA	0	0	0	0	0	0	0	0
ENSG00000265190	ANXA8	155	68	70	57	82	7	17	12
ENSG00000265203	RBP3	0	0	0	1	1	0	0	0
ENSG00000265241	RBM8A	4912	5233	5003	4380	3074	3137	3410	3921
ENSG00000265303	NA	0	0	0	0	0	0	10	0
ENSG00000265354	TIMM23	1689	1757	1861	1541	1120	989	1046	1319
ENSG00000265491	RNF115	916	1077	1012	734	807	627	691	642
ENSG00000265590	CFAP298-TCP10L	157	94	112	108	56	58	29	87
ENSG00000265681	RPL17	12534	19975	17735	21385	25980	10214	29795	15911
ENSG00000265763	ZNF488	29	33	35	34	32	2	1	5
ENSG00000265808	SEC22B	2012	2353	2570	1860	1467	1404	1345	1344
ENSG00000265817	FSBP	94	86	118	110	109	101	106	97
ENSG00000265972	TXNIP	5032	10021	9702	6544	3658	2602	2001	3683
ENSG00000266028	SRGAP2	1375	1433	1205	957	1005	1011	877	860
ENSG00000266074	BAHCC1	453	452	459	383	419	386	447	389
ENSG00000266094	RASSF5	252	146	193	122	74	94	75	119
ENSG00000266173	STRADA	477	485	510	411	268	431	310	415
ENSG00000266265	KLF14	82	63	85	99	78	45	56	61
ENSG00000266338	NBPF15	1479	1657	1367	1175	1187	981	1485	901
ENSG00000266412	NCOA4	1875	2148	2184	1824	1565	1186	1118	1320
ENSG00000266472	MRPS21	2529	2493	2568	1914	1865	2222	1573	2390
ENSG00000266524	GDF10	0	0	0	0	0	0	0	0
ENSG00000266714	MYO15B	12	92	1	8	14	25	26	43
ENSG00000266826	IGBP1P2	0	1	1	3	1	1	0	0
ENSG00000266953	NA	0	1	0	0	0	0	0	0
ENSG00000266964	FXYD1	8	6	1	1	10	37	3	13
ENSG00000266967	AARSD1	571	730	771	601	518	386	487	488
ENSG00000267001	NA	35	29	47	27	12	19	13	34
ENSG00000267041	ZNF850	87	109	117	95	90	65	49	57
ENSG00000267060	PTGES3L	33	45	33	30	35	37	16	27
ENSG00000267140	NA	2	0	4	1	0	2	3	0
ENSG00000267157	NA	3	0	0	0	2	0	0	4
ENSG00000267179	NA	6	0	2	3	2	0	1	1
ENSG00000267206	LCN6	2	0	0	0	0	1	0	1
ENSG00000267221	C17orf113	123	130	112	101	136	158	109	123
ENSG00000267261	NA	0	0	0	0	5	0	0	0
ENSG00000267281	ATF7-NPFF	0	2	3	3	0	0	0	0
ENSG00000267318	NA	1	2	0	0	0	0	0	1
ENSG00000267335	NA	33	3	17	0	4	11	7	3
ENSG00000267360	NA	0	0	0	0	0	0	0	0
ENSG00000267368	UPK3BL1	338	395	306	336	300	361	393	219
ENSG00000267467	APOC4	0	0	0	0	0	0	0	0
ENSG00000267508	ZNF285	57	49	30	26	38	41	23	28
ENSG00000267534	S1PR2	283	292	216	198	287	375	167	440
ENSG00000267561	NA	5	8	0	2	9	5	1	0
ENSG00000267618	NA	0	2	0	0	4	0	0	0
ENSG00000267631	CGB1	4	1	0	8	0	1	0	0
ENSG00000267673	FDX2	564	605	609	538	460	430	401	513
ENSG00000267680	ZNF224	289	321	307	253	242	333	216	248
ENSG00000267710	EDDM13	0	0	0	0	1	0	0	0
ENSG00000267740	NA	16	10	18	4	6	3	7	8
ENSG00000267748	NA	0	0	0	0	0	0	0	0
ENSG00000267795	SMIM22	0	0	0	2	5	0	0	0
ENSG00000267796	LIN37	205	244	204	172	203	170	118	207
ENSG00000267855	NDUFA7	474	483	509	390	314	446	270	369
ENSG00000267909	CCDC177	0	0	0	0	0	0	0	0
ENSG00000267952	NA	0	2	0	0	0	0	0	0
ENSG00000267978	MAGEA9B	2	4	8	2	13	0	1	3
ENSG00000268009	SSX4	0	0	0	1	0	0	0	0
ENSG00000268041	ERFL	10	4	6	5	2	2	4	2
ENSG00000268043	NBPF12	375	396	348	358	336	324	365	254
ENSG00000268083	NA	67	48	59	73	37	33	45	55
ENSG00000268089	GABRQ	2	1	0	1	4	2	6	0
ENSG00000268104	SLC6A14	5	3	7	6	10	10	9	7
ENSG00000268163	NA	0	0	2	0	1	0	0	0
ENSG00000268182	SMIM17	20	20	15	18	24	34	40	14
ENSG00000268223	ARL14EPL	8	42	59	35	34	13	24	24
ENSG00000268350	FAM156A	1006	1098	849	395	611	373	472	308
ENSG00000268361	NA	0	0	0	0	0	0	0	0
ENSG00000268500	SIGLEC5	0	0	0	0	0	0	0	0
ENSG00000268606	MAGEA2	1609	1505	1990	1230	867	673	779	1014
ENSG00000268629	TEX13A	0	0	1	1	0	0	0	0
ENSG00000268643	NA	42	40	76	22	31	11	19	28
ENSG00000268651	CTAG1A	6926	9707	9226	7956	6536	4625	4669	6677
ENSG00000268655	NA	39	19	20	11	14	21	5	13
ENSG00000268696	ZNF723	2	7	16	6	8	1	4	0
ENSG00000268738	HSFX2	0	0	0	0	0	0	4	0
ENSG00000268750	NA	28	40	35	32	23	16	15	15
ENSG00000268790	NA	0	0	0	0	1	0	0	0
ENSG00000268799	H3Y2	1	1	2	1	0	0	0	0
ENSG00000268870	NA	6	2	5	0	6	3	0	5
ENSG00000268902	CSAG2	64	60	67	33	52	54	73	93
ENSG00000268916	CSAG3	495	567	525	480	373	403	387	393
ENSG00000268940	CT45A1	1118	1367	1240	1355	1068	756	1065	1107
ENSG00000268964	ERVV-2	1	5	0	4	1	0	0	0
ENSG00000268988	SPANXN2	0	0	0	0	0	0	0	0
ENSG00000269026	NA	1	0	0	0	1	0	0	0
ENSG00000269058	CALR3	0	1	1	0	0	2	1	0
ENSG00000269067	ZNF728	2	0	4	2	2	0	0	0
ENSG00000269095	NA	1	0	1	2	0	0	2	1
ENSG00000269096	CT45A3	663	844	908	789	789	420	779	688
ENSG00000269113	TRABD2B	47	46	30	33	53	50	42	69
ENSG00000269190	FBXO17	876	1033	1010	780	737	476	467	701
ENSG00000269226	TMSB15B	24	17	21	10	8	13	15	19
ENSG00000269313	MAGIX	56	45	40	64	51	44	43	56
ENSG00000269335	IKBKG	902	830	995	797	565	504	627	653
ENSG00000269343	ZNF587B	545	546	500	345	382	307	280	362
ENSG00000269404	SPIB	23	36	20	27	31	52	45	10
ENSG00000269405	NXF2	208	322	95	237	128	96	122	127
ENSG00000269437	NXF2B	96	21	102	0	32	14	15	0
ENSG00000269466	H3Y1	2	4	9	3	2	0	0	1
ENSG00000269526	ERVV-1	0	2	0	0	1	0	0	1
ENSG00000269533	NA	0	2	0	0	0	0	0	0
ENSG00000269547	NA	0	0	0	0	0	0	0	0
ENSG00000269556	TMEM185A	309	309	403	266	268	163	153	280
ENSG00000269586	CT45A10	237	274	304	233	274	146	183	212
ENSG00000269590	NA	0	0	0	0	0	1	1	1
ENSG00000269711	NA	0	0	0	0	0	0	0	0
ENSG00000269713	NBPF9	1601	1724	1531	1203	1308	1124	1649	1031
ENSG00000269720	CCDC194	3	10	5	1	4	8	6	1
ENSG00000269743	SLC25A53	60	56	36	37	41	48	16	38
ENSG00000269825	NA	58	79	87	56	71	36	64	22
ENSG00000269855	RNF225	1	0	2	2	0	0	2	1
ENSG00000269858	EGLN2	1233	1213	1350	1052	951	918	647	1134
ENSG00000269897	COMMD3-BMI1	0	0	0	0	0	0	6	0
ENSG00000269955	FMC1-LUC7L2	484	552	605	438	407	308	279	405
ENSG00000269964	MEI4	1	3	6	1	1	3	2	1
ENSG00000270011	ZNF559-ZNF177	0	0	0	5	4	0	0	0
ENSG00000270170	NCBP2AS2	940	880	984	925	636	606	575	673
ENSG00000270181	BIVM-ERCC5	13	0	30	0	4	20	13	8
ENSG00000270231	NBPF8	319	417	378	337	376	288	421	185
ENSG00000270249	NA	0	0	0	0	0	0	0	0
ENSG00000270299	NA	0	0	0	0	0	0	0	0
ENSG00000270339	PPIAL4H	0	0	0	0	0	0	2	0
ENSG00000270379	HEATR9	0	1	0	0	0	0	0	0
ENSG00000270601	PRAMEF5	0	0	0	0	0	0	0	0
ENSG00000270617	URGCP-MRPS24	0	2	9	8	8	2	0	2
ENSG00000270629	NBPF14	1917	2032	1657	1401	1330	1792	1854	1377
ENSG00000270647	TAF15	5283	6020	5614	4805	4002	4212	4294	4310
ENSG00000270757	HSPE1-MOB4	0	11	7	17	20	0	0	15
ENSG00000270765	GAS2L2	0	0	0	0	0	0	0	0
ENSG00000270800	RPS10-NUDT3	444	377	546	359	339	173	240	281
ENSG00000270806	C17orf50	1	0	0	0	0	0	0	0
ENSG00000270882	H4C14	338	632	671	286	411	101	294	141
ENSG00000270885	RASL10B	32	24	40	23	23	24	2	19
ENSG00000270946	CT45A9	27	0	0	0	0	0	0	0
ENSG00000271092	TLCD4-RWDD3	10	28	20	11	14	7	21	14
ENSG00000271271	UGT2A2	0	0	0	0	0	0	0	0
ENSG00000271303	SRXN1	1358	1293	1577	1332	939	520	905	850
ENSG00000271321	CTAGE6	0	0	0	0	0	0	0	1
ENSG00000271383	NBPF19	1036	1107	979	825	910	1167	1285	710
ENSG00000271425	NBPF10	679	704	715	720	582	578	694	407
ENSG00000271447	MMP28	21	15	5	10	6	1	6	4
ENSG00000271449	CT45A2	0	33	24	8	16	4	4	9
ENSG00000271503	CCL5	87	85	100	79	59	125	115	34
ENSG00000271567	PPIAL4E	0	0	0	0	0	0	0	0
ENSG00000271601	LIX1L	2254	2777	2421	2024	1686	1470	1708	1531
ENSG00000271605	MILR1	20	33	42	11	14	21	12	10
ENSG00000271810	NA	0	0	0	0	1	0	0	0
ENSG00000271824	SMIM32	0	0	1	0	0	0	0	2
ENSG00000272031	ANKRD34A	519	610	612	360	315	322	335	414
ENSG00000272047	GTF2H5	621	667	679	623	368	379	492	414
ENSG00000272104	NA	1	0	3	0	2	0	0	0
ENSG00000272297	NA	0	0	0	0	0	0	0	0
ENSG00000272325	NUDT3	1670	1773	1777	1487	1133	1007	1109	1109
ENSG00000272333	KMT2B	820	964	1068	687	599	669	556	495
ENSG00000272391	POM121C	2391	2685	3410	2219	2009	1076	1334	1467
ENSG00000272398	CD24	44	26	11	19	24	11	17	10
ENSG00000272414	FAM47E-STBD1	5	4	21	5	0	3	0	2
ENSG00000272514	CFAP206	6	0	2	0	2	1	0	0
ENSG00000272573	MUSTN1	0	0	0	0	0	0	4	0
ENSG00000272602	ZNF595	389	385	429	292	292	218	246	318
ENSG00000272617	NA	181	202	236	178	103	142	175	181
ENSG00000272636	DOC2B	0	1	1	0	0	0	0	0
ENSG00000272674	PCDHB16	323	348	263	286	356	380	212	353
ENSG00000272772	NA	1569	1567	1797	1759	1284	1432	1136	1434
ENSG00000272822	NA	7	10	31	16	8	2	5	6
ENSG00000272886	DCP1A	945	1273	1299	1015	719	610	800	728
ENSG00000272899	ATP6V1FNB	55	74	66	40	35	34	23	38
ENSG00000272968	RBAK-RBAKDN	4	7	3	13	6	0	0	1
ENSG00000272980	NA	17	34	28	28	22	0	32	33
ENSG00000273045	C2orf15	16	38	30	20	21	2	9	10
ENSG00000273049	NA	2	0	0	0	0	0	2	2
ENSG00000273079	GRIN2B	0	3	1	0	1	1	0	3
ENSG00000273088	NA	24	22	22	14	16	0	6	7
ENSG00000273136	NBPF26	419	539	536	480	367	412	487	381
ENSG00000273154	NA	0	4	3	1	0	0	0	1
ENSG00000273155	NA	9	10	15	14	10	2	4	4
ENSG00000273171	NA	0	0	0	1	0	0	0	0
ENSG00000273173	SNURF	123	106	105	78	109	136	72	155
ENSG00000273213	H3-7	1248	1196	1433	604	693	313	569	243
ENSG00000273238	TMEM271	2	0	1	1	4	4	0	1
ENSG00000273274	ZBTB8B	54	79	57	51	70	71	79	51
ENSG00000273513	TBC1D3K	0	0	0	0	0	0	0	0
ENSG00000273514	FOXD4L6	0	0	1	3	2	4	5	8
ENSG00000273520	SPDYE8	0	0	0	2	0	0	0	0
ENSG00000273540	AGBL1	0	2	0	1	0	0	0	2
ENSG00000273542	H4C12	64	139	206	85	89	27	105	46
ENSG00000273559	CWC25	685	771	744	657	615	556	705	510
ENSG00000273604	EPOP	419	485	476	376	449	351	261	566
ENSG00000273611	ZNHIT3	527	673	645	529	526	376	440	481
ENSG00000273696	CT45A7	0	0	0	36	37	0	42	0
ENSG00000273703	H2BC14	6	6	9	6	1	0	4	6
ENSG00000273706	LHX1	322	221	228	192	151	176	183	191
ENSG00000273749	CYFIP1	2856	3690	3981	2722	2096	1393	1794	2060
ENSG00000273756	NA	5	5	0	4	0	8	4	0
ENSG00000273777	CEACAM20	0	0	0	0	0	0	0	0
ENSG00000273802	H2BC8	124	125	126	81	50	5	53	7
ENSG00000273820	USP27X	88	78	79	71	68	59	47	90
ENSG00000273841	TAF9	1469	1766	1963	1401	1165	807	922	1142
ENSG00000273899	NOL12	224	395	370	285	296	267	267	305
ENSG00000273976	GOLGA6L1	0	0	3	0	0	0	0	0
ENSG00000273983	H3C8	71	73	59	58	22	19	57	6
ENSG00000274070	CASTOR2	240	168	244	162	144	210	110	185
ENSG00000274180	NATD1	108	134	128	96	132	140	75	108
ENSG00000274183	H2AB1	12	9	5	1	1	4	4	6
ENSG00000274209	ANTXRL	0	0	0	0	1	2	0	1
ENSG00000274211	SOCS7	799	880	829	584	629	527	514	529
ENSG00000274274	GAGE13	3	0	0	1	0	15	4	2
ENSG00000274286	ADRA2B	0	0	3	0	1	0	0	0
ENSG00000274290	H2BC6	23	42	26	21	36	17	18	24
ENSG00000274349	ZNF658	118	111	174	74	118	79	54	90
ENSG00000274386	TMEM269	20	14	29	17	17	19	10	6
ENSG00000274391	TPTE	65	82	57	59	45	91	55	65
ENSG00000274443	C8orf89	0	0	1	0	0	0	0	0
ENSG00000274512	TBC1D3L	239	644	411	314	386	246	387	291
ENSG00000274523	RCC1L	2243	2387	2586	1937	1372	1226	1241	1594
ENSG00000274529	SEBOX	0	0	2	0	2	0	1	0
ENSG00000274570	SPDYE10	6	14	7	10	8	18	17	6
ENSG00000274588	DGKK	0	0	0	0	0	0	0	0
ENSG00000274600	RIMBP3B	31	24	17	13	27	17	15	23
ENSG00000274618	H4C6	3	5	2	2	12	7	3	6
ENSG00000274641	H2BC17	99	104	110	56	39	17	18	6
ENSG00000274736	CCL23	0	0	0	1	0	0	0	0
ENSG00000274750	H3C6	155	212	127	113	107	118	190	51
ENSG00000274764	PRAMEF27	1	0	0	0	0	0	0	0
ENSG00000274808	TBC1D3B	7	24	12	12	7	6	9	8
ENSG00000274810	NPHP3-ACAD11	0	0	0	0	2	0	0	0
ENSG00000274933	TBC1D3I	0	9	2	5	0	2	6	3
ENSG00000274944	NA	0	0	0	0	0	41	25	36
ENSG00000274997	H2AC12	4	5	7	8	3	6	4	4
ENSG00000275004	ZNF280B	2	1	0	0	0	0	0	0
ENSG00000275023	MLLT6	2482	3051	3286	2217	1887	1585	1992	1603
ENSG00000275034	TP53TG3E	0	0	0	0	0	0	2	0
ENSG00000275052	PPP4R3B	1887	2200	2054	1685	1307	1176	1226	1304
ENSG00000275066	SYNRG	797	835	821	676	701	775	655	710
ENSG00000275074	NUDT18	76	95	125	106	94	50	73	90
ENSG00000275111	ZNF2	95	100	122	72	109	98	82	68
ENSG00000275113	GAGE2E	33	0	0	22	0	15	0	0
ENSG00000275126	H4C13	0	0	0	0	0	0	0	0
ENSG00000275183	LENG9	252	346	305	197	222	192	105	292
ENSG00000275221	H2AC15	27	13	22	15	21	13	17	15
ENSG00000275302	CCL4	0	0	2	0	0	0	0	0
ENSG00000275342	PRAG1	211	218	239	181	151	87	61	155
ENSG00000275395	FCGBP	36	43	41	29	26	47	6	32
ENSG00000275410	HNF1B	0	2	2	1	1	1	0	4
ENSG00000275489	C17orf98	1	0	0	0	0	0	0	0
ENSG00000275591	XKR5	23	23	27	13	6	8	8	6
ENSG00000275663	H4C7	1	0	0	1	0	0	0	0
ENSG00000275674	NA	0	1	0	0	0	0	0	0
ENSG00000275700	AATF	2413	2691	3011	2201	1831	1230	1503	1728
ENSG00000275713	H2BC9	46	45	25	14	28	9	16	5
ENSG00000275714	H3C1	7	7	5	5	3	3	7	4
ENSG00000275740	NA	52	44	108	34	75	2	45	20
ENSG00000275774	HNRNPCL2	0	0	0	0	0	0	0	0
ENSG00000275778	NA	22	47	42	33	26	12	35	45
ENSG00000275793	RIMBP3	25	10	21	15	14	6	9	17
ENSG00000275832	ARHGAP23	1815	2395	2635	2156	1678	1177	1622	1408
ENSG00000275835	TUBGCP5	482	507	601	442	393	273	334	370
ENSG00000275896	PRSS2	2	0	0	0	3	1	1	0
ENSG00000275954	TBC1D3F	0	0	0	0	0	0	0	0
ENSG00000275969	SPATA31A3	0	0	0	0	0	0	0	0
ENSG00000276023	DUSP14	793	895	1025	801	738	558	606	685
ENSG00000276040	SPATA31A7	0	0	0	0	0	0	0	0
ENSG00000276043	UHRF1	3161	3146	3670	3224	2226	1890	2327	2301
ENSG00000276045	ORAI1	666	605	668	532	358	503	410	619
ENSG00000276119	OR13C2	0	0	0	1	0	0	0	0
ENSG00000276180	H4C9	17	22	23	22	19	13	20	18
ENSG00000276231	PIK3R6	1	1	3	3	2	0	0	0
ENSG00000276234	TADA2A	377	416	455	375	247	249	312	252
ENSG00000276293	PIP4K2B	1410	1440	1567	1076	927	924	783	1123
ENSG00000276302	NA	0	1	1	0	1	0	0	2
ENSG00000276368	H2AC14	7	6	6	7	9	1	8	2
ENSG00000276409	CCL14	0	0	0	0	0	0	0	0
ENSG00000276410	H2BC3	3	4	2	1	3	0	2	2
ENSG00000276547	PCDHGB5	13	7	6	7	0	3	3	17
ENSG00000276581	SPATA31A5	0	0	0	0	0	0	0	0
ENSG00000276600	RAB7B	172	54	27	39	79	161	25	171
ENSG00000276644	DACH1	18	26	16	9	23	72	8	26
ENSG00000276747	PADI6	0	2	0	1	0	0	0	0
ENSG00000276903	H2AC16	21	7	12	13	13	15	8	13
ENSG00000276950	GSTT4	0	0	0	0	0	0	0	0
ENSG00000276966	H4C5	42	48	43	26	27	11	38	12
ENSG00000277058	HNRNPCL3	0	0	0	0	0	0	0	0
ENSG00000277075	H2AC8	299	301	331	190	122	30	119	31
ENSG00000277149	TYW1B	98	89	97	72	69	71	57	58
ENSG00000277157	H4C4	8	7	6	3	10	4	1	1
ENSG00000277161	PIGW	597	447	578	427	465	346	366	414
ENSG00000277200	CCDC92B	22	23	35	39	34	35	25	21
ENSG00000277224	H2BC7	34	28	21	10	5	5	8	2
ENSG00000277258	PCGF2	1677	2036	1995	1625	1301	1352	1398	1362
ENSG00000277322	GOLGA6L6	0	0	1	1	0	4	3	0
ENSG00000277363	SRCIN1	47	161	112	84	101	72	67	106
ENSG00000277399	GPR179	5	6	3	2	3	1	1	2
ENSG00000277443	MARCKS	3001	3817	3933	3896	2982	2150	1907	2152
ENSG00000277462	ZNF670	112	91	86	75	77	69	76	77
ENSG00000277481	PKD1L3	0	0	0	2	0	2	0	0
ENSG00000277494	GPIHBP1	3	5	9	3	2	1	4	1
ENSG00000277531	PNMA8C	4	7	2	4	1	6	9	2
ENSG00000277586	NEFL	602	645	562	606	488	1780	147	1018
ENSG00000277632	CCL3	36	13	14	58	4	0	175	3
ENSG00000277639	NA	83	53	43	28	21	59	26	31
ENSG00000277758	SYT15B	189	184	194	152	205	230	252	172
ENSG00000277775	H3C7	7	5	7	7	4	3	5	2
ENSG00000277791	PSMB3	2807	3075	3158	2994	2250	1990	2053	2716
ENSG00000277858	H2AB2	0	0	0	1	3	1	0	0
ENSG00000277893	SRD5A2	3	0	0	1	0	2	0	0
ENSG00000277932	OR52E5	0	0	0	0	1	0	0	0
ENSG00000277972	CISD3	1830	2026	2271	2125	1413	1179	1188	1650
ENSG00000278023	RDM1	20	33	38	25	22	8	22	19
ENSG00000278053	DDX52	629	666	813	628	534	525	454	430
ENSG00000278057	TEX28	0	1	0	0	0	1	0	0
ENSG00000278085	CT45A8	76	138	120	99	102	45	73	62
ENSG00000278129	ZNF8	300	328	280	244	260	230	201	213
ENSG00000278139	P3R3URF-PIK3R3	0	0	14	0	0	0	0	0
ENSG00000278195	SSTR3	2	0	0	0	0	1	0	0
ENSG00000278224	PRICKLE4	2	10	9	2	5	1	4	4
ENSG00000278259	MYO19	1087	1102	1277	914	813	603	710	758
ENSG00000278289	CT45A6	0	16	0	0	0	13	0	12
ENSG00000278299	TBC1D3C	0	2	0	0	0	0	0	0
ENSG00000278311	GGNBP2	1427	1631	1750	1423	1251	1200	1147	1089
ENSG00000278318	ZNF229	106	41	119	40	89	48	58	86
ENSG00000278463	H2AC4	2	6	5	3	3	3	2	0
ENSG00000278505	C17orf78	0	0	0	0	0	1	0	0
ENSG00000278522	POTEB3	8	5	5	3	19	9	9	10
ENSG00000278535	DHRS11	443	457	575	379	300	300	234	275
ENSG00000278540	ACACA	1580	1656	2069	1380	1050	911	1099	1039
ENSG00000278558	TMEM191B	0	1	0	2	2	2	0	0
ENSG00000278570	NR2E3	2	6	4	6	6	7	4	13
ENSG00000278588	H2BC10	1	0	3	3	6	0	3	5
ENSG00000278615	C11orf98	1811	1851	1928	1606	1380	1186	1152	1626
ENSG00000278619	MRM1	298	398	352	319	231	202	237	249
ENSG00000278637	H4C1	1	5	4	3	1	0	3	3
ENSG00000278662	GOLGA6L10	28	31	17	15	33	32	37	35
ENSG00000278677	H2AC17	27	23	34	25	23	7	17	11
ENSG00000278705	H4C2	0	4	4	4	3	1	4	2
ENSG00000278828	H3C10	337	361	398	241	139	98	182	53
ENSG00000278845	MRPL45	1169	1508	1504	1193	1127	720	1021	1068
ENSG00000278848	TP53TG3F	14	27	17	12	6	25	23	23
ENSG00000279012	OR51B2	5	6	15	2	3	0	0	1
ENSG00000279073	NA	0	3	0	0	0	0	0	0
ENSG00000279116	OR8D2	2	1	1	0	2	2	1	0
ENSG00000279169	PRAMEF13	0	0	2	2	0	0	0	0
ENSG00000279170	TSTD3	18	15	10	20	16	11	23	8
ENSG00000279263	OR2L8	0	0	0	0	0	0	0	0
ENSG00000279486	OR2AG1	0	0	0	1	0	3	1	0
ENSG00000279983	NA	0	0	0	0	1	0	0	0
ENSG00000280090	OR8B4	0	0	0	0	1	3	0	0
ENSG00000280094	OR1B1	0	0	0	0	0	0	2	0
ENSG00000280165	PCDH20	27	36	26	12	16	12	19	4
ENSG00000280236	OR12D2	1	0	0	0	0	0	0	0
ENSG00000280267	PRAMEF26	0	0	2	6	0	1	0	0
ENSG00000280314	OR8K3	0	0	1	0	0	0	0	0
ENSG00000280571	NA	0	0	2	2	7	1	0	0
ENSG00000280670	CCDC163	44	62	64	83	27	36	12	53
ENSG00000280709	LINC02203	0	0	2	0	0	0	0	0
ENSG00000280789	PAGR1	1694	1797	1931	1761	1331	1386	1639	1339
ENSG00000280987	MATR3	667	785	924	643	365	140	266	293
ENSG00000281039	NA	0	2	1	0	0	0	0	0
ENSG00000281106	TMEM272	0	3	0	0	0	0	0	0
ENSG00000281406	BLACAT1	124	125	102	88	118	187	140	134
ENSG00000281613	NA	0	1	0	0	0	0	0	0
ENSG00000281991	TMEM265	0	0	64	16	0	0	0	0
ENSG00000282218	NA	0	0	0	0	1	1	0	0
ENSG00000282278	NA	0	0	5	0	0	0	0	0
ENSG00000282301	CYP3A7-CYP3A51P	1	0	0	0	0	0	1	0
ENSG00000282608	ADORA3	0	0	0	0	0	0	0	0
ENSG00000282757	DUXB	0	1	0	0	0	0	0	0
ENSG00000282804	NA	2	0	0	0	0	0	0	0
ENSG00000282815	TEX13C	0	0	0	0	0	0	0	2
ENSG00000282872	C1orf232	3	3	1	2	0	0	0	1
ENSG00000282933	RHOXF1P3	29	43	46	38	26	19	17	20
ENSG00000282936	NA	42	55	66	30	32	22	24	16
ENSG00000282988	NA	139	161	185	79	82	21	52	32
ENSG00000283039	KLF18	1	0	0	0	0	0	0	0
ENSG00000283071	LBHD2	0	0	0	0	0	0	0	0
ENSG00000283093	CENPVL2	1	0	4	0	0	0	1	1
ENSG00000283149	NA	49	40	62	70	34	61	38	53
ENSG00000283154	IQCJ-SCHIP1	425	450	399	459	588	442	489	492
ENSG00000283189	NA	0	0	0	0	0	0	0	0
ENSG00000283199	C13orf46	13	20	23	15	27	12	34	8
ENSG00000283201	NA	0	0	0	0	0	0	2	0
ENSG00000283208	NA	1	2	5	4	3	1	1	0
ENSG00000283247	CCDC201	4	1	0	0	3	1	3	1
ENSG00000283267	FAM237B	2	3	7	2	2	2	3	0
ENSG00000283268	TEX54	0	4	0	3	2	2	3	5
ENSG00000283288	SMIM33	0	0	0	0	0	0	0	0
ENSG00000283297	TEX52	4	4	0	4	0	1	0	2
ENSG00000283321	NA	13	1	0	0	3	0	1	2
ENSG00000283324	CTXND2	1	0	1	0	2	4	0	0
ENSG00000283329	FAM240B	0	1	0	1	1	0	0	0
ENSG00000283361	CFAP97D2	0	0	0	0	0	0	0	1
ENSG00000283378	CNTNAP3C	18	22	25	13	63	10	7	52
ENSG00000283428	CCDC195	0	0	0	0	0	0	0	0
ENSG00000283434	CSNKA2IP	0	0	0	0	0	0	0	0
ENSG00000283439	SPEM3	1	0	0	0	0	0	0	0
ENSG00000283463	HSFX4	1	0	0	0	0	0	0	0
ENSG00000283496	ZNF511-PRAP1	0	0	0	0	0	0	0	0
ENSG00000283526	PRRT1B	0	0	0	0	0	1	0	0
ENSG00000283528	TCAF2C	0	0	0	0	0	1	0	5
ENSG00000283536	NA	0	0	0	0	0	0	0	0
ENSG00000283567	C19orf85	0	0	0	0	0	0	0	0
ENSG00000283599	NA	0	0	1	0	0	1	0	0
ENSG00000283632	EXOC3L2	44	116	46	34	4	13	65	5
ENSG00000283683	MYOCOS	3	2	3	4	2	3	3	2
ENSG00000283697	HSFX3	0	1	0	0	0	0	0	0
ENSG00000283703	VSIG10L2	0	0	0	0	0	0	0	0
ENSG00000283706	PRSS50	0	0	0	0	0	2	0	1
ENSG00000283740	TAF11L11	3	3	5	1	1	0	1	0
ENSG00000283755	CPHXL	0	0	0	0	1	0	1	0
ENSG00000283761	NA	20	13	27	2	0	2	15	11
ENSG00000283765	NA	27	14	22	23	21	17	0	0
ENSG00000283776	TAF11L13	0	0	1	0	0	0	0	0
ENSG00000283782	NA	0	0	0	0	0	0	0	0
ENSG00000283787	PRR33	107	89	34	57	19	19	40	10
ENSG00000283809	NA	9	8	0	28	0	4	0	22
ENSG00000283873	SSU72P4	0	0	0	0	0	0	0	0
ENSG00000283886	NA	102	61	34	52	51	48	51	53
ENSG00000283900	TPTEP2-CSNK1E	6	14	16	5	5	6	0	2
ENSG00000283980	GNG14	1	6	4	1	2	3	0	1
ENSG00000284018	SSU72P5	0	0	0	0	0	0	0	0
ENSG00000284024	NA	378	330	351	288	253	176	278	204
ENSG00000284057	NA	0	7	0	16	6	0	0	30
ENSG00000284130	TUBA3FP	27	12	10	10	16	21	20	17
ENSG00000284188	NA	0	0	0	1	1	0	1	0
ENSG00000284194	SCO2	401	446	433	359	249	209	240	320
ENSG00000284209	NA	2	0	1	0	2	1	0	0
ENSG00000284283	TAF11L4	0	0	0	0	0	0	0	0
ENSG00000284292	NA	65	38	68	69	32	25	32	34
ENSG00000284306	SSU72P2	0	1	0	0	0	0	0	0
ENSG00000284308	C2orf81	311	286	295	246	213	248	90	307
ENSG00000284373	TAF11L2	1	0	0	0	0	0	0	0
ENSG00000284395	PERCC1	0	0	0	0	0	0	0	0
ENSG00000284438	SSU72P7	0	0	1	0	0	0	0	0
ENSG00000284439	TAF11L3	0	0	0	0	0	0	0	0
ENSG00000284484	CPHXL2	0	0	0	0	0	0	1	1
ENSG00000284505	LYNX1-SLURP2	0	3	3	5	2	4	2	0
ENSG00000284512	NA	11	11	10	5	9	17	12	6
ENSG00000284526	NA	30	59	49	30	37	27	36	22
ENSG00000284554	NA	0	0	0	0	0	0	0	0
ENSG00000284609	OR8B3	2	0	2	1	0	6	2	0
ENSG00000284638	SMIM44	0	0	1	0	0	0	0	0
ENSG00000284680	OR8B2	2	0	0	0	1	4	0	0
ENSG00000284691	NA	94	68	96	85	65	96	94	71
ENSG00000284713	SMIM38	0	1	4	0	0	2	7	5
ENSG00000284723	OR8S1	0	0	0	0	0	0	0	0
ENSG00000284730	TMDD1	0	1	0	0	0	0	0	0
ENSG00000284733	OR4F29	0	2	1	0	0	0	0	0
ENSG00000284753	EEF1AKMT4	187	202	194	169	127	74	86	128
ENSG00000284762	NA	0	0	0	0	0	3	0	5
ENSG00000284770	TBCE	725	821	566	512	286	355	341	348
ENSG00000284773	NA	95	81	124	116	92	37	51	78
ENSG00000284776	NA	249	375	444	337	188	119	147	194
ENSG00000284797	NA	0	0	0	0	0	0	0	0
ENSG00000284862	CCDC39	33	30	23	0	13	0	19	0
ENSG00000284873	OOSP1	0	0	2	0	1	0	0	1
ENSG00000284906	NA	122	124	209	39	93	0	109	106
ENSG00000284917	EEF1AKMT4-ECE2	0	0	0	0	3	1	1	2
ENSG00000284922	LRTOMT	5	1	1	38	2	0	0	24
ENSG00000284931	NA	0	0	2	0	0	0	1	0
ENSG00000284934	NA	0	0	7	0	0	0	17	0
ENSG00000284956	NA	3	4	11	4	2	0	0	0
ENSG00000284969	NA	18	20	14	19	20	17	29	14
ENSG00000284976	NA	131	140	115	154	106	278	240	159
ENSG00000284981	UPK3BL2	0	6	8	0	0	53	77	16
ENSG00000285010	OOSP4A	0	0	0	0	0	0	0	0
ENSG00000285043	NA	2207	3865	4267	2521	2126	712	1214	1948
ENSG00000285053	TBCE	269	239	208	192	162	192	206	174
ENSG00000285077	ARHGAP11B	56	89	63	70	90	88	79	36
ENSG00000285082	NA	0	0	4	0	0	1	0	0
ENSG00000285085	NA	3	1	0	3	5	1	1	2
ENSG00000285130	NA	0	0	6	0	0	0	0	0
ENSG00000285162	NA	16	29	21	25	4	2	15	3
ENSG00000285218	NA	0	0	0	0	0	0	0	0
ENSG00000285231	OOSP3	0	1	0	0	0	0	0	0
ENSG00000285245	NA	8	27	0	0	7	13	0	4
ENSG00000285253	NA	16	18	27	34	22	20	15	22
ENSG00000285292	ABCF2-H2BK1	252	242	446	194	250	71	127	90
ENSG00000285304	NA	99	170	333	89	57	16	22	128
ENSG00000285330	NA	7	0	0	0	5	10	0	0
ENSG00000285382	NA	34	37	40	38	40	18	43	23
ENSG00000285437	POLR2J3	375	462	403	343	422	522	563	254
ENSG00000285446	NA	0	4	0	0	0	0	0	0
ENSG00000285458	NA	32	38	34	34	23	29	22	30
ENSG00000285471	NA	0	0	0	0	0	0	0	0
ENSG00000285480	H2BK1	1	3	0	3	0	1	5	2
ENSG00000285508	MKKS	60	76	86	109	80	75	62	72
ENSG00000285509	TBCEL-TECTA	0	0	0	0	2	0	0	0
ENSG00000285526	NA	0	2	1	0	7	0	0	9
ENSG00000285547	NA	17	8	23	0	5	0	6	4
ENSG00000285566	NA	0	5	0	0	1	3	2	2
ENSG00000285625	NA	18	17	17	3	6	12	10	6
ENSG00000285655	NA	1	0	0	0	0	0	0	4
ENSG00000285723	MKKS	0	0	0	0	0	0	0	0
ENSG00000285733	NA	2	9	0	1	5	0	2	0
ENSG00000285749	NA	0	3	2	1	1	0	0	0
ENSG00000285772	NA	3	2	3	9	0	0	4	1
ENSG00000285814	FAM90A14	0	0	2	0	0	0	0	0
ENSG00000285815	GET1-SH3BGR	0	0	7	3	0	0	0	0
ENSG00000285827	NA	0	0	0	0	0	0	15	2
ENSG00000285837	NA	23	0	0	0	1	6	1	9
ENSG00000285868	NA	7	4	0	2	4	15	9	5
ENSG00000285880	NA	0	0	1	0	0	0	0	0
ENSG00000285891	MSANTD5	2	0	0	0	0	0	0	0
ENSG00000285920	NA	0	0	0	0	9	0	0	12
ENSG00000285938	NA	3	3	3	0	4	1	1	0
ENSG00000285950	FAM90A10	0	0	1	0	0	0	0	0
ENSG00000285953	NA	26	6	0	0	0	2	0	3
ENSG00000285976	NA	1806	1173	2277	611	1350	0	1445	1450
ENSG00000285982	NA	0	0	3	0	0	8	0	0
ENSG00000286014	SPDYE15	0	0	0	0	0	0	0	0
ENSG00000286019	NOTCH2NLB	189	176	210	189	180	118	164	158
ENSG00000286022	NA	0	0	0	0	0	0	0	0
ENSG00000286038	SPDYE13	0	0	0	0	0	0	0	0
ENSG00000286053	ASDURF	2	4	4	0	1	0	1	2
ENSG00000286075	SAGSIN1	428	515	468	368	360	265	199	320
ENSG00000286095	SPEGNB	0	1	0	0	0	3	0	0
ENSG00000286098	NA	2	0	6	1	0	0	0	2
ENSG00000286105	TMEM217B	0	0	0	0	1	0	0	0
ENSG00000286106	NOTCH2NLR	84	95	109	95	102	57	66	102
ENSG00000286112	NA	132	149	317	156	115	76	130	129
ENSG00000286140	DERPC	1227	1444	1369	1160	910	452	846	747
ENSG00000286143	NA	0	1	0	0	0	0	0	1
ENSG00000286165	NA	0	0	0	1	0	0	0	0
ENSG00000286185	NA	6	0	9	0	12	17	6	34
ENSG00000286190	NA	533	383	413	423	172	302	152	217
ENSG00000286219	NOTCH2NLC	122	159	225	169	155	125	209	104
ENSG00000286221	NA	0	0	0	0	0	0	1	0
ENSG00000286235	NA	0	6	3	0	0	2	0	5
ENSG00000286237	ARMCX5-GPRASP2	0	23	13	0	9	0	2	10
ENSG00000286264	NA	198	313	270	240	248	168	181	230
ENSG00000286268	NA	14	14	6	9	3	0	5	7
ENSG00000286522	H3C2	22	18	25	14	13	10	15	9
ENSG00000286920	SMIM40	0	5	6	2	4	1	3	0
ENSG00000287080	H3C3	57	36	41	23	15	6	14	8
ENSG00000287542	HERC3	7	78	22	38	26	0	7	37
ENSG00000287856	NA	5	0	23	0	0	0	0	7
ENSG00000288000	NA	0	0	0	0	0	0	0	0
ENSG00000288053	NA	7	11	15	0	7	3	2	7
ENSG00000288460	SMIM42	0	0	1	0	0	0	0	0
ENSG00000288520	NA	0	0	0	0	0	0	0	0
ENSG00000288558	DUS4L-BCAP29	783	472	767	589	343	205	400	350
ENSG00000288602	C8orf44-SGK3	6	8	7	0	18	0	0	10
ENSG00000288611	NPBWR1	14	7	6	25	36	50	18	4
ENSG00000288634	NA	0	0	0	0	0	0	0	0
ENSG00000288635	NA	3	0	4	0	0	0	0	0
ENSG00000288637	NA	7	0	0	0	2	13	5	9
ENSG00000288649	ACTL10	244	233	249	199	156	127	88	208
ENSG00000288658	NA	5	6	13	4	6	0	3	5
ENSG00000288675	PANO1	32	41	38	22	16	22	14	17
ENSG00000288684	NA	59	50	37	12	35	0	42	18
ENSG00000288695	NA	1	1	8	10	7	0	0	0
ENSG00000288701	PRRC2B	3036	4544	5378	3116	3025	2053	2752	2363
ENSG00000288709	F8A2	238	264	234	169	136	150	107	169
ENSG00000288722	F8A1	574	553	575	559	681	437	381	630
ENSG00000288784	CTAGE4	1	0	0	0	0	0	0	0
ENSG00000288825	H2AC18	6059	5851	5226	3292	1536	1434	2551	0
ENSG00000288859	H2AC19	5359	8211	10311	4657	3802	107	2193	1974
ENSG00000288864	ARHGAP11A-SCG5	28	7	31	9	20	16	6	23
ENSG00000288867	PPIAL4C	0	0	0	0	0	0	0	0
ENSG00000288920	RPSAP58	196	232	239	258	214	134	163	204
ENSG00000289027	NA	0	6	46	39	6	0	31	0
ENSG00000289281	NA	0	1	1	3	1	1	0	0
ENSG00000289346	NA	13	20	24	24	38	26	18	5
ENSG00000289604	CTAGE8	0	3	0	0	1	0	0	0
ENSG00000289690	NA	0	5	0	0	0	0	23	0
ENSG00000289694	NA	2026	2375	2333	2359	1843	1428	1863	2086
ENSG00000289697	NA	0	0	0	0	0	0	0	0
ENSG00000289700	NA	4	0	4	0	0	0	0	0
ENSG00000289721	PYDC5	2	0	0	2	1	4	1	3
ENSG00000289722	NA	0	0	4	3	0	0	0	0
ENSG00000289747	NA	20	0	10	0	0	0	0	0
ENSG00000289762	NA	0	0	0	0	0	0	0	0
ENSG00000289766	NA	0	2	0	0	0	0	0	0
ENSG00000289791	NA	8	15	28	17	33	2	0	44
ENSG00000289809	NA	0	0	0	0	0	0	0	0
ENSG00000290149	NA	0	0	0	0	0	0	0	0
ENSG00000290183	NA	44	66	115	88	78	0	58	35
ENSG00000290203	NOX5	3	0	6	0	0	0	0	2
ENSG00000290292	HOMEZ	50	84	64	50	54	23	36	35
ENSG00000290315	NA	0	4	7	0	0	0	3	0
ENSG00000290316	NA	1	0	1	0	0	1	0	0
ENSG00000290318	NA	333	367	435	278	309	76	158	131
ENSG00000291237	SOD2	720	862	872	618	677	609	709	431
ENSG00000291239	NA	0	0	0	0	0	0	0	0