ensembl	symbol	A549-DMSO-A	A549-DMSO-B	A549-DMSO-C	A549-DMSO-D	A549-GiB-B	A549-GiB-C	A549-GiB-D
ENSG00000000003	TSPAN6	2197	1884	2097	1550	1581	1740	1422
ENSG00000000419	DPM1	1669	1609	1587	1250	1358	1431	1199
ENSG00000000457	SCYL3	515	452	525	405	417	422	345
ENSG00000000460	C1orf112	891	724	840	668	733	833	610
ENSG00000000971	CFH	7071	6189	7043	4618	5283	5575	4159
ENSG00000001036	FUCA2	4217	3667	4096	3020	3483	3653	2957
ENSG00000001084	GCLC	10673	9445	11235	7587	9606	9743	8000
ENSG00000001167	NFYA	1541	1302	1491	1059	1152	1219	997
ENSG00000001460	STPG1	348	287	290	246	268	267	242
ENSG00000001461	NIPAL3	1324	1113	1366	838	1022	1058	797
ENSG00000001497	LAS1L	3968	3427	3930	3001	3111	3399	2624
ENSG00000001561	ENPP4	50	55	34	30	30	31	37
ENSG00000001617	SEMA3F	246	220	272	188	178	199	175
ENSG00000001626	CFTR	1	11	13	25	13	15	5
ENSG00000001629	ANKIB1	3484	2923	3757	2262	2716	2816	2368
ENSG00000001630	CYP51A1	4272	3690	4423	3071	3584	3640	3001
ENSG00000001631	KRIT1	965	632	819	539	773	747	629
ENSG00000002016	RAD52	569	535	598	410	497	511	360
ENSG00000002330	BAD	1445	1376	1595	1204	1168	1259	944
ENSG00000002549	LAP3	1987	1849	1988	1401	1664	1662	1360
ENSG00000002586	CD99	7471	6671	7832	5736	5993	6446	4784
ENSG00000002587	HS3ST1	221	205	241	143	174	200	159
ENSG00000002726	AOC1	0	1	2	1	0	0	0
ENSG00000002745	WNT16	6	4	1	1	1	1	1
ENSG00000002746	HECW1	435	444	448	307	432	378	305
ENSG00000002822	MAD1L1	938	851	911	739	775	819	566
ENSG00000002834	LASP1	30926	27014	31258	22666	25446	25910	20642
ENSG00000002919	SNX11	1065	1028	1051	786	934	877	733
ENSG00000002933	TMEM176A	1	0	0	2	2	3	2
ENSG00000003056	M6PR	7686	6954	7633	5523	6247	6710	5500
ENSG00000003096	KLHL13	59	45	67	49	41	51	44
ENSG00000003137	CYP26B1	1805	1665	1929	1177	1505	1594	1208
ENSG00000003147	ICA1	150	139	159	110	126	76	100
ENSG00000003249	DBNDD1	2058	1681	1842	1543	1540	1586	1239
ENSG00000003393	ALS2	921	844	992	628	920	538	743
ENSG00000003400	CASP10	444	375	408	285	290	352	282
ENSG00000003402	CFLAR	3145	2685	2946	2003	2337	2399	1979
ENSG00000003436	TFPI	2223	1915	2432	1818	1916	2039	1711
ENSG00000003509	NDUFAF7	649	604	680	515	532	573	428
ENSG00000003756	RBM5	1666	1538	1801	1227	1442	1509	1218
ENSG00000003987	MTMR7	60	80	74	59	65	68	56
ENSG00000003989	SLC7A2	1632	1518	1862	1211	1210	1318	1202
ENSG00000004059	ARF5	3682	3137	3803	2857	2795	3130	2323
ENSG00000004139	SARM1	671	522	562	460	512	487	459
ENSG00000004142	POLDIP2	8677	7840	8840	6423	7228	7319	5878
ENSG00000004399	PLXND1	5467	4723	5429	3733	4430	4383	3896
ENSG00000004455	AK2	4325	3983	4378	3042	3527	3603	3004
ENSG00000004468	CD38	1018	872	964	730	804	771	654
ENSG00000004478	FKBP4	11671	10512	11536	8461	9258	9742	7537
ENSG00000004487	KDM1A	3879	3459	4068	3219	3212	3228	2589
ENSG00000004534	RBM6	1806	1590	1685	1151	1418	1361	1171
ENSG00000004660	CAMKK1	1334	1145	1321	842	1031	998	803
ENSG00000004700	RECQL	3868	3546	4041	2825	3203	3312	2781
ENSG00000004766	VPS50	341	418	353	323	338	317	263
ENSG00000004776	HSPB6	28	14	21	19	12	27	18
ENSG00000004777	ARHGAP33	832	758	927	567	647	626	505
ENSG00000004779	NDUFAB1	2421	2061	2213	1737	1857	2081	1606
ENSG00000004799	PDK4	4740	4194	4531	3212	3585	3975	3308
ENSG00000004838	ZMYND10	23	23	29	28	29	6	15
ENSG00000004846	ABCB5	19	23	20	10	16	14	15
ENSG00000004848	ARX	298	225	292	207	229	253	170
ENSG00000004864	SLC25A13	2818	2393	2753	2058	2262	2499	1949
ENSG00000004866	ST7	962	844	952	705	822	826	643
ENSG00000004897	CDC27	6690	5759	6613	4559	5235	5683	4510
ENSG00000004939	SLC4A1	1	2	1	2	3	2	1
ENSG00000004948	CALCR	2	1	1	2	1	1	0
ENSG00000004961	HCCS	1961	1812	1999	1473	1636	1591	1371
ENSG00000004975	DVL2	2748	2358	2535	1862	2099	2145	1773
ENSG00000005001	PRSS22	9	3	6	0	15	9	7
ENSG00000005007	UPF1	4183	4036	4602	3293	3754	3651	2687
ENSG00000005020	SKAP2	2943	2496	2996	2050	2397	2439	1916
ENSG00000005022	SLC25A5	23789	20597	23328	17877	19318	20295	16178
ENSG00000005059	MCUB	757	701	787	539	582	637	512
ENSG00000005073	HOXA11	41	37	39	24	45	27	34
ENSG00000005075	POLR2J	2542	2243	1809	1882	1645	1880	1512
ENSG00000005100	DHX33	3396	2891	3492	2396	2760	2872	2313
ENSG00000005108	THSD7A	2779	2503	3147	1736	2241	2371	1968
ENSG00000005156	LIG3	2491	2208	2632	1813	2066	2172	1778
ENSG00000005175	RPAP3	2491	2295	2562	1877	2158	2289	1809
ENSG00000005187	ACSM3	781	616	721	529	593	603	517
ENSG00000005189	REXO5	167	159	181	142	164	124	127
ENSG00000005194	CIAPIN1	3058	2739	3187	2177	2410	2548	2110
ENSG00000005206	SPPL2B	1953	1643	1941	1346	1519	1471	1142
ENSG00000005238	FAM214B	744	702	859	576	555	607	491
ENSG00000005243	COPZ2	177	187	200	157	147	164	92
ENSG00000005249	PRKAR2B	236	210	248	189	198	204	153
ENSG00000005302	MSL3	1176	954	1231	832	941	997	772
ENSG00000005339	CREBBP	3579	2992	3523	2371	2819	2849	2394
ENSG00000005379	TSPOAP1	14	12	8	5	9	9	5
ENSG00000005421	PON1	67	68	79	33	56	49	37
ENSG00000005436	GCFC2	900	817	845	646	837	763	601
ENSG00000005448	WDR54	1884	1745	1888	1571	1465	1405	1210
ENSG00000005469	CROT	940	813	877	622	736	738	596
ENSG00000005471	ABCB4	10	24	14	12	22	8	14
ENSG00000005483	KMT2E	2014	1623	1585	1135	1535	1535	1458
ENSG00000005486	RHBDD2	4075	3343	3240	2930	2421	2469	2298
ENSG00000005513	SOX8	64	40	51	43	36	71	48
ENSG00000005700	IBTK	4127	3843	4531	2647	3378	3488	2871
ENSG00000005801	ZNF195	923	658	782	596	667	754	543
ENSG00000005810	MYCBP2	1631	1488	1737	910	1393	1371	1161
ENSG00000005812	FBXL3	1112	1042	1275	820	953	1028	791
ENSG00000005844	ITGAL	14	32	0	9	39	46	18
ENSG00000005882	PDK2	1125	954	1052	866	849	888	754
ENSG00000005884	ITGA3	16714	14326	17660	12328	13802	13199	10703
ENSG00000005889	ZFX	1987	1614	2010	1308	1521	1629	1281
ENSG00000005893	LAMP2	5771	5051	5869	4028	4652	5053	4125
ENSG00000005961	ITGA2B	93	78	85	66	63	58	35
ENSG00000005981	ASB4	221	214	245	153	214	206	185
ENSG00000006007	GDE1	4355	3735	4292	3381	3426	3563	2908
ENSG00000006015	REX1BD	736	675	776	575	592	614	460
ENSG00000006016	CRLF1	8	8	17	13	5	12	15
ENSG00000006025	OSBPL7	783	722	822	594	575	614	409
ENSG00000006042	TMEM98	675	565	638	508	526	518	410
ENSG00000006047	YBX2	61	44	50	53	36	52	25
ENSG00000006062	MAP3K14	1378	1181	1472	1016	1162	1145	892
ENSG00000006071	ABCC8	8	10	0	7	12	0	0
ENSG00000006118	TMEM132A	5413	4780	5474	3922	4020	3995	3172
ENSG00000006125	AP2B1	20904	17720	21723	14842	16551	16763	13451
ENSG00000006194	ZNF263	1618	1370	1591	1089	1284	1323	1003
ENSG00000006210	CX3CL1	74	50	71	42	48	47	39
ENSG00000006282	SPATA20	1820	1320	1582	1154	1306	1489	1019
ENSG00000006283	CACNA1G	1192	1149	1202	914	860	941	735
ENSG00000006327	TNFRSF12A	3455	2914	3039	2433	2775	2555	2246
ENSG00000006377	DLX6	1	3	0	1	0	2	0
ENSG00000006432	MAP3K9	1591	1595	1861	1083	1363	1323	1087
ENSG00000006451	RALA	1635	1508	1754	1286	1298	1410	1091
ENSG00000006453	BAIAP2L1	4720	4126	4809	3443	3768	3870	3182
ENSG00000006459	KDM7A	321	300	359	136	238	269	193
ENSG00000006468	ETV1	629	544	578	409	475	517	418
ENSG00000006530	AGK	1606	1216	1514	1169	1229	1317	996
ENSG00000006534	ALDH3B1	11461	9775	11654	8625	9207	9455	7113
ENSG00000006555	TTC22	0	0	0	0	1	1	1
ENSG00000006576	PHTF2	1210	1182	1379	960	1111	1120	935
ENSG00000006606	CCL26	26	23	43	23	33	37	22
ENSG00000006607	FARP2	1638	1404	1602	1015	1227	1327	1086
ENSG00000006611	USH1C	439	413	491	351	330	374	285
ENSG00000006625	GGCT	1434	1231	1445	1089	1248	1209	986
ENSG00000006634	DBF4	469	466	398	363	409	454	367
ENSG00000006638	TBXA2R	64	48	66	43	44	62	24
ENSG00000006652	IFRD1	985	851	1129	720	868	1062	769
ENSG00000006695	COX10	1125	1032	1034	837	920	949	709
ENSG00000006704	GTF2IRD1	1245	1097	1292	886	881	1092	788
ENSG00000006712	PAF1	5203	4503	5370	3967	4216	4415	3481
ENSG00000006715	VPS41	2188	2034	2548	1608	1843	1895	1562
ENSG00000006740	ARHGAP44	172	161	166	117	148	110	115
ENSG00000006744	ELAC2	6041	5050	5859	4270	4824	4919	3837
ENSG00000006747	SCIN	56	38	66	62	49	47	35
ENSG00000006756	ARSD	1807	1625	1880	1404	1469	1483	1211
ENSG00000006757	PNPLA4	493	393	418	313	332	362	291
ENSG00000006831	ADIPOR2	4665	3881	4520	3278	3641	3712	3120
ENSG00000006837	CDKL3	25	34	36	25	39	32	29
ENSG00000007001	UPP2	0	0	0	2	0	1	0
ENSG00000007047	MARK4	788	650	700	539	566	586	485
ENSG00000007062	PROM1	5	4	9	1	0	3	1
ENSG00000007080	CCDC124	3259	2834	2895	2463	2706	2751	2202
ENSG00000007129	CEACAM21	1	1	0	0	0	0	1
ENSG00000007168	PAFAH1B1	8677	7504	9199	5867	7287	7353	5954
ENSG00000007171	NOS2	7	0	0	0	0	4	8
ENSG00000007174	DNAH9	0	0	0	0	3	0	0
ENSG00000007202	KIAA0100	14324	12674	14591	9721	11548	11435	9395
ENSG00000007216	SLC13A2	16	11	17	18	7	9	16
ENSG00000007237	GAS7	26	28	19	18	27	26	24
ENSG00000007255	TRAPPC6A	1005	943	992	783	807	869	687
ENSG00000007264	MATK	2	0	2	4	2	3	3
ENSG00000007306	CEACAM7	10	16	16	19	12	16	10
ENSG00000007314	SCN4A	11	3	1	5	2	2	2
ENSG00000007341	ST7L	61	84	76	58	50	71	61
ENSG00000007372	PAX6	38	32	32	21	37	13	20
ENSG00000007376	RPUSD1	1538	1305	1677	1168	1315	1357	986
ENSG00000007384	RHBDF1	1170	1089	1154	908	907	861	745
ENSG00000007392	LUC7L	1684	1507	1764	1306	1421	1489	1162
ENSG00000007402	CACNA2D2	25	27	30	8	25	22	11
ENSG00000007516	BAIAP3	110	73	109	78	69	60	49
ENSG00000007520	TSR3	2140	2033	2325	1703	1820	1913	1439
ENSG00000007541	PIGQ	2135	1864	2156	1603	1493	1710	1421
ENSG00000007545	CRAMP1	1757	1489	1667	1098	1264	1297	1107
ENSG00000007866	TEAD3	491	390	487	330	362	381	291
ENSG00000007908	SELE	1	3	0	1	0	1	0
ENSG00000007923	DNAJC11	2580	2186	2779	1879	2277	2218	1791
ENSG00000007944	MYLIP	736	668	760	578	519	604	492
ENSG00000007952	NOX1	97	90	92	56	55	64	54
ENSG00000007968	E2F2	1088	936	1133	828	921	924	697
ENSG00000008018	PSMB1	4386	3952	4333	3205	3502	3796	3009
ENSG00000008056	SYN1	6	5	8	7	3	6	1
ENSG00000008083	JARID2	1229	1085	1273	888	1033	1052	837
ENSG00000008086	CDKL5	1049	987	1216	696	898	941	744
ENSG00000008118	CAMK1G	3	3	2	1	2	1	1
ENSG00000008128	CDK11A	1510	1343	1845	1019	1206	1156	955
ENSG00000008130	NADK	2461	2142	2629	1905	2019	2002	1621
ENSG00000008196	TFAP2B	0	0	0	0	0	0	1
ENSG00000008226	DLEC1	2	3	6	1	4	3	0
ENSG00000008256	CYTH3	1772	1624	1791	1232	1402	1483	1192
ENSG00000008277	ADAM22	128	106	124	66	95	100	66
ENSG00000008282	SYPL1	5095	4441	4997	3519	3890	4323	3529
ENSG00000008283	CYB561	2378	2124	2465	1667	1852	1986	1609
ENSG00000008294	SPAG9	6092	5291	6583	4127	5070	5074	4222
ENSG00000008300	CELSR3	1223	1137	1382	856	1034	978	885
ENSG00000008311	AASS	0	0	10	0	0	0	0
ENSG00000008323	PLEKHG6	103	71	90	67	81	74	67
ENSG00000008324	SS18L2	496	421	468	333	347	346	314
ENSG00000008382	MPND	367	333	375	282	326	286	229
ENSG00000008394	MGST1	17835	15239	16425	13282	14125	15549	12028
ENSG00000008405	CRY1	996	834	1009	741	858	839	696
ENSG00000008438	PGLYRP1	7	9	12	4	4	7	5
ENSG00000008441	NFIX	1582	1173	1550	1089	1302	1206	919
ENSG00000008513	ST3GAL1	2179	1855	2126	1390	1677	1642	1327
ENSG00000008516	MMP25	26	29	46	43	14	16	26
ENSG00000008517	IL32	740	667	755	571	627	640	469
ENSG00000008710	PKD1	3485	3255	3961	2437	2757	2781	2249
ENSG00000008735	MAPK8IP2	263	236	256	171	173	181	131
ENSG00000008838	MED24	3894	3249	3826	2840	3035	3198	2424
ENSG00000008853	RHOBTB2	1427	1389	1587	1097	1271	1265	1164
ENSG00000008869	HEATR5B	1285	1118	1403	865	1133	988	844
ENSG00000008952	SEC62	6770	5919	6575	5132	5342	5591	4734
ENSG00000008988	RPS20	19363	16908	20323	15246	15991	17083	13616
ENSG00000009307	CSDE1	13661	11854	14019	9825	11392	11804	9606
ENSG00000009335	UBE3C	5838	5200	6120	4195	4899	5003	4146
ENSG00000009413	REV3L	868	729	855	211	309	442	377
ENSG00000009694	TENM1	1	2	1	2	0	0	2
ENSG00000009709	PAX7	698	665	737	537	618	605	489
ENSG00000009724	MASP2	33	24	34	16	25	21	13
ENSG00000009765	IYD	21	25	17	7	10	11	15
ENSG00000009780	FAM76A	338	249	318	226	238	275	213
ENSG00000009830	POMT2	1441	1347	1453	1057	1204	1223	925
ENSG00000009844	VTA1	2100	1878	2068	1516	1789	1794	1416
ENSG00000009950	MLXIPL	514	505	585	404	384	522	396
ENSG00000009954	BAZ1B	9609	8326	10143	6680	8173	8140	6743
ENSG00000010017	RANBP9	1319	1101	1105	986	991	1053	848
ENSG00000010030	ETV7	2	3	3	2	0	2	0
ENSG00000010072	SPRTN	942	813	964	654	768	795	679
ENSG00000010165	METTL13	3675	3172	3483	2409	2944	2942	2346
ENSG00000010219	DYRK4	298	280	228	263	189	219	200
ENSG00000010244	ZNF207	9689	8407	9248	6718	7955	8254	6748
ENSG00000010256	UQCRC1	6580	5634	6309	4836	5059	5340	4297
ENSG00000010270	STARD3NL	1953	1790	2047	1524	1581	1702	1355
ENSG00000010278	CD9	4523	3873	4655	3447	3397	3915	2923
ENSG00000010282	HHATL	0	0	0	1	0	0	0
ENSG00000010292	NCAPD2	12052	10336	12801	8568	9621	9957	7865
ENSG00000010295	IFFO1	1	10	2	0	0	0	0
ENSG00000010310	GIPR	194	177	169	122	116	124	98
ENSG00000010318	PHF7	59	45	60	27	45	46	32
ENSG00000010319	SEMA3G	16	14	17	10	15	10	6
ENSG00000010322	NISCH	1639	1493	1840	1193	1274	1399	1035
ENSG00000010327	STAB1	2	0	3	0	0	0	0
ENSG00000010361	FUZ	529	450	524	446	423	397	348
ENSG00000010379	SLC6A13	5	3	1	2	2	2	0
ENSG00000010404	IDS	6757	5685	7449	4811	5607	6074	4778
ENSG00000010438	PRSS3	1072	886	997	760	774	823	638
ENSG00000010539	ZNF200	392	299	379	270	354	331	259
ENSG00000010610	CD4	1	2	1	0	0	1	3
ENSG00000010626	LRRC23	368	347	295	205	301	294	235
ENSG00000010671	BTK	0	0	0	0	0	0	3
ENSG00000010704	HFE	2180	1919	2241	1529	1745	1808	1369
ENSG00000010803	SCMH1	980	925	985	783	809	828	683
ENSG00000010810	FYN	38	23	30	28	20	36	29
ENSG00000010818	HIVEP2	703	605	756	514	546	576	524
ENSG00000011007	ELOA	1559	1250	1672	1152	1369	1476	1182
ENSG00000011009	LYPLA2	2167	1801	2181	1725	1665	1728	1336
ENSG00000011021	CLCN6	946	875	877	662	764	755	677
ENSG00000011028	MRC2	5025	4312	5214	3461	3657	3419	3151
ENSG00000011052	NME1-NME2	124	94	137	89	94	87	88
ENSG00000011083	SLC6A7	1	0	0	1	0	0	0
ENSG00000011105	TSPAN9	899	777	890	633	693	709	537
ENSG00000011114	BTBD7	1207	1200	1524	775	1145	1065	1105
ENSG00000011132	APBA3	400	346	370	313	280	311	264
ENSG00000011143	MKS1	451	327	442	290	296	367	308
ENSG00000011198	ABHD5	547	296	544	384	436	528	329
ENSG00000011201	ANOS1	1	0	2	3	1	0	1
ENSG00000011243	AKAP8L	1170	930	1197	829	939	1026	790
ENSG00000011258	MBTD1	962	890	1023	678	715	796	684
ENSG00000011260	UTP18	3353	2946	3530	2544	2803	3110	2422
ENSG00000011275	RNF216	2666	2285	2771	1993	2152	2288	1753
ENSG00000011295	TTC19	1806	1660	1470	1206	1337	1347	1163
ENSG00000011304	PTBP1	19549	16810	18239	14092	15961	15870	13118
ENSG00000011332	DPF1	164	191	156	106	135	147	95
ENSG00000011347	SYT7	96	87	102	75	68	83	52
ENSG00000011376	LARS2	1127	1032	1155	774	999	888	778
ENSG00000011405	PIK3C2A	3870	3335	4124	2589	3026	3215	2647
ENSG00000011422	PLAUR	1469	1179	1416	1066	1097	1106	903
ENSG00000011426	ANLN	8927	7749	9515	6082	7072	7209	6010
ENSG00000011451	WIZ	2183	1791	2141	1618	1625	1767	1313
ENSG00000011454	RABGAP1	2240	1893	2633	1644	1902	1798	1581
ENSG00000011478	QPCTL	846	715	787	614	541	645	493
ENSG00000011485	PPP5C	5429	4619	4645	3812	4171	4150	3379
ENSG00000011523	CEP68	817	569	764	553	658	570	620
ENSG00000011566	MAP4K3	1842	1698	2138	1327	1654	1651	1338
ENSG00000011590	ZBTB32	0	9	0	0	8	0	0
ENSG00000011600	TYROBP	0	2	0	0	0	0	0
ENSG00000011638	LDAF1	598	540	575	457	458	531	383
ENSG00000011677	GABRA3	31	24	35	21	17	20	19
ENSG00000012048	BRCA1	4645	4104	4889	3107	3803	3982	3207
ENSG00000012061	ERCC1	3951	3219	3837	2973	3067	3424	2509
ENSG00000012124	CD22	35	69	58	56	58	57	53
ENSG00000012171	SEMA3B	1033	1103	1130	754	958	870	778
ENSG00000012174	MBTPS2	3720	3242	3855	2414	3022	3132	2630
ENSG00000012211	PRICKLE3	984	890	912	720	777	810	674
ENSG00000012232	EXTL3	2233	1877	2245	1415	1593	1561	1302
ENSG00000012504	NR1H4	174	152	159	118	135	155	113
ENSG00000012660	ELOVL5	6213	5382	6160	4298	5010	5262	4198
ENSG00000012779	ALOX5	73	76	79	51	46	70	53
ENSG00000012817	KDM5D	481	435	569	423	422	453	346
ENSG00000012822	CALCOCO1	1304	1026	1283	869	888	895	753
ENSG00000012963	UBR7	2033	1897	2278	1609	1868	1823	1500
ENSG00000012983	MAP4K5	1750	1646	1799	1267	1501	1509	1289
ENSG00000013016	EHD3	680	578	653	527	506	490	466
ENSG00000013275	PSMC4	13278	11519	12690	9705	10628	11128	8740
ENSG00000013288	MAN2B2	1803	1561	1778	1261	1393	1427	1203
ENSG00000013293	SLC7A14	21	22	21	20	18	16	11
ENSG00000013297	CLDN11	17	9	5	0	7	12	18
ENSG00000013306	SLC25A39	5618	4716	5454	4115	4525	4738	3692
ENSG00000013364	MVP	11923	10173	12109	8817	9273	9456	7607
ENSG00000013374	NUB1	3033	2585	2918	2170	2389	2435	2011
ENSG00000013375	PGM3	1205	1000	1367	1020	921	1110	866
ENSG00000013392	RWDD2A	247	176	211	174	166	180	168
ENSG00000013441	CLK1	597	468	541	486	421	512	369
ENSG00000013503	POLR3B	498	404	519	360	423	456	338
ENSG00000013523	ANGEL1	1165	1033	1303	843	1026	949	793
ENSG00000013561	RNF14	2010	1869	2197	1538	1650	1862	1448
ENSG00000013563	DNASE1L1	1189	1129	1252	931	1059	1019	814
ENSG00000013573	DDX11	2946	2621	2814	2144	2356	2407	1867
ENSG00000013583	HEBP1	1473	1262	1415	1020	1147	1230	970
ENSG00000013588	GPRC5A	10401	8789	10456	8175	8256	8804	6773
ENSG00000013619	MAMLD1	433	331	411	304	362	342	251
ENSG00000013725	CD6	6	2	7	1	0	0	2
ENSG00000013810	TACC3	4800	4115	5243	3561	3824	3980	3239
ENSG00000014123	UFL1	1226	1151	1344	827	1061	1086	871
ENSG00000014138	POLA2	1184	1017	1298	912	969	1043	697
ENSG00000014164	ZC3H3	2067	1668	1909	1433	1581	1590	1329
ENSG00000014216	CAPN1	10555	9203	10467	7855	8180	8374	6763
ENSG00000014257	ACP3	15	14	19	9	11	16	12
ENSG00000014641	MDH1	7131	6131	7339	5360	5907	6205	4864
ENSG00000014824	SLC30A9	1419	1280	1206	968	1095	1206	925
ENSG00000014914	MTMR11	856	730	852	591	619	679	439
ENSG00000014919	COX15	3654	3149	4013	2594	3027	3073	2477
ENSG00000015133	CCDC88C	759	704	809	586	653	681	563
ENSG00000015153	YAF2	1046	829	1001	746	829	872	668
ENSG00000015171	ZMYND11	3941	3384	4199	2660	3363	3468	2920
ENSG00000015285	WAS	32	16	24	17	12	15	22
ENSG00000015413	DPEP1	43	45	38	33	35	37	31
ENSG00000015475	BID	1919	1649	1951	1425	1501	1573	1362
ENSG00000015479	MATR3	10075	8117	10009	6784	8651	9128	7718
ENSG00000015520	NPC1L1	4	1	7	1	3	0	3
ENSG00000015532	XYLT2	2259	1967	2081	1602	1674	1720	1459
ENSG00000015568	RGPD5	16	7	634	4	10	8	892
ENSG00000015592	STMN4	0	0	1	0	1	0	0
ENSG00000015676	NUDCD3	1405	1230	1148	731	975	1054	871
ENSG00000016082	ISL1	3	1	4	0	0	0	0
ENSG00000016391	CHDH	1244	1187	1324	901	1012	1058	899
ENSG00000016402	IL20RA	2	0	0	1	0	3	1
ENSG00000016864	GLT8D1	1307	1158	1244	1056	1032	1121	873
ENSG00000017260	ATP2C1	3347	3036	3706	2491	2765	2802	2354
ENSG00000017427	IGF1	0	3	0	0	0	0	0
ENSG00000017483	SLC38A5	3	2	3	2	1	12	0
ENSG00000017797	RALBP1	3583	3168	3782	2771	2929	3050	2483
ENSG00000018189	RUFY3	558	503	536	400	399	413	344
ENSG00000018236	CNTN1	24854	22023	26210	16754	20345	21046	17630
ENSG00000018280	SLC11A1	21	22	28	32	20	6	12
ENSG00000018408	WWTR1	11848	10136	12709	8269	9363	10128	7959
ENSG00000018510	AGPS	2006	1759	2141	1582	1495	1616	1360
ENSG00000018610	STEEP1	1471	1268	1480	1056	1194	1249	1075
ENSG00000018625	ATP1A2	1	5	1	1	3	6	0
ENSG00000018699	TTC27	1362	1165	1311	988	1060	1143	928
ENSG00000018869	ZNF582	16	21	12	5	13	10	9
ENSG00000019102	VSIG2	1	4	2	1	2	2	0
ENSG00000019144	PHLDB1	569	596	680	528	410	487	313
ENSG00000019186	CYP24A1	39455	34276	41895	27085	31073	32765	26784
ENSG00000019485	PRDM11	772	693	784	553	609	674	554
ENSG00000019505	SYT13	6240	5426	6337	4365	4768	4902	4058
ENSG00000019549	SNAI2	7	7	13	7	4	4	7
ENSG00000019582	CD74	2	1	0	0	0	0	1
ENSG00000019991	HGF	46	39	50	18	32	33	29
ENSG00000019995	ZRANB1	1470	1275	1689	1154	1167	1257	1040
ENSG00000020129	NCDN	1226	1141	1298	938	1001	1050	826
ENSG00000020181	ADGRA2	286	233	315	166	247	209	154
ENSG00000020256	ZFP64	1266	1116	1234	987	1065	1062	863
ENSG00000020426	MNAT1	1145	920	1127	782	891	945	806
ENSG00000020577	SAMD4A	327	293	387	252	250	289	222
ENSG00000020633	RUNX3	881	777	864	632	772	752	582
ENSG00000020922	MRE11	1931	1651	2080	1274	1541	1656	1317
ENSG00000021300	PLEKHB1	93	80	60	64	52	54	58
ENSG00000021355	SERPINB1	4085	3523	3878	2989	3055	3283	2492
ENSG00000021461	CYP3A43	0	0	1	0	0	2	0
ENSG00000021488	SLC7A9	19	15	14	10	22	11	0
ENSG00000021574	SPAST	1638	1430	1835	1155	1356	1479	1261
ENSG00000021645	NRXN3	68	50	57	48	37	49	31
ENSG00000021762	OSBPL5	748	644	739	549	504	586	475
ENSG00000021776	AQR	3582	3266	3535	2676	2794	2948	2527
ENSG00000021826	CPS1	10504	9155	11321	6730	8322	8502	6788
ENSG00000022267	FHL1	487	354	526	365	380	425	310
ENSG00000022277	RTF2	4070	3605	4042	3078	3384	3555	2810
ENSG00000022355	GABRA1	1	1	0	0	0	0	0
ENSG00000022556	NLRP2	3476	2979	3786	2487	2880	2923	2334
ENSG00000022567	SLC45A4	3160	2768	3402	2354	2480	2705	2204
ENSG00000022840	RNF10	6602	5634	6911	4866	5483	5625	4572
ENSG00000022976	ZNF839	649	525	579	412	454	510	406
ENSG00000023041	ZDHHC6	1623	1416	1666	1334	1297	1441	1133
ENSG00000023171	GRAMD1B	7476	6788	7585	4887	5755	6127	5070
ENSG00000023191	RNH1	7443	6286	7925	5659	6176	6537	4921
ENSG00000023228	NDUFS1	4649	4150	5172	3446	3865	3983	3168
ENSG00000023287	RB1CC1	3177	2734	3519	2377	2593	2741	2205
ENSG00000023318	ERP44	2419	1996	2152	1664	1879	1984	1535
ENSG00000023330	ALAS1	2380	1987	2253	1775	1916	2050	1595
ENSG00000023445	BIRC3	2076	1771	2145	1511	1704	1693	1397
ENSG00000023516	AKAP11	2381	2236	2917	1578	2070	2171	1780
ENSG00000023572	GLRX2	602	532	636	458	496	534	494
ENSG00000023608	SNAPC1	1094	991	1204	833	955	1047	746
ENSG00000023697	DERA	1770	1576	1995	1384	1479	1593	1330
ENSG00000023734	STRAP	8924	7519	8829	6402	7263	7819	6191
ENSG00000023839	ABCC2	30527	26848	30819	20280	24707	26033	21310
ENSG00000023892	DEF6	0	0	2	0	0	4	0
ENSG00000023902	PLEKHO1	204	161	222	157	141	135	139
ENSG00000023909	GCLM	10747	9556	11045	7754	9221	10214	7857
ENSG00000024048	UBR2	1501	1365	1578	971	1239	1187	1067
ENSG00000024422	EHD2	11446	9446	11779	8804	9164	9065	7449
ENSG00000024526	DEPDC1	2132	1921	2275	1490	1737	1872	1611
ENSG00000024862	CCDC28A	476	417	482	366	347	370	344
ENSG00000025039	RRAGD	238	197	245	180	208	224	170
ENSG00000025156	HSF2	439	387	467	307	353	377	286
ENSG00000025293	PHF20	1910	1756	2186	1368	1643	1660	1295
ENSG00000025423	HSD17B6	41	26	60	24	45	39	11
ENSG00000025434	NR1H3	491	499	485	394	404	397	344
ENSG00000025708	TYMP	505	420	526	389	396	383	285
ENSG00000025770	NCAPH2	1598	1343	1571	1180	1344	1414	1055
ENSG00000025772	TOMM34	1776	1520	1750	1348	1486	1580	1240
ENSG00000025796	SEC63	3563	3038	3726	2625	3040	3106	2523
ENSG00000025800	KPNA6	3997	3250	3873	2901	3043	3130	2566
ENSG00000026025	VIM	42058	34030	41815	31862	34546	36058	28132
ENSG00000026103	FAS	220	205	236	155	173	145	229
ENSG00000026297	RNASET2	308	258	245	261	214	245	207
ENSG00000026508	CD44	24884	21105	24865	17917	19766	20448	16695
ENSG00000026559	KCNG1	178	188	176	132	159	140	119
ENSG00000026652	AGPAT4	257	237	269	197	198	160	150
ENSG00000026751	SLAMF7	7	9	12	15	11	7	11
ENSG00000026950	BTN3A1	505	407	469	371	355	339	315
ENSG00000027001	MIPEP	1100	918	1103	831	868	931	751
ENSG00000027075	PRKCH	380	316	400	269	261	296	241
ENSG00000027644	INSRR	1	0	1	0	0	0	0
ENSG00000027697	IFNGR1	2028	1788	1908	1417	1592	1620	1424
ENSG00000027847	B4GALT7	1017	835	898	702	760	784	621
ENSG00000027869	SH2D2A	36	29	57	36	41	27	18
ENSG00000028116	VRK2	1185	1042	1205	820	984	959	852
ENSG00000028137	TNFRSF1B	14	14	20	14	0	0	14
ENSG00000028203	VEZT	1568	1514	1438	1151	1304	1426	1094
ENSG00000028277	POU2F2	42	55	51	60	47	42	30
ENSG00000028310	BRD9	1147	871	1139	791	835	906	672
ENSG00000028528	SNX1	5968	5405	5810	4093	4550	4641	3899
ENSG00000028839	TBPL1	596	565	579	444	479	466	454
ENSG00000029153	ARNTL2	1175	1059	1301	871	978	944	915
ENSG00000029363	BCLAF1	7519	6421	7897	5105	5785	6353	5337
ENSG00000029364	SLC39A9	4467	3874	4738	3177	3620	3823	3099
ENSG00000029534	ANK1	815	680	854	570	603	678	555
ENSG00000029639	TFB1M	296	231	318	259	220	255	185
ENSG00000029725	RABEP1	3090	2889	3611	2208	2723	2692	2339
ENSG00000029993	HMGB3	7009	6161	7417	5280	5887	6292	4797
ENSG00000030066	NUP160	3603	3300	3938	2388	3113	3244	2547
ENSG00000030110	BAK1	909	801	783	622	683	783	609
ENSG00000030304	MUSK	0	2	4	0	0	0	0
ENSG00000030419	IKZF2	29	44	37	21	19	27	30
ENSG00000030582	GRN	9953	8332	10087	7546	7625	8022	6292
ENSG00000031003	FAM13B	1282	1048	1310	813	994	969	833
ENSG00000031081	ARHGAP31	133	121	146	106	113	99	88
ENSG00000031691	CENPQ	606	530	603	439	500	521	385
ENSG00000031698	SARS1	3297	2738	3556	2513	2724	2895	2212
ENSG00000031823	RANBP3	2450	2001	2395	1787	1918	1926	1595
ENSG00000032219	ARID4A	1159	952	1312	864	871	909	791
ENSG00000032389	EIPR1	1813	1519	1771	1203	1330	1502	1157
ENSG00000032444	PNPLA6	4595	4090	4505	3354	3502	3707	2853
ENSG00000032742	IFT88	851	759	928	599	677	748	564
ENSG00000033011	ALG1	1736	1396	1611	1270	1244	1297	1010
ENSG00000033030	ZCCHC8	1210	1134	1190	848	1160	1130	864
ENSG00000033050	ABCF2	4389	3737	3511	2960	3505	3627	2968
ENSG00000033100	CHPF2	2591	2166	2451	1748	1918	2040	1703
ENSG00000033122	LRRC7	92	79	112	71	64	72	53
ENSG00000033170	FUT8	858	761	988	593	596	691	570
ENSG00000033178	UBA6	2076	1812	2223	1452	1677	1736	1532
ENSG00000033327	GAB2	455	389	431	308	330	369	334
ENSG00000033627	ATP6V0A1	3163	2792	3232	2045	2404	2633	2173
ENSG00000033800	PIAS1	2971	2531	2753	2081	2288	2361	1953
ENSG00000033867	SLC4A7	2518	2338	2787	1736	2121	2145	1838
ENSG00000034053	APBA2	1193	991	1241	935	938	1076	752
ENSG00000034152	MAP2K3	2154	1973	2067	1587	1789	1914	1519
ENSG00000034510	TMSB10	37622	32491	40767	29270	30037	33044	24729
ENSG00000034533	ASTE1	234	185	185	147	127	183	150
ENSG00000034677	RNF19A	3243	2790	3413	2154	2449	2553	2166
ENSG00000034693	PEX3	432	352	436	307	354	381	297
ENSG00000034713	GABARAPL2	2029	1808	2237	1548	1619	1752	1403
ENSG00000035115	SH3YL1	160	142	163	139	137	120	104
ENSG00000035141	FAM136A	3590	3254	3514	2681	3162	3175	2609
ENSG00000035403	VCL	9391	8194	9926	6666	7257	7499	6262
ENSG00000035499	DEPDC1B	1204	1000	1289	801	920	981	789
ENSG00000035664	DAPK2	128	122	126	102	106	108	88
ENSG00000035681	NSMAF	1950	1728	1990	1460	1782	1721	1356
ENSG00000035687	ADSS2	3653	3251	3883	2625	2992	3142	2567
ENSG00000035720	STAP1	0	0	0	0	0	1	0
ENSG00000035862	TIMP2	6016	5020	7024	4786	4753	4988	3937
ENSG00000035928	RFC1	2477	2186	2630	1817	2009	2107	1683
ENSG00000036054	TBC1D23	1293	1102	1434	815	1018	1131	902
ENSG00000036257	CUL3	4420	3947	4539	3086	3716	3776	2841
ENSG00000036448	MYOM2	24	24	9	15	13	21	14
ENSG00000036530	CYP46A1	0	4	3	3	2	2	2
ENSG00000036549	ZZZ3	1200	1093	1222	799	1048	1038	833
ENSG00000036672	USP2	57	42	56	50	30	39	38
ENSG00000036828	CASR	100	93	142	91	98	101	76
ENSG00000037042	TUBG2	746	626	654	549	485	539	425
ENSG00000037241	RPL26L1	1278	1189	1108	939	1013	1116	844
ENSG00000037280	FLT4	188	135	149	140	132	112	120
ENSG00000037474	NSUN2	4578	3888	4729	3221	3600	3824	3189
ENSG00000037637	FBXO42	829	707	885	657	672	615	542
ENSG00000037749	MFAP3	1472	1359	1538	1069	1251	1366	1082
ENSG00000037757	MRI1	1159	1028	1158	796	872	956	698
ENSG00000037897	METTL1	858	735	840	654	772	802	554
ENSG00000037965	HOXC8	205	176	211	178	184	162	139
ENSG00000038002	AGA	732	712	757	546	628	715	521
ENSG00000038210	PI4K2B	839	785	860	598	766	698	580
ENSG00000038219	BOD1L1	4921	4209	5266	3350	3840	3884	3299
ENSG00000038274	MAT2B	2919	2453	2725	2191	2366	2499	2051
ENSG00000038295	TLL1	58	55	31	48	42	40	37
ENSG00000038358	EDC4	3603	3220	3621	2594	2816	2885	2365
ENSG00000038382	TRIO	3610	3206	4174	2469	2862	2874	2634
ENSG00000038427	VCAN	12657	11369	13589	8425	9726	9928	8321
ENSG00000038532	CLEC16A	1129	930	1147	766	863	840	738
ENSG00000039068	CDH1	4412	3900	4730	3235	3234	3429	2795
ENSG00000039123	MTREX	4339	3933	4665	3105	3722	3811	3049
ENSG00000039139	DNAH5	135	104	150	106	108	97	91
ENSG00000039319	ZFYVE16	1847	1744	2080	1210	1688	1641	1482
ENSG00000039523	RIPOR1	2366	1934	2169	1744	1872	1858	1590
ENSG00000039537	C6	1	0	1	1	1	1	1
ENSG00000039560	RAI14	4281	3625	4636	3034	3372	3398	2749
ENSG00000039600	SOX30	0	0	1	0	0	0	0
ENSG00000039650	PNKP	1506	1252	1424	1040	1198	1067	875
ENSG00000039987	BEST2	0	1	0	0	3	1	3
ENSG00000040199	PHLPP2	1072	944	1206	656	903	852	729
ENSG00000040275	SPDL1	3220	2773	3501	2335	2686	2716	2187
ENSG00000040341	STAU2	2362	2118	2435	1677	1947	2011	1635
ENSG00000040487	SLC66A1	554	472	544	388	464	465	376
ENSG00000040531	CTNS	1130	956	991	693	822	859	764
ENSG00000040608	RTN4R	216	207	209	138	161	197	171
ENSG00000040633	PHF23	3078	2684	2961	2259	2511	2542	1937
ENSG00000040731	CDH10	8	5	0	6	5	4	0
ENSG00000040933	INPP4A	1360	1172	1399	897	1060	1081	919
ENSG00000041353	RAB27B	4303	3825	4531	2924	3853	3889	3237
ENSG00000041357	PSMA4	8104	7278	8276	6436	6803	7378	5960
ENSG00000041515	MYO16	9	5	12	6	7	8	3
ENSG00000041802	LSG1	2575	2011	2556	1711	2063	2082	1668
ENSG00000041880	PARP3	392	363	434	286	259	332	242
ENSG00000041982	TNC	414	424	454	271	336	316	257
ENSG00000041988	THAP3	371	321	389	264	286	306	246
ENSG00000042062	RIPOR3	5	4	2	2	1	5	3
ENSG00000042088	TDP1	922	761	918	679	724	825	589
ENSG00000042286	AIFM2	3962	3538	3629	2924	3185	3209	2670
ENSG00000042317	SPATA7	260	225	247	181	211	217	154
ENSG00000042429	MED17	111	82	94	164	107	21	66
ENSG00000042445	RETSAT	2827	2561	2758	1943	2281	2299	1798
ENSG00000042493	CAPG	2340	2200	2373	1795	1888	1886	1465
ENSG00000042753	AP2S1	5830	5013	5544	4234	4348	4643	3654
ENSG00000042781	USH2A	8	3	7	8	3	6	2
ENSG00000042832	TG	6	2	3	4	0	0	0
ENSG00000042980	ADAM28	68	70	42	35	59	36	45
ENSG00000043039	BARX2	0	0	1	0	0	0	0
ENSG00000043093	DCUN1D1	1611	1414	1679	1109	1400	1517	1199
ENSG00000043143	JADE2	4604	3870	4395	3114	3787	3542	3009
ENSG00000043355	ZIC2	650	593	683	551	539	616	468
ENSG00000043514	TRIT1	455	447	483	343	354	306	343
ENSG00000043591	ADRB1	37	37	40	29	35	28	25
ENSG00000044012	GUCA2B	3	4	5	10	6	2	6
ENSG00000044090	CUL7	1016	831	978	721	851	652	629
ENSG00000044115	CTNNA1	14847	13104	15504	10732	11915	12309	10013
ENSG00000044446	PHKA2	1436	1286	1614	1019	1260	1236	990
ENSG00000044459	CNTLN	925	774	945	630	807	825	617
ENSG00000044524	EPHA3	3	0	2	0	0	0	0
ENSG00000044574	HSPA5	35848	30556	35876	25347	27930	29259	23108
ENSG00000046604	DSG2	9103	7663	9115	6165	7065	7165	6039
ENSG00000046647	GEMIN8	557	454	581	421	455	453	318
ENSG00000046651	OFD1	783	737	831	640	649	717	578
ENSG00000046653	GPM6B	42	33	49	28	44	31	29
ENSG00000046774	MAGEC2	0	0	1	0	0	1	0
ENSG00000046889	PREX2	0	0	0	1	0	0	0
ENSG00000047056	WDR37	657	544	628	450	565	536	480
ENSG00000047188	YTHDC2	2179	1881	2445	1451	1692	1820	1486
ENSG00000047230	CTPS2	1467	1344	1509	990	1123	1299	1034
ENSG00000047249	ATP6V1H	1049	1010	1105	885	912	943	744
ENSG00000047315	POLR2B	5382	4797	6024	3872	4475	4897	3821
ENSG00000047346	FAM214A	937	711	1112	640	864	665	605
ENSG00000047365	ARAP2	96	89	119	67	78	88	60
ENSG00000047410	TPR	9984	8770	10864	6811	8046	7993	6784
ENSG00000047457	CP	4719	3820	5243	3936	3444	3554	2653
ENSG00000047578	KATNIP	1612	1398	1605	1083	1178	1305	1047
ENSG00000047579	DTNBP1	412	361	396	326	306	342	285
ENSG00000047597	XK	176	151	172	122	151	164	133
ENSG00000047617	ANO2	0	0	1	0	0	0	0
ENSG00000047621	C12orf4	739	702	838	535	644	662	559
ENSG00000047634	SCML1	528	440	472	381	312	436	324
ENSG00000047644	WWC3	3610	3196	3850	2719	3077	3054	2515
ENSG00000047648	ARHGAP6	0	0	0	0	0	1	2
ENSG00000047662	FAM184B	2	2	0	0	2	1	1
ENSG00000047849	MAP4	11570	9835	11163	8506	9088	9193	7653
ENSG00000047932	GOPC	2502	2153	2691	1759	1900	2141	1659
ENSG00000047936	ROS1	39	35	29	26	27	21	19
ENSG00000048028	USP28	1397	1158	1508	983	1107	1163	955
ENSG00000048052	HDAC9	67	71	58	30	39	52	50
ENSG00000048140	TSPAN17	3169	2758	2912	2310	2483	2594	1967
ENSG00000048162	NOP16	1852	1571	2024	1392	1586	1669	1215
ENSG00000048342	CC2D2A	888	796	852	595	693	768	619
ENSG00000048392	RRM2B	2521	2246	2488	1669	2019	2093	1767
ENSG00000048405	ZNF800	696	581	734	442	629	616	533
ENSG00000048471	SNX29	470	424	482	340	378	392	327
ENSG00000048540	LMO3	10	8	9	5	6	2	6
ENSG00000048544	MRPS10	1919	1703	1999	1466	1650	1762	1384
ENSG00000048545	GUCA1A	15	11	16	18	13	15	12
ENSG00000048649	RSF1	2436	2049	2712	1817	1957	2083	1720
ENSG00000048707	VPS13D	1149	1095	1388	697	926	961	823
ENSG00000048740	CELF2	1	1	0	0	0	0	0
ENSG00000048828	FAM120A	11944	10235	12873	8530	10079	10629	8256
ENSG00000048991	R3HDM1	2442	2002	2368	1729	1914	1998	1728
ENSG00000049089	COL9A2	13	16	7	6	10	11	6
ENSG00000049130	KITLG	1410	1318	1503	999	1179	1364	1049
ENSG00000049167	ERCC8	519	364	508	318	327	324	255
ENSG00000049192	ADAMTS6	20	17	20	6	19	13	10
ENSG00000049239	H6PD	2161	1834	2199	1471	1606	1545	1349
ENSG00000049245	VAMP3	3270	2692	3316	2478	2571	2670	2151
ENSG00000049246	PER3	258	214	240	207	245	245	192
ENSG00000049249	TNFRSF9	64	57	73	48	56	32	38
ENSG00000049283	EPN3	11	6	22	9	22	11	17
ENSG00000049323	LTBP1	1429	1240	1493	968	1049	1163	943
ENSG00000049449	RCN1	9566	8452	9698	6956	7927	8276	6635
ENSG00000049540	ELN	105	101	101	84	73	81	70
ENSG00000049541	RFC2	2150	1715	2146	1599	1676	1739	1382
ENSG00000049618	ARID1B	1908	1564	1771	1219	1565	1500	1301
ENSG00000049656	CLPTM1L	6497	5604	6773	4784	5495	5352	4152
ENSG00000049759	NEDD4L	3251	2593	3036	2133	2414	2556	2087
ENSG00000049768	FOXP3	11	6	10	16	4	9	10
ENSG00000049769	PPP1R3F	256	278	298	221	249	243	180
ENSG00000049860	HEXB	3949	3377	3883	3024	3075	3501	2752
ENSG00000049883	PTCD2	803	662	790	548	610	681	514
ENSG00000050030	NEXMIF	2	3	2	2	2	1	0
ENSG00000050130	JKAMP	3260	2689	2905	2152	2473	2753	1963
ENSG00000050165	DKK3	852	773	940	695	634	744	514
ENSG00000050327	ARHGEF5	311	279	362	212	256	230	219
ENSG00000050344	NFE2L3	351	295	339	252	304	287	208
ENSG00000050393	MCUR1	1315	1236	1330	959	1171	1080	942
ENSG00000050405	LIMA1	838	630	799	564	617	621	545
ENSG00000050426	LETMD1	340	325	427	286	344	329	288
ENSG00000050438	SLC4A8	120	161	183	94	111	117	107
ENSG00000050555	LAMC3	104	83	104	70	59	64	64
ENSG00000050628	PTGER3	0	0	0	0	0	1	0
ENSG00000050730	TNIP3	17	12	4	6	19	8	6
ENSG00000050748	MAPK9	2379	2106	2562	1884	1959	2161	1594
ENSG00000050820	BCAR1	3088	2630	3250	2339	2679	2566	2089
ENSG00000051009	FHIP1B	1075	961	1126	719	879	868	733
ENSG00000051108	HERPUD1	1764	1402	1650	1321	1453	1527	1200
ENSG00000051128	HOMER3	1228	1102	1325	962	980	969	769
ENSG00000051180	RAD51	654	581	624	395	426	536	465
ENSG00000051341	POLQ	1853	1639	1903	1155	1507	1593	1306
ENSG00000051382	PIK3CB	1652	1430	1929	1184	1448	1468	1187
ENSG00000051523	CYBA	11126	10448	11083	8193	8961	9035	6930
ENSG00000051596	THOC3	3016	2629	3139	2173	2609	2691	2178
ENSG00000051620	HEBP2	1772	1575	1823	1268	1355	1438	1153
ENSG00000051825	MPHOSPH9	1589	1354	1530	1086	1166	1249	1028
ENSG00000052126	PLEKHA5	1358	1251	1417	955	1079	1154	839
ENSG00000052344	PRSS8	2	1	3	0	0	1	2
ENSG00000052723	SIKE1	634	600	740	525	552	642	505
ENSG00000052749	RRP12	3487	3017	3503	2583	3003	3072	2389
ENSG00000052795	FNIP2	386	381	405	271	338	328	304
ENSG00000052802	MSMO1	1938	1638	1886	1422	1564	1701	1343
ENSG00000052841	TTC17	2920	2355	2675	1855	2317	2255	1892
ENSG00000052850	ALX4	167	150	186	138	141	133	104
ENSG00000053108	FSTL4	793	672	750	475	637	627	470
ENSG00000053254	FOXN3	1074	891	1136	770	873	923	794
ENSG00000053371	AKR7A2	1450	1277	1541	1107	1130	1218	971
ENSG00000053372	MRTO4	3222	2715	3049	2364	2728	2726	2141
ENSG00000053438	NNAT	44	33	30	19	21	33	25
ENSG00000053501	USE1	355	317	344	266	294	293	232
ENSG00000053524	MCF2L2	4	7	11	1	9	7	4
ENSG00000053702	NRIP2	29	52	49	14	44	45	27
ENSG00000053747	LAMA3	1365	1250	1632	809	1116	1093	959
ENSG00000053770	AP5M1	1732	1424	1751	1307	1357	1458	1274
ENSG00000053900	ANAPC4	773	676	864	594	616	636	589
ENSG00000053918	KCNQ1	25	17	23	31	20	21	25
ENSG00000054116	TRAPPC3	1788	1542	1782	1341	1526	1499	1208
ENSG00000054118	THRAP3	7240	6167	7105	5087	5823	5816	5143
ENSG00000054148	PHPT1	3427	3095	3161	2597	2870	2797	2229
ENSG00000054179	ENTPD2	350	328	393	303	286	292	216
ENSG00000054219	LY75	19	12	15	13	18	12	7
ENSG00000054267	ARID4B	2663	2307	2617	1881	2093	2202	1774
ENSG00000054277	OPN3	2001	1801	2050	1537	1613	1738	1336
ENSG00000054282	SDCCAG8	621	525	582	419	484	487	387
ENSG00000054356	PTPRN	0	1	1	0	0	0	0
ENSG00000054392	HHAT	241	195	208	200	186	159	156
ENSG00000054523	KIF1B	2912	2565	3018	2067	2357	2563	2049
ENSG00000054598	FOXC1	990	766	979	720	771	763	599
ENSG00000054611	TBC1D22A	1093	889	1067	858	942	888	684
ENSG00000054654	SYNE2	1686	1646	2193	821	1459	1192	1175
ENSG00000054690	PLEKHH1	226	223	257	139	177	182	165
ENSG00000054793	ATP9A	4053	3595	4248	2777	3213	3309	2895
ENSG00000054938	CHRDL2	1	3	0	0	0	4	4
ENSG00000054965	FAM168A	3245	2767	3282	2078	2489	2469	2051
ENSG00000054967	RELT	459	415	477	371	374	364	317
ENSG00000054983	GALC	2129	1976	2284	1537	1730	1812	1495
ENSG00000055044	NOP58	4671	4108	5014	3674	3933	4456	3281
ENSG00000055070	SZRD1	6655	5792	6338	4840	5311	5447	4373
ENSG00000055118	KCNH2	41	20	36	36	15	14	22
ENSG00000055130	CUL1	4032	3393	4075	2904	3288	3374	2797
ENSG00000055147	FAM114A2	837	680	857	564	629	671	525
ENSG00000055163	CYFIP2	2133	1858	2179	1492	1750	1745	1400
ENSG00000055208	TAB2	2664	2438	2807	1964	2103	2374	1959
ENSG00000055211	GINM1	1751	1447	1794	1318	1427	1495	1241
ENSG00000055332	EIF2AK2	4666	4208	4554	3234	3776	4034	3137
ENSG00000055483	USP36	3510	3209	3557	2109	2912	3047	2589
ENSG00000055609	KMT2C	1573	1497	1630	807	1251	1257	1045
ENSG00000055732	MCOLN3	132	126	152	102	123	134	88
ENSG00000055813	CCDC85A	94	55	104	55	78	65	54
ENSG00000055917	PUM2	5350	4674	5478	3751	4415	4542	3900
ENSG00000055950	MRPL43	2094	1768	1997	1612	1552	1662	1285
ENSG00000055955	ITIH4	15	18	9	12	6	16	16
ENSG00000056050	HPF1	933	801	861	657	746	768	649
ENSG00000056097	ZFR	5495	4986	6090	3820	4781	4983	4125
ENSG00000056277	ZNF280C	410	373	373	295	312	312	283
ENSG00000056291	NPFFR2	2	1	0	1	0	0	0
ENSG00000056487	PHF21B	50	50	57	59	31	43	27
ENSG00000056558	TRAF1	202	170	221	148	157	176	121
ENSG00000056586	RC3H2	2389	2040	2568	1574	2009	2001	1760
ENSG00000056736	IL17RB	182	180	208	150	122	146	140
ENSG00000056972	TRAF3IP2	435	327	403	234	316	344	228
ENSG00000056998	GYG2	599	540	671	510	474	502	346
ENSG00000057019	DCBLD2	38162	33010	40959	26083	31014	31710	26289
ENSG00000057149	SERPINB3	19	15	14	12	12	6	7
ENSG00000057252	SOAT1	3540	3153	3801	2419	2862	3078	2572
ENSG00000057294	PKP2	844	720	901	636	721	684	563
ENSG00000057468	MSH4	2	0	4	0	3	2	2
ENSG00000057593	F7	113	83	106	89	84	90	66
ENSG00000057608	GDI2	13916	12014	13932	10430	11304	11789	9623
ENSG00000057657	PRDM1	152	133	146	119	106	80	103
ENSG00000057663	ATG5	708	579	705	477	530	634	433
ENSG00000057704	TMCC3	20	25	22	15	21	14	11
ENSG00000057757	PITHD1	1080	914	1152	838	882	932	731
ENSG00000057935	MTA3	1777	1576	1754	1341	1418	1536	1247
ENSG00000058056	USP13	1183	1005	1159	766	1020	984	802
ENSG00000058063	ATP11B	1176	1147	1270	819	916	1018	917
ENSG00000058085	LAMC2	1835	1522	1990	1275	1422	1402	1215
ENSG00000058091	CDK14	6	2	3	1	1	6	1
ENSG00000058262	SEC61A1	9107	7959	8650	6864	7293	7460	6307
ENSG00000058272	PPP1R12A	3056	2655	3187	2105	2393	2627	2023
ENSG00000058335	RASGRF1	3	9	4	5	4	8	4
ENSG00000058404	CAMK2B	36	23	27	30	10	30	12
ENSG00000058453	CROCC	729	632	757	531	504	605	445
ENSG00000058600	POLR3E	1541	1355	1563	1147	1263	1040	1027
ENSG00000058668	ATP2B4	1065	968	1302	572	829	763	732
ENSG00000058673	ZC3H11A	2861	2769	2471	1450	2444	2572	1966
ENSG00000058729	RIOK2	938	905	1052	731	877	899	697
ENSG00000058799	YIPF1	280	312	282	271	252	251	219
ENSG00000058804	NDC1	3283	2832	3361	2298	2753	2988	2347
ENSG00000058866	DGKG	594	439	506	367	492	463	390
ENSG00000059122	FLYWCH1	1533	1436	1655	991	1273	1244	960
ENSG00000059145	UNKL	1496	1184	944	917	1394	1176	1266
ENSG00000059377	TBXAS1	875	784	820	607	690	715	580
ENSG00000059378	PARP12	544	444	486	396	433	418	301
ENSG00000059573	ALDH18A1	4454	3900	4716	3197	3671	3780	2842
ENSG00000059588	TARBP1	1828	1602	2117	1221	1640	1591	1313
ENSG00000059691	GATB	514	520	564	392	453	481	357
ENSG00000059728	MXD1	253	197	261	181	201	159	134
ENSG00000059758	CDK17	976	819	1019	670	739	804	653
ENSG00000059769	DNAJC25	322	269	300	267	258	210	236
ENSG00000059804	SLC2A3	1607	1384	2025	1402	1306	1329	1088
ENSG00000059915	PSD	9	14	13	15	8	5	8
ENSG00000060069	CTDP1	1469	1288	1677	1134	1274	1216	1060
ENSG00000060138	YBX3	7429	6086	7737	5337	6227	6454	5071
ENSG00000060140	STYK1	22	23	30	21	22	13	17
ENSG00000060237	WNK1	10623	9425	10458	6842	8421	7995	7092
ENSG00000060339	CCAR1	5434	4821	5504	4018	4708	4457	3899
ENSG00000060491	OGFR	2884	2512	2903	2187	2285	2285	1754
ENSG00000060558	GNA15	0	0	0	0	0	2	1
ENSG00000060566	CREB3L3	35	20	20	15	18	24	16
ENSG00000060642	PIGV	563	429	505	403	451	447	351
ENSG00000060656	PTPRU	2022	1747	1959	1323	1477	1548	1162
ENSG00000060688	SNRNP40	1993	1795	1954	1407	1532	1627	1306
ENSG00000060709	RIMBP2	0	2	0	0	0	0	0
ENSG00000060718	COL11A1	122	141	141	96	87	108	89
ENSG00000060749	QSER1	4200	3564	4339	2566	3408	3364	2809
ENSG00000060762	MPC1	241	192	205	145	162	152	147
ENSG00000060971	ACAA1	1805	1673	1847	1330	1495	1466	1182
ENSG00000060982	BCAT1	518	490	627	420	634	640	515
ENSG00000061273	HDAC7	2202	1741	2246	1652	1763	1779	1260
ENSG00000061337	LZTS1	3	0	1	4	1	3	2
ENSG00000061455	PRDM6	14	13	14	9	22	9	16
ENSG00000061656	SPAG4	118	80	86	77	74	61	63
ENSG00000061676	NCKAP1	9994	8607	10450	6761	8175	8613	6985
ENSG00000061794	MRPS35	5175	4517	5420	3922	4390	4679	3675
ENSG00000061918	GUCY1B1	27	18	41	14	26	20	19
ENSG00000061936	SFSWAP	2038	1776	2146	1511	1645	1682	1336
ENSG00000061938	TNK2	1067	996	1214	932	925	918	699
ENSG00000061987	MON2	2517	2117	2622	1571	1943	2042	1664
ENSG00000062038	CDH3	31	26	30	28	15	26	11
ENSG00000062194	GPBP1	2588	2293	2691	1896	2171	2238	1830
ENSG00000062282	DGAT2	140	116	155	108	116	107	116
ENSG00000062370	ZNF112	246	206	228	171	180	180	174
ENSG00000062485	CS	10299	8943	10873	7724	8555	9080	7114
ENSG00000062524	LTK	3	6	4	1	6	0	5
ENSG00000062582	MRPS24	3633	3155	3522	2776	2991	3026	2432
ENSG00000062598	ELMO2	1495	1337	1559	1178	1214	1333	1014
ENSG00000062650	WAPL	2209	2041	2441	1594	1911	1794	1600
ENSG00000062716	VMP1	10628	9501	10026	7859	8139	8821	7106
ENSG00000062725	APPBP2	2011	1802	2099	1460	1578	1701	1414
ENSG00000062822	POLD1	5090	4504	4884	3651	4196	3979	3219
ENSG00000063015	SEZ6	3	0	1	1	7	4	0
ENSG00000063046	EIF4B	25276	22531	27732	19264	21950	23069	18924
ENSG00000063127	SLC6A16	146	136	146	137	101	110	96
ENSG00000063169	BICRA	1122	939	1270	941	937	941	824
ENSG00000063176	SPHK2	1263	1117	1287	1009	960	1018	822
ENSG00000063177	RPL18	29807	24886	27409	22030	23034	24331	19481
ENSG00000063180	CA11	1018	971	1114	858	816	901	717
ENSG00000063241	ISOC2	2230	1871	2197	1649	1697	1746	1379
ENSG00000063244	U2AF2	16824	14645	15870	11990	13879	13822	11090
ENSG00000063245	EPN1	10613	8995	10574	7986	8430	8503	6845
ENSG00000063322	MED29	6054	5141	5739	4297	4706	4838	4014
ENSG00000063438	AHRR	129	79	165	122	127	129	88
ENSG00000063515	GSC2	1	0	0	0	0	2	1
ENSG00000063587	ZNF275	634	608	702	512	508	574	425
ENSG00000063601	MTMR1	1698	1485	1742	1143	1391	1413	1117
ENSG00000063660	GPC1	6445	5285	6377	4639	5317	5407	4206
ENSG00000063761	ADCK1	314	285	339	253	288	264	237
ENSG00000063854	HAGH	1542	1455	1555	1183	1228	1289	1013
ENSG00000063978	RNF4	3155	2655	3164	2241	2432	2469	2018
ENSG00000064012	CASP8	1315	1141	1441	872	1130	1019	881
ENSG00000064042	LIMCH1	4343	3853	4724	3137	3662	3599	3038
ENSG00000064102	INTS13	1870	1653	1924	1407	1531	1712	1367
ENSG00000064115	TM7SF3	4546	3891	4571	3307	3598	3652	3051
ENSG00000064195	DLX3	3	2	0	1	1	2	1
ENSG00000064199	SPA17	749	664	663	494	581	619	555
ENSG00000064205	CCN5	170	156	211	169	142	146	120
ENSG00000064218	DMRT3	0	1	0	0	0	0	0
ENSG00000064225	ST3GAL6	56	42	39	55	35	15	49
ENSG00000064270	ATP2C2	38	23	31	28	28	35	19
ENSG00000064300	NGFR	8	11	15	7	9	11	7
ENSG00000064309	CDON	441	240	472	288	335	278	269
ENSG00000064313	TAF2	1660	1323	1495	1112	1380	1386	1193
ENSG00000064393	HIPK2	5732	5282	5822	3734	4946	4664	4088
ENSG00000064419	TNPO3	5203	4356	5068	3523	4222	4244	3549
ENSG00000064489	BORCS8-MEF2B	25	26	21	16	28	37	22
ENSG00000064490	RFXANK	833	722	846	592	622	695	516
ENSG00000064545	TMEM161A	796	669	942	645	769	754	553
ENSG00000064547	LPAR2	177	160	181	144	127	125	109
ENSG00000064601	CTSA	4462	3917	4247	3356	3509	3825	2922
ENSG00000064607	SUGP2	4754	4330	4739	3422	3515	3851	2990
ENSG00000064651	SLC12A2	19204	17208	19916	12428	15930	16287	13333
ENSG00000064652	SNX24	684	539	684	503	496	557	489
ENSG00000064655	EYA2	175	175	213	146	154	159	130
ENSG00000064666	CNN2	4115	3572	4217	3189	3142	3285	2647
ENSG00000064687	ABCA7	1383	1109	1480	1066	1107	1014	826
ENSG00000064692	SNCAIP	4	0	3	0	4	2	3
ENSG00000064703	DDX20	552	375	316	321	558	463	426
ENSG00000064726	BTBD1	3827	3401	4043	2862	3210	3321	2679
ENSG00000064763	FAR2	10	13	4	2	10	0	3
ENSG00000064787	BCAS1	890	757	896	710	742	742	605
ENSG00000064835	POU1F1	19	18	14	13	16	8	11
ENSG00000064886	CHI3L2	3	5	6	1	4	1	0
ENSG00000064932	SBNO2	3415	3019	3552	2552	2689	2745	2250
ENSG00000064933	PMS1	975	928	978	700	813	894	653
ENSG00000064961	HMG20B	2285	2119	2497	1803	1687	1893	1504
ENSG00000064989	CALCRL	17	18	16	10	13	12	10
ENSG00000064995	TAF11	791	682	758	584	578	683	530
ENSG00000064999	ANKS1A	1170	1016	1180	801	941	920	782
ENSG00000065000	AP3D1	7206	6020	7599	5343	6006	6048	5086
ENSG00000065029	ZNF76	502	542	555	451	435	454	348
ENSG00000065054	SLC9A3R2	5802	4797	6175	4494	4725	4992	3715
ENSG00000065057	NTHL1	1429	1275	1370	1056	1063	1168	886
ENSG00000065060	UHRF1BP1	1460	1372	1570	980	1187	1267	1111
ENSG00000065135	GNAI3	3486	3186	3576	2561	2751	3011	2371
ENSG00000065150	IPO5	7261	6346	8034	5132	6359	6683	5192
ENSG00000065154	OAT	2624	2282	2652	1951	2048	2250	1761
ENSG00000065183	WDR3	1807	1598	1945	1281	1527	1629	1263
ENSG00000065243	PKN2	2432	2081	2645	1606	2088	2078	1750
ENSG00000065268	WDR18	2114	1857	1931	1545	1658	1622	1415
ENSG00000065308	TRAM2	2989	2750	3153	2168	2418	2520	1964
ENSG00000065320	NTN1	35	22	26	17	23	16	12
ENSG00000065325	GLP2R	1187	1094	1322	868	914	960	788
ENSG00000065328	MCM10	2530	2210	2590	1702	2099	2207	1754
ENSG00000065357	DGKA	612	567	593	492	475	390	399
ENSG00000065361	ERBB3	1019	890	1073	744	754	797	654
ENSG00000065371	ROPN1	1	2	0	0	0	1	0
ENSG00000065413	ANKRD44	119	127	129	81	103	106	105
ENSG00000065427	KARS1	6868	5737	6562	4952	5473	5766	4697
ENSG00000065457	ADAT1	2084	1762	2027	1457	1688	1684	1381
ENSG00000065485	PDIA5	901	717	852	630	655	733	576
ENSG00000065491	TBC1D22B	525	423	504	372	415	410	350
ENSG00000065518	NDUFB4	4192	3327	3576	2893	3215	3516	2907
ENSG00000065526	SPEN	3243	2600	3040	2313	2697	2490	2302
ENSG00000065534	MYLK	2228	1836	2324	1322	1758	1696	1511
ENSG00000065548	ZC3H15	4188	3596	4526	3234	3475	3659	2874
ENSG00000065559	MAP2K4	2471	2001	2463	1617	1818	1974	1647
ENSG00000065600	PACC1	606	506	542	374	430	480	392
ENSG00000065609	SNAP91	7	12	8	8	6	9	10
ENSG00000065613	SLK	5967	5024	6826	4061	5017	5135	4083
ENSG00000065615	CYB5R4	1102	939	1135	923	913	970	782
ENSG00000065618	COL17A1	65	93	77	61	56	56	42
ENSG00000065621	GSTO2	47	33	37	49	34	40	32
ENSG00000065665	SEC61A2	711	634	709	582	553	619	414
ENSG00000065675	PRKCQ	337	288	328	243	317	287	233
ENSG00000065717	TLE2	318	263	311	217	214	274	176
ENSG00000065802	ASB1	1763	1552	1827	1205	1410	1422	1146
ENSG00000065809	FAM107B	10923	9531	11857	8135	9213	10110	7713
ENSG00000065833	ME1	6990	6066	7057	5060	5860	6462	4914
ENSG00000065882	TBC1D1	1486	1328	1598	1008	1226	1297	1034
ENSG00000065883	CDK13	1768	1644	2119	1203	1554	1703	1346
ENSG00000065911	MTHFD2	3547	2914	4097	2707	3435	3886	2868
ENSG00000065923	SLC9A7	1491	1273	1462	1125	1307	1247	1071
ENSG00000065970	FOXJ2	1288	1243	1315	939	1116	1089	940
ENSG00000065978	YBX1	32981	28493	29338	23908	26421	27614	22082
ENSG00000065989	PDE4A	317	249	322	226	275	243	213
ENSG00000066027	PPP2R5A	2104	1854	2121	1508	1736	1855	1469
ENSG00000066032	CTNNA2	1	5	6	3	1	1	4
ENSG00000066044	ELAVL1	4070	3519	4080	2957	3320	3495	2862
ENSG00000066056	TIE1	0	0	2	0	0	0	0
ENSG00000066084	DIP2B	3067	2684	3194	2009	2498	2536	2131
ENSG00000066117	SMARCD1	3775	3254	3695	2681	2972	3166	2474
ENSG00000066135	KDM4A	1851	1547	1914	1276	1463	1476	1188
ENSG00000066136	NFYC	1550	1356	1303	1089	1174	1348	1060
ENSG00000066185	ZMYND12	17	8	10	21	9	12	20
ENSG00000066230	SLC9A3	420	417	411	360	369	352	305
ENSG00000066248	NGEF	634	545	699	461	483	512	385
ENSG00000066279	ASPM	6503	5790	7168	3733	5264	5064	4635
ENSG00000066294	CD84	7	7	6	4	4	8	6
ENSG00000066322	ELOVL1	3504	3133	2963	2656	2644	2717	2177
ENSG00000066336	SPI1	3	4	5	2	2	1	1
ENSG00000066379	POLR1H	348	287	366	232	229	271	217
ENSG00000066382	MPPED2	1	0	0	0	1	0	0
ENSG00000066405	CLDN18	0	2	4	0	5	1	2
ENSG00000066422	ZBTB11	820	510	786	465	529	638	590
ENSG00000066427	ATXN3	609	629	602	532	547	555	432
ENSG00000066455	GOLGA5	2272	2053	2301	1611	1847	1847	1531
ENSG00000066468	FGFR2	200	194	222	142	193	155	153
ENSG00000066557	LRRC40	1093	1013	1196	758	903	897	732
ENSG00000066583	ISOC1	956	871	912	710	789	832	621
ENSG00000066629	EML1	2277	2053	2355	1600	1810	1864	1401
ENSG00000066651	TRMT11	465	321	482	332	348	362	335
ENSG00000066654	THUMPD1	2334	2027	2587	1720	1987	2144	1725
ENSG00000066697	MSANTD3	1811	1541	1802	1290	1519	1503	1270
ENSG00000066735	KIF26A	385	314	414	283	256	312	235
ENSG00000066739	ATG2B	1880	1715	2053	1200	1490	1529	1224
ENSG00000066777	ARFGEF1	2766	2441	2945	1767	2244	2242	1918
ENSG00000066813	ACSM2B	0	2	0	1	0	1	0
ENSG00000066827	ZFAT	366	367	402	289	277	204	249
ENSG00000066855	MTFR1	2056	1713	2092	1489	1577	1710	1401
ENSG00000066923	STAG3	0	11	6	0	9	2	1
ENSG00000066926	FECH	910	791	787	622	696	741	576
ENSG00000066933	MYO9A	2087	1730	2264	1421	1728	1809	1467
ENSG00000067048	DDX3Y	1507	1318	1596	1035	1213	1226	1040
ENSG00000067057	PFKP	15434	13489	16296	11782	12635	12776	10316
ENSG00000067064	IDI1	2581	2280	2518	1847	2131	2312	1871
ENSG00000067066	SP100	1279	1096	1306	894	998	1054	858
ENSG00000067082	KLF6	2452	2149	2621	1901	1866	1904	1493
ENSG00000067113	PLPP1	1802	1508	1745	1310	1489	1442	1108
ENSG00000067141	NEO1	5293	4632	5410	3642	4361	4382	3590
ENSG00000067167	TRAM1	28189	24855	28492	20546	21750	22934	18429
ENSG00000067177	PHKA1	2739	2335	2813	1850	2162	2292	1778
ENSG00000067182	TNFRSF1A	18529	15795	18312	13577	14529	15663	12518
ENSG00000067191	CACNB1	362	345	363	289	283	317	259
ENSG00000067208	EVI5	653	514	632	468	521	545	440
ENSG00000067221	STOML1	375	286	362	247	267	309	217
ENSG00000067225	PKM	172198	148807	179607	134823	142131	150198	115918
ENSG00000067248	DHX29	3418	2655	3352	2262	2629	2932	2282
ENSG00000067334	DNTTIP2	1644	1353	1459	1175	1336	1493	1202
ENSG00000067365	METTL22	388	249	331	256	261	266	186
ENSG00000067369	TP53BP1	2270	2053	2214	1503	1760	1800	1560
ENSG00000067445	TRO	28	0	8	0	5	18	13
ENSG00000067533	RRP15	1629	1493	1692	1262	1515	1485	1219
ENSG00000067560	RHOA	20565	18011	20338	15249	16157	17229	13245
ENSG00000067596	DHX8	4113	3499	4341	2864	3363	3274	2672
ENSG00000067606	PRKCZ	678	649	584	573	507	543	494
ENSG00000067646	ZFY	186	160	212	100	160	162	151
ENSG00000067704	IARS2	9587	8540	10497	6722	7934	8380	6672
ENSG00000067715	SYT1	1635	1413	1655	1130	1310	1421	1160
ENSG00000067798	NAV3	517	499	617	364	490	446	376
ENSG00000067829	IDH3G	2596	2153	2198	1907	1824	2028	1599
ENSG00000067836	ROGDI	716	636	672	519	587	554	433
ENSG00000067840	PDZD4	199	164	219	148	158	168	110
ENSG00000067842	ATP2B3	0	1	2	1	0	0	1
ENSG00000067900	ROCK1	1214	1018	1341	798	925	966	855
ENSG00000067955	CBFB	2211	1962	2152	1527	1753	1790	1317
ENSG00000067992	PDK3	1199	1077	1290	892	1019	1051	789
ENSG00000068001	HYAL2	1473	1248	1221	1022	1078	1044	871
ENSG00000068024	HDAC4	786	610	776	410	620	631	442
ENSG00000068028	RASSF1	504	455	487	330	462	398	324
ENSG00000068078	FGFR3	687	549	652	443	533	517	460
ENSG00000068079	IFI35	956	893	952	689	800	862	598
ENSG00000068097	HEATR6	1185	1138	1224	909	1125	1129	899
ENSG00000068120	COASY	6899	5877	6905	5221	5618	5877	4673
ENSG00000068137	PLEKHH3	924	843	1082	745	866	757	682
ENSG00000068305	MEF2A	1424	1282	1491	1026	1166	1228	962
ENSG00000068308	OTUD5	4175	3590	4236	3152	3373	3556	2682
ENSG00000068323	TFE3	4082	3293	3783	2774	3229	3007	2490
ENSG00000068354	TBC1D25	761	630	769	590	557	642	505
ENSG00000068366	ACSL4	3493	3103	3884	2135	2717	2847	2371
ENSG00000068383	INPP5A	875	770	916	678	694	759	656
ENSG00000068394	GPKOW	1723	1450	1703	1300	1337	1410	1114
ENSG00000068400	GRIPAP1	1263	1377	1631	1193	1240	1023	1061
ENSG00000068438	FTSJ1	1775	1555	1849	1339	1373	1556	1170
ENSG00000068489	PRR11	5902	5025	5955	4242	4443	4592	3658
ENSG00000068615	REEP1	59	47	57	40	36	33	29
ENSG00000068650	ATP11A	2023	1729	2200	1308	1640	1619	1415
ENSG00000068654	POLR1A	6686	5943	6650	4507	5544	5377	4550
ENSG00000068697	LAPTM4A	9708	8437	8872	7082	7363	7870	6006
ENSG00000068724	TTC7A	2797	2425	2782	2040	2448	2297	1799
ENSG00000068745	IP6K2	2292	1890	2380	1674	1715	1866	1447
ENSG00000068784	SRBD1	961	806	931	639	795	764	670
ENSG00000068796	KIF2A	3547	3134	3676	2274	2785	2875	2392
ENSG00000068831	RASGRP2	16	18	13	8	12	6	1
ENSG00000068878	PSME4	3648	2898	3631	2044	2597	2904	2535
ENSG00000068885	IFT80	1703	1432	1854	1248	1379	1456	1188
ENSG00000068903	SIRT2	1170	1023	1194	889	877	1050	755
ENSG00000068912	ERLEC1	3195	2860	3502	2558	2625	2862	2235
ENSG00000068971	PPP2R5B	527	435	485	417	339	368	307
ENSG00000068976	PYGM	21	7	13	7	14	11	4
ENSG00000068985	PAGE1	3	1	0	0	1	0	1
ENSG00000069011	PITX1	2200	1784	2183	1718	1783	1779	1464
ENSG00000069018	TRPC7	0	0	0	1	0	0	1
ENSG00000069020	MAST4	1116	985	1235	770	796	899	757
ENSG00000069188	SDK2	359	365	437	316	265	306	255
ENSG00000069248	NUP133	2753	2345	2839	1919	2211	2339	1801
ENSG00000069275	NUCKS1	23015	20448	24355	17070	19196	20082	16289
ENSG00000069329	VPS35	1713	1541	1403	1016	1263	1250	1102
ENSG00000069345	DNAJA2	3656	3176	3485	2622	2677	2999	2374
ENSG00000069399	BCL3	4731	3887	4807	3643	3475	3864	2948
ENSG00000069424	KCNAB2	1648	1509	1747	1310	1446	1528	1186
ENSG00000069431	ABCC9	162	159	134	155	123	142	112
ENSG00000069482	GAL	128	125	117	80	74	95	67
ENSG00000069493	CLEC2D	144	156	134	122	106	148	89
ENSG00000069509	FUNDC1	765	624	706	545	595	665	538
ENSG00000069535	MAOB	35	21	26	20	15	12	21
ENSG00000069667	RORA	23	24	25	14	13	23	23
ENSG00000069696	DRD4	22	15	20	22	12	14	8
ENSG00000069702	TGFBR3	730	654	776	466	535	631	472
ENSG00000069764	PLA2G10	5	12	12	12	5	10	6
ENSG00000069812	HES2	73	56	75	51	43	50	29
ENSG00000069849	ATP1B3	5231	4425	5380	3805	4090	4538	3505
ENSG00000069869	NEDD4	5007	4498	5395	3370	4179	4230	3637
ENSG00000069943	PIGB	613	554	612	435	481	475	399
ENSG00000069956	MAPK6	4788	4285	4856	3387	3961	4143	3356
ENSG00000069966	GNB5	2679	2368	2722	1933	2130	2248	1852
ENSG00000069974	RAB27A	748	666	683	485	522	551	455
ENSG00000069998	HDHD5	1499	1365	1731	1185	1239	1240	1011
ENSG00000070010	UFD1	2558	2346	2500	1990	2070	2194	1736
ENSG00000070018	LRP6	4659	4158	5186	2855	3826	3821	3418
ENSG00000070019	GUCY2C	0	0	0	0	1	0	0
ENSG00000070031	SCT	1	3	1	2	1	0	0
ENSG00000070047	PHRF1	4363	4078	4599	3297	3616	3491	2976
ENSG00000070061	ELP1	3163	2877	2828	1944	2405	2417	2281
ENSG00000070081	NUCB2	1993	1627	1972	1365	1517	1534	1146
ENSG00000070087	PFN2	7770	6689	7605	5827	6389	6832	5501
ENSG00000070159	PTPN3	2075	1770	2186	1456	1658	1754	1442
ENSG00000070182	SPTB	353	306	373	249	245	257	202
ENSG00000070190	DAPP1	32	29	22	17	15	24	16
ENSG00000070214	SLC44A1	4116	3715	4053	2821	3117	3426	2909
ENSG00000070269	TMEM260	663	535	574	495	508	506	446
ENSG00000070366	SMG6	2220	1900	2355	1449	1953	1727	1575
ENSG00000070367	EXOC5	2361	2108	2532	1745	1841	1978	1690
ENSG00000070371	CLTCL1	426	370	474	287	289	293	259
ENSG00000070388	FGF22	15	14	18	11	5	10	4
ENSG00000070404	FSTL3	5388	4833	5947	4369	4515	4334	3514
ENSG00000070413	DGCR2	2895	2462	2855	2050	2134	2159	1665
ENSG00000070423	RNF126	1625	1431	1566	1288	1303	1430	1062
ENSG00000070444	MNT	2008	1712	2003	1450	1547	1618	1338
ENSG00000070476	ZXDC	442	429	509	340	413	383	320
ENSG00000070495	JMJD6	2051	1856	1956	1524	1571	1677	1360
ENSG00000070501	POLB	612	583	645	472	514	567	457
ENSG00000070526	ST6GALNAC1	104	71	95	72	111	96	70
ENSG00000070540	WIPI1	564	432	480	406	394	380	351
ENSG00000070601	FRMPD1	66	50	63	46	49	38	50
ENSG00000070610	GBA2	2247	1967	2251	1569	1791	1886	1452
ENSG00000070614	NDST1	3718	3364	3903	2617	3082	3062	2619
ENSG00000070669	ASNS	1620	1386	1804	1330	1637	1731	1481
ENSG00000070718	AP3M2	1017	884	1084	784	835	923	784
ENSG00000070729	CNGB1	6	7	11	16	5	14	7
ENSG00000070731	ST6GALNAC2	31	23	26	18	19	25	12
ENSG00000070756	PABPC1	47588	38675	45776	34976	40446	40398	35706
ENSG00000070759	TESK2	25	0	31	11	9	20	19
ENSG00000070761	CFAP20	1323	1067	1209	893	1030	1052	872
ENSG00000070770	CSNK2A2	792	673	876	570	720	665	557
ENSG00000070778	PTPN21	901	789	946	623	703	705	566
ENSG00000070785	EIF2B3	835	775	918	635	708	787	584
ENSG00000070808	CAMK2A	0	4	3	9	0	3	0
ENSG00000070814	TCOF1	7271	6469	7300	5493	6036	6183	5000
ENSG00000070831	CDC42	5978	5417	4658	4153	4336	4565	3977
ENSG00000070882	OSBPL3	1716	1541	1726	1123	1416	1488	1164
ENSG00000070886	EPHA8	0	0	1	0	0	1	0
ENSG00000070915	SLC12A3	2	2	4	3	0	0	5
ENSG00000070950	RAD18	1322	1140	1341	1063	1109	1132	863
ENSG00000070961	ATP2B1	11638	10123	12612	7776	9120	9806	7873
ENSG00000070985	TRPM5	0	1	0	0	0	0	0
ENSG00000071051	NCK2	999	953	1074	771	912	900	727
ENSG00000071054	MAP4K4	6695	5913	6941	4900	5414	5546	4678
ENSG00000071073	MGAT4A	254	217	263	186	207	217	189
ENSG00000071082	RPL31	11989	10530	11053	9103	8902	9531	7928
ENSG00000071127	WDR1	12054	10073	12236	8922	9523	9878	7969
ENSG00000071189	SNX13	1570	1435	1568	1050	1402	1485	1250
ENSG00000071205	ARHGAP10	493	409	471	352	375	398	347
ENSG00000071242	RPS6KA2	9	5	7	9	6	4	3
ENSG00000071243	ING3	248	200	221	204	180	165	167
ENSG00000071246	VASH1	703	678	701	447	538	535	476
ENSG00000071282	LMCD1	1219	1134	1312	952	958	1053	831
ENSG00000071462	BUD23	4114	3744	4360	3117	3472	3643	2798
ENSG00000071537	SEL1L	6355	5500	6834	4141	5393	5479	4497
ENSG00000071539	TRIP13	3105	2783	3119	2310	2635	2643	2013
ENSG00000071553	ATP6AP1	5818	4912	5111	3911	4329	4610	3672
ENSG00000071564	TCF3	3361	3001	3487	2499	2740	2716	2274
ENSG00000071575	TRIB2	13	14	27	9	10	18	8
ENSG00000071626	DAZAP1	6651	5695	6428	4937	5440	5311	4485
ENSG00000071655	MBD3	2823	2642	2803	2178	2509	2294	1976
ENSG00000071794	HLTF	3811	3390	4058	2686	3164	3230	2665
ENSG00000071859	FAM50A	3061	2766	3181	2475	2552	2707	2051
ENSG00000071889	FAM3A	1647	1465	1655	1300	1324	1527	1043
ENSG00000071894	CPSF1	5623	4827	5482	3897	4538	4620	3634
ENSG00000071967	CYBRD1	2229	1899	2312	1510	1728	1827	1534
ENSG00000071991	CDH19	244	261	291	237	244	269	175
ENSG00000071994	PDCD2	1551	1385	1669	1275	1247	1411	1153
ENSG00000072041	SLC6A15	239	180	237	126	134	221	114
ENSG00000072042	RDH11	4913	4386	4925	3692	4174	4437	3382
ENSG00000072062	PRKACA	2267	1926	2394	1746	1734	1863	1471
ENSG00000072071	ADGRL1	1167	990	1204	884	852	860	729
ENSG00000072110	ACTN1	15641	13420	15751	11597	12396	13045	10516
ENSG00000072121	ZFYVE26	1213	988	1274	811	989	1018	834
ENSG00000072133	RPS6KA6	450	457	559	354	365	367	325
ENSG00000072134	EPN2	2485	2159	2490	1764	1986	1864	1614
ENSG00000072135	PTPN18	1152	992	1106	918	941	885	756
ENSG00000072163	LIMS2	58	41	59	43	49	50	26
ENSG00000072182	ASIC4	0	3	0	0	0	0	0
ENSG00000072195	SPEG	40	11	24	21	0	27	13
ENSG00000072201	LNX1	4	0	1	2	3	3	2
ENSG00000072210	ALDH3A2	14533	12672	15015	10105	12148	12610	10151
ENSG00000072274	TFRC	11916	10469	12989	7963	10321	10470	8600
ENSG00000072310	SREBF1	14327	12092	14009	10021	11467	12190	10129
ENSG00000072315	TRPC5	0	1	3	0	0	1	1
ENSG00000072364	AFF4	5444	4606	5884	3356	4213	4409	3662
ENSG00000072401	UBE2D1	1286	1048	1327	965	967	1112	825
ENSG00000072415	PALS1	2305	2044	2399	1521	1855	1963	1671
ENSG00000072422	RHOBTB1	3263	2736	3230	2197	2615	2642	2263
ENSG00000072501	SMC1A	12660	11053	13060	8355	9899	10374	8778
ENSG00000072506	HSD17B10	3675	3088	3795	2759	2828	3034	2356
ENSG00000072518	MARK2	2935	2449	2904	2186	2377	2432	1979
ENSG00000072571	HMMR	3494	2822	3537	2415	2780	2912	2337
ENSG00000072609	CHFR	1027	949	1177	736	924	767	682
ENSG00000072657	TRHDE	1	1	2	1	0	0	1
ENSG00000072682	P4HA2	2301	2021	2531	1771	1840	1779	1362
ENSG00000072736	NFATC3	1833	1572	1801	1192	1452	1487	1216
ENSG00000072756	TRNT1	2606	2198	2416	1826	2068	2022	1962
ENSG00000072778	ACADVL	8667	7632	8400	6673	6749	7008	5608
ENSG00000072786	STK10	1184	1080	1411	810	1019	1097	833
ENSG00000072803	FBXW11	3316	2952	3430	2304	2726	2799	2268
ENSG00000072818	ACAP1	0	2	3	1	1	2	1
ENSG00000072832	CRMP1	163	182	180	129	108	132	98
ENSG00000072840	EVC	978	1003	1135	729	858	795	712
ENSG00000072849	DERL2	2202	1925	2008	1517	1733	1787	1413
ENSG00000072858	SIDT1	182	129	157	106	124	135	88
ENSG00000072864	NDE1	1177	1087	1318	842	979	1026	819
ENSG00000072952	IRAG1	0	1	0	2	1	0	0
ENSG00000072954	TMEM38A	67	60	54	56	55	63	32
ENSG00000072958	AP1M1	2705	2212	2526	1850	2036	2099	1650
ENSG00000073008	PVR	6753	6015	6622	4748	5082	5194	4486
ENSG00000073050	XRCC1	2460	2167	2566	2001	2107	2064	1679
ENSG00000073060	SCARB1	1978	1541	1648	1407	1409	1471	1189
ENSG00000073067	CYP2W1	22	23	23	11	13	12	10
ENSG00000073111	MCM2	5932	5114	5872	4259	4917	5041	4011
ENSG00000073146	MOV10L1	0	0	0	0	0	1	0
ENSG00000073150	PANX2	467	360	555	390	377	382	286
ENSG00000073169	SELENOO	1110	1015	927	789	863	931	703
ENSG00000073282	TP63	754	669	760	559	570	593	485
ENSG00000073331	ALPK1	653	527	698	422	562	538	463
ENSG00000073350	LLGL2	3698	3026	3494	2310	2569	2710	2049
ENSG00000073417	PDE8A	5153	4466	5221	3656	4052	4481	3453
ENSG00000073464	CLCN4	427	366	412	248	339	368	282
ENSG00000073536	NLE1	1600	1405	1493	1141	1336	1408	1114
ENSG00000073578	SDHA	6723	6109	7104	5273	5473	5632	4512
ENSG00000073584	SMARCE1	5390	4805	5101	4002	4494	4827	3847
ENSG00000073598	FNDC8	5	9	1	1	3	5	6
ENSG00000073605	GSDMB	43	48	61	34	44	52	31
ENSG00000073614	KDM5A	3283	2974	3774	2221	2692	2826	2389
ENSG00000073670	ADAM11	138	103	150	125	95	91	70
ENSG00000073711	PPP2R3A	285	237	319	197	242	198	172
ENSG00000073712	FERMT2	1954	1577	1992	1290	1489	1544	1168
ENSG00000073734	ABCB11	91	61	99	64	80	87	55
ENSG00000073737	DHRS9	24	24	33	19	20	25	19
ENSG00000073756	PTGS2	8609	7632	8429	5755	6581	6958	5573
ENSG00000073792	IGF2BP2	803	654	848	615	639	627	537
ENSG00000073803	MAP3K13	881	784	843	641	650	735	591
ENSG00000073849	ST6GAL1	595	507	522	402	404	429	348
ENSG00000073861	TBX21	1	0	0	0	0	0	0
ENSG00000073910	FRY	47	27	46	16	32	18	22
ENSG00000073921	PICALM	5253	4516	4914	3575	4114	4165	3472
ENSG00000073969	NSF	3309	2714	3223	2036	2646	2523	2261
ENSG00000074047	GLI2	1630	1332	1646	1128	1259	1191	1038
ENSG00000074054	CLASP1	2792	2434	2964	1944	2184	2245	1851
ENSG00000074071	MRPS34	4764	3919	4492	3557	3548	3921	3197
ENSG00000074181	NOTCH3	4433	3722	4531	2987	3549	3516	2974
ENSG00000074201	CLNS1A	3243	2896	3547	2493	2713	2889	2290
ENSG00000074211	PPP2R2C	2720	2516	2938	1979	2237	2382	1906
ENSG00000074219	TEAD2	1766	1488	1604	1230	1273	1310	1122
ENSG00000074266	EED	1212	1103	1205	932	917	1002	853
ENSG00000074276	CDHR2	15	9	11	6	7	10	9
ENSG00000074317	SNCB	10	10	5	9	13	10	12
ENSG00000074319	TSG101	2919	2599	2688	2059	2252	2416	1954
ENSG00000074356	NCBP3	2398	2224	2365	1643	1884	2060	1585
ENSG00000074370	ATP2A3	1066	1027	1187	781	873	818	708
ENSG00000074410	CA12	58800	50267	57433	42793	46599	48210	39376
ENSG00000074416	MGLL	8586	7134	7957	6282	6331	6656	5403
ENSG00000074527	NTN4	2778	2443	2823	1874	2169	2310	1888
ENSG00000074582	BCS1L	996	920	979	740	798	817	636
ENSG00000074590	NUAK1	938	867	1002	670	793	748	663
ENSG00000074603	DPP8	3062	2769	3244	2113	2475	2636	2075
ENSG00000074621	SLC24A1	239	206	263	192	222	221	180
ENSG00000074657	ZNF532	2611	2297	2858	1710	2183	2323	1910
ENSG00000074660	SCARF1	19	11	0	0	0	0	0
ENSG00000074695	LMAN1	6574	5905	6714	4440	5431	5587	4533
ENSG00000074696	HACD3	13472	11614	13593	9646	10816	11359	9137
ENSG00000074706	IPCEF1	0	1	0	3	0	2	0
ENSG00000074755	ZZEF1	4055	3501	4152	2667	3186	3137	2569
ENSG00000074800	ENO1	106178	91344	110731	82839	86338	89927	69502
ENSG00000074842	MYDGF	4429	4166	3919	3323	3518	3336	2693
ENSG00000074855	ANO8	816	708	840	519	582	557	495
ENSG00000074935	TUBE1	142	93	152	123	148	135	133
ENSG00000074964	ARHGEF10L	971	866	787	720	708	720	599
ENSG00000074966	TXK	9	2	4	2	11	0	0
ENSG00000075043	KCNQ2	10	11	6	4	9	1	3
ENSG00000075073	TACR2	11	11	13	5	13	10	12
ENSG00000075089	ACTR6	944	972	1121	792	781	954	747
ENSG00000075131	TIPIN	1029	824	940	674	817	894	693
ENSG00000075142	SRI	1190	1033	1062	861	926	929	814
ENSG00000075151	EIF4G3	4112	3767	3963	2505	3281	3232	2751
ENSG00000075188	NUP37	1780	1385	1713	1220	1365	1462	1186
ENSG00000075213	SEMA3A	1422	1312	1547	1051	1150	1237	950
ENSG00000075218	GTSE1	2550	2093	2471	1751	1926	1933	1681
ENSG00000075223	SEMA3C	5847	5339	6464	4272	4871	5143	4216
ENSG00000075234	TTC38	867	826	894	640	731	723	570
ENSG00000075239	ACAT1	2032	1852	2128	1511	1625	1796	1412
ENSG00000075240	GRAMD4	1103	929	1111	772	772	797	676
ENSG00000075275	CELSR1	8201	6978	8665	5340	6510	6399	5369
ENSG00000075290	WNT8B	2	5	4	9	6	4	2
ENSG00000075292	ZNF638	3571	3139	4091	2134	2975	3134	2621
ENSG00000075303	SLC25A40	974	809	942	741	822	743	633
ENSG00000075336	TIMM21	1205	1011	1064	838	930	998	704
ENSG00000075340	ADD2	3015	2674	3255	2206	2414	2539	2012
ENSG00000075388	FGF4	0	0	0	0	1	0	0
ENSG00000075391	RASAL2	1573	1420	1624	1046	1248	1244	1010
ENSG00000075399	VPS9D1	504	485	573	420	370	491	325
ENSG00000075407	ZNF37A	1599	1380	1558	1062	1230	1265	1032
ENSG00000075413	MARK3	2504	2340	2534	2012	2047	2205	1728
ENSG00000075415	SLC25A3	17144	14625	17344	12523	13777	14652	11451
ENSG00000075420	FNDC3B	5733	4985	5890	3915	4553	4737	4008
ENSG00000075426	FOSL2	6121	5182	6313	4127	4571	4651	3857
ENSG00000075429	CACNG5	25	22	27	16	21	23	7
ENSG00000075461	CACNG4	612	526	659	422	399	520	366
ENSG00000075539	FRYL	1174	1151	1356	762	985	927	858
ENSG00000075568	TMEM131	2539	2048	2450	1661	2081	1976	1656
ENSG00000075618	FSCN1	10308	8672	9918	7560	7716	7842	6275
ENSG00000075624	ACTB	174260	136539	180665	136207	137923	148692	114032
ENSG00000075643	MOCOS	858	718	797	597	638	692	521
ENSG00000075651	PLD1	1291	1132	1454	870	986	1035	819
ENSG00000075673	ATP12A	0	1	2	0	1	0	0
ENSG00000075702	WDR62	2710	2251	2894	2089	2219	2382	1871
ENSG00000075711	DLG1	1672	1450	1674	953	1324	1390	1186
ENSG00000075785	RAB7A	7774	6491	7550	5946	6223	6460	5360
ENSG00000075790	BCAP29	1225	1101	1289	894	1072	1099	906
ENSG00000075826	SEC31B	97	43	60	58	52	51	54
ENSG00000075856	SART3	3454	3048	3618	2557	3003	3078	2356
ENSG00000075886	TUBA3D	19	17	17	10	14	20	10
ENSG00000075891	PAX2	13	11	23	32	20	19	17
ENSG00000075914	EXOSC7	778	649	813	589	663	652	445
ENSG00000075945	KIFAP3	958	839	1055	704	823	812	663
ENSG00000075975	MKRN2	1179	962	1275	827	1002	973	793
ENSG00000076003	MCM6	5403	4647	5514	3779	4423	4621	3775
ENSG00000076043	REXO2	2033	1750	1936	1559	1601	1679	1309
ENSG00000076053	RBM7	543	435	508	369	341	424	378
ENSG00000076067	RBMS2	2017	1747	1920	1472	1519	1610	1374
ENSG00000076108	BAZ2A	6031	5368	6533	4159	4782	4989	3990
ENSG00000076201	PTPN23	2356	1951	2106	1809	1881	2027	1574
ENSG00000076242	MLH1	2487	2276	2427	1934	1914	2198	1559
ENSG00000076248	UNG	4155	3589	3940	3038	3408	3479	2712
ENSG00000076258	FMO4	38	34	23	24	17	20	8
ENSG00000076321	KLHL20	750	598	655	496	565	603	494
ENSG00000076344	RGS11	132	47	103	119	66	117	67
ENSG00000076351	SLC46A1	2668	2295	2514	1795	2038	2126	1780
ENSG00000076356	PLXNA2	1297	1168	1309	852	1049	1020	827
ENSG00000076382	SPAG5	6327	5557	6336	4373	4847	4929	4040
ENSG00000076513	ANKRD13A	667	601	649	484	514	458	408
ENSG00000076554	TPD52	5129	4362	5351	3979	4271	4305	3444
ENSG00000076555	ACACB	926	820	1021	590	708	678	546
ENSG00000076604	TRAF4	2524	2289	2588	1794	2006	2051	1714
ENSG00000076641	PAG1	17	15	23	11	6	19	12
ENSG00000076650	GPATCH1	1282	1007	1243	875	1013	999	852
ENSG00000076662	ICAM3	102	99	92	68	90	85	57
ENSG00000076685	NT5C2	4734	4002	4618	3449	3978	4385	3205
ENSG00000076706	MCAM	323	343	361	238	254	291	198
ENSG00000076716	GPC4	3	1	2	0	4	1	1
ENSG00000076770	MBNL3	4	4	3	1	1	11	1
ENSG00000076826	CAMSAP3	623	497	664	448	472	474	366
ENSG00000076864	RAP1GAP	5728	4860	5194	3925	4940	5078	4000
ENSG00000076924	XAB2	1755	1546	1591	1355	1351	1361	1138
ENSG00000076928	ARHGEF1	5542	4829	5776	4206	4629	4733	3472
ENSG00000076944	STXBP2	1696	1421	1490	1193	1231	1307	1044
ENSG00000076984	MAP2K7	1911	1657	1788	1426	1434	1522	1234
ENSG00000077044	DGKD	5838	5170	5945	3862	4542	4442	3686
ENSG00000077063	CTTNBP2	207	157	198	142	145	159	89
ENSG00000077092	RARB	631	586	622	461	533	525	426
ENSG00000077097	TOP2B	7257	6825	8702	4696	6370	5933	5353
ENSG00000077147	TM9SF3	12516	11502	13737	8999	10423	11175	9014
ENSG00000077150	NFKB2	2124	1662	2044	1543	1653	1896	1380
ENSG00000077152	UBE2T	1772	1507	1614	1221	1360	1468	1196
ENSG00000077157	PPP1R12B	1145	985	1076	716	854	807	754
ENSG00000077232	DNAJC10	5577	4622	5984	3935	4453	4739	3846
ENSG00000077235	GTF3C1	7211	6172	7363	4916	5869	5966	4655
ENSG00000077238	IL4R	1114	996	1225	855	859	855	693
ENSG00000077254	USP33	1801	1601	1895	1234	1378	1521	1213
ENSG00000077264	PAK3	20	9	19	14	17	22	9
ENSG00000077279	DCX	0	0	0	0	0	0	1
ENSG00000077312	SNRPA	4535	3927	4788	3637	3835	4098	3089
ENSG00000077327	SPAG6	0	0	0	3	2	1	1
ENSG00000077348	EXOSC5	2459	2307	2501	1921	2139	2149	1736
ENSG00000077380	DYNC1I2	4828	4105	4755	3432	3714	3912	3131
ENSG00000077420	APBB1IP	263	249	260	237	206	232	179
ENSG00000077454	LRCH4	1156	897	925	765	822	758	616
ENSG00000077458	FAM76B	435	450	465	276	375	436	411
ENSG00000077463	SIRT6	838	737	963	652	731	757	600
ENSG00000077514	POLD3	1797	1485	1750	1264	1444	1496	1245
ENSG00000077549	CAPZB	7575	6521	7283	5654	5941	6091	4909
ENSG00000077585	GPR137B	370	343	403	320	356	385	326
ENSG00000077616	NAALAD2	76	48	51	36	35	51	37
ENSG00000077684	JADE1	3056	2762	3180	2307	2496	2672	2198
ENSG00000077713	SLC25A43	1557	1357	1669	1131	1282	1430	1110
ENSG00000077721	UBE2A	4636	3901	4627	3418	3581	4123	3069
ENSG00000077782	FGFR1	5771	5052	6214	4405	4894	4629	3949
ENSG00000077800	FKBP6	7	11	9	4	5	7	7
ENSG00000077935	SMC1B	2	16	11	6	8	13	10
ENSG00000077942	FBLN1	2667	2351	2652	2027	2079	2224	1769
ENSG00000077943	ITGA8	0	0	1	0	0	0	0
ENSG00000077984	CST7	5	2	3	1	5	1	1
ENSG00000078018	MAP2	92	105	98	63	81	79	48
ENSG00000078043	PIAS2	560	574	571	448	470	482	408
ENSG00000078053	AMPH	1	2	2	0	0	0	1
ENSG00000078061	ARAF	3558	2972	3391	2553	2827	2886	2247
ENSG00000078070	MCCC1	883	881	1003	744	751	767	659
ENSG00000078081	LAMP3	26	24	17	20	21	15	21
ENSG00000078114	NEBL	329	256	387	211	305	272	205
ENSG00000078124	ACER3	2197	1786	2053	1669	1869	1839	1549
ENSG00000078140	UBE2K	4676	3886	4186	3239	3637	3769	3142
ENSG00000078142	PIK3C3	1014	857	968	671	760	789	635
ENSG00000078177	N4BP2	599	423	497	455	504	507	293
ENSG00000078237	TIGAR	1606	1425	1451	1164	1304	1277	1106
ENSG00000078246	TULP3	1530	1281	1450	1115	1176	1209	946
ENSG00000078269	SYNJ2	4034	3478	4427	2804	3326	3342	2765
ENSG00000078304	PPP2R5C	4197	3703	4414	3052	3373	3662	2838
ENSG00000078369	GNB1	15001	13006	15437	10967	12232	12657	10032
ENSG00000078399	HOXA9	48	10	18	14	31	17	22
ENSG00000078401	EDN1	3914	3539	4223	3214	3084	3371	2654
ENSG00000078403	MLLT10	1562	1354	1541	1069	1144	1257	1115
ENSG00000078487	ZCWPW1	95	46	86	74	67	81	55
ENSG00000078549	ADCYAP1R1	0	1	2	2	0	1	0
ENSG00000078589	P2RY10	1	0	0	0	0	2	0
ENSG00000078596	ITM2A	8	8	12	13	5	4	7
ENSG00000078618	NRDC	7112	6428	7688	5310	5965	6238	4872
ENSG00000078668	VDAC3	7057	6064	7499	5330	5954	6008	4845
ENSG00000078674	PCM1	6617	5851	7328	4544	5617	5652	4780
ENSG00000078687	TNRC6C	324	344	444	253	303	302	277
ENSG00000078699	CBFA2T2	1136	1016	1166	813	877	926	707
ENSG00000078725	BRINP1	1	2	3	1	2	3	1
ENSG00000078747	ITCH	1966	1686	2027	1496	1459	1531	1227
ENSG00000078795	PKD2L2	30	24	33	27	17	16	14
ENSG00000078804	TP53INP2	733	616	830	581	555	586	443
ENSG00000078808	SDF4	6175	5222	6190	4694	4945	5230	4043
ENSG00000078814	MYH7B	23	23	33	16	18	17	18
ENSG00000078898	BPIFB2	0	0	1	2	1	4	0
ENSG00000078900	TP73	14	20	20	14	13	14	11
ENSG00000078902	TOLLIP	2629	2316	2657	1937	2183	2290	1840
ENSG00000078967	UBE2D4	393	355	353	250	353	347	258
ENSG00000079101	CLUL1	2	11	6	4	6	1	1
ENSG00000079102	RUNX1T1	0	0	0	1	0	0	0
ENSG00000079112	CDH17	2701	2292	2706	1782	2030	2250	1708
ENSG00000079134	THOC1	1016	784	906	708	737	787	642
ENSG00000079150	FKBP7	329	307	331	263	295	324	242
ENSG00000079156	OSBPL6	99	86	111	91	86	86	71
ENSG00000079215	SLC1A3	0	0	0	0	1	0	0
ENSG00000079246	XRCC5	17848	15625	18974	13170	14798	15708	12074
ENSG00000079257	LXN	1497	1361	1482	1157	1026	1219	992
ENSG00000079263	SP140	0	0	1	1	1	1	0
ENSG00000079277	MKNK1	932	724	973	645	682	688	594
ENSG00000079308	TNS1	660	556	695	506	404	456	341
ENSG00000079313	REXO1	1712	1437	1696	1212	1372	1358	1081
ENSG00000079332	SAR1A	4329	3843	4281	3210	3418	3713	3043
ENSG00000079335	CDC14A	186	153	172	132	148	176	122
ENSG00000079337	RAPGEF3	29	38	44	27	22	33	23
ENSG00000079385	CEACAM1	1213	1002	1043	754	846	904	695
ENSG00000079387	SENP1	1083	857	1146	817	918	1021	687
ENSG00000079393	DUSP13	3	6	0	9	7	0	0
ENSG00000079432	CIC	7372	6074	7784	5367	5790	5769	4668
ENSG00000079435	LIPE	356	311	314	287	265	285	207
ENSG00000079459	FDFT1	5225	4517	5081	3831	4052	4283	3496
ENSG00000079462	PAFAH1B3	3275	2812	3493	2436	2670	2851	2121
ENSG00000079482	OPHN1	1119	935	1066	750	785	888	677
ENSG00000079557	AFM	1	0	2	0	0	2	1
ENSG00000079616	KIF22	3202	2810	3457	2550	2620	2610	2176
ENSG00000079689	SCGN	0	0	0	2	0	0	0
ENSG00000079691	CARMIL1	2104	1815	2219	1463	1658	1648	1424
ENSG00000079739	PGM1	3063	2638	3341	2370	2374	2538	2030
ENSG00000079785	DDX1	7499	6552	7508	5371	6031	6245	5103
ENSG00000079805	DNM2	6497	5661	6172	4689	4906	4708	4090
ENSG00000079819	EPB41L2	3858	3359	3971	2709	3063	3005	2524
ENSG00000079931	MOXD1	49	48	42	41	24	33	29
ENSG00000079950	STX7	1152	1002	1141	761	992	965	757
ENSG00000079974	RABL2B	1067	897	1039	780	808	797	737
ENSG00000079999	KEAP1	4354	3849	4283	3164	3623	3732	3028
ENSG00000080007	DDX43	0	1	0	0	0	0	0
ENSG00000080031	PTPRH	256	265	323	222	217	224	162
ENSG00000080166	DCT	0	0	0	0	1	1	0
ENSG00000080189	SLC35C2	2111	1808	1907	1491	1686	1664	1294
ENSG00000080200	CRYBG3	1460	1295	1600	812	1172	1181	1098
ENSG00000080224	EPHA6	87	59	49	48	58	38	41
ENSG00000080293	SCTR	0	0	1	1	0	0	0
ENSG00000080298	RFX3	437	386	459	272	312	328	277
ENSG00000080345	RIF1	4354	3672	4843	2774	3617	3637	3014
ENSG00000080371	RAB21	2814	2440	2747	2095	2368	2323	1924
ENSG00000080493	SLC4A4	483	432	492	306	416	414	331
ENSG00000080503	SMARCA2	2600	2288	2749	1519	1935	1797	1835
ENSG00000080511	RDH8	0	0	0	0	0	1	0
ENSG00000080546	SESN1	303	247	318	247	260	281	205
ENSG00000080561	MID2	689	585	707	431	584	534	482
ENSG00000080572	DNAAF6	1	0	1	0	0	0	1
ENSG00000080573	COL5A3	25	22	29	18	26	22	11
ENSG00000080603	SRCAP	4042	3916	4010	2681	3552	3224	2920
ENSG00000080608	PUM3	2927	2432	2953	2134	2474	2493	2057
ENSG00000080618	CPB2	23	20	15	13	14	19	13
ENSG00000080644	CHRNA3	33	29	34	32	26	19	28
ENSG00000080709	KCNN2	12	5	9	5	11	9	10
ENSG00000080802	CNOT4	1069	969	967	800	826	847	757
ENSG00000080815	PSEN1	3548	3212	3417	2348	2783	3044	2417
ENSG00000080819	CPOX	2021	1851	2271	1465	1643	1711	1359
ENSG00000080822	CLDND1	1794	1547	1770	1229	1342	1478	1228
ENSG00000080823	MOK	296	214	253	183	242	208	163
ENSG00000080824	HSP90AA1	97157	83497	98761	71918	76190	81553	63617
ENSG00000080839	RBL1	2119	1898	2260	1440	1867	1806	1495
ENSG00000080845	DLGAP4	3636	2969	3460	2767	2749	2846	2303
ENSG00000080854	IGSF9B	277	255	275	149	194	178	150
ENSG00000080910	CFHR2	21	22	18	12	8	18	8
ENSG00000080986	NDC80	843	719	812	592	582	695	535
ENSG00000081014	AP4E1	1594	1543	1691	1108	1341	1421	1181
ENSG00000081019	RSBN1	473	374	481	323	357	351	280
ENSG00000081026	MAGI3	1464	1226	1562	869	1153	1128	921
ENSG00000081041	CXCL2	1056	907	1075	803	776	903	669
ENSG00000081051	AFP	5	1	24	6	2	61	3
ENSG00000081052	COL4A4	651	543	700	422	477	490	397
ENSG00000081059	TCF7	572	521	614	492	446	454	351
ENSG00000081087	OSTM1	538	479	944	532	756	483	601
ENSG00000081138	CDH7	3	2	4	2	3	4	1
ENSG00000081148	IMPG2	4	11	4	2	6	8	6
ENSG00000081154	PCNP	5183	4502	5282	3763	4084	4342	3482
ENSG00000081177	EXD2	1268	1208	1456	1008	1001	989	826
ENSG00000081181	ARG2	39	53	56	30	19	40	38
ENSG00000081189	MEF2C	6	2	6	1	3	3	1
ENSG00000081248	CACNA1S	1	0	0	0	0	0	0
ENSG00000081277	PKP1	1	3	0	0	0	0	0
ENSG00000081307	UBA5	1265	1137	1371	1012	1088	1149	885
ENSG00000081320	STK17B	628	558	692	422	517	544	470
ENSG00000081377	CDC14B	347	307	295	222	289	284	188
ENSG00000081386	ZNF510	586	548	617	385	476	551	404
ENSG00000081479	LRP2	5	2	0	5	3	3	1
ENSG00000081665	ZNF506	9	23	2	26	15	19	8
ENSG00000081692	JMJD4	1163	944	1119	838	879	910	795
ENSG00000081721	DUSP12	766	662	825	599	585	651	488
ENSG00000081760	AACS	1941	1771	2063	1428	1591	1645	1326
ENSG00000081791	DELE1	1900	1607	1844	1331	1514	1603	1339
ENSG00000081800	SLC13A1	2	2	3	3	4	1	5
ENSG00000081803	CADPS2	14	18	19	10	14	11	13
ENSG00000081818	PCDHB4	18	8	10	5	9	4	8
ENSG00000081842	PCDHA6	10	8	28	13	8	10	5
ENSG00000081853	PCDHGA2	59	57	86	64	73	60	43
ENSG00000081870	HSPB11	840	734	830	606	620	719	538
ENSG00000081913	PHLPP1	1037	881	1061	752	848	829	636
ENSG00000081923	ATP8B1	2197	1860	2304	1466	1804	1910	1410
ENSG00000081985	IL12RB2	5	10	8	5	10	5	9
ENSG00000082014	SMARCD3	659	599	647	477	526	531	445
ENSG00000082068	WDR70	882	761	825	618	664	688	578
ENSG00000082074	FYB1	890	738	926	719	775	806	710
ENSG00000082126	MPP4	0	0	0	0	2	0	0
ENSG00000082146	STRADB	1369	1060	1265	903	1071	1148	955
ENSG00000082153	BZW1	14948	13423	16158	11227	12617	13235	10521
ENSG00000082196	C1QTNF3	3	2	9	5	0	12	16
ENSG00000082212	ME2	1561	1467	1745	1240	1402	1417	1071
ENSG00000082213	C5orf22	588	634	774	510	548	494	418
ENSG00000082258	CCNT2	949	716	895	651	645	739	665
ENSG00000082269	FAM135A	775	655	952	556	690	743	589
ENSG00000082293	COL19A1	0	0	0	0	1	0	0
ENSG00000082397	EPB41L3	1	0	0	0	0	0	0
ENSG00000082438	COBLL1	454	388	470	307	345	405	288
ENSG00000082458	DLG3	763	670	791	514	607	614	523
ENSG00000082482	KCNK2	0	0	0	0	0	1	0
ENSG00000082497	SERTAD4	163	122	150	100	89	125	83
ENSG00000082512	TRAF5	553	481	533	372	406	478	390
ENSG00000082515	MRPL22	1586	1472	1506	1152	1303	1370	1110
ENSG00000082516	GEMIN5	2316	2028	2404	1653	2105	2001	1668
ENSG00000082556	OPRK1	2	4	3	1	9	2	2
ENSG00000082641	NFE2L1	12655	11246	12809	8941	10352	10209	8672
ENSG00000082684	SEMA5B	1	2	0	0	1	0	1
ENSG00000082701	GSK3B	2943	2708	3095	1979	2510	2541	2049
ENSG00000082781	ITGB5	17961	15299	18915	13208	14826	15024	11916
ENSG00000082805	ERC1	2798	2555	2955	1906	2319	2244	1882
ENSG00000082898	XPO1	15533	13480	16576	10498	13143	13683	11413
ENSG00000082996	RNF13	2817	2345	2620	1962	2193	2366	1865
ENSG00000083093	PALB2	1016	911	988	678	854	860	686
ENSG00000083097	DOP1A	262	232	314	182	219	235	210
ENSG00000083099	LYRM2	1204	974	1072	869	1007	1072	821
ENSG00000083123	BCKDHB	615	492	598	392	426	436	376
ENSG00000083168	KAT6A	2944	2532	2883	1863	2423	2251	1972
ENSG00000083223	TUT7	1433	1206	1513	856	1211	1146	991
ENSG00000083290	ULK2	1524	1346	1522	1037	1117	1220	1097
ENSG00000083307	GRHL2	1	0	0	0	0	3	2
ENSG00000083312	TNPO1	14250	12246	14127	9328	11686	12391	10290
ENSG00000083444	PLOD1	5663	4960	5648	4393	4407	4657	3783
ENSG00000083454	P2RX5	324	267	393	275	275	307	251
ENSG00000083457	ITGAE	1	0	0	1	0	0	0
ENSG00000083520	DIS3	1911	1604	1754	1212	1423	1559	1238
ENSG00000083535	PIBF1	393	389	459	306	387	398	322
ENSG00000083544	TDRD3	444	377	448	317	385	411	297
ENSG00000083635	NUFIP1	538	458	521	390	466	470	369
ENSG00000083642	PDS5B	1520	1295	1350	1107	1243	1250	969
ENSG00000083720	OXCT1	47	54	68	39	55	52	40
ENSG00000083750	RRAGB	482	418	522	311	376	388	332
ENSG00000083799	CYLD	889	772	974	596	693	745	625
ENSG00000083807	SLC27A5	308	334	391	260	304	306	210
ENSG00000083812	ZNF324	519	447	485	371	393	398	332
ENSG00000083814	ZNF671	36	32	24	31	42	13	19
ENSG00000083817	ZNF416	222	143	207	150	176	167	148
ENSG00000083828	ZNF586	234	236	225	178	193	204	183
ENSG00000083838	ZNF446	476	427	489	358	374	377	335
ENSG00000083844	ZNF264	386	344	422	274	328	307	242
ENSG00000083845	RPS5	23986	20266	23300	18066	18877	21144	16401
ENSG00000083857	FAT1	12168	11851	13733	7240	10020	9399	8493
ENSG00000083896	YTHDC1	3082	2708	3412	2365	2552	2712	2160
ENSG00000083937	CHMP2B	5394	4451	5380	3666	4100	4500	3614
ENSG00000084070	SMAP2	652	565	656	502	520	532	475
ENSG00000084072	PPIE	920	869	892	667	748	726	618
ENSG00000084073	ZMPSTE24	3429	3034	3664	2490	3052	3194	2502
ENSG00000084090	STARD7	6241	5600	6216	4330	5094	5411	4329
ENSG00000084092	NOA1	1292	1060	1338	1002	1093	1117	840
ENSG00000084093	REST	1495	1278	1456	950	1203	1313	1000
ENSG00000084110	HAL	19	13	16	10	1	12	9
ENSG00000084112	SSH1	2506	2144	2487	1854	1968	2085	1637
ENSG00000084207	GSTP1	24324	20310	23722	18141	18576	20276	16259
ENSG00000084234	APLP2	10971	9664	11854	8017	8873	9458	7622
ENSG00000084444	FAM234B	300	245	349	201	254	225	175
ENSG00000084453	SLCO1A2	6	8	9	6	6	4	5
ENSG00000084463	WBP11	4716	4085	4643	3392	3863	3949	3229
ENSG00000084623	EIF3I	8075	6855	7506	5756	6295	6737	5119
ENSG00000084628	NKAIN1	25	22	38	21	17	22	13
ENSG00000084636	COL16A1	161	161	171	123	109	106	111
ENSG00000084652	TXLNA	3931	3296	3632	2640	3083	3059	2577
ENSG00000084674	APOB	1	4	39	5	3	118	6
ENSG00000084676	NCOA1	1561	1257	1616	1092	1323	1230	1098
ENSG00000084693	AGBL5	1264	1133	1379	988	987	989	796
ENSG00000084710	EFR3B	1123	988	1298	873	906	901	788
ENSG00000084731	KIF3C	4834	4252	4745	3592	3849	3908	3091
ENSG00000084733	RAB10	19297	17099	19914	13828	16712	17664	14127
ENSG00000084734	GCKR	3	0	4	0	2	6	3
ENSG00000084754	HADHA	8912	7799	6361	5938	7003	6977	6064
ENSG00000084764	MAPRE3	847	664	727	588	599	606	483
ENSG00000084774	CAD	8049	7185	8406	5507	6823	6874	5610
ENSG00000085063	CD59	8446	7490	8526	6095	6496	6953	5454
ENSG00000085117	CD82	306	266	298	214	212	200	160
ENSG00000085185	BCORL1	1475	1194	1408	1031	1058	1052	871
ENSG00000085224	ATRX	6253	5274	6556	4071	4695	5031	4021
ENSG00000085231	AK6	1052	998	1047	781	893	909	715
ENSG00000085265	FCN1	6	3	1	0	1	2	1
ENSG00000085274	MYNN	479	537	543	377	506	485	361
ENSG00000085276	MECOM	14	12	10	8	12	11	10
ENSG00000085365	SCAMP1	2471	2165	2785	1811	1941	2163	1615
ENSG00000085377	PREP	2118	1759	2165	1488	1685	1672	1398
ENSG00000085382	HACE1	251	222	334	173	248	269	229
ENSG00000085415	SEH1L	1537	1341	1656	1092	1328	1424	1116
ENSG00000085433	WDR47	456	424	468	318	358	359	318
ENSG00000085449	WDFY1	2264	2015	2410	1636	1812	2005	1503
ENSG00000085465	OVGP1	73	53	65	47	50	62	49
ENSG00000085491	SLC25A24	1319	1376	1227	722	999	901	870
ENSG00000085511	MAP3K4	832	738	862	549	712	743	650
ENSG00000085514	PILRA	64	35	48	57	54	48	38
ENSG00000085552	IGSF9	23	19	27	19	11	10	14
ENSG00000085563	ABCB1	27	17	43	12	13	11	16
ENSG00000085644	ZNF213	699	539	680	498	495	508	426
ENSG00000085662	AKR1B1	63089	55150	64405	48827	47509	50934	40009
ENSG00000085719	CPNE3	4694	3963	4568	3123	3808	4079	3248
ENSG00000085721	RRN3	2931	2619	3174	2072	2465	2522	2096
ENSG00000085733	CTTN	13360	11704	13996	9987	11053	10988	8925
ENSG00000085741	WNT11	10	11	12	12	12	12	16
ENSG00000085760	MTIF2	2497	2210	2543	1761	1976	2162	1785
ENSG00000085788	DDHD2	2409	2110	2466	1612	1896	1955	1617
ENSG00000085831	TTC39A	367	323	415	308	293	323	231
ENSG00000085832	EPS15	1664	1361	1177	1122	1091	1172	1039
ENSG00000085840	ORC1	1414	1191	1437	962	1232	1223	944
ENSG00000085871	MGST2	1175	1079	1134	888	953	997	793
ENSG00000085872	CHERP	2896	2376	2750	2057	2306	2440	1983
ENSG00000085978	ATG16L1	2129	1660	2234	1516	1685	1797	1367
ENSG00000085982	USP40	2684	2286	2767	1755	2071	2101	1822
ENSG00000085998	POMGNT1	1662	1386	1515	1175	1298	1302	1029
ENSG00000085999	RAD54L	797	768	829	547	627	669	510
ENSG00000086015	MAST2	2914	2447	2689	2065	2280	2289	1921
ENSG00000086061	DNAJA1	17909	15901	17771	12953	14722	15454	12405
ENSG00000086062	B4GALT1	19839	16902	20163	14047	15327	16290	12781
ENSG00000086065	CHMP5	3199	2936	3442	2380	2633	2873	2225
ENSG00000086102	NFX1	2563	2148	2595	1756	2128	2218	1734
ENSG00000086159	AQP6	28	21	30	24	11	38	12
ENSG00000086189	DIMT1	1008	839	890	725	846	862	812
ENSG00000086200	IPO11	1790	1557	1914	1184	1517	1521	1208
ENSG00000086205	FOLH1	0	1	0	0	0	0	0
ENSG00000086232	EIF2AK1	10285	8900	10226	7434	8207	8658	7168
ENSG00000086288	NME8	1	3	4	1	2	3	2
ENSG00000086289	EPDR1	5632	4975	5643	3996	4620	4804	3770
ENSG00000086300	SNX10	355	283	354	162	264	319	257
ENSG00000086475	SEPHS1	3712	3167	3606	2630	2997	3016	2503
ENSG00000086504	MRPL28	3516	3059	3127	2668	2635	2711	2208
ENSG00000086506	HBQ1	63	56	69	32	50	55	47
ENSG00000086544	ITPKC	825	770	871	577	698	728	578
ENSG00000086548	CEACAM6	47060	39282	43100	32568	36486	38953	30598
ENSG00000086570	FAT2	8	5	10	8	6	0	9
ENSG00000086589	RBM22	1936	1672	1902	1376	1644	1657	1394
ENSG00000086598	TMED2	13691	12375	14245	10320	10947	11556	9393
ENSG00000086619	ERO1B	470	503	613	415	396	415	332
ENSG00000086666	ZFAND6	5172	4555	4693	3748	3823	4239	3510
ENSG00000086696	HSD17B2	2	1	1	2	2	6	1
ENSG00000086712	TXLNG	1864	1603	1816	1065	1547	1678	1310
ENSG00000086717	PPEF1	94	59	82	48	52	56	59
ENSG00000086730	LAT2	82	51	80	73	53	53	42
ENSG00000086758	HUWE1	19624	17707	20778	13025	15858	15219	12908
ENSG00000086827	ZW10	971	810	1032	784	809	786	636
ENSG00000086848	ALG9	960	853	1101	733	777	858	682
ENSG00000086991	NOX4	1	0	0	0	0	0	0
ENSG00000087008	ACOX3	483	421	486	405	426	361	344
ENSG00000087053	MTMR2	1817	1630	1783	1279	1520	1569	1298
ENSG00000087074	PPP1R15A	1799	1559	1898	1405	1418	1485	1171
ENSG00000087076	HSD17B14	320	273	320	231	268	278	196
ENSG00000087077	TRIP6	1673	1356	1657	1257	1413	1429	1163
ENSG00000087085	ACHE	14	12	12	7	5	8	11
ENSG00000087086	FTL	338495	280497	315900	246588	268397	289511	226923
ENSG00000087087	SRRT	7083	6086	6746	5206	5754	5824	4858
ENSG00000087088	BAX	6057	5291	5958	4628	4832	4959	3839
ENSG00000087095	NLK	896	823	936	686	681	796	577
ENSG00000087111	PIGS	3839	3156	3788	2614	2855	3063	2457
ENSG00000087116	ADAMTS2	1	2	4	0	0	0	1
ENSG00000087152	ATXN7L3	4492	4034	4530	3227	3504	3716	2881
ENSG00000087157	PGS1	1033	964	933	700	840	794	650
ENSG00000087191	PSMC5	7999	7151	7877	5845	6433	6662	5255
ENSG00000087206	UIMC1	1751	1537	1859	1323	1415	1532	1141
ENSG00000087245	MMP2	58	57	80	52	51	52	42
ENSG00000087250	MT3	2	1	0	3	0	0	0
ENSG00000087253	LPCAT2	348	297	344	263	248	269	242
ENSG00000087258	GNAO1	4	0	0	0	5	6	4
ENSG00000087263	OGFOD1	1710	1420	1632	1292	1470	1381	1114
ENSG00000087266	SH3BP2	717	691	920	562	557	574	448
ENSG00000087269	NOP14	2928	2504	3000	2047	2440	2506	2091
ENSG00000087274	ADD1	4962	4221	5254	3698	3906	4183	3268
ENSG00000087299	L2HGDH	1534	1479	1605	1150	1321	1322	1178
ENSG00000087301	TXNDC16	156	136	153	98	121	100	93
ENSG00000087302	RTRAF	3784	3240	3574	2800	2893	3167	2561
ENSG00000087303	NID2	265	259	263	164	205	208	155
ENSG00000087338	GMCL1	2050	1783	2207	1480	1650	1728	1466
ENSG00000087365	SF3B2	11154	9654	12306	8621	9625	9957	7615
ENSG00000087448	KLHL42	2094	1848	2208	1459	1697	1781	1520
ENSG00000087460	GNAS	20634	17349	21956	16342	16113	17757	14151
ENSG00000087470	DNM1L	4830	4087	4849	3401	3847	3984	3196
ENSG00000087494	PTHLH	571	470	529	394	429	435	361
ENSG00000087495	PHACTR3	0	0	1	0	0	0	0
ENSG00000087502	ERGIC2	2409	2138	2265	1631	1816	1942	1514
ENSG00000087510	TFAP2C	1075	876	1081	739	856	937	762
ENSG00000087586	AURKA	6813	5831	6749	4848	5362	5595	4525
ENSG00000087589	CASS4	2	0	2	0	0	1	0
ENSG00000087842	PIR	2653	2401	2686	1995	2149	2411	1799
ENSG00000087884	AAMDC	194	206	222	150	163	212	125
ENSG00000087903	RFX2	376	338	414	290	303	316	229
ENSG00000087995	METTL2A	1064	932	930	745	826	874	688
ENSG00000088002	SULT2B1	927	672	851	641	588	620	487
ENSG00000088035	ALG6	170	94	83	65	143	165	77
ENSG00000088038	CNOT3	4232	3298	4033	3011	3350	3368	2790
ENSG00000088053	GP6	6	4	5	7	9	11	5
ENSG00000088179	PTPN4	814	758	876	561	625	735	621
ENSG00000088205	DDX18	4783	4173	4961	3404	3945	4092	3326
ENSG00000088247	KHSRP	11212	9411	9949	7943	8678	8898	7303
ENSG00000088256	GNA11	3151	2759	3246	2268	2701	2604	2075
ENSG00000088280	ASAP3	311	265	354	247	237	242	231
ENSG00000088298	EDEM2	2390	1959	2262	1770	1704	1868	1484
ENSG00000088305	DNMT3B	509	653	489	332	468	369	372
ENSG00000088325	TPX2	10962	9321	11213	7689	8685	9044	7195
ENSG00000088356	PDRG1	1071	968	1005	808	857	902	722
ENSG00000088367	EPB41L1	10275	8999	10305	7419	8418	8307	6748
ENSG00000088386	SLC15A1	14	7	9	3	1	2	2
ENSG00000088387	DOCK9	1490	1368	1677	1069	1164	1183	1072
ENSG00000088448	ANKRD10	1978	1810	2023	1374	1466	1669	1364
ENSG00000088451	TGDS	303	266	272	211	252	261	224
ENSG00000088538	DOCK3	140	153	180	121	120	116	100
ENSG00000088543	C3orf18	221	195	205	156	190	166	132
ENSG00000088682	COQ9	2492	2110	2563	1889	1958	2029	1698
ENSG00000088726	TMEM40	2	1	2	2	2	4	1
ENSG00000088727	KIF9	278	206	245	160	226	216	192
ENSG00000088756	ARHGAP28	8	0	0	1	1	2	4
ENSG00000088766	CRLS1	2499	2084	2703	1829	2054	2181	1661
ENSG00000088808	PPP1R13B	671	555	669	472	557	450	468
ENSG00000088812	ATRN	5474	4870	5658	3593	4434	4538	3732
ENSG00000088826	SMOX	5387	4770	5014	3952	4183	4343	3489
ENSG00000088827	SIGLEC1	0	0	5	0	0	2	0
ENSG00000088832	FKBP1A	11278	9358	12362	9029	8768	10215	7555
ENSG00000088833	NSFL1C	4393	3905	4308	3540	3856	3832	2991
ENSG00000088836	SLC4A11	808	716	831	615	663	687	524
ENSG00000088854	DNAAF9	895	879	965	604	685	748	628
ENSG00000088876	ZNF343	639	725	738	535	620	606	503
ENSG00000088881	EBF4	156	120	129	105	91	120	79
ENSG00000088882	CPXM1	0	0	2	0	0	0	0
ENSG00000088888	MAVS	9927	9266	9956	6828	7654	7563	6631
ENSG00000088899	LZTS3	644	542	677	451	403	486	407
ENSG00000088930	XRN2	8739	7709	8917	6018	6985	7527	6141
ENSG00000088970	KIZ	475	403	524	347	426	404	297
ENSG00000088986	DYNLL1	7575	6493	7700	5869	6043	6508	5177
ENSG00000088992	TESC	2107	1825	2050	1648	1631	1723	1297
ENSG00000089006	SNX5	6249	5423	5911	4318	5074	5231	4084
ENSG00000089009	RPL6	34574	29911	33494	26495	27659	29990	23818
ENSG00000089022	MAPKAPK5	1658	1385	1730	1216	1246	1380	1182
ENSG00000089041	P2RX7	2	0	0	0	0	0	0
ENSG00000089048	ESF1	2501	2258	2663	1938	2191	2331	1769
ENSG00000089050	RBBP9	1789	1540	1701	1252	1454	1497	1191
ENSG00000089053	ANAPC5	5037	4282	5131	3703	3878	4200	3216
ENSG00000089057	SLC23A2	9481	8341	9285	6212	7129	7665	6429
ENSG00000089060	SLC8B1	576	457	532	344	361	393	352
ENSG00000089063	TMEM230	6651	5586	6137	4497	5191	5359	4269
ENSG00000089091	DZANK1	278	263	233	182	228	225	172
ENSG00000089094	KDM2B	1416	1180	1470	1058	1146	1210	976
ENSG00000089101	CFAP61	4	4	2	2	2	5	0
ENSG00000089116	LHX5	0	0	0	0	0	1	0
ENSG00000089123	TASP1	478	430	516	366	412	423	356
ENSG00000089127	OAS1	2530	2191	2245	1716	1967	1942	1566
ENSG00000089154	GCN1	11984	10568	12697	8125	9790	10065	7879
ENSG00000089157	RPLP0	63394	55290	62933	48136	52039	53495	42620
ENSG00000089159	PXN	5530	4674	6008	4050	4391	4570	3666
ENSG00000089163	SIRT4	53	31	36	18	26	38	28
ENSG00000089169	RPH3A	35	23	26	13	28	17	19
ENSG00000089177	KIF16B	1931	1785	2190	1376	1679	1638	1360
ENSG00000089195	TRMT6	2263	1924	2293	1701	1869	1908	1668
ENSG00000089199	CHGB	781	667	746	566	620	688	512
ENSG00000089220	PEBP1	8005	7032	8338	6298	6458	6789	5344
ENSG00000089234	BRAP	1156	955	1284	877	993	1066	863
ENSG00000089248	ERP29	4419	3999	4350	3424	3658	3941	3187
ENSG00000089250	NOS1	140	85	127	92	99	84	80
ENSG00000089280	FUS	18012	16261	16052	12176	15186	15461	12456
ENSG00000089289	IGBP1	2322	2020	2313	1682	1921	1961	1536
ENSG00000089327	FXYD5	3428	2783	3152	2663	2744	2849	2280
ENSG00000089335	ZNF302	1317	1283	1321	1059	1194	1188	1011
ENSG00000089351	GRAMD1A	13282	11180	14152	10341	10380	11316	8487
ENSG00000089356	FXYD3	12	12	12	21	6	18	7
ENSG00000089486	CDIP1	318	267	330	243	241	239	202
ENSG00000089505	CMTM1	96	112	89	48	111	64	71
ENSG00000089558	KCNH4	26	24	29	19	24	22	17
ENSG00000089597	GANAB	23973	20872	23780	17095	19212	19629	15790
ENSG00000089639	GMIP	572	523	667	450	461	456	407
ENSG00000089682	RBM41	1880	1652	1851	1356	1420	1563	1164
ENSG00000089685	BIRC5	7521	6573	7729	5515	6086	6386	4783
ENSG00000089692	LAG3	16	17	24	14	7	34	9
ENSG00000089693	MLF2	10804	9311	9826	7983	8268	8606	6874
ENSG00000089723	OTUB2	198	172	194	137	147	163	135
ENSG00000089737	DDX24	4670	4085	4885	3536	3982	4069	3299
ENSG00000089775	ZBTB25	839	744	813	609	684	706	548
ENSG00000089818	NECAP1	584	484	555	429	459	549	471
ENSG00000089820	ARHGAP4	29	53	45	40	43	28	30
ENSG00000089847	ANKRD24	50	41	53	37	39	39	32
ENSG00000089876	DHX32	2396	2091	2599	1785	1976	1977	1638
ENSG00000089902	RCOR1	2738	2324	2923	1852	2351	2271	1887
ENSG00000089916	GPATCH2L	1314	1091	1347	800	1010	968	879
ENSG00000090006	LTBP4	3438	2935	3584	2542	2455	2489	1991
ENSG00000090013	BLVRB	8331	7227	7793	6165	6602	6632	5403
ENSG00000090020	SLC9A1	1328	1136	1317	949	986	988	826
ENSG00000090054	SPTLC1	3338	2926	3566	2379	2603	2917	2300
ENSG00000090060	PAPOLA	10913	9404	10741	7538	8589	9161	7284
ENSG00000090061	CCNK	3327	2571	3285	2562	2414	2685	2264
ENSG00000090097	PCBP4	571	461	639	445	465	509	383
ENSG00000090238	YPEL3	227	205	254	203	172	201	155
ENSG00000090263	MRPS33	1326	1184	1166	954	1050	1108	903
ENSG00000090266	NDUFB2	2863	2604	2849	2266	2382	2419	1938
ENSG00000090273	NUDC	6808	5835	7146	5221	5488	5867	4494
ENSG00000090316	MAEA	2411	1999	2296	1715	1982	1994	1642
ENSG00000090339	ICAM1	432	405	424	292	350	368	287
ENSG00000090372	STRN4	5300	4638	5439	4032	4284	4297	3425
ENSG00000090376	IRAK3	24	19	16	11	17	10	11
ENSG00000090382	LYZ	91	81	101	79	70	97	57
ENSG00000090432	MUL1	1794	1532	1749	1412	1555	1508	1228
ENSG00000090447	TFAP4	713	631	669	547	619	659	531
ENSG00000090470	PDCD7	1590	1369	1629	1215	1387	1467	1131
ENSG00000090487	SPG21	6110	4971	6145	4600	4950	5413	4090
ENSG00000090512	FETUB	5	4	5	0	2	0	0
ENSG00000090520	DNAJB11	3487	2964	3540	2652	2670	3011	2371
ENSG00000090530	P3H2	1568	1341	1667	1190	1179	1334	1024
ENSG00000090534	THPO	2	0	1	2	1	1	0
ENSG00000090539	CHRD	8	12	10	0	4	0	7
ENSG00000090554	FLT3LG	52	60	60	56	37	48	35
ENSG00000090565	RAB11FIP3	1990	1828	2056	1441	1554	1638	1206
ENSG00000090581	GNPTG	1107	938	1067	827	900	918	673
ENSG00000090612	ZNF268	659	521	684	499	571	577	467
ENSG00000090615	GOLGA3	4041	3531	4018	2615	3018	3014	2673
ENSG00000090621	PABPC4	5633	4706	5836	4045	4798	4874	3902
ENSG00000090661	CERS4	188	170	187	157	117	149	125
ENSG00000090674	MCOLN1	605	520	527	436	462	525	403
ENSG00000090686	USP48	2148	1866	2367	1503	1790	1759	1454
ENSG00000090776	EFNB1	692	587	625	452	508	506	398
ENSG00000090857	PDPR	2880	2623	3177	2055	2365	2420	2077
ENSG00000090861	AARS1	10041	9135	11201	7997	9379	10341	8123
ENSG00000090863	GLG1	7164	6483	7464	5295	5947	5682	4838
ENSG00000090889	KIF4A	3325	2948	3671	2261	2691	2875	2257
ENSG00000090905	TNRC6A	3938	3290	3772	2367	2958	2971	2738
ENSG00000090924	PLEKHG2	4959	4329	5020	3630	3506	3685	3094
ENSG00000090932	DLL3	308	255	308	254	246	297	228
ENSG00000090971	NAT14	1816	1600	1852	1307	1443	1381	952
ENSG00000090975	PITPNM2	1372	1180	1363	980	986	980	866
ENSG00000090989	EXOC1	1178	973	1153	799	911	1017	787
ENSG00000091009	RBM27	2377	1964	2351	1695	2040	2068	1682
ENSG00000091010	POU4F3	4	3	8	3	1	6	2
ENSG00000091039	OSBPL8	2180	1869	2415	1414	1886	1843	1475
ENSG00000091073	DTX2	2372	1927	2340	1759	1826	1972	1497
ENSG00000091106	NLRC4	5	7	6	6	1	6	7
ENSG00000091127	PUS7	1747	1575	1777	1259	1492	1599	1269
ENSG00000091128	LAMB4	57	36	40	32	45	44	36
ENSG00000091129	NRCAM	14082	12296	14862	8737	11769	11823	10270
ENSG00000091136	LAMB1	12151	10744	13497	7796	9945	9789	8919
ENSG00000091137	SLC26A4	5	18	13	7	12	10	5
ENSG00000091138	SLC26A3	0	0	0	0	0	2	0
ENSG00000091140	DLD	3692	3300	3635	2886	3139	3297	2498
ENSG00000091157	WDR7	884	821	899	572	680	734	582
ENSG00000091164	TXNL1	2336	1979	2188	1688	1771	2161	1653
ENSG00000091262	ABCC6	123	129	203	118	114	111	63
ENSG00000091317	CMTM6	3150	2871	3405	2359	2688	2870	2250
ENSG00000091409	ITGA6	6245	5540	6570	4142	5157	5497	4362
ENSG00000091428	RAPGEF4	60	47	50	34	41	32	25
ENSG00000091436	MAP3K20	5105	4555	5569	3565	4144	4377	3591
ENSG00000091482	SMPX	0	1	6	0	6	4	0
ENSG00000091483	FH	3640	3172	3644	2607	2877	3100	2566
ENSG00000091490	SEL1L3	2942	2543	3038	2045	2311	2505	1998
ENSG00000091513	TF	501	432	527	413	390	443	315
ENSG00000091527	CDV3	5613	4903	5902	3974	4885	5070	3937
ENSG00000091536	MYO15A	3	5	0	1	4	4	2
ENSG00000091542	ALKBH5	3726	3249	3754	2586	3228	3136	2829
ENSG00000091583	APOH	1412	1158	1257	937	998	1096	857
ENSG00000091592	NLRP1	12	13	15	7	8	11	10
ENSG00000091622	PITPNM3	234	177	267	170	191	152	148
ENSG00000091640	SPAG7	1915	1711	1943	1568	1581	1677	1330
ENSG00000091651	ORC6	1257	1165	1178	898	954	1144	767
ENSG00000091656	ZFHX4	286	290	345	223	248	272	238
ENSG00000091732	ZC3HC1	1052	887	1071	760	834	864	685
ENSG00000091831	ESR1	10	13	5	4	10	2	4
ENSG00000091844	RGS17	618	604	702	413	528	537	430
ENSG00000091879	ANGPT2	6	10	8	8	9	13	11
ENSG00000091947	TMEM101	1488	1384	1576	1160	1305	1368	1061
ENSG00000091972	CD200	0	8	7	0	0	6	0
ENSG00000091986	CCDC80	4469	3794	4939	3544	3202	3320	2675
ENSG00000092010	PSME1	4793	3990	4526	3535	3531	3938	3016
ENSG00000092020	PPP2R3C	723	617	752	570	544	568	531
ENSG00000092036	HAUS4	1605	1509	1822	1310	1386	1441	1139
ENSG00000092051	JPH4	2	3	2	3	6	2	2
ENSG00000092068	SLC7A8	11	2	0	4	3	1	10
ENSG00000092094	OSGEP	518	504	483	382	384	454	384
ENSG00000092096	SLC22A17	246	198	213	180	173	133	131
ENSG00000092098	RNF31	818	718	876	803	707	570	481
ENSG00000092108	SCFD1	1850	1506	1652	1343	1432	1599	1153
ENSG00000092140	G2E3	1648	1493	1704	1183	1421	1513	1174
ENSG00000092148	HECTD1	5836	5179	6671	3288	4773	4484	4020
ENSG00000092199	HNRNPC	30996	27318	32744	23419	26135	27497	20965
ENSG00000092200	RPGRIP1	24	27	16	5	12	14	3
ENSG00000092201	SUPT16H	11062	9889	12265	7924	9420	9898	7860
ENSG00000092203	TOX4	2184	1996	2157	1541	1777	1828	1517
ENSG00000092208	GEMIN2	568	525	623	445	513	525	425
ENSG00000092295	TGM1	36	34	45	28	40	41	35
ENSG00000092330	TINF2	1209	1069	1200	948	912	1164	843
ENSG00000092421	SEMA6A	31	28	27	14	19	24	22
ENSG00000092439	TRPM7	3363	2994	3729	2226	2894	2933	2394
ENSG00000092445	TYRO3	559	553	595	457	480	453	352
ENSG00000092470	WDR76	1406	1196	1437	1005	1130	1262	966
ENSG00000092529	CAPN3	0	39	42	24	48	28	20
ENSG00000092531	SNAP23	1509	1370	1562	1052	1164	1214	1081
ENSG00000092607	TBX15	1	2	4	0	0	0	2
ENSG00000092621	PHGDH	1585	1396	1714	1242	1484	1561	1267
ENSG00000092758	COL9A3	27	25	24	13	28	26	26
ENSG00000092820	EZR	16661	14381	16747	12530	13518	13901	11072
ENSG00000092841	MYL6	18040	15948	18117	13773	13957	14833	11416
ENSG00000092847	AGO1	1554	1452	1720	1141	1327	1258	1061
ENSG00000092850	TEKT2	0	3	0	0	0	0	2
ENSG00000092853	CLSPN	2377	1997	2394	1696	1900	1942	1625
ENSG00000092871	RFFL	2852	2566	2817	1953	2272	2379	1941
ENSG00000092929	UNC13D	1647	1506	1757	1316	1343	1307	1015
ENSG00000092931	MFSD11	1193	995	1242	797	1005	1010	757
ENSG00000092964	DPYSL2	8093	6639	8224	6019	6557	6611	5300
ENSG00000092969	TGFB2	1705	1466	1958	1234	1409	1502	1200
ENSG00000092978	GPATCH2	887	746	956	565	696	731	569
ENSG00000093000	NUP50	3117	2730	3313	2187	2486	2667	2123
ENSG00000093009	CDC45	1283	1116	1321	936	1007	1149	805
ENSG00000093010	COMT	2794	2416	2771	1907	2286	2439	1718
ENSG00000093072	ADA2	3	1	2	0	2	2	0
ENSG00000093144	ECHDC1	2140	1813	2093	1527	1752	1798	1522
ENSG00000093167	LRRFIP2	2073	1922	2360	1651	1800	1876	1522
ENSG00000093183	SEC22C	1938	1696	2108	1374	1506	1650	1383
ENSG00000093217	XYLB	397	357	454	285	401	363	327
ENSG00000094631	HDAC6	1464	1465	1559	1262	1336	1179	978
ENSG00000094661	OR1I1	10	11	26	16	10	11	13
ENSG00000094755	GABRP	80	41	51	26	46	48	38
ENSG00000094804	CDC6	4452	3961	4589	3147	3604	3849	2997
ENSG00000094841	UPRT	538	523	514	417	490	490	365
ENSG00000094880	CDC23	2429	2159	2550	1755	1985	2203	1650
ENSG00000094914	AAAS	3197	2674	3185	2269	2614	2829	2197
ENSG00000094916	CBX5	11444	10116	11506	8087	9448	9245	8029
ENSG00000094963	FMO2	0	0	1	0	0	0	0
ENSG00000094975	SUCO	1839	1576	1995	1239	1463	1519	1291
ENSG00000095002	MSH2	2748	2375	2894	2009	2248	2396	1957
ENSG00000095015	MAP3K1	1179	1044	1287	710	896	991	803
ENSG00000095059	DHPS	1438	1200	1330	984	1125	1195	926
ENSG00000095066	HOOK2	707	634	743	570	582	589	444
ENSG00000095139	ARCN1	5868	5357	6518	4372	4960	5236	4112
ENSG00000095203	EPB41L4B	849	683	854	672	684	677	561
ENSG00000095209	TMEM38B	829	771	869	578	760	823	648
ENSG00000095261	PSMD5	3491	3138	3634	2595	2929	3011	2522
ENSG00000095303	PTGS1	59	36	50	32	42	47	22
ENSG00000095319	NUP188	4699	3972	4666	3196	3840	3827	3113
ENSG00000095321	CRAT	2412	1944	2583	1753	1804	1954	1439
ENSG00000095370	SH2D3C	3	0	5	3	4	3	5
ENSG00000095380	NANS	2572	2301	2476	1887	1970	1978	1646
ENSG00000095383	TBC1D2	1511	1226	1612	1098	1138	1189	939
ENSG00000095397	WHRN	202	184	209	143	162	155	145
ENSG00000095464	PDE6C	6	3	4	6	4	3	9
ENSG00000095485	CWF19L1	1353	1132	1367	1013	1078	1159	886
ENSG00000095539	SEMA4G	2238	1849	2005	1506	1650	1604	1406
ENSG00000095564	BTAF1	2532	2131	2779	1669	2000	2017	1740
ENSG00000095574	IKZF5	567	503	571	372	404	486	397
ENSG00000095585	BLNK	6	8	3	2	1	0	0
ENSG00000095587	TLL2	18	9	15	9	9	7	7
ENSG00000095596	CYP26A1	35	34	28	21	32	31	17
ENSG00000095627	TDRD1	2	3	4	6	0	4	0
ENSG00000095637	SORBS1	87	66	87	58	59	46	45
ENSG00000095713	CRTAC1	10	12	13	15	7	11	11
ENSG00000095739	BAMBI	3046	2786	2981	2100	2417	2557	1943
ENSG00000095752	IL11	249	231	277	184	156	156	139
ENSG00000095777	MYO3A	0	0	0	0	0	1	0
ENSG00000095787	WAC	4113	3497	4391	2712	3271	3270	2813
ENSG00000095794	CREM	970	892	1043	720	785	776	619
ENSG00000095906	NUBP2	2312	2089	2474	1599	1842	1887	1451
ENSG00000095932	SMIM24	3	5	2	5	0	4	3
ENSG00000095951	HIVEP1	732	605	872	511	614	634	614
ENSG00000095970	TREM2	0	0	0	0	0	1	0
ENSG00000096006	CRISP3	4	1	1	2	0	1	5
ENSG00000096060	FKBP5	2107	1846	2045	1460	1739	1763	1472
ENSG00000096063	SRPK1	3586	2981	3600	2603	2909	3205	2493
ENSG00000096070	BRPF3	955	746	873	583	614	669	620
ENSG00000096080	MRPS18A	1084	920	975	848	839	877	751
ENSG00000096088	PGC	1	0	3	1	0	2	0
ENSG00000096092	TMEM14A	1263	1108	1249	944	936	1079	854
ENSG00000096093	EFHC1	371	288	345	247	314	242	196
ENSG00000096384	HSP90AB1	70734	61492	71225	51889	57694	60952	47856
ENSG00000096401	CDC5L	2568	2273	2657	1833	2076	2220	1868
ENSG00000096433	ITPR3	6989	5985	7041	4800	5482	5322	4692
ENSG00000096654	ZNF184	200	199	222	154	167	179	133
ENSG00000096696	DSP	9031	8256	10254	6245	7349	7121	6157
ENSG00000096717	SIRT1	2149	1992	2415	1601	1848	1915	1546
ENSG00000096746	HNRNPH3	6908	6248	6795	5221	5788	6119	5035
ENSG00000096872	IFT74	1329	1029	1167	888	996	992	831
ENSG00000096968	JAK2	553	494	544	316	420	454	386
ENSG00000096996	IL12RB1	3	0	6	6	4	5	5
ENSG00000097007	ABL1	5938	5319	5978	4140	4899	4786	3909
ENSG00000097021	ACOT7	2527	2108	2549	1840	1976	2057	1613
ENSG00000097033	SH3GLB1	2616	2293	2698	1945	2116	2338	1844
ENSG00000097046	CDC7	798	708	764	534	688	703	588
ENSG00000097096	SYDE2	100	74	75	47	64	87	61
ENSG00000099139	PCSK5	312	253	337	212	241	220	182
ENSG00000099194	SCD	53196	45534	56832	38935	46203	49295	40389
ENSG00000099203	TMED1	1211	1024	1046	879	854	935	720
ENSG00000099204	ABLIM1	6513	5709	6710	4368	5183	5395	4241
ENSG00000099219	ERMP1	4812	4377	5653	2929	4198	3939	3362
ENSG00000099246	RAB18	2397	2225	2347	1810	1912	1910	1648
ENSG00000099250	NRP1	13242	11701	14080	9184	11036	11233	9209
ENSG00000099256	PRTFDC1	1087	945	1005	778	830	870	750
ENSG00000099260	PALMD	82	63	77	59	59	68	58
ENSG00000099282	TSPAN15	3817	3366	3623	2884	3015	3079	2535
ENSG00000099284	MACROH2A2	1853	1624	1771	1346	1375	1528	1177
ENSG00000099290	WASHC2A	1332	1150	1329	879	1114	1210	852
ENSG00000099308	MAST3	859	715	854	643	672	663	498
ENSG00000099326	MZF1	649	648	751	463	566	524	410
ENSG00000099330	OCEL1	308	273	350	293	283	245	201
ENSG00000099331	MYO9B	3218	2797	3440	2411	2632	2600	2049
ENSG00000099337	KCNK6	940	783	986	737	670	733	581
ENSG00000099338	CATSPERG	7	2	7	4	7	7	9
ENSG00000099341	PSMD8	11941	10174	10946	8858	9521	9564	7632
ENSG00000099364	FBXL19	2527	2268	2538	1910	2018	2061	1655
ENSG00000099365	STX1B	327	291	353	250	223	303	207
ENSG00000099377	HSD3B7	1251	1109	1318	987	886	987	754
ENSG00000099381	SETD1A	3294	2792	3212	2301	2635	2578	1976
ENSG00000099385	BCL7C	1346	1231	1271	1032	1128	1074	835
ENSG00000099399	MAGEB2	2	2	1	2	1	3	1
ENSG00000099617	EFNA2	74	55	76	74	72	53	40
ENSG00000099622	CIRBP	3082	2877	3349	2331	2604	2294	2167
ENSG00000099624	ATP5F1D	2261	1824	2291	1764	1773	1900	1472
ENSG00000099625	CBARP	102	96	58	82	91	50	32
ENSG00000099715	PCDH11Y	58	43	62	40	38	34	34
ENSG00000099769	IGFALS	8	7	5	6	8	5	1
ENSG00000099783	HNRNPM	17802	15946	18573	13274	14558	14938	12023
ENSG00000099785	MARCHF2	733	640	725	538	524	562	435
ENSG00000099795	NDUFB7	1562	1259	1628	1172	1295	1294	1026
ENSG00000099797	TECR	4984	4004	4051	3632	3547	3690	3126
ENSG00000099800	TIMM13	2539	2326	2557	1937	2063	2230	1581
ENSG00000099804	CDC34	2178	1769	2288	1697	1729	1703	1443
ENSG00000099810	MTAP	68	72	131	56	75	73	56
ENSG00000099812	MISP	8743	7668	9170	6654	7162	7388	5825
ENSG00000099814	CEP170B	4649	4154	4851	3429	3773	3734	3062
ENSG00000099817	POLR2E	3372	2774	2429	2315	2513	2337	2049
ENSG00000099821	POLRMT	3892	3419	4153	2875	3175	3182	2522
ENSG00000099822	HCN2	2548	2144	2819	2066	2225	2219	1673
ENSG00000099834	CDHR5	0	5	9	0	2	5	0
ENSG00000099840	IZUMO4	6	1	12	2	4	1	4
ENSG00000099849	RASSF7	2524	2396	2591	1983	2107	2038	1680
ENSG00000099860	GADD45B	660	541	645	525	545	481	409
ENSG00000099864	PALM	1061	931	1093	835	785	864	625
ENSG00000099866	MADCAM1	32	23	20	15	18	24	19
ENSG00000099875	MKNK2	4108	3404	4078	2953	2946	3113	2450
ENSG00000099889	ARVCF	81	76	64	58	66	46	58
ENSG00000099899	TRMT2A	834	753	722	585	665	700	614
ENSG00000099901	RANBP1	6446	5511	6381	4665	5253	5327	4295
ENSG00000099904	ZDHHC8	1584	1363	1736	1179	1241	1240	1008
ENSG00000099910	KLHL22	900	760	790	671	682	715	582
ENSG00000099917	MED15	2221	1825	1954	1644	1650	1622	1388
ENSG00000099937	SERPIND1	1	0	1	0	2	3	0
ENSG00000099940	SNAP29	1786	1646	1897	1320	1559	1510	1232
ENSG00000099942	CRKL	2662	2196	2739	1884	2212	2267	1734
ENSG00000099949	LZTR1	988	1079	956	770	875	969	766
ENSG00000099953	MMP11	7	6	13	9	6	6	13
ENSG00000099954	CECR2	19	4	15	10	12	9	9
ENSG00000099956	SMARCB1	2532	2189	2539	1788	2112	2229	1701
ENSG00000099957	P2RX6	13	20	33	12	21	0	12
ENSG00000099958	DERL3	14	12	11	9	11	9	9
ENSG00000099968	BCL2L13	931	789	945	575	702	688	701
ENSG00000099974	DDTL	93	58	76	39	61	63	47
ENSG00000099977	DDT	2023	1827	2287	1645	1738	1858	1466
ENSG00000099985	OSM	4	1	2	1	1	1	2
ENSG00000099991	CABIN1	2508	2232	2864	1861	1981	1987	1717
ENSG00000099992	TBC1D10A	445	377	402	271	321	315	234
ENSG00000099994	SUSD2	1149	972	1235	897	876	952	788
ENSG00000099995	SF3A1	5390	4346	5278	3784	4390	4422	3577
ENSG00000099998	GGT5	29	18	20	10	16	13	16
ENSG00000099999	RNF215	674	706	736	513	596	608	503
ENSG00000100003	SEC14L2	524	404	412	381	390	386	325
ENSG00000100014	SPECC1L	2034	1823	2142	1476	1756	1773	1422
ENSG00000100023	PPIL2	1489	1195	1293	1056	1090	1235	998
ENSG00000100024	UPB1	0	0	0	0	1	0	0
ENSG00000100027	YPEL1	101	82	74	40	39	47	28
ENSG00000100028	SNRPD3	3847	3631	3827	3007	3246	3395	2707
ENSG00000100029	PES1	5690	5020	5644	4308	4802	4994	3979
ENSG00000100030	MAPK1	5398	4667	5438	3663	4305	4577	3634
ENSG00000100031	GGT1	4858	3977	4362	3270	3617	3801	2893
ENSG00000100033	PRODH	403	255	359	241	253	272	228
ENSG00000100034	PPM1F	1580	1334	1639	1067	1281	1306	1014
ENSG00000100036	SLC35E4	249	233	278	195	228	242	180
ENSG00000100038	TOP3B	807	621	672	586	580	636	481
ENSG00000100053	CRYBB3	5	0	5	2	3	1	0
ENSG00000100055	CYTH4	1	3	0	4	0	1	4
ENSG00000100056	ESS2	288	258	289	220	229	243	159
ENSG00000100060	MFNG	92	81	86	71	52	65	54
ENSG00000100065	CARD10	2132	1859	2294	1498	1702	1604	1380
ENSG00000100075	SLC25A1	3348	2943	3572	2619	2702	2802	2274
ENSG00000100077	GRK3	657	576	672	446	474	528	420
ENSG00000100078	PLA2G3	0	0	1	0	0	0	0
ENSG00000100079	LGALS2	45	27	23	17	14	25	11
ENSG00000100083	GGA1	1642	1462	1568	1188	1246	1270	1034
ENSG00000100084	HIRA	1756	1674	1749	1272	1448	1534	1208
ENSG00000100092	SH3BP1	226	187	207	191	139	145	133
ENSG00000100097	LGALS1	9475	8220	9875	7594	7377	7524	5956
ENSG00000100099	HPS4	469	416	613	422	547	444	404
ENSG00000100100	PIK3IP1	48	42	57	31	34	34	17
ENSG00000100104	SRRD	633	567	592	452	503	539	452
ENSG00000100105	PATZ1	1795	1579	1821	1343	1518	1510	1132
ENSG00000100106	TRIOBP	3485	2997	3597	2601	2762	2817	2191
ENSG00000100109	TFIP11	1461	1283	1536	1115	1305	1308	1009
ENSG00000100116	GCAT	167	148	148	131	149	141	114
ENSG00000100121	GGTLC2	5	6	4	2	0	6	2
ENSG00000100124	ANKRD54	1157	1048	1126	885	913	857	772
ENSG00000100129	EIF3L	6896	5629	6046	4840	5270	5314	4391
ENSG00000100138	SNU13	2525	2119	2235	1825	1928	2012	1676
ENSG00000100139	MICALL1	1327	1112	1386	1046	979	1102	903
ENSG00000100142	POLR2F	1385	1149	1344	1009	1135	1217	946
ENSG00000100146	SOX10	2	1	3	4	0	1	2
ENSG00000100147	CCDC134	643	543	644	463	533	532	465
ENSG00000100150	DEPDC5	255	320	259	194	212	239	200
ENSG00000100151	PICK1	645	617	653	447	537	525	441
ENSG00000100154	TTC28	1196	1130	1289	729	971	960	786
ENSG00000100156	SLC16A8	27	28	32	26	25	18	22
ENSG00000100162	CENPM	921	786	940	723	756	851	585
ENSG00000100167	SEPTIN3	136	131	109	121	116	117	88
ENSG00000100170	SLC5A1	11	4	8	3	10	1	0
ENSG00000100191	SLC5A4	0	1	0	0	0	0	0
ENSG00000100196	KDELR3	554	487	508	433	444	453	352
ENSG00000100197	CYP2D6	8	5	0	17	5	7	10
ENSG00000100201	DDX17	12075	10468	11652	8332	9040	9535	7884
ENSG00000100206	DMC1	59	47	61	59	60	52	38
ENSG00000100207	TCF20	2128	1903	2138	1498	1717	1825	1495
ENSG00000100209	HSCB	314	323	360	252	244	306	196
ENSG00000100211	CBY1	652	528	689	507	507	587	458
ENSG00000100216	TOMM22	2845	2293	3049	2249	2423	2518	1929
ENSG00000100218	RSPH14	34	33	29	22	28	29	31
ENSG00000100219	XBP1	5687	5230	6129	4278	4689	5062	3886
ENSG00000100220	RTCB	3448	3054	3741	2574	2749	2972	2369
ENSG00000100221	JOSD1	2362	2078	2143	1635	1862	1901	1582
ENSG00000100225	FBXO7	2338	2005	2437	1716	1966	2089	1673
ENSG00000100226	GTPBP1	1069	963	1144	744	799	807	699
ENSG00000100227	POLDIP3	3366	2723	3235	2386	2683	2623	2110
ENSG00000100228	RAB36	540	452	592	384	398	421	371
ENSG00000100234	TIMP3	13	12	18	14	20	12	10
ENSG00000100239	PPP6R2	1484	1345	1533	1111	1202	1196	1014
ENSG00000100241	SBF1	3439	3027	3652	2630	2787	2828	2283
ENSG00000100242	SUN2	3838	3479	3896	2882	2876	2939	2507
ENSG00000100243	CYB5R3	3961	3171	3778	2888	3136	3015	2355
ENSG00000100246	DNAL4	389	272	363	241	286	284	226
ENSG00000100253	MIOX	18	15	16	5	13	14	8
ENSG00000100258	LMF2	2846	2444	2925	2122	2255	2341	1738
ENSG00000100263	RHBDD3	567	464	581	428	486	488	314
ENSG00000100266	PACSIN2	4702	4006	4635	3337	3803	3936	3234
ENSG00000100271	TTLL1	83	88	116	78	72	43	62
ENSG00000100276	RASL10A	5	4	7	3	4	2	3
ENSG00000100280	AP1B1	3676	3152	3800	2700	2882	2964	2337
ENSG00000100281	HMGXB4	769	511	792	485	436	635	462
ENSG00000100284	TOM1	983	828	871	658	771	786	608
ENSG00000100285	NEFH	4	1	4	0	9	5	3
ENSG00000100288	CHKB	120	86	114	66	90	102	67
ENSG00000100290	BIK	41	39	49	38	27	34	26
ENSG00000100292	HMOX1	8448	7166	8332	6382	6871	7519	5829
ENSG00000100294	MCAT	961	889	927	670	804	788	695
ENSG00000100296	THOC5	1436	1259	1481	1059	1219	1195	996
ENSG00000100297	MCM5	6521	5556	6280	4871	5142	5048	4208
ENSG00000100298	APOBEC3H	2	1	5	0	0	4	3
ENSG00000100299	ARSA	1055	872	1078	766	778	847	633
ENSG00000100300	TSPO	2437	2098	2601	1848	1977	2007	1552
ENSG00000100302	RASD2	129	125	167	93	132	117	87
ENSG00000100304	TTLL12	2108	1790	2091	1504	1839	1694	1511
ENSG00000100307	CBX7	319	275	292	235	262	242	201
ENSG00000100311	PDGFB	292	268	363	235	224	244	193
ENSG00000100312	ACR	0	1	2	0	0	0	0
ENSG00000100314	CABP7	16	15	17	10	8	12	8
ENSG00000100316	RPL3	40549	35815	40956	30888	33293	34666	27473
ENSG00000100319	ZMAT5	387	327	389	295	321	330	265
ENSG00000100320	RBFOX2	3639	3282	3754	2486	2785	3003	2491
ENSG00000100321	SYNGR1	410	310	423	299	332	310	246
ENSG00000100324	TAB1	1227	1003	1227	832	924	977	783
ENSG00000100325	ASCC2	1921	1633	1663	1358	1510	1525	1198
ENSG00000100330	MTMR3	1335	1219	1370	981	1089	1020	921
ENSG00000100335	MIEF1	1788	1487	1866	1353	1439	1530	1347
ENSG00000100336	APOL4	37	29	0	13	17	21	20
ENSG00000100341	PNPLA5	0	0	0	0	0	1	0
ENSG00000100342	APOL1	1164	929	1306	912	774	843	639
ENSG00000100344	PNPLA3	62	56	64	35	54	51	44
ENSG00000100345	MYH9	27457	23867	29727	19560	22441	21887	17930
ENSG00000100346	CACNA1I	43	62	51	45	34	41	34
ENSG00000100347	SAMM50	2321	1971	2294	1682	1813	1903	1480
ENSG00000100348	TXN2	2128	1790	2214	1604	1748	1814	1440
ENSG00000100350	FOXRED2	2731	2380	2806	1974	2427	2370	1937
ENSG00000100351	GRAP2	0	0	0	0	1	0	0
ENSG00000100353	EIF3D	4916	4258	5127	3798	4063	4302	3467
ENSG00000100354	TNRC6B	1481	1242	1496	1093	1102	1127	976
ENSG00000100359	SGSM3	1014	886	886	725	789	793	638
ENSG00000100360	IFT27	823	705	823	628	710	716	528
ENSG00000100362	PVALB	0	0	1	0	0	0	0
ENSG00000100364	KIAA0930	2987	2524	3409	2166	2468	2557	2071
ENSG00000100368	CSF2RB	1	0	0	0	0	1	0
ENSG00000100372	SLC25A17	912	755	852	674	705	831	579
ENSG00000100376	FAM118A	565	529	551	418	443	479	425
ENSG00000100379	KCTD17	1177	1137	1175	936	1010	991	714
ENSG00000100380	ST13	8511	7347	8826	6336	7170	7633	6069
ENSG00000100385	IL2RB	0	0	4	0	0	1	0
ENSG00000100387	RBX1	1333	1267	1424	1039	1049	1142	892
ENSG00000100393	EP300	3920	3430	3665	2667	3084	3056	2622
ENSG00000100395	L3MBTL2	1221	1093	1392	855	1039	1144	829
ENSG00000100399	CHADL	2	2	5	1	2	3	4
ENSG00000100401	RANGAP1	6739	5857	6610	4654	5342	5400	4043
ENSG00000100403	ZC3H7B	3842	3364	3813	2711	3099	3102	2555
ENSG00000100410	PHF5A	1434	1254	1319	1074	1233	1255	1015
ENSG00000100412	ACO2	3186	2782	3167	2318	2584	2642	2086
ENSG00000100413	POLR3H	1840	1679	1829	1304	1534	1462	1075
ENSG00000100416	TRMU	531	515	580	449	425	475	311
ENSG00000100417	PMM1	835	730	971	671	665	736	505
ENSG00000100418	DESI1	1760	1552	1828	1312	1499	1500	1196
ENSG00000100422	CERK	2087	1767	2022	1376	1653	1733	1327
ENSG00000100425	BRD1	1140	919	1260	761	997	920	819
ENSG00000100426	ZBED4	1747	1512	1814	1168	1400	1424	1167
ENSG00000100427	MLC1	0	0	0	0	1	0	0
ENSG00000100429	HDAC10	215	180	233	156	164	166	166
ENSG00000100433	KCNK10	2	2	2	0	2	1	1
ENSG00000100439	ABHD4	3337	2814	3231	2449	2665	2930	2252
ENSG00000100441	KHNYN	3134	2649	3292	2137	2415	2484	2073
ENSG00000100442	FKBP3	5875	5284	5016	4241	4458	4678	4029
ENSG00000100445	SDR39U1	1188	1112	1177	938	1013	845	782
ENSG00000100461	RBM23	3742	3215	3823	2821	2975	3250	2527
ENSG00000100462	PRMT5	5699	5127	5497	4203	4785	4754	3886
ENSG00000100473	COCH	1976	1686	1983	1377	1599	1510	1240
ENSG00000100478	AP4S1	653	613	650	505	546	555	431
ENSG00000100479	POLE2	563	565	582	460	496	591	430
ENSG00000100483	VCPKMT	100	134	114	85	86	125	68
ENSG00000100485	SOS2	1503	1330	1664	995	1286	1331	1021
ENSG00000100490	CDKL1	258	242	345	193	248	237	207
ENSG00000100503	NIN	2433	2144	2886	1671	2202	2043	1774
ENSG00000100504	PYGL	3266	2756	3523	2358	2617	2677	2099
ENSG00000100505	TRIM9	603	528	631	408	560	508	470
ENSG00000100519	PSMC6	3488	3082	3483	2551	2844	3070	2403
ENSG00000100522	GNPNAT1	3802	3317	3898	2814	3229	3504	2701
ENSG00000100523	DDHD1	1202	1049	1202	704	898	947	797
ENSG00000100526	CDKN3	1728	1510	1682	1274	1339	1429	1019
ENSG00000100528	CNIH1	4414	3949	4398	3073	3491	3699	2955
ENSG00000100532	CGRRF1	317	247	294	212	254	280	208
ENSG00000100554	ATP6V1D	1903	1640	2070	1470	1553	1692	1398
ENSG00000100557	CCDC198	508	463	492	399	389	416	331
ENSG00000100558	PLEK2	566	476	545	446	427	398	340
ENSG00000100564	PIGH	572	443	579	379	462	461	356
ENSG00000100567	PSMA3	4663	4056	4505	3450	3638	4005	3132
ENSG00000100568	VTI1B	2300	2104	2371	1641	1906	1880	1694
ENSG00000100575	TIMM9	1137	915	1141	807	888	1011	790
ENSG00000100577	GSTZ1	1143	886	1052	821	928	947	728
ENSG00000100578	KIAA0586	1022	833	1133	688	675	861	701
ENSG00000100580	TMED8	1668	1406	1717	1112	1325	1366	1161
ENSG00000100583	SAMD15	163	146	171	121	140	123	130
ENSG00000100591	AHSA1	8360	7248	7997	6048	6498	6939	5517
ENSG00000100592	DAAM1	391	376	451	270	293	359	281
ENSG00000100593	ISM2	9	8	5	9	4	5	0
ENSG00000100596	SPTLC2	2655	2424	2908	1908	2125	2158	1759
ENSG00000100599	RIN3	1724	1633	1965	1439	1453	1597	1184
ENSG00000100600	LGMN	3683	3287	3759	2609	2817	2999	2351
ENSG00000100601	ALKBH1	572	498	480	401	491	486	389
ENSG00000100603	SNW1	4001	3364	4032	2898	3287	3285	2655
ENSG00000100604	CHGA	28	25	37	19	20	24	21
ENSG00000100605	ITPK1	4108	3626	4297	3212	3407	3516	2870
ENSG00000100612	DHRS7	2030	1981	2059	1540	1690	1788	1400
ENSG00000100614	PPM1A	2168	1906	2194	1479	1750	1818	1554
ENSG00000100625	SIX4	375	321	394	240	299	323	198
ENSG00000100626	GALNT16	94	76	103	74	60	65	73
ENSG00000100629	CEP128	557	544	572	395	468	440	399
ENSG00000100632	ERH	11476	9895	10075	8207	8719	9391	7597
ENSG00000100644	HIF1A	26074	22503	25390	17698	20515	21507	17628
ENSG00000100647	SUSD6	752	640	809	561	624	668	474
ENSG00000100650	SRSF5	6503	5770	6632	4953	5218	5348	4421
ENSG00000100652	SLC10A1	0	2	0	3	1	1	1
ENSG00000100664	EIF5	11072	9443	11324	7728	9530	9824	7658
ENSG00000100665	SERPINA4	1	2	1	0	0	2	2
ENSG00000100678	SLC8A3	3	2	2	0	3	0	2
ENSG00000100697	DICER1	3084	2263	2807	1549	2145	2122	1954
ENSG00000100711	ZFYVE21	845	804	959	718	769	811	644
ENSG00000100714	MTHFD1	10033	8603	9646	6669	8113	7879	6826
ENSG00000100722	ZC3H14	2751	2237	2715	1841	2146	2258	1728
ENSG00000100726	TELO2	1795	1570	1944	1359	1540	1490	1191
ENSG00000100731	PCNX1	2557	2265	2654	1687	1985	2079	1711
ENSG00000100739	BDKRB1	89	78	90	70	44	65	57
ENSG00000100744	GSKIP	1673	1395	1728	1126	1317	1445	1132
ENSG00000100749	VRK1	1058	941	1094	688	845	907	777
ENSG00000100764	PSMC1	3815	3321	4227	3047	3262	3455	2760
ENSG00000100767	PAPLN	355	282	391	228	266	253	222
ENSG00000100784	RPS6KA5	250	206	236	188	190	189	160
ENSG00000100796	PPP4R3A	3510	3154	3598	2476	2823	3064	2476
ENSG00000100802	C14orf93	407	390	409	312	317	375	251
ENSG00000100804	PSMB5	6636	5695	6564	4835	5409	5683	4168
ENSG00000100811	YY1	5508	4811	5931	4036	4424	4634	3695
ENSG00000100813	ACIN1	8263	6597	7808	5854	6234	6628	5276
ENSG00000100814	CCNB1IP1	837	771	722	695	642	687	573
ENSG00000100815	TRIP11	2219	2041	2483	1558	1916	1947	1573
ENSG00000100823	APEX1	8601	7753	8225	6463	7154	7449	6195
ENSG00000100836	PABPN1	8952	7863	8818	6864	7110	7586	6128
ENSG00000100842	EFS	0	0	1	0	0	0	0
ENSG00000100852	ARHGAP5	4945	4075	5039	3217	4034	4065	3461
ENSG00000100865	CINP	1253	1023	1265	968	977	1049	864
ENSG00000100867	DHRS2	106	103	93	68	81	88	74
ENSG00000100883	SRP54	3721	3151	3597	2729	2920	3057	2291
ENSG00000100884	CPNE6	1	0	0	0	0	0	0
ENSG00000100888	CHD8	4816	4316	5202	3126	3951	3916	3362
ENSG00000100889	PCK2	1437	1135	1512	1201	1249	1313	1088
ENSG00000100890	PRORP	1458	1328	1562	995	1026	1175	1023
ENSG00000100897	DCAF11	1912	1583	1751	1463	1440	1599	1203
ENSG00000100902	PSMA6	6743	5802	6646	4975	5114	5829	4412
ENSG00000100906	NFKBIA	3802	3132	3810	2617	2800	3047	2455
ENSG00000100908	EMC9	1374	1250	1470	1153	1178	1180	904
ENSG00000100911	PSME2	4424	3882	3827	3324	3390	3389	2749
ENSG00000100916	BRMS1L	835	693	793	531	666	649	544
ENSG00000100918	REC8	82	50	71	58	32	44	51
ENSG00000100926	TM9SF1	3788	3384	3837	2724	3140	3306	2534
ENSG00000100934	SEC23A	7164	6297	7201	4833	5623	6011	4782
ENSG00000100938	GMPR2	2076	1787	2224	1542	1656	1813	1457
ENSG00000100941	PNN	9183	7936	9078	6426	7089	7604	6260
ENSG00000100949	RABGGTA	679	639	727	502	563	628	449
ENSG00000100968	NFATC4	22	33	26	21	13	18	23
ENSG00000100979	PLTP	43	44	66	40	50	46	28
ENSG00000100982	PCIF1	2010	1674	1964	1589	1546	1612	1223
ENSG00000100983	GSS	3024	2667	2933	2161	2385	2409	1925
ENSG00000100985	MMP9	5	7	5	7	4	3	8
ENSG00000100987	VSX1	64	67	48	52	49	49	40
ENSG00000100991	TRPC4AP	4307	3836	4773	3220	3630	3608	2840
ENSG00000100994	PYGB	15918	13979	15440	11411	12730	12883	10494
ENSG00000100997	ABHD12	5758	4925	5745	4261	4794	4731	3712
ENSG00000101000	PROCR	2882	2519	2680	2049	2234	2373	1937
ENSG00000101003	GINS1	3210	2773	3261	2388	2619	2906	2213
ENSG00000101004	NINL	1724	1473	1763	1104	1244	1221	957
ENSG00000101017	CD40	93	45	63	74	71	78	50
ENSG00000101019	UQCC1	1564	1271	1563	1184	1216	1340	1017
ENSG00000101040	ZMYND8	2374	1879	2466	1721	1750	1775	1454
ENSG00000101049	SGK2	617	573	555	444	512	506	389
ENSG00000101052	IFT52	1014	903	1104	762	818	931	689
ENSG00000101057	MYBL2	5765	4961	5937	4416	4764	4757	3837
ENSG00000101074	R3HDML	8	5	10	5	6	7	3
ENSG00000101076	HNF4A	3517	2950	3398	2424	2604	2797	2204
ENSG00000101079	NDRG3	2323	1904	2303	1759	1880	1864	1589
ENSG00000101082	SLA2	6	6	9	4	2	8	3
ENSG00000101084	RAB5IF	5738	5225	5799	4297	4810	5011	3870
ENSG00000101096	NFATC2	282	240	293	188	222	221	201
ENSG00000101098	RIMS4	68	58	77	64	70	61	53
ENSG00000101104	PABPC1L	244	231	216	113	192	173	198
ENSG00000101109	STK4	2393	2113	2537	1734	1944	1942	1660
ENSG00000101115	SALL4	372	393	459	277	302	320	261
ENSG00000101126	ADNP	5347	4493	5756	3599	4334	4658	3587
ENSG00000101132	PFDN4	875	663	919	587	713	783	684
ENSG00000101134	DOK5	3	0	3	0	0	1	0
ENSG00000101138	CSTF1	1117	917	946	772	776	911	733
ENSG00000101144	BMP7	72	69	78	52	51	65	46
ENSG00000101146	RAE1	2029	1752	2011	1554	1758	1916	1428
ENSG00000101150	TPD52L2	4363	3757	4447	3227	3472	3636	2887
ENSG00000101152	DNAJC5	2706	2409	2892	1788	2241	2296	1777
ENSG00000101158	NELFCD	2741	2331	2617	1952	2327	2219	1906
ENSG00000101160	CTSZ	6466	6480	7458	4703	5007	4808	4016
ENSG00000101161	PRPF6	5001	4291	5155	3651	3933	4269	3340
ENSG00000101162	TUBB1	22	32	29	10	26	19	11
ENSG00000101166	PRELID3B	3588	3123	3589	2696	3028	3278	2498
ENSG00000101180	HRH3	0	0	1	0	0	0	0
ENSG00000101181	MTG2	1309	1179	1137	929	957	984	819
ENSG00000101182	PSMA7	8756	7801	9368	6772	6896	7402	5700
ENSG00000101187	SLCO4A1	662	562	656	442	470	542	394
ENSG00000101188	NTSR1	2	0	4	0	0	0	4
ENSG00000101189	MRGBP	1507	1310	1402	1056	1196	1309	994
ENSG00000101190	TCFL5	555	388	572	398	449	433	334
ENSG00000101191	DIDO1	4341	3788	4496	3026	3538	3637	2913
ENSG00000101193	GID8	2489	2298	2656	1825	2136	2169	1687
ENSG00000101194	SLC17A9	0	0	0	0	3	4	0
ENSG00000101197	BIRC7	401	427	470	297	298	305	252
ENSG00000101198	NKAIN4	111	90	120	73	60	83	60
ENSG00000101199	ARFGAP1	3213	2697	3006	2326	2552	2489	2050
ENSG00000101203	COL20A1	20	10	11	8	12	7	5
ENSG00000101204	CHRNA4	7	0	3	0	3	4	0
ENSG00000101210	EEF1A2	1959	1624	3809	2034	1796	1860	1038
ENSG00000101213	PTK6	175	166	202	158	154	102	117
ENSG00000101216	GMEB2	1005	887	1035	702	821	866	619
ENSG00000101220	C20orf27	3525	2895	3540	2658	2864	3093	2229
ENSG00000101222	SPEF1	19	36	29	31	15	22	23
ENSG00000101224	CDC25B	16575	13580	18114	12254	13653	14606	11092
ENSG00000101230	ISM1	63	41	76	37	43	60	38
ENSG00000101236	RNF24	1257	1137	1328	934	1033	1042	832
ENSG00000101246	ARFRP1	901	820	983	680	887	786	631
ENSG00000101247	NDUFAF5	400	397	481	316	333	353	247
ENSG00000101255	TRIB3	2137	1746	2389	1716	2032	2144	1697
ENSG00000101265	RASSF2	2793	2514	2970	2038	2218	2316	1797
ENSG00000101266	CSNK2A1	7038	5474	7523	5091	5485	5840	5227
ENSG00000101276	SLC52A3	132	127	145	130	109	123	104
ENSG00000101280	ANGPT4	0	0	0	2	1	0	1
ENSG00000101282	RSPO4	0	0	0	0	1	0	0
ENSG00000101290	CDS2	3648	3195	3739	2654	2911	2879	2252
ENSG00000101294	HM13	7626	6407	6915	5419	5999	6333	4987
ENSG00000101298	SNPH	884	814	862	616	674	671	530
ENSG00000101306	MYLK2	8	21	17	21	2	14	7
ENSG00000101307	SIRPB1	14	15	15	23	17	17	3
ENSG00000101310	SEC23B	5275	4585	5143	3637	4210	4356	3566
ENSG00000101311	FERMT1	1119	871	1155	788	948	947	920
ENSG00000101323	HAO1	20	12	12	9	13	11	6
ENSG00000101331	CCM2L	5	2	6	2	1	0	2
ENSG00000101333	PLCB4	1783	1522	1652	1193	1379	1399	1069
ENSG00000101335	MYL9	29	15	18	20	15	12	16
ENSG00000101336	HCK	1	0	0	0	0	2	0
ENSG00000101337	TM9SF4	3633	3222	3636	2534	2990	2961	2475
ENSG00000101342	TLDC2	12	13	17	2	1	6	7
ENSG00000101343	CRNKL1	2299	2070	2621	1704	1909	2046	1666
ENSG00000101346	POFUT1	4550	3958	4594	3123	3664	3807	3131
ENSG00000101347	SAMHD1	1354	1096	1468	1014	1051	1081	898
ENSG00000101349	PAK5	1	0	0	0	0	0	0
ENSG00000101350	KIF3B	4437	4105	4766	3269	3636	3785	2962
ENSG00000101353	MROH8	58	52	78	64	47	59	34
ENSG00000101361	NOP56	4563	3822	4767	3493	3763	3965	3126
ENSG00000101363	MANBAL	3526	3051	2994	2558	2807	2802	2246
ENSG00000101365	IDH3B	4058	3608	4232	3102	3413	3595	2800
ENSG00000101367	MAPRE1	10241	8846	10673	7369	8385	9061	7125
ENSG00000101384	JAG1	4479	3967	5067	3089	3804	3780	3199
ENSG00000101391	CDK5RAP1	1232	1193	1261	936	1081	1044	906
ENSG00000101400	SNTA1	494	412	563	400	390	414	308
ENSG00000101405	OXT	0	0	0	0	2	0	0
ENSG00000101407	TTI1	2290	2003	2381	1628	1880	1820	1506
ENSG00000101412	E2F1	3028	2649	2819	2106	2457	2408	1906
ENSG00000101413	RPRD1B	1616	1419	1531	1097	1253	1342	1058
ENSG00000101417	PXMP4	659	554	663	529	513	553	448
ENSG00000101421	CHMP4B	5909	5244	5963	4461	4749	4891	3913
ENSG00000101439	CST3	8159	6849	8256	6201	6724	7213	5534
ENSG00000101440	ASIP	6	2	3	0	1	2	3
ENSG00000101441	CST4	0	2	1	1	0	0	0
ENSG00000101442	ACTR5	660	608	665	497	553	524	423
ENSG00000101443	WFDC2	1	0	0	0	0	1	0
ENSG00000101444	AHCY	12033	10427	12297	8967	9754	10208	8291
ENSG00000101445	PPP1R16B	94	89	91	49	70	73	65
ENSG00000101447	FAM83D	3827	3115	3677	2655	3005	3079	2351
ENSG00000101448	EPPIN	1	1	1	1	0	0	2
ENSG00000101452	DHX35	397	386	444	354	338	376	305
ENSG00000101457	DNTTIP1	994	903	950	702	777	759	564
ENSG00000101460	MAP1LC3A	288	271	261	231	229	248	174
ENSG00000101463	SYNDIG1	25	14	13	18	14	11	13
ENSG00000101464	PIGU	1727	1531	1503	1276	1360	1457	1106
ENSG00000101470	TNNC2	1	0	0	2	1	0	1
ENSG00000101473	ACOT8	359	284	380	268	249	297	255
ENSG00000101474	APMAP	9838	8896	10298	7241	7871	8188	6396
ENSG00000101489	CELF4	22	6	12	8	3	9	12
ENSG00000101493	ZNF516	503	466	512	325	367	376	315
ENSG00000101542	CDH20	1	0	0	0	1	0	0
ENSG00000101544	ADNP2	1789	1616	1915	1258	1508	1576	1259
ENSG00000101546	RBFA	1053	937	1170	816	889	937	792
ENSG00000101557	USP14	4320	3838	4322	3185	3558	3783	3051
ENSG00000101558	VAPA	4449	3708	3594	3047	3243	3427	2713
ENSG00000101574	METTL4	419	386	436	284	321	369	239
ENSG00000101577	LPIN2	1772	1542	1901	1212	1410	1470	1183
ENSG00000101596	SMCHD1	1832	1670	2017	1091	1590	1549	1341
ENSG00000101605	MYOM1	22	31	29	14	25	21	21
ENSG00000101608	MYL12A	5802	5091	5263	4236	4505	4674	3759
ENSG00000101624	CEP76	410	361	479	284	328	434	287
ENSG00000101638	ST8SIA5	18	16	13	18	14	9	7
ENSG00000101639	CEP192	1081	1069	1193	678	957	933	840
ENSG00000101654	RNMT	1781	1588	1825	1239	1455	1593	1231
ENSG00000101665	SMAD7	344	344	431	273	318	275	241
ENSG00000101670	LIPG	135	101	129	95	80	94	79
ENSG00000101680	LAMA1	0	1	0	0	0	0	0
ENSG00000101695	RNF125	36	31	35	12	20	25	16
ENSG00000101745	ANKRD12	1627	1390	1517	1123	1345	1389	1041
ENSG00000101751	POLI	539	438	409	362	412	425	297
ENSG00000101752	MIB1	2277	2220	2744	1541	2014	2014	1770
ENSG00000101773	RBBP8	1943	1677	1937	1457	1696	1814	1436
ENSG00000101782	RIOK3	1152	1048	1323	814	1015	1007	872
ENSG00000101811	CSTF2	1927	1725	1869	1322	1546	1655	1359
ENSG00000101812	H2BW2	10	3	3	4	4	1	3
ENSG00000101842	VSIG1	64	71	65	51	61	51	40
ENSG00000101843	PSMD10	3194	2923	3268	2417	2769	2817	2244
ENSG00000101844	ATG4A	398	351	418	283	349	314	294
ENSG00000101846	STS	670	514	689	494	550	504	448
ENSG00000101849	TBL1X	3252	2756	3588	2333	2694	2916	2178
ENSG00000101850	GPR143	1	4	4	5	4	4	2
ENSG00000101856	PGRMC1	6968	6223	6783	5186	5646	5769	4843
ENSG00000101868	POLA1	2507	2262	2655	1549	2072	2073	1839
ENSG00000101871	MID1	11912	10433	12231	8076	9684	9770	7988
ENSG00000101882	NKAP	1411	1217	1463	1044	1153	1126	868
ENSG00000101883	RHOXF1	2	1	0	3	2	0	3
ENSG00000101888	NXT2	998	891	972	677	812	792	666
ENSG00000101890	GUCY2F	1	0	0	0	0	0	0
ENSG00000101892	ATP1B4	5	4	6	4	3	0	2
ENSG00000101898	MCTS2	9	9	4	0	0	6	0
ENSG00000101901	ALG13	907	1046	1071	686	834	923	771
ENSG00000101911	PRPS2	2884	2425	2979	2098	2345	2385	1878
ENSG00000101928	MOSPD1	588	538	631	432	488	547	417
ENSG00000101935	AMMECR1	1441	1255	1573	1052	1206	1288	1035
ENSG00000101938	CHRDL1	1	0	3	0	1	3	0
ENSG00000101940	WDR13	2294	2063	2310	1748	1863	1837	1475
ENSG00000101945	SUV39H1	1634	1454	1777	1257	1404	1452	1063
ENSG00000101955	SRPX	285	271	333	255	277	233	218
ENSG00000101958	GLRA2	0	0	0	0	0	1	0
ENSG00000101966	XIAP	3972	3533	4289	3016	3176	3448	2684
ENSG00000101972	STAG2	5521	4913	6211	3820	4630	5003	3663
ENSG00000101974	ATP11C	1271	1066	1421	898	1037	1066	914
ENSG00000101977	MCF2	1	0	0	3	0	0	0
ENSG00000101986	ABCD1	352	323	348	245	269	303	248
ENSG00000101997	CCDC22	1050	984	1139	838	886	938	729
ENSG00000102001	CACNA1F	2	0	0	0	0	2	0
ENSG00000102003	SYP	260	259	264	200	202	237	201
ENSG00000102007	PLP2	9536	8105	9489	7365	7678	8065	6351
ENSG00000102010	BMX	2	1	2	0	0	0	1
ENSG00000102024	PLS3	14723	12860	15880	10585	11981	12578	10159
ENSG00000102030	NAA10	2536	2187	2302	1819	1936	2063	1603
ENSG00000102032	RENBP	0	3	0	2	0	0	0
ENSG00000102034	ELF4	1759	1454	1736	1237	1408	1464	1161
ENSG00000102038	SMARCA1	5433	4761	6018	3671	4308	4481	3762
ENSG00000102043	MTMR8	40	39	29	23	38	36	22
ENSG00000102048	ASB9	807	661	828	645	717	712	504
ENSG00000102053	ZC3H12B	57	58	53	42	55	45	41
ENSG00000102054	RBBP7	10194	9136	10603	7546	8270	8675	7006
ENSG00000102057	KCND1	188	152	175	126	130	146	108
ENSG00000102078	SLC25A14	395	322	392	283	305	362	286
ENSG00000102081	FMR1	2305	1902	2470	1350	1815	1978	1291
ENSG00000102096	PIM2	605	501	627	419	453	476	356
ENSG00000102098	SCML2	642	604	658	431	462	559	438
ENSG00000102100	SLC35A2	2115	1744	2249	1561	1634	1819	1377
ENSG00000102103	PQBP1	1293	1067	1303	938	1030	1051	860
ENSG00000102104	RS1	1	0	1	0	0	0	0
ENSG00000102109	PCSK1N	1153	1095	1257	912	911	995	709
ENSG00000102119	EMD	2857	2260	2406	1988	2093	2141	1757
ENSG00000102125	TAFAZZIN	1443	1146	1298	1041	1135	1086	898
ENSG00000102128	RAB40AL	5	2	1	2	0	0	3
ENSG00000102144	PGK1	34030	30112	35224	27867	25495	27291	21841
ENSG00000102145	GATA1	1	0	0	1	0	0	0
ENSG00000102158	MAGT1	4151	3549	4993	2967	3488	3561	2635
ENSG00000102172	SMS	7737	6619	7910	5722	6160	6664	5267
ENSG00000102174	PHEX	143	95	153	88	99	108	78
ENSG00000102178	UBL4A	2641	2319	2696	1913	2072	2244	1814
ENSG00000102181	CD99L2	7101	6073	7223	5176	5672	5830	4776
ENSG00000102189	EEA1	1214	970	1186	733	931	1034	795
ENSG00000102218	RP2	933	832	956	645	674	779	613
ENSG00000102221	JADE3	1086	962	1143	781	878	883	748
ENSG00000102225	CDK16	6496	5423	6411	4943	5058	5207	3915
ENSG00000102226	USP11	4202	3478	4435	3132	3253	3479	2644
ENSG00000102230	PCYT1B	3	4	3	0	1	0	1
ENSG00000102239	BRS3	0	0	0	1	0	0	0
ENSG00000102241	HTATSF1	4352	3945	5092	3296	3757	4238	3238
ENSG00000102265	TIMP1	3636	2938	3706	2694	2720	3178	2409
ENSG00000102271	KLHL4	252	236	253	189	190	245	162
ENSG00000102287	GABRE	30	51	107	38	44	49	34
ENSG00000102302	FGD1	573	437	605	402	439	435	378
ENSG00000102309	PIN4	1361	1147	1267	1032	1069	1142	909
ENSG00000102312	PORCN	332	268	277	248	229	320	209
ENSG00000102313	ITIH6	6	4	4	1	4	5	2
ENSG00000102316	MAGED2	2877	2397	3256	2178	2148	2368	1754
ENSG00000102317	RBM3	7763	6837	7576	5724	6118	6449	5090
ENSG00000102349	KLF8	16	17	8	0	12	4	7
ENSG00000102359	SRPX2	156	159	167	90	134	116	114
ENSG00000102362	SYTL4	430	295	398	271	289	290	303
ENSG00000102383	ZDHHC15	7	2	4	3	0	5	7
ENSG00000102384	CENPI	1666	1533	1908	1215	1447	1464	1145
ENSG00000102385	DRP2	97	124	139	88	105	96	68
ENSG00000102387	TAF7L	3	4	3	2	1	5	3
ENSG00000102390	PBDC1	1208	987	1142	913	906	1022	841
ENSG00000102393	GLA	3704	3055	3444	2670	2838	3079	2404
ENSG00000102401	ARMCX3	1406	1253	1575	1070	1063	1210	962
ENSG00000102409	BEX4	18	14	15	12	11	11	8
ENSG00000102445	RUBCNL	0	0	0	2	0	2	0
ENSG00000102452	NALCN	364	328	423	265	313	322	274
ENSG00000102466	FGF14	1	0	0	0	2	0	0
ENSG00000102471	NDFIP2	1363	1276	1656	1131	1211	1214	948
ENSG00000102524	TNFSF13B	16	14	11	12	6	11	6
ENSG00000102531	FNDC3A	1947	1649	1951	1166	1529	1603	1346
ENSG00000102539	MLNR	7	8	14	2	7	8	6
ENSG00000102543	CDADC1	130	110	119	93	106	98	86
ENSG00000102547	CAB39L	140	129	133	102	108	102	118
ENSG00000102554	KLF5	6065	5383	6089	4326	4887	4914	4217
ENSG00000102572	STK24	4169	3545	4650	3256	3526	3597	2749
ENSG00000102575	ACP5	1	0	0	0	2	5	0
ENSG00000102580	DNAJC3	2923	2570	3117	2041	2362	2463	2027
ENSG00000102595	UGGT2	1063	983	1138	657	784	820	714
ENSG00000102606	ARHGEF7	1916	1598	2003	1255	1585	1597	1311
ENSG00000102678	FGF9	1	1	0	0	0	0	0
ENSG00000102683	SGCG	1	1	2	0	1	0	1
ENSG00000102699	PARP4	4772	4227	5219	3366	4068	4114	3425
ENSG00000102710	SUPT20H	858	741	750	511	656	662	499
ENSG00000102738	MRPS31	703	502	568	457	495	568	429
ENSG00000102743	SLC25A15	972	829	1012	726	862	852	662
ENSG00000102753	KPNA3	3148	2691	3271	2220	2609	2734	2253
ENSG00000102755	FLT1	1	4	2	1	0	1	0
ENSG00000102760	RGCC	82	67	69	84	61	68	43
ENSG00000102763	VWA8	1163	1060	1266	799	995	971	865
ENSG00000102780	DGKH	951	842	943	575	683	713	557
ENSG00000102781	KATNAL1	860	745	919	612	680	737	611
ENSG00000102786	INTS6	969	821	1068	677	855	793	684
ENSG00000102796	DHRS12	111	101	108	102	69	93	65
ENSG00000102804	TSC22D1	7389	6255	7808	5247	5838	6375	5140
ENSG00000102805	CLN5	923	790	911	694	783	772	621
ENSG00000102854	MSLN	39	40	49	28	34	36	33
ENSG00000102858	MGRN1	4031	3134	4020	2929	3171	3160	2580
ENSG00000102870	ZNF629	2574	2206	2603	1779	2054	2009	1665
ENSG00000102871	TRADD	1026	867	1077	768	813	852	587
ENSG00000102878	HSF4	118	121	45	83	99	111	36
ENSG00000102879	CORO1A	71	63	85	52	43	36	39
ENSG00000102882	MAPK3	1335	1009	1282	921	892	992	783
ENSG00000102886	GDPD3	13	0	12	0	8	8	0
ENSG00000102890	ELMO3	122	89	99	91	84	87	62
ENSG00000102893	PHKB	4189	3335	4114	2631	3428	3557	3073
ENSG00000102897	LYRM1	835	780	793	667	690	756	578
ENSG00000102898	NUTF2	6450	5312	5572	4808	4810	5095	4132
ENSG00000102900	NUP93	3777	3204	3838	2689	3206	3209	2401
ENSG00000102901	CENPT	409	299	418	290	349	311	223
ENSG00000102904	TSNAXIP1	10	18	8	15	8	4	5
ENSG00000102908	NFAT5	3420	2930	3612	1496	2272	1950	2212
ENSG00000102910	LONP2	4202	3666	4146	2978	3464	3453	2919
ENSG00000102921	N4BP1	1244	1061	1178	828	880	901	773
ENSG00000102924	CBLN1	3	2	1	0	1	0	1
ENSG00000102931	ARL2BP	3104	2642	3038	2171	2338	2591	2068
ENSG00000102934	PLLP	437	396	405	300	320	298	262
ENSG00000102935	ZNF423	3	5	4	1	1	2	7
ENSG00000102962	CCL22	9	6	12	11	9	12	5
ENSG00000102967	DHODH	702	693	723	556	683	671	462
ENSG00000102970	CCL17	0	0	0	0	1	2	0
ENSG00000102974	CTCF	4033	3418	3678	2541	3425	3249	2819
ENSG00000102977	ACD	1067	1135	1159	841	932	939	753
ENSG00000102978	POLR2C	4621	4101	4607	3509	3730	3905	3117
ENSG00000102981	PARD6A	196	163	219	178	176	181	130
ENSG00000102984	ZNF821	89	129	91	33	36	54	59
ENSG00000102996	MMP15	1600	1457	1750	1287	1250	1320	1051
ENSG00000103005	USB1	4604	3923	4591	3643	3564	3844	3094
ENSG00000103018	CYB5B	17258	15035	17680	12717	14638	15423	12588
ENSG00000103021	CCDC113	407	342	416	244	307	324	271
ENSG00000103024	NME3	932	793	900	690	663	785	587
ENSG00000103034	NDRG4	953	811	805	629	700	659	602
ENSG00000103035	PSMD7	5553	4744	5572	4076	4524	4843	3732
ENSG00000103037	SETD6	681	570	675	464	517	578	433
ENSG00000103042	SLC38A7	1113	951	996	837	947	868	740
ENSG00000103043	VAC14	1866	1528	1940	1419	1514	1529	1194
ENSG00000103044	HAS3	971	891	948	684	700	701	543
ENSG00000103047	TANGO6	1094	1010	1180	833	946	989	760
ENSG00000103051	COG4	2618	2431	2553	1907	2160	2139	1562
ENSG00000103056	SMPD3	42	50	40	40	31	41	20
ENSG00000103061	SLC7A6OS	790	764	801	665	630	693	443
ENSG00000103064	SLC7A6	2680	2285	2421	1643	1963	2012	1638
ENSG00000103066	PLA2G15	561	427	525	413	439	441	343
ENSG00000103067	ESRP2	8	4	7	5	1	13	6
ENSG00000103089	FA2H	2550	2096	2433	1911	1966	2168	1637
ENSG00000103091	WDR59	1868	1600	1847	1314	1271	1461	1233
ENSG00000103111	MON1B	3198	2804	3006	2156	2570	2629	2083
ENSG00000103121	CMC2	1238	1064	1276	998	1104	1197	868
ENSG00000103126	AXIN1	1941	1635	2121	1470	1619	1678	1312
ENSG00000103145	HCFC1R1	1916	1599	1966	1476	1465	1628	1253
ENSG00000103148	NPRL3	1875	1456	1980	1435	1539	1615	1199
ENSG00000103150	MLYCD	288	263	335	197	234	209	169
ENSG00000103152	MPG	1898	1695	1987	1459	1500	1593	1219
ENSG00000103154	NECAB2	116	91	112	58	105	102	81
ENSG00000103160	HSDL1	1005	865	1139	715	896	923	703
ENSG00000103168	TAF1C	1234	1125	1223	804	873	946	717
ENSG00000103174	NAGPA	591	579	579	445	431	557	383
ENSG00000103175	WFDC1	0	0	0	0	1	0	0
ENSG00000103184	SEC14L5	4	3	1	3	3	6	3
ENSG00000103187	COTL1	13894	11678	14888	10852	11612	12080	9239
ENSG00000103194	USP10	4903	4290	4630	3536	4030	4026	3297
ENSG00000103196	CRISPLD2	79	54	79	64	67	55	39
ENSG00000103197	TSC2	3003	2227	2779	1983	2421	2157	1823
ENSG00000103199	ZNF500	520	359	477	365	359	433	313
ENSG00000103202	NME4	5696	4823	5346	4126	4495	4586	3439
ENSG00000103222	ABCC1	17968	15903	18509	11310	14692	14389	12256
ENSG00000103226	NOMO3	1505	1188	1675	933	1570	1471	1091
ENSG00000103227	LMF1	605	485	570	486	434	468	366
ENSG00000103241	FOXF1	0	0	0	0	0	0	2
ENSG00000103245	CIAO3	1262	1069	1211	878	962	917	778
ENSG00000103248	MTHFSD	604	499	623	412	525	477	410
ENSG00000103249	CLCN7	3561	2978	3409	2482	2747	2971	2293
ENSG00000103253	HAGHL	449	324	352	275	288	333	278
ENSG00000103254	ANTKMT	1367	1192	1328	1025	1077	1114	869
ENSG00000103257	SLC7A5	62913	53524	62946	46222	54150	55219	44613
ENSG00000103260	METRN	2974	2678	3114	2330	2468	2418	1979
ENSG00000103264	FBXO31	1006	1005	1163	724	895	856	708
ENSG00000103266	STUB1	3298	2768	3225	2380	2613	2671	2110
ENSG00000103269	RHBDL1	56	49	50	32	33	46	33
ENSG00000103274	NUBP1	1182	1017	1123	834	947	947	772
ENSG00000103275	UBE2I	7494	6477	6990	5456	5931	6327	5087
ENSG00000103313	MEFV	10	8	7	9	4	2	3
ENSG00000103316	CRYM	136	163	176	113	140	146	96
ENSG00000103319	EEF2K	1989	1682	2059	1439	1528	1612	1286
ENSG00000103326	CAPN15	3234	2723	3268	2255	2439	2508	2140
ENSG00000103335	PIEZO1	6467	5719	6468	4405	5368	4927	4117
ENSG00000103342	GSPT1	11239	9894	12236	8196	9619	9894	7678
ENSG00000103343	ZNF174	604	488	604	421	510	488	384
ENSG00000103351	CLUAP1	573	594	647	455	498	582	429
ENSG00000103353	UBFD1	4726	4235	4806	3423	3787	3880	3256
ENSG00000103355	PRSS33	0	0	2	0	0	1	2
ENSG00000103356	EARS2	1159	901	842	678	861	750	744
ENSG00000103363	ELOB	4802	4122	4463	3508	3788	4044	3178
ENSG00000103365	GGA2	3108	2798	3316	2198	2469	2516	2007
ENSG00000103375	AQP8	1	1	2	0	1	0	0
ENSG00000103381	CPPED1	2847	2424	2843	2059	2237	2330	1921
ENSG00000103404	USP31	1311	1140	1389	883	1015	988	833
ENSG00000103415	HMOX2	1505	1296	1597	1153	1214	1281	1043
ENSG00000103423	DNAJA3	4032	3660	3977	2883	3436	3483	2953
ENSG00000103426	CORO7-PAM16	6	4	17	3	10	0	0
ENSG00000103429	BFAR	3499	2975	3388	2556	2727	2952	2305
ENSG00000103449	SALL1	142	145	171	107	119	135	111
ENSG00000103460	TOX3	427	366	422	308	320	307	252
ENSG00000103479	RBL2	2596	2241	2781	1732	2041	2209	1768
ENSG00000103485	QPRT	149	115	99	101	93	94	85
ENSG00000103489	XYLT1	109	94	111	103	112	109	90
ENSG00000103490	PYCARD	638	531	731	566	495	522	423
ENSG00000103494	RPGRIP1L	1189	1039	1187	786	922	1026	875
ENSG00000103495	MAZ	7333	6521	8412	5966	6427	6712	5008
ENSG00000103496	STX4	1593	1456	1666	1238	1324	1364	996
ENSG00000103502	CDIPT	4232	3637	4145	3203	3250	3381	2666
ENSG00000103507	BCKDK	2016	1670	1997	1627	1580	1729	1263
ENSG00000103510	KAT8	1281	1152	1329	961	1024	1099	888
ENSG00000103512	NOMO1	10637	9760	11029	7575	8741	8815	7228
ENSG00000103522	IL21R	5	3	3	2	5	7	1
ENSG00000103528	SYT17	791	717	775	578	595	577	489
ENSG00000103534	TMC5	1299	1060	1266	877	1055	1081	855
ENSG00000103540	CCP110	1434	1196	1376	898	1059	1150	935
ENSG00000103544	VPS35L	2798	2242	2894	2096	2272	2370	1973
ENSG00000103546	SLC6A2	0	0	0	0	0	0	1
ENSG00000103549	RNF40	5634	4730	5758	4045	4554	4522	3737
ENSG00000103550	KNOP1	2352	2126	2454	1884	1914	2092	1700
ENSG00000103569	AQP9	1	1	0	2	0	1	0
ENSG00000103591	AAGAB	4078	3693	4237	2874	3317	3659	2802
ENSG00000103599	IQCH	96	43	80	61	58	60	62
ENSG00000103642	LACTB	1739	1528	1793	1254	1350	1353	1088
ENSG00000103647	CORO2B	23	28	46	21	21	26	14
ENSG00000103653	CSK	4188	3597	3956	3013	3329	3460	2653
ENSG00000103657	HERC1	2449	2341	2812	1459	1946	1856	1652
ENSG00000103671	TRIP4	1103	949	1078	756	837	860	731
ENSG00000103707	MTFMT	493	466	570	412	466	470	348
ENSG00000103710	RASL12	2	4	3	1	7	7	0
ENSG00000103723	AP3B2	10	8	16	10	9	15	18
ENSG00000103740	ACSBG1	16	19	10	15	13	8	7
ENSG00000103742	IGDCC4	243	204	283	130	158	162	127
ENSG00000103769	RAB11A	7970	7004	8054	5834	6133	6623	5254
ENSG00000103811	CTSH	214	30	403	204	189	149	100
ENSG00000103852	TTC23	587	541	614	374	525	490	402
ENSG00000103855	CD276	2009	1873	2209	1528	1684	1520	1372
ENSG00000103876	FAH	928	725	908	627	787	763	558
ENSG00000103888	CEMIP	720	579	673	401	605	550	449
ENSG00000103932	RPAP1	1084	963	1046	760	878	851	690
ENSG00000103942	HOMER2	420	335	415	293	310	343	244
ENSG00000103966	EHD4	1423	1270	1529	996	1160	1151	931
ENSG00000103978	TMEM87A	1405	1199	1592	1084	1107	1125	886
ENSG00000103994	ZNF106	2198	1985	2418	1498	1911	1884	1585
ENSG00000103995	CEP152	795	700	881	580	706	639	551
ENSG00000104043	ATP8B4	44	63	35	22	29	45	39
ENSG00000104044	OCA2	19	9	8	4	8	12	9
ENSG00000104047	DTWD1	447	353	372	307	310	366	305
ENSG00000104059	FAM189A1	50	51	55	45	44	36	35
ENSG00000104064	GABPB1	1000	873	1017	763	854	849	720
ENSG00000104067	TJP1	9124	7763	9290	6218	7259	7391	6170
ENSG00000104081	BMF	161	140	189	130	108	110	94
ENSG00000104093	DMXL2	2448	2291	2844	1534	2061	2006	1756
ENSG00000104112	SCG3	1	2	4	1	1	2	3
ENSG00000104129	DNAJC17	258	216	216	174	230	221	153
ENSG00000104131	EIF3J	4688	3973	4552	3501	3747	4128	3171
ENSG00000104133	SPG11	1359	1159	1179	827	1121	1060	873
ENSG00000104140	RHOV	1007	867	997	706	730	751	616
ENSG00000104142	VPS18	1949	1644	2081	1482	1514	1609	1366
ENSG00000104147	OIP5	612	564	644	498	523	563	403
ENSG00000104154	SLC30A4	244	192	304	166	208	181	173
ENSG00000104164	BLOC1S6	1755	1517	1962	1229	1452	1461	1175
ENSG00000104177	MYEF2	1691	1484	1905	1099	1335	1419	1261
ENSG00000104205	SGK3	387	335	411	282	301	346	249
ENSG00000104213	PDGFRL	877	803	914	685	635	752	554
ENSG00000104218	CSPP1	547	493	571	442	499	616	422
ENSG00000104219	ZDHHC2	1505	1258	1529	1126	1157	1245	1002
ENSG00000104221	BRF2	377	313	364	286	314	358	286
ENSG00000104228	TRIM35	888	754	877	603	789	772	580
ENSG00000104231	ZFAND1	830	753	763	590	650	686	552
ENSG00000104237	RP1	2	4	5	3	0	2	3
ENSG00000104267	CA2	191	134	205	131	151	169	93
ENSG00000104290	FZD3	847	787	974	621	750	745	573
ENSG00000104299	INTS9	857	717	828	624	689	700	609
ENSG00000104312	RIPK2	853	733	904	672	763	702	499
ENSG00000104320	NBN	3215	2838	3326	2324	2668	2775	2275
ENSG00000104321	TRPA1	616	602	636	437	505	528	469
ENSG00000104324	CPQ	50	37	36	22	24	34	15
ENSG00000104325	DECR1	539	430	312	359	367	374	268
ENSG00000104327	CALB1	77	62	95	50	47	64	49
ENSG00000104331	BPNT2	6546	5801	6938	4542	5448	5556	4601
ENSG00000104332	SFRP1	1249	1129	1311	849	1031	1020	824
ENSG00000104341	LAPTM4B	9677	8392	10240	7020	7903	8129	6438
ENSG00000104343	UBE2W	667	575	621	494	466	614	387
ENSG00000104356	POP1	1250	1067	1437	875	1051	1110	809
ENSG00000104361	NIPAL2	405	389	397	313	352	354	306
ENSG00000104365	IKBKB	1366	1037	1098	874	1161	1142	908
ENSG00000104368	PLAT	59	107	131	51	79	69	66
ENSG00000104369	JPH1	0	0	0	1	0	0	0
ENSG00000104375	STK3	1141	895	1095	750	907	911	726
ENSG00000104381	GDAP1	799	760	965	626	733	719	675
ENSG00000104388	RAB2A	6311	5791	6420	4812	5118	5335	4262
ENSG00000104408	EIF3E	9732	8944	9993	7253	7865	8720	6878
ENSG00000104412	EMC2	980	859	804	671	798	695	668
ENSG00000104413	ESRP1	14	6	9	6	3	11	3
ENSG00000104415	CCN4	6	6	6	5	1	2	3
ENSG00000104419	NDRG1	3786	3128	4972	3500	2990	3031	2451
ENSG00000104427	ZC2HC1A	450	404	456	303	381	377	315
ENSG00000104432	IL7	5	1	11	6	7	6	6
ENSG00000104442	ARMC1	2767	2393	2963	2018	2285	2429	1920
ENSG00000104447	TRPS1	6	9	10	13	9	10	2
ENSG00000104450	SPAG1	1274	1081	1249	902	1060	1042	764
ENSG00000104472	CHRAC1	2555	2163	2321	1906	2137	2306	1825
ENSG00000104490	NCALD	1204	1058	1296	875	920	990	779
ENSG00000104497	SNX16	197	169	216	146	192	204	149
ENSG00000104517	UBR5	5465	4833	6012	3491	4310	4336	3782
ENSG00000104518	GSDMD	1191	1070	1194	897	928	911	772
ENSG00000104522	GFUS	1777	1596	1781	1418	1378	1407	1168
ENSG00000104524	PYCR3	1767	1480	1682	1215	1332	1518	1166
ENSG00000104529	EEF1D	14281	12387	14268	10589	11677	12104	9735
ENSG00000104537	ANXA13	2184	1914	2069	1669	1731	1806	1405
ENSG00000104549	SQLE	3452	2930	3562	2429	2841	3001	2408
ENSG00000104611	SH2D4A	3086	2728	3225	2281	2593	2763	2230
ENSG00000104613	INTS10	3060	2716	3272	2272	2493	2716	2086
ENSG00000104626	ERI1	1667	1560	1835	1208	1473	1563	1272
ENSG00000104635	SLC39A14	5898	5246	6218	4100	4862	5005	3995
ENSG00000104643	MTMR9	1106	958	1144	747	855	913	674
ENSG00000104660	LEPROTL1	2693	2359	2719	2050	2334	2392	1944
ENSG00000104671	DCTN6	1574	1383	1480	1198	1258	1413	1102
ENSG00000104679	R3HCC1	1303	1164	1348	1039	1089	1196	917
ENSG00000104687	GSR	16475	14184	16528	12091	14087	14487	11407
ENSG00000104689	TNFRSF10A	1075	929	1141	713	869	893	712
ENSG00000104691	UBXN8	507	511	545	405	442	485	413
ENSG00000104695	PPP2CB	3288	2840	3397	2504	2773	2841	2295
ENSG00000104714	ERICH1	1254	1040	1154	963	888	1002	835
ENSG00000104722	NEFM	0	1	1	3	1	0	2
ENSG00000104723	TUSC3	1782	1606	1957	1331	1449	1633	1246
ENSG00000104728	ARHGEF10	2358	2106	2617	1684	1971	1980	1623
ENSG00000104731	KLHDC4	1806	1561	1752	1224	1278	1488	1063
ENSG00000104738	MCM4	10753	9513	11179	7999	8830	9347	7276
ENSG00000104756	KCTD9	2968	2566	3018	2138	2370	2483	2066
ENSG00000104760	FGL1	2175	2130	2131	1562	1744	1895	1498
ENSG00000104763	ASAH1	3180	2902	2950	2466	2349	2878	2235
ENSG00000104765	BNIP3L	3414	3060	4133	2915	2666	2996	2318
ENSG00000104774	MAN2B1	1937	1742	2028	1484	1631	1599	1285
ENSG00000104783	KCNN4	2083	1702	1971	1366	1442	1441	1161
ENSG00000104804	TULP2	0	1	2	0	0	0	2
ENSG00000104805	NUCB1	10296	8907	10251	7976	8208	8092	6676
ENSG00000104808	DHDH	20	16	11	21	18	13	12
ENSG00000104812	GYS1	2496	1972	2699	1982	1858	1918	1580
ENSG00000104814	MAP4K1	49	60	60	53	27	65	47
ENSG00000104818	CGB2	1	1	5	0	2	1	2
ENSG00000104823	ECH1	14854	12912	13884	10975	11590	11485	8973
ENSG00000104824	HNRNPL	16953	14577	17503	12786	14413	14669	11616
ENSG00000104825	NFKBIB	1695	1628	1626	1189	1454	1468	1335
ENSG00000104826	LHB	7	9	8	2	15	6	3
ENSG00000104827	CGB3	0	2	6	0	2	2	3
ENSG00000104833	TUBB4A	1341	1135	1386	1136	1029	1098	856
ENSG00000104835	SARS2	2222	1822	1907	1565	1837	1817	1448
ENSG00000104848	KCNA7	31	47	45	29	30	30	26
ENSG00000104852	SNRNP70	12961	11975	11976	10212	10510	10458	8164
ENSG00000104853	CLPTM1	13596	11223	12815	10108	10797	10786	8922
ENSG00000104856	RELB	629	560	660	458	539	538	446
ENSG00000104859	CLASRP	1494	1559	1552	1210	1279	1313	1028
ENSG00000104863	LIN7B	55	74	67	53	53	58	44
ENSG00000104866	PPP1R37	2278	1929	2275	1647	1826	1773	1514
ENSG00000104870	FCGRT	923	790	984	778	736	707	586
ENSG00000104872	PIH1D1	1929	1681	1836	1407	1430	1442	1168
ENSG00000104879	CKM	2	1	1	0	0	0	2
ENSG00000104880	ARHGEF18	2942	2674	3236	2200	2279	2296	1907
ENSG00000104881	PPP1R13L	491	491	697	454	440	398	361
ENSG00000104883	PEX11G	107	107	107	85	89	79	81
ENSG00000104884	ERCC2	1104	974	979	764	921	985	790
ENSG00000104885	DOT1L	2705	2361	2707	1893	2061	2005	1711
ENSG00000104886	PLEKHJ1	1233	1052	1407	976	1030	1083	788
ENSG00000104888	SLC17A7	19	20	27	21	16	17	20
ENSG00000104889	RNASEH2A	1939	1602	1884	1416	1567	1609	1219
ENSG00000104892	KLC3	18	6	9	8	8	14	7
ENSG00000104894	CD37	18	0	10	6	0	10	5
ENSG00000104897	SF3A2	3206	2618	3273	2451	2504	2586	2134
ENSG00000104899	AMH	441	318	504	365	334	392	278
ENSG00000104901	DKKL1	14	10	11	4	12	7	3
ENSG00000104903	LYL1	6	1	7	7	5	4	4
ENSG00000104904	OAZ1	4471	3970	2721	2989	3386	3001	2681
ENSG00000104907	TRMT1	1040	776	966	732	850	874	681
ENSG00000104915	STX10	1695	1474	1641	1188	1253	1347	973
ENSG00000104936	DMPK	550	623	977	738	574	614	431
ENSG00000104941	RSPH6A	4	1	1	2	0	0	3
ENSG00000104946	TBC1D17	1670	1429	1755	1281	1351	1437	1155
ENSG00000104951	IL4I1	28	43	38	23	28	26	24
ENSG00000104953	TLE6	78	66	111	87	94	85	52
ENSG00000104957	YJU2B	415	422	445	290	323	348	308
ENSG00000104960	PTOV1	5506	4587	5408	4164	4067	4327	3558
ENSG00000104964	TLE5	8913	7963	9320	7135	7280	7656	5672
ENSG00000104967	NOVA2	70	46	56	32	26	41	30
ENSG00000104969	SGTA	2666	2254	2966	2240	2401	2384	1815
ENSG00000104973	MED25	3929	3265	4021	2932	2953	3163	2387
ENSG00000104976	SNAPC2	854	748	963	660	747	729	572
ENSG00000104979	C19orf53	2608	2206	2850	2012	2051	2357	1839
ENSG00000104980	TIMM44	1126	981	1147	900	966	947	801
ENSG00000104983	CCDC61	352	257	344	248	265	279	247
ENSG00000104998	IL27RA	394	325	326	252	262	273	195
ENSG00000105011	ASF1B	2217	1835	2201	1660	1608	1679	1291
ENSG00000105048	TNNT1	2209	2068	2498	1881	1780	1903	1455
ENSG00000105053	VRK3	1398	1064	1293	1023	1070	1119	872
ENSG00000105058	FAM32A	2914	2379	2933	2263	2276	2566	2002
ENSG00000105063	PPP6R1	9711	8577	10530	7527	8296	8337	6701
ENSG00000105072	C19orf44	325	288	274	209	264	225	185
ENSG00000105085	MED26	355	289	334	280	261	287	237
ENSG00000105088	OLFM2	345	326	355	288	270	285	228
ENSG00000105122	RASAL3	0	4	1	1	2	1	0
ENSG00000105127	AKAP8	1116	801	1129	732	872	747	741
ENSG00000105131	EPHX3	4	4	6	3	4	3	3
ENSG00000105135	ILVBL	1684	1501	1693	1188	1263	1368	1107
ENSG00000105136	ZNF419	312	262	257	191	222	255	195
ENSG00000105137	SYDE1	908	740	880	682	722	694	539
ENSG00000105146	AURKC	9	1	5	3	4	0	4
ENSG00000105171	POP4	2753	2243	2326	1753	2184	2140	1686
ENSG00000105173	CCNE1	1257	1155	1181	926	937	1030	798
ENSG00000105176	URI1	3064	2353	3192	1947	2508	2375	1590
ENSG00000105185	PDCD5	5981	5376	5469	4414	4783	4953	4131
ENSG00000105186	ANKRD27	2960	2600	3208	2149	2387	2570	2036
ENSG00000105193	RPS16	61217	53335	62207	47074	50305	53774	42758
ENSG00000105197	TIMM50	6838	5777	6584	5058	5279	5408	4406
ENSG00000105202	FBL	23639	20551	22891	17508	19455	20005	15800
ENSG00000105204	DYRK1B	1624	1400	1744	1266	1237	1277	1011
ENSG00000105219	CCNP	2	4	0	5	2	9	0
ENSG00000105220	GPI	49564	41495	54842	41851	41006	42674	33117
ENSG00000105221	AKT2	5311	4823	4609	3785	4045	4131	3580
ENSG00000105223	PLD3	9829	8431	10060	7443	7527	8211	6537
ENSG00000105227	PRX	259	232	253	192	214	204	176
ENSG00000105229	PIAS4	1276	1088	1180	929	931	975	756
ENSG00000105245	NUMBL	2520	2110	2549	1946	2020	2140	1697
ENSG00000105246	EBI3	190	132	160	112	113	119	97
ENSG00000105248	YJU2	704	653	665	551	630	649	448
ENSG00000105251	SHD	2	6	4	0	0	1	3
ENSG00000105254	TBCB	6371	5650	6289	5000	5085	5246	4338
ENSG00000105255	FSD1	248	237	279	195	206	215	146
ENSG00000105258	POLR2I	831	714	917	621	634	685	597
ENSG00000105261	OVOL3	12	9	13	13	13	17	11
ENSG00000105270	CLIP3	258	223	256	225	201	244	158
ENSG00000105278	ZFR2	4	4	1	5	5	1	2
ENSG00000105281	SLC1A5	18185	15721	17939	13068	16386	16630	13315
ENSG00000105287	PRKD2	2435	2198	2223	1798	1846	1853	1503
ENSG00000105289	TJP3	1060	893	984	748	852	832	620
ENSG00000105290	APLP1	3273	2843	3315	2538	2533	2580	2046
ENSG00000105298	CACTIN	1330	1263	1339	994	1139	1059	958
ENSG00000105321	CCDC9	1525	1437	1562	1122	1198	1250	1059
ENSG00000105323	HNRNPUL1	29467	24939	28956	21985	23099	24062	19186
ENSG00000105325	FZR1	1956	1730	1920	1486	1511	1484	1193
ENSG00000105327	BBC3	510	474	536	421	443	392	372
ENSG00000105329	TGFB1	8320	6785	8084	6282	6346	6446	5259
ENSG00000105339	DENND3	973	853	1011	736	803	861	638
ENSG00000105341	DMAC2	3508	3085	3721	2675	2738	2890	2232
ENSG00000105352	CEACAM4	0	0	1	0	0	0	2
ENSG00000105355	PLIN3	3697	3174	3824	2900	2773	2938	2278
ENSG00000105357	MYH14	657	555	684	478	510	551	428
ENSG00000105364	MRPL4	2384	2093	2252	1830	1990	1946	1521
ENSG00000105366	SIGLEC8	4	0	0	3	1	1	1
ENSG00000105369	CD79A	15	14	17	10	10	18	2
ENSG00000105371	ICAM4	3	0	0	0	0	0	0
ENSG00000105372	RPS19	43538	37975	44914	33631	34968	37052	29376
ENSG00000105373	NOP53	8448	7429	9543	7351	7286	7353	5747
ENSG00000105374	NKG7	6	5	4	2	3	3	2
ENSG00000105376	ICAM5	23	17	13	52	17	9	16
ENSG00000105379	ETFB	5626	5047	5623	4121	4428	4424	3443
ENSG00000105383	CD33	2	2	2	4	2	0	1
ENSG00000105388	CEACAM5	2442	2045	2288	1701	1791	1901	1447
ENSG00000105392	CRX	96	78	105	73	78	87	56
ENSG00000105393	BABAM1	1730	1471	1749	1282	1410	1471	1119
ENSG00000105397	TYK2	1438	1194	1059	1045	1067	1204	934
ENSG00000105398	SULT2A1	0	0	2	2	0	2	0
ENSG00000105401	CDC37	6552	5559	5377	4903	5018	5274	4295
ENSG00000105402	NAPA	4348	3601	4163	3312	3449	3722	2891
ENSG00000105404	RABAC1	4588	3975	5282	3735	3446	3836	2711
ENSG00000105409	ATP1A3	228	101	212	126	96	158	94
ENSG00000105419	MEIS3	2192	1889	2198	1586	1600	1626	1393
ENSG00000105426	PTPRS	5629	4810	5793	4087	4635	4559	3732
ENSG00000105427	CNFN	261	217	276	187	164	222	186
ENSG00000105429	MEGF8	8288	7565	8681	5902	6260	6310	5311
ENSG00000105438	KDELR1	18562	15299	16425	13453	13989	14807	11910
ENSG00000105443	CYTH2	5118	4707	5632	3833	4168	4220	3457
ENSG00000105447	GRWD1	5424	4790	5265	3775	4374	4441	3554
ENSG00000105464	GRIN2D	2466	2044	2701	2020	1908	2004	1573
ENSG00000105467	SYNGR4	66	66	62	56	46	47	41
ENSG00000105472	CLEC11A	217	205	268	179	151	198	180
ENSG00000105479	ODAD1	14	19	12	19	10	17	21
ENSG00000105483	CARD8	902	786	948	669	727	865	652
ENSG00000105486	LIG1	3211	2890	3331	2296	2842	2640	2202
ENSG00000105492	SIGLEC6	45	14	27	30	25	25	13
ENSG00000105497	ZNF175	437	401	418	307	325	364	298
ENSG00000105499	PLA2G4C	42	33	26	22	41	35	22
ENSG00000105509	HAS1	45	33	23	26	23	32	13
ENSG00000105514	RAB3D	1261	1007	1409	907	1031	1028	823
ENSG00000105516	DBP	386	314	359	311	311	324	276
ENSG00000105518	TMEM205	3328	2971	3237	2564	2560	2713	2168
ENSG00000105519	CAPS	129	142	142	97	115	115	92
ENSG00000105520	PLPPR2	1252	944	1184	910	872	948	769
ENSG00000105523	FAM83E	173	176	200	137	121	123	84
ENSG00000105538	RASIP1	33	27	26	21	17	20	23
ENSG00000105549	THEG	5	3	8	2	4	3	0
ENSG00000105550	FGF21	3	0	0	0	0	1	0
ENSG00000105552	BCAT2	3013	2473	2775	2274	2211	2455	2014
ENSG00000105556	MIER2	727	645	753	547	598	631	480
ENSG00000105559	PLEKHA4	66	58	63	57	45	47	39
ENSG00000105568	PPP2R1A	14147	11839	14242	10375	11126	11499	9244
ENSG00000105576	TNPO2	3167	2832	2957	2224	2361	2521	2194
ENSG00000105583	WDR83OS	1615	1353	1879	1255	1339	1416	1062
ENSG00000105605	CACNG7	156	140	169	135	114	112	106
ENSG00000105607	GCDH	578	441	548	417	400	450	355
ENSG00000105609	LILRB5	12	16	5	13	16	10	9
ENSG00000105610	KLF1	1	0	0	1	2	1	1
ENSG00000105612	DNASE2	1182	1099	1315	1009	986	1151	773
ENSG00000105613	MAST1	69	54	69	56	29	40	29
ENSG00000105617	LENG1	606	579	600	476	572	529	406
ENSG00000105618	PRPF31	5907	4937	5632	4245	4749	4842	3755
ENSG00000105619	TFPT	747	675	750	557	633	632	503
ENSG00000105639	JAK3	7	0	0	9	2	12	2
ENSG00000105640	RPL18A	23493	19796	21578	17686	19182	19855	15816
ENSG00000105641	SLC5A5	30	20	16	22	22	13	16
ENSG00000105642	KCNN1	38	38	44	30	33	27	14
ENSG00000105643	ARRDC2	1697	1583	1624	1207	1279	1350	1078
ENSG00000105647	PIK3R2	2500	1823	2103	1782	1750	1834	1288
ENSG00000105649	RAB3A	75	60	62	45	43	46	43
ENSG00000105650	PDE4C	51	59	54	38	32	39	28
ENSG00000105655	ISYNA1	1196	1077	1178	875	920	1018	714
ENSG00000105656	ELL	473	401	469	356	378	364	335
ENSG00000105662	CRTC1	821	627	768	568	581	634	478
ENSG00000105668	UPK1A	14	16	39	30	12	17	8
ENSG00000105669	COPE	3487	2943	3442	2685	2754	2924	2252
ENSG00000105671	DDX49	1312	1159	1417	980	1117	1127	872
ENSG00000105672	ETV2	34	42	61	32	38	50	30
ENSG00000105675	ATP4A	2	3	0	0	0	0	0
ENSG00000105676	ARMC6	1363	1205	1507	1050	1215	1196	981
ENSG00000105677	TMEM147	5327	4477	5291	3972	4262	4600	3665
ENSG00000105679	GAPDHS	0	1	0	0	0	0	1
ENSG00000105695	MAG	1	0	0	1	0	0	0
ENSG00000105696	TMEM59L	57	69	81	70	54	45	48
ENSG00000105697	HAMP	0	0	0	0	0	0	1
ENSG00000105698	USF2	6656	5696	6342	5074	5200	5375	4218
ENSG00000105699	LSR	2116	1790	2019	1562	1504	1612	1232
ENSG00000105700	KXD1	3166	2697	2806	2278	2458	2419	2078
ENSG00000105701	FKBP8	6276	5449	6465	4935	4984	5214	3899
ENSG00000105705	SUGP1	928	662	663	536	678	685	582
ENSG00000105707	HPN	1	3	3	5	3	6	4
ENSG00000105708	ZNF14	104	84	96	69	80	78	68
ENSG00000105711	SCN1B	1011	943	1020	758	771	785	635
ENSG00000105717	PBX4	25	15	18	8	19	2	13
ENSG00000105722	ERF	8316	7411	7916	6017	6527	6781	5497
ENSG00000105723	GSK3A	7437	6625	7267	5823	6127	6233	4881
ENSG00000105726	ATP13A1	3194	2771	3197	2249	2534	2564	2060
ENSG00000105732	ZNF574	2135	1664	2105	1515	1709	1772	1420
ENSG00000105737	GRIK5	41	45	41	39	39	29	33
ENSG00000105738	SIPA1L3	8311	6911	8502	5764	6680	6483	5361
ENSG00000105755	ETHE1	1105	979	1042	841	921	892	693
ENSG00000105767	CADM4	1110	1003	1000	882	754	835	607
ENSG00000105771	SMG9	1943	1749	1816	1491	1600	1744	1308
ENSG00000105778	AVL9	2756	2500	2984	1960	2416	2416	2050
ENSG00000105784	RUNDC3B	0	0	0	0	0	2	0
ENSG00000105792	CFAP69	197	161	160	128	133	147	111
ENSG00000105793	GTPBP10	1090	997	1033	704	914	936	736
ENSG00000105808	RASA4	189	147	236	145	117	123	126
ENSG00000105810	CDK6	2782	2564	3009	1851	2336	2357	2045
ENSG00000105819	PMPCB	2389	2065	2360	1614	1738	2017	1579
ENSG00000105821	DNAJC2	2154	1749	2225	1745	1726	1730	1378
ENSG00000105825	TFPI2	4388	3982	4543	3318	3741	4004	3315
ENSG00000105829	BET1	1297	1145	1378	930	981	1143	880
ENSG00000105835	NAMPT	7413	5927	5909	4063	5374	5306	5092
ENSG00000105849	POLR1F	1686	1427	1943	1210	1518	1536	1259
ENSG00000105851	PIK3CG	0	0	1	0	0	0	0
ENSG00000105852	PON3	996	894	1050	751	836	837	567
ENSG00000105854	PON2	17353	14787	16944	12535	13284	14461	11271
ENSG00000105855	ITGB8	322	280	327	212	250	242	193
ENSG00000105856	HBP1	1322	1227	1531	1025	1139	1135	927
ENSG00000105865	DUS4L	294	267	270	274	328	255	212
ENSG00000105866	SP4	296	227	268	192	254	269	197
ENSG00000105875	WDR91	220	193	239	206	160	202	149
ENSG00000105877	DNAH11	26	22	19	8	5	13	15
ENSG00000105879	CBLL1	1461	1384	1488	1155	1330	1359	1123
ENSG00000105887	MTPN	10041	8677	10423	7064	8164	8460	6937
ENSG00000105889	STEAP1B	0	0	0	0	1	3	0
ENSG00000105894	PTN	0	1	0	0	0	0	0
ENSG00000105926	PALS2	1552	1371	1624	1070	1349	1390	1132
ENSG00000105928	GSDME	1086	924	1110	775	876	847	674
ENSG00000105929	ATP6V0A4	30	29	29	28	16	21	15
ENSG00000105939	ZC3HAV1	5680	4828	5731	3811	4714	4815	3891
ENSG00000105948	TTC26	755	595	686	533	643	642	474
ENSG00000105953	OGDH	4935	4371	4890	3547	4121	4067	3162
ENSG00000105963	ADAP1	148	172	195	145	105	105	102
ENSG00000105967	TFEC	4	2	0	2	1	3	2
ENSG00000105968	H2AZ2	9530	8610	9710	6781	7843	7792	6430
ENSG00000105971	CAV2	4005	3458	4269	3107	3198	3554	2770
ENSG00000105974	CAV1	10865	9119	11340	8473	9207	9354	7595
ENSG00000105976	MET	10919	9675	12055	7448	9424	9484	7856
ENSG00000105982	RNF32	73	59	55	61	48	60	47
ENSG00000105983	LMBR1	1951	1882	1995	1304	1529	1775	1355
ENSG00000105991	HOXA1	226	211	213	143	166	182	170
ENSG00000105993	DNAJB6	4307	3921	4439	3201	3310	3703	2931
ENSG00000105996	HOXA2	105	74	89	75	97	89	48
ENSG00000105997	HOXA3	1280	1039	1248	897	1034	1045	876
ENSG00000106003	LFNG	883	744	849	616	623	635	500
ENSG00000106004	HOXA5	212	174	188	165	166	173	144
ENSG00000106006	HOXA6	38	34	34	24	34	20	23
ENSG00000106009	BRAT1	2269	1876	2675	1894	1940	2088	1590
ENSG00000106012	IQCE	2525	2199	2348	1733	1893	1948	1664
ENSG00000106013	ANKRD7	4	4	8	1	0	9	3
ENSG00000106018	VIPR2	18	17	11	11	7	12	6
ENSG00000106025	TSPAN12	51	45	46	32	39	47	30
ENSG00000106028	SSBP1	4124	3732	4133	3202	3403	3565	2896
ENSG00000106031	HOXA13	209	202	250	185	185	216	158
ENSG00000106034	CPED1	0	0	1	0	0	1	0
ENSG00000106038	EVX1	8	3	6	3	0	1	2
ENSG00000106049	HIBADH	2594	2245	2507	1910	1942	2095	1657
ENSG00000106052	TAX1BP1	6915	5891	7208	5007	5558	5901	4790
ENSG00000106066	CPVL	85	79	84	58	75	68	47
ENSG00000106069	CHN2	61	110	85	76	61	70	48
ENSG00000106070	GRB10	3781	3337	4272	2861	3070	3189	2686
ENSG00000106077	ABHD11	421	407	414	264	306	327	268
ENSG00000106078	COBL	1492	1259	1520	1018	1082	1165	954
ENSG00000106080	FKBP14	1123	901	1089	795	857	995	760
ENSG00000106086	PLEKHA8	916	876	1018	681	721	765	649
ENSG00000106089	STX1A	1348	1162	1283	970	976	1107	800
ENSG00000106100	NOD1	279	230	273	207	194	233	162
ENSG00000106105	GARS1	5904	4978	6428	4564	5668	5919	4467
ENSG00000106113	CRHR2	0	1	0	1	0	0	0
ENSG00000106123	EPHB6	197	173	169	128	112	132	136
ENSG00000106125	MINDY4	225	208	192	168	216	216	170
ENSG00000106128	GHRHR	0	0	0	2	0	0	0
ENSG00000106144	CASP2	1897	1597	2042	1475	1525	1622	1314
ENSG00000106153	CHCHD2	11953	10348	11658	8810	9092	10159	7669
ENSG00000106178	CCL24	25	24	38	31	26	18	18
ENSG00000106211	HSPB1	15528	13097	15397	11905	10990	11974	8913
ENSG00000106236	NPTX2	0	2	0	0	0	0	0
ENSG00000106244	PDAP1	6032	5162	5716	4432	4752	5161	3988
ENSG00000106245	BUD31	2663	2267	2637	2026	2186	2268	1833
ENSG00000106246	PTCD1	1139	957	983	805	816	922	676
ENSG00000106258	CYP3A5	531	463	449	294	371	358	289
ENSG00000106261	ZKSCAN1	3623	3016	3867	2421	2830	2866	2385
ENSG00000106263	EIF3B	14036	12302	14543	10373	12090	12114	9615
ENSG00000106266	SNX8	1864	1644	1912	1371	1582	1682	1318
ENSG00000106268	NUDT1	1529	1352	1539	1098	1171	1264	929
ENSG00000106290	TAF6	3478	2801	3294	2697	2790	2971	2288
ENSG00000106299	WASL	2800	2344	2818	1904	2300	2398	2000
ENSG00000106302	HYAL4	5	4	4	2	4	7	3
ENSG00000106305	AIMP2	2408	1890	2313	1674	1951	2015	1679
ENSG00000106327	TFR2	0	3	19	0	0	0	8
ENSG00000106328	FSCN3	1	1	0	0	0	0	2
ENSG00000106330	MOSPD3	631	530	591	492	451	546	414
ENSG00000106331	PAX4	0	0	0	0	0	1	0
ENSG00000106333	PCOLCE	33	33	30	59	22	38	27
ENSG00000106336	FBXO24	32	22	28	8	3	8	16
ENSG00000106344	RBM28	2873	2570	2964	2018	2264	2413	2030
ENSG00000106346	USP42	1067	830	1019	735	824	824	672
ENSG00000106348	IMPDH1	4763	4047	4711	3535	3643	3838	2979
ENSG00000106351	AGFG2	1876	1506	1616	1261	1328	1375	1121
ENSG00000106355	LSM5	1809	1596	1931	1357	1423	1626	1339
ENSG00000106366	SERPINE1	8322	7126	8974	6386	6384	6551	5230
ENSG00000106367	AP1S1	3841	3483	3803	2979	3004	3196	2547
ENSG00000106384	MOGAT3	2	4	5	3	4	1	2
ENSG00000106392	C1GALT1	2079	1877	2075	1426	1640	1729	1418
ENSG00000106397	PLOD3	3156	2513	2994	2150	2490	2486	1975
ENSG00000106399	RPA3	1439	1313	1444	1123	1152	1252	928
ENSG00000106400	ZNHIT1	2110	1835	2099	1673	1616	1705	1368
ENSG00000106404	CLDN15	632	565	628	468	491	498	418
ENSG00000106415	GLCCI1	72	39	88	47	80	75	62
ENSG00000106436	MYL10	0	1	0	1	0	0	0
ENSG00000106443	PHF14	2283	1911	2405	1660	1870	1946	1564
ENSG00000106459	NRF1	964	747	969	615	767	776	635
ENSG00000106460	TMEM106B	6265	5695	6631	4456	5200	5577	4417
ENSG00000106462	EZH2	1352	1169	1275	898	1152	963	977
ENSG00000106477	CEP41	967	906	867	715	750	735	604
ENSG00000106479	ZNF862	458	431	526	319	403	421	313
ENSG00000106483	SFRP4	333	286	354	226	245	275	246
ENSG00000106484	MEST	1995	1744	2140	1467	1618	1684	1359
ENSG00000106511	MEOX2	0	0	0	0	1	1	1
ENSG00000106524	ANKMY2	1003	972	1033	736	822	953	719
ENSG00000106526	ACTR3C	2	5	3	1	2	3	2
ENSG00000106537	TSPAN13	2981	2640	2953	2111	2321	2551	2052
ENSG00000106538	RARRES2	1	0	0	1	0	0	1
ENSG00000106541	AGR2	17709	14654	16853	12854	13183	14331	10819
ENSG00000106546	AHR	4296	3620	4312	2859	3414	3590	2800
ENSG00000106554	CHCHD3	4164	3742	4412	3163	3693	3884	2991
ENSG00000106560	GIMAP2	9	6	8	2	8	6	6
ENSG00000106565	TMEM176B	4	1	0	1	1	0	0
ENSG00000106571	GLI3	5	6	8	4	6	2	6
ENSG00000106588	PSMA2	5175	4465	4923	3870	3935	4118	3477
ENSG00000106591	MRPL32	1862	1617	1636	1370	1444	1486	1161
ENSG00000106603	COA1	2063	1782	1658	1506	1496	1584	1316
ENSG00000106605	BLVRA	2737	2479	2880	2051	2229	2323	1790
ENSG00000106608	URGCP	1646	1446	1560	1135	1292	1295	1071
ENSG00000106609	TMEM248	5638	4724	5597	4170	4646	4772	3802
ENSG00000106615	RHEB	4320	3745	4496	3143	3415	3786	2854
ENSG00000106617	PRKAG2	737	707	768	607	616	689	535
ENSG00000106624	AEBP1	1	0	0	0	0	0	0
ENSG00000106628	POLD2	5798	5197	5709	4484	4347	5052	4023
ENSG00000106631	MYL7	0	0	2	1	0	0	0
ENSG00000106633	GCK	0	0	0	0	0	1	0
ENSG00000106635	BCL7B	2072	1720	2008	1462	1742	1785	1384
ENSG00000106636	YKT6	5402	4831	5258	4033	4467	4570	3637
ENSG00000106638	TBL2	616	533	537	481	471	490	401
ENSG00000106665	CLIP2	4540	4029	4650	3306	3437	3433	2923
ENSG00000106682	EIF4H	18936	16579	18370	13691	15070	15288	12789
ENSG00000106683	LIMK1	2985	2493	3238	2355	2410	2390	1869
ENSG00000106686	SPATA6L	132	118	144	120	97	115	112
ENSG00000106688	SLC1A1	380	285	347	277	260	311	244
ENSG00000106689	LHX2	210	222	283	176	223	215	145
ENSG00000106692	FKTN	1084	911	1149	716	892	944	807
ENSG00000106701	FSD1L	464	408	425	319	350	375	274
ENSG00000106714	CNTNAP3	4862	4247	4651	3248	3676	3863	3002
ENSG00000106723	SPIN1	3647	3244	3854	2598	2988	3171	2459
ENSG00000106733	NMRK1	208	188	192	159	142	174	137
ENSG00000106771	TMEM245	6764	6116	7544	4717	5602	5769	4852
ENSG00000106772	PRUNE2	2	2	0	0	1	1	0
ENSG00000106780	MEGF9	7843	6840	8283	5240	6262	6692	5504
ENSG00000106785	TRIM14	2494	2198	2421	1685	1866	1878	1568
ENSG00000106789	CORO2A	1580	1318	1527	1127	1146	1261	1022
ENSG00000106799	TGFBR1	3414	3114	3978	2501	2646	2695	2219
ENSG00000106803	SEC61B	3166	2777	2757	2198	2591	2439	2001
ENSG00000106804	C5	4548	4037	4870	3148	3733	3814	3099
ENSG00000106809	OGN	1	1	1	3	1	1	1
ENSG00000106819	ASPN	0	1	0	1	0	1	0
ENSG00000106823	ECM2	2	2	3	3	1	7	0
ENSG00000106829	TLE4	526	418	540	337	381	402	372
ENSG00000106852	LHX6	7	20	15	7	13	12	8
ENSG00000106853	PTGR1	11924	10840	12676	9062	9900	10655	8249
ENSG00000106868	SUSD1	1155	1063	1294	821	970	952	797
ENSG00000106927	AMBP	277	262	327	191	216	243	170
ENSG00000106948	AKNA	540	483	523	376	469	426	338
ENSG00000106952	TNFSF8	8	12	7	6	8	5	2
ENSG00000106976	DNM1	12113	10226	12445	9214	9285	10004	7722
ENSG00000106991	ENG	64	55	46	30	44	40	40
ENSG00000106992	AK1	1137	984	1111	824	950	876	735
ENSG00000106993	CDC37L1	942	821	1001	657	804	853	659
ENSG00000107014	RLN2	34	35	16	23	20	23	21
ENSG00000107018	RLN1	3	1	0	1	1	0	0
ENSG00000107020	PLGRKT	626	574	613	530	536	609	465
ENSG00000107021	TBC1D13	1657	1431	1869	1231	1374	1444	1082
ENSG00000107036	RIC1	1726	1539	1755	1117	1406	1391	1182
ENSG00000107077	KDM4C	1075	1024	1080	744	828	929	698
ENSG00000107099	DOCK8	37	27	41	25	25	11	34
ENSG00000107104	KANK1	1103	980	1120	795	860	860	742
ENSG00000107105	ELAVL2	4	4	4	5	2	7	3
ENSG00000107130	NCS1	1895	1595	1830	1342	1417	1463	1184
ENSG00000107140	TESK1	1001	728	1003	689	850	839	633
ENSG00000107147	KCNT1	0	0	1	0	0	0	0
ENSG00000107159	CA9	588	512	1065	802	534	561	444
ENSG00000107164	FUBP3	3800	3292	3555	2595	3010	2899	2474
ENSG00000107165	TYRP1	1	0	0	0	1	2	0
ENSG00000107175	CREB3	1210	971	1094	873	862	992	801
ENSG00000107185	RGP1	3033	2738	3086	2065	2530	2436	2050
ENSG00000107186	MPDZ	2185	1987	2388	1400	1724	1709	1565
ENSG00000107187	LHX3	0	3	0	0	1	2	1
ENSG00000107201	DDX58	228	253	305	228	138	213	144
ENSG00000107223	EDF1	7114	6214	6482	5365	5481	5652	4796
ENSG00000107242	PIP5K1B	1	0	0	1	1	1	0
ENSG00000107249	GLIS3	1220	1072	1517	782	1165	1317	888
ENSG00000107262	BAG1	2844	2339	3038	2173	2181	2381	1911
ENSG00000107263	RAPGEF1	3565	3080	3683	2379	2961	2907	2399
ENSG00000107281	NPDC1	3030	2566	3219	2240	2190	2477	1881
ENSG00000107282	APBA1	44	38	71	37	46	36	45
ENSG00000107290	SETX	4001	3661	4438	2411	3344	3226	2768
ENSG00000107295	SH3GL2	4	2	2	1	1	2	0
ENSG00000107317	PTGDS	5	0	9	2	5	0	1
ENSG00000107331	ABCA2	2756	2589	3122	2187	2533	2258	2041
ENSG00000107338	SHB	2563	2189	2680	1920	2162	2182	1679
ENSG00000107341	UBE2R2	6376	5598	6679	4977	5200	5552	4411
ENSG00000107362	ABHD17B	1022	957	1109	701	835	908	710
ENSG00000107371	EXOSC3	1575	1399	1602	1163	1393	1333	1201
ENSG00000107372	ZFAND5	11482	9944	11855	8227	9331	9920	7903
ENSG00000107404	DVL1	2932	2535	2832	2084	2383	2345	1754
ENSG00000107438	PDLIM1	6727	5708	7410	5380	5181	5678	4318
ENSG00000107443	CCNJ	692	555	682	469	494	534	437
ENSG00000107447	DNTT	0	3	2	1	1	0	1
ENSG00000107485	GATA3	224	175	231	176	182	187	141
ENSG00000107518	ATRNL1	48	57	37	40	30	45	33
ENSG00000107521	HPS1	373	305	420	284	297	331	194
ENSG00000107537	PHYH	1233	1062	1278	916	1036	1142	858
ENSG00000107551	RASSF4	79	77	100	64	62	80	76
ENSG00000107554	DNMBP	2503	2104	2423	1802	1956	1981	1673
ENSG00000107560	RAB11FIP2	1408	1224	1529	929	1249	1247	1011
ENSG00000107562	CXCL12	0	1	1	1	0	3	1
ENSG00000107566	ERLIN1	4590	3982	4444	3188	3686	3894	3046
ENSG00000107581	EIF3A	19924	17721	22097	13890	17400	17770	14795
ENSG00000107593	PKD2L1	0	0	0	0	0	0	4
ENSG00000107611	CUBN	11	18	26	16	9	9	4
ENSG00000107614	TRDMT1	136	146	165	95	126	76	90
ENSG00000107625	DDX50	1757	1640	2088	1267	1412	1446	1280
ENSG00000107643	MAPK8	855	807	870	611	680	749	606
ENSG00000107651	SEC23IP	4778	4207	4728	3218	3850	3984	3262
ENSG00000107669	ATE1	3097	2695	3212	1973	2380	2486	2041
ENSG00000107672	NSMCE4A	2469	2073	2578	1816	2085	2110	1666
ENSG00000107679	PLEKHA1	1996	1735	2129	1380	1513	1655	1282
ENSG00000107719	PALD1	437	362	471	392	408	377	367
ENSG00000107731	UNC5B	74	57	97	49	50	52	47
ENSG00000107736	CDH23	91	78	71	50	55	60	41
ENSG00000107738	VSIR	769	631	674	558	508	555	453
ENSG00000107742	SPOCK2	60	64	53	42	55	51	39
ENSG00000107745	MICU1	4489	3686	4409	3207	3497	3749	3031
ENSG00000107758	PPP3CB	1745	1590	1947	1299	1483	1594	1198
ENSG00000107771	CCSER2	1388	1352	1712	994	1270	1356	1117
ENSG00000107779	BMPR1A	1856	1546	1738	1339	1395	1568	1111
ENSG00000107789	MINPP1	2286	1904	2403	1625	1826	1889	1593
ENSG00000107796	ACTA2	376	270	386	242	287	274	227
ENSG00000107798	LIPA	3446	2939	3385	2539	2700	2912	2428
ENSG00000107807	TLX1	1	3	0	0	2	1	1
ENSG00000107815	TWNK	2293	2038	2336	1621	1964	2049	1667
ENSG00000107816	LZTS2	3540	3223	3681	2533	2559	2699	2202
ENSG00000107819	SFXN3	1440	1188	1415	964	1057	1030	808
ENSG00000107821	KAZALD1	216	170	216	154	152	174	123
ENSG00000107829	FBXW4	1784	1644	1833	1502	1605	1562	1232
ENSG00000107831	FGF8	1	0	2	0	1	0	0
ENSG00000107833	NPM3	1595	1404	1544	1247	1343	1380	1120
ENSG00000107854	TNKS2	3550	3150	3942	2564	3071	3023	2535
ENSG00000107859	PITX3	3	1	2	1	2	2	2
ENSG00000107862	GBF1	4247	3812	4211	3046	3741	3508	2827
ENSG00000107863	ARHGAP21	3538	3209	4029	2066	3156	2665	2594
ENSG00000107864	CPEB3	91	87	104	52	63	46	56
ENSG00000107872	FBXL15	537	510	543	382	384	440	329
ENSG00000107874	CUEDC2	1385	1232	1408	1032	1116	1149	927
ENSG00000107882	SUFU	992	916	987	685	751	749	640
ENSG00000107890	ANKRD26	871	711	826	696	576	658	605
ENSG00000107897	ACBD5	4359	3799	4434	3014	3455	3847	3165
ENSG00000107902	LHPP	595	518	590	473	486	456	362
ENSG00000107929	LARP4B	4456	3789	4834	3123	3673	3811	3037
ENSG00000107937	GTPBP4	4656	4044	4762	3271	3818	4237	3371
ENSG00000107938	EDRF1	917	738	833	579	720	757	549
ENSG00000107949	BCCIP	3611	3220	3761	2703	3013	3245	2567
ENSG00000107951	MTPAP	1450	1297	1549	1115	1252	1346	1013
ENSG00000107954	NEURL1	16	14	16	12	13	9	8
ENSG00000107957	SH3PXD2A	1816	1547	1750	1102	1437	1470	1184
ENSG00000107959	PITRM1	4192	3474	3774	2845	3282	3333	2793
ENSG00000107960	STN1	846	747	852	572	658	660	562
ENSG00000107968	MAP3K8	982	814	981	625	698	782	601
ENSG00000107984	DKK1	19962	17108	19816	14405	14425	15678	12561
ENSG00000108001	EBF3	4	2	2	0	2	3	4
ENSG00000108010	GLRX3	4476	3831	4521	3251	3661	3727	2863
ENSG00000108018	SORCS1	0	0	0	1	0	0	1
ENSG00000108021	TASOR2	4250	3804	4655	2492	3494	3619	3190
ENSG00000108039	XPNPEP1	1715	1582	1709	1252	1328	1400	1195
ENSG00000108055	SMC3	5993	4951	6075	4273	4997	5270	4027
ENSG00000108061	SHOC2	2224	1935	2427	1554	1735	1798	1441
ENSG00000108064	TFAM	3454	3022	3480	2468	2875	3103	2401
ENSG00000108091	CCDC6	4031	3530	4238	2822	3331	3505	2751
ENSG00000108094	CUL2	1428	1249	1438	1109	1061	1298	979
ENSG00000108100	CCNY	2399	2198	2477	1922	2009	2167	1724
ENSG00000108106	UBE2S	16247	13794	14990	11655	13104	12559	9743
ENSG00000108107	RPL28	28016	22083	27074	21343	21863	23889	19022
ENSG00000108175	ZMIZ1	5755	5084	6263	4149	4912	4793	3940
ENSG00000108176	DNAJC12	1624	1459	1677	1238	1207	1391	1119
ENSG00000108179	PPIF	3100	2572	3190	2292	2388	2615	1982
ENSG00000108187	PBLD	475	454	571	408	396	427	353
ENSG00000108219	TSPAN14	9122	7703	9693	6946	7274	7334	6144
ENSG00000108231	LGI1	0	0	0	0	1	0	0
ENSG00000108239	TBC1D12	440	428	518	322	370	413	339
ENSG00000108242	CYP2C18	10	4	0	5	2	1	2
ENSG00000108244	KRT23	9	0	5	5	0	2	0
ENSG00000108256	NUFIP2	7302	6514	7499	4789	5978	6219	5211
ENSG00000108262	GIT1	4927	4059	4897	3643	4025	3941	3223
ENSG00000108298	RPL19	32810	28276	32229	25128	26789	29106	23003
ENSG00000108306	FBXL20	1359	1111	1290	1044	1080	1095	854
ENSG00000108309	RUNDC3A	6	0	3	0	0	6	6
ENSG00000108312	UBTF	7044	6069	7183	5027	5826	5999	4802
ENSG00000108342	CSF3	56	48	46	22	28	30	24
ENSG00000108344	PSMD3	10798	9579	10185	7775	8638	8750	7119
ENSG00000108349	CASC3	4018	3535	4182	2969	3370	3537	2997
ENSG00000108352	RAPGEFL1	329	290	276	212	218	217	142
ENSG00000108370	RGS9	6	13	19	3	6	6	7
ENSG00000108375	RNF43	4004	3367	3646	2627	3091	3241	2599
ENSG00000108379	WNT3	590	507	610	387	457	509	415
ENSG00000108381	ASPA	2	4	1	3	5	0	3
ENSG00000108384	RAD51C	1047	997	940	812	887	949	761
ENSG00000108387	SEPTIN4	39	24	42	34	19	35	20
ENSG00000108389	MTMR4	2235	1915	2415	1464	1666	1762	1494
ENSG00000108395	TRIM37	2209	1866	2410	1522	1777	1981	1554
ENSG00000108405	P2RX1	0	0	0	0	3	0	0
ENSG00000108406	DHX40	4088	3697	4340	3034	3258	3407	2780
ENSG00000108423	TUBD1	811	704	776	595	632	679	536
ENSG00000108424	KPNB1	21152	18024	20141	14468	16924	17996	14553
ENSG00000108433	GOSR2	2264	1811	2136	1566	1799	1846	1375
ENSG00000108439	PNPO	3025	2512	2819	2236	2291	2501	1982
ENSG00000108443	RPS6KB1	3635	3138	3733	2482	2673	3044	2473
ENSG00000108465	CDK5RAP3	2297	1932	2223	1701	1942	1936	1461
ENSG00000108468	CBX1	6343	5864	6456	4751	5262	5439	4375
ENSG00000108469	RECQL5	1699	1532	1874	1316	1455	1494	1173
ENSG00000108474	PIGL	422	414	423	322	313	350	295
ENSG00000108479	GALK1	2121	1835	2123	1639	1690	1720	1322
ENSG00000108506	INTS2	1970	1843	2170	1470	1682	1706	1414
ENSG00000108509	CAMTA2	2789	2226	2734	1964	2060	2253	1802
ENSG00000108510	MED13	4443	4145	4963	3048	3836	3956	3382
ENSG00000108511	HOXB6	954	834	897	627	721	755	611
ENSG00000108515	ENO3	867	809	855	605	629	629	506
ENSG00000108518	PFN1	71529	58772	71387	54518	54844	58937	46339
ENSG00000108523	RNF167	4998	4365	4911	3853	4010	4382	3445
ENSG00000108528	SLC25A11	4142	3695	4212	3032	3213	3337	2603
ENSG00000108551	RASD1	27	18	19	19	18	22	16
ENSG00000108556	CHRNE	9	9	4	3	1	3	5
ENSG00000108557	RAI1	6396	5746	6494	4666	5016	4851	4142
ENSG00000108559	NUP88	2765	2416	2819	2255	2057	2170	2014
ENSG00000108561	C1QBP	14700	12658	14038	10773	11890	12477	10054
ENSG00000108576	SLC6A4	18	18	21	14	15	17	8
ENSG00000108578	BLMH	2795	2411	2900	1929	2220	2338	1817
ENSG00000108582	CPD	11940	10574	12972	7735	9774	10085	8371
ENSG00000108587	GOSR1	3761	3190	3769	2522	2984	2940	2561
ENSG00000108588	CCDC47	8274	7571	9040	5890	6902	7219	5939
ENSG00000108590	MED31	604	508	549	447	482	536	382
ENSG00000108591	DRG2	1718	1626	1721	1328	1407	1511	1245
ENSG00000108592	FTSJ3	5651	4904	5646	4127	4719	4749	4013
ENSG00000108599	AKAP10	2374	1981	2454	1607	1932	2006	1628
ENSG00000108602	ALDH3A1	87045	76375	89964	64605	74637	75646	56400
ENSG00000108604	SMARCD2	3525	3083	3392	2616	2901	3017	2312
ENSG00000108622	ICAM2	1	0	0	0	0	1	0
ENSG00000108639	SYNGR2	12680	11146	12268	9230	9679	10177	8007
ENSG00000108641	B9D1	1466	1318	1500	1169	1159	1283	1006
ENSG00000108651	UTP6	1071	887	1224	852	987	1020	767
ENSG00000108654	DDX5	4751	4535	4317	2570	4913	4798	3907
ENSG00000108666	C17orf75	1001	879	1120	748	857	937	724
ENSG00000108669	CYTH1	1439	1305	1462	996	1129	1156	962
ENSG00000108671	PSMD11	9064	7704	9048	7075	7544	8028	6630
ENSG00000108679	LGALS3BP	8530	7188	9005	6426	6760	6961	5594
ENSG00000108684	ASIC2	26	20	26	9	13	12	13
ENSG00000108688	CCL7	0	0	0	1	0	0	0
ENSG00000108691	CCL2	1236	1007	1039	818	854	888	716
ENSG00000108700	CCL8	0	0	0	0	2	0	0
ENSG00000108702	CCL1	0	0	0	1	0	0	0
ENSG00000108733	PEX12	377	346	384	243	316	311	243
ENSG00000108759	KRT32	5	0	0	0	0	4	4
ENSG00000108771	DHX58	0	2	7	6	2	3	1
ENSG00000108773	KAT2A	3103	2848	2735	2240	2610	2621	2174
ENSG00000108774	RAB5C	11874	10292	10154	8424	8942	9172	7620
ENSG00000108784	NAGLU	3803	3154	3638	2614	2893	2827	2272
ENSG00000108786	HSD17B1	47	43	49	29	29	26	28
ENSG00000108788	MLX	2445	2074	2072	1557	1864	1956	1602
ENSG00000108797	CNTNAP1	1011	847	1073	737	814	809	631
ENSG00000108798	ABI3	1	0	3	0	1	1	0
ENSG00000108799	EZH1	1149	1044	1137	796	932	991	757
ENSG00000108813	DLX4	154	119	191	126	127	148	99
ENSG00000108819	PPP1R9B	4517	4080	4952	3463	3720	3827	3108
ENSG00000108821	COL1A1	1118	1003	1258	892	835	781	567
ENSG00000108825	PTGES3L-AARSD1	29	15	11	23	10	22	23
ENSG00000108826	MRPL27	1789	1553	1636	1231	1414	1389	1178
ENSG00000108828	VAT1	8150	7195	8189	6127	6382	6610	5356
ENSG00000108829	LRRC59	16304	13993	16053	11502	13516	13074	10547
ENSG00000108830	RND2	36	29	37	21	24	23	18
ENSG00000108839	ALOX12	42	29	30	17	21	17	21
ENSG00000108840	HDAC5	734	639	723	635	502	527	439
ENSG00000108846	ABCC3	14645	12902	13340	10345	11459	11221	9001
ENSG00000108848	LUC7L3	10210	8631	10716	7651	7868	8674	6832
ENSG00000108849	PPY	0	0	0	0	0	0	1
ENSG00000108852	MPP2	610	586	614	473	431	469	358
ENSG00000108854	SMURF2	1218	1051	1419	910	1023	1071	859
ENSG00000108861	DUSP3	4824	4143	5082	3437	4139	4281	3436
ENSG00000108878	CACNG1	1	1	2	3	4	1	2
ENSG00000108883	EFTUD2	9727	8481	10091	7185	7880	8088	6413
ENSG00000108924	HLF	87	83	107	79	80	87	58
ENSG00000108932	SLC16A6	162	138	159	119	167	152	123
ENSG00000108946	PRKAR1A	9747	7695	10487	7284	7861	9029	7160
ENSG00000108947	EFNB3	74	99	97	93	87	95	58
ENSG00000108950	FAM20A	6	4	4	4	1	3	0
ENSG00000108953	YWHAE	37170	32496	35063	28029	29951	31166	25094
ENSG00000108960	MMD	3403	2895	3752	2665	2684	2951	2340
ENSG00000108961	RANGRF	1072	902	1168	793	921	944	776
ENSG00000108963	DPH1	1583	1475	1748	1220	1276	1404	1135
ENSG00000108984	MAP2K6	1867	1713	2016	1219	1586	1570	1300
ENSG00000109016	DHRS7B	562	542	627	447	523	502	406
ENSG00000109046	WSB1	1060	998	1038	672	790	838	622
ENSG00000109062	SLC9A3R1	3958	3308	3783	2844	3067	2893	2578
ENSG00000109063	MYH3	120	138	141	109	101	128	96
ENSG00000109065	NAT9	1143	895	1059	805	899	957	679
ENSG00000109066	TMEM104	1853	1731	1775	1325	1449	1418	1208
ENSG00000109072	VTN	725	659	634	528	521	573	462
ENSG00000109079	TNFAIP1	4723	4091	4623	3402	3468	3781	3033
ENSG00000109083	IFT20	1128	1067	1182	843	906	1030	777
ENSG00000109084	TMEM97	8508	7169	8014	6138	6836	7306	5620
ENSG00000109089	CDR2L	4738	4049	4812	3476	3773	3778	3065
ENSG00000109099	PMP22	2143	1898	2331	1737	1987	1683	1659
ENSG00000109101	FOXN1	0	0	1	0	0	0	0
ENSG00000109103	UNC119	1187	1060	1129	844	877	902	799
ENSG00000109107	ALDOC	265	188	318	259	202	182	138
ENSG00000109111	SUPT6H	11698	10044	11571	8120	8914	9182	7506
ENSG00000109113	RAB34	6544	5598	6620	4872	5224	5656	4246
ENSG00000109118	PHF12	3226	2701	3371	2387	2581	2672	2208
ENSG00000109133	TMEM33	2186	1929	2186	1581	1772	1948	1427
ENSG00000109158	GABRA4	0	0	0	1	0	0	0
ENSG00000109163	GNRHR	7	3	6	6	6	5	3
ENSG00000109171	SLAIN2	1507	1321	1450	1036	1177	1188	1002
ENSG00000109180	OCIAD1	4091	3469	4031	2957	3168	3414	2804
ENSG00000109181	UGT2B10	9	11	20	6	10	18	5
ENSG00000109184	DCUN1D4	1475	1284	1517	1099	1177	1303	1015
ENSG00000109189	USP46	658	572	691	459	612	612	476
ENSG00000109220	CHIC2	243	182	259	178	150	178	147
ENSG00000109255	NMU	10	9	6	7	8	8	3
ENSG00000109265	CRACD	193	169	238	136	181	176	143
ENSG00000109270	LAMTOR3	427	435	478	328	348	354	286
ENSG00000109320	NFKB1	1848	1575	1841	1341	1592	1448	1197
ENSG00000109321	AREG	1833	1625	1715	1362	1510	1553	1279
ENSG00000109323	MANBA	374	396	116	144	343	226	262
ENSG00000109332	UBE2D3	7525	6467	7208	5764	5852	6458	5112
ENSG00000109339	MAPK10	26	22	40	33	35	35	25
ENSG00000109381	ELF2	884	787	926	643	743	789	574
ENSG00000109390	NDUFC1	1147	677	763	715	723	740	645
ENSG00000109424	UCP1	0	0	1	0	0	3	0
ENSG00000109436	TBC1D9	1533	1339	1483	975	1224	1344	1011
ENSG00000109445	ZNF330	854	779	986	630	766	801	640
ENSG00000109452	INPP4B	1343	1198	1384	888	1021	1049	886
ENSG00000109458	GAB1	245	235	243	174	206	232	164
ENSG00000109466	KLHL2	694	700	792	424	553	611	527
ENSG00000109472	CPE	201	182	212	151	141	152	132
ENSG00000109475	RPL34	4008	3496	3957	3011	3011	3251	2657
ENSG00000109501	WFS1	1443	1233	1437	971	1118	1086	863
ENSG00000109511	ANXA10	219	194	227	151	166	172	148
ENSG00000109519	GRPEL1	1389	1213	1310	1064	1124	1249	982
ENSG00000109534	GAR1	818	726	825	696	703	867	684
ENSG00000109536	FRG1	1071	816	1080	818	886	890	751
ENSG00000109572	CLCN3	2612	2356	2876	1845	2219	2309	1964
ENSG00000109576	AADAT	494	434	463	358	392	426	315
ENSG00000109586	GALNT7	4698	4005	4819	3030	3847	3903	3202
ENSG00000109606	DHX15	7738	6778	7977	5313	6413	6505	5479
ENSG00000109610	SOD3	0	0	0	0	1	1	1
ENSG00000109618	SEPSECS	244	278	237	199	216	236	143
ENSG00000109625	CPZ	4	7	0	4	4	5	1
ENSG00000109654	TRIM2	221	199	213	146	158	173	135
ENSG00000109667	SLC2A9	4	8	4	4	6	0	3
ENSG00000109670	FBXW7	447	383	505	330	354	386	320
ENSG00000109674	NEIL3	1266	1208	1279	898	1040	1180	952
ENSG00000109680	TBC1D19	229	148	175	167	163	130	109
ENSG00000109684	CLNK	6	2	7	4	5	4	1
ENSG00000109685	NSD2	6862	5959	6992	4666	5599	5505	4542
ENSG00000109686	SH3D19	1958	1940	2138	1456	1818	1883	1472
ENSG00000109689	STIM2	819	759	857	613	668	697	567
ENSG00000109705	NKX3-2	48	45	55	37	24	32	23
ENSG00000109736	MFSD10	2707	2346	2743	2086	2155	2229	1764
ENSG00000109738	GLRB	179	151	173	114	137	156	115
ENSG00000109743	BST1	776	665	765	581	674	673	479
ENSG00000109756	RAPGEF2	1355	1243	1411	955	1126	1023	901
ENSG00000109758	HGFAC	7	9	6	5	2	6	7
ENSG00000109762	SNX25	535	487	612	387	435	491	385
ENSG00000109771	LRP2BP	32	40	48	27	31	43	32
ENSG00000109775	UFSP2	526	408	493	368	323	411	330
ENSG00000109787	KLF3	2274	1863	2297	1554	1803	1807	1565
ENSG00000109790	KLHL5	5018	4277	5145	3532	3944	4399	3529
ENSG00000109794	FAM149A	318	246	293	242	267	264	190
ENSG00000109805	NCAPG	2783	2478	3326	2132	2329	2461	1930
ENSG00000109814	UGDH	28464	24954	29040	20487	23411	24702	19880
ENSG00000109819	PPARGC1A	183	176	225	136	171	203	138
ENSG00000109832	DDX25	8	5	6	4	4	7	3
ENSG00000109846	CRYAB	16	15	20	14	13	17	14
ENSG00000109854	HTATIP2	6275	5788	6113	4677	5062	5315	4350
ENSG00000109861	CTSC	4107	3708	4035	2865	3264	3447	2734
ENSG00000109881	CCDC34	2625	2406	2695	2192	2115	2258	1823
ENSG00000109906	ZBTB16	1	0	1	0	1	1	0
ENSG00000109911	ELP4	771	696	806	544	629	668	528
ENSG00000109917	ZPR1	1629	1371	1621	1196	1306	1430	1157
ENSG00000109919	MTCH2	4692	4108	4853	3554	3877	4032	3191
ENSG00000109920	FNBP4	2638	2285	2754	1942	2181	2356	1902
ENSG00000109927	TECTA	14	4	7	9	10	8	4
ENSG00000109929	SC5D	815	715	814	577	633	707	556
ENSG00000109943	CRTAM	3	2	3	1	1	3	0
ENSG00000109944	JHY	293	282	296	241	242	268	201
ENSG00000109956	B3GAT1	0	2	0	0	0	0	0
ENSG00000109971	HSPA8	63130	54172	61385	44688	50039	53565	42376
ENSG00000109991	P2RX3	3	2	3	1	7	7	3
ENSG00000110002	VWA5A	37	32	31	39	27	33	19
ENSG00000110011	DNAJC4	546	466	504	399	400	433	358
ENSG00000110013	SIAE	1172	1119	1122	790	876	956	824
ENSG00000110025	SNX15	1356	1195	1288	955	1117	1144	845
ENSG00000110031	LPXN	113	102	125	76	66	94	74
ENSG00000110042	DTX4	592	494	617	391	449	521	392
ENSG00000110046	ATG2A	2067	1821	2219	1574	1671	1707	1321
ENSG00000110047	EHD1	3664	3144	3378	2709	2817	2848	2417
ENSG00000110048	OSBP	4185	3778	4276	2815	3399	3553	2839
ENSG00000110057	UNC93B1	4203	3549	4008	3359	3210	3336	2642
ENSG00000110060	PUS3	259	241	267	185	202	228	150
ENSG00000110063	DCPS	1107	980	1023	784	933	868	727
ENSG00000110066	KMT5B	1464	1259	1499	957	1154	1194	905
ENSG00000110074	FOXRED1	1004	844	985	755	776	780	707
ENSG00000110075	PPP6R3	5537	4895	5937	3878	4725	4676	3832
ENSG00000110076	NRXN2	22	21	20	17	2	12	7
ENSG00000110079	MS4A4A	3	1	0	4	3	1	1
ENSG00000110080	ST3GAL4	820	645	685	577	555	586	479
ENSG00000110090	CPT1A	4211	3620	4185	2812	3199	3357	2876
ENSG00000110092	CCND1	13908	12095	14434	9796	11814	12219	9947
ENSG00000110104	CCDC86	3405	2802	3133	2511	2801	3050	2266
ENSG00000110107	PRPF19	6530	5593	6276	4719	5404	5545	4265
ENSG00000110108	TMEM109	4324	3896	4102	3182	3439	3636	2777
ENSG00000110148	CCKBR	1	1	0	0	0	0	0
ENSG00000110169	HPX	10	13	15	12	9	12	2
ENSG00000110171	TRIM3	920	841	852	641	720	691	582
ENSG00000110172	CHORDC1	3795	3568	4069	2672	3179	3468	2789
ENSG00000110195	FOLR1	7	5	10	2	2	2	3
ENSG00000110200	ANAPC15	1347	1148	1330	1036	1173	1103	932
ENSG00000110203	FOLR3	0	0	0	0	0	0	1
ENSG00000110218	PANX1	671	599	744	424	570	562	486
ENSG00000110237	ARHGEF17	1283	1129	1360	958	1017	1016	904
ENSG00000110243	APOA5	0	0	1	0	0	0	1
ENSG00000110244	APOA4	0	1	0	0	0	0	0
ENSG00000110245	APOC3	0	0	0	0	2	0	0
ENSG00000110274	CEP164	1022	838	1000	713	772	761	637
ENSG00000110315	RNF141	1513	1410	1614	1121	1200	1308	1071
ENSG00000110318	CEP126	475	484	547	389	466	433	341
ENSG00000110321	EIF4G2	54721	46545	57740	39196	44659	46421	37376
ENSG00000110324	IL10RA	6	8	2	6	0	0	5
ENSG00000110328	GALNT18	553	587	629	420	476	497	405
ENSG00000110330	BIRC2	1744	1554	1949	1222	1412	1620	1342
ENSG00000110344	UBE4A	2368	2012	2567	1460	1958	1921	1749
ENSG00000110367	DDX6	3967	3564	3891	2894	3341	3326	2769
ENSG00000110375	UPK2	6	6	14	3	4	5	4
ENSG00000110395	CBL	1671	1456	1734	1043	1358	1306	1033
ENSG00000110400	NECTIN1	1624	1349	1536	1037	1272	1199	1037
ENSG00000110422	HIPK3	2258	2013	2385	1508	1912	1909	1660
ENSG00000110427	KIAA1549L	157	149	165	132	124	130	106
ENSG00000110429	FBXO3	1554	1320	1642	1115	1170	1295	1037
ENSG00000110435	PDHX	1897	1779	2048	1314	1626	1686	1289
ENSG00000110436	SLC1A2	31	41	38	21	21	27	21
ENSG00000110442	COMMD9	1060	912	1031	826	786	921	675
ENSG00000110446	SLC15A3	1	5	2	0	0	1	0
ENSG00000110448	CD5	2	0	0	0	0	0	1
ENSG00000110455	ACCS	415	416	504	362	378	392	310
ENSG00000110492	MDK	450	435	451	323	359	388	317
ENSG00000110497	AMBRA1	1766	1637	1825	1321	1404	1524	1089
ENSG00000110514	MADD	2881	2444	2935	2024	2174	2231	1894
ENSG00000110536	PTPMT1	2007	1741	1921	1372	1524	1626	1388
ENSG00000110583	NAA40	1384	1331	1294	929	1161	1189	916
ENSG00000110619	CARS1	2217	1997	2368	1705	2186	2373	1866
ENSG00000110628	SLC22A18	1299	1102	1357	950	1004	1089	929
ENSG00000110651	CD81	9045	7483	10062	7190	7121	7639	5786
ENSG00000110660	SLC35F2	1445	1330	1514	1086	1242	1257	1066
ENSG00000110665	C11orf21	0	0	1	0	0	0	0
ENSG00000110675	ELMOD1	30	19	25	16	16	24	18
ENSG00000110693	SOX6	26	31	36	31	30	36	38
ENSG00000110696	C11orf58	8561	7719	8572	6310	6921	7455	6076
ENSG00000110697	PITPNM1	3807	3271	3555	2749	2820	2834	2307
ENSG00000110700	RPS13	12857	11009	13262	9694	10413	11558	9069
ENSG00000110711	AIP	2183	1960	2296	1817	1856	1879	1529
ENSG00000110713	NUP98	5853	4980	5650	4051	4626	4687	4062
ENSG00000110717	NDUFS8	3898	3117	3687	2813	2948	3253	2565
ENSG00000110719	TCIRG1	5001	4344	5327	3708	3817	3791	3015
ENSG00000110721	CHKA	1409	1191	1467	1054	1150	1268	1009
ENSG00000110723	EXPH5	131	97	118	83	73	76	82
ENSG00000110756	HPS5	1654	1325	1622	1050	1295	1365	1052
ENSG00000110768	GTF2H1	1828	1560	1949	1385	1507	1586	1347
ENSG00000110777	POU2AF1	20	17	12	18	14	9	6
ENSG00000110786	PTPN5	1	0	0	0	1	0	0
ENSG00000110799	VWF	0	0	0	2	0	2	2
ENSG00000110801	PSMD9	1158	1007	1385	889	1005	1063	870
ENSG00000110811	P3H3	792	730	820	650	699	620	500
ENSG00000110841	PPFIBP1	1999	1755	2091	1348	1718	1637	1407
ENSG00000110844	PRPF40B	849	683	912	636	665	700	532
ENSG00000110848	CD69	0	1	1	0	0	0	0
ENSG00000110851	PRDM4	1485	1296	1616	1176	1261	1265	1078
ENSG00000110852	CLEC2B	55	43	52	42	46	44	27
ENSG00000110871	COQ5	1511	1347	1539	1198	1298	1316	1014
ENSG00000110876	SELPLG	8	2	5	9	6	3	2
ENSG00000110880	CORO1C	8459	7468	9073	6225	7057	7302	5668
ENSG00000110881	ASIC1	767	667	648	603	547	621	447
ENSG00000110887	DAO	1	0	0	0	0	0	0
ENSG00000110888	CAPRIN2	361	470	503	297	347	337	282
ENSG00000110900	TSPAN11	5	5	4	1	3	2	7
ENSG00000110906	KCTD10	1607	1531	1649	1169	1230	1288	1044
ENSG00000110911	SLC11A2	1989	1722	1973	1338	1566	1617	1283
ENSG00000110917	MLEC	18365	16313	19293	12628	14531	14956	12133
ENSG00000110921	MVK	757	567	730	496	644	638	500
ENSG00000110925	CSRNP2	816	682	832	576	609	620	498
ENSG00000110931	CAMKK2	2035	1601	2003	1406	1601	1584	1303
ENSG00000110934	BIN2	19	13	11	8	12	13	7
ENSG00000110944	IL23A	4	0	5	7	1	5	2
ENSG00000110955	ATP5F1B	30978	28120	31195	23078	25712	26812	20934
ENSG00000110958	PTGES3	20359	17751	20817	14906	16940	17843	14022
ENSG00000110987	BCL7A	1061	909	1046	733	829	821	649
ENSG00000111011	RSRC2	853	724	763	553	690	667	581
ENSG00000111012	CYP27B1	50	55	59	46	30	62	52
ENSG00000111052	LIN7A	222	173	214	166	170	215	160
ENSG00000111057	KRT18	145335	125312	149728	112383	111070	118484	91785
ENSG00000111058	ACSS3	27	32	32	21	25	17	28
ENSG00000111077	TNS2	3247	2513	2878	2282	2351	2427	1878
ENSG00000111087	GLI1	941	767	969	710	684	770	603
ENSG00000111110	PPM1H	944	842	1056	710	812	831	667
ENSG00000111142	METAP2	6633	5891	7134	5361	5357	6095	4603
ENSG00000111144	LTA4H	5439	4741	5942	4088	4570	4808	3747
ENSG00000111145	ELK3	2726	2379	2916	1881	2123	2237	1808
ENSG00000111181	SLC6A12	9	14	5	0	0	6	6
ENSG00000111186	WNT5B	35	27	31	25	22	29	15
ENSG00000111196	MAGOHB	722	706	766	625	640	720	580
ENSG00000111199	TRPV4	6	16	9	7	14	0	4
ENSG00000111203	ITFG2	391	332	367	243	316	365	272
ENSG00000111206	FOXM1	7089	5761	6715	4966	5835	5994	4839
ENSG00000111215	PRR4	11	0	0	5	3	7	19
ENSG00000111224	PARP11	110	130	169	113	97	141	107
ENSG00000111229	ARPC3	8859	7550	8617	6571	6879	7627	5910
ENSG00000111231	GPN3	1323	1043	1293	896	1047	1126	849
ENSG00000111237	VPS29	2353	2021	2219	1776	1846	1983	1576
ENSG00000111245	MYL2	3	0	0	0	1	0	1
ENSG00000111247	RAD51AP1	982	908	1027	756	804	866	708
ENSG00000111249	CUX2	4	3	3	2	3	3	2
ENSG00000111252	SH2B3	454	374	433	359	318	342	278
ENSG00000111254	AKAP3	8	13	15	6	15	15	6
ENSG00000111261	MANSC1	1655	1328	1493	1132	1187	1240	985
ENSG00000111266	DUSP16	3063	2740	3363	2129	2422	2534	2058
ENSG00000111269	CREBL2	2269	2011	2418	1646	1753	1942	1505
ENSG00000111271	ACAD10	945	858	977	647	760	750	614
ENSG00000111275	ALDH2	6034	5359	4980	4035	4357	4559	3688
ENSG00000111276	CDKN1B	2671	2490	2796	1866	2083	2181	1798
ENSG00000111291	GPRC5D	12	15	9	10	9	12	5
ENSG00000111300	NAA25	2268	2103	2470	1606	1908	1973	1551
ENSG00000111305	GSG1	18	8	3	3	6	10	1
ENSG00000111319	SCNN1A	634	518	595	451	467	484	422
ENSG00000111321	LTBR	7967	6734	7980	6109	6258	6949	5466
ENSG00000111325	OGFOD2	615	565	532	520	439	495	405
ENSG00000111328	CDK2AP1	4224	3547	4686	3273	3315	3728	2807
ENSG00000111331	OAS3	3627	3237	4478	2359	3370	3217	2617
ENSG00000111335	OAS2	26	21	29	20	16	21	20
ENSG00000111339	ART4	2	4	3	2	2	3	2
ENSG00000111341	MGP	0	0	0	1	0	0	0
ENSG00000111344	RASAL1	24	38	26	30	24	39	30
ENSG00000111348	ARHGDIB	20	16	16	12	18	12	13
ENSG00000111358	GTF2H3	1454	1247	1523	1125	1170	1309	1007
ENSG00000111361	EIF2B1	2333	2084	2308	1690	1891	2012	1611
ENSG00000111364	DDX55	1984	1661	2119	1563	1638	1728	1402
ENSG00000111371	SLC38A1	10930	9841	11954	7370	10083	10319	8489
ENSG00000111412	SPRING1	2207	2014	2386	1606	1678	1871	1608
ENSG00000111424	VDR	270	198	224	153	181	215	146
ENSG00000111432	FZD10	3	3	5	0	1	4	5
ENSG00000111445	RFC5	2557	2140	2491	1838	2062	2089	1712
ENSG00000111450	STX2	1323	1088	1437	897	985	1128	780
ENSG00000111452	ADGRD1	19	23	42	20	25	31	18
ENSG00000111481	COPZ1	7317	6227	7075	5422	5745	6425	4949
ENSG00000111490	TBC1D30	222	222	260	188	193	203	185
ENSG00000111530	CAND1	7717	6826	8138	5423	6341	6456	5521
ENSG00000111540	RAB5B	3072	2713	2595	2097	2214	2392	2055
ENSG00000111554	MDM1	551	492	536	378	477	489	418
ENSG00000111581	NUP107	3871	3374	4229	2781	3341	3527	2722
ENSG00000111596	CNOT2	2642	2137	2500	1975	1981	2199	1759
ENSG00000111602	TIMELESS	6724	5833	6597	4636	5419	5307	4524
ENSG00000111605	CPSF6	4388	4028	4709	3111	3628	3904	3102
ENSG00000111615	KRR1	2293	1916	2283	1643	1929	2140	1633
ENSG00000111639	MRPL51	5933	5081	5755	4529	4812	5034	3932
ENSG00000111640	GAPDH	195456	165750	190787	151280	154257	162385	126163
ENSG00000111641	NOP2	4591	4175	4598	3530	3856	4016	3316
ENSG00000111642	CHD4	10131	8971	11065	6944	8212	8010	6969
ENSG00000111644	ACRBP	14	14	0	11	8	7	9
ENSG00000111647	UHRF1BP1L	1416	1252	1592	946	1185	1244	1075
ENSG00000111652	COPS7A	2229	1855	2153	1640	1821	1981	1563
ENSG00000111653	ING4	522	437	507	449	407	511	327
ENSG00000111664	GNB3	19	70	32	23	39	46	0
ENSG00000111665	CDCA3	1552	1316	1549	1088	1238	1201	947
ENSG00000111666	CHPT1	1930	1709	2063	1555	1561	1810	1363
ENSG00000111667	USP5	7875	6946	7995	5772	6369	6442	5198
ENSG00000111669	TPI1	35066	30311	38208	27589	28139	30610	23041
ENSG00000111670	GNPTAB	2227	1920	2387	1483	1850	1841	1470
ENSG00000111671	SPSB2	1033	903	1012	774	851	841	637
ENSG00000111674	ENO2	2904	2649	3256	2345	2275	2411	1851
ENSG00000111676	ATN1	7452	6081	7207	5440	5721	6021	4808
ENSG00000111678	C12orf57	2263	1841	2231	1712	1725	1823	1518
ENSG00000111679	PTPN6	1387	1263	1320	1050	1139	1235	836
ENSG00000111684	LPCAT3	2741	2417	2534	2039	2130	2235	1842
ENSG00000111696	NT5DC3	863	733	893	530	636	730	559
ENSG00000111700	SLCO1B3	1858	1759	2062	1420	1559	1693	1295
ENSG00000111704	NANOG	4	13	12	5	8	3	5
ENSG00000111707	SUDS3	2506	2271	2659	1727	2007	2118	1646
ENSG00000111711	GOLT1B	2562	2448	2673	1984	2123	2323	1837
ENSG00000111716	LDHB	38966	34304	41529	29147	32447	34386	26979
ENSG00000111725	PRKAB1	975	810	862	740	879	812	712
ENSG00000111726	CMAS	2303	1923	2420	1704	1859	2036	1564
ENSG00000111727	HCFC2	271	331	334	249	250	246	208
ENSG00000111728	ST8SIA1	22	11	18	19	18	20	11
ENSG00000111729	CLEC4A	2	0	8	5	3	0	0
ENSG00000111731	C2CD5	1803	1573	1875	1165	1437	1440	1158
ENSG00000111732	AICDA	17	27	24	13	11	16	13
ENSG00000111737	RAB35	3493	3217	3316	2545	2670	2900	2301
ENSG00000111752	PHC1	1504	1252	1262	986	1099	1148	907
ENSG00000111775	COX6A1	6363	5627	6656	4887	5353	5553	4317
ENSG00000111780	NA	0	7	7	5	0	0	3
ENSG00000111783	RFX4	0	0	1	0	0	0	1
ENSG00000111785	RIC8B	925	850	984	650	719	705	636
ENSG00000111786	SRSF9	6975	6381	8048	5437	5852	5987	4529
ENSG00000111790	FGFR1OP2	1070	943	1103	816	802	866	745
ENSG00000111796	KLRB1	0	0	1	0	0	3	0
ENSG00000111799	COL12A1	703	670	781	433	510	486	470
ENSG00000111801	BTN3A3	180	161	178	111	115	99	122
ENSG00000111802	TDP2	2091	1894	2137	1546	1733	1855	1495
ENSG00000111816	FRK	1255	1102	1303	890	951	989	824
ENSG00000111817	DSE	498	453	548	384	406	380	356
ENSG00000111832	RWDD1	1523	1170	1597	1265	1137	1274	1008
ENSG00000111834	RSPH4A	12	17	18	9	16	16	11
ENSG00000111837	MAK	11	16	10	8	6	10	8
ENSG00000111843	TMEM14C	3575	3265	3409	2713	2910	3026	2399
ENSG00000111845	PAK1IP1	828	714	812	651	756	778	660
ENSG00000111846	GCNT2	1262	1033	1244	824	1017	1070	858
ENSG00000111850	SMIM8	181	157	180	125	126	159	103
ENSG00000111859	NEDD9	4430	3854	4326	3100	3509	3600	2875
ENSG00000111860	CEP85L	180	151	207	109	151	167	133
ENSG00000111863	ADTRP	4	8	3	5	7	7	2
ENSG00000111875	ASF1A	951	883	870	709	790	841	669
ENSG00000111877	MCM9	622	550	697	441	543	571	430
ENSG00000111879	FAM184A	1	1	4	1	4	0	0
ENSG00000111880	RNGTT	1116	1117	1227	809	986	1001	801
ENSG00000111885	MAN1A1	1	0	8	6	3	6	1
ENSG00000111886	GABRR2	14	22	17	14	8	11	7
ENSG00000111897	SERINC1	4768	4265	4985	3291	3684	3897	3175
ENSG00000111906	HDDC2	1369	1247	1343	1042	1112	1231	955
ENSG00000111907	TPD52L1	2945	2612	2784	2112	2246	2460	1980
ENSG00000111911	HINT3	1233	1095	1244	918	1005	1036	858
ENSG00000111912	NCOA7	5786	5140	6007	4181	4719	4922	3980
ENSG00000111961	SASH1	593	536	609	422	404	503	420
ENSG00000111962	UST	370	378	439	294	349	333	245
ENSG00000111981	ULBP1	125	107	102	97	116	131	118
ENSG00000112029	FBXO5	1156	1047	1181	821	895	1052	814
ENSG00000112031	MTRF1L	1135	955	1128	787	831	885	762
ENSG00000112033	PPARD	768	691	754	581	656	683	553
ENSG00000112038	OPRM1	15	14	16	10	10	14	5
ENSG00000112039	FANCE	229	241	244	181	205	207	150
ENSG00000112041	TULP1	1	0	0	3	1	1	2
ENSG00000112062	MAPK14	2106	1865	2100	1411	1682	1769	1286
ENSG00000112077	RHAG	7	4	3	1	3	4	0
ENSG00000112078	KCTD20	2405	2080	2390	1635	1893	2070	1678
ENSG00000112079	STK38	2989	2602	3048	2209	2416	2556	1992
ENSG00000112081	SRSF3	11874	10236	11805	8679	9874	10310	8522
ENSG00000112110	MRPL18	2970	2493	2799	2233	2316	2420	1923
ENSG00000112118	MCM3	6696	5639	7058	4818	5341	5668	4396
ENSG00000112130	RNF8	324	311	346	245	230	344	237
ENSG00000112137	PHACTR1	11	12	16	13	3	6	11
ENSG00000112139	MDGA1	331	384	333	198	243	308	236
ENSG00000112144	CILK1	687	620	722	495	614	607	498
ENSG00000112146	FBXO9	1610	1349	1612	1248	1262	1224	1132
ENSG00000112149	CD83	46	48	66	38	36	58	42
ENSG00000112159	MDN1	1125	1293	1528	552	1068	912	865
ENSG00000112164	GLP1R	0	0	0	0	1	0	0
ENSG00000112167	SAYSD1	335	313	372	263	259	279	218
ENSG00000112175	BMP5	2	5	0	3	5	3	4
ENSG00000112182	BACH2	21	22	22	21	16	26	16
ENSG00000112183	RBM24	754	656	759	573	586	669	495
ENSG00000112186	CAP2	1457	1217	1600	1097	1176	1311	997
ENSG00000112195	TREML2	1	1	1	1	1	0	0
ENSG00000112200	ZNF451	1008	952	1115	778	898	925	756
ENSG00000112208	BAG2	2047	1788	2057	1442	1833	1822	1376
ENSG00000112210	RAB23	566	509	549	396	462	456	405
ENSG00000112212	TSPO2	3	4	2	1	1	0	1
ENSG00000112218	GPR63	40	47	49	51	37	50	52
ENSG00000112232	KHDRBS2	2	1	2	0	0	0	0
ENSG00000112234	FBXL4	1004	907	1029	703	806	902	693
ENSG00000112237	CCNC	1769	1633	1858	1320	1431	1581	1188
ENSG00000112238	PRDM13	0	49	67	54	54	45	0
ENSG00000112242	E2F3	1635	1373	1637	1126	1328	1357	1074
ENSG00000112245	PTP4A1	13781	11710	12732	10646	11608	13269	11204
ENSG00000112246	SIM1	0	1	1	0	0	0	0
ENSG00000112249	ASCC3	2840	2627	3143	1894	2357	2471	2076
ENSG00000112276	BVES	264	207	274	207	219	225	153
ENSG00000112280	COL9A1	1	0	0	0	0	0	0
ENSG00000112282	MED23	872	771	899	603	772	777	578
ENSG00000112290	WASF1	799	651	856	603	653	662	558
ENSG00000112293	GPLD1	129	105	126	103	106	129	93
ENSG00000112294	ALDH5A1	1102	987	1173	725	838	938	745
ENSG00000112297	CRYBG1	63	55	79	47	47	49	63
ENSG00000112299	VNN1	36	27	35	24	28	18	15
ENSG00000112303	VNN2	5	0	3	4	5	1	0
ENSG00000112304	ACOT13	1586	1436	1623	1197	1334	1523	1154
ENSG00000112305	SMAP1	1467	1130	1497	1087	1083	1240	947
ENSG00000112306	RPS12	13857	11522	14439	10493	11265	12547	10100
ENSG00000112308	C6orf62	3206	2757	3213	2328	2696	2811	2318
ENSG00000112309	B3GAT2	20	18	26	12	11	1	17
ENSG00000112312	GMNN	1712	1595	1787	1346	1332	1494	1179
ENSG00000112319	EYA4	1133	971	1103	762	987	978	785
ENSG00000112320	SOBP	79	46	51	50	22	48	50
ENSG00000112333	NR2E1	3	2	0	2	0	3	1
ENSG00000112335	SNX3	4126	3579	4303	3156	3430	3539	2678
ENSG00000112339	HBS1L	1863	1598	1990	1306	1552	1590	1349
ENSG00000112343	TRIM38	944	885	913	728	758	768	617
ENSG00000112357	PEX7	149	140	188	134	142	140	122
ENSG00000112365	ZBTB24	644	585	594	478	548	543	503
ENSG00000112367	FIG4	557	482	550	402	454	482	348
ENSG00000112378	PERP	14022	11931	13887	10185	10989	12003	9554
ENSG00000112379	ARFGEF3	1395	1188	1470	895	1105	1036	847
ENSG00000112394	SLC16A10	45	21	41	37	36	30	22
ENSG00000112406	HECA	237	228	258	172	201	186	208
ENSG00000112414	ADGRG6	5217	4357	5354	3358	4229	4358	3587
ENSG00000112419	PHACTR2	1148	1035	1243	751	946	1005	825
ENSG00000112425	EPM2A	67	76	72	77	68	67	57
ENSG00000112473	SLC39A7	5595	4980	5685	4250	4422	4610	3726
ENSG00000112486	CCR6	61	54	25	34	47	53	13
ENSG00000112494	UNC93A	6	6	12	7	4	4	6
ENSG00000112499	SLC22A2	0	0	1	2	1	0	3
ENSG00000112511	PHF1	541	432	621	341	485	501	394
ENSG00000112514	CUTA	2306	2065	2596	1853	1896	2020	1594
ENSG00000112530	PACRG	2	1	0	0	0	0	0
ENSG00000112531	QKI	1624	1254	1528	952	1341	1199	1066
ENSG00000112539	C6orf118	2	0	1	3	4	1	1
ENSG00000112541	PDE10A	132	285	309	172	222	225	138
ENSG00000112559	MDFI	4	1	6	2	5	2	5
ENSG00000112561	TFEB	356	290	298	256	276	231	208
ENSG00000112562	SMOC2	0	0	0	0	0	1	0
ENSG00000112576	CCND3	11880	10423	12262	8823	9626	10009	7974
ENSG00000112578	BYSL	1552	1263	1434	1094	1360	1324	1047
ENSG00000112584	FAM120B	1305	1165	1348	964	1032	1078	863
ENSG00000112592	TBP	725	618	605	487	565	615	445
ENSG00000112599	GUCA1B	56	48	46	42	45	63	42
ENSG00000112619	PRPH2	7	3	4	2	2	1	2
ENSG00000112624	BICRAL	811	686	835	511	680	687	519
ENSG00000112640	PPP2R5D	2411	1991	2178	1674	1836	1859	1473
ENSG00000112651	MRPL2	783	638	857	626	644	631	500
ENSG00000112655	PTK7	134	111	131	92	83	109	85
ENSG00000112658	SRF	1453	1238	1400	1055	1113	1237	916
ENSG00000112659	CUL9	925	776	923	597	660	699	662
ENSG00000112667	DNPH1	1697	1661	1828	1363	1519	1429	1129
ENSG00000112679	DUSP22	589	460	623	411	444	492	382
ENSG00000112685	EXOC2	1288	1240	1364	1020	1088	1145	885
ENSG00000112695	COX7A2	2840	2611	2889	2101	2372	2489	1918
ENSG00000112697	TMEM30A	6915	6493	7580	4809	5415	5867	4685
ENSG00000112699	GMDS	965	878	1010	693	712	820	631
ENSG00000112701	SENP6	2301	2041	2254	1506	1929	1987	1529
ENSG00000112706	IMPG1	1	1	1	0	4	1	5
ENSG00000112715	VEGFA	1312	1093	1373	1069	1217	1265	970
ENSG00000112739	PRPF4B	2053	1803	1914	1162	1203	1524	1384
ENSG00000112742	TTK	1824	1481	1864	1347	1558	1632	1216
ENSG00000112759	SLC29A1	3177	2736	3051	2489	2486	2563	2035
ENSG00000112763	BTN2A1	830	815	849	624	627	667	543
ENSG00000112769	LAMA4	43	28	24	23	28	21	24
ENSG00000112773	TENT5A	1465	1228	1569	962	1103	1214	996
ENSG00000112782	CLIC5	1	1	0	0	4	1	0
ENSG00000112787	FBRSL1	3259	2726	3651	2522	2692	2781	2129
ENSG00000112812	PRSS16	84	44	121	106	12	87	108
ENSG00000112837	TBX18	3749	3309	3805	2612	2966	3073	2553
ENSG00000112851	ERBIN	3573	3128	3986	2145	2952	2930	2458
ENSG00000112852	PCDHB2	235	209	243	194	216	221	154
ENSG00000112855	HARS2	2106	1898	2234	1603	1889	1899	1467
ENSG00000112874	NUDT12	210	204	260	174	222	217	177
ENSG00000112877	CEP72	557	467	577	396	474	470	350
ENSG00000112893	MAN2A1	3033	2834	3356	2074	2552	2591	2143
ENSG00000112902	SEMA5A	0	1	1	0	0	0	0
ENSG00000112936	C7	2	6	0	0	2	1	5
ENSG00000112941	TENT4A	1817	1766	1932	1271	1435	1628	1288
ENSG00000112964	GHR	9	4	2	4	1	4	2
ENSG00000112972	HMGCS1	4468	3924	4520	2852	3605	3934	3045
ENSG00000112977	DAP	5614	4735	5705	4135	4589	4713	3683
ENSG00000112983	BRD8	2588	2384	2723	1899	2167	2265	1841
ENSG00000112984	KIF20A	3461	2930	3237	2418	2634	2652	2260
ENSG00000112992	NNT	2117	1872	1886	1432	1484	1485	1310
ENSG00000112996	MRPS30	1268	982	1276	838	1080	1088	847
ENSG00000113013	HSPA9	14896	13039	13157	10281	12429	12505	10716
ENSG00000113048	MRPS27	4128	3645	4419	3139	3574	3659	2939
ENSG00000113068	PFDN1	2232	1900	2231	1654	1786	1868	1441
ENSG00000113070	HBEGF	84	56	85	65	72	73	60
ENSG00000113073	SLC4A9	4	4	2	2	0	5	4
ENSG00000113083	LOX	81	63	111	64	56	54	71
ENSG00000113100	CDH9	0	0	2	3	0	0	0
ENSG00000113108	APBB3	31	54	42	42	36	55	42
ENSG00000113119	TMCO6	377	309	357	288	266	318	226
ENSG00000113140	SPARC	42	62	64	37	10	25	20
ENSG00000113141	IK	6395	5642	6496	4689	5330	5646	4366
ENSG00000113161	HMGCR	2045	1841	2185	1420	1697	1817	1293
ENSG00000113163	CERT1	1935	1856	2085	1330	1689	1644	1315
ENSG00000113194	FAF2	5280	4707	5147	3890	4288	4491	3768
ENSG00000113196	HAND1	4	4	3	4	3	1	2
ENSG00000113205	PCDHB3	7	3	3	1	3	1	1
ENSG00000113209	PCDHB5	132	153	105	105	101	98	82
ENSG00000113211	PCDHB6	41	49	39	26	25	34	32
ENSG00000113212	PCDHB7	3	2	2	3	2	2	2
ENSG00000113231	PDE8B	1011	898	1059	737	806	767	694
ENSG00000113240	CLK4	426	391	404	271	354	318	300
ENSG00000113248	PCDHB15	6	9	5	5	3	4	3
ENSG00000113249	HAVCR1	4768	4253	4955	3365	3931	3905	3198
ENSG00000113269	RNF130	1609	1382	1711	1264	1270	1456	1034
ENSG00000113272	THG1L	828	762	971	683	834	813	627
ENSG00000113273	ARSB	1117	914	1187	831	922	947	777
ENSG00000113282	CLINT1	5543	4575	5437	3782	4265	4547	3853
ENSG00000113296	THBS4	4	2	0	0	0	3	3
ENSG00000113300	CNOT6	2600	2408	2809	1792	2270	2243	1857
ENSG00000113302	IL12B	4	2	2	0	2	6	0
ENSG00000113312	TTC1	2776	2418	2780	2128	2212	2514	1834
ENSG00000113318	MSH3	1358	1098	1416	981	1134	1252	965
ENSG00000113319	RASGRF2	175	161	241	159	151	140	125
ENSG00000113327	GABRG2	0	2	0	0	2	1	0
ENSG00000113328	CCNG1	3340	2946	3556	2517	2788	3048	2245
ENSG00000113356	POLR3G	719	608	828	527	597	563	555
ENSG00000113360	DROSHA	3794	3264	3718	2692	3021	3124	2698
ENSG00000113361	CDH6	458	375	442	302	337	330	253
ENSG00000113368	LMNB1	5320	4660	5557	3848	4401	4465	3563
ENSG00000113369	ARRDC3	2541	2184	2886	1909	2008	2144	1678
ENSG00000113384	GOLPH3	4310	3707	4316	3068	3404	3553	2958
ENSG00000113387	SUB1	4681	3861	4612	3368	3541	3922	3072
ENSG00000113389	NPR3	738	648	723	526	607	635	539
ENSG00000113391	FAM172A	938	764	968	640	831	785	659
ENSG00000113396	SLC27A6	0	3	0	2	3	2	0
ENSG00000113407	TARS1	8585	7447	9004	6251	7883	8428	6664
ENSG00000113430	IRX4	0	0	2	2	0	1	0
ENSG00000113441	LNPEP	2545	2321	2758	1706	2104	2312	1914
ENSG00000113448	PDE4D	9625	8501	10125	6961	7737	8183	6541
ENSG00000113456	RAD1	976	876	1062	814	913	963	771
ENSG00000113460	BRIX1	2209	1955	2032	1642	1788	1886	1500
ENSG00000113494	PRLR	1	1	2	1	1	1	1
ENSG00000113504	SLC12A7	3997	3499	3953	2754	2935	3081	2607
ENSG00000113522	RAD50	3240	2964	3167	2486	2526	2759	2176
ENSG00000113525	IL5	2	1	0	0	1	0	1
ENSG00000113532	ST8SIA4	1789	1562	1816	1213	1519	1517	1216
ENSG00000113552	GNPDA1	2494	2202	2428	1897	2151	2297	1832
ENSG00000113555	PCDH12	63	39	36	33	29	36	24
ENSG00000113558	SKP1	4906	4109	4887	3584	3851	4316	3399
ENSG00000113569	NUP155	3048	2620	3100	2062	2516	2483	2058
ENSG00000113575	PPP2CA	8122	6855	8219	5865	6487	7039	5556
ENSG00000113578	FGF1	1	1	1	1	1	0	2
ENSG00000113580	NR3C1	7464	6419	8105	5143	6262	6484	5162
ENSG00000113583	C5orf15	4061	3378	4025	2982	3069	3332	2677
ENSG00000113593	PPWD1	1233	1093	1238	874	961	1095	852
ENSG00000113594	LIFR	511	475	594	343	426	449	399
ENSG00000113595	TRIM23	520	487	597	345	438	464	417
ENSG00000113597	TRAPPC13	759	641	767	597	636	659	510
ENSG00000113615	SEC24A	1817	1649	1967	1257	1531	1593	1186
ENSG00000113621	TXNDC15	2556	2300	2647	1951	2217	2238	1773
ENSG00000113638	TTC33	721	615	721	485	650	588	541
ENSG00000113643	RARS1	5939	5119	5778	4316	4890	5255	4149
ENSG00000113645	WWC1	5120	4411	5391	3702	4074	4113	3418
ENSG00000113648	MACROH2A1	8298	7082	8975	6312	6804	7230	5497
ENSG00000113649	TCERG1	4189	3673	4266	2896	3501	3619	2971
ENSG00000113657	DPYSL3	4408	3842	4733	3082	3440	3462	2833
ENSG00000113658	SMAD5	2778	2453	3050	1918	2231	2325	1926
ENSG00000113712	CSNK1A1	7549	6565	8220	5387	6364	6756	5473
ENSG00000113716	HMGXB3	2978	2561	3068	2200	2449	2605	2089
ENSG00000113719	ERGIC1	8240	7228	6155	5819	6427	5795	5607
ENSG00000113721	PDGFRB	12	6	5	3	2	0	7
ENSG00000113722	CDX1	0	0	0	0	2	0	0
ENSG00000113732	ATP6V0E1	6099	5334	5638	4299	4902	4961	4063
ENSG00000113734	BNIP1	466	375	416	328	348	373	268
ENSG00000113739	STC2	897	808	999	660	907	940	723
ENSG00000113742	CPEB4	1895	1778	2134	1366	1540	1633	1351
ENSG00000113749	HRH2	100	94	132	91	103	72	71
ENSG00000113758	DBN1	4044	3520	4266	3142	2999	3244	2471
ENSG00000113761	ZNF346	869	751	883	579	617	696	594
ENSG00000113763	UNC5A	13	11	12	18	9	11	5
ENSG00000113790	EHHADH	509	404	431	331	405	392	273
ENSG00000113810	SMC4	12342	10618	12813	8358	9732	10148	8468
ENSG00000113811	SELENOK	585	478	636	469	458	511	386
ENSG00000113812	ACTR8	826	728	907	575	639	731	619
ENSG00000113838	TBCCD1	587	491	532	395	436	472	379
ENSG00000113845	TIMMDC1	1465	1457	1588	1104	1303	1350	1134
ENSG00000113851	CRBN	667	554	621	462	461	488	465
ENSG00000113889	KNG1	3	19	10	7	8	10	5
ENSG00000113905	HRG	0	0	4	0	0	1	2
ENSG00000113916	BCL6	1433	1141	1363	970	1054	1199	841
ENSG00000113924	HGD	2653	2379	2490	1828	1995	2161	1693
ENSG00000113946	CLDN16	18	15	18	11	7	27	4
ENSG00000113966	ARL6	378	339	382	260	342	366	283
ENSG00000113971	NPHP3	591	383	604	416	428	437	359
ENSG00000114013	CD86	0	1	0	1	0	0	0
ENSG00000114019	AMOTL2	1535	1139	1584	1116	1207	1346	1092
ENSG00000114021	NIT2	1120	1053	1144	894	975	1005	794
ENSG00000114023	FAM162A	1030	1009	1228	862	830	926	724
ENSG00000114026	OGG1	819	749	858	602	678	709	574
ENSG00000114030	KPNA1	3008	2545	2662	2127	2343	2347	1939
ENSG00000114054	PCCB	1692	1462	1805	1285	1360	1337	1149
ENSG00000114062	UBE3A	2694	2314	3006	1949	2313	2446	1949
ENSG00000114098	ARMC8	1070	979	1066	699	864	821	771
ENSG00000114107	CEP70	630	467	606	412	452	475	389
ENSG00000114113	RBP2	1	1	0	1	0	1	0
ENSG00000114115	RBP1	11	7	18	13	10	16	8
ENSG00000114120	SLC25A36	1102	967	1269	894	996	1095	884
ENSG00000114124	GRK7	2	2	1	1	5	3	1
ENSG00000114125	RNF7	2129	1902	2237	1704	1812	1810	1468
ENSG00000114126	TFDP2	1362	1157	1400	1009	1070	1097	870
ENSG00000114127	XRN1	1043	980	1159	700	861	911	811
ENSG00000114166	KAT2B	842	752	773	561	667	710	516
ENSG00000114200	BCHE	60	41	2	30	23	44	13
ENSG00000114209	PDCD10	1586	1414	1513	1120	1326	1410	1112
ENSG00000114248	LRRC31	4	1	2	4	0	0	3
ENSG00000114251	WNT5A	109	88	101	71	84	90	71
ENSG00000114268	PFKFB4	412	332	421	323	297	300	224
ENSG00000114270	COL7A1	10649	10123	12183	6997	8398	8190	6958
ENSG00000114279	FGF12	73	64	79	48	63	66	52
ENSG00000114302	PRKAR2A	3029	2687	3272	2298	2559	2593	2052
ENSG00000114315	HES1	797	618	785	618	614	593	405
ENSG00000114316	USP4	1097	943	1107	746	874	931	688
ENSG00000114331	ACAP2	1415	1160	1464	912	1170	1121	970
ENSG00000114346	ECT2	10380	9356	10906	7222	8370	8779	7280
ENSG00000114349	GNAT1	0	0	0	0	1	1	0
ENSG00000114353	GNAI2	3749	3220	3815	2873	3075	3050	2302
ENSG00000114354	TFG	5435	4797	5190	3978	4330	4767	3739
ENSG00000114374	USP9Y	429	468	563	317	424	231	327
ENSG00000114378	HYAL1	134	99	121	87	94	101	77
ENSG00000114383	TUSC2	1014	855	1052	756	804	901	651
ENSG00000114388	NPRL2	377	373	407	256	306	316	275
ENSG00000114391	RPL24	16151	13964	15750	12171	13205	14105	10866
ENSG00000114395	CYB561D2	783	620	706	560	573	593	488
ENSG00000114405	C3orf14	387	334	395	305	336	353	278
ENSG00000114416	FXR1	3918	3526	3999	2938	3182	3548	2845
ENSG00000114423	CBLB	460	348	432	284	311	367	391
ENSG00000114439	BBX	4389	3892	4676	2913	3330	3468	3052
ENSG00000114446	IFT57	917	886	1069	784	789	851	617
ENSG00000114450	GNB4	1102	982	1288	782	939	932	774
ENSG00000114455	HHLA2	12	16	14	11	9	11	8
ENSG00000114473	IQCG	237	204	206	168	211	176	169
ENSG00000114480	GBE1	2660	2590	3078	2112	2254	2387	1984
ENSG00000114491	UMPS	665	604	631	474	603	520	536
ENSG00000114503	NCBP2	2047	1878	2016	1387	1548	1912	1493
ENSG00000114520	SNX4	1261	1072	1222	857	981	1041	834
ENSG00000114529	C3orf52	291	248	282	196	205	258	186
ENSG00000114541	FRMD4B	296	306	322	204	230	242	200
ENSG00000114544	SLC41A3	880	710	876	602	634	745	539
ENSG00000114547	ROPN1B	1	0	0	0	0	0	1
ENSG00000114554	PLXNA1	2526	2378	2768	1810	2123	2181	1649
ENSG00000114573	ATP6V1A	2995	2668	3236	2282	2502	2715	2091
ENSG00000114626	ABTB1	573	507	674	476	483	456	341
ENSG00000114631	PODXL2	903	747	817	674	724	730	575
ENSG00000114638	UPK1B	303	266	278	188	231	239	174
ENSG00000114646	CSPG5	113	83	105	103	91	79	81
ENSG00000114648	KLHL18	868	684	892	553	623	722	567
ENSG00000114650	SCAP	2333	1854	2288	1553	1598	1780	1421
ENSG00000114654	EFCC1	0	3	0	0	1	0	0
ENSG00000114656	CFAP92	45	55	38	49	37	38	43
ENSG00000114670	NEK11	195	145	224	126	151	148	132
ENSG00000114686	MRPL3	3992	3472	4059	2863	3296	3413	2769
ENSG00000114698	PLSCR4	719	629	737	518	515	625	522
ENSG00000114735	HEMK1	482	413	474	333	368	365	340
ENSG00000114737	CISH	38	44	55	40	30	26	26
ENSG00000114738	MAPKAPK3	1437	1259	1371	1076	1128	1157	1002
ENSG00000114739	ACVR2B	602	490	641	382	396	454	436
ENSG00000114742	WDR48	1658	1496	1816	1157	1279	1368	1131
ENSG00000114744	COMMD2	1503	1266	1412	942	1131	1143	974
ENSG00000114745	GORASP1	1167	974	1200	832	1021	1018	687
ENSG00000114757	PEX5L	18	17	18	9	9	14	17
ENSG00000114767	RRP9	1425	1247	1401	1065	1274	1326	987
ENSG00000114770	ABCC5	1287	1146	1306	827	1005	1057	829
ENSG00000114771	AADAC	811	660	693	516	551	565	442
ENSG00000114779	ABHD14B	1339	1123	1264	1041	1122	1179	885
ENSG00000114784	EIF1B	1100	903	978	774	792	891	780
ENSG00000114786	ABHD14A-ACY1	7	11	7	37	5	0	2
ENSG00000114790	ARHGEF26	471	403	506	243	336	376	309
ENSG00000114796	KLHL24	574	462	604	405	422	503	404
ENSG00000114805	PLCH1	1624	1326	1721	1075	1340	1372	1061
ENSG00000114812	VIPR1	76	45	75	32	61	76	54
ENSG00000114841	DNAH1	141	115	130	66	113	78	86
ENSG00000114850	SSR3	6368	5504	6607	4784	5180	5477	4620
ENSG00000114853	ZBTB47	598	527	624	398	432	429	367
ENSG00000114854	TNNC1	40	33	38	23	29	29	13
ENSG00000114857	NKTR	1927	1829	2034	1497	1136	1443	1063
ENSG00000114859	CLCN2	260	210	228	153	186	154	157
ENSG00000114861	FOXP1	752	503	699	520	443	551	450
ENSG00000114867	EIF4G1	21219	18700	21085	14592	17646	17367	14345
ENSG00000114902	SPCS1	2960	2450	2815	2196	2430	2657	2034
ENSG00000114904	NEK4	1174	1047	1184	853	1003	1012	809
ENSG00000114923	SLC4A3	144	100	176	123	102	106	84
ENSG00000114933	INO80D	723	628	638	419	494	498	453
ENSG00000114942	EEF1B2	9198	8102	9275	6788	7413	7969	6538
ENSG00000114948	ADAM23	264	231	255	160	191	185	155
ENSG00000114956	DGUOK	1543	1355	1319	1085	1258	1172	1004
ENSG00000114978	MOB1A	8071	6843	8013	5580	6387	6572	5601
ENSG00000114982	KANSL3	1429	1298	1130	697	825	876	682
ENSG00000114988	LMAN2L	1646	1548	1577	1208	1358	1319	1132
ENSG00000114993	RTKN	946	793	915	675	735	761	595
ENSG00000114999	TTL	692	649	720	500	577	558	483
ENSG00000115008	IL1A	29	26	21	30	31	30	23
ENSG00000115009	CCL20	178	155	138	118	103	128	93
ENSG00000115020	PIKFYVE	1790	1739	1997	1145	1494	1651	1359
ENSG00000115041	KCNIP3	10	13	15	11	6	10	6
ENSG00000115042	FAHD2A	964	799	881	659	777	800	572
ENSG00000115053	NCL	34051	30417	36409	24421	30809	31159	24430
ENSG00000115073	ACTR1B	1871	1608	1739	1363	1397	1379	1119
ENSG00000115084	SLC35F5	2853	2580	3154	2147	2395	2499	2021
ENSG00000115085	ZAP70	0	0	2	0	0	2	0
ENSG00000115091	ACTR3	10186	8979	10823	7566	8187	9090	7191
ENSG00000115107	STEAP3	2345	2082	2396	1693	1924	1875	1548
ENSG00000115109	EPB41L5	936	811	970	628	724	733	581
ENSG00000115112	TFCP2L1	668	552	764	505	514	538	458
ENSG00000115128	SF3B6	2084	1736	1952	1490	1538	1765	1357
ENSG00000115129	TP53I3	3889	3427	3804	2815	3031	3063	2406
ENSG00000115137	DNAJC27	238	193	260	167	165	156	156
ENSG00000115145	STAM2	1357	1207	1444	976	1247	1232	1070
ENSG00000115155	OTOF	5	1	2	1	9	3	3
ENSG00000115159	GPD2	3464	3188	3832	2437	2924	3035	2413
ENSG00000115163	CENPA	1500	1343	1581	1131	1236	1358	1019
ENSG00000115165	CYTIP	12	8	24	10	14	16	13
ENSG00000115170	ACVR1	846	613	1173	584	657	576	530
ENSG00000115183	TANC1	1071	1127	1354	656	998	975	913
ENSG00000115194	SLC30A3	151	146	151	125	101	121	78
ENSG00000115204	MPV17	1544	1308	1400	1063	1199	1227	945
ENSG00000115207	GTF3C2	4648	4027	4541	3214	3788	3755	3056
ENSG00000115211	EIF2B4	2035	1902	1990	1589	1711	1723	1421
ENSG00000115216	NRBP1	6355	5579	6472	4827	5125	5417	4200
ENSG00000115221	ITGB6	207	191	204	161	162	171	131
ENSG00000115226	FNDC4	45	26	45	30	35	23	29
ENSG00000115232	ITGA4	73	56	76	48	59	59	37
ENSG00000115233	PSMD14	4517	3970	4523	3347	3746	4012	3255
ENSG00000115234	SNX17	6949	6205	6471	5115	5890	6027	4495
ENSG00000115239	ASB3	863	750	875	671	676	694	575
ENSG00000115241	PPM1G	10948	9504	11099	8120	9140	9158	7413
ENSG00000115252	PDE1A	61	46	55	51	40	53	42
ENSG00000115255	REEP6	423	331	369	323	274	318	243
ENSG00000115257	PCSK4	71	41	37	45	53	29	36
ENSG00000115266	APC2	137	121	160	70	102	76	81
ENSG00000115267	IFIH1	300	179	246	167	196	207	168
ENSG00000115268	RPS15	13933	11876	14053	10974	11334	12253	9389
ENSG00000115271	GCA	326	273	369	256	281	288	217
ENSG00000115274	INO80B	1542	1454	1392	1162	1280	1262	978
ENSG00000115275	MOGS	2386	2110	2454	1713	1851	1912	1616
ENSG00000115282	TTC31	990	950	947	728	860	766	642
ENSG00000115286	NDUFS7	1814	1524	1659	1310	1490	1449	1080
ENSG00000115289	PCGF1	229	206	173	166	159	182	180
ENSG00000115290	GRB14	761	835	712	580	619	672	523
ENSG00000115295	CLIP4	1118	863	1160	770	1005	1021	858
ENSG00000115297	TLX2	28	30	20	17	17	25	15
ENSG00000115306	SPTBN1	19418	16873	21451	12593	15975	15592	13325
ENSG00000115307	AUP1	5107	4361	4945	3920	3878	4111	3224
ENSG00000115310	RTN4	22117	19269	23778	16538	18606	19240	14677
ENSG00000115317	HTRA2	1054	906	1016	691	918	859	616
ENSG00000115318	LOXL3	29	30	25	16	20	16	11
ENSG00000115325	DOK1	192	184	210	153	131	160	122
ENSG00000115339	GALNT3	12	3	3	3	4	2	3
ENSG00000115350	POLE4	1201	1092	1390	1007	1090	1070	865
ENSG00000115353	TACR1	6	3	3	1	1	3	4
ENSG00000115355	CCDC88A	3695	3211	3894	2589	2954	3151	2374
ENSG00000115361	ACADL	2	2	2	0	3	2	0
ENSG00000115363	EVA1A	180	174	210	162	161	176	132
ENSG00000115364	MRPL19	3798	3216	4025	2791	3083	3371	2766
ENSG00000115365	LANCL1	4989	4453	4929	3260	3852	4133	3358
ENSG00000115368	WDR75	1981	1733	1880	1479	1592	1694	1340
ENSG00000115380	EFEMP1	264	191	268	167	211	179	179
ENSG00000115392	FANCL	630	556	629	441	490	587	355
ENSG00000115414	FN1	49781	43501	50936	32276	37209	37278	31822
ENSG00000115415	STAT1	6728	5918	7248	4780	5792	5812	4732
ENSG00000115419	GLS	7036	6542	7829	5071	5596	6136	4824
ENSG00000115421	PAPOLG	418	360	318	243	321	330	283
ENSG00000115423	DNAH6	3	11	9	6	6	5	0
ENSG00000115425	PECR	957	777	813	673	697	808	604
ENSG00000115446	UNC50	1172	1083	1227	833	949	1033	812
ENSG00000115457	IGFBP2	2455	2103	2459	1836	1835	1893	1403
ENSG00000115459	ELMOD3	397	319	334	318	323	358	245
ENSG00000115461	IGFBP5	46	27	43	16	24	28	19
ENSG00000115464	USP34	6972	6152	7594	4478	5409	5668	4629
ENSG00000115468	EFHD1	83	69	117	72	63	83	62
ENSG00000115474	KCNJ13	1	2	3	3	2	2	0
ENSG00000115484	CCT4	16886	14889	16929	12227	13677	14310	11383
ENSG00000115486	GGCX	1944	1805	2030	1417	1858	1820	1343
ENSG00000115504	EHBP1	7198	6410	7822	4641	5674	6123	4862
ENSG00000115507	OTX1	276	224	243	186	188	199	174
ENSG00000115514	TXNDC9	1035	882	1031	786	892	894	750
ENSG00000115520	COQ10B	1073	886	1081	759	829	914	669
ENSG00000115523	GNLY	0	0	1	0	0	1	0
ENSG00000115524	SF3B1	12319	10591	12772	8344	9903	10337	8244
ENSG00000115525	ST3GAL5	1007	986	1339	918	966	1041	869
ENSG00000115526	CHST10	772	693	804	572	649	670	542
ENSG00000115539	PDCL3	1186	1052	1112	866	900	994	815
ENSG00000115540	MOB4	1979	1707	1875	1317	1500	1641	1267
ENSG00000115541	HSPE1	8943	8075	7139	6176	6475	7013	6163
ENSG00000115548	KDM3A	1591	1312	1658	1136	1239	1290	1057
ENSG00000115556	PLCD4	46	36	50	27	32	33	22
ENSG00000115561	CHMP3	6528	5702	6291	4561	5166	5448	4474
ENSG00000115568	ZNF142	1778	1599	1836	1229	1405	1376	1234
ENSG00000115590	IL1R2	96	63	90	63	68	60	55
ENSG00000115592	PRKAG3	0	0	0	1	0	0	0
ENSG00000115594	IL1R1	2656	2433	2777	1844	2100	2237	1860
ENSG00000115596	WNT6	37	24	30	26	25	31	21
ENSG00000115598	IL1RL2	0	0	1	0	0	0	0
ENSG00000115602	IL1RL1	0	0	2	1	0	0	0
ENSG00000115604	IL18R1	120	115	122	61	106	99	93
ENSG00000115607	IL18RAP	3	0	1	0	3	1	1
ENSG00000115616	SLC9A2	973	892	1081	681	844	846	728
ENSG00000115641	FHL2	1066	837	1179	790	786	911	705
ENSG00000115648	MLPH	5269	4376	5378	3970	4468	4543	3515
ENSG00000115649	CNPPD1	1315	1206	1402	1089	1072	1220	967
ENSG00000115652	UXS1	1973	1744	2096	1471	1617	1744	1319
ENSG00000115657	ABCB6	3040	2637	3063	2296	2461	2531	2022
ENSG00000115661	STK16	785	621	641	595	613	605	544
ENSG00000115677	HDLBP	23346	20611	23262	16855	18816	18954	15674
ENSG00000115685	PPP1R7	1935	1657	1957	1382	1586	1682	1318
ENSG00000115687	PASK	816	772	958	597	727	773	561
ENSG00000115694	STK25	2901	2374	2553	1970	2092	2170	1674
ENSG00000115705	TPO	5	2	4	4	1	1	6
ENSG00000115718	PROC	202	159	188	134	140	142	107
ENSG00000115738	ID2	3069	2497	2669	2100	2219	2473	1921
ENSG00000115750	TAF1B	1106	919	1006	781	823	900	726
ENSG00000115756	HPCAL1	2814	2432	2783	2142	2402	2300	1929
ENSG00000115758	ODC1	5884	5134	6185	4155	5277	5537	4208
ENSG00000115760	BIRC6	4336	4028	4786	2324	3618	3083	3144
ENSG00000115761	NOL10	1186	1051	1072	862	985	1158	797
ENSG00000115762	PLEKHB2	4725	4072	5162	3351	3965	4182	3398
ENSG00000115806	GORASP2	4096	3396	4011	3127	3319	3343	2775
ENSG00000115808	STRN	2644	2218	2711	1652	2147	2146	1857
ENSG00000115816	CEBPZ	4638	4017	4890	3282	3962	3932	3360
ENSG00000115825	PRKD3	1715	1578	1943	1265	1478	1579	1234
ENSG00000115827	DCAF17	799	755	860	592	688	708	595
ENSG00000115828	QPCT	2186	1898	2223	1544	1607	1853	1494
ENSG00000115839	RAB3GAP1	1962	1783	1956	1454	1497	1757	1289
ENSG00000115840	SLC25A12	625	531	544	398	410	375	423
ENSG00000115841	RMDN2	187	174	169	125	138	138	144
ENSG00000115844	DLX2	11	7	15	10	13	8	2
ENSG00000115850	LCT	2	3	7	1	5	4	0
ENSG00000115866	DARS1	3257	2829	3269	2353	2615	2762	2208
ENSG00000115875	SRSF7	4865	4436	5347	3685	4219	4396	3494
ENSG00000115884	SDC1	13141	11489	13016	9232	10406	10518	8446
ENSG00000115896	PLCL1	3	1	0	1	0	1	2
ENSG00000115902	SLC1A4	1341	1168	1386	945	1320	1257	1088
ENSG00000115904	SOS1	2355	2128	2358	1719	1885	1913	1664
ENSG00000115919	KYNU	11339	10061	11263	8583	9387	10226	7756
ENSG00000115935	WIPF1	1513	1315	1635	1120	1203	1210	1054
ENSG00000115942	ORC2	1983	1616	1908	1320	1492	1465	1306
ENSG00000115944	COX7A2L	4196	3813	3991	3229	3552	3606	3116
ENSG00000115946	PNO1	2289	2105	2201	1661	1939	1948	1666
ENSG00000115947	ORC4	1613	1436	1536	1179	1294	1353	1128
ENSG00000115956	PLEK	0	0	1	0	0	0	0
ENSG00000115963	RND3	1625	1377	1621	1061	1240	1367	1046
ENSG00000115966	ATF2	1601	1349	1647	1129	1353	1444	1176
ENSG00000115970	THADA	2743	2464	2987	1907	2285	2402	1942
ENSG00000115977	AAK1	1897	1665	2015	1279	1552	1447	1246
ENSG00000115993	TRAK2	1492	1257	1549	1031	1286	1320	1075
ENSG00000115998	C2orf42	408	363	414	293	344	361	281
ENSG00000116001	TIA1	2874	2607	3023	2062	2317	2421	1922
ENSG00000116005	PCYOX1	7734	6658	8115	5343	6038	6404	5076
ENSG00000116014	KISS1R	46	33	36	38	42	33	30
ENSG00000116016	EPAS1	8520	7314	8339	5558	6901	7193	6029
ENSG00000116017	ARID3A	779	606	798	557	584	628	470
ENSG00000116030	SUMO1	5494	4898	5804	4359	4416	4761	3714
ENSG00000116032	GRIN3B	135	140	128	110	96	89	79
ENSG00000116035	VAX2	119	120	106	99	98	79	78
ENSG00000116039	ATP6V1B1	103	87	96	57	63	96	63
ENSG00000116044	NFE2L2	4244	3426	3897	3074	3424	3760	2964
ENSG00000116062	MSH6	7118	5932	7390	4898	5768	6160	5019
ENSG00000116095	PLEKHA3	965	779	1075	696	773	821	745
ENSG00000116096	SPR	5185	4599	5036	3871	4146	4201	3358
ENSG00000116106	EPHA4	208	167	246	168	168	165	134
ENSG00000116117	PARD3B	382	283	402	206	266	269	221
ENSG00000116120	FARSB	3597	3146	3354	2550	3004	3192	2415
ENSG00000116127	ALMS1	736	647	946	493	638	553	587
ENSG00000116128	BCL9	842	722	853	597	687	691	558
ENSG00000116132	PRRX1	0	0	1	0	0	1	0
ENSG00000116133	DHCR24	7625	6755	7710	5328	6138	6358	5277
ENSG00000116138	DNAJC16	1060	1025	1117	720	864	892	712
ENSG00000116141	MARK1	14	6	13	9	8	5	0
ENSG00000116147	TNR	0	1	0	1	0	0	0
ENSG00000116151	MORN1	160	204	199	140	129	166	147
ENSG00000116161	CACYBP	3988	3583	4226	3029	3346	3683	2910
ENSG00000116171	SCP2	3426	3273	3675	2539	2958	3074	2500
ENSG00000116176	TPSG1	10	14	24	13	12	22	13
ENSG00000116183	PAPPA2	1	0	2	0	0	0	0
ENSG00000116191	RALGPS2	1537	1435	1694	1042	1225	1267	1037
ENSG00000116194	ANGPTL1	3	1	0	2	1	2	2
ENSG00000116198	CEP104	1234	1197	1547	1058	1136	1232	896
ENSG00000116199	FAM20B	3717	3171	4018	2625	3143	3313	2603
ENSG00000116205	TCEANC2	484	382	410	310	383	402	350
ENSG00000116209	TMEM59	3748	3298	3928	2899	3117	3358	2570
ENSG00000116212	LRRC42	1179	1036	1144	939	896	976	710
ENSG00000116213	WRAP73	712	559	602	511	481	521	431
ENSG00000116221	MRPL37	3410	2957	3369	2471	2789	2677	2061
ENSG00000116237	ICMT	4685	4122	4310	3330	3565	3713	3053
ENSG00000116251	RPL22	13610	11948	13741	10083	10878	11758	9616
ENSG00000116254	CHD5	74	64	74	36	48	52	42
ENSG00000116260	QSOX1	4299	3943	4812	3544	3559	3583	2892
ENSG00000116266	STXBP3	1332	1181	1340	1023	1067	1115	982
ENSG00000116273	PHF13	915	760	901	635	702	745	567
ENSG00000116285	ERRFI1	4795	4063	4970	3539	3928	4155	3341
ENSG00000116288	PARK7	7776	6933	8290	6058	6427	6757	5096
ENSG00000116299	ELAPOR1	3	0	0	15	9	0	0
ENSG00000116329	OPRD1	10	5	6	6	3	7	7
ENSG00000116337	AMPD2	1778	1351	1669	1235	1513	1471	1070
ENSG00000116350	SRSF4	3471	3120	3536	2736	2858	3091	2510
ENSG00000116353	MECR	424	363	483	329	359	361	275
ENSG00000116396	KCNC4	376	352	361	288	240	255	218
ENSG00000116406	EDEM3	1754	1560	2066	838	1641	1565	1329
ENSG00000116455	WDR77	2378	1936	2368	1627	1896	2071	1511
ENSG00000116459	ATP5PB	3639	3134	2101	2369	2637	2638	2217
ENSG00000116473	RAP1A	1248	1076	1259	896	986	1049	764
ENSG00000116478	HDAC1	5188	4411	4837	3701	3861	4035	3352
ENSG00000116489	CAPZA1	6606	5496	6685	4908	5311	5838	4391
ENSG00000116497	S100PBP	1051	944	1017	757	798	843	672
ENSG00000116514	RNF19B	778	675	752	585	642	620	535
ENSG00000116521	SCAMP3	4037	3322	3471	2901	3107	3228	2688
ENSG00000116525	TRIM62	254	234	233	169	173	193	143
ENSG00000116539	ASH1L	3113	2914	3686	2097	2723	2783	2347
ENSG00000116544	DLGAP3	9	5	10	10	8	9	4
ENSG00000116560	SFPQ	14512	12534	14664	10247	11905	12759	10139
ENSG00000116574	RHOU	994	804	976	666	675	713	539
ENSG00000116580	GON4L	1729	1563	1758	1170	1389	1411	1099
ENSG00000116584	ARHGEF2	1795	1564	1866	1260	1423	1397	1140
ENSG00000116586	LAMTOR2	1590	1312	1513	1169	1142	1271	1045
ENSG00000116604	MEF2D	3041	2701	3124	2363	2513	2420	1997
ENSG00000116641	DOCK7	1378	1168	1438	939	1146	1133	1000
ENSG00000116649	SRM	3559	2904	3514	2724	2877	3212	2359
ENSG00000116661	FBXO2	299	342	351	242	223	233	142
ENSG00000116663	FBXO6	258	171	228	195	179	190	144
ENSG00000116667	C1orf21	26	31	38	16	32	41	20
ENSG00000116668	SWT1	152	140	149	96	131	107	107
ENSG00000116670	MAD2L2	1135	930	1024	893	861	890	725
ENSG00000116675	DNAJC6	345	325	328	221	298	267	250
ENSG00000116678	LEPR	290	232	340	241	251	289	239
ENSG00000116679	IVNS1ABP	1796	1577	1937	1285	1435	1370	1077
ENSG00000116685	KIAA2013	2858	2403	3118	2173	2325	2323	1863
ENSG00000116688	MFN2	3027	2705	3052	2116	2613	2607	2237
ENSG00000116690	PRG4	99	78	107	80	81	73	42
ENSG00000116691	MIIP	422	375	448	357	353	357	272
ENSG00000116698	SMG7	3600	3098	3260	2444	2788	2889	2532
ENSG00000116701	NCF2	18	13	21	37	32	0	24
ENSG00000116703	PDC	2	0	0	0	1	2	0
ENSG00000116704	SLC35D1	903	772	903	590	679	742	626
ENSG00000116711	PLA2G4A	7624	6695	7579	5236	5754	6306	4930
ENSG00000116717	GADD45A	704	637	700	542	565	555	458
ENSG00000116729	WLS	898	794	937	654	693	769	609
ENSG00000116731	PRDM2	974	922	1042	660	782	774	708
ENSG00000116741	RGS2	425	383	399	316	302	335	287
ENSG00000116745	RPE65	0	0	1	0	0	0	0
ENSG00000116747	RO60	2191	1794	2255	1507	1737	1786	1486
ENSG00000116748	AMPD1	0	0	0	0	1	0	0
ENSG00000116750	UCHL5	2823	2525	2875	1889	2261	2425	1972
ENSG00000116752	BCAS2	1081	932	1071	759	876	903	726
ENSG00000116754	SRSF11	3306	2925	3218	2468	2681	2851	2346
ENSG00000116761	CTH	165	156	161	140	128	159	135
ENSG00000116771	AGMAT	865	789	820	639	704	718	532
ENSG00000116774	OLFML3	417	427	499	374	351	416	278
ENSG00000116783	TNNI3K	0	3	2	0	0	3	2
ENSG00000116785	CFHR3	14	74	21	57	65	18	50
ENSG00000116786	PLEKHM2	2144	1803	2029	1425	1645	1727	1290
ENSG00000116791	CRYZ	4590	3939	4628	3290	3727	3896	3009
ENSG00000116793	PHTF1	811	723	797	568	627	663	543
ENSG00000116809	ZBTB17	661	584	659	460	548	511	462
ENSG00000116815	CD58	579	442	547	384	405	445	347
ENSG00000116819	TFAP2E	14	5	8	14	15	2	0
ENSG00000116830	TTF2	1701	1464	1699	1154	1359	1425	1137
ENSG00000116833	NR5A2	2042	1755	2075	1488	1626	1629	1341
ENSG00000116852	KIF21B	503	429	605	369	401	434	384
ENSG00000116857	TMEM9	3460	2975	3412	2517	2570	2696	2124
ENSG00000116863	ADPRS	755	647	790	537	589	609	492
ENSG00000116871	MAP7D1	5397	4605	5672	4045	4382	4296	3477
ENSG00000116874	WARS2	345	296	356	240	280	311	244
ENSG00000116882	HAO2	3	0	0	1	2	0	0
ENSG00000116885	OSCP1	145	110	168	104	106	127	86
ENSG00000116898	MRPS15	1928	1670	1853	1493	1536	1603	1324
ENSG00000116903	EXOC8	1216	1034	1253	801	1027	998	811
ENSG00000116906	GNPAT	3045	2550	2958	2102	2307	2572	2075
ENSG00000116918	TSNAX	2461	2090	2524	1827	2051	2214	1763
ENSG00000116922	C1orf109	604	603	671	489	548	536	470
ENSG00000116954	RRAGC	1050	921	1091	838	869	935	783
ENSG00000116962	NID1	452	469	483	302	384	390	288
ENSG00000116977	LGALS8	2635	2192	2493	1870	2036	2190	1742
ENSG00000116981	NT5C1A	58	47	54	38	42	51	30
ENSG00000116983	HPCAL4	4	1	3	2	5	3	3
ENSG00000116984	MTR	1970	1688	1990	1339	1636	1621	1349
ENSG00000116985	BMP8B	673	600	653	460	511	582	452
ENSG00000116990	MYCL	67	50	65	62	50	64	44
ENSG00000116991	SIPA1L2	703	578	670	405	514	543	461
ENSG00000117000	RLF	860	727	934	600	731	722	610
ENSG00000117009	KMO	44	34	46	29	19	36	23
ENSG00000117010	ZNF684	94	111	100	88	87	84	88
ENSG00000117013	KCNQ4	0	6	3	0	3	6	3
ENSG00000117016	RIMS3	273	244	284	174	185	198	188
ENSG00000117020	AKT3	2401	2019	2676	1555	1981	1916	1674
ENSG00000117036	ETV3	1262	1029	1232	835	989	970	878
ENSG00000117054	ACADM	1209	1105	1232	906	992	1084	854
ENSG00000117069	ST6GALNAC5	0	0	0	0	0	1	0
ENSG00000117114	ADGRL2	1414	1259	1411	973	1121	1110	930
ENSG00000117115	PADI2	434	325	449	294	349	348	252
ENSG00000117118	SDHB	2705	2261	2618	1957	2162	2287	1787
ENSG00000117122	MFAP2	10	10	5	7	4	2	4
ENSG00000117133	RPF1	1431	1202	1329	1068	1122	1184	978
ENSG00000117139	KDM5B	1082	1048	1175	686	797	617	676
ENSG00000117143	UAP1	961	768	999	708	773	784	625
ENSG00000117148	ACTL8	32	31	24	24	24	22	18
ENSG00000117151	CTBS	207	141	79	84	100	132	130
ENSG00000117152	RGS4	0	0	5	0	0	4	0
ENSG00000117153	KLHL12	1600	1435	1681	1100	1285	1316	1077
ENSG00000117155	SSX2IP	1191	1070	1310	861	1022	1096	803
ENSG00000117174	ZNHIT6	1422	1264	1561	1036	1262	1346	1196
ENSG00000117215	PLA2G2D	1	1	0	0	0	0	3
ENSG00000117222	RBBP5	1629	1357	1575	1136	1309	1426	1023
ENSG00000117226	GBP3	240	236	227	173	151	201	146
ENSG00000117228	GBP1	44	44	33	24	27	20	36
ENSG00000117245	KIF17	37	34	25	29	17	18	20
ENSG00000117262	GPR89A	496	554	559	386	432	425	251
ENSG00000117266	CDK18	190	152	173	106	101	88	95
ENSG00000117280	RAB29	1105	979	1203	760	911	885	761
ENSG00000117281	CD160	11	8	7	11	10	10	6
ENSG00000117298	ECE1	10408	9137	10591	7642	8121	8341	6742
ENSG00000117305	HMGCL	585	529	609	435	456	494	354
ENSG00000117308	GALE	1718	1519	1812	1395	1564	1602	1268
ENSG00000117318	ID3	11407	9637	11215	8562	8834	9572	7529
ENSG00000117322	CR2	0	1	0	0	0	1	0
ENSG00000117335	CD46	8951	8085	9018	6114	7093	7561	6121
ENSG00000117360	PRPF3	2660	2454	2808	2011	2288	2318	1898
ENSG00000117362	APH1A	5002	4383	4983	3699	3952	4180	3295
ENSG00000117385	P3H1	1930	1739	2008	1447	1604	1568	1341
ENSG00000117394	SLC2A1	6883	5831	7453	5354	6308	5963	4868
ENSG00000117395	EBNA1BP2	4602	4054	4684	3437	3865	4136	3147
ENSG00000117399	CDC20	5250	4391	5307	3851	4317	4312	3476
ENSG00000117400	MPL	7	16	16	19	8	10	3
ENSG00000117407	ARTN	51	38	44	23	26	40	16
ENSG00000117408	IPO13	1202	1042	1241	920	956	1043	797
ENSG00000117410	ATP6V0B	2651	2288	2488	1973	2072	2157	1753
ENSG00000117411	B4GALT2	2130	1854	2199	1610	1719	1797	1379
ENSG00000117419	ERI3	1889	1618	1943	1383	1581	1651	1250
ENSG00000117425	PTCH2	44	31	47	44	25	52	25
ENSG00000117448	AKR1A1	2824	2544	2873	2013	2269	2489	1898
ENSG00000117450	PRDX1	49223	44327	43720	35490	40015	41267	33137
ENSG00000117461	PIK3R3	261	201	225	166	212	190	194
ENSG00000117472	TSPAN1	53	56	57	43	32	46	39
ENSG00000117475	BLZF1	1093	973	1122	788	893	941	779
ENSG00000117477	CCDC181	53	22	49	23	27	42	32
ENSG00000117479	SLC19A2	794	666	769	549	585	639	554
ENSG00000117480	FAAH	39	33	42	31	37	25	22
ENSG00000117481	NSUN4	726	653	741	452	577	588	425
ENSG00000117500	TMED5	1110	1014	1092	732	908	1061	762
ENSG00000117501	MROH9	0	0	0	0	0	0	1
ENSG00000117505	DR1	2133	1817	2194	1563	1727	1819	1490
ENSG00000117519	CNN3	4198	3629	4256	3194	3226	3528	2724
ENSG00000117523	PRRC2C	12723	10779	12410	8470	9698	9686	8001
ENSG00000117525	F3	113	91	141	108	108	100	77
ENSG00000117528	ABCD3	3420	3063	3586	2470	2832	2992	2379
ENSG00000117533	VAMP4	362	321	357	244	259	315	240
ENSG00000117543	DPH5	460	477	561	434	471	453	357
ENSG00000117560	FASLG	0	0	0	0	1	0	0
ENSG00000117569	PTBP2	509	505	601	429	423	476	400
ENSG00000117586	TNFSF4	3	0	2	3	5	2	4
ENSG00000117592	PRDX6	7949	6710	7693	5722	6194	6653	5306
ENSG00000117593	DARS2	3895	3269	3925	2474	2993	3093	2558
ENSG00000117594	HSD11B1	12	5	6	4	5	5	5
ENSG00000117595	IRF6	7	3	0	0	0	5	6
ENSG00000117597	UTP25	1744	1446	1611	1116	1458	1527	1088
ENSG00000117601	SERPINC1	4	1	4	6	0	7	2
ENSG00000117602	RCAN3	1560	1365	1749	1151	1290	1383	1158
ENSG00000117614	SYF2	1454	1300	1507	1120	1231	1308	1033
ENSG00000117616	RSRP1	226	258	216	139	185	177	125
ENSG00000117620	SLC35A3	988	962	969	731	836	885	676
ENSG00000117625	RCOR3	923	779	917	644	698	681	576
ENSG00000117632	STMN1	6980	5765	7326	5218	5384	5871	4409
ENSG00000117640	MTFR1L	1005	873	1034	832	867	832	700
ENSG00000117643	MAN1C1	64	50	75	42	46	59	48
ENSG00000117650	NEK2	2307	2072	2588	1772	1871	2010	1554
ENSG00000117676	RPS6KA1	1281	1178	1338	928	1053	951	789
ENSG00000117682	DHDDS	883	778	940	627	748	755	609
ENSG00000117691	NENF	1301	1103	1412	1015	1010	1126	921
ENSG00000117697	NSL1	1971	1622	1870	1343	1499	1518	1200
ENSG00000117707	PROX1	8	13	12	9	7	21	16
ENSG00000117713	ARID1A	3958	3469	3849	2669	3088	2931	2695
ENSG00000117724	CENPF	11192	9837	12806	7409	9055	8977	7651
ENSG00000117748	RPA2	1782	1511	1684	1307	1406	1474	1162
ENSG00000117751	PPP1R8	1723	1427	1550	1206	1367	1375	1106
ENSG00000117758	STX12	863	739	877	669	651	759	556
ENSG00000117791	MTARC2	507	404	514	334	329	407	318
ENSG00000117834	SLC5A9	0	0	5	9	4	7	0
ENSG00000117859	OSBPL9	2979	2566	2980	2332	2213	2427	1862
ENSG00000117862	TXNDC12	3033	2819	3090	2303	2462	2583	2096
ENSG00000117868	ESYT2	6109	5375	6663	4311	4972	5187	4076
ENSG00000117877	POLR1G	1586	1395	1465	1123	1261	1427	1160
ENSG00000117899	MESD	4672	3993	4950	3617	3851	4187	3135
ENSG00000117906	RCN2	4053	3373	4175	2857	3327	3621	2807
ENSG00000117971	CHRNB4	20	15	17	9	9	16	7
ENSG00000117983	MUC5B	38003	34006	37568	26263	25725	23000	20394
ENSG00000117984	CTSD	28944	24492	27821	21392	22996	24382	19114
ENSG00000118004	COLEC11	15	14	25	8	14	27	11
ENSG00000118007	STAG1	1735	1563	1781	1162	1390	1504	1167
ENSG00000118017	A4GNT	32	23	20	20	16	17	19
ENSG00000118046	STK11	2358	2126	2568	1822	1941	1998	1501
ENSG00000118058	KMT2A	1620	1356	1614	826	1249	1129	1039
ENSG00000118094	TREH	3	6	2	3	0	1	1
ENSG00000118096	IFT46	626	520	623	469	445	473	403
ENSG00000118137	APOA1	4	4	10	2	3	11	3
ENSG00000118156	ZNF541	1	0	0	0	0	0	0
ENSG00000118160	SLC8A2	29	22	26	20	25	16	16
ENSG00000118162	KPTN	673	558	676	503	597	538	407
ENSG00000118181	RPS25	9060	7798	8656	6968	6983	7740	6252
ENSG00000118193	KIF14	3237	2923	3508	2079	2576	2595	2177
ENSG00000118194	TNNT2	0	0	1	0	0	2	0
ENSG00000118197	DDX59	752	690	712	583	618	684	540
ENSG00000118200	CAMSAP2	3296	2866	3398	2041	2661	2778	2388
ENSG00000118217	ATF6	1645	1392	1831	1313	1288	1292	1037
ENSG00000118242	MREG	473	417	508	356	330	395	303
ENSG00000118246	FASTKD2	1726	1479	1967	1304	1645	1598	1253
ENSG00000118257	NRP2	7419	6471	7798	5276	5712	5610	4736
ENSG00000118260	CREB1	1892	1661	1866	1281	1564	1539	1265
ENSG00000118263	KLF7	1741	1508	1700	1318	1155	1274	1083
ENSG00000118271	TTR	2	3	2	0	1	1	1
ENSG00000118276	B4GALT6	532	489	544	335	416	458	382
ENSG00000118292	C1orf54	22	21	22	15	25	16	11
ENSG00000118298	CA14	1	4	1	1	2	3	3
ENSG00000118307	DNAI7	8	14	17	18	19	12	5
ENSG00000118308	IRAG2	1	2	0	0	0	0	0
ENSG00000118322	ATP10B	0	1	0	0	1	0	0
ENSG00000118363	SPCS2	5908	5475	5401	4343	4587	4839	4203
ENSG00000118369	USP35	413	377	505	266	307	294	254
ENSG00000118402	ELOVL4	88	63	90	56	55	68	66
ENSG00000118407	FILIP1	617	430	633	346	442	443	385
ENSG00000118412	CASP8AP2	54	78	367	26	91	48	264
ENSG00000118418	HMGN3	2287	1884	2306	1660	1581	1879	1368
ENSG00000118420	UBE3D	205	176	212	165	182	187	148
ENSG00000118432	CNR1	67	79	89	52	58	80	53
ENSG00000118454	ANKRD13C	1011	842	1016	636	824	831	663
ENSG00000118473	SGIP1	0	0	0	0	0	0	1
ENSG00000118482	PHF3	3000	2510	3051	2027	1993	2436	2326
ENSG00000118495	PLAGL1	520	453	528	358	396	434	356
ENSG00000118496	FBXO30	1586	1337	1653	1081	1234	1349	1085
ENSG00000118503	TNFAIP3	751	595	826	486	536	583	529
ENSG00000118507	AKAP7	200	157	194	150	190	173	118
ENSG00000118508	RAB32	877	799	814	608	622	676	522
ENSG00000118513	MYB	36	33	29	48	39	60	34
ENSG00000118514	ALDH8A1	12	11	8	9	7	9	8
ENSG00000118515	SGK1	857	741	805	677	662	643	527
ENSG00000118518	RNF146	642	527	664	480	532	551	457
ENSG00000118520	ARG1	0	0	1	0	2	0	0
ENSG00000118523	CCN2	948	811	1015	721	726	762	613
ENSG00000118526	TCF21	10	17	6	14	13	7	8
ENSG00000118557	PMFBP1	19	16	25	17	27	12	15
ENSG00000118564	FBXL5	1182	1093	1133	922	948	1084	729
ENSG00000118579	MED28	880	787	859	646	697	738	567
ENSG00000118596	SLC16A7	489	445	495	297	362	407	366
ENSG00000118600	RXYLT1	754	633	709	575	604	633	557
ENSG00000118620	ZNF430	195	201	202	146	159	193	115
ENSG00000118640	VAMP8	493	468	463	351	347	419	293
ENSG00000118655	DCLRE1B	509	429	538	322	403	416	330
ENSG00000118680	MYL12B	7924	6919	7452	5697	5981	6396	5033
ENSG00000118689	FOXO3	1198	1060	1240	830	999	989	862
ENSG00000118690	ARMC2	85	61	71	45	61	77	49
ENSG00000118705	RPN2	14611	12716	14055	10435	11575	11792	9504
ENSG00000118707	TGIF2	298	243	313	234	226	226	193
ENSG00000118762	PKD2	3137	2672	3339	2197	2536	2533	2222
ENSG00000118777	ABCG2	3487	3024	3681	2408	2985	3084	2439
ENSG00000118785	SPP1	10497	9137	9061	7153	8091	8781	6874
ENSG00000118804	STBD1	481	469	542	393	405	419	362
ENSG00000118816	CCNI	6324	5150	5995	4677	4941	5306	4207
ENSG00000118849	RARRES1	833	694	815	579	626	615	581
ENSG00000118855	MFSD1	1653	1410	1589	1130	1326	1389	1106
ENSG00000118873	RAB3GAP2	2167	1886	2211	1538	1821	1859	1526
ENSG00000118894	EEF2KMT	760	639	634	538	564	641	531
ENSG00000118898	PPL	822	770	899	621	633	689	522
ENSG00000118900	UBN1	3348	2927	3286	2341	2575	2724	2229
ENSG00000118922	KLF12	345	349	427	244	287	315	302
ENSG00000118939	UCHL3	505	454	588	472	464	484	375
ENSG00000118946	PCDH17	2	1	2	5	1	1	2
ENSG00000118960	HS1BP3	1470	1195	1419	1100	1160	1214	1006
ENSG00000118961	LDAH	1539	1247	1524	981	1179	1208	1058
ENSG00000118965	WDR35	1654	1396	1668	1063	1221	1393	1123
ENSG00000118971	CCND2	0	0	0	0	0	0	1
ENSG00000118985	ELL2	1833	1620	1768	1246	1401	1495	1244
ENSG00000118997	DNAH7	89	80	102	63	51	72	61
ENSG00000119004	CYP20A1	683	535	719	469	519	567	443
ENSG00000119013	NDUFB3	1621	1421	1702	1243	1225	1371	1123
ENSG00000119041	GTF3C3	1720	1373	1564	1197	1286	1264	1075
ENSG00000119042	SATB2	324	268	359	233	256	228	256
ENSG00000119048	UBE2B	1554	1334	1283	1062	1232	1214	997
ENSG00000119121	TRPM6	223	199	231	124	189	201	147
ENSG00000119125	GDA	851	775	924	580	660	687	545
ENSG00000119138	KLF9	381	319	405	277	241	303	231
ENSG00000119139	TJP2	505	398	545	345	403	359	258
ENSG00000119185	ITGB1BP1	2741	2325	2790	1927	2207	2233	1768
ENSG00000119203	CPSF3	4119	3639	4415	3223	3401	3720	2819
ENSG00000119227	PIGZ	119	75	123	79	103	92	75
ENSG00000119231	SENP5	963	808	968	708	705	757	602
ENSG00000119242	CCDC92	1445	1140	1500	1089	1060	1212	888
ENSG00000119280	C1orf198	1482	1255	1416	1043	1144	1190	976
ENSG00000119283	TRIM67	22	15	16	17	15	16	22
ENSG00000119285	HEATR1	5498	4812	6144	3713	4649	4845	3969
ENSG00000119314	PTBP3	10949	9868	12255	7918	8844	9147	7639
ENSG00000119318	RAD23B	12563	10606	11969	8487	9852	10064	8327
ENSG00000119321	FKBP15	564	512	449	277	432	304	347
ENSG00000119326	CTNNAL1	1991	1734	2087	1457	1617	1659	1280
ENSG00000119328	ABITRAM	1001	818	985	722	864	824	736
ENSG00000119333	DYNC2I2	6491	5585	6460	4803	4989	5139	3851
ENSG00000119335	SET	24852	21371	26635	19015	21047	21888	17527
ENSG00000119383	PTPA	10994	9543	10708	7989	8647	8689	6907
ENSG00000119392	GLE1	2232	1976	2263	1577	1706	1898	1563
ENSG00000119396	RAB14	5128	4549	5538	3534	4068	4358	3598
ENSG00000119397	CNTRL	536	571	826	432	556	559	410
ENSG00000119401	TRIM32	1617	1378	1637	1094	1197	1247	1061
ENSG00000119402	FBXW2	3856	3336	3856	2789	2961	3197	2557
ENSG00000119403	PHF19	3080	2684	3082	2299	2549	2527	2155
ENSG00000119408	NEK6	1231	1067	1457	941	1019	997	859
ENSG00000119411	BSPRY	0	4	4	5	0	0	0
ENSG00000119414	PPP6C	2393	1987	2543	1692	1974	2176	1684
ENSG00000119421	NDUFA8	2150	1887	2141	1673	1802	1835	1498
ENSG00000119431	HDHD3	1045	882	961	793	765	796	630
ENSG00000119446	RBM18	1297	1049	1243	888	1051	1091	840
ENSG00000119471	HSDL2	2931	2626	2946	2276	2502	2608	2176
ENSG00000119487	MAPKAP1	4352	3691	4302	3104	3542	3699	2960
ENSG00000119508	NR4A3	97	91	94	84	81	94	61
ENSG00000119509	INVS	1119	998	1166	815	976	917	789
ENSG00000119514	GALNT12	417	407	553	355	422	388	276
ENSG00000119522	DENND1A	1656	1410	1725	1198	1371	1461	1137
ENSG00000119523	ALG2	1513	1250	1699	1145	1289	1432	1030
ENSG00000119535	CSF3R	0	0	0	0	0	1	0
ENSG00000119537	KDSR	1298	1145	1397	992	1177	1193	892
ENSG00000119541	VPS4B	1981	1810	2097	1460	1646	1850	1442
ENSG00000119547	ONECUT2	532	451	477	299	382	391	323
ENSG00000119559	C19orf25	553	501	537	418	481	428	351
ENSG00000119574	ZBTB45	1642	1294	1440	1133	1271	1280	1035
ENSG00000119596	YLPM1	3069	2887	3388	2237	2724	2734	2471
ENSG00000119599	DCAF4	653	528	604	443	501	523	386
ENSG00000119608	PROX2	18	18	11	10	12	17	8
ENSG00000119616	FCF1	3600	2944	3441	2600	2770	2913	2336
ENSG00000119630	PGF	40	36	44	32	18	33	33
ENSG00000119632	IFI27L2	362	357	429	308	333	302	256
ENSG00000119636	BBOF1	188	176	193	148	162	154	128
ENSG00000119638	NEK9	3470	3068	3860	2269	3149	3029	2468
ENSG00000119640	ACYP1	411	358	323	270	337	371	266
ENSG00000119650	IFT43	540	504	594	464	441	492	341
ENSG00000119655	NPC2	2539	2180	2579	1877	1966	2193	1740
ENSG00000119661	DNAL1	664	639	654	497	547	577	460
ENSG00000119669	IRF2BPL	2010	1743	2099	1424	1695	1555	1295
ENSG00000119673	ACOT2	2667	2480	2795	1999	2159	2238	1783
ENSG00000119681	LTBP2	1264	1041	1331	915	841	819	704
ENSG00000119682	AREL1	2757	2308	2697	1915	2291	2350	1839
ENSG00000119684	MLH3	1243	1065	1387	901	1029	1096	874
ENSG00000119685	TTLL5	1455	1289	1360	1001	1134	1109	1012
ENSG00000119686	FLVCR2	162	123	161	115	140	131	100
ENSG00000119688	ABCD4	257	266	258	174	210	226	174
ENSG00000119689	DLST	5455	4784	5126	3906	4236	4220	3581
ENSG00000119698	PPP4R4	5	0	10	7	4	8	2
ENSG00000119699	TGFB3	60	43	58	40	47	42	50
ENSG00000119703	ZC2HC1C	174	109	142	97	134	113	104
ENSG00000119705	SLIRP	1606	1270	1700	1201	1279	1370	1068
ENSG00000119707	RBM25	5702	4705	5812	4009	4805	5205	4042
ENSG00000119711	ALDH6A1	923	715	960	652	738	755	641
ENSG00000119714	GPR68	14	9	20	8	9	8	5
ENSG00000119715	ESRRB	23	13	11	9	12	4	11
ENSG00000119718	EIF2B2	992	875	971	777	926	869	708
ENSG00000119720	NRDE2	577	595	572	445	434	475	397
ENSG00000119723	COQ6	751	657	719	553	646	630	436
ENSG00000119725	ZNF410	1869	1586	1921	1343	1546	1612	1190
ENSG00000119729	RHOQ	4082	3443	3905	2963	3016	3244	2700
ENSG00000119737	GPR75	103	78	84	52	63	62	66
ENSG00000119760	SUPT7L	2653	2210	2621	1963	2028	2198	1760
ENSG00000119771	KLHL29	192	171	155	124	162	143	107
ENSG00000119772	DNMT3A	1390	1248	1484	963	1109	1151	921
ENSG00000119777	TMEM214	5103	4141	4956	3694	3966	4078	3158
ENSG00000119778	ATAD2B	905	860	998	545	679	747	637
ENSG00000119782	FKBP1B	94	84	105	78	52	65	54
ENSG00000119787	ATL2	2885	2539	3067	2126	2454	2553	2270
ENSG00000119801	YPEL5	1795	1630	2008	1460	1488	1609	1248
ENSG00000119812	FAM98A	3516	3057	3157	2405	2791	2905	2400
ENSG00000119820	YIPF4	2792	2339	2769	1899	2114	2287	1738
ENSG00000119844	AFTPH	2552	2165	2546	1793	2114	2121	1690
ENSG00000119862	LGALSL	483	450	533	359	410	443	351
ENSG00000119865	CNRIP1	33	21	26	12	16	18	13
ENSG00000119866	BCL11A	13	15	12	4	10	7	14
ENSG00000119878	CRIPT	1203	946	1220	826	920	911	729
ENSG00000119888	EPCAM	610	459	594	425	398	533	373
ENSG00000119899	SLC17A5	949	826	959	650	751	790	692
ENSG00000119900	OGFRL1	930	829	1073	717	783	824	722
ENSG00000119906	SLF2	1802	1665	1930	1196	1541	1569	1280
ENSG00000119912	IDE	2804	2278	2857	1641	1739	2348	2085
ENSG00000119915	ELOVL3	17	15	20	9	8	24	11
ENSG00000119917	IFIT3	286	218	240	188	226	249	165
ENSG00000119919	NKX2-3	3	3	1	0	0	0	1
ENSG00000119922	IFIT2	166	143	128	85	117	137	74
ENSG00000119927	GPAM	852	719	842	562	623	667	579
ENSG00000119929	CUTC	1060	885	1197	760	989	923	725
ENSG00000119938	PPP1R3C	512	486	609	467	450	471	367
ENSG00000119943	PYROXD2	394	417	463	342	309	359	232
ENSG00000119946	CNNM1	2824	2431	2732	2022	2268	2288	1913
ENSG00000119950	MXI1	559	508	615	426	401	437	399
ENSG00000119953	SMNDC1	1808	1542	2017	1440	1468	1648	1290
ENSG00000119965	C10orf88	488	405	484	338	414	480	376
ENSG00000119969	HELLS	3728	3179	3560	2573	2783	2976	2374
ENSG00000119973	PRLHR	4	3	0	1	1	1	0
ENSG00000119977	TCTN3	2950	2488	2748	2051	2394	2522	2001
ENSG00000119979	DENND10	2029	1727	2085	1576	1708	1876	1409
ENSG00000119986	AVPI1	2758	2363	2796	2129	2337	2356	1823
ENSG00000120008	WDR11	2575	2419	2828	1797	2159	2214	1845
ENSG00000120029	ARMH3	1305	1168	1354	915	1047	1039	860
ENSG00000120049	KCNIP2	71	51	38	41	33	25	33
ENSG00000120051	CFAP58	17	7	5	5	5	10	6
ENSG00000120053	GOT1	2128	1789	2153	1526	1595	1764	1347
ENSG00000120054	CPN1	83	91	66	64	56	67	33
ENSG00000120055	C10orf95	27	30	27	8	18	19	12
ENSG00000120057	SFRP5	48	32	44	34	32	41	22
ENSG00000120063	GNA13	4476	4031	4915	3148	3795	3979	3250
ENSG00000120068	HOXB8	843	717	820	669	584	701	545
ENSG00000120071	KANSL1	2064	1733	2218	1400	1654	1813	1475
ENSG00000120075	HOXB5	555	460	577	401	430	469	391
ENSG00000120093	HOXB3	1520	1321	1466	1059	1050	1082	977
ENSG00000120094	HOXB1	0	0	0	1	0	0	0
ENSG00000120129	DUSP1	3114	2655	3274	2294	2461	2427	1761
ENSG00000120137	PANK3	3917	3817	4595	2756	3492	3587	2964
ENSG00000120149	MSX2	427	325	337	309	294	308	245
ENSG00000120156	TEK	1	2	0	0	2	0	1
ENSG00000120158	RCL1	1204	1083	1226	898	1023	1125	825
ENSG00000120159	CAAP1	1368	1153	1428	1105	1118	1222	1010
ENSG00000120162	MOB3B	220	174	209	167	186	151	153
ENSG00000120210	INSL6	1	0	1	0	2	0	0
ENSG00000120211	INSL4	2568	2137	2396	1773	1770	2181	1583
ENSG00000120215	MLANA	18	23	20	11	20	19	16
ENSG00000120217	CD274	37	55	35	29	38	36	36
ENSG00000120242	IFNA8	1	2	1	1	0	0	1
ENSG00000120253	NUP43	2145	1856	2294	1644	1869	1811	1453
ENSG00000120254	MTHFD1L	2203	1930	2350	1683	2001	1928	1561
ENSG00000120256	LRP11	3889	3550	4033	2654	3044	3258	2698
ENSG00000120262	CCDC170	28	25	23	15	19	25	9
ENSG00000120265	PCMT1	2770	2436	2598	1934	2146	2167	1730
ENSG00000120278	PLEKHG1	28	36	33	16	20	26	20
ENSG00000120280	TASL	5	0	4	3	4	5	5
ENSG00000120289	MAGEB4	1	0	0	0	0	0	0
ENSG00000120306	CYSTM1	2352	1983	2541	1757	1904	2058	1612
ENSG00000120314	WDR55	1992	1599	1965	1534	1610	1717	1246
ENSG00000120318	ARAP3	939	889	1061	688	746	745	564
ENSG00000120322	PCDHB8	27	26	22	16	18	16	16
ENSG00000120324	PCDHB10	2	1	2	3	0	2	4
ENSG00000120327	PCDHB14	9	14	9	8	8	7	17
ENSG00000120328	PCDHB12	1	1	1	1	0	0	3
ENSG00000120329	SLC25A2	0	0	1	2	0	0	1
ENSG00000120332	TNN	0	0	2	0	0	0	0
ENSG00000120333	MRPS14	860	728	762	540	590	659	576
ENSG00000120334	CENPL	532	431	504	383	420	425	354
ENSG00000120337	TNFSF18	3	0	0	2	0	1	0
ENSG00000120341	SEC16B	159	176	170	89	138	111	112
ENSG00000120370	GORAB	207	134	182	124	176	168	107
ENSG00000120437	ACAT2	1785	1703	1971	1445	1493	1581	1208
ENSG00000120438	TCP1	12303	10954	13250	8992	10160	10978	8344
ENSG00000120440	TTLL2	0	9	3	0	2	1	0
ENSG00000120451	SNX19	2974	2662	2945	2053	2366	2350	2048
ENSG00000120457	KCNJ5	10	8	13	8	14	13	8
ENSG00000120458	MSANTD2	289	290	335	218	270	267	241
ENSG00000120471	TP53AIP1	0	1	2	5	0	0	2
ENSG00000120498	TEX11	0	0	0	0	2	0	0
ENSG00000120500	ARR3	1	0	2	1	0	1	1
ENSG00000120509	PDZD11	1656	1428	1645	1245	1271	1467	1071
ENSG00000120519	SLC10A7	146	137	161	117	146	149	117
ENSG00000120526	NUDCD1	1007	1019	1133	849	898	1068	749
ENSG00000120533	ENY2	2325	2155	2370	1930	1818	2143	1689
ENSG00000120539	MASTL	2093	1806	2257	1608	1722	1812	1467
ENSG00000120549	KIAA1217	1099	898	1077	701	848	889	759
ENSG00000120563	LYZL1	0	1	0	0	0	0	0
ENSG00000120594	PLXDC2	2	1	0	0	1	0	0
ENSG00000120616	EPC1	956	869	1038	639	820	895	742
ENSG00000120645	IQSEC3	0	1	0	0	0	0	0
ENSG00000120647	CCDC77	734	634	665	515	601	613	487
ENSG00000120656	TAF12	698	536	647	490	529	654	475
ENSG00000120658	ENOX1	56	62	77	43	62	56	43
ENSG00000120659	TNFSF11	1	0	0	1	0	0	0
ENSG00000120662	MTRF1	324	341	338	251	249	303	273
ENSG00000120669	SOHLH2	1	0	2	0	0	8	0
ENSG00000120675	DNAJC15	90	78	106	54	70	67	55
ENSG00000120685	PROSER1	1545	1356	1372	1062	1191	1341	1108
ENSG00000120686	UFM1	1758	1499	1771	1268	1412	1638	1256
ENSG00000120688	WBP4	758	614	704	569	592	682	445
ENSG00000120690	ELF1	2300	1999	2346	1653	1848	1945	1634
ENSG00000120693	SMAD9	15	12	9	17	6	18	18
ENSG00000120694	HSPH1	6876	5743	7537	4778	5339	5896	4631
ENSG00000120696	KBTBD7	532	531	613	417	504	513	409
ENSG00000120697	ALG5	898	844	903	676	749	760	557
ENSG00000120699	EXOSC8	1348	1174	1288	971	1071	1188	889
ENSG00000120705	ETF1	9535	8374	9599	6562	7872	8414	6742
ENSG00000120708	TGFBI	32881	27845	35834	26048	24311	25347	20071
ENSG00000120709	FAM53C	1912	1786	1899	1270	1536	1574	1266
ENSG00000120725	SIL1	1502	1262	1553	1140	1199	1263	975
ENSG00000120727	PAIP2	3914	3560	3642	3050	3037	3273	2654
ENSG00000120729	MYOT	1	0	0	2	1	0	0
ENSG00000120733	KDM3B	5492	5018	5564	3922	4164	4327	3715
ENSG00000120738	EGR1	2564	2047	2376	1843	1863	1969	1443
ENSG00000120742	SERP1	5856	5114	5779	4207	4680	4932	3683
ENSG00000120756	PLS1	4067	3510	4216	2817	3505	3585	2763
ENSG00000120784	ZFP30	432	381	491	295	328	395	300
ENSG00000120798	NR2C1	839	691	733	583	651	672	516
ENSG00000120800	UTP20	2622	2305	2938	1688	2319	2367	1901
ENSG00000120802	TMPO	11709	10189	12071	8268	9848	10102	8062
ENSG00000120805	ARL1	2352	2099	2401	1842	2071	2163	1714
ENSG00000120820	GLT8D2	10	11	9	5	9	7	4
ENSG00000120832	MTERF2	435	433	539	362	372	411	361
ENSG00000120833	SOCS2	213	192	245	175	159	173	122
ENSG00000120837	NFYB	1298	1070	1372	921	1025	1117	855
ENSG00000120860	WASHC3	542	501	516	369	438	456	374
ENSG00000120868	APAF1	1391	1282	1476	910	1133	1112	1009
ENSG00000120875	DUSP4	10952	9193	10853	7590	8703	9059	7256
ENSG00000120885	CLU	31869	26622	31976	24089	24986	26841	20630
ENSG00000120889	TNFRSF10B	5859	4973	5338	3595	4489	4400	4079
ENSG00000120896	SORBS3	4372	3541	4206	3281	3228	3569	2900
ENSG00000120899	PTK2B	1725	1541	1858	1258	1313	1342	1093
ENSG00000120903	CHRNA2	1	1	2	0	0	0	0
ENSG00000120910	PPP3CC	523	413	469	357	330	416	309
ENSG00000120913	PDLIM2	826	696	829	692	681	647	564
ENSG00000120915	EPHX2	448	390	517	331	375	419	313
ENSG00000120925	RNF170	1212	1034	1261	895	948	996	785
ENSG00000120942	UBIAD1	1064	857	887	703	821	871	693
ENSG00000120948	TARDBP	7992	7035	8314	5844	6844	6848	5615
ENSG00000120949	TNFRSF8	0	0	0	4	0	0	0
ENSG00000120963	ZNF706	2794	2369	2640	2004	2224	2265	1747
ENSG00000120992	LYPLA1	4610	3961	4755	3190	3720	4141	3308
ENSG00000121005	CRISPLD1	7	11	7	4	10	5	4
ENSG00000121022	COPS5	2830	2425	2797	2111	2197	2456	1912
ENSG00000121039	RDH10	4798	4045	4883	3369	4012	4256	3259
ENSG00000121053	EPX	10	5	0	5	1	4	4
ENSG00000121057	AKAP1	4804	4355	4960	3456	3984	4079	3460
ENSG00000121058	COIL	1566	1353	1509	1083	1289	1414	1120
ENSG00000121060	TRIM25	4759	4268	4410	3251	3991	3802	3266
ENSG00000121064	SCPEP1	1419	1310	1408	1066	1166	1213	963
ENSG00000121067	SPOP	2354	2070	2208	1716	1867	2050	1589
ENSG00000121068	TBX2	234	224	244	190	247	179	150
ENSG00000121073	SLC35B1	2090	1714	1870	1443	1527	1708	1316
ENSG00000121075	TBX4	12	20	18	14	24	14	16
ENSG00000121101	TEX14	7	0	5	3	5	8	0
ENSG00000121104	FAM117A	126	97	148	80	98	91	57
ENSG00000121152	NCAPH	2866	2588	2813	2058	2279	2273	1886
ENSG00000121207	LRAT	7	8	9	8	7	3	0
ENSG00000121210	TMEM131L	415	322	442	264	360	361	281
ENSG00000121211	MND1	370	318	342	300	292	320	254
ENSG00000121236	TRIM6	1504	1231	1439	955	1176	1169	1090
ENSG00000121270	ABCC11	7	4	3	3	4	0	8
ENSG00000121274	TENT4B	1013	778	983	591	806	795	583
ENSG00000121281	ADCY7	1219	1159	1302	840	1024	904	845
ENSG00000121289	CEP89	2651	2249	2535	1875	1988	2182	1681
ENSG00000121297	TSHZ3	281	215	283	176	214	202	160
ENSG00000121310	ECHDC2	130	118	99	107	62	83	75
ENSG00000121316	PLBD1	114	118	138	101	102	98	94
ENSG00000121318	TAS2R10	12	14	13	7	9	9	4
ENSG00000121350	PYROXD1	653	647	684	478	535	614	484
ENSG00000121351	IAPP	28	33	26	24	12	15	5
ENSG00000121361	KCNJ8	0	7	9	2	0	0	0
ENSG00000121380	BCL2L14	3	9	8	6	5	13	3
ENSG00000121381	TAS2R9	0	0	2	0	0	0	0
ENSG00000121390	PSPC1	1483	1456	1551	1201	1360	1321	1122
ENSG00000121406	ZNF549	187	142	168	134	155	144	101
ENSG00000121410	A1BG	0	0	0	0	1	0	0
ENSG00000121413	ZSCAN18	17	26	22	15	29	20	24
ENSG00000121417	ZNF211	186	250	229	216	161	203	118
ENSG00000121454	LHX4	550	510	495	356	389	369	342
ENSG00000121481	RNF2	566	466	525	418	456	490	385
ENSG00000121486	TRMT1L	1562	1375	1744	1084	1354	1312	1034
ENSG00000121542	SEC22A	589	468	564	432	460	476	402
ENSG00000121552	CSTA	23	12	11	11	11	12	7
ENSG00000121570	DPPA4	0	0	1	3	0	0	0
ENSG00000121577	POPDC2	6	6	6	2	6	4	2
ENSG00000121578	B4GALT4	5349	4765	5421	3690	4293	4767	3656
ENSG00000121579	NAA50	8590	7735	9139	6042	7230	7454	6259
ENSG00000121594	CD80	0	0	2	0	0	1	0
ENSG00000121621	KIF18A	2359	1940	2245	1569	1771	1858	1489
ENSG00000121644	DESI2	2739	2395	2842	1873	2280	2370	1843
ENSG00000121653	MAPK8IP1	496	447	450	395	305	388	313
ENSG00000121671	CRY2	421	368	463	316	316	382	288
ENSG00000121680	PEX16	799	708	769	637	651	666	500
ENSG00000121690	DEPDC7	395	367	368	334	321	320	187
ENSG00000121691	CAT	2744	2266	2639	1949	2060	2227	1726
ENSG00000121716	PILRB	2603	2166	2425	1755	1880	2111	1542
ENSG00000121741	ZMYM2	1411	1299	1654	961	1141	1237	1106
ENSG00000121742	GJB6	1	0	0	1	0	0	1
ENSG00000121743	GJA3	6	5	5	6	8	13	10
ENSG00000121749	TBC1D15	1533	1431	1626	1054	1272	1494	1110
ENSG00000121753	ADGRB2	874	773	797	667	651	625	499
ENSG00000121764	HCRTR1	3	0	0	0	0	0	0
ENSG00000121766	ZCCHC17	903	820	925	744	722	753	680
ENSG00000121769	FABP3	7	4	5	4	6	4	4
ENSG00000121774	KHDRBS1	9713	8405	10229	7228	7688	8066	6564
ENSG00000121775	TMEM39B	199	158	232	122	107	116	124
ENSG00000121797	CCRL2	5	6	6	7	5	4	5
ENSG00000121851	POLR3GL	516	493	610	459	462	458	337
ENSG00000121853	GHSR	0	0	2	0	0	0	0
ENSG00000121858	TNFSF10	105	76	81	66	55	78	44
ENSG00000121864	ZNF639	929	739	852	587	693	705	591
ENSG00000121871	SLITRK3	4	1	1	1	0	0	0
ENSG00000121879	PIK3CA	586	566	557	422	435	456	414
ENSG00000121892	PDS5A	6709	5794	7358	4606	5604	5668	4667
ENSG00000121895	TMEM156	1000	806	900	716	782	868	696
ENSG00000121897	LIAS	268	184	245	166	196	219	162
ENSG00000121898	CPXM2	0	0	1	0	0	0	0
ENSG00000121900	TMEM54	838	774	851	663	623	687	535
ENSG00000121903	ZSCAN20	270	268	291	198	203	237	178
ENSG00000121904	CSMD2	1	0	3	0	1	0	5
ENSG00000121905	HPCA	6	11	15	7	6	16	9
ENSG00000121931	LRIF1	1011	805	877	732	807	819	668
ENSG00000121940	CLCC1	1582	1381	1595	1239	1435	1523	1182
ENSG00000121957	GPSM2	1523	1279	1396	983	1116	1248	915
ENSG00000121964	GTDC1	404	338	413	273	333	307	253
ENSG00000121966	CXCR4	18	13	19	17	10	8	12
ENSG00000121988	ZRANB3	213	153	164	115	130	173	132
ENSG00000121989	ACVR2A	208	188	264	197	191	218	172
ENSG00000122008	POLK	579	484	572	374	511	444	412
ENSG00000122012	SV2C	0	1	0	0	0	0	1
ENSG00000122026	RPL21	12648	10767	13142	9789	10001	11011	8986
ENSG00000122033	MTIF3	520	405	510	373	396	438	353
ENSG00000122034	GTF3A	2780	2368	2919	2155	2367	2628	2065
ENSG00000122035	RASL11A	102	87	78	62	74	84	60
ENSG00000122042	UBL3	1329	1141	1486	824	1112	1094	867
ENSG00000122068	FYTTD1	1579	1440	1736	1082	1327	1458	1094
ENSG00000122085	MTERF4	779	803	845	468	516	629	561
ENSG00000122122	SASH3	1	0	0	0	0	0	0
ENSG00000122126	OCRL	3009	2616	3343	2188	2591	2509	2088
ENSG00000122133	PAEP	0	1	1	0	1	0	0
ENSG00000122140	MRPS2	2865	2280	2638	2080	2351	2405	1826
ENSG00000122176	FMOD	0	0	1	0	1	0	5
ENSG00000122188	LAX1	0	0	0	1	0	0	0
ENSG00000122194	PLG	147	138	117	83	86	97	90
ENSG00000122203	KIAA1191	3824	3277	3768	2714	2949	3120	2494
ENSG00000122218	COPA	6859	5989	6458	4964	5621	5567	4983
ENSG00000122224	LY9	14	6	7	5	8	4	7
ENSG00000122257	RBBP6	3620	3131	3886	2617	3095	3164	2472
ENSG00000122299	ZC3H7A	2073	1899	2317	1310	1710	1780	1418
ENSG00000122335	SERAC1	285	284	325	157	239	226	159
ENSG00000122359	ANXA11	9626	8184	9318	7157	7446	7850	6217
ENSG00000122367	LDB3	17	6	13	15	10	16	7
ENSG00000122375	OPN4	0	1	0	0	0	0	0
ENSG00000122376	SHLD2	2392	2039	2487	1712	1958	2127	1581
ENSG00000122378	PRXL2A	3556	3082	3947	2772	3000	3158	2413
ENSG00000122386	ZNF205	594	585	594	457	454	518	374
ENSG00000122390	NAA60	2963	2336	2467	2231	2194	2292	1861
ENSG00000122406	RPL5	18239	16140	18427	14278	15002	16514	13071
ENSG00000122417	ODF2L	552	499	530	396	380	387	329
ENSG00000122432	SPATA1	8	0	5	0	0	5	0
ENSG00000122435	TRMT13	444	449	499	308	387	384	330
ENSG00000122477	LRRC39	14	18	19	11	12	15	12
ENSG00000122481	RWDD3	111	131	128	86	93	109	101
ENSG00000122482	ZNF644	1273	1039	1250	775	988	1137	819
ENSG00000122483	CCDC18	508	402	514	328	387	356	316
ENSG00000122484	RPAP2	1196	1028	1119	769	898	953	801
ENSG00000122490	SLC66A2	860	712	823	587	651	589	473
ENSG00000122507	BBS9	385	350	394	194	311	289	247
ENSG00000122512	PMS2	1381	1083	1407	1021	1223	1341	988
ENSG00000122515	ZMIZ2	2646	2252	2602	1926	2116	2162	1788
ENSG00000122543	OCM	0	0	1	0	0	0	0
ENSG00000122545	SEPTIN7	7932	6642	8033	5912	6272	6551	5438
ENSG00000122547	EEPD1	628	582	631	473	468	530	392
ENSG00000122550	KLHL7	483	485	484	381	454	424	284
ENSG00000122557	HERPUD2	1178	1031	1125	820	910	1042	867
ENSG00000122565	CBX3	12797	10999	14049	9629	10554	11255	8925
ENSG00000122566	HNRNPA2B1	38433	35808	39332	29329	30908	34152	28366
ENSG00000122574	WIPF3	111	88	114	94	89	107	68
ENSG00000122584	NXPH1	0	1	0	0	0	0	0
ENSG00000122591	FAM126A	926	862	1046	613	771	822	574
ENSG00000122592	HOXA7	489	375	375	340	338	414	307
ENSG00000122641	INHBA	3	0	2	0	2	1	2
ENSG00000122642	FKBP9	8003	6886	7976	5604	6305	6543	5173
ENSG00000122643	NT5C3A	1528	1287	1473	1178	1203	1243	1093
ENSG00000122644	ARL4A	1642	1417	1646	1230	1280	1344	1146
ENSG00000122674	CCZ1	2045	1710	2044	1409	1537	1598	1294
ENSG00000122678	POLM	245	243	278	236	219	207	202
ENSG00000122679	RAMP3	0	0	1	0	0	0	0
ENSG00000122687	MRM2	1183	1060	1108	929	924	1044	704
ENSG00000122691	TWIST1	112	103	112	93	85	83	79
ENSG00000122692	SMU1	4465	3780	4451	3347	3669	3869	2963
ENSG00000122694	GLIPR2	182	173	223	152	137	172	104
ENSG00000122696	SLC25A51	265	236	217	171	205	187	156
ENSG00000122705	CLTA	9364	7989	9602	7245	7739	8450	6649
ENSG00000122707	RECK	416	366	418	309	290	303	255
ENSG00000122711	SPINK4	4	2	4	2	3	2	4
ENSG00000122728	TAF1L	3	2	5	3	3	1	0
ENSG00000122729	ACO1	3897	3413	4154	2878	3239	3376	2491
ENSG00000122733	PHF24	1	0	1	1	1	0	0
ENSG00000122735	DNAI1	3	0	1	1	3	2	0
ENSG00000122741	DCAF10	1711	1650	1856	1252	1465	1494	1152
ENSG00000122756	CNTFR	3	1	0	2	0	0	1
ENSG00000122778	KIAA1549	2065	1760	2162	1411	1620	1654	1343
ENSG00000122779	TRIM24	2512	2086	2565	1717	1986	2144	1669
ENSG00000122783	CYREN	2204	1910	2300	1589	1822	1833	1528
ENSG00000122786	CALD1	5486	4672	5545	4008	3929	4365	3627
ENSG00000122787	AKR1D1	5	6	5	3	1	2	2
ENSG00000122824	NUDT10	5	5	4	4	5	3	1
ENSG00000122859	NEUROG3	0	1	0	0	1	0	0
ENSG00000122861	PLAU	2899	2438	2971	2052	2156	2399	1817
ENSG00000122862	SRGN	2210	1913	2173	1524	1811	1922	1552
ENSG00000122863	CHST3	2361	2194	2385	1718	2015	1984	1599
ENSG00000122870	BICC1	6773	5803	7200	4598	5449	5627	4524
ENSG00000122873	CISD1	1103	918	908	739	874	869	668
ENSG00000122877	EGR2	9	1	4	2	3	3	0
ENSG00000122882	ECD	1895	1600	1840	1372	1492	1522	1253
ENSG00000122884	P4HA1	2189	1844	2502	1808	1735	1818	1497
ENSG00000122912	SLC25A16	509	451	443	333	367	362	311
ENSG00000122952	ZWINT	3869	3667	3794	2731	3130	3194	2569
ENSG00000122958	VPS26A	3852	3370	4054	2946	3225	3511	2789
ENSG00000122965	RBM19	1749	1545	1649	1281	1379	1436	1213
ENSG00000122966	CIT	2289	2107	2719	1484	2117	1730	1704
ENSG00000122970	IFT81	2220	1964	2519	1688	1865	1900	1600
ENSG00000122971	ACADS	849	707	803	568	583	668	485
ENSG00000122986	HVCN1	20	9	22	8	3	17	12
ENSG00000123064	DDX54	6644	5918	6641	5064	5582	5541	4388
ENSG00000123066	MED13L	4185	3555	4979	2275	3431	3509	2818
ENSG00000123080	CDKN2C	2014	1811	2202	1484	1586	1629	1290
ENSG00000123091	RNF11	1725	1478	1699	1269	1340	1435	1130
ENSG00000123094	RASSF8	778	603	826	465	663	688	507
ENSG00000123095	BHLHE41	17	19	25	14	23	14	9
ENSG00000123096	SSPN	46	20	37	29	35	22	23
ENSG00000123104	ITPR2	528	491	595	304	421	402	347
ENSG00000123106	CCDC91	1395	1186	1418	1104	1179	1276	1015
ENSG00000123119	NECAB1	34	20	37	26	28	34	22
ENSG00000123124	WWP1	3187	2612	3207	2217	2491	2546	2052
ENSG00000123130	ACOT9	2304	2119	2433	1845	1823	1905	1525
ENSG00000123131	PRDX4	4982	4432	5289	3878	3925	4401	3381
ENSG00000123136	DDX39A	3811	3454	3834	2874	3204	3309	2714
ENSG00000123143	PKN1	5907	5070	5910	4502	4809	4818	3833
ENSG00000123144	TRIR	3976	3605	4058	3135	3149	3547	2609
ENSG00000123146	ADGRE5	3867	3287	3677	2735	2936	2904	2337
ENSG00000123154	WDR83	344	295	364	312	253	330	206
ENSG00000123159	GIPC1	7196	6344	7096	5492	5811	5757	4589
ENSG00000123178	SPRYD7	825	699	863	611	708	674	547
ENSG00000123179	EBPL	1881	1641	1755	1344	1435	1463	1179
ENSG00000123191	ATP7B	271	228	301	193	182	237	215
ENSG00000123200	ZC3H13	3703	3172	3958	2791	3042	3312	2422
ENSG00000123213	NLN	4299	3600	4201	3017	3433	3654	2756
ENSG00000123219	CENPK	1828	1613	1778	1345	1474	1599	1340
ENSG00000123240	OPTN	2112	1735	2224	1559	1682	1695	1372
ENSG00000123243	ITIH5	79	68	77	43	57	34	47
ENSG00000123268	ATF1	1012	899	973	769	858	897	758
ENSG00000123297	TSFM	1649	1549	1657	1324	1358	1463	1209
ENSG00000123329	ARHGAP9	0	0	2	3	1	2	0
ENSG00000123342	MMP19	6	0	4	1	3	0	0
ENSG00000123349	PFDN5	3564	2981	3496	2667	2806	3052	2209
ENSG00000123352	SPATS2	2958	2661	2990	2348	2407	2499	1969
ENSG00000123353	ORMDL2	2270	1990	2235	1703	1721	1787	1453
ENSG00000123358	NR4A1	1958	1630	1741	1332	1377	1525	1247
ENSG00000123364	HOXC13	547	480	582	436	438	471	388
ENSG00000123374	CDK2	2163	1902	2144	1514	1699	1805	1434
ENSG00000123384	LRP1	3524	3275	4023	2453	2611	2470	2050
ENSG00000123388	HOXC11	73	42	53	44	50	42	42
ENSG00000123395	ATG101	2270	2067	2409	1761	1843	1956	1511
ENSG00000123405	NFE2	11	12	14	14	9	7	6
ENSG00000123407	HOXC12	1	0	0	0	0	0	0
ENSG00000123411	IKZF4	196	208	197	195	152	146	119
ENSG00000123415	SMUG1	736	641	674	547	573	594	482
ENSG00000123416	TUBA1B	68552	57450	69247	51414	54945	56556	44482
ENSG00000123427	EEF1AKMT3	441	357	455	326	388	381	300
ENSG00000123444	KBTBD4	1099	894	971	726	897	828	697
ENSG00000123453	SARDH	4	4	2	4	1	4	1
ENSG00000123454	DBH	0	0	0	0	0	1	0
ENSG00000123472	ATPAF1	1921	1755	2052	1492	1538	1667	1379
ENSG00000123473	STIL	1531	1169	1527	970	1245	1338	1102
ENSG00000123485	HJURP	6476	5633	6175	4535	5253	5442	4388
ENSG00000123496	IL13RA2	0	0	0	0	0	0	6
ENSG00000123500	COL10A1	3	4	3	1	1	0	1
ENSG00000123505	AMD1	5638	4964	5799	4089	4739	4821	3992
ENSG00000123545	NDUFAF4	584	513	490	383	448	531	427
ENSG00000123552	USP45	489	355	394	339	365	362	290
ENSG00000123560	PLP1	0	0	1	0	1	0	0
ENSG00000123561	SERPINA7	0	0	0	0	0	1	0
ENSG00000123562	MORF4L2	13864	12131	14355	10514	10988	11886	9533
ENSG00000123570	RAB9B	4	10	4	4	6	3	3
ENSG00000123575	FAM199X	3533	3225	3760	2406	2837	2818	2382
ENSG00000123595	RAB9A	786	718	713	584	660	687	541
ENSG00000123600	METTL8	820	747	850	603	666	747	594
ENSG00000123607	TTC21B	674	615	713	411	551	502	418
ENSG00000123609	NMI	799	713	763	611	673	633	532
ENSG00000123610	TNFAIP6	52	46	61	45	39	23	22
ENSG00000123612	ACVR1C	5	2	5	5	8	2	2
ENSG00000123636	BAZ2B	1312	1130	1478	883	1042	1124	984
ENSG00000123643	SLC36A1	735	616	762	465	569	593	466
ENSG00000123684	LPGAT1	7012	6163	7313	4872	5580	6061	4816
ENSG00000123685	BATF3	193	151	205	128	146	160	126
ENSG00000123689	G0S2	137	115	155	117	94	138	96
ENSG00000123700	KCNJ2	455	401	439	289	363	388	310
ENSG00000123728	RAP2C	2380	2065	2448	1655	2073	2053	1658
ENSG00000123737	EXOSC9	1192	1030	1219	911	1032	1123	873
ENSG00000123739	PLA2G12A	906	802	964	648	681	694	598
ENSG00000123810	B9D2	481	389	407	328	308	337	273
ENSG00000123815	COQ8B	2275	1943	2166	1624	1837	1866	1530
ENSG00000123836	PFKFB2	885	873	976	608	776	801	682
ENSG00000123838	C4BPA	332	277	290	211	210	236	199
ENSG00000123843	C4BPB	9	6	8	4	3	10	4
ENSG00000123892	RAB38	63	71	58	46	39	46	51
ENSG00000123901	GPR83	21	11	24	13	18	10	17
ENSG00000123908	AGO2	4149	3828	4371	2684	3214	3322	2951
ENSG00000123933	MXD4	1621	1511	1627	1254	1179	1187	985
ENSG00000123975	CKS2	4618	4100	3724	3273	3082	3593	3038
ENSG00000123977	DAW1	6	2	6	5	6	7	0
ENSG00000123983	ACSL3	9436	8056	9825	6594	7915	8316	6799
ENSG00000123989	CHPF	1261	859	1145	894	991	995	769
ENSG00000123992	DNPEP	1105	1102	888	936	891	1035	866
ENSG00000123999	INHA	34	28	44	37	28	36	25
ENSG00000124003	MOGAT1	1	0	1	0	0	0	0
ENSG00000124006	OBSL1	1905	1627	2129	1590	1544	1570	1263
ENSG00000124019	FAM124B	0	0	0	0	0	0	1
ENSG00000124067	SLC12A4	1390	1331	1434	1204	1198	1197	932
ENSG00000124074	ENKD1	235	240	313	218	230	224	207
ENSG00000124091	GCNT7	4	1	0	2	1	4	3
ENSG00000124092	CTCFL	6	5	5	1	5	3	0
ENSG00000124097	HMGB1P1	18	17	18	13	18	16	6
ENSG00000124098	FAM210B	919	782	911	651	796	753	629
ENSG00000124102	PI3	50	49	45	40	44	51	23
ENSG00000124103	FAM209A	3	1	5	0	4	3	1
ENSG00000124104	SNX21	199	225	217	137	197	182	154
ENSG00000124107	SLPI	859	784	952	650	728	749	609
ENSG00000124116	WFDC3	0	0	0	0	0	1	0
ENSG00000124120	TTPAL	1260	1096	1325	919	1019	981	867
ENSG00000124126	PREX1	1173	1116	1359	1000	1083	1044	856
ENSG00000124134	KCNS1	0	3	1	2	5	1	2
ENSG00000124140	SLC12A5	79	62	85	56	41	77	58
ENSG00000124143	ARHGAP40	0	2	1	0	0	2	0
ENSG00000124145	SDC4	2034	1867	2096	1555	1565	1726	1319
ENSG00000124151	NCOA3	10345	9004	10933	6955	8230	8475	7195
ENSG00000124155	PIGT	4411	3445	4166	3056	3399	3531	2883
ENSG00000124159	MATN4	1	6	7	5	6	0	6
ENSG00000124160	NCOA5	1713	1443	1728	1204	1375	1466	1187
ENSG00000124164	VAPB	1720	1523	1910	1290	1427	1578	1162
ENSG00000124171	PARD6B	555	455	466	418	403	396	318
ENSG00000124172	ATP5F1E	4370	3571	4233	2928	3254	3664	2816
ENSG00000124177	CHD6	2290	2038	2403	1502	1728	1740	1506
ENSG00000124181	PLCG1	2802	2465	2668	1900	2093	2247	1745
ENSG00000124191	TOX2	512	445	474	382	418	434	378
ENSG00000124193	SRSF6	7105	6040	6937	4862	5598	6119	4813
ENSG00000124194	GDAP1L1	3	4	0	0	0	0	0
ENSG00000124198	ARFGEF2	2602	2454	2883	1422	2449	2234	2172
ENSG00000124201	ZNFX1	3477	2910	3328	2163	2588	2667	2233
ENSG00000124203	ZNF831	1	0	0	0	0	0	0
ENSG00000124205	EDN3	16	14	13	9	9	17	15
ENSG00000124207	CSE1L	12067	10322	12293	8460	10216	10339	8358
ENSG00000124208	PEDS1-UBE2V1	136	195	212	44	153	125	62
ENSG00000124209	RAB22A	1757	1452	1790	1226	1397	1426	1194
ENSG00000124212	PTGIS	9	8	8	2	9	7	3
ENSG00000124214	STAU1	7569	6352	7990	5726	6037	6528	5275
ENSG00000124215	CDH26	18	11	17	10	20	26	16
ENSG00000124216	SNAI1	115	87	112	70	88	96	61
ENSG00000124217	MOCS3	865	757	843	592	736	717	625
ENSG00000124222	STX16	4570	3988	4640	3193	3446	3543	2945
ENSG00000124225	PMEPA1	17877	15446	20488	13738	14312	14664	11595
ENSG00000124226	RNF114	2461	2164	2436	1773	2077	2145	1691
ENSG00000124227	ANKRD60	4	5	5	5	3	3	0
ENSG00000124228	DDX27	3944	3333	4267	2843	3331	3448	2711
ENSG00000124233	SEMG1	1	0	0	1	0	0	0
ENSG00000124237	C20orf85	0	0	0	0	1	0	0
ENSG00000124243	BCAS4	511	473	580	395	451	432	348
ENSG00000124249	KCNK15	45	35	45	24	34	27	13
ENSG00000124251	TP53TG5	14	16	14	6	14	9	7
ENSG00000124253	PCK1	7	1	7	0	5	2	0
ENSG00000124256	ZBP1	0	0	3	5	1	0	3
ENSG00000124257	NEURL2	36	34	32	30	24	17	25
ENSG00000124260	MAGEA10	1	4	5	1	0	0	0
ENSG00000124275	MTRR	1861	1527	1630	1084	1412	1343	1103
ENSG00000124279	FASTKD3	503	433	464	327	422	445	364
ENSG00000124299	PEPD	4935	4316	5079	3680	4018	4200	3296
ENSG00000124313	IQSEC2	2169	1879	2211	1624	1754	1830	1421
ENSG00000124333	VAMP7	2198	1938	2133	1629	1842	1858	1452
ENSG00000124334	IL9R	11	12	13	8	6	9	6
ENSG00000124343	XG	1	1	0	0	0	1	0
ENSG00000124356	STAMBP	1259	1327	1326	973	1028	1196	1003
ENSG00000124357	NAGK	1613	1539	1550	1165	1296	1226	1006
ENSG00000124370	MCEE	284	261	240	196	226	219	179
ENSG00000124374	PAIP2B	165	140	129	131	119	106	99
ENSG00000124380	SNRNP27	988	845	1044	694	777	909	752
ENSG00000124383	MPHOSPH10	2277	1982	2436	1786	1990	2092	1624
ENSG00000124391	IL17C	0	1	0	2	0	0	0
ENSG00000124406	ATP8A1	45	28	44	29	39	35	25
ENSG00000124422	USP22	17907	15633	18622	12601	14822	15281	12131
ENSG00000124429	POF1B	1834	1574	1858	1161	1462	1538	1226
ENSG00000124440	HIF3A	2	5	2	2	2	0	0
ENSG00000124444	ZNF576	835	686	807	653	659	655	549
ENSG00000124449	IRGC	0	0	1	0	0	1	0
ENSG00000124459	ZNF45	726	671	787	546	613	615	493
ENSG00000124466	LYPD3	19	14	18	12	14	17	10
ENSG00000124469	CEACAM8	17	7	10	8	8	11	6
ENSG00000124479	NDP	0	0	1	0	1	0	0
ENSG00000124486	USP9X	12082	10890	13344	8147	9759	9756	8495
ENSG00000124491	F13A1	0	0	0	0	0	2	0
ENSG00000124493	GRM4	0	1	4	1	0	0	2
ENSG00000124496	TRERF1	1151	1008	1126	791	899	944	754
ENSG00000124507	PACSIN1	75	54	79	52	57	78	49
ENSG00000124508	BTN2A2	401	394	462	284	321	319	263
ENSG00000124523	SIRT5	600	473	591	427	482	490	392
ENSG00000124532	MRS2	1342	1146	1376	913	1047	1166	893
ENSG00000124535	WRNIP1	1852	1661	1717	1332	1427	1440	1217
ENSG00000124541	RRP36	1782	1563	1772	1281	1481	1567	1199
ENSG00000124557	BTN1A1	0	2	0	0	1	1	0
ENSG00000124562	SNRPC	3212	2695	2854	2335	2526	2646	2131
ENSG00000124564	SLC17A3	93	65	77	66	84	63	37
ENSG00000124568	SLC17A1	21	14	21	7	15	8	7
ENSG00000124570	SERPINB6	3258	2803	3555	2489	2697	2841	2143
ENSG00000124571	XPO5	2779	2298	2813	1840	2206	2327	1821
ENSG00000124574	ABCC10	731	570	631	428	509	541	389
ENSG00000124575	H1-3	22	13	18	13	11	8	11
ENSG00000124587	PEX6	1380	1210	1364	977	1045	1075	862
ENSG00000124588	NQO2	1583	1464	1567	1184	1345	1331	1127
ENSG00000124596	OARD1	890	791	917	669	733	783	600
ENSG00000124602	UNC5CL	263	250	268	176	168	149	128
ENSG00000124608	AARS2	1067	877	1036	752	834	811	701
ENSG00000124613	ZNF391	21	19	26	13	10	14	14
ENSG00000124614	RPS10	13563	11592	14379	10284	10792	11889	9066
ENSG00000124615	MOCS1	53	44	44	64	44	51	36
ENSG00000124635	H2BC11	95	69	81	79	75	70	67
ENSG00000124641	MED20	821	716	802	614	603	641	550
ENSG00000124657	OR2B6	7	5	4	3	6	7	3
ENSG00000124659	TBCC	585	548	569	424	506	527	364
ENSG00000124664	SPDEF	2095	1755	1816	1508	1503	1538	1293
ENSG00000124678	TCP11	1	0	0	0	1	0	0
ENSG00000124688	MAD2L1BP	715	596	596	446	548	592	404
ENSG00000124701	APOBEC2	4	5	3	4	3	5	1
ENSG00000124702	KLHDC3	1751	1600	1560	1312	1328	1391	1094
ENSG00000124713	GNMT	5	6	10	9	10	7	2
ENSG00000124721	DNAH8	1	0	0	0	0	0	0
ENSG00000124731	TREM1	0	0	1	0	0	0	0
ENSG00000124733	MEA1	1744	1554	1802	1396	1518	1450	1199
ENSG00000124743	KLHL31	70	49	75	35	23	45	34
ENSG00000124749	COL21A1	180	176	221	157	142	131	136
ENSG00000124762	CDKN1A	3610	3219	3601	2629	2910	2917	2370
ENSG00000124766	SOX4	6048	5245	6036	4551	4515	4602	3736
ENSG00000124767	GLO1	4752	4137	4863	3562	3756	4103	3306
ENSG00000124772	CPNE5	5	2	3	1	0	6	1
ENSG00000124782	RREB1	1639	1477	1809	1145	1330	1343	1129
ENSG00000124783	SSR1	5773	4954	6303	4205	4811	5018	4042
ENSG00000124784	RIOK1	791	650	768	539	643	623	488
ENSG00000124785	NRN1	62	34	40	36	45	30	23
ENSG00000124786	SLC35B3	613	554	509	463	442	540	407
ENSG00000124787	RPP40	475	343	364	342	324	365	251
ENSG00000124788	ATXN1	826	694	787	530	635	611	520
ENSG00000124789	NUP153	4069	3652	4040	2741	3432	3335	2914
ENSG00000124795	DEK	9901	8287	10453	7207	7964	8441	6857
ENSG00000124802	EEF1E1	1442	1225	1265	975	1070	1249	912
ENSG00000124813	RUNX2	1	15	16	16	10	9	10
ENSG00000124827	GCM2	1	3	0	0	0	1	1
ENSG00000124831	LRRFIP1	6049	5295	6064	4356	4811	5011	4008
ENSG00000124839	RAB17	6	7	2	2	1	0	0
ENSG00000124875	CXCL6	31	15	25	20	14	22	12
ENSG00000124882	EREG	2801	2527	2854	1852	2611	2464	1974
ENSG00000124920	MYRF	8420	6979	8067	5582	6403	6399	5392
ENSG00000124939	SCGB2A1	0	0	1	0	1	0	0
ENSG00000124942	AHNAK	19025	17736	22141	11977	14747	14317	12075
ENSG00000125037	EMC3	2540	2258	2418	1862	2092	2178	1756
ENSG00000125046	SSUH2	24	17	14	14	7	17	10
ENSG00000125084	WNT1	6	0	12	2	2	3	0
ENSG00000125089	SH3TC1	370	423	444	407	314	327	210
ENSG00000125107	CNOT1	11813	10509	12368	7921	9651	9823	8016
ENSG00000125124	BBS2	843	820	909	655	721	790	714
ENSG00000125148	MT2A	4191	3353	4544	3366	3138	3439	2773
ENSG00000125149	PHAF1	1159	1072	1169	832	980	989	821
ENSG00000125166	GOT2	10279	8792	10368	7686	8092	8868	6952
ENSG00000125170	DOK4	6563	5732	6832	4813	5026	5256	4252
ENSG00000125207	PIWIL1	0	0	0	1	0	2	0
ENSG00000125245	GPR18	0	0	0	0	0	1	0
ENSG00000125246	CLYBL	121	108	123	87	110	127	94
ENSG00000125247	TMTC4	851	694	914	609	696	760	591
ENSG00000125249	RAP2A	818	680	911	560	631	676	553
ENSG00000125255	SLC10A2	0	0	0	1	0	0	0
ENSG00000125257	ABCC4	3880	3337	3991	2760	3206	3327	2714
ENSG00000125266	EFNB2	47	61	99	66	99	58	73
ENSG00000125285	SOX21	198	193	196	138	191	165	138
ENSG00000125304	TM9SF2	6627	5772	6790	4902	5233	5631	4466
ENSG00000125319	HROB	582	516	579	411	495	482	419
ENSG00000125337	KIF25	14	0	12	7	10	8	5
ENSG00000125347	IRF1	1124	966	1050	757	865	941	692
ENSG00000125351	UPF3B	1625	1320	1635	1228	1268	1410	1120
ENSG00000125352	RNF113A	664	563	717	489	556	595	500
ENSG00000125354	SEPTIN6	744	698	826	580	596	600	490
ENSG00000125355	TMEM255A	4	5	5	2	2	5	1
ENSG00000125356	NDUFA1	2560	2388	3021	1953	2180	2329	1770
ENSG00000125375	DMAC2L	419	367	408	303	319	397	294
ENSG00000125378	BMP4	1815	1534	1605	1327	1358	1373	1147
ENSG00000125384	PTGER2	56	49	53	61	43	51	55
ENSG00000125386	FAM193A	1222	962	1148	751	938	955	735
ENSG00000125388	GRK4	65	56	81	52	49	57	38
ENSG00000125398	SOX9	3156	2543	3253	2271	2570	2651	2099
ENSG00000125409	TEKT3	0	4	4	4	0	1	1
ENSG00000125414	MYH2	1	0	0	0	0	0	0
ENSG00000125430	HS3ST3B1	276	232	207	169	182	182	185
ENSG00000125434	SLC25A35	1124	923	1022	752	834	797	693
ENSG00000125445	MRPS7	4245	3885	4347	3252	3557	3710	2828
ENSG00000125447	GGA3	1740	1545	1788	1268	1216	1338	1264
ENSG00000125449	ARMC7	1065	885	983	796	870	885	670
ENSG00000125450	NUP85	3437	3031	3514	2556	2881	3020	2250
ENSG00000125454	SLC25A19	611	539	610	452	504	562	408
ENSG00000125457	MIF4GD	1307	1115	1338	920	1045	1094	819
ENSG00000125458	NT5C	1534	1503	1612	1233	1274	1395	1035
ENSG00000125459	MSTO1	1883	1550	1720	1306	1406	1385	1069
ENSG00000125482	TTF1	1203	1049	1225	937	980	997	772
ENSG00000125484	GTF3C4	3474	2966	3602	2249	2797	2940	2448
ENSG00000125485	DDX31	1132	1064	1150	859	967	1055	857
ENSG00000125492	BARHL1	1	2	1	2	1	1	0
ENSG00000125503	PPP1R12C	3806	3450	4000	2949	3081	3121	2352
ENSG00000125505	MBOAT7	5616	4721	5770	4105	4443	4527	3558
ENSG00000125508	SRMS	2	11	4	8	7	3	3
ENSG00000125510	OPRL1	74	72	86	73	65	74	54
ENSG00000125520	SLC2A4RG	3013	2480	3607	2351	2721	2694	1839
ENSG00000125531	FNDC11	6	5	4	6	5	2	2
ENSG00000125534	PPDPF	3849	2931	3697	2972	3112	3414	2542
ENSG00000125538	IL1B	36	31	24	23	21	23	20
ENSG00000125551	PLGLB2	9	11	6	8	10	2	3
ENSG00000125571	IL37	0	2	1	1	1	1	0
ENSG00000125611	CHCHD5	725	666	722	567	554	568	464
ENSG00000125618	PAX8	67	63	75	67	57	56	54
ENSG00000125629	INSIG2	640	539	631	488	540	573	424
ENSG00000125630	POLR1B	1812	1504	1732	1217	1487	1605	1266
ENSG00000125633	CCDC93	1317	1224	1375	891	1071	1096	866
ENSG00000125637	PSD4	551	435	513	370	366	403	295
ENSG00000125648	SLC25A23	2353	1875	2403	1995	1922	1969	1521
ENSG00000125650	PSPN	141	97	120	102	94	120	92
ENSG00000125651	GTF2F1	4460	3774	4354	3208	3724	3731	3027
ENSG00000125652	ALKBH7	944	746	927	664	675	699	540
ENSG00000125656	CLPP	2037	1736	1946	1439	1638	1580	1211
ENSG00000125657	TNFSF9	843	723	927	740	719	765	637
ENSG00000125675	GRIA3	0	0	3	2	1	0	1
ENSG00000125676	THOC2	6009	5033	6158	4371	4664	4938	3779
ENSG00000125686	MED1	4356	3705	4240	2859	3449	3267	3016
ENSG00000125691	RPL23	21053	18653	17029	15424	15867	17270	14932
ENSG00000125703	ATG4C	517	450	541	420	399	513	374
ENSG00000125726	CD70	628	548	585	506	478	441	366
ENSG00000125730	C3	9455	7944	8771	6161	6432	6681	5518
ENSG00000125731	SH2D3A	737	620	734	501	498	577	430
ENSG00000125733	TRIP10	2782	2638	2868	2226	2045	2202	1753
ENSG00000125734	GPR108	1853	1740	1729	1360	1312	1458	1139
ENSG00000125735	TNFSF14	138	94	103	90	72	85	59
ENSG00000125740	FOSB	375	262	337	258	234	242	150
ENSG00000125741	OPA3	2746	2314	2618	1995	2188	2166	1784
ENSG00000125743	SNRPD2	8201	7144	7469	6018	6185	6870	5625
ENSG00000125744	RTN2	274	272	327	252	224	248	191
ENSG00000125746	EML2	1013	885	872	728	681	689	584
ENSG00000125753	VASP	5525	4772	5821	4034	4500	4583	3639
ENSG00000125755	SYMPK	7646	6820	7518	5967	6245	6189	4980
ENSG00000125772	GPCPD1	2537	2357	2851	1834	1976	2171	1724
ENSG00000125775	SDCBP2	19	7	12	12	13	10	6
ENSG00000125779	PANK2	1869	1662	1764	1340	1298	1408	1155
ENSG00000125780	TGM3	20	21	32	16	19	20	22
ENSG00000125787	GNRH2	6	9	3	4	0	1	2
ENSG00000125798	FOXA2	2704	2250	2901	2081	2315	2434	1902
ENSG00000125812	GZF1	1339	1111	1363	896	1052	1083	952
ENSG00000125814	NAPB	489	392	513	345	387	441	323
ENSG00000125816	NKX2-4	1	1	0	0	2	0	0
ENSG00000125817	CENPB	10107	8994	10393	7784	8442	8668	6794
ENSG00000125818	PSMF1	7023	5818	6481	5036	5404	5613	4568
ENSG00000125820	NKX2-2	0	0	0	0	0	1	0
ENSG00000125821	DTD1	1328	1291	1508	1197	1054	1090	881
ENSG00000125826	RBCK1	3674	3326	4086	2982	3280	3470	2613
ENSG00000125827	TMX4	2431	2227	2405	1798	2201	2093	1761
ENSG00000125834	STK35	2243	2028	2313	1620	1823	1940	1527
ENSG00000125835	SNRPB	21062	18555	19525	15187	16631	16971	13624
ENSG00000125841	NRSN2	3447	2957	3378	2699	2640	2875	2257
ENSG00000125843	AP5S1	1370	1208	1422	979	1214	1197	986
ENSG00000125844	RRBP1	13905	12449	13854	10012	11020	11047	8928
ENSG00000125845	BMP2	60	70	76	57	62	64	54
ENSG00000125846	ZNF133	518	489	546	411	406	377	325
ENSG00000125848	FLRT3	2209	1979	2264	1625	1738	1879	1520
ENSG00000125850	OVOL2	22	15	17	15	13	17	19
ENSG00000125851	PCSK2	0	0	0	0	0	1	0
ENSG00000125863	MKKS	2016	1653	1850	1381	1686	1838	1427
ENSG00000125864	BFSP1	355	314	347	294	303	299	218
ENSG00000125868	DSTN	22667	19253	23933	17253	18497	19868	15256
ENSG00000125869	LAMP5	3	5	3	3	1	1	3
ENSG00000125870	SNRPB2	3978	3314	3758	2957	3185	3483	2546
ENSG00000125871	MGME1	2233	1978	2163	1526	1867	1969	1562
ENSG00000125872	LRRN4	2	2	9	0	2	0	4
ENSG00000125875	TBC1D20	2434	2093	2023	1774	1725	1853	1494
ENSG00000125877	ITPA	2390	2149	2500	1800	2061	2076	1595
ENSG00000125878	TCF15	1	0	0	0	0	0	1
ENSG00000125885	MCM8	4434	3651	4693	3146	3527	3709	3013
ENSG00000125895	TMEM74B	168	148	173	141	120	105	90
ENSG00000125898	FAM110A	466	402	440	378	361	341	304
ENSG00000125901	MRPS26	3247	2837	3321	2476	2694	2785	2114
ENSG00000125910	S1PR4	17	8	24	20	9	14	7
ENSG00000125912	NCLN	5377	4646	5363	3911	4382	4382	3480
ENSG00000125931	CITED1	9	11	13	9	7	5	4
ENSG00000125944	HNRNPR	11173	9993	11756	8074	9672	9976	8060
ENSG00000125945	ZNF436	474	405	501	301	345	380	316
ENSG00000125952	MAX	2051	1765	1965	1454	1608	1682	1398
ENSG00000125954	CHURC1-FNTB	2	22	23	0	23	21	3
ENSG00000125962	ARMCX5	582	503	566	419	452	522	414
ENSG00000125966	MMP24	2967	2634	3066	2294	2289	2380	1884
ENSG00000125967	NECAB3	513	410	492	444	387	387	316
ENSG00000125968	ID1	18901	16091	17227	13198	14340	14603	11802
ENSG00000125970	RALY	7054	6109	6983	5358	5763	6120	4847
ENSG00000125971	DYNLRB1	3541	2948	2819	2458	2641	2710	2302
ENSG00000125975	C20orf173	0	0	0	0	0	0	1
ENSG00000125977	EIF2S2	8928	7650	9161	6937	7851	8204	6354
ENSG00000125991	ERGIC3	6977	6229	6767	5428	5494	5816	4524
ENSG00000125995	ROMO1	1675	1352	1722	1221	1277	1363	1081
ENSG00000125998	FAM83C	0	0	0	0	0	1	1
ENSG00000125999	BPIFB1	113	70	99	70	69	79	53
ENSG00000126001	CEP250	2339	2052	2579	1821	1925	1888	1568
ENSG00000126003	PLAGL2	1279	1101	1280	822	995	1034	867
ENSG00000126005	MMP24OS	1498	1223	1591	1158	1236	1326	1020
ENSG00000126010	GRPR	2	1	1	0	1	2	1
ENSG00000126012	KDM5C	7068	6304	7334	4992	5807	5668	4580
ENSG00000126016	AMOT	8	6	16	6	5	13	8
ENSG00000126062	TMEM115	1892	1688	2071	1444	1612	1605	1326
ENSG00000126067	PSMB2	5110	4348	5102	3901	4111	4238	3498
ENSG00000126070	AGO3	797	703	804	569	576	596	513
ENSG00000126088	UROD	1135	956	1158	785	877	852	682
ENSG00000126091	ST3GAL3	143	173	190	168	146	139	96
ENSG00000126106	TMEM53	434	382	362	330	340	352	277
ENSG00000126107	HECTD3	1580	1332	1700	1177	1314	1266	1050
ENSG00000126214	KLC1	3667	3351	3633	2428	2824	2947	2513
ENSG00000126215	XRCC3	1881	1700	2107	1392	1538	1592	1302
ENSG00000126216	TUBGCP3	1533	1290	1509	979	1242	1235	1008
ENSG00000126217	MCF2L	201	195	216	134	193	191	146
ENSG00000126218	F10	1	3	5	5	2	2	5
ENSG00000126226	PCID2	1076	933	1075	740	921	926	733
ENSG00000126231	PROZ	9	7	12	6	8	12	9
ENSG00000126243	LRFN3	1653	1371	1848	1348	1416	1409	1157
ENSG00000126246	IGFLR1	292	199	319	206	212	256	157
ENSG00000126247	CAPNS1	22585	18839	21021	17353	18260	18354	14344
ENSG00000126249	PDCD2L	958	813	971	696	852	865	682
ENSG00000126251	GPR42	1	0	0	0	0	0	0
ENSG00000126254	RBM42	9981	8719	9807	7614	7947	8087	6416
ENSG00000126259	KIRREL2	89	80	81	67	42	56	36
ENSG00000126261	UBA2	11198	9674	11360	8117	9480	9716	8062
ENSG00000126262	FFAR2	9	18	17	7	14	12	7
ENSG00000126264	HCST	1	3	2	0	2	2	0
ENSG00000126266	FFAR1	1	2	1	0	0	0	0
ENSG00000126267	COX6B1	9134	7928	9155	6939	7147	8160	6426
ENSG00000126337	KRT36	1	1	0	0	0	2	0
ENSG00000126351	THRA	4853	4386	4555	3517	3616	3556	3031
ENSG00000126353	CCR7	128	100	101	80	65	95	69
ENSG00000126368	NR1D1	520	411	540	374	416	464	322
ENSG00000126391	FRMD8	1739	1554	1874	1254	1394	1535	1217
ENSG00000126432	PRDX5	7480	6846	7365	5857	5954	6045	4793
ENSG00000126453	BCL2L12	1674	1471	1832	1322	1383	1467	1139
ENSG00000126456	IRF3	3273	2987	3229	2426	2552	2688	2054
ENSG00000126457	PRMT1	12383	10754	10503	8867	9257	9643	7944
ENSG00000126458	RRAS	2576	2203	2454	1938	2020	1888	1559
ENSG00000126460	PRRG2	37	33	40	31	25	28	20
ENSG00000126461	SCAF1	9218	7997	9604	7046	7754	7617	6052
ENSG00000126464	PRR12	4980	4490	5185	3708	4001	4216	3319
ENSG00000126467	TSKS	2	0	0	0	0	0	1
ENSG00000126500	FLRT1	46	56	53	33	51	39	41
ENSG00000126522	ASL	1029	847	954	786	726	828	617
ENSG00000126524	SBDS	2039	1765	2092	1600	1644	2004	1495
ENSG00000126561	STAT5A	451	394	443	308	373	377	265
ENSG00000126562	WNK4	220	171	212	168	184	198	115
ENSG00000126581	BECN1	3247	2870	3207	2296	2573	2647	2128
ENSG00000126583	PRKCG	126	101	177	62	83	100	131
ENSG00000126602	TRAP1	8073	6865	8163	5954	6506	6808	5426
ENSG00000126603	GLIS2	2484	2224	2670	1894	2094	2146	1691
ENSG00000126653	NSRP1	2918	2382	2752	2141	2388	2548	1919
ENSG00000126698	DNAJC8	3649	2953	3364	2641	2761	2912	2458
ENSG00000126705	AHDC1	1015	905	1084	762	773	842	616
ENSG00000126709	IFI6	713	632	740	569	513	585	439
ENSG00000126733	DACH2	0	2	1	0	3	1	2
ENSG00000126746	ZNF384	2474	2295	1979	1652	1887	2004	1719
ENSG00000126749	EMG1	1350	1165	1334	991	1180	1236	933
ENSG00000126752	SSX1	0	0	1	0	0	1	0
ENSG00000126756	UXT	1403	1338	1581	1112	1245	1396	1030
ENSG00000126759	CFP	0	0	0	3	4	6	0
ENSG00000126767	ELK1	1925	1588	1879	1384	1576	1552	1320
ENSG00000126768	TIMM17B	2255	2059	2224	1689	1798	1936	1447
ENSG00000126773	PCNX4	1858	1621	1859	1219	1539	1568	1225
ENSG00000126775	ATG14	854	747	833	554	689	737	566
ENSG00000126777	KTN1	12317	10590	13290	8830	10411	10491	8464
ENSG00000126778	SIX1	472	376	477	390	403	391	310
ENSG00000126787	DLGAP5	4012	3522	4189	2852	3112	3128	2619
ENSG00000126790	L3HYPDH	1039	959	1088	691	886	892	700
ENSG00000126803	HSPA2	3336	2792	3242	2396	2533	2580	2044
ENSG00000126804	ZBTB1	1600	1366	1609	1111	1274	1378	1072
ENSG00000126814	TRMT5	1200	1069	1191	846	977	1007	834
ENSG00000126821	SGPP1	1692	1459	1822	1184	1400	1410	1036
ENSG00000126822	PLEKHG3	2188	1883	2137	1568	1633	1658	1289
ENSG00000126856	PRDM7	4	3	0	0	0	0	0
ENSG00000126858	RHOT1	2242	1882	2291	1527	1815	1816	1554
ENSG00000126860	EVI2A	3	1	1	0	2	3	0
ENSG00000126870	DYNC2I1	1366	1145	1461	1039	1084	1127	909
ENSG00000126878	AIF1L	115	68	104	68	73	70	68
ENSG00000126882	FAM78A	45	46	38	35	33	35	31
ENSG00000126883	NUP214	3421	3087	3183	2396	2657	2539	2484
ENSG00000126895	AVPR2	0	1	0	0	0	0	0
ENSG00000126903	SLC10A3	1049	949	1118	823	921	906	736
ENSG00000126934	MAP2K2	5739	4815	6257	4404	4795	4968	3498
ENSG00000126945	HNRNPH2	4772	4338	5052	3478	4003	4380	3386
ENSG00000126947	ARMCX1	7	6	11	12	8	3	6
ENSG00000126950	TMEM35A	1	0	1	1	0	0	0
ENSG00000126953	TIMM8A	622	577	577	422	453	508	455
ENSG00000126970	ZC4H2	194	133	158	150	129	109	124
ENSG00000127022	CANX	41437	36364	44014	30086	34381	36074	29727
ENSG00000127054	INTS11	2059	1906	1969	1524	1699	1744	1328
ENSG00000127074	RGS13	1	0	0	0	0	0	0
ENSG00000127080	IPPK	745	691	729	409	594	574	471
ENSG00000127081	ZNF484	208	192	268	144	159	194	155
ENSG00000127083	OMD	0	2	1	0	1	0	2
ENSG00000127084	FGD3	28	25	27	20	22	24	17
ENSG00000127124	HIVEP3	89	74	98	67	65	47	55
ENSG00000127125	PPCS	1230	1029	1177	900	946	1024	887
ENSG00000127129	EDN2	26	27	21	23	20	20	21
ENSG00000127152	BCL11B	334	297	359	268	278	268	200
ENSG00000127184	COX7C	5288	4662	5102	3749	4045	4231	3405
ENSG00000127191	TRAF2	2031	1824	2208	1530	1741	1721	1430
ENSG00000127220	ABHD8	577	503	595	428	403	457	368
ENSG00000127241	MASP1	3	0	3	3	2	0	4
ENSG00000127249	ATP13A4	2	6	6	1	5	5	3
ENSG00000127252	PLAAT1	0	0	4	0	2	1	2
ENSG00000127311	HELB	140	80	152	85	118	114	97
ENSG00000127314	RAP1B	6533	5581	6606	4672	5174	5693	4470
ENSG00000127318	IL22	0	1	0	0	0	0	0
ENSG00000127324	TSPAN8	210	184	182	123	159	180	130
ENSG00000127325	BEST3	14	19	17	11	10	6	7
ENSG00000127328	RAB3IP	979	894	946	689	820	829	686
ENSG00000127329	PTPRB	105	95	136	87	78	76	64
ENSG00000127334	DYRK2	1255	1197	1409	888	1083	1060	891
ENSG00000127337	YEATS4	1193	1062	1298	966	985	1105	833
ENSG00000127362	TAS2R3	1	0	1	0	0	0	0
ENSG00000127364	TAS2R4	50	41	63	25	40	48	42
ENSG00000127366	TAS2R5	21	18	15	12	27	28	12
ENSG00000127377	CRYGN	1	0	1	0	0	1	0
ENSG00000127399	LRRC61	2	0	1	0	3	1	0
ENSG00000127412	TRPV5	0	1	1	0	0	0	0
ENSG00000127415	IDUA	559	515	568	415	520	540	354
ENSG00000127418	FGFRL1	2089	1743	2061	1478	1571	1715	1297
ENSG00000127419	TMEM175	468	399	467	371	384	413	268
ENSG00000127423	AUNIP	303	251	262	227	247	260	196
ENSG00000127445	PIN1	2522	2357	2203	1849	1929	1897	1560
ENSG00000127452	FBXL12	551	490	467	413	405	438	320
ENSG00000127463	EMC1	3009	2547	3084	2182	2522	2675	1952
ENSG00000127481	UBR4	8413	7668	8935	5617	6559	6239	5409
ENSG00000127483	HP1BP3	9871	8489	10021	6772	7585	7969	6593
ENSG00000127507	ADGRE2	30	40	53	39	42	34	21
ENSG00000127511	SIN3B	1677	1481	1761	1161	1254	1337	1065
ENSG00000127526	SLC35E1	1775	1485	1823	1305	1459	1462	1132
ENSG00000127527	EPS15L1	793	783	929	673	753	694	602
ENSG00000127528	KLF2	653	524	691	492	464	487	386
ENSG00000127530	OR7C1	0	6	6	3	1	6	3
ENSG00000127533	F2RL3	2	3	0	1	2	0	1
ENSG00000127540	UQCR11	2780	2303	2804	2018	2330	2468	1889
ENSG00000127554	GFER	1217	1181	1353	929	1034	1038	805
ENSG00000127561	SYNGR3	448	376	483	376	285	340	259
ENSG00000127564	PKMYT1	2255	1836	2254	1661	2030	1950	1387
ENSG00000127578	WFIKKN1	0	0	0	0	0	3	0
ENSG00000127580	WDR24	874	721	855	629	662	659	501
ENSG00000127585	FBXL16	133	110	171	131	103	109	96
ENSG00000127586	CHTF18	879	860	992	819	809	889	547
ENSG00000127588	GNG13	23	16	12	16	15	20	13
ENSG00000127603	MACF1	4535	4524	5580	2840	3955	3827	3509
ENSG00000127616	SMARCA4	567	438	616	378	463	459	340
ENSG00000127663	KDM4B	992	878	1164	780	756	809	667
ENSG00000127666	TICAM1	471	397	405	351	348	327	294
ENSG00000127720	METTL25	120	110	135	116	109	110	90
ENSG00000127743	IL17B	0	0	1	0	0	0	0
ENSG00000127774	EMC6	2606	2215	2137	1907	2064	2110	1695
ENSG00000127804	METTL16	3539	3104	3682	2619	2989	3207	2304
ENSG00000127824	TUBA4A	6929	5764	6816	5281	5365	5421	4354
ENSG00000127831	VIL1	343	358	342	297	265	289	215
ENSG00000127837	AAMP	3606	3130	3688	2774	2941	2980	2405
ENSG00000127838	PNKD	2406	2099	2285	1606	1798	1849	1540
ENSG00000127863	TNFRSF19	252	231	290	174	195	204	151
ENSG00000127870	RNF6	1978	1769	1859	1280	1584	1747	1466
ENSG00000127884	ECHS1	5936	5061	5808	4313	4515	4590	3635
ENSG00000127903	ZNF835	2	2	1	2	2	0	0
ENSG00000127914	AKAP9	2761	2530	3028	1729	2054	2147	1412
ENSG00000127920	GNG11	2245	1973	2385	1719	1879	1960	1551
ENSG00000127922	SEM1	2727	2454	2955	2159	2147	2502	2019
ENSG00000127928	GNGT1	5	2	1	2	1	0	1
ENSG00000127946	HIP1	5663	4744	6095	3827	4273	4393	3768
ENSG00000127947	PTPN12	5442	4548	5482	3864	4205	4595	3802
ENSG00000127948	POR	8663	7427	7909	6178	6737	6897	5792
ENSG00000127951	FGL2	1	0	1	2	2	2	1
ENSG00000127952	STYXL1	742	611	650	515	530	608	442
ENSG00000127954	STEAP4	51	40	43	32	34	39	19
ENSG00000127955	GNAI1	1233	1177	1028	921	1017	1022	688
ENSG00000127980	PEX1	1116	1025	1144	728	891	945	790
ENSG00000127989	MTERF1	597	507	598	447	431	533	424
ENSG00000127990	SGCE	2531	2100	2222	1769	1766	1796	1611
ENSG00000127993	RBM48	473	368	432	311	322	351	326
ENSG00000127995	CASD1	1029	929	1074	750	863	917	724
ENSG00000128000	ZNF780B	824	766	855	502	623	640	565
ENSG00000128011	LRFN1	1014	787	1066	714	730	732	572
ENSG00000128016	ZFP36	2683	2188	2555	2026	1969	2118	1623
ENSG00000128039	SRD5A3	578	452	491	398	430	402	381
ENSG00000128050	PAICS	10622	9340	10930	8042	8778	9308	7407
ENSG00000128059	PPAT	1543	1444	1605	1134	1313	1425	1122
ENSG00000128159	TUBGCP6	1018	706	1065	693	746	771	605
ENSG00000128165	ADM2	43	43	50	44	56	49	31
ENSG00000128185	DGCR6L	996	848	942	716	798	780	631
ENSG00000128191	DGCR8	1403	1186	1499	939	1157	1126	993
ENSG00000128203	ASPHD2	81	99	118	104	79	96	68
ENSG00000128218	VPREB3	3	3	5	6	3	4	4
ENSG00000128228	SDF2L1	1700	1666	1793	1375	1370	1338	1165
ENSG00000128242	GAL3ST1	1603	1291	1669	1295	1161	1201	924
ENSG00000128245	YWHAH	5165	4490	5342	3864	4197	4321	3471
ENSG00000128250	RFPL1	0	0	1	0	0	0	2
ENSG00000128253	RFPL2	23	8	12	7	3	14	13
ENSG00000128266	GNAZ	167	140	225	140	143	166	117
ENSG00000128268	MGAT3	53	45	52	47	32	28	21
ENSG00000128271	ADORA2A	47	53	53	48	35	21	40
ENSG00000128272	ATF4	9753	8451	9703	7126	8907	9647	7578
ENSG00000128274	A4GALT	910	872	941	726	748	785	563
ENSG00000128276	RFPL3	1	0	0	0	0	0	0
ENSG00000128283	CDC42EP1	2076	1663	2014	1488	1688	1612	1352
ENSG00000128284	APOL3	5	4	6	6	0	0	6
ENSG00000128294	TPST2	465	488	511	358	388	370	337
ENSG00000128298	BAIAP2L2	908	760	851	614	682	697	570
ENSG00000128309	MPST	3382	2773	3368	2454	2663	2859	2185
ENSG00000128310	GALR3	0	3	2	0	1	1	3
ENSG00000128311	TST	2670	2429	2675	1952	2028	2263	1709
ENSG00000128313	APOL5	0	0	1	0	0	0	0
ENSG00000128322	IGLL1	0	0	0	0	1	0	1
ENSG00000128335	APOL2	1186	989	1315	979	1009	967	792
ENSG00000128340	RAC2	10	0	1	2	1	4	6
ENSG00000128342	LIF	3478	3099	3265	2468	2755	2847	2328
ENSG00000128346	C22orf23	46	38	48	22	46	17	21
ENSG00000128383	APOBEC3A	27	29	23	18	14	23	10
ENSG00000128394	APOBEC3F	346	252	326	271	220	295	212
ENSG00000128408	RIBC2	207	164	193	147	179	173	130
ENSG00000128422	KRT17	3	1	5	8	5	2	6
ENSG00000128463	EMC4	4516	4066	4469	3398	3662	3885	3166
ENSG00000128482	RNF112	39	20	42	16	21	26	18
ENSG00000128487	SPECC1	3615	3148	3393	2653	2969	3032	2465
ENSG00000128510	CPA4	49	42	66	34	42	36	43
ENSG00000128512	DOCK4	807	645	896	503	689	630	534
ENSG00000128513	POT1	841	613	930	652	770	672	613
ENSG00000128524	ATP6V1F	3061	2761	2567	2377	2335	2425	2103
ENSG00000128534	LSM8	1904	1664	2016	1389	1542	1668	1286
ENSG00000128536	CDHR3	24	32	31	12	30	15	14
ENSG00000128563	PRKRIP1	1172	1009	1132	915	960	959	805
ENSG00000128564	VGF	53	55	66	52	68	61	52
ENSG00000128567	PODXL	1171	1165	1294	911	946	870	783
ENSG00000128573	FOXP2	0	7	5	2	2	0	1
ENSG00000128578	STRIP2	656	615	718	495	573	568	440
ENSG00000128581	IFT22	471	405	543	413	373	424	326
ENSG00000128585	MKLN1	2680	2486	3161	1787	2313	2281	2048
ENSG00000128590	DNAJB9	857	726	756	614	614	657	518
ENSG00000128591	FLNC	33	18	36	16	31	30	23
ENSG00000128594	LRRC4	1	1	1	0	0	1	0
ENSG00000128595	CALU	11697	10268	11409	8358	9369	9814	8283
ENSG00000128596	CCDC136	122	108	161	75	106	103	77
ENSG00000128602	SMO	1608	1419	1692	1140	1326	1298	1051
ENSG00000128604	IRF5	401	296	402	291	328	334	278
ENSG00000128606	LRRC17	8	4	13	8	4	6	3
ENSG00000128607	KLHDC10	2075	1833	2178	1501	1722	1660	1436
ENSG00000128609	NDUFA5	1896	1746	2019	1480	1506	1677	1298
ENSG00000128617	OPN1SW	1	0	0	0	0	1	0
ENSG00000128626	MRPS12	5426	4815	5047	4042	4423	4584	3555
ENSG00000128641	MYO1B	8531	7316	8949	5820	6698	7054	5814
ENSG00000128645	HOXD1	8	6	8	7	7	7	1
ENSG00000128652	HOXD3	3	4	4	1	6	4	2
ENSG00000128654	MTX2	1150	985	1223	833	922	961	745
ENSG00000128655	PDE11A	70	64	82	44	66	65	52
ENSG00000128656	CHN1	750	601	712	535	592	653	534
ENSG00000128683	GAD1	5	1	2	7	1	10	3
ENSG00000128694	OSGEPL1	363	331	329	248	333	318	259
ENSG00000128699	ORMDL1	1448	1190	1191	1007	1062	1110	874
ENSG00000128708	HAT1	2647	2268	2573	1837	2110	2356	1734
ENSG00000128709	HOXD9	39	35	37	27	26	35	23
ENSG00000128710	HOXD10	62	42	63	29	38	41	13
ENSG00000128713	HOXD11	1	2	3	1	6	0	0
ENSG00000128714	HOXD13	4	5	2	1	5	0	5
ENSG00000128731	HERC2	5784	5388	6144	3214	4405	4066	3843
ENSG00000128739	SNRPN	3815	3318	3789	2918	3038	3138	2379
ENSG00000128789	PSMG2	1429	1069	1328	1022	1009	1175	881
ENSG00000128791	TWSG1	2184	1937	2302	1592	1716	1804	1513
ENSG00000128805	ARHGAP22	101	74	104	77	100	76	70
ENSG00000128815	WDFY4	0	0	1	0	0	0	0
ENSG00000128829	EIF2AK4	1957	1735	2252	1411	1735	1697	1419
ENSG00000128833	MYO5C	3532	3150	3694	2475	2872	2942	2510
ENSG00000128849	CGNL1	164	134	123	99	115	95	84
ENSG00000128872	TMOD2	174	181	187	110	147	148	128
ENSG00000128881	TTBK2	578	537	593	336	458	467	369
ENSG00000128886	ELL3	68	36	65	42	44	33	25
ENSG00000128891	CCDC32	260	225	282	199	218	219	183
ENSG00000128908	INO80	1337	1300	1726	996	1384	1272	1114
ENSG00000128915	ICE2	2565	2268	2666	1624	2222	2377	2084
ENSG00000128917	DLL4	18	17	35	20	15	13	19
ENSG00000128918	ALDH1A2	0	0	3	1	2	0	0
ENSG00000128923	MINDY2	954	809	1055	701	758	879	627
ENSG00000128928	IVD	1175	996	1077	850	873	897	715
ENSG00000128944	KNSTRN	1287	1175	1146	964	1009	1039	932
ENSG00000128951	DUT	3752	3212	3953	2752	2878	3066	2535
ENSG00000128965	CHAC1	110	105	125	84	114	121	106
ENSG00000128973	CLN6	4116	3826	3391	2849	3318	3275	2721
ENSG00000128989	ARPP19	9833	8487	10517	7313	7998	8496	6863
ENSG00000129003	VPS13C	3288	2955	3815	1841	2747	2452	2355
ENSG00000129007	CALML4	125	120	103	85	73	108	82
ENSG00000129009	ISLR	33	41	39	20	28	31	21
ENSG00000129028	THAP10	583	458	528	379	477	475	383
ENSG00000129038	LOXL1	11	6	7	0	3	3	3
ENSG00000129048	ACKR4	9	8	8	5	7	5	3
ENSG00000129055	ANAPC13	1684	1369	1615	1137	1337	1369	1055
ENSG00000129071	MBD4	1811	1641	1956	1288	1440	1581	1227
ENSG00000129083	COPB1	8430	7206	8976	6350	6952	7309	5703
ENSG00000129084	PSMA1	6031	5173	5623	4480	4585	5233	3912
ENSG00000129103	SUMF2	6138	5199	6267	4756	5124	5351	4194
ENSG00000129116	PALLD	5237	3948	5676	3615	4297	4279	3354
ENSG00000129128	SPCS3	3065	2660	3276	2254	2582	2704	2085
ENSG00000129158	SERGEF	490	376	465	311	397	393	332
ENSG00000129159	KCNC1	5	2	7	5	5	2	3
ENSG00000129167	TPH1	13	16	18	11	14	11	14
ENSG00000129173	E2F8	781	662	773	553	645	675	521
ENSG00000129187	DCTD	2740	2425	2721	2054	2257	2416	1760
ENSG00000129194	SOX15	77	68	82	51	78	56	44
ENSG00000129195	PIMREG	1764	1718	1717	1350	1340	1592	1117
ENSG00000129197	RPAIN	1016	750	991	730	754	830	669
ENSG00000129204	USP6	26	40	39	35	14	22	22
ENSG00000129214	SHBG	14	5	10	8	18	13	7
ENSG00000129219	PLD2	1381	1282	1435	958	1177	1121	900
ENSG00000129221	AIPL1	7	5	15	10	5	5	4
ENSG00000129226	CD68	884	759	654	620	701	726	563
ENSG00000129235	TXNDC17	1354	1083	1314	930	1016	1065	977
ENSG00000129244	ATP1B2	5	9	7	6	6	4	2
ENSG00000129245	FXR2	3501	3127	3624	2682	2896	3014	2319
ENSG00000129250	KIF1C	10391	9216	10661	7873	8677	8890	6941
ENSG00000129255	MPDU1	2952	2467	3019	2301	2386	2490	2096
ENSG00000129292	PHF20L1	2430	2092	2586	1774	2039	2073	1710
ENSG00000129295	DNAAF11	52	63	73	53	49	44	42
ENSG00000129315	CCNT1	2334	2117	2477	1542	1861	1998	1782
ENSG00000129317	PUS7L	1177	1006	1233	789	938	946	799
ENSG00000129347	KRI1	1425	1202	1330	966	1063	1060	820
ENSG00000129351	ILF3	16015	13811	15074	10590	12725	12865	10662
ENSG00000129353	SLC44A2	703	655	800	534	463	604	457
ENSG00000129354	AP1M2	1047	915	1044	806	911	979	752
ENSG00000129355	CDKN2D	166	141	176	138	122	126	123
ENSG00000129422	MTUS1	25233	21592	26084	16861	19838	20558	17360
ENSG00000129437	KLK14	13	8	10	9	4	12	8
ENSG00000129451	KLK10	23	20	3	6	5	12	7
ENSG00000129455	KLK8	1	0	0	0	0	0	0
ENSG00000129460	NGDN	1297	1153	1296	934	1086	1106	865
ENSG00000129472	RAB2B	984	897	969	720	741	832	680
ENSG00000129473	BCL2L2	1922	1802	1954	1290	1605	1630	1297
ENSG00000129474	AJUBA	2866	2542	3124	2056	2563	2566	2101
ENSG00000129480	DTD2	1092	1041	1186	794	879	1010	691
ENSG00000129484	PARP2	1887	1580	1776	1285	1374	1411	1255
ENSG00000129493	HEATR5A	3424	3162	3981	2245	2872	3029	2498
ENSG00000129514	FOXA1	1719	1411	1695	1149	1397	1361	1104
ENSG00000129515	SNX6	4485	3801	4724	3315	3600	4064	3052
ENSG00000129518	EAPP	1497	1215	1430	1128	1199	1273	964
ENSG00000129521	EGLN3	1177	1076	1437	952	958	942	741
ENSG00000129534	MIS18BP1	2979	2349	3030	1999	2340	2456	1967
ENSG00000129535	NRL	60	32	76	56	49	50	42
ENSG00000129538	RNASE1	19	14	10	15	9	10	6
ENSG00000129559	NEDD8	4936	4524	4784	3610	3948	4252	3308
ENSG00000129562	DAD1	4892	4351	4543	3665	3856	4016	3220
ENSG00000129566	TEP1	1732	1619	1749	1086	1359	1359	1010
ENSG00000129595	EPB41L4A	1275	1067	1191	827	931	926	859
ENSG00000129596	CDO1	0	0	1	0	0	0	0
ENSG00000129625	REEP5	6482	5579	6619	4670	5229	5455	4344
ENSG00000129636	ITFG1	2819	2437	2524	1808	2271	2412	1907
ENSG00000129646	QRICH2	100	98	72	70	87	64	44
ENSG00000129654	FOXJ1	16	10	13	15	8	15	6
ENSG00000129657	SEC14L1	3643	3114	3758	2595	2787	2918	2366
ENSG00000129667	RHBDF2	2179	1827	2197	1527	1848	1625	1412
ENSG00000129673	AANAT	15	8	15	8	8	10	8
ENSG00000129675	ARHGEF6	8	9	4	9	7	4	3
ENSG00000129680	MAP7D3	1064	853	960	718	845	828	676
ENSG00000129682	FGF13	4	9	8	4	3	4	5
ENSG00000129691	ASH2L	1848	1753	1996	1446	1615	1633	1375
ENSG00000129696	TTI2	644	632	598	489	513	535	440
ENSG00000129744	ART1	0	1	2	0	0	0	2
ENSG00000129749	CHRNA10	30	30	31	25	25	30	23
ENSG00000129757	CDKN1C	59	58	69	34	47	36	36
ENSG00000129810	SGO1	1242	1080	1259	929	1039	1050	884
ENSG00000129824	RPS4Y1	2142	1900	1956	1606	1758	1766	1489
ENSG00000129864	VCY	0	0	0	0	0	0	1
ENSG00000129910	CDH15	5	2	3	1	3	0	0
ENSG00000129911	KLF16	1683	1506	1832	1237	1321	1339	1101
ENSG00000129925	PGAP6	2657	2333	2578	1859	2041	2109	1545
ENSG00000129932	DOHH	883	804	840	680	774	726	616
ENSG00000129933	MAU2	1364	1219	1372	974	1096	1102	924
ENSG00000129946	SHC2	39	40	49	24	39	19	35
ENSG00000129951	PLPPR3	170	132	162	148	124	120	101
ENSG00000129968	ABHD17A	1897	1624	1784	1447	1403	1423	1149
ENSG00000129988	LBP	18	12	8	9	4	10	16
ENSG00000129990	SYT5	67	54	85	58	48	66	46
ENSG00000129991	TNNI3	14	5	19	9	5	21	4
ENSG00000129993	CBFA2T3	7	7	3	6	2	7	6
ENSG00000130005	GAMT	729	608	684	534	519	540	449
ENSG00000130021	PUDP	1719	1430	1802	1207	1374	1499	1159
ENSG00000130023	ERMARD	424	349	476	342	330	362	296
ENSG00000130024	PHF10	1843	1594	1988	1242	1515	1555	1222
ENSG00000130032	PRRG3	0	0	0	0	0	2	0
ENSG00000130038	CRACR2A	106	101	134	73	83	94	65
ENSG00000130045	NXNL2	44	23	32	17	27	20	21
ENSG00000130052	STARD8	175	196	233	135	160	162	148
ENSG00000130054	NALF2	365	331	374	280	313	331	282
ENSG00000130055	GDPD2	0	2	0	2	1	1	0
ENSG00000130066	SAT1	3533	3003	3714	2703	2517	2689	2065
ENSG00000130119	GNL3L	3723	3175	3771	2653	3088	3016	2596
ENSG00000130147	SH3BP4	2656	2363	2912	2035	2314	2301	1970
ENSG00000130150	MOSPD2	1131	1081	1191	767	919	1047	854
ENSG00000130158	DOCK6	985	871	1058	705	799	746	603
ENSG00000130159	ECSIT	1216	1007	1188	879	973	1015	853
ENSG00000130164	LDLR	3868	3270	3861	2531	3050	3242	2502
ENSG00000130165	ELOF1	2165	1780	2243	1652	1686	1786	1361
ENSG00000130173	ANGPTL8	1	1	0	1	0	2	1
ENSG00000130175	PRKCSH	10897	9627	10254	8117	8817	8793	7045
ENSG00000130176	CNN1	8	0	5	6	5	5	5
ENSG00000130177	CDC16	2005	1812	2319	1588	1774	1892	1459
ENSG00000130182	ZSCAN10	2	0	0	0	0	4	1
ENSG00000130193	THEM6	1657	1485	1777	1247	1441	1517	1091
ENSG00000130202	NECTIN2	6585	5528	6410	4804	4660	4922	4037
ENSG00000130203	APOE	192	144	201	133	144	157	113
ENSG00000130204	TOMM40	10720	9551	10756	8002	9021	8973	7163
ENSG00000130208	APOC1	367	345	447	365	331	360	296
ENSG00000130222	GADD45G	23	22	14	8	10	13	12
ENSG00000130224	LRCH2	2	3	0	2	2	2	6
ENSG00000130227	XPO7	6130	5319	5909	4223	4839	4963	4269
ENSG00000130234	ACE2	1	3	1	1	0	0	0
ENSG00000130244	FAM98C	989	833	1009	703	752	703	562
ENSG00000130254	SAFB2	4085	3600	4217	3046	3367	3375	2726
ENSG00000130255	RPL36	5728	4735	5207	4023	4398	4545	3738
ENSG00000130270	ATP8B3	411	302	340	237	237	238	248
ENSG00000130283	GDF1	77	82	82	74	56	82	49
ENSG00000130287	NCAN	1	4	13	5	6	5	3
ENSG00000130294	KIF1A	57	0	52	5	54	33	27
ENSG00000130299	GTPBP3	866	825	980	627	687	765	534
ENSG00000130303	BST2	27	23	19	9	15	21	23
ENSG00000130304	SLC27A1	338	272	287	238	245	249	171
ENSG00000130305	NSUN5	1647	1560	1670	1282	1393	1424	1198
ENSG00000130307	USHBP1	3	3	4	1	2	0	1
ENSG00000130309	COLGALT1	6649	5655	7099	4780	5329	5396	4468
ENSG00000130311	DDA1	1709	1376	1550	1209	1392	1408	1134
ENSG00000130312	MRPL34	1283	1095	1293	989	1142	1174	879
ENSG00000130313	PGLS	1462	1164	1508	1080	1195	1270	960
ENSG00000130332	LSM7	1154	1010	1175	936	904	998	776
ENSG00000130338	TULP4	852	616	879	532	628	652	545
ENSG00000130340	SNX9	1784	1578	1801	1155	1228	1499	1171
ENSG00000130347	RTN4IP1	609	582	618	490	527	564	468
ENSG00000130348	QRSL1	956	943	996	737	839	862	606
ENSG00000130349	MTRES1	256	234	236	145	193	195	157
ENSG00000130363	RSPH3	509	437	514	368	393	426	376
ENSG00000130368	MAS1	24	37	27	25	22	24	17
ENSG00000130377	ACSBG2	0	0	0	0	0	2	0
ENSG00000130382	MLLT1	2890	2567	2838	2087	2450	2304	1917
ENSG00000130396	AFDN	2188	2013	2400	1434	1811	1662	1362
ENSG00000130402	ACTN4	77705	63749	71127	58196	60622	62485	50333
ENSG00000130413	STK33	84	69	112	72	71	78	75
ENSG00000130414	NDUFA10	2479	2232	2611	1976	2236	2135	1366
ENSG00000130427	EPO	2	0	0	1	0	0	1
ENSG00000130429	ARPC1B	6893	6123	6337	5413	5447	5688	4395
ENSG00000130433	CACNG6	996	943	1072	804	785	760	650
ENSG00000130449	ZSWIM6	1429	1313	1421	971	1117	1198	934
ENSG00000130475	FCHO1	376	298	259	270	302	277	192
ENSG00000130477	UNC13A	521	493	562	359	375	472	362
ENSG00000130479	MAP1S	1451	1233	1526	1099	1190	1248	986
ENSG00000130487	KLHDC7B	3	0	1	1	1	5	0
ENSG00000130508	PXDN	851	770	923	668	644	651	584
ENSG00000130511	SSBP4	2310	1996	2297	1696	1878	1883	1445
ENSG00000130513	GDF15	2513	2016	2415	1814	1880	2003	1639
ENSG00000130517	PGPEP1	995	892	880	744	747	814	620
ENSG00000130518	IQCN	45	32	26	20	36	33	27
ENSG00000130520	LSM4	5249	4609	5192	3963	4317	4502	3503
ENSG00000130522	JUND	3898	3271	4425	3257	3312	3331	2499
ENSG00000130528	HRC	3	2	2	0	7	5	3
ENSG00000130529	TRPM4	1170	1071	1215	982	927	706	774
ENSG00000130538	OR11H1	1	0	2	0	0	0	0
ENSG00000130544	ZNF557	264	265	254	201	256	266	182
ENSG00000130545	CRB3	309	238	317	219	216	263	210
ENSG00000130558	OLFM1	553	497	519	380	460	476	360
ENSG00000130559	CAMSAP1	2418	2105	2656	1629	2151	2115	1659
ENSG00000130560	UBAC1	1846	1586	1825	1355	1483	1451	1180
ENSG00000130584	ZBTB46	174	158	167	115	113	124	106
ENSG00000130589	HELZ2	1034	864	1112	726	743	768	606
ENSG00000130590	SAMD10	7	5	11	5	8	2	0
ENSG00000130592	LSP1	12	15	19	10	10	15	9
ENSG00000130598	TNNI2	1	0	0	1	0	0	1
ENSG00000130635	COL5A1	3461	3118	4102	2691	2526	2444	1983
ENSG00000130638	ATXN10	3986	3384	4146	2954	3107	3412	2529
ENSG00000130640	TUBGCP2	3258	2847	3223	2313	2392	2603	1853
ENSG00000130643	CALY	5	9	16	5	5	8	3
ENSG00000130649	CYP2E1	3	3	7	0	3	0	6
ENSG00000130653	PNPLA7	183	173	198	130	152	131	114
ENSG00000130656	HBZ	1	0	1	0	0	0	0
ENSG00000130669	PAK4	9098	8044	8851	6706	7138	7397	5921
ENSG00000130675	MNX1	554	498	598	392	451	497	359
ENSG00000130684	ZNF337	1601	1453	1541	1163	1181	1196	951
ENSG00000130695	CEP85	1182	973	1239	869	987	993	847
ENSG00000130699	TAF4	936	876	990	656	779	788	673
ENSG00000130700	GATA5	14	21	30	20	10	14	17
ENSG00000130702	LAMA5	35349	31171	37447	24036	27173	26123	22414
ENSG00000130703	OSBPL2	1116	1063	1312	847	919	1004	807
ENSG00000130706	ADRM1	5327	4485	5232	4015	4228	4413	3395
ENSG00000130707	ASS1	1111	971	1013	800	813	816	652
ENSG00000130711	PRDM12	10	14	17	14	11	14	8
ENSG00000130713	EXOSC2	1553	1423	1743	1245	1294	1389	1132
ENSG00000130714	POMT1	825	778	880	652	594	676	515
ENSG00000130717	UCK1	1240	1127	1199	934	970	1023	777
ENSG00000130720	FIBCD1	403	290	407	288	266	263	222
ENSG00000130724	CHMP2A	4944	4221	4889	3591	3863	4140	3258
ENSG00000130725	UBE2M	7946	6969	7569	5941	6602	6300	4698
ENSG00000130726	TRIM28	29846	25912	33098	22859	25783	24443	18092
ENSG00000130731	METTL26	1238	1077	1262	979	1024	997	855
ENSG00000130733	YIPF2	1117	835	1048	849	862	857	689
ENSG00000130734	ATG4D	426	464	478	351	401	352	303
ENSG00000130741	EIF2S3	14771	13266	14738	11140	12540	13228	10637
ENSG00000130748	TMEM160	1173	1017	1318	866	975	956	760
ENSG00000130749	ZC3H4	2664	2268	2984	2083	2290	2341	1866
ENSG00000130751	NPAS1	199	130	149	129	123	133	75
ENSG00000130755	GMFG	5	2	0	1	1	1	1
ENSG00000130758	MAP3K10	1418	1374	1546	1179	1173	1151	875
ENSG00000130762	ARHGEF16	546	464	534	378	372	431	309
ENSG00000130764	LRRC47	2291	1974	2470	1746	1941	2014	1567
ENSG00000130766	SESN2	430	357	454	284	327	356	284
ENSG00000130768	SMPDL3B	182	143	131	121	127	118	119
ENSG00000130770	ATP5IF1	2526	2242	2603	1891	2060	2209	1726
ENSG00000130772	MED18	686	550	711	535	609	622	488
ENSG00000130775	THEMIS2	12	19	16	16	12	15	12
ENSG00000130779	CLIP1	5019	4274	5124	3524	4206	4470	3757
ENSG00000130783	CCDC62	9	3	6	4	5	10	5
ENSG00000130787	HIP1R	1403	1287	1508	1101	1057	1084	844
ENSG00000130803	ZNF317	1266	1028	1279	864	995	1061	833
ENSG00000130810	PPAN	1461	1314	1521	1146	1294	1342	1036
ENSG00000130811	EIF3G	3221	2726	2997	2427	2570	2740	2111
ENSG00000130812	ANGPTL6	10	0	12	5	3	4	9
ENSG00000130813	SHFL	423	365	310	291	323	248	238
ENSG00000130816	DNMT1	5623	4595	5287	3650	4368	4540	4002
ENSG00000130818	ZNF426	358	345	412	294	271	312	233
ENSG00000130821	SLC6A8	507	450	524	398	385	412	299
ENSG00000130822	PNCK	0	1	2	0	0	0	1
ENSG00000130826	DKC1	5537	4961	5880	4122	4952	5025	4128
ENSG00000130827	PLXNA3	1107	1011	1160	828	742	819	600
ENSG00000130829	DUSP9	129	115	127	76	82	84	72
ENSG00000130830	MPP1	180	198	213	153	162	147	117
ENSG00000130844	ZNF331	911	855	1032	712	756	856	704
ENSG00000130856	ZNF236	515	516	674	314	430	449	343
ENSG00000130876	SLC7A10	10	7	0	0	1	6	0
ENSG00000130881	LRP3	2588	2201	2660	1915	2135	2211	1546
ENSG00000130921	MTRFR	1366	1107	1332	1010	1046	1228	894
ENSG00000130935	NOL11	3105	2627	3053	1964	2508	2479	2124
ENSG00000130939	UBE4B	2713	2474	2896	1958	2236	2340	1981
ENSG00000130940	CASZ1	334	252	359	230	235	292	185
ENSG00000130943	PKDREJ	13	13	14	5	7	4	5
ENSG00000130948	HSD17B3	4	0	0	0	0	0	0
ENSG00000130950	NUTM2F	2	0	0	0	1	5	0
ENSG00000130956	HABP4	954	833	1008	675	749	876	713
ENSG00000130957	FBP2	2	2	4	7	0	2	4
ENSG00000130958	SLC35D2	1199	990	1167	789	929	907	770
ENSG00000130962	PRRG1	564	513	567	377	475	478	413
ENSG00000130985	UBA1	19896	17370	20194	14321	15640	16110	12614
ENSG00000130988	RGN	2	1	1	0	2	3	1
ENSG00000130997	POLN	92	85	94	77	86	91	62
ENSG00000131013	PPIL4	879	777	879	650	695	769	615
ENSG00000131015	ULBP2	76	34	61	53	46	37	47
ENSG00000131016	AKAP12	6131	5386	7144	4480	4892	5024	4241
ENSG00000131018	SYNE1	475	453	526	304	462	325	342
ENSG00000131019	ULBP3	230	184	214	154	179	150	148
ENSG00000131023	LATS1	1274	1126	1386	818	1107	1113	932
ENSG00000131037	EPS8L1	214	185	176	159	160	165	138
ENSG00000131043	AAR2	1919	1546	1644	1283	1530	1596	1266
ENSG00000131044	TTLL9	1	4	3	0	2	2	0
ENSG00000131050	BPIFA2	4	1	3	1	2	0	1
ENSG00000131051	RBM39	6407	5689	6034	4443	5357	5199	4708
ENSG00000131061	ZNF341	360	307	353	281	270	260	250
ENSG00000131067	GGT7	862	769	793	596	571	575	497
ENSG00000131069	ACSS2	920	775	878	568	753	800	554
ENSG00000131080	EDA2R	780	726	798	537	617	708	588
ENSG00000131089	ARHGEF9	911	786	902	662	639	722	527
ENSG00000131094	C1QL1	565	486	547	443	421	427	337
ENSG00000131095	GFAP	10	12	1	10	13	10	13
ENSG00000131096	PYY	0	0	2	0	1	0	0
ENSG00000131097	HIGD1B	7	1	4	0	3	1	2
ENSG00000131100	ATP6V1E1	3060	2626	3074	2223	2524	2788	2131
ENSG00000131115	ZNF227	646	587	631	460	513	505	421
ENSG00000131116	ZNF428	2004	1759	1979	1582	1666	1613	1262
ENSG00000131127	ZNF141	320	289	347	224	273	283	220
ENSG00000131143	COX4I1	10138	9020	9844	7488	7974	8366	6721
ENSG00000131148	EMC8	1914	1660	1931	1437	1545	1822	1266
ENSG00000131149	GSE1	4602	3939	4962	3074	3765	3856	3059
ENSG00000131152	NA	22	14	16	5	12	4	12
ENSG00000131153	GINS2	1801	1596	1899	1463	1524	1534	1201
ENSG00000131165	CHMP1A	3839	3242	3700	2760	3073	2989	2503
ENSG00000131171	SH3BGRL	2461	2028	2400	1835	1929	2025	1616
ENSG00000131174	COX7B	3855	3206	3698	2900	3039	3406	2615
ENSG00000131183	SLC34A1	0	0	1	0	0	1	2
ENSG00000131187	F12	88	65	69	32	75	54	43
ENSG00000131188	PRR7	584	498	608	463	432	525	368
ENSG00000131196	NFATC1	382	282	398	302	245	277	238
ENSG00000131203	IDO1	46	37	39	38	30	39	30
ENSG00000131233	GJA9	2	5	2	0	1	2	3
ENSG00000131236	CAP1	10612	9304	10475	8033	8200	8913	7053
ENSG00000131238	PPT1	3149	2648	3025	2175	2533	2683	2179
ENSG00000131242	RAB11FIP4	362	394	445	329	342	380	281
ENSG00000131263	RLIM	3224	2800	3489	2221	2627	2831	2405
ENSG00000131269	ABCB7	1397	1238	1311	950	1151	1082	906
ENSG00000131323	TRAF3	2583	2222	2498	1709	2075	2074	1646
ENSG00000131351	HAUS8	621	541	592	499	488	546	383
ENSG00000131368	MRPS25	841	826	846	509	756	552	575
ENSG00000131370	SH3BP5	930	941	1006	642	823	892	756
ENSG00000131373	HACL1	1155	1096	1243	889	1002	994	740
ENSG00000131374	TBC1D5	3322	2805	3452	2413	2946	2833	2370
ENSG00000131375	CAPN7	1803	1658	1931	1219	1578	1679	1296
ENSG00000131378	RFTN1	263	247	260	218	209	229	186
ENSG00000131379	C3orf20	0	0	0	1	0	1	3
ENSG00000131381	RBSN	1742	1472	1751	1168	1392	1408	1230
ENSG00000131386	GALNT15	21	10	11	10	6	7	13
ENSG00000131389	SLC6A6	9540	7208	8310	6410	7020	6821	5638
ENSG00000131398	KCNC3	156	154	152	111	98	110	96
ENSG00000131400	NAPSA	24	24	29	20	18	17	20
ENSG00000131408	NR1H2	4689	4222	4430	3512	3657	3757	3116
ENSG00000131409	LRRC4B	148	118	131	94	75	98	76
ENSG00000131437	KIF3A	1440	1218	1515	970	1112	1173	925
ENSG00000131446	MGAT1	4482	3923	4457	3239	3585	3660	2817
ENSG00000131459	GFPT2	1388	1164	1383	1029	1043	1050	807
ENSG00000131462	TUBG1	6671	5675	5353	4677	4997	5052	4107
ENSG00000131467	PSME3	12545	10996	12046	8896	10162	10393	8508
ENSG00000131469	RPL27	22316	19520	18705	16277	17093	18085	14944
ENSG00000131470	PSMC3IP	711	605	734	532	652	644	488
ENSG00000131471	AOC3	83	81	76	56	69	74	53
ENSG00000131473	ACLY	35011	30221	34890	24829	28453	28317	23090
ENSG00000131475	VPS25	2875	2628	2788	2105	2356	2408	1906
ENSG00000131477	RAMP2	5	4	9	3	11	1	2
ENSG00000131480	AOC2	94	105	122	77	97	89	79
ENSG00000131482	G6PC1	1	0	0	0	0	1	0
ENSG00000131495	NDUFA2	2215	1925	2123	1688	1753	1849	1454
ENSG00000131503	ANKHD1	4710	4141	4406	3097	3602	3487	3154
ENSG00000131504	DIAPH1	8771	7453	9603	6069	7190	7284	5983
ENSG00000131507	NDFIP1	4960	4450	5067	3685	4151	4431	3451
ENSG00000131508	UBE2D2	5411	4683	5058	3831	4191	4406	3402
ENSG00000131558	EXOC4	3384	2837	3222	2409	2725	2663	2372
ENSG00000131584	ACAP3	1157	1056	1194	822	1009	949	769
ENSG00000131591	C1orf159	498	473	481	372	463	476	366
ENSG00000131620	ANO1	116	88	115	96	116	82	78
ENSG00000131626	PPFIA1	3027	2554	3087	2056	2434	2574	2099
ENSG00000131634	TMEM204	2	2	5	3	2	3	2
ENSG00000131650	KREMEN2	96	104	98	79	61	79	56
ENSG00000131652	THOC6	1422	1249	1441	1128	1207	1233	914
ENSG00000131653	TRAF7	5260	4304	5321	3843	4238	4336	3231
ENSG00000131668	BARX1	105	86	140	99	101	78	64
ENSG00000131669	NINJ1	1931	1592	1898	1528	1539	1613	1265
ENSG00000131697	NPHP4	579	503	542	434	389	480	423
ENSG00000131711	MAP1B	8598	7333	9206	6022	6914	6928	5514
ENSG00000131721	RHOXF2	0	2	2	0	0	1	0
ENSG00000131724	IL13RA1	5348	4500	5290	3594	4167	4391	3519
ENSG00000131725	WDR44	1188	1046	1293	792	917	992	793
ENSG00000131730	CKMT2	5	0	3	1	1	1	2
ENSG00000131732	ZCCHC9	839	768	877	644	663	745	614
ENSG00000131737	KRT34	1	0	2	1	0	4	0
ENSG00000131738	KRT33B	0	0	0	0	1	0	0
ENSG00000131746	TNS4	5702	4846	5559	3939	3928	4183	3497
ENSG00000131747	TOP2A	36020	30583	37914	25145	28339	29304	23543
ENSG00000131748	STARD3	1898	1790	1743	1338	1412	1580	1172
ENSG00000131759	RARA	1554	1187	1319	1074	1125	1143	963
ENSG00000131771	PPP1R1B	1	0	1	0	2	1	1
ENSG00000131773	KHDRBS3	68	50	70	50	50	80	41
ENSG00000131778	CHD1L	2186	2001	2534	1708	1908	2054	1478
ENSG00000131779	PEX11B	917	818	902	620	690	757	546
ENSG00000131781	FMO5	204	205	210	145	128	178	125
ENSG00000131788	PIAS3	1364	1192	1336	971	1051	998	876
ENSG00000131791	PRKAB2	1043	935	1062	709	796	882	668
ENSG00000131828	PDHA1	4521	4043	4855	3483	3842	4028	3170
ENSG00000131831	RAI2	0	3	0	2	0	5	0
ENSG00000131844	MCCC2	4326	3768	4336	3256	3647	3927	3202
ENSG00000131845	ZNF304	125	92	114	79	117	107	71
ENSG00000131848	ZSCAN5A	185	171	171	132	148	157	120
ENSG00000131849	ZNF132	14	16	22	11	7	10	12
ENSG00000131864	USP29	0	2	0	0	0	0	0
ENSG00000131871	SELENOS	2256	1968	2210	1660	1790	1915	1500
ENSG00000131873	CHSY1	1597	1449	1722	1231	1408	1510	1154
ENSG00000131876	SNRPA1	2541	2120	2382	1877	2050	2165	1637
ENSG00000131899	LLGL1	2077	1643	2093	1470	1444	1677	1240
ENSG00000131910	NR0B2	2	1	1	1	3	2	0
ENSG00000131914	LIN28A	0	2	3	0	1	1	0
ENSG00000131931	THAP1	469	406	506	330	421	434	356
ENSG00000131941	RHPN2	6473	5611	6690	4667	5135	5526	4348
ENSG00000131943	C19orf12	1963	1702	1969	1312	1598	1692	1189
ENSG00000131944	FAAP24	739	614	672	500	576	623	500
ENSG00000131966	ACTR10	800	684	813	706	712	610	507
ENSG00000131979	GCH1	306	281	344	241	250	273	217
ENSG00000131981	LGALS3	2055	1793	1937	1544	1554	1592	1341
ENSG00000132000	PODNL1	31	23	40	17	13	23	16
ENSG00000132002	DNAJB1	9103	7890	8812	6608	7008	7122	5721
ENSG00000132003	ZSWIM4	403	294	387	282	291	267	213
ENSG00000132004	FBXW9	382	345	399	310	319	338	242
ENSG00000132005	RFX1	944	768	936	688	683	716	548
ENSG00000132010	ZNF20	2	0	0	0	2	0	0
ENSG00000132016	BRME1	37	9	33	19	14	16	16
ENSG00000132017	DCAF15	956	766	967	696	738	732	570
ENSG00000132024	CC2D1A	1588	1318	1580	1165	1288	1278	1028
ENSG00000132026	RTBDN	10	9	13	10	5	12	7
ENSG00000132031	MATN3	507	391	432	299	311	406	287
ENSG00000132109	TRIM21	692	582	699	503	580	598	415
ENSG00000132122	SPATA6	155	138	152	108	100	92	86
ENSG00000132128	LRRC41	2103	1766	2014	1555	1605	1750	1399
ENSG00000132141	CCT6B	54	55	55	44	62	47	22
ENSG00000132153	DHX30	3824	3219	3856	2787	3133	3030	2663
ENSG00000132155	RAF1	3053	2606	2987	2208	2590	2562	2079
ENSG00000132164	SLC6A11	2	0	2	0	1	0	1
ENSG00000132170	PPARG	1444	1231	1390	1015	1074	1145	925
ENSG00000132182	NUP210	9049	8082	8447	5404	6971	6364	5986
ENSG00000132185	FCRLA	0	2	0	1	0	0	0
ENSG00000132196	HSD17B7	577	482	590	404	483	484	357
ENSG00000132199	ENOSF1	707	619	651	502	582	596	523
ENSG00000132205	EMILIN2	51	43	50	53	51	44	32
ENSG00000132254	ARFIP2	2638	2325	2466	1919	1917	2022	1644
ENSG00000132256	TRIM5	1070	874	1049	760	857	840	688
ENSG00000132259	CNGA4	8	8	8	7	7	7	3
ENSG00000132274	TRIM22	43	27	25	31	27	30	22
ENSG00000132275	RRP8	665	699	773	496	579	529	493
ENSG00000132286	TIMM10B	1035	925	1031	747	839	969	742
ENSG00000132294	EFR3A	4803	4167	5272	3236	4006	3919	3371
ENSG00000132300	PTCD3	3156	2870	3302	2223	2589	2693	2107
ENSG00000132305	IMMT	7468	6212	7437	5436	5949	6444	4877
ENSG00000132313	MRPL35	2263	2025	2354	1681	1960	2102	1656
ENSG00000132321	IQCA1	0	0	1	0	0	0	0
ENSG00000132323	ILKAP	906	835	900	710	694	729	629
ENSG00000132326	PER2	1391	1252	1419	1011	1191	1221	1042
ENSG00000132329	RAMP1	1	0	0	0	0	0	0
ENSG00000132330	SCLY	1071	896	890	781	759	852	668
ENSG00000132334	PTPRE	27	29	35	30	27	10	15
ENSG00000132341	RAN	26422	23101	27089	19698	21498	23517	18482
ENSG00000132356	PRKAA1	4141	3746	4261	2786	3435	3590	3005
ENSG00000132357	CARD6	820	748	800	606	680	668	536
ENSG00000132359	RAP1GAP2	1183	1120	1355	875	1028	978	823
ENSG00000132361	CLUH	9644	8188	9631	6853	7907	7919	6485
ENSG00000132376	INPP5K	1618	1325	1530	1167	1142	1332	997
ENSG00000132382	MYBBP1A	6626	5598	6906	4553	5650	5597	4671
ENSG00000132383	RPA1	8201	7111	7765	5632	6744	6604	5467
ENSG00000132386	SERPINF1	45	25	30	27	41	38	28
ENSG00000132388	UBE2G1	5436	4684	5738	4145	4371	4741	3755
ENSG00000132394	EEFSEC	848	751	833	680	675	626	562
ENSG00000132405	TBC1D14	4634	4115	4708	3282	3891	4026	3190
ENSG00000132406	TMEM128	416	380	469	284	336	316	235
ENSG00000132423	COQ3	331	371	352	284	335	311	213
ENSG00000132424	PNISR	2812	2134	2719	2064	1949	2246	1907
ENSG00000132429	POPDC3	135	145	147	115	80	99	92
ENSG00000132432	SEC61G	2660	2468	2492	2058	2055	2289	1875
ENSG00000132434	LANCL2	501	426	498	390	448	480	381
ENSG00000132436	FIGNL1	1662	1333	1714	1147	1405	1476	1200
ENSG00000132437	DDC	266	242	248	174	206	221	175
ENSG00000132463	GRSF1	2793	2276	3056	2037	2377	2639	1964
ENSG00000132464	ENAM	3	3	4	3	6	3	4
ENSG00000132465	JCHAIN	2	4	2	1	3	0	2
ENSG00000132466	ANKRD17	4131	3704	4370	2847	3386	3468	2840
ENSG00000132467	UTP3	1709	1503	1760	1238	1520	1564	1253
ENSG00000132470	ITGB4	10755	9262	11353	8449	8614	8354	6748
ENSG00000132471	WBP2	5694	4774	5254	4130	4528	4803	3950
ENSG00000132475	H3-3B	21132	19116	21443	15509	17311	17769	14001
ENSG00000132478	UNK	1814	1605	1726	1285	1386	1483	1076
ENSG00000132481	TRIM47	2775	2349	2629	2042	2279	2275	1937
ENSG00000132485	ZRANB2	2207	1954	2336	1571	1815	1876	1629
ENSG00000132507	EIF5A	54553	46989	54388	42106	44275	45171	35482
ENSG00000132510	KDM6B	1605	1428	1647	1211	1223	1229	1015
ENSG00000132517	SLC52A1	110	82	107	87	96	84	78
ENSG00000132518	GUCY2D	3	1	0	0	2	1	0
ENSG00000132522	GPS2	3724	3088	3501	2876	3025	3022	2541
ENSG00000132530	XAF1	12	9	8	0	0	0	3
ENSG00000132535	DLG4	656	558	602	414	466	407	402
ENSG00000132541	RIDA	857	715	847	605	592	703	572
ENSG00000132549	VPS13B	1385	1292	1204	796	1086	1181	990
ENSG00000132561	MATN2	1023	894	1065	726	876	847	678
ENSG00000132563	REEP2	302	274	321	249	262	282	180
ENSG00000132570	PCBD2	655	592	600	498	544	589	446
ENSG00000132581	SDF2	1500	1437	1659	1116	1288	1346	1049
ENSG00000132589	FLOT2	6811	5845	6549	5025	5442	5442	4395
ENSG00000132591	ERAL1	3067	2619	3314	2366	2350	2484	1961
ENSG00000132600	PRMT7	652	581	728	487	592	614	399
ENSG00000132603	NIP7	2132	2056	2402	1714	2023	2066	1701
ENSG00000132604	TERF2	1987	1757	2153	1501	1613	1724	1374
ENSG00000132612	VPS4A	3967	3573	3817	2963	3262	3410	2739
ENSG00000132613	MTSS2	3840	3239	3917	2632	3028	3146	2453
ENSG00000132622	HSPA12B	205	176	201	143	162	149	131
ENSG00000132623	ANKEF1	1899	1707	1937	1233	1533	1611	1363
ENSG00000132635	PCED1A	2406	2117	2274	1729	1837	1861	1498
ENSG00000132639	SNAP25	595	539	557	434	386	477	407
ENSG00000132640	BTBD3	1796	1521	1851	1188	1398	1426	1246
ENSG00000132646	PCNA	19312	16341	18078	13444	14940	16315	12882
ENSG00000132661	NXT1	1292	1142	1242	935	993	1163	848
ENSG00000132664	POLR3F	714	628	739	494	604	617	524
ENSG00000132669	RIN2	929	800	943	795	817	855	502
ENSG00000132670	PTPRA	3794	3348	3866	2669	3017	3149	2615
ENSG00000132671	SSTR4	0	1	2	1	2	1	0
ENSG00000132676	DAP3	3536	3049	3425	2653	2843	3068	2411
ENSG00000132680	KHDC4	3057	2647	3031	2116	2252	2471	1954
ENSG00000132688	NES	355	304	349	225	268	232	181
ENSG00000132692	BCAN	7	5	3	1	9	11	2
ENSG00000132694	ARHGEF11	2313	1933	2421	1746	1859	1965	1610
ENSG00000132698	RAB25	0	3	0	0	0	0	0
ENSG00000132702	HAPLN2	5	8	6	0	0	0	7
ENSG00000132716	DCAF8	3998	3639	3970	2706	3216	3234	2729
ENSG00000132718	SYT11	66	72	64	48	57	58	41
ENSG00000132740	IGHMBP2	671	714	661	541	553	601	451
ENSG00000132744	ACY3	121	105	102	72	75	89	55
ENSG00000132746	ALDH3B2	0	0	0	0	1	0	0
ENSG00000132749	TESMIN	324	256	305	189	261	227	203
ENSG00000132763	MMACHC	379	283	317	259	284	290	233
ENSG00000132768	DPH2	1068	926	1426	800	925	1000	739
ENSG00000132773	TOE1	437	366	393	284	345	369	297
ENSG00000132780	NASP	5029	4482	5094	3739	3975	4549	3634
ENSG00000132781	MUTYH	233	238	273	162	185	245	171
ENSG00000132792	CTNNBL1	2439	2147	2497	1845	1984	2028	1648
ENSG00000132793	LPIN3	1066	992	1210	812	895	892	748
ENSG00000132801	ZSWIM3	84	76	75	65	64	67	57
ENSG00000132819	RBM38	1060	906	1037	777	898	861	666
ENSG00000132821	VSTM2L	179	155	208	161	125	137	92
ENSG00000132823	OSER1	1304	1136	1174	985	1090	1168	899
ENSG00000132824	SERINC3	6580	5532	6514	4644	5344	5840	4505
ENSG00000132825	PPP1R3D	428	338	400	346	352	384	277
ENSG00000132837	DMGDH	0	0	0	0	0	2	0
ENSG00000132840	BHMT2	10	8	7	6	7	10	10
ENSG00000132842	AP3B1	3870	3170	3872	2550	3051	3115	2442
ENSG00000132846	ZBED3	1015	856	933	656	804	786	715
ENSG00000132849	PATJ	1668	1317	1606	1054	1170	1213	1064
ENSG00000132854	KANK4	23	7	30	15	8	17	12
ENSG00000132855	ANGPTL3	1	1	0	0	0	0	1
ENSG00000132872	SYT4	1	0	0	0	0	0	0
ENSG00000132874	SLC14A2	41	32	22	28	23	22	16
ENSG00000132879	FBXO44	1165	959	1012	824	765	813	692
ENSG00000132881	CPLANE2	142	123	137	80	120	102	90
ENSG00000132906	CASP9	548	455	512	415	459	446	359
ENSG00000132911	NMUR2	3	1	1	1	2	0	2
ENSG00000132912	DCTN4	1984	1770	1874	1359	1706	1739	1373
ENSG00000132915	PDE6A	128	108	107	69	92	97	62
ENSG00000132938	MTUS2	0	0	1	0	0	0	0
ENSG00000132950	ZMYM5	382	332	347	260	283	324	197
ENSG00000132952	USPL1	1014	837	992	646	782	824	668
ENSG00000132953	XPO4	1517	1359	1492	993	1273	1328	1053
ENSG00000132958	TPTE2	4	5	3	4	4	2	1
ENSG00000132963	POMP	3699	3260	3718	2826	2903	3220	2515
ENSG00000132964	CDK8	588	493	610	378	459	532	472
ENSG00000132965	ALOX5AP	14	3	10	5	5	9	8
ENSG00000132970	WASF3	10	5	15	8	10	10	10
ENSG00000132972	RNF17	0	0	0	1	0	0	0
ENSG00000132975	GPR12	0	0	4	1	0	0	0
ENSG00000133019	CHRM3	81	84	90	47	53	81	65
ENSG00000133026	MYH10	3226	2776	3393	2316	2577	2436	2024
ENSG00000133027	PEMT	1216	1048	1290	963	1041	1107	837
ENSG00000133028	SCO1	3668	3254	3871	2703	3168	3124	2526
ENSG00000133030	MPRIP	16691	14664	17304	11468	13877	13651	11371
ENSG00000133055	MYBPH	0	0	0	0	2	0	0
ENSG00000133056	PIK3C2B	2125	2019	2212	1468	1698	1666	1384
ENSG00000133059	DSTYK	1348	1230	1445	982	1123	1199	868
ENSG00000133065	SLC41A1	1076	962	1574	753	842	852	728
ENSG00000133067	LGR6	2448	1978	2340	1696	1825	1925	1537
ENSG00000133069	TMCC2	113	62	106	42	84	79	52
ENSG00000133083	DCLK1	50	41	49	32	49	40	43
ENSG00000133101	CCNA1	1	2	0	1	1	1	0
ENSG00000133103	COG6	606	631	695	502	519	520	455
ENSG00000133104	SPART	1740	1501	1781	1239	1459	1640	1296
ENSG00000133106	EPSTI1	14	16	15	10	3	6	11
ENSG00000133110	POSTN	1	1	0	0	0	0	0
ENSG00000133111	RFXAP	112	111	133	83	78	93	95
ENSG00000133112	TPT1	32305	27692	30494	22591	25180	27115	20881
ENSG00000133114	GPALPP1	406	346	430	285	266	347	303
ENSG00000133116	KL	0	3	0	0	0	0	0
ENSG00000133119	RFC3	2651	2213	2720	1831	2215	2345	1767
ENSG00000133121	STARD13	195	225	204	131	150	162	119
ENSG00000133124	IRS4	3	0	2	3	3	3	0
ENSG00000133131	MORC4	12682	11035	13609	9104	10176	10671	8300
ENSG00000133134	BEX2	25	19	34	16	17	24	18
ENSG00000133135	RNF128	18	14	17	13	10	8	7
ENSG00000133136	GNG5P2	0	0	0	0	1	0	0
ENSG00000133138	TBC1D8B	1229	1131	1125	796	960	908	741
ENSG00000133142	TCEAL4	3369	2945	3177	2593	2722	2960	2394
ENSG00000133169	BEX1	0	0	1	0	0	0	0
ENSG00000133193	FAM104A	2405	2038	2239	1725	1994	2062	1645
ENSG00000133195	SLC39A11	1388	1257	1453	988	1093	1104	877
ENSG00000133216	EPHB2	2890	2536	2957	2184	2272	2245	1761
ENSG00000133226	SRRM1	4143	3420	3965	3171	3315	3507	2807
ENSG00000133243	BTBD2	3455	2756	3466	2667	2673	2799	2281
ENSG00000133246	PRAM1	9	4	4	8	9	6	0
ENSG00000133247	KMT5C	634	445	436	339	411	420	270
ENSG00000133250	ZNF414	438	319	452	347	367	384	296
ENSG00000133256	PDE6B	12	10	15	8	10	7	8
ENSG00000133265	HSPBP1	5084	4610	4754	3796	4212	4070	3317
ENSG00000133275	CSNK1G2	2928	2462	2973	2252	2331	2330	1883
ENSG00000133302	SLF1	940	773	1005	638	810	838	671
ENSG00000133313	CNDP2	3931	3442	4089	2910	3287	3315	2606
ENSG00000133315	MACROD1	239	222	243	171	175	205	158
ENSG00000133316	WDR74	1720	1467	1633	1240	1362	1486	1048
ENSG00000133317	LGALS12	4	1	3	3	2	1	0
ENSG00000133318	RTN3	10227	8891	10527	7558	8185	8643	6864
ENSG00000133321	PLAAT4	164	138	175	104	115	143	96
ENSG00000133328	PLAAT2	14	16	19	16	13	23	8
ENSG00000133392	MYH11	5	14	8	15	12	13	7
ENSG00000133393	CEP20	3332	2925	3413	2453	2809	3055	2362
ENSG00000133398	MED10	1531	1369	1450	1094	1240	1290	1089
ENSG00000133401	PDZD2	2	3	4	2	3	3	1
ENSG00000133422	MORC2	1740	1739	1894	1224	1508	1228	1176
ENSG00000133424	LARGE1	1154	974	1071	734	899	884	706
ENSG00000133433	GSTT2B	0	1	3	2	0	1	0
ENSG00000133460	SLC2A11	224	201	195	146	156	180	136
ENSG00000133466	C1QTNF6	1735	1485	1621	1207	1372	1487	1064
ENSG00000133477	FAM83F	5	10	3	3	4	5	3
ENSG00000133488	SEC14L4	726	713	802	617	578	591	502
ENSG00000133561	GIMAP6	0	0	1	0	0	0	0
ENSG00000133597	ADCK2	1158	1016	1276	887	859	991	735
ENSG00000133606	MKRN1	4335	3939	4385	3184	3441	3688	2895
ENSG00000133612	AGAP3	2085	1803	2219	1613	1657	1658	1369
ENSG00000133619	KRBA1	354	292	379	263	249	257	238
ENSG00000133627	ACTR3B	379	319	392	267	332	356	276
ENSG00000133636	NTS	2428	2206	2319	1724	1837	2016	1574
ENSG00000133639	BTG1	3160	2751	2965	2332	2485	2603	2157
ENSG00000133640	LRRIQ1	95	97	75	74	68	57	55
ENSG00000133641	C12orf29	621	517	599	498	542	594	472
ENSG00000133657	ATP13A3	2376	2134	2954	1373	2020	2144	1783
ENSG00000133661	SFTPD	4	5	3	3	6	3	2
ENSG00000133665	DYDC2	1	4	1	1	0	1	0
ENSG00000133678	TMEM254	500	382	554	344	437	485	331
ENSG00000133687	TMTC1	1	1	0	3	4	0	1
ENSG00000133703	KRAS	2583	2298	2729	1858	1988	2103	1794
ENSG00000133704	IPO8	3633	3235	3850	2449	3010	3071	2651
ENSG00000133706	LARS1	4976	4164	5269	3841	3846	4425	3382
ENSG00000133731	IMPA1	1503	1348	1562	1079	1284	1274	1150
ENSG00000133739	LRRCC1	234	188	289	184	226	250	173
ENSG00000133740	E2F5	670	568	655	497	596	529	394
ENSG00000133773	CCDC59	530	481	280	359	440	461	338
ENSG00000133789	SWAP70	2477	2125	2636	1711	1979	2059	1717
ENSG00000133794	ARNTL	988	813	956	703	709	695	591
ENSG00000133800	LYVE1	0	0	0	0	0	0	2
ENSG00000133805	AMPD3	153	162	196	124	124	122	91
ENSG00000133812	SBF2	1532	1305	1697	897	1304	1292	1122
ENSG00000133816	MICAL2	295	282	332	173	243	234	234
ENSG00000133818	RRAS2	1295	1091	1282	878	988	1011	841
ENSG00000133835	HSD17B4	4576	4118	4852	3436	3878	3864	3115
ENSG00000133858	ZFC3H1	2092	1661	1849	1059	1645	1552	1225
ENSG00000133863	TEX15	22	26	25	20	21	25	18
ENSG00000133872	SARAF	7139	6158	7417	5041	5783	6255	4911
ENSG00000133874	RNF122	210	176	203	152	146	164	127
ENSG00000133878	DUSP26	10	5	9	3	2	7	4
ENSG00000133884	DPF2	1478	1035	1772	1154	1092	1205	890
ENSG00000133895	MEN1	2300	1781	2090	1588	1658	1753	1272
ENSG00000133935	ERG28	1733	1451	1566	1351	1332	1332	1115
ENSG00000133937	GSC	3	10	6	6	4	3	5
ENSG00000133943	DGLUCY	695	589	689	436	557	531	412
ENSG00000133958	UNC79	5	8	3	3	7	1	3
ENSG00000133961	NUMB	3763	3080	3479	2515	2736	2963	2347
ENSG00000133962	CATSPERB	26	28	29	5	8	19	4
ENSG00000133983	COX16	1806	1541	1847	1394	1426	1553	1204
ENSG00000133985	TTC9	512	492	544	414	369	397	345
ENSG00000133997	MED6	1501	1331	1380	1083	1323	1363	1004
ENSG00000134001	EIF2S1	5344	4584	5315	3829	4499	4602	3788
ENSG00000134007	ADAM20	3	1	0	2	1	1	3
ENSG00000134013	LOXL2	5684	5078	6437	4468	4667	4710	3770
ENSG00000134014	ELP3	1980	1652	2174	1610	1695	1850	1372
ENSG00000134020	PEBP4	0	0	0	1	0	0	0
ENSG00000134030	CTIF	1056	922	1060	713	839	877	648
ENSG00000134042	MRO	32	36	33	27	30	20	24
ENSG00000134046	MBD2	2751	2406	2777	2063	2159	2292	1732
ENSG00000134049	IER3IP1	1757	1656	1777	1344	1481	1604	1171
ENSG00000134056	MRPS36	911	754	832	663	725	770	637
ENSG00000134057	CCNB1	9034	8036	9486	6775	7357	7622	6079
ENSG00000134058	CDK7	1238	1080	1239	933	950	1096	822
ENSG00000134061	CD180	201	152	174	122	104	138	99
ENSG00000134070	IRAK2	997	841	1102	702	845	907	661
ENSG00000134072	CAMK1	636	527	596	472	466	517	326
ENSG00000134077	THUMPD3	3241	2804	3471	2344	2735	2827	2308
ENSG00000134086	VHL	3565	3135	3774	2679	2900	3100	2272
ENSG00000134107	BHLHE40	9444	7889	9787	7291	7553	7910	6378
ENSG00000134108	ARL8B	3816	3367	3875	2847	3174	3403	2675
ENSG00000134109	EDEM1	3014	2553	3222	1952	2332	2482	2037
ENSG00000134121	CHL1	8	15	13	9	9	13	7
ENSG00000134138	MEIS2	806	739	652	500	619	572	495
ENSG00000134146	DPH6	244	228	262	223	207	250	187
ENSG00000134152	KATNBL1	1303	1185	1338	988	1093	1105	892
ENSG00000134153	EMC7	4158	3544	3957	3035	3214	3638	2711
ENSG00000134183	GNAT2	5	7	6	7	5	9	6
ENSG00000134184	GSTM1	1	0	0	0	0	0	0
ENSG00000134186	PRPF38B	3671	3144	3388	2723	2958	3051	2480
ENSG00000134198	TSPAN2	16	18	19	11	19	16	8
ENSG00000134202	GSTM3	217	180	221	175	144	169	136
ENSG00000134207	SYT6	156	133	107	102	92	142	96
ENSG00000134215	VAV3	937	889	1043	691	773	853	663
ENSG00000134222	PSRC1	1140	982	1177	839	943	956	782
ENSG00000134240	HMGCS2	4	2	0	0	0	0	0
ENSG00000134242	PTPN22	3	6	0	0	0	1	0
ENSG00000134243	SORT1	3151	2858	3221	2212	2521	2666	1981
ENSG00000134245	WNT2B	139	110	103	101	78	87	73
ENSG00000134247	PTGFRN	2254	1952	2438	1608	1821	1886	1531
ENSG00000134248	LAMTOR5	2990	2621	2877	2297	2346	2630	2090
ENSG00000134250	NOTCH2	3414	3032	3826	2261	2738	2813	2363
ENSG00000134253	TRIM45	324	317	368	226	263	275	210
ENSG00000134255	CEPT1	747	640	674	486	539	611	482
ENSG00000134256	CD101	10	12	12	12	11	16	11
ENSG00000134258	VTCN1	45	51	59	48	36	49	24
ENSG00000134259	NGF	2	3	9	4	4	0	3
ENSG00000134262	AP4B1	547	490	558	365	414	472	359
ENSG00000134265	NAPG	720	587	727	443	570	573	493
ENSG00000134278	SPIRE1	896	764	973	635	711	705	534
ENSG00000134283	PPHLN1	2610	2100	2351	1675	2004	1974	1856
ENSG00000134285	FKBP11	519	474	488	377	421	412	347
ENSG00000134287	ARF3	11747	10527	10818	8392	9262	9375	7736
ENSG00000134291	TMEM106C	4118	3427	3827	2826	3048	3355	2563
ENSG00000134294	SLC38A2	15936	13912	17528	11133	13253	13891	11663
ENSG00000134308	YWHAQ	31932	27700	32577	23785	25710	27508	21469
ENSG00000134313	KIDINS220	2987	2555	2982	1909	2341	2434	2052
ENSG00000134317	GRHL1	64	43	65	46	49	60	36
ENSG00000134318	ROCK2	6842	5954	7466	4396	5512	5574	4811
ENSG00000134321	RSAD2	1	0	4	3	4	2	0
ENSG00000134323	MYCN	4	8	4	3	8	4	5
ENSG00000134324	LPIN1	1883	1551	1873	1278	1493	1680	1218
ENSG00000134326	CMPK2	10	6	17	17	16	7	9
ENSG00000134330	IAH1	2038	1827	2004	1579	1687	1651	1392
ENSG00000134333	LDHA	71740	61214	65362	54048	55111	57719	47699
ENSG00000134339	SAA2	17	26	20	18	12	17	8
ENSG00000134343	ANO3	0	1	0	0	0	0	0
ENSG00000134352	IL6ST	8260	7562	8666	5261	6387	6536	5771
ENSG00000134363	FST	376	323	419	318	288	336	235
ENSG00000134365	CFHR4	0	1	0	0	2	0	0
ENSG00000134369	NAV1	1071	906	1144	702	810	835	681
ENSG00000134371	CDC73	2443	2233	2391	1749	2017	2218	1542
ENSG00000134375	TIMM17A	3559	3382	3636	2712	3124	3120	2551
ENSG00000134389	CFHR5	1	0	0	2	4	0	1
ENSG00000134398	ERN2	3	2	2	1	2	4	3
ENSG00000134419	RPS15A	15604	13339	14165	11117	12472	13854	11470
ENSG00000134438	RAX	0	2	1	1	1	0	0
ENSG00000134440	NARS1	7726	6761	8377	5515	6803	7520	5783
ENSG00000134444	RELCH	1492	1243	1466	961	1212	1245	975
ENSG00000134452	FBH1	2717	2398	2708	1974	2152	2395	1780
ENSG00000134453	RBM17	3624	3099	3595	2588	3011	3069	2415
ENSG00000134461	ANKRD16	517	516	557	403	460	418	357
ENSG00000134463	ECHDC3	331	309	317	228	268	289	197
ENSG00000134470	IL15RA	49	41	53	20	39	32	20
ENSG00000134480	CCNH	1056	928	1026	806	870	864	745
ENSG00000134489	HRH4	1	10	9	1	3	5	1
ENSG00000134490	TMEM241	169	172	262	116	117	141	99
ENSG00000134504	KCTD1	2418	2053	2545	1878	2092	2105	1736
ENSG00000134508	CABLES1	686	519	706	447	537	554	442
ENSG00000134516	DOCK2	48	39	32	32	12	42	19
ENSG00000134531	EMP1	657	588	635	532	491	529	415
ENSG00000134532	SOX5	0	0	0	0	0	0	1
ENSG00000134533	RERG	403	327	440	241	343	346	276
ENSG00000134538	SLCO1B1	84	70	77	55	46	53	47
ENSG00000134539	KLRD1	44	28	28	23	22	25	16
ENSG00000134545	KLRC1	6	3	5	2	3	1	2
ENSG00000134548	SPX	193	194	212	140	183	230	188
ENSG00000134551	PRH2	14	11	13	7	9	7	10
ENSG00000134569	LRP4	1372	1209	1431	870	1093	1172	930
ENSG00000134571	MYBPC3	10	8	3	7	8	1	7
ENSG00000134574	DDB2	1727	1659	1546	1205	1338	1437	1180
ENSG00000134575	ACP2	1644	1296	1477	1198	1251	1278	974
ENSG00000134590	RTL8C	3533	2927	3522	2668	2687	2734	2197
ENSG00000134594	RAB33A	0	3	5	5	5	2	4
ENSG00000134597	RBMX2	1249	1015	1213	976	949	1094	862
ENSG00000134602	STK26	736	776	899	619	635	712	572
ENSG00000134627	PIWIL4	0	1	17	3	10	8	3
ENSG00000134640	MTNR1B	0	0	0	1	1	0	0
ENSG00000134644	PUM1	4075	3353	4118	2691	3090	3384	2599
ENSG00000134668	SPOCD1	21	21	20	15	12	27	7
ENSG00000134684	YARS1	4833	4185	4718	3572	4560	4858	3934
ENSG00000134686	PHC2	2196	1818	2154	1601	1661	1817	1361
ENSG00000134690	CDCA8	2024	1719	1817	1368	1584	1581	1300
ENSG00000134697	GNL2	2164	2077	2218	1547	2028	1904	1588
ENSG00000134698	AGO4	487	451	540	360	375	370	321
ENSG00000134709	HOOK1	390	403	452	262	303	347	294
ENSG00000134716	CYP2J2	0	1	1	0	1	0	0
ENSG00000134717	BTF3L4	1466	1291	1501	1094	1191	1324	994
ENSG00000134744	TUT4	1504	1368	1568	983	1291	1392	1052
ENSG00000134748	PRPF38A	1244	1071	1277	997	1029	1143	841
ENSG00000134755	DSC2	450	472	574	338	388	377	323
ENSG00000134757	DSG3	14	11	27	15	18	18	7
ENSG00000134758	RNF138	770	622	751	528	587	627	554
ENSG00000134759	ELP2	1098	1016	1227	870	1007	1024	734
ENSG00000134760	DSG1	1	1	0	0	0	0	0
ENSG00000134762	DSC3	382	357	405	285	322	343	260
ENSG00000134765	DSC1	0	1	0	0	0	0	0
ENSG00000134769	DTNA	3	1	0	5	3	0	0
ENSG00000134775	FHOD3	518	431	522	312	384	379	270
ENSG00000134779	TPGS2	3451	2876	3413	2487	2822	2879	2240
ENSG00000134780	DAGLA	631	518	599	435	532	503	356
ENSG00000134802	SLC43A3	6	3	0	0	0	4	4
ENSG00000134809	TIMM10	1588	1482	1764	1229	1392	1517	1116
ENSG00000134815	DHX34	2122	1914	2249	1524	1709	1810	1444
ENSG00000134817	APLNR	6	0	5	1	4	2	7
ENSG00000134824	FADS2	29176	24829	27853	21223	23248	23952	19355
ENSG00000134825	TMEM258	2125	1811	1831	1525	1522	1658	1504
ENSG00000134827	TCN1	360	289	321	263	207	252	211
ENSG00000134830	C5AR2	121	95	108	107	109	117	76
ENSG00000134851	TMEM165	2699	2494	2833	2007	2149	2286	1950
ENSG00000134852	CLOCK	1146	1037	1168	809	959	1005	780
ENSG00000134853	PDGFRA	16	13	30	15	9	9	15
ENSG00000134864	GGACT	262	217	257	191	201	226	178
ENSG00000134871	COL4A2	7762	6771	8623	5281	6203	5848	5079
ENSG00000134873	CLDN10	4	4	6	5	4	4	1
ENSG00000134874	DZIP1	1280	1125	1209	873	1003	1011	870
ENSG00000134882	UBAC2	2529	2158	2460	1895	2009	2102	1682
ENSG00000134884	ARGLU1	959	799	904	647	721	743	627
ENSG00000134897	BIVM	633	501	625	415	534	523	397
ENSG00000134899	ERCC5	1079	968	1073	796	950	918	830
ENSG00000134900	TPP2	1038	819	1199	722	982	865	864
ENSG00000134901	POGLUT2	484	371	422	345	364	360	289
ENSG00000134905	CARS2	1414	1321	1432	1105	1215	1257	933
ENSG00000134909	ARHGAP32	1237	1112	1351	825	1016	1053	896
ENSG00000134910	STT3A	4701	3900	4304	3209	3634	3735	2815
ENSG00000134917	ADAMTS8	22	7	19	12	17	21	12
ENSG00000134940	ACRV1	10	4	6	4	9	1	7
ENSG00000134954	ETS1	1120	1005	1168	727	819	922	782
ENSG00000134955	SLC37A2	115	85	90	69	103	80	42
ENSG00000134962	KLB	39	40	50	41	36	37	35
ENSG00000134970	TMED7	6276	5466	6611	4435	5164	5427	4393
ENSG00000134982	APC	1644	1490	1704	1090	1351	1276	1132
ENSG00000134986	NREP	611	556	685	463	474	556	457
ENSG00000134987	WDR36	2048	1799	2141	1382	1797	1815	1500
ENSG00000134996	OSTF1	723	670	708	538	557	607	445
ENSG00000135002	RFK	3685	3299	3877	2732	3029	3314	2542
ENSG00000135018	UBQLN1	9928	8755	10008	6886	8262	8309	6912
ENSG00000135040	NAA35	2160	1736	2229	1416	1680	1789	1463
ENSG00000135045	C9orf40	664	594	716	481	548	591	474
ENSG00000135046	ANXA1	41853	36411	43200	32031	33072	35816	28381
ENSG00000135047	CTSL	11520	10493	11674	8484	9593	10404	8132
ENSG00000135048	CEMIP2	9836	8648	9919	5870	7857	7826	6815
ENSG00000135049	AGTPBP1	1124	963	1219	763	906	947	720
ENSG00000135052	GOLM1	8557	7919	8843	6268	7131	7377	6178
ENSG00000135063	FAM189A2	0	0	0	4	1	2	0
ENSG00000135069	PSAT1	6719	6028	7085	5119	6402	6941	5565
ENSG00000135070	ISCA1	1819	1441	1713	1218	1467	1612	1304
ENSG00000135074	ADAM19	547	532	651	430	402	466	299
ENSG00000135077	HAVCR2	22	15	21	7	11	13	14
ENSG00000135083	CCNJL	934	792	1013	724	919	841	724
ENSG00000135090	TAOK3	1576	1291	1565	1118	1209	1332	991
ENSG00000135093	USP30	459	418	471	315	398	370	252
ENSG00000135094	SDS	5	5	4	1	4	3	1
ENSG00000135097	MSI1	62	38	43	44	30	28	19
ENSG00000135100	HNF1A	992	820	920	665	783	794	628
ENSG00000135108	FBXO21	3647	3265	3899	2656	2981	3013	2494
ENSG00000135111	TBX3	2371	2145	2403	1711	1834	1908	1514
ENSG00000135114	OASL	52	32	22	27	28	28	16
ENSG00000135116	HRK	30	23	24	19	21	19	15
ENSG00000135119	RNFT2	657	566	606	431	461	474	370
ENSG00000135124	P2RX4	536	498	515	374	466	468	339
ENSG00000135127	BICDL1	1325	1251	1261	993	1049	981	879
ENSG00000135144	DTX1	5	16	19	17	9	11	2
ENSG00000135148	TRAFD1	1277	1083	1332	965	994	1033	834
ENSG00000135164	DMTF1	968	849	850	649	644	732	639
ENSG00000135185	TMEM243	811	741	843	640	623	662	541
ENSG00000135205	CCDC146	137	97	105	70	95	134	72
ENSG00000135211	TMEM60	630	516	698	525	472	596	436
ENSG00000135218	CD36	2	2	12	5	7	7	4
ENSG00000135220	UGT2A3	13	7	14	10	15	12	5
ENSG00000135226	UGT2B28	3	2	2	5	1	2	2
ENSG00000135241	PNPLA8	1387	1216	1401	935	1058	1173	971
ENSG00000135245	HILPDA	2160	1966	2575	1741	1807	1838	1523
ENSG00000135249	RINT1	1277	1064	1311	919	949	1094	874
ENSG00000135250	SRPK2	2065	1755	2102	1503	1863	1779	1504
ENSG00000135269	TES	2502	2189	2715	1851	1983	2210	1719
ENSG00000135272	MDFIC	1597	1550	1643	1141	1409	1386	1113
ENSG00000135297	MTO1	291	299	165	220	152	243	247
ENSG00000135299	ANKRD6	143	151	126	100	88	108	109
ENSG00000135312	HTR1B	33	22	30	17	15	16	17
ENSG00000135314	KHDC1	75	78	108	96	103	79	65
ENSG00000135315	CEP162	250	240	233	108	201	182	184
ENSG00000135316	SYNCRIP	9003	7895	8848	6223	7430	7854	6261
ENSG00000135317	SNX14	1889	1575	2024	1327	1459	1471	1113
ENSG00000135318	NT5E	2699	2207	2615	1868	2157	2254	1798
ENSG00000135324	MRAP2	258	232	271	207	202	234	175
ENSG00000135333	EPHA7	50	41	42	33	27	29	47
ENSG00000135334	AKIRIN2	1849	1596	1914	1429	1501	1614	1309
ENSG00000135336	ORC3	1229	1022	1214	938	1047	1011	839
ENSG00000135338	LCA5	181	139	190	112	122	140	124
ENSG00000135341	MAP3K7	1369	1202	1356	1069	1069	1358	922
ENSG00000135362	PRR5L	247	253	250	176	184	213	158
ENSG00000135363	LMO2	15	14	24	21	2	14	16
ENSG00000135365	PHF21A	1396	1157	1371	964	1048	983	908
ENSG00000135372	NAT10	3679	3237	3744	2625	3109	3200	2481
ENSG00000135373	EHF	3304	2911	3276	2064	2526	2599	2164
ENSG00000135374	ELF5	1	0	0	0	0	1	0
ENSG00000135378	PRRG4	246	248	239	215	172	199	161
ENSG00000135387	CAPRIN1	9572	8118	9627	6269	7950	8163	6649
ENSG00000135390	ATP5MC2	6344	5265	6105	4758	4760	5069	3933
ENSG00000135392	DNAJC14	1770	1552	1799	1372	1519	1496	1174
ENSG00000135404	CD63	13799	12357	13632	10315	10887	11592	9262
ENSG00000135406	PRPH	14	11	18	7	8	10	12
ENSG00000135407	AVIL	15	20	22	11	13	12	10
ENSG00000135409	AMHR2	2	13	6	6	2	4	4
ENSG00000135414	GDF11	606	542	575	452	467	432	362
ENSG00000135423	GLS2	6	0	5	1	3	0	5
ENSG00000135424	ITGA7	52	56	46	34	24	37	35
ENSG00000135426	TESPA1	2	2	0	0	0	0	1
ENSG00000135436	FAM186B	22	15	7	12	18	9	13
ENSG00000135437	RDH5	42	60	85	40	45	47	32
ENSG00000135439	AGAP2	50	46	63	41	48	45	31
ENSG00000135441	BLOC1S1	1458	1342	1466	1131	1228	1247	1027
ENSG00000135443	KRT85	3	2	2	2	0	3	2
ENSG00000135446	CDK4	5111	4547	5363	3953	4218	4677	3486
ENSG00000135447	PPP1R1A	3	0	1	0	3	2	0
ENSG00000135451	TROAP	2391	2035	2410	1735	1816	1906	1454
ENSG00000135452	TSPAN31	762	661	746	600	460	667	406
ENSG00000135454	B4GALNT1	3039	2511	2738	2138	2634	2565	2074
ENSG00000135457	TFCP2	1789	1558	1765	1280	1359	1450	1131
ENSG00000135469	COQ10A	391	367	397	305	307	316	252
ENSG00000135472	FAIM2	49	24	26	25	21	17	15
ENSG00000135473	PAN2	926	636	695	568	652	687	432
ENSG00000135476	ESPL1	2432	2098	2383	1733	1896	1893	1603
ENSG00000135480	KRT7	66978	58386	72612	54168	54380	57835	44959
ENSG00000135482	ZC3H10	424	390	427	317	311	318	258
ENSG00000135486	HNRNPA1	29477	26357	31880	24218	25441	26645	21437
ENSG00000135503	ACVR1B	2243	2012	2344	1682	1649	1866	1560
ENSG00000135506	OS9	8959	7904	9061	6620	7125	7504	5815
ENSG00000135519	KCNH3	429	334	456	336	296	291	254
ENSG00000135521	LTV1	1773	1548	1829	1360	1474	1594	1250
ENSG00000135525	MAP7	7738	6689	8130	5275	5872	6526	5486
ENSG00000135535	CD164	7343	6326	7640	5329	6024	6486	5239
ENSG00000135537	AFG1L	128	105	116	95	109	118	83
ENSG00000135540	NHSL1	416	331	412	286	363	304	250
ENSG00000135541	AHI1	532	558	598	310	419	576	371
ENSG00000135547	HEY2	8	5	7	3	5	8	2
ENSG00000135549	PKIB	165	137	191	139	157	155	120
ENSG00000135577	NMBR	1	0	0	0	0	0	0
ENSG00000135587	SMPD2	551	430	532	377	400	387	350
ENSG00000135596	MICAL1	603	538	575	477	453	418	360
ENSG00000135597	REPS1	1084	996	1089	808	868	971	785
ENSG00000135604	STX11	29	26	19	14	28	16	23
ENSG00000135605	TEC	98	74	89	69	71	71	61
ENSG00000135617	PRADC1	489	432	474	362	352	339	259
ENSG00000135622	SEMA4F	859	720	917	610	605	678	490
ENSG00000135624	CCT7	23667	21095	24522	18370	19262	19645	15855
ENSG00000135625	EGR4	2	0	0	0	0	0	0
ENSG00000135631	RAB11FIP5	2068	1876	1979	1365	1725	1651	1517
ENSG00000135632	SMYD5	2259	1983	2365	1774	1874	1950	1521
ENSG00000135636	DYSF	15	5	15	5	8	15	5
ENSG00000135637	CCDC142	802	643	707	609	607	631	444
ENSG00000135638	EMX1	1	1	0	0	0	3	1
ENSG00000135643	KCNMB4	41	31	48	38	28	29	21
ENSG00000135655	USP15	1592	1350	1554	1125	1342	1300	1167
ENSG00000135677	GNS	6488	5643	7446	4646	5418	5656	4563
ENSG00000135678	CPM	339	284	370	209	231	263	175
ENSG00000135679	MDM2	3122	2709	3436	2299	2618	2725	2160
ENSG00000135686	KLHL36	1656	1511	1932	1194	1312	1413	1065
ENSG00000135697	BCO1	473	438	433	310	372	375	311
ENSG00000135698	MPHOSPH6	984	821	1025	735	769	817	685
ENSG00000135702	CHST5	21	17	19	17	13	6	15
ENSG00000135709	KIAA0513	340	318	383	255	284	308	213
ENSG00000135720	DYNC1LI2	6261	5664	6524	4365	5090	5135	4269
ENSG00000135722	FBXL8	734	672	757	530	531	522	508
ENSG00000135723	FHOD1	2918	2482	3314	2244	2317	2377	1827
ENSG00000135736	CCDC102A	768	684	766	608	630	627	491
ENSG00000135740	SLC9A5	80	105	57	69	73	79	62
ENSG00000135744	AGT	43	54	80	34	42	39	42
ENSG00000135749	PCNX2	1462	1280	1437	935	1135	1157	900
ENSG00000135750	KCNK1	1176	995	1309	882	937	931	785
ENSG00000135763	URB2	1542	1381	1551	1010	1249	1270	1126
ENSG00000135766	EGLN1	5752	5091	6798	4168	4851	4933	4021
ENSG00000135773	CAPN9	1	0	0	0	0	1	0
ENSG00000135775	COG2	1475	1217	1462	999	1165	1282	967
ENSG00000135776	ABCB10	1325	1313	1552	973	1211	1303	958
ENSG00000135778	NTPCR	947	835	817	639	708	722	608
ENSG00000135801	TAF5L	1426	1269	1441	975	1200	1283	1013
ENSG00000135821	GLUL	1732	1545	1543	1328	1334	1455	1142
ENSG00000135823	STX6	1849	1605	1829	1303	1470	1599	1269
ENSG00000135828	RNASEL	469	410	468	315	411	382	291
ENSG00000135829	DHX9	13267	11840	13197	8796	11216	11395	9398
ENSG00000135835	KIAA1614	129	123	102	62	108	88	74
ENSG00000135837	CEP350	1947	1579	2054	1112	1562	1666	1298
ENSG00000135838	NPL	72	55	65	56	63	61	53
ENSG00000135842	NIBAN1	48	37	66	41	37	54	51
ENSG00000135845	PIGC	1354	1244	1437	1122	1074	1220	964
ENSG00000135862	LAMC1	13339	11934	13617	9003	11010	10715	9109
ENSG00000135870	RC3H1	1280	1168	1313	920	1004	1073	877
ENSG00000135898	GPR55	2	2	6	4	2	0	1
ENSG00000135899	SP110	427	350	384	276	260	309	222
ENSG00000135900	MRPL44	1503	1343	1681	1203	1281	1356	1068
ENSG00000135902	CHRND	0	0	3	0	1	1	1
ENSG00000135905	DOCK10	2047	1777	2169	1324	1587	1622	1359
ENSG00000135912	TTLL4	1127	1023	1117	785	942	947	773
ENSG00000135913	USP37	979	849	1176	562	811	887	661
ENSG00000135914	HTR2B	31	13	25	19	16	22	14
ENSG00000135916	ITM2C	3905	3374	3841	2939	2999	3061	2444
ENSG00000135917	SLC19A3	150	102	150	119	159	109	95
ENSG00000135919	SERPINE2	3260	2821	3257	2471	2617	2766	2163
ENSG00000135924	DNAJB2	1321	1117	1338	952	908	1006	813
ENSG00000135925	WNT10A	0	0	3	0	0	1	1
ENSG00000135926	TMBIM1	3256	2828	3152	2409	2451	2712	2113
ENSG00000135929	CYP27A1	2	3	2	3	4	0	1
ENSG00000135930	EIF4E2	3638	3106	3261	2559	2984	3026	2327
ENSG00000135931	ARMC9	745	619	730	520	600	587	448
ENSG00000135932	CAB39	2547	2241	2804	1896	2201	2276	1803
ENSG00000135940	COX5B	3266	2846	3395	2511	2624	2919	2344
ENSG00000135945	REV1	570	496	521	351	518	468	358
ENSG00000135951	TSGA10	41	34	31	22	18	41	26
ENSG00000135953	MFSD9	726	611	703	521	535	656	470
ENSG00000135956	TMEM127	3585	3093	3740	2634	3051	2981	2445
ENSG00000135960	EDAR	152	155	158	109	99	116	102
ENSG00000135966	TGFBRAP1	1947	1796	1933	1352	1551	1615	1340
ENSG00000135968	GCC2	2406	2031	2497	1599	1834	2012	1649
ENSG00000135972	MRPS9	1230	1043	1255	945	1005	1086	864
ENSG00000135973	GPR45	3	1	3	6	2	2	2
ENSG00000135974	C2orf49	913	818	996	665	789	816	623
ENSG00000135976	ANKRD36	352	305	411	238	262	300	258
ENSG00000135999	EPC2	683	583	712	452	589	585	510
ENSG00000136002	ARHGEF4	135	85	145	71	92	58	90
ENSG00000136003	ISCU	2067	1800	2142	1606	1680	1789	1396
ENSG00000136010	ALDH1L2	397	344	409	305	309	402	316
ENSG00000136011	STAB2	9	4	3	2	6	4	2
ENSG00000136014	USP44	36	14	34	22	24	24	19
ENSG00000136021	SCYL2	2758	2389	2940	1858	2324	2353	1835
ENSG00000136026	CKAP4	6982	5928	6957	5159	5464	5902	4518
ENSG00000136040	PLXNC1	135	132	128	94	102	101	79
ENSG00000136044	APPL2	1772	1445	1820	1191	1448	1539	1147
ENSG00000136045	PWP1	3415	2964	3576	2724	2872	3022	2282
ENSG00000136048	DRAM1	1717	1523	1822	1343	1310	1409	1121
ENSG00000136051	WASHC4	3305	3154	3776	2311	2983	3104	2403
ENSG00000136052	SLC41A2	2169	1785	2203	1414	1660	1794	1389
ENSG00000136059	VILL	6	1	1	9	9	2	7
ENSG00000136068	FLNB	23227	20884	24239	14458	20373	17547	16302
ENSG00000136098	NEK3	261	247	335	205	255	248	199
ENSG00000136100	VPS36	1545	1337	1493	1011	1159	1385	1103
ENSG00000136104	RNASEH2B	882	809	801	635	737	755	661
ENSG00000136108	CKAP2	3273	2972	3347	2318	2730	2779	2309
ENSG00000136110	CNMD	0	1	1	0	0	0	0
ENSG00000136111	TBC1D4	1566	1255	1617	1028	1239	1322	1053
ENSG00000136114	THSD1	240	176	216	155	204	187	160
ENSG00000136122	BORA	451	368	412	333	338	441	369
ENSG00000136141	LRCH1	925	885	938	621	801	751	609
ENSG00000136143	SUCLA2	2262	1943	2407	1610	1754	1975	1482
ENSG00000136144	RCBTB1	1102	963	1207	800	924	992	742
ENSG00000136146	MED4	1115	1017	1175	823	859	1007	719
ENSG00000136147	PHF11	240	215	226	178	202	188	157
ENSG00000136152	COG3	859	802	978	607	799	779	619
ENSG00000136153	LMO7	3658	3129	3779	2639	2949	2988	2413
ENSG00000136155	SCEL	69	68	76	53	57	56	38
ENSG00000136156	ITM2B	3828	3349	4688	2721	3322	3575	2727
ENSG00000136158	SPRY2	516	406	541	369	342	367	277
ENSG00000136159	NUDT15	1474	1329	1586	1053	1233	1332	1003
ENSG00000136161	RCBTB2	85	56	73	46	45	50	44
ENSG00000136167	LCP1	12	8	11	12	10	13	9
ENSG00000136169	SETDB2	287	239	271	186	216	215	191
ENSG00000136193	SCRN1	6243	5807	6668	4566	5202	5175	4584
ENSG00000136197	C7orf25	531	530	471	361	403	468	373
ENSG00000136205	TNS3	24456	21366	25752	16670	19726	20295	16773
ENSG00000136206	SPDYE1	59	76	38	40	25	43	33
ENSG00000136213	CHST12	1287	1132	1314	1003	960	997	826
ENSG00000136231	IGF2BP3	2117	1824	2095	1411	1661	1598	1398
ENSG00000136235	GPNMB	69	47	60	41	69	51	42
ENSG00000136237	RAPGEF5	15	13	15	23	9	11	9
ENSG00000136238	RAC1	17362	14503	17816	13210	13908	14849	11699
ENSG00000136240	KDELR2	10232	8371	10275	7525	7817	8554	6912
ENSG00000136243	NUP42	580	427	538	404	435	485	417
ENSG00000136244	IL6	8	11	14	3	11	7	3
ENSG00000136247	ZDHHC4	1117	886	1074	714	826	858	772
ENSG00000136250	AOAH	1	0	1	0	0	0	2
ENSG00000136261	BZW2	3288	2739	3230	2450	2560	2501	2143
ENSG00000136267	DGKB	10	19	21	10	9	8	6
ENSG00000136270	TBRG4	3969	3421	4010	2890	3204	3435	2629
ENSG00000136271	DDX56	4528	3787	4480	3408	3892	3837	3135
ENSG00000136273	HUS1	423	382	442	345	439	397	319
ENSG00000136274	NACAD	10	3	13	3	2	5	2
ENSG00000136279	DBNL	3552	3012	3715	2694	2765	2712	2370
ENSG00000136280	CCM2	1814	1650	1957	1393	1525	1545	1248
ENSG00000136286	MYO1G	0	0	0	0	0	4	0
ENSG00000136295	TTYH3	9117	7927	9341	6705	7088	7152	5555
ENSG00000136305	CIDEB	1	8	0	5	3	3	11
ENSG00000136319	TTC5	752	562	624	442	544	580	409
ENSG00000136327	NKX2-8	55	55	53	39	42	37	36
ENSG00000136352	NKX2-1	11	1	3	1	0	6	3
ENSG00000136367	ZFHX2	297	191	258	197	171	196	142
ENSG00000136371	MTHFS	1496	1458	1309	1154	1237	1181	1032
ENSG00000136378	ADAMTS7	435	378	431	306	306	306	245
ENSG00000136379	ABHD17C	1102	996	1295	861	1017	1016	720
ENSG00000136381	IREB2	6530	5788	6951	4400	5419	5577	4732
ENSG00000136383	ALPK3	33	55	58	32	42	29	26
ENSG00000136404	TM6SF1	2	4	1	0	6	1	0
ENSG00000136425	CIB2	560	396	500	385	388	419	295
ENSG00000136436	CALCOCO2	3923	3407	4123	2901	3247	3483	2741
ENSG00000136444	RSAD1	2124	1788	2156	1471	1733	1808	1335
ENSG00000136448	NMT1	6198	5604	6088	4366	4878	5133	4167
ENSG00000136449	MYCBPAP	72	57	55	51	24	65	52
ENSG00000136450	SRSF1	14336	12898	15563	10368	11952	12738	9968
ENSG00000136451	VEZF1	4612	3790	4425	3238	3615	3724	3001
ENSG00000136457	CHAD	18	26	27	17	17	12	11
ENSG00000136463	TACO1	2034	1871	2055	1554	1790	1851	1373
ENSG00000136478	TEX2	1532	1364	1543	1059	1307	1294	1025
ENSG00000136485	DCAF7	6685	5578	6941	4581	5357	5391	4326
ENSG00000136490	LIMD2	300	271	318	232	297	249	176
ENSG00000136492	BRIP1	1096	902	1168	682	756	796	642
ENSG00000136504	KAT7	2018	1663	2132	1396	1683	1735	1409
ENSG00000136514	RTP4	2	0	0	2	0	0	0
ENSG00000136518	ACTL6A	2585	2235	2532	2013	2119	2289	1764
ENSG00000136521	NDUFB5	1235	1153	1079	929	1002	938	899
ENSG00000136522	MRPL47	1056	956	1118	844	906	971	817
ENSG00000136527	TRA2B	5142	4373	4346	3616	3980	4042	3222
ENSG00000136531	SCN2A	0	0	1	0	0	0	0
ENSG00000136535	TBR1	3	2	0	2	1	0	0
ENSG00000136536	MARCHF7	2596	2441	2620	1870	2218	2310	1893
ENSG00000136541	ERMN	5	2	1	2	2	0	2
ENSG00000136542	GALNT5	1361	1210	1314	841	1076	1020	954
ENSG00000136546	SCN7A	2	0	0	0	0	0	0
ENSG00000136560	TANK	1339	1179	1242	1006	1033	1130	971
ENSG00000136573	BLK	0	3	1	0	0	0	0
ENSG00000136574	GATA4	171	150	148	114	131	142	122
ENSG00000136603	SKIL	3949	3532	4243	2772	3163	3357	2867
ENSG00000136628	EPRS1	8234	7353	8891	5940	7502	7882	6426
ENSG00000136630	HLX	120	94	113	84	84	113	78
ENSG00000136631	VPS45	1450	1174	1369	983	1127	1269	1035
ENSG00000136636	KCTD3	4378	3802	4663	3024	3615	3728	2966
ENSG00000136643	RPS6KC1	1037	853	1179	667	834	865	642
ENSG00000136682	CBWD2	615	620	616	435	522	513	452
ENSG00000136688	IL36G	3	0	0	0	2	0	3
ENSG00000136689	IL1RN	1	0	0	0	0	3	1
ENSG00000136699	SMPD4	4073	3370	3860	2946	3184	3318	2661
ENSG00000136709	WDR33	3588	3211	3557	2659	3004	3111	2599
ENSG00000136710	CCDC115	683	536	706	483	584	537	437
ENSG00000136715	SAP130	1572	1396	1480	1119	1366	1264	1063
ENSG00000136717	BIN1	1717	1579	1726	1397	1478	1403	1130
ENSG00000136718	IMP4	2569	2139	2528	1711	2084	1953	1568
ENSG00000136720	HS6ST1	2146	1991	2251	1535	1777	1724	1354
ENSG00000136731	UGGT1	4978	4734	5161	4061	4185	4417	3554
ENSG00000136732	GYPC	1	0	0	0	0	0	0
ENSG00000136738	STAM	1503	1274	1506	1046	1257	1310	1057
ENSG00000136750	GAD2	0	0	0	2	0	0	0
ENSG00000136754	ABI1	2874	2526	2895	2124	2360	2479	1932
ENSG00000136758	YME1L1	10419	8830	10323	6962	8212	8415	6792
ENSG00000136770	DNAJC1	1559	1328	1523	1186	1134	1305	968
ENSG00000136783	NIPSNAP3A	735	687	800	628	573	635	476
ENSG00000136802	LRRC8A	3522	3058	3581	2464	2891	2945	2256
ENSG00000136807	CDK9	2480	2191	2386	2000	1985	2103	1581
ENSG00000136810	TXN	23692	19944	24237	17496	19034	20816	16112
ENSG00000136811	ODF2	936	693	615	681	567	544	500
ENSG00000136813	ECPAS	6099	5406	6539	4006	5083	5156	4130
ENSG00000136816	TOR1B	1502	1219	1590	1056	1205	1264	998
ENSG00000136819	C9orf78	2637	2290	2630	2016	2257	2328	1752
ENSG00000136824	SMC2	6004	5073	6455	4100	4956	5072	4091
ENSG00000136826	KLF4	522	372	436	410	365	470	356
ENSG00000136827	TOR1A	2759	2389	2625	1924	2034	2214	1767
ENSG00000136828	RALGPS1	545	425	499	347	364	376	319
ENSG00000136830	NIBAN2	14881	13194	15989	11250	12003	12123	9436
ENSG00000136834	OR1J1	7	5	5	3	12	3	6
ENSG00000136840	ST6GALNAC4	947	769	847	644	676	692	548
ENSG00000136842	TMOD1	131	84	128	98	107	92	67
ENSG00000136848	DAB2IP	2163	1903	2090	1579	1660	1664	1272
ENSG00000136854	STXBP1	1913	1659	1941	1459	1548	1519	1319
ENSG00000136856	SLC2A8	611	499	560	418	482	472	363
ENSG00000136859	ANGPTL2	1	0	0	0	0	0	0
ENSG00000136861	CDK5RAP2	2929	2459	2851	1693	2305	2247	1951
ENSG00000136866	ZFP37	151	127	142	98	138	133	126
ENSG00000136867	SLC31A2	130	119	99	82	86	88	78
ENSG00000136868	SLC31A1	3338	2965	3505	2392	2742	2870	2310
ENSG00000136869	TLR4	42	29	22	18	26	27	15
ENSG00000136870	ZNF189	701	619	673	450	558	549	502
ENSG00000136872	ALDOB	2	4	2	0	1	3	1
ENSG00000136874	STX17	1712	1494	1795	1096	1364	1396	1197
ENSG00000136875	PRPF4	4286	3634	4227	3011	3474	3636	3043
ENSG00000136877	FPGS	2115	1877	2102	1575	1716	1764	1379
ENSG00000136878	USP20	662	617	626	483	469	495	470
ENSG00000136881	BAAT	1032	882	1029	711	797	818	611
ENSG00000136883	KIF12	434	407	461	407	239	253	233
ENSG00000136888	ATP6V1G1	2800	2310	2642	1832	2185	2454	1992
ENSG00000136891	TEX10	1620	1320	1596	1133	1271	1371	1072
ENSG00000136895	GARNL3	73	75	25	28	13	4	14
ENSG00000136897	MRPL50	2100	1836	1962	1498	1791	1821	1491
ENSG00000136908	DPM2	1285	1103	1062	958	991	1017	849
ENSG00000136918	WDR38	2	0	4	3	5	0	1
ENSG00000136925	TSTD2	1227	976	1047	737	866	854	750
ENSG00000136928	GABBR2	4	3	4	1	0	1	3
ENSG00000136930	PSMB7	6374	5747	5237	4579	5076	5038	4165
ENSG00000136931	NR5A1	0	1	4	2	0	1	0
ENSG00000136932	TRMO	341	302	368	278	309	306	229
ENSG00000136933	RABEPK	1254	1134	1140	846	992	1082	824
ENSG00000136935	GOLGA1	1633	1405	1682	1017	1401	1386	1189
ENSG00000136936	XPA	525	421	507	362	380	407	335
ENSG00000136937	NCBP1	3814	3299	4118	2705	3156	3287	2661
ENSG00000136938	ANP32B	16330	13480	17190	12902	14035	15192	11830
ENSG00000136940	PDCL	1250	1163	1388	985	1021	1089	900
ENSG00000136942	RPL35	20777	18850	17638	15651	16346	16400	13850
ENSG00000136943	CTSV	297	296	340	272	254	243	214
ENSG00000136944	LMX1B	173	131	169	121	153	143	115
ENSG00000136950	ARPC5L	1803	1564	1744	1305	1423	1514	1270
ENSG00000136982	DSCC1	846	726	903	585	630	744	596
ENSG00000136986	DERL1	4003	3516	3856	2828	3233	3347	2765
ENSG00000136997	MYC	4138	3341	3907	2931	3280	3452	2792
ENSG00000136999	CCN3	67	38	59	33	31	40	35
ENSG00000137033	IL33	4	2	6	5	6	5	3
ENSG00000137038	DMAC1	1786	1560	1806	1310	1504	1690	1311
ENSG00000137040	RANBP6	1621	1464	1815	1055	1223	1328	1056
ENSG00000137054	POLR1E	1690	1443	1761	1283	1431	1563	1225
ENSG00000137055	PLAA	2438	2099	2498	1743	2117	2147	1800
ENSG00000137070	IL11RA	29	43	50	6	27	23	12
ENSG00000137073	UBAP2	2990	2633	2734	2135	2311	2566	1955
ENSG00000137074	APTX	1140	973	1113	830	868	1041	728
ENSG00000137075	RNF38	1314	1084	1236	865	961	994	823
ENSG00000137076	TLN1	18466	15991	18924	12799	15048	14366	12086
ENSG00000137080	IFNA21	0	1	0	1	0	0	0
ENSG00000137094	DNAJB5	253	209	204	195	161	160	124
ENSG00000137098	SPAG8	0	0	0	0	0	3	0
ENSG00000137100	DCTN3	2309	1938	2142	1657	1853	1852	1306
ENSG00000137101	CD72	5	6	10	5	3	0	3
ENSG00000137103	TMEM8B	371	334	428	292	262	267	244
ENSG00000137106	GRHPR	4433	3950	4277	3355	3490	3694	2843
ENSG00000137124	ALDH1B1	4378	3905	4181	3166	3518	3783	2978
ENSG00000137133	HINT2	1275	1056	1359	897	1088	1094	807
ENSG00000137135	ARHGEF39	983	805	967	623	608	774	623
ENSG00000137142	IGFBPL1	752	603	732	529	653	666	499
ENSG00000137145	DENND4C	3107	2737	3576	2145	2626	2585	2169
ENSG00000137154	RPS6	46191	39689	49061	35613	37501	41335	31298
ENSG00000137161	CNPY3	1879	1822	1977	1447	1535	1716	1293
ENSG00000137166	FOXP4	2992	2526	3109	2198	2360	2417	1802
ENSG00000137168	PPIL1	1901	1743	1922	1372	1542	1709	1300
ENSG00000137171	KLC4	464	454	534	342	368	449	343
ENSG00000137177	KIF13A	2352	2052	2568	1637	1872	1955	1693
ENSG00000137185	ZSCAN9	351	299	391	260	297	316	245
ENSG00000137193	PIM1	1499	1287	1497	1052	1181	1271	1006
ENSG00000137198	GMPR	12	23	13	17	16	11	11
ENSG00000137200	CMTR1	1798	1656	1796	1370	1563	1619	1156
ENSG00000137203	TFAP2A	1756	1553	1799	1358	1454	1527	1229
ENSG00000137204	SLC22A7	0	0	1	0	0	0	0
ENSG00000137207	YIPF3	2122	1744	1920	1616	1652	1666	1406
ENSG00000137210	TMEM14B	3637	3089	3780	2801	3087	3191	2509
ENSG00000137216	TMEM63B	1719	1530	1549	1213	1245	1195	1002
ENSG00000137218	FRS3	166	149	173	145	152	137	98
ENSG00000137221	TJAP1	1219	921	1220	828	870	916	766
ENSG00000137251	TINAG	2	2	1	4	1	3	4
ENSG00000137261	KIAA0319	728	719	741	532	577	647	549
ENSG00000137265	IRF4	1	3	1	0	2	3	0
ENSG00000137266	SLC22A23	1910	1701	1884	1311	1466	1537	1269
ENSG00000137267	TUBB2A	1240	1035	1254	1004	983	1010	821
ENSG00000137269	LRRC1	532	465	606	420	426	420	387
ENSG00000137270	GCM1	8	2	6	7	6	6	4
ENSG00000137273	FOXF2	513	434	625	422	384	449	375
ENSG00000137274	BPHL	576	551	576	436	432	480	341
ENSG00000137275	RIPK1	1048	902	966	706	782	856	751
ENSG00000137285	TUBB2B	285	266	303	242	221	211	179
ENSG00000137288	UQCC2	861	757	692	634	641	680	559
ENSG00000137309	HMGA1	23119	19526	22444	17956	20153	20645	16483
ENSG00000137310	TCF19	1188	999	1219	843	952	976	754
ENSG00000137312	FLOT1	4591	4100	4810	3780	3769	3950	3165
ENSG00000137331	IER3	4512	3868	4202	3531	3262	3456	2791
ENSG00000137337	MDC1	1932	1693	1938	1359	1613	1570	1384
ENSG00000137338	PGBD1	307	311	338	240	253	246	203
ENSG00000137343	ATAT1	357	278	343	273	242	282	209
ENSG00000137364	TPMT	829	690	791	609	642	663	517
ENSG00000137393	RNF144B	182	164	194	107	128	167	130
ENSG00000137404	NRM	852	664	784	642	589	606	503
ENSG00000137409	MTCH1	5962	5242	5952	4375	4654	4819	3699
ENSG00000137411	VARS2	1200	1050	1122	800	1001	991	737
ENSG00000137413	TAF8	970	927	1037	750	798	828	653
ENSG00000137414	FAM8A1	1009	883	1087	719	840	795	665
ENSG00000137434	C6orf52	25	18	31	33	25	22	30
ENSG00000137440	FGFBP1	201	179	221	175	157	183	135
ENSG00000137441	FGFBP2	0	0	1	0	2	0	0
ENSG00000137449	CPEB2	2951	2615	2999	1952	2374	2474	2066
ENSG00000137460	FHDC1	110	110	119	66	75	65	75
ENSG00000137462	TLR2	4	5	2	9	2	6	5
ENSG00000137463	MGARP	18	23	13	15	7	11	5
ENSG00000137473	TTC29	0	0	0	0	0	0	1
ENSG00000137474	MYO7A	156	130	136	102	115	121	94
ENSG00000137478	FCHSD2	1233	1078	1297	803	994	1040	810
ENSG00000137486	ARRB1	2378	2169	2449	1653	1852	1739	1478
ENSG00000137491	SLCO2B1	171	142	167	121	125	126	124
ENSG00000137492	THAP12	2835	2424	2766	1918	2110	2256	1890
ENSG00000137494	ANKRD42	637	541	625	439	483	499	469
ENSG00000137496	IL18BP	253	279	234	190	180	203	180
ENSG00000137497	NUMA1	8643	7424	8892	5948	6707	6553	5681
ENSG00000137500	CCDC90B	467	442	523	346	397	463	319
ENSG00000137501	SYTL2	774	639	702	459	578	545	460
ENSG00000137502	RAB30	379	328	390	244	298	304	241
ENSG00000137504	CREBZF	4434	3932	5048	3058	3897	3980	3391
ENSG00000137507	LRRC32	7	11	14	12	2	6	1
ENSG00000137509	PRCP	1498	1242	1512	1238	1104	1275	1022
ENSG00000137513	NARS2	1231	1049	1195	873	935	997	828
ENSG00000137522	RNF121	1394	1282	1379	1029	1033	1107	893
ENSG00000137547	MRPL15	2494	2188	2503	1837	2141	2221	1773
ENSG00000137558	PI15	2	1	6	3	1	4	1
ENSG00000137561	TTPA	46	44	36	33	40	33	31
ENSG00000137563	GGH	3494	3027	3444	2393	2799	2892	2316
ENSG00000137571	SLCO5A1	22	24	19	14	17	11	17
ENSG00000137574	TGS1	1201	979	1152	797	905	945	744
ENSG00000137575	SDCBP	9389	8173	9261	6401	7288	7866	6243
ENSG00000137601	NEK1	295	310	400	195	307	351	216
ENSG00000137628	DDX60	291	240	274	223	209	243	185
ENSG00000137634	NXPE4	0	0	1	0	1	0	0
ENSG00000137642	SORL1	1435	1235	1569	937	1175	1150	1007
ENSG00000137648	TMPRSS4	1	0	0	0	0	0	0
ENSG00000137656	BUD13	602	481	608	444	449	497	385
ENSG00000137672	TRPC6	232	201	243	172	172	194	174
ENSG00000137673	MMP7	4412	3836	4169	3300	3417	3673	2815
ENSG00000137674	MMP20	0	0	0	1	0	0	1
ENSG00000137691	CFAP300	205	202	217	133	212	188	139
ENSG00000137692	DCUN1D5	462	387	523	366	371	369	315
ENSG00000137693	YAP1	4804	4076	4632	3173	3773	3856	3139
ENSG00000137699	TRIM29	100	79	79	68	99	67	53
ENSG00000137700	SLC37A4	949	866	1071	746	816	846	615
ENSG00000137707	BTG4	2	1	3	2	2	5	2
ENSG00000137710	RDX	8694	7440	10123	6214	7103	7522	6065
ENSG00000137713	PPP2R1B	1692	1508	1849	1272	1429	1543	1165
ENSG00000137714	FDX1	1009	921	1074	738	813	857	629
ENSG00000137720	C11orf1	316	305	309	262	256	278	211
ENSG00000137726	FXYD6	53	46	77	59	52	49	34
ENSG00000137727	ARHGAP20	3	1	0	0	1	0	2
ENSG00000137731	FXYD2	3844	3336	2837	2678	2674	2735	2278
ENSG00000137745	MMP13	0	0	0	0	0	0	1
ENSG00000137747	TMPRSS13	2	6	6	4	1	0	3
ENSG00000137752	CASP1	20	2	12	6	7	8	8
ENSG00000137757	CASP5	0	0	0	2	0	0	0
ENSG00000137760	ALKBH8	386	337	399	286	304	333	267
ENSG00000137764	MAP2K5	1092	925	1118	794	817	941	763
ENSG00000137766	UNC13C	0	5	2	1	1	0	3
ENSG00000137767	SQOR	2887	2542	2920	2223	2181	2478	1845
ENSG00000137770	CTDSPL2	1366	1124	1412	849	1117	1115	865
ENSG00000137776	SLTM	6135	5426	5969	4539	5200	5346	4214
ENSG00000137801	THBS1	4072	3445	4080	2553	3011	3028	2502
ENSG00000137802	MAPKBP1	738	611	638	490	518	590	480
ENSG00000137804	NUSAP1	4899	4080	4861	3602	3641	3982	3246
ENSG00000137806	NDUFAF1	421	360	401	321	318	335	259
ENSG00000137807	KIF23	6359	5431	6638	4485	5053	5343	4189
ENSG00000137809	ITGA11	173	139	182	105	112	130	84
ENSG00000137812	KNL1	1553	1458	1769	846	1225	1221	1055
ENSG00000137814	HAUS2	1128	932	1104	827	892	908	698
ENSG00000137815	RTF1	3028	2388	2863	2081	2257	2348	1930
ENSG00000137817	PARP6	1043	797	963	698	822	820	670
ENSG00000137818	RPLP1	46316	39022	45221	34380	36803	39034	31031
ENSG00000137819	PAQR5	2981	2561	3031	2033	2225	2418	1948
ENSG00000137821	LRRC49	292	221	375	205	290	201	199
ENSG00000137822	TUBGCP4	1097	865	948	702	802	787	633
ENSG00000137824	RMDN3	879	931	1005	667	736	773	622
ENSG00000137825	ITPKA	83	98	105	70	92	94	61
ENSG00000137831	UACA	3953	3291	4560	2847	3147	3396	2604
ENSG00000137834	SMAD6	2737	2325	2811	1958	2228	2352	1776
ENSG00000137841	PLCB2	6	1	0	1	2	0	1
ENSG00000137842	TMEM62	804	656	819	574	695	674	582
ENSG00000137843	PAK6	3	6	5	6	1	3	1
ENSG00000137845	ADAM10	7877	6924	7727	5646	6074	6434	5263
ENSG00000137857	DUOX1	6	2	6	6	7	1	3
ENSG00000137860	SLC28A2	48	35	34	24	22	32	32
ENSG00000137868	STRA6	3917	3280	3518	2576	2645	2947	2353
ENSG00000137869	CYP19A1	0	0	1	0	0	0	0
ENSG00000137871	ZNF280D	1093	1010	1086	774	914	1004	809
ENSG00000137872	SEMA6D	0	0	1	0	0	0	0
ENSG00000137875	BCL2L10	3	2	2	3	5	6	3
ENSG00000137876	RSL24D1	5632	4979	6163	4446	5208	5547	4278
ENSG00000137877	SPTBN5	55	42	57	21	42	31	21
ENSG00000137878	GCOM1	65	63	107	60	49	56	39
ENSG00000137880	GCHFR	158	138	163	117	123	123	80
ENSG00000137936	BCAR3	1571	1325	1483	1114	1181	1244	998
ENSG00000137941	TTLL7	302	242	238	211	186	251	163
ENSG00000137942	FNBP1L	2794	2586	2884	1910	2356	2438	2137
ENSG00000137944	KYAT3	642	605	681	463	547	518	467
ENSG00000137947	GTF2B	552	451	571	410	438	476	402
ENSG00000137948	BRDT	3	0	2	0	0	1	0
ENSG00000137955	RABGGTB	1293	1082	1400	957	1139	1115	971
ENSG00000137959	IFI44L	10	3	6	0	0	8	0
ENSG00000137960	GIPC2	5	1	1	1	3	1	2
ENSG00000137962	ARHGAP29	2050	1779	2368	1584	1678	1773	1379
ENSG00000137965	IFI44	28	24	21	23	23	22	14
ENSG00000137968	SLC44A5	59	59	66	40	65	46	40
ENSG00000137975	CLCA2	0	1	0	0	0	0	0
ENSG00000137976	DNASE2B	0	0	0	0	0	0	1
ENSG00000137992	DBT	899	784	1031	648	745	780	610
ENSG00000137996	RTCA	1237	1013	1194	858	980	1007	849
ENSG00000138002	IFT172	639	526	575	480	513	568	476
ENSG00000138018	SELENOI	4359	3890	4523	2797	3579	3617	3001
ENSG00000138028	CGREF1	324	285	319	249	244	273	209
ENSG00000138029	HADHB	4732	4049	4714	3465	3761	3985	3274
ENSG00000138030	KHK	1017	868	1043	738	799	809	608
ENSG00000138031	ADCY3	3796	3456	4227	2803	3358	3520	2638
ENSG00000138032	PPM1B	2836	2641	3183	2059	2425	2483	2022
ENSG00000138035	PNPT1	1343	1000	1278	1017	860	957	803
ENSG00000138036	DYNC2LI1	586	518	584	434	480	504	409
ENSG00000138050	THUMPD2	448	341	372	324	389	374	262
ENSG00000138061	CYP1B1	3698	3255	3757	2377	3294	3261	2651
ENSG00000138069	RAB1A	11936	10459	11218	8232	9210	9844	7854
ENSG00000138071	ACTR2	20464	18951	21032	14188	16629	17249	14445
ENSG00000138073	PREB	3476	3037	3342	2525	2837	2939	2277
ENSG00000138074	SLC5A6	2915	2527	3115	2029	2550	2467	2123
ENSG00000138075	ABCG5	0	0	0	0	2	0	0
ENSG00000138078	PREPL	2912	2631	3180	2061	2345	2692	2095
ENSG00000138079	SLC3A1	70	64	66	60	59	76	48
ENSG00000138080	EMILIN1	72	83	61	60	58	60	68
ENSG00000138081	FBXO11	3329	2788	3484	2175	2652	2578	2174
ENSG00000138083	SIX3	48	42	48	42	30	20	41
ENSG00000138085	ATRAID	4620	3876	4581	3438	3800	3764	3065
ENSG00000138092	CENPO	3010	2663	2846	2133	2435	2362	2069
ENSG00000138095	LRPPRC	8032	7399	8836	5430	6887	6886	5549
ENSG00000138100	TRIM54	6	3	7	5	6	6	1
ENSG00000138101	DTNB	458	350	409	302	307	301	290
ENSG00000138107	ACTR1A	6212	5547	6604	4729	5063	5258	4072
ENSG00000138109	CYP2C9	21	13	9	7	13	15	11
ENSG00000138111	MFSD13A	331	284	309	275	254	299	212
ENSG00000138115	CYP2C8	5	0	0	0	0	0	0
ENSG00000138119	MYOF	15309	13632	16983	9977	13575	12762	11041
ENSG00000138131	LOXL4	95	81	123	67	91	92	73
ENSG00000138134	STAMBPL1	641	494	627	430	518	536	459
ENSG00000138135	CH25H	0	0	0	0	0	0	1
ENSG00000138138	ATAD1	2912	2567	2768	1981	2313	2452	2001
ENSG00000138152	BTBD16	20	33	30	21	12	13	12
ENSG00000138160	KIF11	6732	5907	6798	4521	5494	5332	4517
ENSG00000138161	CUZD1	0	0	10	10	11	0	25
ENSG00000138162	TACC2	5044	4015	4779	3253	4065	4046	3399
ENSG00000138166	DUSP5	1159	960	1212	832	928	988	755
ENSG00000138172	CALHM2	98	92	82	69	69	87	73
ENSG00000138175	ARL3	2192	1876	2067	1544	1704	1723	1397
ENSG00000138180	CEP55	4927	4324	5105	3661	4022	4137	3424
ENSG00000138182	KIF20B	3058	2389	3059	1766	2408	2535	1984
ENSG00000138185	ENTPD1	357	364	345	276	269	311	302
ENSG00000138190	EXOC6	2285	1912	2311	1479	1815	1979	1552
ENSG00000138193	PLCE1	1355	1381	1411	992	1101	1087	811
ENSG00000138207	RBP4	508	426	522	368	342	385	276
ENSG00000138231	DBR1	765	731	778	546	724	700	556
ENSG00000138246	DNAJC13	2418	2121	2752	1608	2068	1993	1731
ENSG00000138271	GPR87	2	4	6	3	5	0	1
ENSG00000138279	ANXA7	5418	4802	5348	3905	4481	4516	3829
ENSG00000138286	FAM149B1	578	451	567	471	505	422	374
ENSG00000138303	ASCC1	1888	1480	1894	1323	1571	1671	1301
ENSG00000138308	PLA2G12B	0	0	1	0	0	0	0
ENSG00000138311	ZNF365	108	56	101	40	66	79	47
ENSG00000138315	OIT3	17	17	9	9	10	9	8
ENSG00000138316	ADAMTS14	2	2	0	1	0	0	2
ENSG00000138326	RPS24	23545	20011	24091	17858	19026	20618	15701
ENSG00000138336	TET1	190	114	172	91	152	139	101
ENSG00000138346	DNA2	1591	1410	1645	1055	1207	1400	1037
ENSG00000138347	MYPN	84	125	88	88	99	130	78
ENSG00000138356	AOX1	54	35	45	34	48	61	27
ENSG00000138363	ATIC	6738	5806	6618	4908	5516	6038	4520
ENSG00000138375	SMARCAL1	943	822	998	724	741	801	601
ENSG00000138376	BARD1	609	519	655	402	508	583	428
ENSG00000138378	STAT4	263	244	322	236	199	254	198
ENSG00000138379	MSTN	3	3	5	1	2	0	0
ENSG00000138380	CARF	275	216	259	182	180	209	173
ENSG00000138381	ASNSD1	1562	1259	1570	1135	1392	1299	1090
ENSG00000138382	METTL5	1321	1161	1396	1063	1132	1160	914
ENSG00000138385	SSB	7254	6267	7366	5445	5908	6504	5047
ENSG00000138386	NAB1	2440	2155	2590	1724	1895	2054	1648
ENSG00000138398	PPIG	3885	3202	3743	3031	3024	3264	2414
ENSG00000138399	FASTKD1	930	944	1068	723	836	915	678
ENSG00000138400	MDH1B	51	34	47	54	61	33	48
ENSG00000138411	HECW2	177	226	226	139	220	201	155
ENSG00000138413	IDH1	10485	8871	10127	7476	8646	9292	7330
ENSG00000138430	OLA1	4672	4026	4558	3320	3749	3872	3177
ENSG00000138433	CIR1	990	738	919	725	768	841	645
ENSG00000138434	ITPRID2	4423	3939	4782	3103	3687	3644	3126
ENSG00000138439	FAM117B	629	505	629	425	520	542	432
ENSG00000138442	WDR12	1768	1572	1735	1339	1556	1588	1350
ENSG00000138443	ABI2	2769	2415	2726	1890	2194	2280	1919
ENSG00000138448	ITGAV	8019	7617	9134	5441	6876	7538	5736
ENSG00000138449	SLC40A1	1472	1346	1563	1039	1208	1229	951
ENSG00000138459	SLC35A5	1159	998	1032	759	954	997	774
ENSG00000138463	SLC49A4	678	646	679	524	534	548	410
ENSG00000138468	SENP7	497	431	491	345	357	404	311
ENSG00000138495	COX17	1307	1107	1347	972	1044	1171	875
ENSG00000138496	PARP9	1057	946	991	713	827	901	745
ENSG00000138587	MNS1	508	461	539	356	433	485	317
ENSG00000138592	USP8	3633	3162	3726	2596	2905	3143	2523
ENSG00000138593	SECISBP2L	1378	1235	1500	909	1090	1115	941
ENSG00000138594	TMOD3	11670	9991	12354	8352	9674	10245	8340
ENSG00000138600	SPPL2A	4078	3634	4326	3000	3313	3442	2632
ENSG00000138604	GLCE	1713	1487	1887	1314	1350	1449	1187
ENSG00000138606	SHF	91	53	97	57	51	46	58
ENSG00000138613	APH1B	1021	869	1067	675	738	820	617
ENSG00000138614	INTS14	1766	1533	1942	1342	1321	1514	1213
ENSG00000138615	CILP	6	8	13	8	13	2	8
ENSG00000138617	PARP16	646	552	636	446	539	580	420
ENSG00000138621	PPCDC	479	411	433	371	362	412	328
ENSG00000138622	HCN4	24	24	13	15	18	15	11
ENSG00000138623	SEMA7A	27	24	30	16	13	15	24
ENSG00000138629	UBL7	1190	1010	1143	896	949	961	761
ENSG00000138639	ARHGAP24	401	339	421	283	369	351	312
ENSG00000138640	FAM13A	1067	941	1123	779	906	961	757
ENSG00000138641	HERC3	397	320	382	278	317	321	305
ENSG00000138642	HERC6	535	489	466	367	440	422	302
ENSG00000138646	HERC5	215	184	224	157	180	172	126
ENSG00000138650	PCDH10	20	7	6	4	9	12	6
ENSG00000138658	ZGRF1	304	202	321	103	172	167	204
ENSG00000138660	AP1AR	985	913	968	749	790	900	696
ENSG00000138663	COPS4	1257	1122	1171	845	1041	968	740
ENSG00000138668	HNRNPD	14348	12793	14679	10690	12334	12412	9905
ENSG00000138669	PRKG2	77	47	60	36	56	59	36
ENSG00000138670	RASGEF1B	7	6	0	5	6	4	3
ENSG00000138674	SEC31A	4245	3577	4120	3077	3562	3477	2875
ENSG00000138675	FGF5	5	5	3	5	4	3	4
ENSG00000138678	GPAT3	1757	1476	1826	1323	1476	1617	1230
ENSG00000138685	FGF2	2320	2086	2573	1614	1866	1909	1561
ENSG00000138686	BBS7	545	488	548	361	453	456	360
ENSG00000138688	KIAA1109	992	641	941	574	548	689	611
ENSG00000138696	BMPR1B	1570	1383	1716	1122	1299	1346	1089
ENSG00000138698	RAP1GDS1	1280	1147	1366	956	1079	1186	877
ENSG00000138709	LARP1B	636	591	647	472	592	524	421
ENSG00000138735	PDE5A	243	220	266	148	175	190	149
ENSG00000138738	PRDM5	234	177	216	149	187	180	183
ENSG00000138741	TRPC3	3	1	1	0	1	1	0
ENSG00000138744	NAAA	1035	899	1039	794	880	928	750
ENSG00000138750	NUP54	886	758	872	609	741	805	588
ENSG00000138756	BMP2K	623	486	664	476	545	471	380
ENSG00000138757	G3BP2	7374	6440	7623	5254	6086	6391	5081
ENSG00000138758	SEPTIN11	3224	2872	3456	2336	2685	2775	2312
ENSG00000138759	FRAS1	2687	2548	2772	1681	2091	2005	1771
ENSG00000138760	SCARB2	4544	3955	4680	3458	3681	3763	3233
ENSG00000138764	CCNG2	650	534	725	469	487	504	401
ENSG00000138767	CNOT6L	874	838	981	617	752	780	639
ENSG00000138768	USO1	4340	3982	4460	3074	3511	3698	3014
ENSG00000138769	CDKL2	64	44	40	40	45	43	29
ENSG00000138771	SHROOM3	1525	1329	1566	1029	1156	1223	1021
ENSG00000138772	ANXA3	2545	2207	2524	1864	1933	2158	1770
ENSG00000138777	PPA2	629	424	634	522	463	571	426
ENSG00000138778	CENPE	2728	2203	2880	1785	2111	2309	1854
ENSG00000138780	GSTCD	1107	961	1160	713	881	904	755
ENSG00000138785	INTS12	669	529	579	477	485	547	442
ENSG00000138792	ENPEP	10	9	13	11	16	11	12
ENSG00000138794	CASP6	832	644	779	657	608	647	547
ENSG00000138796	HADH	1039	1019	1102	781	891	1091	757
ENSG00000138798	EGF	21	25	22	6	13	16	18
ENSG00000138801	PAPSS1	1817	1658	1804	1335	1468	1406	1225
ENSG00000138802	SEC24B	1796	1558	1895	1226	1510	1543	1222
ENSG00000138814	PPP3CA	4036	3644	4320	2866	3360	3511	2794
ENSG00000138821	SLC39A8	1962	1803	2026	1245	1196	1095	1208
ENSG00000138823	MTTP	0	0	1	3	0	1	0
ENSG00000138829	FBN2	2914	2609	3224	1776	2086	2004	1822
ENSG00000138834	MAPK8IP3	2650	2347	2633	1871	2024	2063	1677
ENSG00000138835	RGS3	1406	1247	1396	875	1153	1159	890
ENSG00000138867	GUCD1	2281	1991	2435	1784	1856	1938	1593
ENSG00000138892	TTLL8	0	1	0	0	0	0	0
ENSG00000138942	RNF185	1186	987	1066	781	901	1035	808
ENSG00000138944	SHISAL1	97	90	95	77	95	71	67
ENSG00000138964	PARVG	0	1	0	0	0	0	0
ENSG00000139044	B4GALNT3	26	21	37	16	25	13	26
ENSG00000139053	PDE6H	0	0	0	0	0	0	1
ENSG00000139055	ERP27	0	1	0	0	0	0	0
ENSG00000139083	ETV6	1180	897	1199	806	937	941	684
ENSG00000139112	GABARAPL1	1464	1237	1509	1052	1073	1260	953
ENSG00000139116	KIF21A	2952	2558	3056	1958	2385	2411	2000
ENSG00000139117	CPNE8	878	759	978	679	665	803	655
ENSG00000139131	YARS2	1200	1062	1206	897	925	960	805
ENSG00000139132	FGD4	489	476	541	322	409	404	310
ENSG00000139133	ALG10	229	243	237	147	189	186	192
ENSG00000139144	PIK3C2G	1	2	4	0	0	2	0
ENSG00000139146	SINHCAF	2296	1999	2501	1727	1821	2058	1595
ENSG00000139154	AEBP2	1991	1831	2270	1461	1708	1757	1463
ENSG00000139155	SLCO1C1	7	7	5	5	5	3	8
ENSG00000139160	ETFBKMT	92	73	118	80	90	87	55
ENSG00000139163	ETNK1	3917	3528	4062	2664	3062	3335	2715
ENSG00000139168	ZCRB1	2945	2230	2825	2276	2190	2390	1721
ENSG00000139173	TMEM117	70	60	75	45	71	64	58
ENSG00000139174	PRICKLE1	152	106	160	127	135	135	99
ENSG00000139178	C1RL	1950	1713	1803	1417	1424	1562	1213
ENSG00000139180	NDUFA9	1740	1418	1841	1372	1441	1348	1137
ENSG00000139182	CLSTN3	1727	1702	1715	1295	1239	1377	1113
ENSG00000139187	KLRG1	83	82	78	61	75	70	49
ENSG00000139190	VAMP1	1005	896	1022	777	780	859	716
ENSG00000139192	TAPBPL	174	157	173	121	158	160	113
ENSG00000139193	CD27	0	5	0	0	2	0	0
ENSG00000139194	RBP5	60	55	44	29	44	38	43
ENSG00000139197	PEX5	2082	1897	2166	1441	1748	1785	1446
ENSG00000139200	PIANP	45	46	44	25	27	20	12
ENSG00000139209	SLC38A4	0	1	0	0	0	1	2
ENSG00000139211	AMIGO2	14333	12559	15585	10899	11747	12611	9852
ENSG00000139218	SCAF11	5011	4450	5423	3321	4156	4257	3627
ENSG00000139219	COL2A1	1	0	0	0	0	0	0
ENSG00000139220	PPFIA2	0	0	1	0	1	0	0
ENSG00000139233	LLPH	2620	2251	2489	1940	2064	2316	1951
ENSG00000139263	LRIG3	528	482	504	368	409	411	355
ENSG00000139266	MARCHF9	704	549	821	555	529	560	411
ENSG00000139269	INHBE	18	16	15	10	8	13	7
ENSG00000139278	GLIPR1	1416	1208	1401	1025	1001	1051	948
ENSG00000139289	PHLDA1	4858	4149	5032	3610	3996	4278	3404
ENSG00000139291	TMEM19	2516	2219	2536	1839	1962	2142	1636
ENSG00000139292	LGR5	0	0	5	3	0	3	0
ENSG00000139304	PTPRQ	3	3	1	2	3	1	1
ENSG00000139318	DUSP6	465	415	430	285	404	370	288
ENSG00000139323	POC1B	1530	1319	1569	1051	1277	1269	965
ENSG00000139324	TMTC3	2551	2226	2592	1600	2070	2165	1743
ENSG00000139329	LUM	9	7	18	11	3	7	10
ENSG00000139343	SNRPF	2222	1969	2181	1758	1803	1947	1429
ENSG00000139344	AMDHD1	226	167	241	179	140	176	143
ENSG00000139350	NEDD1	1697	1459	1886	1252	1419	1432	1187
ENSG00000139351	SYCP3	0	1	1	0	0	0	0
ENSG00000139352	ASCL1	17	6	17	13	9	18	8
ENSG00000139354	GAS2L3	731	628	819	516	630	750	497
ENSG00000139364	TMEM132B	5	5	11	0	5	1	2
ENSG00000139370	SLC15A4	983	821	1072	693	884	671	597
ENSG00000139372	TDG	1965	1633	1942	1380	1552	1656	1276
ENSG00000139405	RITA1	1369	1255	1419	1042	1157	1256	965
ENSG00000139410	SDSL	621	577	602	470	491	544	439
ENSG00000139428	MMAB	772	697	790	575	656	708	513
ENSG00000139433	GLTP	1575	1321	1595	1213	1223	1337	1041
ENSG00000139436	GIT2	2145	1799	1971	1479	1674	1734	1388
ENSG00000139437	TCHP	1483	1307	1586	1070	1212	1295	1076
ENSG00000139438	FAM222A	216	181	216	180	203	182	143
ENSG00000139445	FOXN4	21	13	17	12	14	9	6
ENSG00000139496	NUP58	2467	2157	2444	1564	1946	1976	1728
ENSG00000139505	MTMR6	1466	1306	1557	986	1222	1263	992
ENSG00000139508	SLC46A3	459	400	481	333	319	378	321
ENSG00000139514	SLC7A1	3309	2849	3430	2245	3039	3024	2565
ENSG00000139515	PDX1	2	6	9	2	1	5	1
ENSG00000139517	LNX2	414	377	425	281	356	412	375
ENSG00000139531	SUOX	921	792	830	707	743	768	559
ENSG00000139537	CCDC65	82	74	93	70	61	55	48
ENSG00000139540	SLC39A5	2	5	11	0	4	0	1
ENSG00000139546	TARBP2	1003	867	994	756	865	866	738
ENSG00000139547	RDH16	12	14	24	15	14	19	14
ENSG00000139549	DHH	1	0	0	4	0	0	5
ENSG00000139567	ACVRL1	22	14	11	21	19	19	9
ENSG00000139572	GPR84	0	0	1	0	0	0	0
ENSG00000139574	NPFF	1	0	5	1	2	1	0
ENSG00000139579	NABP2	3320	2699	3251	2554	2583	2911	2226
ENSG00000139597	N4BP2L1	6	11	0	9	7	5	10
ENSG00000139613	SMARCC2	8093	6827	7922	5483	6244	6347	5186
ENSG00000139618	BRCA2	933	854	1030	575	758	799	731
ENSG00000139620	KANSL2	877	847	1003	614	707	799	606
ENSG00000139624	CERS5	964	798	950	691	690	726	529
ENSG00000139625	MAP3K12	1247	1151	1264	874	933	939	754
ENSG00000139626	ITGB7	19	24	12	8	11	13	10
ENSG00000139629	GALNT6	371	327	357	269	241	263	221
ENSG00000139631	CSAD	367	343	346	296	293	295	228
ENSG00000139636	LMBR1L	311	276	251	206	235	146	165
ENSG00000139637	MYG1	1689	1436	1727	1294	1424	1367	1161
ENSG00000139641	ESYT1	5449	4545	5768	3709	4231	4415	3558
ENSG00000139644	TMBIM6	28735	24315	29185	20914	23027	24147	18856
ENSG00000139645	ANKRD52	9238	7968	9272	6191	7127	6921	5924
ENSG00000139648	KRT71	1	1	2	0	0	0	0
ENSG00000139651	ZNF740	1984	1803	2018	1455	1583	1644	1416
ENSG00000139656	SMIM2	0	0	2	1	0	5	5
ENSG00000139668	WDFY2	751	674	817	504	599	579	531
ENSG00000139675	HNRNPA1L2	54	0	0	68	19	51	26
ENSG00000139679	LPAR6	184	166	182	133	143	122	119
ENSG00000139684	ESD	2475	2162	2486	1812	2110	2157	1681
ENSG00000139687	RB1	2205	1903	2363	1447	1823	1924	1562
ENSG00000139697	SBNO1	5006	4462	5460	3461	4186	4233	3413
ENSG00000139714	MORN3	43	41	47	27	33	38	20
ENSG00000139718	SETD1B	2122	1751	2202	1332	1674	1690	1450
ENSG00000139719	VPS33A	1470	1138	1338	884	1237	1262	913
ENSG00000139722	VPS37B	1316	1193	1425	1018	1033	1099	902
ENSG00000139725	RHOF	3928	3317	4126	3075	3236	3302	2653
ENSG00000139726	DENR	5182	4388	5579	3804	4309	4727	3745
ENSG00000139734	DIAPH3	1520	1211	1699	960	1220	1211	1029
ENSG00000139737	SLAIN1	155	143	143	103	110	98	102
ENSG00000139746	RBM26	2894	2593	3137	1956	2289	2431	2059
ENSG00000139767	SRRM4	2	0	0	0	0	2	1
ENSG00000139793	MBNL2	1031	900	1138	776	885	913	765
ENSG00000139800	ZIC5	470	395	459	319	374	379	319
ENSG00000139826	ABHD13	673	688	687	526	551	624	507
ENSG00000139832	RAB20	172	155	176	141	121	141	103
ENSG00000139835	GRTP1	186	172	169	134	133	136	114
ENSG00000139842	CUL4A	3761	3304	3941	2586	3069	3235	2564
ENSG00000139865	TTC6	61	65	68	61	47	45	49
ENSG00000139874	SSTR1	2	0	0	1	0	0	0
ENSG00000139880	CDH24	671	573	664	440	563	474	401
ENSG00000139890	REM2	35	31	39	35	39	22	16
ENSG00000139899	CBLN3	95	94	80	84	93	56	56
ENSG00000139908	TSSK4	42	39	55	25	23	41	21
ENSG00000139910	NOVA1	860	638	844	665	606	738	560
ENSG00000139914	FITM1	13	10	8	7	10	3	9
ENSG00000139915	MDGA2	65	88	80	77	58	67	43
ENSG00000139921	TMX1	3518	3037	3497	2415	3062	3073	2479
ENSG00000139926	FRMD6	504	467	530	332	443	435	309
ENSG00000139946	PELI2	498	455	532	345	406	371	326
ENSG00000139970	RTN1	1	1	2	0	0	1	0
ENSG00000139971	ARMH4	12	9	7	3	6	9	8
ENSG00000139973	SYT16	8	8	9	6	4	7	7
ENSG00000139974	SLC38A6	791	655	793	587	621	627	550
ENSG00000139977	NAA30	1746	1555	1915	1258	1473	1517	1252
ENSG00000139985	ADAM21	3	6	1	5	0	1	4
ENSG00000139988	RDH12	5	4	5	6	7	5	4
ENSG00000139990	DCAF5	2202	1842	2128	1526	1604	1632	1367
ENSG00000139998	RAB15	4405	3931	4534	3228	3579	3587	2889
ENSG00000140006	WDR89	698	639	750	482	623	582	535
ENSG00000140009	ESR2	35	31	30	31	22	18	28
ENSG00000140015	KCNH5	0	1	0	0	0	0	0
ENSG00000140022	STON2	306	241	299	223	226	222	205
ENSG00000140025	EFCAB11	392	287	452	322	309	340	283
ENSG00000140030	GPR65	9	15	15	8	10	7	6
ENSG00000140043	PTGR2	1037	974	1027	826	884	928	752
ENSG00000140044	JDP2	687	552	634	482	538	663	478
ENSG00000140057	AK7	384	356	448	308	316	309	256
ENSG00000140090	SLC24A4	22	22	21	22	17	19	15
ENSG00000140092	FBLN5	391	286	337	208	251	272	220
ENSG00000140093	SERPINA10	20	12	22	15	10	11	11
ENSG00000140104	CLBA1	580	475	625	409	480	453	343
ENSG00000140105	WARS1	4238	3719	4240	3255	3617	3966	3059
ENSG00000140107	SLC25A47	1	0	0	0	1	0	0
ENSG00000140153	WDR20	1168	970	960	730	847	870	745
ENSG00000140157	NIPA2	5973	5248	6246	4470	5162	5358	4080
ENSG00000140199	SLC12A6	1174	1070	1222	835	907	899	735
ENSG00000140254	DUOXA1	3	0	2	0	3	4	0
ENSG00000140259	MFAP1	1867	1683	1937	1448	1539	1649	1350
ENSG00000140262	TCF12	3889	3379	3996	2733	3132	3283	2786
ENSG00000140263	SORD	1367	946	1500	904	1084	1189	760
ENSG00000140264	SERF2	7409	6456	7644	5703	5833	6367	5033
ENSG00000140265	ZSCAN29	1068	973	1111	761	926	936	791
ENSG00000140279	DUOX2	10	2	9	2	2	2	0
ENSG00000140280	LYSMD2	514	436	565	398	417	476	373
ENSG00000140284	SLC27A2	3685	3065	3664	2559	2695	2931	2328
ENSG00000140285	FGF7	35	35	19	27	24	17	19
ENSG00000140287	HDC	10	5	9	0	0	0	0
ENSG00000140297	GCNT3	6537	5651	6510	4645	5454	5856	4618
ENSG00000140299	BNIP2	2815	2517	3171	2174	2384	2510	2033
ENSG00000140307	GTF2A2	3453	3184	2935	2436	2587	2608	2170
ENSG00000140319	SRP14	6035	5380	6385	4748	5062	5355	4233
ENSG00000140320	BAHD1	926	762	974	655	722	701	617
ENSG00000140323	DISP2	110	85	142	109	89	86	73
ENSG00000140326	CDAN1	630	565	614	375	488	538	432
ENSG00000140332	TLE3	2563	2081	2623	1874	2032	2069	1638
ENSG00000140350	ANP32A	11008	9787	11297	8214	9295	9507	7532
ENSG00000140365	COMMD4	2729	2420	2817	2074	2219	2413	1886
ENSG00000140367	UBE2Q2	2899	2620	3096	2204	2436	2630	2087
ENSG00000140368	PSTPIP1	1	1	0	0	0	0	0
ENSG00000140374	ETFA	2524	2262	2678	1665	1855	2107	1570
ENSG00000140379	BCL2A1	65	52	70	55	45	39	26
ENSG00000140382	HMG20A	2510	1973	2496	1692	1998	2063	1720
ENSG00000140386	SCAPER	481	376	507	309	377	365	296
ENSG00000140391	TSPAN3	12161	10959	13227	9410	10120	11018	8102
ENSG00000140395	WDR61	1933	1753	2060	1507	1567	1751	1294
ENSG00000140396	NCOA2	2246	1993	2430	1500	1887	1804	1601
ENSG00000140398	NEIL1	263	213	228	168	164	199	161
ENSG00000140400	MAN2C1	2412	2132	2329	1694	1866	1883	1550
ENSG00000140403	DNAJA4	0	2	0	0	1	1	0
ENSG00000140406	TLNRD1	1558	1377	1635	1171	1275	1290	1056
ENSG00000140416	TPM1	10842	9467	12059	8307	8459	8905	7257
ENSG00000140443	IGF1R	10551	9157	10864	7237	8190	8320	6850
ENSG00000140450	ARRDC4	24	21	19	10	21	22	18
ENSG00000140451	PIF1	915	733	935	614	594	666	476
ENSG00000140455	USP3	1822	1469	1697	1244	1393	1316	1103
ENSG00000140459	CYP11A1	1	1	0	0	0	0	0
ENSG00000140463	BBS4	1050	842	1025	720	773	754	698
ENSG00000140464	PML	846	739	992	667	707	711	620
ENSG00000140465	CYP1A1	10	4	15	9	12	4	9
ENSG00000140470	ADAMTS17	4	3	2	0	0	0	2
ENSG00000140471	LINS1	299	237	258	166	217	207	174
ENSG00000140474	ULK3	1355	1328	1301	1095	1089	1205	962
ENSG00000140478	GOLGA6D	0	0	0	2	1	2	0
ENSG00000140479	PCSK6	1077	950	1108	684	730	832	638
ENSG00000140481	CCDC33	28	17	39	24	30	25	12
ENSG00000140488	CELF6	0	0	1	6	0	2	12
ENSG00000140497	SCAMP2	3609	3054	3643	2548	2892	3080	2307
ENSG00000140505	CYP1A2	6	5	2	1	4	0	0
ENSG00000140511	HAPLN3	280	226	321	219	199	197	164
ENSG00000140519	RHCG	121	124	99	100	123	103	64
ENSG00000140521	POLG	2252	2115	2213	1538	1788	1690	1365
ENSG00000140522	RLBP1	0	0	0	0	1	0	0
ENSG00000140525	FANCI	6441	5437	6824	4349	5261	5095	4490
ENSG00000140526	ABHD2	10508	9264	10574	6779	8470	8356	7048
ENSG00000140527	WDR93	5	7	5	4	5	2	5
ENSG00000140534	TICRR	1927	1761	2136	1388	1551	1616	1242
ENSG00000140538	NTRK3	6633	5693	6195	4516	4702	4961	4121
ENSG00000140543	DET1	369	230	287	207	259	256	203
ENSG00000140545	MFGE8	1974	1699	2093	1509	1562	1555	1216
ENSG00000140548	ZNF710	824	769	847	605	637	659	580
ENSG00000140553	UNC45A	4470	3835	4834	3520	3738	3868	2936
ENSG00000140557	ST8SIA2	1	0	0	2	1	0	0
ENSG00000140563	MCTP2	0	1	0	0	0	2	1
ENSG00000140564	FURIN	5521	4741	5477	4242	4189	4115	3306
ENSG00000140575	IQGAP1	13705	12233	15563	8701	11163	11061	9612
ENSG00000140577	CRTC3	1906	1702	1972	1414	1543	1590	1268
ENSG00000140598	EFL1	1959	1770	2042	1398	1637	1753	1446
ENSG00000140600	SH3GL3	0	0	1	0	6	0	0
ENSG00000140612	SEC11A	7995	7464	8207	6092	6381	7271	5619
ENSG00000140623	SEPTIN12	1	3	1	0	1	0	0
ENSG00000140632	GLYR1	3588	3117	3386	2481	2897	3012	2416
ENSG00000140650	PMM2	3512	2999	3584	2564	2845	2910	2477
ENSG00000140675	SLC5A2	6	3	12	2	5	7	5
ENSG00000140678	ITGAX	51	52	69	31	46	43	43
ENSG00000140682	TGFB1I1	976	844	986	802	731	868	574
ENSG00000140688	RUSF1	2971	2428	2952	2128	2465	2400	1924
ENSG00000140691	ARMC5	585	535	657	446	522	528	434
ENSG00000140694	PARN	3519	3051	3974	2630	3125	3165	2550
ENSG00000140718	FTO	1931	1578	1999	1555	1727	1554	1247
ENSG00000140740	UQCRC2	8455	7466	7878	5963	6646	6901	5763
ENSG00000140743	CDR2	1633	1476	1830	1146	1416	1359	1178
ENSG00000140749	IGSF6	3	7	4	5	5	3	3
ENSG00000140750	ARHGAP17	2074	1800	2100	1553	1675	1778	1409
ENSG00000140795	MYLK3	20	15	21	14	11	13	3
ENSG00000140798	ABCC12	2	1	5	2	1	1	0
ENSG00000140807	NKD1	377	306	389	254	258	248	204
ENSG00000140829	DHX38	4694	4231	4735	3328	3882	3986	3158
ENSG00000140830	TXNL4B	925	756	896	695	710	742	553
ENSG00000140832	MARVELD3	77	56	73	49	44	63	39
ENSG00000140835	CHST4	3	4	2	0	8	3	5
ENSG00000140836	ZFHX3	2708	2417	2878	1846	2144	2143	1779
ENSG00000140839	CLEC18B	12	12	17	16	10	17	7
ENSG00000140848	CPNE2	1944	1685	2072	1461	1563	1712	1285
ENSG00000140853	NLRC5	371	308	423	213	293	273	238
ENSG00000140854	KATNB1	1325	1164	1341	964	1089	1186	916
ENSG00000140859	KIFC3	9797	8505	9758	7090	7473	7971	6176
ENSG00000140873	ADAMTS18	1	1	1	1	1	0	0
ENSG00000140876	NUDT7	203	160	162	142	149	174	134
ENSG00000140905	GCSH	2386	1979	2339	1673	1966	1991	1563
ENSG00000140931	CMTM3	1606	1421	1518	1219	1308	1373	1081
ENSG00000140932	CMTM2	6	1	4	3	3	5	3
ENSG00000140937	CDH11	5	1	0	1	1	3	4
ENSG00000140939	NOL3	1419	1182	1564	1066	1229	1170	977
ENSG00000140941	MAP1LC3B	2534	2210	2735	1942	2011	2240	1692
ENSG00000140943	MBTPS1	6040	5235	6158	4292	5075	5044	4194
ENSG00000140945	CDH13	1	4	1	1	1	0	0
ENSG00000140948	ZCCHC14	1557	1252	1652	1024	1124	1267	1020
ENSG00000140950	MEAK7	1085	996	1114	821	906	975	797
ENSG00000140961	OSGIN1	2919	2416	2589	2027	2596	2825	2200
ENSG00000140968	IRF8	20	9	16	0	1	3	9
ENSG00000140983	RHOT2	3214	2895	3224	2465	2584	2657	1860
ENSG00000140986	RPL3L	11	15	11	12	8	24	4
ENSG00000140987	ZSCAN32	542	422	541	393	434	435	404
ENSG00000140988	RPS2	89107	75740	88656	68499	73765	75571	58262
ENSG00000140990	NDUFB10	4077	3454	3885	3098	3172	3421	2808
ENSG00000140992	PDPK1	2743	2440	2802	1964	2179	2273	1832
ENSG00000140993	TIGD7	219	172	218	157	145	170	116
ENSG00000140995	DEF8	2337	2136	2455	1820	2003	1960	1545
ENSG00000141002	TCF25	3446	2893	3687	2712	2658	2910	2195
ENSG00000141012	GALNS	2083	1795	1995	1533	1767	1802	1482
ENSG00000141013	GAS8	971	749	895	709	775	721	560
ENSG00000141026	MED9	782	704	738	566	615	669	535
ENSG00000141027	NCOR1	7044	5798	7018	4586	5836	5772	4813
ENSG00000141030	COPS3	4252	3724	3895	3140	3513	3574	2851
ENSG00000141034	GID4	1109	1006	1158	803	960	951	799
ENSG00000141040	ZNF287	427	386	427	284	308	325	302
ENSG00000141052	MYOCD	73	49	78	41	42	54	23
ENSG00000141068	KSR1	2308	1907	2427	1667	1726	1859	1458
ENSG00000141076	UTP4	3812	3216	3636	2631	3143	3166	2580
ENSG00000141084	RANBP10	1310	1077	1296	927	1105	1050	892
ENSG00000141086	CTRL	16	20	26	29	9	15	14
ENSG00000141098	GFOD2	934	897	1049	709	775	795	662
ENSG00000141101	NOB1	3761	3264	3695	2786	3152	3384	2609
ENSG00000141127	PRPSAP2	1598	1461	1735	1205	1349	1310	1073
ENSG00000141179	PCTP	894	844	933	641	706	739	578
ENSG00000141194	OR4D1	6	0	0	2	0	1	0
ENSG00000141198	TOM1L1	2387	1987	2333	1791	1741	2001	1490
ENSG00000141219	C17orf80	1280	1150	1373	912	1062	1074	950
ENSG00000141232	TOB1	7366	6147	7035	5106	5552	5749	4780
ENSG00000141252	VPS53	804	614	663	553	540	601	428
ENSG00000141255	SPATA22	0	0	1	0	0	0	0
ENSG00000141258	SGSM2	2759	2472	2871	1951	2183	2201	1847
ENSG00000141279	NPEPPS	6801	5526	6820	4459	5485	5467	4490
ENSG00000141293	SKAP1	2	0	7	5	7	2	0
ENSG00000141294	LRRC46	77	65	82	51	62	55	35
ENSG00000141295	SCRN2	1417	1227	1375	1082	1116	1130	834
ENSG00000141298	SSH2	1341	1172	1368	896	1082	1105	970
ENSG00000141314	RHBDL3	373	355	401	285	288	288	236
ENSG00000141337	ARSG	187	152	156	112	121	136	114
ENSG00000141338	ABCA8	17	14	23	19	5	12	15
ENSG00000141349	G6PC3	4910	4171	4368	3552	3689	3919	3047
ENSG00000141367	CLTC	35201	31050	38210	23854	28756	30087	24701
ENSG00000141371	C17orf64	1	1	0	4	1	0	0
ENSG00000141376	BCAS3	1490	1209	1369	1070	1183	1296	981
ENSG00000141378	PTRH2	2088	1911	2075	1512	1703	1911	1437
ENSG00000141380	SS18	2670	2354	2830	2067	2222	2374	1988
ENSG00000141384	TAF4B	284	224	261	214	171	292	213
ENSG00000141385	AFG3L2	2835	2224	2954	2027	2340	2364	1987
ENSG00000141391	PRELID3A	216	193	231	151	174	183	116
ENSG00000141401	IMPA2	1999	1895	2187	1517	1807	1776	1248
ENSG00000141404	GNAL	431	377	457	297	387	389	330
ENSG00000141424	SLC39A6	2843	2535	2915	2045	2241	2477	1951
ENSG00000141425	RPRD1A	2498	2296	2758	1788	2175	2296	1859
ENSG00000141428	C18orf21	378	342	371	278	356	357	259
ENSG00000141429	GALNT1	7078	6011	7184	5258	5523	5709	4691
ENSG00000141434	MEP1B	1	1	2	0	0	0	0
ENSG00000141437	SLC25A52	10	8	14	5	14	6	11
ENSG00000141441	GAREM1	464	408	498	332	342	400	309
ENSG00000141446	ESCO1	686	535	707	513	550	613	503
ENSG00000141447	OSBPL1A	652	581	689	465	553	535	412
ENSG00000141448	GATA6	342	323	359	256	292	313	268
ENSG00000141449	GREB1L	102	91	120	59	66	101	72
ENSG00000141452	RMC1	717	635	715	484	594	620	517
ENSG00000141456	PELP1	7426	6159	7726	5598	6543	6351	4974
ENSG00000141458	NPC1	2172	1923	2215	1572	1806	1863	1579
ENSG00000141469	SLC14A1	4	0	6	2	0	5	3
ENSG00000141480	ARRB2	5121	4376	5062	3854	4258	4331	3471
ENSG00000141485	SLC13A5	0	0	3	0	1	2	0
ENSG00000141497	ZMYND15	31	24	28	25	28	8	14
ENSG00000141499	WRAP53	1996	1658	1956	1401	1585	1657	1300
ENSG00000141503	MINK1	7599	6571	7011	5074	5603	5568	4684
ENSG00000141504	SAT2	324	274	392	263	309	358	241
ENSG00000141505	ASGR1	109	114	111	78	99	101	59
ENSG00000141510	TP53	7897	6702	7832	5648	6160	6539	5270
ENSG00000141519	CCDC40	232	162	186	185	199	198	189
ENSG00000141522	ARHGDIA	17083	14769	16690	12981	13842	14087	11172
ENSG00000141524	TMC6	492	465	494	447	428	406	405
ENSG00000141526	SLC16A3	5197	4722	5153	4284	3803	3801	2950
ENSG00000141527	CARD14	17	2	8	3	4	10	10
ENSG00000141540	TTYH2	88	85	87	54	95	91	41
ENSG00000141542	RAB40B	895	672	930	666	705	760	530
ENSG00000141543	EIF4A3	6329	5436	6089	4766	4964	5195	4165
ENSG00000141551	CSNK1D	7653	6913	7687	5784	6151	6465	5141
ENSG00000141552	ANAPC11	4023	3691	4278	3009	3204	3447	2719
ENSG00000141556	TBCD	3955	3567	4149	2955	3283	3457	2603
ENSG00000141560	FN3KRP	3726	3323	3958	2741	2982	2999	2353
ENSG00000141562	NARF	1508	1339	1538	1182	1228	1300	975
ENSG00000141564	RPTOR	3668	3025	3677	2561	3061	2917	2424
ENSG00000141568	FOXK2	4424	3653	4471	3106	3643	3802	2926
ENSG00000141569	TRIM65	2199	2001	2336	1650	1778	1943	1552
ENSG00000141570	CBX8	1320	1052	1168	964	1036	977	855
ENSG00000141574	SECTM1	15	15	20	8	10	7	11
ENSG00000141576	RNF157	697	590	747	505	519	557	435
ENSG00000141577	CEP131	1136	1068	1206	893	984	921	736
ENSG00000141579	ZNF750	2	2	3	6	2	2	1
ENSG00000141580	WDR45B	5052	4444	4686	3594	3947	4256	3298
ENSG00000141582	CBX4	4012	3612	3993	2986	3126	3118	2463
ENSG00000141622	RNF165	54	19	57	12	5	9	14
ENSG00000141627	DYM	1097	949	1146	869	992	918	757
ENSG00000141639	MAPK4	40	31	39	21	32	18	17
ENSG00000141642	ELAC1	178	183	231	165	136	187	134
ENSG00000141644	MBD1	1859	1603	1949	1368	1435	1558	1224
ENSG00000141646	SMAD4	1017	965	1055	704	876	858	682
ENSG00000141655	TNFRSF11A	534	546	599	373	465	459	360
ENSG00000141664	ZCCHC2	909	805	885	612	690	729	626
ENSG00000141665	FBXO15	70	57	60	47	48	58	51
ENSG00000141668	CBLN2	35	9	34	17	21	29	16
ENSG00000141682	PMAIP1	756	666	801	512	535	686	540
ENSG00000141696	P3H4	3720	3370	3786	2813	3126	3164	2457
ENSG00000141698	NT5C3B	399	418	258	325	337	326	302
ENSG00000141699	RETREG3	2610	2198	2706	2001	2125	2184	1721
ENSG00000141736	ERBB2	4735	4158	4901	3372	3623	3788	3038
ENSG00000141738	GRB7	1244	1031	1270	943	902	971	698
ENSG00000141741	MIEN1	2147	1856	2178	1690	1640	1813	1442
ENSG00000141744	PNMT	0	0	0	0	1	0	2
ENSG00000141750	STAC2	23	21	11	11	12	6	0
ENSG00000141753	IGFBP4	88663	76628	94870	68792	69815	72916	55998
ENSG00000141756	FKBP10	6596	5526	6181	5020	5080	5187	4134
ENSG00000141759	TXNL4A	2167	1974	2075	1629	1725	1687	1330
ENSG00000141837	CACNA1A	5	14	7	0	5	5	11
ENSG00000141854	MISP3	222	178	207	181	177	183	135
ENSG00000141858	SAMD1	2040	1822	2182	1640	1795	1765	1379
ENSG00000141867	BRD4	4956	3957	4885	3619	3923	3992	3214
ENSG00000141873	SLC39A3	1154	985	1179	867	942	1053	794
ENSG00000141905	NFIC	6841	5754	6755	5212	5556	5799	4621
ENSG00000141933	TPGS1	602	513	607	475	459	465	367
ENSG00000141934	PLPP2	4314	3728	3983	3038	3251	3506	2808
ENSG00000141946	ZIM3	1	0	0	0	0	0	0
ENSG00000141956	PRDM15	438	461	467	325	417	438	355
ENSG00000141959	PFKL	4697	3905	4504	3503	3487	3642	2873
ENSG00000141965	FEM1A	495	442	523	361	436	396	366
ENSG00000141968	VAV1	177	179	192	156	154	155	119
ENSG00000141971	MVB12A	1004	819	1030	784	740	851	677
ENSG00000141985	SH3GL1	3612	3264	3401	2701	2910	2815	2276
ENSG00000141994	DUS3L	969	797	940	698	886	873	584
ENSG00000142002	DPP9	4195	3647	4246	3176	3488	3545	2807
ENSG00000142025	DMRTC2	0	0	1	0	0	0	0
ENSG00000142039	CCDC97	3352	3063	3438	2511	2736	2922	2368
ENSG00000142046	TMEM91	392	360	379	283	288	299	204
ENSG00000142065	ZFP14	447	384	453	352	336	384	313
ENSG00000142082	SIRT3	1033	782	799	719	800	772	527
ENSG00000142089	IFITM3	228	192	289	182	164	201	164
ENSG00000142102	PGGHG	718	603	738	522	502	572	452
ENSG00000142149	HUNK	303	265	328	190	246	239	202
ENSG00000142156	COL6A1	862	762	986	668	670	583	498
ENSG00000142166	IFNAR1	1138	1126	1590	997	1115	1148	1047
ENSG00000142168	SOD1	6358	5544	6807	4882	5076	5689	4537
ENSG00000142173	COL6A2	358	301	363	271	220	260	194
ENSG00000142178	SIK1	0	0	2	2	2	2	4
ENSG00000142182	DNMT3L	0	0	1	0	0	0	0
ENSG00000142185	TRPM2	123	102	122	114	108	92	107
ENSG00000142186	SCYL1	2953	2622	3088	2271	2390	2517	2029
ENSG00000142188	TMEM50B	739	562	720	523	549	537	484
ENSG00000142192	APP	31652	27401	32839	22287	24727	25851	21477
ENSG00000142197	DOP1B	563	508	730	436	535	513	442
ENSG00000142207	URB1	2611	2262	2569	1641	2178	2120	1760
ENSG00000142208	AKT1	6628	5838	6881	5144	5346	5605	4496
ENSG00000142224	IL19	0	0	0	1	0	1	0
ENSG00000142227	EMP3	4721	4021	3975	3457	3683	3939	3054
ENSG00000142230	SAE1	10477	9327	10833	7848	8642	8862	6989
ENSG00000142233	NTN5	23	20	18	16	9	18	10
ENSG00000142235	LMTK3	1054	859	1235	832	896	865	697
ENSG00000142252	GEMIN7	1476	1256	1357	1099	1096	1147	931
ENSG00000142273	CBLC	0	0	1	0	0	1	0
ENSG00000142279	WTIP	697	599	662	485	476	497	397
ENSG00000142303	ADAMTS10	1542	1363	1432	1104	983	1045	866
ENSG00000142319	SLC6A3	1	0	0	1	0	1	0
ENSG00000142327	RNPEPL1	2617	2262	2494	1996	2091	2120	1666
ENSG00000142330	CAPN10	872	737	827	582	659	693	499
ENSG00000142347	MYO1F	56	32	49	39	23	25	19
ENSG00000142396	ERVK3-1	1857	1598	1826	1363	1527	1558	1238
ENSG00000142405	NLRP12	1	0	1	1	0	2	0
ENSG00000142408	CACNG8	1119	946	1072	797	732	772	596
ENSG00000142409	ZNF787	2686	2454	2777	2144	2286	2203	1787
ENSG00000142444	TIMM29	521	392	528	357	393	413	315
ENSG00000142449	FBN3	0	1	4	2	3	2	1
ENSG00000142453	CARM1	3243	2697	3198	2469	2672	2756	2188
ENSG00000142459	EVI5L	266	281	311	188	214	210	187
ENSG00000142484	TM4SF5	46	49	59	39	33	49	17
ENSG00000142494	SLC47A1	1633	1437	1605	1213	1230	1303	1140
ENSG00000142507	PSMB6	6647	5709	5918	4914	5207	5374	4251
ENSG00000142511	GPR32	0	0	1	0	0	0	0
ENSG00000142512	SIGLEC10	1	0	5	0	0	2	0
ENSG00000142513	ACP4	1	2	2	0	0	1	0
ENSG00000142528	ZNF473	759	650	705	511	636	639	533
ENSG00000142530	GARIN5A	73	69	72	77	70	64	56
ENSG00000142534	RPS11	36728	32125	31292	27095	27745	29749	24318
ENSG00000142538	PTH2	0	0	0	0	0	0	1
ENSG00000142539	NA	0	0	0	5	3	6	0
ENSG00000142541	RPL13A	95067	83459	93302	71650	78601	80359	62867
ENSG00000142544	CTU1	699	623	718	551	563	601	398
ENSG00000142546	NOSIP	2509	2216	2265	1964	1918	2121	1644
ENSG00000142549	IGLON5	49	44	35	24	38	37	32
ENSG00000142552	RCN3	103	109	106	89	69	73	62
ENSG00000142556	ZNF614	328	289	330	234	254	257	222
ENSG00000142583	SLC2A5	12	9	14	9	11	11	9
ENSG00000142599	RERE	3107	2686	3395	2233	2391	2427	2191
ENSG00000142606	MMEL1	0	0	3	1	0	0	0
ENSG00000142609	CFAP74	2	1	0	0	0	0	2
ENSG00000142611	PRDM16	13	23	25	12	11	19	2
ENSG00000142615	CELA2A	0	0	0	0	1	0	0
ENSG00000142619	PADI3	124	115	138	99	98	78	85
ENSG00000142621	FHAD1	23	24	28	17	20	25	18
ENSG00000142623	PADI1	58	48	64	42	71	63	59
ENSG00000142627	EPHA2	6238	5506	6167	4359	4847	5032	3916
ENSG00000142632	ARHGEF19	203	132	173	117	117	131	119
ENSG00000142634	EFHD2	4688	4103	4746	3607	3858	3849	3012
ENSG00000142655	PEX14	1041	838	1002	749	813	851	639
ENSG00000142657	PGD	69047	60224	67696	50616	55502	58357	46495
ENSG00000142661	MYOM3	473	377	496	354	343	379	279
ENSG00000142669	SH3BGRL3	2103	1759	2032	1555	1620	1734	1323
ENSG00000142675	CNKSR1	10	15	0	15	0	9	0
ENSG00000142676	RPL11	10529	8725	8093	7704	7956	8008	6550
ENSG00000142677	IL22RA1	290	237	246	181	189	178	141
ENSG00000142684	ZNF593	565	532	557	420	438	471	395
ENSG00000142686	C1orf216	917	820	902	633	663	693	581
ENSG00000142687	KIAA0319L	2150	1822	2389	1644	1784	1842	1501
ENSG00000142694	EVA1B	326	274	357	252	257	271	168
ENSG00000142700	DMRTA2	30	29	28	29	27	18	15
ENSG00000142731	PLK4	1110	1061	1187	737	944	964	793
ENSG00000142733	MAP3K6	496	415	616	404	405	443	426
ENSG00000142748	FCN3	7	5	4	5	2	4	1
ENSG00000142751	GPN2	1211	1045	1137	842	926	962	730
ENSG00000142765	SYTL1	40	28	31	36	18	27	18
ENSG00000142784	WDTC1	1339	1096	1269	971	896	1020	782
ENSG00000142794	NBPF3	43	51	50	20	44	89	91
ENSG00000142798	HSPG2	9638	8510	10189	6441	7478	6625	5897
ENSG00000142856	ITGB3BP	659	642	634	558	554	605	523
ENSG00000142864	SERBP1	14593	12834	14988	10430	12201	12628	10245
ENSG00000142867	BCL10	594	544	624	510	504	522	442
ENSG00000142871	CCN1	903	807	673	607	709	673	563
ENSG00000142875	PRKACB	1749	1629	1945	1273	1492	1649	1283
ENSG00000142892	PIGK	1575	1436	1579	1100	1326	1422	1140
ENSG00000142910	TINAGL1	44	48	49	31	39	35	31
ENSG00000142920	AZIN2	49	42	43	35	17	38	22
ENSG00000142937	RPS8	24526	20094	22961	19063	18443	20032	16409
ENSG00000142945	KIF2C	2900	2558	2827	2044	2242	2192	1747
ENSG00000142949	PTPRF	9604	8144	10617	6992	7760	7628	6118
ENSG00000142959	BEST4	7	9	16	9	6	6	6
ENSG00000142961	MOB3C	343	321	335	220	250	226	210
ENSG00000143001	TMEM61	13	9	16	12	9	14	12
ENSG00000143013	LMO4	1649	1295	1464	1213	1228	1308	1042
ENSG00000143028	SYPL2	14	10	3	2	13	7	6
ENSG00000143033	MTF2	864	791	914	666	716	753	649
ENSG00000143036	SLC44A3	246	213	214	170	171	165	162
ENSG00000143061	IGSF3	5548	5002	5761	3654	4454	4427	3852
ENSG00000143067	ZNF697	139	141	159	129	131	106	89
ENSG00000143079	CTTNBP2NL	983	816	932	682	776	749	652
ENSG00000143093	STRIP1	934	813	943	626	761	776	604
ENSG00000143106	PSMA5	3005	2604	2339	2012	2374	2277	1881
ENSG00000143107	FNDC7	0	0	1	2	0	0	0
ENSG00000143110	C1orf162	3	4	0	4	3	0	1
ENSG00000143119	CD53	0	0	0	0	1	0	0
ENSG00000143126	CELSR2	2870	2609	3192	2004	2371	2303	1902
ENSG00000143127	ITGA10	70	57	72	50	68	56	37
ENSG00000143147	GPR161	1078	910	1084	734	736	797	680
ENSG00000143149	ALDH9A1	3126	2786	3388	2442	2527	2802	2256
ENSG00000143153	ATP1B1	26989	22923	28016	20184	20893	22826	17596
ENSG00000143155	TIPRL	2118	1872	2230	1589	1744	1870	1500
ENSG00000143156	NME7	867	750	984	608	664	702	525
ENSG00000143157	POGK	3460	2982	3502	2337	2919	3016	2396
ENSG00000143158	MPC2	4333	3743	4044	3015	3365	3614	2781
ENSG00000143162	CREG1	4210	3506	4320	2996	3475	3712	2812
ENSG00000143164	DCAF6	3270	3010	3540	2481	2699	2737	2243
ENSG00000143167	GPA33	0	0	1	1	0	0	0
ENSG00000143178	TBX19	63	38	51	61	42	47	32
ENSG00000143179	UCK2	4574	4148	4356	3302	3866	3647	3049
ENSG00000143183	TMCO1	4200	3783	4438	3320	3596	3690	2870
ENSG00000143184	XCL1	1	0	1	0	0	0	0
ENSG00000143190	POU2F1	1529	1387	1578	1094	1230	1230	1052
ENSG00000143195	ILDR2	0	3	3	1	0	0	0
ENSG00000143198	MGST3	3854	3328	3746	2892	2933	3177	2660
ENSG00000143199	ADCY10	16	4	10	8	10	9	8
ENSG00000143207	COP1	1023	929	1163	758	826	931	706
ENSG00000143217	NECTIN4	15	12	13	16	11	11	9
ENSG00000143222	UFC1	2114	1771	1862	1571	1553	1650	1420
ENSG00000143224	PPOX	378	337	391	251	303	273	245
ENSG00000143226	FCGR2A	0	2	2	0	0	0	0
ENSG00000143228	NUF2	1662	1328	1585	1152	1257	1322	1048
ENSG00000143248	RGS5	33	32	42	20	38	34	25
ENSG00000143252	SDHC	5005	4431	4841	3663	3893	4156	3321
ENSG00000143256	PFDN2	1851	1658	1793	1369	1580	1495	1274
ENSG00000143257	NR1I3	4	3	2	2	3	1	4
ENSG00000143258	USP21	835	750	845	605	670	690	530
ENSG00000143278	F13B	33	28	29	19	20	32	24
ENSG00000143294	PRCC	3214	2742	3258	2470	2585	2744	2206
ENSG00000143297	FCRL5	0	0	1	0	0	0	0
ENSG00000143303	METTL25B	1263	1080	1180	865	979	1036	839
ENSG00000143314	MRPL24	3778	3383	3593	2816	3269	3178	2590
ENSG00000143315	PIGM	1418	1252	1377	1048	1115	1121	860
ENSG00000143318	CASQ1	9	2	6	1	0	0	2
ENSG00000143319	ISG20L2	2611	2053	2527	1886	2008	2129	1653
ENSG00000143320	CRABP2	109	115	132	83	82	77	67
ENSG00000143321	HDGF	24689	21218	24501	18581	19843	20664	15585
ENSG00000143322	ABL2	2100	1898	2279	1367	1700	1661	1423
ENSG00000143324	XPR1	3848	3289	3913	2663	3034	3093	2569
ENSG00000143333	RGS16	6	7	7	13	7	10	1
ENSG00000143337	TOR1AIP1	2705	2209	2632	2018	2175	2282	1853
ENSG00000143340	FAM163A	0	0	2	0	0	0	0
ENSG00000143341	HMCN1	10	9	12	8	3	7	8
ENSG00000143344	RGL1	365	337	354	265	231	293	254
ENSG00000143353	LYPLAL1	550	550	520	397	426	489	396
ENSG00000143355	LHX9	107	81	99	74	79	77	66
ENSG00000143363	PRUNE1	717	668	795	519	637	642	494
ENSG00000143365	RORC	7	8	10	17	8	0	13
ENSG00000143367	TUFT1	732	684	815	572	590	605	482
ENSG00000143368	SF3B4	5353	4213	4761	3863	4096	4468	3518
ENSG00000143369	ECM1	71	63	81	47	57	67	50
ENSG00000143373	ZNF687	1801	1591	1856	1323	1438	1388	1175
ENSG00000143374	TARS2	1922	1596	1793	1369	1579	1656	1374
ENSG00000143375	CGN	513	427	576	385	369	345	340
ENSG00000143376	SNX27	2125	1869	2075	1614	1627	1647	1446
ENSG00000143379	SETDB1	1540	1353	1445	1145	1131	1254	1089
ENSG00000143382	ADAMTSL4	53	82	70	65	57	51	52
ENSG00000143384	MCL1	7793	7098	8082	5618	6105	6353	5199
ENSG00000143387	CTSK	8	55	47	46	59	8	30
ENSG00000143390	RFX5	3049	2679	2963	2115	2303	2453	2004
ENSG00000143393	PI4KB	2379	1979	2491	1643	1879	2019	1583
ENSG00000143398	PIP5K1A	2991	2372	2610	1833	2293	2393	1905
ENSG00000143401	ANP32E	7854	7155	8764	5588	6638	7034	5549
ENSG00000143409	MINDY1	345	323	352	269	288	261	238
ENSG00000143412	ANXA9	95	90	97	55	62	50	67
ENSG00000143416	SELENBP1	1100	1071	1193	784	928	977	805
ENSG00000143418	CERS2	10382	9004	9934	7607	8105	8320	6771
ENSG00000143420	ENSA	6231	5636	6293	4630	4969	5346	4226
ENSG00000143434	SEMA6C	217	180	204	152	172	184	119
ENSG00000143436	MRPL9	2170	1939	2137	1703	1761	2011	1543
ENSG00000143437	ARNT	1762	1476	1736	1094	1324	1428	1152
ENSG00000143442	POGZ	2515	2416	2722	1843	2057	2312	1767
ENSG00000143443	C1orf56	509	443	497	347	413	415	319
ENSG00000143450	OAZ3	43	36	32	33	31	30	22
ENSG00000143452	HORMAD1	472	415	465	330	346	406	309
ENSG00000143457	GOLPH3L	2018	1837	2240	1527	1624	1726	1417
ENSG00000143458	GABPB2	536	492	501	372	396	463	357
ENSG00000143473	KCNH1	94	88	130	48	109	70	84
ENSG00000143476	DTL	2743	2263	2596	1836	2279	2195	1884
ENSG00000143479	DYRK3	751	709	830	546	630	615	555
ENSG00000143486	EIF2D	1573	1263	1491	1178	1357	1363	1061
ENSG00000143493	INTS7	1915	1691	1924	1386	1620	1701	1364
ENSG00000143494	VASH2	388	350	413	255	321	324	239
ENSG00000143498	TAF1A	337	281	289	213	281	263	202
ENSG00000143499	SMYD2	1031	932	1034	769	906	896	636
ENSG00000143502	SUSD4	30	28	37	21	38	39	25
ENSG00000143507	DUSP10	334	258	275	182	227	241	211
ENSG00000143512	HHIPL2	794	676	785	564	534	622	508
ENSG00000143514	TP53BP2	1707	1387	1583	1115	1343	1359	1160
ENSG00000143515	ATP8B2	2196	1893	2134	1470	1619	1695	1326
ENSG00000143520	FLG2	7	3	4	2	1	1	2
ENSG00000143537	ADAM15	3615	3132	3401	2529	2862	2944	2327
ENSG00000143543	JTB	4551	3838	4658	3414	3884	4004	3144
ENSG00000143545	RAB13	4788	4323	5252	3867	3986	4055	3378
ENSG00000143546	S100A8	0	0	0	1	0	0	1
ENSG00000143549	TPM3	14569	12683	15004	11259	11792	12466	10181
ENSG00000143552	NUP210L	1	3	0	3	1	0	0
ENSG00000143553	SNAPIN	1823	1492	1582	1300	1271	1358	1075
ENSG00000143554	SLC27A3	181	160	184	111	126	151	114
ENSG00000143556	S100A7	0	2	0	0	0	0	0
ENSG00000143569	UBAP2L	7452	6304	6582	5048	5755	5769	5036
ENSG00000143570	SLC39A1	7058	6436	7119	5309	5540	6039	4713
ENSG00000143575	HAX1	2092	1773	2048	1505	1747	1770	1336
ENSG00000143578	CREB3L4	436	353	425	295	358	322	310
ENSG00000143590	EFNA3	143	132	175	130	102	122	112
ENSG00000143595	AQP10	0	1	0	0	1	0	0
ENSG00000143603	KCNN3	13	9	8	5	8	8	4
ENSG00000143612	C1orf43	7167	6199	7177	5277	6096	6263	4976
ENSG00000143614	GATAD2B	2148	1770	2036	1600	1559	1734	1359
ENSG00000143621	ILF2	9546	8614	9855	7119	7865	8380	6553
ENSG00000143622	RIT1	942	907	937	684	864	814	683
ENSG00000143624	INTS3	2849	2545	3049	1917	2335	2366	1984
ENSG00000143627	PKLR	1	2	4	2	0	0	1
ENSG00000143630	HCN3	458	349	478	316	336	348	301
ENSG00000143631	FLG	87	89	125	51	80	73	59
ENSG00000143632	ACTA1	6	3	6	4	3	6	4
ENSG00000143633	C1orf131	995	876	972	782	817	891	709
ENSG00000143641	GALNT2	9716	8465	9663	6939	7578	7511	6163
ENSG00000143643	TTC13	910	889	957	689	770	792	659
ENSG00000143653	SCCPDH	2939	2602	2995	2140	2438	2639	1977
ENSG00000143669	LYST	388	324	324	224	241	226	235
ENSG00000143674	MAP3K21	2702	2290	2805	1811	2100	2245	1712
ENSG00000143702	CEP170	2489	2173	2628	1412	1938	1868	1659
ENSG00000143727	ACP1	5324	4533	5199	3943	4184	4656	3657
ENSG00000143740	SNAP47	1440	1326	1537	1126	1187	1262	978
ENSG00000143742	SRP9	9355	8173	9851	6875	7827	8697	6792
ENSG00000143748	NVL	950	765	902	692	772	788	687
ENSG00000143751	SDE2	826	682	821	569	663	683	588
ENSG00000143753	DEGS1	4027	3572	4169	2990	3381	3595	2755
ENSG00000143756	FBXO28	1873	1556	1882	1256	1635	1656	1313
ENSG00000143761	ARF1	15391	13437	15188	11305	12099	12931	10233
ENSG00000143771	CNIH4	2482	2258	2222	1849	2009	2070	1736
ENSG00000143772	ITPKB	407	381	481	249	337	361	291
ENSG00000143774	GUK1	2085	1985	2149	1671	1591	1719	1433
ENSG00000143776	CDC42BPA	3796	3428	4038	2672	3252	3233	2765
ENSG00000143786	CNIH3	10	18	7	14	11	8	2
ENSG00000143793	C1orf35	1109	907	1090	884	871	854	768
ENSG00000143797	MBOAT2	1067	941	1090	726	806	839	574
ENSG00000143799	PARP1	8775	7656	8791	6138	6996	6924	5851
ENSG00000143801	PSEN2	1105	787	1044	671	869	861	725
ENSG00000143811	PYCR2	1886	1804	2017	1490	1668	1711	1353
ENSG00000143815	LBR	4582	4066	4737	3182	3658	3940	3136
ENSG00000143816	WNT9A	280	277	280	218	218	231	181
ENSG00000143819	EPHX1	18243	15168	16898	12698	14344	15324	11644
ENSG00000143839	REN	0	0	1	1	0	0	0
ENSG00000143842	SOX13	1079	907	1109	722	850	872	727
ENSG00000143845	ETNK2	165	150	176	135	137	114	89
ENSG00000143847	PPFIA4	64	63	139	62	35	23	29
ENSG00000143850	PLEKHA6	4171	3805	4304	2952	3285	3257	2805
ENSG00000143851	PTPN7	0	2	0	1	1	0	0
ENSG00000143858	SYT2	18	4	15	7	7	12	7
ENSG00000143862	ARL8A	1726	1497	1585	1264	1309	1430	1117
ENSG00000143867	OSR1	155	144	179	134	144	165	135
ENSG00000143869	GDF7	13	16	17	7	12	7	9
ENSG00000143870	PDIA6	20331	17959	21403	15046	16083	17400	13555
ENSG00000143878	RHOB	4639	4037	4546	3463	3602	3511	2819
ENSG00000143882	ATP6V1C2	90	52	71	67	49	73	51
ENSG00000143889	HNRNPLL	2036	1896	2226	1410	1759	1724	1532
ENSG00000143891	GALM	1907	1667	1834	1384	1505	1581	1228
ENSG00000143919	CAMKMT	257	249	301	208	251	238	193
ENSG00000143921	ABCG8	1	5	2	0	0	2	0
ENSG00000143924	EML4	6658	6101	7118	4109	5550	5526	4876
ENSG00000143933	CALM2	26058	23185	25458	19567	20838	21967	18672
ENSG00000143942	CHAC2	581	575	586	422	512	570	392
ENSG00000143947	RPS27A	17528	15557	18466	13500	14500	15684	12100
ENSG00000143951	WDPCP	590	518	535	372	410	431	355
ENSG00000143952	VPS54	1848	1586	1876	1275	1434	1541	1258
ENSG00000143970	ASXL2	3020	2690	3177	1919	2452	2368	2216
ENSG00000143971	ETAA1	1248	1073	1346	884	943	1042	904
ENSG00000143977	SNRPG	3439	3115	3538	2587	2777	3110	2560
ENSG00000143994	ABHD1	12	10	15	7	13	0	14
ENSG00000143995	MEIS1	123	91	89	83	82	101	84
ENSG00000144021	CIAO1	3010	2649	2944	2240	2492	2570	2096
ENSG00000144026	ZNF514	675	610	660	467	470	504	431
ENSG00000144028	SNRNP200	12965	11509	13842	8578	10684	10601	9111
ENSG00000144029	MRPS5	2234	1870	2261	1671	1806	1868	1563
ENSG00000144031	ANKRD53	5	3	8	5	4	5	3
ENSG00000144034	TPRKB	1456	1119	1365	1071	1092	1152	947
ENSG00000144035	NAT8	0	1	0	0	0	0	0
ENSG00000144036	EXOC6B	2145	1857	2141	1417	1644	1714	1412
ENSG00000144040	SFXN5	1096	931	1088	834	853	877	674
ENSG00000144043	TEX261	4830	4061	4660	3402	3919	3957	3202
ENSG00000144045	DQX1	7	0	0	2	0	0	0
ENSG00000144048	DUSP11	855	799	940	711	708	818	645
ENSG00000144057	ST6GAL2	3477	3061	3434	2339	2620	2719	2291
ENSG00000144061	NPHP1	180	172	164	129	153	139	96
ENSG00000144063	MALL	17037	13834	16372	12507	14025	14566	11562
ENSG00000144118	RALB	2571	2199	2635	1871	2068	2093	1813
ENSG00000144120	TMEM177	868	696	837	612	654	715	538
ENSG00000144130	NT5DC4	9	10	9	6	5	5	4
ENSG00000144134	RABL2A	99	105	88	62	123	66	72
ENSG00000144136	SLC20A1	5001	4389	4956	3604	4114	4260	3395
ENSG00000144152	FBLN7	10	12	10	4	10	14	9
ENSG00000144161	ZC3H8	568	471	509	382	430	450	368
ENSG00000144182	LIPT1	104	120	98	67	95	89	90
ENSG00000144199	FAHD2B	299	249	268	216	254	221	182
ENSG00000144214	LYG1	51	48	53	37	43	41	35
ENSG00000144224	UBXN4	4899	4348	5442	3605	3967	4109	3287
ENSG00000144227	NXPH2	7	0	1	1	7	4	1
ENSG00000144228	SPOPL	956	843	1044	712	803	847	696
ENSG00000144229	THSD7B	0	0	0	0	0	1	0
ENSG00000144230	GPR17	0	3	2	3	0	0	1
ENSG00000144231	POLR2D	2473	2010	2366	1778	1990	2050	1707
ENSG00000144233	AMMECR1L	960	860	1154	688	759	876	744
ENSG00000144278	GALNT13	399	346	431	288	365	383	307
ENSG00000144283	PKP4	2048	1833	2088	1372	1711	1761	1504
ENSG00000144285	SCN1A	0	1	0	0	0	0	0
ENSG00000144290	SLC4A10	0	0	0	0	1	0	0
ENSG00000144306	SCRN3	596	518	576	441	511	490	421
ENSG00000144320	LNPK	1030	942	1205	730	906	882	681
ENSG00000144331	ZNF385B	2	3	0	3	1	2	2
ENSG00000144339	TMEFF2	16	26	25	5	15	18	14
ENSG00000144354	CDCA7	2177	1937	2049	1530	1865	2021	1464
ENSG00000144355	DLX1	90	77	103	53	68	69	71
ENSG00000144357	UBR3	1944	1692	2146	1263	1581	1547	1454
ENSG00000144362	PHOSPHO2	93	96	107	78	96	92	81
ENSG00000144366	GULP1	2483	2295	2586	1625	2100	2207	1812
ENSG00000144369	FAM171B	488	416	530	346	366	429	353
ENSG00000144381	HSPD1	32669	28671	34054	23544	26963	28754	22904
ENSG00000144395	CCDC150	56	26	75	49	39	31	47
ENSG00000144401	METTL21A	552	534	570	431	470	483	402
ENSG00000144410	CPO	6	4	0	1	3	2	2
ENSG00000144426	NBEAL1	1212	1177	1528	812	944	1050	926
ENSG00000144445	KANSL1L	184	140	164	101	116	144	119
ENSG00000144451	SPAG16	530	432	519	405	418	445	331
ENSG00000144452	ABCA12	340	343	385	234	315	265	205
ENSG00000144455	SUMF1	1084	1011	1192	805	846	1005	746
ENSG00000144460	NYAP2	27	29	21	8	15	17	13
ENSG00000144468	RHBDD1	752	719	842	554	646	653	551
ENSG00000144476	ACKR3	149	143	148	102	95	112	82
ENSG00000144481	TRPM8	11	8	8	16	8	18	6
ENSG00000144485	HES6	407	346	435	291	322	322	226
ENSG00000144488	ESPNL	13	0	5	8	7	3	2
ENSG00000144504	ANKMY1	448	389	506	292	350	404	248
ENSG00000144524	COPS7B	1150	1119	1134	867	1080	1051	859
ENSG00000144535	DIS3L2	1086	946	1035	797	882	862	748
ENSG00000144550	CPNE9	1	2	2	1	3	3	0
ENSG00000144554	FANCD2	2813	2520	2857	1931	2390	2459	1953
ENSG00000144559	TAMM41	404	317	352	299	328	354	287
ENSG00000144560	VGLL4	2045	1711	1948	1418	1531	1639	1331
ENSG00000144566	RAB5A	2626	2223	2678	1856	2202	2338	1868
ENSG00000144567	RETREG2	1679	1473	1827	1343	1328	1483	1111
ENSG00000144579	CTDSP1	2922	2385	2621	2235	2312	2329	1806
ENSG00000144580	CNOT9	2954	2479	2761	2011	2334	2439	1815
ENSG00000144583	MARCHF4	239	197	266	213	205	187	205
ENSG00000144589	STK11IP	1095	974	1166	884	942	936	772
ENSG00000144591	GMPPA	1345	1156	1342	1001	1041	1123	887
ENSG00000144596	GRIP2	73	49	54	45	57	42	28
ENSG00000144597	EAF1	1640	1380	1674	1085	1348	1376	1039
ENSG00000144619	CNTN4	12	14	15	15	13	19	5
ENSG00000144635	DYNC1LI1	2423	2189	2645	1859	2083	2126	1832
ENSG00000144642	RBMS3	48	48	57	30	46	41	40
ENSG00000144644	GADL1	4	3	10	4	5	2	1
ENSG00000144645	OSBPL10	1458	1287	1402	1003	1094	1119	1040
ENSG00000144647	POMGNT2	606	451	562	409	452	436	356
ENSG00000144648	ACKR2	1	3	8	1	4	0	0
ENSG00000144649	GASK1A	1	0	0	0	0	0	0
ENSG00000144655	CSRNP1	861	819	891	651	718	715	574
ENSG00000144659	SLC25A38	1643	1354	1634	1242	1293	1404	1189
ENSG00000144668	ITGA9	1	1	4	4	0	1	1
ENSG00000144671	SLC22A14	1	0	0	0	0	3	2
ENSG00000144674	GOLGA4	7199	5992	7473	4837	5761	6018	5023
ENSG00000144677	CTDSPL	1276	1167	1373	946	960	1125	849
ENSG00000144681	STAC	247	191	260	171	193	190	146
ENSG00000144711	IQSEC1	1759	1505	1880	1227	1404	1506	1161
ENSG00000144712	CAND2	73	63	84	64	83	55	63
ENSG00000144713	RPL32	12925	10318	10814	9276	9832	10871	8682
ENSG00000144724	PTPRG	831	667	809	523	646	672	562
ENSG00000144730	IL17RD	199	191	205	140	129	162	100
ENSG00000144736	SHQ1	1109	961	1119	840	932	952	761
ENSG00000144741	SLC25A26	506	492	597	407	415	521	405
ENSG00000144744	UBA3	1818	1537	1891	1261	1494	1562	1115
ENSG00000144746	ARL6IP5	3933	3396	4160	2952	3046	3290	2577
ENSG00000144747	TMF1	1773	1533	1915	1260	1516	1565	1266
ENSG00000144749	LRIG1	375	229	304	163	242	275	275
ENSG00000144785	NA	169	107	120	97	140	199	131
ENSG00000144791	LIMD1	3780	3056	3905	2564	2996	3174	2475
ENSG00000144792	ZNF660	9	7	5	4	6	4	3
ENSG00000144802	NFKBIZ	773	678	828	533	535	569	460
ENSG00000144810	COL8A1	0	0	1	0	1	0	0
ENSG00000144815	NXPE3	2468	2239	2454	1674	1959	2082	1733
ENSG00000144821	MYH15	32	20	15	6	19	27	13
ENSG00000144824	PHLDB2	1672	1459	1909	1075	1265	1197	1126
ENSG00000144827	ABHD10	1244	1164	1350	930	1048	1174	940
ENSG00000144837	PLA1A	13	7	12	5	17	23	18
ENSG00000144840	RABL3	397	396	284	207	268	290	268
ENSG00000144843	ADPRH	160	146	180	149	129	149	135
ENSG00000144847	IGSF11	523	455	541	379	449	481	416
ENSG00000144848	ATG3	2509	2254	2510	1844	2017	2270	1679
ENSG00000144852	NR1I2	1	1	3	0	0	0	4
ENSG00000144857	BOC	301	259	313	214	187	268	190
ENSG00000144867	SRPRB	2578	2359	2708	2031	2262	2278	1819
ENSG00000144868	TMEM108	2	0	0	0	0	0	0
ENSG00000144891	AGTR1	137	115	153	103	98	107	82
ENSG00000144893	MED12L	92	83	69	59	60	66	47
ENSG00000144895	EIF2A	3318	2971	3312	2409	2831	2998	2297
ENSG00000144908	ALDH1L1	4	9	19	3	7	5	4
ENSG00000144909	OSBPL11	1010	903	1137	762	929	912	749
ENSG00000144935	TRPC1	772	701	773	495	559	583	492
ENSG00000144959	NCEH1	3113	2732	3196	2109	2539	2745	2220
ENSG00000145002	FAM86B2	5	7	7	5	4	14	3
ENSG00000145012	LPP	5915	5287	6166	3932	4448	4469	3774
ENSG00000145014	TMEM44	451	405	480	326	432	326	277
ENSG00000145016	RUBCN	734	593	754	539	581	572	442
ENSG00000145020	AMT	0	0	7	1	0	12	3
ENSG00000145022	TCTA	791	619	766	565	616	644	509
ENSG00000145029	NICN1	431	310	527	491	364	396	252
ENSG00000145040	UCN2	165	182	219	165	128	150	104
ENSG00000145041	DCAF1	2066	1780	2180	1367	1641	1650	1448
ENSG00000145050	MANF	2512	2157	2334	1811	1870	1905	1570
ENSG00000145087	STXBP5L	6	3	1	2	2	5	2
ENSG00000145088	EAF2	92	96	88	75	78	80	63
ENSG00000145103	ILDR1	1	0	1	0	0	1	0
ENSG00000145107	TM4SF19	116	94	85	64	67	92	66
ENSG00000145147	SLIT2	2	0	0	0	0	0	0
ENSG00000145191	EIF2B5	1350	1125	1301	1024	1087	1085	883
ENSG00000145192	AHSG	29	23	59	32	26	46	26
ENSG00000145198	VWA5B2	154	143	190	141	119	137	101
ENSG00000145214	DGKQ	915	855	998	753	735	654	596
ENSG00000145216	FIP1L1	1149	1098	1348	995	1166	1143	913
ENSG00000145217	SLC26A1	144	126	150	97	112	105	94
ENSG00000145220	LYAR	1044	883	1052	789	866	952	735
ENSG00000145241	CENPC	98	92	141	97	109	98	89
ENSG00000145242	EPHA5	43	29	29	24	31	22	18
ENSG00000145244	CORIN	2	0	1	1	2	1	0
ENSG00000145246	ATP10D	218	227	258	146	165	155	133
ENSG00000145247	OCIAD2	1692	1517	1591	1304	1337	1387	1135
ENSG00000145248	SLC10A4	145	165	161	105	114	134	105
ENSG00000145283	SLC10A6	0	0	1	0	1	0	1
ENSG00000145284	SCD5	968	896	1043	725	779	763	617
ENSG00000145287	PLAC8	62	51	47	46	40	41	33
ENSG00000145293	ENOPH1	1643	1500	1677	1159	1394	1466	1146
ENSG00000145331	TRMT10A	317	301	369	233	322	303	245
ENSG00000145332	KLHL8	874	845	831	571	706	706	552
ENSG00000145335	SNCA	18	11	12	12	10	13	11
ENSG00000145337	PYURF	2013	1816	2209	1518	1762	1896	1368
ENSG00000145348	TBCK	550	570	538	502	523	425	406
ENSG00000145349	CAMK2D	3931	3467	4111	2692	3206	3347	2749
ENSG00000145354	CISD2	1443	1344	1417	1018	1193	1155	1102
ENSG00000145358	DDIT4L	336	274	322	241	240	239	208
ENSG00000145362	ANK2	68	84	96	59	77	80	63
ENSG00000145365	TIFA	488	370	460	345	339	390	284
ENSG00000145375	SPATA5	422	432	438	359	392	398	373
ENSG00000145386	CCNA2	3553	3128	3754	2588	2940	3234	2564
ENSG00000145388	METTL14	1009	858	999	738	859	874	776
ENSG00000145390	USP53	1937	1691	1975	1106	1433	1589	1497
ENSG00000145391	SETD7	6389	5742	6500	4238	5260	5216	4479
ENSG00000145414	NAF1	582	545	616	417	521	489	420
ENSG00000145416	MARCHF1	157	129	151	94	129	122	101
ENSG00000145425	RPS3A	20922	18735	22717	16191	17379	19142	14727
ENSG00000145431	PDGFC	179	171	201	121	151	155	104
ENSG00000145439	CBR4	622	549	646	480	551	549	422
ENSG00000145451	GLRA3	0	2	2	2	3	2	1
ENSG00000145476	CYP4V2	474	315	334	314	438	342	347
ENSG00000145491	ROPN1L	22	12	16	20	21	20	8
ENSG00000145494	NDUFS6	3741	3153	3350	2686	3026	3031	2559
ENSG00000145495	MARCHF6	4881	4077	5270	3307	3935	4164	3238
ENSG00000145506	NKD2	139	128	168	125	110	137	88
ENSG00000145526	CDH18	0	1	0	0	0	1	0
ENSG00000145536	ADAMTS16	61	36	48	25	33	39	17
ENSG00000145545	SRD5A1	1103	993	1100	845	854	840	718
ENSG00000145555	MYO10	12526	10952	13182	8705	9830	10197	8391
ENSG00000145569	OTULINL	162	156	158	113	98	137	107
ENSG00000145592	RPL37	10266	8862	10677	7839	8697	9360	7325
ENSG00000145604	SKP2	1163	936	1215	933	871	894	757
ENSG00000145623	OSMR	6786	5933	7287	4776	5417	5376	4642
ENSG00000145632	PLK2	6027	5134	5689	4139	4560	4783	3970
ENSG00000145675	PIK3R1	1074	964	1216	766	873	931	761
ENSG00000145681	HAPLN1	1	0	0	0	0	0	0
ENSG00000145685	LHFPL2	4652	3980	4734	3074	3742	3833	3122
ENSG00000145687	SSBP2	263	276	243	207	210	206	154
ENSG00000145700	ANKRD31	23	18	26	17	19	18	11
ENSG00000145703	IQGAP2	2877	2499	2974	1785	2196	2317	1938
ENSG00000145715	RASA1	1955	1810	2071	1398	1676	1626	1351
ENSG00000145721	LIX1	0	0	1	0	0	0	0
ENSG00000145723	GIN1	268	239	301	190	262	239	236
ENSG00000145725	PPIP5K2	2206	1981	2321	1465	1747	1895	1605
ENSG00000145730	PAM	1225	1135	1451	907	1137	1157	907
ENSG00000145734	BDP1	1760	1630	2187	937	1636	1363	1448
ENSG00000145736	GTF2H2	295	288	265	209	249	248	205
ENSG00000145740	SLC30A5	3407	2981	3480	2499	2804	2917	2321
ENSG00000145741	BTF3	19685	17509	19104	15032	16067	17133	13520
ENSG00000145743	FBXL17	1147	980	1037	706	956	1019	795
ENSG00000145757	SPATA9	0	0	0	1	1	1	0
ENSG00000145777	TSLP	0	2	0	1	0	0	3
ENSG00000145779	TNFAIP8	1165	1044	1228	884	890	918	774
ENSG00000145780	FEM1C	1055	915	1104	721	825	953	748
ENSG00000145781	COMMD10	1251	1148	1284	941	1065	1142	907
ENSG00000145782	ATG12	1551	1363	1586	1139	1271	1353	1020
ENSG00000145794	MEGF10	1	0	3	1	0	0	0
ENSG00000145817	YIPF5	2795	2238	2967	2049	2282	2386	1832
ENSG00000145819	ARHGAP26	4660	4222	4933	3311	3870	3740	3160
ENSG00000145826	LECT2	0	3	1	0	0	0	0
ENSG00000145832	SLC25A48	1	0	0	2	1	0	1
ENSG00000145833	DDX46	8783	7647	9450	6425	6989	7303	5960
ENSG00000145839	IL9	0	0	0	0	0	1	0
ENSG00000145850	TIMD4	76	62	66	34	39	56	30
ENSG00000145860	RNF145	7889	6988	8200	5676	6107	6301	5187
ENSG00000145861	C1QTNF2	5	2	2	3	9	1	2
ENSG00000145868	FBXO38	1279	1070	1234	890	1080	1043	854
ENSG00000145882	PCYOX1L	349	350	407	274	271	284	246
ENSG00000145888	GLRA1	0	2	3	0	0	0	0
ENSG00000145901	TNIP1	5653	4825	6171	4515	4564	4704	3611
ENSG00000145907	G3BP1	6982	6129	7185	5182	6167	5782	4801
ENSG00000145908	ZNF300	699	585	729	496	524	592	445
ENSG00000145911	N4BP3	35	37	47	28	34	39	31
ENSG00000145912	NHP2	6383	5536	6312	4813	5142	5510	4411
ENSG00000145916	RMND5B	1455	1184	1419	962	1157	1173	879
ENSG00000145919	BOD1	1931	1701	1922	1355	1752	1768	1466
ENSG00000145920	CPLX2	106360	94724	110453	77106	90908	91089	74120
ENSG00000145934	TENM2	2	5	1	4	3	2	6
ENSG00000145936	KCNMB1	27	20	31	28	11	17	7
ENSG00000145945	FAM50B	407	380	412	265	327	307	252
ENSG00000145949	MYLK4	32	26	25	20	24	19	19
ENSG00000145979	TBC1D7	808	692	854	642	726	735	536
ENSG00000145982	FARS2	610	535	629	461	472	481	426
ENSG00000145990	GFOD1	354	335	388	241	287	318	239
ENSG00000145996	CDKAL1	451	408	489	345	401	389	349
ENSG00000146005	PSD2	3	1	2	1	1	1	1
ENSG00000146006	LRRTM2	2	1	4	2	2	0	1
ENSG00000146007	ZMAT2	3988	3426	4376	3079	3418	3534	2795
ENSG00000146013	GFRA3	9	3	4	4	3	8	4
ENSG00000146021	KLHL3	85	84	89	48	81	63	69
ENSG00000146038	DCDC2	1415	1246	1534	1005	1092	1139	931
ENSG00000146039	SLC17A4	14	21	26	20	16	22	10
ENSG00000146054	TRIM7	632	508	691	524	504	533	449
ENSG00000146063	TRIM41	1808	1683	2087	1366	1618	1698	1244
ENSG00000146066	HIGD2A	2357	1978	2203	1745	1830	2013	1564
ENSG00000146067	FAM193B	716	656	845	630	562	483	508
ENSG00000146070	PLA2G7	1	0	1	1	0	1	0
ENSG00000146072	TNFRSF21	3282	2930	3775	2447	2884	3017	2327
ENSG00000146083	RNF44	2584	2084	2573	1910	1923	2099	1633
ENSG00000146085	MMUT	993	897	1075	691	728	819	643
ENSG00000146090	RASGEF1C	3	1	1	3	2	0	1
ENSG00000146094	DOK3	268	233	253	221	177	198	177
ENSG00000146109	ABT1	945	777	944	690	781	785	611
ENSG00000146112	PPP1R18	1526	1402	1705	1153	1365	1293	1117
ENSG00000146122	DAAM2	2	2	2	0	1	4	0
ENSG00000146143	PRIM2	956	752	875	702	748	837	631
ENSG00000146147	MLIP	0	0	1	0	2	0	0
ENSG00000146151	HMGCLL1	67	53	36	26	43	46	32
ENSG00000146166	LGSN	1201	1116	1301	830	820	924	703
ENSG00000146197	SCUBE3	27	29	26	15	21	12	16
ENSG00000146205	ANO7	19	20	13	12	8	18	4
ENSG00000146215	CRIP3	16	25	24	25	13	29	16
ENSG00000146216	TTBK1	2	3	8	7	1	4	0
ENSG00000146221	TCTE1	1	3	3	0	1	0	1
ENSG00000146223	RPL7L1	6094	5238	6540	4488	5241	5507	4288
ENSG00000146232	NFKBIE	318	287	307	261	256	283	235
ENSG00000146233	CYP39A1	16	7	8	10	7	14	7
ENSG00000146242	TPBG	3356	2811	3469	2433	2644	2712	2257
ENSG00000146243	IRAK1BP1	166	112	143	103	100	140	101
ENSG00000146247	PHIP	3136	2777	3299	2074	2509	2703	2150
ENSG00000146250	PRSS35	24	25	22	17	17	21	8
ENSG00000146263	MMS22L	1059	950	1114	734	928	975	779
ENSG00000146267	FAXC	254	221	246	159	201	178	190
ENSG00000146276	GABRR1	2	0	0	0	0	0	0
ENSG00000146278	PNRC1	2342	2066	2700	1918	1806	2115	1544
ENSG00000146281	PM20D2	2701	2424	2886	1891	2210	2352	1971
ENSG00000146282	RARS2	881	790	754	655	725	668	548
ENSG00000146285	SCML4	0	1	2	3	2	1	0
ENSG00000146350	TBC1D32	114	109	139	81	120	129	109
ENSG00000146352	CLVS2	2	0	0	0	0	1	0
ENSG00000146373	RNF217	868	843	993	659	867	936	616
ENSG00000146374	RSPO3	3997	3498	4180	3164	3275	3415	2886
ENSG00000146376	ARHGAP18	4622	3800	4700	3128	3340	3684	3000
ENSG00000146386	ABRACL	655	544	649	475	508	562	429
ENSG00000146409	SLC18B1	547	521	596	366	472	499	400
ENSG00000146410	MTFR2	515	487	547	385	394	475	325
ENSG00000146411	SLC2A12	172	127	163	92	99	116	75
ENSG00000146414	SHPRH	592	569	616	392	441	455	439
ENSG00000146416	AIG1	779	655	727	524	603	588	483
ENSG00000146425	DYNLT1	1535	1327	1554	1164	1255	1313	1018
ENSG00000146426	TIAM2	58	70	65	40	51	52	40
ENSG00000146433	TMEM181	1704	1503	1717	1141	1438	1494	1214
ENSG00000146453	PNLDC1	3	1	7	4	0	3	3
ENSG00000146457	WTAP	2395	2040	2584	1726	1925	2101	1624
ENSG00000146463	ZMYM4	2490	2110	2617	1613	2042	2087	1746
ENSG00000146469	VIP	1	0	0	0	0	0	0
ENSG00000146476	ARMT1	1314	1172	1321	932	1168	1099	929
ENSG00000146477	SLC22A3	5447	4703	5951	3844	4469	4633	3762
ENSG00000146530	VWDE	70	3	64	57	57	64	66
ENSG00000146535	GNA12	2229	2055	2611	1718	2000	1867	1136
ENSG00000146540	C7orf50	3491	3066	3766	2671	2923	3050	2335
ENSG00000146555	SDK1	278	234	298	179	227	192	188
ENSG00000146574	CCZ1B	1903	1772	1934	1457	1668	1734	1335
ENSG00000146576	INTS15	1275	1083	1342	908	1043	1146	846
ENSG00000146587	RBAK	1202	1112	1410	887	982	1043	836
ENSG00000146592	CREB5	21	34	38	17	19	29	15
ENSG00000146648	EGFR	9991	8736	10750	6580	8292	7990	6998
ENSG00000146670	CDCA5	3306	3113	3749	2543	2783	2951	2275
ENSG00000146674	IGFBP3	16015	13709	18644	13327	12916	13159	10295
ENSG00000146676	PURB	2797	2562	2856	1853	2360	2164	1976
ENSG00000146678	IGFBP1	1036	934	1321	966	775	803	665
ENSG00000146700	SSC4D	6	14	14	4	10	11	15
ENSG00000146701	MDH2	12729	10753	12563	9488	10197	10785	8282
ENSG00000146707	POMZP3	817	683	864	643	631	697	545
ENSG00000146729	NIPSNAP2	2977	2609	2992	2166	2386	2542	2060
ENSG00000146731	CCT6A	17976	15981	18529	12891	14698	15399	12480
ENSG00000146733	PSPH	1802	1552	1917	1364	1641	1692	1340
ENSG00000146757	ZNF92	498	403	548	376	421	449	355
ENSG00000146776	ATXN7L1	362	316	320	239	294	307	255
ENSG00000146802	TMEM168	1030	876	1018	653	796	875	737
ENSG00000146826	TRAPPC14	603	526	625	407	479	512	411
ENSG00000146828	SLC12A9	897	709	970	739	738	759	538
ENSG00000146830	GIGYF1	4198	3652	4638	3097	3317	3527	2860
ENSG00000146833	TRIM4	1825	1611	1909	1294	1537	1580	1310
ENSG00000146834	MEPCE	2845	2510	2772	2120	2318	2448	1816
ENSG00000146842	TMEM209	1356	1168	1341	911	1152	1203	987
ENSG00000146856	AGBL3	31	21	38	24	25	17	21
ENSG00000146858	ZC3HAV1L	387	360	404	215	309	316	231
ENSG00000146859	TMEM140	863	773	838	572	682	648	598
ENSG00000146872	TLK2	2150	1865	2210	1512	1794	1874	1551
ENSG00000146909	NOM1	1742	1525	1822	1168	1409	1608	1198
ENSG00000146918	NCAPG2	5096	4570	5116	3545	4091	4210	3503
ENSG00000146938	NLGN4X	1	0	0	1	0	1	0
ENSG00000146950	SHROOM2	81	58	89	53	74	58	43
ENSG00000146955	RAB19	0	1	1	1	0	0	1
ENSG00000146963	LUC7L2	4297	3736	4105	3012	3620	3800	2930
ENSG00000146966	DENND2A	33	30	41	24	25	28	21
ENSG00000147003	CLTRN	33	26	30	13	26	28	15
ENSG00000147010	SH3KBP1	4712	3990	4362	3518	3825	3660	3140
ENSG00000147027	TMEM47	1014	887	1028	681	710	806	641
ENSG00000147036	LANCL3	7	13	11	1	5	4	7
ENSG00000147041	SYTL5	110	97	128	83	86	71	53
ENSG00000147044	CASK	2097	1808	2116	1436	1725	1845	1518
ENSG00000147050	KDM6A	825	809	876	646	747	661	622
ENSG00000147059	SPIN2A	59	50	56	44	37	35	36
ENSG00000147065	MSN	23039	19765	23213	16381	17995	18527	15344
ENSG00000147082	CCNB3	70	58	46	48	52	59	60
ENSG00000147099	HDAC8	965	940	1000	667	790	796	662
ENSG00000147100	SLC16A2	863	742	817	648	602	618	551
ENSG00000147113	DIPK2B	0	7	0	6	0	0	5
ENSG00000147117	ZNF157	25	18	12	18	10	12	12
ENSG00000147118	ZNF182	594	478	620	385	435	477	316
ENSG00000147119	CHST7	670	554	693	481	512	534	485
ENSG00000147121	KRBOX4	468	418	488	316	394	421	333
ENSG00000147123	NDUFB11	3556	3240	3883	2688	3002	3169	2514
ENSG00000147124	ZNF41	489	444	447	333	391	393	327
ENSG00000147130	ZMYM3	3242	2806	3314	2297	2477	2464	2116
ENSG00000147133	TAF1	1960	1660	2051	1186	1697	1541	1414
ENSG00000147140	NONO	23280	20346	21979	16825	19027	19423	15837
ENSG00000147144	CCDC120	321	177	290	210	218	225	167
ENSG00000147145	LPAR4	1	0	0	0	0	0	0
ENSG00000147155	EBP	3085	2657	3257	2360	2514	2676	1989
ENSG00000147160	AWAT2	0	0	1	0	0	0	0
ENSG00000147162	OGT	3529	2878	3582	2228	2883	3058	2606
ENSG00000147164	SNX12	4408	3799	4387	3236	3631	3768	2977
ENSG00000147166	ITGB1BP2	39	36	47	33	24	38	33
ENSG00000147168	IL2RG	1	2	0	3	2	1	0
ENSG00000147174	GCNA	58	46	60	30	43	35	30
ENSG00000147180	ZNF711	245	208	227	176	177	178	167
ENSG00000147202	DIAPH2	1285	1185	1401	878	1101	1090	921
ENSG00000147223	RIPPLY1	5	15	6	4	5	5	5
ENSG00000147224	PRPS1	5119	4758	4994	3684	3970	4210	3451
ENSG00000147231	RADX	8	11	6	0	5	6	0
ENSG00000147234	FRMPD3	13	18	0	0	7	12	0
ENSG00000147251	DOCK11	921	859	1016	640	776	827	630
ENSG00000147255	IGSF1	185	168	176	148	145	160	137
ENSG00000147257	GPC3	0	0	0	1	0	16	0
ENSG00000147262	GPR119	2	0	0	0	4	0	0
ENSG00000147274	RBMX	10164	8359	9593	7005	8060	8439	6942
ENSG00000147316	MCPH1	717	684	627	440	612	621	550
ENSG00000147324	MFHAS1	3245	2794	3488	2306	2654	2861	2265
ENSG00000147364	FBXO25	949	913	1084	711	754	816	679
ENSG00000147381	MAGEA4	0	0	0	0	0	0	1
ENSG00000147383	NSDHL	1770	1520	1550	1293	1304	1442	1144
ENSG00000147394	ZNF185	1441	1210	1511	1037	1209	1064	894
ENSG00000147400	CETN2	2308	1964	2448	1843	1911	2134	1536
ENSG00000147403	RPL10	44248	36789	40121	32697	35665	36309	29704
ENSG00000147408	CSGALNACT1	5104	4573	5567	3615	4367	4570	3525
ENSG00000147416	ATP6V1B2	3336	2964	3317	2302	2839	2837	2200
ENSG00000147419	CCDC25	1819	1545	2084	1298	1375	1665	1181
ENSG00000147421	HMBOX1	382	344	412	216	298	276	308
ENSG00000147434	CHRNA6	0	0	0	0	0	1	0
ENSG00000147437	GNRH1	48	64	66	54	49	58	30
ENSG00000147439	BIN3	970	814	831	711	707	809	642
ENSG00000147443	DOK2	0	2	0	0	0	0	0
ENSG00000147454	SLC25A37	1816	1615	1951	1348	1423	1548	1191
ENSG00000147457	CHMP7	1354	1133	1382	851	1077	1131	960
ENSG00000147459	DOCK5	7323	6533	8195	5074	5859	6169	4952
ENSG00000147465	STAR	5	12	6	4	7	9	1
ENSG00000147471	PLPBP	2180	1809	2175	1553	1689	1878	1416
ENSG00000147475	ERLIN2	2194	1953	2282	1533	1809	1875	1575
ENSG00000147481	SNTG1	1	0	0	0	0	0	0
ENSG00000147485	PXDNL	2	1	1	0	0	4	0
ENSG00000147488	ST18	0	1	0	0	0	0	0
ENSG00000147509	RGS20	300	292	294	198	252	323	195
ENSG00000147526	TACC1	6445	5423	6727	4212	5482	5157	4358
ENSG00000147533	GOLGA7	2835	2337	2340	1879	2061	2139	1856
ENSG00000147535	PLPP5	1260	1000	1135	877	955	975	741
ENSG00000147536	GINS4	2464	2110	2412	1818	2020	1992	1559
ENSG00000147548	NSD3	4026	3578	3927	2559	3110	3232	2599
ENSG00000147570	DNAJC5B	0	4	2	1	2	0	1
ENSG00000147571	CRH	4	0	1	1	1	1	2
ENSG00000147573	TRIM55	5	9	11	0	7	6	3
ENSG00000147576	ADHFE1	0	0	7	0	0	0	0
ENSG00000147586	MRPS28	1362	1209	1420	981	1132	1148	907
ENSG00000147588	PMP2	1	0	0	0	0	0	0
ENSG00000147592	LACTB2	3512	3122	3421	2565	2728	2937	2332
ENSG00000147596	PRDM14	1	0	0	0	0	0	0
ENSG00000147601	TERF1	1793	1499	1715	1250	1482	1585	1193
ENSG00000147604	RPL7	37657	34775	38350	29919	31983	34415	27418
ENSG00000147606	SLC26A7	1	0	0	0	0	3	0
ENSG00000147614	ATP6V0D2	0	0	1	0	0	0	0
ENSG00000147642	SYBU	720	682	830	564	582	647	465
ENSG00000147647	DPYS	0	0	2	0	0	1	0
ENSG00000147649	MTDH	9449	8047	10108	6796	7710	8153	6486
ENSG00000147650	LRP12	987	898	1106	726	861	881	668
ENSG00000147654	EBAG9	954	795	958	748	711	849	712
ENSG00000147655	RSPO2	1	0	0	0	1	1	0
ENSG00000147669	POLR2K	2161	1874	1968	1550	1694	1882	1434
ENSG00000147676	MAL2	21	14	25	17	20	19	17
ENSG00000147677	EIF3H	6904	5894	6605	5200	5659	6100	4781
ENSG00000147679	UTP23	1183	992	1062	781	909	1010	783
ENSG00000147684	NDUFB9	4539	3878	4939	3476	3734	4068	2925
ENSG00000147687	TATDN1	1081	988	1153	809	935	1016	809
ENSG00000147689	FAM83A	134	101	166	96	111	88	71
ENSG00000147697	GSDMC	3	0	5	2	1	3	0
ENSG00000147789	ZNF7	1028	948	926	752	815	829	672
ENSG00000147799	ARHGAP39	1194	1082	1295	956	955	986	815
ENSG00000147804	SLC39A4	20	22	28	19	24	24	21
ENSG00000147813	NAPRT	311	293	388	227	223	202	191
ENSG00000147852	VLDLR	511	529	636	586	521	437	467
ENSG00000147853	AK3	3828	3377	4055	2850	3031	3459	2600
ENSG00000147854	UHRF2	1517	1298	1453	1025	1232	1269	1077
ENSG00000147862	NFIB	2222	2031	2250	1546	1824	1945	1455
ENSG00000147872	PLIN2	1623	1324	1753	1327	1354	1442	1237
ENSG00000147874	HAUS6	3615	3309	3910	2504	3111	3300	2611
ENSG00000147894	C9orf72	324	262	354	280	257	336	261
ENSG00000147905	ZCCHC7	980	885	1018	760	840	943	729
ENSG00000147912	FBXO10	547	440	553	355	423	415	329
ENSG00000147955	SIGMAR1	6065	4993	5635	4488	4872	5022	3704
ENSG00000147996	CBWD5	1249	1089	1191	882	1036	1079	932
ENSG00000148019	CEP78	2113	1824	2250	1574	1742	1746	1361
ENSG00000148057	IDNK	220	171	203	164	174	149	148
ENSG00000148082	SHC3	37	39	47	37	43	47	34
ENSG00000148090	AUH	623	589	700	490	483	470	424
ENSG00000148110	MFSD14B	4013	3507	4138	2832	3183	3399	2718
ENSG00000148120	AOPEP	1303	1097	1149	872	923	1000	833
ENSG00000148123	PLPPR1	22	19	39	18	22	21	20
ENSG00000148143	ZNF462	492	440	590	383	368	397	369
ENSG00000148153	INIP	1170	970	1192	881	949	996	804
ENSG00000148154	UGCG	1030	997	1262	838	927	967	768
ENSG00000148156	ACTL7B	0	1	0	0	0	0	1
ENSG00000148158	SNX30	594	561	639	397	491	511	445
ENSG00000148175	STOM	4909	4191	5336	3594	3889	4197	3408
ENSG00000148180	GSN	3373	2837	3392	2457	2552	2570	1977
ENSG00000148187	MRRF	1959	1706	1916	1530	1695	1785	1353
ENSG00000148200	NR6A1	298	282	334	230	237	246	185
ENSG00000148204	CRB2	13	0	5	8	3	6	4
ENSG00000148215	OR5C1	0	1	0	0	0	0	0
ENSG00000148218	ALAD	1251	1026	1192	781	864	983	879
ENSG00000148219	ASTN2	483	406	412	292	354	331	284
ENSG00000148225	WDR31	298	273	306	250	220	221	191
ENSG00000148229	POLE3	5268	4442	5073	3739	4204	4431	3651
ENSG00000148248	SURF4	15135	13053	14916	10925	11649	12436	9746
ENSG00000148288	GBGT1	83	83	78	68	67	69	59
ENSG00000148290	SURF1	918	866	931	706	780	759	607
ENSG00000148291	SURF2	602	597	607	462	570	548	398
ENSG00000148296	SURF6	2205	2019	2310	1688	1920	1945	1545
ENSG00000148297	MED22	1968	1777	2101	1485	1565	1681	1341
ENSG00000148300	REXO4	2283	2046	2330	1675	1947	1954	1653
ENSG00000148303	RPL7A	47293	40001	49978	36502	38872	41769	32354
ENSG00000148308	GTF3C5	3533	2985	3334	2485	2727	2838	2290
ENSG00000148331	ASB6	1712	1348	1565	1271	1233	1264	1085
ENSG00000148334	PTGES2	3605	3163	3648	2779	2786	3055	2213
ENSG00000148335	NTMT1	2251	2116	2187	1655	1808	1847	1442
ENSG00000148337	CIZ1	5980	4915	5466	4446	4866	5062	3887
ENSG00000148339	SLC25A25	682	611	747	494	540	605	490
ENSG00000148341	SH3GLB2	1703	1464	1474	1264	1225	1304	961
ENSG00000148343	MIGA2	866	720	827	592	705	663	591
ENSG00000148344	PTGES	3399	2783	3483	2708	2792	2931	2326
ENSG00000148346	LCN2	2537	1935	1977	1668	1713	1888	1565
ENSG00000148356	LRSAM1	811	743	815	622	737	763	613
ENSG00000148357	HMCN2	3	2	0	1	1	3	3
ENSG00000148358	GPR107	5964	5217	5862	4056	4745	4743	3875
ENSG00000148362	PAXX	806	701	726	586	572	584	511
ENSG00000148377	IDI2	0	0	0	1	0	0	0
ENSG00000148384	INPP5E	1112	984	1134	736	868	878	690
ENSG00000148396	SEC16A	7704	6498	8344	4894	6328	6311	5168
ENSG00000148399	DPH7	408	395	403	399	414	365	342
ENSG00000148400	NOTCH1	2681	2207	2811	1785	2161	1943	1748
ENSG00000148408	CACNA1B	17	15	24	15	7	19	8
ENSG00000148411	NACC2	4503	3890	4736	3089	3749	3783	3149
ENSG00000148426	PROSER2	744	714	872	563	628	652	555
ENSG00000148429	USP6NL	1362	1068	1280	870	1110	1082	892
ENSG00000148444	COMMD3	1203	1137	1210	972	1003	1094	793
ENSG00000148450	MSRB2	633	535	642	477	533	520	379
ENSG00000148459	PDSS1	494	401	451	380	430	460	346
ENSG00000148468	FAM171A1	884	776	924	684	698	732	596
ENSG00000148481	MINDY3	743	573	716	459	512	551	405
ENSG00000148483	TMEM236	37	23	26	19	24	27	15
ENSG00000148484	RSU1	2747	2405	2412	1997	2196	2230	1821
ENSG00000148488	ST8SIA6	1	4	0	2	1	5	1
ENSG00000148498	PARD3	10006	8572	10416	7008	7935	8302	6657
ENSG00000148513	ANKRD30A	414	337	496	301	329	330	289
ENSG00000148516	ZEB1	914	769	878	588	730	752	625
ENSG00000148541	FAM13C	4	2	4	2	3	2	0
ENSG00000148572	NRBF2	1041	961	1057	816	913	957	718
ENSG00000148584	A1CF	41	35	35	34	31	35	27
ENSG00000148600	CDHR1	18	11	13	0	2	5	9
ENSG00000148606	POLR3A	1645	1319	1797	1147	1338	1291	1140
ENSG00000148634	HERC4	2961	2620	3165	2162	2370	2579	2099
ENSG00000148655	LRMDA	104	77	107	63	80	74	75
ENSG00000148660	CAMK2G	1873	1564	1763	1337	1444	1420	1139
ENSG00000148671	ADIRF	0	0	1	0	4	0	0
ENSG00000148672	GLUD1	7091	6330	7589	5189	5845	6134	4817
ENSG00000148677	ANKRD1	118	81	101	80	86	115	71
ENSG00000148680	HTR7	0	1	0	0	1	0	0
ENSG00000148688	RPP30	1186	1031	1113	895	921	1065	858
ENSG00000148690	FRA10AC1	1235	1034	1209	930	1041	1058	846
ENSG00000148700	ADD3	1844	1605	1821	1298	1380	1433	1181
ENSG00000148702	HABP2	439	346	385	289	297	294	261
ENSG00000148704	VAX1	47	32	50	34	45	45	40
ENSG00000148719	DNAJB12	3062	2661	3124	2268	2493	2542	2029
ENSG00000148730	EIF4EBP2	3766	3306	3957	2563	3031	3119	2497
ENSG00000148734	NPFFR1	12	12	16	8	9	8	6
ENSG00000148735	PLEKHS1	34	29	36	20	16	25	22
ENSG00000148737	TCF7L2	1573	1182	1188	929	1192	1158	1029
ENSG00000148773	MKI67	21855	18648	21935	13980	16854	16300	13363
ENSG00000148795	CYP17A1	0	0	1	2	1	0	0
ENSG00000148798	INA	2566	2222	2658	1933	2199	2370	1912
ENSG00000148803	FUOM	162	136	147	130	137	143	101
ENSG00000148814	LRRC27	352	285	355	217	266	264	216
ENSG00000148824	MTG1	1596	1584	1697	1211	1326	1329	1136
ENSG00000148826	NKX6-2	0	0	3	0	0	0	3
ENSG00000148832	PAOX	73	51	74	59	59	66	41
ENSG00000148834	GSTO1	3531	3020	3538	2625	2650	2907	2287
ENSG00000148835	TAF5	305	283	298	254	263	287	190
ENSG00000148840	PPRC1	3601	2970	3717	2570	3071	3101	2547
ENSG00000148841	ITPRIP	1544	1358	1485	1132	1319	1240	1008
ENSG00000148842	CNNM2	1332	1134	1379	922	1041	1097	885
ENSG00000148843	PDCD11	4040	3547	4241	2825	3250	3419	2803
ENSG00000148848	ADAM12	409	342	456	285	299	270	247
ENSG00000148908	RGS10	595	514	625	428	475	525	403
ENSG00000148925	BTBD10	1270	1213	1400	987	1095	1153	949
ENSG00000148926	ADM	1390	1185	1583	1086	1114	1154	905
ENSG00000148935	GAS2	7	7	3	7	5	1	3
ENSG00000148943	LIN7C	1474	1197	1557	1063	1209	1331	1012
ENSG00000148950	IMMP1L	222	180	236	144	173	174	133
ENSG00000148965	SAA4	0	0	1	0	1	0	1
ENSG00000148985	PGAP2	1195	893	1055	726	901	900	788
ENSG00000149016	TUT1	1068	944	1142	785	815	815	684
ENSG00000149043	SYT8	3	0	0	0	0	2	1
ENSG00000149050	ZNF214	54	41	60	29	31	51	21
ENSG00000149054	ZNF215	69	62	71	48	68	53	51
ENSG00000149084	HSD17B12	4357	3725	4412	3072	3661	3889	2975
ENSG00000149089	APIP	1086	1027	1155	936	971	1023	769
ENSG00000149090	PAMR1	0	0	0	0	0	1	0
ENSG00000149091	DGKZ	2241	1913	2287	1698	1886	1820	1442
ENSG00000149100	EIF3M	5720	5076	6285	4409	4754	5211	3962
ENSG00000149115	TNKS1BP1	6578	5839	6848	4751	5256	5209	4198
ENSG00000149131	SERPING1	0	1	0	3	0	1	3
ENSG00000149136	SSRP1	16867	14181	17549	12772	13720	14530	11120
ENSG00000149150	SLC43A1	162	144	137	108	121	107	98
ENSG00000149177	PTPRJ	5223	4618	5250	3524	4260	4299	3760
ENSG00000149179	CSTPP1	1085	974	1150	905	845	995	826
ENSG00000149182	ARFGAP2	1927	1766	2007	1469	1689	1675	1375
ENSG00000149187	CELF1	5236	4342	5405	3591	4156	4200	3500
ENSG00000149196	HIKESHI	913	755	778	664	648	734	585
ENSG00000149201	CCDC81	22	18	19	7	6	14	12
ENSG00000149212	SESN3	140	137	162	100	132	114	107
ENSG00000149218	ENDOD1	608	594	691	472	598	593	461
ENSG00000149231	CCDC82	1043	973	1218	874	862	941	764
ENSG00000149243	KLHL35	31	18	30	25	21	24	14
ENSG00000149256	TENM4	7	7	4	3	8	1	2
ENSG00000149257	SERPINH1	6663	5699	6001	4852	5157	5100	4055
ENSG00000149260	CAPN5	961	790	906	683	808	723	654
ENSG00000149262	INTS4	1228	1047	1339	892	1008	1027	836
ENSG00000149269	PAK1	1597	1406	1613	1141	1285	1396	1056
ENSG00000149273	RPS3	31489	28731	31559	23867	25361	26531	20203
ENSG00000149289	ZC3H12C	704	618	719	456	579	591	516
ENSG00000149292	TTC12	255	229	217	165	214	218	200
ENSG00000149294	NCAM1	2	1	1	1	6	0	1
ENSG00000149295	DRD2	1	1	4	0	1	0	0
ENSG00000149300	C11orf52	1	7	4	0	3	1	2
ENSG00000149305	HTR3B	30	22	30	28	12	19	18
ENSG00000149308	NPAT	852	733	844	547	667	682	569
ENSG00000149311	ATM	1518	1392	1738	952	1258	1197	1165
ENSG00000149313	AASDHPPT	2077	1801	2366	1521	1805	1816	1566
ENSG00000149328	GLB1L2	254	234	269	137	165	190	187
ENSG00000149346	SLX4IP	890	765	825	598	672	696	579
ENSG00000149357	LAMTOR1	2784	2231	2911	1955	2216	2259	1781
ENSG00000149380	P4HA3	574	502	610	410	450	412	368
ENSG00000149403	GRIK4	5	3	1	0	0	0	0
ENSG00000149418	ST14	23	9	17	13	13	11	5
ENSG00000149428	HYOU1	6229	5328	6024	4351	4797	5090	4137
ENSG00000149435	GGTLC1	0	1	6	0	1	3	2
ENSG00000149451	ADAM33	1	0	3	0	0	1	0
ENSG00000149452	SLC22A8	0	0	0	0	0	0	1
ENSG00000149474	KAT14	1208	1076	1254	885	922	1007	741
ENSG00000149476	TKFC	2504	2204	2537	1889	1945	1986	1570
ENSG00000149480	MTA2	5903	5273	5779	4368	4692	4802	3944
ENSG00000149483	TMEM138	1426	1227	1255	1005	1112	1190	960
ENSG00000149485	FADS1	20822	18193	19366	14692	17104	17090	14078
ENSG00000149488	TMC2	13	15	6	7	11	4	6
ENSG00000149489	ROM1	84	57	90	58	77	71	69
ENSG00000149499	EML3	1612	1589	1622	1206	1283	1340	999
ENSG00000149503	INCENP	5218	4791	5286	3577	4192	4245	3457
ENSG00000149506	ZP1	2	0	1	0	0	0	1
ENSG00000149527	PLCH2	16	7	16	11	7	12	6
ENSG00000149532	CPSF7	5448	4786	4966	3800	4208	4314	3593
ENSG00000149534	MS4A2	9	6	8	6	9	9	3
ENSG00000149541	B3GAT3	1760	1591	1803	1297	1516	1600	1206
ENSG00000149547	EI24	4848	4076	5035	3599	4004	4235	3399
ENSG00000149548	CCDC15	81	62	68	45	70	69	51
ENSG00000149554	CHEK1	1936	1582	1946	1372	1537	1644	1378
ENSG00000149557	FEZ1	23	14	21	21	13	6	8
ENSG00000149564	ESAM	155	111	149	98	120	115	85
ENSG00000149571	KIRREL3	478	343	434	347	367	342	307
ENSG00000149573	MPZL2	5	2	4	3	3	2	0
ENSG00000149575	SCN2B	0	0	0	1	0	1	0
ENSG00000149577	SIDT2	773	582	756	519	579	588	452
ENSG00000149582	TMEM25	17	7	13	5	2	9	7
ENSG00000149591	TAGLN	297	242	284	206	180	165	157
ENSG00000149596	JPH2	63	34	69	52	34	35	28
ENSG00000149599	DUSP15	19	13	20	18	13	13	8
ENSG00000149600	COMMD7	2004	1839	2077	1590	1712	1768	1465
ENSG00000149633	KIAA1755	0	0	1	0	0	0	0
ENSG00000149634	SPATA25	14	16	15	18	13	10	8
ENSG00000149635	OCSTAMP	0	0	1	0	0	0	0
ENSG00000149636	DSN1	1649	1464	1874	1328	1378	1534	1128
ENSG00000149639	SOGA1	3253	2960	3181	2183	2615	2384	2206
ENSG00000149646	CNBD2	97	60	105	82	65	90	70
ENSG00000149654	CDH22	2	0	3	2	1	2	1
ENSG00000149657	LSM14B	1949	1770	1994	1422	1557	1648	1407
ENSG00000149658	YTHDF1	3727	3160	4056	2661	3046	3356	2646
ENSG00000149679	CABLES2	906	757	854	687	725	679	570
ENSG00000149716	LTO1	708	679	755	590	554	640	485
ENSG00000149735	GPHA2	0	0	0	1	0	0	0
ENSG00000149742	SLC22A9	0	0	1	0	0	0	0
ENSG00000149743	TRPT1	670	534	667	526	483	525	400
ENSG00000149761	NUDT22	838	688	868	614	670	713	520
ENSG00000149781	FERMT3	7	8	10	8	13	9	12
ENSG00000149782	PLCB3	3117	2526	3229	2248	2426	2456	1963
ENSG00000149792	MRPL49	3101	2675	2884	2142	2443	2646	2107
ENSG00000149798	CDC42EP2	690	588	666	477	467	509	409
ENSG00000149806	FAU	7829	6793	8708	6076	6627	7183	5501
ENSG00000149809	TM7SF2	647	560	674	501	488	517	383
ENSG00000149823	VPS51	3074	2692	2901	2389	2317	2201	2093
ENSG00000149922	TBX6	42	42	31	35	37	49	21
ENSG00000149923	PPP4C	4660	4064	4423	3445	3630	3677	2985
ENSG00000149925	ALDOA	49166	41461	52747	39958	40097	41732	32894
ENSG00000149926	TLCD3B	39	30	31	28	16	20	20
ENSG00000149927	DOC2A	249	229	253	200	183	179	157
ENSG00000149929	HIRIP3	1130	1011	1126	867	1079	1060	830
ENSG00000149930	TAOK2	4165	3709	4042	3039	3370	3186	2645
ENSG00000149932	TMEM219	1406	1271	1469	1117	1078	1173	892
ENSG00000149948	HMGA2	1862	1550	1741	1323	1548	1548	1257
ENSG00000149968	MMP3	2	0	3	0	0	0	1
ENSG00000149970	CNKSR2	808	636	799	571	689	729	571
ENSG00000150051	MKX	0	2	0	0	1	0	0
ENSG00000150054	MPP7	12	0	15	3	6	16	12
ENSG00000150093	ITGB1	84629	74387	91596	61332	70528	74367	60051
ENSG00000150201	FXYD4	2	0	0	0	0	0	0
ENSG00000150275	PCDH15	0	0	0	1	0	0	0
ENSG00000150281	CTF1	9	13	18	8	10	11	5
ENSG00000150316	CWC15	765	659	820	619	634	685	549
ENSG00000150347	ARID5B	329	304	367	241	226	258	211
ENSG00000150394	CDH8	3	1	3	0	2	0	0
ENSG00000150401	DCUN1D2	242	217	188	136	238	198	158
ENSG00000150403	TMCO3	2916	2532	3029	2058	2382	2365	1858
ENSG00000150433	TMEM218	657	607	616	469	550	541	433
ENSG00000150455	TIRAP	281	322	339	298	298	268	182
ENSG00000150456	EEF1AKMT1	127	92	123	105	95	120	90
ENSG00000150457	LATS2	879	670	899	609	703	711	585
ENSG00000150459	SAP18	4380	3723	4003	3156	3456	3627	2994
ENSG00000150471	ADGRL3	59	50	50	34	38	41	37
ENSG00000150477	KIAA1328	330	288	291	229	224	222	214
ENSG00000150510	FAM124A	122	81	97	74	84	100	78
ENSG00000150527	MIA2	3191	2762	3378	2371	2636	2817	2206
ENSG00000150540	HNMT	143	143	155	106	117	114	86
ENSG00000150551	LYPD1	621	480	514	426	382	398	310
ENSG00000150593	PDCD4	2762	2472	3055	2072	2252	2259	1798
ENSG00000150594	ADRA2A	6	7	18	5	10	2	2
ENSG00000150625	GPM6A	1	0	2	2	1	0	1
ENSG00000150627	WDR17	381	323	456	228	311	294	268
ENSG00000150628	SPATA4	12	5	3	5	3	2	7
ENSG00000150630	VEGFC	305	292	352	239	287	284	210
ENSG00000150636	CCDC102B	2	3	2	1	0	1	0
ENSG00000150637	CD226	47	41	56	34	57	39	37
ENSG00000150656	CNDP1	2	3	5	4	7	6	1
ENSG00000150667	FSIP1	68	83	86	48	63	68	53
ENSG00000150672	DLG2	28	31	37	20	24	22	24
ENSG00000150676	CCDC83	0	0	1	0	0	2	0
ENSG00000150687	PRSS23	16587	14740	16960	12341	13045	14358	11521
ENSG00000150712	MTMR12	1968	1662	2054	1367	1518	1672	1356
ENSG00000150722	PPP1R1C	11	1	5	3	2	15	1
ENSG00000150753	CCT5	17154	14994	16959	12409	14220	14765	11459
ENSG00000150756	ATPSCKMT	728	606	649	483	589	555	454
ENSG00000150760	DOCK1	3711	3358	4133	2680	3008	3095	2571
ENSG00000150764	DIXDC1	568	470	520	407	453	456	369
ENSG00000150768	DLAT	2703	2356	2542	1862	2144	2240	1827
ENSG00000150773	PIH1D2	24	20	47	21	17	27	20
ENSG00000150776	NKAPD1	1164	1068	1274	873	1019	1044	846
ENSG00000150779	TIMM8B	784	761	771	572	657	665	513
ENSG00000150782	IL18	2156	1936	2365	1644	1762	1940	1511
ENSG00000150783	TEX12	1	0	1	1	0	0	0
ENSG00000150787	PTS	405	341	401	267	341	340	297
ENSG00000150867	PIP4K2A	1771	1688	1854	1220	1585	1562	1328
ENSG00000150873	C2orf50	14	22	26	12	18	19	9
ENSG00000150893	FREM2	0	0	1	0	0	0	2
ENSG00000150907	FOXO1	318	296	375	252	255	300	210
ENSG00000150938	CRIM1	9801	8797	11090	6986	8322	8910	7087
ENSG00000150961	SEC24D	1400	1329	1394	1007	1081	1115	990
ENSG00000150967	ABCB9	377	336	375	264	288	289	259
ENSG00000150977	RILPL2	603	492	552	461	418	482	378
ENSG00000150990	DHX37	3802	3455	3774	2670	3298	3256	2619
ENSG00000150991	UBC	50608	42373	49385	37994	40760	42662	33149
ENSG00000150995	ITPR1	285	305	368	187	280	264	236
ENSG00000151005	TKTL2	1	0	0	0	0	0	1
ENSG00000151006	PRSS53	0	24	0	32	22	33	0
ENSG00000151012	SLC7A11	13416	11896	14663	8504	11350	11600	9774
ENSG00000151014	NOCT	380	294	320	264	293	293	215
ENSG00000151023	ENKUR	28	28	21	37	26	19	32
ENSG00000151025	GPR158	2	5	9	5	2	8	6
ENSG00000151033	LYZL2	0	0	0	0	0	1	0
ENSG00000151062	CACNA2D4	0	0	0	0	0	2	0
ENSG00000151065	DCP1B	406	343	428	317	326	353	281
ENSG00000151067	CACNA1C	1	0	0	1	0	0	0
ENSG00000151090	THRB	536	423	518	338	353	480	311
ENSG00000151092	NGLY1	1210	1083	1199	855	1029	1095	840
ENSG00000151093	OXSM	496	487	520	361	406	419	352
ENSG00000151116	UEVLD	1932	1647	1865	1378	1581	1617	1230
ENSG00000151117	TMEM86A	26	27	21	13	14	25	17
ENSG00000151131	NOPCHAP1	1005	903	875	638	717	783	640
ENSG00000151135	TMEM263	2255	1870	2232	1611	1756	1915	1530
ENSG00000151136	ABTB3	4627	4043	4857	3319	3779	3922	3321
ENSG00000151148	UBE3B	2096	1775	2167	1545	1730	1681	1496
ENSG00000151150	ANK3	579	511	568	369	427	440	381
ENSG00000151151	IPMK	1252	1137	1307	841	904	1028	828
ENSG00000151164	RAD9B	17	9	23	6	13	23	11
ENSG00000151176	PLBD2	3782	3234	3700	3013	3032	3153	2657
ENSG00000151208	DLG5	5263	4608	5453	3480	4025	4069	3467
ENSG00000151224	MAT1A	6	5	9	3	3	15	8
ENSG00000151229	SLC2A13	992	912	1053	675	806	833	693
ENSG00000151233	GXYLT1	1362	1224	1462	846	1053	1170	956
ENSG00000151239	TWF1	6519	5476	6938	4773	5476	5821	4600
ENSG00000151240	DIP2C	1033	941	1127	786	856	849	727
ENSG00000151247	EIF4E	3316	2884	3153	2340	2760	2770	2271
ENSG00000151276	MAGI1	679	623	712	481	517	560	509
ENSG00000151287	TEX30	319	312	331	224	306	323	211
ENSG00000151292	CSNK1G3	1891	1642	1985	1366	1523	1626	1222
ENSG00000151304	SRFBP1	688	604	715	464	574	675	549
ENSG00000151320	AKAP6	190	169	188	111	142	132	142
ENSG00000151327	FAM177A1	2845	2586	2987	2234	2209	2390	1960
ENSG00000151332	MBIP	694	601	722	531	542	562	437
ENSG00000151338	MIPOL1	327	272	334	212	271	260	244
ENSG00000151348	EXT2	2803	2294	2799	2341	1649	2428	1873
ENSG00000151353	TMEM18	830	791	935	592	692	776	583
ENSG00000151364	KCTD14	40	33	36	16	29	27	21
ENSG00000151366	NDUFC2	5232	4780	5576	4002	4212	4399	3450
ENSG00000151376	ME3	723	681	708	600	622	628	456
ENSG00000151388	ADAMTS12	28	19	43	17	22	25	24
ENSG00000151413	NUBPL	658	591	753	496	588	600	444
ENSG00000151414	NEK7	1623	1424	1711	1100	1347	1439	1118
ENSG00000151422	FER	818	718	911	497	663	647	567
ENSG00000151445	VIPAS39	1005	930	1051	787	815	880	752
ENSG00000151458	ANKRD50	1926	1748	2205	1271	1662	1740	1409
ENSG00000151461	UPF2	2675	2421	2678	1906	2150	2366	1953
ENSG00000151465	CDC123	4793	4422	4903	3673	3997	4311	3382
ENSG00000151466	SCLT1	467	307	431	334	334	317	310
ENSG00000151468	CCDC3	42	28	30	35	38	30	15
ENSG00000151470	C4orf33	359	335	331	249	264	253	206
ENSG00000151474	FRMD4A	327	266	319	220	237	238	215
ENSG00000151475	SLC25A31	1	1	0	0	0	0	1
ENSG00000151490	PTPRO	1	4	1	1	3	1	1
ENSG00000151491	EPS8	5208	4706	5439	3661	4212	4540	3756
ENSG00000151498	ACAD8	328	318	382	276	321	288	245
ENSG00000151500	THYN1	413	368	398	325	328	352	285
ENSG00000151502	VPS26B	1712	1594	1910	1278	1340	1383	1140
ENSG00000151503	NCAPD3	2549	1887	2676	1483	1967	2106	1692
ENSG00000151532	VTI1A	1142	1057	1204	822	954	991	830
ENSG00000151552	QDPR	1714	1483	1748	1295	1417	1287	1159
ENSG00000151553	FHIP2A	1820	1550	1918	1205	1437	1523	1203
ENSG00000151575	TEX9	310	313	341	263	295	292	222
ENSG00000151576	QTRT2	1640	1521	1695	1122	1435	1482	1197
ENSG00000151611	MMAA	110	124	124	70	97	87	83
ENSG00000151612	ZNF827	543	529	577	330	457	388	341
ENSG00000151617	EDNRA	94	108	101	79	68	85	62
ENSG00000151623	NR3C2	31	37	44	26	37	37	35
ENSG00000151632	AKR1C2	173216	147089	163262	125719	129384	138701	112080
ENSG00000151640	DPYSL4	562	538	674	462	442	481	348
ENSG00000151650	VENTX	7	10	15	8	6	8	9
ENSG00000151651	ADAM8	308	244	274	169	188	227	196
ENSG00000151655	ITIH2	316	258	298	203	235	254	202
ENSG00000151657	KIN	788	602	704	521	576	657	465
ENSG00000151665	PIGF	934	819	947	697	774	820	643
ENSG00000151687	ANKAR	4	2	3	0	19	11	0
ENSG00000151689	INPP1	554	517	536	430	422	526	399
ENSG00000151690	MFSD6	2492	2137	2609	1617	2003	2036	1727
ENSG00000151692	RNF144A	607	522	633	411	480	473	391
ENSG00000151693	ASAP2	1867	1665	2105	1322	1584	1524	1253
ENSG00000151694	ADAM17	2382	1706	1781	1616	1665	2169	1397
ENSG00000151702	FLI1	0	0	0	0	0	0	2
ENSG00000151704	KCNJ1	3	0	3	1	0	0	0
ENSG00000151715	TMEM45B	30	25	43	40	32	20	16
ENSG00000151718	WWC2	1519	1456	1573	1119	1276	1278	985
ENSG00000151725	CENPU	748	681	814	630	681	754	573
ENSG00000151726	ACSL1	1201	1030	1208	843	961	931	884
ENSG00000151729	SLC25A4	496	470	417	369	408	380	328
ENSG00000151743	AMN1	329	271	299	207	274	298	190
ENSG00000151746	BICD1	893	798	847	628	754	683	585
ENSG00000151748	SAV1	1181	1134	1366	881	1000	1016	816
ENSG00000151773	CCDC122	154	157	161	139	128	122	87
ENSG00000151779	NBAS	1964	1718	1970	1289	1487	1465	1275
ENSG00000151789	ZNF385D	8	6	10	8	4	6	6
ENSG00000151790	TDO2	65	52	58	45	42	57	40
ENSG00000151806	GUF1	1123	1017	1150	748	875	909	798
ENSG00000151834	GABRA2	0	1	0	0	0	0	1
ENSG00000151835	SACS	2574	2388	3032	1634	2115	2150	1699
ENSG00000151849	CENPJ	783	720	872	484	729	679	514
ENSG00000151876	FBXO4	338	297	310	268	282	264	252
ENSG00000151881	TMEM267	736	726	697	555	614	708	517
ENSG00000151882	CCL28	22	16	26	23	18	25	16
ENSG00000151883	PARP8	11	3	6	7	5	9	5
ENSG00000151892	GFRA1	108	93	144	108	108	107	111
ENSG00000151893	CACUL1	2190	1960	2400	1724	1829	1926	1569
ENSG00000151914	DST	8059	7331	9282	4986	6495	5970	5407
ENSG00000151917	BEND6	148	121	125	132	107	132	92
ENSG00000151923	TIAL1	3066	2743	2912	2281	2378	2673	2019
ENSG00000151929	BAG3	5044	4164	4860	3644	4104	4161	3305
ENSG00000151962	RBM46	0	0	0	0	0	0	1
ENSG00000152034	MCHR2	0	0	3	0	0	0	1
ENSG00000152049	KCNE4	111	110	114	65	80	56	67
ENSG00000152056	AP1S3	2212	1958	2358	1595	1787	1950	1485
ENSG00000152061	RABGAP1L	524	445	589	381	441	440	367
ENSG00000152076	CCDC74B	93	88	83	77	54	72	50
ENSG00000152078	TLCD4	1938	1781	2143	1433	1654	1760	1367
ENSG00000152082	MZT2B	4599	4258	5173	3739	4010	3980	3225
ENSG00000152086	TUBA3E	3	4	3	1	0	1	1
ENSG00000152093	CFC1B	1	0	0	0	1	0	0
ENSG00000152102	FAM168B	7106	6072	7266	4881	5868	6167	5062
ENSG00000152104	PTPN14	1328	1153	1347	823	1028	1015	891
ENSG00000152127	MGAT5	2270	2103	2487	1511	1905	1958	1646
ENSG00000152128	TMEM163	6	4	4	6	2	5	3
ENSG00000152133	GPATCH11	934	713	927	650	803	811	589
ENSG00000152137	HSPB8	352	285	400	276	269	286	209
ENSG00000152147	GEMIN6	1144	975	1191	891	929	1005	744
ENSG00000152154	TMEM178A	15	17	22	15	10	10	15
ENSG00000152192	POU4F1	235	198	216	142	151	178	139
ENSG00000152193	OBI1	693	604	850	521	591	653	524
ENSG00000152208	GRID2	0	0	0	2	0	1	0
ENSG00000152213	ARL11	0	0	1	0	1	1	0
ENSG00000152214	RIT2	1	0	0	0	0	0	0
ENSG00000152217	SETBP1	657	540	665	452	483	535	409
ENSG00000152219	ARL14EP	875	767	914	679	791	810	653
ENSG00000152223	EPG5	658	719	885	361	787	565	717
ENSG00000152229	PSTPIP2	22	21	23	17	15	17	9
ENSG00000152234	ATP5F1A	14164	12549	14988	10679	11457	12477	9785
ENSG00000152240	HAUS1	922	797	925	686	662	763	568
ENSG00000152242	C18orf25	999	965	1044	695	889	908	792
ENSG00000152253	SPC25	1083	934	1020	816	830	959	722
ENSG00000152256	PDK1	326	338	381	293	255	301	216
ENSG00000152270	PDE3B	260	255	273	189	240	251	245
ENSG00000152284	TCF7L1	248	213	300	207	147	183	150
ENSG00000152291	TGOLN2	15639	13708	15913	10720	12673	13049	10713
ENSG00000152292	SH2D6	9	7	13	0	8	0	4
ENSG00000152315	KCNK13	0	0	0	1	0	0	0
ENSG00000152332	UHMK1	4675	4276	5107	3045	3813	4082	3384
ENSG00000152348	ATG10	574	529	558	465	447	482	378
ENSG00000152359	POC5	432	410	454	339	368	377	271
ENSG00000152377	SPOCK1	218	189	286	141	164	125	136
ENSG00000152380	FAM151B	38	39	42	24	26	18	25
ENSG00000152382	TADA1	684	627	650	461	532	579	475
ENSG00000152402	GUCY1A2	60	40	54	35	52	52	39
ENSG00000152404	CWF19L2	581	534	562	418	458	474	391
ENSG00000152409	JMY	864	789	938	570	737	710	631
ENSG00000152413	HOMER1	516	448	538	364	461	448	363
ENSG00000152422	XRCC4	619	528	533	389	486	483	361
ENSG00000152430	BOLL	1	1	0	1	1	3	0
ENSG00000152433	ZNF547	16	17	27	20	15	16	13
ENSG00000152439	ZNF773	224	158	195	153	166	170	132
ENSG00000152443	ZNF776	470	431	536	334	423	398	344
ENSG00000152454	ZNF256	19	17	30	13	23	22	27
ENSG00000152455	SUV39H2	436	427	456	363	374	425	366
ENSG00000152457	DCLRE1C	709	649	795	516	587	572	488
ENSG00000152463	OLAH	4	4	4	4	0	8	6
ENSG00000152464	RPP38	996	793	917	603	812	816	599
ENSG00000152465	NMT2	788	691	842	614	636	627	465
ENSG00000152475	ZNF837	174	152	177	128	133	123	99
ENSG00000152484	USP12	1651	1435	1630	1150	1417	1533	1193
ENSG00000152492	CCDC50	1842	1575	1910	1297	1535	1480	1287
ENSG00000152495	CAMK4	2	7	6	9	5	6	2
ENSG00000152503	TRIM36	37	18	48	23	27	26	21
ENSG00000152518	ZFP36L2	6187	5374	6525	4392	4980	5135	4295
ENSG00000152520	PAN3	1030	893	1076	750	770	860	698
ENSG00000152527	PLEKHH2	1533	1316	1508	982	1087	1217	968
ENSG00000152556	PFKM	1773	1666	1785	1111	1307	1359	1117
ENSG00000152558	TMEM123	14085	12362	14490	10008	11346	11877	9958
ENSG00000152578	GRIA4	0	1	1	0	2	1	0
ENSG00000152580	IGSF10	203	224	204	124	161	167	137
ENSG00000152582	SPEF2	212	154	207	180	174	195	131
ENSG00000152583	SPARCL1	3	0	0	0	0	1	0
ENSG00000152591	DSPP	0	1	1	0	0	0	0
ENSG00000152595	MEPE	0	0	0	0	0	1	0
ENSG00000152601	MBNL1	6299	5355	6381	4088	5042	5060	4288
ENSG00000152620	NADK2	976	842	1016	745	827	810	588
ENSG00000152642	GPD1L	1129	986	1158	829	867	957	736
ENSG00000152661	GJA1	4916	4209	4640	3340	3482	3654	2915
ENSG00000152669	CCNO	166	78	125	95	90	77	60
ENSG00000152670	DDX4	0	0	1	2	1	2	0
ENSG00000152672	CLEC4F	1	0	0	0	1	3	2
ENSG00000152683	SLC30A6	2316	2093	2486	1700	2003	2034	1565
ENSG00000152684	PELO	1505	1346	1577	1056	1261	1389	1094
ENSG00000152689	RASGRP3	65	50	62	51	48	62	37
ENSG00000152700	SAR1B	2726	2282	2722	1927	2216	2220	1767
ENSG00000152705	CATSPER3	22	23	14	10	15	10	13
ENSG00000152749	GPR180	858	775	853	562	679	693	599
ENSG00000152763	DNAI4	53	64	51	48	47	41	28
ENSG00000152766	ANKRD22	37	31	35	29	25	28	24
ENSG00000152767	FARP1	1717	1442	1603	1149	1288	1350	1017
ENSG00000152778	IFIT5	894	795	908	650	803	852	654
ENSG00000152779	SLC16A12	2	3	3	2	7	4	4
ENSG00000152782	PANK1	428	374	429	311	415	410	320
ENSG00000152784	PRDM8	2	3	6	3	6	1	4
ENSG00000152795	HNRNPDL	10651	9321	10709	7552	8377	8943	7220
ENSG00000152804	HHEX	1945	1586	1920	1322	1447	1658	1311
ENSG00000152818	UTRN	1647	1450	1824	1087	1358	1304	1117
ENSG00000152822	GRM1	4	8	11	2	3	4	4
ENSG00000152894	PTPRK	3209	2866	3454	2214	2622	2719	2254
ENSG00000152904	GGPS1	1435	1235	1436	1065	1107	1263	926
ENSG00000152926	ZNF117	66	61	77	45	46	45	42
ENSG00000152932	RAB3C	4	1	0	0	2	1	2
ENSG00000152936	LMNTD1	1	3	0	0	0	1	1
ENSG00000152939	MARVELD2	581	513	590	405	495	534	399
ENSG00000152942	RAD17	1037	880	1082	774	862	925	773
ENSG00000152944	MED21	1159	1094	1146	779	936	971	786
ENSG00000152952	PLOD2	8556	7568	10145	6707	7119	7317	5856
ENSG00000152953	STK32B	1200	1042	1239	835	993	1002	827
ENSG00000152954	NRSN1	1	4	1	0	0	0	0
ENSG00000152969	JAKMIP1	0	0	4	0	0	1	1
ENSG00000152977	ZIC1	0	1	0	1	0	0	1
ENSG00000152990	ADGRA3	1679	1402	1658	1146	1410	1402	966
ENSG00000153002	CPB1	0	0	0	0	0	0	1
ENSG00000153006	SREK1IP1	1010	950	1121	788	914	970	680
ENSG00000153012	LGI2	1	1	0	1	2	2	1
ENSG00000153015	CWC27	1661	1389	1648	1227	1315	1496	1098
ENSG00000153029	MR1	597	578	636	462	464	484	454
ENSG00000153037	SRP19	1473	1284	1615	1122	1233	1225	1105
ENSG00000153044	CENPH	1110	929	1215	799	854	984	774
ENSG00000153046	CDYL	1413	1199	1501	1084	1174	1290	939
ENSG00000153048	CARHSP1	4787	3948	4292	3439	3350	3562	2889
ENSG00000153060	TEKT5	1	2	2	1	3	0	2
ENSG00000153064	BANK1	240	212	243	190	176	215	156
ENSG00000153066	TXNDC11	1911	1580	1893	1356	1567	1512	1304
ENSG00000153071	DAB2	730	676	736	544	571	592	531
ENSG00000153086	ACMSD	5	3	4	5	2	5	1
ENSG00000153093	ACOXL	14	21	18	21	16	20	15
ENSG00000153094	BCL2L11	1432	1186	1476	915	1073	1130	921
ENSG00000153107	ANAPC1	4174	3545	4086	2729	3336	3420	2813
ENSG00000153113	CAST	23076	19228	24273	16028	18658	19607	15602
ENSG00000153130	SCOC	1845	1660	1968	1335	1500	1624	1299
ENSG00000153132	CLGN	868	790	937	727	742	778	599
ENSG00000153140	CETN3	631	627	645	547	517	545	474
ENSG00000153147	SMARCA5	4782	4191	5254	3333	4013	4184	3276
ENSG00000153157	SYCP2L	147	123	153	111	96	126	94
ENSG00000153162	BMP6	1641	1537	1597	1118	1221	1317	1066
ENSG00000153165	RGPD3	31	18	32	23	34	17	14
ENSG00000153179	RASSF3	2230	1869	2223	1607	1825	1873	1447
ENSG00000153187	HNRNPU	25079	22054	25176	19398	20680	22965	17972
ENSG00000153201	RANBP2	5856	5245	6540	3778	4929	4938	4196
ENSG00000153207	AHCTF1	4356	3872	4554	2780	3669	3631	3138
ENSG00000153208	MERTK	99	94	109	77	79	72	65
ENSG00000153214	TMEM87B	1644	1452	1681	1135	1339	1396	1084
ENSG00000153234	NR4A2	359	291	316	246	217	280	221
ENSG00000153237	CCDC148	24	5	27	3	15	6	0
ENSG00000153246	PLA2R1	533	482	564	354	363	368	295
ENSG00000153250	RBMS1	1670	1385	1389	1243	1291	1244	1037
ENSG00000153253	SCN3A	20	12	15	3	11	9	9
ENSG00000153283	CD96	26	21	30	22	12	25	14
ENSG00000153291	SLC25A27	37	17	32	17	16	25	19
ENSG00000153294	ADGRF4	251	220	230	162	164	189	160
ENSG00000153303	FRMD1	0	0	0	1	0	0	0
ENSG00000153310	CYRIB	4314	3900	4640	3274	3785	4036	3027
ENSG00000153317	ASAP1	6205	5356	6162	4270	5070	5154	4450
ENSG00000153339	TRAPPC8	1240	928	1340	739	1006	1060	796
ENSG00000153347	FAM81B	0	0	0	0	1	0	0
ENSG00000153391	INO80C	947	808	867	670	686	765	638
ENSG00000153395	LPCAT1	3844	3645	4568	2857	3332	3354	2805
ENSG00000153404	PLEKHG4B	148	119	130	92	91	93	98
ENSG00000153406	NMRAL1	1442	1198	1486	1127	1161	1224	937
ENSG00000153443	UBALD1	2223	1929	1970	1588	1620	1730	1382
ENSG00000153446	C16orf89	6	0	2	0	3	1	1
ENSG00000153485	TMEM251	704	584	673	511	535	617	467
ENSG00000153487	ING1	529	489	510	385	418	429	341
ENSG00000153495	TEX29	0	0	0	0	1	0	0
ENSG00000153498	SPACA7	0	0	0	0	0	1	0
ENSG00000153531	ADPRHL1	642	549	614	469	519	559	425
ENSG00000153551	CMTM7	560	425	586	405	444	472	364
ENSG00000153558	FBXL2	248	211	102	135	159	157	139
ENSG00000153560	UBP1	4444	3785	4509	2996	3615	3656	3014
ENSG00000153561	RMND5A	1839	1729	2103	1234	1533	1672	1431
ENSG00000153563	CD8A	0	4	4	3	0	3	0
ENSG00000153574	RPIA	657	591	753	477	603	622	462
ENSG00000153707	PTPRD	58	69	30	23	26	28	32
ENSG00000153714	LURAP1L	821	738	846	578	706	761	592
ENSG00000153721	CNKSR3	619	595	549	377	456	496	383
ENSG00000153767	GTF2E1	1003	899	1072	744	920	897	734
ENSG00000153774	CFDP1	1617	1372	1585	1361	1246	1469	1161
ENSG00000153779	TGIF2LX	0	0	0	0	0	1	1
ENSG00000153786	ZDHHC7	3998	3394	4057	2862	3315	3394	2717
ENSG00000153789	CIBAR2	0	0	0	0	0	2	1
ENSG00000153790	C7orf31	161	124	170	119	128	131	97
ENSG00000153814	JAZF1	201	133	181	134	125	151	112
ENSG00000153815	CMIP	10899	9150	12269	8396	9033	9339	7418
ENSG00000153822	KCNJ16	187	180	215	169	141	191	114
ENSG00000153823	PID1	132	89	97	112	79	64	58
ENSG00000153827	TRIP12	7820	7069	8703	5340	6485	6816	5516
ENSG00000153832	FBXO36	188	137	166	110	130	133	113
ENSG00000153879	CEBPG	3181	2790	3382	2262	2758	2879	2429
ENSG00000153885	KCTD15	3962	3504	4087	2849	3397	3366	2738
ENSG00000153896	ZNF599	78	75	85	56	62	62	68
ENSG00000153898	MCOLN2	175	145	145	99	138	103	115
ENSG00000153902	LGI4	12	5	8	3	4	7	6
ENSG00000153904	DDAH1	931	764	943	674	753	766	601
ENSG00000153914	SREK1	1285	1151	1050	784	871	1027	861
ENSG00000153922	CHD1	1704	1715	1859	1126	1654	1188	1262
ENSG00000153930	ANKFN1	1	2	0	3	2	1	0
ENSG00000153933	DGKE	831	723	734	489	547	593	549
ENSG00000153936	HS2ST1	2120	2013	2426	1470	1800	1891	1514
ENSG00000153944	MSI2	3324	2907	3414	2345	2569	2670	2254
ENSG00000153956	CACNA2D1	2196	1875	2359	1379	1868	1991	1579
ENSG00000153975	ZUP1	330	321	360	224	272	281	212
ENSG00000153976	HS3ST3A1	4	3	4	6	5	0	5
ENSG00000153982	GDPD1	132	125	138	106	125	97	91
ENSG00000153989	NUS1	3211	2864	3413	2224	2649	2785	2160
ENSG00000153993	SEMA3D	19	18	22	16	20	14	11
ENSG00000154001	PPP2R5E	3348	2957	3506	2345	2783	2906	2201
ENSG00000154007	ASB17	0	0	0	0	0	1	0
ENSG00000154016	GRAP	18	14	4	4	2	11	0
ENSG00000154025	SLC5A10	14	16	11	12	17	14	9
ENSG00000154027	AK5	132	111	147	97	118	111	94
ENSG00000154040	CABYR	674	582	565	459	529	536	455
ENSG00000154059	IMPACT	1026	849	1077	713	844	921	688
ENSG00000154065	ANKRD29	192	204	229	173	183	193	159
ENSG00000154079	SDHAF4	250	242	231	187	185	195	136
ENSG00000154080	CHST9	2	0	4	1	1	2	1
ENSG00000154096	THY1	138	118	125	107	70	73	69
ENSG00000154099	DNAAF1	0	0	0	0	1	0	0
ENSG00000154102	C16orf74	254	209	297	205	212	223	155
ENSG00000154114	TBCEL	589	533	651	370	404	464	379
ENSG00000154118	JPH3	38	41	38	21	15	26	24
ENSG00000154122	ANKH	1507	1414	1490	1093	1252	1266	1065
ENSG00000154124	OTULIN	1214	1029	1368	866	995	996	896
ENSG00000154127	UBASH3B	2978	2572	3255	2089	2554	2640	2172
ENSG00000154134	ROBO3	0	0	3	0	0	0	0
ENSG00000154144	TBRG1	437	351	463	297	363	388	307
ENSG00000154146	NRGN	381	306	380	280	255	293	264
ENSG00000154153	RETREG1	144	135	153	122	102	109	112
ENSG00000154162	CDH12	0	0	0	0	0	1	0
ENSG00000154174	TOMM70	4966	4272	5075	3394	4214	4409	3474
ENSG00000154175	ABI3BP	15	18	28	5	17	10	19
ENSG00000154188	ANGPT1	223	155	199	119	167	185	152
ENSG00000154217	PITPNC1	264	194	296	214	235	203	187
ENSG00000154222	CC2D1B	1563	1446	1658	1168	1309	1244	1018
ENSG00000154227	CERS3	0	1	0	0	0	0	0
ENSG00000154229	PRKCA	8662	7402	8816	5645	6814	6638	5747
ENSG00000154237	LRRK1	3035	2686	3248	2060	2428	2502	2150
ENSG00000154240	CEP112	883	744	865	628	681	693	586
ENSG00000154252	GAL3ST2	35	34	34	29	34	20	22
ENSG00000154258	ABCA9	8	6	2	5	3	5	2
ENSG00000154262	ABCA6	4	0	6	7	0	2	3
ENSG00000154263	ABCA10	0	0	19	0	2	1	7
ENSG00000154265	ABCA5	340	367	421	183	267	249	211
ENSG00000154269	ENPP3	0	0	0	4	0	0	0
ENSG00000154274	C4orf19	19	20	12	16	13	17	12
ENSG00000154277	UCHL1	18088	16238	18701	14074	14827	16196	12331
ENSG00000154305	MIA3	2337	2066	2387	1680	1838	1974	1579
ENSG00000154309	DISP1	149	140	224	142	148	205	124
ENSG00000154310	TNIK	223	160	212	136	145	185	137
ENSG00000154319	FAM167A	794	676	737	563	597	551	508
ENSG00000154328	NEIL2	965	860	1073	747	843	830	689
ENSG00000154330	PGM5	57	48	54	37	38	45	34
ENSG00000154342	WNT3A	2	1	5	2	3	3	3
ENSG00000154358	OBSCN	726	732	869	479	588	492	494
ENSG00000154359	LONRF1	289	236	335	199	253	289	235
ENSG00000154370	TRIM11	1961	1653	1896	1351	1493	1567	1158
ENSG00000154380	ENAH	5689	5029	6373	4049	4895	4838	4128
ENSG00000154429	CCSAP	849	827	880	580	759	813	612
ENSG00000154447	SH3RF1	1175	1008	1277	818	937	1037	816
ENSG00000154451	GBP5	11	10	2	7	4	8	3
ENSG00000154473	BUB3	7714	6790	7942	5658	6415	6770	5431
ENSG00000154479	CFAP210	22	21	19	14	10	14	9
ENSG00000154485	MMP21	15	17	13	10	5	7	3
ENSG00000154493	C10orf90	30	15	29	15	12	9	7
ENSG00000154511	DIPK1A	966	882	951	756	845	828	665
ENSG00000154518	ATP5MC3	4904	4225	5244	3826	3854	4291	3367
ENSG00000154529	CNTNAP3B	4479	4192	4483	3069	3517	3658	3016
ENSG00000154545	MAGED4	361	386	416	349	275	284	248
ENSG00000154548	SRSF12	100	80	88	79	66	92	66
ENSG00000154553	PDLIM3	0	0	1	1	1	0	0
ENSG00000154556	SORBS2	10	13	14	14	19	10	9
ENSG00000154582	ELOC	3055	2608	3013	2290	2398	2676	2029
ENSG00000154589	LY96	1	4	1	2	3	1	0
ENSG00000154620	TMSB4Y	21	24	24	11	17	25	18
ENSG00000154639	CXADR	1185	1064	1275	773	977	935	812
ENSG00000154640	BTG3	668	579	754	536	566	560	460
ENSG00000154642	C21orf91	214	202	215	124	171	207	161
ENSG00000154646	TMPRSS15	1	1	0	0	0	0	0
ENSG00000154654	NCAM2	2	1	0	0	0	1	1
ENSG00000154655	L3MBTL4	0	3	6	1	3	0	0
ENSG00000154678	PDE1C	891	819	956	627	731	714	591
ENSG00000154710	RABGEF1	1093	917	1179	794	911	883	714
ENSG00000154719	MRPL39	854	799	881	646	695	754	622
ENSG00000154721	JAM2	7	10	10	4	4	5	5
ENSG00000154723	ATP5PF	2404	2087	1951	1667	1790	1890	1583
ENSG00000154727	GABPA	1295	1180	1415	902	1060	1124	948
ENSG00000154734	ADAMTS1	7	6	7	3	0	0	1
ENSG00000154743	TSEN2	468	411	399	317	411	472	304
ENSG00000154760	SLFN13	929	785	950	580	590	691	604
ENSG00000154764	WNT7A	4	8	5	3	2	2	3
ENSG00000154767	XPC	2729	2470	3007	1979	2253	2325	1859
ENSG00000154781	CCDC174	610	495	622	434	434	531	439
ENSG00000154783	FGD5	3	1	3	0	1	3	0
ENSG00000154803	FLCN	1644	1497	1720	1242	1444	1474	1181
ENSG00000154813	DPH3	1199	1046	1164	837	974	1065	759
ENSG00000154814	OXNAD1	547	531	564	424	454	451	400
ENSG00000154822	PLCL2	377	338	378	226	260	305	272
ENSG00000154832	CXXC1	1434	1233	1393	1043	1077	1197	857
ENSG00000154839	SKA1	1117	904	1113	802	948	937	802
ENSG00000154845	PPP4R1	3068	2761	3412	2223	2438	2466	2025
ENSG00000154856	APCDD1	20	11	21	20	14	15	14
ENSG00000154864	PIEZO2	166	152	140	91	157	111	110
ENSG00000154889	MPPE1	427	393	479	275	374	385	282
ENSG00000154914	USP43	322	257	344	232	221	259	184
ENSG00000154917	RAB6B	206	166	217	162	142	150	129
ENSG00000154920	EME1	987	817	994	681	743	743	651
ENSG00000154928	EPHB1	2	2	4	1	4	3	1
ENSG00000154930	ACSS1	1278	1119	1298	913	997	1001	799
ENSG00000154945	ANKRD40	4045	3686	4088	2875	3276	3393	2717
ENSG00000154957	ZNF18	420	389	442	320	373	351	270
ENSG00000154978	VOPP1	5687	4907	5850	4217	4533	4807	3734
ENSG00000154997	SEPTIN14	72	67	57	65	51	47	45
ENSG00000155008	APOOL	1364	1221	1455	906	1006	1135	849
ENSG00000155011	DKK2	0	0	0	1	0	0	0
ENSG00000155016	CYP2U1	265	236	269	191	217	222	206
ENSG00000155026	RSPH10B	5	0	3	6	5	6	2
ENSG00000155034	FBXL18	2650	2283	2617	1971	2136	2099	1747
ENSG00000155066	PROM2	4	3	3	4	1	1	0
ENSG00000155085	AK9	146	124	149	90	96	91	85
ENSG00000155087	ODF1	0	0	0	1	0	0	0
ENSG00000155090	KLF10	3115	2625	3136	2216	2589	2619	2223
ENSG00000155093	PTPRN2	37	34	43	20	27	29	24
ENSG00000155096	AZIN1	5446	4802	5498	3773	4306	4704	3767
ENSG00000155097	ATP6V1C1	2892	2542	3210	2009	2515	2635	2049
ENSG00000155099	PIP4P2	287	216	282	193	204	227	207
ENSG00000155100	OTUD6B	1052	916	1144	748	930	991	878
ENSG00000155111	CDK19	1183	1064	1280	857	963	1028	872
ENSG00000155115	GTF3C6	2039	1776	2074	1590	1742	1875	1466
ENSG00000155158	TTC39B	520	523	640	450	404	452	327
ENSG00000155189	AGPAT5	2259	2026	2427	1670	1831	1978	1608
ENSG00000155229	MMS19	2405	2188	2760	1810	1991	2220	1677
ENSG00000155252	PI4K2A	1740	1436	1714	1261	1360	1451	1144
ENSG00000155254	MARVELD1	3031	2679	3271	2305	2559	2634	1973
ENSG00000155256	ZFYVE27	1682	1505	1678	1286	1390	1347	1100
ENSG00000155265	GOLGA7B	163	160	202	168	138	158	120
ENSG00000155275	TRMT44	232	220	236	190	195	193	176
ENSG00000155287	SLC25A28	545	491	525	430	427	460	386
ENSG00000155304	HSPA13	1471	1309	1487	994	1274	1392	1048
ENSG00000155307	SAMSN1	0	1	2	2	1	2	1
ENSG00000155313	USP25	2176	1854	2277	1435	1785	1798	1548
ENSG00000155324	GRAMD2B	88	63	78	61	65	77	46
ENSG00000155329	ZCCHC10	698	616	725	484	572	584	492
ENSG00000155330	C16orf87	525	488	520	426	448	494	419
ENSG00000155363	MOV10	1541	1385	1619	1198	1295	1270	1023
ENSG00000155366	RHOC	7069	6101	6655	5342	5161	5477	4397
ENSG00000155367	PPM1J	15	19	30	19	23	11	14
ENSG00000155368	DBI	3918	3466	3686	2941	3007	3428	2564
ENSG00000155380	SLC16A1	2621	2313	2813	1866	2115	2341	1797
ENSG00000155393	HEATR3	585	522	756	484	631	439	483
ENSG00000155428	TRIM74	37	22	24	14	19	31	5
ENSG00000155438	NIFK	1703	1502	1525	1266	1343	1501	1118
ENSG00000155463	OXA1L	5809	4862	5494	4424	4818	5133	3945
ENSG00000155465	SLC7A7	3766	3136	3724	2723	2834	3145	2367
ENSG00000155495	MAGEC1	0	0	1	1	2	1	0
ENSG00000155506	LARP1	14124	12567	14971	10035	12157	12491	10016
ENSG00000155508	CNOT8	2269	2012	2444	1679	1794	1876	1522
ENSG00000155511	GRIA1	0	1	0	0	0	0	0
ENSG00000155530	LRGUK	37	26	33	25	29	26	14
ENSG00000155542	SETD9	93	78	63	52	56	65	60
ENSG00000155545	MIER3	1146	1082	1211	791	1003	987	784
ENSG00000155561	NUP205	5564	4802	6074	3639	4657	4578	3854
ENSG00000155592	ZKSCAN2	398	321	437	282	290	312	302
ENSG00000155621	C9orf85	472	399	515	335	413	464	326
ENSG00000155629	PIK3AP1	69	77	66	48	57	54	34
ENSG00000155636	RBM45	508	383	401	296	359	394	317
ENSG00000155657	TTN	120	94	132	72	105	91	70
ENSG00000155660	PDIA4	18592	15738	18437	13133	14013	14974	11940
ENSG00000155666	KDM8	114	102	105	72	88	76	63
ENSG00000155714	PDZD9	1	2	0	0	1	3	0
ENSG00000155719	OTOA	2	0	0	0	5	0	0
ENSG00000155729	KCTD18	806	674	818	561	639	658	500
ENSG00000155744	FAM126B	478	436	484	286	388	360	303
ENSG00000155749	FLACC1	2	0	4	2	3	1	5
ENSG00000155754	C2CD6	3	4	1	4	1	6	0
ENSG00000155755	TMEM237	518	503	440	359	412	430	311
ENSG00000155760	FZD7	1295	1109	1446	882	1043	1061	888
ENSG00000155761	SPAG17	3	2	0	0	1	1	0
ENSG00000155792	DEPTOR	277	251	271	191	210	211	197
ENSG00000155816	FMN2	172	135	168	117	145	127	133
ENSG00000155827	RNF20	3337	2978	3736	2396	2796	3096	2406
ENSG00000155846	PPARGC1B	375	307	339	224	287	269	220
ENSG00000155849	ELMO1	760	634	647	463	506	574	427
ENSG00000155850	SLC26A2	1414	1213	1423	915	1150	1181	940
ENSG00000155858	LSM11	508	423	504	307	381	400	348
ENSG00000155868	MED7	672	575	625	454	502	522	443
ENSG00000155875	SAXO1	1	0	0	0	0	0	0
ENSG00000155876	RRAGA	4079	3636	4440	3247	3408	3480	2728
ENSG00000155886	SLC24A2	0	1	0	1	2	2	0
ENSG00000155893	PXYLP1	431	417	422	299	293	329	278
ENSG00000155897	ADCY8	2	0	2	0	0	0	1
ENSG00000155903	RASA2	954	841	955	679	725	797	644
ENSG00000155906	RMND1	375	378	443	315	360	366	301
ENSG00000155918	RAET1L	1	2	2	4	0	0	0
ENSG00000155926	SLA	0	0	0	1	0	2	0
ENSG00000155957	TMBIM4	1339	1114	1221	974	1057	1000	930
ENSG00000155959	VBP1	2986	2774	3056	2243	2518	2687	2198
ENSG00000155961	RAB39B	54	30	42	30	38	36	33
ENSG00000155962	CLIC2	11	11	7	7	3	3	6
ENSG00000155966	AFF2	0	2	0	1	0	0	1
ENSG00000155970	MICU3	208	210	229	129	153	192	117
ENSG00000155974	GRIP1	125	120	125	109	111	81	76
ENSG00000155975	VPS37A	1334	1152	1433	905	1160	1192	997
ENSG00000155980	KIF5A	41	46	58	22	32	33	25
ENSG00000156006	NAT2	0	1	2	0	0	1	0
ENSG00000156009	MAGEA8	0	0	1	0	0	1	1
ENSG00000156011	PSD3	1857	1678	2091	1142	1578	1474	1327
ENSG00000156017	CARNMT1	1612	1442	1656	1145	1382	1399	1148
ENSG00000156026	MCU	5174	4513	5003	3248	4298	4230	3444
ENSG00000156030	MIDEAS	1409	1227	1382	783	1152	1048	966
ENSG00000156042	CFAP70	13	14	13	13	3	11	7
ENSG00000156049	GNA14	3	0	6	6	1	3	3
ENSG00000156050	FAM161B	206	164	217	134	174	179	152
ENSG00000156052	GNAQ	2982	2665	3158	2043	2334	2559	2094
ENSG00000156076	WIF1	0	0	0	0	0	0	1
ENSG00000156096	UGT2B4	3	2	1	0	2	0	0
ENSG00000156097	GPR61	1	0	1	1	1	1	1
ENSG00000156103	MMP16	17	11	18	9	15	10	21
ENSG00000156110	ADK	1470	1226	1480	1009	1135	1250	1025
ENSG00000156113	KCNMA1	837	756	881	613	670	739	631
ENSG00000156136	DCK	902	856	1036	699	751	870	642
ENSG00000156140	ADAMTS3	1	0	0	0	0	2	0
ENSG00000156162	DPY19L4	2035	1914	2190	1411	1734	1757	1474
ENSG00000156170	NDUFAF6	226	256	238	170	180	209	175
ENSG00000156171	DRAM2	889	719	824	659	702	709	634
ENSG00000156172	CFAP418	555	492	542	433	422	459	424
ENSG00000156194	PPEF2	3	2	2	2	1	5	1
ENSG00000156206	CFAP161	0	1	0	0	0	0	0
ENSG00000156219	ART3	3	0	0	0	2	0	2
ENSG00000156222	SLC28A1	5	8	3	6	2	3	1
ENSG00000156232	WHAMM	964	762	919	729	705	775	620
ENSG00000156239	N6AMT1	266	249	234	149	207	244	194
ENSG00000156253	RWDD2B	117	109	119	94	110	138	103
ENSG00000156256	USP16	2000	1694	2001	1409	1605	1738	1302
ENSG00000156261	CCT8	9263	8081	9304	6650	7409	8078	6249
ENSG00000156265	MAP3K7CL	64	65	72	65	54	41	52
ENSG00000156273	BACH1	1187	1018	1176	810	981	995	759
ENSG00000156298	TSPAN7	530	490	514	325	407	432	333
ENSG00000156299	TIAM1	110	65	96	57	59	80	63
ENSG00000156304	SCAF4	1742	1462	1901	1256	1410	1511	1189
ENSG00000156313	RPGR	603	510	674	486	531	573	483
ENSG00000156345	CDK20	244	211	235	150	188	173	144
ENSG00000156374	PCGF6	624	535	656	478	512	494	429
ENSG00000156381	ANKRD9	1757	1587	1982	1301	1401	1492	1254
ENSG00000156384	SFR1	565	482	611	430	524	537	413
ENSG00000156398	SFXN2	237	162	182	123	184	134	139
ENSG00000156411	ATP5MJ	2219	2029	2429	1877	1817	2197	1544
ENSG00000156413	FUT6	14	11	11	3	4	3	9
ENSG00000156414	TDRD9	0	0	0	1	0	0	0
ENSG00000156427	FGF18	13	5	3	14	11	14	6
ENSG00000156453	PCDH1	89	99	117	82	57	53	64
ENSG00000156463	SH3RF2	1008	851	910	612	724	736	655
ENSG00000156466	GDF6	3	1	1	0	2	0	5
ENSG00000156467	UQCRB	3549	3168	3058	2758	2821	3047	2464
ENSG00000156469	MTERF3	814	736	849	634	737	667	560
ENSG00000156471	PTDSS1	1170	1102	1090	706	847	863	765
ENSG00000156475	PPP2R2B	1	0	2	0	0	0	1
ENSG00000156482	RPL30	14666	12784	14203	10930	11652	12957	9983
ENSG00000156486	KCNS2	3	0	0	0	4	3	0
ENSG00000156500	PABIR3	69	45	64	38	44	66	34
ENSG00000156502	SUPV3L1	1205	1056	1156	770	955	1088	802
ENSG00000156504	PABIR2	3445	2950	3545	2417	2751	2866	2275
ENSG00000156508	EEF1A1	238188	205386	249615	180563	202191	211280	157488
ENSG00000156509	FBXO43	162	116	135	98	152	111	98
ENSG00000156510	HKDC1	3555	3063	3678	2555	2797	2940	2547
ENSG00000156515	HK1	3783	3308	3874	2731	3069	3147	2469
ENSG00000156521	TYSND1	1635	1488	1740	1311	1425	1433	1141
ENSG00000156531	PHF6	2711	2362	2749	1785	2166	2243	1894
ENSG00000156535	CD109	6700	5894	7446	4438	5362	5669	4678
ENSG00000156564	LRFN2	0	0	0	1	0	0	0
ENSG00000156574	NODAL	6	9	7	5	7	3	4
ENSG00000156587	UBE2L6	1128	1015	1091	791	848	929	666
ENSG00000156599	ZDHHC5	6075	5192	5572	4362	5022	5072	4086
ENSG00000156603	MED19	915	655	751	625	673	746	565
ENSG00000156639	ZFAND3	2599	2155	2382	1835	2032	2098	1562
ENSG00000156642	NPTN	6774	5902	7080	4911	5461	6060	4805
ENSG00000156650	KAT6B	1089	971	1187	741	936	916	832
ENSG00000156671	SAMD8	1638	1461	1838	1204	1304	1574	1238
ENSG00000156675	RAB11FIP1	1616	1443	1782	1054	1388	1240	1174
ENSG00000156687	UNC5D	99	108	125	73	119	122	100
ENSG00000156689	GLYATL2	2	0	0	0	1	0	0
ENSG00000156697	UTP14A	2540	2165	2602	1939	2138	2334	1781
ENSG00000156709	AIFM1	4867	4451	4937	3618	3978	4224	3355
ENSG00000156711	MAPK13	40	37	39	28	23	39	26
ENSG00000156735	BAG4	1048	935	1256	840	932	1049	786
ENSG00000156787	TBC1D31	774	712	871	596	696	708	585
ENSG00000156795	NTAQ1	679	510	644	456	480	533	431
ENSG00000156802	ATAD2	4805	4270	5627	3394	4139	4458	3519
ENSG00000156804	FBXO32	169	169	192	116	127	147	118
ENSG00000156831	NSMCE2	930	781	865	747	801	832	581
ENSG00000156853	ZNF689	714	632	716	529	585	600	546
ENSG00000156858	PRR14	1085	881	998	819	904	868	738
ENSG00000156860	FBRS	3845	3328	3564	2788	3053	3073	2531
ENSG00000156869	FRRS1	346	312	374	313	326	331	240
ENSG00000156873	PHKG2	606	569	541	417	514	470	357
ENSG00000156875	MFSD14A	1851	1655	1827	1317	1515	1725	1284
ENSG00000156876	SASS6	660	469	676	406	522	532	396
ENSG00000156886	ITGAD	2	0	0	0	0	0	0
ENSG00000156928	MALSU1	845	753	1063	687	690	884	578
ENSG00000156931	VPS8	1093	927	1128	709	882	851	722
ENSG00000156958	GALK2	918	852	1091	709	814	868	656
ENSG00000156959	LHFPL4	4	10	6	0	1	4	5
ENSG00000156966	B3GNT7	240	207	273	211	183	182	132
ENSG00000156968	MPV17L	734	752	797	518	590	640	505
ENSG00000156970	BUB1B	2973	2533	3002	1949	2279	2356	1878
ENSG00000156973	PDE6D	840	671	787	636	741	660	550
ENSG00000156976	EIF4A2	2291	1516	1955	1402	1546	1523	1420
ENSG00000156983	BRPF1	1237	1187	1305	1012	1072	1056	867
ENSG00000156990	RPUSD3	1423	1223	1265	1031	1054	1074	933
ENSG00000157005	SST	0	0	1	0	0	0	0
ENSG00000157014	TATDN2	3208	2817	3420	2378	2598	2631	2254
ENSG00000157017	GHRL	1	2	2	5	1	0	1
ENSG00000157020	SEC13	5155	4436	5389	3983	4354	4591	3590
ENSG00000157036	EXOG	569	487	615	440	474	496	387
ENSG00000157045	NTAN1	792	648	785	601	600	646	479
ENSG00000157064	NMNAT2	315	295	286	202	234	288	194
ENSG00000157077	ZFYVE9	862	818	1002	687	701	741	629
ENSG00000157087	ATP2B2	0	1	0	0	0	1	0
ENSG00000157106	SMG1	6844	6430	7809	4175	5681	5591	4784
ENSG00000157107	FCHO2	1380	1239	1315	904	1033	1082	957
ENSG00000157110	RBPMS	2909	2402	2903	2184	2274	2433	1999
ENSG00000157111	TMEM171	17	13	13	18	10	9	15
ENSG00000157150	TIMP4	597	551	658	452	545	511	401
ENSG00000157152	SYN2	7	13	9	6	4	1	9
ENSG00000157168	NRG1	4622	3982	4801	3445	3765	3652	3039
ENSG00000157181	ODR4	1592	1428	1510	1156	1276	1303	1109
ENSG00000157184	CPT2	880	767	782	556	676	667	509
ENSG00000157191	NECAP2	1252	1032	1304	892	959	1008	831
ENSG00000157193	LRP8	3759	3249	3729	2389	3091	3205	2524
ENSG00000157211	CDCP2	2	0	0	0	0	0	0
ENSG00000157212	PAXIP1	1251	1045	1331	938	1036	1079	827
ENSG00000157214	STEAP2	4731	4297	4965	3164	3833	4072	3372
ENSG00000157216	SSBP3	1120	929	907	740	801	772	652
ENSG00000157224	CLDN12	1388	1441	1593	1072	1264	1297	998
ENSG00000157227	MMP14	134	108	139	105	126	119	97
ENSG00000157240	FZD1	460	381	437	291	402	358	289
ENSG00000157259	GATAD1	2190	1904	2202	1593	1783	1959	1548
ENSG00000157303	SUSD3	8	4	4	1	4	3	3
ENSG00000157315	TMED6	10	13	11	3	11	8	10
ENSG00000157326	DHRS4	1757	1531	1660	1238	1369	1439	1141
ENSG00000157330	CFAP107	8	2	8	9	6	2	5
ENSG00000157335	CLEC18C	0	0	0	0	0	0	5
ENSG00000157343	ARMC12	20	14	12	17	15	20	8
ENSG00000157349	DDX19B	1220	1072	1191	980	1013	1108	840
ENSG00000157350	ST3GAL2	2433	1948	2329	1765	1697	1842	1503
ENSG00000157353	FCSK	639	578	670	494	509	498	385
ENSG00000157368	IL34	4	5	3	2	5	3	0
ENSG00000157379	DHRS1	442	390	369	275	288	305	266
ENSG00000157388	CACNA1D	460	396	496	311	348	345	333
ENSG00000157399	ARSL	3140	2588	3210	2217	2396	2624	2039
ENSG00000157423	HYDIN	15	9	9	2	16	3	10
ENSG00000157426	AASDH	325	269	379	263	284	318	292
ENSG00000157429	ZNF19	82	48	59	57	46	44	47
ENSG00000157445	CACNA2D3	11	8	6	6	0	0	6
ENSG00000157450	RNF111	2152	1857	1944	1433	1684	1598	1543
ENSG00000157456	CCNB2	4136	3502	3924	3037	3236	3326	2654
ENSG00000157470	FAM81A	898	712	891	639	731	763	647
ENSG00000157483	MYO1E	18116	15782	17615	12756	14100	14144	11828
ENSG00000157500	APPL1	2295	1901	2331	1484	1737	1834	1544
ENSG00000157510	AFAP1L1	145	137	135	121	139	79	81
ENSG00000157514	TSC22D3	458	434	560	387	404	398	371
ENSG00000157538	VPS26C	1018	834	1004	743	819	845	669
ENSG00000157540	DYRK1A	1437	1249	1427	1059	1114	1165	970
ENSG00000157542	KCNJ6	16	14	6	13	16	12	6
ENSG00000157551	KCNJ15	142	103	89	109	89	84	77
ENSG00000157557	ETS2	4157	3570	4425	3144	3420	3515	2772
ENSG00000157570	TSPAN18	75	47	76	51	65	54	39
ENSG00000157578	LCA5L	34	34	38	32	34	39	35
ENSG00000157593	SLC35B2	3011	2667	2879	2199	2401	2450	1889
ENSG00000157600	TMEM164	3445	2928	3533	2464	2870	2833	2318
ENSG00000157601	MX1	138	134	139	99	105	93	57
ENSG00000157613	CREB3L1	102	90	124	118	90	122	67
ENSG00000157617	C2CD2	656	593	606	446	515	551	453
ENSG00000157625	TAB3	1104	1051	1114	729	965	974	813
ENSG00000157637	SLC38A10	7269	6323	7410	5139	5786	5763	4507
ENSG00000157653	C9orf43	29	17	27	20	25	20	22
ENSG00000157654	PALM2AKAP2	905	825	1032	639	710	746	581
ENSG00000157657	ZNF618	2832	2481	2915	1925	2274	2298	1932
ENSG00000157680	DGKI	1	0	3	0	0	0	0
ENSG00000157693	TMEM268	874	783	905	649	732	832	634
ENSG00000157703	SVOPL	9	7	11	2	7	2	7
ENSG00000157734	SNX22	110	56	44	47	98	58	29
ENSG00000157741	UBN2	1036	920	1011	684	787	771	687
ENSG00000157764	BRAF	1064	874	1073	692	751	818	713
ENSG00000157765	SLC34A2	1	1	1	1	1	1	1
ENSG00000157766	ACAN	0	1	1	1	4	1	2
ENSG00000157778	PSMG3	1229	1078	1212	970	974	1007	793
ENSG00000157782	CABP1	12	11	7	9	4	8	13
ENSG00000157796	WDR19	447	417	423	305	341	401	228
ENSG00000157800	SLC37A3	1439	1228	1466	921	1063	1261	935
ENSG00000157823	AP3S2	2495	2065	2338	1665	2037	1962	1615
ENSG00000157827	FMNL2	2825	2412	3100	1833	2248	2341	2040
ENSG00000157833	GAREM2	579	479	609	388	457	472	361
ENSG00000157837	SPPL3	2214	1861	2206	1697	1784	1977	1532
ENSG00000157851	DPYSL5	636	583	621	423	458	473	355
ENSG00000157856	DRC1	2	4	0	2	4	0	0
ENSG00000157869	RAB28	440	348	461	347	389	378	365
ENSG00000157870	PRXL2B	1253	1078	1209	933	989	932	818
ENSG00000157873	TNFRSF14	0	0	0	6	3	1	0
ENSG00000157881	PANK4	793	666	733	528	617	632	506
ENSG00000157884	CIB4	5	0	2	0	0	0	0
ENSG00000157890	MEGF11	22	19	25	14	21	13	15
ENSG00000157895	C12orf43	1292	1049	1367	939	1036	1079	836
ENSG00000157911	PEX10	960	784	850	725	744	694	596
ENSG00000157916	RER1	4330	3621	4456	3057	3279	3648	2688
ENSG00000157927	RADIL	191	172	234	124	138	145	147
ENSG00000157933	SKI	2011	1683	2145	1513	1652	1638	1358
ENSG00000157954	WIPI2	2727	2452	2696	2064	2084	2305	1831
ENSG00000157978	LDLRAP1	978	868	952	641	764	792	595
ENSG00000157985	AGAP1	1854	1665	1993	1300	1593	1468	1312
ENSG00000157992	KRTCAP3	23	11	17	20	22	18	13
ENSG00000157999	ANKRD61	54	41	60	34	36	38	37
ENSG00000158006	PAFAH2	717	577	770	510	560	586	496
ENSG00000158008	EXTL1	2	1	4	1	0	0	1
ENSG00000158014	SLC30A2	4	6	4	1	3	3	4
ENSG00000158019	BABAM2	2476	2121	2503	1733	2033	2179	1598
ENSG00000158022	TRIM63	0	0	0	0	0	2	0
ENSG00000158023	CFAP251	16	18	18	6	13	13	13
ENSG00000158042	MRPL17	3261	2870	3085	1945	2543	2835	2142
ENSG00000158050	DUSP2	2	3	7	1	5	3	2
ENSG00000158055	GRHL3	169	119	157	101	105	122	106
ENSG00000158062	UBXN11	238	180	204	165	150	173	154
ENSG00000158077	NLRP14	0	0	0	0	0	1	0
ENSG00000158079	PTPDC1	321	344	357	225	277	295	222
ENSG00000158089	GALNT14	1759	1583	1728	1265	1427	1421	1234
ENSG00000158092	NCK1	983	856	1031	716	816	878	692
ENSG00000158104	HPD	31	27	31	23	31	29	26
ENSG00000158106	RHPN1	1547	1394	1619	1179	1202	1179	972
ENSG00000158109	TPRG1L	1207	1044	1222	847	936	1019	829
ENSG00000158113	LRRC43	0	0	0	1	0	1	4
ENSG00000158122	PRXL2C	718	573	700	524	524	574	478
ENSG00000158125	XDH	57	39	55	34	42	38	33
ENSG00000158156	XKR8	281	215	280	240	230	259	188
ENSG00000158158	CNNM4	898	756	931	649	697	729	571
ENSG00000158161	EYA3	894	790	862	616	623	668	547
ENSG00000158163	DZIP1L	242	211	259	155	195	179	177
ENSG00000158164	TMSB15A	5	5	2	3	5	3	10
ENSG00000158169	FANCC	1107	944	1139	749	866	862	742
ENSG00000158186	MRAS	441	333	457	314	360	312	239
ENSG00000158195	WASF2	4538	3820	4587	3196	3631	3746	3080
ENSG00000158201	ABHD3	986	863	950	727	784	830	699
ENSG00000158220	ESYT3	41	37	31	35	26	33	10
ENSG00000158234	FAIM	485	430	493	367	391	437	385
ENSG00000158246	TENT5B	23	24	32	10	11	26	20
ENSG00000158258	CLSTN2	13	9	5	5	8	7	4
ENSG00000158270	COLEC12	48	35	56	48	53	44	30
ENSG00000158286	RNF207	581	489	562	347	444	396	318
ENSG00000158290	CUL4B	3032	2833	3577	2028	2703	2876	2212
ENSG00000158292	GPR153	117	112	139	119	77	107	62
ENSG00000158296	SLC13A3	2	1	2	0	1	0	0
ENSG00000158301	GPRASP2	415	384	464	307	373	346	260
ENSG00000158315	RHBDL2	40	43	52	32	28	37	40
ENSG00000158321	AUTS2	818	680	805	571	615	650	503
ENSG00000158352	SHROOM4	2	3	2	6	2	4	3
ENSG00000158373	H2BC5	540	422	416	358	346	356	312
ENSG00000158402	CDC25C	641	656	706	511	524	529	406
ENSG00000158406	H4C8	0	0	0	0	0	17	0
ENSG00000158411	MITD1	537	389	493	380	376	437	354
ENSG00000158417	EIF5B	10999	9022	10905	8627	8744	9746	7227
ENSG00000158423	RIBC1	80	35	65	47	33	46	31
ENSG00000158427	TMSB15B	49	50	70	42	33	50	27
ENSG00000158428	CATIP	1	3	0	7	2	0	1
ENSG00000158435	CNOT11	2624	2324	2872	2024	2191	2379	1854
ENSG00000158445	KCNB1	16	16	17	8	16	22	12
ENSG00000158457	TSPAN33	338	280	362	222	261	304	170
ENSG00000158458	NRG2	134	102	133	102	90	90	89
ENSG00000158467	AHCYL2	1588	1240	1569	1045	1183	1294	1048
ENSG00000158470	B4GALT5	7173	6354	7420	4976	5719	5741	4672
ENSG00000158473	CD1D	0	0	0	1	1	0	1
ENSG00000158480	SPATA2	738	585	715	531	591	603	427
ENSG00000158486	DNAH3	0	5	8	6	1	4	0
ENSG00000158516	CPA2	0	0	0	0	0	0	1
ENSG00000158517	NCF1	0	0	1	2	0	0	0
ENSG00000158525	CPA5	0	0	0	0	0	0	2
ENSG00000158526	TSR2	2886	2558	2900	2206	2416	2500	1909
ENSG00000158528	PPP1R9A	1839	1575	1891	1205	1415	1520	1181
ENSG00000158545	ZC3H18	4734	4149	4876	3525	3988	4024	3241
ENSG00000158552	ZFAND2B	472	417	463	376	373	347	303
ENSG00000158553	POM121L2	1	5	6	4	1	0	1
ENSG00000158555	GDPD5	538	486	522	353	386	373	335
ENSG00000158560	DYNC1I1	0	0	2	2	0	1	0
ENSG00000158571	PFKFB1	9	3	10	2	9	3	1
ENSG00000158578	ALAS2	0	0	1	0	1	0	0
ENSG00000158604	TMED4	3474	2973	3529	2585	2955	2949	2245
ENSG00000158615	PPP1R15B	3094	2578	2985	2277	2635	2835	2162
ENSG00000158623	COPG2	1673	1451	1718	1248	1314	1438	1095
ENSG00000158636	EMSY	1186	1052	1171	799	923	916	832
ENSG00000158639	PAGE5	0	0	0	0	0	0	1
ENSG00000158669	GPAT4	4378	3901	4582	3077	3641	3750	2883
ENSG00000158683	PKD1L1	9	8	16	4	7	10	3
ENSG00000158691	ZSCAN12	453	388	474	260	347	395	295
ENSG00000158710	TAGLN2	24206	20572	24906	19008	18289	19477	15179
ENSG00000158711	ELK4	1774	1664	1927	1291	1497	1595	1366
ENSG00000158714	SLAMF8	0	0	0	0	9	0	0
ENSG00000158715	SLC45A3	255	192	208	140	185	157	143
ENSG00000158716	DUSP23	1046	792	1016	774	819	823	627
ENSG00000158717	RNF166	928	747	959	657	761	723	602
ENSG00000158747	NBL1	1643	1528	1846	1392	1332	1435	1093
ENSG00000158748	HTR6	9	10	13	9	8	14	3
ENSG00000158764	ITLN2	2	0	0	0	1	3	0
ENSG00000158769	F11R	3415	2864	3575	2466	2573	2723	2126
ENSG00000158773	USF1	1173	1083	1008	812	763	862	745
ENSG00000158786	PLA2G2F	0	0	0	0	0	1	0
ENSG00000158792	SPATA2L	463	388	499	338	361	406	323
ENSG00000158793	NIT1	1327	1077	1232	934	961	1021	790
ENSG00000158796	DEDD	1339	1070	1246	902	886	932	863
ENSG00000158805	ZNF276	1322	1145	1326	953	1000	1055	895
ENSG00000158806	NPM2	1	2	2	0	1	0	3
ENSG00000158813	EDA	47	34	31	29	36	22	19
ENSG00000158815	FGF17	1	6	4	4	1	4	3
ENSG00000158825	CDA	444	372	468	346	308	319	251
ENSG00000158828	PINK1	1808	1582	1926	1288	1285	1390	1136
ENSG00000158850	B4GALT3	1066	955	1013	816	761	982	749
ENSG00000158856	DMTN	5472	4549	5482	4197	4171	4365	3507
ENSG00000158859	ADAMTS4	23	11	40	18	21	17	19
ENSG00000158863	FHIP2B	2074	1683	2113	1558	1648	1444	1186
ENSG00000158864	NDUFS2	4627	4172	4897	3549	3840	4101	3292
ENSG00000158865	SLC5A11	81	102	123	77	94	88	82
ENSG00000158869	FCER1G	2	0	1	0	0	0	2
ENSG00000158874	APOA2	0	0	10	0	1	13	2
ENSG00000158882	TOMM40L	444	373	457	306	269	383	283
ENSG00000158887	MPZ	23	19	25	17	19	21	9
ENSG00000158901	WFDC8	1	4	4	6	3	5	1
ENSG00000158941	CCAR2	7141	6114	7165	5042	5682	5699	4451
ENSG00000158955	WNT9B	13	15	16	15	11	14	14
ENSG00000158966	CACHD1	182	152	164	92	150	162	115
ENSG00000158985	CDC42SE2	3285	2762	3468	2391	2711	2819	2285
ENSG00000158987	RAPGEF6	1308	1190	1403	873	1091	1118	898
ENSG00000159023	EPB41	1004	735	950	666	890	769	740
ENSG00000159055	MIS18A	884	803	887	672	754	769	592
ENSG00000159063	ALG8	2996	2558	2873	2181	2329	2497	1963
ENSG00000159069	FBXW5	3361	2842	3344	2586	2545	2706	2144
ENSG00000159079	CFAP298	1062	911	1186	806	817	902	603
ENSG00000159082	SYNJ1	417	348	447	232	357	306	254
ENSG00000159086	PAXBP1	779	712	829	528	587	677	553
ENSG00000159110	IFNAR2	1356	1138	1349	949	1040	1016	893
ENSG00000159111	MRPL10	3202	2738	2998	2429	2522	2656	2113
ENSG00000159128	IFNGR2	1667	1506	1679	1298	1395	1479	1149
ENSG00000159131	GART	4719	4025	4685	3251	3800	4074	3282
ENSG00000159140	SON	10565	9571	11295	7242	8508	8774	7057
ENSG00000159147	DONSON	808	615	798	565	558	652	518
ENSG00000159164	SV2A	1	4	8	4	7	11	2
ENSG00000159166	LAD1	74	78	66	49	40	61	49
ENSG00000159167	STC1	463	409	623	459	367	430	359
ENSG00000159173	TNNI1	7	6	4	4	7	9	1
ENSG00000159176	CSRP1	8301	7320	8793	6382	6830	7210	5434
ENSG00000159182	PRAC1	0	0	0	0	0	0	1
ENSG00000159184	HOXB13	545	426	577	409	413	418	387
ENSG00000159197	KCNE2	0	2	2	0	0	0	0
ENSG00000159199	ATP5MC1	4936	4343	4542	3603	4060	4012	3329
ENSG00000159200	RCAN1	569	503	562	352	416	450	323
ENSG00000159202	UBE2Z	7960	6930	8292	5754	6429	6608	5193
ENSG00000159208	CIART	12	16	15	12	8	12	23
ENSG00000159210	SNF8	3485	2957	3125	2573	2655	2732	2150
ENSG00000159212	CLIC6	4	4	7	1	4	3	3
ENSG00000159214	CCDC24	131	82	101	83	83	111	84
ENSG00000159216	RUNX1	801	705	849	620	617	667	556
ENSG00000159217	IGF2BP1	7897	7192	8150	5515	6282	6466	5411
ENSG00000159224	GIP	50	56	69	45	35	40	31
ENSG00000159228	CBR1	5278	4571	5485	3840	4245	4425	3503
ENSG00000159231	CBR3	315	289	319	211	252	249	206
ENSG00000159251	ACTC1	0	1	0	0	0	0	0
ENSG00000159256	MORC3	748	665	769	523	559	585	498
ENSG00000159259	CHAF1B	1456	1268	1563	1141	1326	1339	1125
ENSG00000159261	CLDN14	3	0	3	2	5	3	0
ENSG00000159263	SIM2	699	641	790	511	565	617	431
ENSG00000159267	HLCS	1342	1214	1230	911	983	1168	829
ENSG00000159289	GOLGA6A	4	0	0	0	0	2	0
ENSG00000159307	SCUBE1	49	32	57	36	34	35	25
ENSG00000159314	ARHGAP27	788	648	766	464	675	650	451
ENSG00000159322	ADPGK	3407	2990	3447	2448	2868	2908	2446
ENSG00000159335	PTMS	33063	27531	35641	26752	27319	29030	21179
ENSG00000159337	PLA2G4D	0	0	0	1	0	0	0
ENSG00000159339	PADI4	3	1	1	2	0	2	1
ENSG00000159346	ADIPOR1	3686	3078	3451	2695	2918	3031	2434
ENSG00000159348	CYB5R1	944	796	905	661	725	758	552
ENSG00000159352	PSMD4	6969	5921	6543	4970	5495	5747	4517
ENSG00000159363	ATP13A2	1954	1593	2084	1394	1642	1623	1271
ENSG00000159374	M1AP	0	0	0	1	0	0	0
ENSG00000159377	PSMB4	6695	6051	6559	5175	5618	5772	4591
ENSG00000159387	IRX6	2	1	2	0	0	0	0
ENSG00000159388	BTG2	555	476	533	392	389	415	368
ENSG00000159399	HK2	104	123	184	120	97	124	68
ENSG00000159403	C1R	1844	1481	1951	1293	1307	1503	1070
ENSG00000159409	CELF3	10	5	5	7	1	10	8
ENSG00000159423	ALDH4A1	1141	1094	1179	877	950	1006	760
ENSG00000159433	STARD9	250	210	276	183	175	178	170
ENSG00000159445	THEM4	723	594	633	447	483	543	400
ENSG00000159450	TCHH	36	47	32	38	29	41	32
ENSG00000159459	UBR1	1069	917	1188	732	900	927	734
ENSG00000159461	AMFR	4591	3760	4815	3316	3673	3798	2892
ENSG00000159479	MED8	1030	951	1073	770	781	894	657
ENSG00000159495	TGM7	0	0	0	0	1	0	0
ENSG00000159496	RGL4	1	2	2	1	0	1	2
ENSG00000159556	ISL2	218	186	222	148	142	192	162
ENSG00000159579	RSPRY1	1833	1558	1916	1300	1524	1506	1298
ENSG00000159588	CCDC17	2	0	20	0	0	0	0
ENSG00000159592	GPBP1L1	2168	1991	2274	1605	1780	1952	1570
ENSG00000159593	NAE1	3332	2947	3569	2457	2692	2890	2231
ENSG00000159596	TMEM69	712	535	646	549	497	555	423
ENSG00000159618	ADGRG5	0	0	1	0	0	0	0
ENSG00000159625	DRC7	15	15	8	16	7	16	7
ENSG00000159640	ACE	18	28	28	21	18	37	27
ENSG00000159648	TEPP	0	0	1	0	0	0	0
ENSG00000159650	UROC1	0	0	3	1	0	0	1
ENSG00000159658	EFCAB14	2652	2304	2824	1865	2282	2398	2006
ENSG00000159674	SPON2	43	50	74	59	43	42	33
ENSG00000159685	CHCHD6	366	384	371	300	336	330	228
ENSG00000159692	CTBP1	5315	4751	5795	4106	4317	4594	3508
ENSG00000159708	LRRC36	14	0	7	0	9	11	7
ENSG00000159713	TPPP3	684	553	713	498	494	534	455
ENSG00000159714	ZDHHC1	536	459	496	392	381	431	326
ENSG00000159720	ATP6V0D1	3166	2736	3068	2377	2506	2730	2050
ENSG00000159723	AGRP	0	1	4	1	1	0	0
ENSG00000159733	ZFYVE28	230	211	217	154	172	161	114
ENSG00000159753	CARMIL2	33	35	43	23	31	37	26
ENSG00000159761	C16orf86	0	0	0	2	0	0	0
ENSG00000159763	PIP	38	53	38	43	24	21	16
ENSG00000159784	FAM131B	0	32	35	0	16	2	18
ENSG00000159788	RGS12	818	648	759	545	612	598	443
ENSG00000159792	PSKH1	1825	1463	1713	1204	1360	1388	1109
ENSG00000159840	ZYX	3616	3119	3990	3030	2814	3077	2339
ENSG00000159842	ABR	4755	4030	5247	3335	3795	3979	3417
ENSG00000159871	LYPD5	4	2	1	4	3	2	1
ENSG00000159873	CCDC117	1527	1358	1575	1105	1158	1212	1030
ENSG00000159882	ZNF230	222	211	246	154	213	177	128
ENSG00000159884	CCDC107	682	524	632	489	528	486	433
ENSG00000159885	ZNF222	120	115	136	94	109	125	92
ENSG00000159899	NPR2	68	36	80	77	34	41	40
ENSG00000159905	ZNF221	53	54	60	34	47	46	47
ENSG00000159915	ZNF233	50	46	52	48	48	44	26
ENSG00000159917	ZNF235	177	135	203	135	157	142	100
ENSG00000159921	GNE	4069	3547	4030	2868	3168	3248	2600
ENSG00000159958	TNFRSF13C	74	82	52	33	60	72	37
ENSG00000159961	OR3A3	1	2	5	1	1	1	2
ENSG00000160007	ARHGAP35	10090	8888	10336	7039	8164	7966	6909
ENSG00000160013	PTGIR	6	2	7	1	0	1	2
ENSG00000160014	CALM3	20033	17291	19736	15192	15165	15716	12642
ENSG00000160049	DFFA	2844	2384	2881	2088	2319	2431	1860
ENSG00000160050	CCDC28B	109	104	126	65	94	83	65
ENSG00000160051	IQCC	83	103	111	90	109	97	86
ENSG00000160055	TMEM234	138	111	129	88	129	106	96
ENSG00000160058	BSDC1	1683	1396	1640	1165	1219	1338	1101
ENSG00000160062	ZBTB8A	354	331	405	286	312	338	238
ENSG00000160072	ATAD3B	3	0	11	0	0	0	0
ENSG00000160075	SSU72	4375	3795	4612	3439	3703	3740	2958
ENSG00000160087	UBE2J2	1531	1313	1501	1122	1237	1261	925
ENSG00000160094	ZNF362	948	761	926	649	716	732	577
ENSG00000160097	FNDC5	9	0	5	13	1	8	13
ENSG00000160111	CPAMD8	0	9	4	4	8	5	1
ENSG00000160113	NR2F6	4981	4429	5285	3943	4017	4100	3117
ENSG00000160117	ANKLE1	37	55	49	49	40	42	38
ENSG00000160124	MIX23	834	715	791	630	625	769	597
ENSG00000160131	VMA21	2546	2217	2634	1982	2257	2322	1897
ENSG00000160145	KALRN	72	63	66	74	46	51	66
ENSG00000160161	CILP2	32	24	37	18	20	16	5
ENSG00000160179	ABCG1	757	687	793	554	572	566	470
ENSG00000160180	TFF3	7	2	2	1	1	6	4
ENSG00000160182	TFF1	47	62	88	57	61	49	50
ENSG00000160183	TMPRSS3	7	3	2	0	0	2	3
ENSG00000160185	UBASH3A	0	2	2	0	2	3	1
ENSG00000160188	RSPH1	37	59	52	43	43	43	42
ENSG00000160190	SLC37A1	393	324	360	274	251	250	241
ENSG00000160191	PDE9A	256	234	302	204	199	216	178
ENSG00000160193	WDR4	1125	1018	1111	799	906	918	734
ENSG00000160194	NDUFV3	1128	847	1001	825	837	920	711
ENSG00000160199	PKNOX1	482	390	454	334	367	412	294
ENSG00000160200	CBS	775	668	820	592	747	780	619
ENSG00000160201	U2AF1	1249	1085	1019	861	964	968	818
ENSG00000160202	CRYAA	0	0	0	0	0	1	1
ENSG00000160207	HSF2BP	43	32	36	37	26	28	25
ENSG00000160208	RRP1B	3350	2740	3658	2389	2802	2888	2243
ENSG00000160209	PDXK	9993	8638	10193	7395	7778	8088	6618
ENSG00000160211	G6PD	106423	90642	90100	74948	82699	84948	67828
ENSG00000160213	CSTB	4705	3842	4258	3394	3650	3911	3300
ENSG00000160214	RRP1	1391	1268	1366	1051	1192	1152	953
ENSG00000160216	AGPAT3	3386	3013	3746	2505	2794	2925	2339
ENSG00000160218	TRAPPC10	1313	1287	1535	940	1187	1028	923
ENSG00000160219	GAB3	0	0	4	4	8	0	4
ENSG00000160221	GATD3	380	332	403	287	329	340	302
ENSG00000160223	ICOSLG	387	343	337	292	302	300	245
ENSG00000160226	CFAP410	421	397	379	314	319	314	306
ENSG00000160229	ZNF66	115	91	117	72	75	77	55
ENSG00000160233	LRRC3	133	100	139	95	104	86	71
ENSG00000160255	ITGB2	263	224	282	196	222	263	188
ENSG00000160256	SLX9	1491	1302	1531	1116	1298	1301	1045
ENSG00000160271	RALGDS	520	555	676	481	492	577	426
ENSG00000160282	FTCD	0	0	0	0	1	0	0
ENSG00000160284	SPATC1L	2	1	6	6	3	1	1
ENSG00000160285	LSS	2151	1943	2282	1571	1806	1793	1414
ENSG00000160293	VAV2	1868	1729	2062	1475	1518	1574	1300
ENSG00000160294	MCM3AP	2946	2530	3285	1763	2507	2507	2007
ENSG00000160298	C21orf58	1033	857	1100	744	756	822	628
ENSG00000160299	PCNT	1600	1511	1810	979	1297	1349	1101
ENSG00000160305	DIP2A	1165	962	1294	729	830	995	821
ENSG00000160307	S100B	0	0	0	0	0	0	1
ENSG00000160310	PRMT2	1549	1369	1608	1165	1274	1290	1125
ENSG00000160318	CLDND2	75	65	54	49	46	60	39
ENSG00000160321	ZNF208	2	1	2	3	1	1	1
ENSG00000160323	ADAMTS13	166	134	129	91	120	81	79
ENSG00000160325	CACFD1	527	474	563	460	449	430	367
ENSG00000160326	SLC2A6	1402	1127	1350	990	1061	1052	828
ENSG00000160336	ZNF761	540	479	579	384	428	465	379
ENSG00000160339	FCN2	0	0	1	0	0	0	0
ENSG00000160345	PIERCE1	247	189	218	175	162	189	161
ENSG00000160352	ZNF714	496	428	473	303	357	365	309
ENSG00000160360	GPSM1	686	562	724	499	512	509	389
ENSG00000160392	C19orf47	1539	1359	1353	1118	1127	1195	997
ENSG00000160396	HIPK4	16	6	14	7	16	10	3
ENSG00000160401	CFAP157	21	25	36	42	12	31	12
ENSG00000160404	TOR2A	355	283	350	243	277	284	185
ENSG00000160408	ST6GALNAC6	695	643	670	511	519	565	431
ENSG00000160410	SHKBP1	7014	5931	6557	5098	5066	5345	4279
ENSG00000160439	RDH13	408	411	448	373	343	370	317
ENSG00000160445	ZER1	1519	1300	1675	1127	1217	1233	994
ENSG00000160446	ZDHHC12	2485	1998	2629	1888	1958	2079	1565
ENSG00000160447	PKN3	1573	1426	1643	1217	1241	1207	1002
ENSG00000160460	SPTBN4	207	154	173	142	99	136	93
ENSG00000160469	BRSK1	168	145	181	104	119	116	106
ENSG00000160471	COX6B2	50	26	52	23	28	35	27
ENSG00000160472	TMEM190	10	4	15	3	5	5	3
ENSG00000160505	NLRP4	6	1	0	1	0	0	0
ENSG00000160551	TAOK1	6872	5994	7527	4179	5602	5535	4766
ENSG00000160563	MED27	989	837	1021	794	878	872	689
ENSG00000160570	DEDD2	1697	1676	1690	1399	1175	1147	1010
ENSG00000160584	SIK3	1286	1142	1352	843	1097	1178	987
ENSG00000160588	MPZL3	84	59	90	63	73	56	51
ENSG00000160602	NEK8	410	394	466	361	355	367	307
ENSG00000160606	TLCD1	1157	928	1043	808	940	908	757
ENSG00000160613	PCSK7	1229	1112	1297	953	1055	1029	799
ENSG00000160633	SAFB	5586	5082	5799	4163	4673	4859	4004
ENSG00000160654	CD3G	11	8	6	8	0	13	0
ENSG00000160678	S100A1	22	13	20	25	11	12	11
ENSG00000160679	CHTOP	3831	3367	3790	2717	3069	3181	2531
ENSG00000160683	CXCR5	2	0	0	4	0	4	0
ENSG00000160685	ZBTB7B	3826	3428	3751	2818	3170	3025	2421
ENSG00000160688	FLAD1	2002	1729	1972	1472	1594	1687	1342
ENSG00000160691	SHC1	13250	11609	12386	9197	10303	10036	8335
ENSG00000160695	VPS11	740	576	662	460	570	577	498
ENSG00000160703	NLRX1	1255	1176	1253	934	953	968	856
ENSG00000160710	ADAR	11642	10471	12466	7929	10096	10116	8135
ENSG00000160712	IL6R	635	618	729	490	599	617	481
ENSG00000160714	UBE2Q1	3188	2702	3102	2320	2558	2733	2122
ENSG00000160716	CHRNB2	50	40	44	29	31	27	30
ENSG00000160741	CRTC2	1467	1166	1383	1108	1077	1118	865
ENSG00000160746	ANO10	1177	1035	1329	867	973	1027	874
ENSG00000160752	FDPS	4040	3565	3829	2948	3263	3320	2636
ENSG00000160753	RUSC1	2290	1966	2174	1697	1817	1857	1446
ENSG00000160767	FAM189B	1742	1464	1898	1319	1459	1423	1256
ENSG00000160781	PAQR6	500	418	457	400	225	407	353
ENSG00000160783	PMF1	1836	1585	1759	1260	1489	1550	1254
ENSG00000160785	SLC25A44	2489	2186	2463	1850	1961	2154	1710
ENSG00000160789	LMNA	21546	18866	21933	16420	17660	17920	14069
ENSG00000160796	NBEAL2	4711	4220	4903	3283	3686	3794	3108
ENSG00000160799	CCDC12	1394	1220	1283	1035	1156	1165	863
ENSG00000160801	PTH1R	8	6	0	9	10	9	6
ENSG00000160803	UBQLN4	4616	4106	4391	3330	3536	3728	2997
ENSG00000160808	MYL3	2	6	11	12	5	10	4
ENSG00000160813	PPP1R35	758	697	708	537	584	596	478
ENSG00000160838	LRRC71	4	3	4	5	0	2	1
ENSG00000160856	FCRL3	0	0	0	0	0	0	1
ENSG00000160862	AZGP1	9	12	3	8	9	4	2
ENSG00000160867	FGFR4	4976	4367	4971	3708	4069	4130	3308
ENSG00000160868	CYP3A4	0	2	0	0	2	3	2
ENSG00000160870	CYP3A7	0	13	0	0	0	7	9
ENSG00000160877	NACC1	4706	4166	4546	3506	3880	3839	3008
ENSG00000160883	HK3	1	5	1	0	3	2	1
ENSG00000160886	LY6K	9	21	19	17	3	6	6
ENSG00000160888	IER2	5753	4889	5586	4233	4299	4581	3420
ENSG00000160908	ZNF394	629	467	570	434	483	419	345
ENSG00000160917	CPSF4	1421	1214	1351	1001	1138	1132	866
ENSG00000160932	LY6E	7407	6317	7461	5669	6066	6253	5017
ENSG00000160948	VPS28	1889	1532	1791	1447	1449	1464	1183
ENSG00000160949	TONSL	2376	2060	2463	1733	1944	1886	1626
ENSG00000160951	PTGER1	2	3	3	2	4	3	4
ENSG00000160953	PWWP3A	1308	1240	1392	1038	1032	1018	914
ENSG00000160957	RECQL4	3943	3460	3956	2872	3101	2964	2536
ENSG00000160959	LRRC14	2529	2188	2673	1823	1970	2011	1564
ENSG00000160961	ZNF333	113	132	121	64	111	102	81
ENSG00000160963	COL26A1	157	109	121	104	109	115	78
ENSG00000160972	PPP1R16A	2507	1999	2578	1794	1942	2024	1533
ENSG00000160973	FOXH1	28	35	52	21	29	37	12
ENSG00000160991	ORAI2	2670	2259	2535	1987	1979	1952	1661
ENSG00000160993	ALKBH4	389	362	408	332	388	394	264
ENSG00000160999	SH2B2	264	244	313	212	229	227	163
ENSG00000161010	MRNIP	952	774	859	633	610	709	503
ENSG00000161011	SQSTM1	42637	36966	44115	31772	39798	41683	32674
ENSG00000161013	MGAT4B	7692	6703	8164	5851	6700	6917	5107
ENSG00000161016	RPL8	68802	60722	59912	50003	53198	53211	43083
ENSG00000161021	MAML1	2291	1986	2225	1516	1855	1790	1578
ENSG00000161031	PGLYRP2	0	2	0	1	0	1	2
ENSG00000161036	LRWD1	1253	1091	1282	944	1050	1021	771
ENSG00000161040	FBXL13	17	13	8	3	17	15	12
ENSG00000161048	NAPEPLD	890	831	910	537	752	874	582
ENSG00000161057	PSMC2	5331	4803	5087	3865	4401	4544	3734
ENSG00000161082	CELF5	28	26	34	25	22	24	32
ENSG00000161091	MFSD12	2524	2185	2736	1984	2088	2053	1696
ENSG00000161179	YDJC	409	331	396	207	289	324	224
ENSG00000161180	CCDC116	9	2	3	3	3	3	11
ENSG00000161202	DVL3	2498	2185	2517	1802	1868	2058	1729
ENSG00000161203	AP2M1	12083	10300	10280	8451	8958	8890	7487
ENSG00000161204	ABCF3	1670	1423	1636	1124	1360	1370	1024
ENSG00000161217	PCYT1A	2602	2194	2676	1809	2210	2333	1780
ENSG00000161243	FBXO27	239	180	272	204	175	183	141
ENSG00000161249	DMKN	334	289	306	218	246	237	189
ENSG00000161265	U2AF1L4	203	210	175	164	142	175	142
ENSG00000161267	BDH1	294	228	237	221	211	245	174
ENSG00000161270	NPHS1	155	108	173	101	132	127	98
ENSG00000161277	THAP8	264	282	279	211	233	242	197
ENSG00000161281	COX7A1	0	1	0	0	1	0	1
ENSG00000161298	ZNF382	25	18	20	20	31	27	11
ENSG00000161328	LRRC56	76	49	81	54	53	52	47
ENSG00000161381	PLXDC1	5	5	7	6	1	0	1
ENSG00000161395	PGAP3	702	608	658	470	598	610	453
ENSG00000161405	IKZF3	91	70	105	63	65	60	48
ENSG00000161509	GRIN2C	39	32	20	31	21	29	18
ENSG00000161513	FDXR	2175	1930	2207	1615	1686	1684	1315
ENSG00000161526	SAP30BP	2276	1874	2264	1701	1745	1996	1485
ENSG00000161533	ACOX1	1929	1696	1849	1456	1432	1549	1209
ENSG00000161542	PRPSAP1	1967	1629	1967	1497	1609	1683	1270
ENSG00000161544	CYGB	25	26	38	24	31	32	23
ENSG00000161547	SRSF2	15406	13354	16414	11248	12904	13260	10529
ENSG00000161551	ZNF577	75	60	73	41	46	53	27
ENSG00000161558	TMEM143	582	434	547	442	500	455	403
ENSG00000161594	KLHL10	6	2	3	2	2	2	0
ENSG00000161609	KASH5	2	1	0	2	0	2	2
ENSG00000161610	HCRT	0	0	0	2	0	0	0
ENSG00000161618	ALDH16A1	2441	2203	2392	1845	2049	1918	1566
ENSG00000161638	ITGA5	2379	2037	2619	1896	1749	1832	1429
ENSG00000161642	ZNF385A	1001	838	1014	841	691	775	626
ENSG00000161647	MPP3	152	120	138	91	122	124	75
ENSG00000161649	CD300LG	5	10	3	11	8	6	4
ENSG00000161653	NAGS	3	7	12	9	13	4	5
ENSG00000161654	LSM12	4166	3372	3813	3135	3212	3480	2645
ENSG00000161664	ASB16	156	113	116	107	82	98	90
ENSG00000161671	EMC10	9022	8521	9044	6556	7812	7494	5872
ENSG00000161677	JOSD2	1529	1309	1478	1141	1193	1198	916
ENSG00000161681	SHANK1	6	10	11	5	9	12	9
ENSG00000161682	FAM171A2	307	283	420	245	235	250	182
ENSG00000161692	DBF4B	276	246	253	190	206	238	205
ENSG00000161714	PLCD3	7162	6255	7100	5566	5983	5835	4797
ENSG00000161791	FMNL3	288	256	328	264	273	253	210
ENSG00000161798	AQP5	0	2	1	1	0	1	1
ENSG00000161800	RACGAP1	4916	4192	5020	3459	3908	4193	3388
ENSG00000161813	LARP4	4207	3674	4023	2711	3476	3611	2933
ENSG00000161835	TAMALIN	15	11	7	16	20	5	11
ENSG00000161847	RAVER1	3640	2848	3510	2260	2956	2822	2295
ENSG00000161849	KRT84	0	0	0	0	1	1	0
ENSG00000161850	KRT82	1	0	0	0	0	0	0
ENSG00000161860	SYCE2	29	14	23	15	15	15	17
ENSG00000161888	SPC24	1262	1103	1295	930	976	1038	788
ENSG00000161896	IP6K3	0	0	0	0	0	0	1
ENSG00000161904	LEMD2	2764	2360	2708	1932	2186	2081	1812
ENSG00000161905	ALOX15	11	4	4	6	3	6	3
ENSG00000161911	TREML1	0	1	0	0	1	0	0
ENSG00000161914	ZNF653	301	249	299	216	230	239	202
ENSG00000161920	MED11	1147	987	1080	879	933	949	749
ENSG00000161921	CXCL16	1136	1033	1184	909	980	1006	842
ENSG00000161929	SCIMP	18	17	11	8	8	13	10
ENSG00000161939	RNASEK-C17orf49	52	54	52	49	41	50	43
ENSG00000161940	BCL6B	5	2	1	0	0	3	7
ENSG00000161944	ASGR2	2	3	3	0	0	2	0
ENSG00000161955	TNFSF13	194	171	197	182	177	157	157
ENSG00000161956	SENP3	4502	3976	4527	3410	3740	3753	3170
ENSG00000161958	FGF11	72	54	79	47	43	56	50
ENSG00000161960	EIF4A1	44802	38283	43365	32267	36791	38592	30473
ENSG00000161970	RPL26	28600	24325	28680	22013	23056	25740	20370
ENSG00000161980	POLR3K	1287	1075	1202	829	1042	1000	744
ENSG00000161981	SNRNP25	1893	1750	2070	1555	1582	1590	1262
ENSG00000161992	PRR35	5	2	3	4	1	4	1
ENSG00000161996	WDR90	726	491	570	426	421	395	373
ENSG00000161999	JMJD8	2133	1841	1897	1563	1658	1787	1249
ENSG00000162004	CCDC78	35	13	29	28	26	18	11
ENSG00000162006	MSLNL	0	2	1	0	0	0	0
ENSG00000162009	SSTR5	160	105	108	96	104	112	85
ENSG00000162032	SPSB3	643	533	660	441	507	496	402
ENSG00000162039	MEIOB	111	102	135	98	92	105	70
ENSG00000162040	HS3ST6	131	109	153	78	119	101	74
ENSG00000162062	TEDC2	874	752	786	613	743	649	542
ENSG00000162063	CCNF	2056	1814	2212	1723	1668	1630	1346
ENSG00000162065	TBC1D24	894	710	848	566	766	664	548
ENSG00000162066	AMDHD2	891	776	903	584	793	792	554
ENSG00000162068	NTN3	8	6	12	7	4	1	1
ENSG00000162069	BICDL2	1	0	0	0	2	0	0
ENSG00000162073	PAQR4	1889	1464	1847	1388	1509	1565	1234
ENSG00000162076	FLYWCH2	933	817	937	755	686	785	584
ENSG00000162078	ZG16B	62	46	62	42	53	55	36
ENSG00000162086	ZNF75A	413	385	494	285	382	364	267
ENSG00000162104	ADCY9	1754	1427	1885	1123	1399	1389	1141
ENSG00000162105	SHANK2	1280	1179	1401	818	1088	1008	892
ENSG00000162129	CLPB	1423	1222	1370	1080	1141	1126	843
ENSG00000162139	NEU3	632	537	604	427	551	529	448
ENSG00000162144	CYB561A3	3612	3105	3602	2710	2928	3073	2358
ENSG00000162148	PPP1R32	26	32	29	18	20	33	18
ENSG00000162174	ASRGL1	1009	1019	1054	796	854	907	727
ENSG00000162188	GNG3	15	15	11	5	14	8	11
ENSG00000162191	UBXN1	3072	2683	2928	2321	2466	2500	1958
ENSG00000162194	LBHD1	357	344	391	271	286	304	210
ENSG00000162222	TTC9C	713	647	649	566	543	581	466
ENSG00000162227	TAF6L	779	642	825	668	651	645	505
ENSG00000162231	NXF1	2745	2347	2644	2031	2102	2281	1819
ENSG00000162236	STX5	1531	1352	1497	1148	1164	1332	981
ENSG00000162241	SLC25A45	314	297	290	200	249	267	221
ENSG00000162244	RPL29	19744	16621	14722	14144	14596	15332	13322
ENSG00000162267	ITIH3	0	0	0	0	1	1	0
ENSG00000162298	SYVN1	2880	2189	2696	2046	2216	2125	1863
ENSG00000162300	ZFPL1	1234	1020	1088	887	935	1032	739
ENSG00000162302	RPS6KA4	3089	2722	3141	2373	2514	2511	1957
ENSG00000162337	LRP5	8314	7267	8518	5990	6481	6438	5322
ENSG00000162341	TPCN2	1020	823	1056	775	757	875	642
ENSG00000162344	FGF19	1	1	2	4	3	3	1
ENSG00000162365	CYP4A22	0	1	0	1	0	1	1
ENSG00000162366	PDZK1IP1	397	325	396	298	288	324	238
ENSG00000162367	TAL1	0	0	4	0	0	0	0
ENSG00000162368	CMPK1	6041	5150	6332	4364	4991	5367	4160
ENSG00000162374	ELAVL4	0	0	1	0	0	0	0
ENSG00000162377	COA7	1513	1386	1473	1134	1308	1368	1133
ENSG00000162378	ZYG11B	1509	1253	1558	1039	1179	1283	1014
ENSG00000162383	SLC1A7	13	17	15	5	3	4	1
ENSG00000162384	CZIB	749	555	726	547	551	624	493
ENSG00000162385	MAGOH	1017	918	913	755	803	861	688
ENSG00000162390	ACOT11	157	164	160	157	105	139	91
ENSG00000162391	FAM151A	1	3	5	1	1	1	1
ENSG00000162396	PARS2	277	253	252	222	234	261	194
ENSG00000162398	LEXM	1	0	0	0	0	0	0
ENSG00000162399	BSND	0	0	0	1	0	0	1
ENSG00000162402	USP24	3349	3080	3622	2230	2718	2908	2254
ENSG00000162407	PLPP3	917	861	1017	719	816	728	629
ENSG00000162408	NOL9	1036	914	1095	820	860	925	718
ENSG00000162409	PRKAA2	1355	1192	1470	880	1071	1091	930
ENSG00000162413	KLHL21	1120	997	1186	840	1022	966	773
ENSG00000162415	ZSWIM5	496	390	472	301	389	380	286
ENSG00000162419	GMEB1	675	532	676	474	519	556	447
ENSG00000162426	SLC45A1	307	220	282	194	216	197	192
ENSG00000162430	SELENON	5362	4393	5186	3812	4121	4249	3416
ENSG00000162433	AK4	1413	1193	1484	1079	1088	1159	978
ENSG00000162434	JAK1	6927	6179	8251	4609	5778	5927	4924
ENSG00000162437	RAVER2	788	710	813	602	653	641	532
ENSG00000162438	CTRC	15	17	29	10	16	19	14
ENSG00000162441	LZIC	1369	1173	1405	976	1110	1180	960
ENSG00000162444	RBP7	7	3	9	5	6	0	4
ENSG00000162458	FBLIM1	1434	1301	1604	1208	1221	1293	1021
ENSG00000162460	TMEM82	0	0	2	0	0	0	0
ENSG00000162461	SLC25A34	30	33	36	33	22	32	23
ENSG00000162482	AKR7A3	9	6	11	16	13	8	8
ENSG00000162490	DRAXIN	10	7	5	4	4	10	7
ENSG00000162493	PDPN	0	0	1	1	0	0	0
ENSG00000162496	DHRS3	4065	3425	4237	3167	3430	3569	2946
ENSG00000162510	MATN1	3	5	4	5	3	1	1
ENSG00000162511	LAPTM5	11	1	10	1	6	3	4
ENSG00000162512	SDC3	1256	1117	1203	855	1005	912	798
ENSG00000162517	PEF1	2044	1585	1972	1464	1500	1614	1270
ENSG00000162520	SYNC	380	325	501	314	312	300	267
ENSG00000162521	RBBP4	4707	3959	4457	3350	3581	3819	3003
ENSG00000162522	KIAA1522	5805	5012	5621	4062	4388	4434	3749
ENSG00000162526	TSSK3	56	44	39	27	41	31	33
ENSG00000162542	TMCO4	342	308	389	247	248	281	249
ENSG00000162543	UBXN10	9	7	9	6	11	4	7
ENSG00000162545	CAMK2N1	3976	3371	4220	3264	3251	3383	2535
ENSG00000162551	ALPL	16	16	16	15	21	15	22
ENSG00000162552	WNT4	113	97	94	74	85	81	85
ENSG00000162572	SCNN1D	167	174	199	121	120	130	147
ENSG00000162576	MXRA8	128	118	118	80	80	79	49
ENSG00000162585	FAAP20	586	491	662	469	524	509	430
ENSG00000162591	MEGF6	1137	1081	1347	919	957	907	734
ENSG00000162592	CCDC27	0	2	0	0	0	0	0
ENSG00000162594	IL23R	2	1	2	0	0	0	0
ENSG00000162595	DIRAS3	24	30	38	23	32	23	15
ENSG00000162599	NFIA	1191	965	976	869	955	1002	650
ENSG00000162600	OMA1	535	501	512	384	432	491	328
ENSG00000162601	MYSM1	472	409	429	250	303	389	334
ENSG00000162604	TM2D1	513	425	512	391	419	461	343
ENSG00000162607	USP1	2742	2317	2920	1873	2238	2358	1930
ENSG00000162613	FUBP1	3588	3281	3394	2692	2867	3262	2527
ENSG00000162614	NEXN	133	136	102	93	100	117	85
ENSG00000162616	DNAJB4	995	845	1003	619	761	919	637
ENSG00000162618	ADGRL4	0	0	0	1	0	0	0
ENSG00000162620	LRRIQ3	45	38	43	33	39	45	40
ENSG00000162623	TYW3	1165	966	1200	784	917	976	748
ENSG00000162624	LHX8	386	379	382	274	316	359	292
ENSG00000162627	SNX7	1165	995	1210	900	858	983	802
ENSG00000162630	B3GALT2	4	3	5	3	1	3	0
ENSG00000162636	FAM102B	900	793	939	657	679	718	583
ENSG00000162639	HENMT1	298	287	330	223	260	301	227
ENSG00000162641	AKNAD1	3	1	1	0	0	5	0
ENSG00000162642	C1orf52	259	199	203	151	197	221	158
ENSG00000162643	DNAI3	21	19	24	18	26	21	21
ENSG00000162645	GBP2	155	125	136	107	93	121	80
ENSG00000162650	ATXN7L2	74	65	96	64	75	62	52
ENSG00000162654	GBP4	27	20	27	24	23	16	19
ENSG00000162664	ZNF326	1254	1081	1243	842	954	1103	866
ENSG00000162669	HFM1	1	5	3	8	6	0	6
ENSG00000162670	BRINP3	4	7	4	2	5	11	3
ENSG00000162676	GFI1	6	11	13	6	10	18	6
ENSG00000162687	KCNT2	83	112	87	75	56	72	77
ENSG00000162688	AGL	1196	1117	1418	722	1058	1047	870
ENSG00000162692	VCAM1	5	1	4	0	7	6	0
ENSG00000162694	EXTL2	681	597	713	505	558	592	469
ENSG00000162695	SLC30A7	1311	1141	1360	926	1065	1099	865
ENSG00000162702	ZNF281	4285	3699	4277	3024	3501	3488	2978
ENSG00000162704	ARPC5	6567	6047	6823	4708	5490	5411	4335
ENSG00000162706	CADM3	0	1	2	3	1	0	1
ENSG00000162711	NLRP3	1	0	0	0	0	0	0
ENSG00000162714	ZNF496	1577	1397	1650	1119	1265	1330	1044
ENSG00000162722	TRIM58	21	14	16	7	10	8	4
ENSG00000162723	SLAMF9	0	0	2	0	1	0	1
ENSG00000162729	IGSF8	933	707	937	685	684	694	552
ENSG00000162733	DDR2	18	22	20	19	11	8	8
ENSG00000162734	PEA15	2764	2428	2603	2034	2379	2227	1795
ENSG00000162735	PEX19	1619	1395	1504	1056	1250	1335	1034
ENSG00000162736	NCSTN	2911	2684	2864	2297	2511	2559	2130
ENSG00000162738	VANGL2	258	206	247	182	172	171	151
ENSG00000162739	SLAMF6	3	2	0	0	0	0	2
ENSG00000162745	OLFML2B	49	47	53	32	33	38	31
ENSG00000162746	FCRLB	2	0	4	0	5	3	0
ENSG00000162755	KLHDC9	27	13	33	13	17	32	2
ENSG00000162757	C1orf74	265	255	273	177	222	243	181
ENSG00000162761	LMX1A	0	0	1	0	0	0	0
ENSG00000162769	FLVCR1	1654	1611	1775	1273	1439	1410	1169
ENSG00000162771	GARIN4	0	0	0	0	1	0	0
ENSG00000162772	ATF3	80	81	89	58	78	77	70
ENSG00000162775	RBM15	682	561	695	448	527	555	486
ENSG00000162777	DENND2D	113	111	108	72	76	69	66
ENSG00000162779	AXDND1	7	3	6	2	4	1	1
ENSG00000162782	TDRD5	28	25	26	16	23	12	23
ENSG00000162783	IER5	3416	3132	3892	2638	2922	2846	2415
ENSG00000162804	SNED1	75	86	93	46	79	70	65
ENSG00000162813	BPNT1	1534	1288	1487	1143	1254	1250	944
ENSG00000162814	SPATA17	78	69	74	65	58	74	41
ENSG00000162817	C1orf115	787	686	840	590	643	683	504
ENSG00000162819	BROX	2740	2316	2789	1914	2086	2409	1864
ENSG00000162825	NBPF20	1201	1086	1365	844	964	895	755
ENSG00000162836	ACP6	644	521	585	457	485	474	390
ENSG00000162843	WDR64	0	0	0	0	0	3	0
ENSG00000162849	KIF26B	6	5	4	3	4	1	6
ENSG00000162851	TFB2M	1417	1312	1588	1129	1207	1320	1032
ENSG00000162852	CNST	955	871	1018	670	808	845	643
ENSG00000162869	PPP1R21	578	490	649	538	499	483	428
ENSG00000162873	KLHDC8A	13	16	22	11	5	18	5
ENSG00000162878	PKDCC	1645	1376	1486	1096	1158	1067	905
ENSG00000162881	OXER1	1	0	1	0	0	2	0
ENSG00000162885	B3GALNT2	1300	1162	1372	962	1092	1145	852
ENSG00000162889	MAPKAPK2	3189	2713	3284	2438	2482	2610	2017
ENSG00000162891	IL20	0	0	2	0	0	0	0
ENSG00000162892	IL24	0	2	1	1	3	0	0
ENSG00000162894	FCMR	28	13	18	9	16	14	11
ENSG00000162896	PIGR	47	34	45	32	31	52	28
ENSG00000162897	FCAMR	2	1	2	1	2	1	1
ENSG00000162909	CAPN2	15918	14158	16883	11646	13252	13475	10903
ENSG00000162910	MRPL55	842	710	909	676	669	749	531
ENSG00000162923	WDR26	3450	3272	3932	2478	2810	2934	2410
ENSG00000162924	REL	753	673	842	404	662	594	544
ENSG00000162927	PUS10	217	168	199	169	139	195	136
ENSG00000162928	PEX13	1705	1409	1723	1213	1342	1433	1133
ENSG00000162929	SANBR	1068	831	1103	705	902	862	729
ENSG00000162931	TRIM17	28	12	13	20	15	14	14
ENSG00000162944	RFTN2	35	25	30	19	24	28	16
ENSG00000162946	DISC1	74	85	110	53	56	61	59
ENSG00000162949	CAPN13	5	0	0	0	0	0	1
ENSG00000162959	MEMO1	1909	1656	1926	1448	1613	1632	1345
ENSG00000162961	DPY30	1788	1656	1731	1372	1448	1589	1213
ENSG00000162971	TYW5	318	263	337	271	259	231	222
ENSG00000162972	MAIP1	847	682	727	532	673	663	542
ENSG00000162975	KCNF1	375	284	345	279	311	294	231
ENSG00000162976	SLC66A3	1333	1176	1427	1031	1077	1212	959
ENSG00000162980	ARL5A	1913	1664	1836	1304	1534	1593	1357
ENSG00000162981	LRATD1	2	2	2	1	1	3	3
ENSG00000162989	KCNJ3	3	9	7	1	5	3	1
ENSG00000162992	NEUROD1	1	0	0	0	0	0	1
ENSG00000162994	CLHC1	132	119	125	80	113	102	71
ENSG00000162998	FRZB	0	2	2	1	0	0	0
ENSG00000162999	DUSP19	129	107	163	97	86	105	92
ENSG00000163001	CFAP36	1634	1382	1719	1310	1370	1445	1163
ENSG00000163002	NUP35	899	796	795	679	729	706	658
ENSG00000163006	CCDC138	368	328	405	255	352	333	268
ENSG00000163013	FBXO41	1016	859	1030	710	760	810	614
ENSG00000163017	ACTG2	1	0	1	2	1	0	0
ENSG00000163026	WDCP	855	792	931	626	736	770	614
ENSG00000163029	SMC6	3926	3320	4236	2825	3198	3328	2638
ENSG00000163032	VSNL1	0	2	0	1	0	2	1
ENSG00000163040	CCDC74A	297	250	294	229	212	279	224
ENSG00000163041	H3-3A	17632	15210	18603	13731	14109	15162	12017
ENSG00000163050	COQ8A	959	742	1085	741	859	916	723
ENSG00000163053	SLC16A14	130	117	125	93	96	116	78
ENSG00000163064	EN1	19	27	25	43	27	29	23
ENSG00000163069	SGCB	1959	1734	1873	1435	1610	1651	1352
ENSG00000163071	SPATA18	207	181	223	137	154	175	150
ENSG00000163072	NOSTRIN	431	370	437	294	339	375	301
ENSG00000163075	CFAP221	6	0	1	0	1	7	1
ENSG00000163082	SGPP2	591	487	526	350	418	458	369
ENSG00000163083	INHBB	4736	4270	4930	3663	4076	4127	3258
ENSG00000163092	XIRP2	0	0	0	1	0	0	0
ENSG00000163093	BBS5	539	426	483	379	405	430	379
ENSG00000163104	SMARCAD1	1858	1688	2074	1330	1565	1733	1375
ENSG00000163106	HPGDS	0	1	1	0	0	0	0
ENSG00000163110	PDLIM5	27619	24320	28915	19396	21899	23045	18269
ENSG00000163116	STPG2	3	2	2	2	3	0	1
ENSG00000163121	NEURL3	26	20	23	22	15	19	17
ENSG00000163125	RPRD2	2094	1873	2009	1408	1722	1806	1475
ENSG00000163126	ANKRD23	92	58	79	42	58	89	46
ENSG00000163131	CTSS	1298	1098	1311	834	1015	1127	832
ENSG00000163132	MSX1	155	132	171	128	132	147	92
ENSG00000163138	PACRGL	513	474	496	332	371	449	345
ENSG00000163141	BNIPL	21	18	14	6	10	11	13
ENSG00000163145	C1QTNF7	0	0	1	0	0	0	0
ENSG00000163154	TNFAIP8L2	0	0	2	0	3	3	0
ENSG00000163155	LYSMD1	350	321	420	231	282	307	219
ENSG00000163156	SCNM1	606	492	554	532	420	541	417
ENSG00000163157	TMOD4	0	0	1	0	0	1	4
ENSG00000163159	VPS72	1760	1532	1568	1249	1333	1475	1145
ENSG00000163161	ERCC3	2003	1836	1982	1397	1671	1581	1299
ENSG00000163162	RNF149	1357	1202	1456	1090	1138	1213	880
ENSG00000163166	IWS1	2789	2333	2903	2043	2215	2332	1852
ENSG00000163170	BOLA3	1552	1248	1527	1089	1226	1308	1096
ENSG00000163171	CDC42EP3	2616	2248	2608	1919	2011	2027	1553
ENSG00000163191	S100A11	10492	8440	10960	8121	8253	9234	6840
ENSG00000163202	LCE3D	1	0	2	1	3	0	0
ENSG00000163207	IVL	2	0	0	3	0	0	0
ENSG00000163209	SPRR3	0	0	1	0	0	0	0
ENSG00000163214	DHX57	2064	1757	2038	1399	1586	1661	1354
ENSG00000163217	BMP10	0	1	0	0	0	0	0
ENSG00000163218	PGLYRP4	0	0	0	0	1	0	0
ENSG00000163219	ARHGAP25	29	15	26	19	21	20	12
ENSG00000163220	S100A9	0	1	2	1	0	2	2
ENSG00000163235	TGFA	979	841	963	656	781	849	668
ENSG00000163239	TDRD10	0	0	0	0	0	1	0
ENSG00000163249	CCNYL1	1390	1111	1414	937	1081	1081	956
ENSG00000163251	FZD5	1917	1774	1947	1258	1549	1493	1309
ENSG00000163257	DCAF16	677	611	756	472	544	553	448
ENSG00000163263	CFAP141	0	0	1	0	0	1	0
ENSG00000163273	NPPC	1	0	1	1	0	0	1
ENSG00000163281	GNPDA2	827	722	820	566	663	679	583
ENSG00000163283	ALPP	4	0	3	0	0	5	1
ENSG00000163286	ALPG	6	0	3	4	2	2	6
ENSG00000163291	PAQR3	284	293	229	216	219	252	217
ENSG00000163293	NIPAL1	50	49	57	28	49	48	29
ENSG00000163295	ALPI	0	0	0	0	2	0	0
ENSG00000163297	ANTXR2	90	93	97	69	76	64	57
ENSG00000163312	HELQ	192	221	285	188	205	215	141
ENSG00000163319	MRPS18C	946	820	1016	755	709	837	615
ENSG00000163320	CGGBP1	5167	4616	5391	3510	4219	4404	3477
ENSG00000163322	ABRAXAS1	261	175	327	178	252	250	158
ENSG00000163328	GPR155	108	86	125	95	80	80	79
ENSG00000163331	DAPL1	1	0	0	0	0	2	1
ENSG00000163344	PMVK	1306	1135	1279	905	944	1088	786
ENSG00000163346	PBXIP1	2013	1881	2292	1566	1510	1551	1256
ENSG00000163347	CLDN1	2963	2442	2856	1974	2287	2363	1969
ENSG00000163348	PYGO2	2346	1919	2189	1687	1668	1870	1593
ENSG00000163349	HIPK1	2416	2045	2352	1450	1925	1846	1659
ENSG00000163352	LENEP	0	8	4	3	0	5	1
ENSG00000163354	DCST2	8	0	16	29	19	13	15
ENSG00000163357	DCST1	14	18	3	6	6	7	13
ENSG00000163359	COL6A3	1	0	4	1	3	3	0
ENSG00000163362	INAVA	4966	4184	5039	3697	3905	3807	3268
ENSG00000163374	YY1AP1	2121	1727	2180	1593	1761	2010	1438
ENSG00000163376	KBTBD8	38	34	39	32	25	28	20
ENSG00000163377	TAFA4	0	0	1	0	0	0	0
ENSG00000163378	EOGT	550	425	588	330	445	448	360
ENSG00000163380	LMOD3	8	3	20	5	5	15	8
ENSG00000163382	NAXE	4501	3826	3878	3317	3418	3528	2833
ENSG00000163389	POGLUT1	677	582	654	475	552	582	470
ENSG00000163393	SLC22A15	33	24	35	17	17	20	14
ENSG00000163395	IGFN1	28	36	26	17	16	17	22
ENSG00000163399	ATP1A1	12910	11047	13506	9193	9981	10253	8188
ENSG00000163406	SLC15A2	22	23	41	18	21	39	22
ENSG00000163412	EIF4E3	351	291	326	230	249	282	230
ENSG00000163424	TEX55	0	2	0	1	1	1	0
ENSG00000163428	LRRC58	3795	3337	4183	2620	3319	3418	2806
ENSG00000163430	FSTL1	1345	1242	1459	1016	1051	1036	836
ENSG00000163431	LMOD1	8	14	18	13	22	26	12
ENSG00000163435	ELF3	12219	10397	11955	9108	9759	10237	8052
ENSG00000163444	TMEM183A	3202	2680	3302	2347	2455	2738	2164
ENSG00000163449	TMEM169	113	102	110	77	74	87	74
ENSG00000163453	IGFBP7	1455	1171	1507	1080	998	1043	770
ENSG00000163462	TRIM46	229	184	220	171	179	144	140
ENSG00000163463	KRTCAP2	2205	1776	2066	1587	1625	1796	1334
ENSG00000163466	ARPC2	7173	6177	6781	5461	5426	6048	4698
ENSG00000163467	TSACC	62	47	44	33	35	39	44
ENSG00000163468	CCT3	21649	18519	20639	15679	16946	17803	14620
ENSG00000163472	TMEM79	309	271	304	203	250	286	241
ENSG00000163479	SSR2	5818	4891	5480	4304	4466	4872	3597
ENSG00000163481	RNF25	749	675	738	596	577	636	481
ENSG00000163482	STK36	807	704	738	489	547	591	501
ENSG00000163485	ADORA1	188	177	183	133	131	135	111
ENSG00000163491	NEK10	124	139	133	105	126	117	95
ENSG00000163492	CCDC141	0	0	0	1	0	0	0
ENSG00000163497	FEV	0	1	0	0	0	0	0
ENSG00000163501	IHH	1	1	6	1	1	2	1
ENSG00000163507	CIP2A	1059	1103	1234	768	866	944	755
ENSG00000163508	EOMES	73	56	60	38	57	51	36
ENSG00000163510	CWC22	1116	960	1073	785	828	945	773
ENSG00000163512	AZI2	667	567	672	444	551	545	441
ENSG00000163513	TGFBR2	9823	8568	10178	6327	7548	8174	6699
ENSG00000163516	ANKZF1	658	582	700	557	554	571	438
ENSG00000163517	HDAC11	437	440	483	351	322	364	268
ENSG00000163520	FBLN2	13	15	19	10	12	11	5
ENSG00000163521	GLB1L	284	245	242	190	220	269	173
ENSG00000163527	STT3B	11687	10564	12664	8480	9970	10327	8434
ENSG00000163528	CHCHD4	1113	1014	1149	811	962	1027	794
ENSG00000163530	DPPA2	1	1	4	0	2	0	1
ENSG00000163531	NFASC	31	13	23	17	0	6	16
ENSG00000163535	SGO2	1821	1481	1869	1218	1438	1429	1234
ENSG00000163536	SERPINI1	220	162	206	126	156	166	133
ENSG00000163539	CLASP2	2909	2558	2943	1807	2357	2421	1958
ENSG00000163541	SUCLG1	2984	2643	3150	2234	2381	2483	1998
ENSG00000163545	NUAK2	1890	1619	1985	1450	1551	1649	1241
ENSG00000163554	SPTA1	0	0	0	0	0	2	0
ENSG00000163558	PRKCI	2534	2279	2726	1755	2164	2213	1820
ENSG00000163563	MNDA	0	0	1	0	0	0	0
ENSG00000163564	PYHIN1	10	8	8	4	7	5	3
ENSG00000163565	IFI16	271	199	225	176	177	159	149
ENSG00000163576	EFHB	13	18	15	15	32	31	20
ENSG00000163577	EIF5A2	475	423	439	322	409	439	317
ENSG00000163584	RPL22L1	1548	1324	1416	1103	1223	1303	1119
ENSG00000163590	PPM1L	223	221	256	176	195	203	146
ENSG00000163596	ICA1L	279	223	232	169	171	224	181
ENSG00000163602	RYBP	187	147	142	112	165	153	94
ENSG00000163605	PPP4R2	3232	2956	3634	2268	2694	2898	2277
ENSG00000163606	CD200R1	1	4	6	3	6	1	2
ENSG00000163607	GTPBP8	847	742	866	584	674	710	541
ENSG00000163608	NEPRO	1362	1292	1457	963	1059	1192	960
ENSG00000163611	SPICE1	667	569	709	460	543	578	440
ENSG00000163617	CCDC191	217	233	289	204	232	203	170
ENSG00000163618	CADPS	0	0	1	0	0	0	0
ENSG00000163623	NKX6-1	26	27	26	28	10	23	10
ENSG00000163624	CDS1	128	92	123	80	67	89	69
ENSG00000163625	WDFY3	1805	1639	1949	1085	1528	1405	1291
ENSG00000163626	COX18	198	211	185	141	195	168	168
ENSG00000163629	PTPN13	1187	1013	1328	817	983	889	756
ENSG00000163631	ALB	12	8	49	16	0	102	14
ENSG00000163632	C3orf49	5	6	2	4	0	2	1
ENSG00000163633	C4orf36	9	8	14	8	6	5	10
ENSG00000163634	THOC7	1637	1280	1540	1133	1175	1346	1049
ENSG00000163635	ATXN7	749	658	733	490	595	578	489
ENSG00000163636	PSMD6	3146	2756	3003	2312	2566	2615	2171
ENSG00000163637	PRICKLE2	1208	959	1161	820	885	917	803
ENSG00000163638	ADAMTS9	280	251	345	196	234	247	228
ENSG00000163644	PPM1K	72	92	88	48	52	71	58
ENSG00000163645	ERICH6	4	8	12	13	8	6	3
ENSG00000163655	GMPS	5574	4827	5775	4150	4704	4747	3826
ENSG00000163659	TIPARP	1050	871	1150	727	854	872	743
ENSG00000163660	CCNL1	845	746	665	575	594	743	616
ENSG00000163661	PTX3	4	4	9	9	8	4	4
ENSG00000163666	HESX1	14	8	9	6	12	6	2
ENSG00000163673	DCLK3	0	0	0	1	0	0	0
ENSG00000163681	SLMAP	2087	1618	2021	1233	1638	1569	1443
ENSG00000163682	RPL9	812	657	614	565	578	665	472
ENSG00000163683	SMIM14	3089	2815	3428	2331	2530	2793	2167
ENSG00000163684	RPP14	1031	876	1015	763	907	941	707
ENSG00000163686	ABHD6	588	453	554	448	452	518	404
ENSG00000163687	DNASE1L3	0	0	3	0	0	1	3
ENSG00000163689	CFAP20DC	120	110	92	82	93	110	67
ENSG00000163694	RBM47	5818	5024	6053	4235	4748	5039	4084
ENSG00000163697	APBB2	715	613	744	545	601	620	524
ENSG00000163701	IL17RE	22	26	22	20	20	26	0
ENSG00000163702	IL17RC	905	851	1018	796	638	877	569
ENSG00000163703	CRELD1	543	430	578	380	379	483	306
ENSG00000163704	PRRT3	158	184	163	123	134	87	90
ENSG00000163705	FANCD2OS	1	1	0	1	0	0	0
ENSG00000163710	PCOLCE2	540	509	530	406	479	457	387
ENSG00000163714	U2SURP	4387	3977	5011	3270	3880	4202	3381
ENSG00000163719	MTMR14	1538	1334	1442	1112	1221	1244	973
ENSG00000163728	TTC14	1177	999	1150	787	866	902	725
ENSG00000163734	CXCL3	879	678	728	555	551	595	537
ENSG00000163735	CXCL5	26517	23086	27350	18674	20598	22719	17948
ENSG00000163736	PPBP	1	5	2	1	5	4	4
ENSG00000163738	MTHFD2L	48	31	104	14	59	39	29
ENSG00000163739	CXCL1	3094	2525	2697	2198	2190	2459	1893
ENSG00000163743	RCHY1	275	260	247	187	211	219	162
ENSG00000163746	PLSCR2	7	6	6	5	4	3	2
ENSG00000163749	CCDC158	3	0	0	1	0	0	0
ENSG00000163754	GYG1	1825	1585	1729	1392	1465	1578	1317
ENSG00000163755	HPS3	3237	2681	3311	2334	2530	2614	2160
ENSG00000163762	TM4SF18	3270	2818	3372	2406	2741	2887	2318
ENSG00000163781	TOPBP1	3698	3370	3961	2560	3007	3242	2695
ENSG00000163785	RYK	1424	1241	1445	1017	1179	1203	914
ENSG00000163788	SNRK	544	481	579	364	439	467	355
ENSG00000163792	TCF23	24	13	19	18	19	18	12
ENSG00000163793	DNAJC5G	1	0	0	4	0	0	0
ENSG00000163794	UCN	45	49	68	39	51	46	51
ENSG00000163795	ZNF513	999	798	946	720	734	727	549
ENSG00000163798	SLC4A1AP	2000	1485	1968	1482	1467	1687	1295
ENSG00000163803	PLB1	23	11	24	14	19	16	11
ENSG00000163806	SPDYA	15	9	18	14	16	13	6
ENSG00000163807	KIAA1143	1692	1514	1699	1209	1350	1360	1210
ENSG00000163808	KIF15	831	777	1017	612	802	799	620
ENSG00000163810	TGM4	5	3	1	0	2	1	2
ENSG00000163811	WDR43	5022	4396	4927	3569	4168	4272	3478
ENSG00000163812	ZDHHC3	2356	2016	2387	1729	1802	1948	1585
ENSG00000163814	CDCP1	1451	1248	1659	1101	1231	1114	919
ENSG00000163815	CLEC3B	0	1	0	4	0	0	0
ENSG00000163817	SLC6A20	48	34	41	32	22	38	28
ENSG00000163818	LZTFL1	268	256	235	188	201	279	147
ENSG00000163820	FYCO1	1241	1060	1360	854	992	1003	831
ENSG00000163823	CCR1	1	1	0	0	0	0	2
ENSG00000163827	LRRC2	6	1	4	1	2	3	2
ENSG00000163832	ELP6	745	667	729	576	575	627	463
ENSG00000163833	FBXO40	0	1	0	0	0	0	0
ENSG00000163840	DTX3L	1461	1297	1515	976	1237	1258	1016
ENSG00000163848	ZNF148	1452	1283	1581	1047	1253	1326	1105
ENSG00000163864	NMNAT3	1270	1123	1108	883	892	868	758
ENSG00000163866	SMIM12	1174	1008	1207	900	931	972	807
ENSG00000163867	ZMYM6	494	472	508	349	355	404	373
ENSG00000163870	TPRA1	629	581	702	450	457	541	424
ENSG00000163872	YEATS2	1401	1282	1530	1012	1107	1075	950
ENSG00000163873	GRIK3	0	0	0	2	0	0	0
ENSG00000163874	ZC3H12A	1969	1694	2015	1459	1514	1579	1329
ENSG00000163875	MEAF6	733	657	754	542	576	732	632
ENSG00000163877	SNIP1	394	426	317	332	332	322	339
ENSG00000163879	DNALI1	0	0	2	1	0	0	0
ENSG00000163882	POLR2H	1383	1328	1385	1109	1105	1147	956
ENSG00000163884	KLF15	1	2	0	0	1	0	1
ENSG00000163888	CAMK2N2	61	31	67	49	35	45	39
ENSG00000163898	LIPH	1145	1012	1162	792	935	957	745
ENSG00000163900	TMEM41A	1025	880	1179	772	901	916	750
ENSG00000163902	RPN1	10364	8508	10285	7601	8249	8548	6820
ENSG00000163904	SENP2	695	582	709	501	540	538	460
ENSG00000163909	HEYL	331	290	332	251	301	323	257
ENSG00000163913	IFT122	435	473	277	420	487	487	469
ENSG00000163914	RHO	1	0	0	2	0	0	0
ENSG00000163918	RFC4	1613	1499	1744	1220	1352	1504	1127
ENSG00000163923	RPL39L	795	760	565	582	616	613	501
ENSG00000163930	BAP1	2668	2536	2689	1960	2312	2201	1870
ENSG00000163931	TKT	65593	56581	42909	41816	46502	46742	41457
ENSG00000163932	PRKCD	1188	1025	1159	830	881	914	751
ENSG00000163933	RFT1	1467	1195	1462	1081	1171	1189	934
ENSG00000163935	SFMBT1	643	518	651	417	487	505	416
ENSG00000163938	GNL3	3406	2996	3501	2595	2915	3015	2410
ENSG00000163939	PBRM1	1868	1660	2024	1225	1637	1609	1355
ENSG00000163945	UVSSA	947	924	1121	654	762	791	719
ENSG00000163946	TASOR	2886	2560	3205	1679	2421	2336	2109
ENSG00000163947	ARHGEF3	708	615	749	504	582	600	509
ENSG00000163950	SLBP	2644	2261	2699	1849	2142	2307	1878
ENSG00000163956	LRPAP1	1664	1380	1790	1187	1324	1399	1013
ENSG00000163958	ZDHHC19	0	0	2	0	0	1	0
ENSG00000163959	SLC51A	4	5	4	1	3	3	2
ENSG00000163960	UBXN7	1398	1316	1545	1060	1103	1192	996
ENSG00000163961	RNF168	872	755	921	591	652	733	569
ENSG00000163964	PIGX	1379	1207	1376	1031	1184	1200	891
ENSG00000163975	MELTF	2961	2644	2989	2297	2342	2400	1890
ENSG00000163993	S100P	912	750	836	614	648	714	596
ENSG00000163995	ABLIM2	23	50	11	18	10	20	12
ENSG00000164002	EXO5	165	136	179	109	133	122	110
ENSG00000164007	CLDN19	0	0	0	1	1	1	0
ENSG00000164008	C1orf50	136	142	150	103	112	120	79
ENSG00000164010	ERMAP	453	380	484	330	434	407	321
ENSG00000164011	ZNF691	406	354	375	270	278	282	258
ENSG00000164022	AIMP1	2844	2391	2925	2052	2210	2442	1959
ENSG00000164023	SGMS2	885	799	940	631	744	702	650
ENSG00000164024	METAP1	3432	3007	3638	2467	2855	2970	2387
ENSG00000164031	DNAJB14	1541	1419	1722	1087	1322	1400	1173
ENSG00000164032	H2AZ1	12267	11749	12949	9462	10563	10995	8793
ENSG00000164037	SLC9B1	3	0	1	1	0	1	4
ENSG00000164038	SLC9B2	281	223	284	222	230	245	215
ENSG00000164039	BDH2	330	337	358	281	310	296	219
ENSG00000164040	PGRMC2	5598	4905	5917	4289	4455	4546	3522
ENSG00000164045	CDC25A	822	698	798	555	713	650	519
ENSG00000164047	CAMP	2	0	1	3	2	1	0
ENSG00000164048	ZNF589	280	228	255	187	158	221	160
ENSG00000164049	FBXW12	0	1	0	0	0	0	0
ENSG00000164050	PLXNB1	2456	2266	2499	1546	1868	1729	1620
ENSG00000164051	CCDC51	720	659	760	553	630	687	474
ENSG00000164053	ATRIP	604	588	714	468	553	576	415
ENSG00000164054	SHISA5	6067	5216	5977	4532	4733	5090	3859
ENSG00000164056	SPRY1	190	142	187	131	113	155	99
ENSG00000164061	BSN	56	56	74	40	36	48	29
ENSG00000164062	APEH	3705	3402	3720	2898	3034	3208	2444
ENSG00000164066	INTU	333	302	340	199	266	275	217
ENSG00000164068	RNF123	1218	1047	1257	880	914	961	843
ENSG00000164070	HSPA4L	1850	1582	1859	1207	1421	1438	1219
ENSG00000164073	MFSD8	577	395	438	403	453	397	361
ENSG00000164074	ABHD18	479	413	444	273	353	321	270
ENSG00000164076	CAMKV	12	19	14	14	13	28	2
ENSG00000164077	MON1A	252	203	228	153	219	249	143
ENSG00000164078	MST1R	1078	1034	1200	744	916	919	666
ENSG00000164080	RAD54L2	1105	997	1126	820	839	910	781
ENSG00000164081	TEX264	1693	1468	1676	1285	1335	1357	1025
ENSG00000164082	GRM2	0	0	0	0	1	0	0
ENSG00000164086	DUSP7	326	270	364	301	300	294	243
ENSG00000164087	POC1A	980	933	1056	705	794	885	734
ENSG00000164088	PPM1M	251	222	340	230	186	250	173
ENSG00000164089	ETNPPL	0	4	0	2	0	6	0
ENSG00000164091	WDR82	5527	4720	5320	3800	4437	4665	3570
ENSG00000164093	PITX2	70	61	44	51	59	46	55
ENSG00000164096	C4orf3	1374	1141	1533	1112	1156	1226	980
ENSG00000164099	PRSS12	13	16	22	16	22	10	20
ENSG00000164100	NDST3	5	2	0	0	1	1	0
ENSG00000164104	HMGB2	3984	3222	4041	2934	3064	3499	2780
ENSG00000164105	SAP30	602	481	548	419	425	529	340
ENSG00000164106	SCRG1	1	2	5	8	2	3	1
ENSG00000164107	HAND2	25	27	35	26	20	24	31
ENSG00000164109	MAD2L1	1348	1303	1375	1036	1124	1201	1030
ENSG00000164111	ANXA5	11639	10078	11640	8730	9275	10030	7778
ENSG00000164112	SMIM43	0	0	3	0	0	0	0
ENSG00000164114	MAP9	1252	1127	1369	914	1077	1133	984
ENSG00000164116	GUCY1A1	0	1	0	0	0	0	0
ENSG00000164117	FBXO8	564	455	557	407	398	425	373
ENSG00000164118	CEP44	714	559	708	532	544	576	434
ENSG00000164120	HPGD	7416	6581	7626	5551	5818	6089	4915
ENSG00000164122	ASB5	0	1	0	0	0	0	0
ENSG00000164124	TMEM144	786	709	788	550	624	662	557
ENSG00000164125	GASK1B	1260	1119	1255	881	983	1017	867
ENSG00000164128	NPY1R	411	334	386	262	280	279	228
ENSG00000164129	NPY5R	44	31	47	38	31	38	20
ENSG00000164134	NAA15	4148	3824	4411	2972	3617	3777	2974
ENSG00000164136	IL15	561	477	577	390	395	396	360
ENSG00000164142	FHIP1A	43	41	35	33	23	41	23
ENSG00000164144	ARFIP1	1542	1235	1502	995	1213	1230	1027
ENSG00000164151	ICE1	3383	2912	3454	2125	2824	2802	2300
ENSG00000164161	HHIP	211	167	210	116	142	148	94
ENSG00000164162	ANAPC10	209	201	227	151	177	181	131
ENSG00000164163	ABCE1	5343	4661	5721	3697	4719	4895	3872
ENSG00000164164	OTUD4	2395	2001	2663	1465	2116	2027	1770
ENSG00000164167	LSM6	126	120	170	92	116	126	116
ENSG00000164168	TMEM184C	1702	1577	1671	1146	1474	1420	1270
ENSG00000164169	PRMT9	194	170	254	139	188	144	126
ENSG00000164171	ITGA2	3041	2596	3252	2091	2504	2495	2054
ENSG00000164172	MOCS2	1666	1431	1752	1273	1347	1523	1196
ENSG00000164175	SLC45A2	0	0	1	1	0	0	0
ENSG00000164176	EDIL3	9	7	8	8	4	5	4
ENSG00000164180	TMEM161B	616	563	654	467	560	570	489
ENSG00000164181	ELOVL7	880	719	976	683	722	793	574
ENSG00000164182	NDUFAF2	761	646	745	617	567	658	578
ENSG00000164185	ZNF474	14	8	13	8	4	12	7
ENSG00000164187	LMBRD2	932	865	1034	536	770	802	702
ENSG00000164188	RANBP3L	2	1	7	3	5	0	1
ENSG00000164190	NIPBL	2333	2204	2721	1471	1978	1985	1680
ENSG00000164197	RNF180	8	6	5	6	16	6	7
ENSG00000164199	ADGRV1	86	60	75	65	57	64	41
ENSG00000164209	SLC25A46	2198	1951	2275	1539	1676	1879	1502
ENSG00000164211	STARD4	1021	868	1177	748	864	931	712
ENSG00000164219	PGGT1B	1056	941	1064	810	903	898	731
ENSG00000164220	F2RL2	309	229	262	200	268	275	229
ENSG00000164221	CCDC112	597	551	615	443	449	522	389
ENSG00000164236	ANKRD33B	691	619	765	450	585	637	479
ENSG00000164237	CMBL	1216	1025	1112	926	986	1116	862
ENSG00000164241	C5orf63	154	116	111	87	102	90	88
ENSG00000164244	PRRC1	3376	3033	3282	2246	2622	2740	2388
ENSG00000164251	F2RL1	3225	2763	3150	2327	2503	2677	2133
ENSG00000164252	AGGF1	2517	2192	2499	1751	2038	2017	1742
ENSG00000164253	WDR41	1629	1529	1715	1271	1317	1508	1108
ENSG00000164256	PRDM9	1	0	2	1	0	1	1
ENSG00000164258	NDUFS4	1572	1412	1438	1145	1164	1300	1072
ENSG00000164266	SPINK1	4	1	0	2	3	0	0
ENSG00000164283	ESM1	0	0	1	0	1	0	0
ENSG00000164284	GRPEL2	790	702	788	572	658	689	561
ENSG00000164287	CDC20B	0	1	0	0	0	0	0
ENSG00000164291	ARSK	587	481	589	424	436	452	381
ENSG00000164292	RHOBTB3	1931	1689	1968	1300	1484	1645	1237
ENSG00000164294	GPX8	2416	2031	2258	1717	1852	2014	1592
ENSG00000164296	TIGD6	293	290	310	223	248	269	224
ENSG00000164300	SERINC5	3230	2822	3513	2104	2500	2735	2219
ENSG00000164304	CAGE1	8	8	4	6	6	6	2
ENSG00000164305	CASP3	1051	956	1092	745	828	954	767
ENSG00000164306	PRIMPOL	441	414	487	340	376	373	351
ENSG00000164307	ERAP1	1471	1332	1445	984	1127	1188	943
ENSG00000164308	ERAP2	180	152	177	140	151	127	109
ENSG00000164309	CMYA5	9	15	12	4	7	9	9
ENSG00000164323	CFAP97	1882	1608	1809	1255	1604	1667	1347
ENSG00000164327	RICTOR	2036	1836	2288	1285	1729	1783	1453
ENSG00000164329	TENT2	1682	1490	1698	1241	1381	1509	1159
ENSG00000164330	EBF1	148	106	140	111	140	106	94
ENSG00000164331	ANKRA2	400	386	350	246	321	341	243
ENSG00000164332	UBLCP1	1980	1685	2108	1480	1677	1804	1361
ENSG00000164338	UTP15	1407	1247	1386	983	1198	1250	971
ENSG00000164342	TLR3	205	183	183	110	146	200	110
ENSG00000164344	KLKB1	0	0	7	0	0	0	0
ENSG00000164346	NSA2	3369	2817	3190	2437	2681	3149	2335
ENSG00000164347	GFM2	1980	1713	1997	1386	1450	1636	1260
ENSG00000164362	TERT	62	103	73	87	43	64	78
ENSG00000164366	CCDC127	1343	1122	1387	905	1066	1101	925
ENSG00000164379	FOXQ1	1211	1056	1278	844	908	919	748
ENSG00000164398	ACSL6	23	26	16	17	27	19	10
ENSG00000164400	CSF2	2	7	6	7	3	4	2
ENSG00000164402	SEPTIN8	2491	2176	2624	1742	1849	2026	1636
ENSG00000164403	SHROOM1	875	671	794	622	622	655	467
ENSG00000164404	GDF9	17	17	25	15	19	27	11
ENSG00000164405	UQCRQ	2830	2633	3136	2306	2425	2508	2053
ENSG00000164406	LEAP2	14	11	9	10	17	21	13
ENSG00000164411	GJB7	1	0	1	0	0	0	2
ENSG00000164414	SLC35A1	637	582	675	483	514	531	441
ENSG00000164418	GRIK2	13	14	9	3	11	5	12
ENSG00000164430	CGAS	438	348	444	290	330	360	289
ENSG00000164434	FABP7	0	0	0	0	0	1	0
ENSG00000164440	TXLNB	5	4	3	3	2	1	3
ENSG00000164442	CITED2	770	665	770	563	607	602	493
ENSG00000164451	CALHM4	0	0	0	0	1	1	0
ENSG00000164458	TBXT	0	2	0	0	2	1	1
ENSG00000164463	CREBRF	292	257	357	236	259	268	202
ENSG00000164465	DCBLD1	2574	2400	2755	1953	2001	2236	1543
ENSG00000164466	SFXN1	5735	4996	5778	4137	4666	5037	4071
ENSG00000164483	SAMD3	8	5	4	6	3	4	4
ENSG00000164484	TMEM200A	3	2	3	4	2	1	0
ENSG00000164485	IL22RA2	0	0	0	1	0	0	0
ENSG00000164488	DACT2	655	489	588	435	495	468	420
ENSG00000164494	PDSS2	784	665	887	537	675	732	588
ENSG00000164506	STXBP5	1058	963	1233	738	921	954	826
ENSG00000164509	IL31RA	94	89	102	68	63	68	61
ENSG00000164512	ANKRD55	9	17	19	19	9	14	2
ENSG00000164520	RAET1E	164	174	172	116	128	127	114
ENSG00000164530	PI16	2	0	3	2	0	1	0
ENSG00000164532	TBX20	50	45	60	27	40	36	34
ENSG00000164535	DAGLB	826	699	861	614	665	676	564
ENSG00000164542	KIAA0895	751	674	739	513	524	569	488
ENSG00000164543	STK17A	839	820	925	688	718	786	688
ENSG00000164548	TRA2A	2817	2439	2594	2066	2303	2432	1901
ENSG00000164574	GALNT10	10647	9659	10793	7352	8552	8546	7131
ENSG00000164576	SAP30L	1522	1324	1577	1032	1233	1222	963
ENSG00000164587	RPS14	21204	18957	22240	16568	18141	20005	15204
ENSG00000164591	MYOZ3	1	0	0	0	0	0	0
ENSG00000164597	COG5	1590	1354	1562	1118	1264	1320	1058
ENSG00000164603	BMT2	498	442	562	361	399	416	322
ENSG00000164609	SLU7	2392	2002	2532	1782	1913	2005	1515
ENSG00000164610	RP9	552	511	545	459	520	562	378
ENSG00000164611	PTTG1	3452	2904	3247	2307	2504	2758	2105
ENSG00000164615	CAMLG	1139	992	1037	861	868	953	815
ENSG00000164619	BMPER	28	36	56	10	37	47	38
ENSG00000164620	RELL2	290	306	192	291	325	306	185
ENSG00000164626	KCNK5	1096	954	1138	741	873	809	652
ENSG00000164627	KIF6	4	4	1	3	1	2	2
ENSG00000164631	ZNF12	1067	949	1150	781	873	995	796
ENSG00000164638	SLC29A4	2495	2157	2864	2136	1850	2019	1524
ENSG00000164647	STEAP1	2829	2293	2870	2153	2263	2447	1904
ENSG00000164649	CDCA7L	1930	1635	2096	1355	1613	1753	1397
ENSG00000164651	SP8	11	5	13	7	12	13	11
ENSG00000164654	MIOS	1106	931	1169	672	840	838	693
ENSG00000164659	ELAPOR2	1	0	0	1	1	2	0
ENSG00000164663	USP49	388	365	412	273	267	312	229
ENSG00000164674	SYTL3	18	38	46	31	36	23	20
ENSG00000164675	IQUB	2	4	5	0	0	1	1
ENSG00000164683	HEY1	37	8	38	25	14	16	9
ENSG00000164684	ZNF704	373	347	475	274	327	309	275
ENSG00000164687	FABP5	2364	2043	2260	1768	1850	2008	1687
ENSG00000164690	SHH	437	358	386	272	329	371	292
ENSG00000164692	COL1A2	0	1	11	0	0	0	0
ENSG00000164694	FNDC1	2	2	5	2	0	1	1
ENSG00000164695	CHMP4C	577	474	601	382	431	491	379
ENSG00000164708	PGAM2	2	1	1	0	0	1	0
ENSG00000164713	BRI3	2668	2240	2613	2115	2267	2593	1814
ENSG00000164715	LMTK2	3341	2764	3420	2157	2513	2514	2147
ENSG00000164733	CTSB	11739	10331	11548	9119	8954	10035	7663
ENSG00000164736	SOX17	130	106	126	94	116	85	83
ENSG00000164741	DLC1	387	325	404	248	250	257	237
ENSG00000164742	ADCY1	677	624	695	465	528	542	449
ENSG00000164743	C8orf48	9	15	13	9	5	8	9
ENSG00000164746	C7orf57	0	0	0	2	0	3	0
ENSG00000164749	HNF4G	272	227	278	174	220	219	215
ENSG00000164751	PEX2	1103	1026	1149	818	938	922	769
ENSG00000164754	RAD21	9654	8408	10274	6822	7723	8257	6677
ENSG00000164758	MED30	228	204	219	153	169	210	140
ENSG00000164761	TNFRSF11B	41	28	24	17	28	18	24
ENSG00000164764	SBSPON	26	30	25	22	21	22	21
ENSG00000164776	PHKG1	38	35	15	26	21	28	35
ENSG00000164778	EN2	131	143	137	108	106	104	101
ENSG00000164794	KCNV1	144	107	116	83	96	115	95
ENSG00000164796	CSMD3	5	3	1	2	2	0	1
ENSG00000164808	SPIDR	1478	1313	1433	1059	1191	1288	933
ENSG00000164815	ORC5	1574	1296	1580	1159	1282	1399	1062
ENSG00000164818	DNAAF5	3940	3405	4230	2919	3337	3347	2602
ENSG00000164823	OSGIN2	3870	3480	4028	2714	3286	3590	2889
ENSG00000164825	DEFB1	10	7	8	6	7	10	7
ENSG00000164828	SUN1	2684	2359	2773	1878	2125	2062	1780
ENSG00000164830	OXR1	911	836	974	638	807	790	664
ENSG00000164841	TMEM74	15	12	17	10	9	12	18
ENSG00000164849	GPR146	75	48	90	53	45	71	45
ENSG00000164850	GPER1	14	6	14	12	7	8	7
ENSG00000164855	TMEM184A	2590	2283	2404	1850	2061	2009	1645
ENSG00000164867	NOS3	4	1	6	5	4	5	6
ENSG00000164877	MICALL2	334	251	291	257	239	231	176
ENSG00000164879	CA3	1	0	0	0	0	0	0
ENSG00000164880	INTS1	7341	6507	7420	5502	6079	5865	4913
ENSG00000164885	CDK5	932	775	955	736	702	872	626
ENSG00000164889	SLC4A2	16158	14259	16000	11829	13288	13073	10878
ENSG00000164896	FASTK	1897	1545	1910	1423	1613	1641	1276
ENSG00000164897	TMUB1	2071	1763	2124	1553	1555	1721	1298
ENSG00000164898	FMC1	607	510	564	385	445	458	411
ENSG00000164900	GBX1	2	1	1	3	0	3	1
ENSG00000164902	PHAX	2099	1841	2012	1569	1603	1799	1498
ENSG00000164904	ALDH7A1	3067	2746	3064	2136	2393	2562	2045
ENSG00000164916	FOXK1	3678	3044	3850	2574	2809	2818	2314
ENSG00000164919	COX6C	271	228	631	231	232	268	279
ENSG00000164920	OSR2	189	159	150	124	108	149	125
ENSG00000164924	YWHAZ	41828	35863	43639	30987	33982	35727	28373
ENSG00000164930	FZD6	1330	1181	1425	1045	1194	1237	950
ENSG00000164932	CTHRC1	18	13	9	10	13	13	7
ENSG00000164933	SLC25A32	1244	1064	1198	930	1124	1013	828
ENSG00000164934	DCAF13	3089	2811	3181	2265	2594	2717	2221
ENSG00000164938	TP53INP1	508	475	591	363	406	452	359
ENSG00000164941	INTS8	2215	1912	1877	1613	1629	1852	1508
ENSG00000164944	VIRMA	3208	2781	3296	2162	2533	2603	2136
ENSG00000164949	GEM	430	321	333	301	322	310	273
ENSG00000164951	PDP1	436	381	449	310	377	320	275
ENSG00000164953	TMEM67	358	282	396	244	260	256	198
ENSG00000164961	WASHC5	4023	3460	4180	2781	3281	3497	2817
ENSG00000164967	RPP25L	1123	1003	1100	901	963	1005	772
ENSG00000164970	FAM219A	1418	1257	1338	1057	1048	1106	882
ENSG00000164972	C9orf24	3	2	5	4	8	4	2
ENSG00000164975	SNAPC3	618	475	651	491	481	469	385
ENSG00000164976	MYORG	2756	2334	2760	1839	2103	1995	1694
ENSG00000164978	NUDT2	422	339	424	291	284	333	296
ENSG00000164983	TMEM65	2843	2599	3149	2038	2412	2308	1918
ENSG00000164985	PSIP1	6510	5598	6524	4713	5273	5571	4389
ENSG00000164989	CCDC171	118	100	127	77	103	88	87
ENSG00000165006	UBAP1	3127	2683	2984	2289	2514	2540	2067
ENSG00000165023	DIRAS2	13	20	13	7	9	7	6
ENSG00000165025	SYK	24	22	28	10	16	15	15
ENSG00000165028	NIPSNAP3B	127	111	125	86	105	118	75
ENSG00000165029	ABCA1	803	730	1005	552	671	664	518
ENSG00000165030	NFIL3	800	709	796	549	606	677	564
ENSG00000165046	LETM2	121	92	118	63	78	104	96
ENSG00000165055	METTL2B	2136	1950	2003	1608	1656	1831	1447
ENSG00000165060	FXN	539	438	523	400	393	467	369
ENSG00000165061	ZMAT4	100	78	96	54	74	86	62
ENSG00000165071	TMEM71	0	0	3	2	1	2	0
ENSG00000165072	MAMDC2	7	3	4	2	1	0	4
ENSG00000165078	CPA6	6	0	0	5	0	3	0
ENSG00000165084	C8orf34	10	13	13	8	12	12	8
ENSG00000165091	TMC1	0	0	7	5	8	6	0
ENSG00000165092	ALDH1A1	305578	271377	310832	222259	234562	244983	195158
ENSG00000165097	KDM1B	800	699	815	544	675	674	530
ENSG00000165102	HGSNAT	3136	2809	3116	2295	2510	2626	2098
ENSG00000165105	RASEF	1775	1617	1892	1236	1505	1586	1333
ENSG00000165113	GKAP1	429	374	429	334	365	377	309
ENSG00000165115	KIF27	328	283	361	235	253	279	264
ENSG00000165118	C9orf64	1402	1182	1349	996	1112	1169	945
ENSG00000165119	HNRNPK	32572	28617	31401	22879	26049	26914	22308
ENSG00000165120	SSMEM1	1	0	1	0	0	0	0
ENSG00000165124	SVEP1	166	150	174	121	144	152	112
ENSG00000165125	TRPV6	0	3	0	0	0	0	2
ENSG00000165138	ANKS6	2026	1752	2072	1400	1633	1662	1338
ENSG00000165140	FBP1	0	0	0	1	0	0	0
ENSG00000165152	PGAP4	1737	1456	1844	1225	1477	1404	1189
ENSG00000165156	ZHX1	1419	1205	1469	980	1188	1174	975
ENSG00000165164	CFAP47	26	28	24	9	16	14	15
ENSG00000165168	CYBB	27	27	28	0	5	17	15
ENSG00000165169	DYNLT3	1495	1266	1607	1154	1197	1332	1117
ENSG00000165171	METTL27	287	232	278	199	233	242	156
ENSG00000165175	MID1IP1	4568	3858	4273	3181	3716	3727	3116
ENSG00000165181	SHOC1	0	4	5	0	1	0	0
ENSG00000165182	CXorf58	4	8	5	2	4	8	1
ENSG00000165185	KIAA1958	695	599	772	474	565	549	488
ENSG00000165186	PTCHD1	2	3	3	3	1	0	4
ENSG00000165188	RNF183	0	1	1	0	2	0	0
ENSG00000165192	ASB11	1	2	0	2	2	2	0
ENSG00000165194	PCDH19	3	1	0	3	0	4	1
ENSG00000165195	PIGA	466	400	496	245	392	390	324
ENSG00000165197	VEGFD	55	32	60	31	40	42	27
ENSG00000165202	OR1Q1	0	5	1	3	2	2	0
ENSG00000165209	STRBP	1788	1662	1923	1301	1478	1616	1278
ENSG00000165215	CLDN3	238	246	294	177	174	191	136
ENSG00000165219	GAPVD1	2037	1924	2405	1437	1675	1822	1453
ENSG00000165233	CARD19	695	596	599	479	506	565	430
ENSG00000165238	WNK2	821	673	807	559	604	658	519
ENSG00000165240	ATP7A	1792	1716	2173	1316	1860	1783	1519
ENSG00000165244	ZNF367	1191	1060	1303	827	960	1090	851
ENSG00000165246	NLGN4Y	93	50	110	65	66	74	59
ENSG00000165259	HDX	71	44	77	44	62	55	47
ENSG00000165264	NDUFB6	2248	2039	2352	1606	1814	1966	1542
ENSG00000165269	AQP7	200	151	185	127	117	171	137
ENSG00000165271	NOL6	4803	4059	4888	3344	4011	4077	3288
ENSG00000165272	AQP3	3743	3143	3383	2605	2970	2986	2419
ENSG00000165275	TRMT10B	493	419	482	331	338	422	325
ENSG00000165280	VCP	26303	23561	27913	19128	21570	22690	17736
ENSG00000165282	PIGO	2490	1921	2373	1807	1966	2081	1469
ENSG00000165283	STOML2	8155	7198	8224	6113	6905	6863	5364
ENSG00000165288	BRWD3	1728	1637	1794	1209	1428	1442	1179
ENSG00000165300	SLITRK5	517	449	463	343	356	412	315
ENSG00000165304	MELK	4152	3628	4164	3003	3204	3547	2827
ENSG00000165309	ARMC3	10	7	8	5	8	7	3
ENSG00000165312	OTUD1	307	269	291	208	224	253	195
ENSG00000165322	ARHGAP12	3126	2676	3424	2053	2554	2537	2284
ENSG00000165323	FAT3	95	99	118	53	86	105	74
ENSG00000165325	DEUP1	0	0	0	0	0	2	0
ENSG00000165338	HECTD2	515	430	507	323	419	429	301
ENSG00000165349	SLC7A3	0	0	0	0	0	1	0
ENSG00000165355	FBXO33	755	712	802	582	638	663	526
ENSG00000165359	INTS6L	10	5	14	3	5	5	0
ENSG00000165376	CLDN2	9967	8605	8668	6608	6729	7046	5718
ENSG00000165379	LRFN5	0	0	1	0	0	0	0
ENSG00000165389	SPTSSA	7161	6300	6431	5043	5088	5445	4552
ENSG00000165392	WRN	678	648	683	582	524	653	472
ENSG00000165406	MARCHF8	1348	1213	1475	969	1121	1107	945
ENSG00000165409	TSHR	17	13	12	11	9	13	9
ENSG00000165410	CFL2	3742	3290	4153	2738	3076	3376	2719
ENSG00000165416	SUGT1	2015	1836	2086	1585	1700	1736	1471
ENSG00000165417	GTF2A1	1896	1674	1927	1370	1561	1607	1349
ENSG00000165424	ZCCHC24	429	399	459	346	349	309	265
ENSG00000165434	PGM2L1	1888	1828	2258	1466	1525	1641	1280
ENSG00000165443	PHYHIPL	194	173	193	159	146	123	131
ENSG00000165449	SLC16A9	42	29	40	20	33	20	17
ENSG00000165457	FOLR2	0	0	0	0	1	0	1
ENSG00000165458	INPPL1	6587	5804	6624	4824	4981	5393	4261
ENSG00000165474	GJB2	127	89	107	70	86	94	69
ENSG00000165475	CRYL1	379	313	413	280	325	334	275
ENSG00000165476	REEP3	3904	3385	4173	2703	3139	3419	2828
ENSG00000165478	HEPACAM	0	0	0	0	0	1	0
ENSG00000165480	SKA3	1079	827	906	731	837	892	738
ENSG00000165487	MICU2	1222	1103	1258	781	1030	1118	841
ENSG00000165490	DDIAS	1098	957	1051	806	876	932	755
ENSG00000165494	PCF11	1836	1670	1892	1219	1492	1610	1357
ENSG00000165496	RPL10L	0	1	0	0	0	0	0
ENSG00000165501	LRR1	1388	1203	1313	1010	1087	1172	881
ENSG00000165502	RPL36AL	5821	5528	6142	4675	4741	5255	4324
ENSG00000165506	DNAAF2	901	762	895	593	737	729	617
ENSG00000165507	DEPP1	24	21	30	25	18	14	14
ENSG00000165512	ZNF22	493	420	520	358	435	393	349
ENSG00000165516	KLHDC2	1193	1009	1204	924	1008	1110	811
ENSG00000165521	EML5	112	73	106	61	95	78	68
ENSG00000165525	NEMF	2144	2016	2309	1646	1842	1990	1505
ENSG00000165526	RPUSD4	839	715	856	601	688	712	583
ENSG00000165527	ARF6	7061	6379	7789	5403	5859	5872	4609
ENSG00000165533	TTC8	1140	1070	1089	813	914	918	784
ENSG00000165548	TMEM63C	61	56	70	36	52	37	31
ENSG00000165553	NGB	1	0	0	0	0	0	0
ENSG00000165555	NOXRED1	25	18	28	15	10	13	14
ENSG00000165556	CDX2	26	35	33	22	21	20	18
ENSG00000165566	AMER2	0	1	7	2	2	2	1
ENSG00000165568	AKR1E2	342	282	311	205	268	250	187
ENSG00000165572	KBTBD6	674	592	725	462	598	612	468
ENSG00000165584	SSX3	0	0	0	0	0	1	0
ENSG00000165591	FAAH2	49	53	48	29	38	56	33
ENSG00000165606	DRGX	0	1	0	0	0	0	0
ENSG00000165609	NUDT5	3722	3381	3942	2781	3021	3353	2457
ENSG00000165617	DACT1	8	10	7	9	8	5	0
ENSG00000165626	BEND7	718	594	473	473	531	536	439
ENSG00000165629	ATP5F1C	7382	6262	6337	5521	5623	6232	4649
ENSG00000165630	PRPF18	888	761	930	616	662	744	608
ENSG00000165632	TAF3	1459	1173	1466	1064	1177	1248	911
ENSG00000165633	VSTM4	87	64	90	63	76	52	38
ENSG00000165637	VDAC2	8747	7897	8983	6576	7342	7520	5648
ENSG00000165644	COMTD1	756	581	719	492	595	598	450
ENSG00000165646	SLC18A2	7	18	14	6	17	9	12
ENSG00000165650	PDZD8	9193	7852	9652	6184	7226	7433	6160
ENSG00000165655	ZNF503	1711	1446	1665	1151	1202	1245	1044
ENSG00000165660	ABRAXAS2	1095	930	1073	798	894	979	767
ENSG00000165661	QSOX2	2990	2695	3162	2125	2581	2526	2139
ENSG00000165669	FAM204A	1083	957	1146	848	843	893	701
ENSG00000165671	NSD1	4153	3832	4455	2774	3478	3571	2912
ENSG00000165672	PRDX3	13429	11824	12819	9688	10768	11204	9108
ENSG00000165675	ENOX2	891	812	946	646	741	735	646
ENSG00000165678	GHITM	11804	10573	12116	8545	9902	10481	8268
ENSG00000165684	SNAPC4	1107	933	1138	805	909	967	684
ENSG00000165685	TMEM52B	3	4	3	2	0	4	1
ENSG00000165688	PMPCA	2927	2420	2929	2233	2173	2339	1852
ENSG00000165689	ENTR1	2208	1833	2222	1479	1823	2042	1405
ENSG00000165695	AK8	31	26	20	14	23	21	21
ENSG00000165698	SPACA9	284	228	239	209	214	209	167
ENSG00000165699	TSC1	934	907	1177	603	944	841	683
ENSG00000165704	HPRT1	2650	2285	3083	2147	2226	2368	1780
ENSG00000165714	BORCS5	608	491	608	418	408	511	346
ENSG00000165716	DIPK1B	930	802	1014	758	678	717	579
ENSG00000165724	ZMYND19	1525	1400	1638	1292	1335	1318	1020
ENSG00000165730	STOX1	137	100	112	88	90	97	80
ENSG00000165731	RET	28	28	28	41	25	23	29
ENSG00000165732	DDX21	12157	10664	12657	8421	10543	10890	9021
ENSG00000165733	BMS1	4438	3801	4783	3284	3625	3740	3123
ENSG00000165752	STK32C	1143	1051	1302	923	1021	1066	791
ENSG00000165757	JCAD	287	316	388	217	275	268	196
ENSG00000165775	FUNDC2	1103	1068	891	781	816	842	663
ENSG00000165782	PIP4P1	1871	1618	1742	1427	1527	1544	1319
ENSG00000165792	METTL17	1581	1292	1528	1247	1339	1300	1048
ENSG00000165794	SLC39A2	0	0	1	1	0	1	0
ENSG00000165795	NDRG2	273	214	255	173	168	201	155
ENSG00000165799	RNASE7	0	0	1	0	0	0	0
ENSG00000165801	ARHGEF40	1084	964	805	596	770	804	501
ENSG00000165802	NSMF	1740	1478	1771	1191	1317	1394	1194
ENSG00000165804	ZNF219	2246	1912	2322	1664	1787	1858	1433
ENSG00000165806	CASP7	1343	1176	1313	890	1020	1101	923
ENSG00000165807	PPP1R36	3	0	4	2	6	0	1
ENSG00000165810	BTNL9	133	101	107	81	70	77	70
ENSG00000165813	CCDC186	1184	1174	1323	852	935	1023	870
ENSG00000165816	VWA2	9	7	8	6	4	5	2
ENSG00000165819	METTL3	1756	1528	1861	1446	1592	1548	1366
ENSG00000165821	SALL2	246	200	241	173	168	157	132
ENSG00000165828	PRAP1	0	0	0	0	1	0	0
ENSG00000165832	TRUB1	1902	1662	1882	1297	1496	1650	1363
ENSG00000165841	CYP2C19	1	2	3	0	1	7	0
ENSG00000165861	ZFYVE1	683	554	731	522	550	589	467
ENSG00000165863	C10orf82	1	2	1	0	0	3	1
ENSG00000165868	HSPA12A	1300	1076	1061	694	1000	984	830
ENSG00000165879	FRAT1	286	309	281	197	220	254	177
ENSG00000165886	UBTD1	458	436	501	410	343	390	320
ENSG00000165887	ANKRD2	93	95	112	90	78	104	64
ENSG00000165891	E2F7	906	788	978	604	692	673	588
ENSG00000165895	ARHGAP42	713	632	699	435	561	623	492
ENSG00000165898	ISCA2	1046	994	945	747	769	813	634
ENSG00000165899	OTOGL	1	0	0	0	1	2	0
ENSG00000165905	LARGE2	104	120	120	63	107	83	70
ENSG00000165912	PACSIN3	1156	1024	1208	943	956	935	806
ENSG00000165914	TTC7B	241	243	246	194	170	190	156
ENSG00000165915	SLC39A13	1511	1332	1525	1098	1214	1196	984
ENSG00000165916	PSMC3	6245	5315	6150	4588	4904	5368	4066
ENSG00000165917	RAPSN	4	12	1	5	3	2	4
ENSG00000165923	AGBL2	29	18	33	14	19	31	27
ENSG00000165929	TC2N	2112	1892	2233	1526	1707	1830	1400
ENSG00000165934	CPSF2	4318	3828	4698	3087	3687	3772	3042
ENSG00000165935	SMCO2	3	0	2	3	3	1	2
ENSG00000165943	MOAP1	867	770	906	634	675	785	579
ENSG00000165948	IFI27L1	231	215	220	179	212	191	146
ENSG00000165949	IFI27	47	35	27	31	28	24	20
ENSG00000165953	SERPINA12	0	0	0	1	1	0	0
ENSG00000165959	CLMN	2095	1758	2162	1548	1625	1732	1323
ENSG00000165966	PDZRN4	0	2	0	0	0	0	0
ENSG00000165972	CCDC38	6	1	10	6	8	6	2
ENSG00000165973	NELL1	0	0	0	1	0	0	0
ENSG00000165983	PTER	1214	1053	1373	875	1109	1118	904
ENSG00000165985	C1QL3	77	65	64	58	57	52	62
ENSG00000165995	CACNB2	54	57	49	27	35	47	42
ENSG00000165996	HACD1	741	599	733	559	590	620	528
ENSG00000165997	ARL5B	1898	1787	2111	1238	1525	1540	1314
ENSG00000166002	SMCO4	350	347	326	303	298	272	222
ENSG00000166004	CEP295	1025	788	1007	621	789	778	661
ENSG00000166006	KCNC2	1	1	0	0	0	0	0
ENSG00000166012	TAF1D	631	448	701	444	514	501	449
ENSG00000166016	ABTB2	2095	1816	2065	1514	1608	1623	1355
ENSG00000166024	R3HCC1L	734	649	737	529	596	600	526
ENSG00000166025	AMOTL1	2691	2432	2810	1809	2294	2239	1861
ENSG00000166033	HTRA1	1776	1486	1836	1229	1448	1460	1129
ENSG00000166035	LIPC	15	18	17	10	6	4	5
ENSG00000166037	CEP57	1449	1266	1490	1000	1194	1242	1080
ENSG00000166046	TCP11L2	293	238	271	196	236	211	183
ENSG00000166068	SPRED1	1123	1035	1170	810	1029	988	807
ENSG00000166069	TMCO5A	0	0	1	0	0	0	0
ENSG00000166073	GPR176	82	76	99	57	66	59	40
ENSG00000166086	JAM3	144	111	141	110	110	118	114
ENSG00000166105	GLB1L3	0	0	1	0	0	0	0
ENSG00000166106	ADAMTS15	453	375	455	318	337	309	294
ENSG00000166111	SVOP	35	33	30	21	36	29	29
ENSG00000166123	GPT2	1131	1084	1245	873	1011	927	833
ENSG00000166126	AMN	11	8	7	7	7	7	9
ENSG00000166128	RAB8B	1151	967	1287	868	814	939	794
ENSG00000166130	IKBIP	3229	2725	3543	2366	2666	2915	2358
ENSG00000166133	RPUSD2	600	501	603	452	482	487	354
ENSG00000166135	HIF1AN	3392	3141	3724	2291	2759	2759	2325
ENSG00000166136	NDUFB8	3799	3615	3823	2928	3117	3219	2580
ENSG00000166140	ZFYVE19	536	446	608	390	414	387	343
ENSG00000166143	PPP1R14D	19	13	15	12	11	8	8
ENSG00000166145	SPINT1	84	69	85	60	33	50	42
ENSG00000166147	FBN1	277	269	371	179	330	269	206
ENSG00000166148	AVPR1A	61	71	69	41	38	52	46
ENSG00000166153	DEPDC4	66	51	46	22	47	46	38
ENSG00000166164	BRD7	5040	4156	4910	3492	4114	4157	3307
ENSG00000166165	CKB	2301	1854	2214	1640	1646	1676	1311
ENSG00000166166	TRMT61A	1306	1157	1309	1006	1173	1139	967
ENSG00000166167	BTRC	1139	995	1120	796	982	975	808
ENSG00000166169	POLL	888	765	912	620	669	686	581
ENSG00000166170	BAG5	2643	2356	2733	1849	2119	2204	1769
ENSG00000166171	DPCD	523	491	562	417	438	437	362
ENSG00000166173	LARP6	1199	1026	1267	881	950	984	754
ENSG00000166181	API5	6627	5844	6983	4769	5407	5592	4628
ENSG00000166183	ASPG	0	2	4	0	0	2	1
ENSG00000166188	ZNF319	1218	947	1208	800	942	941	826
ENSG00000166189	HPS6	1648	1516	1759	1249	1541	1406	1151
ENSG00000166192	SENP8	161	173	181	139	162	158	147
ENSG00000166197	NOLC1	9123	7886	9446	6124	7680	8007	6641
ENSG00000166199	ALKBH3	550	427	513	379	496	476	345
ENSG00000166200	COPS2	3221	2736	3326	2284	2663	2694	2324
ENSG00000166206	GABRB3	7892	6832	7643	5377	6160	6291	5374
ENSG00000166211	SPIC	0	0	0	1	0	1	0
ENSG00000166224	SGPL1	4293	3816	4707	3181	3558	3749	3097
ENSG00000166225	FRS2	876	844	892	569	692	687	614
ENSG00000166226	CCT2	12466	10944	13442	9685	10760	11339	8993
ENSG00000166228	PCBD1	5544	4680	4485	3996	4370	4461	3682
ENSG00000166233	ARIH1	2553	2194	2419	1639	2100	2096	1753
ENSG00000166246	DNAAF8	39	24	33	19	33	20	13
ENSG00000166250	CLMP	329	256	356	238	238	252	176
ENSG00000166257	SCN3B	20	2	7	9	0	7	8
ENSG00000166260	COX11	1404	1199	1282	824	1012	886	858
ENSG00000166261	ZNF202	583	506	573	442	475	528	412
ENSG00000166262	FAM227B	21	19	31	17	30	22	20
ENSG00000166263	STXBP4	1283	1124	1299	886	1077	1065	821
ENSG00000166266	CUL5	1493	1426	1680	1123	1364	1413	1098
ENSG00000166268	MYRFL	2	5	9	3	4	6	4
ENSG00000166272	WBP1L	2460	2149	2581	1711	1987	1993	1625
ENSG00000166275	BORCS7	938	866	968	735	817	864	616
ENSG00000166278	C2	33	34	31	28	19	28	15
ENSG00000166289	PLEKHF1	240	176	257	198	189	171	161
ENSG00000166292	TMEM100	0	1	0	0	1	0	1
ENSG00000166295	ANAPC16	2979	2789	2771	2320	2462	2502	1951
ENSG00000166311	SMPD1	667	542	710	477	547	598	409
ENSG00000166313	APBB1	1136	1010	1267	831	927	932	714
ENSG00000166317	SYNPO2L	23	12	9	12	10	13	10
ENSG00000166321	NUDT13	148	87	135	115	67	103	61
ENSG00000166323	C11orf65	6	6	12	5	1	6	4
ENSG00000166326	TRIM44	6207	5319	6347	4371	5134	5274	4345
ENSG00000166333	ILK	3542	3114	3633	2695	2692	2997	2156
ENSG00000166337	TAF10	2659	2219	2788	2037	2136	2293	1736
ENSG00000166340	TPP1	3175	2750	2928	2246	2927	2775	2074
ENSG00000166341	DCHS1	21	22	28	19	31	21	14
ENSG00000166342	NETO1	3	0	1	1	1	0	3
ENSG00000166343	MSS51	27	29	39	43	25	37	33
ENSG00000166347	CYB5A	2630	2412	2666	1942	2058	2167	1705
ENSG00000166348	USP54	1128	907	1108	838	865	889	759
ENSG00000166349	RAG1	15	16	13	14	13	13	13
ENSG00000166351	POTED	17	20	19	13	16	10	18
ENSG00000166352	IFTAP	441	364	401	298	324	343	265
ENSG00000166359	WDR88	34	23	29	16	24	22	19
ENSG00000166377	ATP9B	1118	1022	982	729	864	868	733
ENSG00000166387	PPFIBP2	1750	1473	1634	1225	1371	1454	1117
ENSG00000166394	CYB5R2	106	78	101	64	66	63	66
ENSG00000166396	SERPINB7	140	127	98	98	96	96	75
ENSG00000166398	GARRE1	1899	1718	2185	1323	1572	1625	1234
ENSG00000166401	SERPINB8	343	301	329	253	291	312	222
ENSG00000166402	TUB	1214	1070	1237	788	900	970	819
ENSG00000166405	RIC3	178	123	137	102	107	102	84
ENSG00000166407	LMO1	47	53	50	42	37	32	36
ENSG00000166411	IDH3A	2265	2038	2025	1509	1884	1710	1500
ENSG00000166415	WDR72	2578	2291	2666	1652	1928	2104	1774
ENSG00000166426	CRABP1	35	17	28	24	16	23	26
ENSG00000166428	PLD4	1	0	1	0	1	0	2
ENSG00000166432	ZMAT1	11	4	0	0	10	0	6
ENSG00000166435	XRRA1	272	210	296	204	224	218	140
ENSG00000166436	TRIM66	729	676	734	479	579	560	471
ENSG00000166439	RNF169	1062	904	1144	666	896	878	691
ENSG00000166441	RPL27A	20521	17550	19527	15021	16500	18532	14051
ENSG00000166444	DENND2B	666	554	565	431	458	444	341
ENSG00000166446	CDYL2	8	12	9	8	10	7	8
ENSG00000166448	TMEM130	37	10	24	15	19	15	14
ENSG00000166450	PRTG	378	342	436	262	286	318	242
ENSG00000166451	CENPN	3377	3051	3474	2646	2940	3127	2382
ENSG00000166452	AKIP1	1425	1314	1366	1111	1156	1214	990
ENSG00000166454	ATMIN	3057	2529	3106	2238	2457	2706	2130
ENSG00000166455	C16orf46	18	2	21	10	8	15	5
ENSG00000166471	TMEM41B	2396	1905	2022	1703	1764	1981	1717
ENSG00000166473	PKD1L2	144	113	141	93	107	118	91
ENSG00000166477	LEO1	3084	2846	3203	2349	2634	2799	2245
ENSG00000166478	ZNF143	718	637	668	485	509	582	485
ENSG00000166479	TMX3	2266	2125	2525	1684	1964	1968	1710
ENSG00000166482	MFAP4	11	28	14	10	11	17	16
ENSG00000166483	WEE1	1518	1302	1665	1109	1247	1244	993
ENSG00000166484	MAPK7	957	754	901	696	721	742	591
ENSG00000166501	PRKCB	6	7	9	3	7	6	2
ENSG00000166503	HDGFL3	2454	2109	2472	1743	2014	2106	1544
ENSG00000166507	NDST2	717	572	740	497	574	598	493
ENSG00000166508	MCM7	15186	13480	14575	10940	12296	12537	10218
ENSG00000166509	CLEC3A	0	0	1	1	0	0	0
ENSG00000166510	CCDC68	1111	999	1248	839	859	956	760
ENSG00000166523	CLEC4E	70	65	57	40	25	56	45
ENSG00000166526	ZNF3	965	852	1067	700	778	838	649
ENSG00000166529	ZSCAN21	350	305	338	260	275	262	192
ENSG00000166532	RIMKLB	2153	1910	2441	1468	1790	1735	1530
ENSG00000166535	A2ML1	1	0	0	0	1	1	0
ENSG00000166546	BEAN1	61	73	87	53	60	55	29
ENSG00000166548	TK2	1366	1158	1372	1009	1090	1091	960
ENSG00000166557	TMED3	5667	4969	5489	4116	4375	4581	3695
ENSG00000166562	SEC11C	1227	1085	1112	850	940	1098	864
ENSG00000166569	CPLX4	0	1	0	0	0	0	0
ENSG00000166573	GALR1	1	0	0	1	0	0	0
ENSG00000166575	TMEM135	1129	996	1120	813	939	1009	841
ENSG00000166578	IQCD	112	96	138	73	90	79	60
ENSG00000166579	NDEL1	1857	1689	1751	1295	1497	1508	1294
ENSG00000166582	CENPV	1264	1040	1056	894	977	995	746
ENSG00000166589	CDH16	38	47	47	28	31	23	24
ENSG00000166592	RRAD	41	22	36	27	16	34	20
ENSG00000166595	CIAO2B	2446	2150	2338	1868	1962	2028	1688
ENSG00000166596	CFAP52	11	10	8	15	6	6	4
ENSG00000166598	HSP90B1	40536	35255	44988	30317	31319	34894	26635
ENSG00000166603	MC4R	6	4	4	1	5	2	3
ENSG00000166619	BLCAP	1663	1433	1803	1243	1493	1520	1143
ENSG00000166634	SERPINB12	0	1	0	0	0	1	0
ENSG00000166664	CHRFAM7A	93	100	123	111	77	74	69
ENSG00000166669	ATF7IP2	226	125	211	85	118	175	139
ENSG00000166670	MMP10	10	4	3	3	3	3	11
ENSG00000166676	TVP23A	19	23	35	31	12	25	17
ENSG00000166681	BEX3	4090	3661	4303	3072	3153	3386	2673
ENSG00000166682	TMPRSS5	12	4	7	6	5	4	6
ENSG00000166685	COG1	1369	1158	1307	1001	1021	1073	866
ENSG00000166689	PLEKHA7	1313	1184	1360	953	1060	1077	861
ENSG00000166704	ZNF606	226	211	241	172	162	173	140
ENSG00000166707	ZCCHC18	5	5	7	0	7	5	0
ENSG00000166710	B2M	10065	8748	10022	7318	7779	8222	6452
ENSG00000166716	ZNF592	3100	2665	3026	2320	2502	2730	2175
ENSG00000166734	GOLM2	4544	4191	4747	3285	3954	3992	3135
ENSG00000166736	HTR3A	1	0	3	0	1	2	0
ENSG00000166741	NNMT	1407	1214	1273	1074	1108	1123	932
ENSG00000166743	ACSM1	0	1	0	0	0	0	0
ENSG00000166747	AP1G1	6323	5462	6658	4246	5115	5230	4412
ENSG00000166750	SLFN5	2453	2101	2435	1605	1943	1866	1605
ENSG00000166762	CATSPER2	13	17	18	13	15	23	20
ENSG00000166780	BMERB1	1241	1139	1256	992	878	1057	804
ENSG00000166783	MARF1	2601	2213	2851	1698	2097	2114	1833
ENSG00000166788	SAAL1	1439	1319	1530	1130	1182	1283	1027
ENSG00000166793	YPEL4	9	10	11	4	6	6	3
ENSG00000166794	PPIB	14614	12977	15086	11433	11127	12195	9494
ENSG00000166796	LDHC	1	0	5	1	0	1	3
ENSG00000166797	CIAO2A	3184	2961	3375	2445	2639	2834	2244
ENSG00000166800	LDHAL6A	5	8	2	2	5	4	3
ENSG00000166801	FAM111A	2473	2156	2434	1623	1894	1917	1553
ENSG00000166803	PCLAF	5071	4285	4988	3825	4232	4524	3713
ENSG00000166813	KIF7	292	261	323	230	182	230	194
ENSG00000166816	LDHD	133	115	144	90	84	73	74
ENSG00000166819	PLIN1	25	12	17	19	18	15	11
ENSG00000166821	PEX11A	418	358	427	312	351	336	290
ENSG00000166822	TMEM170A	988	864	1104	737	800	760	672
ENSG00000166823	MESP1	261	269	275	197	199	266	172
ENSG00000166825	ANPEP	649	533	599	513	524	486	355
ENSG00000166828	SCNN1G	1	2	2	2	0	0	2
ENSG00000166831	RBPMS2	211	191	216	185	166	168	132
ENSG00000166833	NAV2	1112	968	1131	685	787	749	634
ENSG00000166839	ANKDD1A	73	31	50	34	66	56	21
ENSG00000166845	C18orf54	465	376	464	308	382	379	292
ENSG00000166847	DCTN5	1744	1720	1668	1168	1406	1356	1188
ENSG00000166848	TERF2IP	1741	1551	1883	1328	1428	1538	1191
ENSG00000166851	PLK1	7254	6142	7519	5472	5909	6209	4852
ENSG00000166855	CLPX	2468	2333	2722	1982	2129	2230	1762
ENSG00000166856	GPR182	1	2	2	1	3	1	3
ENSG00000166860	ZBTB39	742	677	730	495	542	574	539
ENSG00000166862	CACNG2	0	3	1	0	0	1	0
ENSG00000166863	TAC3	2	1	9	3	1	2	0
ENSG00000166866	MYO1A	104	114	110	75	78	84	56
ENSG00000166869	CHP2	14	6	15	12	11	8	5
ENSG00000166881	NEMP1	2025	2031	2313	1440	1705	1879	1552
ENSG00000166886	NAB2	705	594	630	506	514	521	441
ENSG00000166887	VPS39	2230	1906	2203	1523	1765	1756	1453
ENSG00000166888	STAT6	5196	4514	5559	3808	3988	4404	3422
ENSG00000166889	PATL1	4465	3810	4358	3226	3456	3807	2922
ENSG00000166896	ATP23	254	255	192	190	202	203	162
ENSG00000166897	ELFN2	1084	965	1051	841	882	792	682
ENSG00000166900	STX3	1014	953	1007	734	799	856	663
ENSG00000166902	MRPL16	1817	1474	1810	1331	1466	1565	1287
ENSG00000166908	PIP4K2C	2083	1811	2062	1491	1563	1580	1391
ENSG00000166912	MTMR10	1290	1102	1409	813	1064	1195	821
ENSG00000166913	YWHAB	19883	16486	20600	15506	16092	17457	13242
ENSG00000166920	C15orf48	693	672	677	546	478	558	448
ENSG00000166922	SCG5	16	5	10	8	5	5	1
ENSG00000166923	GREM1	587	507	684	447	574	582	461
ENSG00000166924	NYAP1	126	124	129	97	89	92	77
ENSG00000166925	TSC22D4	2022	1738	2049	1558	1558	1643	1311
ENSG00000166927	MS4A7	1	3	1	1	2	1	1
ENSG00000166938	DIS3L	3523	2976	3726	2533	3094	3250	2479
ENSG00000166946	CCNDBP1	76	77	103	43	62	80	57
ENSG00000166947	EPB42	0	0	1	0	0	0	0
ENSG00000166949	SMAD3	11420	9948	11804	8133	9234	9691	7740
ENSG00000166959	MS4A8	1	0	0	0	0	0	0
ENSG00000166961	MS4A15	0	1	0	0	0	0	0
ENSG00000166963	MAP1A	235	218	270	171	210	215	141
ENSG00000166965	RCCD1	1978	1887	2178	1497	1840	1644	1350
ENSG00000166971	AKTIP	1276	1094	1289	918	1065	1188	858
ENSG00000166974	MAPRE2	1892	1475	1753	1329	1460	1458	1212
ENSG00000166979	EVA1C	1304	1029	1305	927	995	1111	838
ENSG00000166986	MARS1	6834	6044	7309	5308	6785	7064	5452
ENSG00000166987	MBD6	2167	1890	2066	1578	1682	1696	1340
ENSG00000166997	CNPY4	491	437	457	366	358	411	281
ENSG00000167004	PDIA3	2138	2115	3170	1773	2229	2474	1798
ENSG00000167005	NUDT21	4191	3863	4538	3011	3599	3645	3129
ENSG00000167011	NAT16	1	1	5	5	3	1	0
ENSG00000167034	NKX3-1	353	316	345	264	303	288	251
ENSG00000167037	SGSM1	143	123	144	95	111	113	100
ENSG00000167065	DUSP18	212	202	238	165	170	161	167
ENSG00000167074	TEF	253	220	271	176	192	197	159
ENSG00000167077	MEI1	1	0	2	0	0	1	0
ENSG00000167080	B4GALNT2	193	179	167	109	130	140	119
ENSG00000167081	PBX3	673	566	635	480	580	534	461
ENSG00000167083	GNGT2	0	0	0	1	0	1	1
ENSG00000167085	PHB1	10556	8697	8124	7800	7620	7771	6458
ENSG00000167088	SNRPD1	2851	2527	3075	2196	2414	2590	2167
ENSG00000167094	TTC16	0	1	0	0	0	0	0
ENSG00000167100	SAMD14	18	10	42	20	11	4	5
ENSG00000167103	PIP5KL1	46	63	53	42	44	44	24
ENSG00000167105	TMEM92	962	825	1005	716	706	779	634
ENSG00000167106	FAM102A	5777	5095	5785	4080	4734	4740	3860
ENSG00000167107	ACSF2	680	618	692	474	494	465	392
ENSG00000167110	GOLGA2	3436	3024	3194	2402	2585	2715	2174
ENSG00000167112	TRUB2	2451	2228	2403	1796	2071	2095	1670
ENSG00000167113	COQ4	1473	1292	1325	1147	1234	1284	1088
ENSG00000167114	SLC27A4	2523	2062	2524	1950	1943	1969	1660
ENSG00000167117	ANKRD40CL	9	10	11	5	7	1	5
ENSG00000167118	URM1	2496	2162	2326	1843	1942	2064	1625
ENSG00000167123	CERCAM	1881	1746	2019	1428	1536	1457	1190
ENSG00000167130	DOLPP1	1400	1202	1379	974	1047	1122	966
ENSG00000167131	CCDC103	612	508	601	430	455	524	379
ENSG00000167136	ENDOG	931	744	908	687	785	685	554
ENSG00000167157	PRRX2	115	94	131	81	75	88	60
ENSG00000167165	UGT1A6	337	229	366	206	252	310	185
ENSG00000167173	C15orf39	3676	3014	3655	2652	2947	3025	2395
ENSG00000167178	ISLR2	1	4	6	2	2	2	2
ENSG00000167182	SP2	1430	1150	1203	961	1054	1092	905
ENSG00000167183	PRR15L	62	83	92	67	66	60	45
ENSG00000167186	COQ7	890	769	973	704	791	793	658
ENSG00000167191	GPRC5B	1809	1697	1861	1329	1531	1556	1267
ENSG00000167193	CRK	6228	5655	6728	4642	5372	5502	4583
ENSG00000167195	GOLGA6C	3	1	5	4	3	1	4
ENSG00000167196	FBXO22	2051	1793	2117	1396	1703	1646	1342
ENSG00000167202	TBC1D2B	1639	1396	1659	1072	1374	1248	1065
ENSG00000167207	NOD2	0	5	2	4	5	2	0
ENSG00000167208	SNX20	0	1	0	0	0	0	0
ENSG00000167216	KATNAL2	128	80	105	84	83	87	91
ENSG00000167220	HDHD2	429	504	472	389	399	433	315
ENSG00000167232	ZNF91	4	6	6	5	5	6	13
ENSG00000167244	IGF2	406	306	299	262	206	273	216
ENSG00000167257	RNF214	752	614	804	520	604	666	511
ENSG00000167258	CDK12	4502	3826	4401	2956	3735	3582	3180
ENSG00000167261	DPEP2	0	0	2	0	0	0	0
ENSG00000167264	DUS2	973	807	968	679	798	813	625
ENSG00000167272	POP5	1047	840	887	708	846	875	661
ENSG00000167280	ENGASE	1544	1396	1659	1136	1211	1338	941
ENSG00000167281	RBFOX3	2152	1756	2155	1679	1657	1848	1416
ENSG00000167283	ATP5MG	4330	3777	4380	3188	3431	3802	2919
ENSG00000167291	TBC1D16	3597	3288	3736	2496	3052	2777	2445
ENSG00000167302	TEPSIN	840	700	749	591	680	752	450
ENSG00000167306	MYO5B	785	583	763	492	574	544	468
ENSG00000167311	ART5	13	6	5	9	2	10	5
ENSG00000167315	ACAA2	2665	2293	2783	2056	2130	2267	1741
ENSG00000167323	STIM1	2821	2448	2817	2130	2279	2386	1919
ENSG00000167325	RRM1	7714	6532	8121	5655	6146	6503	5259
ENSG00000167332	OR51E2	2	6	9	5	3	4	3
ENSG00000167333	TRIM68	821	722	866	522	664	731	563
ENSG00000167355	OR51B5	0	1	0	0	0	0	0
ENSG00000167359	OR51I1	0	0	1	0	0	0	0
ENSG00000167363	FN3K	554	440	546	503	437	480	330
ENSG00000167371	PRRT2	252	227	201	160	146	196	145
ENSG00000167377	ZNF23	355	268	302	181	265	263	224
ENSG00000167378	IRGQ	1417	1214	1389	1024	982	1121	880
ENSG00000167380	ZNF226	730	622	720	497	536	587	452
ENSG00000167384	ZNF180	227	161	200	154	163	217	145
ENSG00000167393	PPP2R3B	664	523	664	542	527	562	464
ENSG00000167394	ZNF668	708	603	720	555	607	614	470
ENSG00000167395	ZNF646	1610	1343	1549	1125	1284	1199	1050
ENSG00000167397	VKORC1	3038	2683	3078	2459	2375	2531	2027
ENSG00000167414	GNG8	0	1	0	0	0	1	0
ENSG00000167419	LPO	3	0	0	0	2	0	2
ENSG00000167434	CA4	0	0	3	0	1	2	0
ENSG00000167447	SMG8	1569	1370	1649	1159	1341	1330	1107
ENSG00000167460	TPM4	24506	21900	25127	18477	19173	20577	16988
ENSG00000167461	RAB8A	3206	2524	2925	2413	2584	2579	2188
ENSG00000167468	GPX4	3756	3220	3920	3000	3048	3330	2643
ENSG00000167470	MIDN	4138	3513	4506	3338	3366	3440	2766
ENSG00000167476	JSRP1	1	1	1	0	2	0	0
ENSG00000167483	NIBAN3	1	6	1	2	0	2	1
ENSG00000167487	KLHL26	428	407	406	290	370	340	281
ENSG00000167491	GATAD2A	2665	2269	2683	1921	2315	2165	1828
ENSG00000167508	MVD	1328	1162	1203	961	1116	1084	817
ENSG00000167513	CDT1	2321	1995	2348	1857	1943	2040	1664
ENSG00000167515	TRAPPC2L	1092	969	958	798	935	958	733
ENSG00000167522	ANKRD11	9189	7849	9209	6597	7201	7708	5966
ENSG00000167523	SPATA33	386	386	335	302	303	339	282
ENSG00000167524	RSKR	35	63	28	45	55	38	61
ENSG00000167525	PROCA1	64	42	54	43	34	72	49
ENSG00000167526	RPL13	25193	20851	25533	19250	19692	21026	15878
ENSG00000167528	ZNF641	783	672	723	541	554	651	490
ENSG00000167535	CACNB3	936	725	826	709	616	654	541
ENSG00000167536	DHRS13	490	423	551	367	371	391	329
ENSG00000167543	TP53I13	2664	2393	2659	1942	2002	2018	1687
ENSG00000167548	KMT2D	3778	3602	4387	2504	2913	2643	2572
ENSG00000167549	CORO6	90	104	62	54	74	62	44
ENSG00000167550	RHEBL1	57	36	42	6	22	34	21
ENSG00000167552	TUBA1A	4340	3660	4119	3147	3188	3313	2708
ENSG00000167553	TUBA1C	21242	18146	16980	14933	16398	16593	13936
ENSG00000167554	ZNF610	7	4	4	2	2	1	1
ENSG00000167555	ZNF528	18	0	17	12	12	11	4
ENSG00000167562	ZNF701	1	0	0	3	1	0	2
ENSG00000167565	SERTAD3	2172	1840	2107	1578	1698	1695	1361
ENSG00000167566	NCKAP5L	1160	947	1187	810	847	863	685
ENSG00000167578	RAB4B	807	799	862	706	718	666	561
ENSG00000167580	AQP2	1	3	4	6	3	3	2
ENSG00000167588	GPD1	21	28	19	16	11	19	17
ENSG00000167595	PROSER3	2681	2164	2782	1887	1977	2221	1638
ENSG00000167600	CYP2S1	5207	4375	4791	3938	4139	4409	3474
ENSG00000167601	AXL	5390	4567	6045	4300	4668	4610	3655
ENSG00000167604	NFKBID	176	166	161	140	122	131	86
ENSG00000167608	TMC4	16	12	4	13	13	7	10
ENSG00000167613	LAIR1	120	83	96	64	67	94	53
ENSG00000167614	TTYH1	2	0	0	0	0	0	1
ENSG00000167615	LENG8	18926	16538	18276	13191	13436	14141	11843
ENSG00000167617	CDC42EP5	33	24	31	24	21	23	18
ENSG00000167619	TMEM145	282	248	305	205	229	232	173
ENSG00000167625	ZNF526	1651	1472	1435	1085	1286	1171	1058
ENSG00000167632	TRAPPC9	2432	2022	2517	1759	1853	1940	1575
ENSG00000167634	NLRP7	0	0	0	0	0	0	2
ENSG00000167635	ZNF146	8003	6862	8354	5512	6561	7163	5586
ENSG00000167637	ZNF283	269	253	312	216	212	213	196
ENSG00000167641	PPP1R14A	1927	1795	2092	1461	1581	1684	1297
ENSG00000167642	SPINT2	28847	25329	29946	21506	21862	22620	17648
ENSG00000167644	C19orf33	5188	4523	5051	3947	4286	4552	3784
ENSG00000167645	YIF1B	4146	3541	3950	2993	3212	3220	2574
ENSG00000167646	DNAAF3	350	320	331	290	259	287	198
ENSG00000167653	PSCA	6	6	11	3	12	14	13
ENSG00000167654	ATCAY	29	22	22	23	17	18	24
ENSG00000167656	LY6D	8	0	0	5	1	4	0
ENSG00000167657	DAPK3	1590	1345	1447	1164	1116	1047	875
ENSG00000167658	EEF2	61139	52084	59140	44945	49493	50554	41114
ENSG00000167664	TMIGD2	0	0	0	0	0	1	0
ENSG00000167670	CHAF1A	3261	2956	3481	2480	2731	2810	2268
ENSG00000167671	UBXN6	2114	1826	2284	1774	1704	1792	1347
ENSG00000167674	HDGFL2	2684	2304	2969	2098	2122	2198	1719
ENSG00000167676	PLIN4	62	44	61	36	52	46	42
ENSG00000167680	SEMA6B	1438	1249	1497	1075	1204	1125	889
ENSG00000167685	ZNF444	1550	1315	1517	1207	1167	1229	975
ENSG00000167693	NXN	924	798	985	712	631	777	572
ENSG00000167695	TLCD3A	1563	1224	1549	1118	1314	1272	1011
ENSG00000167699	GLOD4	4040	3687	4133	2986	3367	3461	2969
ENSG00000167700	MFSD3	2172	1789	2173	1649	1679	1707	1344
ENSG00000167701	GPT	27	31	32	30	26	29	13
ENSG00000167702	KIFC2	1897	1502	2049	1537	1217	1476	1044
ENSG00000167703	SLC43A2	643	579	581	523	533	516	376
ENSG00000167705	RILP	290	214	229	206	203	230	137
ENSG00000167711	SERPINF2	334	290	332	261	270	274	219
ENSG00000167716	WDR81	2487	2187	2420	1752	2160	2080	1607
ENSG00000167720	SRR	607	511	604	450	498	477	405
ENSG00000167721	TSR1	6927	6098	7108	5026	5805	6017	4970
ENSG00000167723	TRPV3	4	8	11	8	0	28	0
ENSG00000167733	HSD11B1L	88	66	106	82	78	76	55
ENSG00000167740	CYB5D2	949	945	1076	773	834	880	688
ENSG00000167741	GGT6	13	9	16	8	9	10	4
ENSG00000167748	KLK1	2	0	3	3	3	6	0
ENSG00000167749	KLK4	0	2	0	0	2	1	0
ENSG00000167751	KLK2	2	1	0	0	0	0	0
ENSG00000167755	KLK6	0	0	2	0	0	0	0
ENSG00000167757	KLK11	0	1	0	0	0	0	3
ENSG00000167759	KLK13	0	0	1	0	0	0	1
ENSG00000167766	ZNF83	0	1	0	5	1	2	1
ENSG00000167767	KRT80	4433	3928	4455	3335	3602	3522	2874
ENSG00000167769	ACER1	0	1	1	0	2	0	0
ENSG00000167770	OTUB1	5513	4815	4484	4025	3987	4168	3403
ENSG00000167771	RCOR2	101	100	95	105	80	89	64
ENSG00000167772	ANGPTL4	361	364	469	376	284	310	217
ENSG00000167775	CD320	2816	2372	2849	2048	2303	2334	1677
ENSG00000167778	SPRYD3	1755	1523	1770	1332	1410	1485	1163
ENSG00000167779	IGFBP6	3813	3498	3844	2894	3148	2999	2374
ENSG00000167780	SOAT2	0	0	4	2	3	0	4
ENSG00000167785	ZNF558	555	436	594	351	430	467	350
ENSG00000167792	NDUFV1	5183	4351	5172	3893	4218	4156	3253
ENSG00000167797	CDK2AP2	2116	1718	2073	1590	1439	1750	1351
ENSG00000167799	NUDT8	326	238	301	259	244	252	193
ENSG00000167800	TBX10	0	1	1	1	2	2	1
ENSG00000167815	PRDX2	10	7	16	11	5	9	8
ENSG00000167840	ZNF232	161	144	174	118	115	139	112
ENSG00000167842	MIS12	1693	1373	1583	1132	1306	1374	1155
ENSG00000167850	CD300C	0	3	0	2	0	0	2
ENSG00000167851	CD300A	2	2	1	0	0	0	0
ENSG00000167861	HID1	1090	960	1134	803	856	832	646
ENSG00000167862	MRPL58	1717	1455	1728	1319	1421	1530	1197
ENSG00000167863	ATP5PD	5064	4534	5668	4052	4333	4398	3432
ENSG00000167874	TMEM88	24	25	29	8	17	8	13
ENSG00000167880	EVPL	3051	2451	2866	2063	2335	2427	1812
ENSG00000167881	SRP68	6753	5704	6348	4550	5314	5422	4498
ENSG00000167889	MGAT5B	1992	1734	2341	1465	1927	1869	1414
ENSG00000167895	TMC8	103	96	87	70	68	80	53
ENSG00000167900	TK1	9432	8283	9483	7316	7748	7885	6085
ENSG00000167904	TMEM68	726	649	715	530	588	614	513
ENSG00000167914	GSDMA	8	5	7	4	5	9	7
ENSG00000167916	KRT24	0	0	0	0	0	1	0
ENSG00000167925	GHDC	1409	1270	1360	1063	1187	1153	863
ENSG00000167930	FAM234A	4028	3560	3920	2894	3047	3156	2610
ENSG00000167941	SOST	4	2	0	0	2	1	1
ENSG00000167962	ZNF598	2412	2237	2462	1815	1945	2023	1623
ENSG00000167964	RAB26	592	577	632	462	539	553	387
ENSG00000167965	MLST8	1706	1349	1688	1288	1417	1435	1080
ENSG00000167967	E4F1	1226	1113	1170	835	919	952	718
ENSG00000167968	DNASE1L2	113	90	109	70	68	75	58
ENSG00000167969	ECI1	2282	1890	2184	1647	1847	1841	1402
ENSG00000167971	CASKIN1	96	79	93	87	85	51	46
ENSG00000167972	ABCA3	2938	2530	3097	2106	2437	2479	1924
ENSG00000167977	KCTD5	1574	1379	1523	1031	1300	1292	1007
ENSG00000167978	SRRM2	23528	20782	23565	15073	18617	17035	15159
ENSG00000167981	ZNF597	174	113	150	112	141	119	119
ENSG00000167984	NLRC3	58	49	2	31	42	40	41
ENSG00000167985	SDHAF2	1562	1146	1275	1038	1105	1158	941
ENSG00000167986	DDB1	14111	12621	13766	9810	11168	11541	8986
ENSG00000167987	VPS37C	973	795	934	673	775	769	616
ENSG00000167992	VWCE	0	9	11	11	0	2	16
ENSG00000167994	RAB3IL1	458	394	462	388	394	415	347
ENSG00000167995	BEST1	321	272	350	237	227	277	166
ENSG00000167996	FTH1	207357	166589	176366	146612	162039	172176	136556
ENSG00000168000	BSCL2	2690	2539	2069	1826	2145	2156	1637
ENSG00000168002	POLR2G	2458	1964	2281	1731	1907	2120	1572
ENSG00000168003	SLC3A2	27442	24084	27165	20047	23076	23477	18257
ENSG00000168004	PLAAT5	0	0	0	0	0	4	0
ENSG00000168005	SPINDOC	2086	1803	2085	1414	1648	1687	1290
ENSG00000168010	ATG16L2	185	174	273	148	124	143	127
ENSG00000168014	C2CD3	1650	1820	1707	1198	1322	1164	1297
ENSG00000168016	TRANK1	466	412	539	277	296	404	350
ENSG00000168026	TTC21A	0	0	0	26	29	35	28
ENSG00000168028	RPSA	45601	39626	45604	34593	36143	38032	30048
ENSG00000168032	ENTPD3	1	0	0	1	0	0	0
ENSG00000168036	CTNNB1	10543	9176	10666	7393	8484	8969	7048
ENSG00000168038	ULK4	112	84	120	77	78	97	85
ENSG00000168040	FADD	2538	2327	2625	1852	2033	2255	1666
ENSG00000168056	LTBP3	6879	5853	7132	5168	5482	5505	4354
ENSG00000168060	NAALADL1	1	1	1	0	0	2	0
ENSG00000168061	SAC3D1	1528	1307	1556	1148	1274	1289	1025
ENSG00000168062	BATF2	58	38	59	41	35	44	29
ENSG00000168065	SLC22A11	13	11	9	18	5	10	9
ENSG00000168066	SF1	11977	9727	11498	8533	9603	10006	7806
ENSG00000168067	MAP4K2	817	672	789	566	604	547	530
ENSG00000168070	MAJIN	3	2	4	2	1	1	2
ENSG00000168071	CCDC88B	84	84	123	73	54	61	46
ENSG00000168077	SCARA3	3758	3143	3336	2526	2815	2795	2255
ENSG00000168078	PBK	4448	3994	4352	3210	3546	4034	3194
ENSG00000168079	SCARA5	942	753	828	617	637	720	518
ENSG00000168090	COPS6	6581	5487	6124	4805	5136	5025	4053
ENSG00000168092	PAFAH1B2	3757	3327	3844	2755	2985	3277	2708
ENSG00000168096	ANKS3	944	822	927	735	731	747	614
ENSG00000168101	NUDT16L1	1055	1013	1066	842	823	845	646
ENSG00000168116	KIAA1586	302	290	362	243	287	287	263
ENSG00000168118	RAB4A	1622	1424	1661	1245	1308	1432	1183
ENSG00000168124	OR1F1	5	8	10	6	12	9	5
ENSG00000168131	OR2B2	4	0	0	2	2	2	0
ENSG00000168135	KCNJ4	1	1	3	2	1	3	1
ENSG00000168137	SETD5	4956	4304	4956	3647	3841	3946	3145
ENSG00000168140	VASN	707	595	655	463	594	547	417
ENSG00000168143	FAM83B	27	24	36	20	23	29	23
ENSG00000168148	H3-4	0	0	0	2	0	0	0
ENSG00000168152	THAP9	189	149	196	105	132	157	114
ENSG00000168159	RNF187	5302	4445	5621	4240	4296	4410	3477
ENSG00000168172	HOOK3	2431	2187	2697	1674	1753	1864	1602
ENSG00000168175	MAPK1IP1L	4884	4119	4611	3481	4017	4217	3337
ENSG00000168209	DDIT4	7288	6512	7678	5795	5987	6063	4993
ENSG00000168214	RBPJ	1541	1433	1604	1177	1306	1319	1119
ENSG00000168216	LMBRD1	249	359	142	119	307	160	227
ENSG00000168228	ZCCHC4	253	221	250	184	236	215	185
ENSG00000168234	TTC39C	517	496	629	433	451	472	329
ENSG00000168237	GLYCTK	152	143	167	92	123	151	108
ENSG00000168243	GNG4	298	236	317	176	215	212	172
ENSG00000168246	UBTD2	1372	1147	1366	941	1080	1161	915
ENSG00000168255	POLR2J3	115	118	59	90	68	79	78
ENSG00000168256	NKIRAS2	2417	2048	2419	1878	1865	2006	1599
ENSG00000168259	DNAJC7	5002	4272	4863	3652	3960	4307	3371
ENSG00000168263	KCNV2	2	8	7	5	9	5	6
ENSG00000168264	IRF2BP2	7845	6896	8619	5827	6438	6703	5238
ENSG00000168268	NT5DC2	3025	2547	3081	2317	2456	2506	1981
ENSG00000168269	FOXI1	0	0	0	0	0	0	1
ENSG00000168273	SMIM4	248	207	269	187	186	180	155
ENSG00000168275	COA6	1332	1257	1421	1024	1094	1132	948
ENSG00000168280	KIF5C	21	18	17	17	0	0	0
ENSG00000168282	MGAT2	2384	2162	2604	1753	2068	2107	1708
ENSG00000168283	BMI1	2292	2166	2597	1689	2002	2150	1649
ENSG00000168286	THAP11	1798	1517	1845	1377	1382	1514	1201
ENSG00000168288	MMADHC	3782	3226	3954	2728	3039	3273	2559
ENSG00000168291	PDHB	3153	2895	3351	2276	2596	2753	2166
ENSG00000168297	PXK	444	356	465	302	344	340	306
ENSG00000168298	H1-4	17	22	13	6	23	15	8
ENSG00000168300	PCMTD1	1110	1018	1240	792	872	998	859
ENSG00000168301	KCTD6	487	389	495	369	409	440	364
ENSG00000168303	MPLKIP	1116	941	951	798	861	869	744
ENSG00000168306	ACOX2	18	13	15	11	18	13	21
ENSG00000168309	FAM107A	3	1	0	1	2	1	1
ENSG00000168310	IRF2	918	726	868	650	595	805	636
ENSG00000168314	MOBP	0	0	1	1	0	0	0
ENSG00000168329	CX3CR1	2	3	4	2	1	6	1
ENSG00000168333	PPDPFL	1	0	0	0	0	0	0
ENSG00000168334	XIRP1	1	0	0	0	0	0	0
ENSG00000168348	INSM2	2	1	0	2	0	1	0
ENSG00000168350	DEGS2	173	145	174	153	120	119	84
ENSG00000168356	SCN11A	32	22	29	22	28	31	20
ENSG00000168374	ARF4	3870	3340	3941	2879	3006	3438	2601
ENSG00000168385	SEPTIN2	20629	18092	21448	14702	16417	17208	13560
ENSG00000168386	FILIP1L	23	30	18	19	20	19	13
ENSG00000168389	MFSD2A	183	134	163	120	139	130	111
ENSG00000168393	DTYMK	3429	3060	3530	2631	2887	2973	2222
ENSG00000168394	TAP1	1582	1277	1398	1003	1094	1261	901
ENSG00000168395	ING5	1428	1318	1470	1077	1145	1195	923
ENSG00000168397	ATG4B	978	787	888	711	608	762	613
ENSG00000168398	BDKRB2	1049	974	1055	744	817	819	623
ENSG00000168404	MLKL	1166	1069	1278	910	1099	1039	794
ENSG00000168411	RFWD3	4089	3531	4123	2751	3280	3527	2788
ENSG00000168412	MTNR1A	39	36	30	31	41	29	32
ENSG00000168418	KCNG4	7	4	3	2	3	4	3
ENSG00000168421	RHOH	5	4	5	4	9	3	2
ENSG00000168427	KLHL30	6	5	5	2	4	3	0
ENSG00000168434	COG7	1060	795	983	739	803	876	608
ENSG00000168438	CDC40	1069	908	1060	738	812	902	669
ENSG00000168439	STIP1	18549	16225	17289	13713	14468	15054	12158
ENSG00000168447	SCNN1B	28	20	23	21	22	25	8
ENSG00000168453	HR	5921	5280	5717	4315	4708	4590	3716
ENSG00000168454	TXNDC2	3	5	3	1	2	2	1
ENSG00000168461	RAB31	2282	1935	2415	1660	1790	1841	1439
ENSG00000168476	REEP4	4214	3662	4205	3288	3509	3558	2768
ENSG00000168477	TNXB	48	57	70	28	38	39	33
ENSG00000168481	LGI3	123	97	108	72	81	88	76
ENSG00000168484	SFTPC	1	3	3	0	2	2	0
ENSG00000168487	BMP1	2708	2224	2551	1930	1910	1973	1539
ENSG00000168488	ATXN2L	8050	6624	7452	5867	6766	6610	5342
ENSG00000168490	PHYHIP	47	30	46	20	35	32	30
ENSG00000168491	CCDC110	3	0	5	1	4	2	1
ENSG00000168495	POLR3D	1591	1395	1504	1130	1335	1280	1095
ENSG00000168496	FEN1	5928	5414	6011	4329	4943	5215	4172
ENSG00000168497	CAVIN2	1007	843	1052	742	878	937	752
ENSG00000168502	MTCL1	3447	3201	4058	2302	2916	2764	2398
ENSG00000168505	GBX2	52	64	62	33	49	42	18
ENSG00000168509	HJV	0	0	0	0	1	0	0
ENSG00000168517	HEXIM2	630	605	707	441	577	546	422
ENSG00000168522	FNTA	1541	1407	1551	1168	1339	1309	1121
ENSG00000168528	SERINC2	1921	1665	1811	1445	1536	1573	1298
ENSG00000168538	TRAPPC11	1440	1249	1568	983	1157	1213	990
ENSG00000168539	CHRM1	1	3	2	0	2	3	3
ENSG00000168542	COL3A1	3	6	4	2	2	1	3
ENSG00000168546	GFRA2	2	4	10	4	3	0	4
ENSG00000168556	ING2	465	402	482	382	407	414	364
ENSG00000168564	CDKN2AIP	848	729	841	559	642	669	553
ENSG00000168566	SNRNP48	981	936	996	719	772	881	664
ENSG00000168569	TMEM223	819	717	761	591	623	647	497
ENSG00000168575	SLC20A2	999	958	991	738	861	852	766
ENSG00000168589	DYNLRB2	2	2	2	0	0	2	0
ENSG00000168591	TMUB2	2336	2106	2349	1741	1855	1969	1469
ENSG00000168610	STAT3	9062	7941	9107	6546	7029	7437	5767
ENSG00000168612	ZSWIM1	535	426	497	409	451	457	364
ENSG00000168615	ADAM9	18417	16452	20206	12965	15790	16755	13527
ENSG00000168621	GDNF	1	6	0	1	2	1	0
ENSG00000168631	MUCL3	7	5	5	2	6	7	3
ENSG00000168646	AXIN2	1726	1540	1794	1235	1326	1371	1066
ENSG00000168653	NDUFS5	3795	3465	3620	2833	2915	3190	2644
ENSG00000168661	ZNF30	348	374	448	289	350	382	289
ENSG00000168672	LRATD2	1250	1053	1356	835	979	1025	849
ENSG00000168675	LDLRAD4	94	22	96	38	50	33	5
ENSG00000168676	KCTD19	12	4	8	11	0	11	3
ENSG00000168679	SLC16A4	2361	2119	2118	1746	1727	2048	1506
ENSG00000168685	IL7R	25	25	31	17	20	22	13
ENSG00000168701	TMEM208	1032	914	1125	761	809	800	680
ENSG00000168702	LRP1B	2	1	2	0	5	1	1
ENSG00000168710	AHCYL1	8147	7300	8450	5818	6410	6563	5342
ENSG00000168724	DNAJC21	1346	1157	1303	978	1003	1053	913
ENSG00000168734	PKIG	763	787	822	660	652	721	515
ENSG00000168743	NPNT	60	42	58	32	26	41	29
ENSG00000168748	CA7	3	0	3	6	3	4	5
ENSG00000168754	FAM178B	0	0	1	0	0	0	0
ENSG00000168758	SEMA4C	701	645	792	511	597	558	505
ENSG00000168763	CNNM3	1449	1175	1433	1021	1119	1152	859
ENSG00000168765	GSTM4	427	364	450	336	320	374	273
ENSG00000168769	TET2	521	462	660	375	441	409	382
ENSG00000168772	CXXC4	187	170	196	147	142	148	130
ENSG00000168778	TCTN2	887	801	991	642	711	721	596
ENSG00000168779	SHOX2	67	70	50	61	33	33	71
ENSG00000168781	PPIP5K1	901	851	960	623	733	741	610
ENSG00000168785	TSPAN5	629	559	679	486	442	511	338
ENSG00000168792	ABHD15	2272	2086	2374	1695	1801	1961	1510
ENSG00000168795	ZBTB5	1282	1159	1260	872	993	1111	897
ENSG00000168802	CHTF8	2200	2070	2347	1766	2022	2034	1584
ENSG00000168803	ADAL	369	312	369	253	301	334	245
ENSG00000168806	LCMT2	488	433	529	364	459	431	366
ENSG00000168807	SNTB2	1759	1533	1968	1354	1470	1547	1255
ENSG00000168811	IL12A	11	1	11	6	14	4	9
ENSG00000168813	ZNF507	2505	2267	2657	1581	2071	2205	1801
ENSG00000168818	STX18	917	801	945	653	738	781	650
ENSG00000168824	NSG1	8	9	6	7	3	2	6
ENSG00000168826	ZBTB49	91	93	86	85	78	80	78
ENSG00000168827	GFM1	2889	2592	2945	2069	2529	2577	1906
ENSG00000168828	OR13J1	0	1	0	0	0	0	0
ENSG00000168830	HTR1E	1	1	2	0	1	0	2
ENSG00000168843	FSTL5	14	14	14	11	13	19	6
ENSG00000168872	DDX19A	2438	2006	2424	1694	1942	1898	1498
ENSG00000168874	ATOH8	239	179	207	174	162	198	131
ENSG00000168876	ANKRD49	428	342	397	288	304	359	281
ENSG00000168878	SFTPB	5	3	0	2	2	1	5
ENSG00000168883	USP39	3646	3214	3534	2632	2868	2953	2429
ENSG00000168884	TNIP2	1414	1265	1631	1103	1156	1205	964
ENSG00000168887	C2orf68	1727	1571	1794	1286	1396	1303	1048
ENSG00000168890	TMEM150A	256	216	253	193	204	228	147
ENSG00000168894	RNF181	1359	1204	1263	994	968	1146	947
ENSG00000168899	VAMP5	4	0	4	1	6	2	1
ENSG00000168903	BTNL3	1	0	0	0	0	0	0
ENSG00000168904	LRRC28	748	566	740	533	529	608	478
ENSG00000168906	MAT2A	19260	16933	19061	13719	14988	15774	12599
ENSG00000168907	PLA2G4F	1	1	0	0	0	2	0
ENSG00000168913	ENHO	32	23	31	23	35	27	22
ENSG00000168916	ZNF608	366	296	382	262	317	301	261
ENSG00000168917	SLC35G2	495	371	465	386	337	400	292
ENSG00000168918	INPP5D	29	21	29	24	14	23	17
ENSG00000168924	LETM1	3575	3176	3907	2681	2997	3092	2483
ENSG00000168925	CTRB1	0	1	0	0	0	0	0
ENSG00000168936	TMEM129	1463	1246	1520	1095	1230	1146	957
ENSG00000168938	PPIC	686	578	734	517	562	602	498
ENSG00000168939	SPRY3	29	37	34	30	32	27	19
ENSG00000168944	CEP120	1121	908	1170	733	1003	957	780
ENSG00000168952	STXBP6	38	24	35	25	35	27	20
ENSG00000168955	TM4SF20	3852	3414	3928	2813	2872	3177	2522
ENSG00000168958	MFF	3141	2785	3308	2446	2714	2998	2161
ENSG00000168959	GRM5	1	1	0	0	0	0	0
ENSG00000168961	LGALS9	57	31	31	35	24	52	23
ENSG00000168970	JMJD7-PLA2G4B	10	0	15	0	9	11	0
ENSG00000168993	CPLX1	27	23	32	9	14	31	23
ENSG00000168994	PXDC1	602	623	696	557	570	611	490
ENSG00000169016	E2F6	936	837	923	688	786	850	651
ENSG00000169018	FEM1B	3151	2608	3262	2063	2542	2767	2193
ENSG00000169019	COMMD8	665	605	681	522	490	582	475
ENSG00000169020	ATP5ME	1143	909	1126	812	869	896	799
ENSG00000169021	UQCRFS1	10190	8634	10428	7441	8470	8990	6902
ENSG00000169026	SLC49A3	13	18	7	3	7	13	4
ENSG00000169031	COL4A3	259	276	354	236	222	261	206
ENSG00000169032	MAP2K1	3529	2911	3639	2476	2760	2891	2073
ENSG00000169035	KLK7	0	0	0	1	1	0	1
ENSG00000169045	HNRNPH1	14016	12183	13183	10333	10974	11725	9248
ENSG00000169047	IRS1	4994	4378	4923	3323	3947	3783	3168
ENSG00000169057	MECP2	3289	2789	3185	2122	2523	2546	2183
ENSG00000169059	VCX3A	0	0	0	0	0	0	1
ENSG00000169062	UPF3A	1516	1468	1726	1251	1295	1476	1077
ENSG00000169064	ZBBX	2	0	0	0	1	0	0
ENSG00000169067	ACTBL2	1	0	0	0	1	1	2
ENSG00000169071	ROR2	15	18	14	18	0	18	14
ENSG00000169083	AR	2881	2584	3143	2014	2399	2583	2141
ENSG00000169084	DHRSX	1363	1125	1426	1061	1139	1145	975
ENSG00000169085	VXN	0	0	0	2	0	0	6
ENSG00000169087	HSPBAP1	187	188	217	160	150	193	125
ENSG00000169093	ASMTL	732	661	699	540	545	613	458
ENSG00000169100	SLC25A6	17262	14698	16016	13068	13784	14193	11650
ENSG00000169105	CHST14	875	728	874	618	607	741	534
ENSG00000169116	PARM1	636	541	586	417	461	489	399
ENSG00000169118	CSNK1G1	2060	1741	2134	1401	1643	1587	1393
ENSG00000169122	FAM110B	145	158	182	134	140	167	111
ENSG00000169126	ODAD2	3	1	1	3	2	0	2
ENSG00000169129	AFAP1L2	1075	989	1311	835	837	876	662
ENSG00000169131	ZNF354A	484	472	502	370	376	382	312
ENSG00000169136	ATF5	1378	1253	1530	1170	1358	1411	1091
ENSG00000169139	UBE2V2	2404	2204	2345	1719	1940	2079	1801
ENSG00000169155	ZBTB43	647	525	688	444	529	518	435
ENSG00000169169	CPT1C	5	1	1	2	1	3	3
ENSG00000169174	PCSK9	1623	1540	1631	1229	1403	1499	1181
ENSG00000169180	XPO6	4550	3893	4746	3285	3691	3685	2968
ENSG00000169181	GSG1L	0	0	2	0	0	0	0
ENSG00000169184	MN1	249	214	249	171	230	156	187
ENSG00000169188	APEX2	2104	1783	2259	1599	1751	1952	1397
ENSG00000169189	NSMCE1	1316	1082	1413	1021	1038	1106	839
ENSG00000169193	CCDC126	206	170	172	156	177	173	133
ENSG00000169194	IL13	0	0	0	0	0	1	0
ENSG00000169203	NPIPB12	911	706	782	791	711	778	538
ENSG00000169213	RAB3B	1029	789	1056	613	712	741	559
ENSG00000169217	CD2BP2	4069	3634	4075	2874	3289	3288	2714
ENSG00000169218	RSPO1	12	10	6	6	8	5	6
ENSG00000169220	RGS14	29	87	43	60	25	10	0
ENSG00000169221	TBC1D10B	2882	2499	3036	2211	2380	2358	1841
ENSG00000169223	LMAN2	8175	7009	7965	6350	6565	6675	5075
ENSG00000169224	GCSAML	0	0	1	0	0	0	0
ENSG00000169228	RAB24	647	551	648	511	518	559	374
ENSG00000169230	PRELID1	8950	7770	8893	6873	7490	7474	5718
ENSG00000169231	THBS3	701	554	599	436	471	467	418
ENSG00000169239	CA5B	378	321	397	294	292	309	246
ENSG00000169241	SLC50A1	1067	903	931	687	777	844	604
ENSG00000169242	EFNA1	1273	1113	1399	973	908	961	721
ENSG00000169245	CXCL10	2	6	3	1	1	4	4
ENSG00000169246	NPIPB3	993	920	927	846	656	783	550
ENSG00000169247	SH3TC2	43	41	24	28	27	32	20
ENSG00000169248	CXCL11	5	1	2	1	1	1	0
ENSG00000169249	ZRSR2	491	403	439	358	350	420	378
ENSG00000169251	NMD3	2356	2152	2461	1785	2111	2163	1744
ENSG00000169252	ADRB2	8	17	15	15	15	16	8
ENSG00000169255	B3GALNT1	2	4	1	4	2	2	1
ENSG00000169258	GPRIN1	782	703	895	657	707	677	545
ENSG00000169271	HSPB3	0	0	0	1	0	0	0
ENSG00000169282	KCNAB1	17	30	26	16	11	17	12
ENSG00000169288	MRPL1	936	797	944	669	731	829	593
ENSG00000169291	SHE	12	8	15	7	9	13	10
ENSG00000169297	NR0B1	1856	1516	1557	1299	1547	1585	1288
ENSG00000169299	PGM2	890	680	890	579	673	650	510
ENSG00000169302	STK32A	0	11	19	0	8	15	9
ENSG00000169306	IL1RAPL1	1	6	5	2	4	5	3
ENSG00000169313	P2RY12	0	0	0	0	0	0	1
ENSG00000169314	C22orf15	0	0	0	1	0	0	0
ENSG00000169327	OR5AU1	19	16	23	14	9	17	18
ENSG00000169330	MINAR1	123	87	118	67	116	88	72
ENSG00000169347	GP2	3	2	3	1	1	2	0
ENSG00000169359	SLC33A1	851	757	784	634	636	665	577
ENSG00000169371	SNUPN	1128	980	1145	861	911	1010	768
ENSG00000169372	CRADD	389	334	314	258	274	312	243
ENSG00000169375	SIN3A	4832	4188	4609	2943	3868	3903	3315
ENSG00000169379	ARL13B	812	687	894	639	667	731	534
ENSG00000169398	PTK2	4293	3829	4640	3145	3272	3622	2909
ENSG00000169402	RSPH10B2	0	7	1	2	2	0	0
ENSG00000169403	PTAFR	41	34	57	26	38	23	18
ENSG00000169410	PTPN9	3020	2587	3065	2232	2445	2474	1970
ENSG00000169413	RNASE6	0	0	0	1	0	0	0
ENSG00000169418	NPR1	162	116	172	115	109	117	107
ENSG00000169427	KCNK9	0	0	2	0	0	1	0
ENSG00000169429	CXCL8	2149	1925	2049	1440	1540	1640	1451
ENSG00000169432	SCN9A	1577	1330	1776	1011	1259	1235	1110
ENSG00000169435	RASSF6	585	525	656	404	467	504	391
ENSG00000169436	COL22A1	6	8	3	8	5	3	2
ENSG00000169439	SDC2	13	19	11	1	11	16	15
ENSG00000169446	MMGT1	1877	1470	1769	1264	1528	1503	1229
ENSG00000169469	SPRR1B	1	0	0	0	0	0	0
ENSG00000169490	TM2D2	2363	2213	2434	1889	1986	2059	1718
ENSG00000169495	HTRA4	2	3	3	1	4	1	0
ENSG00000169499	PLEKHA2	647	602	704	482	559	521	458
ENSG00000169504	CLIC4	3332	2987	3712	2425	2926	3178	2590
ENSG00000169507	SLC38A11	51	26	41	41	32	30	24
ENSG00000169508	GPR183	0	0	0	0	1	0	0
ENSG00000169509	CRCT1	0	0	0	0	0	1	0
ENSG00000169515	CCDC8	8	2	2	3	4	0	0
ENSG00000169519	METTL15	1159	1059	1280	850	1030	1027	862
ENSG00000169548	ZNF280A	135	130	90	93	96	106	73
ENSG00000169551	CT55	0	0	1	1	0	1	1
ENSG00000169554	ZEB2	176	106	154	111	124	112	98
ENSG00000169562	GJB1	211	179	206	135	149	130	109
ENSG00000169564	PCBP1	18036	15039	15084	12620	14203	14367	11869
ENSG00000169567	HINT1	6528	5846	6123	4728	5134	5502	4131
ENSG00000169570	DTWD2	551	482	507	375	402	440	333
ENSG00000169583	CLIC3	20	12	22	18	19	20	14
ENSG00000169592	INO80E	2360	1999	2249	1846	2002	2043	1515
ENSG00000169594	BNC1	1	3	0	0	1	0	0
ENSG00000169598	DFFB	226	184	171	156	175	115	147
ENSG00000169599	NFU1	1398	1183	1139	1017	1118	1122	971
ENSG00000169604	ANTXR1	4698	3998	4951	3293	3923	3853	3372
ENSG00000169605	GKN1	0	0	1	0	0	0	0
ENSG00000169607	CKAP2L	1663	1369	1503	1070	1299	1244	1109
ENSG00000169609	C15orf40	1434	1301	1527	1120	1153	1234	982
ENSG00000169612	RAMAC	1334	1258	1409	1082	1163	1285	969
ENSG00000169618	PROKR1	1	0	0	0	0	1	0
ENSG00000169621	APLF	80	71	62	59	80	75	58
ENSG00000169627	BOLA2B	352	327	321	297	270	315	246
ENSG00000169629	RGPD8	694	726	733	447	547	614	531
ENSG00000169635	HIC2	443	366	389	265	322	315	276
ENSG00000169641	LUZP1	2022	1819	2195	1448	1764	1704	1426
ENSG00000169660	HEXD	742	575	847	567	652	641	490
ENSG00000169676	DRD5	0	0	0	0	0	0	1
ENSG00000169679	BUB1	3574	3018	3662	2590	2773	2917	2361
ENSG00000169682	SPNS1	3007	2539	2977	2173	2369	2585	2002
ENSG00000169683	LRRC45	1612	1499	1667	1305	1349	1276	1024
ENSG00000169684	CHRNA5	1319	1162	1391	987	1112	1153	914
ENSG00000169689	CENPX	3351	3161	3693	2554	2977	3130	2252
ENSG00000169692	AGPAT2	4477	3867	4432	3382	3469	3312	2839
ENSG00000169696	ASPSCR1	1384	1140	1348	1047	1097	1192	904
ENSG00000169710	FASN	25587	21874	26929	17886	21740	20920	16960
ENSG00000169714	CNBP	8493	7549	8550	6238	7239	7589	5804
ENSG00000169715	MT1E	1	0	0	0	0	1	0
ENSG00000169718	DUS1L	3345	2836	3288	2462	2724	2857	2215
ENSG00000169727	GPS1	6814	5802	6717	5042	5517	5608	4339
ENSG00000169733	RFNG	894	680	940	699	740	696	542
ENSG00000169738	DCXR	1072	996	1265	815	939	911	804
ENSG00000169740	ZNF32	598	521	576	437	505	563	368
ENSG00000169744	LDB2	1	0	0	0	0	0	0
ENSG00000169750	RAC3	595	537	673	509	489	553	393
ENSG00000169752	NRG4	95	75	79	45	59	83	47
ENSG00000169756	LIMS1	3250	2922	3476	2383	2789	2815	2188
ENSG00000169760	NLGN1	1	0	1	0	1	0	0
ENSG00000169762	TAPT1	650	616	738	510	541	609	489
ENSG00000169764	UGP2	5807	5141	5828	4268	4603	4972	3834
ENSG00000169783	LINGO1	97	96	124	93	85	107	78
ENSG00000169789	PRY	99	79	76	54	62	47	53
ENSG00000169813	HNRNPF	13395	11902	12480	9415	10860	11461	9215
ENSG00000169814	BTD	1120	1026	1133	846	881	916	751
ENSG00000169826	CSGALNACT2	980	852	1025	679	848	949	644
ENSG00000169851	PCDH7	85	59	91	63	64	80	33
ENSG00000169855	ROBO1	2098	1786	2077	1347	1537	1569	1276
ENSG00000169856	ONECUT1	98	93	109	76	115	67	83
ENSG00000169857	AVEN	1002	868	978	746	828	851	657
ENSG00000169860	P2RY1	110	80	109	54	81	82	74
ENSG00000169862	CTNND2	5	0	4	0	0	2	3
ENSG00000169871	TRIM56	4729	4331	4988	3469	3960	3914	3255
ENSG00000169876	MUC17	0	0	0	0	1	0	0
ENSG00000169884	WNT10B	108	81	96	90	91	79	64
ENSG00000169885	CALML6	1	0	0	1	2	1	1
ENSG00000169891	REPS2	184	147	228	129	123	129	89
ENSG00000169894	MUC3A	57	53	70	49	38	53	39
ENSG00000169895	SYAP1	4727	4027	4917	3603	3827	3962	3135
ENSG00000169896	ITGAM	155	125	187	94	109	128	112
ENSG00000169902	TPST1	328	290	315	212	203	233	168
ENSG00000169903	TM4SF4	4255	3795	4087	3022	2968	3256	2494
ENSG00000169905	TOR1AIP2	2882	2443	2977	2109	2290	2301	1954
ENSG00000169906	S100G	0	0	1	0	0	0	0
ENSG00000169908	TM4SF1	20564	17740	21964	15762	16363	18054	13601
ENSG00000169914	OTUD3	595	515	567	352	416	419	395
ENSG00000169918	OTUD7A	12	8	10	7	9	7	8
ENSG00000169919	GUSB	1798	1651	1770	1332	1425	1505	1224
ENSG00000169925	BRD3	3542	2944	3691	2425	2830	2905	2336
ENSG00000169926	KLF13	10820	9117	10328	6967	8333	8237	7040
ENSG00000169933	FRMPD4	3	3	1	0	0	1	3
ENSG00000169946	ZFPM2	0	1	0	0	1	0	0
ENSG00000169951	ZNF764	367	340	404	277	315	323	259
ENSG00000169955	ZNF747	457	389	439	326	364	361	309
ENSG00000169957	ZNF768	2248	1995	2155	1670	1779	1851	1466
ENSG00000169962	TAS1R3	43	32	45	38	26	28	18
ENSG00000169964	TMEM42	292	252	247	174	208	210	202
ENSG00000169967	MAP3K2	2430	2313	2653	1742	2083	2078	1777
ENSG00000169972	PUSL1	409	312	394	279	312	334	245
ENSG00000169976	SF3B5	2631	2171	2368	1879	2051	2115	1808
ENSG00000169981	ZNF35	161	157	178	113	136	137	143
ENSG00000169989	TIGD4	20	24	21	9	31	19	14
ENSG00000169991	IFFO2	2258	2019	2406	1632	1875	1890	1504
ENSG00000169992	NLGN2	2983	2624	3203	2172	2216	2296	1869
ENSG00000169994	MYO7B	12	13	13	14	10	7	1
ENSG00000170004	CHD3	15672	14215	15587	10291	12595	12165	10041
ENSG00000170006	TMEM154	23	17	34	16	16	24	11
ENSG00000170011	MYRIP	1	0	0	0	2	0	0
ENSG00000170017	ALCAM	10368	9133	12010	7709	8614	8970	7443
ENSG00000170027	YWHAG	18614	16118	18560	12760	15440	15412	13131
ENSG00000170035	UBE2E3	2210	1756	2296	1605	1679	1803	1382
ENSG00000170037	CNTROB	2010	1674	2154	1505	1626	1559	1258
ENSG00000170043	TRAPPC1	4852	4246	4997	3853	3717	4052	3125
ENSG00000170044	ZPLD1	0	2	1	0	0	0	0
ENSG00000170049	KCNAB3	141	140	110	88	115	99	62
ENSG00000170074	FAM153A	2	1	1	0	0	1	0
ENSG00000170075	GPR37L1	67	65	57	51	50	40	40
ENSG00000170085	SIMC1	628	530	671	482	508	570	443
ENSG00000170088	TMEM192	1205	1042	1160	867	1032	1041	864
ENSG00000170091	NSG2	5	2	2	0	0	0	0
ENSG00000170092	SPDYE5	21	18	13	8	10	5	12
ENSG00000170099	SERPINA6	277	257	275	210	211	221	176
ENSG00000170100	ZNF778	403	347	432	281	325	327	277
ENSG00000170113	NIPA1	3175	2878	3202	2264	2500	2519	2156
ENSG00000170122	FOXD4	36	45	41	45	37	39	27
ENSG00000170128	GPR25	2	1	0	0	0	0	0
ENSG00000170142	UBE2E1	3866	3339	3316	2817	2910	3219	2704
ENSG00000170144	HNRNPA3	20902	19256	20454	15416	17027	18190	15418
ENSG00000170145	SIK2	1193	1038	1195	813	1001	961	796
ENSG00000170153	RNF150	49	51	62	42	30	35	27
ENSG00000170160	CCDC144A	670	602	760	329	608	516	487
ENSG00000170162	VGLL2	2	0	0	0	0	0	0
ENSG00000170166	HOXD4	14	12	15	11	7	13	12
ENSG00000170175	CHRNB1	295	227	284	198	167	211	198
ENSG00000170178	HOXD12	0	1	2	0	2	0	0
ENSG00000170185	USP38	475	506	567	309	444	437	348
ENSG00000170190	SLC16A5	1946	1622	1939	1370	1446	1461	1193
ENSG00000170191	NANP	900	791	889	655	775	790	605
ENSG00000170209	ANKK1	0	3	0	2	2	0	2
ENSG00000170214	ADRA1B	492	438	588	404	455	465	326
ENSG00000170222	ADPRM	194	144	166	127	144	144	101
ENSG00000170231	FABP6	7	5	7	10	6	4	8
ENSG00000170234	PWWP2A	735	636	818	520	654	639	522
ENSG00000170242	USP47	2899	2521	3159	2023	2316	2455	2006
ENSG00000170248	PDCD6IP	8490	7303	7800	5801	6888	7013	5586
ENSG00000170260	ZNF212	641	595	611	486	548	529	431
ENSG00000170264	FAM161A	709	624	594	511	569	624	461
ENSG00000170265	ZNF282	2148	1860	2103	1638	1760	1707	1502
ENSG00000170266	GLB1	3551	3112	3601	2635	2800	3012	2332
ENSG00000170270	GON7	585	565	599	395	464	549	375
ENSG00000170271	FAXDC2	34	37	47	30	23	25	23
ENSG00000170275	CRTAP	14362	12320	13950	10254	11536	12447	9937
ENSG00000170276	HSPB2	0	0	0	2	0	0	1
ENSG00000170289	CNGB3	2	1	1	1	0	2	0
ENSG00000170290	SLN	4	5	4	0	3	0	1
ENSG00000170291	ELP5	2518	2180	2665	1986	2229	2295	1809
ENSG00000170293	CMTM8	436	344	438	353	322	397	310
ENSG00000170296	GABARAP	8110	6647	8148	6048	6223	6830	5164
ENSG00000170298	LGALS9B	22	26	29	15	22	28	27
ENSG00000170310	STX8	1060	832	1051	752	831	908	672
ENSG00000170312	CDK1	4919	4177	4807	3473	3747	4071	3220
ENSG00000170315	UBB	44957	39925	45693	33734	36077	37616	28143
ENSG00000170322	NFRKB	1198	892	1145	758	826	885	741
ENSG00000170323	FABP4	0	0	0	0	0	1	0
ENSG00000170324	FRMPD2	0	0	0	0	2	0	0
ENSG00000170325	PRDM10	557	511	523	334	418	484	330
ENSG00000170340	B3GNT2	1290	1207	1398	965	1026	1180	868
ENSG00000170345	FOS	3245	2751	3278	2226	2271	2324	1713
ENSG00000170348	TMED10	7613	6405	7531	5544	6186	6541	5087
ENSG00000170364	SETMAR	205	172	251	141	209	207	108
ENSG00000170365	SMAD1	640	569	618	475	518	556	460
ENSG00000170369	CST2	5	2	4	1	1	1	0
ENSG00000170370	EMX2	0	0	0	0	0	0	1
ENSG00000170373	CST1	239	224	253	176	174	183	128
ENSG00000170374	SP7	3	2	5	3	4	5	4
ENSG00000170379	TCAF2	36	25	46	35	22	27	18
ENSG00000170381	SEMA3E	290	306	356	249	324	290	204
ENSG00000170382	LRRN2	678	571	721	478	472	526	439
ENSG00000170385	SLC30A1	3150	2633	3263	2016	2630	2721	2242
ENSG00000170390	DCLK2	289	300	253	176	219	212	184
ENSG00000170396	ZNF804A	1	0	1	2	3	0	3
ENSG00000170412	GPRC5C	2050	1694	1970	1428	1472	1481	1280
ENSG00000170417	TMEM182	272	234	222	183	189	212	194
ENSG00000170421	KRT8	198955	172114	196759	151698	152042	161233	126798
ENSG00000170423	KRT78	3	0	1	1	0	1	4
ENSG00000170425	ADORA2B	622	569	602	423	511	555	480
ENSG00000170426	SDR9C7	0	3	0	1	1	0	0
ENSG00000170430	MGMT	240	205	223	170	167	205	144
ENSG00000170439	METTL7B	697	535	573	456	445	565	393
ENSG00000170442	KRT86	213	179	240	176	152	192	150
ENSG00000170445	HARS1	3383	3128	3415	2423	2873	2851	2217
ENSG00000170448	NFXL1	468	363	578	302	382	402	289
ENSG00000170454	KRT75	0	1	0	0	0	0	0
ENSG00000170456	DENND5B	2723	2351	2840	1873	2170	2184	1834
ENSG00000170458	CD14	424	350	407	311	300	322	254
ENSG00000170464	DNAJC18	321	269	305	228	241	262	221
ENSG00000170468	RIOX1	1339	1114	1293	982	1084	1102	850
ENSG00000170469	SPATA24	94	72	86	67	62	67	51
ENSG00000170471	RALGAPB	3490	3113	3894	2382	2929	2763	2402
ENSG00000170473	PYM1	1177	977	1124	795	900	909	709
ENSG00000170476	MZB1	0	5	0	0	2	0	0
ENSG00000170477	KRT4	700	623	689	441	545	607	483
ENSG00000170482	SLC23A1	739	629	722	532	552	559	448
ENSG00000170484	KRT74	1	0	0	0	0	0	1
ENSG00000170485	NPAS2	3985	3238	3934	2962	3267	3357	2614
ENSG00000170498	KISS1	5	4	6	9	5	5	1
ENSG00000170500	LONRF2	1623	1508	1698	1045	1220	1353	1101
ENSG00000170502	NUDT9	1426	1194	1425	979	1176	1168	990
ENSG00000170509	HSD17B13	28	20	31	36	14	26	11
ENSG00000170515	PA2G4	13455	11358	13678	10319	11399	12169	9491
ENSG00000170516	COX7B2	0	0	0	0	0	1	0
ENSG00000170522	ELOVL6	1727	1501	1771	1170	1380	1362	1154
ENSG00000170523	KRT83	280	289	337	216	267	272	187
ENSG00000170525	PFKFB3	23596	20383	25240	16696	18601	19099	15592
ENSG00000170537	TMC7	556	501	567	401	451	458	414
ENSG00000170540	ARL6IP1	17420	15101	18615	12526	14235	14595	11705
ENSG00000170542	SERPINB9	1327	1126	1298	998	1099	1072	888
ENSG00000170545	SMAGP	678	591	719	542	566	584	449
ENSG00000170558	CDH2	2044	1738	2214	1427	1564	1609	1401
ENSG00000170561	IRX2	132	130	138	88	101	107	87
ENSG00000170571	EMB	119	94	132	81	112	97	80
ENSG00000170577	SIX2	4	1	1	3	1	0	1
ENSG00000170579	DLGAP1	13	8	4	4	8	17	19
ENSG00000170581	STAT2	748	541	751	406	585	470	429
ENSG00000170584	NUDCD2	1628	1425	1643	1156	1298	1380	1135
ENSG00000170604	IRF2BP1	3658	3264	3927	2826	2956	3030	2267
ENSG00000170606	HSPA4	13324	11629	14346	9379	11021	11705	9486
ENSG00000170608	FOXA3	613	553	547	443	454	471	364
ENSG00000170619	COMMD5	1207	1089	1224	904	954	1014	791
ENSG00000170624	SGCD	761	688	822	593	692	669	526
ENSG00000170631	ZNF16	214	197	230	149	191	180	139
ENSG00000170632	ARMC10	2524	2130	2466	1773	2146	2250	1800
ENSG00000170633	RNF34	1710	1577	1723	1335	1430	1533	1223
ENSG00000170634	ACYP2	205	159	196	159	145	167	103
ENSG00000170638	TRABD	1848	1637	2081	1391	1488	1605	1179
ENSG00000170653	ATF7	2387	1978	2198	1583	1841	1906	1492
ENSG00000170667	RASA4B	88	138	101	91	106	89	64
ENSG00000170677	SOCS6	3250	2900	3464	2261	2580	2603	2207
ENSG00000170681	CAVIN4	36	23	38	28	45	38	24
ENSG00000170683	OR10A3	5	3	3	9	7	4	1
ENSG00000170684	ZNF296	231	182	181	185	174	210	143
ENSG00000170689	HOXB9	588	504	545	449	466	488	381
ENSG00000170703	TTLL6	186	168	178	159	161	156	117
ENSG00000170734	POLH	989	866	1011	743	821	839	682
ENSG00000170743	SYT9	13	7	5	6	8	5	0
ENSG00000170745	KCNS3	214	226	243	175	193	180	134
ENSG00000170759	KIF5B	12792	11024	13767	8609	11018	11174	8988
ENSG00000170775	GPR37	495	444	472	329	343	389	313
ENSG00000170776	AKAP13	6253	5535	6726	4139	5027	5026	4070
ENSG00000170777	TPD52L3	0	0	0	0	0	1	0
ENSG00000170779	CDCA4	2054	1817	2219	1573	1814	1766	1377
ENSG00000170786	SDR16C5	48	40	52	31	36	44	46
ENSG00000170790	OR10A2	25	22	23	26	16	26	16
ENSG00000170791	CHCHD7	456	443	523	393	390	413	324
ENSG00000170801	HTRA3	126	90	128	82	91	83	62
ENSG00000170802	FOXN2	1127	989	1114	763	862	991	758
ENSG00000170807	LMOD2	0	0	0	1	0	0	0
ENSG00000170832	USP32	3291	2889	3469	2203	2701	2860	2152
ENSG00000170835	CEL	60	47	45	43	37	61	31
ENSG00000170836	PPM1D	619	402	480	428	501	426	458
ENSG00000170837	GPR27	46	48	86	58	44	47	48
ENSG00000170846	NA	302	271	345	244	248	249	169
ENSG00000170848	PSG6	0	1	1	0	0	1	1
ENSG00000170852	KBTBD2	1619	1428	1734	1202	1398	1446	1165
ENSG00000170854	RIOX2	1832	1660	1799	1268	1475	1644	1307
ENSG00000170855	TRIAP1	1771	1557	1733	1183	1438	1516	1175
ENSG00000170860	LSM3	2551	2316	2292	1911	1941	2222	1756
ENSG00000170871	KIAA0232	2394	2169	2557	1526	1890	1985	1634
ENSG00000170873	MTSS1	156	171	146	127	135	121	103
ENSG00000170876	TMEM43	3253	2721	3144	2284	2591	2525	2115
ENSG00000170881	RNF139	1871	1577	1846	1277	1499	1575	1232
ENSG00000170889	RPS9	25965	23704	25463	20193	21136	21286	16987
ENSG00000170890	PLA2G1B	0	1	1	1	1	3	0
ENSG00000170892	TSEN34	2909	2359	3008	2203	2289	2419	1912
ENSG00000170893	TRH	1	0	0	0	0	0	0
ENSG00000170899	GSTA4	407	398	451	316	322	330	295
ENSG00000170903	MSANTD4	719	632	706	450	577	582	476
ENSG00000170906	NDUFA3	273	167	232	191	222	202	121
ENSG00000170909	OSCAR	43	21	30	22	28	23	21
ENSG00000170915	PAQR8	121	114	139	93	91	96	74
ENSG00000170917	NUDT6	266	233	227	171	203	226	174
ENSG00000170921	TANC2	2335	1996	2610	1554	1766	1761	1522
ENSG00000170923	OR7G2	22	18	15	21	14	21	16
ENSG00000170925	TEX13B	0	0	1	0	0	0	1
ENSG00000170927	PKHD1	1	2	3	1	2	0	0
ENSG00000170929	OR1M1	0	0	0	1	0	0	0
ENSG00000170935	NCBP2L	1	0	0	0	0	0	0
ENSG00000170946	DNAJC24	761	648	702	571	588	649	490
ENSG00000170948	MBD3L1	1	0	0	1	0	1	0
ENSG00000170949	ZNF160	398	337	424	320	291	303	274
ENSG00000170954	ZNF415	0	0	0	2	0	0	0
ENSG00000170955	CAVIN3	299	268	278	206	243	240	190
ENSG00000170956	CEACAM3	1	0	2	1	1	2	1
ENSG00000170959	DCDC1	133	113	133	89	71	98	73
ENSG00000170961	HAS2	348	283	395	232	277	250	180
ENSG00000170962	PDGFD	1234	1086	1230	832	958	1024	841
ENSG00000170965	PLAC1	8	6	9	0	2	5	2
ENSG00000170967	DDI1	0	0	0	0	1	0	0
ENSG00000170989	S1PR1	3	0	2	1	1	1	2
ENSG00000171004	HS6ST2	7	5	9	10	5	5	3
ENSG00000171016	PYGO1	880	806	964	633	748	838	649
ENSG00000171017	LRRC8E	377	267	373	266	286	254	239
ENSG00000171033	PKIA	2	4	5	6	4	1	1
ENSG00000171044	XKR6	0	0	0	1	1	0	0
ENSG00000171045	TSNARE1	369	361	391	248	338	334	231
ENSG00000171049	FPR2	0	0	0	0	1	0	0
ENSG00000171051	FPR1	1	0	1	2	2	0	2
ENSG00000171053	PATE1	0	1	0	0	0	0	0
ENSG00000171055	FEZ2	1867	1594	2052	1423	1548	1555	1297
ENSG00000171056	SOX7	96	84	106	74	81	75	60
ENSG00000171067	C11orf24	1971	1530	1888	1368	1483	1723	1314
ENSG00000171094	ALK	1	1	0	0	0	1	0
ENSG00000171097	KYAT1	364	404	473	286	321	316	229
ENSG00000171100	MTM1	573	477	604	432	526	509	419
ENSG00000171103	TRMT61B	809	714	878	541	625	662	556
ENSG00000171105	INSR	636	551	736	505	537	470	425
ENSG00000171109	MFN1	2778	2365	2920	2004	2264	2454	1876
ENSG00000171115	GIMAP8	1	0	0	0	0	0	0
ENSG00000171116	HSFX1	25	35	27	22	26	11	21
ENSG00000171119	NRTN	49	27	48	35	42	44	24
ENSG00000171121	KCNMB3	54	65	56	25	36	39	46
ENSG00000171124	FUT3	6	2	10	2	1	1	0
ENSG00000171126	KCNG3	39	37	46	34	42	42	25
ENSG00000171130	ATP6V0E2	3036	2562	3033	2320	2450	2613	2010
ENSG00000171132	PRKCE	480	388	461	326	364	353	339
ENSG00000171135	JAGN1	2055	1826	2088	1621	1670	1823	1417
ENSG00000171148	TADA3	3086	2604	3263	2355	2470	2705	2032
ENSG00000171150	SOCS5	1813	1524	1893	1164	1442	1430	1223
ENSG00000171155	C1GALT1C1	1264	1180	1374	991	1116	1196	927
ENSG00000171159	BBLN	1225	1021	1141	829	911	1007	811
ENSG00000171160	MORN4	284	268	289	237	261	265	202
ENSG00000171161	ZNF672	1734	1528	1804	1415	1423	1464	1149
ENSG00000171163	ZNF692	376	264	265	219	213	252	193
ENSG00000171169	NAIF1	432	424	421	323	348	362	322
ENSG00000171174	RBKS	222	201	216	193	193	215	193
ENSG00000171180	OR2M4	0	1	0	1	1	2	0
ENSG00000171189	GRIK1	6	3	3	5	3	1	0
ENSG00000171202	TMEM126A	789	728	762	556	658	671	524
ENSG00000171204	TMEM126B	727	809	913	582	856	984	639
ENSG00000171206	TRIM8	1759	1590	1916	1360	1401	1402	1051
ENSG00000171208	NETO2	4420	3929	4650	3282	3889	4108	3091
ENSG00000171217	CLDN20	5	9	4	2	8	7	5
ENSG00000171219	CDC42BPG	493	477	518	342	333	334	273
ENSG00000171222	SCAND1	2484	2179	2552	1953	1951	2043	1591
ENSG00000171223	JUNB	5147	4390	5630	4132	3762	4019	3165
ENSG00000171224	FAM241B	498	461	515	400	446	415	390
ENSG00000171227	TMEM37	870	752	953	676	654	609	561
ENSG00000171234	UGT2B7	26	31	35	15	26	27	18
ENSG00000171236	LRG1	73	68	56	50	39	46	33
ENSG00000171241	SHCBP1	3900	3387	4282	2776	3160	3455	2598
ENSG00000171243	SOSTDC1	1	4	1	1	0	4	0
ENSG00000171246	NPTX1	785	674	862	404	633	634	347
ENSG00000171262	FAM98B	1481	1310	1359	1100	1229	1295	1029
ENSG00000171295	ZNF440	0	2	0	0	0	1	0
ENSG00000171298	GAA	5347	4580	5247	4056	4100	4176	3281
ENSG00000171302	CANT1	5649	4783	5590	4136	4528	4423	3730
ENSG00000171303	KCNK3	429	398	431	335	337	334	272
ENSG00000171307	ZDHHC16	2135	1974	2320	1600	1748	1808	1417
ENSG00000171310	CHST11	1714	1323	1660	1117	1375	1355	1158
ENSG00000171311	EXOSC1	1216	1001	1065	882	945	1017	853
ENSG00000171314	PGAM1	26805	23643	28975	21102	21267	22164	17507
ENSG00000171316	CHD7	891	832	933	403	777	790	579
ENSG00000171320	ESCO2	1988	1782	1979	1435	1717	1888	1453
ENSG00000171345	KRT19	7984	6707	7821	5812	5986	6045	4892
ENSG00000171346	KRT15	273	241	259	161	196	199	136
ENSG00000171357	LURAP1	1	0	0	0	0	0	0
ENSG00000171360	KRT38	0	0	0	0	0	1	0
ENSG00000171365	CLCN5	584	518	594	399	467	428	396
ENSG00000171368	TPPP	503	474	562	360	385	366	358
ENSG00000171385	KCND3	1	1	1	0	1	1	1
ENSG00000171388	APLN	26	18	31	16	34	21	17
ENSG00000171396	KRTAP4-4	1	1	2	0	0	0	0
ENSG00000171401	KRT13	6	0	3	5	3	1	1
ENSG00000171402	XAGE3	0	0	0	0	1	0	0
ENSG00000171403	KRT9	2	1	1	1	0	1	0
ENSG00000171408	PDE7B	851	755	945	617	698	748	623
ENSG00000171421	MRPL36	1452	1277	1279	999	1106	1137	907
ENSG00000171425	ZNF581	659	594	687	547	541	591	493
ENSG00000171428	NAT1	283	211	259	172	184	196	175
ENSG00000171431	KRT20	135	120	122	71	82	83	79
ENSG00000171435	KSR2	230	218	251	198	182	168	173
ENSG00000171443	ZNF524	653	602	591	530	535	573	448
ENSG00000171444	MCC	25	33	26	17	19	23	18
ENSG00000171446	KRT27	0	1	2	0	0	0	0
ENSG00000171448	ZBTB26	377	349	362	246	272	360	252
ENSG00000171450	CDK5R2	82	56	64	49	39	45	38
ENSG00000171451	DSEL	70	81	68	35	56	59	40
ENSG00000171453	POLR1C	1109	963	1010	801	948	920	718
ENSG00000171456	ASXL1	4332	3699	4377	3053	3568	3563	2777
ENSG00000171462	DLK2	118	119	144	129	112	110	94
ENSG00000171466	ZNF562	712	518	615	410	521	549	372
ENSG00000171467	ZNF318	1239	1099	1349	913	1027	946	839
ENSG00000171469	ZNF561	528	404	500	397	435	454	352
ENSG00000171475	WIPF2	4616	3878	4145	3208	3489	3581	2877
ENSG00000171481	OR1L3	0	0	1	0	0	0	0
ENSG00000171487	NLRP5	0	0	0	1	0	0	0
ENSG00000171488	LRRC8C	844	726	939	639	656	690	574
ENSG00000171489	SPACA5	1	0	0	0	0	0	0
ENSG00000171490	RSL1D1	6583	5882	6213	4930	5488	5836	4591
ENSG00000171492	LRRC8D	2065	1945	2065	1501	1820	1900	1455
ENSG00000171495	MROH2B	0	0	1	1	0	0	0
ENSG00000171496	OR1L8	0	1	1	0	2	1	0
ENSG00000171497	PPID	2009	1747	1947	1412	1648	1755	1448
ENSG00000171501	OR1N2	0	1	0	0	0	0	0
ENSG00000171502	COL24A1	0	10	7	11	0	7	0
ENSG00000171503	ETFDH	384	420	426	273	404	286	280
ENSG00000171509	RXFP1	0	0	2	1	0	0	1
ENSG00000171517	LPAR3	3	10	8	3	4	7	1
ENSG00000171522	PTGER4	155	121	139	99	107	124	103
ENSG00000171530	TBCA	4888	4003	5011	3715	3679	4168	3483
ENSG00000171532	NEUROD2	0	0	0	3	3	0	2
ENSG00000171533	MAP6	101	77	118	57	65	79	59
ENSG00000171540	OTP	7	6	8	4	8	2	3
ENSG00000171551	ECEL1	9	11	14	10	8	9	9
ENSG00000171552	BCL2L1	9554	8085	9528	6989	7333	7711	6084
ENSG00000171557	FGG	3408	2992	3617	2730	2402	2788	2237
ENSG00000171560	FGA	5428	4663	5765	4227	4194	4515	3519
ENSG00000171561	OR2AT4	10	10	9	9	7	12	8
ENSG00000171564	FGB	6241	5265	6184	4564	4448	5039	3957
ENSG00000171566	PLRG1	2538	2280	2493	1814	2214	2191	1804
ENSG00000171574	ZNF584	630	593	693	433	550	579	428
ENSG00000171596	NMUR1	4	2	6	3	2	3	3
ENSG00000171603	CLSTN1	9550	8220	10011	6912	7538	7531	6131
ENSG00000171604	CXXC5	2321	1985	2319	1626	1862	1915	1500
ENSG00000171606	ZNF274	660	543	665	516	512	578	448
ENSG00000171608	PIK3CD	522	440	561	382	433	465	328
ENSG00000171612	SLC25A33	456	329	397	271	329	346	294
ENSG00000171617	ENC1	3363	3115	3271	2206	2705	2785	2247
ENSG00000171621	SPSB1	1236	1160	1213	941	1076	1084	922
ENSG00000171631	P2RY6	1160	849	1020	778	834	873	733
ENSG00000171634	BPTF	5650	4968	5799	3841	4549	4572	3933
ENSG00000171657	GPR82	8	7	8	6	10	6	6
ENSG00000171659	GPR34	5	3	3	2	2	7	3
ENSG00000171680	PLEKHG5	197	176	172	134	92	116	98
ENSG00000171681	ATF7IP	1503	1235	1486	985	1113	1270	957
ENSG00000171695	LKAAEAR1	15	16	18	12	14	10	9
ENSG00000171700	RGS19	600	523	565	465	459	463	412
ENSG00000171703	TCEA2	488	372	458	370	376	382	310
ENSG00000171714	ANO5	868	780	972	588	740	788	660
ENSG00000171720	HDAC3	1901	1727	1793	1366	1542	1531	1242
ENSG00000171722	SPATA46	1	0	1	0	0	1	0
ENSG00000171723	GPHN	952	771	948	642	750	824	671
ENSG00000171724	VAT1L	0	0	0	0	0	1	0
ENSG00000171729	TMEM51	996	875	1089	713	856	810	737
ENSG00000171735	CAMTA1	712	644	738	521	509	556	463
ENSG00000171747	LGALS4	40	36	32	35	28	33	25
ENSG00000171757	LRRC34	6	5	2	1	4	3	5
ENSG00000171759	PAH	5	2	2	2	0	2	1
ENSG00000171763	SPATA5L1	353	338	455	263	342	368	267
ENSG00000171766	GATM	716	580	629	499	557	503	482
ENSG00000171772	SYCE1	9	4	10	14	8	6	4
ENSG00000171773	NXNL1	1	0	0	0	0	0	0
ENSG00000171777	RASGRP4	0	2	0	0	0	0	0
ENSG00000171786	NHLH1	35	18	23	23	14	25	13
ENSG00000171790	SLFNL1	53	55	43	26	35	31	37
ENSG00000171791	BCL2	104	99	125	68	95	105	81
ENSG00000171792	RHNO1	2263	1817	1772	1542	1645	1673	1513
ENSG00000171793	CTPS1	3541	3112	3800	2747	3067	3114	2573
ENSG00000171794	UTF1	0	1	2	0	0	0	0
ENSG00000171798	KNDC1	141	107	167	107	93	88	68
ENSG00000171804	WDR87	0	1	0	0	0	1	0
ENSG00000171806	METTL18	260	232	284	204	201	228	210
ENSG00000171811	CFAP46	24	13	17	11	27	11	11
ENSG00000171812	COL8A2	4	10	10	4	5	2	5
ENSG00000171813	PWWP2B	922	881	960	739	763	761	664
ENSG00000171815	PCDHB1	41	34	35	22	21	32	19
ENSG00000171817	ZNF540	0	0	0	2	0	3	1
ENSG00000171819	ANGPTL7	0	1	0	0	0	0	0
ENSG00000171823	FBXL14	728	649	692	484	628	523	507
ENSG00000171824	EXOSC10	2658	2142	2685	2026	2130	2215	1767
ENSG00000171827	ZNF570	143	123	134	95	101	122	84
ENSG00000171840	NINJ2	10	9	11	6	14	8	1
ENSG00000171843	MLLT3	2088	1906	2025	1507	1727	1763	1448
ENSG00000171847	FAM90A1	4	6	4	2	2	5	2
ENSG00000171848	RRM2	519	522	492	569	772	395	303
ENSG00000171853	TRAPPC12	1929	1697	2047	1470	1662	1652	1343
ENSG00000171855	IFNB1	0	0	0	0	1	0	0
ENSG00000171858	RPS21	7012	6139	7419	5395	5872	6360	5028
ENSG00000171860	C3AR1	1	0	0	0	0	0	1
ENSG00000171861	MRM3	1427	1297	1595	1137	1270	1336	959
ENSG00000171862	PTEN	2862	2738	3250	2178	2581	2490	2152
ENSG00000171863	RPS7	22520	19558	23222	17281	18280	19931	15356
ENSG00000171864	PRND	0	0	0	1	3	0	1
ENSG00000171865	RNASEH1	3839	3257	3936	2827	3230	3276	2666
ENSG00000171867	PRNP	7442	6743	7538	5217	6384	6533	5115
ENSG00000171872	KLF17	4	0	4	0	10	2	1
ENSG00000171873	ADRA1D	419	339	395	314	336	351	229
ENSG00000171877	FRMD5	247	226	236	191	175	189	145
ENSG00000171885	AQP4	5	2	3	6	7	1	6
ENSG00000171903	CYP4F11	1430	1302	1338	943	1132	1240	945
ENSG00000171914	TLN2	685	584	705	456	561	517	464
ENSG00000171916	LGALS9C	17	5	8	7	1	5	7
ENSG00000171928	TVP23B	2601	2416	2719	1954	2164	2333	1902
ENSG00000171931	FBXW10	186	160	201	147	192	182	167
ENSG00000171940	ZNF217	3173	2785	3231	2145	2525	2515	2223
ENSG00000171943	SRGAP2C	1303	1137	1341	875	990	970	944
ENSG00000171951	SCG2	53	50	43	33	38	38	28
ENSG00000171953	ATPAF2	882	738	847	612	730	693	532
ENSG00000171954	CYP4F22	2	4	3	1	4	1	2
ENSG00000171960	PPIH	1041	966	1008	719	801	898	690
ENSG00000171962	DRC3	25	17	29	9	22	21	17
ENSG00000171970	ZNF57	97	74	93	71	78	74	80
ENSG00000171984	SHLD1	318	267	273	250	238	254	210
ENSG00000171988	JMJD1C	1950	1685	2232	1178	1646	1623	1445
ENSG00000171989	LDHAL6B	17	23	18	8	5	13	11
ENSG00000171992	SYNPO	3595	3125	3397	2485	2756	2732	2198
ENSG00000172000	ZNF556	38	53	47	31	25	38	22
ENSG00000172005	MAL	0	0	1	0	0	0	0
ENSG00000172006	ZNF554	57	49	73	37	29	57	24
ENSG00000172007	RAB33B	392	313	374	254	301	315	271
ENSG00000172009	THOP1	2580	2327	2636	2095	2185	2173	1677
ENSG00000172016	REG3A	0	0	1	0	0	0	0
ENSG00000172020	GAP43	0	0	0	0	1	0	0
ENSG00000172031	EPHX4	16	10	15	11	15	11	15
ENSG00000172037	LAMB2	5749	4951	5867	4064	4481	4223	3667
ENSG00000172046	USP19	2384	1987	2447	1706	1837	2025	1480
ENSG00000172053	QARS1	5300	4572	5240	4036	4149	4286	3449
ENSG00000172057	ORMDL3	1796	1717	1885	1348	1465	1533	1170
ENSG00000172058	SERF1A	38	40	45	229	33	54	534
ENSG00000172059	KLF11	261	232	257	215	240	247	167
ENSG00000172061	LRRC15	1	0	0	1	1	2	3
ENSG00000172062	SMN1	1901	1593	1892	1385	1604	1720	1302
ENSG00000172071	EIF2AK3	815	828	902	386	847	694	621
ENSG00000172073	TEX37	1	0	0	0	0	0	0
ENSG00000172081	MOB3A	882	718	905	698	724	737	608
ENSG00000172086	KRCC1	1016	884	1076	740	826	917	759
ENSG00000172113	NME6	917	775	911	644	732	775	636
ENSG00000172115	CYCS	9436	8557	9295	6859	7687	8298	6501
ENSG00000172116	CD8B	0	0	2	0	1	0	0
ENSG00000172123	SLFN12	11	7	4	11	4	6	2
ENSG00000172137	CALB2	155	110	156	99	113	114	111
ENSG00000172139	SLC9C1	0	1	0	2	2	0	1
ENSG00000172146	OR1A1	58	44	33	36	18	36	20
ENSG00000172156	CCL11	0	1	0	0	0	0	0
ENSG00000172159	FRMD3	814	709	790	552	693	747	600
ENSG00000172164	SNTB1	384	324	468	318	412	366	357
ENSG00000172167	MTBP	359	343	432	299	350	321	265
ENSG00000172171	TEFM	594	506	654	433	507	590	439
ENSG00000172172	MRPL13	1715	1528	1695	1188	1273	1430	1196
ENSG00000172175	MALT1	1900	1731	2153	1295	1583	1551	1292
ENSG00000172183	ISG20	399	357	407	323	307	308	239
ENSG00000172197	MBOAT1	739	571	715	505	598	596	469
ENSG00000172201	ID4	83	69	71	67	57	52	49
ENSG00000172208	OR4X2	0	0	0	0	0	0	1
ENSG00000172209	GPR22	1	0	1	0	0	2	2
ENSG00000172215	CXCR6	0	0	2	3	1	2	2
ENSG00000172216	CEBPB	7937	6605	8973	6160	6550	7130	5574
ENSG00000172232	AZU1	41	39	39	39	31	27	34
ENSG00000172236	TPSAB1	1	0	0	0	0	0	0
ENSG00000172238	ATOH1	1	0	3	0	0	0	0
ENSG00000172239	PAIP1	5525	4958	5713	4144	4513	5088	3786
ENSG00000172243	CLEC7A	10	11	9	11	4	9	3
ENSG00000172244	C5orf34	448	371	393	289	331	300	283
ENSG00000172247	C1QTNF4	5	3	6	4	6	3	3
ENSG00000172260	NEGR1	22	22	26	17	19	18	17
ENSG00000172262	ZNF131	1173	917	1159	768	915	986	785
ENSG00000172264	MACROD2	30	21	13	17	30	23	15
ENSG00000172269	DPAGT1	1635	1410	1629	1150	1200	1425	1069
ENSG00000172270	BSG	29190	25172	26199	21480	21949	22503	18561
ENSG00000172273	HINFP	426	331	433	281	330	323	301
ENSG00000172292	CERS6	3095	2606	3188	2000	2473	2662	2183
ENSG00000172296	SPTLC3	222	224	219	137	162	196	164
ENSG00000172301	COPRS	1824	1589	1917	1311	1522	1582	1297
ENSG00000172315	TP53RK	734	571	761	550	622	617	497
ENSG00000172318	B3GALT1	133	112	159	119	141	134	94
ENSG00000172320	OR5A1	7	3	3	1	3	0	3
ENSG00000172324	OR5A2	5	6	9	3	2	5	11
ENSG00000172331	BPGM	821	740	799	549	641	667	536
ENSG00000172336	POP7	1714	1500	1659	1325	1383	1426	1253
ENSG00000172339	ALG14	426	355	419	305	336	351	278
ENSG00000172340	SUCLG2	2978	2722	2919	2253	2302	2408	2040
ENSG00000172345	STARD5	22	18	16	17	15	15	13
ENSG00000172346	CSDC2	28	21	26	16	20	20	14
ENSG00000172349	IL16	4	2	8	2	0	1	0
ENSG00000172350	ABCG4	26	34	25	13	17	21	25
ENSG00000172354	GNB2	9055	7478	8349	6699	6866	7027	5639
ENSG00000172361	CFAP53	24	19	31	20	22	20	18
ENSG00000172362	OR5B12	0	0	1	0	0	0	0
ENSG00000172366	MCRIP2	660	616	563	461	515	526	497
ENSG00000172367	PDZD3	30	43	35	15	17	45	19
ENSG00000172375	C2CD2L	392	311	402	260	321	330	268
ENSG00000172379	ARNT2	1694	1443	1764	1192	1457	1423	1159
ENSG00000172380	GNG12	6616	5863	6940	4766	5595	5802	5009
ENSG00000172382	PRSS27	25	12	24	20	3	9	8
ENSG00000172399	MYOZ2	1	0	0	0	0	0	0
ENSG00000172403	SYNPO2	1217	1072	1231	782	877	997	860
ENSG00000172404	DNAJB7	4	3	10	8	8	6	5
ENSG00000172409	CLP1	894	738	937	655	715	733	574
ENSG00000172421	EFCAB3	12	23	15	21	13	20	16
ENSG00000172425	TTC36	0	0	0	3	0	0	0
ENSG00000172426	RSPH9	29	19	18	15	14	13	13
ENSG00000172428	COPS9	1133	984	1222	863	929	969	767
ENSG00000172432	GTPBP2	1158	1122	1055	1017	803	1034	849
ENSG00000172456	FGGY	73	68	76	44	61	70	34
ENSG00000172458	IL17D	72	67	94	61	57	86	36
ENSG00000172461	FUT9	0	1	0	0	0	0	0
ENSG00000172465	TCEAL1	769	645	806	538	621	697	566
ENSG00000172466	ZNF24	2484	2223	2559	1605	2071	2262	1813
ENSG00000172469	MANEA	666	585	674	471	582	562	496
ENSG00000172476	RAB40A	36	36	36	20	38	27	21
ENSG00000172478	MAB21L4	0	1	1	1	0	0	0
ENSG00000172493	AFF1	2400	2206	2779	1640	2020	2035	1629
ENSG00000172497	ACOT12	1	2	1	0	0	1	2
ENSG00000172500	FIBP	1692	1521	1787	1311	1390	1439	1163
ENSG00000172508	CARNS1	0	0	18	20	11	0	0
ENSG00000172519	OR10H5	19	18	28	20	12	23	6
ENSG00000172530	BANP	570	514	598	430	489	522	401
ENSG00000172531	PPP1CA	9946	8314	9626	7616	7528	7841	6377
ENSG00000172534	HCFC1	7850	6532	7955	5370	6421	6390	5230
ENSG00000172543	CTSW	1	0	0	1	1	2	2
ENSG00000172548	NIPAL4	257	230	253	208	212	213	183
ENSG00000172568	FNDC9	0	0	2	0	0	0	0
ENSG00000172572	PDE3A	1818	1591	1749	1180	1463	1609	1252
ENSG00000172575	RASGRP1	117	101	120	56	85	93	67
ENSG00000172578	KLHL6	3	6	9	4	3	2	3
ENSG00000172586	CHCHD1	1340	1181	1405	1021	1045	1181	913
ENSG00000172590	MRPL52	1482	1403	1511	1111	1226	1221	940
ENSG00000172594	SMPDL3A	128	124	146	111	105	119	110
ENSG00000172602	RND1	1530	1361	1405	1108	1191	1242	1013
ENSG00000172613	RAD9A	809	534	661	571	559	526	559
ENSG00000172638	EFEMP2	34	45	32	48	38	33	22
ENSG00000172640	OR10AD1	0	0	0	0	1	0	1
ENSG00000172650	AGAP5	221	266	225	156	170	183	164
ENSG00000172661	WASHC2C	2108	1754	2261	1432	1782	1889	1564
ENSG00000172663	TMEM134	275	188	201	189	251	220	181
ENSG00000172667	ZMAT3	1003	823	1071	711	848	823	673
ENSG00000172671	ZFAND4	178	191	210	130	160	169	132
ENSG00000172687	ZNF738	44	32	41	34	28	37	33
ENSG00000172689	MS4A10	14	7	12	10	6	5	5
ENSG00000172716	SLFN11	1933	1671	1953	1350	1557	1704	1315
ENSG00000172717	GARIN2	0	0	1	0	0	1	4
ENSG00000172724	CCL19	0	1	0	0	0	0	0
ENSG00000172725	CORO1B	4081	3291	4037	3148	3270	3522	2749
ENSG00000172728	FUT10	414	302	421	255	262	332	264
ENSG00000172731	LRRC20	1268	1182	1296	972	1019	1080	878
ENSG00000172732	MUS81	1094	953	1031	700	901	887	713
ENSG00000172733	PURG	0	5	4	2	3	2	1
ENSG00000172738	TMEM217	5	5	9	9	6	16	6
ENSG00000172742	OR4D9	7	5	9	5	9	2	4
ENSG00000172748	ZNF596	43	17	44	23	27	36	25
ENSG00000172757	CFL1	45368	38226	45234	34763	35464	37810	29778
ENSG00000172765	TMCC1	1948	1659	2186	1468	1573	1640	1372
ENSG00000172766	NAA16	940	691	946	560	673	716	546
ENSG00000172771	EFCAB12	39	15	38	31	44	34	37
ENSG00000172775	PSME3IP1	4478	3858	4671	3393	3660	4122	3066
ENSG00000172780	RAB43	928	748	895	668	720	564	597
ENSG00000172782	FADS6	2	1	2	0	0	1	1
ENSG00000172785	CBWD1	794	777	827	568	630	686	512
ENSG00000172789	HOXC5	69	47	67	63	63	36	34
ENSG00000172794	RAB37	912	850	1021	751	607	676	560
ENSG00000172795	DCP2	988	971	1059	707	827	898	699
ENSG00000172803	SNX32	3	0	0	0	1	0	0
ENSG00000172809	RPL38	11496	10086	10650	8589	9381	10104	7916
ENSG00000172817	CYP7B1	50	56	50	24	55	36	40
ENSG00000172818	OVOL1	0	0	0	0	0	3	1
ENSG00000172819	RARG	1225	1092	1238	969	974	969	752
ENSG00000172824	CES4A	67	66	91	57	60	66	40
ENSG00000172828	CES3	349	316	326	278	267	282	226
ENSG00000172830	SSH3	1751	1590	1642	1263	1285	1338	1052
ENSG00000172831	CES2	1896	1615	1954	1385	1505	1685	1269
ENSG00000172840	PDP2	769	634	789	548	632	684	547
ENSG00000172845	SP3	3999	3510	3986	2866	3163	3284	2775
ENSG00000172867	KRT2	1	3	1	1	0	0	0
ENSG00000172869	DMXL1	1334	1171	1540	812	1112	989	921
ENSG00000172878	METAP1D	283	261	291	195	233	243	197
ENSG00000172888	ZNF621	759	738	790	518	652	605	545
ENSG00000172889	EGFL7	1751	1560	1918	1407	1400	1456	1209
ENSG00000172890	NADSYN1	2477	2080	2641	1808	1938	1985	1755
ENSG00000172893	DHCR7	5472	4735	4880	3952	4335	4443	3678
ENSG00000172901	LVRN	0	0	0	0	2	0	0
ENSG00000172915	NBEA	1312	1172	1461	787	1128	978	880
ENSG00000172922	RNASEH2C	774	574	871	711	448	763	439
ENSG00000172927	MYEOV	1651	1684	1843	1420	1513	1564	1292
ENSG00000172932	ANKRD13D	506	493	383	391	458	358	372
ENSG00000172935	MRGPRF	0	0	0	2	0	2	0
ENSG00000172936	MYD88	1785	1581	1858	1382	1377	1500	1172
ENSG00000172939	OXSR1	2986	2704	3209	2147	2495	2570	2122
ENSG00000172940	SLC22A13	5	2	6	6	3	3	3
ENSG00000172943	PHF8	1242	1111	1307	797	1027	968	808
ENSG00000172954	LCLAT1	2285	1987	2290	1587	1898	2032	1575
ENSG00000172955	ADH6	369	307	304	240	242	265	192
ENSG00000172967	XKR3	0	0	0	0	0	0	1
ENSG00000172969	FRG2C	1	0	0	1	0	1	0
ENSG00000172977	KAT5	1563	1353	1440	1090	1319	1303	1045
ENSG00000172985	SH3RF3	22	12	16	11	8	14	13
ENSG00000172986	GXYLT2	47	53	81	57	43	44	38
ENSG00000172992	DCAKD	1185	980	1100	972	893	980	782
ENSG00000172995	ARPP21	6	12	17	11	6	7	12
ENSG00000173011	TADA2B	1324	1140	1322	904	1081	1115	872
ENSG00000173013	CCDC96	97	98	108	88	74	87	76
ENSG00000173020	GRK2	2834	2470	2882	2167	2340	2376	1917
ENSG00000173039	RELA	3754	3252	3773	2770	2929	3155	2598
ENSG00000173040	EVC2	242	223	273	181	185	195	160
ENSG00000173041	ZNF680	275	246	282	184	204	219	182
ENSG00000173064	HECTD4	1964	1838	2423	1095	1701	1459	1342
ENSG00000173065	FAM222B	1551	1325	1492	1145	1268	1327	1049
ENSG00000173068	BNC2	202	148	205	129	118	136	114
ENSG00000173080	RXFP4	9	6	12	4	7	6	8
ENSG00000173083	HPSE	107	95	125	90	84	107	77
ENSG00000173085	COQ2	1089	1002	1077	775	928	929	781
ENSG00000173093	CCDC63	0	0	2	0	0	0	0
ENSG00000173110	HSPA6	6	14	8	16	10	13	21
ENSG00000173113	TRMT112	6101	5452	6672	4759	4915	5270	4321
ENSG00000173114	LRRN3	13	9	12	6	12	14	11
ENSG00000173120	KDM2A	3083	2721	3099	2054	2536	2424	2014
ENSG00000173124	ACSM6	0	0	0	0	1	0	0
ENSG00000173137	ADCK5	477	364	453	361	343	337	272
ENSG00000173141	MRPL57	1500	1326	1492	1176	1220	1283	1026
ENSG00000173145	NOC3L	1636	1461	1643	1150	1502	1502	1181
ENSG00000173153	ESRRA	2753	2437	2777	2050	2171	2120	1765
ENSG00000173156	RHOD	424	419	409	352	312	401	281
ENSG00000173163	COMMD1	590	504	600	401	461	480	350
ENSG00000173166	RAPH1	2099	1785	2206	1370	1600	1650	1354
ENSG00000173171	MTX1	1761	1533	1727	1306	1397	1474	1150
ENSG00000173175	ADCY5	95	81	89	73	81	91	38
ENSG00000173193	PARP14	1950	1588	2212	961	1780	1617	1416
ENSG00000173200	PARP15	243	210	218	166	139	156	130
ENSG00000173207	CKS1B	7064	6115	6722	5238	5678	6020	4626
ENSG00000173208	ABCD2	0	1	0	0	1	0	0
ENSG00000173210	ABLIM3	243	191	262	210	160	183	173
ENSG00000173212	MAB21L3	1175	993	940	750	860	773	706
ENSG00000173213	TUBB8B	0	0	0	0	0	0	1
ENSG00000173214	MFSD4B	527	527	585	367	328	409	339
ENSG00000173218	VANGL1	1887	1590	1881	1247	1549	1539	1237
ENSG00000173221	GLRX	2322	2157	2152	1743	1783	2047	1534
ENSG00000173226	IQCB1	687	667	694	582	539	581	510
ENSG00000173227	SYT12	352	294	347	278	271	226	202
ENSG00000173230	GOLGB1	3869	3224	3738	1643	2774	2719	2178
ENSG00000173237	C11orf86	202	145	215	162	118	133	93
ENSG00000173250	GPR151	1	0	0	0	0	0	0
ENSG00000173253	DMRT2	2	0	0	2	1	1	1
ENSG00000173258	ZNF483	351	350	342	257	274	283	246
ENSG00000173261	PLAC8L1	29	17	15	10	12	16	8
ENSG00000173262	SLC2A14	22	28	15	29	14	13	6
ENSG00000173264	GPR137	1532	1237	1611	1126	1231	1331	926
ENSG00000173267	SNCG	51	58	71	58	41	54	41
ENSG00000173269	MMRN2	7	16	7	7	6	9	2
ENSG00000173272	MZT2A	1824	1588	2000	1439	1356	1521	1152
ENSG00000173273	TNKS	2128	1873	2371	1358	1723	1790	1574
ENSG00000173275	ZNF449	370	367	407	240	325	329	252
ENSG00000173276	ZBTB21	834	744	821	531	641	741	559
ENSG00000173281	PPP1R3B	631	506	666	440	470	455	391
ENSG00000173285	OR10K1	13	15	10	7	9	9	3
ENSG00000173320	STOX2	442	412	451	272	347	387	352
ENSG00000173327	MAP3K11	4070	3618	4190	2986	3262	3416	2668
ENSG00000173334	TRIB1	1746	1537	1929	1335	1353	1523	1140
ENSG00000173338	KCNK7	20	18	10	20	7	14	3
ENSG00000173349	SFT2D3	2	0	0	0	0	0	0
ENSG00000173366	NA	7	0	0	4	3	3	4
ENSG00000173376	NDNF	5	7	13	4	10	9	2
ENSG00000173391	OLR1	102	84	131	79	60	84	64
ENSG00000173401	GLIPR1L1	4	6	2	0	5	5	2
ENSG00000173402	DAG1	8679	7595	7887	6309	7131	6945	5931
ENSG00000173404	INSM1	1	0	0	0	0	0	0
ENSG00000173406	DAB1	0	0	0	0	2	0	0
ENSG00000173409	ARV1	1079	978	1184	823	947	1005	757
ENSG00000173418	NAA20	3453	3235	3428	2665	2938	3115	2472
ENSG00000173421	IHO1	34	21	32	30	33	31	17
ENSG00000173432	SAA1	28	29	45	29	29	32	26
ENSG00000173436	MICOS10	2178	1897	2207	1607	1801	1791	1485
ENSG00000173442	EHBP1L1	3891	3459	4240	2825	3099	3102	2423
ENSG00000173451	THAP2	248	206	197	136	168	183	151
ENSG00000173456	RNF26	3053	2673	2999	2322	2488	2510	2017
ENSG00000173457	PPP1R14B	6067	5389	6082	4717	5034	4933	3571
ENSG00000173465	ZNRD2	898	810	905	689	820	772	583
ENSG00000173467	AGR3	15	11	11	11	8	10	6
ENSG00000173473	SMARCC1	4557	3958	4662	3151	3732	3885	3166
ENSG00000173480	ZNF417	317	330	363	259	282	284	240
ENSG00000173482	PTPRM	3981	3564	4138	2684	3390	3312	2730
ENSG00000173486	FKBP2	1677	1493	1858	1339	1300	1537	1122
ENSG00000173511	VEGFB	899	761	1194	758	835	829	660
ENSG00000173517	PEAK1	1590	1561	1755	1079	1346	1349	1159
ENSG00000173530	TNFRSF10D	1639	1534	1836	1219	1463	1480	1306
ENSG00000173531	MST1	64	83	66	60	66	68	44
ENSG00000173535	TNFRSF10C	30	20	30	22	22	19	18
ENSG00000173540	GMPPB	2116	1806	2063	1518	1585	1563	1328
ENSG00000173542	MOB1B	847	733	967	552	667	775	624
ENSG00000173545	ZNF622	1586	1467	1822	1231	1529	1484	1283
ENSG00000173546	CSPG4	36	37	34	31	31	18	21
ENSG00000173548	SNX33	1809	1611	1944	1341	1498	1479	1214
ENSG00000173557	FAM166C	11	6	8	8	8	12	8
ENSG00000173559	NABP1	471	422	454	384	329	377	307
ENSG00000173567	ADGRF3	26	31	9	15	26	14	4
ENSG00000173575	CHD2	3548	3554	3967	2646	2882	3106	2740
ENSG00000173578	XCR1	1	0	0	0	0	0	0
ENSG00000173581	CCDC106	1323	1154	1269	1003	927	1066	900
ENSG00000173585	CCR9	2	1	0	0	0	0	2
ENSG00000173588	CEP83	537	469	570	387	434	469	403
ENSG00000173597	SULT1B1	241	207	183	152	167	166	133
ENSG00000173598	NUDT4	2086	1961	2093	1533	1693	1813	1469
ENSG00000173599	PC	2493	2138	2413	1645	1896	1966	1512
ENSG00000173611	SCAI	570	554	648	375	432	496	361
ENSG00000173612	GPRC6A	0	1	1	0	0	0	0
ENSG00000173614	NMNAT1	311	222	325	222	274	271	202
ENSG00000173621	LRFN4	2129	1816	2210	1593	1698	1723	1381
ENSG00000173626	TRAPPC3L	3	1	2	0	3	2	3
ENSG00000173638	SLC19A1	1774	1574	1570	1244	1403	1267	1114
ENSG00000173641	HSPB7	0	0	2	0	0	1	0
ENSG00000173653	RCE1	1059	1051	1101	882	936	861	737
ENSG00000173660	UQCRH	4140	3715	4407	3163	3302	3668	2870
ENSG00000173662	TAS1R1	1	0	3	1	1	0	0
ENSG00000173674	EIF1AX	8693	7527	8886	6400	7214	7843	6154
ENSG00000173681	BCLAF3	556	497	658	421	427	470	388
ENSG00000173692	PSMD1	8686	7404	9117	6430	7313	7563	5863
ENSG00000173698	ADGRG2	470	369	479	258	363	370	300
ENSG00000173702	MUC13	2417	1972	2041	1632	1793	1898	1522
ENSG00000173705	SUSD5	75	56	72	52	67	66	63
ENSG00000173706	HEG1	702	636	820	497	599	575	510
ENSG00000173714	WFIKKN2	2	0	0	0	0	0	0
ENSG00000173715	C11orf80	481	429	489	366	384	349	312
ENSG00000173726	TOMM20	8546	7785	8898	6168	7224	7571	6051
ENSG00000173744	AGFG1	7323	6548	7667	5398	6165	6313	4951
ENSG00000173757	STAT5B	1640	1538	1557	1158	1128	1339	1010
ENSG00000173762	CD7	0	2	0	1	0	4	0
ENSG00000173786	CNP	5977	5321	6074	4632	4704	4878	3824
ENSG00000173801	JUP	23181	19076	22384	16635	17062	18203	14399
ENSG00000173805	HAP1	414	380	431	305	315	350	232
ENSG00000173809	TDRD12	24	16	49	28	18	30	14
ENSG00000173812	EIF1	16822	14244	15983	12532	14144	15086	12513
ENSG00000173818	ENDOV	725	639	692	542	562	620	466
ENSG00000173821	RNF213	13529	12523	15346	7511	10834	9754	9240
ENSG00000173825	TIGD3	64	54	73	46	42	49	35
ENSG00000173826	KCNH6	2	1	3	0	0	4	1
ENSG00000173838	MARCHF10	11	13	14	12	2	13	11
ENSG00000173846	PLK3	245	200	215	160	186	229	166
ENSG00000173848	NET1	7592	6430	7479	5375	6023	6216	5158
ENSG00000173852	DPY19L1	8391	7449	9114	6181	6973	7462	5958
ENSG00000173867	NA	78	60	91	52	65	44	78
ENSG00000173868	PHOSPHO1	43	59	60	38	40	27	34
ENSG00000173875	ZNF791	577	468	578	387	381	526	388
ENSG00000173889	PHC3	2684	2208	2654	1642	1984	2041	1725
ENSG00000173890	GPR160	195	183	230	137	115	169	123
ENSG00000173894	CBX2	2423	2142	2512	1695	1852	1926	1599
ENSG00000173898	SPTBN2	1337	1192	1514	1150	1092	1137	913
ENSG00000173905	GOLIM4	2922	2408	3117	1860	2282	2410	2028
ENSG00000173914	RBM4B	831	705	791	558	640	734	572
ENSG00000173915	ATP5MK	3254	2838	3079	2381	2602	2850	2328
ENSG00000173917	HOXB2	237	173	208	162	138	175	145
ENSG00000173918	C1QTNF1	2658	2246	2702	2011	2036	1988	1645
ENSG00000173926	MARCHF3	60	44	40	34	40	43	28
ENSG00000173928	SWSAP1	146	140	123	105	104	101	82
ENSG00000173930	SLCO4C1	10	9	4	9	6	6	1
ENSG00000173933	RBM4	4442	3976	4361	3328	3498	3725	2884
ENSG00000173947	PIFO	9	12	4	3	6	6	9
ENSG00000173950	XXYLT1	1026	853	1019	791	801	871	621
ENSG00000173960	UBXN2A	1114	1026	1149	779	922	831	796
ENSG00000173988	LRRC63	6	5	0	2	2	5	0
ENSG00000173991	TCAP	33	38	29	26	31	13	22
ENSG00000173992	CCS	857	781	902	681	651	637	542
ENSG00000174004	NRROS	0	2	0	0	1	0	0
ENSG00000174007	CEP19	237	218	241	173	178	178	152
ENSG00000174010	KLHL15	815	874	951	592	717	813	651
ENSG00000174013	FBXO45	904	830	962	625	731	769	529
ENSG00000174015	CBY2	3	1	2	0	2	5	1
ENSG00000174016	TENT5D	0	0	0	1	0	0	0
ENSG00000174021	GNG5	2896	2348	2790	2113	2208	2408	1956
ENSG00000174032	SLC25A30	489	398	513	327	374	409	357
ENSG00000174038	C9orf131	2	0	0	0	1	4	1
ENSG00000174059	CD34	81	65	60	40	71	61	43
ENSG00000174080	CTSF	1321	1030	1281	949	1025	1155	830
ENSG00000174099	MSRB3	1868	1641	1888	1452	1543	1544	1241
ENSG00000174106	LEMD3	1436	1304	1455	971	1182	1128	989
ENSG00000174109	C16orf91	399	328	364	256	321	363	260
ENSG00000174123	TLR10	30	49	38	17	24	18	22
ENSG00000174125	TLR1	172	176	178	121	113	153	105
ENSG00000174130	TLR6	1145	1004	1049	701	972	923	787
ENSG00000174132	FAM174A	396	342	461	329	401	381	312
ENSG00000174136	RGMB	674	509	646	403	512	586	423
ENSG00000174137	FAM53A	57	48	47	40	45	51	26
ENSG00000174151	CYB561D1	596	525	578	409	453	512	363
ENSG00000174165	ZDHHC24	1410	1203	1472	1045	1098	1174	899
ENSG00000174173	TRMT10C	1692	1442	1653	1188	1361	1379	1184
ENSG00000174177	CTU2	960	860	970	758	856	880	614
ENSG00000174197	MGA	1237	1157	1564	703	1105	1074	951
ENSG00000174206	KICS2	680	594	644	467	556	556	446
ENSG00000174225	ARL13A	0	0	2	0	2	0	3
ENSG00000174226	SNX31	0	2	0	0	0	0	0
ENSG00000174227	PIGG	1422	1301	1436	1049	1117	1220	962
ENSG00000174231	PRPF8	26266	22279	27414	16177	21695	20592	18110
ENSG00000174233	ADCY6	2950	2520	3050	1872	2150	2321	1852
ENSG00000174236	REP15	12	4	10	8	6	4	6
ENSG00000174238	PITPNA	4934	4341	5079	3486	4078	4190	3493
ENSG00000174243	DDX23	8697	7640	8922	6344	7096	7422	5716
ENSG00000174276	ZNHIT2	625	521	652	480	518	571	440
ENSG00000174279	EVX2	0	0	2	0	0	0	0
ENSG00000174282	ZBTB4	4236	3666	4215	3032	3459	3307	2959
ENSG00000174292	TNK1	116	133	134	92	103	108	71
ENSG00000174306	ZHX3	619	596	660	457	486	476	399
ENSG00000174307	PHLDA3	3399	3108	3638	2738	3041	2848	2159
ENSG00000174326	SLC16A11	16	13	17	14	10	19	20
ENSG00000174327	SLC16A13	797	668	822	570	672	716	515
ENSG00000174332	GLIS1	1	0	0	0	0	0	1
ENSG00000174343	CHRNA9	6	6	8	1	3	7	1
ENSG00000174348	PODN	0	1	7	1	1	3	1
ENSG00000174358	SLC6A19	1	0	0	2	0	0	0
ENSG00000174371	EXO1	1677	1470	1782	1206	1371	1521	1177
ENSG00000174373	RALGAPA1	1343	1210	1422	890	1099	1200	929
ENSG00000174405	LIG4	646	653	730	476	539	563	484
ENSG00000174417	TRHR	0	0	1	1	0	1	0
ENSG00000174428	GTF2IRD2B	439	380	431	265	375	338	295
ENSG00000174429	ABRA	1	1	0	1	1	0	0
ENSG00000174437	ATP2A2	22149	20467	24590	15004	18246	18400	15505
ENSG00000174442	ZWILCH	3743	3114	3816	2559	2956	3201	2602
ENSG00000174444	RPL4	26647	22656	27149	19138	22209	22345	16859
ENSG00000174446	SNAPC5	879	866	877	714	798	836	672
ENSG00000174448	STARD6	1	1	0	0	1	0	1
ENSG00000174450	GOLGA6L2	0	0	0	1	0	0	0
ENSG00000174453	VWC2L	0	0	0	1	0	0	0
ENSG00000174456	C12orf76	202	141	211	162	137	135	128
ENSG00000174460	ZCCHC12	6	1	3	3	2	1	4
ENSG00000174469	CNTNAP2	42	34	30	28	25	36	20
ENSG00000174473	GALNTL6	45	19	40	38	19	25	26
ENSG00000174482	LINGO2	37	41	42	24	36	38	30
ENSG00000174483	BBS1	504	382	491	362	349	430	347
ENSG00000174485	DENND4A	1563	1287	1552	1027	1177	1145	1063
ENSG00000174498	IGDCC3	1	1	0	0	0	6	0
ENSG00000174500	GCSAM	28	24	30	17	24	18	16
ENSG00000174501	ANKRD36C	107	88	95	67	99	88	69
ENSG00000174502	SLC26A9	186	127	141	95	106	152	109
ENSG00000174514	MFSD4A	30	3	16	3	21	13	15
ENSG00000174516	PELI3	451	404	423	352	308	346	262
ENSG00000174521	TTC9B	0	0	0	1	0	0	0
ENSG00000174527	MYO1H	1	3	0	0	0	2	0
ENSG00000174529	TMEM81	75	70	75	73	76	61	54
ENSG00000174547	MRPL11	1491	1205	1405	1074	1204	1308	1003
ENSG00000174562	KLK15	1	0	0	0	0	0	0
ENSG00000174564	IL20RB	35	22	13	20	21	22	17
ENSG00000174567	GOLT1A	108	90	91	91	77	83	75
ENSG00000174574	AKIRIN1	2667	2197	2594	1960	2070	2223	1796
ENSG00000174579	MSL2	875	786	923	574	734	773	573
ENSG00000174586	ZNF497	326	307	321	248	270	236	198
ENSG00000174599	TRAM1L1	41	48	35	23	29	28	34
ENSG00000174600	CMKLR1	0	1	0	0	0	0	0
ENSG00000174606	ANGEL2	1264	1112	1189	932	992	1152	874
ENSG00000174607	UGT8	14	10	13	9	6	10	7
ENSG00000174611	KY	4	10	5	0	2	1	5
ENSG00000174628	IQCK	296	165	158	184	146	164	132
ENSG00000174640	SLCO2A1	0	0	0	0	0	1	0
ENSG00000174652	ZNF266	327	308	355	251	264	287	226
ENSG00000174667	OR7D4	2	0	0	1	0	3	2
ENSG00000174669	SLC29A2	595	539	455	367	443	463	299
ENSG00000174672	BRSK2	477	479	553	410	449	421	359
ENSG00000174684	B4GAT1	1202	1052	1269	889	1010	1043	850
ENSG00000174695	TMEM167A	3576	3272	3673	2588	2992	3022	2551
ENSG00000174705	SH3PXD2B	2665	2336	2665	1806	2044	2008	1810
ENSG00000174718	RESF1	1417	1178	1376	860	1149	1142	967
ENSG00000174720	LARP7	2134	1720	2198	1555	1757	1877	1350
ENSG00000174721	FGFBP3	267	232	281	187	237	211	190
ENSG00000174738	NR1D2	1051	931	1127	754	881	965	779
ENSG00000174740	PABPC5	0	0	0	0	0	1	0
ENSG00000174744	BRMS1	2589	2226	2504	1903	2157	2108	1691
ENSG00000174748	RPL15	36915	32051	35519	27539	29340	31263	25206
ENSG00000174749	FAM241A	1777	1603	1532	1243	1328	1370	1185
ENSG00000174775	HRAS	2124	1956	2266	1704	1749	1829	1496
ENSG00000174776	WDR49	0	1	0	1	0	0	0
ENSG00000174780	SRP72	5235	4398	5134	3836	4303	4575	3766
ENSG00000174788	PCP2	14	5	17	5	9	9	4
ENSG00000174791	RIN1	284	290	300	223	293	312	223
ENSG00000174792	ODAPH	6	9	4	6	5	9	4
ENSG00000174796	THAP6	460	374	400	339	346	424	320
ENSG00000174799	CEP135	754	625	752	519	595	660	514
ENSG00000174804	FZD4	222	254	274	157	195	219	159
ENSG00000174807	CD248	1	0	1	0	0	0	0
ENSG00000174808	BTC	135	125	156	87	107	129	91
ENSG00000174827	PDZK1	113	99	106	86	85	98	78
ENSG00000174837	ADGRE1	260	263	268	239	205	243	178
ENSG00000174839	DENND6A	1200	1099	1323	866	1016	1001	821
ENSG00000174840	PDE12	1450	1330	1562	997	1297	1332	1059
ENSG00000174842	GLMN	401	347	512	251	396	362	288
ENSG00000174844	DNAH12	4	13	11	2	2	5	0
ENSG00000174851	YIF1A	3343	2795	3056	2361	2640	2642	2059
ENSG00000174871	CNIH2	28	34	46	38	22	30	14
ENSG00000174885	NLRP6	4	2	2	1	0	1	2
ENSG00000174886	NDUFA11	2498	2172	2289	1982	1843	2014	1732
ENSG00000174891	RSRC1	1494	1343	1496	1056	1170	1286	990
ENSG00000174903	RAB1B	9751	8386	9087	7084	7486	7505	6289
ENSG00000174915	PTDSS2	1946	1623	2089	1456	1567	1664	1311
ENSG00000174917	MICOS13	817	740	795	641	635	722	514
ENSG00000174928	C3orf33	396	378	463	347	356	362	301
ENSG00000174938	SEZ6L2	1740	1456	1799	1345	1336	1476	1110
ENSG00000174939	ASPHD1	692	680	752	534	584	561	416
ENSG00000174943	KCTD13	785	701	671	538	605	640	540
ENSG00000174944	P2RY14	0	1	0	0	0	0	0
ENSG00000174945	AMZ1	11	3	3	3	4	4	2
ENSG00000174950	CD164L2	1	0	0	0	0	2	1
ENSG00000174951	FUT1	11	13	15	15	23	13	8
ENSG00000174953	DHX36	3811	3304	3990	2704	3187	3346	2723
ENSG00000174989	FBXW8	1021	853	913	672	764	746	697
ENSG00000174990	CA5A	0	0	0	1	0	0	0
ENSG00000174992	ZG16	1	1	2	0	0	0	1
ENSG00000174996	KLC2	3718	3150	3419	2577	2798	2902	2330
ENSG00000175003	SLC22A1	19	14	14	14	10	1	1
ENSG00000175029	CTBP2	5067	4096	4774	3542	3921	4050	3196
ENSG00000175040	CHST2	6	8	7	5	6	4	5
ENSG00000175048	ZDHHC14	198	166	196	155	171	149	117
ENSG00000175054	ATR	1488	1394	1717	845	1425	1380	1191
ENSG00000175063	UBE2C	3572	2976	3249	2527	2681	2890	2209
ENSG00000175065	DSG4	3	4	3	5	0	4	5
ENSG00000175066	GK5	971	731	801	620	719	666	549
ENSG00000175073	VCPIP1	1368	1247	1456	896	1125	1182	958
ENSG00000175087	PDIK1L	302	266	313	217	245	262	211
ENSG00000175093	SPSB4	1	1	3	0	0	2	0
ENSG00000175104	TRAF6	638	504	620	422	504	545	408
ENSG00000175105	ZNF654	585	551	649	443	500	485	363
ENSG00000175106	TVP23C	261	214	273	190	169	197	154
ENSG00000175110	MRPS22	1118	916	1077	811	878	968	709
ENSG00000175115	PACS1	5241	4266	5390	3836	4045	4168	3484
ENSG00000175130	MARCKSL1	4281	3530	4333	3243	3334	3431	2648
ENSG00000175137	SH3BP5L	1456	1256	1357	1039	1163	1031	910
ENSG00000175155	YPEL2	610	529	633	399	410	471	365
ENSG00000175161	CADM2	10	10	13	4	19	13	11
ENSG00000175164	ABO	1	0	0	0	0	0	1
ENSG00000175166	PSMD2	13610	12027	13515	9940	10908	11262	9057
ENSG00000175175	PPM1E	22	22	21	19	16	14	9
ENSG00000175182	FAM131A	338	281	352	228	242	247	213
ENSG00000175183	CSRP2	362	271	373	246	256	272	196
ENSG00000175189	INHBC	6	4	8	3	6	6	0
ENSG00000175193	PARL	1750	1384	1870	1288	1381	1521	1226
ENSG00000175197	DDIT3	203	193	210	137	173	215	162
ENSG00000175198	PCCA	875	751	953	630	770	786	610
ENSG00000175202	HIGD2B	1	0	2	1	2	0	1
ENSG00000175203	DCTN2	3583	2975	3410	2547	2725	2925	2308
ENSG00000175206	NPPA	4	3	2	3	7	1	3
ENSG00000175213	ZNF408	640	560	571	471	537	538	402
ENSG00000175215	CTDSP2	4456	3918	4663	3337	3458	3682	2864
ENSG00000175216	CKAP5	8985	8204	10185	6075	7737	7478	6320
ENSG00000175220	ARHGAP1	4342	3574	4469	3063	3248	3411	2838
ENSG00000175221	MED16	1573	1292	1669	1243	1286	1243	1000
ENSG00000175224	ATG13	3309	2831	3354	2379	2596	2736	2187
ENSG00000175229	GAL3ST3	0	0	0	1	1	0	1
ENSG00000175262	C1orf127	0	0	0	3	0	0	0
ENSG00000175264	CHST1	9	7	10	10	4	2	6
ENSG00000175265	GOLGA8A	634	502	520	374	464	449	421
ENSG00000175267	VWA3A	2	1	2	3	0	6	3
ENSG00000175274	TP53I11	7012	5936	6850	5215	5427	5554	4594
ENSG00000175279	CENPS	658	535	659	499	500	536	432
ENSG00000175283	DOLK	1679	1498	1659	1271	1357	1400	1125
ENSG00000175287	PHYHD1	5	4	8	1	2	1	2
ENSG00000175294	CATSPER1	11	6	9	7	1	3	3
ENSG00000175305	CCNE2	334	261	319	207	255	229	210
ENSG00000175309	PHYKPL	225	176	173	173	158	136	100
ENSG00000175311	ANKS4B	448	373	411	273	354	324	276
ENSG00000175318	GRAMD2A	4	7	1	3	1	8	4
ENSG00000175322	ZNF519	99	66	113	65	79	13	18
ENSG00000175324	LSM1	1237	1070	1241	910	1007	1167	891
ENSG00000175325	PROP1	0	0	0	0	0	0	1
ENSG00000175334	BANF1	9293	8380	9162	7167	7765	7985	6367
ENSG00000175336	APOF	2	1	1	1	0	0	3
ENSG00000175344	CHRNA7	133	126	146	71	93	134	100
ENSG00000175348	TMEM9B	1700	1520	1710	1195	1248	1423	1144
ENSG00000175352	NRIP3	103	109	106	57	76	83	74
ENSG00000175354	PTPN2	1094	946	1116	724	910	974	734
ENSG00000175356	SCUBE2	11	16	17	19	10	10	11
ENSG00000175376	EIF1AD	1433	1189	1306	1026	1176	1192	1002
ENSG00000175387	SMAD2	4876	4270	4876	3525	3845	4171	3368
ENSG00000175390	EIF3F	4781	4115	3542	3437	3739	3790	3163
ENSG00000175395	ZNF25	273	229	230	190	198	194	177
ENSG00000175414	ARL10	54	66	96	69	58	53	47
ENSG00000175416	CLTB	2467	2191	2474	1854	1954	2128	1674
ENSG00000175426	PCSK1	7	7	15	7	9	13	6
ENSG00000175449	RFESD	91	65	90	66	63	90	50
ENSG00000175455	CCDC14	2707	2791	3193	1727	2373	2365	2018
ENSG00000175463	TBC1D10C	1	3	0	0	0	0	0
ENSG00000175467	SART1	4519	4079	4920	3495	3839	3845	3001
ENSG00000175470	PPP2R2D	696	689	692	561	627	622	542
ENSG00000175471	MCTP1	197	140	204	92	183	197	148
ENSG00000175482	POLD4	3679	3117	3829	2814	2840	2930	2270
ENSG00000175485	OR52W1	1	0	0	0	0	0	1
ENSG00000175489	LRRC25	1	2	0	2	1	2	1
ENSG00000175505	CLCF1	1383	1156	1169	934	1098	1131	889
ENSG00000175518	UBQLNL	3	3	1	4	2	3	5
ENSG00000175536	LIPT2	145	93	142	119	116	118	86
ENSG00000175538	KCNE3	25	18	26	17	18	11	15
ENSG00000175544	CABP4	12	14	21	18	11	14	10
ENSG00000175548	ALG10B	1004	885	1010	669	791	836	692
ENSG00000175550	DRAP1	4578	4023	4564	3642	3871	3930	3099
ENSG00000175556	LONRF3	375	321	419	233	309	286	256
ENSG00000175564	UCP3	117	83	95	78	77	96	71
ENSG00000175567	UCP2	2335	1916	2506	1944	1870	1858	1526
ENSG00000175573	C11orf68	848	754	837	663	695	684	544
ENSG00000175575	PAAF1	1030	882	968	682	814	805	652
ENSG00000175581	MRPL48	794	658	814	607	602	677	499
ENSG00000175582	RAB6A	4736	4142	4813	3445	3824	4088	3225
ENSG00000175591	P2RY2	853	679	827	574	681	610	484
ENSG00000175592	FOSL1	526	440	477	390	435	425	338
ENSG00000175595	ERCC4	979	802	1080	639	864	851	731
ENSG00000175600	SUGCT	9	11	14	9	11	15	7
ENSG00000175602	CCDC85B	1641	1474	1675	1242	1346	1457	1131
ENSG00000175606	TMEM70	1617	1316	1555	1132	1240	1285	1039
ENSG00000175634	RPS6KB2	2018	1770	2001	1428	1612	1544	1324
ENSG00000175643	RMI2	1676	1461	1602	1181	1342	1333	1081
ENSG00000175662	TOM1L2	2277	2012	2466	1617	1743	1823	1387
ENSG00000175691	ZNF77	80	82	99	68	78	74	52
ENSG00000175697	GPR156	7	6	0	3	0	9	3
ENSG00000175701	MTLN	514	437	709	380	447	535	381
ENSG00000175707	KDF1	0	1	5	1	0	1	0
ENSG00000175711	B3GNTL1	178	167	212	112	159	127	113
ENSG00000175718	RBMXL3	0	1	0	0	0	0	0
ENSG00000175727	MLXIP	4599	4003	5112	3326	3699	3691	3109
ENSG00000175745	NR2F1	1099	1044	1153	788	871	945	668
ENSG00000175756	AURKAIP1	3185	2804	3191	2374	2525	2725	2175
ENSG00000175764	TTLL11	132	90	104	74	100	98	88
ENSG00000175768	TOMM5	4708	4019	4900	3560	3864	4089	3137
ENSG00000175782	SLC35E3	471	361	409	304	320	358	237
ENSG00000175785	PRIMA1	20	14	7	20	13	11	11
ENSG00000175787	ZNF169	215	210	207	126	150	161	119
ENSG00000175792	RUVBL1	3892	3455	3901	2817	3223	3437	2665
ENSG00000175793	SFN	3816	3348	3528	2919	3130	3253	2440
ENSG00000175806	MSRA	338	292	411	299	356	356	240
ENSG00000175820	CCDC168	1	1	2	5	1	0	0
ENSG00000175826	CTDNEP1	8395	7116	8297	6314	6813	7282	5649
ENSG00000175832	ETV4	3607	2987	3049	2528	2837	2864	2309
ENSG00000175854	SWI5	676	573	617	517	532	590	467
ENSG00000175857	GAPT	0	0	0	0	1	0	0
ENSG00000175866	BAIAP2	714	662	678	568	559	566	457
ENSG00000175868	CALCB	3	1	4	0	0	5	1
ENSG00000175874	CREG2	48	47	63	40	28	47	25
ENSG00000175877	TMEM270	1	2	5	2	1	0	0
ENSG00000175879	HOXD8	226	180	196	148	172	177	148
ENSG00000175893	ZDHHC21	1325	1317	1526	892	1100	1167	1000
ENSG00000175894	TSPEAR	6	14	11	10	6	3	3
ENSG00000175895	PLEKHF2	600	499	574	402	451	478	356
ENSG00000175899	A2M	1	2	11	1	2	29	2
ENSG00000175906	ARL4D	1159	988	1223	836	889	870	659
ENSG00000175920	DOK7	56	57	71	40	59	64	42
ENSG00000175931	UBE2O	3027	2567	3264	2224	2519	2600	2040
ENSG00000175938	ORAI3	786	666	919	618	615	713	549
ENSG00000175946	KLHL38	1	0	0	0	1	2	0
ENSG00000175970	UNC119B	2619	2402	2669	1818	2083	2168	1724
ENSG00000175984	DENND2C	20	13	19	13	16	14	20
ENSG00000175985	PLEKHD1	9	11	9	8	3	11	5
ENSG00000176009	ASCL3	0	2	0	0	1	2	1
ENSG00000176014	TUBB6	3336	2906	3254	2574	2687	2745	2149
ENSG00000176018	LYSMD3	1067	987	1077	645	897	888	741
ENSG00000176020	AMIGO3	93	100	77	63	54	77	25
ENSG00000176022	B3GALT6	1523	1295	1593	1097	1290	1279	915
ENSG00000176024	ZNF613	40	47	59	34	38	36	30
ENSG00000176029	C11orf16	1	1	3	2	3	3	2
ENSG00000176040	TMPRSS7	2	2	4	1	6	3	4
ENSG00000176046	NUPR1	197	181	201	151	223	264	190
ENSG00000176049	JAKMIP2	11	6	16	9	10	9	10
ENSG00000176055	MBLAC2	377	351	377	259	320	322	272
ENSG00000176058	TPRN	454	413	422	360	375	369	290
ENSG00000176076	KCNE5	6	2	2	9	3	2	8
ENSG00000176087	SLC35A4	5833	4963	5625	4055	4554	4618	3785
ENSG00000176092	CRYBG2	20	17	22	12	10	7	9
ENSG00000176095	IP6K1	1840	1603	1894	1287	1439	1502	1188
ENSG00000176101	SSNA1	1930	1842	1790	1516	1562	1559	1291
ENSG00000176102	CSTF3	2671	2492	2863	1898	2255	2391	1964
ENSG00000176105	YES1	2455	2197	2724	1824	2145	2254	1898
ENSG00000176108	CHMP6	1353	1223	1415	1137	1081	1108	944
ENSG00000176125	UFSP1	168	107	153	102	140	145	118
ENSG00000176142	TMEM39A	1011	905	1033	715	895	896	705
ENSG00000176148	TCP11L1	1262	1079	1498	911	1021	1041	867
ENSG00000176153	GPX2	41197	34554	30626	27953	29200	31221	25565
ENSG00000176155	CCDC57	366	360	419	258	309	296	228
ENSG00000176165	FOXG1	20	20	8	8	10	15	7
ENSG00000176170	SPHK1	229	218	295	163	202	199	154
ENSG00000176171	BNIP3	3004	2704	3782	2753	2436	2844	2092
ENSG00000176182	MYPOP	852	730	885	665	660	752	612
ENSG00000176194	CIDEA	0	0	0	1	0	0	0
ENSG00000176198	OR11H4	1	0	0	0	0	0	0
ENSG00000176204	LRRTM4	10	9	17	3	12	8	0
ENSG00000176208	ATAD5	1291	1056	1336	902	1046	1055	852
ENSG00000176209	SMIM19	621	557	663	489	564	563	432
ENSG00000176222	ZNF404	27	18	24	19	19	19	24
ENSG00000176225	RTTN	646	470	664	365	530	573	517
ENSG00000176230	OR4K17	11	8	8	11	11	14	3
ENSG00000176244	ACBD7	125	122	113	78	90	115	63
ENSG00000176248	ANAPC2	2703	2326	2730	2028	2094	2189	1770
ENSG00000176261	ZBTB8OS	484	417	475	405	438	407	333
ENSG00000176269	OR4F21	1	0	0	0	0	1	0
ENSG00000176273	SLC35G1	497	413	503	379	395	441	355
ENSG00000176340	COX8A	5996	4922	5900	4428	4559	4998	3864
ENSG00000176358	TAC4	0	2	3	2	1	4	1
ENSG00000176371	ZSCAN2	577	505	590	439	488	502	365
ENSG00000176381	PRR18	4	8	9	3	6	5	7
ENSG00000176383	B3GNT4	74	55	89	53	49	63	36
ENSG00000176386	CDC26	1055	988	1086	772	880	921	738
ENSG00000176387	HSD11B2	68	83	80	48	84	62	52
ENSG00000176390	CRLF3	949	722	900	585	724	762	582
ENSG00000176393	RNPEP	7282	6038	7183	5169	5448	6100	4944
ENSG00000176396	EID2	2194	1943	2308	1633	1746	1851	1508
ENSG00000176399	DMRTA1	74	85	90	57	74	74	64
ENSG00000176401	EID2B	449	406	528	389	399	374	310
ENSG00000176402	GJC3	10	2	6	8	6	6	4
ENSG00000176406	RIMS2	16	7	15	4	4	5	7
ENSG00000176407	KCMF1	2944	2652	2957	2060	2434	2639	2037
ENSG00000176410	DNAJC30	846	740	835	625	722	706	609
ENSG00000176422	SPRYD4	751	682	727	538	635	582	498
ENSG00000176428	VPS37D	322	273	372	241	231	210	181
ENSG00000176438	SYNE3	46	28	44	35	27	25	30
ENSG00000176444	CLK2	934	805	792	658	718	778	613
ENSG00000176454	LPCAT4	1538	1334	1603	1247	1226	1361	1076
ENSG00000176463	SLCO3A1	1772	1679	1748	1188	1430	1333	1134
ENSG00000176472	ZNF575	107	94	123	70	80	107	75
ENSG00000176473	WDR25	338	246	325	226	261	289	246
ENSG00000176476	SGF29	454	397	508	332	385	387	317
ENSG00000176485	PLAAT3	3568	3099	3884	2681	2934	2966	2549
ENSG00000176490	DIRAS1	93	101	95	95	63	59	60
ENSG00000176495	OR5AN1	0	0	0	1	3	0	0
ENSG00000176531	PHLDB3	437	414	508	362	348	384	267
ENSG00000176532	PRR15	2184	1877	2157	1664	1772	1847	1355
ENSG00000176533	GNG7	10	11	7	15	8	12	9
ENSG00000176542	USF3	692	641	782	459	601	568	494
ENSG00000176563	CNTD1	0	7	0	0	5	0	3
ENSG00000176571	CNBD1	2	0	0	0	0	0	0
ENSG00000176595	KBTBD11	631	600	741	502	597	546	469
ENSG00000176597	B3GNT5	507	433	621	387	427	424	351
ENSG00000176619	LMNB2	9798	8796	9508	7138	7846	7671	6469
ENSG00000176623	RMDN1	1021	935	1045	789	839	854	711
ENSG00000176624	MEX3C	1467	1297	1558	989	1242	1240	1050
ENSG00000176635	HORMAD2	0	0	0	0	1	0	0
ENSG00000176641	RNF152	2	0	5	4	1	0	2
ENSG00000176658	MYO1D	306	267	396	235	259	295	212
ENSG00000176678	FOXL1	141	128	149	87	98	110	69
ENSG00000176681	LRRC37A	89	75	90	74	69	68	61
ENSG00000176692	FOXC2	51	42	55	37	62	49	43
ENSG00000176697	BDNF	1169	1057	1295	823	956	1068	847
ENSG00000176714	CCDC121	277	243	283	214	206	213	177
ENSG00000176715	ACSF3	947	829	915	636	770	745	643
ENSG00000176720	BOK	639	547	673	488	564	566	389
ENSG00000176723	ZNF843	30	31	24	15	12	14	22
ENSG00000176731	RBIS	1184	979	1187	867	864	953	739
ENSG00000176732	PFN4	23	22	30	22	25	24	14
ENSG00000176746	MAGEB6	1	1	0	0	1	2	0
ENSG00000176749	CDK5R1	174	167	215	140	188	146	142
ENSG00000176771	NCKAP5	425	379	430	264	297	324	245
ENSG00000176783	RUFY1	1894	1722	2057	1396	1593	1827	1378
ENSG00000176788	BASP1	22914	19154	23847	17577	18384	19381	15214
ENSG00000176809	LRRC37A3	428	418	460	300	282	326	242
ENSG00000176834	VSIG10	1251	1063	1313	854	901	1012	800
ENSG00000176842	IRX5	147	121	137	102	109	127	87
ENSG00000176845	METRNL	145	115	164	118	98	116	87
ENSG00000176853	FAM91A1	4205	3608	4152	2712	3373	3412	2832
ENSG00000176871	WSB2	3294	3017	3654	2500	2894	2974	2366
ENSG00000176884	GRIN1	28	27	16	18	16	20	23
ENSG00000176890	TYMS	5777	5035	5414	4227	4519	4942	3854
ENSG00000176894	PXMP2	636	549	676	484	542	553	469
ENSG00000176896	TCEANC	101	107	113	85	91	95	77
ENSG00000176903	PNMA1	3178	2816	3136	2189	2573	2570	2122
ENSG00000176907	TCIM	5831	5124	5359	4235	4270	4728	3965
ENSG00000176909	MAMSTR	50	57	60	33	42	29	25
ENSG00000176915	ANKLE2	4650	4107	4872	3289	3697	3921	3039
ENSG00000176919	C8G	2	5	6	7	4	8	3
ENSG00000176920	FUT2	66	57	56	42	48	38	21
ENSG00000176927	EFCAB5	14	7	20	8	7	8	8
ENSG00000176928	GCNT4	8	9	21	11	12	10	12
ENSG00000176945	MUC20	48	39	27	35	30	36	23
ENSG00000176946	THAP4	1872	1612	2009	1468	1699	1647	1242
ENSG00000176953	NFATC2IP	2586	2366	2691	1858	1961	2167	1722
ENSG00000176971	FIBIN	0	0	0	0	0	0	1
ENSG00000176973	FAM89B	1460	1293	1556	1170	1151	1226	949
ENSG00000176974	SHMT1	3570	3046	3383	2519	2799	2830	2258
ENSG00000176978	DPP7	1635	1316	1596	1242	1327	1364	1182
ENSG00000176986	SEC24C	5934	4929	6022	4122	4694	4728	3801
ENSG00000176994	SMCR8	3000	2645	2881	1894	2464	2354	2021
ENSG00000177000	MTHFR	990	830	1027	630	766	783	672
ENSG00000177025	C19orf18	0	1	0	1	1	2	1
ENSG00000177030	DEAF1	693	680	631	504	568	511	461
ENSG00000177034	MTX3	1002	873	1091	626	855	893	684
ENSG00000177042	TMEM80	605	505	511	393	462	463	353
ENSG00000177045	SIX5	2142	1940	2363	1657	1627	1694	1379
ENSG00000177047	IFNW1	0	0	0	0	2	0	0
ENSG00000177051	FBXO46	1121	930	1008	793	819	854	682
ENSG00000177054	ZDHHC13	1353	1100	1280	889	1093	1048	852
ENSG00000177058	SLC38A9	1073	858	978	669	767	842	699
ENSG00000177076	ACER2	127	105	122	62	96	109	89
ENSG00000177082	WDR73	1248	1044	1227	949	898	969	710
ENSG00000177084	POLE	3960	3310	3903	2382	3061	2954	2803
ENSG00000177096	PHETA2	1	2	4	1	0	0	2
ENSG00000177103	DSCAML1	125	101	106	89	101	92	73
ENSG00000177105	RHOG	2046	1621	1924	1420	1545	1704	1250
ENSG00000177106	EPS8L2	4448	3847	4540	3360	3418	3511	2852
ENSG00000177108	ZDHHC22	5	3	8	6	3	4	4
ENSG00000177119	ANO6	5683	4904	5878	3836	4632	4640	3889
ENSG00000177125	ZBTB34	523	454	540	327	377	413	361
ENSG00000177138	FAM9B	3	2	0	2	3	1	3
ENSG00000177144	NUDT4B	185	188	258	125	168	135	116
ENSG00000177150	FAM210A	759	619	759	583	703	690	568
ENSG00000177156	TALDO1	15707	13688	14713	11621	12325	12930	10423
ENSG00000177169	ULK1	5075	4367	5743	4074	4255	4352	3468
ENSG00000177181	RIMKLA	339	298	421	245	309	303	208
ENSG00000177182	CLVS1	63	32	65	42	57	27	40
ENSG00000177189	RPS6KA3	8534	7503	9180	5728	6971	7212	6014
ENSG00000177191	B3GNT8	12	15	5	6	4	4	10
ENSG00000177192	PUS1	2096	1780	2166	1445	1770	1686	1350
ENSG00000177200	CHD9	2324	1939	2536	1355	1799	1668	1555
ENSG00000177201	OR2T12	6	7	4	3	4	2	1
ENSG00000177202	SPACA4	20	13	20	20	9	11	4
ENSG00000177212	OR2T33	5	7	4	2	2	2	0
ENSG00000177225	GATD1	2716	2266	2870	1951	2109	2219	1644
ENSG00000177238	TRIM72	47	32	35	22	27	24	26
ENSG00000177239	MAN1B1	2628	2278	2827	2034	2199	2204	1628
ENSG00000177283	FZD8	694	633	670	515	538	526	476
ENSG00000177291	GJD4	1	1	0	0	0	0	0
ENSG00000177301	KCNA2	4	2	4	2	2	2	4
ENSG00000177302	TOP3A	2391	2136	2540	1765	1976	1981	1682
ENSG00000177303	CASKIN2	1817	1526	1866	1354	1543	1473	1204
ENSG00000177311	ZBTB38	8212	7315	8778	5361	7107	7056	5856
ENSG00000177324	BEND2	0	4	0	1	0	0	0
ENSG00000177352	CCDC71	758	630	747	572	567	591	489
ENSG00000177354	C10orf71	0	0	0	0	0	0	1
ENSG00000177363	LRRN4CL	13	10	18	9	2	14	7
ENSG00000177370	TIMM22	1743	1530	1733	1268	1441	1500	1193
ENSG00000177374	HIC1	88	84	91	66	75	72	39
ENSG00000177380	PPFIA3	370	319	336	250	286	265	225
ENSG00000177383	MAGEF1	1503	1393	1537	1148	1213	1282	1086
ENSG00000177409	SAMD9L	122	98	116	82	93	73	63
ENSG00000177425	PAWR	3801	3343	4254	2696	3158	3373	2710
ENSG00000177426	TGIF1	5186	4591	5033	3811	3905	4125	3363
ENSG00000177427	MIEF2	566	451	545	406	407	444	327
ENSG00000177432	NAP1L5	127	119	119	77	85	83	78
ENSG00000177453	NIM1K	15	15	17	12	6	15	6
ENSG00000177459	ERICH5	316	224	303	230	262	290	213
ENSG00000177463	NR2C2	2190	1823	2203	1243	1910	1830	1566
ENSG00000177464	GPR4	0	1	1	1	0	0	0
ENSG00000177465	ACOT4	155	119	98	84	77	113	92
ENSG00000177469	CAVIN1	14572	13207	15491	11014	11755	11707	9507
ENSG00000177479	ARIH2	2995	2655	3093	2260	2512	2662	2174
ENSG00000177483	RBM44	13	15	0	4	12	0	0
ENSG00000177485	ZBTB33	1662	1587	1798	1106	1401	1489	1241
ENSG00000177494	ZBED2	26	20	30	24	16	18	12
ENSG00000177508	IRX3	197	152	213	154	155	143	130
ENSG00000177519	RPRM	3	2	2	0	2	3	1
ENSG00000177535	OR2B11	2	0	0	0	0	0	0
ENSG00000177542	SLC25A22	1528	1402	1631	1192	1327	1325	1086
ENSG00000177548	RABEP2	744	659	755	581	642	587	524
ENSG00000177556	ATOX1	1066	833	924	802	804	848	728
ENSG00000177558	FAM187B	0	0	0	0	1	0	0
ENSG00000177565	TBL1XR1	2372	2096	2719	1556	1957	2204	1644
ENSG00000177570	SAMD12	51	55	50	33	35	53	32
ENSG00000177576	C18orf32	697	601	641	464	518	598	470
ENSG00000177595	PIDD1	373	373	497	310	391	414	254
ENSG00000177599	ZNF491	2	3	0	1	1	0	0
ENSG00000177600	RPLP2	16514	13447	15931	12614	12906	13874	11269
ENSG00000177602	HASPIN	907	773	856	643	769	726	652
ENSG00000177606	JUN	1440	1432	1820	1381	1029	1202	980
ENSG00000177613	CSTF2T	1865	1687	1780	1210	1585	1501	1291
ENSG00000177614	PGBD5	15	11	15	16	14	11	10
ENSG00000177628	GBA	3246	2713	3234	2391	2477	2681	2158
ENSG00000177646	ACAD9	1356	1167	1375	991	1117	1231	991
ENSG00000177663	IL17RA	1000	827	1011	689	788	776	621
ENSG00000177666	PNPLA2	3149	2528	3314	2377	2316	2530	1820
ENSG00000177669	MBOAT4	9	10	14	8	5	5	7
ENSG00000177673	TEX44	1	1	0	0	0	1	0
ENSG00000177674	AGTRAP	1737	1453	1635	1229	1236	1365	1074
ENSG00000177675	CD163L1	25	16	18	19	15	14	11
ENSG00000177679	SRRM3	59	26	39	45	24	23	16
ENSG00000177683	THAP5	1297	1067	1226	910	962	1139	857
ENSG00000177685	CRACR2B	136	165	161	135	133	127	108
ENSG00000177688	SUMO4	2	8	3	14	5	5	2
ENSG00000177689	MAGEB10	1	3	1	2	0	1	3
ENSG00000177692	DNAJC28	28	39	32	29	20	11	17
ENSG00000177694	NAALADL2	12	4	7	5	5	4	2
ENSG00000177697	CD151	17342	14974	16372	12684	13372	13844	10620
ENSG00000177700	POLR2L	7005	5854	6968	5260	5729	5923	4811
ENSG00000177706	FAM20C	1988	1753	1954	1476	1479	1644	1372
ENSG00000177707	NECTIN3	1395	1260	1587	1013	1173	1137	1009
ENSG00000177710	SLC35G5	5	0	4	1	3	2	1
ENSG00000177721	ANXA2R	105	97	104	79	84	62	58
ENSG00000177728	TMEM94	2934	2206	3000	1841	2204	2134	1766
ENSG00000177731	FLII	10740	9442	10804	7982	8582	8590	6888
ENSG00000177732	SOX12	6237	5244	6276	4677	4899	5114	4004
ENSG00000177733	HNRNPA0	13727	11774	14038	9915	11196	11058	8685
ENSG00000177752	YIPF7	1	0	1	0	0	0	1
ENSG00000177807	KCNJ10	2	6	2	2	1	5	0
ENSG00000177830	CHID1	2698	2394	2585	1909	2046	2026	1737
ENSG00000177839	PCDHB9	10	10	18	13	4	10	6
ENSG00000177842	ZNF620	250	198	192	144	165	191	157
ENSG00000177853	ZNF518A	1194	750	1084	743	899	962	847
ENSG00000177854	TMEM187	567	498	516	436	450	466	381
ENSG00000177868	SVBP	380	289	372	242	242	295	267
ENSG00000177873	ZNF619	212	160	195	170	181	185	174
ENSG00000177875	CCDC184	289	321	323	242	232	221	194
ENSG00000177879	AP3S1	1837	1651	1903	1418	1476	1623	1263
ENSG00000177885	GRB2	7291	6238	7881	5503	5767	6009	4819
ENSG00000177888	ZBTB41	967	877	963	608	878	809	714
ENSG00000177889	UBE2N	4574	3847	4171	3331	3507	3765	2921
ENSG00000177917	ARL6IP6	688	719	721	518	574	662	514
ENSG00000177932	ZNF354C	118	140	139	79	83	111	72
ENSG00000177943	MAMDC4	339	298	397	234	257	279	207
ENSG00000177951	BET1L	2227	1893	2323	1578	1802	1956	1486
ENSG00000177954	RPS27	14359	11966	13212	10909	11065	12277	10059
ENSG00000177963	RIC8A	4687	4136	4876	3495	3846	3894	3130
ENSG00000177971	IMP3	3495	2983	3164	2567	2684	2818	2358
ENSG00000177981	ASB8	886	763	932	692	773	709	644
ENSG00000177984	LCN15	2	0	0	0	0	0	0
ENSG00000177989	ODF3B	85	62	90	72	71	61	47
ENSG00000177990	DPY19L2	137	121	121	97	117	109	117
ENSG00000177992	SPATA31E1	2	0	0	0	1	0	0
ENSG00000177994	C2orf73	0	0	0	0	0	2	0
ENSG00000178015	GPR150	8	5	4	1	8	1	4
ENSG00000178026	LRRC75B	205	149	176	150	154	99	126
ENSG00000178028	DMAP1	679	530	642	470	545	482	385
ENSG00000178031	ADAMTSL1	2	4	11	0	2	5	5
ENSG00000178033	CALHM5	13	13	5	6	7	4	5
ENSG00000178035	IMPDH2	5334	4467	5543	3962	4266	4429	3452
ENSG00000178038	ALS2CL	195	201	191	157	150	170	139
ENSG00000178053	MLF1	387	295	365	267	267	337	246
ENSG00000178057	NDUFAF3	1413	1214	1434	1129	1204	1274	958
ENSG00000178074	C2orf69	896	834	904	657	693	766	612
ENSG00000178075	GRAMD1C	21	8	23	12	8	15	12
ENSG00000178078	STAP2	3	2	1	2	0	2	0
ENSG00000178093	TSSK6	43	49	44	0	39	52	43
ENSG00000178096	BOLA1	529	477	617	420	441	465	333
ENSG00000178104	PDE4DIP	871	814	900	572	732	688	569
ENSG00000178105	DDX10	1328	1078	1321	998	1041	1109	920
ENSG00000178115	GOLGA8Q	25	24	24	11	26	18	17
ENSG00000178125	PPP1R42	0	0	1	1	0	1	0
ENSG00000178127	NDUFV2	3788	3319	3541	2654	2933	3272	2366
ENSG00000178149	DALRD3	657	555	588	500	491	491	449
ENSG00000178150	ZNF114	265	184	214	153	173	175	186
ENSG00000178163	ZNF518B	578	519	630	389	433	475	415
ENSG00000178171	AMER3	1	0	0	0	0	0	0
ENSG00000178172	SPINK6	0	0	4	0	0	0	0
ENSG00000178175	ZNF366	2	0	3	1	1	3	2
ENSG00000178177	LCORL	487	535	613	317	469	493	362
ENSG00000178184	PARD6G	175	155	171	115	102	135	108
ENSG00000178187	ZNF454	7	11	13	5	8	8	6
ENSG00000178188	SH2B1	2616	2360	2581	1851	2073	2016	1696
ENSG00000178199	ZC3H12D	70	46	64	47	30	39	30
ENSG00000178201	VN1R1	9	6	5	1	5	4	1
ENSG00000178202	POGLUT3	1173	1053	1211	814	1053	1011	824
ENSG00000178209	PLEC	45016	41260	48840	32629	37946	34662	29130
ENSG00000178217	SH2D4B	2	2	1	2	0	3	5
ENSG00000178222	RNF212	133	120	124	95	104	127	88
ENSG00000178226	PRSS36	2	0	0	13	7	9	0
ENSG00000178229	ZNF543	221	181	211	122	157	155	130
ENSG00000178233	TMEM151B	3	12	9	4	2	4	3
ENSG00000178234	GALNT11	1650	1575	1775	1233	1278	1409	1154
ENSG00000178235	SLITRK1	1	0	0	2	0	0	0
ENSG00000178252	WDR6	5138	4610	5611	3806	4346	4409	3470
ENSG00000178279	TNP2	0	1	0	0	0	0	0
ENSG00000178295	GEN1	2265	2087	2365	1566	1958	2014	1544
ENSG00000178297	TMPRSS9	9	17	9	14	6	12	15
ENSG00000178301	AQP11	153	149	160	106	117	117	73
ENSG00000178307	TMEM11	1122	980	971	801	834	853	738
ENSG00000178338	ZNF354B	376	292	337	189	250	261	205
ENSG00000178342	KCNG2	0	0	0	0	1	0	0
ENSG00000178343	SHISA3	4	1	2	3	4	3	1
ENSG00000178358	OR2D3	1	1	0	0	0	0	0
ENSG00000178363	CALML3	1	0	0	3	0	0	0
ENSG00000178372	CALML5	1	0	1	0	0	0	0
ENSG00000178381	ZFAND2A	631	554	663	493	511	557	487
ENSG00000178385	PLEKHM3	520	459	535	340	420	424	337
ENSG00000178386	ZNF223	114	129	136	101	103	114	82
ENSG00000178395	CCDC185	1	2	3	1	2	2	4
ENSG00000178397	FAM220A	3	0	3	4	1	3	0
ENSG00000178401	DNAJC22	1091	827	1042	764	801	801	640
ENSG00000178403	NEUROG2	0	0	1	0	0	0	0
ENSG00000178404	CEP295NL	1	5	4	2	6	0	2
ENSG00000178409	BEND3	448	386	397	281	373	313	306
ENSG00000178425	NT5DC1	1574	1359	1522	1192	1290	1337	1174
ENSG00000178445	GLDC	1027	950	1015	683	786	772	619
ENSG00000178449	COX14	1041	919	1221	842	903	996	780
ENSG00000178460	MCMDC2	27	28	36	27	28	10	22
ENSG00000178462	TUBAL3	40	39	47	29	31	41	30
ENSG00000178467	P4HTM	821	739	937	650	654	725	576
ENSG00000178473	UCN3	1	1	3	1	0	0	0
ENSG00000178498	DTX3	1077	922	1081	746	790	829	698
ENSG00000178502	KLHL11	448	447	626	297	424	475	387
ENSG00000178531	CTXN1	506	420	581	431	411	418	337
ENSG00000178537	SLC25A20	467	465	499	374	394	430	314
ENSG00000178538	CA8	273	224	254	171	197	238	168
ENSG00000178562	CD28	0	1	0	0	0	0	0
ENSG00000178567	EPM2AIP1	1686	1545	1724	1193	1447	1445	1177
ENSG00000178568	ERBB4	1	0	0	1	0	2	0
ENSG00000178573	MAF	19	25	26	24	17	15	16
ENSG00000178585	CTNNBIP1	495	402	563	372	430	412	359
ENSG00000178597	PSAPL1	15	14	16	19	20	18	19
ENSG00000178605	GTPBP6	1959	1837	2151	1506	1699	1623	1334
ENSG00000178607	ERN1	1238	1042	1250	811	926	980	809
ENSG00000178623	GPR35	116	133	107	91	67	86	61
ENSG00000178662	CSRNP3	4	4	16	7	2	8	8
ENSG00000178665	ZNF713	88	81	92	79	61	91	53
ENSG00000178685	PARP10	92	93	112	79	99	82	96
ENSG00000178690	DYNAP	4	3	7	3	2	1	4
ENSG00000178691	SUZ12	4687	4191	5104	3381	3999	4056	3382
ENSG00000178694	NSUN3	677	574	667	469	534	579	477
ENSG00000178695	KCTD12	154	121	204	102	142	132	116
ENSG00000178700	DHFR2	701	604	705	471	580	578	487
ENSG00000178718	RPP25	2081	1748	1981	1469	1663	1835	1455
ENSG00000178719	GRINA	5861	4699	5690	4253	4656	4955	4012
ENSG00000178726	THBD	2064	1810	2240	1466	1626	1709	1351
ENSG00000178732	GP5	0	0	0	0	3	0	1
ENSG00000178741	COX5A	6249	5204	5424	4466	4662	5254	4344
ENSG00000178750	STX19	4	2	0	2	2	2	1
ENSG00000178752	ERFE	155	120	124	84	101	103	83
ENSG00000178761	FAM219B	1012	1009	985	741	688	838	639
ENSG00000178764	ZHX2	568	453	507	387	429	486	340
ENSG00000178772	CPN2	2	1	2	0	0	0	0
ENSG00000178773	CPNE7	1538	1361	1664	1142	1251	1279	987
ENSG00000178795	GDPD4	0	0	0	2	1	1	1
ENSG00000178796	RIIAD1	1	2	0	0	0	0	1
ENSG00000178802	MPI	1822	1464	1614	1277	1349	1360	1077
ENSG00000178809	TRIM73	62	71	52	61	56	78	46
ENSG00000178814	OPLAH	592	585	615	396	448	536	404
ENSG00000178821	TMEM52	10	8	15	6	1	9	8
ENSG00000178826	TMEM139	2	17	17	22	24	44	6
ENSG00000178852	EFCAB13	108	107	103	83	72	73	67
ENSG00000178860	MSC	938	842	1005	733	814	750	628
ENSG00000178878	APOLD1	60	50	58	39	55	43	32
ENSG00000178882	RFLNA	1	1	3	2	0	1	3
ENSG00000178896	EXOSC4	1564	1411	1401	1083	1219	1190	996
ENSG00000178904	DPY19L3	1512	1467	1622	925	1275	1308	1097
ENSG00000178913	TAF7	3753	3454	3966	2764	3105	3103	2440
ENSG00000178917	ZNF852	37	34	43	18	27	36	24
ENSG00000178919	FOXE1	447	359	436	290	353	325	291
ENSG00000178921	PFAS	5643	4954	5979	3884	4802	4650	3979
ENSG00000178922	HYI	145	156	202	135	154	140	108
ENSG00000178927	CYBC1	1820	1454	2034	1555	1534	1515	1265
ENSG00000178928	TPRX1	0	1	1	0	0	0	0
ENSG00000178934	LGALS7B	1	0	2	0	2	1	2
ENSG00000178935	ZNF552	311	224	278	223	208	231	193
ENSG00000178947	SMIM10L2A	39	37	31	27	32	33	22
ENSG00000178950	GAK	2884	2485	2978	2028	2272	2303	1953
ENSG00000178951	ZBTB7A	3818	3093	3720	2784	2976	3130	2461
ENSG00000178952	TUFM	11442	9925	11918	8775	9524	10049	7838
ENSG00000178966	RMI1	1169	1076	1292	840	1068	1003	853
ENSG00000178971	CTC1	1061	947	1114	792	915	958	824
ENSG00000178974	FBXO34	1341	1156	1351	878	1008	1143	817
ENSG00000178980	SELENOW	1081	956	981	874	866	954	695
ENSG00000178982	EIF3K	9348	7921	9844	7327	8169	8795	6708
ENSG00000178988	MRFAP1L1	1799	1471	1843	1370	1495	1670	1180
ENSG00000178996	SNX18	854	787	967	625	745	772	632
ENSG00000178997	EXD1	2	4	10	5	2	2	2
ENSG00000178999	AURKB	3396	2954	3233	2464	2563	2643	2128
ENSG00000179002	TAS1R2	0	0	1	0	0	0	0
ENSG00000179010	MRFAP1	12113	11056	13022	9271	10329	10755	8763
ENSG00000179021	C3orf38	965	818	931	716	753	843	660
ENSG00000179023	KLHDC7A	414	365	415	301	340	357	237
ENSG00000179029	TMEM107	629	509	646	456	514	448	360
ENSG00000179041	RRS1	3337	3006	3165	2428	2854	3006	2368
ENSG00000179044	EXOC3L1	6	9	5	3	7	5	4
ENSG00000179046	TRIML2	676	613	703	566	643	653	527
ENSG00000179051	RCC2	7109	6256	7764	5197	5846	6047	4782
ENSG00000179058	C9orf50	3	5	2	3	6	8	3
ENSG00000179059	ZFP42	10	11	9	7	3	7	5
ENSG00000179071	CCDC89	0	0	0	0	0	0	1
ENSG00000179083	FAM133A	86	65	71	60	61	84	44
ENSG00000179085	DPM3	902	813	949	689	735	773	614
ENSG00000179088	C12orf42	0	0	1	0	0	0	0
ENSG00000179091	CYC1	9033	7755	9328	6766	7326	7522	5923
ENSG00000179094	PER1	448	443	446	374	364	366	262
ENSG00000179097	HTR1F	12	12	7	12	6	7	5
ENSG00000179104	TMTC2	1038	940	898	656	803	873	769
ENSG00000179111	HES7	126	127	144	102	91	92	71
ENSG00000179115	FARSA	3815	3532	3776	3096	3228	3375	2618
ENSG00000179119	SPTY2D1	1896	1638	2162	1354	1543	1731	1296
ENSG00000179133	C10orf67	1	0	0	2	1	1	1
ENSG00000179134	SAMD4B	7974	6825	8066	5659	6316	6429	5293
ENSG00000179148	ALOXE3	23	19	25	23	16	14	14
ENSG00000179151	EDC3	1206	1093	1199	879	1009	1002	799
ENSG00000179152	TCAIM	516	323	400	280	276	455	323
ENSG00000179163	FUCA1	720	604	723	530	555	613	464
ENSG00000179165	PXT1	3	2	3	2	0	3	1
ENSG00000179168	GGN	63	69	80	38	37	48	43
ENSG00000179172	HNRNPCL1	0	0	0	0	1	0	0
ENSG00000179195	ZNF664	6884	6084	6660	4471	5564	5814	4669
ENSG00000179218	CALR	38037	33173	37349	28740	29615	31035	24236
ENSG00000179222	MAGED1	5809	4784	6049	4356	4318	4518	3618
ENSG00000179240	GVQW3	356	319	360	248	301	305	262
ENSG00000179241	LDLRAD3	868	726	889	635	747	726	654
ENSG00000179242	CDH4	272	234	294	207	204	224	147
ENSG00000179256	SMCO3	5	0	7	0	0	0	0
ENSG00000179262	RAD23A	3787	3116	3490	2935	3064	3362	2630
ENSG00000179271	GADD45GIP1	2173	1867	2266	1680	1738	1865	1501
ENSG00000179284	DAND5	20	20	28	14	14	16	14
ENSG00000179292	TMEM151A	189	167	212	141	171	167	138
ENSG00000179295	PTPN11	8331	6498	9157	4609	6578	7476	5778
ENSG00000179299	NSUN7	77	60	61	60	63	50	49
ENSG00000179304	FAM156B	140	227	443	464	228	484	226
ENSG00000179314	WSCD1	423	357	489	333	341	312	286
ENSG00000179331	RAB39A	20	18	11	4	20	18	6
ENSG00000179335	CLK3	1358	1175	1326	1043	1050	1117	896
ENSG00000179348	GATA2	270	204	259	198	217	253	183
ENSG00000179361	ARID3B	269	238	299	225	221	228	174
ENSG00000179363	TMEM31	1	1	0	0	0	3	0
ENSG00000179364	PACS2	1098	1010	1363	856	965	1059	697
ENSG00000179387	ELMOD2	1375	1267	1443	985	1198	1261	1035
ENSG00000179388	EGR3	3	3	0	3	0	2	4
ENSG00000179397	CATSPERE	5	7	11	8	5	5	2
ENSG00000179399	GPC5	1	2	2	0	0	1	4
ENSG00000179403	VWA1	1452	1262	1524	1114	1086	1146	877
ENSG00000179407	DNAJB8	0	0	1	0	0	0	0
ENSG00000179409	GEMIN4	4334	3676	4375	3098	3639	3716	2956
ENSG00000179431	FJX1	949	828	1058	732	859	886	700
ENSG00000179454	KLHL28	575	531	580	382	455	461	396
ENSG00000179455	MKRN3	190	167	212	154	168	167	135
ENSG00000179456	ZBTB18	843	762	894	608	646	729	533
ENSG00000179476	C14orf28	159	149	178	103	141	135	113
ENSG00000179477	ALOX12B	23	18	30	19	23	19	17
ENSG00000179520	SLC17A8	1	1	4	1	0	4	0
ENSG00000179526	SHARPIN	1401	1230	1319	1028	1115	1128	839
ENSG00000179528	LBX2	87	46	103	50	48	55	56
ENSG00000179532	DNHD1	584	545	681	357	408	480	402
ENSG00000179542	SLITRK4	1	0	0	0	0	1	0
ENSG00000179546	HTR1D	774	680	838	632	653	671	546
ENSG00000179562	GCC1	1395	1290	1536	1004	1245	1219	1006
ENSG00000179564	LSMEM2	5	1	1	4	3	3	3
ENSG00000179580	RNF151	2	0	1	0	1	1	0
ENSG00000179583	CIITA	68	82	85	64	77	62	52
ENSG00000179588	ZFPM1	540	461	683	390	467	428	345
ENSG00000179593	ALOX15B	1	2	0	0	0	0	0
ENSG00000179598	PLD6	361	311	330	274	350	351	268
ENSG00000179603	GRM8	0	0	0	0	0	2	0
ENSG00000179604	CDC42EP4	5629	4662	5579	3938	4347	4426	3642
ENSG00000179615	OR2AP1	1	0	0	0	0	0	0
ENSG00000179627	ZBTB42	350	313	381	244	304	267	228
ENSG00000179630	LACC1	333	310	349	229	265	286	265
ENSG00000179632	MAF1	7927	6911	8434	6091	6410	6564	5170
ENSG00000179639	FCER1A	2	2	3	0	0	1	2
ENSG00000179673	RPRML	9	6	11	5	9	6	2
ENSG00000179674	ARL14	45	32	31	32	29	34	28
ENSG00000179698	WDR97	0	0	0	11	0	0	52
ENSG00000179709	NLRP8	0	0	0	0	0	0	1
ENSG00000179715	PCED1B	3267	2733	3319	2560	2489	2616	2046
ENSG00000179750	APOBEC3B	1219	943	1142	862	906	938	822
ENSG00000179761	PIPOX	6	2	9	0	9	7	0
ENSG00000179772	FOXS1	16	7	7	14	3	7	4
ENSG00000179774	ATOH7	10	6	16	7	10	6	9
ENSG00000179776	CDH5	19	25	19	23	16	18	9
ENSG00000179820	MYADM	8442	7066	9154	6865	6755	7088	5753
ENSG00000179826	MRGPRX3	12	4	11	10	8	5	5
ENSG00000179832	MROH1	672	598	826	464	535	525	438
ENSG00000179833	SERTAD2	1282	1169	1363	940	992	1071	909
ENSG00000179841	AKAP5	234	181	215	132	166	172	129
ENSG00000179846	NKPD1	36	35	40	29	26	35	12
ENSG00000179855	GIPC3	17	3	4	4	4	5	7
ENSG00000179859	RNF227	246	247	221	168	178	182	166
ENSG00000179862	CITED4	531	426	611	483	445	478	378
ENSG00000179869	ABCA13	8	7	13	4	7	4	5
ENSG00000179873	NLRP11	2	1	1	2	1	0	0
ENSG00000179886	TIGD5	1005	893	1072	778	869	847	637
ENSG00000179889	PDXDC1	6045	5282	6188	4137	4962	5066	3913
ENSG00000179909	ZNF154	27	19	22	20	23	23	14
ENSG00000179912	R3HDM2	2506	2090	2313	1874	2045	2006	1556
ENSG00000179913	B3GNT3	1321	1202	1195	934	1005	1059	820
ENSG00000179914	ITLN1	0	1	1	0	0	1	0
ENSG00000179915	NRXN1	2	0	0	0	0	0	0
ENSG00000179918	SEPHS2	4733	4065	4688	3307	3679	3847	3116
ENSG00000179921	GPBAR1	5	8	5	5	6	1	8
ENSG00000179922	ZNF784	400	406	385	311	366	347	274
ENSG00000179933	C14orf119	2204	1873	2046	1567	1691	1846	1456
ENSG00000179938	GOLGA8J	9	0	3	6	4	0	0
ENSG00000179941	BBS10	616	562	564	379	489	519	412
ENSG00000179943	FIZ1	1540	1316	1419	1010	1256	1243	1033
ENSG00000179950	PUF60	8417	7261	8231	6098	6483	6695	5309
ENSG00000179954	SSC5D	64	55	40	44	24	45	45
ENSG00000179958	DCTPP1	4134	3741	3777	2989	3326	3285	2705
ENSG00000179965	ZNF771	448	394	433	298	375	358	298
ENSG00000179981	TSHZ1	730	616	797	487	582	585	522
ENSG00000179988	PSTK	58	52	59	40	58	60	48
ENSG00000180008	SOCS4	2166	1998	2222	1482	1797	1885	1606
ENSG00000180011	PTGR3	1031	943	1101	697	863	877	709
ENSG00000180035	ZNF48	980	828	964	654	810	750	645
ENSG00000180044	C3orf80	186	168	172	136	136	141	93
ENSG00000180053	NKX2-6	1	0	0	0	0	0	0
ENSG00000180061	TMEM150B	1	3	8	0	4	3	10
ENSG00000180071	ANKRD18A	465	404	492	353	389	378	350
ENSG00000180089	TMEM86B	12	37	68	32	0	35	20
ENSG00000180096	SEPTIN1	102	75	115	95	104	84	97
ENSG00000180098	TRNAU1AP	323	273	272	227	232	239	210
ENSG00000180104	EXOC3	2507	2141	2535	1970	2036	2059	1675
ENSG00000180113	TDRD6	3	2	2	2	3	4	4
ENSG00000180155	LYNX1	343	274	317	208	268	254	163
ENSG00000180176	TH	0	3	2	1	0	1	0
ENSG00000180182	MED14	3348	2857	3313	2193	2643	2769	2214
ENSG00000180185	FAHD1	1980	1646	1891	1447	1636	1657	1279
ENSG00000180190	TDRP	1004	935	1123	713	807	875	688
ENSG00000180198	RCC1	4344	3738	4147	3127	3701	3728	2946
ENSG00000180209	MYL11	0	0	0	2	0	0	0
ENSG00000180210	F2	74	85	73	57	79	52	48
ENSG00000180219	GARIN6	0	0	0	0	0	0	2
ENSG00000180228	PRKRA	1321	1248	1273	902	1069	1134	872
ENSG00000180233	ZNRF2	892	705	1018	601	677	739	580
ENSG00000180245	RRH	5	2	5	6	4	1	1
ENSG00000180251	SLC9A4	13	18	11	8	13	13	15
ENSG00000180257	ZNF816	0	0	0	1	0	0	2
ENSG00000180263	FGD6	3644	3255	3864	2377	2847	2883	2381
ENSG00000180264	ADGRD2	3	0	8	0	0	0	0
ENSG00000180287	PLD5	635	574	629	487	475	548	406
ENSG00000180304	OAZ2	2898	2789	2725	2226	2330	2443	1969
ENSG00000180316	PNPLA1	1	0	1	2	1	0	2
ENSG00000180318	ALX1	729	559	591	499	545	644	473
ENSG00000180329	CCDC43	1821	1602	1891	1364	1497	1606	1291
ENSG00000180332	KCTD4	0	0	4	0	0	0	0
ENSG00000180336	MEIOC	581	514	587	415	484	514	398
ENSG00000180340	FZD2	2557	2137	2580	1927	1863	2025	1577
ENSG00000180346	TIGD2	690	570	687	491	529	568	427
ENSG00000180347	ITPRID1	1	0	2	0	0	0	0
ENSG00000180353	HCLS1	0	8	4	3	5	0	0
ENSG00000180354	MTURN	234	239	287	186	207	230	187
ENSG00000180357	ZNF609	5381	4694	5472	3628	4183	4109	3596
ENSG00000180370	PAK2	4278	3491	4518	2953	3337	3655	3020
ENSG00000180376	CCDC66	316	234	320	220	306	212	211
ENSG00000180383	DEFB124	1	0	0	0	0	0	0
ENSG00000180398	MCFD2	7702	6748	7131	5172	6123	6221	5271
ENSG00000180423	HARBI1	219	201	207	163	197	203	156
ENSG00000180424	DEFB123	0	0	0	1	0	0	0
ENSG00000180425	C11orf71	251	211	271	227	187	207	172
ENSG00000180447	GAS1	4	3	4	1	5	2	4
ENSG00000180448	ARHGAP45	116	129	123	106	108	103	79
ENSG00000180479	ZNF571	19	19	27	15	19	21	16
ENSG00000180481	GLIPR1L2	31	25	29	19	24	24	29
ENSG00000180488	MIGA1	1082	902	1178	716	871	898	764
ENSG00000180509	KCNE1	0	0	0	0	0	1	6
ENSG00000180530	NRIP1	5546	4884	6006	3528	4691	4595	4052
ENSG00000180532	ZSCAN4	0	0	0	0	0	0	1
ENSG00000180535	BHLHA15	22	19	33	27	26	21	13
ENSG00000180537	RNF182	35	42	53	34	37	39	26
ENSG00000180543	TSPYL5	1527	1357	1538	955	1141	1203	987
ENSG00000180549	FUT7	4	5	7	6	4	9	2
ENSG00000180573	H2AC6	176	161	173	185	121	175	196
ENSG00000180574	EIF2S3B	67	40	37	30	43	55	38
ENSG00000180592	SKIDA1	220	210	223	137	179	161	145
ENSG00000180596	H2BC4	46	43	39	31	36	41	25
ENSG00000180611	MB21D2	223	229	293	202	189	231	152
ENSG00000180616	SSTR2	33	23	51	22	18	37	23
ENSG00000180626	ZNF594	278	237	273	174	198	205	187
ENSG00000180628	PCGF5	2739	2354	2868	1795	2199	2277	1948
ENSG00000180638	SLC47A2	4	0	12	7	7	6	4
ENSG00000180660	MAB21L1	0	1	2	0	1	0	0
ENSG00000180667	YOD1	931	798	1016	614	704	746	641
ENSG00000180694	TMEM64	1598	1379	1698	1157	1415	1357	1153
ENSG00000180708	OR10K2	1	0	0	0	0	0	0
ENSG00000180720	CHRM4	12	4	12	8	10	13	8
ENSG00000180730	SHISA2	0	0	0	0	0	1	3
ENSG00000180739	S1PR5	169	165	182	119	139	130	130
ENSG00000180745	CLRN3	0	4	1	0	0	0	0
ENSG00000180758	GPR157	593	516	673	419	457	525	407
ENSG00000180767	CHST13	82	74	61	51	65	73	56
ENSG00000180772	AGTR2	0	0	1	0	0	0	0
ENSG00000180773	SLC36A4	1313	1107	1319	909	1079	1101	883
ENSG00000180776	ZDHHC20	3030	2525	2693	1926	2218	2344	2071
ENSG00000180777	ANKRD30B	0	1	0	1	1	1	0
ENSG00000180785	OR51E1	7	12	6	9	4	3	2
ENSG00000180787	ZFP3	217	174	164	119	160	134	104
ENSG00000180801	ARSJ	665	574	612	430	491	488	408
ENSG00000180806	HOXC9	397	299	372	283	299	284	202
ENSG00000180815	MAP3K15	209	152	218	154	150	172	98
ENSG00000180817	PPA1	5531	4951	5688	4099	4317	4672	3772
ENSG00000180818	HOXC10	160	136	183	142	119	128	124
ENSG00000180822	PSMG4	689	616	729	446	502	501	430
ENSG00000180834	MAP6D1	69	71	91	67	76	67	43
ENSG00000180855	ZNF443	96	85	86	46	62	43	45
ENSG00000180871	CXCR2	2	0	0	0	0	0	1
ENSG00000180875	GREM2	26	25	29	20	18	25	28
ENSG00000180878	C11orf42	5	1	4	2	3	2	3
ENSG00000180879	SSR4	3873	3371	3817	2952	3012	3304	2477
ENSG00000180881	CAPS2	135	137	153	108	101	102	88
ENSG00000180884	ZNF792	312	296	380	231	273	277	213
ENSG00000180891	CUEDC1	4687	3965	4649	3220	3582	3533	2942
ENSG00000180900	SCRIB	8321	7332	8866	6277	6982	6829	5452
ENSG00000180901	KCTD2	1507	1446	1664	1144	1245	1141	1082
ENSG00000180902	D2HGDH	635	628	649	504	498	487	412
ENSG00000180914	OXTR	305	247	277	194	218	210	167
ENSG00000180917	CMTR2	1291	1090	1412	1017	1096	1234	986
ENSG00000180919	OR56B4	0	0	0	0	0	0	1
ENSG00000180921	FAM83H	5640	4950	6033	4054	4458	4586	3761
ENSG00000180929	GPR62	2	3	3	1	0	1	1
ENSG00000180934	OR56A1	0	0	0	0	1	0	0
ENSG00000180938	ZNF572	42	41	52	41	35	51	25
ENSG00000180957	PITPNB	2715	2358	2724	1985	2102	2298	1973
ENSG00000180964	TCEAL8	824	706	863	653	671	733	598
ENSG00000180974	OR52E4	1	3	4	0	4	1	2
ENSG00000180979	LRRC57	585	520	591	411	440	493	371
ENSG00000180992	MRPL14	1575	1507	1481	1170	1203	1253	946
ENSG00000180998	GPR137C	2	14	14	12	6	10	10
ENSG00000180999	C1orf105	3	2	2	0	4	1	4
ENSG00000181001	OR52N1	0	5	2	1	1	2	2
ENSG00000181004	BBS12	182	149	201	132	140	149	145
ENSG00000181007	ZFP82	151	132	107	92	141	122	89
ENSG00000181016	LSMEM1	12	2	5	2	9	4	0
ENSG00000181019	NQO1	76882	66657	73301	55307	60384	64498	51100
ENSG00000181026	AEN	2837	2498	2831	2032	2405	2330	1887
ENSG00000181027	FKRP	1501	1214	1431	1019	1196	1155	967
ENSG00000181029	TRAPPC5	1467	1272	1401	1137	1167	1098	939
ENSG00000181031	RPH3AL	1766	1575	1926	1436	1292	1330	1149
ENSG00000181035	SLC25A42	123	109	166	88	107	96	62
ENSG00000181038	METTL23	1543	1381	1621	1230	1304	1316	1074
ENSG00000181045	SLC26A11	977	819	946	722	726	783	635
ENSG00000181061	HIGD1A	2576	2130	2524	1865	2109	2195	1844
ENSG00000181085	MAPK15	8	6	3	10	9	8	6
ENSG00000181090	EHMT1	3700	3298	3921	2717	2888	2902	2412
ENSG00000181092	ADIPOQ	2	1	5	4	1	0	0
ENSG00000181104	F2R	1913	1670	1955	1295	1414	1528	1218
ENSG00000181135	ZNF707	368	418	432	308	342	325	282
ENSG00000181143	MUC16	132	111	176	74	67	73	73
ENSG00000181163	NPM1	50375	43642	54471	39266	43735	46685	36655
ENSG00000181191	PJA1	896	765	888	684	674	764	563
ENSG00000181192	DHTKD1	2120	1856	2375	1569	1698	1695	1365
ENSG00000181215	C4orf50	0	0	0	0	3	0	0
ENSG00000181218	H2AW	326	231	236	208	237	259	214
ENSG00000181220	ZNF746	1692	1437	1680	1108	1447	1386	1112
ENSG00000181222	POLR2A	5996	4823	4853	4441	4054	4340	3902
ENSG00000181240	SLC25A41	0	16	0	14	0	4	4
ENSG00000181264	TLCD5	424	317	425	362	328	344	296
ENSG00000181273	OR5AK2	1	0	0	0	0	0	0
ENSG00000181274	FRAT2	658	613	791	519	545	606	478
ENSG00000181284	TMEM102	773	647	801	636	636	670	549
ENSG00000181315	ZNF322	736	621	728	550	653	669	520
ENSG00000181322	NME9	20	30	16	18	17	14	10
ENSG00000181323	SPEM1	1	0	0	0	0	0	0
ENSG00000181333	HEPHL1	1	4	7	4	3	0	3
ENSG00000181350	LRRC75A	57	57	67	41	58	66	46
ENSG00000181374	CCL13	1	0	0	0	0	0	0
ENSG00000181378	CFAP65	6	7	8	3	6	8	3
ENSG00000181381	DDX60L	808	760	1001	560	701	755	594
ENSG00000181392	SYNE4	0	6	11	9	12	10	8
ENSG00000181396	OGFOD3	1345	1306	1358	1090	1164	1252	885
ENSG00000181404	WASHC1	518	416	557	385	378	390	309
ENSG00000181408	UTS2R	121	100	105	78	96	100	74
ENSG00000181409	AATK	54	50	67	35	30	47	27
ENSG00000181418	DDN	34	24	40	26	38	27	32
ENSG00000181433	SAGE1	10	5	9	11	9	6	11
ENSG00000181444	ZNF467	655	601	695	495	467	453	395
ENSG00000181449	SOX2	1089	977	980	738	781	873	791
ENSG00000181450	ZNF678	268	270	303	193	242	270	223
ENSG00000181458	TMEM45A	135	119	157	123	102	79	69
ENSG00000181467	RAP2B	2155	1914	2370	1700	1745	1890	1487
ENSG00000181472	ZBTB2	833	714	797	575	619	694	613
ENSG00000181481	RNF135	1415	1269	1333	1037	1145	1224	946
ENSG00000181513	ACBD4	951	853	995	708	799	765	613
ENSG00000181523	SGSH	516	471	657	358	258	407	268
ENSG00000181544	FANCB	521	464	540	288	325	365	302
ENSG00000181555	SETD2	2746	2496	3107	1952	2361	2349	2001
ENSG00000181585	TMIE	6	2	5	3	2	2	4
ENSG00000181588	MEX3D	803	727	798	620	579	587	487
ENSG00000181610	MRPS23	3179	2935	3288	2339	2707	2775	2281
ENSG00000181619	GPR135	204	188	185	131	136	140	131
ENSG00000181625	SLX1B	2866	2379	2720	1997	2098	2211	1807
ENSG00000181626	ANKRD62	0	0	0	0	4	0	3
ENSG00000181634	TNFSF15	2315	1935	2150	1462	1611	1711	1431
ENSG00000181638	ZFP41	1032	901	1083	724	872	801	699
ENSG00000181649	PHLDA2	992	780	866	671	780	808	667
ENSG00000181652	ATG9B	8	2	2	6	0	5	2
ENSG00000181656	GPR88	5	0	0	0	0	0	0
ENSG00000181666	ZNF875	796	814	795	635	680	648	579
ENSG00000181690	PLAG1	16	18	17	14	12	16	5
ENSG00000181693	OR8H1	0	0	1	0	1	0	0
ENSG00000181704	YIPF6	3075	2730	3160	2122	2459	2712	2231
ENSG00000181722	ZBTB20	767	682	773	525	622	590	454
ENSG00000181744	DIPK2A	735	676	835	535	645	634	519
ENSG00000181751	MACIR	1259	1064	1314	797	1050	1123	852
ENSG00000181754	AMIGO1	145	115	132	88	127	139	102
ENSG00000181773	GPR3	43	50	32	39	36	26	23
ENSG00000181781	ODF3L2	4	3	1	0	3	2	2
ENSG00000181785	OR5AS1	73	51	68	51	46	46	36
ENSG00000181788	SIAH2	802	691	872	552	676	749	538
ENSG00000181789	COPG1	5577	4808	5428	4255	4447	4667	3765
ENSG00000181790	ADGRB1	44	38	42	32	31	40	26
ENSG00000181804	SLC9A9	4	3	2	4	3	4	5
ENSG00000181817	LSM10	885	748	756	605	689	738	633
ENSG00000181826	RELL1	463	393	518	330	345	423	302
ENSG00000181827	RFX7	2879	2580	3136	1951	2203	2352	2038
ENSG00000181830	SLC35C1	1849	1569	1689	1326	1490	1445	1169
ENSG00000181847	TIGIT	0	0	5	0	1	0	0
ENSG00000181852	RNF41	1540	1192	1417	1027	1196	1258	1078
ENSG00000181856	SLC2A4	22	25	16	22	15	3	22
ENSG00000181873	IBA57	402	413	471	327	392	376	296
ENSG00000181885	CLDN7	77	51	61	57	43	43	47
ENSG00000181894	ZNF329	138	141	188	135	135	150	108
ENSG00000181896	ZNF101	268	236	259	188	208	252	225
ENSG00000181904	C5orf24	3486	3053	3622	2425	2824	2826	2492
ENSG00000181915	ADO	1824	1583	1799	1300	1538	1613	1226
ENSG00000181924	COA4	3088	2569	2996	2199	2477	2640	2127
ENSG00000181929	PRKAG1	1956	1667	1770	1367	1588	1577	1274
ENSG00000181938	GINS3	1303	1141	1273	984	1086	1122	875
ENSG00000181982	CCDC149	195	164	192	133	169	153	154
ENSG00000181991	MRPS11	1244	1216	769	876	885	977	765
ENSG00000182004	SNRPE	2364	2212	1986	1636	1767	1804	1513
ENSG00000182010	RTKN2	358	291	349	214	254	283	209
ENSG00000182013	PNMA8A	1002	864	1018	635	771	810	640
ENSG00000182022	CHST15	1967	1587	1920	1308	1492	1566	1323
ENSG00000182040	USH1G	0	2	5	1	0	3	1
ENSG00000182050	MGAT4C	11	9	23	10	20	14	11
ENSG00000182054	IDH2	1539	1281	1401	1099	1097	1108	958
ENSG00000182070	OR52A1	2	3	2	0	3	1	1
ENSG00000182087	TMEM259	5615	4710	5564	3998	4432	4488	3498
ENSG00000182093	GET1	1397	1245	1487	1095	1128	1262	1011
ENSG00000182095	TNRC18	10151	8772	10672	7005	8195	7947	6613
ENSG00000182103	FAM181B	1	0	1	0	1	1	0
ENSG00000182107	TMEM30B	20	15	20	12	14	19	22
ENSG00000182108	DEXI	1235	1011	1277	932	974	1000	778
ENSG00000182111	ZNF716	2	6	2	4	1	0	2
ENSG00000182117	NOP10	3537	2861	3352	2649	2740	3013	2355
ENSG00000182118	FAM89A	490	397	576	399	459	462	322
ENSG00000182134	TDRKH	567	504	598	443	413	459	361
ENSG00000182141	ZNF708	62	50	51	37	63	68	47
ENSG00000182149	IST1	3282	2769	3285	2364	2507	2651	2182
ENSG00000182150	ERCC6L2	927	865	951	508	723	667	672
ENSG00000182154	MRPL41	2548	2264	2777	2021	2252	2197	1689
ENSG00000182156	ENPP7	0	0	1	0	0	1	0
ENSG00000182158	CREB3L2	3287	2755	3362	2261	2544	2448	2069
ENSG00000182162	P2RY8	2	6	4	1	0	0	3
ENSG00000182168	UNC5C	92	77	114	57	67	84	57
ENSG00000182173	TSEN54	1111	976	1119	855	933	830	696
ENSG00000182175	RGMA	38	32	42	26	24	16	19
ENSG00000182177	ASB18	1	4	0	1	0	0	0
ENSG00000182179	UBA7	32	17	28	34	25	27	14
ENSG00000182180	MRPS16	5525	4807	5288	3974	4404	4707	3698
ENSG00000182185	RAD51B	199	153	195	126	133	149	122
ENSG00000182195	LDOC1	2739	2181	2595	2079	2119	2165	1745
ENSG00000182196	ARL6IP4	4251	3725	4171	3197	3303	3567	2866
ENSG00000182197	EXT1	1605	1408	1616	1104	1339	1224	1022
ENSG00000182199	SHMT2	5208	4457	4668	3821	4100	4379	3333
ENSG00000182208	MOB2	840	722	859	620	651	670	503
ENSG00000182218	HHIPL1	24	12	15	9	17	14	15
ENSG00000182220	ATP6AP2	5026	4287	5117	3499	3955	4242	3294
ENSG00000182223	ZAR1	1	1	1	3	1	0	1
ENSG00000182224	CYB5D1	1499	1373	1370	1041	1190	1263	1096
ENSG00000182240	BACE2	604	539	639	409	519	549	422
ENSG00000182247	UBE2E2	663	569	574	442	540	541	443
ENSG00000182253	SYNM	4284	3825	4612	2844	3755	3731	3059
ENSG00000182255	KCNA4	0	1	0	0	0	0	0
ENSG00000182256	GABRG3	9	3	1	1	5	3	2
ENSG00000182261	NLRP10	6	6	6	4	6	7	5
ENSG00000182263	FIGN	475	424	432	315	389	352	305
ENSG00000182271	TMIGD1	0	1	0	0	0	2	0
ENSG00000182272	B4GALNT4	1293	1199	1469	1007	939	947	714
ENSG00000182287	AP1S2	866	744	949	658	738	821	613
ENSG00000182307	C8orf33	2016	1893	2058	1387	1712	1962	1488
ENSG00000182308	DCAF4L1	13	21	27	15	21	18	12
ENSG00000182310	SPACA6	79	79	50	44	57	25	54
ENSG00000182318	ZSCAN22	418	311	353	296	298	296	239
ENSG00000182324	KCNJ14	220	151	223	179	174	176	122
ENSG00000182325	FBXL6	506	468	579	424	464	459	359
ENSG00000182326	C1S	2638	2219	2611	1823	1902	2003	1646
ENSG00000182327	GLTPD2	32	42	54	42	34	43	41
ENSG00000182329	KIAA2012	0	0	1	2	5	6	1
ENSG00000182359	KBTBD3	107	99	111	76	68	77	67
ENSG00000182362	YBEY	482	400	371	343	373	379	332
ENSG00000182372	CLN8	1243	1180	1345	912	1065	1157	841
ENSG00000182378	PLCXD1	5239	4532	5428	4064	4231	4370	3423
ENSG00000182379	NXPH4	193	206	216	145	168	155	143
ENSG00000182389	CACNB4	49	46	24	44	8	27	36
ENSG00000182400	TRAPPC6B	717	569	673	445	576	546	435
ENSG00000182405	PGBD4	498	477	527	315	391	406	356
ENSG00000182415	CDY2A	1	0	0	0	0	0	0
ENSG00000182446	NPLOC4	11113	9461	10803	7850	8676	8986	7345
ENSG00000182450	KCNK4	4	2	6	4	0	0	0
ENSG00000182459	TEX19	24	18	18	11	22	28	12
ENSG00000182463	TSHZ2	1	0	0	0	0	0	0
ENSG00000182472	CAPN12	53	33	66	67	48	56	26
ENSG00000182473	EXOC7	4783	4402	4868	3304	3889	3719	3197
ENSG00000182481	KPNA2	23633	20325	23601	17559	18366	19330	15536
ENSG00000182484	WASH6P	229	203	180	215	217	205	174
ENSG00000182489	XKRX	47	45	54	25	39	46	41
ENSG00000182504	CEP97	807	601	791	517	691	706	571
ENSG00000182511	FES	97	92	110	85	90	112	40
ENSG00000182512	GLRX5	3838	3559	3591	2821	3195	3139	2597
ENSG00000182518	FAM104B	517	419	512	370	391	441	353
ENSG00000182521	TBPL2	10	11	15	14	10	7	7
ENSG00000182533	CAV3	0	1	1	1	0	0	0
ENSG00000182534	MXRA7	2580	2214	2770	2019	2034	2110	1611
ENSG00000182541	LIMK2	353	332	371	233	305	291	214
ENSG00000182544	MFSD5	1905	1689	1912	1382	1421	1550	1139
ENSG00000182545	RNASE10	206	211	214	161	163	160	127
ENSG00000182551	ADI1	4365	3833	4427	3265	3659	3927	2980
ENSG00000182552	RWDD4	860	851	1029	696	851	911	788
ENSG00000182568	SATB1	5	4	3	3	2	5	5
ENSG00000182575	NXPH3	10	6	0	0	0	5	0
ENSG00000182578	CSF1R	0	0	0	1	0	0	0
ENSG00000182580	EPHB3	293	276	272	183	213	231	207
ENSG00000182585	EPGN	11	6	9	14	13	8	8
ENSG00000182600	SNORC	16	7	17	13	6	12	9
ENSG00000182601	HS3ST4	0	0	1	0	0	0	0
ENSG00000182606	TRAK1	2531	2290	2758	1868	1984	2092	1796
ENSG00000182612	TSPAN10	139	111	135	106	88	102	74
ENSG00000182613	OR2V2	0	0	1	0	0	1	0
ENSG00000182621	PLCB1	237	245	265	157	212	209	169
ENSG00000182628	SKA2	3402	3003	3216	2415	2691	2801	2206
ENSG00000182652	OR4Q3	6	15	14	10	5	3	9
ENSG00000182670	TTC3	5358	4610	5877	3655	4231	4500	3732
ENSG00000182676	PPP1R27	0	3	1	3	0	2	0
ENSG00000182685	BRICD5	154	135	186	104	124	139	95
ENSG00000182687	GALR2	30	25	38	30	23	32	30
ENSG00000182700	IGIP	166	190	174	114	110	119	114
ENSG00000182704	TSKU	15504	13209	14150	10886	12681	12912	10700
ENSG00000182712	CMC4	435	355	412	351	336	350	268
ENSG00000182718	ANXA2	120972	105801	124377	92875	98234	104867	80480
ENSG00000182742	HOXB4	58	41	34	38	50	37	33
ENSG00000182747	SLC35D3	2	1	0	2	1	1	1
ENSG00000182749	PAQR7	421	331	389	288	292	332	254
ENSG00000182752	PAPPA	5381	4793	5653	3360	4150	4112	3730
ENSG00000182759	MAFA	9	14	25	11	10	9	11
ENSG00000182768	NGRN	1934	1622	2326	1636	1748	1901	1436
ENSG00000182771	GRID1	16	30	16	22	11	22	11
ENSG00000182774	RPS17	30223	25580	25299	21583	22705	24841	21004
ENSG00000182782	HCAR2	19	8	11	5	12	13	4
ENSG00000182791	CCDC87	74	52	62	41	29	52	34
ENSG00000182795	C1orf116	848	754	889	596	690	737	502
ENSG00000182798	MAGEB17	1	1	0	0	0	0	0
ENSG00000182809	CRIP2	2164	1886	2399	1713	1649	1664	1277
ENSG00000182810	DDX28	796	696	811	625	716	709	576
ENSG00000182827	ACBD3	2969	2565	3144	2224	2480	2651	2189
ENSG00000182831	C16orf72	4468	3796	4612	3086	3674	3889	3062
ENSG00000182836	PLCXD3	1370	1133	1250	820	1024	1012	912
ENSG00000182853	VMO1	25	22	28	17	18	21	19
ENSG00000182854	OR4F15	0	1	0	1	2	2	0
ENSG00000182858	ALG12	1216	1082	1124	833	962	945	778
ENSG00000182866	LCK	0	0	0	0	1	1	0
ENSG00000182870	GALNT9	128	105	114	85	93	83	84
ENSG00000182871	COL18A1	14616	12919	15848	10849	11817	12117	9668
ENSG00000182872	RBM10	3520	3090	3441	2547	2810	2823	2306
ENSG00000182885	ADGRG3	1	2	12	0	5	2	1
ENSG00000182890	GLUD2	123	92	136	78	106	108	89
ENSG00000182896	TMEM95	0	1	0	0	0	0	0
ENSG00000182898	TCHHL1	0	0	0	0	0	1	0
ENSG00000182899	RPL35A	5634	4911	5204	4208	4797	4904	3900
ENSG00000182901	RGS7	0	1	0	0	0	0	0
ENSG00000182902	SLC25A18	18	14	14	10	6	19	13
ENSG00000182903	ZNF721	644	632	672	460	518	612	431
ENSG00000182919	C11orf54	1180	1077	1290	883	957	972	822
ENSG00000182923	CEP63	785	694	862	598	675	679	513
ENSG00000182931	WFDC10B	2	0	0	0	0	0	0
ENSG00000182934	SRPRA	3911	3411	3894	2817	3182	3329	2794
ENSG00000182938	OTOP3	0	0	0	0	0	1	0
ENSG00000182944	EWSR1	9976	8820	9155	7159	8045	8573	7003
ENSG00000182950	ODF3L1	3	12	6	9	4	13	3
ENSG00000182952	HMGN4	1985	1781	2146	1521	1543	1705	1340
ENSG00000182957	SPATA13	1111	995	1200	741	918	856	694
ENSG00000182963	GJC1	1966	1659	2015	1413	1503	1533	1308
ENSG00000182973	CNOT10	1670	1616	1777	1394	1488	1530	1248
ENSG00000182974	OR4M2B	0	0	0	0	4	0	0
ENSG00000182979	MTA1	3394	2749	3095	2391	2645	2746	2133
ENSG00000182983	ZNF662	7	5	10	7	5	7	2
ENSG00000182985	CADM1	2003	1778	2113	1560	1491	1592	1381
ENSG00000182986	ZNF320	8	6	8	4	8	9	3
ENSG00000182993	C12orf60	67	78	74	52	58	62	53
ENSG00000183010	PYCR1	3648	3126	3503	2765	3170	3317	2659
ENSG00000183011	NAA38	1972	1769	2178	1591	1714	1823	1363
ENSG00000183018	SPNS2	20	31	25	18	20	29	24
ENSG00000183020	AP2A2	4000	3160	3953	2732	2953	3210	2476
ENSG00000183023	SLC8A1	128	112	133	69	115	116	83
ENSG00000183032	SLC25A21	36	34	53	18	28	30	35
ENSG00000183034	OTOP2	2	0	1	1	1	0	0
ENSG00000183035	CYLC1	1	0	0	0	0	0	0
ENSG00000183044	ABAT	56	40	35	37	33	35	28
ENSG00000183048	SLC25A10	3164	2767	3213	2383	2434	2615	2148
ENSG00000183049	CAMK1D	1699	1402	1594	1177	1277	1297	966
ENSG00000183054	RGPD6	1332	920	643	1067	1084	1137	0
ENSG00000183060	LYSMD4	331	239	199	191	218	221	188
ENSG00000183066	WBP2NL	2	0	3	0	0	2	1
ENSG00000183067	IGSF5	5	1	6	1	1	6	2
ENSG00000183072	NKX2-5	334	314	373	269	254	291	224
ENSG00000183077	AFMID	504	472	506	405	488	473	345
ENSG00000183087	GAS6	299	254	347	216	206	267	197
ENSG00000183091	NEB	195	212	236	104	165	168	117
ENSG00000183092	BEGAIN	152	100	160	105	107	102	106
ENSG00000183098	GPC6	602	565	589	412	446	544	405
ENSG00000183111	ARHGEF37	221	225	259	153	185	169	158
ENSG00000183114	FAM43B	131	144	133	103	112	120	88
ENSG00000183128	CALHM3	12	22	15	4	14	9	11
ENSG00000183134	PTGDR2	7	8	10	10	5	11	13
ENSG00000183137	CEP57L1	507	383	518	333	372	398	324
ENSG00000183145	RIPPLY3	21	20	47	48	35	20	20
ENSG00000183150	GPR19	25	22	31	23	15	33	12
ENSG00000183153	GJD3	663	638	648	523	698	551	454
ENSG00000183155	RABIF	872	784	874	623	685	755	576
ENSG00000183160	TMEM119	1	0	0	0	0	1	0
ENSG00000183161	FANCF	913	760	923	628	714	724	599
ENSG00000183166	CALN1	0	1	0	0	2	0	0
ENSG00000183172	SMDT1	220	191	225	126	167	155	122
ENSG00000183185	GABRR3	0	0	2	1	0	1	0
ENSG00000183186	C2CD4C	85	90	100	73	66	65	45
ENSG00000183196	CHST6	118	86	89	63	63	68	49
ENSG00000183207	RUVBL2	7646	6610	7516	5910	6460	6380	5076
ENSG00000183208	GDPGP1	277	260	307	219	278	218	199
ENSG00000183246	RIMBP3C	5	15	6	4	11	14	7
ENSG00000183248	PRR36	210	158	238	144	140	145	114
ENSG00000183255	PTTG1IP	7203	6247	7111	5001	5548	5821	4789
ENSG00000183258	DDX41	2379	2094	2094	1796	1969	1946	1554
ENSG00000183281	PLGLB1	85	56	79	65	36	44	47
ENSG00000183283	DAZAP2	9019	7520	7322	6076	6694	7117	5837
ENSG00000183287	CCBE1	68	45	68	30	53	55	30
ENSG00000183291	SELENOF	4848	4397	4739	3613	4051	4153	3282
ENSG00000183304	FAM9A	0	2	1	0	0	0	0
ENSG00000183305	MAGEA2B	0	1	0	3	1	0	0
ENSG00000183307	TMEM121B	6	5	14	6	3	3	8
ENSG00000183309	ZNF623	1586	1481	1646	1149	1232	1337	1152
ENSG00000183317	EPHA10	181	170	183	144	141	145	92
ENSG00000183323	CCDC125	541	475	594	417	497	440	472
ENSG00000183324	REC114	0	0	0	0	0	1	0
ENSG00000183336	BOLA2	1102	926	1452	858	915	1034	789
ENSG00000183337	BCOR	3016	2589	3018	1841	2517	2537	1990
ENSG00000183340	JRKL	565	458	565	369	444	446	354
ENSG00000183346	CABCOCO1	17	14	21	9	11	19	12
ENSG00000183347	GBP6	6	2	1	6	1	2	2
ENSG00000183354	KIAA2026	1019	945	1030	656	792	770	714
ENSG00000183386	FHL3	166	87	173	147	112	131	95
ENSG00000183389	OR56A4	9	8	4	7	4	2	1
ENSG00000183395	PMCH	1	3	2	1	0	2	3
ENSG00000183396	TMEM89	1	0	1	0	0	1	0
ENSG00000183397	TEKTIP1	57	52	63	47	38	40	37
ENSG00000183401	CCDC159	140	105	150	106	104	114	90
ENSG00000183421	RIPK4	1111	944	1088	812	829	853	702
ENSG00000183423	LRIT3	2	4	1	2	2	2	2
ENSG00000183426	NPIPA1	444	395	518	323	362	390	230
ENSG00000183431	SF3A3	3487	3097	3779	2556	2922	3218	2434
ENSG00000183439	TRIM61	42	32	53	24	20	38	28
ENSG00000183454	GRIN2A	1	2	0	0	0	0	0
ENSG00000183474	GTF2H2C	1591	1396	1523	1076	1175	1407	1040
ENSG00000183475	ASB7	1207	1092	1244	865	963	1008	822
ENSG00000183476	SH2D7	6	9	5	1	5	4	8
ENSG00000183479	TREX2	117	130	115	107	76	85	76
ENSG00000183484	GPR132	3	17	15	9	10	9	11
ENSG00000183486	MX2	3	7	7	0	0	5	7
ENSG00000183495	EP400	5429	4814	5659	3586	4309	4162	3559
ENSG00000183496	MEX3B	398	341	432	295	288	300	245
ENSG00000183508	TENT5C	3	4	0	2	2	2	2
ENSG00000183513	COA5	658	557	642	479	456	577	476
ENSG00000183520	UTP11	1228	1005	1260	997	935	1191	889
ENSG00000183527	PSMG1	1440	1246	1272	927	1205	1191	963
ENSG00000183530	PRR14L	1173	1089	1232	835	954	1066	772
ENSG00000183542	KLRC4	9	6	7	5	2	6	3
ENSG00000183549	ACSM5	0	1	0	0	0	0	0
ENSG00000183560	IZUMO1R	1	1	0	0	1	1	0
ENSG00000183569	SERHL2	0	1	0	0	0	1	0
ENSG00000183570	PCBP3	5	1	5	3	4	5	7
ENSG00000183571	PGPEP1L	2	1	2	2	0	1	0
ENSG00000183576	SETD3	3387	2938	3411	2361	2691	2839	2391
ENSG00000183578	TNFAIP8L3	21	19	29	28	26	24	16
ENSG00000183579	ZNRF3	1944	1738	2186	1359	1500	1640	1233
ENSG00000183580	FBXL7	133	97	119	87	89	96	71
ENSG00000183597	TANGO2	795	723	752	550	582	631	457
ENSG00000183598	H3C13	11	4	17	11	8	4	5
ENSG00000183605	SFXN4	1296	1127	1246	938	1125	1172	867
ENSG00000183607	GKN2	0	5	0	2	2	0	0
ENSG00000183615	FAM167B	49	33	35	28	25	33	22
ENSG00000183617	MRPL54	694	538	644	496	561	554	465
ENSG00000183621	ZNF438	253	216	211	193	181	173	143
ENSG00000183624	HMCES	2429	2104	2351	1739	1957	1941	1536
ENSG00000183628	DGCR6	596	521	550	454	466	452	370
ENSG00000183629	GOLGA8G	0	0	0	0	0	2	0
ENSG00000183632	TP53TG3	19	0	0	0	0	0	14
ENSG00000183638	RP1L1	3	3	7	2	5	3	6
ENSG00000183644	HOATZ	2	0	3	0	1	0	1
ENSG00000183647	ZNF530	194	205	217	170	148	176	108
ENSG00000183648	NDUFB1	1476	1388	1573	1092	1181	1321	1150
ENSG00000183655	KLHL25	624	477	597	403	473	425	376
ENSG00000183662	TAFA1	0	0	0	0	1	1	0
ENSG00000183665	TRMT12	509	518	526	384	438	468	365
ENSG00000183668	PSG9	1	0	1	0	0	0	0
ENSG00000183671	CMKLR2	0	4	5	0	4	6	2
ENSG00000183682	BMP8A	299	245	271	182	172	218	181
ENSG00000183684	ALYREF	6477	5855	7563	5247	5675	5746	3850
ENSG00000183688	RFLNB	1470	1242	1513	1108	1192	1285	981
ENSG00000183690	EFHC2	12	9	9	1	6	11	2
ENSG00000183691	NOG	8	13	16	7	18	11	13
ENSG00000183696	UPP1	445	372	436	384	370	416	332
ENSG00000183718	TRIM52	604	496	656	439	466	518	353
ENSG00000183722	LHFPL6	53	36	55	44	30	46	38
ENSG00000183723	CMTM4	1718	1539	2243	973	1449	1605	1343
ENSG00000183726	TMEM50A	2871	2409	2805	2085	2221	2356	1927
ENSG00000183734	ASCL2	37	19	29	27	24	27	22
ENSG00000183735	TBK1	1615	1480	1754	1203	1317	1569	1177
ENSG00000183741	CBX6	5348	4880	5380	3754	4606	4403	3693
ENSG00000183742	MACC1	55	37	42	25	38	35	14
ENSG00000183751	TBL3	1076	989	909	738	804	896	735
ENSG00000183760	ACP7	0	2	0	0	2	0	0
ENSG00000183762	KREMEN1	765	682	778	542	548	521	426
ENSG00000183763	TRAIP	480	384	498	315	390	369	322
ENSG00000183765	CHEK2	518	420	486	373	382	440	364
ENSG00000183770	FOXL2	246	239	227	179	219	185	167
ENSG00000183773	AIFM3	103	79	96	39	82	79	74
ENSG00000183775	KCTD16	19	9	10	6	9	4	10
ENSG00000183778	B3GALT5	285	212	246	152	208	189	163
ENSG00000183779	ZNF703	1607	1385	1762	1246	1317	1366	1160
ENSG00000183780	SLC35F3	601	515	684	437	535	541	407
ENSG00000183785	TUBA8	24	12	17	6	9	8	12
ENSG00000183793	NPIPA5	36	27	31	30	37	72	70
ENSG00000183798	EMILIN3	0	1	7	8	1	4	0
ENSG00000183801	OLFML1	0	5	2	0	0	0	2
ENSG00000183807	FAM162B	9	9	6	2	3	3	4
ENSG00000183808	RBM12B	1329	1152	1509	912	1098	1140	948
ENSG00000183813	CCR4	9	6	5	2	4	5	3
ENSG00000183814	LIN9	731	701	795	529	668	677	513
ENSG00000183826	BTBD9	484	432	502	339	410	417	341
ENSG00000183828	NUDT14	496	437	606	413	415	465	353
ENSG00000183831	ANKRD45	0	2	10	4	2	11	3
ENSG00000183833	CFAP91	2	9	8	0	2	3	0
ENSG00000183837	PNMA3	8	2	10	7	9	7	7
ENSG00000183840	GPR39	770	642	727	528	625	589	464
ENSG00000183844	FAM3B	1	1	2	0	1	0	0
ENSG00000183853	KIRREL1	2902	2572	2895	1928	2182	2148	1911
ENSG00000183856	IQGAP3	3819	3224	3747	2638	2873	2913	2388
ENSG00000183864	TOB2	1969	1707	1995	1386	1626	1672	1332
ENSG00000183873	SCN5A	8	11	13	11	10	8	7
ENSG00000183876	ARSI	165	172	165	128	110	127	83
ENSG00000183878	UTY	228	200	177	142	162	134	111
ENSG00000183888	SRARP	2	1	2	0	1	0	1
ENSG00000183889	NPIPA9	1053	367	1264	858	598	1037	798
ENSG00000183891	TTC32	292	297	255	212	252	250	191
ENSG00000183908	LRRC55	19	13	16	14	12	14	12
ENSG00000183914	DNAH2	6	2	6	4	2	4	0
ENSG00000183921	SDR42E2	0	2	3	0	1	1	1
ENSG00000183943	PRKX	1583	1340	1567	1152	1204	1207	1055
ENSG00000183955	KMT5A	1979	1616	1968	1437	1516	1605	1182
ENSG00000183960	KCNH8	0	0	0	1	0	0	0
ENSG00000183963	SMTN	1025	843	1110	895	820	868	681
ENSG00000183971	NPW	32	28	29	19	25	24	19
ENSG00000183977	PP2D1	7	13	7	5	8	8	7
ENSG00000183978	COA3	2583	2284	2699	2098	2211	2344	1802
ENSG00000183979	NPB	13	24	14	23	12	32	9
ENSG00000184005	ST6GALNAC3	21	14	21	10	13	15	15
ENSG00000184007	PTP4A2	9558	8064	10340	7278	8101	8717	6467
ENSG00000184009	ACTG1	122603	103554	116598	88644	97229	95773	77016
ENSG00000184012	TMPRSS2	1	1	0	0	1	0	2
ENSG00000184014	DENND5A	1762	1603	1729	1181	1529	1347	1291
ENSG00000184022	OR2T10	0	0	1	0	0	0	0
ENSG00000184033	CTAG1B	0	0	0	0	1	0	0
ENSG00000184047	DIABLO	2472	2101	2623	1775	1924	2187	1643
ENSG00000184056	VPS33B	669	673	726	613	665	640	503
ENSG00000184058	TBX1	73	50	68	61	59	64	51
ENSG00000184060	ADAP2	118	100	145	100	112	118	81
ENSG00000184076	UQCR10	1786	1440	1516	1329	1287	1412	1153
ENSG00000184083	FAM120C	1026	873	1000	587	723	734	643
ENSG00000184110	EIF3C	16038	13788	16324	11767	13388	13769	10714
ENSG00000184113	CLDN5	4	6	11	10	4	6	3
ENSG00000184117	NIPSNAP1	4451	3629	4489	3368	3377	3629	2806
ENSG00000184144	CNTN2	0	0	0	0	0	2	0
ENSG00000184154	LRRC51	284	244	266	202	239	232	197
ENSG00000184156	KCNQ3	6	10	15	3	5	14	2
ENSG00000184160	ADRA2C	310	272	315	226	288	266	192
ENSG00000184162	NR2C2AP	675	572	700	503	547	568	478
ENSG00000184163	C1QTNF12	6	10	4	1	0	5	1
ENSG00000184164	CRELD2	1387	1157	1424	975	1013	1085	834
ENSG00000184166	OR1D2	22	15	6	10	5	7	7
ENSG00000184178	SCFD2	647	612	678	475	615	594	481
ENSG00000184182	UBE2F	597	598	622	436	462	558	387
ENSG00000184185	KCNJ12	27	26	38	21	30	28	34
ENSG00000184194	GPR173	1	2	0	1	0	5	0
ENSG00000184203	PPP1R2	952	736	972	698	771	743	578
ENSG00000184205	TSPYL2	606	509	577	431	470	441	346
ENSG00000184206	GOLGA6L4	190	130	121	103	113	122	68
ENSG00000184207	PGP	3235	2693	3137	2332	2614	2615	2058
ENSG00000184209	SNRNP35	606	573	636	515	490	571	430
ENSG00000184210	DGAT2L6	1	1	0	0	0	0	0
ENSG00000184216	IRAK1	11073	9363	11921	8190	9324	9429	7587
ENSG00000184220	CMSS1	1411	1285	1505	1080	1172	1297	983
ENSG00000184221	OLIG1	0	0	3	0	0	1	0
ENSG00000184226	PCDH9	7890	7022	8267	5123	6049	6174	5234
ENSG00000184227	ACOT1	488	362	386	289	294	336	254
ENSG00000184232	OAF	432	352	389	335	355	342	272
ENSG00000184254	ALDH1A3	917	803	951	674	772	765	627
ENSG00000184260	H2AC20	47	43	51	30	36	39	29
ENSG00000184261	KCNK12	22	16	17	11	12	13	5
ENSG00000184270	H2AC21	3	7	7	6	8	4	1
ENSG00000184271	POU6F1	52	31	63	44	47	30	57
ENSG00000184276	DEFB108B	0	0	0	0	0	0	1
ENSG00000184277	TM2D3	1225	1112	1287	953	1013	1049	858
ENSG00000184281	TSSC4	1681	1552	1672	1280	1389	1307	1142
ENSG00000184304	PRKD1	203	145	173	164	125	121	106
ENSG00000184305	CCSER1	2	0	0	0	0	0	0
ENSG00000184307	ZDHHC23	394	293	302	151	347	182	242
ENSG00000184313	MROH7	0	0	0	0	0	2	0
ENSG00000184343	SRPK3	71	72	71	58	62	63	49
ENSG00000184347	SLIT3	986	834	1079	734	798	755	691
ENSG00000184349	EFNA5	1550	1338	1517	1195	1286	1231	1116
ENSG00000184350	MRGPRE	0	0	1	0	0	0	0
ENSG00000184357	H1-5	5	2	3	3	3	1	1
ENSG00000184363	PKP3	3744	3237	3725	2848	3035	3041	2365
ENSG00000184368	MAP7D2	901	837	986	657	767	734	610
ENSG00000184371	CSF1	1672	1443	1682	1155	1324	1371	1193
ENSG00000184378	ACTRT3	122	86	157	89	129	106	93
ENSG00000184381	PLA2G6	278	210	284	155	249	243	168
ENSG00000184384	MAML2	300	248	312	195	205	234	185
ENSG00000184389	A3GALT2	1	0	1	0	2	1	0
ENSG00000184402	SS18L1	1035	958	1040	740	802	842	682
ENSG00000184428	TOP1MT	1653	1452	1658	1207	1341	1419	1126
ENSG00000184432	COPB2	5953	5344	6006	4149	4765	5170	3862
ENSG00000184434	LRRC19	15	8	10	6	8	12	10
ENSG00000184436	THAP7	418	444	405	338	370	288	311
ENSG00000184445	KNTC1	3395	2976	3697	2358	2720	2772	2309
ENSG00000184451	CCR10	63	41	52	47	48	37	47
ENSG00000184454	NCMAP	210	175	177	126	161	163	94
ENSG00000184465	WDR27	335	346	350	211	229	259	212
ENSG00000184470	TXNRD2	1102	970	1077	845	876	936	656
ENSG00000184471	C1QTNF8	7	3	5	5	10	4	6
ENSG00000184481	FOXO4	326	301	330	256	234	227	184
ENSG00000184486	POU3F2	11	5	4	3	6	4	4
ENSG00000184489	PTP4A3	299	258	307	243	229	262	184
ENSG00000184492	FOXD4L1	55	50	42	26	32	33	25
ENSG00000184497	TMEM255B	6	17	17	11	4	12	6
ENSG00000184500	PROS1	1356	1180	1601	994	1044	1152	961
ENSG00000184502	GAST	0	0	1	0	0	0	0
ENSG00000184507	NUTM1	1	5	5	1	2	2	3
ENSG00000184508	HDDC3	912	726	775	635	742	664	561
ENSG00000184517	ZFP1	502	517	595	418	455	500	351
ENSG00000184524	CEND1	38	29	34	19	28	32	29
ENSG00000184530	C6orf58	10	13	21	10	13	6	8
ENSG00000184545	DUSP8	207	193	257	169	182	172	129
ENSG00000184557	SOCS3	664	569	764	549	571	519	373
ENSG00000184564	SLITRK6	338	253	319	219	264	268	190
ENSG00000184571	PIWIL3	1	5	0	1	3	1	0
ENSG00000184574	LPAR5	60	52	44	48	31	29	23
ENSG00000184575	XPOT	6763	5900	6980	4669	5964	6424	5296
ENSG00000184584	STING1	43	39	39	39	21	21	25
ENSG00000184588	PDE4B	2013	1719	2149	1509	1575	1599	1358
ENSG00000184599	TAFA3	1	2	1	1	3	2	1
ENSG00000184602	SNN	700	593	736	523	580	534	461
ENSG00000184611	KCNH7	1	0	0	0	0	0	0
ENSG00000184613	NELL2	0	0	1	0	3	2	0
ENSG00000184616	SPDYE12	21	20	9	20	9	14	11
ENSG00000184619	KRBA2	466	392	468	349	384	372	309
ENSG00000184634	MED12	1787	1446	1411	1095	1311	1187	1145
ENSG00000184635	ZNF93	1	1	3	0	2	0	0
ENSG00000184640	SEPTIN9	20568	17653	20648	15005	16629	16523	13530
ENSG00000184659	FOXD4L4	5	3	1	1	4	1	0
ENSG00000184661	CDCA2	2338	1971	2214	1358	1721	1704	1527
ENSG00000184675	AMER1	442	423	420	309	367	368	315
ENSG00000184677	ZBTB40	1640	1404	1698	1092	1210	1279	1102
ENSG00000184678	H2BC21	367	276	344	272	248	264	195
ENSG00000184697	CLDN6	2	3	2	1	4	2	4
ENSG00000184702	SEPTIN5	295	239	238	233	255	290	174
ENSG00000184708	EIF4ENIF1	905	729	804	596	649	692	539
ENSG00000184709	LRRC26	115	92	121	97	81	112	85
ENSG00000184719	RNLS	211	169	199	164	189	193	142
ENSG00000184730	APOBR	13	13	12	12	16	13	9
ENSG00000184731	FAM110C	62	68	65	48	44	45	43
ENSG00000184743	ATL3	3617	3266	3866	2765	3028	3158	2511
ENSG00000184752	NDUFA12	2126	1953	1970	1599	1694	1768	1410
ENSG00000184785	SMIM10	2	3	5	1	7	3	0
ENSG00000184787	UBE2G2	1688	1479	1546	1422	1519	1542	1137
ENSG00000184788	SATL1	0	1	0	1	0	0	0
ENSG00000184792	OSBP2	330	325	412	304	285	294	227
ENSG00000184828	ZBTB7C	13	14	9	8	10	15	8
ENSG00000184831	APOO	899	804	852	639	736	769	626
ENSG00000184838	PRR16	2	0	0	1	0	2	0
ENSG00000184840	TMED9	8074	7131	7918	5891	6563	6723	5222
ENSG00000184845	DRD1	140	141	168	112	124	125	94
ENSG00000184857	TMEM186	437	422	508	373	377	383	289
ENSG00000184860	SDR42E1	75	62	82	49	61	53	52
ENSG00000184863	RBM33	3533	2989	3564	2347	2710	2746	2306
ENSG00000184867	ARMCX2	2	1	2	0	2	0	0
ENSG00000184887	BTBD6	1509	1302	1425	1077	1175	1170	957
ENSG00000184897	H1-10	8830	7071	8997	6832	6793	7230	5328
ENSG00000184898	RBM43	376	335	420	300	356	326	295
ENSG00000184900	SUMO3	3223	2761	3105	2281	2482	2636	2066
ENSG00000184903	IMMP2L	564	484	558	408	469	464	363
ENSG00000184908	CLCNKB	2	2	0	0	0	0	0
ENSG00000184911	DMRTC1B	5	3	0	7	0	0	0
ENSG00000184916	JAG2	1319	1055	1432	884	1153	967	829
ENSG00000184922	FMNL1	3488	2861	3187	2618	2761	2688	2172
ENSG00000184923	NUTM2A	22	7	15	10	27	11	8
ENSG00000184924	PTRHD1	1288	1077	1282	991	1037	1074	820
ENSG00000184925	LCN12	3	4	1	0	0	6	0
ENSG00000184933	OR6A2	0	0	0	0	0	0	2
ENSG00000184937	WT1	198	132	235	114	155	124	172
ENSG00000184939	ZFP90	841	684	878	477	744	667	404
ENSG00000184949	FAM227A	366	327	351	201	229	296	212
ENSG00000184956	MUC6	21	36	35	40	15	22	16
ENSG00000184967	NOC4L	2072	1750	2002	1607	1727	1722	1320
ENSG00000184979	USP18	589	526	641	422	523	551	375
ENSG00000184983	NDUFA6	2223	1931	1968	1623	1779	1730	1375
ENSG00000184984	CHRM5	2	10	4	2	5	2	2
ENSG00000184985	SORCS2	168	151	177	119	113	124	105
ENSG00000184986	TMEM121	288	244	258	225	181	202	145
ENSG00000184988	TMEM106A	114	89	93	73	67	81	88
ENSG00000184990	SIVA1	2349	2018	2566	1781	1839	1917	1514
ENSG00000184992	BRI3BP	4665	4096	5009	3226	4006	4180	3314
ENSG00000184995	IFNE	171	147	159	108	78	102	81
ENSG00000185000	DGAT1	1367	1223	1381	1018	1079	1164	904
ENSG00000185002	RFX6	1	0	0	1	0	0	0
ENSG00000185008	ROBO2	1	0	0	0	0	0	0
ENSG00000185009	AP3M1	3913	3408	3845	2600	3147	3476	2736
ENSG00000185010	F8	340	280	297	219	289	310	203
ENSG00000185013	NT5C1B	0	4	3	0	3	0	1
ENSG00000185015	CA13	71	48	70	49	40	59	38
ENSG00000185019	UBOX5	743	619	685	487	590	543	470
ENSG00000185022	MAFF	225	230	252	171	194	198	138
ENSG00000185024	BRF1	1910	1663	1821	1395	1408	1580	1219
ENSG00000185028	LRRC14B	1	1	1	1	0	1	0
ENSG00000185033	SEMA4B	5841	4957	5921	4578	4446	4560	3748
ENSG00000185038	MROH2A	10	15	24	6	7	15	6
ENSG00000185040	SPDYE16	83	71	66	51	39	39	54
ENSG00000185043	CIB1	6515	5617	5980	4794	5049	4911	3942
ENSG00000185046	ANKS1B	53	41	37	28	25	27	32
ENSG00000185049	NELFA	1151	927	1073	745	850	941	804
ENSG00000185052	SLC24A3	3	0	2	2	4	2	3
ENSG00000185053	SGCZ	0	0	1	0	0	0	0
ENSG00000185055	EFCAB10	60	58	51	43	44	60	41
ENSG00000185056	C5orf47	2	0	1	4	0	2	0
ENSG00000185070	FLRT2	282	258	316	201	204	236	177
ENSG00000185085	INTS5	1602	1299	1513	1103	1217	1211	957
ENSG00000185088	RPS27L	5329	4758	5434	4155	4250	4663	3692
ENSG00000185090	MANEAL	1176	1078	1275	1048	1128	1086	761
ENSG00000185100	ADSS1	483	412	431	287	341	320	239
ENSG00000185101	ANO9	36	8	39	18	23	33	21
ENSG00000185104	FAF1	1587	1374	1483	1073	1352	1315	910
ENSG00000185105	MYADML2	4	8	8	7	6	7	6
ENSG00000185112	FAM43A	252	193	234	155	166	172	105
ENSG00000185115	NSMCE3	1562	1332	1569	1154	1247	1359	1035
ENSG00000185122	HSF1	4287	3668	3936	3163	3373	3515	2956
ENSG00000185127	C6orf120	1356	1265	1437	1030	1121	1196	926
ENSG00000185129	PURA	1461	1232	1502	975	1092	1143	952
ENSG00000185130	H2BC13	9	9	7	10	10	12	12
ENSG00000185133	INPP5J	172	125	151	128	120	116	94
ENSG00000185149	NPY2R	117	88	86	74	88	84	50
ENSG00000185155	MIXL1	4	2	3	1	1	0	3
ENSG00000185156	MFSD6L	0	0	0	0	0	1	0
ENSG00000185158	LRRC37B	258	253	235	175	212	211	171
ENSG00000185163	DDX51	2177	1844	2107	1554	1774	1786	1409
ENSG00000185164	NOMO2	8565	7727	8409	6216	6766	6821	5666
ENSG00000185187	SIGIRR	540	470	577	403	389	466	330
ENSG00000185189	NRBP2	798	646	858	597	697	573	581
ENSG00000185198	PRSS57	4	0	1	2	0	1	2
ENSG00000185201	IFITM2	1540	1183	1067	1115	962	1136	844
ENSG00000185215	TNFAIP2	22276	19413	23404	15982	17083	17218	13538
ENSG00000185219	ZNF445	999	921	965	639	742	812	637
ENSG00000185220	PGBD2	309	277	326	223	285	277	226
ENSG00000185222	TCEAL9	1680	1447	1861	1361	1332	1482	1221
ENSG00000185236	RAB11B	4412	3559	4088	3200	3208	3456	2743
ENSG00000185238	PRMT3	1439	1364	1481	1056	1273	1299	1073
ENSG00000185245	GP1BA	175	163	167	95	128	107	121
ENSG00000185246	PRPF39	404	325	362	329	380	314	229
ENSG00000185247	MAGEA11	1	2	0	4	1	0	1
ENSG00000185250	PPIL6	89	64	97	73	66	81	66
ENSG00000185252	ZNF74	370	293	338	263	257	225	228
ENSG00000185261	KIAA0825	66	55	59	45	45	41	35
ENSG00000185262	UBALD2	1882	1731	1753	1482	1413	1460	1076
ENSG00000185264	TEX33	0	0	1	0	0	0	0
ENSG00000185267	CDNF	53	53	53	40	35	28	31
ENSG00000185269	NOTUM	49	41	43	28	19	33	18
ENSG00000185271	KLHL33	35	26	41	30	27	35	28
ENSG00000185278	ZBTB37	516	453	500	272	399	385	333
ENSG00000185291	IL3RA	56	66	43	29	28	47	31
ENSG00000185298	CCDC137	3220	2773	3220	2382	2703	2690	2175
ENSG00000185303	SFTPA2	2	0	0	0	1	0	0
ENSG00000185304	RGPD2	6	17	0	11	2	13	8
ENSG00000185305	ARL15	534	452	509	363	372	410	331
ENSG00000185306	C12orf56	4	3	3	0	2	2	1
ENSG00000185324	CDK10	763	705	688	620	517	556	487
ENSG00000185338	SOCS1	16	17	23	10	9	13	6
ENSG00000185339	TCN2	518	488	527	400	361	416	337
ENSG00000185340	GAS2L1	1778	1450	1755	1322	1324	1413	1123
ENSG00000185344	ATP6V0A2	1280	1126	1326	966	1174	1133	851
ENSG00000185345	PRKN	18	4	13	15	10	15	14
ENSG00000185347	TEDC1	1641	1549	1723	1288	1386	1322	1037
ENSG00000185352	HS6ST3	0	0	1	0	0	0	0
ENSG00000185359	HGS	4570	3451	4416	3500	3471	3523	2862
ENSG00000185361	TNFAIP8L1	831	747	804	605	617	668	505
ENSG00000185372	OR2V1	4	1	2	2	1	1	0
ENSG00000185379	RAD51D	1455	1171	1467	1034	1234	1117	1002
ENSG00000185385	OR7A17	33	38	37	31	30	25	23
ENSG00000185386	MAPK11	296	255	250	265	303	247	250
ENSG00000185404	SP140L	243	211	258	206	209	212	179
ENSG00000185414	MRPL30	1998	1844	1679	1363	1656	1685	1380
ENSG00000185418	TARS3	475	387	451	307	368	342	320
ENSG00000185420	SMYD3	493	418	484	352	387	433	316
ENSG00000185432	METTL7A	24	25	26	26	21	20	13
ENSG00000185436	IFNLR1	317	280	293	206	211	232	134
ENSG00000185437	SH3BGR	22	46	52	30	41	33	20
ENSG00000185442	FAM174B	480	410	454	375	402	434	300
ENSG00000185453	ZSWIM9	1192	1132	1327	947	1018	978	812
ENSG00000185467	KPNA7	50	33	35	28	32	26	24
ENSG00000185475	TMEM179B	1718	1493	1852	1309	1310	1626	1229
ENSG00000185477	GPRIN3	3376	2969	3790	2230	2673	2711	2420
ENSG00000185479	KRT6B	8	7	7	3	4	0	1
ENSG00000185480	PARPBP	1707	1493	1606	1033	1256	1317	1088
ENSG00000185482	STAC3	44	37	42	30	36	20	29
ENSG00000185483	ROR1	932	817	944	651	790	806	626
ENSG00000185499	MUC1	821	641	882	690	583	644	514
ENSG00000185504	FAAP100	1131	994	1288	921	899	975	718
ENSG00000185507	IRF7	166	168	193	140	140	110	89
ENSG00000185513	L3MBTL1	36	29	26	24	18	24	19
ENSG00000185515	BRCC3	2585	2236	2582	1832	2034	2110	1768
ENSG00000185518	SV2B	22	7	9	6	13	8	13
ENSG00000185519	FAM131C	409	327	456	323	325	332	254
ENSG00000185522	LMNTD2	317	231	317	226	238	237	178
ENSG00000185523	SPATA45	2	0	2	2	2	0	1
ENSG00000185527	PDE6G	4	4	8	0	3	12	5
ENSG00000185532	PRKG1	21	17	21	7	11	19	14
ENSG00000185551	NR2F2	4179	3507	4346	2856	3407	3550	2838
ENSG00000185559	DLK1	0	0	1	0	2	2	0
ENSG00000185561	TLCD2	926	759	977	704	671	673	592
ENSG00000185565	LSAMP	45	48	48	53	36	40	39
ENSG00000185567	AHNAK2	15990	14979	18225	11107	12373	13059	11137
ENSG00000185585	OLFML2A	1483	1234	1576	1152	1192	1203	974
ENSG00000185591	SP1	4424	3937	4464	3011	3590	3601	3064
ENSG00000185608	MRPL40	833	722	870	649	665	667	589
ENSG00000185610	DBX2	2	0	0	0	0	0	0
ENSG00000185614	INKA1	22	7	14	26	12	18	8
ENSG00000185615	PDIA2	0	7	0	4	10	7	6
ENSG00000185619	PCGF3	1411	1210	1366	1020	1098	1138	916
ENSG00000185621	LMLN	376	289	460	291	327	304	255
ENSG00000185624	P4HB	33794	29029	36225	25799	26696	28024	22189
ENSG00000185627	PSMD13	4724	4251	4899	3653	3888	3888	3067
ENSG00000185630	PBX1	6068	5323	6051	4170	4847	5030	4140
ENSG00000185633	NDUFA4L2	27	38	28	30	38	33	20
ENSG00000185634	SHC4	12	13	10	9	13	14	11
ENSG00000185640	KRT79	0	1	0	0	0	0	0
ENSG00000185650	ZFP36L1	10692	9026	10341	7946	7745	8428	6436
ENSG00000185651	UBE2L3	4829	4174	4648	3733	3873	4013	3237
ENSG00000185658	BRWD1	1722	1613	2056	1189	1396	1549	1308
ENSG00000185664	PMEL	48	49	53	45	40	69	27
ENSG00000185666	SYN3	137	117	160	115	81	118	78
ENSG00000185668	POU3F1	0	2	1	0	1	0	0
ENSG00000185669	SNAI3	19	16	24	14	20	17	15
ENSG00000185670	ZBTB3	165	101	141	104	142	136	97
ENSG00000185674	LYG2	9	6	3	6	4	2	0
ENSG00000185681	MORN5	0	0	3	0	0	0	1
ENSG00000185686	PRAME	5164	4673	5731	3918	4093	4297	3322
ENSG00000185697	MYBL1	646	584	667	443	564	534	439
ENSG00000185716	MOSMO	596	512	644	417	450	487	381
ENSG00000185721	DRG1	1932	1663	1955	1391	1589	1605	1346
ENSG00000185722	ANKFY1	5726	4861	6170	3603	4644	4556	3772
ENSG00000185728	YTHDF3	3915	3394	3876	2478	3188	3465	2825
ENSG00000185730	ZNF696	695	649	696	517	549	510	467
ENSG00000185736	ADARB2	0	1	0	0	0	0	0
ENSG00000185737	NRG3	0	0	1	0	0	0	0
ENSG00000185739	SRL	2	1	2	3	1	1	1
ENSG00000185742	C11orf87	1	0	0	0	0	1	0
ENSG00000185745	IFIT1	282	259	281	205	228	229	167
ENSG00000185753	CXorf38	1146	948	1042	745	836	912	715
ENSG00000185758	CLDN24	0	0	0	0	0	1	0
ENSG00000185760	KCNQ5	51	55	46	33	56	46	53
ENSG00000185761	ADAMTSL5	146	128	105	120	103	127	79
ENSG00000185775	SPATA31A6	0	0	0	0	1	0	0
ENSG00000185787	MORF4L1	19013	16025	18927	14137	15256	16432	13237
ENSG00000185792	NLRP9	0	0	0	0	0	1	0
ENSG00000185798	WDR53	350	280	299	208	266	275	206
ENSG00000185800	DMWD	2356	2234	2524	1730	1918	1839	1588
ENSG00000185803	SLC52A2	3849	3418	3984	2766	3170	3300	2518
ENSG00000185808	PIGP	445	392	412	303	364	338	335
ENSG00000185813	PCYT2	1425	1164	1317	998	1138	1258	968
ENSG00000185818	NAT8L	1027	855	1082	737	891	843	708
ENSG00000185823	NPAP1	8	17	9	5	6	5	4
ENSG00000185825	BCAP31	9398	8290	10167	7588	7782	8078	6488
ENSG00000185829	ARL17A	1797	1738	1946	1289	1417	1424	1186
ENSG00000185838	GNB1L	424	388	422	323	316	328	214
ENSG00000185842	DNAH14	438	354	362	313	368	360	325
ENSG00000185860	CCDC190	0	0	1	0	0	0	0
ENSG00000185862	EVI2B	3	1	1	1	3	0	1
ENSG00000185864	NPIPB4	1019	868	792	750	591	819	506
ENSG00000185869	ZNF829	19	17	27	12	18	13	10
ENSG00000185875	THNSL1	701	636	741	511	593	626	482
ENSG00000185880	TRIM69	6	6	5	3	9	0	5
ENSG00000185883	ATP6V0C	6596	5270	6241	5001	5187	5512	4320
ENSG00000185885	IFITM1	69	62	55	74	47	58	41
ENSG00000185896	LAMP1	6968	6081	6746	5028	5383	5704	4694
ENSG00000185900	POMK	899	781	793	801	747	703	566
ENSG00000185909	KLHDC8B	335	306	300	239	218	256	184
ENSG00000185915	KLHL34	4	7	2	2	4	4	1
ENSG00000185917	SETD4	520	486	518	316	364	403	286
ENSG00000185920	PTCH1	367	333	444	255	365	322	194
ENSG00000185924	RTN4RL1	137	98	134	80	85	76	65
ENSG00000185933	CALHM1	0	0	0	1	0	4	1
ENSG00000185942	NKAIN3	83	121	94	68	87	71	66
ENSG00000185946	RNPC3	614	521	631	444	447	474	396
ENSG00000185947	ZNF267	523	504	526	376	444	435	386
ENSG00000185950	IRS2	4975	4328	5440	3409	4324	4559	3472
ENSG00000185955	SPACDR	7	9	12	13	10	4	7
ENSG00000185958	FAM186A	9	5	4	2	1	1	0
ENSG00000185960	SHOX	9	7	10	4	1	4	2
ENSG00000185963	BICD2	2392	2143	2691	1672	1966	2130	1628
ENSG00000185966	LCE3E	2	1	2	0	0	0	0
ENSG00000185972	CCIN	1	0	2	0	0	0	1
ENSG00000185973	TMLHE	607	498	567	378	456	408	352
ENSG00000185985	SLITRK2	0	1	0	0	0	0	0
ENSG00000185988	PLK5	5	0	3	0	0	0	0
ENSG00000185989	RASA3	714	609	661	516	549	568	471
ENSG00000186001	LRCH3	1127	985	1131	855	912	865	792
ENSG00000186010	NDUFA13	2512	2202	2421	1864	1982	1936	1583
ENSG00000186017	ZNF566	617	550	671	446	523	589	403
ENSG00000186020	ZNF529	154	144	160	136	117	146	107
ENSG00000186026	ZNF284	128	109	101	75	71	105	64
ENSG00000186047	DLEU7	0	0	1	0	0	0	0
ENSG00000186051	TAL2	1	2	0	1	1	1	2
ENSG00000186063	AIDA	4572	3999	4665	3506	3838	4060	3234
ENSG00000186073	CDIN1	567	453	597	379	496	503	471
ENSG00000186074	CD300LF	1	0	0	0	0	0	0
ENSG00000186081	KRT5	6	2	0	2	3	6	3
ENSG00000186086	NBPF6	0	1	2	0	0	0	0
ENSG00000186088	GSAP	391	270	343	307	241	300	250
ENSG00000186090	HTR3D	0	0	1	0	0	0	0
ENSG00000186094	AGBL4	1	5	5	7	2	3	1
ENSG00000186103	ARGFX	2	6	0	2	2	3	2
ENSG00000186104	CYP2R1	222	187	240	148	162	158	165
ENSG00000186105	LRRC70	2	3	6	0	6	2	7
ENSG00000186106	ANKRD46	371	346	363	264	309	284	274
ENSG00000186111	PIP5K1C	2082	1759	2033	1487	1578	1665	1244
ENSG00000186115	CYP4F2	0	1	9	2	1	5	5
ENSG00000186118	TEX38	0	2	0	0	2	0	0
ENSG00000186130	ZBTB6	712	652	795	483	591	642	549
ENSG00000186132	C2orf76	255	197	202	190	184	185	181
ENSG00000186136	TAS2R42	0	0	0	2	1	1	0
ENSG00000186141	POLR3C	873	799	846	671	801	782	669
ENSG00000186146	DEFB131A	2	0	4	1	3	2	0
ENSG00000186150	UBL4B	0	0	0	0	0	1	0
ENSG00000186153	WWOX	421	323	384	285	322	331	273
ENSG00000186166	CENATAC	180	140	163	146	142	140	90
ENSG00000186174	BCL9L	12491	10594	11505	8438	9969	9700	8150
ENSG00000186184	POLR1D	2443	1997	2308	1745	1856	2110	1598
ENSG00000186185	KIF18B	4288	3501	3956	2943	3236	3298	2616
ENSG00000186187	ZNRF1	1215	975	1325	916	992	1008	748
ENSG00000186188	FFAR4	158	122	141	114	125	141	95
ENSG00000186193	SAPCD2	3526	3200	3783	2668	2971	2919	2344
ENSG00000186197	EDARADD	861	696	816	544	631	694	540
ENSG00000186198	SLC51B	108	76	91	77	93	91	67
ENSG00000186204	CYP4F12	280	211	296	186	218	205	159
ENSG00000186205	MTARC1	457	441	534	373	398	437	331
ENSG00000186207	LCE5A	1	0	0	0	0	0	0
ENSG00000186212	SOWAHB	47	34	27	39	22	24	24
ENSG00000186222	BLOC1S4	830	744	830	599	661	674	500
ENSG00000186226	LCE1E	0	1	0	1	0	0	2
ENSG00000186230	ZNF749	362	339	366	239	315	303	281
ENSG00000186231	KLHL32	1	2	3	3	2	1	0
ENSG00000186260	MRTFB	2212	1853	2242	1355	1810	1684	1471
ENSG00000186265	BTLA	1	0	0	2	0	0	0
ENSG00000186272	ZNF17	170	157	172	127	164	134	146
ENSG00000186280	KDM4D	57	27	56	29	32	32	20
ENSG00000186281	GPAT2	0	0	0	1	0	0	0
ENSG00000186283	TOR3A	2890	2557	2805	2093	2358	2540	1991
ENSG00000186288	PABPC1L2A	0	0	0	0	0	0	1
ENSG00000186297	GABRA5	1950	1627	1789	1471	1569	1726	1321
ENSG00000186298	PPP1CC	7955	6860	8419	5771	6627	6844	5339
ENSG00000186300	ZNF555	129	92	114	106	89	132	91
ENSG00000186310	NAP1L3	8	8	6	2	2	7	0
ENSG00000186314	PRELID2	440	361	459	314	375	360	319
ENSG00000186318	BACE1	940	894	1015	622	789	815	631
ENSG00000186326	RGS9BP	36	39	45	29	30	37	28
ENSG00000186329	TMEM212	127	111	107	73	84	98	67
ENSG00000186335	SLC36A2	0	10	0	6	0	0	0
ENSG00000186340	THBS2	0	0	3	0	0	1	0
ENSG00000186350	RXRA	4059	3483	3865	2974	3329	3353	2722
ENSG00000186352	ANKRD37	28	24	37	14	23	32	25
ENSG00000186364	NUDT17	110	103	94	85	79	92	54
ENSG00000186367	MINAR2	2	0	1	5	3	1	1
ENSG00000186376	ZNF75D	530	466	544	370	403	414	379
ENSG00000186377	CYP4X1	0	0	0	0	0	1	1
ENSG00000186395	KRT10	4337	4108	3752	3122	3759	3459	2941
ENSG00000186399	GOLGA8R	114	113	113	72	86	78	63
ENSG00000186409	CCDC30	99	70	106	80	90	99	70
ENSG00000186416	NKRF	1527	1446	1553	1076	1247	1369	1109
ENSG00000186417	GLDN	0	1	1	1	1	0	2
ENSG00000186431	FCAR	21	19	20	18	20	10	10
ENSG00000186432	KPNA4	3288	3271	3635	2349	2705	2939	2331
ENSG00000186439	TRDN	1	0	0	1	0	0	1
ENSG00000186442	KRT3	8	1	6	10	3	3	6
ENSG00000186446	ZNF501	0	1	0	0	1	0	0
ENSG00000186448	ZNF197	204	219	231	152	205	203	148
ENSG00000186451	SPATA12	19	28	19	14	19	7	16
ENSG00000186453	FAM228A	0	0	1	0	0	0	0
ENSG00000186462	NAP1L2	176	174	186	110	170	184	123
ENSG00000186468	RPS23	18560	16697	19682	14701	15944	17281	13842
ENSG00000186469	GNG2	123	107	93	80	81	84	65
ENSG00000186470	BTN3A2	650	599	662	463	543	546	440
ENSG00000186471	AKAP14	1	0	0	0	0	0	0
ENSG00000186472	PCLO	372	433	383	244	312	277	262
ENSG00000186480	INSIG1	1828	1486	1894	1234	1602	1658	1277
ENSG00000186487	MYT1L	75	81	78	54	56	47	19
ENSG00000186496	ZNF396	64	45	67	40	59	62	42
ENSG00000186501	TMEM222	1076	957	1046	853	910	902	701
ENSG00000186510	CLCNKA	3	3	3	1	0	0	1
ENSG00000186517	ARHGAP30	30	20	18	28	19	12	13
ENSG00000186522	SEPTIN10	2177	1973	2482	1508	1793	1824	1504
ENSG00000186523	FAM86B1	33	16	18	14	11	8	4
ENSG00000186529	CYP4F3	2494	2215	2409	1689	1885	2067	1581
ENSG00000186532	SMYD4	1372	1209	1339	858	1069	1065	919
ENSG00000186562	DEFB105A	4	1	4	2	9	3	3
ENSG00000186564	FOXD2	124	120	118	104	80	110	90
ENSG00000186566	GPATCH8	2924	2482	2692	1946	2143	2232	1970
ENSG00000186567	CEACAM19	417	382	403	252	269	300	221
ENSG00000186575	NF2	1374	1361	1496	1158	1215	1252	981
ENSG00000186577	SMIM29	512	401	445	363	409	439	328
ENSG00000186583	SPATC1	2	2	3	1	4	2	2
ENSG00000186591	UBE2H	6455	5614	6749	4687	5080	5252	4125
ENSG00000186603	HPDL	118	109	119	92	82	90	77
ENSG00000186625	KATNA1	445	371	420	307	330	331	259
ENSG00000186628	FSD2	14	16	20	16	14	12	16
ENSG00000186635	ARAP1	3913	3503	3854	2815	2944	3129	2469
ENSG00000186638	KIF24	850	794	812	567	673	648	563
ENSG00000186642	PDE2A	7	8	3	5	16	8	5
ENSG00000186645	SPDYE17	2	8	7	0	3	5	7
ENSG00000186648	CARMIL3	80	54	69	49	43	65	50
ENSG00000186654	PRR5	577	532	566	407	436	429	396
ENSG00000186660	ZFP91	6258	5528	6451	4448	5335	5326	4424
ENSG00000186665	C17orf58	337	325	410	262	290	361	270
ENSG00000186666	BCDIN3D	433	352	384	277	294	359	283
ENSG00000186675	MAGEE2	0	1	0	0	0	0	0
ENSG00000186684	CYP27C1	229	211	237	206	204	191	138
ENSG00000186687	LYRM7	918	739	929	651	727	760	581
ENSG00000186710	CFAP73	14	11	15	16	3	9	8
ENSG00000186714	CCDC73	0	1	2	1	1	0	1
ENSG00000186716	BCR	2368	1996	2523	1686	1912	1809	1547
ENSG00000186723	OR10H1	60	40	49	31	26	33	27
ENSG00000186732	MPPED1	1	0	0	0	1	0	0
ENSG00000186765	FSCN2	54	64	94	47	61	50	45
ENSG00000186767	SPIN4	866	802	882	570	759	698	584
ENSG00000186787	SPIN2B	251	225	255	149	194	181	175
ENSG00000186788	SPATA31D3	2	0	0	0	0	0	0
ENSG00000186790	FOXE3	2	1	6	1	1	0	2
ENSG00000186792	HYAL3	328	251	319	226	227	232	217
ENSG00000186803	IFNA10	1	0	0	0	0	0	0
ENSG00000186806	VSIG10L	317	284	311	184	200	211	221
ENSG00000186810	CXCR3	0	2	0	0	0	1	0
ENSG00000186812	ZNF397	894	820	876	635	702	664	571
ENSG00000186814	ZSCAN30	226	188	211	150	151	152	132
ENSG00000186815	TPCN1	4713	4027	4857	3361	3498	3831	3164
ENSG00000186818	LILRB4	0	0	0	0	1	0	0
ENSG00000186832	KRT16	28	30	46	21	31	19	18
ENSG00000186834	HEXIM1	14086	12210	13916	10339	11000	11399	9075
ENSG00000186838	SELENOV	0	0	0	0	0	0	2
ENSG00000186844	LCE1A	0	0	0	1	0	0	0
ENSG00000186847	KRT14	0	0	1	0	0	0	0
ENSG00000186854	TRABD2A	31	38	35	40	43	27	28
ENSG00000186862	PDZD7	43	44	94	56	46	49	25
ENSG00000186866	POFUT2	1005	824	998	685	690	723	588
ENSG00000186867	QRFPR	1	2	5	3	0	4	3
ENSG00000186868	MAPT	99	123	137	108	82	84	93
ENSG00000186871	ERCC6L	1571	1393	1609	1060	1279	1307	1087
ENSG00000186889	TMEM17	259	246	298	203	226	261	205
ENSG00000186891	TNFRSF18	1	1	0	0	0	0	0
ENSG00000186897	C1QL4	174	128	160	120	93	115	101
ENSG00000186907	RTN4RL2	2726	2133	2687	2051	1993	2222	1795
ENSG00000186908	ZDHHC17	1168	1052	1188	779	878	1064	782
ENSG00000186910	SERPINA11	0	0	0	0	0	1	0
ENSG00000186912	P2RY4	2	3	3	0	1	2	1
ENSG00000186918	ZNF395	1843	1533	2068	1369	1398	1601	1199
ENSG00000186951	PPARA	453	359	473	306	351	398	280
ENSG00000186952	TMEM232	0	2	2	2	0	3	1
ENSG00000186973	FAM183A	4	0	1	0	3	0	0
ENSG00000186976	EFCAB6	34	36	43	22	27	21	27
ENSG00000186994	KANK3	79	74	92	54	51	58	52
ENSG00000186998	EMID1	22	15	15	14	8	15	5
ENSG00000187010	RHD	14	12	3	3	5	4	4
ENSG00000187017	ESPN	7	3	15	2	3	7	10
ENSG00000187024	PTRH1	402	329	393	279	331	329	247
ENSG00000187037	GPR141	58	45	31	42	45	52	39
ENSG00000187045	TMPRSS6	57	50	57	34	30	47	24
ENSG00000187048	CYP4A11	0	0	0	1	0	0	4
ENSG00000187049	TMEM216	208	195	210	172	193	202	165
ENSG00000187051	RPS19BP1	1535	1394	1654	1153	1322	1403	1119
ENSG00000187068	C3orf70	2	5	10	2	4	5	4
ENSG00000187079	TEAD1	8437	7428	8777	5280	6716	6785	5678
ENSG00000187080	OR2AK2	0	0	0	1	0	0	0
ENSG00000187091	PLCD1	238	259	259	209	191	216	149
ENSG00000187094	CCK	17	20	17	18	14	13	7
ENSG00000187097	ENTPD5	1175	1071	1242	807	944	988	778
ENSG00000187098	MITF	1234	1084	1316	877	1032	1003	789
ENSG00000187105	HEATR4	13	8	6	5	9	6	6
ENSG00000187109	NAP1L1	26216	22798	29551	20224	22794	24484	18979
ENSG00000187118	CMC1	851	780	801	702	724	694	626
ENSG00000187122	SLIT1	34	26	34	41	26	26	18
ENSG00000187123	LYPD6	6	10	17	5	5	5	6
ENSG00000187134	AKR1C1	54983	47577	45278	36654	40690	42749	34664
ENSG00000187135	VSTM2B	0	0	2	3	0	0	1
ENSG00000187140	FOXD3	89	59	72	45	65	61	84
ENSG00000187144	SPATA21	2	6	5	0	0	0	0
ENSG00000187147	RNF220	632	596	559	428	491	466	383
ENSG00000187151	ANGPTL5	1	0	5	5	0	0	2
ENSG00000187164	SHTN1	1257	1104	1069	788	909	882	801
ENSG00000187166	H1-7	0	0	2	0	0	2	0
ENSG00000187180	LCE2C	1	0	0	0	0	0	0
ENSG00000187186	NA	123	91	116	104	103	108	89
ENSG00000187187	ZNF546	335	339	331	240	238	307	216
ENSG00000187189	TSPYL4	539	513	485	374	405	397	338
ENSG00000187193	MT1X	1953	1561	2049	1642	1450	1445	1199
ENSG00000187210	GCNT1	107	98	128	96	101	101	88
ENSG00000187231	SESTD1	1379	1263	1496	929	1078	1066	986
ENSG00000187239	FNBP1	983	799	1034	729	795	781	647
ENSG00000187240	DYNC2H1	699	695	917	464	594	595	540
ENSG00000187242	KRT12	8	7	5	5	4	4	3
ENSG00000187243	MAGED4B	161	141	158	54	61	82	81
ENSG00000187244	BCAM	4407	3786	4157	3428	3341	3544	2823
ENSG00000187257	RSBN1L	1446	1162	1403	1067	1063	1189	919
ENSG00000187258	NPSR1	0	0	3	0	1	0	1
ENSG00000187260	WDR86	5	4	9	2	0	1	7
ENSG00000187266	EPOR	201	168	277	190	159	180	150
ENSG00000187268	FAM9C	0	0	0	0	0	0	2
ENSG00000187288	CIDEC	102	72	90	81	46	49	51
ENSG00000187323	DCC	3	4	7	2	4	4	2
ENSG00000187325	TAF9B	1379	1217	1477	988	1032	1214	942
ENSG00000187372	PCDHB13	13	6	8	4	6	4	11
ENSG00000187391	MAGI2	87	82	92	51	67	61	70
ENSG00000187398	LUZP2	0	1	0	0	1	0	0
ENSG00000187416	LHFPL3	0	0	1	0	0	0	0
ENSG00000187446	CHP1	10807	9070	11207	7919	8631	9194	7322
ENSG00000187474	FPR3	1	0	0	0	0	0	0
ENSG00000187475	H1-6	2	0	1	0	0	0	0
ENSG00000187479	C11orf96	3	1	3	0	0	2	0
ENSG00000187486	KCNJ11	165	133	181	143	134	166	111
ENSG00000187492	CDHR4	57	57	91	44	49	58	39
ENSG00000187498	COL4A1	2659	2392	2996	1882	2066	1967	1679
ENSG00000187510	PLEKHG7	0	1	6	1	0	3	3
ENSG00000187514	PTMA	62092	52040	66275	49601	50287	53717	41136
ENSG00000187516	H2AP	0	0	0	0	1	0	0
ENSG00000187522	HSPA14	1620	1429	1597	1187	1294	1453	1122
ENSG00000187531	SIRT7	869	772	865	654	711	736	569
ENSG00000187535	IFT140	1321	1232	1416	1032	994	1063	764
ENSG00000187546	AGMO	192	156	152	117	121	165	110
ENSG00000187550	SBK2	173	125	142	134	103	117	82
ENSG00000187553	CYP26C1	0	0	0	1	2	0	0
ENSG00000187554	TLR5	35	33	37	32	34	34	29
ENSG00000187555	USP7	3801	3563	4453	2747	3288	3487	2779
ENSG00000187556	NANOS3	7	0	1	6	12	6	5
ENSG00000187559	FOXD4L3	6	2	3	3	2	0	2
ENSG00000187566	NHLRC1	145	140	137	118	115	140	90
ENSG00000187581	COX8C	0	0	2	1	1	0	0
ENSG00000187583	PLEKHN1	367	343	378	281	358	327	269
ENSG00000187595	ZNF385C	5	11	22	10	15	17	10
ENSG00000187601	MAGEH1	267	259	266	198	223	229	163
ENSG00000187605	TET3	1667	1511	1815	1038	1397	1446	1263
ENSG00000187607	ZNF286A	1534	1272	1444	995	1165	1269	1033
ENSG00000187608	ISG15	172	123	153	117	136	122	93
ENSG00000187609	EXD3	268	208	221	191	248	224	132
ENSG00000187624	C17orf97	326	272	338	278	254	303	211
ENSG00000187626	ZKSCAN4	215	171	180	127	151	148	153
ENSG00000187627	RGPD1	7	10	15	0	10	0	7
ENSG00000187630	DHRS4L2	839	775	940	642	685	779	574
ENSG00000187634	SAMD11	3079	2786	3014	2277	2361	2568	2024
ENSG00000187642	PERM1	4	3	2	3	3	4	0
ENSG00000187650	VMAC	152	124	153	99	108	119	103
ENSG00000187664	HAPLN4	100	112	118	74	87	69	67
ENSG00000187676	B3GLCT	502	426	504	393	376	419	340
ENSG00000187678	SPRY4	467	446	463	336	386	425	320
ENSG00000187682	ERAS	6	6	8	4	0	3	3
ENSG00000187688	TRPV2	9	5	10	7	6	11	1
ENSG00000187690	EZHIP	0	0	0	0	0	1	0
ENSG00000187699	C2orf88	43	38	50	35	46	33	32
ENSG00000187713	TMEM203	1874	1525	2056	1482	1611	1566	1168
ENSG00000187714	SLC18A3	2	0	0	0	0	0	1
ENSG00000187715	KBTBD12	57	49	55	55	59	55	42
ENSG00000187720	THSD4	7248	6166	7159	4718	5914	5964	4939
ENSG00000187726	DNAJB13	10	11	8	2	3	5	3
ENSG00000187730	GABRD	13	6	10	0	7	8	6
ENSG00000187735	TCEA1	8851	7782	9799	6572	7664	8248	6364
ENSG00000187736	NHEJ1	516	430	565	403	536	471	414
ENSG00000187741	FANCA	1841	1690	1930	1295	1379	1490	1148
ENSG00000187742	SECISBP2	1504	1332	1501	1117	1244	1296	1061
ENSG00000187747	OR52B6	0	1	0	0	0	0	0
ENSG00000187753	C9orf153	5	2	6	1	3	5	4
ENSG00000187764	SEMA4D	1055	851	1137	753	806	807	654
ENSG00000187772	LIN28B	423	349	452	291	353	303	276
ENSG00000187775	DNAH17	12	10	26	18	23	19	4
ENSG00000187778	MCRS1	2773	2380	2775	2067	2238	2243	1785
ENSG00000187783	TMEM72	0	0	0	0	0	1	0
ENSG00000187790	FANCM	501	455	675	299	466	462	360
ENSG00000187792	ZNF70	304	316	345	231	205	238	181
ENSG00000187796	CARD9	1	2	10	1	5	0	0
ENSG00000187800	PEAR1	145	92	139	104	125	74	50
ENSG00000187801	ZFP69B	75	58	58	38	66	52	32
ENSG00000187808	SOWAHD	13	11	19	11	14	15	8
ENSG00000187815	ZFP69	6	2	1	0	1	1	1
ENSG00000187824	TMEM220	153	133	175	108	126	142	95
ENSG00000187833	C2orf78	1	1	0	0	0	0	0
ENSG00000187837	H1-2	611	570	706	432	480	597	368
ENSG00000187838	PLSCR3	885	759	911	617	626	631	547
ENSG00000187840	EIF4EBP1	3452	2885	3107	2589	2745	2816	2386
ENSG00000187848	P2RX2	4	1	1	0	1	0	1
ENSG00000187857	OR6C75	0	0	0	0	3	1	0
ENSG00000187860	CCDC157	217	170	236	194	150	182	126
ENSG00000187862	TTC24	1	0	0	0	0	1	1
ENSG00000187866	PABIR1	662	582	669	529	576	623	460
ENSG00000187867	PALM3	193	142	152	125	132	112	102
ENSG00000187871	GFRAL	0	1	0	0	3	2	1
ENSG00000187889	FYB2	0	1	0	0	0	0	0
ENSG00000187902	SHISA7	2	3	0	1	3	1	1
ENSG00000187905	LRRC74B	0	0	0	0	3	0	7
ENSG00000187908	DMBT1	7	2	6	9	4	6	3
ENSG00000187912	CLEC17A	13	7	9	5	8	9	8
ENSG00000187942	LDLRAD2	38	33	45	32	15	29	26
ENSG00000187944	C2orf66	5	5	2	3	7	2	3
ENSG00000187954	ZFTRAF1	1461	1269	1523	1046	1232	1142	954
ENSG00000187955	COL14A1	3	7	3	0	0	5	0
ENSG00000187957	DNER	56	28	49	34	41	39	44
ENSG00000187959	CPSF4L	0	3	2	2	1	2	0
ENSG00000187961	KLHL17	698	625	700	537	488	530	450
ENSG00000187980	PLA2G2C	2	1	0	0	1	0	0
ENSG00000187994	RINL	253	264	280	219	208	211	187
ENSG00000187997	C17orf99	1	0	0	0	0	0	0
ENSG00000188000	OR7D2	11	9	2	3	8	3	4
ENSG00000188001	TPRG1	17	14	23	16	12	17	7
ENSG00000188010	MORN2	394	335	405	308	288	305	254
ENSG00000188015	S100A3	1084	920	973	851	844	855	714
ENSG00000188021	UBQLN2	2993	2550	2908	2132	2413	2603	2003
ENSG00000188026	RILPL1	496	447	541	426	430	468	322
ENSG00000188033	ZNF490	80	82	99	79	75	61	78
ENSG00000188037	CLCN1	1	3	6	1	1	4	3
ENSG00000188038	NRN1L	1	2	0	1	6	7	1
ENSG00000188039	NWD1	6	3	7	3	3	7	4
ENSG00000188042	ARL4C	9665	8428	10642	7462	8282	8371	6461
ENSG00000188051	TMEM221	98	99	103	66	86	92	67
ENSG00000188056	TREML4	0	0	0	0	1	0	0
ENSG00000188060	RAB42	47	40	46	28	39	27	29
ENSG00000188064	WNT7B	7111	5951	7320	5356	5681	5870	4807
ENSG00000188070	ZFTA	871	747	891	622	627	645	488
ENSG00000188092	GPR89B	61	2	32	26	0	16	28
ENSG00000188095	MESP2	29	37	33	26	23	21	20
ENSG00000188100	FAM25A	1	0	0	0	0	0	0
ENSG00000188107	EYS	7	8	9	4	10	11	4
ENSG00000188112	C6orf132	134	98	130	105	101	90	62
ENSG00000188124	OR2AG2	1	0	2	2	1	0	1
ENSG00000188130	MAPK12	462	383	498	334	364	413	261
ENSG00000188133	TMEM215	5	7	7	8	8	5	2
ENSG00000188152	NUTM2G	28	20	24	16	18	15	13
ENSG00000188153	COL4A5	3009	2647	3380	2009	2383	2375	2019
ENSG00000188157	AGRN	22485	19660	24182	16339	18168	17296	14140
ENSG00000188158	NHS	969	902	1054	625	803	795	660
ENSG00000188162	OTOG	0	0	0	0	1	0	0
ENSG00000188163	FAM166A	3	2	3	0	2	0	2
ENSG00000188167	TMPPE	94	71	75	63	73	79	51
ENSG00000188171	ZNF626	0	0	2	0	0	0	0
ENSG00000188176	SMTNL2	4	2	2	3	1	0	1
ENSG00000188177	ZC3H6	194	188	191	114	137	136	116
ENSG00000188186	LAMTOR4	1653	1657	1820	1329	1519	1409	1122
ENSG00000188191	PRKAR1B	2028	1861	2044	1559	1756	1785	1335
ENSG00000188199	NUTM2B	29	23	28	23	18	22	20
ENSG00000188211	NCR3LG1	277	280	270	147	273	242	237
ENSG00000188215	DCUN1D3	529	483	476	439	411	437	328
ENSG00000188219	POTEE	2	1	1	0	0	0	0
ENSG00000188227	ZNF793	99	66	96	64	82	68	47
ENSG00000188229	TUBB4B	24119	20686	23398	17530	19171	19278	15122
ENSG00000188234	AGAP4	358	327	337	266	221	269	229
ENSG00000188243	COMMD6	811	644	674	560	565	642	525
ENSG00000188257	PLA2G2A	7	5	4	5	2	2	2
ENSG00000188263	IL17REL	27	0	20	18	0	0	9
ENSG00000188266	HYKK	321	257	289	197	253	246	201
ENSG00000188277	C15orf62	55	49	65	39	35	33	41
ENSG00000188282	RUFY4	2	2	1	0	0	0	0
ENSG00000188283	ZNF383	305	293	324	207	267	332	216
ENSG00000188290	HES4	337	323	420	273	288	303	258
ENSG00000188293	IGFL1	19	17	30	13	20	15	9
ENSG00000188295	ZNF669	151	155	176	134	128	173	101
ENSG00000188305	PEAK3	50	51	37	45	34	29	28
ENSG00000188306	LRRIQ4	1	0	0	0	0	0	1
ENSG00000188312	CENPP	484	473	511	384	450	473	380
ENSG00000188313	PLSCR1	2416	2288	2410	1730	1770	1961	1652
ENSG00000188315	C3orf62	191	142	149	105	119	117	108
ENSG00000188316	ENO4	18	21	11	16	19	16	19
ENSG00000188321	ZNF559	228	219	226	180	169	174	142
ENSG00000188322	SBK1	151	141	152	118	128	121	95
ENSG00000188324	OR6C6	1	3	1	0	2	3	0
ENSG00000188338	SLC38A3	0	2	0	1	0	1	1
ENSG00000188342	GTF2F2	1075	922	1058	778	967	939	753
ENSG00000188343	CIBAR1	234	128	242	97	195	144	112
ENSG00000188352	FOCAD	2347	2090	2575	1252	2052	1858	1492
ENSG00000188368	PRR19	143	130	143	122	121	124	121
ENSG00000188372	ZP3	651	547	610	475	544	553	434
ENSG00000188385	JAKMIP3	567	557	535	296	455	508	411
ENSG00000188389	PDCD1	0	0	0	1	0	0	0
ENSG00000188394	GPR21	1	0	0	1	0	0	0
ENSG00000188396	DYNLT4	18	15	15	7	10	9	13
ENSG00000188404	SELL	3	10	8	10	9	6	1
ENSG00000188419	CHM	1162	1090	1379	768	1039	1027	904
ENSG00000188425	NANOS2	0	0	0	0	1	1	1
ENSG00000188428	BLOC1S5	397	323	395	292	312	348	239
ENSG00000188452	CERKL	85	78	77	69	64	60	57
ENSG00000188467	SLC24A5	3	1	0	1	4	2	2
ENSG00000188483	IER5L	7745	6674	7242	5766	5987	6024	4959
ENSG00000188486	H2AX	5636	4826	5463	4146	4305	4520	3623
ENSG00000188487	INSC	0	0	2	0	0	0	0
ENSG00000188488	SERPINA5	31	37	39	23	25	36	23
ENSG00000188493	C19orf54	1639	1438	1535	1180	1268	1289	1058
ENSG00000188501	LCTL	47	59	47	45	59	52	49
ENSG00000188505	NCCRP1	14	11	12	6	12	10	5
ENSG00000188508	KRTDAP	0	0	0	0	0	0	1
ENSG00000188522	FAM83G	2578	2286	2708	1972	2092	2157	1716
ENSG00000188523	CFAP77	0	0	2	1	4	1	1
ENSG00000188529	SRSF10	4600	4120	4831	3360	3771	4032	3212
ENSG00000188536	HBA2	1	6	7	4	1	4	0
ENSG00000188542	DUSP28	276	245	319	231	212	222	176
ENSG00000188549	CCDC9B	1132	1051	1304	704	879	787	678
ENSG00000188554	NBR1	5435	4681	5852	3882	4404	4563	3454
ENSG00000188558	OR2G6	4	7	8	1	1	4	7
ENSG00000188559	RALGAPA2	1520	1411	1729	1025	1214	1227	1009
ENSG00000188566	NDOR1	2650	2388	2749	1888	2155	2038	1755
ENSG00000188573	FBLL1	8	4	2	1	1	10	2
ENSG00000188580	NKAIN2	2	0	0	0	1	0	1
ENSG00000188581	KRTAP1-1	0	0	1	0	0	1	0
ENSG00000188582	PAQR9	171	173	210	131	151	170	124
ENSG00000188585	CLEC20A	0	0	0	0	0	2	0
ENSG00000188596	CFAP54	108	98	103	55	86	81	80
ENSG00000188603	CLN3	1620	1420	1541	1193	1287	1415	1097
ENSG00000188610	FAM72B	777	636	764	536	585	630	479
ENSG00000188611	ASAH2	43	44	49	24	20	42	33
ENSG00000188612	SUMO2	11845	9923	11267	8574	8846	9700	7628
ENSG00000188613	NANOS1	102	89	103	73	84	79	60
ENSG00000188620	HMX3	4	8	4	7	7	2	6
ENSG00000188624	IGFL3	1	4	1	2	2	3	0
ENSG00000188626	GOLGA8M	29	22	16	12	17	8	17
ENSG00000188629	ZNF177	18	11	0	19	7	10	18
ENSG00000188636	RTL6	1975	1683	1941	1311	1624	1603	1306
ENSG00000188641	DPYD	462	420	492	340	352	375	271
ENSG00000188643	S100A16	8330	6951	7926	5805	6533	6706	5294
ENSG00000188647	PTAR1	2807	2611	2843	1736	2277	2292	2034
ENSG00000188649	CC2D2B	1	4	6	1	3	2	3
ENSG00000188659	SAXO2	27	22	32	16	12	18	11
ENSG00000188672	RHCE	0	1	7	1	4	2	1
ENSG00000188676	IDO2	1	0	0	1	0	0	1
ENSG00000188677	PARVB	1302	1169	1493	1018	1126	1143	833
ENSG00000188687	SLC4A5	40	54	68	35	48	52	47
ENSG00000188690	UROS	2139	1962	2089	1568	1697	1867	1472
ENSG00000188706	ZDHHC9	2964	2443	3086	2123	2273	2548	1986
ENSG00000188710	QRFP	10	6	11	4	8	1	3
ENSG00000188725	SMIM15	3242	2886	3388	2330	2818	2911	2336
ENSG00000188732	FAM221A	13	22	6	8	6	9	12
ENSG00000188735	TMEM120B	1744	1491	1685	1431	1536	1637	1230
ENSG00000188738	FSIP2	1	8	13	5	6	5	12
ENSG00000188739	RBM34	1511	1294	1447	1167	1153	1287	1030
ENSG00000188747	NOXA1	243	235	289	203	191	194	162
ENSG00000188760	TMEM198	33	39	23	22	31	36	31
ENSG00000188761	BCL2L15	171	156	151	141	126	95	106
ENSG00000188763	FZD9	113	100	101	106	94	104	71
ENSG00000188766	SPRED3	193	164	185	117	100	110	107
ENSG00000188771	PLET1	0	0	1	0	0	0	0
ENSG00000188779	SKOR1	10	7	14	9	16	9	4
ENSG00000188783	PRELP	4	3	0	5	1	1	1
ENSG00000188785	ZNF548	187	142	164	110	156	178	141
ENSG00000188786	MTF1	829	761	782	522	695	676	543
ENSG00000188800	TMCO2	0	1	0	0	0	0	0
ENSG00000188807	TMEM201	966	854	1007	698	853	856	676
ENSG00000188811	NHLRC3	455	452	487	344	436	433	353
ENSG00000188816	HMX2	5	8	8	3	8	3	7
ENSG00000188817	SNTN	4	2	3	2	2	3	4
ENSG00000188818	ZDHHC11	369	365	297	260	265	251	191
ENSG00000188822	CNR2	40	44	43	33	42	26	18
ENSG00000188827	SLX4	1105	996	1185	758	866	876	716
ENSG00000188833	ENTPD8	28	15	34	17	19	20	5
ENSG00000188846	RPL14	4370	3609	3792	3022	3390	3415	2938
ENSG00000188848	BEND4	0	2	0	0	0	0	0
ENSG00000188859	FAM78B	2	1	2	3	7	1	4
ENSG00000188869	TMC3	4	3	1	0	1	2	0
ENSG00000188878	FBF1	1087	961	1135	872	856	874	670
ENSG00000188883	KLRG2	86	61	99	59	69	67	62
ENSG00000188895	MSL1	4243	3755	4679	3031	3384	3578	2968
ENSG00000188897	NA	27	22	15	18	21	15	15
ENSG00000188906	LRRK2	1605	1519	1671	938	1249	1354	1155
ENSG00000188910	GJB3	69	60	66	54	57	52	40
ENSG00000188916	INSYN2A	16	15	13	8	23	20	8
ENSG00000188917	TRMT2B	1426	1328	1604	1097	1263	1273	1057
ENSG00000188921	HACD4	210	173	185	136	138	166	126
ENSG00000188931	CFAP126	39	47	47	31	26	41	25
ENSG00000188937	NYX	0	0	1	0	0	0	0
ENSG00000188938	FAM120AOS	2152	1792	2165	1514	1699	1765	1356
ENSG00000188958	UTS2B	15	12	5	11	9	6	7
ENSG00000188959	C9orf152	547	494	495	383	376	402	289
ENSG00000188976	NOC2L	5252	4594	5345	4083	4405	4501	3395
ENSG00000188981	MSANTD1	10	7	12	8	5	6	5
ENSG00000188986	NELFB	4701	4223	4632	3415	3743	3641	2967
ENSG00000188992	LIPI	0	0	0	0	0	2	1
ENSG00000188993	LRRC66	25	15	11	14	17	15	11
ENSG00000188994	ZNF292	955	832	1067	692	803	823	656
ENSG00000188996	HUS1B	4	4	4	6	2	3	2
ENSG00000188997	KCTD21	441	433	476	330	379	371	321
ENSG00000189001	SBSN	5	13	5	5	2	6	2
ENSG00000189007	ADAT2	336	287	300	216	236	258	204
ENSG00000189023	MAGEB16	0	0	0	0	0	0	1
ENSG00000189030	VHLL	0	3	1	0	0	0	1
ENSG00000189042	ZNF567	493	387	471	316	423	355	312
ENSG00000189043	NDUFA4	4613	3965	4497	3558	3788	4155	3121
ENSG00000189045	ANKDD1B	7	5	4	15	11	5	1
ENSG00000189046	ALKBH2	944	942	1049	777	829	891	684
ENSG00000189050	RNFT1	499	411	275	380	351	366	307
ENSG00000189051	RNF222	5	13	9	7	5	11	6
ENSG00000189052	CGB5	6	15	0	8	10	5	4
ENSG00000189056	RELN	0	0	4	0	0	7	0
ENSG00000189057	FAM111B	1592	1439	1600	1182	1389	1387	1122
ENSG00000189058	APOD	35	38	33	26	20	32	15
ENSG00000189060	H1-0	10689	9567	10705	8241	8471	8632	6958
ENSG00000189064	GAGE2A	0	2	1	1	1	0	0
ENSG00000189067	LITAF	13782	11336	12572	9696	10855	11398	9354
ENSG00000189068	VSTM1	2	1	4	1	1	0	1
ENSG00000189077	TMEM120A	771	584	615	569	537	586	486
ENSG00000189079	ARID2	1927	1607	1953	1292	1544	1582	1273
ENSG00000189090	FAM25G	3	0	0	1	0	0	0
ENSG00000189091	SF3B3	11169	9278	11064	7505	8859	8923	7459
ENSG00000189099	PRSS48	0	1	0	1	0	0	0
ENSG00000189114	BLOC1S3	898	685	951	647	776	773	607
ENSG00000189120	SP6	76	70	77	59	66	54	53
ENSG00000189127	ANKRD34B	5	4	3	1	3	5	2
ENSG00000189129	PLAC9	1	0	5	1	6	2	3
ENSG00000189143	CLDN4	299	289	291	224	220	188	160
ENSG00000189144	ZNF573	21	19	26	7	19	26	14
ENSG00000189152	GRAPL	0	14	11	9	5	4	7
ENSG00000189157	FAM47E	176	154	246	144	178	180	126
ENSG00000189159	JPT1	9765	8755	8993	7246	7311	7903	6117
ENSG00000189164	ZNF527	180	175	225	117	118	156	131
ENSG00000189167	ZAR1L	0	0	0	0	0	0	1
ENSG00000189171	S100A13	1197	1013	1252	837	831	982	776
ENSG00000189180	ZNF33A	1526	1390	1464	1037	1188	1157	974
ENSG00000189182	KRT77	0	0	0	0	0	0	1
ENSG00000189184	PCDH18	1	3	0	3	1	0	0
ENSG00000189190	ZNF600	1	0	0	0	0	0	0
ENSG00000189195	BTBD8	76	73	75	46	73	33	42
ENSG00000189221	MAOA	724	639	812	515	583	616	542
ENSG00000189227	C15orf61	413	327	399	319	319	351	246
ENSG00000189233	NUGGC	29	16	18	17	12	12	10
ENSG00000189241	TSPYL1	2571	2374	2475	1850	2211	2194	1747
ENSG00000189266	PNRC2	2238	2058	2329	1674	1800	1963	1502
ENSG00000189269	DRICH1	10	10	8	6	9	6	4
ENSG00000189280	GJB5	2	4	8	7	8	5	5
ENSG00000189283	FHIT	34	31	23	27	22	22	25
ENSG00000189292	ALKAL2	1	1	1	2	1	2	0
ENSG00000189298	ZKSCAN3	210	174	193	152	152	192	141
ENSG00000189306	RRP7A	3748	3425	3768	2748	3091	3156	2500
ENSG00000189308	LIN54	760	725	820	508	678	753	605
ENSG00000189319	FAM53B	1302	1140	1277	944	1011	1022	876
ENSG00000189320	FAM180A	2	0	0	0	0	0	0
ENSG00000189334	S100A14	8	10	6	9	3	6	6
ENSG00000189337	KAZN	174	152	184	131	144	153	130
ENSG00000189339	SLC35E2B	3099	2752	3177	2215	2495	2693	2020
ENSG00000189350	TOGARAM2	13	0	2	6	2	5	0
ENSG00000189362	NEMP2	478	428	489	345	435	378	280
ENSG00000189367	KIAA0408	81	77	77	74	55	97	57
ENSG00000189369	GSPT2	605	560	641	442	482	560	408
ENSG00000189375	TBC1D28	1	1	4	2	1	0	0
ENSG00000189376	C8orf76	841	644	726	610	687	647	554
ENSG00000189377	CXCL17	1	2	2	0	0	2	1
ENSG00000189401	OTUD6A	14	2	7	5	6	12	7
ENSG00000189403	HMGB1	23534	20480	22769	17684	18864	20381	16012
ENSG00000189409	MMP23B	10	1	6	5	4	6	3
ENSG00000189410	SH2D5	116	125	109	79	126	154	71
ENSG00000189420	ZFP92	65	36	44	40	38	32	40
ENSG00000189431	RASSF10	895	778	932	671	665	756	567
ENSG00000189433	GJB4	17	15	30	12	16	12	13
ENSG00000196072	BLOC1S2	1909	1744	1920	1401	1542	1633	1267
ENSG00000196074	SYCP2	223	174	184	135	162	140	119
ENSG00000196081	ZNF724	33	41	39	47	38	42	46
ENSG00000196083	IL1RAP	231	181	244	164	191	195	150
ENSG00000196091	MYBPC1	0	0	2	0	0	0	0
ENSG00000196092	PAX5	1	2	7	2	1	2	0
ENSG00000196104	SPOCK3	38	35	52	30	39	31	35
ENSG00000196109	ZNF676	0	0	0	2	0	0	0
ENSG00000196110	ZNF699	92	80	106	77	73	105	59
ENSG00000196116	TDRD7	1192	1052	1346	855	1017	1018	814
ENSG00000196118	CFAP119	92	67	101	56	73	58	32
ENSG00000196119	OR8A1	21	14	11	6	2	19	11
ENSG00000196123	KIAA0895L	652	543	590	447	476	453	373
ENSG00000196126	HLA-DRB1	0	0	1	0	0	1	3
ENSG00000196131	VN1R2	2	3	1	2	3	1	0
ENSG00000196132	MYT1	27	11	21	12	11	7	6
ENSG00000196136	SERPINA3	314	281	311	215	233	273	183
ENSG00000196139	AKR1C3	102220	89041	102748	77724	81842	87604	67787
ENSG00000196141	SPATS2L	5204	4255	4694	3697	4092	4248	3498
ENSG00000196150	ZNF250	230	200	229	146	157	195	149
ENSG00000196151	WDSUB1	377	268	346	239	308	299	274
ENSG00000196152	ZNF79	239	208	229	167	227	191	157
ENSG00000196154	S100A4	21808	18753	23243	16558	17377	18455	14214
ENSG00000196155	PLEKHG4	704	706	807	589	670	660	547
ENSG00000196159	FAT4	162	170	160	114	136	114	104
ENSG00000196169	KIF19	1	3	1	1	0	1	1
ENSG00000196172	ZNF681	22	22	29	17	13	16	22
ENSG00000196177	ACADSB	1595	1367	1549	1053	1253	1260	1081
ENSG00000196182	STK40	522	437	583	413	413	462	321
ENSG00000196184	OR10J1	2	4	4	0	1	2	0
ENSG00000196187	TMEM63A	763	635	769	496	558	577	512
ENSG00000196188	CTSE	7	0	0	0	1	1	0
ENSG00000196189	SEMA4A	5	4	6	3	6	1	0
ENSG00000196196	HRCT1	8	7	10	4	5	3	4
ENSG00000196199	MPHOSPH8	2459	2098	2529	1943	1849	2065	1579
ENSG00000196208	GREB1	210	185	201	124	161	184	135
ENSG00000196209	SIRPB2	2	2	3	3	0	2	0
ENSG00000196214	ZNF766	982	857	950	731	816	840	683
ENSG00000196218	RYR1	321	268	331	200	234	265	194
ENSG00000196220	SRGAP3	144	127	114	83	91	121	88
ENSG00000196227	FAM217B	808	713	871	570	686	662	570
ENSG00000196230	TUBB	68968	58178	61924	49557	54076	55579	44928
ENSG00000196233	LCOR	1946	1682	1986	1321	1417	1606	1247
ENSG00000196235	SUPT5H	14097	12441	13953	10330	11150	11309	9069
ENSG00000196236	XPNPEP3	938	727	851	653	666	735	587
ENSG00000196247	ZNF107	218	291	326	153	191	205	170
ENSG00000196260	SFTA2	0	1	0	0	0	0	0
ENSG00000196262	PPIA	39991	35714	47036	33362	33062	38705	29638
ENSG00000196263	ZNF471	62	63	61	39	41	49	33
ENSG00000196267	ZNF836	14	12	25	8	15	13	19
ENSG00000196268	ZNF493	5	6	2	7	1	2	1
ENSG00000196275	GTF2IRD2	192	212	238	155	198	207	188
ENSG00000196277	GRM7	0	0	1	0	0	0	0
ENSG00000196284	SUPT3H	59	36	70	45	42	66	52
ENSG00000196289	BECN2	2	2	0	0	0	0	0
ENSG00000196290	NIF3L1	1190	1035	1290	889	962	1029	784
ENSG00000196296	ATP2A1	119	69	90	73	69	63	79
ENSG00000196305	IARS1	12111	10224	13464	8653	10759	11528	9418
ENSG00000196313	POM121	4509	3685	4346	3042	3574	3625	3045
ENSG00000196323	ZBTB44	1628	1379	1683	1077	1386	1446	1081
ENSG00000196329	GIMAP5	0	0	0	0	0	0	1
ENSG00000196335	STK31	0	47	72	48	12	51	43
ENSG00000196337	CGB7	43	44	64	38	35	40	28
ENSG00000196338	NLGN3	72	81	49	24	19	50	46
ENSG00000196344	ADH7	1	0	0	0	0	0	0
ENSG00000196345	ZKSCAN7	13	11	11	7	5	16	7
ENSG00000196352	CD55	2658	2219	2761	1815	1958	2158	1555
ENSG00000196353	CPNE4	516	362	473	326	391	354	329
ENSG00000196357	ZNF565	191	152	158	115	141	138	119
ENSG00000196358	NTNG2	109	95	109	101	76	66	48
ENSG00000196361	ELAVL3	1	0	2	7	4	3	3
ENSG00000196363	WDR5	3391	2932	3439	2361	2780	2934	2315
ENSG00000196365	LONP1	5943	5161	6362	4657	4842	5160	3957
ENSG00000196367	TRRAP	4292	3753	4426	2552	3507	3221	2907
ENSG00000196368	NUDT11	94	68	93	60	71	74	47
ENSG00000196369	SRGAP2B	2097	1647	1875	1527	1605	1607	1264
ENSG00000196371	FUT4	324	307	298	223	288	256	205
ENSG00000196372	ASB13	1004	974	1123	796	895	963	757
ENSG00000196376	SLC35F1	40	23	16	20	17	21	19
ENSG00000196378	ZNF34	301	227	269	229	198	203	176
ENSG00000196387	ZNF140	246	162	287	147	191	252	175
ENSG00000196388	INCA1	56	43	66	39	43	56	29
ENSG00000196391	ZNF774	103	78	89	60	64	68	59
ENSG00000196396	PTPN1	2842	2373	2784	1950	2227	2262	1918
ENSG00000196405	EVL	939	789	999	747	732	739	642
ENSG00000196406	SPANXD	0	1	1	1	0	2	2
ENSG00000196407	THEM5	0	0	1	0	0	1	0
ENSG00000196408	NOXO1	7	10	8	3	2	6	3
ENSG00000196411	EPHB4	3855	3380	4120	2929	3231	3343	2582
ENSG00000196415	PRTN3	32	23	49	27	15	25	14
ENSG00000196417	ZNF765	442	432	450	350	395	378	333
ENSG00000196418	ZNF124	232	249	321	202	217	241	178
ENSG00000196419	XRCC6	16066	14034	15704	12353	12960	13467	11010
ENSG00000196420	S100A5	9	12	22	11	8	14	11
ENSG00000196421	C20orf204	5	0	2	5	0	4	0
ENSG00000196422	PPP1R26	1751	1526	1847	1305	1404	1362	1152
ENSG00000196427	NBPF4	11	15	13	19	11	20	17
ENSG00000196428	TSC22D2	1041	852	1002	691	844	846	729
ENSG00000196433	ASMT	4	8	3	3	1	3	5
ENSG00000196436	NPIPB15	168	196	207	113	121	139	137
ENSG00000196437	ZNF569	267	241	296	188	216	222	201
ENSG00000196440	ARMCX4	70	80	69	43	61	48	56
ENSG00000196449	YRDC	853	720	818	602	696	674	563
ENSG00000196453	ZNF777	1219	1090	1163	869	1012	1065	759
ENSG00000196455	PIK3R4	1421	1205	1439	867	1208	1179	958
ENSG00000196456	ZNF775	329	286	328	275	256	276	249
ENSG00000196458	ZNF605	821	629	755	456	588	583	503
ENSG00000196459	TRAPPC2	689	551	711	539	455	583	471
ENSG00000196465	MYL6B	1025	989	1183	869	938	986	736
ENSG00000196466	ZNF799	88	69	104	70	69	69	55
ENSG00000196470	SIAH1	1286	1139	1212	959	1046	1103	851
ENSG00000196476	C20orf96	1095	847	949	769	735	786	618
ENSG00000196482	ESRRG	7	1	4	3	5	6	4
ENSG00000196497	IPO4	5479	4580	5492	3982	4590	4408	3604
ENSG00000196498	NCOR2	15574	13268	15820	11570	12472	11973	10269
ENSG00000196502	SULT1A1	79	67	98	75	62	91	64
ENSG00000196503	ARL9	0	1	1	0	2	1	0
ENSG00000196504	PRPF40A	7047	5974	7285	4953	5718	6062	4812
ENSG00000196505	GDAP2	505	378	453	306	384	415	335
ENSG00000196507	TCEAL3	325	330	348	270	245	264	220
ENSG00000196510	ANAPC7	2785	2506	2754	2014	2239	2415	1980
ENSG00000196511	TPK1	40	32	39	27	34	24	27
ENSG00000196517	SLC6A9	756	641	745	565	689	687	513
ENSG00000196526	AFAP1	3158	2768	3339	2203	2606	2564	2269
ENSG00000196531	NACA	16091	13784	15776	12033	12780	13866	11137
ENSG00000196535	MYO18A	6895	5902	7982	4341	5602	5211	4993
ENSG00000196542	SPTSSB	47	45	49	37	36	34	27
ENSG00000196544	BORCS6	592	561	594	467	456	483	380
ENSG00000196547	MAN2A2	1844	1532	1317	1166	1272	1148	1071
ENSG00000196549	MME	0	0	0	1	0	0	0
ENSG00000196550	FAM72A	810	692	844	523	694	672	586
ENSG00000196557	CACNA1H	3238	2915	3460	2486	2532	2524	2060
ENSG00000196562	SULF2	1559	1408	1416	1065	1102	1130	1040
ENSG00000196569	LAMA2	15	26	14	9	12	16	19
ENSG00000196570	PFN3	0	1	0	0	0	0	0
ENSG00000196576	PLXNB2	9994	8797	10590	6788	7902	7658	6621
ENSG00000196584	XRCC2	1604	1372	1547	1072	1284	1303	1069
ENSG00000196586	MYO6	1858	1640	2027	1305	1498	1610	1279
ENSG00000196588	MRTFA	3812	3184	3846	2808	2948	3026	2391
ENSG00000196591	HDAC2	3931	3372	4222	3029	3231	3642	2718
ENSG00000196597	ZNF782	168	130	149	88	142	127	97
ENSG00000196600	SLC22A25	28	12	16	16	10	16	6
ENSG00000196604	POTEF	4	2	2	1	4	0	0
ENSG00000196605	ZNF846	68	67	77	62	44	55	40
ENSG00000196611	MMP1	3	0	0	5	4	0	2
ENSG00000196616	ADH1B	0	1	1	0	0	4	1
ENSG00000196620	UGT2B15	60	53	51	46	36	41	45
ENSG00000196628	TCF4	250	264	243	179	307	129	205
ENSG00000196632	WNK3	10	9	5	0	3	6	6
ENSG00000196636	SDHAF3	798	684	698	553	628	655	497
ENSG00000196639	HRH1	300	278	303	233	206	222	174
ENSG00000196642	RABL6	7776	6917	8432	6084	6596	6665	5143
ENSG00000196646	ZNF136	27	21	37	18	23	20	26
ENSG00000196652	ZKSCAN5	634	535	645	500	470	563	403
ENSG00000196653	ZNF502	116	103	112	68	87	85	85
ENSG00000196655	TRAPPC4	1048	886	936	765	778	860	659
ENSG00000196659	TTC30B	449	421	525	361	365	386	282
ENSG00000196660	SLC30A10	17	21	27	19	11	17	15
ENSG00000196663	TECPR2	1412	1185	1487	953	1103	1103	892
ENSG00000196664	TLR7	17	8	14	7	8	16	13
ENSG00000196666	FAM180B	0	3	2	0	0	1	0
ENSG00000196670	ZFP62	759	634	761	516	532	617	500
ENSG00000196678	ERI2	653	569	653	490	489	578	456
ENSG00000196683	TOMM7	2136	1857	2337	1616	1681	1804	1416
ENSG00000196684	HSH2D	21	17	14	10	11	14	8
ENSG00000196689	TRPV1	649	567	769	532	509	507	429
ENSG00000196693	ZNF33B	763	662	812	506	598	581	481
ENSG00000196700	ZNF512B	2369	2013	2479	1701	1900	2007	1597
ENSG00000196704	AMZ2	4140	3589	4089	3147	3405	3515	2766
ENSG00000196705	ZNF431	474	414	453	320	357	401	296
ENSG00000196711	ALKAL1	2	1	2	4	1	2	1
ENSG00000196712	NF1	5554	4760	5969	3818	4594	4566	3791
ENSG00000196715	VKORC1L1	4387	3724	4299	3094	3591	3688	3068
ENSG00000196724	ZNF418	14	17	25	13	18	18	15
ENSG00000196730	DAPK1	7852	6799	8307	5599	5816	6076	4918
ENSG00000196734	LCE1B	1	1	1	0	0	0	0
ENSG00000196739	COL27A1	1775	1810	1950	1399	1452	1457	1169
ENSG00000196743	GM2A	1895	1492	1758	1386	1438	1558	1221
ENSG00000196747	H2AC13	59	38	46	24	35	42	29
ENSG00000196748	CLPSL2	5	4	6	1	4	6	8
ENSG00000196754	S100A2	90	85	94	71	76	66	49
ENSG00000196757	ZNF700	1	3	3	6	1	3	0
ENSG00000196776	CD47	1927	1683	2173	1436	1570	1666	1294
ENSG00000196778	OR52K1	1	5	1	1	0	2	0
ENSG00000196781	TLE1	4242	3619	4164	2948	3284	3358	2781
ENSG00000196782	MAML3	1799	1644	1907	1226	1437	1478	1245
ENSG00000196787	H2AC11	30	32	28	32	28	14	22
ENSG00000196792	STRN3	1844	1594	1857	1263	1517	1434	1212
ENSG00000196793	ZNF239	128	134	129	119	138	107	100
ENSG00000196811	CHRNG	1	0	0	0	0	0	0
ENSG00000196812	ZSCAN16	228	199	207	158	155	201	163
ENSG00000196814	MVB12B	666	532	720	463	535	581	418
ENSG00000196821	ILRUN	3867	3395	3770	2748	3133	3182	2535
ENSG00000196826	NA	0	0	0	1	0	0	0
ENSG00000196832	OR11G2	15	8	8	3	7	7	5
ENSG00000196834	POTEI	25	18	16	18	16	22	14
ENSG00000196839	ADA	984	755	882	680	795	800	635
ENSG00000196843	ARID5A	35	50	0	26	16	49	29
ENSG00000196844	PATE2	1	0	2	3	3	2	0
ENSG00000196850	PPTC7	1599	1461	1654	1084	1277	1394	1158
ENSG00000196859	KRT39	1	2	0	0	0	0	0
ENSG00000196860	TOMM20L	0	0	0	1	0	0	2
ENSG00000196862	RGPD4	0	6	3	4	3	3	2
ENSG00000196865	NHLRC2	2076	1784	2243	1395	1695	1806	1345
ENSG00000196866	H2AC7	0	2	2	4	0	3	1
ENSG00000196867	ZFP28	148	112	158	115	124	126	107
ENSG00000196872	CRACDL	10	8	15	8	8	11	15
ENSG00000196873	CBWD3	1163	1180	1349	884	1088	1059	837
ENSG00000196876	SCN8A	412	378	406	229	326	269	278
ENSG00000196878	LAMB3	4157	3819	4408	3034	3227	3228	2588
ENSG00000196890	H2BU1	69	73	72	65	63	57	42
ENSG00000196900	TEX43	0	0	0	0	0	1	0
ENSG00000196911	KPNA5	688	556	651	436	499	521	405
ENSG00000196912	ANKRD36B	146	127	196	106	166	166	111
ENSG00000196914	ARHGEF12	5098	4661	5378	3227	4220	4250	3631
ENSG00000196917	HCAR1	19	23	22	24	16	8	13
ENSG00000196923	PDLIM7	1673	1318	1598	1271	1173	1112	957
ENSG00000196924	FLNA	79776	69521	80123	53535	64803	59758	52691
ENSG00000196932	TMEM26	10	11	11	4	11	10	2
ENSG00000196935	SRGAP1	2254	1918	2395	1559	1631	1715	1405
ENSG00000196937	FAM3C	2764	2454	2608	1844	2217	2245	1865
ENSG00000196943	NOP9	3579	3308	3616	2414	2949	2788	2442
ENSG00000196946	ZNF705A	3	4	3	3	0	7	2
ENSG00000196950	SLC39A10	2070	1795	2138	1298	1546	1616	1428
ENSG00000196954	CASP4	416	327	403	325	328	356	304
ENSG00000196961	AP2A1	7790	6389	8020	5676	6020	6380	5091
ENSG00000196967	ZNF585A	168	143	153	119	138	139	124
ENSG00000196968	FUT11	571	452	636	390	485	422	346
ENSG00000196972	SMIM10L2B	9	6	15	6	8	11	3
ENSG00000196975	ANXA4	24113	21631	25783	18726	18684	20406	16078
ENSG00000196976	LAGE3	2365	2032	2197	1783	1771	1842	1356
ENSG00000196981	WDR5B	640	537	589	381	442	502	402
ENSG00000196993	NPIPB9	173	159	101	86	106	98	93
ENSG00000196998	WDR45	1152	1000	1109	901	949	996	807
ENSG00000197006	METTL9	3827	3319	4037	2830	3053	3235	2594
ENSG00000197008	ZNF138	211	155	193	113	161	137	126
ENSG00000197013	ZNF429	10	9	13	9	10	13	11
ENSG00000197016	ZNF470	196	156	191	136	153	144	113
ENSG00000197019	SERTAD1	1026	964	950	696	734	804	614
ENSG00000197020	ZNF100	3	1	1	1	1	1	0
ENSG00000197021	EOLA2	910	877	1010	780	807	863	689
ENSG00000197024	ZNF398	878	711	906	591	724	748	609
ENSG00000197037	ZSCAN25	435	482	492	291	373	382	340
ENSG00000197043	ANXA6	1498	1319	1473	1090	1174	1128	931
ENSG00000197044	ZNF441	5	2	2	0	0	1	0
ENSG00000197045	GMFB	3669	3315	3928	2560	3014	3235	2629
ENSG00000197046	SIGLEC15	0	0	0	0	0	0	1
ENSG00000197050	ZNF420	143	117	186	112	142	137	97
ENSG00000197056	ZMYM1	294	307	489	436	290	311	241
ENSG00000197061	H4C3	22	18	23	18	29	10	10
ENSG00000197062	ZSCAN26	266	249	287	217	228	269	160
ENSG00000197063	MAFG	7257	6404	7419	5231	6016	6084	4966
ENSG00000197070	ARRDC1	1112	971	919	797	820	824	720
ENSG00000197077	KIAA1671	2586	2281	2675	1730	2158	2047	1625
ENSG00000197081	IGF2R	4455	3812	4434	2463	3497	3428	2960
ENSG00000197093	GAL3ST4	0	0	17	0	0	1	0
ENSG00000197102	DYNC1H1	2128	1988	2290	1980	1946	1651	1516
ENSG00000197106	SLC6A17	93	73	89	75	66	70	66
ENSG00000197110	IFNL3	0	0	1	0	0	0	0
ENSG00000197111	PCBP2	21691	17970	18750	15501	16680	17623	14022
ENSG00000197114	ZGPAT	1029	841	1008	718	807	775	604
ENSG00000197119	SLC25A29	2317	1888	2329	1595	1662	1719	1381
ENSG00000197121	PGAP1	505	590	561	443	333	469	418
ENSG00000197122	SRC	12954	10399	11278	8220	9882	9327	8090
ENSG00000197123	ZNF679	0	0	0	1	0	0	0
ENSG00000197124	ZNF682	0	0	1	1	1	0	0
ENSG00000197128	ZNF772	101	110	106	60	82	78	71
ENSG00000197134	ZNF257	0	0	1	0	0	0	0
ENSG00000197136	PCNX3	4570	3641	4614	2910	3559	3492	2759
ENSG00000197140	ADAM32	19	18	27	17	23	18	14
ENSG00000197142	ACSL5	135	114	137	78	85	92	74
ENSG00000197147	LRRC8B	764	712	808	498	601	626	534
ENSG00000197150	ABCB8	2685	2333	2643	1935	1976	2002	1654
ENSG00000197153	H3C12	31	22	23	21	25	33	17
ENSG00000197157	SND1	11252	9742	11395	8277	9130	9337	7787
ENSG00000197162	ZNF785	15	14	16	14	11	12	16
ENSG00000197165	SULT1A2	104	101	93	70	69	59	43
ENSG00000197168	NEK5	11	12	10	6	8	8	11
ENSG00000197170	PSMD12	4011	3750	4191	3155	3422	3827	2997
ENSG00000197172	MAGEA6	288	203	280	207	229	228	182
ENSG00000197177	ADGRA1	7	3	5	5	8	3	3
ENSG00000197181	PIWIL2	20	7	25	14	12	9	8
ENSG00000197183	NOL4L	1809	1629	1809	1351	1442	1427	1202
ENSG00000197191	CYSRT1	44	43	59	28	44	37	31
ENSG00000197208	SLC22A4	149	108	149	114	135	117	99
ENSG00000197213	ZSCAN5B	2	1	0	0	0	1	2
ENSG00000197217	ENTPD4	3447	3108	3545	2471	2863	2869	2384
ENSG00000197223	C1D	714	662	776	548	537	627	513
ENSG00000197226	TBC1D9B	6310	5539	6736	4556	5305	5472	4285
ENSG00000197233	OR1J2	3	2	1	0	0	1	2
ENSG00000197238	H4C11	26	24	8	27	29	31	18
ENSG00000197241	SLC2A7	2	3	11	6	5	10	6
ENSG00000197245	FAM110D	20	22	35	28	22	31	19
ENSG00000197249	SERPINA1	45	31	56	31	29	60	33
ENSG00000197256	KANK2	3818	3288	3528	2649	3111	3049	2489
ENSG00000197261	C6orf141	520	575	540	320	368	437	327
ENSG00000197265	GTF2E2	2047	1664	1946	1393	1562	1615	1306
ENSG00000197273	GUCA2A	2	0	4	2	4	2	1
ENSG00000197275	RAD54B	1116	1007	1179	823	901	984	765
ENSG00000197279	ZNF165	53	46	68	46	63	42	44
ENSG00000197283	SYNGAP1	693	637	727	480	533	578	419
ENSG00000197296	FITM2	1668	1348	1598	1182	1333	1309	1034
ENSG00000197299	BLM	1410	1273	1450	1023	1264	1228	1045
ENSG00000197302	KRBOX5	522	419	508	383	471	456	259
ENSG00000197312	DDI2	1629	1533	1802	1071	1422	1413	1204
ENSG00000197321	SVIL	2525	2243	2527	1735	2073	2007	1663
ENSG00000197323	TRIM33	1872	1560	1947	1291	1482	1528	1236
ENSG00000197324	LRP10	12296	10635	12591	9006	9775	10016	7967
ENSG00000197329	PELI1	599	523	548	388	468	449	369
ENSG00000197343	ZNF655	1386	1410	1363	1016	1171	1115	740
ENSG00000197345	MRPL21	1507	1297	1387	1139	1172	1159	980
ENSG00000197355	UAP1L1	701	585	651	479	586	653	482
ENSG00000197361	FBXL22	56	19	31	31	14	19	31
ENSG00000197362	ZNF786	516	499	568	417	468	479	417
ENSG00000197363	ZNF517	397	274	345	249	295	278	261
ENSG00000197372	ZNF675	233	196	233	149	172	212	154
ENSG00000197375	SLC22A5	1134	975	1249	948	1037	1034	807
ENSG00000197380	DACT3	75	46	71	49	57	59	37
ENSG00000197381	ADARB1	154	162	187	136	158	116	117
ENSG00000197385	ZNF860	136	110	128	93	97	90	81
ENSG00000197386	HTT	3103	2522	3036	1898	2367	2166	1893
ENSG00000197403	OR6N1	1	0	0	0	0	0	0
ENSG00000197405	C5AR1	110	86	92	74	69	81	73
ENSG00000197406	DIO3	26	17	23	18	13	14	18
ENSG00000197408	CYP2B6	1	1	1	1	0	1	3
ENSG00000197409	H3C4	0	5	4	3	2	4	1
ENSG00000197410	DCHS2	6	3	4	1	3	0	0
ENSG00000197415	VEPH1	37	24	32	29	31	21	31
ENSG00000197417	SHPK	1358	1128	1372	878	991	978	901
ENSG00000197429	IPP	396	374	429	274	349	314	298
ENSG00000197430	OPALIN	0	1	0	0	0	0	0
ENSG00000197442	MAP3K5	376	293	345	241	300	326	259
ENSG00000197444	OGDHL	6	6	8	3	3	5	6
ENSG00000197446	CYP2F1	0	2	3	1	0	0	0
ENSG00000197448	GSTK1	2706	2294	2935	2085	2196	2372	1874
ENSG00000197451	HNRNPAB	14789	13494	13941	10503	12306	12240	10403
ENSG00000197454	OR2L5	0	0	0	0	1	0	0
ENSG00000197457	STMN3	398	283	300	227	296	295	227
ENSG00000197461	PDGFA	973	859	1061	743	769	828	610
ENSG00000197467	COL13A1	9	8	10	13	10	13	9
ENSG00000197471	SPN	4	0	0	1	0	3	1
ENSG00000197472	ZNF695	21	29	10	18	0	25	21
ENSG00000197479	PCDHB11	11	5	9	6	9	12	7
ENSG00000197483	ZNF628	766	616	640	516	601	561	492
ENSG00000197496	SLC2A10	3	3	0	5	3	0	0
ENSG00000197497	ZNF665	104	107	91	75	93	78	68
ENSG00000197498	RPF2	1215	1021	1091	827	951	1046	920
ENSG00000197520	FAM177B	0	2	3	1	0	1	0
ENSG00000197530	MIB2	96	91	186	57	36	81	77
ENSG00000197532	OR6Y1	7	10	10	4	9	6	2
ENSG00000197535	MYO5A	3218	2696	3402	1912	2605	2669	2124
ENSG00000197540	GZMM	4	4	5	9	11	6	1
ENSG00000197548	ATG7	1060	1014	1030	778	984	986	715
ENSG00000197555	SIPA1L1	1083	875	995	686	852	898	683
ENSG00000197557	TTC30A	722	614	767	458	543	613	441
ENSG00000197561	ELANE	22	11	25	13	9	19	13
ENSG00000197562	RAB40C	997	839	959	768	862	859	627
ENSG00000197563	PIGN	1576	1436	1731	1001	1329	1303	1072
ENSG00000197565	COL4A6	3682	3365	3982	2430	3012	2967	2369
ENSG00000197566	ZNF624	221	162	247	149	204	161	167
ENSG00000197576	HOXA4	92	56	87	49	63	64	56
ENSG00000197579	TOPORS	1737	1490	1762	1215	1348	1426	1204
ENSG00000197580	BCO2	79	53	65	51	44	56	46
ENSG00000197586	ENTPD6	5486	4860	5532	3957	4356	4449	3626
ENSG00000197587	DMBX1	432	349	447	291	303	308	256
ENSG00000197594	ENPP1	299	201	300	203	202	235	160
ENSG00000197599	CCDC154	25	18	22	20	15	23	9
ENSG00000197601	FAR1	4076	3630	4442	2786	3259	3601	2946
ENSG00000197603	CPLANE1	760	671	852	530	644	616	512
ENSG00000197608	ZNF841	96	72	95	56	67	62	65
ENSG00000197614	MFAP5	18	17	20	17	20	24	15
ENSG00000197619	ZNF615	189	101	218	156	198	182	148
ENSG00000197620	EOLA1	681	550	654	489	517	543	412
ENSG00000197622	CDC42SE1	3079	2656	2933	2169	2313	2421	1949
ENSG00000197629	MPEG1	1	0	0	0	1	0	0
ENSG00000197635	DPP4	42	35	29	41	22	45	20
ENSG00000197646	PDCD1LG2	0	2	3	1	0	0	0
ENSG00000197651	CCER1	0	0	0	1	0	0	0
ENSG00000197653	DNAH10	14	15	13	8	8	8	9
ENSG00000197694	SPTAN1	11305	9964	11966	7822	9256	9172	7570
ENSG00000197696	NMB	589	511	552	407	463	448	382
ENSG00000197702	PARVA	3003	2568	3049	2021	2409	2433	2042
ENSG00000197705	KLHL14	0	0	0	0	0	1	0
ENSG00000197706	OR6C74	619	539	534	417	445	519	419
ENSG00000197712	FAM114A1	2240	1915	2478	1663	1797	1883	1452
ENSG00000197713	RPE	3224	2954	3449	2305	2582	2833	2333
ENSG00000197714	ZNF460	48	46	55	38	59	38	35
ENSG00000197724	PHF2	1798	1543	1762	1276	1410	1410	1197
ENSG00000197728	RPS26	10382	9129	9061	7496	7507	8341	6987
ENSG00000197746	PSAP	41270	35950	43488	30284	32854	34962	27158
ENSG00000197747	S100A10	17657	15099	16374	13152	13250	14334	11390
ENSG00000197748	CFAP43	23	14	19	17	15	13	16
ENSG00000197753	LHFPL5	202	174	184	151	128	164	132
ENSG00000197756	RPL37A	13231	11768	13240	9909	10872	11530	9234
ENSG00000197757	HOXC6	330	278	362	263	245	255	166
ENSG00000197763	TXNRD3	289	253	364	201	220	234	190
ENSG00000197766	CFD	1617	1409	1718	1193	1217	1214	991
ENSG00000197768	STPG3	4	7	8	0	0	2	0
ENSG00000197769	MAP1LC3C	43	31	44	24	24	24	26
ENSG00000197771	MCMBP	4618	4136	4920	3535	3727	3980	3249
ENSG00000197774	EME2	907	980	964	693	700	773	722
ENSG00000197776	KLHDC1	40	38	52	40	41	36	39
ENSG00000197779	ZNF81	449	404	438	262	387	330	283
ENSG00000197780	TAF13	859	741	831	648	701	737	603
ENSG00000197782	ZNF780A	1271	1159	1287	867	1123	1106	913
ENSG00000197785	ATAD3A	1856	1581	1887	1377	1570	1584	1252
ENSG00000197798	FAM118B	667	580	657	457	486	548	480
ENSG00000197808	ZNF461	252	183	223	220	193	201	107
ENSG00000197816	CCDC180	5	0	0	0	0	0	0
ENSG00000197818	SLC9A8	1656	1463	1619	1157	1247	1322	1173
ENSG00000197822	OCLN	1050	992	1147	855	820	949	773
ENSG00000197837	H4-16	0	0	3	0	0	0	0
ENSG00000197838	CYP2A13	0	0	0	0	1	0	0
ENSG00000197841	ZNF181	439	378	543	340	383	430	345
ENSG00000197852	INKA2	273	291	318	194	247	247	205
ENSG00000197857	ZNF44	11	8	20	10	10	15	7
ENSG00000197858	GPAA1	6081	5000	5644	4217	4800	4863	4023
ENSG00000197859	ADAMTSL2	5	1	6	5	3	7	5
ENSG00000197860	SGTB	944	758	947	619	704	777	588
ENSG00000197863	ZNF790	0	0	0	2	0	1	2
ENSG00000197870	PRB3	0	0	0	1	0	0	0
ENSG00000197872	CYRIA	1	1	6	3	1	1	0
ENSG00000197879	MYO1C	18723	16075	19049	13973	14614	15162	11919
ENSG00000197885	NKIRAS1	694	601	729	498	577	560	478
ENSG00000197888	UGT2B17	1	0	0	0	0	2	1
ENSG00000197889	MEIG1	6	11	9	11	6	12	3
ENSG00000197891	SLC22A12	0	1	0	0	0	0	0
ENSG00000197892	KIF13B	3002	2617	3207	1971	2314	2322	1964
ENSG00000197893	NRAP	1	0	1	0	1	1	0
ENSG00000197894	ADH5	4424	3904	4290	3293	3520	3746	3004
ENSG00000197903	H2BC12	1200	1046	1064	871	988	997	739
ENSG00000197905	TEAD4	1324	1050	1240	900	1096	1089	889
ENSG00000197912	SPG7	2058	1913	2133	1612	1640	1696	1253
ENSG00000197915	HRNR	88	71	100	59	57	76	34
ENSG00000197919	IFNA1	16	14	10	17	8	14	7
ENSG00000197928	ZNF677	0	1	0	0	0	0	0
ENSG00000197930	ERO1A	3849	3199	4088	3179	3195	3267	2802
ENSG00000197933	ZNF823	172	164	162	123	132	186	128
ENSG00000197935	ZNF311	15	22	26	13	13	31	25
ENSG00000197937	ZNF347	28	31	35	25	10	23	15
ENSG00000197943	PLCG2	342	252	351	236	206	230	160
ENSG00000197948	FCHSD1	465	379	449	353	366	378	293
ENSG00000197951	ZNF71	562	534	581	421	529	458	379
ENSG00000197953	AADACL2	0	0	0	0	2	0	0
ENSG00000197956	S100A6	21703	19859	22183	16327	16935	18258	14770
ENSG00000197958	RPL12	18967	16029	18873	14599	15846	17186	13104
ENSG00000197959	DNM3	255	229	244	152	165	179	149
ENSG00000197961	ZNF121	774	712	705	549	629	661	497
ENSG00000197965	MPZL1	7428	6026	7082	5393	5884	6166	4997
ENSG00000197969	VPS13A	3746	3658	4375	2325	3016	3011	2580
ENSG00000197971	MBP	1820	1544	1781	1296	1511	1494	1206
ENSG00000197976	AKAP17A	2699	2323	2914	2052	2113	2181	1797
ENSG00000197977	ELOVL2	815	695	867	575	640	706	519
ENSG00000197978	GOLGA6L9	529	404	487	391	416	378	333
ENSG00000197980	LEKR1	35	17	25	15	23	18	29
ENSG00000197982	C1orf122	1488	1302	1604	1140	1350	1343	978
ENSG00000197993	KEL	5	3	3	4	2	7	1
ENSG00000198000	NOL8	2057	1713	2090	1391	1759	1682	1452
ENSG00000198001	IRAK4	368	291	377	383	386	480	219
ENSG00000198003	ODAD3	16	23	19	19	12	16	19
ENSG00000198010	DLGAP2	0	2	0	0	0	1	0
ENSG00000198015	MRPL42	1716	1509	1534	1297	1497	1439	1170
ENSG00000198018	ENTPD7	923	862	949	730	797	802	759
ENSG00000198026	ZNF335	1276	1147	1220	945	1009	1106	773
ENSG00000198034	RPS4X	34108	28617	31546	26312	26862	28680	21959
ENSG00000198039	ZNF273	80	55	74	52	50	64	72
ENSG00000198040	ZNF84	911	744	900	630	636	738	602
ENSG00000198042	MAK16	1711	1482	1765	1200	1436	1524	1185
ENSG00000198053	SIRPA	3008	2558	3071	2144	2367	2525	2033
ENSG00000198055	GRK6	2478	2089	2452	1775	1845	1812	1549
ENSG00000198056	PRIM1	1073	1001	1062	945	890	923	751
ENSG00000198060	MARCHF5	2211	1862	2119	1583	1720	1764	1501
ENSG00000198062	POTEH	0	0	2	0	0	0	0
ENSG00000198064	NPIPB13	1474	1411	1433	1006	1116	1167	923
ENSG00000198074	AKR1B10	198388	171902	186135	138290	162712	169646	130270
ENSG00000198075	SULT1C4	3	8	5	9	6	7	3
ENSG00000198077	CYP2A7	6	0	0	1	5	4	1
ENSG00000198081	ZBTB14	550	493	628	426	470	524	394
ENSG00000198087	CD2AP	3656	3181	4147	2539	3047	3123	2531
ENSG00000198088	NUP62CL	488	418	502	346	413	417	353
ENSG00000198089	SFI1	667	538	633	455	527	534	404
ENSG00000198090	KRTAP4-6	0	0	1	0	0	0	0
ENSG00000198093	ZNF649	3	1	2	0	5	0	3
ENSG00000198099	ADH4	17	19	16	8	10	2	11
ENSG00000198105	ZNF248	784	665	765	498	566	626	446
ENSG00000198108	CHSY3	9	13	14	5	16	8	13
ENSG00000198113	TOR4A	3114	2601	3341	2370	2515	2588	1986
ENSG00000198121	LPAR1	1822	1592	1849	1219	1501	1510	1226
ENSG00000198125	MB	303	295	295	217	205	183	181
ENSG00000198130	HIBCH	795	739	778	551	658	681	534
ENSG00000198131	ZNF544	488	481	557	391	473	498	339
ENSG00000198133	TMEM229B	50	28	34	38	28	32	23
ENSG00000198142	SOWAHC	678	585	719	474	593	585	487
ENSG00000198146	ZNF770	2648	2261	2859	1644	2180	2367	1982
ENSG00000198156	NPIPB6	145	132	132	84	97	111	98
ENSG00000198157	HMGN5	565	438	623	442	399	447	360
ENSG00000198160	MIER1	1420	1273	1490	920	1113	1217	1031
ENSG00000198162	MAN1A2	2102	1900	2268	1440	1736	1796	1514
ENSG00000198168	SVIP	1155	1073	1196	815	905	959	750
ENSG00000198169	ZNF251	574	562	649	485	441	514	387
ENSG00000198171	DDRGK1	4218	3907	4449	3337	3680	3826	2975
ENSG00000198173	FAM47C	0	0	0	0	1	0	0
ENSG00000198176	TFDP1	4659	3832	4730	3280	3776	3907	3055
ENSG00000198182	ZNF607	296	319	353	232	253	258	220
ENSG00000198183	BPIFA1	7	5	5	2	0	3	0
ENSG00000198185	ZNF334	0	1	0	0	0	0	0
ENSG00000198189	HSD17B11	3096	2637	3171	2157	2474	2692	2077
ENSG00000198198	SZT2	1252	1166	1255	749	962	946	802
ENSG00000198203	SULT1C2	36	15	29	17	29	26	19
ENSG00000198205	ZXDA	228	198	247	137	176	254	176
ENSG00000198208	RPS6KL1	4	3	3	3	4	10	8
ENSG00000198211	NA	24	4	0	0	2	0	0
ENSG00000198216	CACNA1E	0	1	4	1	0	0	0
ENSG00000198218	QRICH1	2816	2367	2395	2017	2225	2306	1900
ENSG00000198223	CSF2RA	273	212	218	209	210	235	169
ENSG00000198225	FKBP1C	11	10	25	16	13	17	12
ENSG00000198231	DDX42	7759	7052	7813	5445	6558	6222	5386
ENSG00000198242	RPL23A	19919	17491	14690	14122	14873	15402	12796
ENSG00000198246	SLC29A3	885	648	744	573	631	685	515
ENSG00000198252	STYX	1212	1121	1414	919	1059	1149	891
ENSG00000198258	UBL5	2020	1785	2143	1552	1627	1777	1364
ENSG00000198265	HELZ	1416	1209	1329	961	1092	1055	892
ENSG00000198270	TMEM116	174	156	180	127	169	142	147
ENSG00000198276	UCKL1	1160	987	1048	784	854	837	693
ENSG00000198286	CARD11	93	69	89	64	68	75	43
ENSG00000198298	ZNF485	103	95	131	76	89	106	75
ENSG00000198300	PEG3	0	1	1	0	0	9	0
ENSG00000198301	SDAD1	966	776	948	719	738	790	663
ENSG00000198315	ZKSCAN8	1188	989	1177	796	945	909	853
ENSG00000198324	PHETA1	501	441	475	387	373	378	305
ENSG00000198326	TMEM239	2	0	1	1	0	2	3
ENSG00000198331	HYLS1	880	788	868	646	692	757	628
ENSG00000198336	MYL4	0	0	0	0	0	1	0
ENSG00000198342	ZNF442	13	18	19	13	15	16	9
ENSG00000198346	ZNF813	13	22	11	13	12	13	13
ENSG00000198353	HOXC4	261	280	262	212	175	225	169
ENSG00000198354	DCAF12L2	0	1	2	1	1	2	1
ENSG00000198355	PIM3	1533	1290	1492	1045	1268	1387	1029
ENSG00000198356	GET3	2573	2289	2467	2027	2171	2254	1658
ENSG00000198363	ASPH	46825	41518	50044	32384	40824	42724	33650
ENSG00000198369	SPRED2	1999	1714	1910	1338	1633	1608	1359
ENSG00000198373	WWP2	2472	2282	2658	1726	2110	2059	1691
ENSG00000198380	GFPT1	4408	3857	4968	3109	3356	3711	3009
ENSG00000198382	UVRAG	851	784	985	652	763	760	633
ENSG00000198393	ZNF26	241	174	225	160	166	171	143
ENSG00000198399	ITSN2	2255	2005	2362	1381	1824	1817	1576
ENSG00000198400	NTRK1	1	0	4	2	3	1	2
ENSG00000198408	OGA	5574	5097	6022	3649	4689	4884	4178
ENSG00000198417	MT1F	171	127	151	132	135	132	100
ENSG00000198420	TCAF1	4579	3779	4542	3188	3569	3758	3064
ENSG00000198429	ZNF69	2	0	0	0	3	1	1
ENSG00000198431	TXNRD1	48038	42674	49331	33767	41704	43302	35410
ENSG00000198435	NRARP	250	199	281	154	193	191	166
ENSG00000198440	ZNF583	59	31	49	37	49	45	28
ENSG00000198443	KRTAP4-1	24	19	23	24	18	24	18
ENSG00000198453	ZNF568	46	42	56	16	27	36	32
ENSG00000198455	ZXDB	995	828	980	665	813	818	708
ENSG00000198464	ZNF480	1325	1125	1198	889	1068	1160	932
ENSG00000198466	ZNF587	1102	951	1139	708	801	801	795
ENSG00000198467	TPM2	9182	8027	9744	7133	7605	8202	6064
ENSG00000198478	SH3BGRL2	416	407	429	340	360	389	302
ENSG00000198482	ZNF808	0	3	1	1	0	0	3
ENSG00000198483	ANKRD35	0	0	0	2	0	1	0
ENSG00000198488	B3GNT6	8	4	8	4	3	3	6
ENSG00000198492	YTHDF2	3121	2626	3063	2148	2555	2719	2186
ENSG00000198498	TMA16	1137	1023	1170	893	886	1063	814
ENSG00000198513	ATL1	118	109	98	75	90	94	39
ENSG00000198515	CNGA1	3	3	4	1	2	1	0
ENSG00000198517	MAFK	4459	4207	4668	3463	3610	3670	2931
ENSG00000198520	ARMH1	15	15	4	7	4	10	11
ENSG00000198521	ZNF43	72	55	80	40	71	55	37
ENSG00000198522	GPN1	2013	1901	2108	1574	1665	1745	1471
ENSG00000198535	C2CD4A	8	13	5	2	2	10	6
ENSG00000198538	ZNF28	4	1	0	3	0	1	1
ENSG00000198542	ITGBL1	14	20	18	20	22	25	16
ENSG00000198546	ZNF511	1570	1354	1676	1263	1275	1379	1004
ENSG00000198547	C20orf203	0	1	0	0	1	0	0
ENSG00000198551	ZNF627	218	202	244	167	203	214	163
ENSG00000198553	KCNRG	7	9	10	9	8	6	9
ENSG00000198554	WDHD1	2211	1949	2282	1361	1772	1980	1654
ENSG00000198556	ZNF789	174	154	217	101	170	152	120
ENSG00000198561	CTNND1	14428	12937	14677	10454	11441	11837	9670
ENSG00000198563	DDX39B	7282	6179	6982	5252	5718	5848	4724
ENSG00000198569	SLC34A3	30	37	29	26	19	18	15
ENSG00000198573	SPANXC	1	1	0	1	0	0	0
ENSG00000198574	SH2D1B	3	7	2	2	0	4	2
ENSG00000198576	ARC	10	9	8	3	9	7	7
ENSG00000198585	NUDT16	1338	1299	1321	914	1101	1133	964
ENSG00000198586	TLK1	1854	1548	1967	1296	1654	1572	1399
ENSG00000198589	LRBA	2488	2186	2644	1599	2013	2024	1716
ENSG00000198597	ZNF536	0	0	0	0	0	0	1
ENSG00000198598	MMP17	546	507	605	377	450	457	310
ENSG00000198604	BAZ1A	3890	3540	4089	2921	3202	3452	2705
ENSG00000198610	AKR1C4	76	72	86	65	56	57	50
ENSG00000198612	COPS8	2234	1976	2290	1653	1782	1925	1554
ENSG00000198624	CCDC69	276	242	328	259	204	240	183
ENSG00000198625	MDM4	1842	1623	1830	1287	1329	1408	1171
ENSG00000198626	RYR2	6	5	11	8	8	5	2
ENSG00000198633	ZNF534	11	9	14	13	11	13	10
ENSG00000198642	KLHL9	2609	2266	2476	1658	2017	2117	1804
ENSG00000198646	NCOA6	2621	2245	2602	1789	2045	1989	1661
ENSG00000198648	STK39	1260	1146	1410	949	1077	1131	881
ENSG00000198650	TAT	28	34	38	25	34	19	25
ENSG00000198663	C6orf89	2521	2247	2497	1781	2012	1958	1746
ENSG00000198668	CALM1	11676	9788	11221	8546	9276	9433	7552
ENSG00000198670	LPA	2	0	0	0	0	1	0
ENSG00000198673	TAFA2	1	3	1	1	3	2	1
ENSG00000198677	TTC37	4059	3425	4295	2716	3270	3382	2711
ENSG00000198680	TUSC1	286	232	288	183	206	225	174
ENSG00000198681	MAGEA1	1	2	2	2	2	0	2
ENSG00000198682	PAPSS2	2715	2376	2913	2012	2096	2226	1751
ENSG00000198689	SLC9A6	1219	1056	1235	842	993	986	851
ENSG00000198690	FAN1	1065	884	976	690	868	1012	826
ENSG00000198691	ABCA4	9	8	10	6	11	11	3
ENSG00000198692	EIF1AY	400	420	442	333	342	444	303
ENSG00000198695	MT-ND6	54041	47617	52918	46492	36631	42239	37359
ENSG00000198700	IPO9	7383	6176	7331	5030	5822	5860	4826
ENSG00000198707	CEP290	722	250	738	166	631	678	306
ENSG00000198712	MT-CO2	284014	224004	214417	206930	199715	226628	178517
ENSG00000198715	GLMP	1128	957	1024	827	842	911	755
ENSG00000198718	TOGARAM1	895	707	770	524	689	644	537
ENSG00000198719	DLL1	24	13	16	8	16	10	11
ENSG00000198720	ANKRD13B	882	756	1093	735	743	819	681
ENSG00000198721	ECI2	1374	1146	1334	1050	1129	1143	893
ENSG00000198722	UNC13B	2498	2185	2425	1582	1950	2048	1634
ENSG00000198723	TEX45	9	2	5	3	5	3	2
ENSG00000198727	MT-CYB	197978	162521	134422	142054	135571	148400	127783
ENSG00000198728	LDB1	3271	2991	3224	2441	2616	2662	2148
ENSG00000198729	PPP1R14C	40	33	45	31	33	37	29
ENSG00000198730	CTR9	3114	2546	3080	2237	2364	2436	2061
ENSG00000198732	SMOC1	1463	1323	1570	1087	1191	1348	1024
ENSG00000198734	F5	391	349	416	251	312	285	264
ENSG00000198736	MSRB1	1798	1556	1657	1373	1308	1409	1046
ENSG00000198740	ZNF652	1093	892	1022	763	814	799	742
ENSG00000198742	SMURF1	3220	2684	3472	2254	2449	2579	2105
ENSG00000198743	SLC5A3	1196	1060	1335	709	954	941	818
ENSG00000198746	GPATCH3	411	421	463	303	399	375	294
ENSG00000198752	CDC42BPB	9616	8522	10693	6910	7824	7871	6630
ENSG00000198753	PLXNB3	144	129	141	89	132	102	102
ENSG00000198754	OXCT2	13	13	15	17	14	16	9
ENSG00000198755	RPL10A	15354	13041	15833	11815	12691	13728	10786
ENSG00000198756	COLGALT2	3	4	1	0	6	4	3
ENSG00000198758	EPS8L3	383	365	347	265	247	258	218
ENSG00000198759	EGFL6	1	0	0	0	0	0	0
ENSG00000198763	MT-ND2	245681	206093	163657	175389	174000	186463	165248
ENSG00000198768	APCDD1L	0	0	1	0	1	0	0
ENSG00000198771	RCSD1	1	1	2	0	0	1	0
ENSG00000198774	RASSF9	593	574	614	451	430	509	422
ENSG00000198780	FAM169A	430	418	404	302	415	405	375
ENSG00000198783	ZNF830	984	731	892	686	749	749	623
ENSG00000198785	GRIN3A	18	14	19	20	15	18	9
ENSG00000198786	MT-ND5	192971	170787	149487	141609	130817	134728	129677
ENSG00000198788	MUC2	10	0	11	12	0	6	0
ENSG00000198791	CNOT7	4953	4313	5122	3575	3948	4377	3382
ENSG00000198792	TMEM184B	3929	3198	3789	2767	2916	3182	2418
ENSG00000198793	MTOR	2448	2317	2641	1656	2120	1923	1773
ENSG00000198794	SCAMP5	725	725	702	509	563	572	450
ENSG00000198796	ALPK2	1808	1458	1974	1283	1411	1341	1037
ENSG00000198797	BRINP2	0	2	3	0	1	1	3
ENSG00000198799	LRIG2	516	469	547	311	368	385	305
ENSG00000198804	MT-CO1	1039300	843958	866925	731786	732373	772239	643147
ENSG00000198805	PNP	3804	3220	3547	2741	2977	3136	2408
ENSG00000198807	PAX9	307	243	254	186	192	207	165
ENSG00000198812	LRRC10	0	0	0	0	0	0	2
ENSG00000198814	GK	330	300	358	259	274	286	209
ENSG00000198815	FOXJ3	2311	1873	2301	1476	1785	1778	1439
ENSG00000198816	ZNF358	1053	844	1165	818	884	951	708
ENSG00000198818	SFT2D1	1066	981	1036	793	856	866	712
ENSG00000198821	CD247	11	15	13	9	10	11	11
ENSG00000198824	CHAMP1	1433	1273	1614	1053	1279	1343	1082
ENSG00000198825	INPP5F	670	544	639	495	509	540	453
ENSG00000198826	ARHGAP11A	7522	6435	7847	4995	6272	6277	4962
ENSG00000198829	SUCNR1	437	380	414	283	273	298	249
ENSG00000198830	HMGN2	13705	11660	13256	10519	11727	12573	9850
ENSG00000198832	SELENOM	578	508	517	415	437	435	341
ENSG00000198833	UBE2J1	1979	1672	2074	1404	1584	1797	1339
ENSG00000198835	GJC2	15	15	18	9	10	7	8
ENSG00000198836	OPA1	3004	2649	3046	2254	2708	2507	2101
ENSG00000198837	DENND4B	3006	2619	3096	2221	2477	2606	2069
ENSG00000198838	RYR3	0	0	7	0	0	0	4
ENSG00000198839	ZNF277	365	345	415	285	379	338	336
ENSG00000198840	MT-ND3	26558	23635	22374	19706	19626	22026	17605
ENSG00000198841	KTI12	797	612	848	556	591	669	455
ENSG00000198843	SELENOT	3507	2986	3530	2499	2937	3077	2457
ENSG00000198844	ARHGEF15	0	0	0	0	0	0	1
ENSG00000198846	TOX	29	18	42	18	22	19	16
ENSG00000198848	CES1	324	294	356	229	273	288	243
ENSG00000198853	RUSC2	2440	2109	2396	1850	1997	1926	1600
ENSG00000198855	FICD	385	310	360	289	327	311	296
ENSG00000198856	OSTC	2221	1987	2164	1675	1775	1901	1486
ENSG00000198858	R3HDM4	1529	1265	1227	993	1106	1069	920
ENSG00000198860	TSEN15	1506	1345	1440	1085	1155	1363	1073
ENSG00000198862	LTN1	1545	1463	1759	1034	1396	1469	1220
ENSG00000198863	RUNDC1	2171	1875	2197	1501	1747	1680	1365
ENSG00000198865	CCDC152	0	0	1	0	0	1	1
ENSG00000198870	STKLD1	11	15	9	8	10	10	11
ENSG00000198873	GRK5	530	466	510	373	426	410	346
ENSG00000198874	TYW1	1260	1208	1261	874	1035	1136	864
ENSG00000198876	DCAF12	3694	3186	3834	2720	2896	3145	2416
ENSG00000198879	SFMBT2	917	692	902	503	656	698	561
ENSG00000198881	ASB12	1	1	1	0	0	0	0
ENSG00000198885	ITPRIPL1	0	1	0	0	0	0	0
ENSG00000198886	MT-ND4	389188	316290	354707	317970	301774	344264	267849
ENSG00000198887	SMC5	2140	1815	2256	1425	1749	1760	1465
ENSG00000198888	MT-ND1	215651	173418	167154	162378	156674	172149	141077
ENSG00000198889	DCAF12L1	0	0	1	0	0	0	0
ENSG00000198890	PRMT6	0	0	1	0	0	0	0
ENSG00000198892	SHISA4	397	327	364	269	339	332	257
ENSG00000198894	CIPC	867	801	969	657	726	726	558
ENSG00000198898	CAPZA2	3608	3203	3720	2861	2829	3177	2454
ENSG00000198899	MT-ATP6	286833	228933	230516	225488	211218	245358	195911
ENSG00000198900	TOP1	6595	5295	6567	4642	5370	5627	4315
ENSG00000198901	PRC1	9956	8768	10199	7203	8145	8367	6805
ENSG00000198908	BHLHB9	385	305	383	226	280	308	219
ENSG00000198909	MAP3K3	1441	1144	1529	1055	1077	1110	913
ENSG00000198910	L1CAM	537	421	498	435	433	383	320
ENSG00000198911	SREBF2	6225	5465	6459	4488	4925	5225	4041
ENSG00000198912	C1orf174	817	686	759	597	662	663	548
ENSG00000198914	POU3F3	5	5	9	5	7	7	8
ENSG00000198915	RASGEF1A	350	312	374	257	308	327	207
ENSG00000198917	SPOUT1	1382	1200	1440	1027	1201	1149	1010
ENSG00000198918	RPL39	10145	8718	7806	6981	7245	8011	6790
ENSG00000198919	DZIP3	872	827	1066	690	786	803	672
ENSG00000198920	KIAA0753	1455	1267	1514	1008	1195	1115	986
ENSG00000198924	DCLRE1A	1216	1126	1331	863	1135	1123	906
ENSG00000198925	ATG9A	3367	2981	3493	2593	2688	2903	2270
ENSG00000198929	NOS1AP	18	22	18	13	14	18	27
ENSG00000198930	CSAG1	2	4	9	2	1	0	3
ENSG00000198931	APRT	4016	3442	4122	3047	3333	3335	2588
ENSG00000198932	GPRASP1	62	66	97	38	59	36	52
ENSG00000198933	TBKBP1	450	390	498	326	286	357	258
ENSG00000198934	MAGEE1	429	390	470	303	359	340	286
ENSG00000198937	CCDC167	532	461	493	398	373	468	318
ENSG00000198938	MT-CO3	404729	325515	287879	287133	282524	304955	245440
ENSG00000198939	ZFP2	3	0	2	3	2	2	0
ENSG00000198944	SOWAHA	28	24	23	21	21	13	10
ENSG00000198945	L3MBTL3	496	437	520	357	352	401	330
ENSG00000198947	DMD	1	1	0	0	0	2	0
ENSG00000198948	MFAP3L	355	317	385	249	275	320	234
ENSG00000198951	NAGA	959	810	954	676	762	757	625
ENSG00000198952	SMG5	4162	3929	4519	3046	3570	3606	2992
ENSG00000198954	KIFBP	2519	2137	2417	1674	1894	1971	1767
ENSG00000198959	TGM2	11516	10038	11754	9099	8958	9420	7227
ENSG00000198960	ARMCX6	584	518	564	391	421	453	287
ENSG00000198961	PJA2	3401	3078	3723	2374	2762	2880	2338
ENSG00000198963	RORB	2	2	2	7	4	3	2
ENSG00000198964	SGMS1	1324	1159	1371	929	1088	1202	859
ENSG00000198967	OR10Z1	1	2	0	0	2	1	1
ENSG00000203326	ZNF525	10	19	19	17	13	16	3
ENSG00000203485	INF2	5997	5986	6060	4536	5269	5007	4320
ENSG00000203499	IQANK1	60	54	77	53	40	50	48
ENSG00000203546	NA	0	2	0	2	0	3	0
ENSG00000203618	GP1BB	18	0	0	15	23	21	0
ENSG00000203663	OR2L2	65	44	29	28	38	48	22
ENSG00000203666	EFCAB2	102	82	77	81	102	76	60
ENSG00000203667	COX20	1824	1584	1856	1436	1500	1646	1279
ENSG00000203668	CHML	2028	1829	2180	1321	1654	1652	1481
ENSG00000203697	CAPN8	61	81	76	42	55	42	49
ENSG00000203705	TATDN3	619	510	633	432	489	556	419
ENSG00000203710	CR1	8	7	10	3	11	7	7
ENSG00000203722	RAET1G	68	62	67	72	38	38	50
ENSG00000203724	C1orf53	127	87	138	76	116	107	80
ENSG00000203727	SAMD5	361	307	343	253	279	303	242
ENSG00000203730	TEDDM1	1	2	0	1	0	2	2
ENSG00000203734	ECT2L	6	7	3	2	2	3	1
ENSG00000203737	GPR52	3	0	1	2	1	0	0
ENSG00000203740	NTMT2	0	0	0	0	0	2	0
ENSG00000203757	OR6K3	1	0	0	0	0	0	0
ENSG00000203760	CENPW	652	614	730	496	572	606	455
ENSG00000203772	SPRN	33	26	36	21	20	25	23
ENSG00000203778	FAM229B	133	119	139	97	99	117	80
ENSG00000203780	FANK1	33	37	41	44	29	40	35
ENSG00000203783	PRR9	0	1	0	0	0	0	0
ENSG00000203791	EEF1AKMT2	377	298	350	304	279	299	254
ENSG00000203797	DDO	4	1	1	1	0	1	1
ENSG00000203805	PLPP4	1	0	0	2	3	1	2
ENSG00000203811	H3C14	0	41	0	0	44	53	0
ENSG00000203814	H2BC18	32	18	26	25	17	17	20
ENSG00000203837	PNLIPRP3	0	0	0	0	0	1	0
ENSG00000203852	H3C15	56	0	47	28	0	0	27
ENSG00000203857	HSD3B1	5	1	0	2	8	2	0
ENSG00000203867	RBM20	517	449	528	360	427	402	347
ENSG00000203872	C6orf163	12	18	12	12	5	11	9
ENSG00000203877	RIPPLY2	1	3	2	1	4	1	1
ENSG00000203879	GDI1	4752	4295	4980	3711	3806	4058	3151
ENSG00000203880	PCMTD2	1385	1103	1389	887	969	1061	924
ENSG00000203883	SOX18	56	55	77	59	71	57	60
ENSG00000203896	LIME1	147	108	158	92	117	94	62
ENSG00000203907	OOEP	2	1	1	0	0	0	0
ENSG00000203926	SPANXA2	3	3	2	0	2	0	1
ENSG00000203942	C10orf62	2	6	0	1	0	1	1
ENSG00000203943	SAMD13	71	56	77	44	54	61	44
ENSG00000203950	RTL8A	1696	1407	1725	1353	1217	1332	1089
ENSG00000203952	CCDC160	6	6	3	7	3	3	5
ENSG00000203965	EFCAB7	358	270	261	195	250	268	208
ENSG00000203985	LDLRAD1	16	10	24	11	9	15	8
ENSG00000203995	ZYG11A	260	249	302	174	239	230	183
ENSG00000204006	C1orf185	0	1	0	0	0	0	0
ENSG00000204010	IFIT1B	1	0	0	0	0	0	0
ENSG00000204020	LIPN	2	0	0	0	0	0	0
ENSG00000204021	LIPK	1	0	0	0	0	0	0
ENSG00000204022	LIPJ	1	0	1	0	0	1	0
ENSG00000204025	TRPC5OS	0	0	0	2	1	0	0
ENSG00000204052	LRRC73	59	61	65	39	34	46	45
ENSG00000204060	FOXO6	4	0	2	0	0	6	0
ENSG00000204070	SYS1	1172	970	1228	854	899	1038	790
ENSG00000204084	INPP5B	473	414	505	393	422	435	327
ENSG00000204086	RPA4	2	8	9	4	5	8	1
ENSG00000204099	NEU4	14	18	12	2	7	10	4
ENSG00000204103	MAFB	0	0	1	5	1	3	0
ENSG00000204104	TRAF3IP1	1666	1381	1413	1106	1254	1287	981
ENSG00000204116	CHIC1	1031	869	1020	645	823	916	670
ENSG00000204120	GIGYF2	3723	3319	3731	2572	3116	3086	2514
ENSG00000204128	C2orf72	490	353	465	277	400	427	298
ENSG00000204130	RUFY2	844	726	825	568	662	660	585
ENSG00000204131	NHSL2	28	37	30	25	24	19	20
ENSG00000204136	GGTA1	0	1	2	2	1	0	0
ENSG00000204138	PHACTR4	2283	1904	2404	1663	1907	2118	1582
ENSG00000204140	CLPSL1	0	0	0	0	1	0	1
ENSG00000204147	ASAH2B	508	486	515	340	449	433	315
ENSG00000204149	AGAP6	470	470	467	331	400	418	286
ENSG00000204152	TIMM23B	390	459	450	284	385	412	260
ENSG00000204160	ZDHHC18	1223	1066	1237	922	984	1111	808
ENSG00000204172	AGAP9	712	638	723	479	476	466	413
ENSG00000204174	NPY4R	1005	963	1395	743	859	857	691
ENSG00000204175	GPRIN2	4552	4104	4742	3315	3656	3666	3134
ENSG00000204176	SYT15	203	195	200	183	172	167	137
ENSG00000204178	MACO1	689	633	607	533	583	551	521
ENSG00000204179	PTPN20	246	219	243	184	195	225	169
ENSG00000204186	ZDBF2	462	463	539	298	396	357	346
ENSG00000204209	DAXX	2112	1735	2021	1628	1629	1666	1402
ENSG00000204217	BMPR2	2707	2468	2959	1901	2211	2288	1823
ENSG00000204219	TCEA3	12	10	22	8	14	16	10
ENSG00000204220	PFDN6	1867	1679	1584	1373	1463	1540	1257
ENSG00000204227	RING1	1469	1286	1353	1075	1097	1085	938
ENSG00000204228	HSD17B8	231	226	270	211	195	240	176
ENSG00000204231	RXRB	1286	1244	1308	938	990	1017	871
ENSG00000204237	OXLD1	360	310	341	267	278	283	245
ENSG00000204248	COL11A2	59	66	93	45	57	54	52
ENSG00000204252	HLA-DOA	0	2	2	0	2	0	0
ENSG00000204256	BRD2	959	928	1791	725	825	1410	1069
ENSG00000204257	HLA-DMA	274	210	287	183	182	196	141
ENSG00000204262	COL5A2	9335	8405	10099	6309	6941	7183	5902
ENSG00000204264	PSMB8	968	886	901	722	756	745	630
ENSG00000204267	TAP2	1442	1160	1336	990	1167	1163	885
ENSG00000204271	SPIN3	686	578	743	430	514	631	491
ENSG00000204272	NBDY	1643	1315	1552	1145	1245	1278	975
ENSG00000204287	HLA-DRA	0	0	0	0	2	0	2
ENSG00000204290	BTNL2	0	0	0	0	1	0	0
ENSG00000204291	COL15A1	16	23	14	17	20	15	13
ENSG00000204304	PBX2	1956	1709	1775	1475	1408	1518	1198
ENSG00000204305	AGER	20	14	14	14	12	20	18
ENSG00000204308	RNF5	2364	2043	2319	1744	1744	1924	1461
ENSG00000204310	AGPAT1	2552	2126	2567	1912	2042	2070	1633
ENSG00000204311	PJVK	76	73	61	60	66	69	74
ENSG00000204314	PRRT1	26	0	41	30	31	35	21
ENSG00000204315	FKBPL	279	213	299	204	209	211	192
ENSG00000204316	MRPL38	2832	2462	2836	2069	2411	2329	1850
ENSG00000204323	SMIM5	57	63	46	39	48	26	34
ENSG00000204334	ERICH2	0	2	1	0	2	0	0
ENSG00000204335	SP5	9	7	19	4	6	8	7
ENSG00000204344	STK19	92	95	117	100	66	63	66
ENSG00000204348	DXO	234	228	222	184	203	226	193
ENSG00000204351	SKIV2L	1277	1023	1550	1085	1261	1223	942
ENSG00000204356	NELFE	2149	1843	2128	1635	1779	1862	1441
ENSG00000204361	NXPE2	2	0	0	0	1	0	1
ENSG00000204366	ZBTB12	370	336	340	282	303	279	228
ENSG00000204370	SDHD	2414	2094	2445	1858	1949	2142	1623
ENSG00000204371	EHMT2	2477	2209	2521	1812	1944	2018	1608
ENSG00000204379	XAGE1A	2077	1713	1797	1528	1646	1715	1372
ENSG00000204381	LAYN	32	11	33	33	28	36	31
ENSG00000204382	XAGE1B	0	159	0	1	0	1	0
ENSG00000204385	SLC44A4	34	35	27	19	22	22	27
ENSG00000204386	NEU1	798	595	709	561	652	645	420
ENSG00000204388	HSPA1B	13595	11605	12863	9406	9887	10255	8493
ENSG00000204389	HSPA1A	20508	17764	20104	14588	15238	15338	11937
ENSG00000204390	HSPA1L	81	102	98	80	89	82	81
ENSG00000204392	LSM2	1286	1075	1235	915	948	1075	791
ENSG00000204394	VARS1	5908	4985	6119	4318	4900	5055	4042
ENSG00000204396	VWA7	204	168	230	158	137	145	112
ENSG00000204397	CARD16	1	0	2	0	3	1	0
ENSG00000204406	MBD5	345	301	348	208	276	284	235
ENSG00000204410	MSH5	130	115	133	75	97	122	78
ENSG00000204420	MPIG6B	2	6	5	2	11	2	4
ENSG00000204421	LY6G6C	2	0	1	0	1	1	0
ENSG00000204424	LY6G6F	0	0	1	0	0	0	0
ENSG00000204427	ABHD16A	833	685	873	620	704	736	536
ENSG00000204428	LY6G5C	9	17	12	14	13	7	12
ENSG00000204435	CSNK2B	2582	2247	2770	2102	2059	2334	1746
ENSG00000204438	GPANK1	550	470	532	404	434	456	376
ENSG00000204439	C6orf47	717	647	709	538	592	557	480
ENSG00000204442	NALF1	1	3	0	0	0	2	0
ENSG00000204444	APOM	30	38	50	29	32	34	27
ENSG00000204449	TRIM49C	1	0	0	0	0	0	0
ENSG00000204463	BAG6	8089	6979	7874	5879	6538	6603	5410
ENSG00000204469	PRRC2A	11173	9944	10583	7881	9112	8668	7322
ENSG00000204475	NCR3	0	0	1	0	0	0	1
ENSG00000204480	PRAMEF19	0	0	0	1	0	0	0
ENSG00000204482	LST1	0	4	4	6	0	4	2
ENSG00000204498	NFKBIL1	400	357	388	331	280	335	254
ENSG00000204505	PRAMEF9	0	0	0	0	2	0	0
ENSG00000204514	ZNF814	245	212	194	167	180	183	119
ENSG00000204516	MICB	468	386	443	339	318	360	261
ENSG00000204519	ZNF551	337	329	380	250	306	373	261
ENSG00000204520	MICA	893	729	840	623	657	725	542
ENSG00000204524	ZNF805	359	314	325	285	244	267	204
ENSG00000204525	HLA-C	3848	3383	3896	2943	3025	2897	2360
ENSG00000204531	POU5F1	194	158	141	115	111	122	121
ENSG00000204532	ZSCAN5C	2	3	1	1	1	0	1
ENSG00000204536	CCHCR1	726	648	709	512	648	609	452
ENSG00000204538	PSORS1C2	8	1	8	8	8	3	3
ENSG00000204539	CDSN	0	0	0	0	3	0	0
ENSG00000204540	PSORS1C1	6	6	2	5	7	16	0
ENSG00000204542	C6orf15	1	0	1	0	0	0	0
ENSG00000204560	DHX16	2075	1910	2082	1504	1731	1758	1379
ENSG00000204564	C6orf136	483	398	516	403	424	419	308
ENSG00000204568	MRPS18B	2376	1955	2306	1799	1919	2096	1567
ENSG00000204569	PPP1R10	2997	2828	3314	2334	2483	2638	2031
ENSG00000204572	KRTAP5-10	0	0	2	2	1	0	0
ENSG00000204574	ABCF1	5247	4461	5023	3782	4038	4516	3563
ENSG00000204576	PRR3	484	391	465	321	389	375	303
ENSG00000204577	LILRB3	25	19	17	13	14	24	8
ENSG00000204580	DDR1	5927	5405	6038	4192	4725	4743	3803
ENSG00000204590	GNL1	1591	1466	1615	1205	1207	1252	1035
ENSG00000204592	HLA-E	3083	2810	3308	2462	2340	2459	2065
ENSG00000204595	DPRX	0	2	0	0	0	0	1
ENSG00000204599	TRIM39	473	451	498	325	312	378	304
ENSG00000204604	ZNF468	4	4	4	3	3	4	1
ENSG00000204610	TRIM15	3	8	2	5	3	4	3
ENSG00000204611	ZNF616	76	56	40	42	38	46	45
ENSG00000204613	TRIM10	6	5	13	3	3	4	2
ENSG00000204614	TRIM40	6	5	1	0	1	2	0
ENSG00000204616	TRIM31	606	479	552	409	406	431	378
ENSG00000204618	RNF39	73	61	64	36	38	40	53
ENSG00000204619	PPP1R11	1938	1649	2000	1420	1592	1752	1304
ENSG00000204624	DISP3	6	8	7	3	7	6	6
ENSG00000204628	RACK1	37713	32145	35697	28620	29498	31624	25258
ENSG00000204634	TBC1D8	3985	3510	4317	2925	3167	3241	2682
ENSG00000204642	HLA-F	181	149	132	123	90	118	96
ENSG00000204644	ZFP57	2	2	0	2	4	1	1
ENSG00000204653	ASPDH	5	5	2	3	2	5	6
ENSG00000204655	MOG	3	1	2	0	0	0	1
ENSG00000204657	OR2H2	4	2	3	6	3	2	0
ENSG00000204659	CBY3	0	2	5	3	0	0	1
ENSG00000204669	C9orf57	0	0	0	0	1	0	0
ENSG00000204671	IL31	0	0	0	0	0	1	0
ENSG00000204673	AKT1S1	6276	5783	5984	4817	5327	5314	4358
ENSG00000204681	GABBR1	539	454	643	411	348	391	276
ENSG00000204694	OR11A1	0	1	0	0	0	0	0
ENSG00000204695	OR14J1	60	47	38	51	27	44	43
ENSG00000204701	OR2J3	0	1	0	0	0	0	0
ENSG00000204710	SPDYC	0	1	0	0	1	0	0
ENSG00000204711	CFAP95	0	0	0	0	1	3	0
ENSG00000204713	TRIM27	2104	1830	2199	1533	1803	1895	1553
ENSG00000204740	MALRD1	6	2	2	2	2	2	3
ENSG00000204764	RANBP17	138	176	93	102	109	127	125
ENSG00000204767	INSYN2B	45	55	51	43	49	37	36
ENSG00000204779	FOXD4L5	39	35	26	24	26	20	22
ENSG00000204815	ODAD4	117	89	102	73	91	63	93
ENSG00000204822	MRPL53	1772	1545	1845	1370	1396	1517	1116
ENSG00000204839	MROH6	563	531	569	461	431	462	360
ENSG00000204842	ATXN2	2342	2001	2007	1579	1873	1809	1557
ENSG00000204843	DCTN1	7427	6674	7906	5596	6528	6463	4892
ENSG00000204852	TCTN1	738	730	795	623	709	703	540
ENSG00000204856	FAM216A	335	278	273	202	233	283	212
ENSG00000204859	ZBTB48	308	249	293	243	273	273	199
ENSG00000204866	IGFL2	5	2	3	2	0	4	0
ENSG00000204869	IGFL4	367	284	397	249	281	297	220
ENSG00000204880	KRTAP4-8	0	0	0	0	1	0	0
ENSG00000204882	GPR20	77	54	78	50	41	51	36
ENSG00000204887	KRTAP1-4	0	0	0	0	1	0	0
ENSG00000204889	KRT40	1	0	0	1	0	0	0
ENSG00000204897	KRT25	1	0	0	0	0	0	0
ENSG00000204899	MZT1	1018	896	1058	691	774	879	725
ENSG00000204909	SPINK9	6	3	6	3	5	0	7
ENSG00000204920	ZNF155	162	129	149	100	127	117	98
ENSG00000204922	UQCC3	1445	1305	1598	1116	1225	1294	1020
ENSG00000204923	FBXO48	192	187	173	133	149	139	118
ENSG00000204928	GRXCR2	1	2	0	0	0	1	1
ENSG00000204930	FAM221B	1	1	1	0	0	0	0
ENSG00000204936	CD177	3	5	0	0	4	2	0
ENSG00000204941	PSG5	8	5	9	3	9	8	4
ENSG00000204946	ZNF783	556	504	608	422	462	500	338
ENSG00000204947	ZNF425	112	87	109	86	59	91	65
ENSG00000204950	LRRC10B	3	3	3	2	3	3	6
ENSG00000204952	FBXO47	0	0	1	3	2	1	0
ENSG00000204954	C12orf73	398	335	392	258	361	341	272
ENSG00000204956	PCDHGA1	46	60	45	39	46	44	34
ENSG00000204961	PCDHA9	10	22	12	15	18	7	7
ENSG00000204962	PCDHA8	22	12	7	1	13	10	9
ENSG00000204963	PCDHA7	25	14	12	9	24	8	11
ENSG00000204965	PCDHA5	203	182	198	143	156	150	132
ENSG00000204967	PCDHA4	973	741	883	602	741	755	614
ENSG00000204969	PCDHA2	39	44	35	33	43	19	37
ENSG00000204970	PCDHA1	26	28	31	21	0	0	0
ENSG00000204977	TRIM13	625	578	759	514	553	540	439
ENSG00000204978	ERICH4	2	1	5	2	0	2	1
ENSG00000204991	SPIRE2	1007	805	1042	672	789	760	586
ENSG00000205002	AARD	5	4	4	0	1	2	0
ENSG00000205022	PABPN1L	0	0	0	1	0	1	0
ENSG00000205038	PKHD1L1	0	2	5	1	6	2	0
ENSG00000205045	SLFN12L	35	31	42	20	15	14	26
ENSG00000205060	SLC35B4	4495	3905	4695	3097	3723	3777	3082
ENSG00000205076	LGALS7	2	9	3	1	1	0	2
ENSG00000205078	SYCE1L	57	46	57	41	42	44	33
ENSG00000205084	TMEM231	197	392	228	208	215	256	152
ENSG00000205085	GARIN1A	65	67	48	51	50	41	39
ENSG00000205089	CCNI2	12	14	18	11	10	16	8
ENSG00000205090	TMEM240	25	23	23	21	13	17	18
ENSG00000205097	FRG2	9	13	7	4	8	10	6
ENSG00000205108	FAM205A	0	1	0	0	0	1	0
ENSG00000205111	CDKL4	0	0	0	0	0	1	1
ENSG00000205116	TMEM88B	7	7	4	4	1	5	2
ENSG00000205129	C4orf47	3	6	0	5	2	3	3
ENSG00000205133	TRIQK	796	561	864	543	695	713	589
ENSG00000205138	SDHAF1	1241	1118	1220	894	989	1053	799
ENSG00000205143	ARID3C	15	16	12	11	14	17	13
ENSG00000205155	PSENEN	3296	2961	3636	2672	2810	3083	2366
ENSG00000205177	C11orf91	6	3	7	5	0	5	2
ENSG00000205189	ZBTB10	541	499	640	343	418	499	394
ENSG00000205208	C4orf46	1041	846	1105	722	846	964	747
ENSG00000205209	SCGB2B2	10	15	25	22	19	13	15
ENSG00000205213	LGR4	10929	9806	11375	7249	8944	9392	7621
ENSG00000205220	PSMB10	521	447	444	355	397	402	288
ENSG00000205221	VIT	1	1	1	0	1	0	0
ENSG00000205238	SPDYE2	158	169	152	97	99	58	110
ENSG00000205250	E2F4	2726	2427	2686	2193	2279	2471	1941
ENSG00000205268	PDE7A	1499	1395	1611	1092	1175	1224	1020
ENSG00000205269	TMEM170B	442	372	532	319	324	366	337
ENSG00000205277	MUC12	3	4	3	1	5	1	0
ENSG00000205279	CTXN3	0	0	1	0	0	0	0
ENSG00000205302	SNX2	852	856	821	619	723	740	633
ENSG00000205307	SAP25	22	12	25	19	17	29	22
ENSG00000205309	NT5M	261	214	233	173	198	193	160
ENSG00000205323	SARNP	1804	1751	1896	1357	1480	1671	1316
ENSG00000205336	ADGRG1	9267	8066	9215	6866	7167	7406	6042
ENSG00000205339	IPO7	14557	13026	15169	10172	12279	12766	10553
ENSG00000205352	PRR13	7484	6442	6946	5628	5936	6492	4951
ENSG00000205356	TECPR1	1171	962	1266	792	872	926	658
ENSG00000205362	MT1A	49	42	52	39	38	45	31
ENSG00000205363	INSYN1	12	29	22	10	17	14	8
ENSG00000205403	CFI	58	38	100	65	38	63	33
ENSG00000205413	SAMD9	600	535	698	423	509	548	404
ENSG00000205420	KRT6A	10	12	11	15	9	5	1
ENSG00000205423	CNEP1R1	908	791	901	682	719	710	654
ENSG00000205426	KRT81	118574	103552	111478	89893	91149	94705	75316
ENSG00000205436	EXOC3L4	116	96	135	79	103	82	60
ENSG00000205456	TP53TG3D	4	2	22	2	24	13	8
ENSG00000205476	CCDC85C	2466	2233	2594	1746	1978	2025	1571
ENSG00000205482	SPDYE18	26	27	25	31	24	27	24
ENSG00000205502	C2CD4B	4	3	1	2	1	2	2
ENSG00000205517	RGL3	50	42	55	32	23	37	15
ENSG00000205531	NAP1L4	7332	6363	7345	5408	5816	6056	5019
ENSG00000205542	TMSB4X	67216	57197	66974	50354	48729	53241	42718
ENSG00000205544	TMEM256	1792	1552	1621	1268	1194	1388	1131
ENSG00000205560	CPT1B	858	698	849	621	605	592	525
ENSG00000205571	SMN2	1047	983	939	797	921	940	722
ENSG00000205572	SERF1B	1292	1121	1318	695	977	1018	393
ENSG00000205581	HMGN1	8197	7338	8816	6430	6774	7302	6030
ENSG00000205593	DENND6B	221	179	232	159	143	156	122
ENSG00000205609	EIF3CL	134	186	57	69	101	76	146
ENSG00000205629	LCMT1	760	680	845	663	605	621	577
ENSG00000205639	MFSD2B	2	2	0	0	3	8	0
ENSG00000205643	CDPF1	231	224	302	185	240	249	167
ENSG00000205659	LIN52	516	419	477	367	426	425	341
ENSG00000205669	ACOT6	1	1	0	0	1	0	2
ENSG00000205670	SMIM11	193	29	36	198	239	325	7
ENSG00000205683	DPF3	1	0	1	0	0	1	0
ENSG00000205693	MANSC4	4	2	3	3	1	0	3
ENSG00000205704	SMIM45	5	9	5	2	6	6	1
ENSG00000205707	ETFRF1	400	383	450	320	364	416	325
ENSG00000205710	C17orf107	42	32	32	12	19	38	19
ENSG00000205726	ITSN1	1782	1624	1865	1285	1399	1492	1198
ENSG00000205730	ITPRIPL2	2943	2601	3085	1875	2305	2361	1965
ENSG00000205744	DENND1C	12	0	0	5	11	0	14
ENSG00000205755	CRLF2	21	18	10	9	12	14	7
ENSG00000205758	CRYZL1	508	489	509	395	397	440	345
ENSG00000205765	RIMOC1	1452	1193	1498	1058	1226	1270	1107
ENSG00000205784	ARRDC5	0	0	0	1	0	0	0
ENSG00000205795	CYS1	49	55	47	39	33	26	32
ENSG00000205808	PLPP6	1131	1016	1205	813	936	983	794
ENSG00000205809	KLRC2	152	117	124	105	120	141	93
ENSG00000205810	KLRC3	34	18	15	12	11	23	18
ENSG00000205832	C16orf96	2	1	1	0	1	3	0
ENSG00000205838	TTC23L	5	6	6	5	10	5	8
ENSG00000205863	C1QTNF9B	0	1	3	3	1	1	2
ENSG00000205867	KRTAP5-2	0	0	0	0	0	1	0
ENSG00000205869	KRTAP5-1	6	11	8	7	8	8	6
ENSG00000205884	DEFB136	1	0	0	0	0	0	0
ENSG00000205899	BHLHA9	2	0	1	0	0	0	1
ENSG00000205903	ZNF316	2072	1775	2185	1442	1603	1617	1309
ENSG00000205922	ONECUT3	9	11	13	9	7	4	8
ENSG00000205929	C21orf62	143	110	111	75	81	112	48
ENSG00000205937	RNPS1	7876	6657	7647	5981	6291	6646	5169
ENSG00000205978	NYNRIN	42	54	60	43	41	29	39
ENSG00000205981	DNAJC19	520	487	549	445	454	502	391
ENSG00000206013	IFITM5	0	0	0	1	0	1	0
ENSG00000206052	DOK6	5	4	0	0	3	2	5
ENSG00000206053	JPT2	9201	8108	8946	6430	7124	7439	6168
ENSG00000206072	SERPINB11	8	0	6	4	3	3	4
ENSG00000206073	SERPINB4	10	9	8	14	10	11	7
ENSG00000206075	SERPINB5	10	5	11	5	9	6	16
ENSG00000206077	ZDHHC11B	24	24	21	1	7	18	15
ENSG00000206113	CFAP99	4	5	5	2	1	4	3
ENSG00000206127	GOLGA8O	259	295	305	177	178	222	172
ENSG00000206140	TMEM191C	2	9	7	1	4	0	5
ENSG00000206172	HBA1	6	0	0	0	13	13	4
ENSG00000206181	ELOA2	3	1	1	0	2	3	1
ENSG00000206190	ATP10A	766	601	792	554	604	523	438
ENSG00000206260	PRR23A	1	0	0	0	2	0	2
ENSG00000206262	FOXL2NB	123	99	115	76	80	76	63
ENSG00000206418	RAB12	1348	1250	1401	1007	1118	1281	1008
ENSG00000206432	TMEM200C	1	0	0	0	0	0	0
ENSG00000206503	HLA-A	6585	5816	6285	4957	5022	5091	4045
ENSG00000206527	HACD2	6653	5680	6673	4522	5339	5537	4691
ENSG00000206530	CFAP44	368	288	353	246	264	236	261
ENSG00000206531	CD200R1L	0	0	2	3	5	0	2
ENSG00000206535	LNP1	59	42	74	44	43	52	53
ENSG00000206538	VGLL3	2342	2109	2389	1529	1903	1828	1590
ENSG00000206549	NA	0	0	0	0	2	0	0
ENSG00000206557	TRIM71	2	2	1	0	0	3	2
ENSG00000206559	ZCWPW2	16	11	14	10	12	10	8
ENSG00000206560	ANKRD28	2382	2136	2576	1674	2055	2180	1625
ENSG00000206561	COLQ	40	13	33	20	29	19	17
ENSG00000206562	METTL6	964	947	1140	711	818	881	696
ENSG00000206579	XKR4	37	34	58	28	33	37	18
ENSG00000211445	GPX3	642	498	593	444	490	506	427
ENSG00000211448	DIO2	352	286	335	226	248	269	222
ENSG00000211450	SELENOH	1351	1194	1420	984	1130	1176	946
ENSG00000211452	DIO1	1	4	2	0	1	1	1
ENSG00000211455	STK38L	933	836	1041	680	781	845	616
ENSG00000211456	SACM1L	1555	1376	1552	1087	1338	1374	1075
ENSG00000211460	TSN	3242	2897	3059	2179	2780	2771	2303
ENSG00000211584	SLC48A1	2394	2006	2179	1674	1904	1988	1574
ENSG00000212123	PRR22	160	135	140	105	120	127	90
ENSG00000212124	TAS2R19	2	3	5	2	0	1	3
ENSG00000212126	TAS2R50	1	4	0	1	1	0	2
ENSG00000212127	TAS2R14	21	17	34	27	30	29	22
ENSG00000212128	TAS2R13	1	1	0	0	0	0	1
ENSG00000212724	KRTAP2-3	1	3	1	2	0	0	0
ENSG00000212747	RTL8B	500	371	497	377	380	431	314
ENSG00000212807	OR2A42	1	0	0	0	0	0	1
ENSG00000212864	RNF208	84	82	98	71	67	85	61
ENSG00000212899	KRTAP3-3	1	0	0	1	2	1	0
ENSG00000212900	KRTAP3-2	0	6	2	3	2	2	1
ENSG00000212901	KRTAP3-1	3	4	6	1	3	7	3
ENSG00000212907	MT-ND4L	71236	64063	59935	51366	53351	54785	46643
ENSG00000212916	MAP10	147	143	155	106	128	145	106
ENSG00000212935	KRTAP10-3	0	1	0	0	0	0	0
ENSG00000212993	POU5F1B	12	10	12	6	3	7	7
ENSG00000213015	ZNF580	2144	1786	2276	1528	1689	1913	1424
ENSG00000213020	ZNF611	57	54	65	42	72	68	47
ENSG00000213023	SYT3	46	62	67	46	48	39	31
ENSG00000213024	NUP62	8121	6890	7185	5692	6340	6364	5257
ENSG00000213030	CGB8	57	34	53	55	37	40	36
ENSG00000213047	DENND1B	478	422	491	290	378	405	318
ENSG00000213064	SFT2D2	3810	3344	3635	3030	2951	3172	2308
ENSG00000213066	CEP43	764	737	811	462	739	711	542
ENSG00000213079	SCAF8	1912	1634	1975	1271	1667	1712	1323
ENSG00000213085	CFAP45	12	15	22	9	15	23	13
ENSG00000213096	ZNF254	535	447	510	361	427	424	375
ENSG00000213123	DYNLT2B	265	249	239	192	209	256	199
ENSG00000213139	CRYGS	7	6	0	3	3	12	2
ENSG00000213145	CRIP1	5292	4231	5492	3955	3973	4433	3523
ENSG00000213160	KLHL23	730	633	842	580	601	683	481
ENSG00000213185	FAM24B	171	142	176	125	118	138	120
ENSG00000213186	TRIM59	1358	1196	1358	948	1096	1182	867
ENSG00000213190	MLLT11	2350	1911	2383	1717	1930	2007	1445
ENSG00000213199	ASIC3	375	366	385	297	245	262	230
ENSG00000213203	GIMAP1	8	9	3	3	8	6	4
ENSG00000213213	CCDC183	18	19	25	14	19	17	14
ENSG00000213214	ARHGEF35	48	45	46	47	55	36	41
ENSG00000213221	DNLZ	475	433	501	363	418	439	319
ENSG00000213246	SUPT4H1	4688	4119	4475	3573	3589	4039	3378
ENSG00000213265	TSGA13	54	38	39	35	39	33	22
ENSG00000213281	NRAS	2858	2468	3201	1993	2388	2645	2159
ENSG00000213316	LTC4S	1	3	1	0	0	0	0
ENSG00000213337	ANKRD39	309	296	331	220	288	279	215
ENSG00000213339	QTRT1	1006	841	855	703	749	775	589
ENSG00000213341	CHUK	1948	1800	2023	1340	1599	1783	1415
ENSG00000213347	MXD3	917	878	983	704	723	753	587
ENSG00000213366	GSTM2	66	53	71	48	36	45	40
ENSG00000213380	COG8	1871	1659	1810	1314	1547	1565	1282
ENSG00000213390	ARHGAP19	602	471	645	355	465	351	373
ENSG00000213397	HAUS7	1024	895	1082	773	883	839	770
ENSG00000213398	LCAT	139	120	126	114	103	119	73
ENSG00000213401	MAGEA12	8	7	5	6	7	6	8
ENSG00000213402	PTPRCAP	0	5	10	0	7	0	2
ENSG00000213413	PVRIG	9	18	11	1	4	4	6
ENSG00000213420	GPC2	103	88	107	80	77	69	52
ENSG00000213424	KRT222	193	170	207	148	140	153	121
ENSG00000213445	SIPA1	1205	1031	1164	882	890	865	723
ENSG00000213462	ERV3-1	92	59	59	55	53	48	49
ENSG00000213463	SYNJ2BP	2095	1881	2107	1348	1653	1621	1394
ENSG00000213465	ARL2	4594	3844	4023	3346	3588	3664	2890
ENSG00000213512	GBP7	2	0	4	3	5	0	1
ENSG00000213516	RBMXL1	384	343	421	268	326	306	251
ENSG00000213523	SRA1	1447	1264	1379	1086	1150	1172	940
ENSG00000213533	STIMATE	562	496	583	364	481	423	360
ENSG00000213551	DNAJC9	3801	3250	3816	2748	3155	3278	2660
ENSG00000213563	C8orf82	1397	1275	1489	1028	1196	1250	1042
ENSG00000213578	CPLX3	0	1	0	0	0	0	0
ENSG00000213585	VDAC1	14974	12967	15717	11377	12319	12867	10369
ENSG00000213588	ZBTB9	595	561	628	411	541	490	416
ENSG00000213593	TMX2	5338	4339	5195	3714	4332	4546	3666
ENSG00000213614	HEXA	3291	2566	3488	2186	2720	3079	2208
ENSG00000213619	NDUFS3	2463	2246	2469	1817	2068	2085	1648
ENSG00000213625	LEPROT	2649	2266	2583	1857	2123	2140	1704
ENSG00000213626	LBH	4337	3765	4138	3056	3216	3419	2769
ENSG00000213638	ADAT3	252	221	253	175	186	215	163
ENSG00000213639	PPP1CB	10405	8971	11118	7678	8671	9507	7272
ENSG00000213648	SULT1A4	262	513	335	10	347	133	967
ENSG00000213654	GPSM3	10	4	5	10	7	13	0
ENSG00000213658	LAT	120	91	104	60	74	106	57
ENSG00000213672	NCKIPSD	977	885	996	733	785	797	597
ENSG00000213676	ATF6B	2762	2329	2580	1970	2078	2104	1707
ENSG00000213689	TREX1	392	338	315	272	287	308	243
ENSG00000213694	S1PR3	3308	2977	3265	2163	2647	2602	2159
ENSG00000213699	SLC35F6	3954	3443	3838	2915	3191	3368	2581
ENSG00000213714	FAM209B	5	9	13	6	6	6	4
ENSG00000213719	CLIC1	11094	9446	11536	8473	8805	9271	6997
ENSG00000213722	DDAH2	1323	1206	1332	996	946	1093	833
ENSG00000213741	RPS29	6141	4969	5129	4193	4701	5082	4611
ENSG00000213759	UGT2B11	15	15	17	12	21	18	15
ENSG00000213760	ATP6V1G2	24	20	24	26	18	26	19
ENSG00000213762	ZNF134	567	544	563	391	476	524	408
ENSG00000213780	GTF2H4	823	689	743	592	555	613	443
ENSG00000213782	DDX47	2534	2184	2582	1806	2048	2265	1780
ENSG00000213793	ZNF888	9	9	8	8	5	6	7
ENSG00000213799	ZNF845	444	412	468	308	327	370	274
ENSG00000213809	KLRK1	0	2	0	0	0	1	2
ENSG00000213853	EMP2	3323	2988	3256	2492	2682	2720	2288
ENSG00000213859	KCTD11	677	595	699	464	560	514	447
ENSG00000213886	UBD	56	54	67	45	35	54	31
ENSG00000213889	PPM1N	157	142	171	148	116	142	123
ENSG00000213892	CEACAM16	13	5	5	8	0	6	4
ENSG00000213901	SLC23A3	4	5	6	2	5	4	9
ENSG00000213903	LTB4R	2056	1760	1914	1460	1506	1580	1241
ENSG00000213906	LTB4R2	751	776	839	493	618	600	532
ENSG00000213918	DNASE1	661	578	594	506	400	465	419
ENSG00000213920	MDP1	267	256	327	257	237	242	210
ENSG00000213923	CSNK1E	3270	2793	3370	2353	2633	2715	1934
ENSG00000213928	IRF9	600	535	603	501	404	384	378
ENSG00000213930	GALT	396	335	407	326	268	283	264
ENSG00000213931	HBE1	0	0	1	2	1	0	0
ENSG00000213937	CLDN9	8	5	10	3	4	5	2
ENSG00000213949	ITGA1	54	24	75	33	37	37	12
ENSG00000213965	NUDT19	2886	2427	3134	2104	2504	2751	1927
ENSG00000213967	ZNF726	27	18	29	16	15	17	11
ENSG00000213973	ZNF99	2	1	2	3	1	0	3
ENSG00000213977	TAX1BP3	6356	5228	6833	4817	5281	5437	3983
ENSG00000213983	AP1G2	2218	1902	2097	1419	1693	1735	1413
ENSG00000213995	NAXD	881	773	868	665	652	770	561
ENSG00000213996	TM6SF2	4	12	7	9	6	6	6
ENSG00000213999	MEF2B	101	85	91	67	78	89	57
ENSG00000214013	GANC	492	368	465	299	349	369	282
ENSG00000214021	TTLL3	483	444	446	352	358	396	250
ENSG00000214022	REPIN1	7210	6131	7547	5288	6024	6183	4699
ENSG00000214026	MRPL23	2022	1775	1886	1596	1587	1620	1362
ENSG00000214029	ZNF891	374	355	398	244	290	306	250
ENSG00000214046	SMIM7	1509	1264	1383	1139	1277	1362	1018
ENSG00000214050	FBXO16	147	114	148	99	103	130	131
ENSG00000214063	TSPAN4	6835	5880	6050	4789	5419	5215	4195
ENSG00000214078	CPNE1	8094	6979	8095	5987	6315	6330	5165
ENSG00000214087	ARL16	780	662	786	581	680	640	499
ENSG00000214102	WEE2	1	0	1	3	3	2	0
ENSG00000214113	LYRM4	865	728	858	649	722	747	628
ENSG00000214114	MYCBP	1136	1011	1091	795	862	922	703
ENSG00000214128	TMEM213	15	10	14	10	5	3	4
ENSG00000214140	PRCD	0	0	0	0	1	0	1
ENSG00000214160	ALG3	2186	1817	2076	1638	1782	1887	1593
ENSG00000214193	SH3D21	132	132	166	98	116	101	72
ENSG00000214194	SMIM30	1010	883	1012	750	838	903	738
ENSG00000214212	C19orf38	8	7	7	4	4	8	3
ENSG00000214226	C17orf67	189	169	196	120	145	134	126
ENSG00000214237	MINDY4B	1	0	0	0	0	0	0
ENSG00000214253	FIS1	1693	1552	1854	1330	1455	1514	1155
ENSG00000214274	ANG	821	772	783	614	625	668	585
ENSG00000214279	SCART1	52	46	41	37	21	27	42
ENSG00000214290	COLCA2	208	185	213	144	171	182	166
ENSG00000214300	SPDYE3	6	9	11	7	8	7	3
ENSG00000214309	MBLAC1	91	79	137	81	85	86	57
ENSG00000214336	FOXI3	0	2	2	0	1	2	2
ENSG00000214338	SOGA3	346	315	400	201	284	279	290
ENSG00000214357	NEURL1B	600	506	647	395	411	416	305
ENSG00000214360	EFCAB9	1	0	0	0	0	0	0
ENSG00000214367	HAUS3	667	578	725	525	590	537	433
ENSG00000214376	VSTM5	8	3	2	3	0	0	4
ENSG00000214402	LCNL1	0	0	0	0	0	3	2
ENSG00000214413	BBIP1	814	694	710	626	632	659	590
ENSG00000214435	AS3MT	419	355	393	298	312	312	242
ENSG00000214456	PLIN5	9	8	5	7	5	3	1
ENSG00000214491	SEC14L6	0	1	2	0	0	1	2
ENSG00000214513	NOTO	1	1	0	1	2	0	2
ENSG00000214517	PPME1	3015	2692	3081	2419	2532	2619	2080
ENSG00000214530	STARD10	760	665	776	620	591	640	487
ENSG00000214558	NA	20	14	7	12	19	16	3
ENSG00000214562	NUTM2D	173	144	159	117	119	126	125
ENSG00000214575	CPEB1	142	145	126	135	109	125	97
ENSG00000214595	EML6	119	90	100	75	94	92	84
ENSG00000214652	ZNF727	0	3	0	0	0	0	0
ENSG00000214654	B3GALT9	349	292	376	233	256	271	242
ENSG00000214655	ZSWIM8	2414	2298	2480	1808	1863	1796	1545
ENSG00000214688	C10orf105	0	11	0	2	9	0	0
ENSG00000214694	ARHGEF33	8	8	12	4	2	5	7
ENSG00000214700	C12orf71	2	0	2	0	1	0	1
ENSG00000214706	IFRD2	3423	2839	3372	2548	2620	2872	2316
ENSG00000214711	CAPN14	0	2	0	0	0	2	2
ENSG00000214717	ZBED1	2507	2167	2493	1834	2074	2030	1610
ENSG00000214736	TOMM6	3396	2942	3027	2584	2641	2641	2162
ENSG00000214753	HNRNPUL2	10256	9938	8918	7156	8393	8132	6909
ENSG00000214756	CSKMT	45	38	51	30	46	38	26
ENSG00000214787	MS4A4E	244	221	268	177	172	214	172
ENSG00000214814	FER1L6	53	53	57	24	49	30	44
ENSG00000214819	CDRT15L2	5	2	6	2	5	4	1
ENSG00000214827	MTCP1	182	172	165	155	126	135	114
ENSG00000214860	EVPLL	1	0	1	0	1	0	0
ENSG00000214872	SMTNL1	2	2	2	0	1	2	3
ENSG00000214897	PNMA6E	0	0	1	0	0	0	0
ENSG00000214940	NPIPA8	62	99	70	43	14	45	30
ENSG00000214941	ZSWIM7	599	511	561	330	446	450	366
ENSG00000214943	GPR33	0	0	0	0	1	0	0
ENSG00000214944	ARHGEF28	2624	2363	2715	1787	2136	2153	1783
ENSG00000214954	LRRC69	2	8	12	9	5	3	3
ENSG00000214960	CRPPA	66	54	79	35	62	73	51
ENSG00000214967	NPIPA7	4	88	33	62	34	69	53
ENSG00000214978	GSG1L2	3	0	0	1	0	1	0
ENSG00000215009	ACSM4	1	0	0	0	0	0	0
ENSG00000215012	RTL10	614	539	608	425	475	524	355
ENSG00000215018	COL28A1	19	17	6	9	7	16	5
ENSG00000215021	PHB2	8409	7085	8566	6429	6809	7320	5792
ENSG00000215041	NEURL4	2656	2456	2828	1835	2092	2163	1795
ENSG00000215045	GRID2IP	2	6	4	1	3	2	2
ENSG00000215114	UBXN2B	1912	1623	1856	1388	1486	1512	1260
ENSG00000215126	CBWD6	41	41	78	74	56	77	47
ENSG00000215131	C16orf90	0	0	0	0	0	0	1
ENSG00000215174	NLRP2B	2	0	0	0	0	0	0
ENSG00000215182	MUC5AC	24792	22339	24461	16810	16351	13810	12436
ENSG00000215183	MSMP	1	1	0	0	0	0	1
ENSG00000215186	GOLGA6B	4	4	10	2	0	5	4
ENSG00000215187	FAM166B	7	3	4	8	11	1	3
ENSG00000215193	PEX26	1671	1406	1606	1308	1281	1332	1052
ENSG00000215217	C5orf49	14	8	11	10	12	15	7
ENSG00000215218	UBE2QL1	0	1	0	0	0	0	0
ENSG00000215251	FASTKD5	2069	1836	2123	1377	1743	1842	1389
ENSG00000215252	GOLGA8B	2505	2452	2807	2035	2325	2527	1700
ENSG00000215262	KCNU1	2	1	1	1	2	3	0
ENSG00000215277	RNF212B	0	0	0	0	0	0	1
ENSG00000215301	DDX3X	20782	18434	21889	14049	16876	17820	15062
ENSG00000215305	VPS16	1949	1668	2068	1450	1676	1677	1178
ENSG00000215343	ZNF705D	6	4	7	3	4	2	0
ENSG00000215354	FAM90A24P	0	0	0	0	2	0	0
ENSG00000215372	ZNF705G	1	2	0	0	0	0	2
ENSG00000215375	MYL5	195	144	179	126	143	152	99
ENSG00000215397	SCRT2	0	1	1	0	1	2	1
ENSG00000215421	ZNF407	430	374	464	282	335	401	283
ENSG00000215440	NPEPL1	1919	1785	2033	1516	1636	1581	1253
ENSG00000215455	KRTAP10-1	1	0	0	0	0	0	0
ENSG00000215472	RPL17-C18orf32	943	813	1044	632	729	827	635
ENSG00000215595	C20orf202	7	0	2	5	4	3	2
ENSG00000215612	HMX1	9	11	3	3	6	4	2
ENSG00000215644	GCGR	3	5	8	6	3	5	2
ENSG00000215695	RSC1A1	46	27	30	35	12	28	53
ENSG00000215712	TMEM242	534	478	523	356	461	449	338
ENSG00000215717	TMEM167B	571	508	604	450	489	492	438
ENSG00000215784	FAM72D	820	743	784	543	630	702	550
ENSG00000215788	TNFRSF25	5	8	14	5	5	15	7
ENSG00000215817	ZC3H11B	2	1	3	1	0	0	1
ENSG00000215845	TSTD1	1	0	0	1	0	1	1
ENSG00000215883	CYB5RL	457	422	445	322	455	417	353
ENSG00000215910	C1orf167	1	3	3	0	0	1	2
ENSG00000215912	TTC34	20	17	22	15	12	12	8
ENSG00000215915	ATAD3C	10	9	8	13	5	12	12
ENSG00000216490	IFI30	981	811	923	708	706	802	607
ENSG00000216588	IGSF23	10	6	1	0	6	3	0
ENSG00000216937	CCDC7	24	4	42	10	31	19	16
ENSG00000217128	FNIP1	1283	1271	1381	953	1181	1273	989
ENSG00000217236	SP9	1280	1034	1126	869	894	976	716
ENSG00000217442	SYCE3	1	5	2	1	0	0	0
ENSG00000217555	CKLF	1049	914	1143	823	858	897	750
ENSG00000217930	PAM16	516	463	530	389	402	468	336
ENSG00000218305	CDC14C	6	2	2	4	2	8	3
ENSG00000218336	TENM3	1305	1217	1491	1013	1040	1072	894
ENSG00000218739	CEBPZOS	3138	2571	3140	2353	2477	2661	2115
ENSG00000218823	PAPOLB	0	3	0	0	0	0	1
ENSG00000218891	ZNF579	2180	1922	2193	1608	1707	1736	1452
ENSG00000219073	CELA3B	2	0	0	0	0	0	0
ENSG00000219200	RNASEK	4886	4072	4313	3645	3491	4010	3178
ENSG00000219435	CATSPERZ	39	50	36	36	33	26	35
ENSG00000219438	TAFA5	341	298	308	216	244	267	208
ENSG00000219481	NBPF1	2805	2383	3039	1938	2307	2445	1850
ENSG00000219545	UMAD1	1001	799	919	662	694	773	622
ENSG00000219607	PPP1R3G	101	96	108	77	59	82	61
ENSG00000219626	FAM228B	36	52	48	38	51	50	52
ENSG00000220008	LINGO3	0	2	2	0	1	1	0
ENSG00000220201	ZGLP1	57	54	71	36	49	62	45
ENSG00000220205	VAMP2	1811	1575	1747	1380	1349	1567	1124
ENSG00000221818	EBF2	3	0	0	0	0	0	0
ENSG00000221821	C6orf226	193	153	218	152	145	158	149
ENSG00000221823	PPP3R1	4276	3770	4422	3071	3516	3886	3022
ENSG00000221829	FANCG	1662	1413	1644	1229	1464	1432	1100
ENSG00000221836	OR2A5	20	11	16	16	16	14	10
ENSG00000221838	AP4M1	648	491	532	312	437	456	384
ENSG00000221843	C2orf16	94	105	128	89	100	89	69
ENSG00000221852	KRTAP1-5	2	2	2	2	0	1	0
ENSG00000221858	OR2A12	1	0	2	0	1	0	0
ENSG00000221866	PLXNA4	25	21	30	20	28	18	12
ENSG00000221867	MAGEA3	94	94	69	63	56	79	46
ENSG00000221869	CEBPD	2527	2078	2578	1910	1875	2175	1609
ENSG00000221878	PSG7	4	0	0	1	0	2	0
ENSG00000221882	OR3A2	4	5	2	2	4	2	3
ENSG00000221886	ZBED8	292	257	309	215	242	226	168
ENSG00000221887	HMSD	5	5	8	2	3	6	4
ENSG00000221890	NPTXR	882	732	857	624	679	736	544
ENSG00000221909	FAM200A	404	358	400	271	277	381	276
ENSG00000221914	PPP2R2A	2623	2106	2216	1726	2117	2024	1675
ENSG00000221916	C19orf73	86	49	84	54	57	70	50
ENSG00000221923	ZNF880	1	1	1	0	2	0	1
ENSG00000221926	TRIM16	12249	10796	12585	9350	10086	10517	8140
ENSG00000221932	HEPN1	0	1	1	0	0	0	0
ENSG00000221933	OR2A25	2	1	0	6	0	0	0
ENSG00000221937	TAS2R40	0	0	0	0	0	0	1
ENSG00000221944	TIGD1	402	322	391	259	313	324	272
ENSG00000221946	FXYD7	4	2	3	3	3	3	5
ENSG00000221947	XKR9	30	35	32	21	22	24	18
ENSG00000221955	SLC12A8	24	7	19	14	0	0	13
ENSG00000221963	APOL6	844	677	791	484	663	678	597
ENSG00000221968	FADS3	742	667	851	543	585	625	524
ENSG00000221970	OR2A1	0	1	0	0	0	1	0
ENSG00000221978	CCNL2	1429	1289	1501	972	1089	1116	905
ENSG00000221983	UBA52	11744	10148	10697	9119	8780	9198	7329
ENSG00000221988	PPT2	539	440	550	347	438	470	397
ENSG00000221994	ZNF630	35	19	37	27	30	21	28
ENSG00000222009	BTBD19	456	312	335	229	236	275	218
ENSG00000222011	FAM185A	50	24	53	35	3	86	22
ENSG00000222014	RAB6C	0	0	1	0	0	0	0
ENSG00000222028	PSMB11	1	1	0	1	0	0	0
ENSG00000222036	POTEM	35	31	34	27	31	15	20
ENSG00000222038	POTEJ	0	0	0	0	0	0	1
ENSG00000222046	DCDC2B	0	1	10	2	0	4	0
ENSG00000223417	TRIM49D1	21	14	5	5	11	7	7
ENSG00000223443	USP17L2	3	0	1	1	0	0	0
ENSG00000223496	EXOSC6	2231	1995	2327	1758	1894	1933	1509
ENSG00000223501	VPS52	1202	1152	1138	877	1021	964	827
ENSG00000223510	CDRT15	23	9	17	11	14	15	5
ENSG00000223547	ZNF844	27	21	31	12	22	26	7
ENSG00000223569	USP17L15	2	0	0	0	0	0	1
ENSG00000223572	CKMT1A	363	264	356	278	280	262	208
ENSG00000223573	TINCR	69	65	78	64	58	56	43
ENSG00000223601	EBLN1	1	0	1	0	2	0	0
ENSG00000223611	SUPT20HL2	95	83	62	61	50	85	57
ENSG00000223638	RFPL4A	0	0	0	0	0	1	0
ENSG00000223658	C1GALT1C1L	59	33	52	48	32	41	32
ENSG00000223802	CERS1	51	56	75	41	50	64	44
ENSG00000223865	HLA-DPB1	0	0	1	0	0	0	0
ENSG00000223953	C1QTNF5	1	0	0	0	0	0	0
ENSG00000224051	CPTP	869	799	905	698	745	784	596
ENSG00000224107	ETDB	1	0	0	0	0	0	0
ENSG00000224109	CENPVL3	4	9	7	0	3	0	0
ENSG00000224383	PRR29	0	32	41	26	30	20	17
ENSG00000224389	C4B	0	10	0	0	0	10	0
ENSG00000224420	ADM5	214	185	164	132	143	149	107
ENSG00000224470	ATXN1L	2409	2424	2626	1670	2007	2063	1769
ENSG00000224531	SMIM13	1078	996	1046	724	862	931	706
ENSG00000224578	HNRNPA1L3	153	172	204	148	124	166	117
ENSG00000224659	GAGE12J	0	0	0	0	0	0	0
ENSG00000224712	NPIPA3	72	66	83	47	43	52	53
ENSG00000224877	NDUFAF8	1730	1541	1953	1435	1500	1508	1169
ENSG00000224940	PRRT4	16	13	21	15	21	10	12
ENSG00000224982	TMEM233	0	1	1	0	1	0	4
ENSG00000225180	PVALEF	0	0	1	0	0	0	2
ENSG00000225190	PLEKHM1	984	936	970	821	953	984	741
ENSG00000225366	TDGF1P3	0	0	0	1	0	1	0
ENSG00000225526	MKRN2OS	3	0	13	3	4	0	8
ENSG00000225528	NA	2	1	3	1	1	2	0
ENSG00000225556	C2CD4D	0	0	2	0	0	0	1
ENSG00000225614	ZNF469	1093	939	1105	749	958	857	741
ENSG00000225663	MCRIP1	1841	1545	1780	1458	1448	1468	1191
ENSG00000225697	SLC26A6	648	480	675	434	393	442	390
ENSG00000225828	FAM229A	18	18	61	16	22	22	11
ENSG00000225830	ERCC6	402	393	428	289	337	333	272
ENSG00000225921	NOL7	2648	2387	2689	1964	2182	2331	1893
ENSG00000225950	NTF4	27	25	33	29	14	8	14
ENSG00000225968	ELFN1	4	2	12	8	8	4	5
ENSG00000225973	PIGBOS1	534	466	575	386	440	479	361
ENSG00000226124	FTCDNL1	138	112	135	112	120	128	106
ENSG00000226174	TEX22	27	19	19	16	24	21	8
ENSG00000226288	OR52I2	0	0	4	0	0	0	1
ENSG00000226314	ZKSCAN8P1	11	7	18	7	10	10	15
ENSG00000226321	CROCC2	1	2	2	1	0	1	0
ENSG00000226372	DCAF8L1	0	1	0	0	0	0	0
ENSG00000226479	TMEM185B	2670	2244	2698	1926	2296	2286	1812
ENSG00000226650	KIF4B	15	8	16	5	13	6	6
ENSG00000226690	NA	6	3	7	1	1	1	2
ENSG00000226742	HSBP1L1	242	228	237	223	217	212	167
ENSG00000226761	TAS2R46	0	2	0	3	0	0	0
ENSG00000226763	SRRM5	87	78	64	59	49	70	44
ENSG00000226784	PGAM4	1	2	1	3	4	0	0
ENSG00000226887	ERVMER34-1	32	34	52	25	31	45	23
ENSG00000226979	LTA	2	2	0	3	0	0	4
ENSG00000227051	C14orf132	1002	869	979	771	715	733	558
ENSG00000227057	WDR46	2003	1745	1965	1399	1590	1613	1308
ENSG00000227124	ZNF717	94	90	86	83	71	99	88
ENSG00000227234	SPANXB1	4	9	4	6	2	4	3
ENSG00000227268	KLLN	93	85	82	56	68	59	82
ENSG00000227345	PARG	1871	1578	1774	1219	1481	1559	1236
ENSG00000227471	AKR1B15	271	215	296	190	228	237	175
ENSG00000227500	SCAMP4	2905	2560	3014	2242	2272	2652	1961
ENSG00000227507	LTB	92	93	93	86	59	58	52
ENSG00000227717	GOLGA6L25P	3	0	4	5	3	1	0
ENSG00000227868	TEX46	0	2	1	0	0	2	0
ENSG00000228049	POLR2J2	189	159	144	112	115	112	83
ENSG00000228198	OR2M3	39	29	30	31	13	34	20
ENSG00000228253	MT-ATP8	116014	96968	78699	86059	80130	83961	71261
ENSG00000228278	ORM2	0	1	0	2	1	2	0
ENSG00000228300	FAM174C	1141	936	1044	781	918	984	714
ENSG00000228474	OST4	3249	2742	3137	2389	2523	2753	2055
ENSG00000228486	C2orf92	1	0	0	0	2	0	0
ENSG00000228570	NUTM2E	95	94	93	74	78	79	71
ENSG00000228594	FNDC10	311	215	353	230	219	244	200
ENSG00000228672	PROB1	220	210	265	153	137	121	125
ENSG00000228696	ARL17B	48	41	55	34	43	54	23
ENSG00000228716	DHFR	7858	6476	7889	5697	6332	6692	5444
ENSG00000228727	SAPCD1	110	96	133	108	58	136	85
ENSG00000228836	CT45A5	24	22	19	14	17	21	12
ENSG00000229117	RPL41	38806	32816	42869	30424	31649	35609	27009
ENSG00000229292	RFPL4AL1	0	0	1	0	0	0	0
ENSG00000229314	ORM1	0	0	7	0	0	2	2
ENSG00000229474	PATL2	4	2	13	1	5	7	4
ENSG00000229544	NKX1-2	11	6	7	4	9	5	8
ENSG00000229637	PRAC2	0	3	3	3	2	4	2
ENSG00000229674	H2AL3	0	1	0	0	0	0	0
ENSG00000229676	ZNF492	31	24	23	23	26	35	18
ENSG00000229809	ZNF688	263	229	270	177	209	199	182
ENSG00000229833	PET100	641	574	762	507	490	569	487
ENSG00000229894	GK3P	2	0	0	0	0	0	1
ENSG00000229924	FAM90A26	0	0	1	0	0	0	0
ENSG00000230045	FAM90A15P	0	0	0	1	0	0	0
ENSG00000230054	TEX53	0	1	0	0	0	0	1
ENSG00000230124	ACBD6	2065	1907	2077	1532	1608	1715	1405
ENSG00000230358	SPDYE21	10	7	20	14	9	2	9
ENSG00000230453	ANKRD18B	838	707	775	636	591	666	531
ENSG00000230549	USP17L1	0	0	1	0	0	1	0
ENSG00000230601	TEX48	2	1	2	2	4	3	0
ENSG00000230707	NA	1	4	3	0	0	3	2
ENSG00000230778	ANKRD63	49	55	36	31	40	52	32
ENSG00000230797	YY2	214	237	210	180	182	187	130
ENSG00000230873	STMND1	2	2	3	3	0	0	0
ENSG00000230989	HSBP1	1672	1525	1107	1074	1245	1097	1120
ENSG00000231192	OR5H1	2	1	0	0	1	0	3
ENSG00000231256	CFAP97D1	31	23	41	19	22	19	28
ENSG00000231274	SBK3	82	68	80	70	71	80	61
ENSG00000231389	HLA-DPA1	1	1	2	2	1	1	0
ENSG00000231500	RPS18	17353	14699	16433	12989	13943	15293	12113
ENSG00000231738	TSPAN19	0	2	2	0	2	3	2
ENSG00000231852	CYP21A2	5	0	1	4	2	2	0
ENSG00000231861	OR5K2	0	0	0	0	0	0	1
ENSG00000231887	PRH1	7	5	9	6	7	10	2
ENSG00000231924	PSG1	4	2	4	3	8	2	2
ENSG00000231925	TAPBP	6493	5356	6089	4750	5137	5202	4312
ENSG00000231989	PPP1R2B	1	0	1	0	0	0	0
ENSG00000232040	ZBED9	192	162	182	135	126	137	122
ENSG00000232070	TMEM253	20	14	17	24	9	17	16
ENSG00000232112	TMA7	2892	2507	3853	2372	2536	2849	2119
ENSG00000232119	MCTS1	2045	1726	1734	1385	1528	1664	1318
ENSG00000232237	ASCL5	26	20	24	21	18	17	12
ENSG00000232268	OR52I1	2	0	0	0	0	1	0
ENSG00000232388	SMIM26	1419	1240	1481	1084	1189	1269	1031
ENSG00000232434	AJM1	772	728	829	645	633	692	480
ENSG00000232593	KANTR	13	16	22	9	15	26	9
ENSG00000232653	GOLGA8N	179	125	174	108	113	161	107
ENSG00000232810	TNF	6	9	10	9	1	4	2
ENSG00000232838	PET117	564	395	524	349	425	458	416
ENSG00000232859	LYRM9	93	84	108	74	76	75	74
ENSG00000233024	NPIPA9	594	872	240	304	476	200	217
ENSG00000233041	PHGR1	0	0	1	0	0	0	0
ENSG00000233056	ERVH48-1	7	10	9	1	2	4	1
ENSG00000233087	RAB6D	2	0	1	1	1	1	0
ENSG00000233115	FAM90A11P	0	2	1	0	0	3	0
ENSG00000233198	RNF224	55	50	54	40	20	32	22
ENSG00000233232	NPIPB7	753	678	807	538	511	613	438
ENSG00000233276	GPX1	3762	3109	3546	2659	3173	3033	2401
ENSG00000233381	AK4P3	32	33	28	20	19	27	15
ENSG00000233436	BTBD18	4	3	3	2	2	2	3
ENSG00000233493	TMEM238	394	414	466	350	404	343	273
ENSG00000233608	TWIST2	531	464	541	396	470	457	390
ENSG00000233670	PIRT	0	1	8	3	1	2	3
ENSG00000233701	PRR23C	4	4	1	1	3	2	1
ENSG00000233757	NA	146	130	126	86	101	107	106
ENSG00000233822	H2BC15	63	44	56	33	31	29	22
ENSG00000233927	RPS28	7986	6702	5563	5478	5560	6152	5394
ENSG00000233932	CTXN2	0	3	5	0	0	2	3
ENSG00000233954	UQCRHL	8	4	4	4	6	5	3
ENSG00000234127	TRIM26	2120	1960	2207	1439	1907	1858	1608
ENSG00000234224	TMEM229A	0	1	0	0	0	1	0
ENSG00000234284	ZNF879	46	51	48	34	32	31	29
ENSG00000234409	CCDC188	5	6	5	3	4	8	1
ENSG00000234438	KBTBD13	1	0	0	1	0	1	0
ENSG00000234444	ZNF736	0	0	0	0	0	2	0
ENSG00000234465	PINLYP	5	4	6	1	1	3	1
ENSG00000234545	FAM133B	1387	1098	1312	1002	992	1103	862
ENSG00000234602	MCIDAS	77	72	126	62	82	82	50
ENSG00000234616	JRK	1326	1183	1415	897	1139	1088	895
ENSG00000234719	NPIPB2	846	709	744	484	576	592	437
ENSG00000234745	HLA-B	699	660	749	569	539	542	440
ENSG00000234906	APOC2	8	11	12	4	9	6	4
ENSG00000234965	SHISA8	18	5	8	3	6	7	5
ENSG00000235007	NA	0	7	0	0	0	0	0
ENSG00000235034	C19orf81	89	59	62	48	62	56	48
ENSG00000235098	ANKRD65	2	3	0	2	4	4	0
ENSG00000235106	BRD3OS	1208	950	1207	870	905	975	712
ENSG00000235109	ZSCAN31	121	107	109	85	119	107	111
ENSG00000235162	C12orf75	5138	4505	5122	3871	4128	4387	3355
ENSG00000235169	SMIM1	10	10	18	15	10	11	5
ENSG00000235173	HGH1	1601	1361	1632	1118	1323	1309	1036
ENSG00000235194	PPP1R3E	478	436	481	346	405	387	318
ENSG00000235268	KDM4E	0	0	1	0	0	0	0
ENSG00000235272	RAMACL	6	13	7	13	6	7	2
ENSG00000235376	RPEL1	1	2	3	3	0	1	4
ENSG00000235387	SPAAR	2	1	0	2	1	0	1
ENSG00000235453	SMIM27	157	128	133	97	132	121	114
ENSG00000235568	NFAM1	0	1	2	2	1	3	3
ENSG00000235631	RNF148	0	0	0	0	1	0	0
ENSG00000235750	KIAA0040	161	124	167	129	110	109	93
ENSG00000235863	B3GALT4	55	38	66	52	42	59	38
ENSG00000235961	PNMA6A	256	220	295	217	223	233	193
ENSG00000236027	PATE3	0	0	0	1	0	0	1
ENSG00000236032	OR5H14	6	0	5	0	0	0	3
ENSG00000236104	ZBTB22	448	399	498	331	407	372	258
ENSG00000236279	CLEC2L	1	0	5	0	0	0	0
ENSG00000236287	ZBED5	3511	3105	3712	2497	2713	3069	2347
ENSG00000236320	SLFN14	60	49	48	26	34	30	32
ENSG00000236334	PPIAL4G	1	0	0	3	0	0	1
ENSG00000236383	CCDC200	68	68	74	60	54	50	32
ENSG00000236444	UBE2L5	5	5	1	3	4	0	2
ENSG00000236609	ZNF853	115	87	115	99	102	88	71
ENSG00000236699	ARHGEF38	8	11	6	18	6	9	8
ENSG00000236782	ZNF593OS	18	14	27	13	3	13	7
ENSG00000237172	B3GNT9	979	783	874	654	807	759	636
ENSG00000237190	CDKN2AIPNL	2034	1786	1996	1544	1618	1757	1342
ENSG00000237289	CKMT1B	188	164	224	189	134	171	109
ENSG00000237330	RNF223	3	2	2	2	0	3	1
ENSG00000237353	PATE4	2	1	0	0	0	1	0
ENSG00000237412	PRSS56	3	3	7	2	4	3	1
ENSG00000237440	ZNF737	14	15	14	18	7	19	1
ENSG00000237441	RGL2	595	554	606	515	524	562	398
ENSG00000237452	MEIOSIN	3	5	5	2	5	3	3
ENSG00000237489	C10orf143	33	17	26	19	20	18	26
ENSG00000237515	SHISA9	231	226	166	142	134	151	147
ENSG00000237649	KIFC1	2603	2265	2556	1858	1998	2059	1631
ENSG00000237651	C2orf74	376	320	401	310	323	314	249
ENSG00000237693	IRGM	1	0	0	0	0	0	0
ENSG00000237765	FAM200B	310	238	347	209	226	250	171
ENSG00000237850	GOLGA6L24P	0	7	0	0	0	0	4
ENSG00000238083	LRRC37A2	48	52	56	13	25	31	20
ENSG00000238205	MPC1L	0	0	1	1	0	0	0
ENSG00000238210	ETDA	0	1	0	0	0	1	0
ENSG00000238227	TMEM250	2927	2756	2841	2136	2507	2455	2016
ENSG00000239264	TXNDC5	10613	9185	11111	7634	8617	9022	7104
ENSG00000239282	CASTOR1	138	155	160	117	126	119	102
ENSG00000239305	RNF103	2191	1869	2193	1532	1754	1809	1524
ENSG00000239306	RBM14	4430	3594	3999	2975	3322	3496	2753
ENSG00000239382	ALKBH6	767	665	779	554	539	624	493
ENSG00000239388	ASB14	21	16	20	9	14	10	16
ENSG00000239389	PCDHA13	7	11	9	10	9	13	17
ENSG00000239474	KLHL41	6	5	3	6	2	1	2
ENSG00000239590	OR1J4	1	1	2	3	0	2	0
ENSG00000239605	STPG4	2	3	3	3	0	2	2
ENSG00000239620	PRR20G	0	0	1	0	0	0	0
ENSG00000239672	NME1	9704	8911	10086	7698	8037	8565	6771
ENSG00000239697	TNFSF12	361	292	458	323	317	345	271
ENSG00000239704	CDRT4	50	62	98	132	59	150	61
ENSG00000239732	TLR9	0	7	6	0	0	0	0
ENSG00000239779	WBP1	2760	2346	2488	2004	2179	2056	1705
ENSG00000239789	MRPS17	1157	889	1142	816	883	991	811
ENSG00000239857	GET4	2339	2081	2458	1824	2014	1927	1601
ENSG00000239887	C1orf226	104	91	123	67	87	76	64
ENSG00000239900	ADSL	2843	2439	2876	2120	2271	2378	2022
ENSG00000239998	LILRA2	3	3	3	5	8	5	5
ENSG00000240038	AMY2B	56	25	33	32	47	41	32
ENSG00000240045	STRIT1	0	2	0	0	1	1	0
ENSG00000240053	LY6G5B	442	420	422	294	378	353	307
ENSG00000240065	PSMB9	497	432	524	375	365	336	306
ENSG00000240184	PCDHGC3	655	577	571	457	469	465	492
ENSG00000240204	SMKR1	373	323	335	283	307	321	242
ENSG00000240230	COX19	628	529	624	406	452	554	440
ENSG00000240303	ACAD11	411	370	456	374	377	367	294
ENSG00000240344	PPIL3	464	396	508	338	402	434	343
ENSG00000240386	LCE1F	0	0	0	1	1	0	0
ENSG00000240445	FOXO3B	550	477	540	325	449	415	333
ENSG00000240542	KRTAP9-1	0	0	0	0	2	0	0
ENSG00000240563	L1TD1	39	31	44	38	24	42	21
ENSG00000240583	AQP1	39	42	51	25	25	20	19
ENSG00000240654	C1QTNF9	0	0	2	1	1	0	0
ENSG00000240682	ISY1	1128	974	1271	809	919	991	771
ENSG00000240694	PNMA2	2737	2418	2836	1945	2036	2288	1738
ENSG00000240720	LRRD1	9	15	17	3	9	16	3
ENSG00000240747	KRBOX1	0	0	0	0	0	1	0
ENSG00000240764	PCDHGC5	0	1	0	0	1	4	1
ENSG00000240771	ARHGEF25	580	486	602	405	412	423	363
ENSG00000240849	PEDS1	839	712	1328	791	873	1107	580
ENSG00000240857	RDH14	1089	1004	1211	824	988	1069	800
ENSG00000240891	PLCXD2	493	455	528	354	354	392	309
ENSG00000240972	MIF	11465	9801	11344	8849	8669	9550	7634
ENSG00000241058	NSUN6	357	372	394	266	293	311	256
ENSG00000241106	HLA-DOB	0	4	3	4	0	0	6
ENSG00000241119	UGT1A9	3137	2781	3276	2169	2355	2535	2041
ENSG00000241127	YAE1	422	344	382	268	358	330	246
ENSG00000241149	ZNF722	6	4	4	1	5	3	4
ENSG00000241186	TDGF1	4	0	1	2	1	2	2
ENSG00000241233	KRTAP5-8	2	1	2	1	1	1	0
ENSG00000241258	CRCP	1698	1535	1756	1252	1376	1557	1165
ENSG00000241322	FBXW10B	578	517	601	386	494	508	407
ENSG00000241343	RPL36A	14224	11389	11360	9893	10816	12018	10314
ENSG00000241360	PDXP	696	702	753	652	653	630	480
ENSG00000241370	RPP21	715	583	687	504	539	546	421
ENSG00000241399	CD302	171	166	199	137	144	135	110
ENSG00000241404	EGFL8	1	3	1	3	0	8	1
ENSG00000241468	ATP5MF	4574	4021	3722	3297	3373	3648	3046
ENSG00000241484	ARHGAP8	59	55	84	57	65	61	56
ENSG00000241489	NA	776	647	662	533	569	497	511
ENSG00000241553	ARPC4	6807	5929	6384	4988	5223	5646	4388
ENSG00000241563	CORT	23	13	22	14	11	20	12
ENSG00000241635	UGT1A1	361	284	369	233	217	237	223
ENSG00000241644	INMT	28	32	30	12	22	25	15
ENSG00000241685	ARPC1A	4415	3830	4656	3352	3641	3749	2892
ENSG00000241690	NA	1	0	4	0	1	0	0
ENSG00000241697	TMEFF1	22	32	22	9	20	18	7
ENSG00000241837	ATP5PO	2916	2583	3014	2420	2353	2551	2024
ENSG00000241839	PLEKHO2	415	345	382	307	253	253	233
ENSG00000241852	C8orf58	453	364	518	342	341	348	303
ENSG00000241878	PISD	812	776	870	643	621	710	608
ENSG00000241935	HOGA1	216	187	197	159	155	171	125
ENSG00000241945	PWP2	59	55	35	17	38	53	50
ENSG00000241973	PI4KA	2739	2308	2891	1662	2286	2083	1807
ENSG00000242028	HYPK	1701	1638	1391	1120	1275	1071	1165
ENSG00000242110	AMACR	993	830	1055	647	816	792	665
ENSG00000242114	MTFP1	1388	1277	1511	1101	1066	1057	944
ENSG00000242120	MDFIC2	0	0	0	0	0	0	1
ENSG00000242173	ARHGDIG	31	23	27	18	25	26	24
ENSG00000242220	TCP10L	23	29	9	10	24	7	4
ENSG00000242221	PSG2	0	0	3	1	0	1	0
ENSG00000242247	ARFGAP3	1450	1191	1490	989	1066	1212	931
ENSG00000242252	BGLAP	0	0	4	0	0	3	0
ENSG00000242259	C22orf39	627	513	612	492	520	546	458
ENSG00000242265	PEG10	10117	8904	10225	6483	8283	8091	6908
ENSG00000242366	UGT1A8	0	2	0	0	0	6	0
ENSG00000242372	EIF6	5912	5206	5422	4306	4828	4946	3850
ENSG00000242419	PCDHGC4	0	2	1	0	2	1	2
ENSG00000242485	MRPL20	2095	1784	2179	1535	1658	1807	1474
ENSG00000242498	ARPIN	2871	2500	3133	1982	2228	2299	1984
ENSG00000242515	UGT1A10	30	10	32	34	32	27	27
ENSG00000242550	SERPINB10	0	1	0	0	0	0	0
ENSG00000242574	HLA-DMB	2098	1865	1845	1479	1516	1616	1261
ENSG00000242612	DECR2	825	775	882	595	664	737	581
ENSG00000242616	GNG10	3036	2880	3191	2316	2468	2758	2145
ENSG00000242689	CNTF	46	68	54	32	47	47	32
ENSG00000242715	CCDC169	2	3	5	5	2	0	0
ENSG00000242732	RTL5	75	62	58	27	66	86	31
ENSG00000242802	AP5Z1	504	630	720	443	528	493	464
ENSG00000242852	ZNF709	0	2	0	0	0	0	0
ENSG00000242866	STRC	6	0	2	0	0	0	3
ENSG00000242950	ERVW-1	83	76	77	43	61	51	29
ENSG00000243056	EIF4EBP3	23	6	22	12	11	9	2
ENSG00000243130	PSG11	0	0	0	0	1	0	0
ENSG00000243137	PSG4	10	10	11	7	4	2	2
ENSG00000243147	MRPL33	1800	1617	1784	1384	1402	1549	1210
ENSG00000243156	MICAL3	2021	1943	2072	1345	1568	1600	1427
ENSG00000243207	PPAN-P2RY11	223	222	139	161	201	160	184
ENSG00000243232	PCDHAC2	1226	1053	1211	817	1036	932	854
ENSG00000243244	STON1	13	14	13	17	12	12	6
ENSG00000243279	PRAF2	1333	1159	1214	992	1023	1060	906
ENSG00000243284	VSIG8	1	0	0	0	0	0	0
ENSG00000243317	STMP1	1792	1520	1852	1369	1348	1541	1185
ENSG00000243335	KCTD7	878	697	846	578	646	684	542
ENSG00000243364	EFNA4	306	270	345	249	243	256	219
ENSG00000243414	TICAM2	5	28	23	17	21	45	22
ENSG00000243449	C4orf48	684	554	775	562	512	551	431
ENSG00000243477	NAA80	292	246	268	186	237	221	171
ENSG00000243489	KRTAP10-11	2	0	0	0	0	0	0
ENSG00000243566	UPK3B	1921	1643	1909	1558	1558	1565	1294
ENSG00000243646	IL10RB	1212	1034	1188	890	913	1044	780
ENSG00000243649	CFB	1129	934	821	643	681	684	569
ENSG00000243660	ZNF487	77	75	78	56	67	69	57
ENSG00000243667	DNAAF10	1060	884	995	753	746	772	608
ENSG00000243678	NME2	24456	21660	23577	18042	19471	20229	16060
ENSG00000243708	PLA2G4B	66	24	38	68	40	31	32
ENSG00000243709	LEFTY1	5	3	7	0	0	2	7
ENSG00000243710	CFAP57	31	31	34	25	28	33	15
ENSG00000243716	NPIPB5	2160	2137	2012	1400	1404	1468	1347
ENSG00000243725	TTC4	985	802	1029	746	860	879	654
ENSG00000243749	TMEM35B	333	345	377	265	339	339	252
ENSG00000243789	JMJD7	177	189	208	105	130	118	115
ENSG00000243811	APOBEC3D	52	44	53	41	43	55	18
ENSG00000243896	OR2A7	0	0	0	2	1	0	0
ENSG00000243910	TUBA4B	17	7	8	11	3	7	8
ENSG00000243927	MRPS6	923	877	1039	763	802	919	702
ENSG00000243943	ZNF512	1654	1479	1654	1113	1360	1388	1134
ENSG00000243955	GSTA1	20	19	35	12	21	24	21
ENSG00000243978	RTL9	1	0	4	1	1	2	0
ENSG00000243989	ACY1	672	555	731	529	532	571	376
ENSG00000244005	NFS1	1590	1368	1421	1039	1113	1236	1012
ENSG00000244038	DDOST	9822	8576	9457	7059	7626	7863	6370
ENSG00000244045	TMEM199	1164	1059	1031	842	936	995	778
ENSG00000244067	GSTA2	23	23	29	19	28	32	19
ENSG00000244115	DNAJC25-GNG10	230	227	318	222	229	226	224
ENSG00000244122	UGT1A7	166	153	187	159	105	113	89
ENSG00000244165	P2RY11	222	179	221	143	141	204	132
ENSG00000244187	TMEM141	1118	902	1071	863	784	926	672
ENSG00000244219	TMEM225B	26	24	25	30	28	24	15
ENSG00000244234	GMCL2	1	0	0	0	0	0	0
ENSG00000244242	IFITM10	35	25	26	31	21	0	17
ENSG00000244274	DBNDD2	599	505	620	490	461	493	391
ENSG00000244405	ETV5	1714	1463	1679	1205	1415	1456	1165
ENSG00000244414	CFHR1	22	22	31	31	24	33	29
ENSG00000244462	RBM12	4291	3952	4218	2926	3664	3781	2952
ENSG00000244476	ERVFRD-1	0	0	0	0	0	1	0
ENSG00000244482	LILRA6	0	0	0	0	0	1	2
ENSG00000244486	SCARF2	86	78	106	77	53	74	46
ENSG00000244509	APOBEC3C	2302	2015	2226	1769	1801	1960	1583
ENSG00000244588	RAD21L1	1	0	0	0	0	0	1
ENSG00000244617	ASPRV1	0	12	0	0	4	4	0
ENSG00000244687	UBE2V1	6933	5695	6320	5037	5160	5639	4456
ENSG00000244694	PTCHD4	26	21	36	14	25	26	24
ENSG00000244731	C4A	79	104	77	66	53	67	56
ENSG00000244734	HBB	5	1	3	3	0	5	2
ENSG00000244752	CRYBB2	1	1	3	1	0	1	1
ENSG00000244754	N4BP2L2	802	589	628	509	573	652	504
ENSG00000245680	ZNF585B	130	122	118	99	99	148	104
ENSG00000245848	CEBPA	907	822	867	632	742	769	589
ENSG00000246705	H2AJ	3785	3429	3797	3015	3196	3164	2527
ENSG00000246922	UBAP1L	13	16	16	10	8	13	9
ENSG00000247077	PGAM5	4462	3814	4287	3174	3499	3550	2675
ENSG00000247315	ZCCHC3	1940	1662	2106	1335	1573	1571	1262
ENSG00000247595	SPTY2D1OS	11	5	7	6	8	4	5
ENSG00000247596	TWF2	2621	2323	2662	2116	2062	2159	1700
ENSG00000247626	MARS2	597	457	598	408	510	520	382
ENSG00000247746	USP51	85	83	93	62	89	75	60
ENSG00000248098	BCKDHA	3958	3417	3507	2941	2952	3026	2514
ENSG00000248099	INSL3	12	14	10	12	6	14	8
ENSG00000248109	MARCOL	1	0	0	0	0	0	0
ENSG00000248144	ADH1C	286	273	249	201	212	241	178
ENSG00000248167	TRIM39-RPP21	0	2	2	0	4	2	0
ENSG00000248235	NA	10	2	0	0	2	1	5
ENSG00000248329	APELA	0	0	0	1	0	1	0
ENSG00000248333	CDK11B	2911	2549	2847	2253	2395	2481	1946
ENSG00000248383	PCDHAC1	544	439	507	320	369	420	290
ENSG00000248385	TARM1	0	0	0	0	0	1	0
ENSG00000248405	PRR5-ARHGAP8	33	24	14	2	11	7	10
ENSG00000248483	POU5F2	9	7	4	5	4	9	1
ENSG00000248485	PCP4L1	0	0	0	1	1	0	1
ENSG00000248487	ABHD14A	288	283	287	214	223	258	197
ENSG00000248592	STIMATE-MUSTN1	128	126	158	118	101	118	100
ENSG00000248643	RBM14-RBM4	137	98	142	61	86	82	75
ENSG00000248712	CCDC153	3	11	13	4	3	8	0
ENSG00000248713	C4orf54	0	2	1	0	0	0	0
ENSG00000248746	ACTN3	1	1	0	3	0	1	0
ENSG00000248751	NA	0	0	2	0	0	0	0
ENSG00000248771	SMIM31	75	42	67	43	43	58	51
ENSG00000248871	TNFSF12-TNFSF13	2	7	22	7	3	3	10
ENSG00000248905	FMN1	1462	1243	1436	865	1139	1098	952
ENSG00000248919	ATP5MF-PTCD1	460	403	484	298	491	436	344
ENSG00000248933	USP17L22	0	0	0	0	1	0	0
ENSG00000248993	NA	4	3	9	0	7	5	4
ENSG00000249115	HAUS5	1159	914	1022	787	752	775	545
ENSG00000249141	NA	0	2	3	0	7	0	0
ENSG00000249158	PCDHA11	221	159	242	125	169	188	147
ENSG00000249209	NA	12	16	11	17	3	16	3
ENSG00000249222	ATP5MGL	3	0	0	0	0	1	1
ENSG00000249242	TMEM150C	128	102	110	107	62	84	92
ENSG00000249319	NA	10	2	22	3	11	14	5
ENSG00000249437	NAIP	27	24	32	15	29	15	39
ENSG00000249471	ZNF324B	360	358	367	251	284	243	216
ENSG00000249481	SPATS1	0	0	1	0	0	1	0
ENSG00000249590	NA	1	0	0	2	0	0	0
ENSG00000249624	NA	11	0	0	0	0	3	0
ENSG00000249693	THEGL	3	2	3	0	0	0	2
ENSG00000249709	ZNF564	133	104	139	86	128	116	106
ENSG00000249715	FER1L5	1	5	0	0	0	0	0
ENSG00000249751	ECSCR	0	0	1	0	0	0	0
ENSG00000249773	NA	22	12	22	22	27	10	27
ENSG00000249853	HS3ST5	0	0	0	0	1	0	0
ENSG00000249884	RNF103-CHMP3	29	27	38	32	32	35	19
ENSG00000249915	PDCD6	3089	2672	3242	2289	2404	2669	2157
ENSG00000249931	GOLGA8K	37	16	20	7	8	17	17
ENSG00000249961	TERB1	19	13	8	10	16	15	13
ENSG00000249992	TMEM158	125	109	170	84	116	115	86
ENSG00000250021	ARPIN-AP3S2	1526	1345	1749	1332	1282	1513	1226
ENSG00000250067	YJEFN3	13	17	18	9	20	8	14
ENSG00000250120	PCDHA10	72	85	89	54	74	91	51
ENSG00000250151	ARPC4-TTLL3	33	31	44	34	32	29	14
ENSG00000250264	NA	485	482	429	260	383	373	354
ENSG00000250305	TRMT9B	1	1	1	1	1	0	0
ENSG00000250312	ZNF718	61	66	92	47	65	57	31
ENSG00000250317	SMIM20	568	538	621	388	438	515	395
ENSG00000250349	NA	1	1	5	1	6	6	4
ENSG00000250366	TUNAR	0	0	0	0	0	1	0
ENSG00000250374	TRIM75	0	0	1	0	0	1	0
ENSG00000250423	KIAA1210	0	0	1	3	0	1	1
ENSG00000250424	NA	0	5	0	2	0	0	0
ENSG00000250479	CHCHD10	2194	1731	2107	1570	1822	1906	1489
ENSG00000250506	CDK3	253	224	229	154	153	201	179
ENSG00000250510	GPR162	114	104	119	78	71	89	51
ENSG00000250565	ATP6V1E2	269	243	276	213	228	242	210
ENSG00000250571	GLI4	397	372	361	278	355	365	251
ENSG00000250644	NA	1246	1048	1148	750	924	992	780
ENSG00000250673	REELD1	0	0	0	0	0	1	0
ENSG00000250709	CCDC169-SOHLH2	2	0	2	0	0	0	0
ENSG00000250722	SELENOP	13	15	20	11	5	15	4
ENSG00000250799	PRODH2	77	49	54	39	50	59	51
ENSG00000250803	NA	1	0	0	0	0	0	0
ENSG00000251184	NA	0	0	3	0	0	0	0
ENSG00000251192	ZNF674	156	106	109	92	90	102	84
ENSG00000251201	TMED7-TICAM2	450	365	377	285	311	308	280
ENSG00000251246	NA	4	4	4	2	4	5	0
ENSG00000251247	ZNF345	1	2	1	0	2	1	1
ENSG00000251258	RFPL4B	1	0	0	1	0	1	0
ENSG00000251287	ALG1L2	1	0	1	0	2	1	0
ENSG00000251322	SHANK3	362	333	430	245	279	288	269
ENSG00000251349	MSANTD3-TMEFF1	192	155	212	161	208	201	139
ENSG00000251357	NA	2	1	0	3	0	3	0
ENSG00000251369	ZNF550	163	140	133	111	72	117	129
ENSG00000251493	FOXD1	366	347	490	322	299	298	228
ENSG00000251503	CENPS-CORT	105	97	107	83	84	68	79
ENSG00000251537	NA	235	221	170	126	153	170	118
ENSG00000251569	NA	0	10	0	2	9	5	1
ENSG00000251664	PCDHA12	642	651	758	482	584	583	557
ENSG00000251692	PTX4	2	1	2	1	0	0	0
ENSG00000253159	PCDHGA12	3	0	0	0	1	0	1
ENSG00000253250	C8orf88	56	54	49	36	45	44	28
ENSG00000253251	SHLD3	119	93	103	67	107	98	94
ENSG00000253276	CCDC71L	631	552	595	483	471	525	364
ENSG00000253293	HOXA10	355	283	255	238	263	298	224
ENSG00000253304	TMEM200B	9	10	4	7	6	10	6
ENSG00000253305	PCDHGB6	11	11	9	12	7	11	2
ENSG00000253309	SERPINE3	0	3	2	0	2	1	1
ENSG00000253313	C1orf210	10	10	7	12	4	4	6
ENSG00000253352	TUG1	1960	1634	1981	992	1521	1463	1354
ENSG00000253368	TRNP1	4840	4443	5270	3754	4439	4321	3171
ENSG00000253457	SMIM18	3	1	0	0	0	0	0
ENSG00000253485	PCDHGA5	35	22	35	23	26	19	20
ENSG00000253537	PCDHGA7	122	97	115	81	100	91	55
ENSG00000253598	SLC10A5	13	7	12	7	7	3	4
ENSG00000253626	EIF5AL1	240	184	238	189	179	190	154
ENSG00000253710	ALG11	1525	1421	1486	984	1239	1320	981
ENSG00000253719	ATXN7L3B	3843	3438	4000	2706	2975	2978	2551
ENSG00000253729	PRKDC	17771	16047	19802	9828	14650	13820	12437
ENSG00000253731	PCDHGA6	88	68	107	71	104	64	62
ENSG00000253767	PCDHGA8	11	10	7	9	4	4	5
ENSG00000253846	PCDHGA10	1	2	3	1	0	3	0
ENSG00000253873	PCDHGA11	0	1	0	0	0	1	0
ENSG00000253910	PCDHGB2	17	20	12	11	15	8	5
ENSG00000253953	PCDHGB4	106	101	134	47	81	83	64
ENSG00000253958	CLDN23	360	308	366	252	298	276	222
ENSG00000254004	ZNF260	1220	1132	1358	880	1024	1083	861
ENSG00000254087	LYN	2255	1966	2376	1673	1805	1958	1574
ENSG00000254093	PINX1	673	552	655	516	555	592	432
ENSG00000254122	PCDHGB7	12	5	12	7	7	8	2
ENSG00000254206	NPIPB11	285	252	266	240	224	259	165
ENSG00000254221	PCDHGB1	204	142	171	119	146	174	107
ENSG00000254229	FAM90A12P	0	1	0	1	0	0	0
ENSG00000254245	PCDHGA3	5	5	5	1	1	5	1
ENSG00000254402	LRRC24	121	110	116	77	146	88	79
ENSG00000254415	SIGLEC14	5	2	5	2	2	4	3
ENSG00000254469	XNDC1N	85	75	91	73	72	81	70
ENSG00000254470	AP5B1	2091	1820	2113	1487	1599	1659	1342
ENSG00000254505	CHMP4A	1963	1711	1850	1337	1531	1569	1343
ENSG00000254535	PABPC4L	12	7	8	4	10	1	3
ENSG00000254550	OMP	3	1	0	1	0	0	2
ENSG00000254585	MAGEL2	3	0	0	0	0	0	0
ENSG00000254598	CSNK2A3	0	0	2	0	1	4	0
ENSG00000254636	ARMS2	1	2	7	2	7	2	0
ENSG00000254656	RTL1	1	0	1	0	0	0	2
ENSG00000254685	FPGT	699	613	666	461	590	615	472
ENSG00000254692	NA	96	38	125	57	57	83	53
ENSG00000254706	NA	6	0	0	3	0	5	2
ENSG00000254726	MEX3A	370	327	377	308	311	266	216
ENSG00000254737	OR10G4	2	0	2	0	0	1	2
ENSG00000254772	EEF1G	52398	46248	55540	40800	43595	46111	35787
ENSG00000254788	CKLF-CMTM1	36	30	43	31	34	30	21
ENSG00000254852	NPIPA2	14	2	6	16	18	20	0
ENSG00000254858	MPV17L2	562	469	509	396	434	448	355
ENSG00000254901	BORCS8	389	329	404	300	258	280	258
ENSG00000254986	DPP3	3847	3206	3974	2797	3131	3249	2543
ENSG00000254996	ANKHD1-EIF4EBP3	1051	837	1271	956	969	1146	849
ENSG00000254997	KRTAP5-9	3	1	2	0	1	0	0
ENSG00000254999	BRK1	5676	5292	4890	4150	4369	4744	3983
ENSG00000255071	SAA2-SAA4	0	1	0	4	1	1	0
ENSG00000255112	CHMP1B	3436	2994	3358	2424	2702	3020	2329
ENSG00000255150	EID3	256	233	271	184	196	183	181
ENSG00000255151	GLYATL1B	0	0	0	0	1	0	0
ENSG00000255154	HTD2	174	108	204	84	117	83	115
ENSG00000255181	CCDC166	0	0	0	1	1	0	0
ENSG00000255192	NANOGP8	6	8	12	12	6	9	3
ENSG00000255245	FXYD6-FXYD2	4	7	7	2	1	13	2
ENSG00000255302	EID1	5929	5218	6133	4490	4801	5090	4017
ENSG00000255346	NOX5	23	7	19	13	14	6	6
ENSG00000255374	TAS2R43	0	0	0	1	0	0	0
ENSG00000255398	HCAR3	1	0	3	0	0	0	0
ENSG00000255408	PCDHA3	307	226	283	195	209	204	188
ENSG00000255423	EBLN2	53	43	63	40	43	27	24
ENSG00000255432	NA	3	3	2	2	4	2	0
ENSG00000255439	NA	54	42	52	23	58	42	44
ENSG00000255501	CARD18	0	0	0	0	1	0	0
ENSG00000255524	NPIPB8	7	5	17	29	3	27	11
ENSG00000255526	NEDD8-MDP1	14	0	7	7	10	18	5
ENSG00000255529	POLR2M	2749	2466	2965	2056	2349	2536	2045
ENSG00000255561	FDXACB1	127	140	117	77	120	123	67
ENSG00000255587	RAB44	6	5	0	4	6	4	1
ENSG00000255639	NA	286	355	353	235	258	328	221
ENSG00000255641	NA	0	17	22	19	8	5	0
ENSG00000255690	TRIL	0	0	1	0	0	0	1
ENSG00000255713	OR4D2	0	0	3	0	0	0	0
ENSG00000255804	OR6J1	8	9	8	8	4	4	8
ENSG00000255835	NA	0	0	0	1	7	0	0
ENSG00000255837	TAS2R20	41	46	59	37	28	26	31
ENSG00000255974	CYP2A6	2	0	0	2	0	1	0
ENSG00000256043	CTSO	76	62	93	20	87	74	41
ENSG00000256053	COA8	888	747	910	648	655	755	620
ENSG00000256060	TRAPPC2B	135	111	129	104	107	116	85
ENSG00000256061	DNAAF4	247	210	256	197	226	203	177
ENSG00000256087	ZNF432	181	186	160	148	141	167	136
ENSG00000256100	NA	7	12	2	8	1	4	9
ENSG00000256162	SMLR1	4	2	1	3	1	0	0
ENSG00000256188	TAS2R30	5	3	4	3	0	2	1
ENSG00000256223	ZNF10	115	118	97	81	71	81	80
ENSG00000256229	ZNF486	1	3	2	1	5	1	1
ENSG00000256235	SMIM3	152	134	122	93	97	117	64
ENSG00000256269	HMBS	1720	1451	1633	1204	1340	1435	1137
ENSG00000256294	ZNF225	289	244	328	220	222	218	193
ENSG00000256349	NA	5	0	31	11	34	0	7
ENSG00000256394	ASIC5	4	3	1	2	4	0	1
ENSG00000256436	TAS2R31	10	3	1	4	2	4	4
ENSG00000256453	DND1	33	44	20	13	26	23	7
ENSG00000256500	NA	265	90	456	371	260	296	0
ENSG00000256514	NA	147	73	163	57	98	76	94
ENSG00000256525	POLG2	455	465	477	311	365	392	296
ENSG00000256537	SMIM10L1	1218	1022	1138	979	979	1014	843
ENSG00000256591	NA	53	47	36	42	33	48	43
ENSG00000256646	NA	0	0	0	4	0	8	2
ENSG00000256671	LIMS4	4	3	8	1	4	6	0
ENSG00000256683	ZNF350	114	90	123	79	99	101	89
ENSG00000256771	ZNF253	2	0	0	2	0	3	1
ENSG00000256806	C17orf100	156	148	157	127	121	148	109
ENSG00000256812	CAPNS2	1	1	0	1	0	0	0
ENSG00000256977	LIMS3	0	0	0	0	1	0	2
ENSG00000256980	KHDC1L	3	4	2	0	2	1	0
ENSG00000257017	HP	1	1	4	0	0	0	0
ENSG00000257046	SLCO1B3-SLCO1B7	97	77	80	50	47	75	57
ENSG00000257093	DENND11	2744	2395	2985	1754	2053	2209	1812
ENSG00000257103	LSM14A	10233	8781	10203	7204	8182	8636	7034
ENSG00000257108	NHLRC4	5	5	2	2	6	3	4
ENSG00000257115	OR11H12	0	0	0	0	1	0	0
ENSG00000257184	NA	0	1	0	0	1	0	1
ENSG00000257218	GATC	2953	2445	2826	2124	2349	2510	2010
ENSG00000257315	ZBED6	1495	1336	2045	533	1144	993	1166
ENSG00000257335	MGAM	1320	1224	1329	815	1028	1037	906
ENSG00000257365	FNTB	2097	1872	2193	1610	1759	1857	1426
ENSG00000257390	NA	2	9	14	2	2	9	10
ENSG00000257411	NA	2	0	3	0	0	0	0
ENSG00000257529	RPL36A-HNRNPH2	18	27	17	9	10	10	8
ENSG00000257594	GALNT4	3029	2756	3112	2000	2262	2375	1973
ENSG00000257704	INAFM1	460	376	420	348	404	310	277
ENSG00000257727	CNPY2	2076	1816	2106	1617	1602	1682	1371
ENSG00000257743	MGAM2	62	43	48	29	45	49	39
ENSG00000257767	NA	224	117	304	123	197	314	234
ENSG00000257921	NA	0	0	7	2	0	0	0
ENSG00000257923	CUX1	5246	4537	5541	3663	4138	4257	3338
ENSG00000257949	TEN1	462	422	461	328	351	374	305
ENSG00000258102	MAP1LC3B2	5	2	8	2	5	4	5
ENSG00000258227	CLEC5A	0	0	2	0	0	0	0
ENSG00000258289	CHURC1	2406	2033	2729	1825	2038	2250	1765
ENSG00000258311	NA	239	224	299	190	163	190	184
ENSG00000258315	C17orf49	1564	1338	1565	1210	1192	1255	1010
ENSG00000258366	RTEL1	1062	730	968	652	612	737	507
ENSG00000258405	ZNF578	10	7	9	2	6	4	4
ENSG00000258429	PDF	1112	1113	1220	846	1035	987	758
ENSG00000258453	OR11H2	0	0	0	1	0	1	0
ENSG00000258465	NA	2	0	1	0	0	0	3
ENSG00000258529	NA	2	0	8	0	6	3	0
ENSG00000258588	TRIM6-TRIM34	7	5	0	3	3	0	0
ENSG00000258643	BCL2L2-PABPN1	483	348	650	340	331	425	266
ENSG00000258644	SYNJ2BP-COX16	43	28	55	27	15	4	23
ENSG00000258659	TRIM34	379	372	404	279	278	299	262
ENSG00000258674	NA	87	83	84	68	73	80	64
ENSG00000258691	NA	38	28	42	30	24	25	18
ENSG00000258713	C20orf141	1	0	1	0	0	3	3
ENSG00000258724	PINX1	0	2	0	0	2	0	0
ENSG00000258728	NA	4	0	0	0	0	6	0
ENSG00000258818	RNASE4	2097	1809	2062	1648	1582	1646	1340
ENSG00000258839	MC1R	672	560	637	498	477	458	421
ENSG00000258881	NA	17	7	17	5	5	11	6
ENSG00000258890	CEP95	742	616	739	529	599	667	491
ENSG00000258947	TUBB3	6853	5894	6852	5369	5437	5552	4299
ENSG00000258986	TMEM179	10	3	10	7	8	13	2
ENSG00000259024	TVP23C-CDRT4	423	378	431	263	329	264	253
ENSG00000259030	FPGT-TNNI3K	17	14	16	7	7	11	7
ENSG00000259066	NA	3	8	2	9	9	8	7
ENSG00000259075	POC1B-GALNT4	251	164	303	211	303	212	311
ENSG00000259112	NDUFC2-KCTD14	119	76	161	88	133	92	64
ENSG00000259120	SMIM6	347	291	335	265	248	222	187
ENSG00000259171	NA	431	307	421	320	255	305	234
ENSG00000259207	ITGB3	37	33	59	48	47	34	23
ENSG00000259224	SLC35G6	4	6	5	4	3	7	7
ENSG00000259305	ZHX1-C8orf76	53	56	70	46	53	52	37
ENSG00000259330	INAFM2	243	231	245	166	221	201	172
ENSG00000259332	ST20-MTHFS	283	227	460	218	272	261	160
ENSG00000259371	NA	0	0	1	1	4	2	3
ENSG00000259399	TGIF2-RAB5IF	0	9	10	0	0	7	2
ENSG00000259417	CTXND1	3	7	4	1	1	2	3
ENSG00000259431	THTPA	864	778	952	568	771	737	533
ENSG00000259494	MRPL46	1363	1161	1303	1030	1099	1153	936
ENSG00000259571	BLID	0	3	0	1	0	0	0
ENSG00000259784	NA	0	0	0	0	3	1	0
ENSG00000259803	SLC22A31	12	20	28	22	15	21	20
ENSG00000259916	AQP7B	6	4	4	5	1	5	4
ENSG00000259956	RBM15B	3263	2790	3274	2247	2566	2672	2255
ENSG00000260001	TGFBR3L	44	50	39	25	35	42	23
ENSG00000260007	NA	30	35	25	15	14	16	13
ENSG00000260027	HOXB7	1454	1235	1424	1164	1207	1303	976
ENSG00000260097	SPDYE6	5	8	11	2	18	18	0
ENSG00000260170	NA	4	0	4	0	0	2	4
ENSG00000260220	CCDC187	4	2	0	2	0	3	2
ENSG00000260230	FRRS1L	18	21	16	15	11	10	14
ENSG00000260238	PMF1-BGLAP	161	158	157	165	166	164	108
ENSG00000260272	NA	7	17	21	15	2	9	10
ENSG00000260286	ARMH2	0	1	0	0	0	0	1
ENSG00000260314	MRC1	0	3	0	0	1	0	0
ENSG00000260325	HSPB9	7	8	4	3	2	1	0
ENSG00000260342	NA	2	24	19	33	9	12	22
ENSG00000260428	SCX	156	126	154	114	139	120	77
ENSG00000260456	C16orf95	203	195	219	155	165	190	119
ENSG00000260458	KCNJ18	0	0	0	0	1	2	0
ENSG00000260537	NA	61	83	123	71	68	43	65
ENSG00000260596	DUX4	48	48	60	45	31	46	26
ENSG00000260643	NA	64	48	54	51	42	50	39
ENSG00000260691	ANKRD20A1	27	10	32	0	18	22	28
ENSG00000260836	NA	51	39	103	0	0	47	0
ENSG00000260861	NA	2	0	0	1	0	0	0
ENSG00000260903	XKR7	0	1	0	0	0	0	1
ENSG00000260914	NA	1190	873	1023	862	909	868	658
ENSG00000260916	CCPG1	5618	5147	5762	3920	4715	4819	3996
ENSG00000261052	SULT1A3	1266	868	1187	1125	759	1214	26
ENSG00000261115	TMEM178B	53	48	50	32	52	31	31
ENSG00000261150	EPPK1	39	16	25	16	22	11	20
ENSG00000261210	CLEC19A	1	1	0	0	1	0	0
ENSG00000261221	ZNF865	1857	1597	2068	1467	1518	1584	1278
ENSG00000261236	BOP1	7243	6429	7269	5410	6068	5820	4656
ENSG00000261247	GOLGA8T	158	163	173	127	94	124	100
ENSG00000261272	MUC22	1	0	1	1	0	0	0
ENSG00000261308	FIGNL2	49	38	42	40	33	28	27
ENSG00000261341	NA	0	0	2	0	0	0	3
ENSG00000261371	PECAM1	11	9	2	2	1	1	2
ENSG00000261456	TUBB8	2	2	0	5	5	1	2
ENSG00000261509	TP53TG3B	0	0	21	20	0	0	0
ENSG00000261587	TMEM249	7	10	7	1	9	8	6
ENSG00000261594	TPBGL	5	6	13	11	11	5	3
ENSG00000261609	GAN	814	677	788	583	645	576	522
ENSG00000261649	GOLGA6L7	1	0	4	3	3	2	1
ENSG00000261652	PIERCE2	147	122	108	109	117	98	95
ENSG00000261678	SCRT1	3	0	0	0	1	1	1
ENSG00000261717	NA	34	20	43	18	43	23	18
ENSG00000261739	GOLGA8S	0	23	10	0	7	12	13
ENSG00000261740	BOLA2-SMG1P6	628	535	670	457	413	542	384
ENSG00000261787	TCF24	5	8	9	9	8	13	4
ENSG00000261794	GOLGA8H	299	274	317	233	222	260	194
ENSG00000261796	ISY1-RAB43	215	380	315	202	167	393	142
ENSG00000261857	MIA	0	3	2	0	0	1	3
ENSG00000261873	SMIM36	1	0	1	0	0	1	1
ENSG00000261934	PCDHGA9	13	5	15	5	3	9	3
ENSG00000261949	GFY	6	10	11	14	8	13	10
ENSG00000262152	GREP1	1	1	3	1	2	1	0
ENSG00000262179	MYMX	4	1	1	1	0	1	0
ENSG00000262209	PCDHGB3	32	19	23	9	24	22	22
ENSG00000262246	CORO7	889	745	908	609	653	719	549
ENSG00000262484	CCER2	90	74	79	50	55	74	41
ENSG00000262576	PCDHGA4	13	9	16	11	9	10	9
ENSG00000262655	SPON1	5	1	5	4	0	0	3
ENSG00000262660	NA	0	0	3	0	0	7	3
ENSG00000262664	OVCA2	1779	1495	1718	1307	1406	1448	1177
ENSG00000262814	MRPL12	6213	5224	6313	4616	5143	5417	4200
ENSG00000262874	C19orf84	0	0	0	1	1	0	1
ENSG00000262919	CCNQ	805	649	739	591	611	596	506
ENSG00000263001	GTF2I	11786	10580	12651	7992	9661	9680	7811
ENSG00000263002	ZNF234	353	302	317	238	222	250	189
ENSG00000263020	NA	291	186	346	214	148	215	155
ENSG00000263155	MYZAP	116	107	145	94	136	103	110
ENSG00000263353	PPIAL4A	0	0	0	0	0	1	0
ENSG00000263429	TMEM238L	0	0	4	0	0	6	0
ENSG00000263465	SRSF8	1329	1270	1339	953	1100	1195	960
ENSG00000263513	FAM72C	729	578	810	515	573	677	458
ENSG00000263528	IKBKE	751	638	707	501	562	506	506
ENSG00000263620	NA	133	124	158	82	127	115	100
ENSG00000263639	MSMB	0	1	3	0	2	3	1
ENSG00000263715	LINC02210-CRHR1	4	0	2	1	0	1	0
ENSG00000263874	LINC00672	64	77	85	80	73	57	54
ENSG00000263956	NBPF11	629	594	641	493	501	521	393
ENSG00000264006	AKR1C8	0	0	0	0	3	3	1
ENSG00000264230	ANXA8L1	1181	978	1120	892	770	888	703
ENSG00000264343	NOTCH2NLA	679	665	763	547	559	526	444
ENSG00000264364	DYNLL2	4718	4348	4874	3283	3772	3817	3285
ENSG00000264522	OTUD7B	1623	1415	1656	1111	1256	1318	1109
ENSG00000264668	NA	7	14	48	22	21	44	11
ENSG00000264717	NPY4R2	785	663	599	541	588	591	553
ENSG00000265118	NA	0	2	0	0	0	0	0
ENSG00000265190	ANXA8	478	431	544	337	378	352	313
ENSG00000265203	RBP3	3	2	3	1	1	2	2
ENSG00000265241	RBM8A	4748	4479	4984	3438	3950	4020	3281
ENSG00000265354	TIMM23	4280	3871	4184	3160	3479	3651	2967
ENSG00000265491	RNF115	1603	1438	1636	1174	1229	1437	1037
ENSG00000265590	CFAP298-TCP10L	225	147	206	155	198	181	164
ENSG00000265681	RPL17	16690	14383	17235	12890	13509	14951	11554
ENSG00000265763	ZNF488	514	404	476	373	400	356	292
ENSG00000265808	SEC22B	2586	2191	2614	1896	2057	2135	1787
ENSG00000265817	FSBP	464	387	482	276	372	345	312
ENSG00000265972	TXNIP	64	56	77	36	37	60	39
ENSG00000266028	SRGAP2	2329	1990	2294	1565	1821	1784	1582
ENSG00000266074	BAHCC1	2557	2329	2725	1814	2056	1892	1684
ENSG00000266094	RASSF5	421	331	380	281	275	292	216
ENSG00000266173	STRADA	1358	1159	1459	1123	1140	1167	971
ENSG00000266265	KLF14	2	0	1	0	0	0	1
ENSG00000266338	NBPF15	2108	1876	2100	1446	1601	1704	1399
ENSG00000266412	NCOA4	5857	5107	6302	4214	4981	5253	4140
ENSG00000266472	MRPS21	2477	2318	2762	1905	2070	2237	1774
ENSG00000266714	MYO15B	3793	3237	4241	2695	2816	3010	2279
ENSG00000266826	IGBP1P2	0	0	1	0	0	0	0
ENSG00000266953	NA	0	1	0	3	2	3	0
ENSG00000266964	FXYD1	3	2	2	3	1	1	2
ENSG00000266967	AARSD1	1138	1006	1095	877	974	891	794
ENSG00000267001	NA	128	104	101	91	105	91	70
ENSG00000267041	ZNF850	60	56	54	55	46	43	40
ENSG00000267060	PTGES3L	32	32	31	23	29	34	23
ENSG00000267140	NA	5	5	9	1	5	4	6
ENSG00000267157	NA	5	1	5	2	6	0	0
ENSG00000267206	LCN6	0	0	0	0	0	1	0
ENSG00000267221	C17orf113	275	211	259	173	162	186	153
ENSG00000267261	NA	6	7	2	0	0	0	0
ENSG00000267281	ATF7-NPFF	0	0	4	0	0	0	0
ENSG00000267318	NA	0	10	3	3	6	3	2
ENSG00000267335	NA	0	3	5	3	4	0	1
ENSG00000267368	UPK3BL1	1141	852	1331	883	941	961	646
ENSG00000267508	ZNF285	109	120	117	86	89	100	86
ENSG00000267534	S1PR2	97	85	83	77	52	74	62
ENSG00000267561	NA	1	0	1	1	2	4	0
ENSG00000267618	NA	0	9	14	2	0	6	4
ENSG00000267631	CGB1	3	0	0	0	0	2	2
ENSG00000267673	FDX2	381	363	407	299	359	342	286
ENSG00000267680	ZNF224	953	808	1013	680	677	791	593
ENSG00000267710	EDDM13	1	0	0	0	0	1	0
ENSG00000267740	NA	26	16	20	26	22	30	18
ENSG00000267748	NA	1	5	7	6	5	0	2
ENSG00000267795	SMIM22	8	2	5	1	2	10	0
ENSG00000267796	LIN37	413	374	427	350	354	374	259
ENSG00000267855	NDUFA7	515	466	261	361	447	416	379
ENSG00000267881	NA	7	0	5	4	4	9	0
ENSG00000267909	CCDC177	2	1	1	2	2	1	2
ENSG00000267978	MAGEA9B	0	1	0	2	0	0	0
ENSG00000268009	SSX4	2	2	2	4	1	2	1
ENSG00000268041	ERFL	43	33	47	24	28	21	20
ENSG00000268043	NBPF12	1317	1219	1661	961	1094	1173	950
ENSG00000268083	NA	18	30	34	31	19	14	0
ENSG00000268089	GABRQ	30	22	28	23	22	17	15
ENSG00000268104	SLC6A14	39	25	32	18	28	37	26
ENSG00000268163	NA	0	0	0	0	1	0	0
ENSG00000268182	SMIM17	59	47	41	30	38	35	36
ENSG00000268223	ARL14EPL	0	1	0	0	0	0	1
ENSG00000268350	FAM156A	2542	2210	2382	1528	1910	1617	1581
ENSG00000268434	NA	0	0	0	0	0	1	0
ENSG00000268480	NFILZ	1	4	3	1	3	2	8
ENSG00000268533	NA	0	1	0	0	0	0	1
ENSG00000268606	MAGEA2	3	2	10	0	3	2	3
ENSG00000268643	NA	154	111	227	85	138	137	86
ENSG00000268651	CTAG1A	0	0	0	1	0	0	0
ENSG00000268655	NA	2	3	5	3	4	2	2
ENSG00000268696	ZNF723	0	0	2	1	0	0	0
ENSG00000268738	HSFX2	8	0	0	0	0	11	0
ENSG00000268750	NA	33	41	42	22	30	27	38
ENSG00000268870	NA	10	2	5	6	7	1	9
ENSG00000268940	CT45A1	0	1	0	1	1	0	1
ENSG00000268964	ERVV-2	1	0	3	0	1	1	0
ENSG00000268994	FAM236B	0	0	0	0	0	0	2
ENSG00000269035	NA	0	0	0	0	0	4	0
ENSG00000269058	CALR3	0	1	5	1	1	1	0
ENSG00000269095	NA	1	3	0	0	1	0	0
ENSG00000269096	CT45A3	0	1	1	0	1	3	0
ENSG00000269113	TRABD2B	12	5	7	4	7	9	6
ENSG00000269190	FBXO17	4558	3710	4473	3325	3639	3730	2830
ENSG00000269226	TMSB15B	21	13	21	13	17	12	7
ENSG00000269313	MAGIX	127	114	138	100	119	124	86
ENSG00000269335	IKBKG	2151	1801	2168	1583	1702	1876	1426
ENSG00000269343	ZNF587B	1067	1034	1065	752	923	869	794
ENSG00000269404	SPIB	29	25	28	23	15	19	19
ENSG00000269405	NXF2	0	0	0	0	0	1	0
ENSG00000269502	DMRTC1	0	0	6	0	0	5	2
ENSG00000269547	NA	11	3	0	0	0	0	0
ENSG00000269556	TMEM185A	1163	980	1175	787	859	920	700
ENSG00000269586	CT45A10	6	3	5	0	0	2	0
ENSG00000269590	NA	0	0	0	0	0	0	2
ENSG00000269713	NBPF9	2660	2382	2985	1882	2112	2291	1726
ENSG00000269720	CCDC194	6	6	5	3	6	5	3
ENSG00000269743	SLC25A53	8	9	4	7	6	8	4
ENSG00000269855	RNF225	0	2	1	0	0	2	0
ENSG00000269858	EGLN2	4490	4014	4624	3395	3577	3802	2926
ENSG00000269897	COMMD3-BMI1	12	3	0	4	5	0	4
ENSG00000269955	FMC1-LUC7L2	582	519	1026	516	677	627	447
ENSG00000269964	MEI4	0	0	0	1	0	0	0
ENSG00000270011	ZNF559-ZNF177	0	3	24	2	10	0	0
ENSG00000270170	NCBP2AS2	692	607	713	503	552	585	428
ENSG00000270181	BIVM-ERCC5	24	0	0	0	0	9	4
ENSG00000270231	NBPF8	317	394	309	253	244	275	216
ENSG00000270249	NA	1	1	0	0	0	0	0
ENSG00000270339	PPIAL4H	0	0	0	1	0	0	0
ENSG00000270379	HEATR9	0	0	1	0	0	0	0
ENSG00000270617	URGCP-MRPS24	8	0	7	1	4	13	0
ENSG00000270629	NBPF14	1717	1598	1983	1251	1285	1369	1132
ENSG00000270647	TAF15	20295	18306	17835	15015	16214	16834	13679
ENSG00000270757	HSPE1-MOB4	59	58	38	65	72	26	34
ENSG00000270765	GAS2L2	12	8	10	5	7	9	7
ENSG00000270800	RPS10-NUDT3	563	517	578	422	520	522	416
ENSG00000270806	C17orf50	9	8	16	11	10	7	5
ENSG00000270882	H4C14	0	24	53	0	27	38	48
ENSG00000270885	RASL10B	17	15	12	18	5	15	18
ENSG00000271079	CTAGE15	0	0	2	0	1	0	0
ENSG00000271092	TLCD4-RWDD3	112	76	96	68	84	83	60
ENSG00000271303	SRXN1	13308	11718	13086	9358	11684	12097	9667
ENSG00000271321	CTAGE6	0	0	0	0	0	0	2
ENSG00000271383	NBPF19	1646	1425	1806	1184	1262	1221	1010
ENSG00000271425	NBPF10	1088	905	1163	705	765	770	659
ENSG00000271447	MMP28	170	89	130	98	111	101	92
ENSG00000271449	CT45A2	2	0	0	0	0	0	1
ENSG00000271503	CCL5	194	176	236	163	197	157	130
ENSG00000271601	LIX1L	1639	1314	1597	1188	1241	1299	963
ENSG00000271605	MILR1	92	58	77	58	52	59	38
ENSG00000271824	SMIM32	1	0	1	0	1	2	0
ENSG00000272031	ANKRD34A	58	54	52	37	32	36	22
ENSG00000272047	GTF2H5	940	898	965	775	781	842	668
ENSG00000272104	NA	3	0	1	1	0	0	0
ENSG00000272297	NA	0	0	1	0	0	0	0
ENSG00000272325	NUDT3	2168	1712	2069	1530	1696	1719	1398
ENSG00000272333	KMT2B	4215	3767	4776	2824	3563	3518	2998
ENSG00000272391	POM121C	3611	2953	3848	2573	3014	3227	2593
ENSG00000272398	CD24	34648	29514	33883	25663	25125	27229	21847
ENSG00000272414	FAM47E-STBD1	6	0	2	0	0	4	4
ENSG00000272514	CFAP206	30	34	34	0	24	17	24
ENSG00000272573	MUSTN1	3	3	2	0	0	1	0
ENSG00000272602	ZNF595	686	584	662	456	546	523	457
ENSG00000272617	NA	120	85	128	84	50	128	47
ENSG00000272636	DOC2B	148	113	142	91	117	162	122
ENSG00000272674	PCDHB16	11	6	10	4	4	4	3
ENSG00000272772	NA	2875	2420	3659	2468	2421	2741	2065
ENSG00000272822	NA	13	20	26	15	11	15	0
ENSG00000272886	DCP1A	1087	935	1034	805	925	951	736
ENSG00000272899	ATP6V1FNB	34	28	24	19	26	29	19
ENSG00000272968	RBAK-RBAKDN	6	5	7	7	9	4	3
ENSG00000272980	NA	59	31	38	47	19	57	17
ENSG00000273045	C2orf15	79	74	78	67	64	63	69
ENSG00000273049	NA	0	0	0	0	0	2	0
ENSG00000273079	GRIN2B	138	127	126	79	77	107	72
ENSG00000273088	NA	5	15	14	18	6	8	12
ENSG00000273136	NBPF26	543	496	449	352	477	450	356
ENSG00000273154	NA	1	0	0	3	0	3	3
ENSG00000273155	NA	3	10	9	7	3	10	3
ENSG00000273171	NA	2	0	0	0	0	0	0
ENSG00000273173	SNURF	81	83	72	51	69	65	54
ENSG00000273213	H3-7	63	29	46	42	33	30	29
ENSG00000273274	ZBTB8B	83	75	87	76	54	67	61
ENSG00000273514	FOXD4L6	3	5	5	1	1	10	1
ENSG00000273520	SPDYE8	0	0	0	0	0	0	7
ENSG00000273540	AGBL1	0	0	1	1	0	2	1
ENSG00000273542	H4C12	15	17	34	0	18	0	0
ENSG00000273559	CWC25	1688	1392	1688	1257	1387	1432	1092
ENSG00000273604	EPOP	1285	1077	1368	967	1023	1065	834
ENSG00000273611	ZNHIT3	1533	1311	1508	1118	1213	1355	1086
ENSG00000273703	H2BC14	4	6	4	4	6	2	0
ENSG00000273706	LHX1	232	204	237	191	178	179	140
ENSG00000273749	CYFIP1	7541	6654	7711	5264	6000	6234	5089
ENSG00000273756	NA	15	5	0	9	19	14	5
ENSG00000273777	CEACAM20	1	0	3	1	0	0	1
ENSG00000273820	USP27X	391	281	393	249	267	301	252
ENSG00000273841	TAF9	3041	2664	2681	2118	2430	2664	2176
ENSG00000273899	NOL12	344	566	639	357	352	423	248
ENSG00000273976	GOLGA6L1	0	0	8	0	0	0	0
ENSG00000273983	H3C8	0	2	2	1	2	0	0
ENSG00000274070	CASTOR2	3476	2780	3243	2799	2707	2810	2073
ENSG00000274102	OR4M2	3	0	0	1	0	1	1
ENSG00000274180	NATD1	293	258	345	223	240	222	157
ENSG00000274183	H2AB1	0	0	0	5	0	0	0
ENSG00000274209	ANTXRL	2	0	0	3	0	0	0
ENSG00000274211	SOCS7	2103	1910	2119	1388	1661	1684	1446
ENSG00000274252	GGTLC3	0	0	0	0	1	0	0
ENSG00000274274	GAGE13	0	0	0	0	0	0	0
ENSG00000274286	ADRA2B	6	5	2	2	4	5	3
ENSG00000274290	H2BC6	25	20	28	22	21	19	21
ENSG00000274349	ZNF658	360	319	342	240	305	297	238
ENSG00000274386	TMEM269	46	38	43	37	43	37	36
ENSG00000274391	TPTE	0	0	1	0	2	0	1
ENSG00000274443	C8orf89	0	1	0	0	0	0	0
ENSG00000274512	TBC1D3L	1580	1430	1487	1090	1073	1166	908
ENSG00000274523	RCC1L	3478	3034	3673	2613	2886	2951	2280
ENSG00000274529	SEBOX	0	3	3	1	6	0	3
ENSG00000274570	SPDYE10	16	13	9	14	17	11	12
ENSG00000274588	DGKK	0	0	1	0	0	1	0
ENSG00000274600	RIMBP3B	84	54	85	24	59	49	50
ENSG00000274641	H2BC17	25	26	18	11	23	29	10
ENSG00000274750	H3C6	193	194	207	169	140	188	127
ENSG00000274808	TBC1D3B	62	50	54	37	28	48	39
ENSG00000274810	NPHP3-ACAD11	0	0	13	0	0	0	16
ENSG00000274933	TBC1D3I	41	35	35	23	21	15	19
ENSG00000274944	NA	0	0	43	0	0	0	0
ENSG00000274997	H2AC12	7	4	1	3	4	6	1
ENSG00000275004	ZNF280B	282	237	323	175	195	255	181
ENSG00000275023	MLLT6	5968	5310	5837	4153	4565	4640	3858
ENSG00000275052	PPP4R3B	4481	3900	4694	3108	3590	3862	3098
ENSG00000275066	SYNRG	2117	1836	2221	1394	1686	1817	1476
ENSG00000275074	NUDT18	767	689	803	583	613	579	467
ENSG00000275111	ZNF2	261	207	238	167	187	227	154
ENSG00000275113	GAGE2E	1	0	0	0	0	0	0
ENSG00000275126	H4C13	3	0	0	2	0	1	2
ENSG00000275163	NA	1	0	0	0	0	0	0
ENSG00000275183	LENG9	518	416	508	418	474	425	355
ENSG00000275221	H2AC15	8	14	17	13	8	12	13
ENSG00000275302	CCL4	1	1	1	0	0	0	0
ENSG00000275342	PRAG1	4109	3400	4005	2956	3170	3429	2680
ENSG00000275379	H3C11	4	0	0	1	3	0	3
ENSG00000275395	FCGBP	10550	9850	11981	7343	7671	7583	6252
ENSG00000275410	HNF1B	1960	1534	1737	1380	1495	1573	1301
ENSG00000275520	FAM236A	1	1	3	0	2	3	0
ENSG00000275591	XKR5	1	0	0	1	0	0	2
ENSG00000275674	NA	3	0	1	2	4	1	0
ENSG00000275700	AATF	5298	4649	5511	4149	4799	4844	3567
ENSG00000275713	H2BC9	1	3	1	0	2	3	1
ENSG00000275714	H3C1	6	3	10	6	5	7	1
ENSG00000275718	CCL15	1	0	1	2	1	1	0
ENSG00000275740	NA	134	174	200	98	129	117	142
ENSG00000275774	HNRNPCL2	0	0	0	0	1	0	0
ENSG00000275778	NA	88	70	79	55	54	58	45
ENSG00000275793	RIMBP3	118	125	134	112	125	112	90
ENSG00000275832	ARHGAP23	1470	1306	1567	1126	1207	1153	994
ENSG00000275835	TUBGCP5	1728	1540	1792	1273	1512	1556	1256
ENSG00000275896	PRSS2	0	1	0	0	0	0	0
ENSG00000275969	SPATA31A3	0	0	2	0	0	0	0
ENSG00000276023	DUSP14	1142	950	1136	853	1018	974	792
ENSG00000276043	UHRF1	4343	4042	4531	3174	3864	3777	3074
ENSG00000276045	ORAI1	1011	814	1059	736	849	755	711
ENSG00000276070	CCL4L2	3	0	0	0	0	0	0
ENSG00000276085	CCL3L3	0	0	1	0	0	0	0
ENSG00000276180	H4C9	11	5	19	12	13	12	4
ENSG00000276231	PIK3R6	0	0	0	0	1	0	0
ENSG00000276234	TADA2A	694	597	752	489	522	597	487
ENSG00000276293	PIP4K2B	4895	4291	4984	3517	3973	4121	3158
ENSG00000276302	NA	0	1	4	0	1	6	1
ENSG00000276368	H2AC14	7	5	6	3	9	3	3
ENSG00000276410	H2BC3	2	1	3	1	0	1	2
ENSG00000276547	PCDHGB5	172	150	212	121	129	127	108
ENSG00000276600	RAB7B	4	8	11	10	1	8	5
ENSG00000276644	DACH1	0	0	0	0	0	1	1
ENSG00000276747	PADI6	0	0	0	0	0	0	1
ENSG00000276903	H2AC16	3	4	6	1	4	4	1
ENSG00000276966	H4C5	28	18	30	11	15	28	23
ENSG00000277075	H2AC8	0	1	0	0	1	0	0
ENSG00000277149	TYW1B	172	124	198	162	141	168	133
ENSG00000277157	H4C4	4	8	3	3	4	4	4
ENSG00000277161	PIGW	1675	1453	1696	1124	1461	1493	1099
ENSG00000277200	CCDC92B	74	58	73	51	67	65	50
ENSG00000277224	H2BC7	6	6	7	7	0	6	4
ENSG00000277258	PCGF2	2837	2274	2666	2101	2216	2277	1729
ENSG00000277322	GOLGA6L6	0	5	0	0	0	1	1
ENSG00000277363	SRCIN1	209	136	214	181	68	161	98
ENSG00000277399	GPR179	16	8	16	9	14	23	12
ENSG00000277443	MARCKS	8226	6697	8437	6146	6189	6572	5305
ENSG00000277462	ZNF670	175	162	173	128	153	146	131
ENSG00000277481	PKD1L3	0	0	1	3	1	1	1
ENSG00000277494	GPIHBP1	0	0	1	1	1	2	1
ENSG00000277531	PNMA8C	11	21	16	15	18	18	12
ENSG00000277586	NEFL	57	66	92	53	55	57	52
ENSG00000277639	NA	87	75	94	60	69	78	56
ENSG00000277758	SYT15B	970	826	930	648	649	701	550
ENSG00000277775	H3C7	2	1	1	3	1	1	5
ENSG00000277791	PSMB3	6414	5672	6124	4910	5180	5601	4400
ENSG00000277858	H2AB2	3	14	6	0	6	6	7
ENSG00000277893	SRD5A2	3	2	2	2	0	1	2
ENSG00000277972	CISD3	3660	3180	3441	2583	2913	2829	2087
ENSG00000278023	RDM1	197	171	196	133	144	128	129
ENSG00000278053	DDX52	1897	1687	1965	1450	1608	1621	1404
ENSG00000278129	ZNF8	574	491	514	412	407	438	353
ENSG00000278195	SSTR3	2	0	1	0	0	0	1
ENSG00000278224	PRICKLE4	29	46	45	20	40	25	25
ENSG00000278259	MYO19	4042	3559	3950	2780	3260	3364	2674
ENSG00000278299	TBC1D3C	2	0	2	0	0	0	2
ENSG00000278311	GGNBP2	4124	3571	4307	2949	3397	3682	2894
ENSG00000278318	ZNF229	102	119	144	61	59	68	99
ENSG00000278463	H2AC4	1	1	4	2	6	1	2
ENSG00000278505	C17orf78	1	0	1	1	1	0	0
ENSG00000278522	POTEB3	17	12	13	11	14	9	12
ENSG00000278535	DHRS11	441	387	459	364	370	439	308
ENSG00000278540	ACACA	7666	7149	8273	5092	6346	6423	5306
ENSG00000278558	TMEM191B	2	0	3	2	3	0	0
ENSG00000278570	NR2E3	59	50	47	45	40	35	30
ENSG00000278588	H2BC10	1	1	3	0	4	0	0
ENSG00000278599	TBC1D3E	0	0	0	0	0	4	0
ENSG00000278615	C11orf98	2259	1974	2112	1750	1869	1940	1400
ENSG00000278619	MRM1	1070	1029	1099	828	981	995	830
ENSG00000278637	H4C1	4	1	3	3	5	3	4
ENSG00000278662	GOLGA6L10	99	103	102	88	83	93	71
ENSG00000278677	H2AC17	49	39	31	29	26	40	28
ENSG00000278705	H4C2	1	2	2	3	3	4	2
ENSG00000278828	H3C10	201	172	201	163	180	171	126
ENSG00000278845	MRPL45	2662	2252	2799	1983	2296	2386	1962
ENSG00000278848	TP53TG3F	11	21	2	3	0	16	2
ENSG00000279000	OR10A6	0	0	2	0	0	0	1
ENSG00000279073	NA	1	0	1	0	0	0	0
ENSG00000279170	TSTD3	36	34	46	18	25	31	18
ENSG00000279804	PRAMEF18	1	0	0	0	0	0	0
ENSG00000280165	PCDH20	2	2	0	1	0	1	0
ENSG00000280571	NA	1	0	1	1	0	3	0
ENSG00000280670	CCDC163	43	36	59	55	37	13	14
ENSG00000280709	LINC02203	0	0	0	0	0	2	0
ENSG00000280789	PAGR1	2559	2229	2501	1847	2148	2185	1685
ENSG00000280987	MATR3	2973	3229	3960	2278	2349	2302	1652
ENSG00000281039	NA	0	0	0	1	0	0	0
ENSG00000281106	TMEM272	0	1	0	0	1	0	0
ENSG00000281406	BLACAT1	1	3	5	4	1	4	3
ENSG00000281613	NA	0	0	1	0	0	0	0
ENSG00000281991	TMEM265	0	1	0	0	0	0	0
ENSG00000282218	NA	0	0	2	1	0	0	0
ENSG00000282278	NA	0	0	0	0	3	0	0
ENSG00000282301	CYP3A7-CYP3A51P	7	0	0	0	0	0	0
ENSG00000282757	DUXB	1	0	1	0	0	0	0
ENSG00000282804	NA	1	0	1	0	0	0	0
ENSG00000282815	TEX13C	0	0	0	3	0	0	0
ENSG00000282933	RHOXF1P3	48	46	45	40	38	39	38
ENSG00000282936	NA	118	142	183	84	113	101	97
ENSG00000282988	NA	13	7	13	5	7	15	10
ENSG00000283071	LBHD2	1	0	1	2	0	1	0
ENSG00000283149	NA	13	28	16	18	4	0	0
ENSG00000283154	IQCJ-SCHIP1	597	533	635	452	481	527	450
ENSG00000283189	NA	0	0	0	2	0	0	0
ENSG00000283199	C13orf46	6	8	9	5	7	6	6
ENSG00000283201	NA	0	0	9	0	0	0	0
ENSG00000283208	NA	12	7	8	3	11	5	5
ENSG00000283247	CCDC201	3	2	5	2	0	2	1
ENSG00000283267	FAM237B	12	11	10	2	6	5	9
ENSG00000283268	TEX54	3	1	0	2	5	2	1
ENSG00000283288	SMIM33	0	1	0	1	0	0	0
ENSG00000283297	TEX52	17	12	11	9	10	14	11
ENSG00000283321	NA	2	0	0	0	2	0	0
ENSG00000283329	FAM240B	2	0	0	0	0	0	0
ENSG00000283378	CNTNAP3C	841	731	852	501	670	643	634
ENSG00000283439	SPEM3	0	0	0	0	0	1	0
ENSG00000283463	HSFX4	1	0	0	0	0	0	0
ENSG00000283496	ZNF511-PRAP1	2	0	0	0	0	0	1
ENSG00000283516	LITAFD	0	0	0	0	0	1	0
ENSG00000283526	PRRT1B	768	604	740	530	623	629	552
ENSG00000283528	TCAF2C	0	3	0	0	0	0	0
ENSG00000283567	C19orf85	0	2	0	0	0	1	0
ENSG00000283632	EXOC3L2	81	98	135	76	50	80	51
ENSG00000283644	ETDC	0	0	1	0	0	0	0
ENSG00000283683	MYOCOS	5	4	7	3	0	2	3
ENSG00000283697	HSFX3	0	0	0	0	2	0	2
ENSG00000283703	VSIG10L2	0	0	0	3	0	0	0
ENSG00000283706	PRSS50	0	0	1	0	0	0	0
ENSG00000283740	TAF11L11	1	9	5	4	1	7	6
ENSG00000283761	NA	33	30	42	7	30	14	23
ENSG00000283765	NA	19	27	21	0	36	42	45
ENSG00000283782	NA	0	0	19	0	0	0	0
ENSG00000283787	PRR33	2	3	0	2	0	3	1
ENSG00000283809	NA	119	82	180	111	129	124	69
ENSG00000283900	TPTEP2-CSNK1E	8	9	7	7	0	18	18
ENSG00000283980	GNG14	2	3	3	0	0	4	2
ENSG00000284024	NA	821	825	860	628	683	790	592
ENSG00000284057	NA	68	70	32	7	56	46	0
ENSG00000284130	TUBA3FP	24	49	32	26	18	25	23
ENSG00000284188	NA	1	0	1	0	0	2	1
ENSG00000284194	SCO2	495	453	413	372	351	377	320
ENSG00000284209	NA	0	1	4	1	0	0	0
ENSG00000284283	TAF11L4	0	0	0	0	0	0	1
ENSG00000284292	NA	91	76	93	42	94	69	40
ENSG00000284308	C2orf81	237	238	267	218	222	190	203
ENSG00000284395	PERCC1	5	5	8	2	1	5	4
ENSG00000284439	TAF11L3	1	0	0	0	0	0	0
ENSG00000284505	LYNX1-SLURP2	26	33	33	23	35	29	22
ENSG00000284512	NA	25	29	24	22	23	24	21
ENSG00000284526	NA	53	28	45	45	52	31	38
ENSG00000284638	SMIM44	0	0	0	0	0	1	0
ENSG00000284643	SCYGR2	0	1	0	0	0	0	0
ENSG00000284691	NA	211	268	239	220	181	206	198
ENSG00000284713	SMIM38	18	8	18	9	5	7	11
ENSG00000284730	TMDD1	3	0	4	2	1	1	1
ENSG00000284733	OR4F29	0	0	0	0	0	0	2
ENSG00000284753	EEF1AKMT4	508	435	497	386	431	451	342
ENSG00000284762	NA	0	30	0	0	4	6	0
ENSG00000284770	TBCE	1355	1220	859	850	1103	1039	844
ENSG00000284773	NA	59	47	56	42	24	42	42
ENSG00000284776	NA	356	273	410	274	306	266	251
ENSG00000284862	CCDC39	65	48	72	51	43	62	0
ENSG00000284873	OOSP1	1	0	0	0	0	0	0
ENSG00000284906	NA	773	971	1186	522	929	869	824
ENSG00000284917	EEF1AKMT4-ECE2	0	0	0	0	1	0	0
ENSG00000284922	LRTOMT	77	56	2	5	3	30	25
ENSG00000284934	NA	13	0	0	0	13	0	0
ENSG00000284956	NA	10	3	4	0	5	3	0
ENSG00000284969	NA	1	5	15	9	7	12	6
ENSG00000284976	NA	263	132	217	217	103	243	95
ENSG00000284981	UPK3BL2	2	2	2	0	7	0	0
ENSG00000285043	NA	5427	4684	4002	3922	4220	4073	3540
ENSG00000285053	TBCE	452	400	383	259	325	388	274
ENSG00000285077	ARHGAP11B	434	327	386	280	222	278	208
ENSG00000285082	NA	0	2	0	0	0	0	0
ENSG00000285085	NA	5	8	2	3	1	5	4
ENSG00000285130	NA	0	54	0	0	0	49	91
ENSG00000285162	NA	2	10	6	0	6	5	2
ENSG00000285218	NA	0	0	0	5	0	0	0
ENSG00000285231	OOSP3	0	1	0	0	0	0	0
ENSG00000285245	NA	0	11	3	3	31	0	8
ENSG00000285253	NA	24	28	25	23	18	18	23
ENSG00000285283	NA	0	0	1	0	0	0	0
ENSG00000285292	ABCF2-H2BK1	1132	1035	1548	942	929	1016	791
ENSG00000285304	NA	32	23	125	6	10	63	33
ENSG00000285330	NA	0	11	5	0	7	5	0
ENSG00000285382	NA	112	82	94	60	85	71	65
ENSG00000285404	NA	0	0	0	6	0	0	0
ENSG00000285437	POLR2J3	465	523	418	277	312	284	281
ENSG00000285446	NA	0	0	2	2	2	2	2
ENSG00000285458	NA	58	68	43	39	48	47	36
ENSG00000285472	OR4M2-OT1	3	0	3	0	2	4	0
ENSG00000285480	H2BK1	1	0	0	0	0	0	0
ENSG00000285508	MKKS	141	174	119	77	81	62	61
ENSG00000285509	TBCEL-TECTA	0	0	3	0	5	0	0
ENSG00000285547	NA	18	15	7	14	0	26	12
ENSG00000285585	NA	0	0	0	0	3	1	0
ENSG00000285625	NA	6	9	11	9	18	4	12
ENSG00000285723	MKKS	11	0	12	0	0	20	19
ENSG00000285733	NA	1	0	6	0	0	0	0
ENSG00000285749	NA	0	0	2	2	0	2	0
ENSG00000285772	NA	1	3	0	4	0	0	0
ENSG00000285815	GET1-SH3BGR	0	3	15	4	5	0	2
ENSG00000285827	NA	2	0	0	11	21	0	0
ENSG00000285868	NA	3	4	0	2	2	2	2
ENSG00000285938	NA	13	6	12	5	6	7	8
ENSG00000285950	FAM90A10	0	0	0	0	3	0	0
ENSG00000285953	NA	22	0	0	0	0	0	0
ENSG00000285976	NA	4485	3845	6425	2745	3757	3761	1815
ENSG00000285982	NA	4	3	0	0	0	0	0
ENSG00000286014	SPDYE15	0	3	8	0	0	0	0
ENSG00000286019	NOTCH2NLB	133	145	161	84	120	135	82
ENSG00000286022	NA	6	0	0	0	0	0	0
ENSG00000286053	ASDURF	14	4	2	2	7	7	10
ENSG00000286075	SAGSIN1	892	775	992	656	773	816	661
ENSG00000286095	SPEGNB	0	0	0	1	2	0	0
ENSG00000286105	TMEM217B	4	0	0	1	5	1	4
ENSG00000286112	NA	357	271	241	196	188	243	189
ENSG00000286140	DERPC	2218	1829	2091	1467	1607	1754	1413
ENSG00000286165	NA	1	3	3	1	5	1	1
ENSG00000286185	NA	18	15	14	2	13	13	2
ENSG00000286190	NA	24	26	32	31	14	12	12
ENSG00000286219	NOTCH2NLC	163	114	181	95	115	102	101
ENSG00000286221	NA	0	1	0	0	0	0	0
ENSG00000286235	NA	23	0	10	3	3	25	21
ENSG00000286237	ARMCX5-GPRASP2	27	60	66	52	45	49	54
ENSG00000286264	NA	490	471	513	362	419	354	290
ENSG00000286268	NA	65	35	42	21	55	70	28
ENSG00000286522	H3C2	45	40	38	40	28	45	31
ENSG00000286920	SMIM40	0	1	0	0	0	0	0
ENSG00000287080	H3C3	7	4	19	7	11	9	3
ENSG00000287363	GUCA1ANB	0	0	0	0	0	0	1
ENSG00000287542	HERC3	6	12	26	0	14	0	0
ENSG00000287856	NA	0	0	8	0	0	0	5
ENSG00000288053	NA	0	0	7	4	5	6	3
ENSG00000288520	NA	0	0	0	0	2	0	2
ENSG00000288558	DUS4L-BCAP29	439	436	462	346	298	403	334
ENSG00000288602	C8orf44-SGK3	5	2	4	0	3	7	3
ENSG00000288611	NPBWR1	271	275	318	189	220	191	154
ENSG00000288635	NA	2	2	1	1	0	0	0
ENSG00000288637	NA	0	2	0	2	0	0	1
ENSG00000288649	ACTL10	2	1	6	3	2	0	1
ENSG00000288658	NA	8	3	5	8	2	3	7
ENSG00000288671	NA	0	0	0	0	0	0	1
ENSG00000288675	PANO1	80	75	64	36	50	57	40
ENSG00000288684	NA	213	121	217	117	200	129	172
ENSG00000288695	NA	0	4	3	4	0	0	5
ENSG00000288701	PRRC2B	11373	10045	12002	7716	9244	9268	7329
ENSG00000288702	UGT1A3	28	21	28	22	34	22	22
ENSG00000288705	UGT1A5	11	26	8	4	24	8	16
ENSG00000288709	F8A2	0	3	0	2	0	0	3
ENSG00000288722	F8A1	3366	2887	3625	2580	2754	2818	2208
ENSG00000288784	CTAGE4	0	0	4	1	0	0	0
ENSG00000288825	H2AC18	0	0	0	116	0	0	0
ENSG00000288859	H2AC19	453	429	472	226	332	378	300
ENSG00000288864	ARHGAP11A-SCG5	174	152	260	129	169	198	115
ENSG00000288867	PPIAL4C	0	0	0	0	0	0	1
ENSG00000288920	RPSAP58	2316	2108	2095	1603	1873	1830	1429
ENSG00000289027	NA	0	103	82	58	138	66	19
ENSG00000289281	NA	11	10	22	14	22	17	4
ENSG00000289346	NA	48	22	28	23	19	33	9
ENSG00000289604	CTAGE8	5	3	0	0	3	0	0
ENSG00000289690	NA	5	8	3	0	0	0	24
ENSG00000289694	NA	3068	2460	4208	2566	2884	3066	1937
ENSG00000289697	NA	246	117	356	65	105	195	95
ENSG00000289722	NA	0	5	0	0	0	0	0
ENSG00000289747	NA	16	28	21	0	10	13	9
ENSG00000289791	NA	32	31	8	56	36	29	22
ENSG00000290149	NA	1	4	0	3	0	0	1
ENSG00000290183	NA	80	89	120	53	89	0	127
ENSG00000290217	NA	0	0	2	0	0	0	0
ENSG00000290292	HOMEZ	519	396	429	359	384	399	322
ENSG00000290315	NA	0	14	0	0	4	9	0
ENSG00000290316	NA	5	3	0	0	0	4	0
ENSG00000290318	NA	792	651	800	487	648	654	530
ENSG00000291237	SOD2	2229	1852	2019	1401	1580	1574	1359
