ensembl	symbol	A375MA2-DMSO-A	A375MA2-DMSO-B	A375MA2-DMSO-C	A375MA2-DMSO-D	A375MA2-GiB-A	A375MA2-GiB-B	A375MA2-GiB-D
ENSG00000000003	TSPAN6	346	578	364	347	413	448	498
ENSG00000000419	DPM1	1878	3267	2082	2002	3386	3253	4165
ENSG00000000457	SCYL3	544	931	511	514	669	655	741
ENSG00000000460	C1orf112	578	951	529	580	1055	1038	1426
ENSG00000000938	FGR	1	1	1	0	2	1	0
ENSG00000000971	CFH	1	2	0	1	0	0	0
ENSG00000001036	FUCA2	1108	1964	1114	1090	1636	1669	2010
ENSG00000001084	GCLC	854	1506	773	828	1044	1060	1220
ENSG00000001167	NFYA	1006	1698	1023	1069	1420	1331	1814
ENSG00000001460	STPG1	377	596	355	325	476	465	598
ENSG00000001461	NIPAL3	6404	10181	5978	6037	7315	6848	8390
ENSG00000001497	LAS1L	1770	2892	1840	1903	2730	2561	3188
ENSG00000001561	ENPP4	0	0	0	0	0	0	1
ENSG00000001617	SEMA3F	158	258	129	128	167	135	139
ENSG00000001626	CFTR	3	7	4	1	3	7	11
ENSG00000001629	ANKIB1	3058	4597	2781	2855	3662	3354	4390
ENSG00000001630	CYP51A1	1778	3037	1855	1869	2706	2532	3267
ENSG00000001631	KRIT1	846	1284	867	1001	1160	993	1142
ENSG00000002016	RAD52	294	398	311	269	382	370	512
ENSG00000002330	BAD	530	894	558	535	610	616	759
ENSG00000002549	LAP3	2378	4011	2380	2287	3404	3370	4104
ENSG00000002586	CD99	3661	6440	4096	3966	4533	4194	5208
ENSG00000002587	HS3ST1	50	63	27	35	64	43	51
ENSG00000002726	AOC1	0	0	0	3	0	1	3
ENSG00000002745	WNT16	17	36	15	4	19	17	21
ENSG00000002746	HECW1	143	230	112	123	174	154	181
ENSG00000002822	MAD1L1	1253	2013	1239	1248	1773	1533	2081
ENSG00000002834	LASP1	4061	7040	4642	4534	6568	6215	8381
ENSG00000002919	SNX11	415	672	418	438	635	654	831
ENSG00000003056	M6PR	4974	8467	5431	5193	7419	7450	9335
ENSG00000003096	KLHL13	232	420	267	265	420	404	513
ENSG00000003137	CYP26B1	58	68	68	70	55	39	80
ENSG00000003147	ICA1	287	442	176	197	237	261	239
ENSG00000003249	DBNDD1	1179	2134	1218	1244	1590	1555	1732
ENSG00000003393	ALS2	519	895	635	522	657	597	918
ENSG00000003400	CASP10	120	217	113	123	182	157	168
ENSG00000003402	CFLAR	773	1215	685	733	804	719	853
ENSG00000003436	TFPI	28	68	37	50	63	50	52
ENSG00000003509	NDUFAF7	727	1163	678	667	864	906	1151
ENSG00000003756	RBM5	1279	2081	1284	1273	1664	1654	2012
ENSG00000003987	MTMR7	35	71	32	30	27	37	52
ENSG00000003989	SLC7A2	722	1174	690	670	967	904	1144
ENSG00000004059	ARF5	2081	3696	2352	2322	2931	3036	3448
ENSG00000004139	SARM1	491	739	384	543	606	483	746
ENSG00000004142	POLDIP2	4259	7188	4576	4378	6184	6076	7528
ENSG00000004399	PLXND1	1772	2916	1765	1865	1898	1883	2214
ENSG00000004455	AK2	4843	7664	4754	5056	7401	7853	9404
ENSG00000004468	CD38	5	11	5	8	3	2	6
ENSG00000004478	FKBP4	4551	7726	4910	4677	6415	6334	8003
ENSG00000004487	KDM1A	4605	7873	4854	4566	4794	4552	5833
ENSG00000004534	RBM6	1960	2999	1701	1889	2136	2225	2747
ENSG00000004660	CAMKK1	45	104	74	73	102	83	117
ENSG00000004700	RECQL	3156	5401	3290	3071	4947	4778	6015
ENSG00000004766	VPS50	224	327	242	229	321	329	386
ENSG00000004776	HSPB6	42	78	60	37	61	43	53
ENSG00000004777	ARHGAP33	283	461	234	287	323	282	364
ENSG00000004779	NDUFAB1	1873	3066	1953	1888	2562	2553	3456
ENSG00000004799	PDK4	5532	9169	4651	4559	7554	7596	7657
ENSG00000004809	SLC22A16	0	3	2	2	1	0	4
ENSG00000004838	ZMYND10	23	49	30	27	74	57	104
ENSG00000004846	ABCB5	18	51	23	18	47	38	53
ENSG00000004848	ARX	5	11	15	6	12	7	5
ENSG00000004864	SLC25A13	1313	2262	1373	1341	2091	2070	2674
ENSG00000004866	ST7	495	846	512	520	680	685	863
ENSG00000004897	CDC27	3186	5074	3087	3199	4724	4626	5919
ENSG00000004939	SLC4A1	2	5	3	0	1	1	0
ENSG00000004948	CALCR	1	0	2	0	1	0	0
ENSG00000004961	HCCS	967	1729	1201	1093	1567	1544	2018
ENSG00000004975	DVL2	2000	3378	2075	2081	3115	2669	3858
ENSG00000005001	PRSS22	0	0	0	0	0	1	0
ENSG00000005007	UPF1	6155	10143	6433	6977	9374	7622	10879
ENSG00000005020	SKAP2	1813	2896	1600	1640	2319	2165	2478
ENSG00000005022	SLC25A5	14524	25439	16084	15904	21485	21490	26511
ENSG00000005059	MCUB	402	664	433	406	598	605	679
ENSG00000005073	HOXA11	117	213	97	124	181	119	187
ENSG00000005075	POLR2J	1408	2342	1510	1394	1976	1938	2364
ENSG00000005100	DHX33	2038	3456	1973	2075	2941	2677	3500
ENSG00000005102	MEOX1	5	5	1	2	2	3	4
ENSG00000005108	THSD7A	6	15	7	8	15	9	10
ENSG00000005156	LIG3	1820	2829	1691	1825	2397	2394	2941
ENSG00000005175	RPAP3	1312	2157	1223	1220	1810	1589	2090
ENSG00000005187	ACSM3	31	35	20	25	21	21	12
ENSG00000005189	REXO5	235	416	248	285	404	369	539
ENSG00000005194	CIAPIN1	1649	2771	1829	1678	2556	2623	3242
ENSG00000005206	SPPL2B	1719	2916	1577	1590	2017	1785	2060
ENSG00000005238	FAM214B	712	1173	744	762	812	717	912
ENSG00000005243	COPZ2	390	633	442	362	589	633	689
ENSG00000005249	PRKAR2B	1503	2580	1603	1654	1767	1487	2215
ENSG00000005302	MSL3	928	1580	953	979	1266	1206	1482
ENSG00000005339	CREBBP	2208	3633	2104	2264	3327	3221	4228
ENSG00000005421	PON1	0	0	0	1	0	0	1
ENSG00000005436	GCFC2	564	1007	554	552	635	752	818
ENSG00000005448	WDR54	1051	1818	1203	1114	1728	1619	1846
ENSG00000005469	CROT	293	512	283	233	374	305	379
ENSG00000005471	ABCB4	1002	1597	816	888	1161	1109	1031
ENSG00000005483	KMT2E	1562	2651	1199	1650	1825	1795	2512
ENSG00000005486	RHBDD2	1734	2622	1640	1439	1625	2077	2239
ENSG00000005513	SOX8	1748	2939	1750	1775	1378	1209	1524
ENSG00000005700	IBTK	2847	4574	2750	2876	3334	3282	4099
ENSG00000005801	ZNF195	225	408	261	231	333	328	366
ENSG00000005810	MYCBP2	1371	1927	1058	1335	1640	1560	2051
ENSG00000005812	FBXL3	1023	1710	1011	939	1591	1541	2098
ENSG00000005844	ITGAL	1	0	0	0	0	0	0
ENSG00000005882	PDK2	749	1321	762	754	810	852	933
ENSG00000005884	ITGA3	7523	12401	6779	7220	6566	6393	7084
ENSG00000005889	ZFX	1055	1838	1007	1064	1404	1449	1781
ENSG00000005893	LAMP2	5849	9773	5699	5618	6379	6406	7362
ENSG00000005961	ITGA2B	0	12	5	14	7	8	15
ENSG00000005981	ASB4	10	13	5	9	15	21	15
ENSG00000006007	GDE1	970	1590	945	939	1294	1234	1272
ENSG00000006015	REX1BD	667	1102	731	655	935	766	1068
ENSG00000006016	CRLF1	158	327	149	180	154	141	129
ENSG00000006025	OSBPL7	621	1016	504	518	595	521	647
ENSG00000006042	TMEM98	2402	4279	2530	2299	2608	2321	2924
ENSG00000006047	YBX2	4	9	3	4	6	3	2
ENSG00000006062	MAP3K14	418	651	349	380	410	364	445
ENSG00000006071	ABCC8	0	0	1	1	0	0	0
ENSG00000006118	TMEM132A	1074	1924	1163	1119	1369	1022	1529
ENSG00000006125	AP2B1	7256	11608	7030	7152	8380	8054	9571
ENSG00000006128	TAC1	179	347	207	201	242	217	309
ENSG00000006194	ZNF263	822	1421	755	753	1156	1082	1495
ENSG00000006210	CX3CL1	43	81	52	25	62	86	85
ENSG00000006282	SPATA20	776	1118	739	546	816	903	1040
ENSG00000006283	CACNA1G	3	0	2	6	1	5	2
ENSG00000006327	TNFRSF12A	1381	2521	1710	1567	2368	1937	3371
ENSG00000006377	DLX6	170	236	144	150	180	160	169
ENSG00000006432	MAP3K9	397	634	388	406	487	511	585
ENSG00000006451	RALA	1241	2042	1267	1259	1873	1702	2271
ENSG00000006453	BAIAP2L1	1092	1905	1165	1227	1249	1157	1424
ENSG00000006459	KDM7A	1272	1920	1155	1159	1112	1125	1238
ENSG00000006468	ETV1	3404	5479	2875	2950	3583	3528	4136
ENSG00000006530	AGK	1525	2669	1622	1560	2002	1951	2478
ENSG00000006534	ALDH3B1	396	689	439	434	458	417	474
ENSG00000006555	TTC22	1	1	0	1	0	1	0
ENSG00000006576	PHTF2	754	1250	719	721	990	958	1122
ENSG00000006606	CCL26	0	2	0	0	0	0	0
ENSG00000006607	FARP2	2598	4180	2387	2591	3307	3338	4190
ENSG00000006625	GGCT	1623	2790	1659	1501	2031	1925	2484
ENSG00000006634	DBF4	388	530	253	326	336	382	473
ENSG00000006638	TBXA2R	86	114	86	73	135	122	150
ENSG00000006652	IFRD1	1125	1680	754	843	1241	1212	1682
ENSG00000006695	COX10	767	1296	816	870	917	918	1026
ENSG00000006704	GTF2IRD1	756	1339	798	825	938	851	1010
ENSG00000006712	PAF1	1537	2598	1661	1576	2402	2333	2968
ENSG00000006715	VPS41	1071	1766	1022	1027	1173	1065	1364
ENSG00000006740	ARHGAP44	40	79	38	64	34	38	51
ENSG00000006744	ELAC2	2363	4091	2601	2587	3322	3422	4089
ENSG00000006747	SCIN	34	59	27	31	26	28	43
ENSG00000006756	ARSD	514	794	478	484	626	593	681
ENSG00000006757	PNPLA4	0	2	2	5	4	1	3
ENSG00000006788	MYH13	84	140	65	70	89	71	90
ENSG00000006831	ADIPOR2	3821	6603	4024	4004	5052	5033	5982
ENSG00000006837	CDKL3	31	54	33	22	27	23	36
ENSG00000007047	MARK4	1319	2392	1348	1448	1310	1226	1471
ENSG00000007062	PROM1	15	0	7	0	12	20	23
ENSG00000007080	CCDC124	3245	5431	3668	3560	5565	5367	6906
ENSG00000007168	PAFAH1B1	3483	5934	3468	3378	5354	5185	6182
ENSG00000007171	NOS2	0	0	0	0	2	0	0
ENSG00000007174	DNAH9	127	273	129	128	161	163	171
ENSG00000007202	KIAA0100	7100	11641	6909	7483	8788	8795	10897
ENSG00000007237	GAS7	14675	24291	14673	15345	17028	16442	21412
ENSG00000007255	TRAPPC6A	146	290	168	167	179	172	210
ENSG00000007264	MATK	0	2	2	1	2	0	2
ENSG00000007341	ST7L	109	155	98	85	133	178	177
ENSG00000007350	TKTL1	1	8	8	7	5	2	11
ENSG00000007372	PAX6	0	0	1	0	5	0	2
ENSG00000007376	RPUSD1	846	1500	932	933	1223	1027	1510
ENSG00000007384	RHBDF1	2422	4139	2474	2573	2766	2680	3347
ENSG00000007392	LUC7L	449	806	514	539	592	607	830
ENSG00000007402	CACNA2D2	16	21	11	8	14	14	12
ENSG00000007516	BAIAP3	30	64	21	34	48	34	35
ENSG00000007520	TSR3	1158	2076	1301	1208	1765	1630	2185
ENSG00000007541	PIGQ	1103	2010	1196	1119	1585	1602	2094
ENSG00000007545	CRAMP1	1484	2470	1469	1527	1797	1707	2272
ENSG00000007866	TEAD3	395	713	427	376	436	387	552
ENSG00000007908	SELE	0	1	0	0	0	0	0
ENSG00000007923	DNAJC11	1664	2983	1752	1749	2944	2720	3573
ENSG00000007944	MYLIP	898	1486	822	849	877	839	1042
ENSG00000007952	NOX1	4	3	3	5	7	4	6
ENSG00000007968	E2F2	361	465	323	339	669	589	928
ENSG00000008018	PSMB1	3664	6111	3908	3653	5863	5940	7341
ENSG00000008056	SYN1	17	25	15	18	17	15	28
ENSG00000008083	JARID2	2450	3927	2293	2437	2714	2457	3022
ENSG00000008086	CDKL5	135	204	106	140	145	149	194
ENSG00000008118	CAMK1G	0	0	0	1	0	3	0
ENSG00000008128	CDK11A	1211	1948	1084	1184	1433	1000	1370
ENSG00000008130	NADK	1692	2788	1799	1738	1979	1975	2448
ENSG00000008196	TFAP2B	14948	24769	13222	13148	13236	12564	13901
ENSG00000008226	DLEC1	6	11	6	4	9	1	16
ENSG00000008256	CYTH3	1378	2278	1367	1473	1601	1549	1970
ENSG00000008277	ADAM22	356	525	304	312	403	380	403
ENSG00000008282	SYPL1	2016	3556	2054	1980	2492	2452	2992
ENSG00000008283	CYB561	1556	2531	1581	1557	2219	2043	2578
ENSG00000008294	SPAG9	5428	9046	5120	5445	6687	6544	7956
ENSG00000008300	CELSR3	833	1234	774	836	1255	1135	1340
ENSG00000008311	AASS	1380	2157	1282	1332	1633	1432	1862
ENSG00000008323	PLEKHG6	12	27	15	15	17	16	15
ENSG00000008324	SS18L2	402	662	432	377	542	499	664
ENSG00000008382	MPND	372	641	374	346	454	299	475
ENSG00000008394	MGST1	0	1	0	3	6	0	4
ENSG00000008405	CRY1	457	715	489	459	608	569	809
ENSG00000008438	PGLYRP1	8	6	4	4	3	1	1
ENSG00000008441	NFIX	6740	11406	6649	7135	9463	8941	11112
ENSG00000008513	ST3GAL1	3964	6209	3684	3935	4088	3991	4831
ENSG00000008516	MMP25	24	73	19	28	35	13	0
ENSG00000008517	IL32	3	1	1	2	4	1	0
ENSG00000008710	PKD1	2922	4431	2661	2896	3462	3259	3917
ENSG00000008735	MAPK8IP2	22	35	25	0	53	63	93
ENSG00000008838	MED24	1704	2818	1730	1787	2439	2203	2812
ENSG00000008853	RHOBTB2	889	1552	821	865	1401	1271	1941
ENSG00000008869	HEATR5B	1242	1935	1068	1224	1456	1480	1750
ENSG00000008952	SEC62	2440	4044	2475	2274	3943	3791	4766
ENSG00000008988	RPS20	16365	28160	17913	16352	21013	21763	25897
ENSG00000009307	CSDE1	17729	29535	17539	17410	19499	18929	23007
ENSG00000009335	UBE3C	5273	8655	5247	5582	6592	6427	8025
ENSG00000009413	REV3L	879	1811	1064	914	1918	1031	1659
ENSG00000009694	TENM1	239	327	190	193	206	193	211
ENSG00000009724	MASP2	16	19	20	19	18	9	14
ENSG00000009765	IYD	28	49	18	28	16	16	21
ENSG00000009780	FAM76A	279	455	249	273	420	373	436
ENSG00000009790	TRAF3IP3	1	1	0	4	0	0	1
ENSG00000009830	POMT2	471	747	491	524	580	495	614
ENSG00000009844	VTA1	1356	2418	1408	1413	2086	2016	2507
ENSG00000009950	MLXIPL	30	44	29	23	5	15	32
ENSG00000009954	BAZ1B	5957	9452	5698	6104	9465	9069	11848
ENSG00000010017	RANBP9	1202	1946	1193	1158	1127	1204	1239
ENSG00000010030	ETV7	1	2	3	1	1	2	1
ENSG00000010072	SPRTN	611	1091	674	601	1009	985	1257
ENSG00000010165	METTL13	3763	5987	3685	3734	4891	4464	5908
ENSG00000010219	DYRK4	121	186	134	118	185	156	178
ENSG00000010244	ZNF207	5203	8442	4945	4981	5855	5643	6996
ENSG00000010256	UQCRC1	5613	9486	6280	5868	7928	7838	9492
ENSG00000010270	STARD3NL	750	1205	739	786	971	978	1292
ENSG00000010278	CD9	4180	7248	4473	4321	3956	3717	4285
ENSG00000010292	NCAPD2	11466	19076	11942	12229	16984	16916	20933
ENSG00000010295	IFFO1	616	1020	553	571	612	657	758
ENSG00000010310	GIPR	134	236	114	136	139	122	135
ENSG00000010318	PHF7	165	249	151	136	127	149	202
ENSG00000010319	SEMA3G	746	1295	775	792	745	645	919
ENSG00000010322	NISCH	2005	3048	1708	1871	1966	1806	2245
ENSG00000010327	STAB1	1	0	0	2	0	1	0
ENSG00000010361	FUZ	958	1447	916	973	1047	1017	1195
ENSG00000010379	SLC6A13	0	0	0	0	0	0	1
ENSG00000010404	IDS	2195	3438	2075	2061	2896	2752	3165
ENSG00000010438	PRSS3	87	132	97	90	124	125	184
ENSG00000010539	ZNF200	470	800	462	511	741	712	905
ENSG00000010610	CD4	11	6	12	16	14	17	15
ENSG00000010626	LRRC23	252	434	255	275	330	334	448
ENSG00000010671	BTK	2	0	0	0	0	0	0
ENSG00000010704	HFE	364	606	380	375	509	517	589
ENSG00000010803	SCMH1	934	1479	920	867	1088	1019	1164
ENSG00000010810	FYN	2835	4845	3000	3060	3868	3813	4554
ENSG00000010818	HIVEP2	1010	1671	868	1067	1253	1250	1581
ENSG00000010932	FMO1	0	1	0	0	0	0	1
ENSG00000011007	ELOA	2881	4577	2842	2859	4965	4798	6538
ENSG00000011009	LYPLA2	2922	5008	3317	3136	4370	4405	5376
ENSG00000011021	CLCN6	854	1338	761	809	993	987	1207
ENSG00000011028	MRC2	7091	12424	7006	7091	8272	7086	9125
ENSG00000011052	NME1-NME2	213	332	215	210	216	196	177
ENSG00000011105	TSPAN9	549	918	545	532	565	518	586
ENSG00000011114	BTBD7	447	676	376	512	653	769	900
ENSG00000011132	APBA3	303	537	318	359	458	351	486
ENSG00000011143	MKS1	246	373	254	263	452	408	468
ENSG00000011198	ABHD5	519	655	360	302	634	596	749
ENSG00000011201	ANOS1	0	0	0	1	0	1	0
ENSG00000011243	AKAP8L	1097	1926	1127	1055	1750	1530	2011
ENSG00000011258	MBTD1	532	883	478	474	641	581	751
ENSG00000011260	UTP18	1568	2731	1730	1605	2544	2444	3085
ENSG00000011275	RNF216	1748	2774	1648	1731	2228	2092	2663
ENSG00000011295	TTC19	1024	1742	942	936	937	914	1221
ENSG00000011304	PTBP1	10944	18742	11730	11543	16365	15652	20929
ENSG00000011332	DPF1	147	234	159	151	287	251	376
ENSG00000011347	SYT7	13	15	8	5	10	11	14
ENSG00000011376	LARS2	1155	1754	1123	1152	1611	1581	2046
ENSG00000011405	PIK3C2A	1902	3119	1735	1937	2079	2145	2601
ENSG00000011422	PLAUR	1016	1793	1052	1024	1154	1218	1355
ENSG00000011426	ANLN	4185	6956	4394	4639	6725	6873	8825
ENSG00000011451	WIZ	2680	4683	2656	2814	3890	3939	4935
ENSG00000011454	RABGAP1	1639	2648	1381	1526	1981	1870	2182
ENSG00000011465	DCN	55	139	85	80	85	70	120
ENSG00000011478	QPCTL	885	1604	1072	1024	1142	1051	1283
ENSG00000011485	PPP5C	2628	4284	2664	2561	3451	3066	4170
ENSG00000011523	CEP68	463	618	329	417	588	539	566
ENSG00000011566	MAP4K3	849	1336	748	817	979	918	1209
ENSG00000011590	ZBTB32	0	5	24	19	3	0	14
ENSG00000011638	LDAF1	201	338	237	192	230	183	198
ENSG00000011677	GABRA3	284	498	281	260	353	344	381
ENSG00000012048	BRCA1	1884	2928	1811	1915	2781	2819	3671
ENSG00000012061	ERCC1	4527	7652	4807	4668	6765	6346	8256
ENSG00000012124	CD22	162	288	179	157	175	150	196
ENSG00000012171	SEMA3B	7925	13841	8455	8328	8953	8374	10526
ENSG00000012174	MBTPS2	1425	2343	1375	1403	1792	1714	2107
ENSG00000012211	PRICKLE3	572	920	577	589	581	579	670
ENSG00000012232	EXTL3	1558	2466	1678	1599	2073	2003	2432
ENSG00000012504	NR1H4	4	12	1	2	8	5	6
ENSG00000012660	ELOVL5	4193	6826	4202	4005	5150	4904	5966
ENSG00000012779	ALOX5	0	1	0	0	0	0	0
ENSG00000012822	CALCOCO1	2091	3420	1746	1853	2043	1847	2118
ENSG00000012963	UBR7	1535	2373	1542	1541	2152	2073	2728
ENSG00000012983	MAP4K5	885	1406	795	847	891	898	1056
ENSG00000013016	EHD3	2562	4409	2551	2664	3034	2851	3644
ENSG00000013275	PSMC4	4300	7535	5000	4492	8363	8512	10934
ENSG00000013288	MAN2B2	612	1078	647	697	806	718	858
ENSG00000013293	SLC7A14	22	36	19	12	29	18	24
ENSG00000013297	CLDN11	2	4	0	0	0	4	0
ENSG00000013306	SLC25A39	2347	4019	2506	2489	3318	3327	3939
ENSG00000013364	MVP	4510	7816	4564	4371	4672	4389	4654
ENSG00000013374	NUB1	2481	3958	2197	2062	2357	2018	2310
ENSG00000013375	PGM3	922	1336	687	782	1211	1259	1553
ENSG00000013392	RWDD2A	161	304	160	164	225	217	263
ENSG00000013441	CLK1	158	218	140	141	265	353	494
ENSG00000013503	POLR3B	520	791	497	552	628	619	754
ENSG00000013523	ANGEL1	775	1354	707	737	963	973	1111
ENSG00000013561	RNF14	1641	2694	1606	1662	2016	1945	2284
ENSG00000013563	DNASE1L1	1082	1744	1124	959	1341	1257	1427
ENSG00000013573	DDX11	1547	2499	1495	1713	2301	2184	2914
ENSG00000013583	HEBP1	609	1156	640	601	955	959	1022
ENSG00000013588	GPRC5A	5033	8276	5341	5515	7089	7172	9168
ENSG00000013619	MAMLD1	373	610	342	386	425	424	541
ENSG00000013810	TACC3	2363	4086	2719	2667	4253	4397	5768
ENSG00000014123	UFL1	757	1220	724	646	822	897	1038
ENSG00000014138	POLA2	720	1241	724	648	1167	1198	1410
ENSG00000014164	ZC3H3	840	1345	874	907	1149	1129	1342
ENSG00000014216	CAPN1	3657	6293	3883	3730	4354	4242	4883
ENSG00000014257	ACP3	616	1055	628	580	506	521	599
ENSG00000014641	MDH1	4412	7508	4540	4307	6569	6331	7847
ENSG00000014824	SLC30A9	1810	2950	1658	1682	2036	1855	2133
ENSG00000014914	MTMR11	77	110	58	92	82	78	91
ENSG00000014919	COX15	2267	3724	2311	2339	3174	2959	3708
ENSG00000015133	CCDC88C	18	40	31	22	62	54	48
ENSG00000015153	YAF2	455	705	451	451	484	519	636
ENSG00000015171	ZMYND11	1373	2179	1237	1272	1582	1550	2088
ENSG00000015285	WAS	10	14	12	10	17	14	32
ENSG00000015413	DPEP1	0	1	0	0	1	0	0
ENSG00000015475	BID	326	627	364	334	436	431	482
ENSG00000015479	MATR3	7596	13080	7584	7694	12184	12533	15827
ENSG00000015520	NPC1L1	9	7	5	3	2	3	1
ENSG00000015532	XYLT2	1222	2126	1290	1317	1481	1378	1624
ENSG00000015568	RGPD5	15	733	740	15	5	13	978
ENSG00000015676	NUDCD3	846	1334	797	817	1329	1246	1526
ENSG00000016082	ISL1	146	273	186	158	188	157	219
ENSG00000016391	CHDH	11	17	11	13	12	8	17
ENSG00000016490	CLCA1	0	2	0	1	1	1	5
ENSG00000016864	GLT8D1	1673	2484	1569	1522	1840	1891	2200
ENSG00000017260	ATP2C1	2166	3546	2063	2077	3000	2903	3767
ENSG00000017427	IGF1	0	3	0	0	1	0	0
ENSG00000017483	SLC38A5	4	9	3	1	5	3	6
ENSG00000017797	RALBP1	2093	3451	2085	2073	2356	2217	2749
ENSG00000018189	RUFY3	380	617	328	337	362	350	412
ENSG00000018236	CNTN1	82	144	67	74	112	128	102
ENSG00000018280	SLC11A1	5	13	4	3	11	9	10
ENSG00000018408	WWTR1	32723	55879	31442	31879	47791	46159	55042
ENSG00000018510	AGPS	1271	2174	1269	1321	1870	1956	2393
ENSG00000018610	STEEP1	826	1455	905	820	1342	1238	1578
ENSG00000018625	ATP1A2	1	8	0	3	5	1	4
ENSG00000018699	TTC27	499	846	506	476	600	577	722
ENSG00000018869	ZNF582	22	42	26	32	48	43	49
ENSG00000019102	VSIG2	9	17	8	9	22	10	19
ENSG00000019144	PHLDB1	1339	2359	1469	1485	1792	1713	2466
ENSG00000019186	CYP24A1	2	3	4	1	0	2	2
ENSG00000019485	PRDM11	108	178	133	102	160	156	201
ENSG00000019505	SYT13	2	3	1	2	2	2	3
ENSG00000019549	SNAI2	781	1279	653	689	573	593	620
ENSG00000019582	CD74	63438	111228	68740	68247	73912	75695	90695
ENSG00000019991	HGF	174	301	143	140	159	171	147
ENSG00000019995	ZRANB1	1454	2440	1410	1448	1803	1703	2108
ENSG00000020129	NCDN	1705	2762	1703	1853	2355	2290	2922
ENSG00000020181	ADGRA2	983	1507	944	1029	1338	1023	1450
ENSG00000020256	ZFP64	895	1523	927	952	939	968	1208
ENSG00000020426	MNAT1	734	1168	744	694	1007	1024	1313
ENSG00000020577	SAMD4A	961	1615	904	903	1043	974	1118
ENSG00000020633	RUNX3	817	1435	916	874	1081	1076	1161
ENSG00000020922	MRE11	1571	2638	1510	1618	2000	1883	2266
ENSG00000021300	PLEKHB1	49	117	56	54	50	33	46
ENSG00000021355	SERPINB1	1007	1788	1061	991	980	929	956
ENSG00000021488	SLC7A9	3	4	0	1	6	4	3
ENSG00000021574	SPAST	856	1377	781	782	938	879	1116
ENSG00000021645	NRXN3	148	244	149	158	216	202	240
ENSG00000021762	OSBPL5	877	1299	806	838	1010	1042	1275
ENSG00000021776	AQR	851	1308	810	773	1067	1145	1343
ENSG00000021826	CPS1	642	944	497	518	723	693	811
ENSG00000021852	C8B	1	0	0	0	0	0	0
ENSG00000022267	FHL1	796	1402	861	784	965	952	1119
ENSG00000022277	RTF2	3756	6070	3898	3811	6027	5861	7278
ENSG00000022556	NLRP2	0	2	0	0	0	0	3
ENSG00000022567	SLC45A4	414	764	423	459	402	359	523
ENSG00000022840	RNF10	3267	5514	3416	3273	3953	3880	4674
ENSG00000022976	ZNF839	212	278	151	153	226	229	281
ENSG00000023041	ZDHHC6	318	437	317	309	412	502	583
ENSG00000023171	GRAMD1B	8226	13221	7720	7898	8133	8027	9658
ENSG00000023191	RNH1	3081	5334	3545	3441	4996	4762	5776
ENSG00000023228	NDUFS1	3341	5562	3389	3327	4518	4163	5070
ENSG00000023287	RB1CC1	2628	4197	2291	2386	3065	3013	3571
ENSG00000023318	ERP44	1843	3015	1868	1811	2397	2519	3108
ENSG00000023330	ALAS1	2363	4037	2595	2544	2703	2653	3212
ENSG00000023445	BIRC3	68	114	68	73	121	100	158
ENSG00000023516	AKAP11	3244	5290	2870	3066	3789	3673	4562
ENSG00000023572	GLRX2	474	769	453	446	955	997	1278
ENSG00000023608	SNAPC1	934	1589	927	831	1379	1345	1727
ENSG00000023697	DERA	779	1321	725	761	955	963	1183
ENSG00000023734	STRAP	7422	12959	7987	7755	11282	11319	14118
ENSG00000023839	ABCC2	61	120	82	76	92	94	102
ENSG00000023892	DEF6	14	20	8	8	14	18	0
ENSG00000023902	PLEKHO1	850	1401	966	809	1393	1159	1386
ENSG00000023909	GCLM	801	1475	889	863	1222	1195	1597
ENSG00000024048	UBR2	1411	2357	1250	1365	1657	1673	2134
ENSG00000024422	EHD2	2814	4789	3104	3169	4597	4485	5137
ENSG00000024526	DEPDC1	1497	2594	1609	1635	2056	2040	2595
ENSG00000024862	CCDC28A	687	1041	620	553	697	732	822
ENSG00000025039	RRAGD	680	1199	630	657	879	837	1013
ENSG00000025156	HSF2	379	635	371	370	524	500	663
ENSG00000025293	PHF20	1394	2224	1337	1299	1906	1778	2179
ENSG00000025423	HSD17B6	26	48	32	23	27	21	21
ENSG00000025434	NR1H3	255	437	221	271	257	223	276
ENSG00000025708	TYMP	25	43	34	33	49	32	58
ENSG00000025770	NCAPH2	910	1748	1076	1013	1590	1619	2101
ENSG00000025772	TOMM34	3422	5836	3531	3628	4445	4683	5432
ENSG00000025796	SEC63	2941	4938	2750	2990	4222	3804	4916
ENSG00000025800	KPNA6	3673	5882	3513	3515	4296	4098	5035
ENSG00000026025	VIM	88380	156729	96393	95029	123396	122952	150308
ENSG00000026103	FAS	161	241	184	177	201	193	215
ENSG00000026297	RNASET2	89	162	101	99	110	92	119
ENSG00000026508	CD44	24475	41492	23513	23393	29228	28112	31876
ENSG00000026559	KCNG1	1044	1840	1322	1272	1368	1226	1805
ENSG00000026652	AGPAT4	213	371	194	213	205	199	249
ENSG00000026751	SLAMF7	97	163	104	98	206	185	198
ENSG00000026950	BTN3A1	550	969	524	595	741	719	738
ENSG00000027001	MIPEP	1007	1725	954	954	1221	1175	1411
ENSG00000027075	PRKCH	606	1006	624	631	611	552	768
ENSG00000027644	INSRR	0	2	1	3	0	3	2
ENSG00000027697	IFNGR1	421	594	355	374	432	492	547
ENSG00000027847	B4GALT7	536	878	583	564	715	748	822
ENSG00000027869	SH2D2A	0	8	7	4	5	3	13
ENSG00000028116	VRK2	654	1163	620	650	716	785	819
ENSG00000028137	TNFRSF1B	277	427	174	212	181	256	200
ENSG00000028203	VEZT	154	265	183	152	229	235	250
ENSG00000028277	POU2F2	27	57	35	29	47	34	42
ENSG00000028310	BRD9	901	1514	970	1000	1003	920	1058
ENSG00000028528	SNX1	7310	11950	6759	7183	7757	7186	8755
ENSG00000028839	TBPL1	402	689	411	459	590	576	788
ENSG00000029153	ARNTL2	379	575	383	315	548	472	631
ENSG00000029363	BCLAF1	4415	7323	4106	4151	7199	6781	8362
ENSG00000029364	SLC39A9	1659	2827	1711	1739	1896	1881	2171
ENSG00000029534	ANK1	208	352	178	195	193	240	266
ENSG00000029639	TFB1M	2754	4589	2637	2593	3438	3258	3926
ENSG00000029725	RABEP1	2512	4148	2520	2544	3599	3482	4530
ENSG00000029993	HMGB3	1216	2076	1461	1283	1761	1604	2135
ENSG00000030066	NUP160	4469	7219	4176	4392	5498	5460	6868
ENSG00000030110	BAK1	748	1297	866	815	1130	1010	1392
ENSG00000030304	MUSK	0	1	1	0	2	2	1
ENSG00000030419	IKZF2	238	385	167	211	283	291	308
ENSG00000030582	GRN	6779	11592	6834	6613	7972	7933	8642
ENSG00000031003	FAM13B	446	691	380	437	619	566	756
ENSG00000031081	ARHGAP31	1689	2905	1677	1670	1690	1759	2007
ENSG00000031691	CENPQ	471	690	418	421	735	672	856
ENSG00000031698	SARS1	3012	5354	3428	3475	4480	4526	5438
ENSG00000031823	RANBP3	1581	2620	1739	1673	2409	2351	2901
ENSG00000032219	ARID4A	722	1141	684	605	945	830	1154
ENSG00000032389	EIPR1	866	1499	944	864	1146	1118	1443
ENSG00000032444	PNPLA6	4666	7911	4729	4747	5591	5036	6273
ENSG00000032742	IFT88	675	1101	614	592	787	746	913
ENSG00000033011	ALG1	893	1412	776	822	1396	1288	1605
ENSG00000033030	ZCCHC8	633	1062	533	650	1099	1097	1407
ENSG00000033050	ABCF2	2414	3939	2451	2403	3279	3474	4404
ENSG00000033100	CHPF2	1550	2426	1416	1516	1976	1946	2347
ENSG00000033122	LRRC7	60	90	39	40	70	46	61
ENSG00000033170	FUT8	1497	2747	1556	1594	1822	1753	2298
ENSG00000033178	UBA6	1201	1955	1267	1208	1554	1538	1966
ENSG00000033327	GAB2	1903	3240	1704	1969	2310	2100	2664
ENSG00000033627	ATP6V0A1	1451	2311	1429	1534	2330	2455	2764
ENSG00000033800	PIAS1	1302	1977	1189	1257	1724	1757	2043
ENSG00000033867	SLC4A7	4147	6412	3662	3637	5218	4817	6529
ENSG00000034053	APBA2	535	1062	573	562	708	704	847
ENSG00000034152	MAP2K3	2415	4190	2768	2518	3708	3634	4584
ENSG00000034510	TMSB10	13259	23074	15366	14445	18480	18411	23277
ENSG00000034533	ASTE1	155	327	175	183	254	233	359
ENSG00000034677	RNF19A	903	1514	867	942	1027	1079	1312
ENSG00000034693	PEX3	280	540	347	335	493	483	595
ENSG00000034713	GABARAPL2	2050	3390	2138	1919	2533	2401	2902
ENSG00000034971	MYOC	3	0	1	3	0	0	2
ENSG00000035115	SH3YL1	105	163	61	86	83	80	111
ENSG00000035141	FAM136A	993	1636	984	892	1412	1288	1752
ENSG00000035403	VCL	2828	4621	2627	2834	3605	3566	4295
ENSG00000035499	DEPDC1B	726	1194	782	684	1120	1027	1328
ENSG00000035664	DAPK2	7	20	10	25	29	26	27
ENSG00000035681	NSMAF	1190	2030	1093	1187	1464	1400	1678
ENSG00000035687	ADSS2	3414	5490	3380	3212	3929	3675	4379
ENSG00000035862	TIMP2	6680	11445	6802	6803	8923	8738	9913
ENSG00000035928	RFC1	3491	5400	3354	3376	3993	3702	4567
ENSG00000036054	TBC1D23	1227	2098	1174	1226	1650	1588	1993
ENSG00000036257	CUL3	1696	2971	1978	1893	2892	2741	3589
ENSG00000036530	CYP46A1	0	3	2	0	2	0	1
ENSG00000036549	ZZZ3	1231	1854	1075	1145	1370	1368	1663
ENSG00000036565	SLC18A1	19	31	18	29	50	66	97
ENSG00000036672	USP2	107	212	97	129	168	161	191
ENSG00000036828	CASR	89	159	110	120	106	107	121
ENSG00000037042	TUBG2	1005	1616	920	965	954	1021	1293
ENSG00000037241	RPL26L1	991	1711	1064	1002	1494	1555	1913
ENSG00000037280	FLT4	2	5	1	2	3	2	9
ENSG00000037474	NSUN2	2749	4661	2928	3107	3918	3779	5150
ENSG00000037637	FBXO42	656	1003	642	651	914	891	1103
ENSG00000037749	MFAP3	1542	2522	1437	1505	2183	2257	2776
ENSG00000037757	MRI1	2243	3849	2296	2343	3090	2814	3731
ENSG00000037897	METTL1	281	468	321	289	483	470	589
ENSG00000037965	HOXC8	568	939	585	599	703	670	829
ENSG00000038002	AGA	1198	2210	1299	1249	1556	1556	1732
ENSG00000038210	PI4K2B	856	1399	948	860	1139	1063	1316
ENSG00000038219	BOD1L1	5565	8864	4995	5090	6802	6461	8152
ENSG00000038274	MAT2B	2324	3804	2222	2070	3230	3069	3924
ENSG00000038358	EDC4	1924	2982	1844	1879	2523	2448	3091
ENSG00000038382	TRIO	1671	2448	1229	1554	1931	1690	1991
ENSG00000038427	VCAN	488	875	409	490	583	619	626
ENSG00000038532	CLEC16A	1030	1599	980	927	1036	1052	1396
ENSG00000039123	MTREX	3862	6456	3786	3929	5706	5670	7175
ENSG00000039139	DNAH5	21	37	21	33	25	23	20
ENSG00000039319	ZFYVE16	1610	2457	1568	1528	2481	2430	2954
ENSG00000039523	RIPOR1	2786	4841	2973	3270	3821	3733	4566
ENSG00000039560	RAI14	2224	3499	1954	2196	2992	2945	3574
ENSG00000039600	SOX30	0	11	5	1	6	3	3
ENSG00000039650	PNKP	933	1808	1085	1026	1362	1257	1514
ENSG00000039987	BEST2	1	3	1	1	2	0	5
ENSG00000040199	PHLPP2	381	555	378	354	419	441	557
ENSG00000040275	SPDL1	1197	2007	1272	1267	1725	1632	2087
ENSG00000040341	STAU2	734	1174	771	695	960	1017	1159
ENSG00000040487	SLC66A1	436	678	458	460	573	609	738
ENSG00000040531	CTNS	404	809	495	466	705	684	917
ENSG00000040608	RTN4R	32	41	35	28	52	61	63
ENSG00000040633	PHF23	1650	2656	1758	1676	2396	2119	2897
ENSG00000040933	INPP4A	738	1198	711	699	761	727	890
ENSG00000041353	RAB27B	38	77	42	29	41	43	75
ENSG00000041357	PSMA4	3052	4907	3177	2972	4997	4686	6115
ENSG00000041515	MYO16	15	35	12	15	18	15	20
ENSG00000041802	LSG1	1130	1869	1222	1214	1458	1351	1764
ENSG00000041880	PARP3	560	964	522	525	732	687	769
ENSG00000041982	TNC	51903	83906	49190	53535	55781	55060	69343
ENSG00000041988	THAP3	433	655	396	370	480	491	588
ENSG00000042062	RIPOR3	4	5	7	1	5	3	7
ENSG00000042088	TDP1	289	525	276	312	419	428	523
ENSG00000042286	AIFM2	478	808	547	537	920	819	1100
ENSG00000042317	SPATA7	75	124	70	42	60	72	62
ENSG00000042429	MED17	18	151	107	50	124	105	148
ENSG00000042445	RETSAT	1660	2748	1477	1515	1938	1858	2110
ENSG00000042493	CAPG	267	498	305	319	280	304	345
ENSG00000042753	AP2S1	5440	9472	6112	5748	6505	6300	7849
ENSG00000042781	USH2A	8	16	10	10	9	8	10
ENSG00000042832	TG	1	0	1	0	2	0	0
ENSG00000042980	ADAM28	0	0	0	1	1	0	0
ENSG00000043039	BARX2	19	40	30	26	30	25	42
ENSG00000043093	DCUN1D1	821	1482	809	861	1075	1087	1361
ENSG00000043143	JADE2	1767	2957	1670	1827	2291	2153	2614
ENSG00000043355	ZIC2	252	415	212	244	310	357	413
ENSG00000043462	LCP2	2	5	3	5	7	4	1
ENSG00000043514	TRIT1	636	1067	610	624	690	694	736
ENSG00000043591	ADRB1	145	250	130	134	139	111	95
ENSG00000044090	CUL7	1849	2703	1406	1538	1766	1710	1772
ENSG00000044115	CTNNA1	20036	33890	20174	20410	25062	25154	30071
ENSG00000044446	PHKA2	384	575	369	389	386	384	455
ENSG00000044459	CNTLN	688	1097	588	566	807	752	988
ENSG00000044524	EPHA3	2892	4749	2483	2630	3532	3542	4151
ENSG00000044574	HSPA5	22891	39292	25778	25335	24545	24009	29801
ENSG00000046604	DSG2	2824	4555	2441	2751	3814	3707	4304
ENSG00000046647	GEMIN8	537	980	533	467	597	590	684
ENSG00000046651	OFD1	325	625	291	388	550	555	553
ENSG00000046653	GPM6B	134	209	124	108	251	200	256
ENSG00000046774	MAGEC2	4589	7728	4718	4445	5822	5412	6660
ENSG00000046889	PREX2	0	0	0	0	0	1	0
ENSG00000047056	WDR37	433	872	384	378	467	448	515
ENSG00000047188	YTHDC2	1263	1990	1187	1245	1679	1604	2140
ENSG00000047230	CTPS2	980	1623	955	931	1165	1116	1391
ENSG00000047249	ATP6V1H	1057	1790	1096	1020	1376	1298	1643
ENSG00000047315	POLR2B	4795	7887	4707	4863	6246	6120	7880
ENSG00000047346	FAM214A	538	997	596	490	893	814	884
ENSG00000047365	ARAP2	622	908	526	544	606	598	707
ENSG00000047410	TPR	8915	14250	8113	8747	11976	11711	14425
ENSG00000047457	CP	0	4	0	0	2	0	4
ENSG00000047578	KATNIP	842	1353	713	820	896	947	1060
ENSG00000047579	DTNBP1	261	415	237	273	419	347	474
ENSG00000047597	XK	6	8	3	8	9	12	19
ENSG00000047621	C12orf4	411	675	452	393	663	607	907
ENSG00000047634	SCML1	303	481	252	278	465	379	511
ENSG00000047644	WWC3	924	1532	886	953	1055	1006	1197
ENSG00000047648	ARHGAP6	466	786	372	378	568	568	586
ENSG00000047662	FAM184B	10	11	7	7	7	6	14
ENSG00000047849	MAP4	8476	14374	8779	9072	11696	11510	13795
ENSG00000047932	GOPC	1055	1711	1021	988	1412	1308	1580
ENSG00000047936	ROS1	5	1	0	2	0	2	5
ENSG00000048028	USP28	1002	1769	1003	1021	1192	1094	1304
ENSG00000048052	HDAC9	635	997	550	565	635	666	836
ENSG00000048140	TSPAN17	570	1017	711	628	755	669	868
ENSG00000048162	NOP16	1010	1675	1076	1059	1624	1543	2041
ENSG00000048342	CC2D2A	865	1461	782	812	982	933	1072
ENSG00000048392	RRM2B	1300	2164	1180	1225	1478	1384	1783
ENSG00000048405	ZNF800	749	1288	720	726	1021	1003	1295
ENSG00000048462	TNFRSF17	0	0	0	0	0	1	0
ENSG00000048471	SNX29	775	1237	706	726	931	980	1104
ENSG00000048544	MRPS10	1071	1810	1124	1073	1366	1300	1682
ENSG00000048545	GUCA1A	14	26	14	15	15	16	7
ENSG00000048649	RSF1	2706	4260	2490	2530	3780	3407	4308
ENSG00000048707	VPS13D	1733	2627	1297	1618	1792	1728	1961
ENSG00000048740	CELF2	35	63	47	39	63	57	60
ENSG00000048828	FAM120A	8357	14024	8308	8348	10801	10356	12617
ENSG00000048991	R3HDM1	1216	2045	1216	1251	1472	1521	1763
ENSG00000049089	COL9A2	859	1540	838	808	876	563	853
ENSG00000049130	KITLG	268	444	324	281	639	565	886
ENSG00000049167	ERCC8	183	225	131	111	189	165	163
ENSG00000049192	ADAMTS6	114	174	109	141	116	125	157
ENSG00000049239	H6PD	2945	4853	2681	2845	2945	2760	2969
ENSG00000049245	VAMP3	2323	3960	2309	2248	3261	3134	3788
ENSG00000049246	PER3	135	236	117	147	156	125	135
ENSG00000049247	UTS2	31	43	18	22	36	41	38
ENSG00000049249	TNFRSF9	10	13	8	11	13	13	13
ENSG00000049283	EPN3	10	15	0	9	2	7	5
ENSG00000049323	LTBP1	445	648	402	447	425	448	459
ENSG00000049449	RCN1	5964	9950	6318	5779	7015	6910	8300
ENSG00000049540	ELN	95	190	103	77	93	92	83
ENSG00000049541	RFC2	1193	1970	1270	1269	1991	1925	2620
ENSG00000049618	ARID1B	1559	2590	1477	1600	2032	1985	2400
ENSG00000049656	CLPTM1L	3621	6271	3896	3811	5587	4711	6345
ENSG00000049759	NEDD4L	2690	4698	2875	2909	4273	3829	4934
ENSG00000049768	FOXP3	10	14	5	6	12	8	9
ENSG00000049769	PPP1R3F	64	115	43	55	65	27	84
ENSG00000049860	HEXB	4774	8065	4605	4383	5771	5416	6404
ENSG00000049883	PTCD2	739	1098	613	780	811	738	924
ENSG00000050030	NEXMIF	0	2	0	1	1	1	0
ENSG00000050130	JKAMP	717	1250	760	685	1053	1126	1287
ENSG00000050165	DKK3	359	641	321	350	262	272	275
ENSG00000050327	ARHGEF5	118	227	135	147	155	143	209
ENSG00000050344	NFE2L3	1186	1932	1117	1194	1459	1143	1555
ENSG00000050393	MCUR1	629	1070	735	674	826	845	1003
ENSG00000050405	LIMA1	4094	6793	4018	3886	3986	3995	4847
ENSG00000050426	LETMD1	1899	3300	1924	1721	2084	2161	2338
ENSG00000050438	SLC4A8	115	197	89	130	135	126	157
ENSG00000050555	LAMC3	14	39	16	34	25	15	28
ENSG00000050628	PTGER3	0	0	0	0	1	0	0
ENSG00000050730	TNIP3	1	4	1	0	0	0	0
ENSG00000050748	MAPK9	1235	2107	1199	1282	1393	1403	1693
ENSG00000050767	COL23A1	0	0	1	0	0	0	0
ENSG00000050820	BCAR1	1129	1874	1262	1234	1759	1728	2335
ENSG00000051009	FHIP1B	425	643	373	420	564	539	687
ENSG00000051108	HERPUD1	972	1734	1051	979	1427	1297	1505
ENSG00000051128	HOMER3	1767	3222	2025	1958	2067	1206	2409
ENSG00000051180	RAD51	370	766	565	486	1065	1098	1413
ENSG00000051341	POLQ	612	1019	638	718	919	891	1297
ENSG00000051382	PIK3CB	1893	3061	1633	1775	2092	2070	2520
ENSG00000051523	CYBA	2204	3803	2612	2488	2992	2669	3362
ENSG00000051596	THOC3	1094	1818	1089	1047	1547	1603	1947
ENSG00000051620	HEBP2	332	575	344	327	449	290	561
ENSG00000051825	MPHOSPH9	1171	1884	1060	1187	1144	1127	1419
ENSG00000052126	PLEKHA5	1350	1991	1174	1233	2252	2201	2622
ENSG00000052344	PRSS8	0	1	0	0	1	2	2
ENSG00000052723	SIKE1	1299	2048	1101	1158	1671	1626	2073
ENSG00000052749	RRP12	4070	6554	4090	4165	5668	5433	6906
ENSG00000052795	FNIP2	439	805	443	482	671	671	794
ENSG00000052802	MSMO1	776	1333	901	764	979	945	1093
ENSG00000052841	TTC17	3056	4969	2763	2883	3564	3662	4283
ENSG00000052850	ALX4	276	412	231	244	290	265	328
ENSG00000053108	FSTL4	0	0	0	0	2	2	0
ENSG00000053254	FOXN3	1125	1710	1051	1152	1344	1242	1644
ENSG00000053328	METTL24	0	1	0	0	0	1	2
ENSG00000053371	AKR7A2	1444	2509	1563	1522	2087	1948	2503
ENSG00000053372	MRTO4	1966	3290	2074	2076	3592	3251	4301
ENSG00000053438	NNAT	25	4	14	15	22	10	15
ENSG00000053501	USE1	1162	2073	1270	1236	1507	1501	1748
ENSG00000053524	MCF2L2	12	18	15	11	22	10	12
ENSG00000053702	NRIP2	37	52	40	38	30	28	44
ENSG00000053747	LAMA3	140	127	121	137	99	111	151
ENSG00000053770	AP5M1	459	724	419	412	567	593	658
ENSG00000053900	ANAPC4	723	1127	634	647	808	763	940
ENSG00000053918	KCNQ1	0	0	0	1	0	0	0
ENSG00000054116	TRAPPC3	1056	1847	1135	1017	1497	1465	1968
ENSG00000054118	THRAP3	4414	7276	4401	4517	8469	7699	10686
ENSG00000054148	PHPT1	489	916	638	615	774	713	985
ENSG00000054179	ENTPD2	1	0	1	0	2	1	6
ENSG00000054219	LY75	3	14	12	15	13	2	12
ENSG00000054267	ARID4B	2115	3463	2309	1994	3001	2630	3359
ENSG00000054277	OPN3	85	211	111	108	93	95	116
ENSG00000054282	SDCCAG8	963	1511	974	925	1052	1054	1155
ENSG00000054356	PTPRN	6	0	11	8	6	4	0
ENSG00000054392	HHAT	233	335	231	200	239	208	269
ENSG00000054523	KIF1B	3251	5048	3018	3167	3955	3793	4725
ENSG00000054598	FOXC1	1049	1684	1000	1024	1149	985	1245
ENSG00000054611	TBC1D22A	490	822	481	381	613	527	589
ENSG00000054654	SYNE2	408	533	283	476	500	465	628
ENSG00000054690	PLEKHH1	456	719	337	410	560	633	650
ENSG00000054793	ATP9A	4388	6840	3863	4216	3976	3904	4704
ENSG00000054965	FAM168A	3570	5989	3446	3534	4342	4147	4997
ENSG00000054967	RELT	585	968	530	533	759	698	936
ENSG00000054983	GALC	515	846	459	453	537	503	543
ENSG00000055044	NOP58	2164	3497	2324	2162	4024	3705	4821
ENSG00000055070	SZRD1	4410	7341	4860	4751	6656	6540	8321
ENSG00000055118	KCNH2	0	0	2	0	0	0	0
ENSG00000055130	CUL1	2404	3768	2378	2265	2843	2664	3599
ENSG00000055147	FAM114A2	651	1122	647	667	865	799	1024
ENSG00000055163	CYFIP2	670	1126	597	716	989	947	1142
ENSG00000055208	TAB2	2121	3615	2006	2084	2268	2230	2516
ENSG00000055211	GINM1	721	1141	737	730	931	801	1011
ENSG00000055332	EIF2AK2	2257	3631	2083	2298	3431	3143	3676
ENSG00000055483	USP36	1603	2675	1378	1551	2039	2203	2521
ENSG00000055609	KMT2C	4201	6646	3620	4212	4573	4710	5400
ENSG00000055732	MCOLN3	64	67	55	49	100	94	76
ENSG00000055917	PUM2	3770	6156	3484	3716	4870	4615	5698
ENSG00000055950	MRPL43	1031	1779	1212	969	1270	1293	1581
ENSG00000055955	ITIH4	19	30	7	16	28	48	30
ENSG00000055957	ITIH1	1	0	0	0	0	0	0
ENSG00000056050	HPF1	426	713	442	428	476	501	567
ENSG00000056097	ZFR	3865	6226	3913	3770	5536	5267	6773
ENSG00000056277	ZNF280C	182	287	188	189	270	245	365
ENSG00000056291	NPFFR2	11	26	9	20	26	18	27
ENSG00000056487	PHF21B	244	425	201	237	353	290	401
ENSG00000056558	TRAF1	13009	22038	11528	11985	10141	10205	11206
ENSG00000056586	RC3H2	1909	3057	1627	1874	2159	2130	2568
ENSG00000056736	IL17RB	32	42	38	32	35	43	28
ENSG00000056972	TRAF3IP2	681	1102	634	634	713	753	870
ENSG00000056998	GYG2	205	450	224	226	232	258	301
ENSG00000057019	DCBLD2	10122	16628	10023	10169	18743	17265	23670
ENSG00000057252	SOAT1	2573	4228	2557	2506	3573	3416	4247
ENSG00000057294	PKP2	3	1	1	3	0	0	2
ENSG00000057468	MSH4	3	7	1	3	1	1	3
ENSG00000057593	F7	0	1	0	1	0	0	1
ENSG00000057608	GDI2	5975	10036	5778	5851	9144	8920	10887
ENSG00000057657	PRDM1	17	29	19	28	49	42	91
ENSG00000057663	ATG5	195	341	199	223	208	268	418
ENSG00000057704	TMCC3	93	167	109	136	208	196	291
ENSG00000057757	PITHD1	731	1211	778	659	1033	928	1257
ENSG00000057935	MTA3	1103	1959	1152	1063	1337	1307	1363
ENSG00000058056	USP13	548	948	562	547	684	648	805
ENSG00000058063	ATP11B	1978	3237	1890	1950	2478	2335	2865
ENSG00000058085	LAMC2	15	40	25	22	26	22	42
ENSG00000058091	CDK14	1357	2080	1239	1339	1612	1506	1834
ENSG00000058262	SEC61A1	8045	13693	8516	8315	11630	11869	14320
ENSG00000058272	PPP1R12A	3100	4849	2916	3060	4746	4544	5880
ENSG00000058335	RASGRF1	2	3	6	4	4	7	3
ENSG00000058404	CAMK2B	6	15	5	8	4	6	10
ENSG00000058453	CROCC	759	1187	703	699	961	578	1108
ENSG00000058600	POLR3E	1362	2366	1229	1321	1952	1681	2125
ENSG00000058668	ATP2B4	10294	16173	8510	10212	15067	14849	18113
ENSG00000058673	ZC3H11A	2746	3949	1877	2151	2843	3051	3934
ENSG00000058729	RIOK2	618	1183	668	634	1147	1114	1375
ENSG00000058799	YIPF1	305	516	335	305	314	363	424
ENSG00000058804	NDC1	2219	3807	2307	2222	2798	2793	3416
ENSG00000058866	DGKG	63	117	71	87	105	102	167
ENSG00000059122	FLYWCH1	904	1568	1000	937	1424	923	1607
ENSG00000059145	UNKL	600	1330	583	769	671	753	950
ENSG00000059377	TBXAS1	2131	3623	1925	1993	3188	3162	3469
ENSG00000059378	PARP12	571	892	505	532	593	623	636
ENSG00000059573	ALDH18A1	4762	7985	4978	4862	6465	6269	7806
ENSG00000059588	TARBP1	1275	2163	1291	1376	1530	1315	1803
ENSG00000059691	GATB	400	634	430	384	552	564	622
ENSG00000059728	MXD1	348	579	318	356	511	488	688
ENSG00000059758	CDK17	829	1366	710	758	1011	974	1218
ENSG00000059769	DNAJC25	152	218	157	181	247	222	289
ENSG00000059804	SLC2A3	2920	4930	2834	2664	3968	3822	3961
ENSG00000059915	PSD	11	31	11	5	10	16	12
ENSG00000060069	CTDP1	719	1190	767	730	944	815	1096
ENSG00000060138	YBX3	6710	11816	7092	7441	7300	7274	8156
ENSG00000060140	STYK1	2	1	1	1	5	1	3
ENSG00000060237	WNK1	5762	9079	5297	6062	7119	6961	8678
ENSG00000060339	CCAR1	2209	3412	2132	2293	3200	3044	3768
ENSG00000060491	OGFR	3716	6283	3909	3907	4918	3096	5844
ENSG00000060558	GNA15	1	3	1	1	0	1	0
ENSG00000060566	CREB3L3	2	2	1	3	1	4	3
ENSG00000060642	PIGV	653	1050	630	613	818	707	876
ENSG00000060656	PTPRU	1014	1686	951	1015	1130	1114	1321
ENSG00000060688	SNRNP40	1536	2560	1610	1589	2478	2561	3216
ENSG00000060709	RIMBP2	1	0	0	0	1	0	0
ENSG00000060718	COL11A1	15422	25229	14231	15140	18373	17291	20554
ENSG00000060749	QSER1	2553	4133	2364	2473	3534	3469	4729
ENSG00000060762	MPC1	427	747	439	453	614	569	684
ENSG00000060971	ACAA1	1127	1854	1174	1126	1545	1514	1861
ENSG00000060982	BCAT1	3038	5114	3117	3045	4782	4374	5716
ENSG00000061273	HDAC7	1351	2187	1390	1390	1650	1574	1842
ENSG00000061337	LZTS1	2198	3727	2189	2332	2740	2517	2895
ENSG00000061455	PRDM6	20	24	6	12	9	9	8
ENSG00000061656	SPAG4	150	284	132	121	209	200	153
ENSG00000061676	NCKAP1	4695	7746	4516	4620	4924	4776	6228
ENSG00000061794	MRPS35	1949	3154	1987	1986	2300	2290	2846
ENSG00000061936	SFSWAP	2474	4091	2503	2434	3139	2833	3551
ENSG00000061938	TNK2	951	1530	887	935	999	847	1155
ENSG00000061987	MON2	1861	2838	1537	1836	2307	2092	2756
ENSG00000062038	CDH3	11	22	14	10	13	6	13
ENSG00000062194	GPBP1	2305	3748	2232	2230	2545	2415	2881
ENSG00000062282	DGAT2	197	327	214	189	251	208	259
ENSG00000062370	ZNF112	173	283	143	148	264	255	326
ENSG00000062485	CS	7150	12052	7263	7351	9791	10117	12226
ENSG00000062524	LTK	21	20	4	25	22	30	19
ENSG00000062582	MRPS24	1470	2521	1704	1566	2282	2334	2946
ENSG00000062598	ELMO2	968	1547	1022	1059	1251	1174	1559
ENSG00000062650	WAPL	2995	4703	2904	2786	3563	3312	4339
ENSG00000062716	VMP1	3095	5277	3177	3057	3540	3653	4359
ENSG00000062725	APPBP2	1154	1762	1061	1020	1276	1239	1469
ENSG00000062822	POLD1	2423	3989	2722	2785	3861	3637	4687
ENSG00000063015	SEZ6	0	5	3	0	0	0	4
ENSG00000063046	EIF4B	27551	45389	27031	26357	29721	29107	32642
ENSG00000063127	SLC6A16	19	23	22	18	9	19	10
ENSG00000063169	BICRA	964	1438	917	995	1210	1178	1550
ENSG00000063176	SPHK2	1028	1886	1153	1139	1486	1293	1837
ENSG00000063177	RPL18	18910	32932	20004	19290	25563	25387	30705
ENSG00000063180	CA11	280	529	329	323	396	182	355
ENSG00000063241	ISOC2	687	1124	716	663	709	706	842
ENSG00000063244	U2AF2	6574	11194	7163	7132	12461	10713	16598
ENSG00000063245	EPN1	6128	10580	6802	6646	9706	9011	11723
ENSG00000063322	MED29	1691	2763	1600	1737	2346	2273	2893
ENSG00000063438	AHRR	2143	3375	1874	1940	1746	1583	1852
ENSG00000063515	GSC2	0	0	0	0	0	0	2
ENSG00000063587	ZNF275	338	577	281	326	417	425	541
ENSG00000063601	MTMR1	1217	1842	1120	1117	1279	1188	1594
ENSG00000063660	GPC1	2897	5074	3383	3280	3489	3303	4383
ENSG00000063761	ADCK1	91	166	64	106	151	131	153
ENSG00000063854	HAGH	922	1575	949	961	1239	1184	1492
ENSG00000063978	RNF4	1400	2328	1527	1505	1919	1888	2484
ENSG00000064012	CASP8	714	1170	663	702	1047	1009	1315
ENSG00000064042	LIMCH1	1176	1921	1261	1313	1777	1724	2316
ENSG00000064102	INTS13	2130	3583	2011	2009	2340	2277	2673
ENSG00000064115	TM7SF3	2558	4406	2729	2745	4035	3899	4795
ENSG00000064195	DLX3	2	6	1	1	3	0	2
ENSG00000064199	SPA17	425	767	462	392	591	543	658
ENSG00000064201	TSPAN32	0	0	1	0	0	1	1
ENSG00000064205	CCN5	10	15	14	12	1	6	14
ENSG00000064225	ST3GAL6	270	460	313	217	335	334	442
ENSG00000064270	ATP2C2	7	5	0	0	0	9	1
ENSG00000064300	NGFR	143	238	241	210	281	232	441
ENSG00000064309	CDON	945	1663	784	956	955	1057	1068
ENSG00000064313	TAF2	1235	1949	1225	1301	1801	1635	2080
ENSG00000064393	HIPK2	7184	11417	6078	6657	6818	6483	7974
ENSG00000064419	TNPO3	2912	4780	2831	2969	4397	4256	5355
ENSG00000064489	BORCS8-MEF2B	9	32	4	19	22	13	34
ENSG00000064490	RFXANK	1080	1884	1257	1135	1534	1398	1833
ENSG00000064545	TMEM161A	1017	1774	1140	958	1437	1383	1600
ENSG00000064547	LPAR2	337	514	311	277	222	179	252
ENSG00000064601	CTSA	6092	10068	6077	6052	6708	6795	8087
ENSG00000064607	SUGP2	4956	7550	4400	4725	5746	5507	6568
ENSG00000064651	SLC12A2	4256	7025	4247	4229	5932	5610	7592
ENSG00000064652	SNX24	616	1073	591	578	671	635	788
ENSG00000064655	EYA2	5	5	10	3	10	7	12
ENSG00000064666	CNN2	1558	2675	1794	1671	1694	1662	2041
ENSG00000064687	ABCA7	196	377	193	199	224	202	270
ENSG00000064692	SNCAIP	0	3	0	0	0	0	0
ENSG00000064703	DDX20	589	868	742	602	964	879	889
ENSG00000064726	BTBD1	2903	4985	2885	2848	4190	4072	5058
ENSG00000064763	FAR2	523	804	523	470	567	482	616
ENSG00000064787	BCAS1	12	25	11	10	13	10	11
ENSG00000064886	CHI3L2	29	76	32	28	40	29	51
ENSG00000064932	SBNO2	3934	6834	4026	4102	3975	3601	4279
ENSG00000064933	PMS1	560	945	537	569	682	720	873
ENSG00000064961	HMG20B	4541	7871	4769	4644	5085	4841	5600
ENSG00000064989	CALCRL	0	4	0	1	1	1	1
ENSG00000064995	TAF11	503	871	517	504	788	712	957
ENSG00000064999	ANKS1A	1219	2010	1240	1147	1518	1429	1726
ENSG00000065000	AP3D1	4887	8167	5083	5012	6683	6364	7852
ENSG00000065029	ZNF76	318	459	279	295	385	406	442
ENSG00000065054	SLC9A3R2	1536	2538	1684	1532	1925	1844	2182
ENSG00000065057	NTHL1	604	999	584	547	901	857	975
ENSG00000065060	UHRF1BP1	683	1068	677	713	964	891	1106
ENSG00000065135	GNAI3	2384	4096	2382	2316	3899	3869	4979
ENSG00000065150	IPO5	7999	13780	8246	8389	10708	10542	13553
ENSG00000065154	OAT	4877	8222	5014	4828	5324	5282	6560
ENSG00000065183	WDR3	3851	6515	3809	3853	5449	5444	6885
ENSG00000065243	PKN2	1423	2314	1337	1400	1925	1931	2392
ENSG00000065268	WDR18	1677	2913	1855	1839	2561	2573	3216
ENSG00000065308	TRAM2	3821	6129	3744	3894	4634	4538	5924
ENSG00000065320	NTN1	491	850	522	530	654	489	857
ENSG00000065325	GLP2R	1	2	1	0	2	0	2
ENSG00000065328	MCM10	615	956	712	688	1271	1432	1947
ENSG00000065357	DGKA	488	799	549	349	690	640	581
ENSG00000065361	ERBB3	14141	23461	13105	13785	19431	19323	23479
ENSG00000065371	ROPN1	60	128	90	71	129	122	177
ENSG00000065413	ANKRD44	352	669	379	381	536	513	648
ENSG00000065427	KARS1	7271	12419	7372	7191	8450	8274	9821
ENSG00000065457	ADAT1	2564	4158	2551	2439	3164	2903	3638
ENSG00000065485	PDIA5	598	856	534	494	529	509	539
ENSG00000065491	TBC1D22B	265	444	272	301	331	367	399
ENSG00000065518	NDUFB4	1801	2913	1815	1718	2597	2921	3527
ENSG00000065526	SPEN	1767	2999	1829	1833	2000	1580	2503
ENSG00000065534	MYLK	501	679	419	476	747	723	819
ENSG00000065548	ZC3H15	2419	4250	2447	2381	3350	3101	3963
ENSG00000065559	MAP2K4	663	1084	613	689	845	831	921
ENSG00000065600	PACC1	452	768	452	391	713	716	948
ENSG00000065609	SNAP91	0	0	0	0	0	1	0
ENSG00000065613	SLK	4218	6984	3980	4140	5671	5586	6851
ENSG00000065615	CYB5R4	428	739	422	400	485	525	625
ENSG00000065618	COL17A1	0	2	0	5	0	1	1
ENSG00000065621	GSTO2	16	31	2	13	32	38	39
ENSG00000065665	SEC61A2	271	438	258	287	367	345	430
ENSG00000065675	PRKCQ	90	120	69	85	110	124	103
ENSG00000065717	TLE2	243	487	269	305	344	342	409
ENSG00000065802	ASB1	750	1191	687	719	872	766	946
ENSG00000065809	FAM107B	977	1613	989	944	990	1073	1230
ENSG00000065833	ME1	1076	1909	1118	1079	1272	1251	1424
ENSG00000065882	TBC1D1	2404	4045	2326	2405	3025	2980	3523
ENSG00000065883	CDK13	1345	2282	1382	1333	1716	1414	2162
ENSG00000065911	MTHFD2	1256	2307	1601	1445	2229	2163	2710
ENSG00000065923	SLC9A7	714	1066	579	642	701	659	825
ENSG00000065970	FOXJ2	1239	2035	1124	1207	1433	1452	1667
ENSG00000065978	YBX1	37231	63581	43477	40765	53812	52625	67029
ENSG00000065989	PDE4A	1445	2316	1429	1353	1703	1646	1978
ENSG00000066027	PPP2R5A	1499	2439	1375	1362	1411	1206	1467
ENSG00000066044	ELAVL1	2845	4916	3035	2973	4831	4716	6316
ENSG00000066056	TIE1	0	4	1	1	0	1	0
ENSG00000066084	DIP2B	3737	6196	3651	3687	5575	5301	6677
ENSG00000066117	SMARCD1	3510	5886	3518	3553	4202	4001	5055
ENSG00000066135	KDM4A	1540	2500	1384	1610	1994	2012	2409
ENSG00000066136	NFYC	1114	1810	1119	1136	1477	1432	1616
ENSG00000066185	ZMYND12	5	5	0	2	5	6	0
ENSG00000066230	SLC9A3	11	12	13	8	18	6	20
ENSG00000066248	NGEF	121	178	118	104	82	79	106
ENSG00000066279	ASPM	5611	8475	4956	5776	7319	7340	9190
ENSG00000066294	CD84	6	3	3	4	2	3	3
ENSG00000066322	ELOVL1	1643	2805	1822	1734	2034	2015	2485
ENSG00000066336	SPI1	6	2	4	1	8	11	3
ENSG00000066379	POLR1H	266	435	271	280	387	397	452
ENSG00000066382	MPPED2	185	314	200	170	207	230	288
ENSG00000066405	CLDN18	4	4	7	7	5	7	3
ENSG00000066422	ZBTB11	835	1272	736	827	1240	1480	1638
ENSG00000066427	ATXN3	332	558	345	338	365	347	451
ENSG00000066455	GOLGA5	1152	1956	1194	1140	1212	1243	1455
ENSG00000066468	FGFR2	43	64	33	40	39	28	45
ENSG00000066557	LRRC40	893	1381	791	828	1077	1079	1313
ENSG00000066583	ISOC1	247	427	274	264	427	422	577
ENSG00000066629	EML1	476	803	442	549	551	521	673
ENSG00000066651	TRMT11	311	615	324	376	434	394	486
ENSG00000066654	THUMPD1	1150	1719	1073	1090	1499	1455	1809
ENSG00000066697	MSANTD3	959	1795	1019	1035	1387	1334	1592
ENSG00000066735	KIF26A	0	1	2	1	1	2	4
ENSG00000066739	ATG2B	1290	2161	1165	1204	1526	1451	1717
ENSG00000066777	ARFGEF1	2368	3863	2012	2271	2849	2838	3246
ENSG00000066827	ZFAT	311	576	261	387	428	382	449
ENSG00000066855	MTFR1	1217	1952	1155	1104	1622	1628	2049
ENSG00000066926	FECH	152	264	180	152	214	149	182
ENSG00000066933	MYO9A	1359	2204	1160	1414	1445	1460	1708
ENSG00000067057	PFKP	4571	7817	4880	4838	5474	5275	6204
ENSG00000067064	IDI1	964	1757	1013	923	1035	1025	1299
ENSG00000067066	SP100	1189	1973	1124	1122	1295	1311	1445
ENSG00000067082	KLF6	2422	3892	2318	2252	4074	3901	4994
ENSG00000067113	PLPP1	378	587	385	384	428	410	571
ENSG00000067141	NEO1	86	164	103	104	141	152	165
ENSG00000067167	TRAM1	4582	7578	4559	4474	5163	4881	5865
ENSG00000067177	PHKA1	1176	1889	1019	1142	1442	1352	1651
ENSG00000067182	TNFRSF1A	4400	7540	4521	4685	4632	4366	5304
ENSG00000067191	CACNB1	212	332	222	216	252	211	294
ENSG00000067208	EVI5	467	807	496	497	526	471	575
ENSG00000067221	STOML1	321	507	373	320	559	499	626
ENSG00000067225	PKM	45423	78264	52756	51961	68413	66589	83606
ENSG00000067248	DHX29	1459	2521	1468	1387	1733	1616	2198
ENSG00000067334	DNTTIP2	864	1400	931	901	1741	1448	1949
ENSG00000067365	METTL22	274	442	222	219	280	237	305
ENSG00000067369	TP53BP1	941	1691	942	1119	1478	1494	1916
ENSG00000067445	TRO	15	38	17	7	41	39	21
ENSG00000067533	RRP15	1275	2011	1211	1164	2170	1923	2439
ENSG00000067560	RHOA	14085	23883	15543	14423	20871	20597	25443
ENSG00000067596	DHX8	3583	5746	3429	3615	5362	5284	6556
ENSG00000067606	PRKCZ	371	482	305	348	332	313	309
ENSG00000067704	IARS2	7198	12222	6943	6780	8314	8129	9688
ENSG00000067715	SYT1	258	479	296	276	178	260	288
ENSG00000067798	NAV3	199	323	126	149	180	192	185
ENSG00000067829	IDH3G	1725	2893	1783	1652	1981	1992	2340
ENSG00000067836	ROGDI	299	577	362	375	415	378	505
ENSG00000067840	PDZD4	139	295	177	170	209	138	229
ENSG00000067842	ATP2B3	0	0	0	0	1	0	0
ENSG00000067900	ROCK1	866	1303	733	784	939	803	1124
ENSG00000067955	CBFB	2477	3838	2402	2448	3673	2125	4122
ENSG00000067992	PDK3	849	1374	858	801	1170	1147	1168
ENSG00000068001	HYAL2	972	1645	1051	1009	1212	1245	1532
ENSG00000068024	HDAC4	749	1332	662	754	926	874	1073
ENSG00000068028	RASSF1	404	675	382	392	762	701	1061
ENSG00000068078	FGFR3	383	608	349	385	366	326	454
ENSG00000068079	IFI35	782	1501	928	858	1170	1172	1342
ENSG00000068097	HEATR6	1048	1493	798	888	1001	1072	1307
ENSG00000068120	COASY	4301	7597	4881	4593	6279	6310	7565
ENSG00000068137	PLEKHH3	399	643	432	386	604	508	678
ENSG00000068305	MEF2A	1482	2467	1319	1415	2055	2009	2258
ENSG00000068308	OTUD5	2288	3966	2446	2430	3068	2785	3630
ENSG00000068323	TFE3	1549	2440	1269	1337	1758	1600	2164
ENSG00000068354	TBC1D25	659	1101	619	673	797	695	925
ENSG00000068366	ACSL4	3350	5595	3196	3242	3838	3744	4331
ENSG00000068383	INPP5A	496	878	490	506	663	651	719
ENSG00000068394	GPKOW	972	1773	1067	1008	1758	1588	2154
ENSG00000068400	GRIPAP1	887	1501	1112	812	1194	1084	1462
ENSG00000068438	FTSJ1	1616	2874	1689	1754	2186	2041	2602
ENSG00000068489	PRR11	5260	8513	5674	5257	7136	6402	8009
ENSG00000068615	REEP1	97	133	80	85	123	131	144
ENSG00000068650	ATP11A	3945	6269	3388	3861	4272	4186	5137
ENSG00000068654	POLR1A	2522	3984	2344	2515	3288	3136	4227
ENSG00000068697	LAPTM4A	3824	6332	4238	3859	4969	4636	5647
ENSG00000068724	TTC7A	360	717	448	382	550	494	731
ENSG00000068745	IP6K2	1787	2876	1732	1722	1912	1822	2121
ENSG00000068781	STON1-GTF2A1L	0	1	0	0	0	0	0
ENSG00000068784	SRBD1	962	1658	880	922	1141	1133	1350
ENSG00000068796	KIF2A	2317	4123	2336	2326	3230	3155	3952
ENSG00000068831	RASGRP2	12	6	4	1	3	4	2
ENSG00000068878	PSME4	3906	6088	2992	3474	3938	4033	4583
ENSG00000068885	IFT80	1398	2197	1248	1211	1344	1306	1548
ENSG00000068903	SIRT2	826	1417	922	909	1122	1121	1386
ENSG00000068912	ERLEC1	2408	4092	2423	2358	3081	2855	3472
ENSG00000068971	PPP2R5B	430	765	443	429	524	509	593
ENSG00000068976	PYGM	7	14	11	11	8	6	5
ENSG00000068985	PAGE1	8	10	5	9	5	18	9
ENSG00000069011	PITX1	240	404	268	280	281	247	290
ENSG00000069020	MAST4	194	280	128	182	205	217	239
ENSG00000069122	ADGRF5	1	0	0	0	0	1	0
ENSG00000069188	SDK2	24	24	27	19	22	24	27
ENSG00000069248	NUP133	2446	4168	2410	2455	2576	2605	3059
ENSG00000069275	NUCKS1	15948	26253	16122	16073	21030	19733	24344
ENSG00000069329	VPS35	676	1128	620	806	1071	1120	1287
ENSG00000069345	DNAJA2	1934	3342	1854	1933	2950	3080	3942
ENSG00000069399	BCL3	1271	2051	1263	1195	1067	1059	1229
ENSG00000069424	KCNAB2	864	1524	1011	890	1122	1035	1381
ENSG00000069431	ABCC9	90	154	92	101	119	89	130
ENSG00000069482	GAL	59	113	43	56	93	79	120
ENSG00000069493	CLEC2D	51	98	26	48	42	34	48
ENSG00000069509	FUNDC1	244	379	214	228	276	272	355
ENSG00000069535	MAOB	122	235	123	116	97	97	87
ENSG00000069667	RORA	502	770	404	454	516	480	489
ENSG00000069696	DRD4	32	46	30	25	27	12	24
ENSG00000069702	TGFBR3	256	432	268	236	340	342	448
ENSG00000069764	PLA2G10	1	2	3	0	0	0	1
ENSG00000069812	HES2	31	32	21	24	27	18	31
ENSG00000069849	ATP1B3	4113	7120	4379	4255	6592	6173	7706
ENSG00000069869	NEDD4	1467	2335	1323	1410	1710	1620	2239
ENSG00000069943	PIGB	332	582	359	311	434	357	472
ENSG00000069956	MAPK6	2418	3769	2298	2396	3134	2967	3864
ENSG00000069966	GNB5	772	1290	758	758	1101	986	1228
ENSG00000069974	RAB27A	525	924	462	525	657	575	764
ENSG00000069998	HDHD5	843	1475	914	894	1091	1012	1271
ENSG00000070010	UFD1	911	1680	1098	1033	1661	1763	2267
ENSG00000070018	LRP6	3213	4888	2861	3061	3741	3577	4646
ENSG00000070031	SCT	0	3	2	2	1	0	1
ENSG00000070047	PHRF1	1539	2695	1672	1723	2551	2110	3340
ENSG00000070061	ELP1	1186	1815	1190	1213	1786	1339	2026
ENSG00000070081	NUCB2	836	1375	837	835	1139	1144	1246
ENSG00000070087	PFN2	3378	5769	3565	3692	5258	5223	6651
ENSG00000070159	PTPN3	1816	2968	1688	1739	1799	1791	2118
ENSG00000070182	SPTB	3	6	9	5	10	6	15
ENSG00000070190	DAPP1	4	6	5	6	4	2	2
ENSG00000070193	FGF10	3	2	4	2	0	2	4
ENSG00000070214	SLC44A1	8071	13340	7596	7544	9817	9013	11089
ENSG00000070269	TMEM260	364	567	323	334	353	425	489
ENSG00000070366	SMG6	810	1228	723	842	978	976	1316
ENSG00000070367	EXOC5	1043	1761	1017	1063	1233	1197	1413
ENSG00000070371	CLTCL1	335	489	278	282	304	355	401
ENSG00000070388	FGF22	15	11	13	23	21	5	13
ENSG00000070404	FSTL3	349	643	404	408	483	434	591
ENSG00000070413	DGCR2	957	1555	1011	1000	1268	1212	1530
ENSG00000070423	RNF126	1256	2244	1473	1327	1578	1542	1913
ENSG00000070444	MNT	1348	2158	1302	1374	1693	1546	1798
ENSG00000070476	ZXDC	773	1304	742	724	1135	1085	1492
ENSG00000070495	JMJD6	1093	1876	1133	1101	1704	1656	2119
ENSG00000070501	POLB	600	990	541	502	856	823	967
ENSG00000070540	WIPI1	3054	5348	3006	2871	2839	2635	2761
ENSG00000070601	FRMPD1	100	127	94	68	82	72	105
ENSG00000070610	GBA2	1252	2032	1221	1234	1411	1328	1645
ENSG00000070614	NDST1	3058	5137	2993	3085	4251	4086	5257
ENSG00000070669	ASNS	660	1264	1093	1009	1274	1228	1521
ENSG00000070718	AP3M2	979	1655	945	1005	1361	1365	1646
ENSG00000070729	CNGB1	0	0	0	1	0	0	0
ENSG00000070731	ST6GALNAC2	130	212	111	120	119	103	101
ENSG00000070756	PABPC1	45784	72318	46606	45993	54167	53087	59996
ENSG00000070759	TESK2	383	618	350	355	399	420	391
ENSG00000070761	CFAP20	638	996	692	657	1094	1009	1236
ENSG00000070770	CSNK2A2	1004	1629	995	918	1098	1204	1450
ENSG00000070778	PTPN21	122	203	122	123	120	155	195
ENSG00000070785	EIF2B3	741	1203	829	726	1317	1271	1669
ENSG00000070808	CAMK2A	0	3	1	3	2	3	0
ENSG00000070814	TCOF1	6916	11244	7268	7062	11659	10571	14346
ENSG00000070831	CDC42	3003	5397	3358	3322	5372	5916	7626
ENSG00000070882	OSBPL3	1742	2761	1584	1678	2185	2177	2771
ENSG00000070886	EPHA8	1	1	1	1	1	0	2
ENSG00000070950	RAD18	1379	2299	1319	1266	1583	1448	1823
ENSG00000070961	ATP2B1	3924	6393	3405	3632	5286	5041	6321
ENSG00000071051	NCK2	1669	2773	1908	1829	2024	1911	2443
ENSG00000071054	MAP4K4	3953	6596	4069	4353	4456	4524	5503
ENSG00000071073	MGAT4A	177	277	147	139	170	163	182
ENSG00000071082	RPL31	11528	19347	11562	10390	13353	12892	15131
ENSG00000071127	WDR1	5824	9892	6390	6201	7963	7656	10136
ENSG00000071189	SNX13	1252	1950	997	1043	1303	1368	1563
ENSG00000071205	ARHGAP10	446	763	435	426	572	560	681
ENSG00000071242	RPS6KA2	1659	2747	1501	1623	1853	1769	1950
ENSG00000071243	ING3	272	378	268	229	417	382	504
ENSG00000071246	VASH1	788	1285	708	769	753	640	739
ENSG00000071282	LMCD1	1841	3044	1860	1844	1983	1839	2207
ENSG00000071462	BUD23	1610	2938	1816	1702	2726	2584	3265
ENSG00000071537	SEL1L	2263	3430	2063	2173	2488	2409	2876
ENSG00000071539	TRIP13	1603	2701	1764	1832	2239	2221	2913
ENSG00000071553	ATP6AP1	3400	6009	3508	3422	4517	4561	5393
ENSG00000071564	TCF3	1306	2267	1358	1368	1833	1656	2129
ENSG00000071575	TRIB2	10155	16834	9344	9520	10651	9735	11435
ENSG00000071626	DAZAP1	4827	8096	5269	5198	6671	6302	8109
ENSG00000071655	MBD3	1132	1998	1334	1358	1717	954	2030
ENSG00000071794	HLTF	2005	3434	1813	1995	2968	2992	3636
ENSG00000071859	FAM50A	1833	3123	2005	1889	3146	2925	3807
ENSG00000071889	FAM3A	966	1899	1022	953	1278	1336	1491
ENSG00000071894	CPSF1	2478	4167	2451	2563	3129	3008	3619
ENSG00000071909	MYO3B	25	17	11	10	0	5	8
ENSG00000071967	CYBRD1	1110	1825	991	1043	1245	1178	1319
ENSG00000071991	CDH19	1762	2779	1579	1480	2156	2029	2545
ENSG00000071994	PDCD2	1653	2981	1715	1709	1669	1709	1963
ENSG00000072041	SLC6A15	3662	6371	3353	3232	4164	4156	4447
ENSG00000072042	RDH11	2350	3979	2290	2253	3504	3427	4127
ENSG00000072062	PRKACA	3343	5823	3820	3864	4640	4498	5521
ENSG00000072071	ADGRL1	3498	5590	3379	3255	3497	3038	3800
ENSG00000072110	ACTN1	7517	12822	8154	8267	10925	10462	13581
ENSG00000072121	ZFYVE26	597	1006	605	610	885	832	1090
ENSG00000072133	RPS6KA6	2	8	2	3	7	7	4
ENSG00000072134	EPN2	1180	1953	1198	1141	1558	1506	1889
ENSG00000072135	PTPN18	403	583	356	392	422	417	550
ENSG00000072163	LIMS2	7	15	11	12	10	7	14
ENSG00000072182	ASIC4	0	6	6	8	0	4	2
ENSG00000072195	SPEG	119	277	142	196	114	108	164
ENSG00000072201	LNX1	156	253	146	132	163	150	160
ENSG00000072210	ALDH3A2	858	1506	945	1000	1394	1270	1500
ENSG00000072274	TFRC	1631	2762	2145	2309	2987	2855	4828
ENSG00000072310	SREBF1	3037	4917	2823	2987	4925	4528	5536
ENSG00000072315	TRPC5	0	0	2	0	0	0	1
ENSG00000072364	AFF4	5885	9163	4960	5596	7768	7491	9591
ENSG00000072401	UBE2D1	377	607	396	369	575	552	702
ENSG00000072415	PALS1	940	1520	925	1000	1202	1178	1514
ENSG00000072422	RHOBTB1	276	477	264	238	300	327	336
ENSG00000072501	SMC1A	6532	10502	6331	7013	9548	9415	12085
ENSG00000072506	HSD17B10	2213	3692	2515	2277	3404	3325	4311
ENSG00000072518	MARK2	1435	2358	1458	1450	1827	1672	2295
ENSG00000072571	HMMR	2610	4266	2530	2554	3505	3346	3948
ENSG00000072609	CHFR	753	1185	734	764	814	861	842
ENSG00000072657	TRHDE	147	265	134	187	172	126	228
ENSG00000072682	P4HA2	1922	3061	1826	1865	2398	2171	2700
ENSG00000072694	FCGR2B	65	111	51	54	95	100	86
ENSG00000072736	NFATC3	1353	2350	1303	1296	1789	1788	2294
ENSG00000072756	TRNT1	1635	2960	1784	1816	2297	2147	2825
ENSG00000072778	ACADVL	7377	12532	7817	7540	9303	9025	10602
ENSG00000072786	STK10	2762	4648	2680	3001	3634	3516	4236
ENSG00000072803	FBXW11	2562	4387	2485	2508	3086	3155	3684
ENSG00000072818	ACAP1	3	1	1	1	0	2	0
ENSG00000072832	CRMP1	49	72	57	43	45	33	68
ENSG00000072840	EVC	596	1042	488	663	685	687	858
ENSG00000072849	DERL2	574	1013	573	534	896	934	1094
ENSG00000072858	SIDT1	1	7	0	0	3	0	1
ENSG00000072864	NDE1	2658	4427	2610	2508	2908	2634	3175
ENSG00000072952	IRAG1	1	0	0	4	1	2	0
ENSG00000072954	TMEM38A	96	156	112	105	104	86	124
ENSG00000072958	AP1M1	3730	5985	3926	3921	5407	5198	6744
ENSG00000073008	PVR	2102	3307	2132	2150	2629	2423	3456
ENSG00000073050	XRCC1	1491	2679	1762	1636	2189	2080	2576
ENSG00000073060	SCARB1	1131	1833	1208	1217	1501	1538	1762
ENSG00000073067	CYP2W1	5	14	5	9	13	5	13
ENSG00000073111	MCM2	4389	7698	5145	5157	8376	8111	11018
ENSG00000073150	PANX2	84	144	93	85	88	71	107
ENSG00000073169	SELENOO	486	821	557	535	653	556	647
ENSG00000073282	TP63	4	10	8	2	7	7	5
ENSG00000073331	ALPK1	321	752	288	396	346	365	299
ENSG00000073350	LLGL2	68	104	61	59	73	91	107
ENSG00000073417	PDE8A	875	1309	756	807	916	939	1030
ENSG00000073464	CLCN4	150	282	164	195	276	326	394
ENSG00000073536	NLE1	778	1368	904	814	1189	1188	1478
ENSG00000073578	SDHA	3950	6820	4278	4174	5193	5292	6159
ENSG00000073584	SMARCE1	2393	3630	2462	2448	2519	2595	2913
ENSG00000073598	FNDC8	2	2	0	1	2	2	2
ENSG00000073605	GSDMB	61	86	57	41	59	37	54
ENSG00000073614	KDM5A	3565	5595	3235	3448	4474	4394	5381
ENSG00000073670	ADAM11	195	258	229	145	251	236	301
ENSG00000073711	PPP2R3A	915	1571	906	862	1025	1030	1238
ENSG00000073712	FERMT2	578	927	534	583	771	754	928
ENSG00000073734	ABCB11	99	122	66	66	64	80	92
ENSG00000073756	PTGS2	170	306	144	150	356	324	385
ENSG00000073792	IGF2BP2	4709	7473	4467	4483	5291	5042	5813
ENSG00000073803	MAP3K13	547	850	499	551	703	654	858
ENSG00000073849	ST6GAL1	4412	7630	4585	4647	5623	5528	6883
ENSG00000073861	TBX21	0	0	0	0	0	3	0
ENSG00000073910	FRY	60	65	46	46	61	68	94
ENSG00000073921	PICALM	4875	8129	4699	4705	6952	6588	8544
ENSG00000073969	NSF	1585	2689	1503	1559	2265	2285	2686
ENSG00000074047	GLI2	535	977	645	651	746	800	970
ENSG00000074054	CLASP1	2565	4028	2345	2414	3394	3250	4172
ENSG00000074071	MRPS34	2599	4619	2920	2644	4112	4119	4950
ENSG00000074181	NOTCH3	173	285	147	153	149	143	139
ENSG00000074201	CLNS1A	4061	6650	3976	3816	5595	5603	7312
ENSG00000074211	PPP2R2C	102	175	114	105	131	126	166
ENSG00000074219	TEAD2	1098	1838	1054	1028	1053	963	1172
ENSG00000074266	EED	1120	1870	1253	1094	1715	1529	2146
ENSG00000074276	CDHR2	1	0	7	1	2	3	5
ENSG00000074317	SNCB	2	1	1	0	1	1	0
ENSG00000074319	TSG101	1622	2842	1676	1622	2323	2345	2832
ENSG00000074356	NCBP3	1124	1686	1100	1146	1340	1213	1677
ENSG00000074370	ATP2A3	37	58	42	52	38	46	36
ENSG00000074410	CA12	3	0	2	0	3	2	4
ENSG00000074416	MGLL	1766	2883	1895	1810	2094	2048	2655
ENSG00000074527	NTN4	401	712	359	383	415	441	465
ENSG00000074582	BCS1L	419	710	493	458	717	650	824
ENSG00000074590	NUAK1	520	804	518	472	523	481	637
ENSG00000074603	DPP8	1632	2687	1550	1533	1921	1838	2258
ENSG00000074621	SLC24A1	370	606	294	335	356	402	494
ENSG00000074657	ZNF532	3510	5261	2874	3220	3427	3371	4033
ENSG00000074660	SCARF1	19	40	0	17	9	0	0
ENSG00000074695	LMAN1	5706	9269	5541	5392	6479	6401	7716
ENSG00000074696	HACD3	2697	4439	2783	2723	3869	3702	4833
ENSG00000074706	IPCEF1	0	0	0	0	0	1	0
ENSG00000074755	ZZEF1	2148	3315	1907	2258	2526	2452	2986
ENSG00000074771	NOX3	1	0	2	1	0	0	0
ENSG00000074800	ENO1	53756	93471	60158	57942	75213	71367	87781
ENSG00000074803	SLC12A1	14	37	20	14	15	22	17
ENSG00000074842	MYDGF	3314	5821	3879	3717	4925	4749	6023
ENSG00000074855	ANO8	659	1138	551	654	822	676	908
ENSG00000074935	TUBE1	251	469	274	222	383	322	427
ENSG00000074964	ARHGEF10L	283	525	303	292	429	336	417
ENSG00000074966	TXK	49	101	52	58	73	61	83
ENSG00000075035	WSCD2	0	0	0	0	1	0	0
ENSG00000075043	KCNQ2	0	0	0	0	1	2	0
ENSG00000075073	TACR2	14	27	15	18	16	17	27
ENSG00000075089	ACTR6	1040	1700	1017	919	1359	1343	1620
ENSG00000075131	TIPIN	339	472	338	370	483	440	592
ENSG00000075142	SRI	1551	2683	1610	1674	1940	1972	2479
ENSG00000075151	EIF4G3	5611	8695	4938	5175	6303	6220	7146
ENSG00000075188	NUP37	1077	1923	1139	1155	1907	1755	2372
ENSG00000075213	SEMA3A	1942	3138	1566	1707	1825	1764	1961
ENSG00000075218	GTSE1	907	1453	1055	1059	1388	1317	1728
ENSG00000075223	SEMA3C	1482	2374	1432	1426	1288	1175	1490
ENSG00000075234	TTC38	459	757	437	435	583	551	699
ENSG00000075239	ACAT1	1646	2852	1684	1659	2042	1875	2401
ENSG00000075240	GRAMD4	743	1126	703	749	752	632	751
ENSG00000075275	CELSR1	835	1298	820	940	1147	1040	1300
ENSG00000075290	WNT8B	6	8	4	6	5	5	8
ENSG00000075292	ZNF638	2412	3839	2152	2627	3231	3103	3914
ENSG00000075303	SLC25A40	623	1062	677	592	798	801	978
ENSG00000075336	TIMM21	415	684	435	476	852	825	993
ENSG00000075340	ADD2	625	1029	592	626	975	1030	1235
ENSG00000075391	RASAL2	1857	3035	1751	1995	2468	2360	3221
ENSG00000075399	VPS9D1	361	613	358	322	378	319	440
ENSG00000075407	ZNF37A	956	1429	792	832	1095	1054	1288
ENSG00000075413	MARK3	1796	2982	1833	1822	2221	2099	2630
ENSG00000075415	SLC25A3	11301	19655	12231	11671	15245	14768	18235
ENSG00000075420	FNDC3B	3147	4740	2793	2995	3882	3850	4896
ENSG00000075426	FOSL2	1124	1884	1130	1097	1353	1226	1487
ENSG00000075429	CACNG5	29	48	23	21	28	21	34
ENSG00000075461	CACNG4	0	0	0	0	0	0	1
ENSG00000075539	FRYL	1816	2910	1614	1865	2482	2145	2839
ENSG00000075568	TMEM131	1404	2334	1287	1365	1692	1600	2037
ENSG00000075618	FSCN1	14911	25308	16745	16362	21620	21063	26558
ENSG00000075624	ACTB	42038	73143	49725	48724	70965	70513	90400
ENSG00000075643	MOCOS	3918	6672	3856	4007	4811	4653	5639
ENSG00000075651	PLD1	942	1644	844	849	858	879	913
ENSG00000075673	ATP12A	6	8	3	8	5	7	10
ENSG00000075702	WDR62	499	880	568	615	703	665	859
ENSG00000075711	DLG1	659	1110	737	754	894	860	1060
ENSG00000075785	RAB7A	10413	17608	10803	10614	13461	13429	15322
ENSG00000075790	BCAP29	1110	1744	1079	1107	1506	1554	1884
ENSG00000075826	SEC31B	65	183	96	81	118	84	92
ENSG00000075856	SART3	2736	4539	2832	2816	3697	3550	4522
ENSG00000075884	ARHGAP15	25	43	24	19	18	31	24
ENSG00000075886	TUBA3D	1	3	3	4	5	0	7
ENSG00000075891	PAX2	3	1	5	6	6	4	3
ENSG00000075914	EXOSC7	524	846	512	538	726	652	825
ENSG00000075945	KIFAP3	2501	4097	2483	2442	3168	3072	3670
ENSG00000075975	MKRN2	1150	2011	1068	1161	1325	1369	1580
ENSG00000076003	MCM6	1601	2835	1862	1762	3138	3264	4435
ENSG00000076043	REXO2	2278	3716	2374	2175	3245	3016	3782
ENSG00000076053	RBM7	622	1001	493	630	733	688	845
ENSG00000076067	RBMS2	1088	1718	987	1113	1054	1047	1264
ENSG00000076108	BAZ2A	6008	9860	5750	6466	8158	7718	9567
ENSG00000076201	PTPN23	2542	3990	2453	2569	3459	3227	4168
ENSG00000076242	MLH1	1007	1667	1175	1056	1705	1721	2142
ENSG00000076248	UNG	1121	1937	1309	1285	1876	1834	2539
ENSG00000076258	FMO4	17	23	16	25	23	36	19
ENSG00000076321	KLHL20	1080	1693	992	991	1743	1666	2077
ENSG00000076344	RGS11	0	0	0	0	3	0	0
ENSG00000076351	SLC46A1	441	628	410	414	585	596	671
ENSG00000076356	PLXNA2	214	273	159	183	214	202	244
ENSG00000076382	SPAG5	2410	4134	2433	2548	3652	3452	4612
ENSG00000076513	ANKRD13A	1317	2099	1188	1197	1246	1382	1537
ENSG00000076554	TPD52	1679	2993	1892	1705	2502	2511	2914
ENSG00000076555	ACACB	225	395	208	231	304	304	354
ENSG00000076604	TRAF4	1799	3087	1904	1788	2432	2317	3014
ENSG00000076641	PAG1	349	480	306	343	456	402	549
ENSG00000076650	GPATCH1	373	695	399	413	545	476	633
ENSG00000076662	ICAM3	108	71	127	133	129	160	43
ENSG00000076685	NT5C2	981	1627	892	902	1115	1252	1330
ENSG00000076706	MCAM	9642	16416	9804	9536	12834	12265	14714
ENSG00000076716	GPC4	379	596	369	351	506	478	569
ENSG00000076770	MBNL3	265	408	247	238	355	338	430
ENSG00000076826	CAMSAP3	5	13	6	9	8	12	13
ENSG00000076864	RAP1GAP	136	296	110	156	241	193	311
ENSG00000076924	XAB2	2244	3862	2336	2281	3317	3357	3957
ENSG00000076928	ARHGEF1	4096	7203	4320	4434	5854	5425	7063
ENSG00000076944	STXBP2	2	3	0	1	0	0	0
ENSG00000076984	MAP2K7	2249	3679	2229	2303	2665	2101	3109
ENSG00000077009	NMRK2	0	1	0	0	0	0	1
ENSG00000077044	DGKD	1894	2895	1427	1692	1703	1576	1781
ENSG00000077063	CTTNBP2	12	25	16	3	30	30	20
ENSG00000077092	RARB	424	649	434	413	486	476	634
ENSG00000077097	TOP2B	5387	8592	4947	5431	6230	5651	7464
ENSG00000077147	TM9SF3	8254	13463	8067	7890	10459	9590	12805
ENSG00000077150	NFKB2	1844	3268	1917	1862	3003	2377	3049
ENSG00000077152	UBE2T	1195	1955	1283	1242	2352	2294	3152
ENSG00000077157	PPP1R12B	1052	1583	944	952	978	1044	1113
ENSG00000077232	DNAJC10	1506	2558	1455	1407	1688	1737	2076
ENSG00000077235	GTF3C1	4140	6960	4232	4322	5798	5743	7240
ENSG00000077238	IL4R	362	539	317	337	374	330	404
ENSG00000077254	USP33	2486	3937	2191	2227	2814	2721	3271
ENSG00000077264	PAK3	24	76	34	35	27	25	36
ENSG00000077274	CAPN6	9	11	5	10	6	2	10
ENSG00000077279	DCX	0	0	0	0	0	1	2
ENSG00000077312	SNRPA	3191	5430	3378	3405	5319	5521	6815
ENSG00000077327	SPAG6	0	4	0	1	1	0	0
ENSG00000077348	EXOSC5	1740	2876	1876	1711	2682	2643	3203
ENSG00000077380	DYNC1I2	1176	1777	1204	1117	1806	1666	2035
ENSG00000077420	APBB1IP	0	2	2	2	5	0	0
ENSG00000077454	LRCH4	677	1148	620	653	635	623	713
ENSG00000077458	FAM76B	442	571	426	333	546	435	783
ENSG00000077463	SIRT6	629	1154	709	669	1073	935	1350
ENSG00000077498	TYR	0	0	0	0	2	0	1
ENSG00000077514	POLD3	935	1513	1000	977	1515	1479	1857
ENSG00000077522	ACTN2	17	156	31	83	54	49	80
ENSG00000077549	CAPZB	5190	9108	5921	5648	7590	7534	9148
ENSG00000077585	GPR137B	1195	1875	1102	1169	1454	1470	1764
ENSG00000077616	NAALAD2	44	52	38	44	45	40	48
ENSG00000077684	JADE1	462	755	503	489	730	728	877
ENSG00000077713	SLC25A43	311	522	263	299	362	366	448
ENSG00000077721	UBE2A	1207	2123	1323	1224	2131	2152	2517
ENSG00000077782	FGFR1	767	1383	773	791	1074	1088	1403
ENSG00000077800	FKBP6	4	10	4	7	6	1	9
ENSG00000077935	SMC1B	0	2	0	0	0	0	3
ENSG00000077942	FBLN1	811	1377	847	812	942	888	1007
ENSG00000077943	ITGA8	1	2	3	5	0	0	1
ENSG00000077984	CST7	3	2	3	0	3	4	4
ENSG00000078018	MAP2	11	26	17	13	26	34	40
ENSG00000078043	PIAS2	567	911	484	511	705	642	779
ENSG00000078053	AMPH	1	2	1	0	0	1	1
ENSG00000078061	ARAF	1943	3204	2088	2112	2694	2658	3069
ENSG00000078070	MCCC1	1119	1965	1070	1096	1377	1336	1529
ENSG00000078081	LAMP3	18	48	22	27	30	25	33
ENSG00000078098	FAP	503	853	414	399	608	576	550
ENSG00000078114	NEBL	155	214	144	147	161	134	152
ENSG00000078124	ACER3	1155	1633	938	967	1195	973	1225
ENSG00000078140	UBE2K	3525	6054	3715	3613	4358	4274	5186
ENSG00000078142	PIK3C3	1615	2713	1411	1550	1787	1770	2033
ENSG00000078177	N4BP2	544	801	502	507	518	753	787
ENSG00000078237	TIGAR	632	982	576	546	1115	1132	1606
ENSG00000078246	TULP3	1059	1785	1047	1123	1622	1555	1963
ENSG00000078269	SYNJ2	4408	7420	4044	4216	3910	3789	4466
ENSG00000078295	ADCY2	0	0	0	0	0	0	1
ENSG00000078304	PPP2R5C	2195	3625	2155	2060	2353	2326	2923
ENSG00000078328	RBFOX1	1	1	0	0	0	0	0
ENSG00000078369	GNB1	10472	17415	11174	11272	16869	15378	21107
ENSG00000078399	HOXA9	19	35	16	37	28	33	23
ENSG00000078401	EDN1	1	1	0	2	1	1	0
ENSG00000078403	MLLT10	827	1371	846	834	1060	933	1196
ENSG00000078487	ZCWPW1	18	67	24	28	37	48	69
ENSG00000078549	ADCYAP1R1	1	1	0	0	0	0	0
ENSG00000078589	P2RY10	3	6	0	7	2	5	4
ENSG00000078596	ITM2A	0	0	2	0	2	3	2
ENSG00000078618	NRDC	5553	9220	5338	5414	5912	5851	6900
ENSG00000078668	VDAC3	1185	2109	1408	1392	2615	2517	3411
ENSG00000078674	PCM1	2284	3668	2131	2209	3232	3169	3916
ENSG00000078687	TNRC6C	680	1137	681	722	822	743	953
ENSG00000078699	CBFA2T2	857	1446	841	870	998	963	1188
ENSG00000078725	BRINP1	0	0	0	0	0	0	1
ENSG00000078747	ITCH	2178	3624	1979	1956	2468	2301	2638
ENSG00000078795	PKD2L2	18	38	17	19	30	15	34
ENSG00000078804	TP53INP2	721	1233	757	801	986	946	1130
ENSG00000078808	SDF4	4505	7849	4811	4696	6196	6133	7595
ENSG00000078814	MYH7B	59	98	57	56	58	54	78
ENSG00000078898	BPIFB2	2	10	0	4	0	1	3
ENSG00000078900	TP73	250	396	270	305	538	571	797
ENSG00000078902	TOLLIP	770	1171	745	697	1019	955	1208
ENSG00000078967	UBE2D4	144	284	160	184	307	309	372
ENSG00000079101	CLUL1	3	7	6	8	2	7	8
ENSG00000079102	RUNX1T1	165	265	156	135	252	214	347
ENSG00000079112	CDH17	0	0	2	1	2	0	4
ENSG00000079134	THOC1	291	524	290	260	428	396	533
ENSG00000079150	FKBP7	154	296	149	153	237	256	247
ENSG00000079156	OSBPL6	807	1395	729	765	871	842	1005
ENSG00000079215	SLC1A3	87	175	96	78	82	83	71
ENSG00000079246	XRCC5	10375	17170	10472	10237	13287	12871	15768
ENSG00000079257	LXN	3	3	0	3	1	0	3
ENSG00000079263	SP140	1	0	3	2	0	1	2
ENSG00000079277	MKNK1	680	1138	677	639	1067	1014	1144
ENSG00000079308	TNS1	17	22	12	17	9	20	16
ENSG00000079313	REXO1	1029	1593	962	999	1299	1210	1597
ENSG00000079332	SAR1A	1975	3223	1971	2006	3211	3112	4133
ENSG00000079335	CDC14A	302	484	328	342	399	410	513
ENSG00000079337	RAPGEF3	104	134	82	104	92	92	127
ENSG00000079385	CEACAM1	7	10	2	14	5	6	6
ENSG00000079387	SENP1	620	1263	710	617	1059	1023	1375
ENSG00000079432	CIC	2653	4336	2607	2836	3381	3184	4033
ENSG00000079435	LIPE	88	172	84	110	82	75	96
ENSG00000079459	FDFT1	4102	6968	4294	4091	5059	4839	5721
ENSG00000079462	PAFAH1B3	340	612	398	409	637	601	769
ENSG00000079482	OPHN1	2508	3836	2020	2174	3151	2910	3578
ENSG00000079616	KIF22	1327	2264	1433	1503	1904	1687	2234
ENSG00000079691	CARMIL1	367	594	301	411	460	449	522
ENSG00000079739	PGM1	2643	4550	2695	2746	2957	2971	3352
ENSG00000079785	DDX1	6474	10755	6483	6207	8737	8519	10642
ENSG00000079805	DNM2	4996	8270	5183	5075	7066	6153	8734
ENSG00000079819	EPB41L2	3585	5788	3552	3748	4460	4287	5763
ENSG00000079841	RIMS1	0	0	0	0	0	0	2
ENSG00000079931	MOXD1	270	449	256	225	266	310	310
ENSG00000079950	STX7	492	825	500	457	622	587	679
ENSG00000079974	RABL2B	372	636	384	343	546	575	655
ENSG00000079999	KEAP1	1988	3451	2103	2100	2466	2450	3016
ENSG00000080031	PTPRH	516	897	510	534	453	487	546
ENSG00000080166	DCT	143	215	156	138	422	387	478
ENSG00000080189	SLC35C2	1876	3268	1976	1920	2546	2524	3050
ENSG00000080200	CRYBG3	594	996	553	631	771	816	959
ENSG00000080224	EPHA6	51	70	42	37	42	44	47
ENSG00000080298	RFX3	601	894	574	541	519	470	575
ENSG00000080345	RIF1	2402	3834	2181	2358	3134	3078	4006
ENSG00000080371	RAB21	1501	2571	1604	1553	2504	2021	3076
ENSG00000080493	SLC4A4	1	0	0	2	0	2	5
ENSG00000080503	SMARCA2	3234	5547	3078	3236	3743	3816	4440
ENSG00000080511	RDH8	1	0	0	1	0	1	1
ENSG00000080546	SESN1	399	659	384	378	511	452	584
ENSG00000080561	MID2	235	415	238	257	245	252	278
ENSG00000080573	COL5A3	97	163	106	98	149	86	175
ENSG00000080603	SRCAP	3295	5582	3312	3857	4603	3973	5666
ENSG00000080608	PUM3	4370	6948	4323	4327	5828	5632	7022
ENSG00000080618	CPB2	33	37	25	15	26	17	39
ENSG00000080644	CHRNA3	4	2	0	3	5	1	3
ENSG00000080709	KCNN2	11	7	8	5	0	5	6
ENSG00000080802	CNOT4	613	1087	656	665	987	1018	1358
ENSG00000080815	PSEN1	672	1110	646	686	1170	1151	1388
ENSG00000080819	CPOX	1857	3242	1916	1902	2432	1979	2873
ENSG00000080822	CLDND1	2382	3745	2387	2189	3197	3065	3877
ENSG00000080823	MOK	1684	2832	1914	1793	1950	2075	2561
ENSG00000080824	HSP90AA1	49621	80639	54605	51707	82746	78197	100317
ENSG00000080839	RBL1	959	1659	1051	1023	1893	1889	2534
ENSG00000080845	DLGAP4	2571	4270	2639	2729	3626	3473	4196
ENSG00000080854	IGSF9B	854	1249	770	786	926	822	1186
ENSG00000080910	CFHR2	12	26	19	18	22	23	16
ENSG00000080986	NDC80	636	1138	704	726	1140	1081	1357
ENSG00000081014	AP4E1	835	1337	764	854	1079	1023	1287
ENSG00000081019	RSBN1	749	1124	707	677	902	887	1016
ENSG00000081026	MAGI3	288	491	302	339	396	360	470
ENSG00000081041	CXCL2	9	21	12	11	27	9	18
ENSG00000081051	AFP	1	1	0	0	3	0	1
ENSG00000081052	COL4A4	11	22	8	21	7	16	10
ENSG00000081059	TCF7	436	782	442	459	562	566	651
ENSG00000081087	OSTM1	592	1087	473	540	671	725	756
ENSG00000081138	CDH7	4	4	2	0	5	4	4
ENSG00000081148	IMPG2	1	6	4	3	6	4	5
ENSG00000081154	PCNP	4588	7732	4787	4516	5805	5623	6829
ENSG00000081177	EXD2	392	633	315	367	410	467	516
ENSG00000081181	ARG2	400	635	493	426	652	643	724
ENSG00000081189	MEF2C	1861	3081	1841	1838	2395	2433	2685
ENSG00000081248	CACNA1S	0	0	0	0	0	1	0
ENSG00000081307	UBA5	1140	1713	1138	1086	1367	1265	1551
ENSG00000081320	STK17B	234	355	206	224	285	239	298
ENSG00000081377	CDC14B	110	189	177	110	131	232	185
ENSG00000081386	ZNF510	483	733	441	461	561	540	688
ENSG00000081479	LRP2	19	23	19	14	15	22	16
ENSG00000081665	ZNF506	387	602	357	349	533	523	611
ENSG00000081692	JMJD4	1219	2085	1300	1255	1548	1577	1970
ENSG00000081721	DUSP12	829	1337	803	833	1190	1159	1436
ENSG00000081760	AACS	1636	2774	1697	1688	1871	1775	2097
ENSG00000081791	DELE1	1472	2387	1405	1468	1696	1621	1967
ENSG00000081800	SLC13A1	0	2	1	0	0	1	1
ENSG00000081803	CADPS2	1	4	4	1	2	1	1
ENSG00000081818	PCDHB4	43	81	32	33	31	46	46
ENSG00000081842	PCDHA6	560	983	591	616	827	786	1054
ENSG00000081853	PCDHGA2	31	46	19	23	30	24	41
ENSG00000081870	HSPB11	540	928	595	570	614	605	729
ENSG00000081913	PHLPP1	1200	1882	1105	1173	1291	1230	1457
ENSG00000081923	ATP8B1	0	1	0	7	0	1	4
ENSG00000081985	IL12RB2	21	25	28	22	31	21	20
ENSG00000082014	SMARCD3	561	887	578	512	791	679	744
ENSG00000082068	WDR70	1036	1742	1013	1029	1332	1278	1512
ENSG00000082074	FYB1	116	178	109	92	117	101	107
ENSG00000082126	MPP4	10	39	25	16	32	29	34
ENSG00000082146	STRADB	560	955	577	566	759	759	868
ENSG00000082153	BZW1	4491	7611	4548	4468	5829	5602	7215
ENSG00000082196	C1QTNF3	167	342	161	186	180	164	208
ENSG00000082212	ME2	1160	1639	931	944	1571	1730	1776
ENSG00000082213	C5orf22	863	1332	903	921	1749	1679	2453
ENSG00000082258	CCNT2	387	745	456	423	591	612	753
ENSG00000082269	FAM135A	372	544	313	379	333	242	350
ENSG00000082293	COL19A1	3325	5089	2585	2900	3213	2942	3686
ENSG00000082397	EPB41L3	30	71	31	21	58	39	70
ENSG00000082438	COBLL1	503	804	461	487	617	626	731
ENSG00000082458	DLG3	694	1225	636	563	747	616	705
ENSG00000082482	KCNK2	4	1	2	2	6	4	4
ENSG00000082497	SERTAD4	1237	2113	1268	1339	1763	1742	2326
ENSG00000082512	TRAF5	562	1030	556	572	886	691	978
ENSG00000082515	MRPL22	924	1415	914	948	1275	1321	1723
ENSG00000082516	GEMIN5	1454	2410	1504	1604	2369	2299	3109
ENSG00000082556	OPRK1	3	3	0	4	2	3	0
ENSG00000082641	NFE2L1	7228	12145	7349	7186	10454	9592	12440
ENSG00000082684	SEMA5B	0	0	0	0	2	0	0
ENSG00000082701	GSK3B	3957	6500	3578	3648	5514	4758	6743
ENSG00000082781	ITGB5	7211	12240	7249	7373	8513	7874	9263
ENSG00000082805	ERC1	3028	4826	2699	2949	4323	4185	5041
ENSG00000082898	XPO1	8914	15534	8986	9273	11723	10698	14241
ENSG00000082996	RNF13	1475	2364	1411	1354	1984	1935	2264
ENSG00000083067	TRPM3	505	705	484	376	403	384	451
ENSG00000083093	PALB2	643	985	590	583	869	924	1136
ENSG00000083097	DOP1A	309	464	234	298	435	379	500
ENSG00000083099	LYRM2	647	970	636	603	777	871	1132
ENSG00000083123	BCKDHB	389	539	327	352	371	381	463
ENSG00000083168	KAT6A	1961	3030	1666	1898	2685	2529	3208
ENSG00000083223	TUT7	1331	2058	1186	1234	1791	1696	2076
ENSG00000083290	ULK2	154	245	137	166	185	171	201
ENSG00000083312	TNPO1	8424	13600	7765	8029	12213	11838	15191
ENSG00000083444	PLOD1	7631	13057	7935	8066	9116	8922	10512
ENSG00000083454	P2RX5	432	765	461	478	661	625	820
ENSG00000083457	ITGAE	0	2	0	1	3	0	0
ENSG00000083520	DIS3	3343	5390	3064	3212	3832	4019	4811
ENSG00000083535	PIBF1	1029	1802	998	1017	1327	1273	1560
ENSG00000083544	TDRD3	558	950	522	531	513	489	537
ENSG00000083635	NUFIP1	573	1014	640	611	717	730	941
ENSG00000083642	PDS5B	1654	2427	1551	1449	2199	2381	2736
ENSG00000083720	OXCT1	1752	2774	1721	1615	2531	2540	3002
ENSG00000083750	RRAGB	266	491	295	242	251	260	269
ENSG00000083799	CYLD	797	1509	854	889	1070	1072	1336
ENSG00000083807	SLC27A5	205	330	199	190	277	227	317
ENSG00000083812	ZNF324	519	776	473	580	693	576	742
ENSG00000083814	ZNF671	188	345	188	176	269	208	237
ENSG00000083817	ZNF416	96	184	120	102	178	201	227
ENSG00000083828	ZNF586	348	558	331	313	544	500	651
ENSG00000083838	ZNF446	520	972	539	494	640	628	693
ENSG00000083844	ZNF264	512	756	478	471	567	546	681
ENSG00000083845	RPS5	18517	34952	20957	22020	25148	25101	30335
ENSG00000083857	FAT1	7200	10840	5664	7318	8140	8006	10667
ENSG00000083896	YTHDC1	1718	2858	1665	1682	2744	2522	3444
ENSG00000083937	CHMP2B	1453	2487	1450	1392	2094	1982	2490
ENSG00000084070	SMAP2	1838	3082	1958	1879	2515	2407	3247
ENSG00000084072	PPIE	1148	2048	1217	1163	1611	1672	1996
ENSG00000084073	ZMPSTE24	1603	2585	1583	1458	2440	2199	2960
ENSG00000084090	STARD7	2921	4487	2792	2902	4006	3748	4987
ENSG00000084092	NOA1	1350	2303	1424	1468	1649	1554	1753
ENSG00000084093	REST	1273	1998	1215	1165	1849	1749	2304
ENSG00000084110	HAL	1	12	5	3	2	2	3
ENSG00000084112	SSH1	9082	14417	8068	8478	8889	8537	10237
ENSG00000084207	GSTP1	7357	12784	8288	8120	9814	10004	11999
ENSG00000084234	APLP2	13654	22777	13381	13460	15516	15219	17900
ENSG00000084444	FAM234B	559	973	598	595	730	733	816
ENSG00000084453	SLCO1A2	1	3	3	5	4	2	2
ENSG00000084463	WBP11	4024	6801	4328	4365	6628	6493	8093
ENSG00000084623	EIF3I	12746	22196	13690	13124	19881	19571	23407
ENSG00000084628	NKAIN1	44	75	42	49	50	80	95
ENSG00000084636	COL16A1	1848	2981	1711	1700	2011	1392	2213
ENSG00000084652	TXLNA	4204	6737	4036	4197	4987	4836	6006
ENSG00000084674	APOB	1	3	1	0	2	0	0
ENSG00000084676	NCOA1	666	1162	672	703	852	792	1046
ENSG00000084693	AGBL5	859	1388	876	797	887	918	1087
ENSG00000084710	EFR3B	259	386	227	217	236	229	231
ENSG00000084731	KIF3C	1659	2959	1720	1877	2536	2460	2968
ENSG00000084733	RAB10	3328	5483	3307	3362	5589	5404	7009
ENSG00000084734	GCKR	1	0	1	0	0	0	1
ENSG00000084754	HADHA	5918	9853	5625	5554	6951	6788	8118
ENSG00000084764	MAPRE3	862	1554	836	833	1068	985	1240
ENSG00000084774	CAD	5006	8099	4907	4990	6988	6838	9045
ENSG00000085063	CD59	18830	31095	18640	18266	20260	19933	23574
ENSG00000085117	CD82	246	415	304	249	268	192	307
ENSG00000085185	BCORL1	1290	2170	1251	1287	1667	1642	2052
ENSG00000085224	ATRX	3807	5994	3568	3402	4414	4158	4974
ENSG00000085231	AK6	492	858	550	565	685	660	845
ENSG00000085265	FCN1	4	3	1	0	0	2	3
ENSG00000085274	MYNN	307	590	358	333	578	458	570
ENSG00000085276	MECOM	121	232	113	120	178	131	163
ENSG00000085365	SCAMP1	1504	2370	1409	1306	1781	1780	1954
ENSG00000085377	PREP	1973	3473	2152	2187	2810	2823	3188
ENSG00000085382	HACE1	208	392	218	232	350	276	295
ENSG00000085415	SEH1L	999	1710	1072	1028	1554	1486	2057
ENSG00000085433	WDR47	510	855	520	515	837	864	1045
ENSG00000085449	WDFY1	1490	2633	1478	1511	1668	1807	2100
ENSG00000085465	OVGP1	46	54	32	42	27	22	33
ENSG00000085491	SLC25A24	704	1100	680	816	1043	991	1433
ENSG00000085511	MAP3K4	957	1542	983	964	1133	1083	1323
ENSG00000085514	PILRA	1	1	0	2	1	5	1
ENSG00000085552	IGSF9	23	35	28	35	46	44	39
ENSG00000085563	ABCB1	47	81	55	50	104	94	130
ENSG00000085644	ZNF213	465	886	533	578	711	750	856
ENSG00000085662	AKR1B1	1928	3387	2209	2215	2282	2161	2523
ENSG00000085719	CPNE3	3322	5337	3243	3237	4521	4260	5335
ENSG00000085721	RRN3	1770	2882	1618	1670	2402	2485	3083
ENSG00000085733	CTTN	7151	11560	7113	7276	10018	9463	12311
ENSG00000085741	WNT11	13	21	9	13	7	8	10
ENSG00000085760	MTIF2	2010	3334	1975	1828	2687	2468	2999
ENSG00000085788	DDHD2	937	1486	963	903	1044	1149	1349
ENSG00000085831	TTC39A	46	81	49	33	60	75	68
ENSG00000085832	EPS15	2032	3672	1994	2058	2626	2513	3238
ENSG00000085840	ORC1	846	1345	869	824	1228	1282	1654
ENSG00000085871	MGST2	182	273	156	140	241	236	294
ENSG00000085872	CHERP	3930	6542	3998	4312	5641	5244	6643
ENSG00000085978	ATG16L1	874	1317	865	814	1087	1052	1322
ENSG00000085982	USP40	707	1031	631	622	935	834	1117
ENSG00000085998	POMGNT1	2620	4583	2869	2437	3336	3342	4167
ENSG00000085999	RAD54L	799	1373	905	900	1071	1189	1513
ENSG00000086015	MAST2	1723	2791	1691	1820	2377	2235	2765
ENSG00000086061	DNAJA1	3941	6679	4275	4068	8780	8858	12189
ENSG00000086062	B4GALT1	1911	3223	1913	1951	2375	2368	2778
ENSG00000086065	CHMP5	2444	4086	2345	2342	3492	3480	4308
ENSG00000086102	NFX1	2051	3322	2006	1905	2554	2604	3078
ENSG00000086159	AQP6	35	56	40	39	54	46	67
ENSG00000086189	DIMT1	816	1413	946	889	1052	1113	1323
ENSG00000086200	IPO11	973	1763	965	1108	1658	1575	2085
ENSG00000086205	FOLH1	500	784	505	498	529	559	604
ENSG00000086232	EIF2AK1	3417	6352	3753	3790	3620	3531	4250
ENSG00000086289	EPDR1	365	636	358	365	532	523	638
ENSG00000086300	SNX10	3240	4988	2835	2880	3582	3492	4542
ENSG00000086475	SEPHS1	1136	1880	1276	1153	1562	1590	1942
ENSG00000086504	MRPL28	2173	3788	2562	2335	3476	3461	4267
ENSG00000086506	HBQ1	0	1	0	1	0	0	0
ENSG00000086544	ITPKC	443	649	450	387	525	459	545
ENSG00000086548	CEACAM6	0	0	0	1	0	0	0
ENSG00000086570	FAT2	15	25	15	19	18	27	26
ENSG00000086589	RBM22	956	1785	1092	1089	1648	1767	2112
ENSG00000086598	TMED2	7183	11815	7574	7300	10766	10238	12672
ENSG00000086619	ERO1B	1189	1884	1116	1045	1114	1165	1423
ENSG00000086666	ZFAND6	2152	3500	2135	2066	2903	2858	3309
ENSG00000086696	HSD17B2	3	2	0	0	2	1	1
ENSG00000086712	TXLNG	1826	2956	1778	1667	2301	2218	2694
ENSG00000086717	PPEF1	2	3	2	1	3	3	6
ENSG00000086730	LAT2	42	57	37	28	85	81	91
ENSG00000086758	HUWE1	17735	27807	16050	18417	20308	19939	24937
ENSG00000086827	ZW10	887	1482	931	849	1236	1095	1494
ENSG00000086848	ALG9	383	702	374	407	545	497	652
ENSG00000086967	MYBPC2	1	7	0	7	2	0	2
ENSG00000086991	NOX4	824	1353	675	694	742	778	620
ENSG00000087008	ACOX3	509	783	511	495	584	546	600
ENSG00000087053	MTMR2	2289	3628	2251	2238	2676	2706	3153
ENSG00000087074	PPP1R15A	1942	3320	1927	1839	3204	3108	4240
ENSG00000087076	HSD17B14	9	13	10	5	7	12	6
ENSG00000087077	TRIP6	2099	3566	2299	2206	3280	2798	4037
ENSG00000087085	ACHE	13	41	19	23	29	19	22
ENSG00000087086	FTL	21333	37376	22783	22613	26970	27670	32578
ENSG00000087087	SRRT	2996	5003	3086	3203	3725	3503	4955
ENSG00000087088	BAX	1664	2612	1893	1740	2797	2114	3605
ENSG00000087095	NLK	696	1153	677	704	787	690	975
ENSG00000087111	PIGS	3735	6354	3845	4080	4913	4991	5706
ENSG00000087116	ADAMTS2	9	19	10	6	9	11	4
ENSG00000087128	TMPRSS11E	5	15	3	8	8	12	8
ENSG00000087152	ATXN7L3	2106	3591	2159	2159	2497	2363	2978
ENSG00000087157	PGS1	788	1342	785	788	968	996	1192
ENSG00000087191	PSMC5	4364	7205	4567	4369	6535	6559	8470
ENSG00000087206	UIMC1	830	1406	811	796	1154	1133	1406
ENSG00000087237	CETP	0	1	1	1	0	0	0
ENSG00000087245	MMP2	5157	8482	5092	5100	6531	5974	7185
ENSG00000087250	MT3	0	1	0	0	0	0	1
ENSG00000087253	LPCAT2	2379	3949	2389	2372	2642	2499	2942
ENSG00000087258	GNAO1	1898	3116	1598	1956	2553	2415	2925
ENSG00000087263	OGFOD1	1497	2294	1606	1520	2191	1968	2725
ENSG00000087266	SH3BP2	1352	2105	1219	1215	1367	1183	1458
ENSG00000087269	NOP14	4107	6835	4037	4092	6189	6043	7789
ENSG00000087274	ADD1	3611	6082	3580	3746	5135	5192	6405
ENSG00000087299	L2HGDH	647	1103	661	627	892	844	1076
ENSG00000087301	TXNDC16	231	412	232	232	294	291	364
ENSG00000087302	RTRAF	1572	2734	1620	1545	2035	2025	2452
ENSG00000087303	NID2	60	106	72	72	96	64	91
ENSG00000087338	GMCL1	1681	2681	1612	1589	1846	1519	2048
ENSG00000087365	SF3B2	12590	21136	12801	12965	18234	17874	21165
ENSG00000087448	KLHL42	1036	1713	926	993	1328	1200	1507
ENSG00000087460	GNAS	40668	71224	45007	43454	53746	52983	61389
ENSG00000087470	DNM1L	3982	6635	3893	3953	4919	4792	5947
ENSG00000087494	PTHLH	88	143	134	130	210	201	304
ENSG00000087495	PHACTR3	0	1	0	1	1	3	2
ENSG00000087502	ERGIC2	1734	2830	1734	1653	2542	2496	2960
ENSG00000087510	TFAP2C	4382	7270	4608	4450	5256	5248	6751
ENSG00000087586	AURKA	2603	4383	2935	2744	3367	3399	4277
ENSG00000087589	CASS4	1	7	2	0	0	7	2
ENSG00000087842	PIR	905	1543	1029	909	1335	1338	1603
ENSG00000087884	AAMDC	91	179	95	103	151	166	183
ENSG00000087903	RFX2	256	401	270	252	302	314	395
ENSG00000087995	METTL2A	429	581	370	327	624	581	808
ENSG00000088002	SULT2B1	6	19	7	7	17	16	17
ENSG00000088035	ALG6	111	196	141	86	162	202	182
ENSG00000088038	CNOT3	1856	3165	1821	2047	2511	2303	2774
ENSG00000088179	PTPN4	274	444	277	268	227	299	294
ENSG00000088205	DDX18	3012	5173	3184	2948	4007	3818	4632
ENSG00000088247	KHSRP	10656	17828	11244	11175	15304	14657	19074
ENSG00000088256	GNA11	1785	3110	2069	1924	2850	2411	3421
ENSG00000088280	ASAP3	1529	2401	1294	1403	978	921	987
ENSG00000088298	EDEM2	1356	2288	1313	1302	1496	1526	1831
ENSG00000088305	DNMT3B	114	200	149	161	181	163	221
ENSG00000088320	REM1	25	47	24	33	31	33	33
ENSG00000088325	TPX2	5352	9033	5769	5651	10164	9959	12874
ENSG00000088356	PDRG1	464	686	463	480	779	665	945
ENSG00000088367	EPB41L1	637	1005	630	680	856	811	927
ENSG00000088386	SLC15A1	32	38	20	16	11	24	14
ENSG00000088387	DOCK9	444	773	413	510	538	517	620
ENSG00000088448	ANKRD10	2426	4156	2356	2188	2394	2347	2553
ENSG00000088451	TGDS	989	1659	975	873	1350	1344	1544
ENSG00000088538	DOCK3	22	41	19	31	23	17	37
ENSG00000088543	C3orf18	270	483	235	246	335	305	416
ENSG00000088682	COQ9	1356	2144	1309	1266	1762	1802	2176
ENSG00000088726	TMEM40	0	1	0	0	2	0	0
ENSG00000088727	KIF9	228	344	220	225	329	286	428
ENSG00000088756	ARHGAP28	53	64	34	27	32	49	51
ENSG00000088766	CRLS1	719	1272	780	779	862	841	1160
ENSG00000088808	PPP1R13B	591	954	519	538	675	644	808
ENSG00000088812	ATRN	4319	6974	3881	4230	5019	4907	6031
ENSG00000088826	SMOX	1038	1735	1138	1084	920	866	1035
ENSG00000088827	SIGLEC1	0	3	0	1	1	3	1
ENSG00000088832	FKBP1A	9087	16108	10147	9711	12274	12003	14706
ENSG00000088833	NSFL1C	873	1287	920	839	1426	1293	1764
ENSG00000088836	SLC4A11	357	571	346	417	332	356	408
ENSG00000088854	DNAAF9	631	1050	566	617	822	690	846
ENSG00000088876	ZNF343	690	1127	683	674	931	895	1063
ENSG00000088881	EBF4	49	61	45	25	35	24	40
ENSG00000088882	CPXM1	7	11	4	3	2	1	1
ENSG00000088888	MAVS	4859	7935	4733	4788	6010	5634	7101
ENSG00000088899	LZTS3	155	216	160	162	179	128	211
ENSG00000088930	XRN2	4803	7939	4629	4673	5016	5105	6200
ENSG00000088970	KIZ	1015	1536	807	812	779	864	885
ENSG00000088986	DYNLL1	2673	4489	2948	2820	4392	4365	6026
ENSG00000088992	TESC	316	616	320	292	352	348	374
ENSG00000089006	SNX5	3260	5328	3249	3099	3849	3490	4348
ENSG00000089009	RPL6	38614	66075	40234	37451	47181	47223	55773
ENSG00000089012	SIRPG	0	0	0	0	0	0	1
ENSG00000089022	MAPKAPK5	977	1462	887	833	1171	1081	1302
ENSG00000089041	P2RX7	484	762	449	430	566	560	535
ENSG00000089048	ESF1	1385	2218	1443	1309	2417	2171	2814
ENSG00000089050	RBBP9	677	1090	685	596	1001	935	1289
ENSG00000089053	ANAPC5	3545	6043	3568	3539	4444	4465	5307
ENSG00000089057	SLC23A2	5049	8264	4480	4891	6068	6140	7075
ENSG00000089060	SLC8B1	268	398	282	216	237	252	300
ENSG00000089063	TMEM230	4366	7402	4440	4242	6038	5883	7078
ENSG00000089091	DZANK1	101	161	76	77	107	104	83
ENSG00000089094	KDM2B	1270	2152	1373	1342	1733	1758	2073
ENSG00000089101	CFAP61	0	3	1	0	5	3	1
ENSG00000089123	TASP1	290	562	378	281	449	386	493
ENSG00000089127	OAS1	266	477	263	307	473	478	609
ENSG00000089154	GCN1	10002	16457	9731	10419	13782	13526	16958
ENSG00000089157	RPLP0	54041	93651	58267	54392	65338	63580	76348
ENSG00000089159	PXN	9430	15416	9948	10214	10394	10917	13383
ENSG00000089163	SIRT4	72	104	75	65	108	81	144
ENSG00000089169	RPH3A	0	0	1	0	0	0	1
ENSG00000089177	KIF16B	934	1546	789	911	1314	1214	1518
ENSG00000089195	TRMT6	1153	1972	1277	1168	1952	1763	2567
ENSG00000089199	CHGB	11	21	13	12	14	21	15
ENSG00000089220	PEBP1	4041	6652	4387	4114	5479	5025	6237
ENSG00000089225	TBX5	1	2	2	1	4	2	2
ENSG00000089234	BRAP	888	1456	871	906	1147	1159	1464
ENSG00000089248	ERP29	3213	5291	3369	3256	4327	4345	5429
ENSG00000089250	NOS1	0	0	0	0	0	1	0
ENSG00000089280	FUS	7389	12030	7783	7577	16810	12340	22828
ENSG00000089289	IGBP1	1839	3013	1874	1817	2494	2403	2844
ENSG00000089327	FXYD5	3834	6562	4211	3923	4506	4811	5740
ENSG00000089335	ZNF302	770	1160	692	670	1062	1003	1327
ENSG00000089351	GRAMD1A	2223	3970	2443	2464	2321	2269	2601
ENSG00000089356	FXYD3	1049	1708	1053	1034	962	949	1019
ENSG00000089486	CDIP1	443	724	445	473	733	610	801
ENSG00000089505	CMTM1	38	61	38	41	73	59	75
ENSG00000089558	KCNH4	0	0	2	2	2	3	3
ENSG00000089597	GANAB	22059	37493	22813	23309	29695	28832	36235
ENSG00000089639	GMIP	1082	1757	1070	1117	1129	959	1356
ENSG00000089682	RBM41	604	1000	542	560	791	652	885
ENSG00000089685	BIRC5	1709	3171	2081	2124	2630	2558	3145
ENSG00000089692	LAG3	0	6	3	4	5	3	0
ENSG00000089693	MLF2	4774	8304	5396	5092	6483	6184	7895
ENSG00000089723	OTUB2	197	280	146	187	223	221	277
ENSG00000089737	DDX24	2651	4486	2775	2742	3348	3209	3769
ENSG00000089775	ZBTB25	597	934	512	514	682	641	732
ENSG00000089818	NECAP1	723	1042	615	706	958	965	1167
ENSG00000089820	ARHGAP4	907	1719	1051	1021	1430	1202	1385
ENSG00000089847	ANKRD24	63	95	53	52	65	44	68
ENSG00000089876	DHX32	1422	2393	1405	1459	1833	1738	2048
ENSG00000089902	RCOR1	1183	1927	1131	1235	1666	1560	1930
ENSG00000089916	GPATCH2L	1192	1886	972	1084	1408	1387	1598
ENSG00000090006	LTBP4	2817	4472	2285	2302	3086	3346	3360
ENSG00000090013	BLVRB	415	739	479	445	641	614	657
ENSG00000090020	SLC9A1	965	1735	1025	1036	1261	1243	1472
ENSG00000090054	SPTLC1	1610	2805	1589	1439	2187	2171	2664
ENSG00000090060	PAPOLA	4433	7383	4347	4417	5383	5085	6482
ENSG00000090061	CCNK	1114	1871	1288	1253	1756	1820	2329
ENSG00000090097	PCBP4	4641	7885	4967	4749	6189	5933	7386
ENSG00000090104	RGS1	0	0	1	0	2	0	0
ENSG00000090238	YPEL3	1022	1654	956	900	913	892	893
ENSG00000090263	MRPS33	745	1200	781	701	1148	1164	1414
ENSG00000090266	NDUFB2	1580	2537	1937	1695	2174	1959	2747
ENSG00000090273	NUDC	5550	9368	6074	5757	9381	8807	11337
ENSG00000090316	MAEA	1060	1846	1178	1109	1636	1610	1991
ENSG00000090339	ICAM1	2385	4091	2187	2245	3255	3245	3729
ENSG00000090372	STRN4	3390	5775	3442	3431	4378	4072	5273
ENSG00000090376	IRAK3	4	4	5	2	3	4	4
ENSG00000090382	LYZ	90	157	120	117	144	120	181
ENSG00000090402	SI	0	1	0	0	1	0	0
ENSG00000090432	MUL1	895	1579	1020	984	1796	1760	2240
ENSG00000090447	TFAP4	967	1704	1011	1027	1400	1391	1680
ENSG00000090470	PDCD7	1784	2994	1742	1746	2311	2115	2662
ENSG00000090487	SPG21	2680	4570	2890	2807	3367	3086	3765
ENSG00000090520	DNAJB11	1650	2741	1791	1732	2243	2233	2767
ENSG00000090530	P3H2	1284	2356	1262	1267	1648	1573	2094
ENSG00000090534	THPO	2	17	2	6	6	4	4
ENSG00000090539	CHRD	0	10	0	8	8	7	0
ENSG00000090554	FLT3LG	153	258	138	165	193	186	206
ENSG00000090565	RAB11FIP3	868	1519	925	931	1027	945	1255
ENSG00000090581	GNPTG	673	1056	713	633	863	767	895
ENSG00000090612	ZNF268	376	513	338	421	550	643	759
ENSG00000090615	GOLGA3	2580	4197	2461	2605	3665	3256	4455
ENSG00000090621	PABPC4	7827	13101	8029	8046	10534	9900	11862
ENSG00000090659	CD209	1	0	0	0	0	0	0
ENSG00000090661	CERS4	73	139	82	88	123	104	115
ENSG00000090674	MCOLN1	771	1244	791	792	1156	1150	1441
ENSG00000090686	USP48	1930	3312	1800	1925	2422	2254	2737
ENSG00000090776	EFNB1	178	289	217	206	215	199	325
ENSG00000090857	PDPR	4834	7680	4216	4563	5736	5480	6622
ENSG00000090861	AARS1	8029	13552	8763	8715	10934	10498	13202
ENSG00000090863	GLG1	5369	8848	5018	5139	6090	5897	7311
ENSG00000090889	KIF4A	1833	2942	1828	1834	2565	2422	3151
ENSG00000090905	TNRC6A	2748	4500	2687	2737	3723	3443	4631
ENSG00000090924	PLEKHG2	2090	3247	1954	2147	2352	2190	2684
ENSG00000090932	DLL3	87	133	80	79	118	116	155
ENSG00000090971	NAT14	1283	2144	1343	1294	1497	873	1678
ENSG00000090975	PITPNM2	1668	2577	1544	1705	1571	1486	1800
ENSG00000090989	EXOC1	1072	1734	1072	1028	1418	1383	1626
ENSG00000091009	RBM27	1660	2697	1564	1582	2173	2042	2469
ENSG00000091010	POU4F3	2	5	2	0	7	4	8
ENSG00000091039	OSBPL8	3177	5237	2932	3002	4209	3921	4942
ENSG00000091073	DTX2	369	604	413	397	495	528	648
ENSG00000091106	NLRC4	6	12	0	8	8	2	3
ENSG00000091127	PUS7	1089	1762	1078	1062	1530	1430	1873
ENSG00000091128	LAMB4	33	45	38	30	40	45	44
ENSG00000091129	NRCAM	343	642	359	406	326	336	281
ENSG00000091136	LAMB1	21722	34853	19051	21727	22994	22964	27267
ENSG00000091137	SLC26A4	87	175	86	82	108	78	88
ENSG00000091140	DLD	1887	3291	2122	1871	2336	2320	2801
ENSG00000091157	WDR7	574	1014	555	637	731	788	936
ENSG00000091164	TXNL1	835	1485	851	831	1086	1085	1307
ENSG00000091181	IL5RA	2	0	1	0	1	0	4
ENSG00000091262	ABCC6	21	28	22	13	16	10	14
ENSG00000091317	CMTM6	3943	6465	4047	3807	5839	5582	7123
ENSG00000091409	ITGA6	6826	11186	7379	7418	9178	8748	11891
ENSG00000091428	RAPGEF4	552	917	490	458	379	388	357
ENSG00000091436	MAP3K20	1115	1712	1002	1013	1330	1285	1486
ENSG00000091482	SMPX	3	8	5	7	5	1	5
ENSG00000091483	FH	3602	6295	3802	3689	5190	4928	6373
ENSG00000091490	SEL1L3	2804	4687	2541	2686	3147	2963	3328
ENSG00000091513	TF	569	928	516	503	612	459	674
ENSG00000091527	CDV3	3672	6221	3828	3846	5285	4886	6521
ENSG00000091536	MYO15A	6	5	9	6	5	5	6
ENSG00000091542	ALKBH5	1485	2504	1522	1418	2150	2128	2761
ENSG00000091592	NLRP1	43	56	32	39	64	35	38
ENSG00000091622	PITPNM3	75	106	53	56	115	95	110
ENSG00000091640	SPAG7	904	1571	990	906	1151	1150	1417
ENSG00000091651	ORC6	605	1074	659	651	1071	1116	1389
ENSG00000091656	ZFHX4	777	1162	639	725	906	908	1116
ENSG00000091732	ZC3HC1	705	1197	750	714	1196	1269	1617
ENSG00000091831	ESR1	9	11	7	6	9	7	4
ENSG00000091844	RGS17	322	481	283	295	325	320	424
ENSG00000091879	ANGPT2	10	19	6	6	11	3	11
ENSG00000091947	TMEM101	996	1661	1115	1047	1261	1132	1415
ENSG00000091972	CD200	526	851	489	562	576	536	746
ENSG00000091986	CCDC80	90	156	87	91	92	88	92
ENSG00000092009	CMA1	0	0	1	0	0	0	0
ENSG00000092010	PSME1	1549	2677	1651	1682	2120	2067	2451
ENSG00000092020	PPP2R3C	423	670	309	432	505	493	634
ENSG00000092036	HAUS4	977	1692	1027	947	1357	1290	1653
ENSG00000092051	JPH4	1	2	5	2	3	2	2
ENSG00000092068	SLC7A8	435	707	402	354	429	358	415
ENSG00000092094	OSGEP	53	102	53	65	130	106	154
ENSG00000092096	SLC22A17	151	298	133	131	162	119	128
ENSG00000092098	RNF31	761	1398	941	865	1099	848	1190
ENSG00000092108	SCFD1	753	1324	689	762	874	843	916
ENSG00000092140	G2E3	841	1343	871	837	1010	1042	1278
ENSG00000092148	HECTD1	2236	3447	1883	2263	2723	2727	3446
ENSG00000092199	HNRNPC	13197	23126	15379	15071	21299	20418	26820
ENSG00000092200	RPGRIP1	4	4	0	2	10	4	8
ENSG00000092201	SUPT16H	6816	11382	6941	6946	9362	9386	11631
ENSG00000092203	TOX4	1227	1794	988	1095	1570	1466	1808
ENSG00000092208	GEMIN2	203	345	223	222	373	410	502
ENSG00000092295	TGM1	34	31	23	32	23	24	29
ENSG00000092330	TINF2	569	915	513	510	596	656	749
ENSG00000092421	SEMA6A	698	1169	696	801	840	847	1058
ENSG00000092439	TRPM7	2392	3898	2089	2334	2850	2831	3336
ENSG00000092445	TYRO3	2253	3753	2189	2283	2476	2266	2563
ENSG00000092470	WDR76	607	972	657	634	1048	1091	1414
ENSG00000092529	CAPN3	120	220	68	75	152	150	92
ENSG00000092531	SNAP23	2458	4213	2343	2251	3040	2770	3359
ENSG00000092607	TBX15	4	5	0	0	4	2	3
ENSG00000092621	PHGDH	4473	7731	5838	5570	6558	6462	7857
ENSG00000092758	COL9A3	7140	12103	6850	6827	6798	2495	7206
ENSG00000092820	EZR	1720	2992	1850	1890	2932	2896	3608
ENSG00000092841	MYL6	4420	7722	4989	4716	7388	7483	9546
ENSG00000092847	AGO1	2879	4662	2776	2909	3464	3334	4204
ENSG00000092850	TEKT2	1	0	0	0	0	1	2
ENSG00000092853	CLSPN	1189	1782	1308	1217	2661	2215	3440
ENSG00000092871	RFFL	599	1060	605	603	835	741	890
ENSG00000092929	UNC13D	8	21	9	9	21	12	24
ENSG00000092931	MFSD11	448	665	363	423	471	398	601
ENSG00000092964	DPYSL2	1689	2869	1741	1769	1792	1812	2164
ENSG00000092969	TGFB2	159	273	117	142	188	181	184
ENSG00000092978	GPATCH2	863	1341	809	851	1478	1346	1786
ENSG00000093000	NUP50	3315	5474	3089	3176	4186	3989	5314
ENSG00000093009	CDC45	481	832	528	562	966	877	1236
ENSG00000093010	COMT	1119	2025	1296	1217	1768	1735	2086
ENSG00000093072	ADA2	38	54	32	30	36	40	48
ENSG00000093144	ECHDC1	947	1491	1028	965	1561	1484	1906
ENSG00000093167	LRRFIP2	2478	4220	2405	2421	2748	2645	3159
ENSG00000093183	SEC22C	1258	2147	1290	1260	1684	1655	2099
ENSG00000093217	XYLB	584	931	541	596	1006	944	1181
ENSG00000094631	HDAC6	630	851	634	505	883	599	848
ENSG00000094661	OR1I1	12	19	15	6	9	15	19
ENSG00000094755	GABRP	20	47	14	40	21	13	29
ENSG00000094804	CDC6	1744	2809	1865	1932	3586	3470	4759
ENSG00000094841	UPRT	522	896	559	543	987	1001	1224
ENSG00000094880	CDC23	1619	2718	1578	1654	2418	2243	2917
ENSG00000094914	AAAS	1671	2742	1748	1657	2297	2218	2618
ENSG00000094916	CBX5	3374	5468	3042	3148	3802	3702	4462
ENSG00000094975	SUCO	1915	3184	1852	1893	2888	2757	3422
ENSG00000095002	MSH2	1387	2302	1481	1259	2272	2329	3059
ENSG00000095015	MAP3K1	879	1432	770	956	1034	1013	1279
ENSG00000095059	DHPS	2409	4209	2447	2285	3164	3195	3660
ENSG00000095066	HOOK2	477	712	479	376	550	418	576
ENSG00000095139	ARCN1	9467	15585	8962	9628	13849	13681	17126
ENSG00000095203	EPB41L4B	55	94	82	50	80	78	122
ENSG00000095209	TMEM38B	619	1039	633	564	844	870	1024
ENSG00000095261	PSMD5	1730	2883	1627	1774	2654	2635	3596
ENSG00000095303	PTGS1	150	239	127	108	97	157	130
ENSG00000095319	NUP188	2867	4795	2911	2971	4618	4614	6445
ENSG00000095321	CRAT	1057	1827	1008	1060	1140	1174	1245
ENSG00000095370	SH2D3C	10	14	12	13	15	15	18
ENSG00000095380	NANS	1340	2425	1607	1405	2090	1992	2358
ENSG00000095383	TBC1D2	86	128	113	67	116	104	151
ENSG00000095397	WHRN	958	1529	841	918	1084	1069	1287
ENSG00000095464	PDE6C	4	8	3	2	2	1	1
ENSG00000095485	CWF19L1	764	1287	851	833	1124	1000	1232
ENSG00000095539	SEMA4G	278	551	304	354	261	350	352
ENSG00000095564	BTAF1	2759	4284	2333	2585	3039	3081	3757
ENSG00000095574	IKZF5	756	1171	748	704	864	776	1003
ENSG00000095585	BLNK	0	4	0	0	2	2	0
ENSG00000095587	TLL2	15	33	24	16	16	28	25
ENSG00000095596	CYP26A1	0	13	2	9	13	7	9
ENSG00000095627	TDRD1	5	5	3	7	7	2	8
ENSG00000095637	SORBS1	781	1338	816	788	1369	1376	1594
ENSG00000095713	CRTAC1	5	15	6	7	10	4	17
ENSG00000095739	BAMBI	2520	4179	2770	2654	2893	2609	3379
ENSG00000095752	IL11	88	167	89	86	101	86	137
ENSG00000095787	WAC	2412	4214	2455	2529	3425	3044	4114
ENSG00000095794	CREM	767	1226	742	699	1541	1609	2002
ENSG00000095906	NUBP2	903	1707	1159	1120	1777	1469	2095
ENSG00000095917	TPSD1	0	0	0	0	1	0	0
ENSG00000095932	SMIM24	2	1	0	0	4	0	2
ENSG00000095951	HIVEP1	431	683	338	402	446	530	538
ENSG00000095970	TREM2	0	3	0	0	0	0	0
ENSG00000095981	KCNK16	0	0	1	0	0	0	0
ENSG00000096060	FKBP5	953	1481	968	902	1328	1362	1733
ENSG00000096063	SRPK1	2181	3608	2053	2085	2690	2444	3312
ENSG00000096070	BRPF3	495	921	459	564	579	636	701
ENSG00000096080	MRPS18A	976	1674	1045	970	1471	1458	1841
ENSG00000096088	PGC	0	0	0	0	0	1	1
ENSG00000096092	TMEM14A	307	471	333	321	476	419	537
ENSG00000096093	EFHC1	259	438	157	253	309	281	287
ENSG00000096384	HSP90AB1	48206	79834	50281	48119	67006	64506	80205
ENSG00000096401	CDC5L	1309	2261	1293	1372	2322	2139	2654
ENSG00000096433	ITPR3	6983	11316	6266	6936	9038	8911	10635
ENSG00000096654	ZNF184	272	446	268	260	305	344	417
ENSG00000096696	DSP	1046	1564	878	979	1631	1616	1928
ENSG00000096717	SIRT1	588	1094	670	630	876	853	1114
ENSG00000096746	HNRNPH3	1894	3324	2220	2128	4406	4294	5973
ENSG00000096872	IFT74	786	1251	715	616	942	1028	1126
ENSG00000096968	JAK2	368	611	312	342	388	356	395
ENSG00000096996	IL12RB1	58	86	57	52	72	45	78
ENSG00000097007	ABL1	4758	7850	4554	4864	5294	5378	6113
ENSG00000097021	ACOT7	3643	6361	4096	3922	5195	5258	6454
ENSG00000097033	SH3GLB1	1258	1991	1267	1191	1375	1333	1650
ENSG00000097046	CDC7	554	942	489	484	851	791	1073
ENSG00000097096	SYDE2	24	36	21	27	35	29	42
ENSG00000099139	PCSK5	747	1253	835	810	794	742	1011
ENSG00000099194	SCD	13840	23209	14599	14796	18386	18049	21579
ENSG00000099203	TMED1	795	1420	903	815	1059	992	1308
ENSG00000099204	ABLIM1	814	1346	701	740	1311	1271	1525
ENSG00000099219	ERMP1	996	1524	977	917	1049	383	1306
ENSG00000099246	RAB18	822	1412	803	697	1221	1343	1443
ENSG00000099250	NRP1	1349	2306	1451	1472	1773	1630	2599
ENSG00000099256	PRTFDC1	20	27	18	15	17	12	24
ENSG00000099260	PALMD	1031	1720	901	905	990	853	1042
ENSG00000099282	TSPAN15	94	155	80	69	85	58	80
ENSG00000099284	MACROH2A2	246	450	259	254	276	323	361
ENSG00000099290	WASHC2A	966	1539	896	1010	1080	1065	1200
ENSG00000099308	MAST3	928	1645	894	943	1128	1134	1278
ENSG00000099326	MZF1	314	507	312	299	340	264	377
ENSG00000099330	OCEL1	632	1172	636	573	742	827	851
ENSG00000099331	MYO9B	5875	9523	5596	6053	7445	6934	8579
ENSG00000099337	KCNK6	110	204	138	116	118	90	112
ENSG00000099338	CATSPERG	8	12	3	6	6	5	14
ENSG00000099341	PSMD8	4401	7968	5154	5039	7500	7689	9795
ENSG00000099364	FBXL19	1783	3062	1911	1795	1988	1234	2418
ENSG00000099365	STX1B	101	123	82	67	101	68	83
ENSG00000099377	HSD3B7	61	93	62	57	65	61	81
ENSG00000099381	SETD1A	1649	2553	1648	1760	2035	1943	2541
ENSG00000099385	BCL7C	579	1037	679	678	1017	716	1225
ENSG00000099399	MAGEB2	49	67	66	63	163	149	182
ENSG00000099617	EFNA2	9	16	11	9	7	15	12
ENSG00000099622	CIRBP	2816	4735	2769	2820	4160	2781	4416
ENSG00000099624	ATP5F1D	1807	3365	2128	2018	2698	2618	3276
ENSG00000099625	CBARP	278	375	288	311	221	172	308
ENSG00000099715	PCDH11Y	49	68	48	40	53	50	56
ENSG00000099769	IGFALS	44	57	35	39	25	25	25
ENSG00000099783	HNRNPM	8948	14987	9882	9270	13886	12434	17271
ENSG00000099785	MARCHF2	421	746	431	377	463	467	517
ENSG00000099795	NDUFB7	1736	3074	2042	1942	2550	2600	3332
ENSG00000099797	TECR	4502	7674	5038	4934	6936	6703	8272
ENSG00000099800	TIMM13	1400	2262	1492	1420	2138	2233	2836
ENSG00000099804	CDC34	1153	2098	1392	1213	1636	1523	2083
ENSG00000099810	MTAP	24543	39875	21558	21192	29929	28129	30601
ENSG00000099812	MISP	0	2	2	0	0	0	2
ENSG00000099814	CEP170B	1643	2663	1681	1627	2016	1697	2320
ENSG00000099817	POLR2E	956	1537	1051	991	1358	1238	1558
ENSG00000099821	POLRMT	2679	4316	2817	2777	3375	3170	4181
ENSG00000099822	HCN2	212	412	214	251	229	201	204
ENSG00000099834	CDHR5	9	7	0	5	6	2	9
ENSG00000099840	IZUMO4	8	4	7	7	20	10	7
ENSG00000099849	RASSF7	129	265	168	148	222	189	253
ENSG00000099860	GADD45B	307	507	345	325	383	339	393
ENSG00000099864	PALM	428	662	390	386	397	377	443
ENSG00000099866	MADCAM1	36	44	25	23	21	18	27
ENSG00000099875	MKNK2	1359	2317	1488	1511	1531	1457	1759
ENSG00000099889	ARVCF	37	46	46	30	34	40	40
ENSG00000099899	TRMT2A	959	1891	1133	1077	1594	1540	2008
ENSG00000099901	RANBP1	3102	5195	3537	3474	5520	5432	7474
ENSG00000099904	ZDHHC8	1270	2071	1243	1262	1682	1530	1790
ENSG00000099910	KLHL22	317	513	286	301	556	543	626
ENSG00000099917	MED15	2996	5148	3108	3265	4353	4403	5091
ENSG00000099937	SERPIND1	19	36	32	25	47	43	68
ENSG00000099940	SNAP29	969	1596	973	975	1517	1392	1825
ENSG00000099942	CRKL	1406	2284	1382	1503	1922	1935	2448
ENSG00000099949	LZTR1	831	1461	914	861	1276	1276	1513
ENSG00000099953	MMP11	26	46	32	19	38	34	34
ENSG00000099954	CECR2	411	792	468	530	711	639	808
ENSG00000099956	SMARCB1	1547	2583	1601	1651	1415	1380	1573
ENSG00000099957	P2RX6	16	96	70	44	62	62	0
ENSG00000099968	BCL2L13	847	1499	859	838	1157	1198	1382
ENSG00000099977	DDT	1655	2949	1882	1856	2404	2429	2835
ENSG00000099985	OSM	0	0	2	1	0	1	1
ENSG00000099991	CABIN1	2086	3454	1989	2003	2828	2742	3015
ENSG00000099992	TBC1D10A	461	808	526	475	512	498	560
ENSG00000099994	SUSD2	23	63	39	27	35	44	50
ENSG00000099995	SF3A1	4790	8138	5005	5211	6698	6735	8013
ENSG00000099999	RNF215	368	527	349	322	407	361	448
ENSG00000100003	SEC14L2	673	1118	620	670	813	744	947
ENSG00000100012	SEC14L3	2	0	0	1	0	1	0
ENSG00000100014	SPECC1L	1182	2008	1169	1278	1804	1735	2263
ENSG00000100023	PPIL2	557	1191	632	599	614	739	752
ENSG00000100024	UPB1	5	0	0	0	0	0	0
ENSG00000100027	YPEL1	21	25	32	14	36	64	43
ENSG00000100028	SNRPD3	1776	2685	1833	1781	2982	2895	3863
ENSG00000100029	PES1	2563	4479	2833	2693	4112	4141	5409
ENSG00000100030	MAPK1	4773	7844	4600	4706	6222	6017	7672
ENSG00000100031	GGT1	0	17	0	9	3	16	7
ENSG00000100033	PRODH	0	2	0	1	5	2	3
ENSG00000100034	PPM1F	2096	3493	2159	2181	2619	2372	3205
ENSG00000100036	SLC35E4	294	540	281	320	339	374	388
ENSG00000100038	TOP3B	446	765	399	450	584	636	790
ENSG00000100053	CRYBB3	0	0	1	0	0	1	1
ENSG00000100055	CYTH4	6	0	3	3	4	6	4
ENSG00000100056	ESS2	34	73	42	73	59	65	96
ENSG00000100060	MFNG	8	10	4	7	5	3	8
ENSG00000100065	CARD10	196	288	280	264	249	215	388
ENSG00000100075	SLC25A1	1811	3073	1925	1893	2060	2000	2426
ENSG00000100077	GRK3	42	59	39	39	41	31	45
ENSG00000100078	PLA2G3	2	2	6	5	4	2	0
ENSG00000100079	LGALS2	0	1	0	0	0	0	1
ENSG00000100083	GGA1	1396	2296	1336	1348	1838	1672	1964
ENSG00000100084	HIRA	898	1478	940	934	1206	1124	1449
ENSG00000100092	SH3BP1	469	775	464	468	543	678	682
ENSG00000100097	LGALS1	3989	7347	5250	4977	5968	5887	7905
ENSG00000100099	HPS4	548	772	406	350	507	643	630
ENSG00000100100	PIK3IP1	43	60	30	23	42	38	34
ENSG00000100104	SRRD	686	1237	760	755	931	856	1131
ENSG00000100105	PATZ1	1152	1902	1161	1183	1476	1238	1764
ENSG00000100106	TRIOBP	2219	3711	2397	2276	2732	2404	3140
ENSG00000100109	TFIP11	761	1251	804	732	1564	1494	1980
ENSG00000100116	GCAT	229	355	269	230	335	332	380
ENSG00000100121	GGTLC2	0	1	0	3	0	1	0
ENSG00000100124	ANKRD54	1016	1816	1162	1160	1569	1499	2042
ENSG00000100129	EIF3L	8553	14421	7909	8297	11280	11407	12768
ENSG00000100138	SNU13	2410	4285	2669	2425	3651	3877	4966
ENSG00000100139	MICALL1	1388	2407	1589	1548	2198	2046	2882
ENSG00000100142	POLR2F	2284	4000	2594	2595	3324	3288	4396
ENSG00000100146	SOX10	37307	63333	39684	39264	46127	41896	55377
ENSG00000100147	CCDC134	480	703	453	514	523	566	662
ENSG00000100150	DEPDC5	255	414	255	256	325	268	342
ENSG00000100151	PICK1	583	963	521	586	904	691	1004
ENSG00000100154	TTC28	354	525	275	277	366	412	414
ENSG00000100156	SLC16A8	98	119	75	81	89	51	84
ENSG00000100162	CENPM	284	469	343	294	572	548	688
ENSG00000100167	SEPTIN3	123	217	144	132	222	205	243
ENSG00000100170	SLC5A1	0	0	0	0	0	1	0
ENSG00000100191	SLC5A4	47	84	62	63	123	116	179
ENSG00000100196	KDELR3	963	1713	1091	1063	1457	1483	1661
ENSG00000100197	CYP2D6	19	10	0	16	14	8	8
ENSG00000100201	DDX17	7381	11773	6736	7028	9484	9331	11387
ENSG00000100206	DMC1	20	36	17	20	35	33	37
ENSG00000100207	TCF20	1245	2025	1180	1288	1789	1739	2262
ENSG00000100209	HSCB	137	268	149	122	191	127	197
ENSG00000100211	CBY1	264	474	285	260	336	316	319
ENSG00000100216	TOMM22	1836	3135	2015	1972	3290	2961	3942
ENSG00000100218	RSPH14	1	2	2	0	1	2	7
ENSG00000100219	XBP1	1741	3131	1943	1797	3622	3581	4294
ENSG00000100220	RTCB	1850	3075	1855	1823	2740	2630	3430
ENSG00000100221	JOSD1	1025	1767	1021	1080	1808	1689	2166
ENSG00000100225	FBXO7	3698	6319	3635	3671	4410	4441	5181
ENSG00000100226	GTPBP1	1783	3096	1793	1845	2466	2389	2883
ENSG00000100227	POLDIP3	2262	3832	2428	2461	2581	2611	3097
ENSG00000100228	RAB36	296	502	270	302	443	415	536
ENSG00000100234	TIMP3	29919	50768	34023	33647	37063	36028	49237
ENSG00000100239	PPP6R2	1067	1780	1085	1053	1229	1228	1485
ENSG00000100241	SBF1	3319	5386	3465	3561	4258	3870	5136
ENSG00000100242	SUN2	3310	5384	3334	3193	3533	3128	4140
ENSG00000100243	CYB5R3	3010	5532	3433	3412	3999	4272	4690
ENSG00000100246	DNAL4	286	476	281	292	395	402	445
ENSG00000100253	MIOX	11	21	9	11	18	15	13
ENSG00000100258	LMF2	1210	2080	1332	1353	2022	2051	2614
ENSG00000100263	RHBDD3	164	283	169	171	252	212	290
ENSG00000100266	PACSIN2	3933	6580	3741	3935	4650	4373	5556
ENSG00000100271	TTLL1	126	213	129	108	86	133	117
ENSG00000100276	RASL10A	6	18	9	8	20	19	9
ENSG00000100280	AP1B1	3651	6268	3806	3846	4836	4700	5728
ENSG00000100281	HMGXB4	482	861	552	567	548	429	914
ENSG00000100284	TOM1	576	870	578	530	677	684	853
ENSG00000100285	NEFH	1	1	1	1	2	2	0
ENSG00000100288	CHKB	106	191	175	142	138	205	203
ENSG00000100290	BIK	10	11	11	7	9	6	15
ENSG00000100292	HMOX1	255	430	264	274	394	380	468
ENSG00000100294	MCAT	371	689	404	449	623	603	785
ENSG00000100296	THOC5	2004	3402	2049	2014	1951	1954	2248
ENSG00000100297	MCM5	1839	3175	2190	2169	2796	2675	3587
ENSG00000100298	APOBEC3H	2	3	2	5	10	8	1
ENSG00000100299	ARSA	612	992	629	619	809	785	960
ENSG00000100300	TSPO	1467	2542	1663	1581	2021	1903	2326
ENSG00000100302	RASD2	288	475	273	292	300	266	321
ENSG00000100304	TTLL12	2176	3682	2435	2429	3509	3481	4349
ENSG00000100307	CBX7	469	737	403	374	487	413	608
ENSG00000100311	PDGFB	10	16	18	8	14	13	12
ENSG00000100312	ACR	0	1	0	0	5	3	1
ENSG00000100314	CABP7	4	5	3	1	11	3	9
ENSG00000100316	RPL3	44494	74483	46705	43314	47120	45881	52511
ENSG00000100319	ZMAT5	213	352	223	229	342	361	450
ENSG00000100320	RBFOX2	4128	6515	3882	3908	4975	4596	6038
ENSG00000100321	SYNGR1	475	772	441	442	654	621	727
ENSG00000100324	TAB1	869	1578	960	998	1221	1147	1478
ENSG00000100325	ASCC2	1328	2071	1336	1210	1590	1550	1842
ENSG00000100330	MTMR3	726	1122	655	701	700	715	829
ENSG00000100335	MIEF1	1674	2917	1696	1647	1970	1890	2288
ENSG00000100336	APOL4	20	32	0	14	20	27	36
ENSG00000100342	APOL1	34	53	40	37	45	30	47
ENSG00000100344	PNPLA3	327	489	307	324	344	304	343
ENSG00000100345	MYH9	9342	14935	8984	9986	11748	10102	14185
ENSG00000100346	CACNA1I	0	3	0	0	0	1	2
ENSG00000100347	SAMM50	1592	2737	1611	1489	2050	1972	2406
ENSG00000100348	TXN2	1829	3117	1990	1753	2778	2694	3466
ENSG00000100350	FOXRED2	927	1574	950	1004	2006	1989	2501
ENSG00000100351	GRAP2	63	106	58	58	38	45	45
ENSG00000100353	EIF3D	5066	8638	5256	4963	6658	6861	7820
ENSG00000100354	TNRC6B	1670	2775	1590	1675	2137	2107	2718
ENSG00000100359	SGSM3	1274	2112	1286	1317	1577	1530	1701
ENSG00000100360	IFT27	57	67	41	45	75	65	81
ENSG00000100364	KIAA0930	990	2007	1214	1183	1347	1210	1611
ENSG00000100372	SLC25A17	735	1153	670	689	766	753	950
ENSG00000100376	FAM118A	282	437	265	260	360	368	425
ENSG00000100379	KCTD17	375	698	442	416	599	476	744
ENSG00000100380	ST13	7357	12536	7337	7340	9416	9264	10866
ENSG00000100385	IL2RB	158	223	99	95	89	90	87
ENSG00000100387	RBX1	581	1103	733	695	896	894	1134
ENSG00000100393	EP300	2811	4339	2504	2849	3472	3453	4206
ENSG00000100395	L3MBTL2	486	775	517	480	926	917	1147
ENSG00000100399	CHADL	5	6	7	8	12	9	13
ENSG00000100401	RANGAP1	5489	9098	5970	5805	8127	7426	9952
ENSG00000100403	ZC3H7B	2688	4374	2720	2728	3113	3050	3871
ENSG00000100410	PHF5A	637	1138	709	695	1295	1299	1716
ENSG00000100412	ACO2	1406	2399	1470	1432	1827	1868	2091
ENSG00000100413	POLR3H	857	1330	850	754	1137	1098	1581
ENSG00000100416	TRMU	197	403	240	258	286	301	395
ENSG00000100417	PMM1	488	835	567	519	573	601	581
ENSG00000100418	DESI1	948	1779	1040	1086	1139	1190	1423
ENSG00000100422	CERK	1188	1865	1078	1084	1508	1471	1762
ENSG00000100425	BRD1	651	1137	643	763	852	730	879
ENSG00000100426	ZBED4	966	1559	929	968	1219	1227	1409
ENSG00000100427	MLC1	0	3	3	3	3	1	3
ENSG00000100429	HDAC10	327	674	360	380	409	436	452
ENSG00000100439	ABHD4	208	355	220	234	345	353	462
ENSG00000100441	KHNYN	1941	3317	1800	1887	2102	1611	2410
ENSG00000100442	FKBP3	1302	2024	1306	1237	1850	1761	2307
ENSG00000100445	SDR39U1	491	773	541	519	717	682	824
ENSG00000100453	GZMB	4	5	0	3	3	4	6
ENSG00000100461	RBM23	1504	2737	1697	1583	2062	2014	2408
ENSG00000100462	PRMT5	2276	3882	2444	2367	3052	2892	3770
ENSG00000100473	COCH	685	1071	641	624	707	672	691
ENSG00000100478	AP4S1	71	112	78	105	145	126	179
ENSG00000100479	POLE2	186	346	201	238	337	351	461
ENSG00000100483	VCPKMT	10	29	12	21	83	49	71
ENSG00000100485	SOS2	632	1098	625	597	691	699	897
ENSG00000100490	CDKL1	172	318	206	171	257	258	306
ENSG00000100503	NIN	1977	3212	1785	2024	2391	2553	3094
ENSG00000100504	PYGL	2958	4947	2723	2912	2936	2999	3178
ENSG00000100505	TRIM9	860	1371	771	750	1075	936	1190
ENSG00000100519	PSMC6	1117	1889	1164	1048	1559	1543	1870
ENSG00000100522	GNPNAT1	1018	1686	1008	982	1766	1789	2447
ENSG00000100523	DDHD1	636	970	551	643	657	609	777
ENSG00000100526	CDKN3	403	718	434	427	584	638	679
ENSG00000100528	CNIH1	2264	3919	2234	2189	3248	3177	3988
ENSG00000100532	CGRRF1	73	139	58	90	131	159	196
ENSG00000100554	ATP6V1D	975	1688	1065	1008	1138	1053	1304
ENSG00000100557	CCDC198	0	4	1	1	3	1	1
ENSG00000100558	PLEK2	1	1	0	1	0	1	0
ENSG00000100564	PIGH	258	457	282	268	415	391	462
ENSG00000100565	LRRC74A	0	0	0	0	1	0	0
ENSG00000100567	PSMA3	1580	2615	1637	1637	2408	2520	3131
ENSG00000100568	VTI1B	632	1067	641	577	846	784	1004
ENSG00000100575	TIMM9	475	771	472	431	553	543	678
ENSG00000100577	GSTZ1	319	526	332	311	452	433	513
ENSG00000100578	KIAA0586	683	1236	728	696	888	706	1038
ENSG00000100580	TMED8	1394	2255	1369	1353	2132	1885	2720
ENSG00000100583	SAMD15	98	176	113	83	178	175	187
ENSG00000100591	AHSA1	2779	4665	2971	2774	3994	4036	5053
ENSG00000100592	DAAM1	528	761	459	432	567	606	760
ENSG00000100593	ISM2	1	1	4	4	13	10	7
ENSG00000100596	SPTLC2	1303	2056	1242	1282	1366	1438	1619
ENSG00000100599	RIN3	635	1077	677	655	853	748	977
ENSG00000100600	LGMN	1090	1848	1056	1023	1291	1367	1410
ENSG00000100601	ALKBH1	240	345	251	248	400	381	489
ENSG00000100603	SNW1	2277	3910	2329	2286	3795	3614	4727
ENSG00000100604	CHGA	0	0	2	1	1	1	2
ENSG00000100605	ITPK1	4125	7014	4499	4371	5778	5703	7099
ENSG00000100612	DHRS7	574	924	616	502	801	751	941
ENSG00000100614	PPM1A	991	1618	908	890	1301	1268	1530
ENSG00000100625	SIX4	490	814	474	484	609	533	720
ENSG00000100626	GALNT16	29	30	25	17	30	23	32
ENSG00000100628	ASB2	126	177	122	126	160	156	154
ENSG00000100629	CEP128	172	240	138	192	254	270	287
ENSG00000100632	ERH	3342	5728	3807	3754	6578	6651	8860
ENSG00000100644	HIF1A	11154	18273	11187	11550	14590	14463	17321
ENSG00000100647	SUSD6	516	867	502	526	759	723	979
ENSG00000100650	SRSF5	2017	3190	2105	2028	3218	3064	3924
ENSG00000100652	SLC10A1	3	1	1	2	3	2	4
ENSG00000100664	EIF5	4512	7191	4260	4316	2917	2872	2886
ENSG00000100678	SLC8A3	0	1	1	0	0	0	0
ENSG00000100697	DICER1	1254	2042	1143	1126	1473	1350	1631
ENSG00000100711	ZFYVE21	217	364	227	234	311	290	366
ENSG00000100714	MTHFD1	3534	5697	3581	3593	4898	5184	6506
ENSG00000100722	ZC3H14	1072	1757	1038	1093	1414	1414	1769
ENSG00000100726	TELO2	808	1502	924	838	1293	1262	1769
ENSG00000100731	PCNX1	1945	3185	1609	1839	1983	1874	2463
ENSG00000100739	BDKRB1	1	0	1	0	1	0	1
ENSG00000100744	GSKIP	492	911	491	474	798	742	979
ENSG00000100749	VRK1	615	988	697	661	1252	1156	1509
ENSG00000100764	PSMC1	1639	2713	1782	1639	2400	2347	2991
ENSG00000100767	PAPLN	271	402	284	267	266	266	369
ENSG00000100784	RPS6KA5	534	822	533	531	734	656	876
ENSG00000100796	PPP4R3A	973	1561	1029	884	1411	1195	1585
ENSG00000100802	C14orf93	418	640	386	392	307	376	361
ENSG00000100804	PSMB5	2718	4630	2971	2663	3652	3454	4259
ENSG00000100811	YY1	3274	5568	3197	3288	4186	3693	4887
ENSG00000100813	ACIN1	3792	6322	3800	3978	4927	4041	6244
ENSG00000100814	CCNB1IP1	1272	2176	1200	1156	1180	1098	1045
ENSG00000100815	TRIP11	1417	2207	1240	1347	1862	1823	2100
ENSG00000100823	APEX1	3442	5789	3680	3405	6616	6542	8278
ENSG00000100836	PABPN1	4031	6086	4042	3648	6217	4176	6994
ENSG00000100842	EFS	11	20	17	19	16	12	17
ENSG00000100852	ARHGAP5	4863	7835	4344	4684	5442	5407	6447
ENSG00000100865	CINP	500	804	506	522	724	696	833
ENSG00000100867	DHRS2	14	31	11	21	14	9	25
ENSG00000100883	SRP54	1550	2739	1705	1575	2388	2371	3130
ENSG00000100884	CPNE6	0	0	0	2	0	0	0
ENSG00000100888	CHD8	2599	4125	2378	2433	3629	3583	4423
ENSG00000100889	PCK2	956	1610	1071	980	1169	1166	1310
ENSG00000100890	PRORP	506	837	362	485	667	583	744
ENSG00000100897	DCAF11	843	1502	1008	867	1204	989	1190
ENSG00000100902	PSMA6	2386	4329	2722	2699	4433	4333	5331
ENSG00000100906	NFKBIA	429	792	370	432	386	432	391
ENSG00000100908	EMC9	199	365	288	223	284	225	351
ENSG00000100911	PSME2	1796	2964	1934	1783	2192	2172	2725
ENSG00000100916	BRMS1L	232	323	198	243	315	300	378
ENSG00000100918	REC8	23	32	8	18	7	29	22
ENSG00000100926	TM9SF1	1504	2590	1684	1541	2149	2018	2560
ENSG00000100934	SEC23A	2549	4209	2429	2676	3116	2827	3453
ENSG00000100938	GMPR2	902	1587	926	922	1123	1095	1238
ENSG00000100941	PNN	3671	5565	3403	3459	4246	4138	4989
ENSG00000100949	RABGGTA	423	688	455	390	523	518	563
ENSG00000100968	NFATC4	717	1278	648	601	695	483	584
ENSG00000100979	PLTP	3700	6575	3567	3519	3765	3943	3898
ENSG00000100982	PCIF1	1731	2901	1825	1785	2205	2139	2715
ENSG00000100983	GSS	2673	4584	2818	2790	4036	4123	5070
ENSG00000100985	MMP9	1	0	0	0	0	0	0
ENSG00000100987	VSX1	1	1	0	0	0	0	0
ENSG00000100991	TRPC4AP	2623	4395	2457	2552	3421	3231	3856
ENSG00000100994	PYGB	44663	74918	43455	43449	42286	40718	47779
ENSG00000100997	ABHD12	2032	3433	2214	2091	2794	2613	3254
ENSG00000101000	PROCR	1233	2128	1269	1212	1419	1393	1565
ENSG00000101003	GINS1	797	1357	919	924	1902	1897	2452
ENSG00000101004	NINL	205	370	233	205	205	176	246
ENSG00000101017	CD40	44	88	52	69	80	83	64
ENSG00000101019	UQCC1	1328	2193	1256	1215	1599	1574	1900
ENSG00000101040	ZMYND8	6977	11588	6416	6732	8211	7940	9369
ENSG00000101052	IFT52	607	1035	634	615	577	535	671
ENSG00000101057	MYBL2	2723	4918	3230	3345	4936	4907	6326
ENSG00000101074	R3HDML	1	0	0	0	0	2	1
ENSG00000101076	HNF4A	0	0	1	0	0	0	3
ENSG00000101079	NDRG3	1720	2835	1676	1733	2216	2282	2685
ENSG00000101082	SLA2	0	0	0	4	4	1	4
ENSG00000101084	RAB5IF	1280	2126	1409	1284	1829	1852	2446
ENSG00000101096	NFATC2	11151	18554	10202	10895	10796	10846	12986
ENSG00000101098	RIMS4	0	0	1	0	1	0	0
ENSG00000101104	PABPC1L	494	841	418	538	590	629	819
ENSG00000101109	STK4	2616	4308	2516	2576	3431	3206	3962
ENSG00000101115	SALL4	107	175	74	93	77	73	85
ENSG00000101126	ADNP	5372	8978	5132	5393	6091	6076	7275
ENSG00000101132	PFDN4	744	1233	732	769	775	879	1059
ENSG00000101134	DOK5	2	4	1	5	3	1	2
ENSG00000101138	CSTF1	692	1161	770	726	1116	1055	1168
ENSG00000101144	BMP7	309	583	317	336	437	362	467
ENSG00000101146	RAE1	1532	2527	1637	1600	2648	2618	3288
ENSG00000101150	TPD52L2	2419	4460	2767	2645	3599	3508	4280
ENSG00000101152	DNAJC5	1202	2456	1321	1474	1726	1715	1985
ENSG00000101158	NELFCD	3077	5229	3132	3322	4592	4383	5656
ENSG00000101160	CTSZ	7053	11235	7418	7363	7498	4818	8506
ENSG00000101161	PRPF6	3838	6496	3973	3936	4990	4807	5884
ENSG00000101162	TUBB1	51	75	27	35	74	54	86
ENSG00000101166	PRELID3B	5127	8473	5091	4871	6901	6536	8333
ENSG00000101180	HRH3	0	1	0	0	1	1	0
ENSG00000101181	MTG2	1487	2482	1595	1555	1877	1745	2470
ENSG00000101182	PSMA7	5931	9786	6744	6301	8139	7505	9668
ENSG00000101187	SLCO4A1	676	1084	751	708	1037	1005	1315
ENSG00000101188	NTSR1	147	276	155	136	148	196	285
ENSG00000101189	MRGBP	1351	2185	1364	1239	1504	1518	1680
ENSG00000101190	TCFL5	1045	1789	1073	1113	1262	1064	1357
ENSG00000101191	DIDO1	4005	6248	3623	3992	4922	4613	5980
ENSG00000101193	GID8	2262	3786	2384	2375	3009	2809	3640
ENSG00000101194	SLC17A9	1355	2304	1212	1321	1753	1550	2139
ENSG00000101197	BIRC7	2	2	3	2	2	2	4
ENSG00000101198	NKAIN4	11	11	14	9	4	2	5
ENSG00000101199	ARFGAP1	2235	3698	2393	2160	3398	3104	4351
ENSG00000101203	COL20A1	3	3	3	1	8	2	0
ENSG00000101210	EEF1A2	127	269	144	133	165	160	158
ENSG00000101213	PTK6	11	23	15	14	7	20	16
ENSG00000101216	GMEB2	721	1248	716	778	860	856	1154
ENSG00000101220	C20orf27	766	1360	875	770	1170	1176	1505
ENSG00000101222	SPEF1	8	9	11	4	7	14	14
ENSG00000101224	CDC25B	6823	11595	6847	7312	7671	7410	9029
ENSG00000101230	ISM1	4	7	1	3	0	0	5
ENSG00000101236	RNF24	1326	2091	1307	1240	1637	1534	1945
ENSG00000101246	ARFRP1	765	1323	847	709	1217	1016	1454
ENSG00000101247	NDUFAF5	124	200	132	140	149	156	216
ENSG00000101255	TRIB3	727	1270	773	813	1239	1271	1586
ENSG00000101265	RASSF2	29	41	27	25	35	34	38
ENSG00000101266	CSNK2A1	3913	7149	4243	4057	5881	5315	6741
ENSG00000101276	SLC52A3	1	0	0	0	0	1	0
ENSG00000101280	ANGPT4	0	0	1	1	0	0	1
ENSG00000101282	RSPO4	1	0	0	0	0	1	0
ENSG00000101290	CDS2	814	1242	728	788	1024	1059	1177
ENSG00000101294	HM13	6518	11326	6842	6651	8291	8624	10028
ENSG00000101298	SNPH	278	421	277	294	261	279	359
ENSG00000101306	MYLK2	5	7	0	4	5	2	9
ENSG00000101307	SIRPB1	86	169	73	113	157	178	179
ENSG00000101310	SEC23B	2636	4510	2752	2857	3615	3598	4686
ENSG00000101311	FERMT1	354	539	378	328	585	582	576
ENSG00000101323	HAO1	2	0	0	0	0	0	0
ENSG00000101327	PDYN	2	0	0	1	0	1	1
ENSG00000101331	CCM2L	0	0	0	1	0	0	0
ENSG00000101333	PLCB4	86	155	75	79	127	130	147
ENSG00000101335	MYL9	68	112	86	76	102	92	102
ENSG00000101337	TM9SF4	2357	4052	2578	2469	2901	2780	3278
ENSG00000101342	TLDC2	10	3	5	10	14	15	8
ENSG00000101343	CRNKL1	1525	2615	1549	1429	2223	2078	2471
ENSG00000101346	POFUT1	3475	5929	3455	3534	4339	4196	5197
ENSG00000101347	SAMHD1	345	461	340	354	505	562	702
ENSG00000101349	PAK5	0	0	0	1	0	0	0
ENSG00000101350	KIF3B	2582	4127	2303	2398	3357	3438	4212
ENSG00000101353	MROH8	26	26	20	18	20	29	25
ENSG00000101361	NOP56	2695	4601	2817	2616	4730	4571	6284
ENSG00000101363	MANBAL	1377	2282	1398	1358	1915	1828	2313
ENSG00000101365	IDH3B	2797	4737	3006	2893	3800	3730	4872
ENSG00000101367	MAPRE1	3884	6436	4109	3882	5847	5733	7599
ENSG00000101384	JAG1	1213	1895	1131	1119	1606	1596	2248
ENSG00000101391	CDK5RAP1	826	1299	792	771	1354	1211	1526
ENSG00000101400	SNTA1	415	678	434	464	449	430	552
ENSG00000101407	TTI1	2144	3635	2272	2260	3103	3078	3862
ENSG00000101412	E2F1	945	1660	1125	1102	1709	1547	2308
ENSG00000101413	RPRD1B	1690	2849	1701	1676	2445	2360	3029
ENSG00000101417	PXMP4	460	720	479	437	525	507	574
ENSG00000101421	CHMP4B	2346	3926	2499	2496	3361	2956	4236
ENSG00000101439	CST3	2732	4785	2945	2885	3576	3401	4081
ENSG00000101440	ASIP	0	3	2	3	7	1	3
ENSG00000101442	ACTR5	294	476	267	271	380	373	526
ENSG00000101443	WFDC2	4	2	7	8	5	2	1
ENSG00000101444	AHCY	4820	8296	5136	4979	6355	6490	7830
ENSG00000101445	PPP1R16B	12	16	12	4	9	17	23
ENSG00000101447	FAM83D	1803	3115	2088	2098	3154	3190	4222
ENSG00000101448	EPPIN	3	2	0	5	4	1	8
ENSG00000101452	DHX35	456	831	487	396	639	643	820
ENSG00000101457	DNTTIP1	1252	2033	1296	1224	1902	1581	2348
ENSG00000101460	MAP1LC3A	576	981	590	545	727	714	787
ENSG00000101464	PIGU	720	1322	793	764	991	1083	1304
ENSG00000101470	TNNC2	5	7	4	3	14	3	6
ENSG00000101473	ACOT8	555	1063	649	611	798	767	902
ENSG00000101474	APMAP	4420	7239	4780	4541	5834	5594	7207
ENSG00000101489	CELF4	2	8	4	3	5	3	3
ENSG00000101493	ZNF516	2192	3557	2079	2147	2632	2436	3128
ENSG00000101542	CDH20	1	2	0	0	0	1	0
ENSG00000101544	ADNP2	1089	1883	1097	1174	1494	1354	1626
ENSG00000101546	RBFA	390	690	441	414	489	513	647
ENSG00000101557	USP14	1836	3320	1999	2163	3199	3005	3907
ENSG00000101558	VAPA	1948	3540	1931	1910	3165	2968	3849
ENSG00000101574	METTL4	265	469	261	270	322	282	320
ENSG00000101577	LPIN2	979	1691	926	1084	1092	1117	1304
ENSG00000101596	SMCHD1	1515	2377	1262	1357	1926	1871	2405
ENSG00000101605	MYOM1	14	23	12	16	12	6	11
ENSG00000101608	MYL12A	1725	2909	1871	1758	1999	1930	2298
ENSG00000101624	CEP76	232	408	219	234	275	289	387
ENSG00000101638	ST8SIA5	517	894	547	510	430	412	493
ENSG00000101639	CEP192	774	1179	499	735	1022	945	1190
ENSG00000101654	RNMT	2716	4193	2398	2480	3667	3518	4297
ENSG00000101665	SMAD7	236	406	245	271	266	139	221
ENSG00000101670	LIPG	77	86	62	46	68	65	73
ENSG00000101680	LAMA1	6	0	0	0	0	0	0
ENSG00000101695	RNF125	893	1352	841	828	1145	1037	1359
ENSG00000101745	ANKRD12	1341	2153	1325	1333	1685	1553	1780
ENSG00000101751	POLI	329	513	278	326	359	375	412
ENSG00000101752	MIB1	2541	4217	2181	2388	2490	2129	2484
ENSG00000101773	RBBP8	754	1362	840	858	1226	1223	1601
ENSG00000101782	RIOK3	1765	2939	1745	1646	2365	2315	2650
ENSG00000101811	CSTF2	1026	1654	1071	1170	1992	1953	2550
ENSG00000101812	H2BW2	14	16	6	9	9	7	10
ENSG00000101825	MXRA5	47	48	16	27	32	29	24
ENSG00000101842	VSIG1	37	53	45	42	42	29	52
ENSG00000101843	PSMD10	963	1623	1019	964	1717	1567	2054
ENSG00000101844	ATG4A	216	382	202	218	337	289	366
ENSG00000101846	STS	19	41	20	33	31	38	41
ENSG00000101849	TBL1X	2409	3913	2483	2504	2984	2879	3751
ENSG00000101850	GPR143	1	4	2	3	2	4	5
ENSG00000101856	PGRMC1	1153	1909	1195	1139	1552	1643	2065
ENSG00000101868	POLA1	1436	2325	1363	1495	2156	2266	2852
ENSG00000101871	MID1	673	1053	694	734	1075	1031	1386
ENSG00000101882	NKAP	972	1601	964	897	1440	1268	1503
ENSG00000101883	RHOXF1	3	3	2	3	5	2	0
ENSG00000101888	NXT2	219	386	233	200	376	406	446
ENSG00000101890	GUCY2F	2	0	0	0	0	0	1
ENSG00000101892	ATP1B4	1	8	4	3	5	4	6
ENSG00000101898	MCTS2	53	95	62	70	76	93	101
ENSG00000101901	ALG13	462	821	428	440	552	539	747
ENSG00000101911	PRPS2	2419	3889	2459	2431	3087	2864	3467
ENSG00000101916	TLR8	2	1	0	1	0	0	0
ENSG00000101928	MOSPD1	272	474	289	239	384	361	454
ENSG00000101935	AMMECR1	1071	1712	1002	1004	1578	1512	2090
ENSG00000101938	CHRDL1	1696	2831	1469	1410	1517	1439	1534
ENSG00000101940	WDR13	2072	3560	2181	1980	2534	2274	2761
ENSG00000101945	SUV39H1	783	1359	836	871	1305	1330	1575
ENSG00000101955	SRPX	14522	25048	15074	14606	15583	15676	17860
ENSG00000101958	GLRA2	0	1	0	0	0	0	0
ENSG00000101966	XIAP	2373	3471	2057	2105	2850	2461	3084
ENSG00000101972	STAG2	6369	10556	5898	6084	7752	7465	8974
ENSG00000101974	ATP11C	833	1302	738	855	837	724	971
ENSG00000101977	MCF2	0	3	1	0	0	0	0
ENSG00000101986	ABCD1	534	957	602	568	849	786	1019
ENSG00000101997	CCDC22	628	1059	634	674	979	956	1142
ENSG00000102001	CACNA1F	1	2	0	0	1	1	0
ENSG00000102003	SYP	44	70	38	38	67	53	95
ENSG00000102007	PLP2	2187	4003	2549	2427	3412	3403	4034
ENSG00000102010	BMX	0	0	0	0	1	4	0
ENSG00000102021	LUZP4	1	1	0	0	1	0	0
ENSG00000102024	PLS3	3856	6444	3918	3847	4941	4901	5791
ENSG00000102030	NAA10	1430	2606	1611	1583	2794	2802	3486
ENSG00000102032	RENBP	35	67	41	31	40	37	30
ENSG00000102034	ELF4	686	1164	653	749	991	904	1191
ENSG00000102038	SMARCA1	2030	3418	1969	1970	1855	1830	2134
ENSG00000102043	MTMR8	0	0	0	0	0	1	0
ENSG00000102048	ASB9	347	568	367	346	468	414	538
ENSG00000102053	ZC3H12B	38	60	35	31	49	46	60
ENSG00000102054	RBBP7	3366	5674	3624	3380	5090	4888	6571
ENSG00000102057	KCND1	145	210	123	121	152	142	151
ENSG00000102078	SLC25A14	223	425	233	223	376	370	506
ENSG00000102081	FMR1	1124	1951	1197	1088	1590	1321	1777
ENSG00000102096	PIM2	491	782	450	466	521	545	637
ENSG00000102098	SCML2	115	168	125	137	179	176	228
ENSG00000102100	SLC35A2	1358	2146	1415	1394	1928	1900	2328
ENSG00000102103	PQBP1	1193	2086	1294	1202	1754	1729	2192
ENSG00000102104	RS1	0	0	0	0	1	0	0
ENSG00000102109	PCSK1N	64	99	59	59	68	60	58
ENSG00000102119	EMD	1562	2397	1499	1645	2435	2350	2968
ENSG00000102125	TAFAZZIN	510	858	476	574	697	634	862
ENSG00000102128	RAB40AL	1	8	1	0	2	0	1
ENSG00000102144	PGK1	15610	27124	16777	16056	22859	22160	26474
ENSG00000102145	GATA1	0	2	1	0	0	0	1
ENSG00000102158	MAGT1	1000	1681	1312	1083	1554	1316	1661
ENSG00000102172	SMS	4258	7281	4609	4322	6344	6164	7854
ENSG00000102174	PHEX	172	244	154	104	223	176	196
ENSG00000102178	UBL4A	1802	3109	1937	1928	2454	2334	2945
ENSG00000102181	CD99L2	1717	2813	1750	1748	1955	1951	2294
ENSG00000102189	EEA1	2939	4563	2501	2771	3832	3602	4373
ENSG00000102195	GPR50	0	0	0	0	0	1	0
ENSG00000102218	RP2	502	826	526	476	815	826	1095
ENSG00000102221	JADE3	276	414	268	267	443	399	562
ENSG00000102225	CDK16	4854	8011	5024	5087	6313	5906	7372
ENSG00000102226	USP11	4491	7611	4550	4624	5409	5425	6355
ENSG00000102230	PCYT1B	143	193	127	143	177	197	220
ENSG00000102239	BRS3	0	0	1	0	0	0	0
ENSG00000102241	HTATSF1	1922	3089	1972	1891	2611	2440	3186
ENSG00000102245	CD40LG	2	0	0	0	0	1	0
ENSG00000102265	TIMP1	14249	25373	14440	13850	15915	16916	19278
ENSG00000102271	KLHL4	1	1	0	0	1	3	1
ENSG00000102302	FGD1	428	671	389	429	484	480	594
ENSG00000102309	PIN4	583	984	678	661	1085	1056	1280
ENSG00000102312	PORCN	842	1299	798	733	862	727	925
ENSG00000102313	ITIH6	117	183	97	106	76	68	96
ENSG00000102316	MAGED2	1462	2681	1589	1583	1655	1540	1839
ENSG00000102317	RBM3	3524	6003	3604	3551	4584	4170	5376
ENSG00000102349	KLF8	1	0	0	0	0	0	0
ENSG00000102359	SRPX2	301	509	274	276	211	210	264
ENSG00000102362	SYTL4	114	205	163	119	208	202	217
ENSG00000102383	ZDHHC15	1	13	3	1	5	8	4
ENSG00000102384	CENPI	320	529	344	343	546	452	699
ENSG00000102385	DRP2	10	13	3	10	10	16	13
ENSG00000102387	TAF7L	8	8	3	4	5	4	5
ENSG00000102390	PBDC1	299	512	359	286	587	556	736
ENSG00000102393	GLA	453	761	549	438	615	568	740
ENSG00000102401	ARMCX3	906	1443	835	816	1305	1218	1468
ENSG00000102409	BEX4	41	61	36	43	52	53	70
ENSG00000102445	RUBCNL	164	331	182	160	259	261	366
ENSG00000102452	NALCN	119	190	104	113	173	141	180
ENSG00000102466	FGF14	36	49	29	31	43	46	27
ENSG00000102468	HTR2A	1	0	0	0	0	0	0
ENSG00000102471	NDFIP2	2254	3574	2152	2144	3267	3137	3876
ENSG00000102524	TNFSF13B	44	62	35	31	40	36	39
ENSG00000102531	FNDC3A	3364	5474	2933	3006	4674	4440	5353
ENSG00000102539	MLNR	0	2	1	0	2	0	2
ENSG00000102543	CDADC1	236	386	246	192	307	314	298
ENSG00000102547	CAB39L	180	256	167	148	132	137	159
ENSG00000102554	KLF5	556	957	653	593	1453	1372	1857
ENSG00000102572	STK24	5806	10013	5898	5787	6684	6719	7587
ENSG00000102575	ACP5	1050	1751	1111	1013	1553	1579	1703
ENSG00000102580	DNAJC3	3010	4837	2821	2913	3962	3923	4825
ENSG00000102595	UGGT2	1371	2274	1168	1245	1296	1354	1532
ENSG00000102606	ARHGEF7	2136	3586	2027	2086	2819	2765	3590
ENSG00000102678	FGF9	0	0	0	0	1	0	0
ENSG00000102683	SGCG	5	10	5	2	3	6	1
ENSG00000102699	PARP4	4955	8051	4106	4492	4997	5102	5871
ENSG00000102710	SUPT20H	951	1445	926	870	1337	1340	1693
ENSG00000102738	MRPS31	654	1120	691	629	1180	1181	1494
ENSG00000102743	SLC25A15	958	1501	1021	995	1300	1191	1573
ENSG00000102753	KPNA3	1941	3268	1937	2036	2800	2681	3424
ENSG00000102755	FLT1	969	1625	966	1002	956	951	1455
ENSG00000102760	RGCC	0	3	1	0	1	1	1
ENSG00000102763	VWA8	1481	2407	1316	1469	1692	1706	2005
ENSG00000102780	DGKH	723	1032	563	613	717	696	811
ENSG00000102781	KATNAL1	662	1127	647	693	970	961	1300
ENSG00000102786	INTS6	1350	2287	1188	1317	1497	1000	1667
ENSG00000102794	ACOD1	0	0	0	1	0	1	0
ENSG00000102796	DHRS12	54	83	66	54	49	57	60
ENSG00000102802	MEDAG	1	1	0	1	2	0	1
ENSG00000102804	TSC22D1	4818	8311	4748	4746	4949	5000	6055
ENSG00000102805	CLN5	571	873	557	562	936	823	1051
ENSG00000102854	MSLN	0	0	0	1	0	1	0
ENSG00000102858	MGRN1	2456	4000	2329	2552	3076	3186	3665
ENSG00000102870	ZNF629	853	1504	827	807	1204	1072	1360
ENSG00000102871	TRADD	294	448	306	286	328	260	332
ENSG00000102878	HSF4	29	71	8	18	74	47	64
ENSG00000102879	CORO1A	191	337	255	235	433	461	496
ENSG00000102882	MAPK3	1328	2390	1379	1362	1883	1785	2171
ENSG00000102886	GDPD3	0	3	4	0	4	7	14
ENSG00000102890	ELMO3	80	142	92	76	92	73	119
ENSG00000102893	PHKB	733	1327	786	839	992	1019	1301
ENSG00000102897	LYRM1	511	890	557	468	663	643	750
ENSG00000102898	NUTF2	2318	4014	2825	2752	4135	4073	5292
ENSG00000102900	NUP93	2175	3430	2304	2242	3318	3263	4182
ENSG00000102901	CENPT	265	484	270	227	381	474	602
ENSG00000102904	TSNAXIP1	6	9	5	3	16	12	22
ENSG00000102908	NFAT5	2238	3541	1928	2446	2738	2461	3343
ENSG00000102910	LONP2	3303	5536	2928	3182	4073	3808	4436
ENSG00000102921	N4BP1	793	1418	859	871	1171	942	1242
ENSG00000102924	CBLN1	112	171	111	92	173	112	243
ENSG00000102931	ARL2BP	1394	2419	1380	1368	2236	2219	2867
ENSG00000102934	PLLP	133	231	119	129	229	208	258
ENSG00000102935	ZNF423	1	9	5	2	2	0	4
ENSG00000102962	CCL22	2	7	5	9	4	11	7
ENSG00000102967	DHODH	515	983	563	575	826	748	982
ENSG00000102970	CCL17	2	0	0	0	1	1	2
ENSG00000102974	CTCF	1822	2940	1772	1932	2664	2623	3428
ENSG00000102977	ACD	854	1410	972	871	1459	1454	1892
ENSG00000102978	POLR2C	2114	3664	2227	2132	3146	3114	3936
ENSG00000102981	PARD6A	13	33	21	25	61	68	99
ENSG00000102984	ZNF821	86	127	83	82	118	87	120
ENSG00000102996	MMP15	2022	3320	2256	2266	2289	2180	3027
ENSG00000103005	USB1	1372	2384	1604	1571	2010	1978	2508
ENSG00000103018	CYB5B	3031	5096	3009	3211	5245	5274	7115
ENSG00000103021	CCDC113	272	515	255	279	333	345	328
ENSG00000103023	PRSS54	1	0	0	0	0	0	0
ENSG00000103024	NME3	695	1088	710	645	765	782	916
ENSG00000103034	NDRG4	1167	1844	1170	1016	1228	1194	1435
ENSG00000103035	PSMD7	3602	5761	3802	3493	5503	5262	6675
ENSG00000103037	SETD6	608	985	598	607	756	707	961
ENSG00000103042	SLC38A7	659	1176	650	641	973	865	1097
ENSG00000103043	VAC14	1265	2133	1235	1316	1618	1566	1925
ENSG00000103044	HAS3	163	238	183	172	265	236	373
ENSG00000103047	TANGO6	735	1218	755	734	1080	1099	1355
ENSG00000103051	COG4	1144	2268	1287	1365	1783	1760	2019
ENSG00000103056	SMPD3	43	74	37	45	63	33	54
ENSG00000103061	SLC7A6OS	529	984	633	642	637	753	892
ENSG00000103064	SLC7A6	947	1412	802	804	1203	1146	1512
ENSG00000103066	PLA2G15	363	604	380	390	489	459	626
ENSG00000103067	ESRP2	5	14	10	0	15	8	5
ENSG00000103091	WDR59	899	1346	836	799	894	876	987
ENSG00000103111	MON1B	1504	2620	1385	1509	1835	1954	1990
ENSG00000103121	CMC2	635	1001	623	638	1028	989	1224
ENSG00000103126	AXIN1	969	1561	910	987	1275	1170	1473
ENSG00000103145	HCFC1R1	902	1524	1021	925	1186	1300	1345
ENSG00000103148	NPRL3	1716	3081	1884	1905	2158	2158	2461
ENSG00000103150	MLYCD	511	840	518	529	574	628	708
ENSG00000103152	MPG	2810	4827	2956	2949	3909	3696	4616
ENSG00000103154	NECAB2	4	0	4	5	0	0	4
ENSG00000103160	HSDL1	648	1189	756	734	1117	1053	1422
ENSG00000103168	TAF1C	1382	2444	1470	1650	2092	2213	2460
ENSG00000103174	NAGPA	360	557	305	329	349	307	365
ENSG00000103175	WFDC1	12	23	11	11	23	17	25
ENSG00000103184	SEC14L5	5	6	3	5	16	7	6
ENSG00000103187	COTL1	10246	17608	12232	11734	13983	13241	17132
ENSG00000103194	USP10	3330	5626	3376	3388	4686	4955	6176
ENSG00000103196	CRISPLD2	89	141	91	107	78	54	88
ENSG00000103197	TSC2	2626	4265	2421	2556	2998	3001	3311
ENSG00000103199	ZNF500	390	557	397	358	456	412	448
ENSG00000103202	NME4	2176	3782	2355	2263	3018	2874	3375
ENSG00000103222	ABCC1	1743	2873	1650	1783	2402	2170	2880
ENSG00000103226	NOMO3	1801	2798	1656	1964	2286	2186	3074
ENSG00000103227	LMF1	404	604	398	355	476	495	522
ENSG00000103241	FOXF1	1462	2433	1382	1426	1573	1455	1783
ENSG00000103245	CIAO3	609	1133	671	625	879	777	1027
ENSG00000103248	MTHFSD	555	973	573	570	753	701	858
ENSG00000103249	CLCN7	1982	3441	2165	1998	3121	3055	3530
ENSG00000103253	HAGHL	913	1550	958	932	1146	958	1195
ENSG00000103254	ANTKMT	529	927	639	553	824	767	950
ENSG00000103257	SLC7A5	5331	9067	6610	6628	10205	9999	13479
ENSG00000103260	METRN	3162	5381	3490	3106	3989	3262	4309
ENSG00000103264	FBXO31	914	1319	825	918	1018	939	1091
ENSG00000103266	STUB1	3190	5158	3291	3066	3887	3470	4421
ENSG00000103269	RHBDL1	119	182	90	102	84	55	116
ENSG00000103274	NUBP1	901	1454	989	861	1013	1100	1197
ENSG00000103275	UBE2I	3363	5792	3437	3443	5009	5040	6384
ENSG00000103310	ZP2	0	0	0	0	0	0	1
ENSG00000103313	MEFV	10	9	9	5	6	8	14
ENSG00000103316	CRYM	0	0	2	0	0	0	0
ENSG00000103319	EEF2K	1280	2152	1308	1396	1704	1574	1918
ENSG00000103326	CAPN15	1573	2668	1556	1762	2196	1846	2700
ENSG00000103335	PIEZO1	4491	7103	4244	4740	5601	5187	6531
ENSG00000103342	GSPT1	6606	11006	6829	6714	9916	9496	11956
ENSG00000103343	ZNF174	450	736	430	437	648	637	844
ENSG00000103351	CLUAP1	895	1382	883	820	1288	1289	1534
ENSG00000103353	UBFD1	2021	3290	1984	2006	2619	2443	3168
ENSG00000103355	PRSS33	223	405	227	205	250	201	206
ENSG00000103356	EARS2	501	892	638	599	620	598	787
ENSG00000103363	ELOB	3090	5292	3461	3453	4586	4474	5538
ENSG00000103365	GGA2	1660	2849	1624	1792	1864	1844	2242
ENSG00000103381	CPPED1	804	1388	826	798	1086	1120	1326
ENSG00000103404	USP31	518	815	501	529	728	690	925
ENSG00000103415	HMOX2	1588	2697	1661	1656	2515	2522	3250
ENSG00000103423	DNAJA3	2565	4259	2704	2547	3104	3253	4063
ENSG00000103426	CORO7-PAM16	0	0	6	0	0	0	0
ENSG00000103429	BFAR	3832	6402	3748	3457	5237	5166	6374
ENSG00000103449	SALL1	820	1439	726	785	802	807	905
ENSG00000103479	RBL2	2738	4573	2704	2614	2868	2724	2929
ENSG00000103485	QPRT	1049	1768	997	904	978	941	889
ENSG00000103489	XYLT1	1574	2674	1475	1595	1242	1087	1307
ENSG00000103490	PYCARD	0	0	3	0	1	0	0
ENSG00000103494	RPGRIP1L	499	795	387	457	678	638	691
ENSG00000103495	MAZ	8569	14870	9312	8890	12690	9826	15037
ENSG00000103496	STX4	649	1079	639	623	846	607	853
ENSG00000103502	CDIPT	3178	5523	3574	3304	4328	3777	5144
ENSG00000103507	BCKDK	1772	3207	1860	1840	2744	2747	3195
ENSG00000103510	KAT8	668	1021	684	724	908	769	968
ENSG00000103512	NOMO1	13620	22866	12889	13405	15569	15167	18133
ENSG00000103522	IL21R	13	18	9	22	14	13	22
ENSG00000103528	SYT17	18	25	20	19	23	14	21
ENSG00000103534	TMC5	8	9	3	4	7	9	7
ENSG00000103540	CCP110	1346	2237	1323	1360	2212	2115	2779
ENSG00000103544	VPS35L	1575	2642	1533	1586	1741	1793	2053
ENSG00000103549	RNF40	4092	6924	4180	4243	6162	5910	7677
ENSG00000103550	KNOP1	2349	3608	2206	2248	2522	2363	3110
ENSG00000103591	AAGAB	1396	2359	1382	1326	1975	1834	2447
ENSG00000103599	IQCH	34	66	33	41	57	62	53
ENSG00000103642	LACTB	595	1100	588	554	767	715	857
ENSG00000103647	CORO2B	475	840	457	476	639	591	709
ENSG00000103653	CSK	2469	4112	2696	2628	3793	3659	4838
ENSG00000103657	HERC1	2096	3220	1722	2026	2594	2439	3097
ENSG00000103671	TRIP4	482	877	560	488	809	682	932
ENSG00000103707	MTFMT	336	506	346	364	473	393	425
ENSG00000103710	RASL12	493	880	497	485	465	438	451
ENSG00000103723	AP3B2	113	171	110	118	121	124	133
ENSG00000103740	ACSBG1	2	14	10	8	8	6	10
ENSG00000103742	IGDCC4	0	11	1	4	6	0	1
ENSG00000103769	RAB11A	2932	4975	3043	2997	3650	3575	4305
ENSG00000103811	CTSH	91	215	189	7	0	238	195
ENSG00000103852	TTC23	554	813	423	397	496	492	639
ENSG00000103855	CD276	4918	8172	5227	5271	7028	6840	8405
ENSG00000103876	FAH	646	1011	606	689	781	835	907
ENSG00000103888	CEMIP	16720	27216	14114	14974	15369	15063	18724
ENSG00000103932	RPAP1	2201	3702	2199	2324	3271	3192	4008
ENSG00000103942	HOMER2	462	739	485	473	570	535	675
ENSG00000103966	EHD4	2906	5006	3296	3555	4962	4691	6684
ENSG00000103978	TMEM87A	3813	6037	3214	3377	4012	3891	4592
ENSG00000103994	ZNF106	6398	10315	5693	6076	7382	6984	7984
ENSG00000103995	CEP152	1163	1777	996	1036	1460	1400	1825
ENSG00000104043	ATP8B4	8	29	29	20	38	36	28
ENSG00000104044	OCA2	17	31	26	13	15	22	32
ENSG00000104047	DTWD1	275	450	238	227	321	274	400
ENSG00000104055	TGM5	0	0	0	6	0	3	0
ENSG00000104059	FAM189A1	74	108	67	58	85	56	68
ENSG00000104064	GABPB1	542	858	546	576	798	755	1009
ENSG00000104067	TJP1	1836	2950	1695	1807	2419	2363	2873
ENSG00000104081	BMF	956	1490	861	763	972	871	815
ENSG00000104093	DMXL2	1203	1806	998	1107	1447	1324	1687
ENSG00000104112	SCG3	1	0	0	0	0	1	1
ENSG00000104129	DNAJC17	158	291	145	175	302	269	404
ENSG00000104131	EIF3J	3472	5591	3551	3510	6395	5491	7622
ENSG00000104133	SPG11	1743	2641	1531	1492	1996	1919	2367
ENSG00000104140	RHOV	14	11	3	4	10	4	15
ENSG00000104142	VPS18	1155	2005	1262	1312	1985	1852	2405
ENSG00000104147	OIP5	319	506	346	280	395	381	511
ENSG00000104154	SLC30A4	268	450	238	206	262	278	323
ENSG00000104164	BLOC1S6	1751	2959	1776	1785	2583	2384	2970
ENSG00000104177	MYEF2	497	752	478	441	728	683	850
ENSG00000104205	SGK3	803	1314	805	776	1142	1075	1202
ENSG00000104213	PDGFRL	50	76	48	53	94	110	99
ENSG00000104218	CSPP1	486	657	394	368	415	495	566
ENSG00000104219	ZDHHC2	82	137	94	100	138	116	173
ENSG00000104221	BRF2	192	273	188	165	345	342	419
ENSG00000104228	TRIM35	411	723	475	466	682	660	834
ENSG00000104231	ZFAND1	907	1580	949	897	1237	1136	1259
ENSG00000104237	RP1	15	32	12	19	23	20	14
ENSG00000104290	FZD3	390	553	353	339	451	383	548
ENSG00000104299	INTS9	607	1107	667	638	851	982	1140
ENSG00000104312	RIPK2	211	331	179	226	189	187	190
ENSG00000104313	EYA1	941	1554	899	1023	1387	1350	1468
ENSG00000104320	NBN	1306	2196	1354	1228	1701	1561	2084
ENSG00000104321	TRPA1	5	4	2	3	2	6	3
ENSG00000104324	CPQ	28	49	32	32	35	22	42
ENSG00000104325	DECR1	264	490	292	293	390	345	424
ENSG00000104327	CALB1	4	10	3	4	3	1	3
ENSG00000104331	BPNT2	5626	9283	5575	5468	8030	7343	9635
ENSG00000104332	SFRP1	20615	34818	20125	20440	24204	23117	27738
ENSG00000104341	LAPTM4B	7145	12190	7662	7559	8808	8509	10676
ENSG00000104343	UBE2W	622	911	556	559	864	718	885
ENSG00000104356	POP1	1267	2046	1353	1349	2066	1929	2603
ENSG00000104361	NIPAL2	489	847	447	422	402	409	432
ENSG00000104365	IKBKB	644	1068	689	564	717	855	889
ENSG00000104368	PLAT	3942	6493	3943	4575	4512	4574	6045
ENSG00000104369	JPH1	1010	1565	931	884	1226	905	1346
ENSG00000104375	STK3	665	1153	689	656	830	812	895
ENSG00000104381	GDAP1	547	980	609	604	1158	1183	1566
ENSG00000104388	RAB2A	2864	4504	2888	2859	4988	4773	6046
ENSG00000104408	EIF3E	9295	15688	9154	8626	12135	12256	15324
ENSG00000104412	EMC2	544	981	567	478	724	765	793
ENSG00000104413	ESRP1	20	39	20	15	57	61	62
ENSG00000104415	CCN4	13	22	5	9	9	6	8
ENSG00000104419	NDRG1	4583	7671	4199	4263	6041	5937	5981
ENSG00000104427	ZC2HC1A	232	373	182	217	384	360	411
ENSG00000104432	IL7	38	89	48	59	87	62	70
ENSG00000104435	STMN2	0	1	0	0	0	0	0
ENSG00000104442	ARMC1	1495	2481	1433	1474	1966	1931	2568
ENSG00000104447	TRPS1	1674	2747	1563	1736	1832	1722	2163
ENSG00000104450	SPAG1	271	436	251	267	396	372	531
ENSG00000104472	CHRAC1	974	1657	1082	1066	1497	1482	1892
ENSG00000104490	NCALD	252	402	276	269	334	370	399
ENSG00000104497	SNX16	348	593	366	336	418	431	477
ENSG00000104517	UBR5	6085	9481	5107	5920	7326	7183	8699
ENSG00000104518	GSDMD	1664	2843	1815	1746	2304	2110	2561
ENSG00000104522	GFUS	923	1522	1061	992	1082	1100	1304
ENSG00000104524	PYCR3	833	1408	984	920	1374	1263	1731
ENSG00000104529	EEF1D	5601	9587	6081	5777	7736	7317	9238
ENSG00000104537	ANXA13	8	8	4	0	6	5	4
ENSG00000104549	SQLE	973	1518	906	963	1113	1063	1336
ENSG00000104611	SH2D4A	205	331	190	213	299	274	367
ENSG00000104613	INTS10	1611	2768	1599	1536	1785	1742	2216
ENSG00000104626	ERI1	585	981	511	573	933	838	1099
ENSG00000104635	SLC39A14	2500	4293	2490	2571	3792	3663	4548
ENSG00000104643	MTMR9	593	1050	570	611	713	703	879
ENSG00000104660	LEPROTL1	717	1221	748	658	1047	957	1350
ENSG00000104671	DCTN6	695	1198	731	632	831	912	1190
ENSG00000104679	R3HCC1	363	566	363	391	481	512	639
ENSG00000104687	GSR	1386	2366	1412	1436	2029	1756	2205
ENSG00000104689	TNFRSF10A	306	500	330	337	475	383	567
ENSG00000104691	UBXN8	214	381	200	197	303	292	373
ENSG00000104695	PPP2CB	993	1657	1066	1017	1302	1119	1577
ENSG00000104714	ERICH1	348	569	284	299	389	308	398
ENSG00000104722	NEFM	10	20	9	14	23	13	12
ENSG00000104723	TUSC3	981	1852	985	1013	1490	1355	1784
ENSG00000104728	ARHGEF10	1055	1782	1080	1082	1180	1298	1603
ENSG00000104731	KLHDC4	791	1207	754	824	961	844	1046
ENSG00000104738	MCM4	5153	8842	5564	5616	8383	8152	10735
ENSG00000104756	KCTD9	961	1503	925	846	1207	1107	1532
ENSG00000104760	FGL1	4	0	1	2	3	5	5
ENSG00000104763	ASAH1	754	1226	699	739	806	935	1080
ENSG00000104765	BNIP3L	1777	2987	1747	1549	2542	2394	3027
ENSG00000104774	MAN2B1	4991	8292	4878	4773	5790	5678	6563
ENSG00000104783	KCNN4	2982	4928	2890	2761	3822	3548	4630
ENSG00000104804	TULP2	1	0	0	0	2	0	0
ENSG00000104805	NUCB1	9498	16619	9847	9864	11029	10813	12591
ENSG00000104808	DHDH	4	5	12	0	10	3	4
ENSG00000104812	GYS1	3484	6131	3584	3542	4109	3942	4502
ENSG00000104814	MAP4K1	23	51	25	23	40	31	52
ENSG00000104823	ECH1	3992	7134	4789	4504	5757	5613	6509
ENSG00000104824	HNRNPL	11426	20161	12568	12079	16678	14996	19714
ENSG00000104825	NFKBIB	464	738	464	497	615	627	956
ENSG00000104826	LHB	13	34	11	16	19	12	11
ENSG00000104827	CGB3	7	8	5	3	5	1	12
ENSG00000104833	TUBB4A	123	199	122	99	185	192	187
ENSG00000104835	SARS2	917	1554	884	965	971	948	1241
ENSG00000104848	KCNA7	32	36	24	30	36	22	21
ENSG00000104852	SNRNP70	4133	7212	4911	4762	5241	2382	6447
ENSG00000104853	CLPTM1	3552	6064	3845	3977	5892	5703	7458
ENSG00000104856	RELB	339	659	423	379	464	465	578
ENSG00000104859	CLASRP	776	1614	919	1055	1198	1078	1623
ENSG00000104863	LIN7B	81	112	77	54	99	81	99
ENSG00000104866	PPP1R37	885	1643	940	968	1197	871	1328
ENSG00000104870	FCGRT	75	152	64	70	104	77	84
ENSG00000104872	PIH1D1	1459	2535	1615	1540	2120	2059	2406
ENSG00000104879	CKM	5	1	0	6	0	1	5
ENSG00000104880	ARHGEF18	1205	2091	1244	1348	1401	1244	1608
ENSG00000104881	PPP1R13L	41	142	56	67	117	112	137
ENSG00000104883	PEX11G	66	154	74	89	116	87	106
ENSG00000104884	ERCC2	1510	2406	1508	1451	1462	1213	1618
ENSG00000104885	DOT1L	3243	5449	3346	3477	4081	4017	4993
ENSG00000104886	PLEKHJ1	550	891	557	504	780	758	941
ENSG00000104888	SLC17A7	7	10	15	12	6	7	7
ENSG00000104889	RNASEH2A	1584	2760	1864	1821	3238	3036	4041
ENSG00000104892	KLC3	0	0	1	0	0	0	0
ENSG00000104894	CD37	0	2	0	0	0	0	2
ENSG00000104897	SF3A2	2334	4028	2461	2529	3842	3879	4706
ENSG00000104899	AMH	122	178	89	95	135	129	168
ENSG00000104901	DKKL1	7	10	9	9	2	8	5
ENSG00000104903	LYL1	50	86	60	72	86	73	115
ENSG00000104904	OAZ1	2268	4211	2957	2533	3691	3647	4328
ENSG00000104907	TRMT1	1391	2414	1479	1485	2288	2349	2745
ENSG00000104915	STX10	2330	3806	2353	2167	2497	1979	2821
ENSG00000104936	DMPK	194	279	136	159	162	203	89
ENSG00000104941	RSPH6A	0	0	1	0	4	2	5
ENSG00000104946	TBC1D17	799	1356	763	746	979	967	1103
ENSG00000104951	IL4I1	4	4	7	7	8	9	7
ENSG00000104953	TLE6	113	189	145	120	162	180	141
ENSG00000104957	YJU2B	768	1331	730	863	1108	1104	1384
ENSG00000104960	PTOV1	2366	4308	2692	2566	2952	2838	3243
ENSG00000104964	TLE5	5554	9256	5970	5993	7094	6414	8253
ENSG00000104967	NOVA2	47	65	38	41	14	13	15
ENSG00000104969	SGTA	1473	2718	1579	1615	2441	2435	3143
ENSG00000104972	LILRB1	0	0	0	1	0	0	0
ENSG00000104973	MED25	1731	2934	1801	1885	2265	2231	2659
ENSG00000104976	SNAPC2	1014	1609	1042	1031	1318	1306	1524
ENSG00000104979	C19orf53	3236	5643	3620	3508	5233	5809	6842
ENSG00000104980	TIMM44	1069	1831	1285	1132	1649	1597	2052
ENSG00000104983	CCDC61	277	442	238	235	392	239	336
ENSG00000104998	IL27RA	1156	1764	1125	1090	1502	1354	1707
ENSG00000105011	ASF1B	1446	2487	1758	1661	3052	2893	3901
ENSG00000105048	TNNT1	161	260	178	157	194	147	202
ENSG00000105053	VRK3	708	1189	701	645	999	974	1128
ENSG00000105058	FAM32A	2988	4895	3003	3076	4357	4439	5515
ENSG00000105063	PPP6R1	4336	7193	4746	4619	6736	6405	8393
ENSG00000105072	C19orf44	552	978	587	627	756	696	976
ENSG00000105085	MED26	428	694	428	422	542	592	760
ENSG00000105088	OLFM2	8	14	5	9	14	10	13
ENSG00000105122	RASAL3	0	0	0	0	0	1	0
ENSG00000105127	AKAP8	620	895	538	595	702	738	1023
ENSG00000105131	EPHX3	6	6	2	5	8	12	15
ENSG00000105135	ILVBL	1150	2076	1235	1236	1730	1688	1989
ENSG00000105136	ZNF419	189	367	186	182	277	233	412
ENSG00000105137	SYDE1	1970	3420	2081	2160	2899	2677	3470
ENSG00000105146	AURKC	0	6	8	3	3	4	16
ENSG00000105171	POP4	563	1065	666	607	885	968	1073
ENSG00000105173	CCNE1	373	621	385	367	493	519	645
ENSG00000105176	URI1	1416	2317	1522	1508	1657	1482	1920
ENSG00000105185	PDCD5	1270	2077	1366	1282	1673	1689	2169
ENSG00000105186	ANKRD27	1368	2215	1359	1432	1615	1577	1996
ENSG00000105193	RPS16	25810	44066	27986	25705	32279	32372	38031
ENSG00000105197	TIMM50	3116	5191	3700	3389	5493	4975	6726
ENSG00000105202	FBL	5682	9742	6378	6129	9049	6158	11090
ENSG00000105204	DYRK1B	609	1008	566	587	800	737	804
ENSG00000105219	CCNP	1	2	6	8	9	2	4
ENSG00000105220	GPI	10243	18244	11348	11202	15654	15030	18119
ENSG00000105221	AKT2	1787	2588	1696	1603	2069	1922	2768
ENSG00000105223	PLD3	2749	4762	2824	2739	3475	3423	3697
ENSG00000105227	PRX	211	353	195	215	188	115	179
ENSG00000105229	PIAS4	554	1020	596	596	915	807	1132
ENSG00000105245	NUMBL	884	1562	947	999	1125	967	1220
ENSG00000105246	EBI3	4	2	1	0	2	2	3
ENSG00000105248	YJU2	482	792	461	443	532	491	592
ENSG00000105251	SHD	2	0	0	0	0	0	0
ENSG00000105254	TBCB	1611	2949	1859	1854	2154	2066	2540
ENSG00000105255	FSD1	837	1454	924	807	1181	1149	1473
ENSG00000105258	POLR2I	262	409	274	243	296	274	392
ENSG00000105261	OVOL3	3	4	3	1	7	1	4
ENSG00000105270	CLIP3	1696	2807	1677	1684	1697	1702	1798
ENSG00000105281	SLC1A5	5340	9127	6024	6003	8946	8370	10831
ENSG00000105287	PRKD2	1464	2512	1534	1575	1763	1713	2184
ENSG00000105289	TJP3	0	1	0	1	0	0	0
ENSG00000105290	APLP1	186	260	153	174	220	208	228
ENSG00000105298	CACTIN	956	1607	1049	974	1248	926	1561
ENSG00000105321	CCDC9	708	1101	737	690	953	641	1116
ENSG00000105323	HNRNPUL1	10842	17992	11343	11604	15075	14205	18167
ENSG00000105325	FZR1	1457	2325	1429	1486	1842	1624	2313
ENSG00000105327	BBC3	344	509	357	331	394	266	467
ENSG00000105329	TGFB1	2130	3766	2244	2307	2758	2744	3101
ENSG00000105339	DENND3	327	571	318	382	372	338	371
ENSG00000105341	DMAC2	1006	1689	1023	1027	1463	1476	1932
ENSG00000105352	CEACAM4	0	1	1	0	0	0	0
ENSG00000105355	PLIN3	2276	3706	2333	2400	2946	2746	3507
ENSG00000105357	MYH14	1579	2708	1770	1840	1988	1195	2552
ENSG00000105364	MRPL4	2514	4546	2931	2739	4039	3768	4789
ENSG00000105366	SIGLEC8	0	3	0	0	2	0	3
ENSG00000105369	CD79A	2	1	2	2	4	4	7
ENSG00000105371	ICAM4	1	2	0	0	0	2	0
ENSG00000105372	RPS19	12599	21691	14178	13069	15991	15427	18878
ENSG00000105373	NOP53	7061	11926	7652	7016	8714	5817	9460
ENSG00000105374	NKG7	4	17	8	9	8	7	13
ENSG00000105376	ICAM5	1649	2776	1656	1544	1546	1349	1563
ENSG00000105379	ETFB	5677	9266	5815	5407	6789	6206	7580
ENSG00000105383	CD33	1	5	2	1	1	2	4
ENSG00000105388	CEACAM5	0	2	0	0	0	2	3
ENSG00000105392	CRX	76	107	74	75	90	72	84
ENSG00000105393	BABAM1	3269	5839	3686	3628	4849	4858	6071
ENSG00000105397	TYK2	1859	3023	1902	2098	2499	2699	3338
ENSG00000105398	SULT2A1	2	3	0	0	0	1	1
ENSG00000105401	CDC37	10116	17099	10872	10516	14307	14430	18355
ENSG00000105402	NAPA	1692	2968	1876	1856	3127	3043	3817
ENSG00000105404	RABAC1	1356	2276	1469	1349	1608	1530	1772
ENSG00000105409	ATP1A3	6	0	0	0	0	0	0
ENSG00000105419	MEIS3	710	1200	660	741	764	662	781
ENSG00000105426	PTPRS	9041	14381	8241	8453	9819	9818	10669
ENSG00000105427	CNFN	12	27	21	17	14	18	19
ENSG00000105429	MEGF8	4369	6618	3992	4171	5157	4722	5618
ENSG00000105438	KDELR1	4445	8022	4892	4859	5729	5562	6458
ENSG00000105443	CYTH2	1712	2631	1399	1495	1670	1391	1765
ENSG00000105447	GRWD1	2125	3688	2315	2301	3523	3335	4550
ENSG00000105464	GRIN2D	9	20	3	14	9	3	6
ENSG00000105467	SYNGR4	3	3	0	0	4	2	2
ENSG00000105472	CLEC11A	46	72	50	54	63	56	71
ENSG00000105479	ODAD1	6	8	3	5	9	6	8
ENSG00000105483	CARD8	289	390	288	290	271	224	292
ENSG00000105486	LIG1	628	1202	801	756	757	667	838
ENSG00000105492	SIGLEC6	29	44	26	22	39	32	30
ENSG00000105497	ZNF175	378	630	363	381	458	425	518
ENSG00000105499	PLA2G4C	7	6	4	8	8	2	8
ENSG00000105509	HAS1	0	2	2	0	1	0	2
ENSG00000105514	RAB3D	694	1106	692	682	772	705	852
ENSG00000105516	DBP	580	1057	646	595	706	726	815
ENSG00000105518	TMEM205	1433	2482	1636	1372	1719	1686	1929
ENSG00000105519	CAPS	1909	3398	2342	2117	1972	1683	2242
ENSG00000105520	PLPPR2	1759	3076	1831	1886	2214	2153	2576
ENSG00000105523	FAM83E	4	12	6	1	3	3	6
ENSG00000105538	RASIP1	12	24	9	19	8	9	10
ENSG00000105549	THEG	0	1	0	0	0	0	0
ENSG00000105550	FGF21	0	0	0	0	1	0	0
ENSG00000105552	BCAT2	762	1298	836	775	1020	1030	1303
ENSG00000105556	MIER2	1147	1984	1135	1204	1433	1367	1675
ENSG00000105559	PLEKHA4	3046	5079	3146	3069	3297	2779	3692
ENSG00000105568	PPP2R1A	6651	11629	7325	7238	10181	9738	11998
ENSG00000105576	TNPO2	4772	7740	4631	4700	6135	5194	7570
ENSG00000105583	WDR83OS	1744	3115	2017	1891	2867	2735	3377
ENSG00000105605	CACNG7	84	154	91	77	71	65	77
ENSG00000105607	GCDH	858	1522	967	911	998	956	1178
ENSG00000105609	LILRB5	14	22	10	12	10	13	13
ENSG00000105610	KLF1	2	0	3	0	2	3	1
ENSG00000105612	DNASE2	1542	2649	1762	1501	1672	1539	1619
ENSG00000105613	MAST1	43	102	58	45	57	64	64
ENSG00000105617	LENG1	398	679	451	408	678	664	873
ENSG00000105618	PRPF31	2310	3917	2415	2472	3292	3171	3994
ENSG00000105619	TFPT	937	1460	935	915	1232	1236	1571
ENSG00000105639	JAK3	5	2	13	2	11	0	2
ENSG00000105640	RPL18A	36136	63031	39386	37914	49247	49297	57335
ENSG00000105641	SLC5A5	0	0	1	0	2	5	0
ENSG00000105642	KCNN1	53	84	61	56	36	51	59
ENSG00000105643	ARRDC2	949	1613	850	890	877	762	899
ENSG00000105647	PIK3R2	3563	5920	3501	3609	4437	4454	4987
ENSG00000105649	RAB3A	449	707	448	461	544	527	543
ENSG00000105650	PDE4C	38	73	42	58	41	58	62
ENSG00000105655	ISYNA1	724	1444	788	815	1002	952	1102
ENSG00000105656	ELL	877	1542	911	942	1279	1155	1533
ENSG00000105662	CRTC1	1213	2031	1077	1046	1539	1482	1724
ENSG00000105668	UPK1A	4	4	3	2	3	8	2
ENSG00000105669	COPE	5569	9455	6020	5783	7894	7681	9202
ENSG00000105671	DDX49	2033	3579	2211	2090	3379	3412	4467
ENSG00000105672	ETV2	22	23	10	19	20	24	25
ENSG00000105676	ARMC6	1348	2287	1623	1508	2295	2224	2968
ENSG00000105677	TMEM147	1505	2501	1694	1481	1912	1989	2313
ENSG00000105679	GAPDHS	0	1	2	0	5	2	1
ENSG00000105695	MAG	20	12	11	5	6	6	4
ENSG00000105696	TMEM59L	178	304	159	129	144	188	176
ENSG00000105697	HAMP	0	0	0	2	0	0	0
ENSG00000105698	USF2	4818	8551	5430	5291	6217	5877	7050
ENSG00000105699	LSR	193	314	188	190	175	149	217
ENSG00000105700	KXD1	2734	4614	2779	2748	3702	3659	4802
ENSG00000105701	FKBP8	8097	14079	8943	8705	10448	9166	11721
ENSG00000105705	SUGP1	612	1223	672	680	1145	918	1382
ENSG00000105707	HPN	36	59	28	28	54	5	52
ENSG00000105708	ZNF14	133	268	169	158	223	235	273
ENSG00000105711	SCN1B	189	298	226	216	206	179	272
ENSG00000105717	PBX4	31	58	14	28	20	41	31
ENSG00000105722	ERF	3288	5689	3483	3496	4712	3848	6120
ENSG00000105723	GSK3A	2214	3935	2484	2285	2948	2718	3603
ENSG00000105726	ATP13A1	5231	8622	5165	5405	7175	6852	8108
ENSG00000105732	ZNF574	509	907	526	572	717	660	886
ENSG00000105737	GRIK5	42	78	53	41	39	44	48
ENSG00000105738	SIPA1L3	1027	1794	998	1104	1252	1260	1605
ENSG00000105750	ZNF85	283	462	253	318	407	412	527
ENSG00000105755	ETHE1	1523	2686	1583	1612	1747	1723	2025
ENSG00000105767	CADM4	4912	8530	5333	5026	5458	4190	6272
ENSG00000105771	SMG9	1682	2887	1616	1548	2430	2412	3091
ENSG00000105778	AVL9	1592	2710	1537	1665	1870	1867	2087
ENSG00000105784	RUNDC3B	17	9	11	8	9	16	19
ENSG00000105792	CFAP69	53	80	53	45	58	69	82
ENSG00000105793	GTPBP10	557	970	521	500	905	873	1227
ENSG00000105808	RASA4	271	388	247	270	242	214	178
ENSG00000105810	CDK6	3719	5771	3445	3683	5557	5523	7403
ENSG00000105819	PMPCB	2040	3524	2006	2131	2863	2921	3581
ENSG00000105821	DNAJC2	1416	2478	1413	1458	1808	1682	2240
ENSG00000105825	TFPI2	283	445	372	358	803	791	1095
ENSG00000105829	BET1	374	605	393	359	753	733	1000
ENSG00000105835	NAMPT	2302	4024	2089	2068	2811	2695	3124
ENSG00000105849	POLR1F	1389	2126	1366	1276	2175	2027	2677
ENSG00000105854	PON2	1684	2799	1689	1684	1984	2075	2512
ENSG00000105855	ITGB8	9567	15240	8268	8585	11503	10866	13529
ENSG00000105856	HBP1	2923	4885	2651	2727	3486	3487	3781
ENSG00000105865	DUS4L	241	464	178	231	258	258	257
ENSG00000105866	SP4	359	542	280	329	473	429	580
ENSG00000105875	WDR91	409	667	462	446	513	549	597
ENSG00000105877	DNAH11	2	13	7	5	6	5	7
ENSG00000105879	CBLL1	1105	1923	1063	1127	1776	1740	2184
ENSG00000105880	DLX5	51	96	58	60	80	70	101
ENSG00000105887	MTPN	9079	15702	9583	9254	14193	13690	17545
ENSG00000105889	STEAP1B	327	663	406	352	468	444	595
ENSG00000105894	PTN	420	675	407	398	467	466	545
ENSG00000105926	PALS2	906	1490	854	823	1284	1151	1453
ENSG00000105928	GSDME	323	524	375	354	287	301	391
ENSG00000105929	ATP6V0A4	20	48	21	20	40	61	47
ENSG00000105939	ZC3HAV1	1780	3029	1775	1828	3247	3028	4034
ENSG00000105948	TTC26	643	1047	678	631	1122	1165	1474
ENSG00000105953	OGDH	4057	6899	4036	4234	7004	6806	8365
ENSG00000105963	ADAP1	18	6	11	15	6	7	3
ENSG00000105967	TFEC	0	1	0	1	2	3	6
ENSG00000105968	H2AZ2	2939	5112	3500	3324	5711	5121	7057
ENSG00000105971	CAV2	746	1294	747	695	944	949	1104
ENSG00000105974	CAV1	3095	5133	3257	3190	4806	4721	5903
ENSG00000105976	MET	3272	5640	3080	3357	4735	4590	5835
ENSG00000105982	RNF32	36	53	27	19	35	44	36
ENSG00000105983	LMBR1	802	1308	816	890	1144	1145	1276
ENSG00000105991	HOXA1	266	459	273	250	274	320	350
ENSG00000105993	DNAJB6	6780	10971	6779	6819	10825	10382	13022
ENSG00000105996	HOXA2	41	73	50	39	85	62	67
ENSG00000105997	HOXA3	817	1524	840	848	998	923	1183
ENSG00000106003	LFNG	56	75	68	71	60	39	61
ENSG00000106004	HOXA5	914	1583	929	853	1068	1128	1287
ENSG00000106006	HOXA6	79	127	82	71	96	104	73
ENSG00000106009	BRAT1	1197	2118	1313	1416	1753	1871	2067
ENSG00000106012	IQCE	921	1519	916	942	1281	1022	1485
ENSG00000106018	VIPR2	1	2	1	2	1	3	3
ENSG00000106025	TSPAN12	48	134	84	75	107	93	157
ENSG00000106028	SSBP1	3400	5461	3707	3433	6591	6439	8229
ENSG00000106031	HOXA13	148	254	173	168	231	229	245
ENSG00000106034	CPED1	93	118	63	73	96	72	106
ENSG00000106038	EVX1	0	1	1	2	0	0	1
ENSG00000106049	HIBADH	2496	4259	2618	2479	3043	3048	3425
ENSG00000106052	TAX1BP1	7708	12790	7579	7316	10135	9476	11172
ENSG00000106066	CPVL	823	1413	770	757	1031	971	1089
ENSG00000106069	CHN2	210	368	222	196	256	266	319
ENSG00000106070	GRB10	2504	4265	2496	2542	2963	2796	3442
ENSG00000106077	ABHD11	134	301	176	146	215	245	366
ENSG00000106078	COBL	421	825	376	497	568	556	712
ENSG00000106080	FKBP14	1051	1580	1036	976	1264	1175	1376
ENSG00000106086	PLEKHA8	675	1031	555	611	756	745	943
ENSG00000106089	STX1A	558	895	476	492	450	497	619
ENSG00000106100	NOD1	207	350	245	243	230	223	263
ENSG00000106105	GARS1	4534	7680	5241	5012	6951	6757	8136
ENSG00000106113	CRHR2	2	1	0	0	1	1	1
ENSG00000106123	EPHB6	1	0	0	0	0	0	0
ENSG00000106125	MINDY4	378	609	391	409	563	529	708
ENSG00000106128	GHRHR	0	0	0	0	0	1	0
ENSG00000106144	CASP2	854	1429	851	876	1290	1347	1730
ENSG00000106153	CHCHD2	7106	12992	8480	8085	10818	10981	13796
ENSG00000106178	CCL24	3	8	6	4	10	11	5
ENSG00000106211	HSPB1	4703	8337	5437	4990	6621	6788	8007
ENSG00000106236	NPTX2	64	104	51	63	62	69	73
ENSG00000106244	PDAP1	4610	7890	5022	4964	7629	7114	9424
ENSG00000106245	BUD31	1875	3153	1955	1902	2995	3012	3628
ENSG00000106246	PTCD1	624	996	620	646	901	864	1056
ENSG00000106258	CYP3A5	25	45	34	35	60	45	65
ENSG00000106261	ZKSCAN1	5651	8732	4841	5255	6039	5817	6273
ENSG00000106263	EIF3B	9341	15949	10066	9684	12564	11954	15490
ENSG00000106266	SNX8	4604	7654	4769	4732	4729	3471	5602
ENSG00000106268	NUDT1	664	1052	773	715	894	845	1085
ENSG00000106278	PTPRZ1	2108	3344	1801	1894	2098	2127	2409
ENSG00000106290	TAF6	1880	3395	2231	2056	3018	3086	3610
ENSG00000106299	WASL	2050	3444	1919	1923	2614	2565	3019
ENSG00000106302	HYAL4	0	0	1	0	0	1	0
ENSG00000106305	AIMP2	948	1673	1066	1058	2596	2516	3426
ENSG00000106327	TFR2	4	0	0	2	0	5	0
ENSG00000106328	FSCN3	3	6	5	2	1	0	1
ENSG00000106330	MOSPD3	357	563	369	339	420	429	486
ENSG00000106331	PAX4	0	1	1	0	0	0	0
ENSG00000106333	PCOLCE	9320	16174	9054	8715	10277	10154	10903
ENSG00000106336	FBXO24	33	67	38	27	26	30	28
ENSG00000106341	PPP1R17	0	0	2	3	0	0	0
ENSG00000106344	RBM28	1984	3274	2019	2112	2671	2508	3365
ENSG00000106346	USP42	564	905	515	528	742	736	887
ENSG00000106348	IMPDH1	1796	3282	2154	1966	2922	2860	3631
ENSG00000106351	AGFG2	399	649	453	406	590	545	758
ENSG00000106355	LSM5	701	1213	806	749	1095	1047	1346
ENSG00000106366	SERPINE1	127	189	124	135	171	188	201
ENSG00000106367	AP1S1	3710	6330	4046	3745	5422	5000	6545
ENSG00000106384	MOGAT3	2	0	0	2	5	1	2
ENSG00000106392	C1GALT1	656	1135	677	641	973	1030	1264
ENSG00000106397	PLOD3	15965	28128	17268	16881	20236	19877	23467
ENSG00000106399	RPA3	782	1314	937	796	1276	1244	1679
ENSG00000106400	ZNHIT1	1727	3035	1904	1762	2401	2545	2971
ENSG00000106404	CLDN15	307	432	292	284	360	349	371
ENSG00000106415	GLCCI1	231	466	255	260	229	213	262
ENSG00000106436	MYL10	1	2	0	0	1	1	0
ENSG00000106443	PHF14	1655	2755	1560	1552	2094	1970	2427
ENSG00000106459	NRF1	476	775	472	492	637	601	824
ENSG00000106460	TMEM106B	1904	3166	1647	1682	2062	1968	2247
ENSG00000106462	EZH2	1020	1674	1095	1057	1543	1479	1959
ENSG00000106477	CEP41	916	1462	811	893	1386	1307	1735
ENSG00000106479	ZNF862	127	213	108	123	87	91	104
ENSG00000106483	SFRP4	1	0	0	0	0	1	0
ENSG00000106484	MEST	27	56	35	31	66	45	77
ENSG00000106511	MEOX2	5806	9561	6004	5682	7231	6819	8222
ENSG00000106524	ANKMY2	283	467	300	294	415	421	565
ENSG00000106526	ACTR3C	1	0	0	0	1	2	0
ENSG00000106536	POU6F2	5	14	0	3	7	7	0
ENSG00000106537	TSPAN13	8960	14588	8845	8318	10146	9730	11615
ENSG00000106541	AGR2	0	0	1	0	0	1	1
ENSG00000106546	AHR	4502	7092	4376	4578	6073	5691	7263
ENSG00000106554	CHCHD3	1777	3129	1778	1816	3110	3041	3847
ENSG00000106560	GIMAP2	111	178	91	107	84	91	100
ENSG00000106565	TMEM176B	0	1	2	0	1	5	0
ENSG00000106571	GLI3	1766	2954	1589	1812	2000	1870	2154
ENSG00000106588	PSMA2	2637	4569	2961	2805	4003	3780	5012
ENSG00000106591	MRPL32	813	1322	850	754	1056	988	1264
ENSG00000106603	COA1	1067	1699	1063	1013	1321	1331	1543
ENSG00000106605	BLVRA	845	1423	950	811	1263	1188	1415
ENSG00000106608	URGCP	743	1272	711	741	1108	1052	1376
ENSG00000106609	TMEM248	2317	3936	2364	2485	2846	2936	3522
ENSG00000106615	RHEB	2872	4697	3210	2961	4204	3782	5287
ENSG00000106617	PRKAG2	142	264	211	184	272	269	287
ENSG00000106624	AEBP1	3888	6779	3798	3736	3664	3662	3749
ENSG00000106628	POLD2	2793	4970	3052	3202	4125	4316	5181
ENSG00000106633	GCK	1	0	0	0	0	0	0
ENSG00000106635	BCL7B	926	1557	968	943	1213	1350	1573
ENSG00000106636	YKT6	3154	4940	3207	3109	3698	3284	4414
ENSG00000106638	TBL2	439	763	546	411	624	511	637
ENSG00000106665	CLIP2	2002	3312	2048	2055	2491	2040	2800
ENSG00000106682	EIF4H	13509	22333	14476	13997	21385	19393	26241
ENSG00000106683	LIMK1	2082	3530	2124	2152	2414	2328	2633
ENSG00000106686	SPATA6L	5	7	3	7	9	9	7
ENSG00000106688	SLC1A1	1369	2146	1151	1159	1176	1122	1321
ENSG00000106689	LHX2	0	2	1	0	1	0	1
ENSG00000106692	FKTN	867	1544	732	849	1127	1100	1188
ENSG00000106701	FSD1L	288	452	259	220	303	326	372
ENSG00000106714	CNTNAP3	1729	2830	1554	1539	1611	1515	1917
ENSG00000106723	SPIN1	1308	2230	1303	1303	1662	1560	1974
ENSG00000106733	NMRK1	56	81	52	48	66	63	56
ENSG00000106771	TMEM245	2464	4164	2256	2412	3096	2935	3577
ENSG00000106772	PRUNE2	18	33	17	12	28	37	21
ENSG00000106780	MEGF9	1039	1841	1135	1207	1734	1610	2133
ENSG00000106785	TRIM14	600	1022	599	638	867	825	1073
ENSG00000106789	CORO2A	557	904	589	540	763	718	919
ENSG00000106799	TGFBR1	625	1035	620	654	787	778	976
ENSG00000106803	SEC61B	1030	1753	1272	1119	1700	1580	2036
ENSG00000106804	C5	112	183	55	66	125	105	71
ENSG00000106809	OGN	3	5	3	2	0	4	2
ENSG00000106819	ASPN	0	2	1	0	1	0	0
ENSG00000106823	ECM2	25	41	24	20	26	9	27
ENSG00000106829	TLE4	1629	2588	1669	1652	1673	1604	2064
ENSG00000106852	LHX6	50	63	30	53	33	42	63
ENSG00000106853	PTGR1	438	773	419	500	425	552	630
ENSG00000106868	SUSD1	136	216	139	115	152	156	176
ENSG00000106927	AMBP	0	1	0	1	3	3	1
ENSG00000106948	AKNA	218	297	190	204	197	183	239
ENSG00000106976	DNM1	2189	3413	1953	2104	2528	2351	2885
ENSG00000106991	ENG	3202	5356	2992	3209	4064	4151	5031
ENSG00000106992	AK1	793	1470	980	866	1342	1281	1756
ENSG00000106993	CDC37L1	854	1462	838	769	840	824	968
ENSG00000107018	RLN1	0	0	1	0	0	0	0
ENSG00000107020	PLGRKT	491	817	458	439	633	571	708
ENSG00000107021	TBC1D13	1170	1906	1153	1213	1592	1597	1885
ENSG00000107036	RIC1	1580	2421	1442	1576	1789	1745	2033
ENSG00000107077	KDM4C	1202	2043	1080	1144	1368	1326	1543
ENSG00000107099	DOCK8	0	6	0	6	7	14	6
ENSG00000107104	KANK1	3114	5466	2993	3228	3999	4010	4772
ENSG00000107105	ELAVL2	185	313	217	189	277	289	360
ENSG00000107130	NCS1	1380	2324	1530	1524	2054	1939	2433
ENSG00000107140	TESK1	396	567	360	381	375	312	421
ENSG00000107147	KCNT1	1	0	1	1	0	0	0
ENSG00000107159	CA9	72	120	0	7	199	167	82
ENSG00000107164	FUBP3	3331	5603	3474	3315	4101	3892	4657
ENSG00000107165	TYRP1	0	4	0	0	0	0	0
ENSG00000107175	CREB3	333	553	324	362	405	439	557
ENSG00000107185	RGP1	2807	4555	2741	2775	3672	2781	4436
ENSG00000107186	MPDZ	2814	4605	2406	2806	3348	3284	3790
ENSG00000107187	LHX3	0	0	3	0	2	1	1
ENSG00000107201	DDX58	31	76	44	21	39	67	30
ENSG00000107223	EDF1	2774	4963	2990	2846	4439	4492	5613
ENSG00000107249	GLIS3	912	1281	649	797	698	893	1047
ENSG00000107262	BAG1	653	1075	658	670	865	782	895
ENSG00000107263	RAPGEF1	1971	3122	1900	1912	2197	2026	2451
ENSG00000107281	NPDC1	1312	2181	1193	1137	1483	1300	1561
ENSG00000107282	APBA1	78	112	91	92	94	95	121
ENSG00000107290	SETX	1115	1850	1016	1120	1454	1406	1877
ENSG00000107295	SH3GL2	1	1	0	0	0	0	1
ENSG00000107331	ABCA2	2754	5041	2491	2857	3562	3895	3680
ENSG00000107338	SHB	1018	1612	1077	1059	1240	1064	1497
ENSG00000107341	UBE2R2	3547	6029	3629	3561	4450	4446	5351
ENSG00000107362	ABHD17B	876	1374	830	863	1088	1017	1303
ENSG00000107371	EXOSC3	1226	2092	1482	1263	2093	2116	2881
ENSG00000107372	ZFAND5	4554	7954	4657	4499	5351	5038	6011
ENSG00000107404	DVL1	2826	4667	2962	2862	3359	2565	3699
ENSG00000107438	PDLIM1	1243	2135	1319	1195	1280	1254	1452
ENSG00000107443	CCNJ	306	468	281	289	453	413	560
ENSG00000107485	GATA3	30	54	23	21	60	26	55
ENSG00000107518	ATRNL1	105	166	114	140	181	136	191
ENSG00000107521	HPS1	391	587	409	381	435	494	624
ENSG00000107537	PHYH	513	824	551	505	647	669	765
ENSG00000107551	RASSF4	136	305	177	192	174	173	189
ENSG00000107554	DNMBP	1171	1933	1141	1176	1785	1786	2487
ENSG00000107560	RAB11FIP2	1180	1830	1004	1088	1151	1072	1416
ENSG00000107566	ERLIN1	1834	2893	1726	1729	2647	2539	3352
ENSG00000107581	EIF3A	16895	28167	17184	17349	30506	27098	37233
ENSG00000107611	CUBN	236	386	213	241	239	240	294
ENSG00000107614	TRDMT1	127	161	96	74	135	134	150
ENSG00000107625	DDX50	1539	2467	1465	1433	1546	1509	1727
ENSG00000107643	MAPK8	407	611	371	315	585	540	673
ENSG00000107651	SEC23IP	2702	4410	2649	2639	3824	3780	4752
ENSG00000107669	ATE1	1779	3157	1755	1793	2495	2341	3088
ENSG00000107672	NSMCE4A	1114	1878	1133	1090	1448	1450	1794
ENSG00000107679	PLEKHA1	1505	2474	1421	1366	1749	1753	2155
ENSG00000107719	PALD1	156	291	180	188	189	161	233
ENSG00000107731	UNC5B	133	195	136	119	113	74	118
ENSG00000107736	CDH23	3	4	2	3	1	2	3
ENSG00000107738	VSIR	171	306	172	165	141	148	209
ENSG00000107742	SPOCK2	9	11	7	10	13	12	14
ENSG00000107745	MICU1	960	1662	1053	995	1357	1335	1720
ENSG00000107758	PPP3CB	1083	1739	1081	1035	1396	1365	1652
ENSG00000107771	CCSER2	1304	1995	1227	1316	1453	1444	1797
ENSG00000107779	BMPR1A	1307	1975	1218	1068	1475	1468	1798
ENSG00000107789	MINPP1	1951	3195	1899	1819	2371	2421	2664
ENSG00000107796	ACTA2	466	811	533	535	652	698	763
ENSG00000107798	LIPA	2793	4625	2859	2750	3474	3442	4040
ENSG00000107815	TWNK	2696	4179	2451	2468	3443	2865	4034
ENSG00000107816	LZTS2	5186	8458	5239	5213	5459	3730	5977
ENSG00000107819	SFXN3	3280	5717	3035	3277	3930	3810	4360
ENSG00000107821	KAZALD1	829	1534	846	826	966	905	983
ENSG00000107829	FBXW4	755	1206	755	701	801	505	846
ENSG00000107833	NPM3	729	1418	846	861	1040	1086	1397
ENSG00000107854	TNKS2	2714	4494	2489	2701	3099	3086	3871
ENSG00000107859	PITX3	0	1	0	0	1	0	0
ENSG00000107862	GBF1	3331	5154	3030	3425	4569	4637	5444
ENSG00000107863	ARHGAP21	1496	2221	1126	1496	1756	2118	2416
ENSG00000107864	CPEB3	91	105	66	77	95	109	121
ENSG00000107872	FBXL15	448	838	457	435	545	452	622
ENSG00000107874	CUEDC2	1078	1906	1213	1078	1231	1093	1259
ENSG00000107882	SUFU	765	1373	799	880	1166	1103	1511
ENSG00000107890	ANKRD26	320	507	339	337	441	364	449
ENSG00000107897	ACBD5	1194	2071	1153	1130	1353	1213	1677
ENSG00000107902	LHPP	172	272	171	168	219	206	191
ENSG00000107929	LARP4B	1804	2891	1704	1866	2781	2734	3568
ENSG00000107937	GTPBP4	3109	5169	3133	3178	4984	4662	6323
ENSG00000107938	EDRF1	893	1383	795	866	1141	1106	1379
ENSG00000107949	BCCIP	2329	3677	2421	2339	3450	3393	4545
ENSG00000107951	MTPAP	605	956	634	554	984	963	1285
ENSG00000107954	NEURL1	19	37	21	19	49	41	43
ENSG00000107957	SH3PXD2A	8718	13380	7897	8672	10130	9883	12968
ENSG00000107959	PITRM1	1570	2742	1810	1875	2196	2142	2760
ENSG00000107960	STN1	1541	2444	1363	1486	1423	1418	1548
ENSG00000107968	MAP3K8	4	14	11	9	10	5	12
ENSG00000107984	DKK1	123	243	222	262	297	290	576
ENSG00000108001	EBF3	3871	6370	3654	3504	4565	4365	5086
ENSG00000108010	GLRX3	3468	5774	3593	3502	4900	4999	5986
ENSG00000108018	SORCS1	2549	4293	2228	2383	2801	2678	2805
ENSG00000108021	TASOR2	2537	4210	2417	2813	3866	3701	4950
ENSG00000108039	XPNPEP1	1751	3043	1657	1859	2188	2232	2611
ENSG00000108055	SMC3	5541	9203	5475	5342	6755	6532	8190
ENSG00000108061	SHOC2	1452	2384	1338	1377	1925	1828	2494
ENSG00000108064	TFAM	1065	1780	1121	1005	1832	1621	2446
ENSG00000108091	CCDC6	1137	1954	1089	1130	1635	1610	2070
ENSG00000108094	CUL2	667	1349	742	689	989	1148	1195
ENSG00000108100	CCNY	1295	2124	1272	1368	1649	1465	1986
ENSG00000108106	UBE2S	7373	12681	8916	8270	11564	11265	15029
ENSG00000108107	RPL28	23041	40754	24577	23712	28119	29035	32953
ENSG00000108175	ZMIZ1	5804	9507	5385	6002	6734	6516	7757
ENSG00000108176	DNAJC12	321	614	349	299	386	334	486
ENSG00000108179	PPIF	2255	3880	2328	2388	2981	2854	3822
ENSG00000108187	PBLD	76	102	48	49	65	54	79
ENSG00000108219	TSPAN14	6460	10953	6616	6482	8487	8084	9359
ENSG00000108239	TBC1D12	411	644	332	359	436	441	564
ENSG00000108242	CYP2C18	1	2	0	1	0	1	0
ENSG00000108244	KRT23	29	43	39	37	47	38	49
ENSG00000108256	NUFIP2	5572	8917	4874	5202	6052	5642	7007
ENSG00000108262	GIT1	2734	4643	2812	2946	3647	3632	4122
ENSG00000108298	RPL19	25371	43482	25993	24555	33164	33309	39609
ENSG00000108306	FBXL20	1130	1873	1056	1090	1442	1345	1709
ENSG00000108309	RUNDC3A	62	125	67	53	68	71	63
ENSG00000108312	UBTF	3208	5369	3095	3241	3895	3521	4623
ENSG00000108342	CSF3	0	0	0	0	1	0	0
ENSG00000108344	PSMD3	4730	8091	5273	5168	6231	5595	7595
ENSG00000108349	CASC3	2843	4797	2951	2905	3852	3891	4901
ENSG00000108352	RAPGEFL1	446	792	388	456	484	414	473
ENSG00000108370	RGS9	11	23	13	27	17	16	22
ENSG00000108375	RNF43	85	155	83	91	135	120	137
ENSG00000108379	WNT3	83	132	85	81	105	102	122
ENSG00000108381	ASPA	4	13	2	4	6	3	8
ENSG00000108384	RAD51C	268	382	244	232	465	480	756
ENSG00000108387	SEPTIN4	53	85	48	51	45	51	48
ENSG00000108389	MTMR4	1833	3151	1794	1863	2116	2033	2388
ENSG00000108395	TRIM37	1143	1784	1083	1134	1235	1271	1433
ENSG00000108405	P2RX1	0	0	0	0	0	0	1
ENSG00000108406	DHX40	2774	4525	2549	2550	3079	3041	3631
ENSG00000108423	TUBD1	291	425	274	266	330	277	417
ENSG00000108424	KPNB1	9503	15539	9898	9695	16305	15610	20191
ENSG00000108433	GOSR2	1455	2437	1460	1491	2114	1973	2315
ENSG00000108439	PNPO	1286	2031	1264	1183	1958	1855	2385
ENSG00000108443	RPS6KB1	1126	1816	1069	1179	1248	1202	1419
ENSG00000108465	CDK5RAP3	1110	1898	1152	1068	1371	1318	1583
ENSG00000108468	CBX1	2270	3588	2408	2370	3549	3392	4396
ENSG00000108469	RECQL5	937	1493	868	994	1335	1307	1517
ENSG00000108474	PIGL	150	277	175	169	294	264	365
ENSG00000108479	GALK1	965	1634	1044	975	1300	1350	1521
ENSG00000108506	INTS2	891	1441	881	932	1209	1193	1492
ENSG00000108509	CAMTA2	1379	2445	1465	1352	1892	1870	2203
ENSG00000108510	MED13	2566	4014	2265	2503	3161	2897	3801
ENSG00000108511	HOXB6	697	1154	680	704	709	628	750
ENSG00000108515	ENO3	166	263	156	147	222	200	165
ENSG00000108518	PFN1	21472	38414	26567	24606	35707	33558	44506
ENSG00000108523	RNF167	2810	4787	3171	2948	3850	3864	4534
ENSG00000108528	SLC25A11	2520	4301	2868	2780	4306	3939	5267
ENSG00000108551	RASD1	184	333	225	223	147	162	186
ENSG00000108556	CHRNE	7	0	4	0	2	0	2
ENSG00000108557	RAI1	3929	6703	4264	4348	5893	5395	7777
ENSG00000108559	NUP88	1264	2060	1171	1300	2358	2079	2515
ENSG00000108561	C1QBP	7935	14283	9345	9048	14206	14169	18822
ENSG00000108576	SLC6A4	14	19	14	16	16	7	18
ENSG00000108578	BLMH	2547	4293	2461	2450	3154	3189	3733
ENSG00000108582	CPD	4174	7017	3954	4155	5109	4923	6162
ENSG00000108587	GOSR1	1911	3055	1865	1775	2478	2212	2777
ENSG00000108588	CCDC47	3337	5626	3436	3362	5494	5183	6756
ENSG00000108590	MED31	236	383	260	226	377	358	474
ENSG00000108591	DRG2	1345	2279	1426	1389	2035	1902	2509
ENSG00000108592	FTSJ3	5131	8515	5385	5402	8812	8685	11594
ENSG00000108599	AKAP10	1328	2145	1271	1255	1658	1533	1817
ENSG00000108602	ALDH3A1	1	1	0	0	0	1	0
ENSG00000108604	SMARCD2	3737	6518	3791	3842	4973	4996	5889
ENSG00000108639	SYNGR2	1037	1764	1115	1068	1327	1320	1522
ENSG00000108641	B9D1	761	1275	772	805	1150	1039	1247
ENSG00000108651	UTP6	1011	1534	1069	977	1702	1590	2006
ENSG00000108654	DDX5	686	1143	656	479	1454	2063	2557
ENSG00000108666	C17orf75	405	732	457	390	577	505	655
ENSG00000108669	CYTH1	581	975	595	643	761	715	1008
ENSG00000108671	PSMD11	3510	5756	3789	3681	5528	5034	6970
ENSG00000108679	LGALS3BP	15790	27015	16304	16219	17775	17207	19768
ENSG00000108684	ASIC2	49	66	34	59	30	22	27
ENSG00000108691	CCL2	4	12	3	8	7	4	18
ENSG00000108733	PEX12	404	687	399	389	639	584	673
ENSG00000108771	DHX58	217	368	228	233	234	200	246
ENSG00000108773	KAT2A	1149	1666	1054	894	1220	1114	1604
ENSG00000108774	RAB5C	6204	11091	7271	6835	9088	9048	11395
ENSG00000108784	NAGLU	2263	3884	2328	2398	2910	2385	3198
ENSG00000108786	HSD17B1	110	214	130	94	160	124	188
ENSG00000108788	MLX	2553	4292	2606	2629	3857	3778	4923
ENSG00000108797	CNTNAP1	1778	2936	1724	1736	2328	2141	2586
ENSG00000108798	ABI3	30	69	38	31	47	26	52
ENSG00000108799	EZH1	1408	2320	1233	1297	1547	1553	1840
ENSG00000108813	DLX4	40	54	38	42	39	34	24
ENSG00000108819	PPP1R9B	3380	5947	3505	3477	3730	2740	4262
ENSG00000108821	COL1A1	37	50	30	22	41	24	31
ENSG00000108823	SGCA	2	5	1	7	0	0	6
ENSG00000108825	PTGES3L-AARSD1	16	53	34	24	48	31	33
ENSG00000108826	MRPL27	721	1200	755	671	1203	1081	1480
ENSG00000108828	VAT1	5510	9531	5781	6014	7095	7099	8229
ENSG00000108829	LRRC59	7155	12183	8031	7816	13573	13053	17382
ENSG00000108830	RND2	95	187	89	104	126	99	157
ENSG00000108839	ALOX12	24	35	24	29	16	21	23
ENSG00000108840	HDAC5	2631	4330	2610	2439	2862	2792	3165
ENSG00000108846	ABCC3	84	86	50	68	54	23	43
ENSG00000108848	LUC7L3	8576	13479	7945	7957	9315	8422	9674
ENSG00000108849	PPY	0	1	0	0	0	0	0
ENSG00000108852	MPP2	248	417	278	320	461	476	619
ENSG00000108854	SMURF2	675	1141	624	685	817	697	1007
ENSG00000108861	DUSP3	1382	2394	1406	1341	1893	1903	2173
ENSG00000108883	EFTUD2	4651	7741	4905	4788	5989	5821	7531
ENSG00000108924	HLF	0	0	2	0	0	0	1
ENSG00000108932	SLC16A6	724	1230	668	653	943	918	1189
ENSG00000108946	PRKAR1A	23767	38511	21450	20933	24741	24692	26997
ENSG00000108947	EFNB3	204	298	204	175	145	109	140
ENSG00000108950	FAM20A	1507	2471	1253	1329	945	899	956
ENSG00000108953	YWHAE	22820	38862	25029	24266	35980	35175	43717
ENSG00000108960	MMD	527	884	526	516	593	642	731
ENSG00000108961	RANGRF	584	1057	649	615	844	844	1039
ENSG00000108963	DPH1	1047	1702	1036	991	1570	1572	2090
ENSG00000108984	MAP2K6	555	918	450	517	541	483	558
ENSG00000109016	DHRS7B	330	577	392	345	599	580	814
ENSG00000109046	WSB1	266	442	285	295	460	403	512
ENSG00000109047	RCVRN	5	8	2	3	1	2	7
ENSG00000109061	MYH1	11	27	10	7	14	13	11
ENSG00000109062	SLC9A3R1	832	1609	1081	1106	1333	1113	1650
ENSG00000109063	MYH3	134	176	150	142	193	163	230
ENSG00000109065	NAT9	574	966	596	598	728	671	924
ENSG00000109066	TMEM104	641	1090	728	778	876	837	1142
ENSG00000109072	VTN	8	9	7	2	5	5	9
ENSG00000109079	TNFAIP1	1865	3165	1887	1969	2310	2316	2756
ENSG00000109083	IFT20	581	921	545	544	629	553	736
ENSG00000109084	TMEM97	1332	2095	1321	1366	1818	1779	2286
ENSG00000109089	CDR2L	584	1002	684	590	867	785	1071
ENSG00000109099	PMP22	5340	9950	5917	5924	6377	7084	8608
ENSG00000109101	FOXN1	0	1	0	0	0	0	0
ENSG00000109103	UNC119	459	746	457	471	482	513	624
ENSG00000109107	ALDOC	1316	2168	1210	1152	1617	1559	1624
ENSG00000109111	SUPT6H	6074	10096	6001	6297	9138	9109	11748
ENSG00000109113	RAB34	3020	5379	3261	3057	4159	4058	4970
ENSG00000109118	PHF12	1566	2649	1563	1615	1909	1863	2183
ENSG00000109132	PHOX2B	0	1	0	0	0	0	0
ENSG00000109133	TMEM33	3098	5000	3090	2920	4329	4075	5282
ENSG00000109158	GABRA4	2	0	1	1	0	0	0
ENSG00000109163	GNRHR	7	4	5	4	3	5	6
ENSG00000109171	SLAIN2	2345	3763	2273	2345	2592	2636	3255
ENSG00000109180	OCIAD1	3066	5003	2979	2750	4066	4073	5153
ENSG00000109184	DCUN1D4	606	1068	608	536	772	689	871
ENSG00000109189	USP46	751	1319	779	747	979	1050	1310
ENSG00000109205	ODAM	0	0	2	0	0	0	0
ENSG00000109220	CHIC2	360	622	416	367	676	607	888
ENSG00000109255	NMU	0	0	1	0	1	1	2
ENSG00000109265	CRACD	956	1618	906	1004	1729	1486	1987
ENSG00000109270	LAMTOR3	375	619	353	390	515	546	608
ENSG00000109320	NFKB1	1629	2452	1678	1819	2505	2377	3271
ENSG00000109321	AREG	44	63	37	45	36	57	67
ENSG00000109323	MANBA	337	423	206	233	223	296	442
ENSG00000109332	UBE2D3	5467	9331	5819	5805	9208	8562	11073
ENSG00000109339	MAPK10	5	8	2	3	4	9	9
ENSG00000109381	ELF2	798	1295	722	740	991	978	1257
ENSG00000109390	NDUFC1	330	669	443	341	444	602	684
ENSG00000109424	UCP1	0	1	0	0	0	0	0
ENSG00000109436	TBC1D9	1365	2335	1373	1402	1949	1919	2414
ENSG00000109445	ZNF330	1013	1626	1003	928	1140	1163	1293
ENSG00000109452	INPP4B	2113	3434	1896	1975	2863	2663	3354
ENSG00000109458	GAB1	322	562	325	331	431	378	495
ENSG00000109466	KLHL2	492	902	495	483	534	494	746
ENSG00000109472	CPE	1130	1828	1015	999	1026	1034	1150
ENSG00000109475	RPL34	5911	9597	5795	5264	7123	6605	8084
ENSG00000109501	WFS1	603	1029	690	688	762	751	975
ENSG00000109519	GRPEL1	1160	1842	1238	1118	1943	1903	2290
ENSG00000109534	GAR1	556	1004	560	587	885	778	1172
ENSG00000109536	FRG1	2043	3280	2066	1959	3456	3297	4023
ENSG00000109572	CLCN3	2111	3334	1897	1904	2523	2417	2802
ENSG00000109576	AADAT	595	983	534	517	583	584	788
ENSG00000109586	GALNT7	1071	1859	1042	1081	1208	1196	1457
ENSG00000109606	DHX15	5431	9037	5432	5634	9142	9008	11972
ENSG00000109610	SOD3	4735	8417	4351	4022	4604	4227	4022
ENSG00000109618	SEPSECS	476	681	405	417	537	578	663
ENSG00000109625	CPZ	12	8	6	10	7	12	12
ENSG00000109654	TRIM2	3750	5521	2867	3630	3991	4330	5195
ENSG00000109670	FBXW7	516	782	472	540	571	567	681
ENSG00000109674	NEIL3	276	456	333	290	410	402	502
ENSG00000109680	TBC1D19	159	210	126	101	149	118	176
ENSG00000109684	CLNK	4	7	2	4	7	5	8
ENSG00000109685	NSD2	3413	6069	3831	3940	6134	6012	7870
ENSG00000109686	SH3D19	1278	2183	1290	1446	1689	1616	1921
ENSG00000109689	STIM2	1126	1770	1110	1141	1489	1310	1755
ENSG00000109705	NKX3-2	61	123	59	69	62	34	90
ENSG00000109736	MFSD10	1457	2601	1600	1528	2116	1932	2469
ENSG00000109738	GLRB	61	132	71	72	109	107	150
ENSG00000109743	BST1	349	549	389	400	469	519	645
ENSG00000109756	RAPGEF2	1104	1657	966	1003	1343	1234	1630
ENSG00000109758	HGFAC	0	0	0	2	3	1	0
ENSG00000109762	SNX25	958	1548	980	989	1320	1149	1579
ENSG00000109771	LRP2BP	91	120	72	83	92	101	117
ENSG00000109775	UFSP2	487	914	528	459	647	758	873
ENSG00000109787	KLF3	1372	2355	1276	1396	1942	1814	2276
ENSG00000109790	KLHL5	1623	2744	1625	1583	1491	1506	1740
ENSG00000109794	FAM149A	48	87	58	51	65	66	81
ENSG00000109805	NCAPG	3216	5278	3318	3415	5104	5026	6329
ENSG00000109814	UGDH	1279	2083	1348	1262	1514	1434	1975
ENSG00000109819	PPARGC1A	37	46	20	21	34	35	28
ENSG00000109832	DDX25	5	12	4	1	6	0	4
ENSG00000109846	CRYAB	120	215	97	103	155	162	169
ENSG00000109854	HTATIP2	1457	2405	1494	1421	1896	1795	2145
ENSG00000109861	CTSC	5821	9871	6260	6211	7419	7088	9584
ENSG00000109881	CCDC34	528	917	551	573	847	763	973
ENSG00000109906	ZBTB16	0	2	0	0	0	2	0
ENSG00000109911	ELP4	453	696	466	440	548	528	692
ENSG00000109917	ZPR1	2132	3667	2154	2178	2335	2292	2734
ENSG00000109919	MTCH2	2734	4802	3055	2938	4487	4478	5598
ENSG00000109920	FNBP4	2643	4237	2499	2463	3310	3050	3748
ENSG00000109927	TECTA	35	68	25	30	25	25	24
ENSG00000109929	SC5D	1379	2292	1281	1312	1691	1739	2209
ENSG00000109943	CRTAM	0	1	0	2	1	0	1
ENSG00000109944	JHY	252	380	221	222	247	235	234
ENSG00000109956	B3GAT1	897	1439	947	896	1231	1179	1570
ENSG00000109971	HSPA8	19723	33644	21421	20983	43996	43751	60447
ENSG00000109991	P2RX3	2	3	2	0	1	2	1
ENSG00000110002	VWA5A	1726	3064	1714	1736	1722	1649	1749
ENSG00000110011	DNAJC4	534	824	449	450	597	566	647
ENSG00000110013	SIAE	1492	2383	1341	1438	1446	1367	1493
ENSG00000110025	SNX15	348	679	433	425	525	500	688
ENSG00000110031	LPXN	1468	2631	1531	1519	1687	1660	2112
ENSG00000110042	DTX4	5	10	6	4	7	15	16
ENSG00000110046	ATG2A	2640	4303	2432	2658	3127	2911	3290
ENSG00000110047	EHD1	1002	1794	1075	1109	1530	1529	1959
ENSG00000110048	OSBP	3782	6031	3563	3418	4139	3554	4585
ENSG00000110057	UNC93B1	634	1215	742	748	940	971	1035
ENSG00000110060	PUS3	722	1303	760	707	1162	1034	1279
ENSG00000110063	DCPS	2170	3734	2470	2353	2784	2781	3548
ENSG00000110066	KMT5B	976	1640	843	763	960	927	1057
ENSG00000110074	FOXRED1	820	1373	946	962	1410	1308	1685
ENSG00000110075	PPP6R3	2909	4586	2703	2838	4077	4052	5111
ENSG00000110076	NRXN2	11	24	6	7	2	7	12
ENSG00000110077	MS4A6A	0	1	0	0	0	1	0
ENSG00000110079	MS4A4A	0	2	1	2	1	2	4
ENSG00000110080	ST3GAL4	5998	10313	6177	5913	7068	6807	8059
ENSG00000110090	CPT1A	1621	2749	1678	1698	2295	2188	2890
ENSG00000110092	CCND1	6702	10768	6841	6863	7734	7498	9848
ENSG00000110104	CCDC86	1881	3204	1989	2046	2765	2687	3545
ENSG00000110107	PRPF19	5585	9775	6116	5979	10744	10555	13455
ENSG00000110108	TMEM109	2669	4471	3081	2861	4759	4765	6373
ENSG00000110169	HPX	3	7	3	1	7	3	2
ENSG00000110171	TRIM3	337	547	298	339	473	472	608
ENSG00000110172	CHORDC1	2092	3517	2275	2137	3669	3864	4913
ENSG00000110200	ANAPC15	472	792	531	541	822	895	1066
ENSG00000110218	PANX1	672	1056	631	712	962	943	1191
ENSG00000110237	ARHGEF17	651	992	623	662	651	602	743
ENSG00000110243	APOA5	1	3	3	2	0	0	1
ENSG00000110274	CEP164	921	1454	882	799	896	892	1146
ENSG00000110315	RNF141	528	834	524	485	460	463	563
ENSG00000110318	CEP126	255	370	220	222	193	202	204
ENSG00000110321	EIF4G2	14221	23767	13774	14393	16729	16593	21439
ENSG00000110324	IL10RA	0	5	0	0	1	0	0
ENSG00000110328	GALNT18	232	380	253	231	288	284	292
ENSG00000110330	BIRC2	1680	2924	1694	1723	2222	2106	2808
ENSG00000110344	UBE4A	3178	5009	2850	3214	4073	4054	4874
ENSG00000110367	DDX6	2676	4379	2602	2631	3851	3759	4919
ENSG00000110375	UPK2	0	1	0	1	0	2	0
ENSG00000110395	CBL	2825	4473	2476	2886	3502	3466	4455
ENSG00000110400	NECTIN1	1011	1617	1086	1091	1578	1457	2133
ENSG00000110422	HIPK3	1472	2379	1307	1419	1544	1552	1878
ENSG00000110427	KIAA1549L	3937	6138	3470	3877	4444	4446	5506
ENSG00000110429	FBXO3	1293	2235	1250	1246	1566	1511	1768
ENSG00000110435	PDHX	1896	3254	1986	1867	2258	2233	2569
ENSG00000110436	SLC1A2	20	27	17	13	27	18	34
ENSG00000110442	COMMD9	578	1024	640	597	1023	1014	1190
ENSG00000110448	CD5	0	1	1	0	2	0	2
ENSG00000110455	ACCS	254	463	208	237	312	274	295
ENSG00000110492	MDK	1594	2713	1784	1677	1977	1983	2320
ENSG00000110497	AMBRA1	1754	3013	1831	1786	2569	2441	3004
ENSG00000110514	MADD	2834	4723	2611	2747	2787	2792	3241
ENSG00000110536	PTPMT1	1241	1978	1264	1223	1729	1700	2259
ENSG00000110583	NAA40	533	842	589	543	636	723	756
ENSG00000110619	CARS1	2610	4016	2472	2403	3201	3212	3405
ENSG00000110628	SLC22A18	716	1220	717	701	809	784	820
ENSG00000110651	CD81	2736	4826	3136	3015	3076	2904	3261
ENSG00000110660	SLC35F2	791	1249	763	762	1066	1062	1306
ENSG00000110665	C11orf21	0	1	0	1	1	0	0
ENSG00000110675	ELMOD1	169	268	146	142	156	139	155
ENSG00000110693	SOX6	308	534	309	380	364	349	453
ENSG00000110696	C11orf58	2758	4590	2876	2702	4552	4295	5580
ENSG00000110697	PITPNM1	1963	3209	2026	1900	1954	1847	2215
ENSG00000110700	RPS13	9361	15884	9237	9021	11551	11528	13638
ENSG00000110711	AIP	2429	4121	2678	2469	3312	3117	3832
ENSG00000110713	NUP98	2303	4256	2468	2370	4012	3987	4950
ENSG00000110717	NDUFS8	1556	2654	1641	1578	2057	2116	2476
ENSG00000110719	TCIRG1	1290	2054	1374	1223	1496	1459	1392
ENSG00000110721	CHKA	442	748	387	404	632	549	704
ENSG00000110723	EXPH5	33	68	34	44	34	42	49
ENSG00000110756	HPS5	2198	3762	2335	2298	2716	2543	3372
ENSG00000110768	GTF2H1	1032	1749	1052	1031	1548	1603	1985
ENSG00000110777	POU2AF1	9	13	10	10	18	2	10
ENSG00000110786	PTPN5	3	9	11	4	6	5	4
ENSG00000110799	VWF	24	39	32	25	45	43	37
ENSG00000110801	PSMD9	542	828	497	591	705	639	888
ENSG00000110811	P3H3	973	1729	995	805	1234	1062	1374
ENSG00000110841	PPFIBP1	11589	18635	10207	10872	12869	12077	13898
ENSG00000110844	PRPF40B	876	1595	832	827	994	956	1171
ENSG00000110851	PRDM4	1199	1857	1173	1140	1538	1573	1955
ENSG00000110852	CLEC2B	171	326	120	123	214	214	224
ENSG00000110871	COQ5	892	1555	947	874	1114	1169	1418
ENSG00000110876	SELPLG	12	18	11	5	10	10	19
ENSG00000110880	CORO1C	4417	7147	4453	4418	5731	5595	6742
ENSG00000110881	ASIC1	682	1131	756	664	1017	793	1185
ENSG00000110887	DAO	1	0	2	0	0	0	0
ENSG00000110888	CAPRIN2	981	1416	977	913	848	957	885
ENSG00000110900	TSPAN11	2110	3448	1998	1959	1675	1532	1847
ENSG00000110906	KCTD10	1118	2079	1156	1130	1763	1782	2058
ENSG00000110911	SLC11A2	571	772	478	528	522	618	717
ENSG00000110917	MLEC	6822	11126	6757	6827	8279	7690	9573
ENSG00000110921	MVK	348	729	498	471	547	514	691
ENSG00000110925	CSRNP2	792	1316	763	780	962	931	1204
ENSG00000110931	CAMKK2	878	1522	959	943	1221	1213	1432
ENSG00000110944	IL23A	8	8	3	10	6	1	3
ENSG00000110955	ATP5F1B	23737	40145	25418	24824	35377	34622	42912
ENSG00000110958	PTGES3	10518	17679	11522	10875	19351	18936	24083
ENSG00000110987	BCL7A	291	491	368	303	468	488	562
ENSG00000111011	RSRC2	721	1245	795	631	795	758	950
ENSG00000111012	CYP27B1	112	236	113	126	256	153	389
ENSG00000111052	LIN7A	5	5	6	5	6	13	5
ENSG00000111057	KRT18	3218	5492	3286	2940	4220	3919	5225
ENSG00000111058	ACSS3	0	0	2	0	0	0	0
ENSG00000111077	TNS2	2885	4735	2709	2967	3245	3168	3693
ENSG00000111087	GLI1	24	40	35	29	25	28	44
ENSG00000111110	PPM1H	213	307	190	190	236	240	245
ENSG00000111142	METAP2	5393	8887	5386	5302	7480	7305	9368
ENSG00000111144	LTA4H	2316	3938	2356	2319	2939	2919	3281
ENSG00000111145	ELK3	4556	7561	4268	4337	5136	5045	5977
ENSG00000111181	SLC6A12	6	8	0	7	0	3	1
ENSG00000111186	WNT5B	36	68	39	23	20	20	31
ENSG00000111196	MAGOHB	346	623	376	346	520	510	724
ENSG00000111199	TRPV4	2703	4691	2637	2834	2660	2647	3131
ENSG00000111203	ITFG2	343	562	315	320	614	597	787
ENSG00000111206	FOXM1	3210	5186	3599	3599	5835	5790	7626
ENSG00000111215	PRR4	67	138	97	91	94	118	161
ENSG00000111224	PARP11	226	183	187	212	195	150	238
ENSG00000111229	ARPC3	4455	7910	4835	4738	6215	6246	7703
ENSG00000111231	GPN3	1129	1893	1269	1149	1743	1791	2305
ENSG00000111237	VPS29	660	1230	735	720	1259	1283	1637
ENSG00000111245	MYL2	0	0	0	0	1	0	0
ENSG00000111247	RAD51AP1	577	899	616	658	1178	1100	1510
ENSG00000111249	CUX2	1	2	1	2	0	1	2
ENSG00000111252	SH2B3	11951	19769	11028	11966	14501	14032	17658
ENSG00000111254	AKAP3	6	5	3	0	4	4	2
ENSG00000111261	MANSC1	824	1520	781	776	1151	1097	1446
ENSG00000111266	DUSP16	1047	1683	872	943	1078	1078	1262
ENSG00000111269	CREBL2	1978	3191	1826	1864	2528	2243	2979
ENSG00000111271	ACAD10	1021	1779	1017	963	1242	1114	1321
ENSG00000111275	ALDH2	671	1091	653	652	666	704	779
ENSG00000111276	CDKN1B	2479	4120	2386	2345	2848	2830	3238
ENSG00000111291	GPRC5D	10	23	19	13	18	14	15
ENSG00000111300	NAA25	1391	2336	1422	1379	2197	2207	2770
ENSG00000111305	GSG1	12	7	5	12	11	7	8
ENSG00000111319	SCNN1A	11	20	3	9	1	4	5
ENSG00000111321	LTBR	3099	5140	3066	3046	2796	2720	3106
ENSG00000111325	OGFOD2	445	778	466	414	670	590	805
ENSG00000111328	CDK2AP1	4860	8061	5471	5133	5611	5113	6101
ENSG00000111331	OAS3	1019	1930	1077	1109	1721	1416	1556
ENSG00000111335	OAS2	172	300	185	167	215	187	251
ENSG00000111339	ART4	3	6	4	9	2	5	7
ENSG00000111341	MGP	784	1528	848	821	784	788	760
ENSG00000111344	RASAL1	136	233	138	169	129	108	136
ENSG00000111348	ARHGDIB	31	51	62	40	57	51	77
ENSG00000111358	GTF2H3	2306	3711	2233	2089	3161	2849	3610
ENSG00000111361	EIF2B1	3112	5257	3205	3187	4432	4318	5473
ENSG00000111364	DDX55	1351	2183	1346	1391	1711	1638	2110
ENSG00000111371	SLC38A1	3017	4783	2717	2923	4708	4577	5733
ENSG00000111405	ENDOU	1	3	1	2	1	0	0
ENSG00000111412	SPRING1	1266	2112	1189	1224	1602	1548	1836
ENSG00000111424	VDR	545	948	522	528	813	723	900
ENSG00000111445	RFC5	1253	2071	1279	1251	1893	1902	2541
ENSG00000111450	STX2	434	761	418	463	622	669	729
ENSG00000111452	ADGRD1	8	16	4	11	13	14	12
ENSG00000111481	COPZ1	4612	7528	4811	4682	6554	6409	8376
ENSG00000111490	TBC1D30	41	88	56	52	36	49	37
ENSG00000111530	CAND1	5535	8964	5389	5616	7100	6928	8830
ENSG00000111540	RAB5B	2605	4228	2494	2529	3462	3514	4000
ENSG00000111554	MDM1	235	360	255	237	329	331	417
ENSG00000111581	NUP107	2003	3315	2122	1939	3309	3131	4083
ENSG00000111596	CNOT2	2154	3455	2015	2001	2459	2462	2885
ENSG00000111602	TIMELESS	2028	3489	2216	2283	2692	2517	3382
ENSG00000111605	CPSF6	3332	5542	3369	3312	4201	4025	5042
ENSG00000111615	KRR1	2175	3338	2063	2063	3213	2885	3918
ENSG00000111639	MRPL51	2865	4627	3079	2778	4670	4705	6038
ENSG00000111640	GAPDH	123063	216393	134809	130821	175038	170311	209417
ENSG00000111641	NOP2	2575	4299	2558	2785	3547	3573	4623
ENSG00000111642	CHD4	13963	22302	12969	13962	15076	14401	16604
ENSG00000111644	ACRBP	13	8	16	13	17	17	17
ENSG00000111647	UHRF1BP1L	952	1521	891	985	948	964	1104
ENSG00000111652	COPS7A	2168	3867	2312	2203	3030	2977	3532
ENSG00000111653	ING4	677	1113	662	632	898	716	856
ENSG00000111664	GNB3	0	25	49	12	23	23	93
ENSG00000111665	CDCA3	568	923	666	677	917	975	1189
ENSG00000111666	CHPT1	3399	5659	3621	3270	4890	4992	6201
ENSG00000111667	USP5	3222	5687	3558	3474	4475	4320	5328
ENSG00000111669	TPI1	14665	25739	16302	15246	23104	22625	28224
ENSG00000111670	GNPTAB	3829	6172	3403	3626	4934	4753	5349
ENSG00000111671	SPSB2	262	437	276	266	255	166	321
ENSG00000111674	ENO2	1428	2374	1172	1161	2508	2330	2323
ENSG00000111676	ATN1	5811	10019	5831	6036	7394	7011	8803
ENSG00000111678	C12orf57	1161	2235	1254	1212	1674	1562	1948
ENSG00000111679	PTPN6	1	0	7	4	4	2	0
ENSG00000111684	LPCAT3	866	1650	997	1104	1322	1172	1534
ENSG00000111696	NT5DC3	567	897	514	495	673	610	810
ENSG00000111704	NANOG	15	10	8	8	8	12	17
ENSG00000111707	SUDS3	1394	2213	1294	1344	1476	1365	1628
ENSG00000111711	GOLT1B	1337	2209	1281	1267	2090	1924	2495
ENSG00000111713	GYS2	0	1	0	0	0	0	0
ENSG00000111716	LDHB	20646	35618	21909	20339	27048	26470	32031
ENSG00000111725	PRKAB1	549	911	573	560	861	878	1076
ENSG00000111726	CMAS	1292	2246	1381	1397	1498	1384	1752
ENSG00000111727	HCFC2	411	685	334	395	408	463	576
ENSG00000111728	ST8SIA1	54	50	13	53	44	40	54
ENSG00000111729	CLEC4A	3	1	6	6	0	0	0
ENSG00000111731	C2CD5	1432	2350	1278	1335	1583	1563	1715
ENSG00000111732	AICDA	7	17	14	15	8	5	11
ENSG00000111737	RAB35	1595	2723	1835	1727	3161	2661	3949
ENSG00000111752	PHC1	1634	2574	1520	1555	1912	1948	2203
ENSG00000111775	COX6A1	3357	5950	4128	3732	5184	5016	6484
ENSG00000111780	NA	5	0	4	0	2	0	4
ENSG00000111783	RFX4	1	4	3	1	1	1	1
ENSG00000111785	RIC8B	643	1061	584	640	832	815	936
ENSG00000111786	SRSF9	4469	7734	5168	4699	5597	4855	6497
ENSG00000111790	FGFR1OP2	726	1210	714	668	1037	919	1181
ENSG00000111796	KLRB1	0	1	0	0	1	1	2
ENSG00000111799	COL12A1	314	533	313	362	452	463	573
ENSG00000111801	BTN3A3	475	750	486	469	625	660	741
ENSG00000111802	TDP2	470	891	499	511	757	800	1096
ENSG00000111816	FRK	89	148	74	89	107	70	106
ENSG00000111817	DSE	84	88	57	40	69	63	73
ENSG00000111832	RWDD1	883	1404	943	839	959	858	976
ENSG00000111834	RSPH4A	1	6	1	2	2	5	3
ENSG00000111837	MAK	12	10	10	15	16	10	14
ENSG00000111843	TMEM14C	1763	2980	1885	1844	2534	2526	3054
ENSG00000111845	PAK1IP1	733	1267	802	721	1225	1227	1597
ENSG00000111846	GCNT2	465	836	421	442	587	605	615
ENSG00000111850	SMIM8	98	185	95	103	138	157	198
ENSG00000111859	NEDD9	1090	1836	1090	1173	1684	1754	2261
ENSG00000111860	CEP85L	905	1459	817	861	1067	1009	1288
ENSG00000111863	ADTRP	0	6	3	2	1	4	0
ENSG00000111875	ASF1A	603	1003	628	566	1163	1130	1560
ENSG00000111877	MCM9	253	384	260	204	310	287	327
ENSG00000111879	FAM184A	74	141	80	79	163	118	165
ENSG00000111880	RNGTT	671	1031	650	649	831	793	947
ENSG00000111885	MAN1A1	156	265	139	156	162	144	163
ENSG00000111886	GABRR2	32	36	34	18	19	19	19
ENSG00000111897	SERINC1	3155	5081	2922	2898	4300	4218	4998
ENSG00000111906	HDDC2	852	1421	863	901	1158	1020	1380
ENSG00000111907	TPD52L1	3135	5104	3027	2983	3230	3227	3666
ENSG00000111911	HINT3	567	930	564	517	695	652	749
ENSG00000111912	NCOA7	2172	3504	1881	1967	2638	2669	3101
ENSG00000111913	RIPOR2	98	181	88	86	90	76	79
ENSG00000111961	SASH1	3851	6120	3742	3891	4869	4622	5901
ENSG00000111962	UST	381	645	357	424	489	409	563
ENSG00000111981	ULBP1	0	0	1	1	0	0	0
ENSG00000112029	FBXO5	576	1009	596	626	931	933	1238
ENSG00000112031	MTRF1L	678	1039	671	688	1074	1045	1242
ENSG00000112033	PPARD	813	1349	777	835	913	922	1044
ENSG00000112038	OPRM1	11	19	5	8	11	10	11
ENSG00000112039	FANCE	253	353	270	278	303	232	315
ENSG00000112041	TULP1	4	2	1	1	2	2	2
ENSG00000112062	MAPK14	959	1779	1116	1139	1481	1281	1893
ENSG00000112077	RHAG	0	0	0	0	1	0	0
ENSG00000112078	KCTD20	1540	2770	1619	1735	2028	2046	2460
ENSG00000112079	STK38	753	1225	676	730	930	956	1047
ENSG00000112081	SRSF3	4345	7291	4499	4412	7379	6897	9367
ENSG00000112110	MRPL18	899	1595	1097	962	1563	1434	2058
ENSG00000112118	MCM3	3542	5819	3617	3665	5329	5141	6508
ENSG00000112130	RNF8	168	351	208	227	319	350	312
ENSG00000112137	PHACTR1	28	32	31	16	43	42	45
ENSG00000112139	MDGA1	215	337	183	274	332	272	392
ENSG00000112144	CILK1	1226	2025	1094	1152	1436	1320	1691
ENSG00000112146	FBXO9	1168	1913	1134	1137	1475	1488	1693
ENSG00000112149	CD83	151	226	188	174	231	224	238
ENSG00000112159	MDN1	1251	1662	826	1144	1559	1337	1908
ENSG00000112167	SAYSD1	64	83	74	50	93	100	123
ENSG00000112182	BACH2	272	491	245	292	319	325	322
ENSG00000112183	RBM24	32	30	20	8	20	22	35
ENSG00000112186	CAP2	193	352	223	215	289	262	330
ENSG00000112195	TREML2	0	0	2	0	0	0	0
ENSG00000112200	ZNF451	1424	2376	1233	1347	1948	1967	2311
ENSG00000112208	BAG2	546	950	548	555	1205	1132	1593
ENSG00000112210	RAB23	275	397	273	241	369	344	498
ENSG00000112212	TSPO2	2	1	1	1	1	1	0
ENSG00000112214	FHL5	51	62	36	27	32	28	54
ENSG00000112218	GPR63	1	4	4	0	9	2	8
ENSG00000112232	KHDRBS2	1	4	6	2	6	2	3
ENSG00000112234	FBXL4	555	824	453	532	547	500	568
ENSG00000112237	CCNC	1436	2302	1387	1329	1653	1618	2026
ENSG00000112238	PRDM13	15	15	11	12	11	14	20
ENSG00000112242	E2F3	980	1478	884	881	1389	1248	1695
ENSG00000112245	PTP4A1	3360	7481	3802	4129	9000	7409	11072
ENSG00000112246	SIM1	0	1	0	0	0	0	0
ENSG00000112249	ASCC3	1560	2555	1561	1587	1994	1967	2488
ENSG00000112276	BVES	391	708	455	414	562	513	715
ENSG00000112280	COL9A1	9	11	1	2	6	2	6
ENSG00000112282	MED23	761	1437	739	846	969	907	1168
ENSG00000112290	WASF1	554	953	509	572	947	910	1068
ENSG00000112293	GPLD1	46	87	54	46	94	68	87
ENSG00000112294	ALDH5A1	336	538	345	331	431	399	449
ENSG00000112297	CRYBG1	879	1606	866	966	1150	1197	1456
ENSG00000112304	ACOT13	340	562	365	341	498	524	608
ENSG00000112305	SMAP1	632	1054	629	576	708	744	759
ENSG00000112306	RPS12	11070	18980	11781	11493	14007	13851	16858
ENSG00000112308	C6orf62	1951	3330	2096	1927	2637	2422	2976
ENSG00000112309	B3GAT2	11	20	3	14	16	7	10
ENSG00000112312	GMNN	734	1175	788	728	1081	1128	1510
ENSG00000112319	EYA4	3029	5011	2842	3017	4373	4359	5187
ENSG00000112320	SOBP	475	843	418	450	383	402	375
ENSG00000112335	SNX3	2182	3746	2385	2138	3320	3245	4122
ENSG00000112339	HBS1L	1138	1856	1176	1155	1754	1685	2114
ENSG00000112343	TRIM38	913	1451	727	833	1068	950	1134
ENSG00000112357	PEX7	151	242	126	144	156	131	131
ENSG00000112365	ZBTB24	326	519	302	352	488	480	503
ENSG00000112367	FIG4	195	310	162	212	197	199	256
ENSG00000112378	PERP	1771	3017	1711	1581	2741	2738	3123
ENSG00000112379	ARFGEF3	7	9	1	8	12	17	8
ENSG00000112394	SLC16A10	106	146	84	95	131	114	163
ENSG00000112406	HECA	804	1262	796	772	854	852	955
ENSG00000112414	ADGRG6	3577	5960	3310	3596	4765	4741	5895
ENSG00000112419	PHACTR2	281	474	246	290	394	377	486
ENSG00000112425	EPM2A	80	142	51	67	102	76	90
ENSG00000112473	SLC39A7	3995	6730	4333	4188	5665	5194	6525
ENSG00000112486	CCR6	58	47	42	55	51	34	48
ENSG00000112499	SLC22A2	1	0	0	0	0	0	0
ENSG00000112511	PHF1	338	603	364	397	363	424	561
ENSG00000112514	CUTA	1305	2404	1519	1455	2042	2050	2498
ENSG00000112530	PACRG	0	3	0	0	1	0	0
ENSG00000112531	QKI	2043	3750	2234	2718	3459	3163	4138
ENSG00000112539	C6orf118	0	1	0	0	0	0	1
ENSG00000112541	PDE10A	76	226	132	134	126	102	155
ENSG00000112559	MDFI	312	527	344	292	315	231	325
ENSG00000112561	TFEB	137	229	115	115	148	141	182
ENSG00000112576	CCND3	1416	2382	1570	1463	2580	2611	3644
ENSG00000112578	BYSL	667	1269	808	780	1258	993	1579
ENSG00000112584	FAM120B	1125	1822	1081	1132	1641	1712	2159
ENSG00000112592	TBP	479	825	479	475	700	690	897
ENSG00000112599	GUCA1B	12	18	10	9	3	7	9
ENSG00000112619	PRPH2	0	3	1	0	1	0	0
ENSG00000112624	BICRAL	446	761	390	488	513	478	568
ENSG00000112640	PPP2R5D	1666	2756	1634	1663	1741	1916	2125
ENSG00000112651	MRPL2	687	1208	805	748	1102	1056	1383
ENSG00000112655	PTK7	1645	2865	1603	1678	1956	2046	2214
ENSG00000112658	SRF	1209	1985	1243	1275	1681	1334	2086
ENSG00000112659	CUL9	766	1305	709	796	829	919	1172
ENSG00000112667	DNPH1	978	1646	1127	940	1277	1002	1375
ENSG00000112679	DUSP22	543	924	557	515	649	688	694
ENSG00000112685	EXOC2	754	1339	753	798	962	1019	1127
ENSG00000112695	COX7A2	1906	3121	2181	1948	2208	2246	2960
ENSG00000112697	TMEM30A	3964	6841	4064	3899	4609	4412	5519
ENSG00000112699	GMDS	853	1438	855	789	945	1000	1120
ENSG00000112701	SENP6	1211	2129	1251	1206	1352	1241	1588
ENSG00000112706	IMPG1	5	3	2	1	1	1	1
ENSG00000112715	VEGFA	717	1203	681	657	914	759	1048
ENSG00000112739	PRPF4B	1908	3239	1744	2028	2065	2032	2464
ENSG00000112742	TTK	1006	1677	1015	1048	1168	1162	1445
ENSG00000112759	SLC29A1	461	742	495	498	761	769	1059
ENSG00000112761	CCN6	164	279	192	204	205	192	294
ENSG00000112763	BTN2A1	355	623	361	347	350	326	433
ENSG00000112769	LAMA4	20665	33284	18109	20598	21614	21662	26583
ENSG00000112773	TENT5A	1297	2190	1336	1292	2034	1996	2734
ENSG00000112782	CLIC5	4	4	9	6	5	10	12
ENSG00000112787	FBRSL1	1739	2834	1732	1811	2136	2015	2450
ENSG00000112796	ENPP5	0	0	0	1	0	0	0
ENSG00000112812	PRSS16	4	25	14	15	0	0	13
ENSG00000112837	TBX18	408	647	359	373	497	465	574
ENSG00000112851	ERBIN	2543	4231	2404	2466	3469	3187	4163
ENSG00000112852	PCDHB2	519	852	543	455	688	538	706
ENSG00000112855	HARS2	1382	2282	1466	1343	1671	1656	2148
ENSG00000112874	NUDT12	688	1047	652	624	878	873	960
ENSG00000112877	CEP72	192	325	229	209	234	237	332
ENSG00000112893	MAN2A1	827	1425	776	856	1128	1093	1422
ENSG00000112902	SEMA5A	14	21	8	9	31	11	10
ENSG00000112936	C7	0	1	0	0	0	0	1
ENSG00000112941	TENT4A	1111	1859	1114	1157	1409	1400	1820
ENSG00000112964	GHR	400	701	375	374	604	616	720
ENSG00000112972	HMGCS1	644	1078	679	617	682	680	775
ENSG00000112977	DAP	4575	7752	4660	4840	5983	5984	7468
ENSG00000112981	NME5	1	0	0	1	0	0	0
ENSG00000112983	BRD8	2089	3579	2014	2023	2456	2158	2483
ENSG00000112984	KIF20A	3724	6224	3930	3959	4496	4359	5457
ENSG00000112992	NNT	3415	5401	2971	2838	3472	3522	4337
ENSG00000112996	MRPS30	1772	2925	1805	1777	3324	3285	4300
ENSG00000113013	HSPA9	5351	8662	5397	5387	6823	6650	8566
ENSG00000113048	MRPS27	2990	5166	3074	3293	3732	3746	4162
ENSG00000113068	PFDN1	1529	2476	1616	1498	2489	2580	3208
ENSG00000113070	HBEGF	209	323	178	183	276	225	358
ENSG00000113073	SLC4A9	5	3	3	1	7	9	4
ENSG00000113083	LOX	51	78	55	32	49	46	69
ENSG00000113108	APBB3	56	60	46	44	62	69	50
ENSG00000113119	TMCO6	453	862	460	464	583	619	742
ENSG00000113140	SPARC	81292	136315	76586	77526	97618	100061	109277
ENSG00000113141	IK	4840	8500	5242	5185	7093	7374	8496
ENSG00000113161	HMGCR	4943	8232	4842	4815	5328	5274	6488
ENSG00000113163	CERT1	2149	3299	2013	2027	2320	2205	2778
ENSG00000113194	FAF2	3211	5339	3123	3432	4748	4655	6161
ENSG00000113205	PCDHB3	154	271	184	187	230	241	269
ENSG00000113209	PCDHB5	559	939	594	594	606	635	844
ENSG00000113211	PCDHB6	794	1447	796	858	859	886	1103
ENSG00000113212	PCDHB7	370	562	378	354	531	512	641
ENSG00000113231	PDE8B	36	37	37	31	44	39	51
ENSG00000113240	CLK4	232	368	210	214	274	322	397
ENSG00000113248	PCDHB15	175	288	149	187	173	172	192
ENSG00000113249	HAVCR1	5	6	4	6	8	3	0
ENSG00000113262	GRM6	0	2	0	0	0	0	4
ENSG00000113269	RNF130	2376	4147	2468	2344	2879	2803	3266
ENSG00000113272	THG1L	739	1233	688	649	1185	1088	1507
ENSG00000113273	ARSB	854	1390	836	933	1166	1099	1425
ENSG00000113282	CLINT1	3574	5556	3328	3400	4814	4822	6265
ENSG00000113296	THBS4	19	26	19	15	13	5	13
ENSG00000113300	CNOT6	1309	1963	1173	1212	1603	1399	1896
ENSG00000113303	BTNL8	0	0	0	0	0	0	2
ENSG00000113312	TTC1	1477	2603	1775	1608	3398	3311	4187
ENSG00000113318	MSH3	1366	2158	1277	1302	1510	1463	1641
ENSG00000113319	RASGRF2	43	79	38	49	68	104	115
ENSG00000113327	GABRG2	21	31	14	31	24	27	18
ENSG00000113328	CCNG1	4910	8457	4947	4648	5465	5185	6325
ENSG00000113356	POLR3G	1421	2091	1373	1324	1746	1728	2153
ENSG00000113360	DROSHA	3189	5067	3221	3323	3873	3822	4727
ENSG00000113361	CDH6	1	0	0	3	1	0	1
ENSG00000113368	LMNB1	3472	5678	3849	3814	5611	5233	6767
ENSG00000113369	ARRDC3	1797	2971	1668	1694	2263	2138	2683
ENSG00000113384	GOLPH3	3172	5325	3164	3150	4590	4433	5614
ENSG00000113387	SUB1	2204	3858	2360	2217	3387	3265	4282
ENSG00000113389	NPR3	0	0	1	0	1	0	0
ENSG00000113391	FAM172A	679	1192	654	681	909	838	985
ENSG00000113407	TARS1	5583	9341	5894	5915	8995	8949	10991
ENSG00000113430	IRX4	0	4	0	1	2	1	0
ENSG00000113441	LNPEP	1405	2321	1391	1458	1943	1916	2332
ENSG00000113448	PDE4D	347	598	328	349	472	475	598
ENSG00000113456	RAD1	768	1186	801	635	959	947	1213
ENSG00000113460	BRIX1	2258	3825	2303	2254	3139	3206	4122
ENSG00000113494	PRLR	25	57	19	33	53	83	49
ENSG00000113504	SLC12A7	2272	3652	2147	2268	2052	2084	2441
ENSG00000113520	IL4	0	2	0	0	0	0	0
ENSG00000113522	RAD50	973	1627	936	829	1036	1119	1308
ENSG00000113525	IL5	0	0	1	1	0	0	2
ENSG00000113532	ST8SIA4	213	408	243	208	225	251	232
ENSG00000113552	GNPDA1	2562	4360	2697	2666	3804	3672	4702
ENSG00000113555	PCDH12	41	47	33	30	29	29	28
ENSG00000113558	SKP1	2606	4444	2873	2734	3910	3957	4618
ENSG00000113569	NUP155	3239	5363	3236	3455	4441	4414	5604
ENSG00000113575	PPP2CA	3784	6299	4008	3726	6783	6792	8832
ENSG00000113578	FGF1	23	58	26	45	37	27	29
ENSG00000113580	NR3C1	1741	2893	1607	1601	2031	2071	2325
ENSG00000113583	C5orf15	3161	5347	3257	3094	3820	3788	4395
ENSG00000113593	PPWD1	951	1455	903	969	1917	1865	2485
ENSG00000113594	LIFR	2094	3504	1867	1994	1878	1790	2234
ENSG00000113595	TRIM23	679	1002	635	595	892	840	1106
ENSG00000113597	TRAPPC13	545	856	551	450	638	655	823
ENSG00000113615	SEC24A	2823	4770	2805	2797	3893	3701	4571
ENSG00000113621	TXNDC15	899	1452	887	893	1024	1017	1411
ENSG00000113638	TTC33	565	918	556	522	735	682	797
ENSG00000113643	RARS1	4544	7610	4617	4365	5218	5312	6322
ENSG00000113645	WWC1	60	105	68	79	118	101	124
ENSG00000113648	MACROH2A1	5087	8563	5544	4975	6339	6045	7804
ENSG00000113649	TCERG1	2453	4033	2533	2486	4027	3844	4837
ENSG00000113657	DPYSL3	1613	2725	1653	1806	2348	2396	3253
ENSG00000113658	SMAD5	2766	4520	2592	2628	3484	3372	3994
ENSG00000113712	CSNK1A1	7711	12524	7687	7420	11884	11117	14185
ENSG00000113716	HMGXB3	2883	4739	2979	2903	3505	3320	4017
ENSG00000113719	ERGIC1	4802	7862	4971	4910	6809	6963	7954
ENSG00000113721	PDGFRB	866	1431	845	885	868	910	999
ENSG00000113732	ATP6V0E1	1605	3027	1937	1790	2996	2884	3659
ENSG00000113734	BNIP1	400	677	365	374	635	702	826
ENSG00000113739	STC2	78	134	83	83	133	94	138
ENSG00000113742	CPEB4	1518	2462	1342	1444	1919	1872	2302
ENSG00000113758	DBN1	3154	5076	3219	3252	4388	4335	5325
ENSG00000113761	ZNF346	579	926	601	604	801	748	1059
ENSG00000113763	UNC5A	0	0	0	5	3	0	1
ENSG00000113790	EHHADH	320	550	319	311	460	429	514
ENSG00000113805	CNTN3	940	1644	811	856	797	729	796
ENSG00000113810	SMC4	7630	12686	7633	7559	9005	8756	11079
ENSG00000113811	SELENOK	761	1424	930	848	1440	1368	1919
ENSG00000113812	ACTR8	951	1709	928	980	1016	1107	1256
ENSG00000113838	TBCCD1	334	570	330	329	428	398	554
ENSG00000113845	TIMMDC1	1924	3280	1991	1781	2320	2597	2940
ENSG00000113851	CRBN	713	1126	611	551	737	709	764
ENSG00000113916	BCL6	1646	2589	1425	1498	1433	1333	1492
ENSG00000113924	HGD	0	1	0	0	0	0	0
ENSG00000113946	CLDN16	7	6	2	2	5	1	6
ENSG00000113966	ARL6	190	352	201	153	276	300	352
ENSG00000113971	NPHP3	555	1034	532	592	758	687	900
ENSG00000114013	CD86	0	3	0	1	0	1	0
ENSG00000114019	AMOTL2	676	1107	706	662	918	821	1221
ENSG00000114021	NIT2	537	1002	516	571	943	905	1061
ENSG00000114023	FAM162A	821	1450	773	707	1323	1237	1432
ENSG00000114026	OGG1	453	761	450	477	763	709	1036
ENSG00000114030	KPNA1	1387	2127	1192	1287	1690	1482	1918
ENSG00000114054	PCCB	1548	2823	1747	1735	2344	2278	2813
ENSG00000114062	UBE3A	3120	5135	2956	3053	3952	3853	4729
ENSG00000114098	ARMC8	803	1260	797	765	1011	1050	1299
ENSG00000114107	CEP70	867	1354	815	790	826	823	920
ENSG00000114120	SLC25A36	2511	3768	2158	1942	2932	2701	2894
ENSG00000114124	GRK7	1	3	4	0	1	1	0
ENSG00000114125	RNF7	767	1233	763	732	881	897	1103
ENSG00000114126	TFDP2	1200	2250	1247	1244	1521	1492	1621
ENSG00000114127	XRN1	2017	3131	1766	1936	2260	2221	2498
ENSG00000114166	KAT2B	2589	4330	2391	2529	3214	3207	3969
ENSG00000114200	BCHE	468	779	467	450	482	563	733
ENSG00000114204	SERPINI2	0	0	0	1	0	0	0
ENSG00000114209	PDCD10	798	1357	829	785	1254	1261	1476
ENSG00000114251	WNT5A	1498	2361	1512	1363	1606	1471	1845
ENSG00000114268	PFKFB4	6573	10620	5578	5781	6556	6141	6959
ENSG00000114270	COL7A1	366	502	321	321	428	204	420
ENSG00000114279	FGF12	263	508	243	274	279	297	314
ENSG00000114302	PRKAR2A	2512	4031	2446	2617	3752	3502	4849
ENSG00000114315	HES1	1413	2424	1490	1378	1571	1446	1707
ENSG00000114316	USP4	2233	3706	2246	2169	2464	2390	2862
ENSG00000114331	ACAP2	1361	2339	1262	1299	1738	1559	1957
ENSG00000114346	ECT2	1622	2741	1627	1681	2475	2573	3109
ENSG00000114349	GNAT1	0	1	1	0	0	0	0
ENSG00000114353	GNAI2	8422	14774	9574	9549	12425	11118	15140
ENSG00000114354	TFG	2783	4876	2923	2843	4463	4505	5517
ENSG00000114378	HYAL1	52	76	50	42	41	38	57
ENSG00000114383	TUSC2	692	1191	812	696	1058	1047	1232
ENSG00000114388	NPRL2	344	643	397	399	620	649	734
ENSG00000114391	RPL24	17017	29417	18760	17321	20405	20391	24113
ENSG00000114395	CYB561D2	439	751	433	454	538	564	720
ENSG00000114405	C3orf14	181	306	215	169	315	326	458
ENSG00000114416	FXR1	4210	7026	4111	4445	5430	5303	6256
ENSG00000114423	CBLB	862	1622	743	842	759	739	849
ENSG00000114439	BBX	4150	6651	3864	4048	5571	5287	6695
ENSG00000114446	IFT57	1109	1945	1145	1102	1088	1171	1302
ENSG00000114450	GNB4	1501	2358	1432	1532	2051	1838	2446
ENSG00000114455	HHLA2	15	18	7	17	12	8	22
ENSG00000114473	IQCG	93	206	96	122	138	175	200
ENSG00000114480	GBE1	1676	2851	1478	1497	2210	2081	2229
ENSG00000114491	UMPS	195	343	228	177	199	222	230
ENSG00000114503	NCBP2	1916	3296	2023	1897	2556	2485	3010
ENSG00000114520	SNX4	978	1794	1064	998	1530	1487	1730
ENSG00000114529	C3orf52	113	160	77	88	145	147	191
ENSG00000114541	FRMD4B	1399	2299	1284	1456	1779	1693	2088
ENSG00000114544	SLC41A3	830	1478	907	920	1372	1256	1573
ENSG00000114547	ROPN1B	132	175	109	110	174	196	230
ENSG00000114554	PLXNA1	1998	3242	1949	1954	2298	2128	2671
ENSG00000114573	ATP6V1A	4293	7171	4228	4185	5366	5009	6027
ENSG00000114626	ABTB1	764	1410	746	810	924	810	906
ENSG00000114631	PODXL2	537	894	595	562	965	897	1086
ENSG00000114638	UPK1B	8	19	9	11	6	10	18
ENSG00000114646	CSPG5	27	68	39	29	50	44	59
ENSG00000114648	KLHL18	856	1400	846	935	1165	1116	1546
ENSG00000114650	SCAP	1921	3245	1885	1967	2463	2500	3014
ENSG00000114654	EFCC1	10	6	9	5	8	7	10
ENSG00000114656	CFAP92	92	108	57	84	80	65	102
ENSG00000114670	NEK11	2	7	2	0	7	5	4
ENSG00000114686	MRPL3	3290	5375	3407	3252	4849	4737	6135
ENSG00000114698	PLSCR4	93	157	81	81	117	117	147
ENSG00000114735	HEMK1	535	840	482	443	830	761	871
ENSG00000114737	CISH	23	43	32	17	17	28	33
ENSG00000114738	MAPKAPK3	784	1343	756	811	916	971	1048
ENSG00000114739	ACVR2B	918	1416	781	877	987	862	1083
ENSG00000114742	WDR48	2180	3685	2090	2059	2342	2432	2745
ENSG00000114744	COMMD2	579	984	608	585	833	810	1118
ENSG00000114745	GORASP1	972	1619	999	1070	1467	1410	1774
ENSG00000114757	PEX5L	11	8	7	7	5	12	6
ENSG00000114767	RRP9	1030	1852	1211	1113	1484	1345	2012
ENSG00000114770	ABCC5	1116	1692	924	1005	1228	1082	1500
ENSG00000114779	ABHD14B	3174	5624	3449	3369	4396	4230	5082
ENSG00000114784	EIF1B	894	1683	926	909	1131	1118	1507
ENSG00000114786	ABHD14A-ACY1	0	4	8	3	14	20	0
ENSG00000114790	ARHGEF26	538	1032	542	646	658	740	1028
ENSG00000114796	KLHL24	1620	2724	1579	1579	1880	1768	1937
ENSG00000114805	PLCH1	9	17	4	5	26	8	15
ENSG00000114812	VIPR1	7	10	8	0	9	9	8
ENSG00000114841	DNAH1	225	313	156	216	217	229	238
ENSG00000114850	SSR3	4317	7176	4511	4236	6839	6537	8216
ENSG00000114853	ZBTB47	804	1253	787	821	974	763	1044
ENSG00000114854	TNNC1	14	19	5	9	14	16	16
ENSG00000114857	NKTR	2011	3131	1646	1909	2741	2418	2963
ENSG00000114859	CLCN2	467	814	505	539	592	568	766
ENSG00000114861	FOXP1	0	4	3	3	0	0	3
ENSG00000114867	EIF4G1	10072	16450	10253	10595	15810	15167	20138
ENSG00000114902	SPCS1	3899	6999	4303	3923	5102	4799	5835
ENSG00000114904	NEK4	1024	1755	1024	1058	1512	1420	1798
ENSG00000114923	SLC4A3	1138	1745	956	1020	1044	982	1204
ENSG00000114933	INO80D	398	621	337	382	398	411	446
ENSG00000114942	EEF1B2	4893	8586	5274	4768	5987	5825	7174
ENSG00000114948	ADAM23	2073	3356	2036	2021	2602	2544	3089
ENSG00000114956	DGUOK	1284	2100	1354	1297	2060	2028	2538
ENSG00000114978	MOB1A	3882	6559	3923	4023	5887	5539	7142
ENSG00000114982	KANSL3	496	717	521	512	569	592	803
ENSG00000114988	LMAN2L	356	564	369	385	607	555	800
ENSG00000114993	RTKN	1308	2281	1487	1342	1682	1623	2004
ENSG00000114999	TTL	637	1118	662	733	780	777	971
ENSG00000115008	IL1A	355	590	294	276	269	290	330
ENSG00000115009	CCL20	31	72	19	20	45	33	39
ENSG00000115020	PIKFYVE	2260	3672	2096	2181	2406	2224	2725
ENSG00000115041	KCNIP3	316	470	299	263	366	344	471
ENSG00000115042	FAHD2A	781	1189	679	707	949	926	1098
ENSG00000115053	NCL	17106	27860	18086	18196	22695	20821	26544
ENSG00000115073	ACTR1B	1572	2706	1646	1543	2161	2080	2423
ENSG00000115084	SLC35F5	901	1363	843	874	1004	890	1135
ENSG00000115091	ACTR3	4328	6962	4495	4249	5664	5607	6944
ENSG00000115107	STEAP3	276	489	228	269	340	332	360
ENSG00000115109	EPB41L5	270	415	221	228	262	221	299
ENSG00000115128	SF3B6	1777	3099	1871	1666	2564	2528	3179
ENSG00000115129	TP53I3	761	1244	851	771	1182	1230	1600
ENSG00000115137	DNAJC27	195	271	154	140	168	158	208
ENSG00000115138	POMC	0	0	0	0	0	1	0
ENSG00000115145	STAM2	588	1005	635	637	839	768	932
ENSG00000115155	OTOF	0	0	0	0	0	1	1
ENSG00000115159	GPD2	2362	3784	2334	2256	3257	3051	3945
ENSG00000115163	CENPA	610	1075	695	686	798	807	939
ENSG00000115170	ACVR1	798	1197	652	695	1004	994	1301
ENSG00000115183	TANC1	2733	4325	2486	2835	2821	2888	3379
ENSG00000115194	SLC30A3	49	77	53	54	60	73	69
ENSG00000115204	MPV17	2023	3459	2144	2007	2509	2478	2806
ENSG00000115207	GTF3C2	2676	4465	2811	2715	3856	3799	4814
ENSG00000115211	EIF2B4	1165	1874	1191	1213	1861	1792	2307
ENSG00000115216	NRBP1	2366	3863	2402	2294	2656	2622	3210
ENSG00000115221	ITGB6	1	0	1	0	0	0	1
ENSG00000115226	FNDC4	101	155	108	91	96	112	135
ENSG00000115232	ITGA4	1790	2974	1649	1729	2580	2506	3008
ENSG00000115233	PSMD14	2126	3581	2182	2106	3839	3752	4741
ENSG00000115234	SNX17	3093	5388	3433	3220	4598	4550	5401
ENSG00000115239	ASB3	921	1477	930	868	1028	960	1125
ENSG00000115241	PPM1G	7868	13543	8685	8305	11146	10629	13717
ENSG00000115252	PDE1A	1	5	3	3	1	4	3
ENSG00000115255	REEP6	140	247	145	128	160	153	136
ENSG00000115257	PCSK4	33	35	29	20	40	32	28
ENSG00000115266	APC2	36	33	32	26	32	32	57
ENSG00000115267	IFIH1	220	362	181	160	248	275	283
ENSG00000115268	RPS15	9278	15869	10374	9669	13296	13482	16567
ENSG00000115271	GCA	41	69	42	25	57	49	43
ENSG00000115274	INO80B	1191	2059	1324	1138	2030	1642	2128
ENSG00000115275	MOGS	2163	3573	2448	2215	3214	2914	3788
ENSG00000115282	TTC31	698	1427	806	733	1118	988	1343
ENSG00000115286	NDUFS7	1119	2032	1344	1217	1631	1517	1906
ENSG00000115289	PCGF1	334	565	323	353	355	375	483
ENSG00000115290	GRB14	4	6	2	0	7	6	5
ENSG00000115295	CLIP4	1549	2718	1490	1464	1510	1538	1589
ENSG00000115297	TLX2	27	49	39	36	21	29	35
ENSG00000115306	SPTBN1	22024	35033	19409	22044	29731	29320	35239
ENSG00000115307	AUP1	1951	3570	2147	2084	3989	3737	4823
ENSG00000115310	RTN4	12665	21297	13489	13298	20094	19513	23738
ENSG00000115317	HTRA2	1042	1815	1110	1155	1812	1290	2078
ENSG00000115318	LOXL3	12030	20102	12820	12870	13565	12458	17672
ENSG00000115325	DOK1	719	1010	791	710	799	688	1077
ENSG00000115339	GALNT3	4	15	13	13	23	14	23
ENSG00000115350	POLE4	441	827	532	478	874	780	1043
ENSG00000115353	TACR1	1	2	2	0	0	0	0
ENSG00000115355	CCDC88A	2882	4532	2759	2840	3771	3465	4601
ENSG00000115361	ACADL	0	0	1	1	1	0	0
ENSG00000115363	EVA1A	65	107	55	56	65	67	81
ENSG00000115364	MRPL19	1784	2962	1816	1767	2543	2299	3163
ENSG00000115365	LANCL1	1998	3499	1955	1981	2360	2241	2648
ENSG00000115368	WDR75	1171	2073	1189	1148	1334	1392	1690
ENSG00000115380	EFEMP1	16	14	36	27	16	19	36
ENSG00000115386	REG1A	1	0	3	1	0	0	1
ENSG00000115392	FANCL	592	922	685	575	1034	1028	1487
ENSG00000115414	FN1	16259	26432	13982	15878	10944	10879	13110
ENSG00000115415	STAT1	1991	3426	1814	2050	2575	2423	3048
ENSG00000115419	GLS	3053	5236	2971	2788	3332	3108	3720
ENSG00000115421	PAPOLG	336	507	299	259	282	353	424
ENSG00000115423	DNAH6	12	27	11	15	24	14	22
ENSG00000115425	PECR	275	420	307	235	390	350	398
ENSG00000115446	UNC50	642	1132	667	667	744	704	846
ENSG00000115457	IGFBP2	5072	9083	6258	5973	6530	6201	7700
ENSG00000115459	ELMOD3	147	238	119	138	150	117	173
ENSG00000115461	IGFBP5	364	587	413	422	371	370	502
ENSG00000115464	USP34	6198	9902	5315	6044	6653	6456	7858
ENSG00000115468	EFHD1	10	22	11	14	15	26	9
ENSG00000115474	KCNJ13	2	5	2	2	2	1	7
ENSG00000115484	CCT4	8940	15088	9389	8921	12144	11984	14649
ENSG00000115486	GGCX	1034	1663	976	1141	1270	1362	1680
ENSG00000115504	EHBP1	6515	10785	6154	6318	7505	7057	8651
ENSG00000115507	OTX1	114	164	92	111	142	156	195
ENSG00000115514	TXNDC9	529	793	547	507	1211	1289	1624
ENSG00000115520	COQ10B	627	1148	663	631	923	912	1020
ENSG00000115524	SF3B1	9021	15354	8769	9025	12127	11801	14828
ENSG00000115525	ST3GAL5	776	1376	766	630	927	780	923
ENSG00000115526	CHST10	584	995	621	562	802	838	1006
ENSG00000115539	PDCL3	436	767	444	445	675	693	859
ENSG00000115540	MOB4	957	1730	982	959	1300	1341	1706
ENSG00000115541	HSPE1	2680	4604	2906	2600	3810	3767	5096
ENSG00000115548	KDM3A	1847	2850	1621	1649	2361	2461	2589
ENSG00000115556	PLCD4	39	62	24	41	32	38	47
ENSG00000115561	CHMP3	1609	2697	1728	1699	2505	2416	2855
ENSG00000115568	ZNF142	577	1135	568	618	1035	904	1318
ENSG00000115590	IL1R2	0	0	0	1	0	0	0
ENSG00000115592	PRKAG3	0	0	0	0	0	0	1
ENSG00000115593	SMYD1	74	139	82	85	61	50	100
ENSG00000115594	IL1R1	38	72	51	57	37	51	57
ENSG00000115596	WNT6	13	19	11	11	3	14	13
ENSG00000115598	IL1RL2	0	1	0	0	0	0	0
ENSG00000115602	IL1RL1	0	0	1	1	0	1	0
ENSG00000115604	IL18R1	11	7	10	11	6	14	15
ENSG00000115616	SLC9A2	0	0	0	0	0	1	1
ENSG00000115641	FHL2	1037	1834	1046	1064	1396	1587	1764
ENSG00000115648	MLPH	60	85	49	49	54	106	88
ENSG00000115649	CNPPD1	539	841	564	481	1020	899	1265
ENSG00000115652	UXS1	2516	4087	2612	2469	2569	2623	3121
ENSG00000115657	ABCB6	1079	1883	1182	1185	1630	1589	2035
ENSG00000115661	STK16	434	771	499	444	509	584	617
ENSG00000115677	HDLBP	14188	23630	14208	14978	18716	18669	23349
ENSG00000115685	PPP1R7	1204	2096	1269	1159	1499	1477	1764
ENSG00000115687	PASK	299	527	283	313	420	422	573
ENSG00000115694	STK25	1529	2560	1680	1596	1965	1841	2316
ENSG00000115705	TPO	0	0	0	1	0	0	1
ENSG00000115718	PROC	1	1	0	1	3	0	3
ENSG00000115738	ID2	180	307	176	178	175	185	206
ENSG00000115750	TAF1B	588	942	580	542	714	658	838
ENSG00000115756	HPCAL1	5349	9235	5785	5535	6229	6050	7390
ENSG00000115758	ODC1	1278	2121	1429	1362	2908	2805	3915
ENSG00000115760	BIRC6	3449	4999	2564	3232	3777	4310	5112
ENSG00000115761	NOL10	686	957	569	521	1050	1030	1271
ENSG00000115762	PLEKHB2	2502	3948	2534	2477	3468	3301	4119
ENSG00000115806	GORASP2	864	1442	960	910	1168	1178	1456
ENSG00000115808	STRN	2150	3439	1963	2068	2732	2635	3213
ENSG00000115816	CEBPZ	3990	6206	3810	3742	4952	4507	5653
ENSG00000115825	PRKD3	2992	4837	2840	2809	3286	3283	3912
ENSG00000115827	DCAF17	170	360	224	223	268	251	314
ENSG00000115828	QPCT	165	314	139	182	202	218	222
ENSG00000115839	RAB3GAP1	1019	1769	934	923	1340	1078	1445
ENSG00000115840	SLC25A12	252	503	189	226	349	437	475
ENSG00000115841	RMDN2	121	210	96	121	145	129	161
ENSG00000115844	DLX2	610	946	598	541	570	604	713
ENSG00000115866	DARS1	2219	3911	2207	2184	3000	2890	3371
ENSG00000115875	SRSF7	2476	4130	2750	2644	3390	3186	4329
ENSG00000115884	SDC1	507	830	560	580	855	811	1196
ENSG00000115896	PLCL1	130	160	127	133	135	155	152
ENSG00000115902	SLC1A4	3804	6533	3921	3894	6117	6046	6989
ENSG00000115904	SOS1	1260	2030	1096	1205	1311	1383	1697
ENSG00000115919	KYNU	1386	2488	1315	1198	1319	1277	1434
ENSG00000115935	WIPF1	3064	5396	3210	3081	3483	3463	4033
ENSG00000115942	ORC2	850	1307	775	733	1093	1065	1419
ENSG00000115944	COX7A2L	1957	3374	2072	1977	2612	2562	3148
ENSG00000115946	PNO1	818	1480	931	904	1603	1488	2111
ENSG00000115947	ORC4	962	1521	889	900	1393	1226	1576
ENSG00000115956	PLEK	0	4	0	1	1	0	1
ENSG00000115963	RND3	3078	5063	2751	2663	5218	5090	6599
ENSG00000115966	ATF2	970	1642	908	914	1189	1186	1275
ENSG00000115970	THADA	1977	3277	1916	1966	2487	2389	2929
ENSG00000115977	AAK1	1748	2695	1654	1692	2308	2164	2648
ENSG00000115993	TRAK2	663	1039	678	616	935	867	1126
ENSG00000115998	C2orf42	320	477	278	297	367	349	438
ENSG00000116001	TIA1	1678	2760	1449	1577	1946	1927	2313
ENSG00000116005	PCYOX1	1699	2925	1679	1692	1731	1635	1976
ENSG00000116014	KISS1R	0	2	0	2	6	4	8
ENSG00000116016	EPAS1	217	355	208	227	245	273	254
ENSG00000116017	ARID3A	395	690	416	437	564	483	659
ENSG00000116030	SUMO1	2430	3853	2779	2321	4365	3846	5139
ENSG00000116031	CD207	10	25	16	7	10	17	21
ENSG00000116032	GRIN3B	1	7	5	11	7	1	5
ENSG00000116035	VAX2	52	104	55	63	79	56	89
ENSG00000116039	ATP6V1B1	19	42	21	23	17	23	25
ENSG00000116044	NFE2L2	2864	5181	3039	2849	4933	4871	6118
ENSG00000116062	MSH6	2985	4951	2977	3142	4457	4635	5935
ENSG00000116095	PLEKHA3	380	616	379	367	456	444	604
ENSG00000116096	SPR	854	1502	1053	909	1385	1354	1637
ENSG00000116106	EPHA4	155	224	179	185	269	269	416
ENSG00000116117	PARD3B	7	13	4	7	19	12	16
ENSG00000116120	FARSB	1548	2587	1541	1608	2405	2418	3150
ENSG00000116127	ALMS1	938	1255	738	772	1240	1137	1468
ENSG00000116128	BCL9	2841	4450	2669	2830	3260	3273	3975
ENSG00000116132	PRRX1	8302	13592	7667	7998	10838	10614	12942
ENSG00000116133	DHCR24	6448	10720	6590	6931	8683	8600	11232
ENSG00000116138	DNAJC16	787	1323	669	760	1094	1123	1261
ENSG00000116141	MARK1	59	93	59	64	80	71	93
ENSG00000116151	MORN1	425	583	402	414	595	516	681
ENSG00000116161	CACYBP	3803	6157	4001	3800	6667	6634	8600
ENSG00000116171	SCP2	1896	3317	1930	1899	2367	2316	2675
ENSG00000116183	PAPPA2	1	2	0	1	1	1	2
ENSG00000116191	RALGPS2	1563	2608	1504	1546	1832	1603	2075
ENSG00000116194	ANGPTL1	13	20	11	11	18	18	21
ENSG00000116198	CEP104	1021	1816	1108	1112	1396	1477	1507
ENSG00000116199	FAM20B	3605	5928	3426	3637	4733	4248	5406
ENSG00000116205	TCEANC2	687	1036	588	650	808	756	1014
ENSG00000116209	TMEM59	4634	7849	4689	4452	5629	5343	6183
ENSG00000116212	LRRC42	658	1230	704	699	966	974	1186
ENSG00000116213	WRAP73	1083	1880	1118	1184	1414	1440	1677
ENSG00000116218	NPHS2	0	0	0	2	0	0	0
ENSG00000116221	MRPL37	3305	5827	3752	3445	4485	4433	5126
ENSG00000116237	ICMT	2413	3802	2411	2368	3472	3246	4225
ENSG00000116251	RPL22	11178	19187	11726	10765	14777	14744	17083
ENSG00000116254	CHD5	6	7	2	2	4	13	9
ENSG00000116260	QSOX1	5630	9394	5763	5404	5893	5635	6651
ENSG00000116266	STXBP3	1037	1769	1055	1044	1312	1289	1599
ENSG00000116273	PHF13	1135	1854	1199	1044	1312	1191	1478
ENSG00000116285	ERRFI1	5611	9108	5282	5287	6167	6099	7866
ENSG00000116288	PARK7	6515	10930	7111	6560	9299	8960	11313
ENSG00000116299	ELAPOR1	0	10	3	4	0	4	0
ENSG00000116329	OPRD1	1211	1948	1168	1284	1589	1242	1840
ENSG00000116337	AMPD2	1980	3620	2187	2201	2600	2666	3042
ENSG00000116350	SRSF4	3557	5891	3919	3831	5842	5636	7310
ENSG00000116353	MECR	315	552	333	369	350	395	477
ENSG00000116396	KCNC4	389	645	367	418	439	364	548
ENSG00000116406	EDEM3	3043	4592	2610	2726	3130	3067	4004
ENSG00000116455	WDR77	1455	2546	1559	1548	2455	2357	3299
ENSG00000116459	ATP5PB	3398	5663	3394	3272	5577	5778	7017
ENSG00000116473	RAP1A	2766	4617	2658	2593	4025	3926	5027
ENSG00000116478	HDAC1	3513	6325	3913	3859	5824	5552	7341
ENSG00000116489	CAPZA1	5741	9677	5966	5790	7671	7568	9577
ENSG00000116497	S100PBP	903	1457	881	836	1275	1180	1533
ENSG00000116514	RNF19B	1487	2394	1405	1371	1290	1249	1425
ENSG00000116521	SCAMP3	3275	5768	3693	3643	5451	5344	6733
ENSG00000116525	TRIM62	1474	2431	1267	1420	1718	1661	1963
ENSG00000116539	ASH1L	3049	4730	2667	2746	3668	3599	4054
ENSG00000116544	DLGAP3	4	13	5	3	7	5	6
ENSG00000116560	SFPQ	6102	9981	6064	6057	8838	8497	11420
ENSG00000116574	RHOU	386	624	376	347	346	305	404
ENSG00000116580	GON4L	2144	3506	1914	2157	2920	2649	3389
ENSG00000116584	ARHGEF2	4698	7770	4974	4943	6343	6313	7750
ENSG00000116586	LAMTOR2	1130	1886	1200	1117	1483	1594	1741
ENSG00000116604	MEF2D	2143	3692	2167	2234	2833	2626	3329
ENSG00000116641	DOCK7	2527	4239	2364	2533	3283	3288	3719
ENSG00000116649	SRM	2922	5307	3462	3151	4335	4211	5517
ENSG00000116661	FBXO2	222	353	229	223	170	128	195
ENSG00000116663	FBXO6	236	451	231	288	257	236	310
ENSG00000116667	C1orf21	1062	1661	811	950	1169	985	1303
ENSG00000116668	SWT1	188	336	182	213	211	249	266
ENSG00000116670	MAD2L2	1301	2167	1399	1263	1612	1643	2010
ENSG00000116675	DNAJC6	1059	1734	988	1045	1101	1097	1305
ENSG00000116678	LEPR	228	413	221	227	197	200	200
ENSG00000116679	IVNS1ABP	4371	7253	4351	4190	4311	4126	4687
ENSG00000116685	KIAA2013	2353	4029	2474	2497	3447	2753	3923
ENSG00000116688	MFN2	3249	5170	3165	3162	3538	3650	4433
ENSG00000116690	PRG4	9	13	5	5	11	8	2
ENSG00000116691	MIIP	636	1073	705	651	628	662	839
ENSG00000116698	SMG7	4232	6925	3988	4402	5742	5844	7075
ENSG00000116701	NCF2	0	0	0	0	2	0	0
ENSG00000116703	PDC	0	0	0	2	2	2	1
ENSG00000116704	SLC35D1	732	1229	675	681	820	865	1052
ENSG00000116711	PLA2G4A	1525	2531	1578	1452	1833	1867	2005
ENSG00000116717	GADD45A	999	1622	1050	1008	1690	1310	2146
ENSG00000116729	WLS	2971	4986	2913	2964	3568	3408	4276
ENSG00000116731	PRDM2	1321	2179	1294	1348	1713	1637	2053
ENSG00000116741	RGS2	297	486	282	295	485	489	557
ENSG00000116747	RO60	2397	3970	2294	2222	3049	2883	3440
ENSG00000116750	UCHL5	4529	7303	4439	4351	6437	6165	7884
ENSG00000116752	BCAS2	920	1498	956	886	1466	1506	1885
ENSG00000116754	SRSF11	3319	5560	3421	3082	4655	4332	5303
ENSG00000116761	CTH	298	459	265	248	298	349	358
ENSG00000116771	AGMAT	5	12	2	6	5	5	17
ENSG00000116774	OLFML3	171	235	192	174	183	143	218
ENSG00000116783	TNNI3K	0	4	3	1	1	2	0
ENSG00000116785	CFHR3	22	34	21	26	21	17	26
ENSG00000116786	PLEKHM2	4117	7062	3916	3983	5260	5003	6058
ENSG00000116791	CRYZ	1048	1751	1034	1014	1360	1364	1775
ENSG00000116793	PHTF1	1020	1722	1011	1009	1274	1259	1486
ENSG00000116809	ZBTB17	964	1713	1034	977	1404	1220	1683
ENSG00000116815	CD58	631	1161	572	644	938	915	1044
ENSG00000116819	TFAP2E	8	24	17	9	12	8	8
ENSG00000116830	TTF2	1646	2583	1561	1610	2091	2114	2551
ENSG00000116833	NR5A2	30	42	25	31	35	35	30
ENSG00000116852	KIF21B	582	882	636	612	636	573	776
ENSG00000116857	TMEM9	2123	3644	2326	2211	2955	2905	3434
ENSG00000116863	ADPRS	491	858	603	538	949	883	1199
ENSG00000116871	MAP7D1	3859	7016	4307	4473	5659	5064	6990
ENSG00000116874	WARS2	468	740	421	418	743	739	878
ENSG00000116885	OSCP1	142	216	140	162	228	181	237
ENSG00000116898	MRPS15	1395	2500	1552	1527	1732	1727	2146
ENSG00000116903	EXOC8	953	1593	911	955	1129	1067	1451
ENSG00000116906	GNPAT	1816	3014	1796	1709	2437	2365	2879
ENSG00000116918	TSNAX	2675	4334	2538	2553	4693	4455	5505
ENSG00000116922	C1orf109	483	845	546	537	738	630	920
ENSG00000116954	RRAGC	681	1160	717	722	1016	958	1114
ENSG00000116962	NID1	23480	38397	21638	22550	24135	23684	27112
ENSG00000116977	LGALS8	2099	3531	1797	1896	2418	2403	2667
ENSG00000116981	NT5C1A	161	231	117	120	179	139	179
ENSG00000116983	HPCAL4	46	93	49	65	68	96	96
ENSG00000116984	MTR	3211	5156	2939	2934	4106	4069	4850
ENSG00000116985	BMP8B	1113	1816	1216	1257	1520	1554	2015
ENSG00000116990	MYCL	52	124	76	79	77	66	104
ENSG00000116991	SIPA1L2	7622	12224	6831	7625	7310	7222	8469
ENSG00000116996	ZP4	3	1	1	0	1	3	3
ENSG00000117000	RLF	1096	1850	986	1109	1445	1406	1768
ENSG00000117009	KMO	3	10	6	1	1	1	1
ENSG00000117010	ZNF684	111	213	138	115	190	206	266
ENSG00000117013	KCNQ4	0	3	0	0	3	9	5
ENSG00000117016	RIMS3	27	31	20	16	32	22	25
ENSG00000117020	AKT3	5340	8581	4928	5192	7708	7173	8350
ENSG00000117036	ETV3	1812	3175	1931	1893	2690	2672	3028
ENSG00000117054	ACADM	1355	2329	1478	1422	1742	1760	2255
ENSG00000117069	ST6GALNAC5	34	48	45	55	31	38	26
ENSG00000117090	SLAMF1	4	7	1	0	2	1	5
ENSG00000117091	CD48	0	1	0	0	0	0	2
ENSG00000117114	ADGRL2	12	22	11	18	12	9	22
ENSG00000117115	PADI2	1	4	0	0	0	0	0
ENSG00000117118	SDHB	2964	5180	3276	3044	4363	4299	5455
ENSG00000117122	MFAP2	1429	2510	1483	1369	1921	1950	1996
ENSG00000117133	RPF1	1437	2451	1638	1523	2571	2457	3068
ENSG00000117139	KDM5B	3219	5625	3110	3142	4781	4639	6117
ENSG00000117143	UAP1	2814	4544	2770	2784	3427	3428	4124
ENSG00000117148	ACTL8	66	95	73	64	140	160	167
ENSG00000117151	CTBS	162	336	165	184	162	177	222
ENSG00000117152	RGS4	11	13	6	6	3	9	8
ENSG00000117153	KLHL12	1413	2327	1427	1367	1960	2015	2498
ENSG00000117155	SSX2IP	1061	1755	1107	1027	1185	1122	1414
ENSG00000117174	ZNHIT6	844	1334	813	755	1112	991	1415
ENSG00000117215	PLA2G2D	3	2	0	0	0	0	0
ENSG00000117222	RBBP5	1496	2574	1628	1541	2433	2333	2910
ENSG00000117226	GBP3	0	1	1	0	0	1	0
ENSG00000117228	GBP1	212	321	196	193	291	233	325
ENSG00000117245	KIF17	5	5	4	3	5	6	6
ENSG00000117262	GPR89A	564	964	482	470	701	816	793
ENSG00000117266	CDK18	1278	2216	1270	1162	1332	1225	1175
ENSG00000117280	RAB29	2084	3585	2097	2006	2856	2733	3241
ENSG00000117281	CD160	6	6	4	8	10	2	8
ENSG00000117298	ECE1	3782	6243	4165	4197	4489	4214	5349
ENSG00000117305	HMGCL	656	920	614	571	684	711	742
ENSG00000117308	GALE	1317	2187	1323	1249	1843	1803	2268
ENSG00000117318	ID3	3797	6748	4002	3875	3279	3356	3545
ENSG00000117335	CD46	2826	4608	2866	2731	3791	3658	4651
ENSG00000117360	PRPF3	1160	1955	1200	1215	1623	1608	2113
ENSG00000117362	APH1A	4479	7679	4860	4425	6211	6070	7185
ENSG00000117385	P3H1	2891	4895	3001	3013	3185	3189	3887
ENSG00000117394	SLC2A1	1631	2668	1796	1510	2937	2612	3213
ENSG00000117395	EBNA1BP2	2886	4877	3147	2979	4786	4616	6220
ENSG00000117399	CDC20	3945	6928	4681	4646	6537	6628	8511
ENSG00000117400	MPL	21	31	17	27	21	16	12
ENSG00000117407	ARTN	33	45	28	27	29	29	28
ENSG00000117408	IPO13	1769	2892	1738	1714	2148	2029	2610
ENSG00000117410	ATP6V0B	2147	3927	2517	2556	3264	3417	4253
ENSG00000117411	B4GALT2	1608	2807	1873	1849	2335	2024	2557
ENSG00000117419	ERI3	1492	2646	1579	1622	2490	2488	3203
ENSG00000117425	PTCH2	33	30	23	27	23	33	28
ENSG00000117448	AKR1A1	1261	2116	1280	1284	1874	1867	2018
ENSG00000117450	PRDX1	9275	15596	10594	9690	12434	12616	16577
ENSG00000117461	PIK3R3	829	1319	802	826	988	927	1182
ENSG00000117472	TSPAN1	0	13	9	4	11	8	4
ENSG00000117475	BLZF1	1045	1753	996	1030	1496	1506	1865
ENSG00000117477	CCDC181	139	235	147	135	246	205	260
ENSG00000117479	SLC19A2	856	1433	813	781	1145	1150	1407
ENSG00000117480	FAAH	6	6	2	3	6	9	5
ENSG00000117481	NSUN4	796	1329	778	665	1084	1051	1344
ENSG00000117500	TMED5	897	1609	939	942	1361	1319	1557
ENSG00000117505	DR1	1861	3150	1972	1837	2761	2676	3462
ENSG00000117519	CNN3	4587	7616	5282	5116	5884	5928	7615
ENSG00000117523	PRRC2C	12504	19501	11079	12061	18077	17398	22430
ENSG00000117525	F3	146	225	135	133	173	176	226
ENSG00000117528	ABCD3	1256	2052	1268	1186	1379	1341	1690
ENSG00000117533	VAMP4	1393	2271	1196	1189	1157	1138	1248
ENSG00000117543	DPH5	484	789	430	391	544	534	571
ENSG00000117569	PTBP2	279	544	303	298	359	350	481
ENSG00000117586	TNFSF4	37	41	36	22	37	37	19
ENSG00000117592	PRDX6	7997	13903	8678	8313	7872	7873	9021
ENSG00000117593	DARS2	2679	4674	2807	2930	4219	4260	5455
ENSG00000117595	IRF6	0	0	0	0	1	0	0
ENSG00000117597	UTP25	1352	2185	1290	1367	1789	1696	2131
ENSG00000117598	PLPPR5	40	76	38	29	64	54	68
ENSG00000117600	PLPPR4	0	3	0	0	0	0	0
ENSG00000117601	SERPINC1	1	2	2	0	0	2	0
ENSG00000117602	RCAN3	1672	2909	1729	1722	2129	1860	2459
ENSG00000117614	SYF2	2553	4066	2500	2295	2917	2734	2983
ENSG00000117616	RSRP1	159	367	190	173	119	151	170
ENSG00000117620	SLC35A3	643	1032	521	540	731	678	857
ENSG00000117625	RCOR3	1103	1743	949	978	1117	1164	1275
ENSG00000117632	STMN1	5733	9674	6361	6084	9946	9795	12107
ENSG00000117640	MTFR1L	1468	2450	1416	1367	1661	1741	1988
ENSG00000117643	MAN1C1	594	956	589	623	657	584	801
ENSG00000117650	NEK2	1498	2469	1551	1537	2065	2074	2504
ENSG00000117676	RPS6KA1	1891	3336	2197	2226	2286	2254	2959
ENSG00000117682	DHDDS	853	1488	950	907	1410	1332	1715
ENSG00000117691	NENF	913	1483	885	892	1171	1063	1344
ENSG00000117697	NSL1	1046	1749	1037	1055	1962	1811	2358
ENSG00000117707	PROX1	899	1470	834	875	1233	1187	1448
ENSG00000117713	ARID1A	4394	6981	4064	4449	5466	4884	6344
ENSG00000117724	CENPF	11708	18941	10764	11854	15272	15022	17986
ENSG00000117748	RPA2	980	1605	986	996	1623	1596	2088
ENSG00000117751	PPP1R8	1467	2401	1481	1530	2486	2504	3368
ENSG00000117758	STX12	1143	1931	1061	1055	1302	1251	1534
ENSG00000117834	SLC5A9	0	0	1	0	0	0	0
ENSG00000117859	OSBPL9	1973	3043	1765	1686	2217	2349	3042
ENSG00000117862	TXNDC12	1923	3225	2000	1881	2593	2455	3126
ENSG00000117868	ESYT2	4578	7474	4478	4485	4980	4668	5670
ENSG00000117877	POLR1G	519	835	577	553	826	716	1033
ENSG00000117899	MESD	1079	1802	1173	1060	1668	1532	2017
ENSG00000117906	RCN2	2869	4886	2905	2865	3801	3586	4612
ENSG00000117971	CHRNB4	0	1	0	0	0	0	0
ENSG00000117983	MUC5B	438	711	426	525	548	550	787
ENSG00000117984	CTSD	7542	12949	8179	7997	9194	9195	10488
ENSG00000118004	COLEC11	29	54	19	26	33	33	27
ENSG00000118007	STAG1	1087	1844	1056	1153	1214	1178	1432
ENSG00000118017	A4GNT	7	14	7	7	6	5	6
ENSG00000118046	STK11	1371	2298	1429	1446	1749	1338	1936
ENSG00000118058	KMT2A	2071	3056	1558	2107	2522	2395	3151
ENSG00000118094	TREH	10	9	7	9	13	2	8
ENSG00000118096	IFT46	626	1080	703	675	1041	1015	1320
ENSG00000118113	MMP8	122	208	143	123	164	168	247
ENSG00000118137	APOA1	1	2	0	1	1	1	1
ENSG00000118156	ZNF541	1	3	2	0	4	0	7
ENSG00000118160	SLC8A2	2	1	0	0	3	1	1
ENSG00000118162	KPTN	304	483	340	311	428	393	531
ENSG00000118181	RPS25	16991	28490	16831	15684	16292	16736	19226
ENSG00000118193	KIF14	2680	4148	2459	2644	3926	3741	4752
ENSG00000118194	TNNT2	1	0	0	1	0	0	0
ENSG00000118197	DDX59	978	1564	965	906	842	831	869
ENSG00000118200	CAMSAP2	3574	5660	3302	3529	3846	3399	4769
ENSG00000118217	ATF6	1698	2918	1678	1735	1808	1670	1711
ENSG00000118242	MREG	381	630	402	409	551	499	639
ENSG00000118246	FASTKD2	744	1227	788	707	1369	1331	1636
ENSG00000118257	NRP2	7898	12863	7388	7743	8471	8479	10241
ENSG00000118260	CREB1	1054	1765	1046	1001	1291	1296	1484
ENSG00000118263	KLF7	598	957	580	610	826	818	1056
ENSG00000118271	TTR	160	261	104	100	131	134	129
ENSG00000118276	B4GALT6	1995	3421	1834	1839	2812	2634	3098
ENSG00000118292	C1orf54	43	68	44	35	47	26	46
ENSG00000118298	CA14	6	16	2	10	11	6	10
ENSG00000118307	DNAI7	31	32	17	11	38	32	31
ENSG00000118308	IRAG2	0	0	0	0	1	1	0
ENSG00000118322	ATP10B	970	1617	836	900	954	979	1232
ENSG00000118363	SPCS2	2246	3759	2406	2177	4139	4027	5269
ENSG00000118369	USP35	336	504	327	355	387	367	434
ENSG00000118402	ELOVL4	424	733	397	443	512	498	595
ENSG00000118407	FILIP1	9	8	2	1	12	6	15
ENSG00000118412	CASP8AP2	32	100	47	326	89	86	384
ENSG00000118418	HMGN3	350	547	357	307	516	541	638
ENSG00000118420	UBE3D	57	110	73	62	79	56	69
ENSG00000118432	CNR1	317	558	292	315	348	320	395
ENSG00000118454	ANKRD13C	892	1418	887	835	1132	1038	1361
ENSG00000118473	SGIP1	7	12	2	5	5	0	2
ENSG00000118482	PHF3	4763	7243	4109	4474	5409	5115	6089
ENSG00000118492	ADGB	0	0	0	0	0	1	0
ENSG00000118495	PLAGL1	1	7	2	3	8	3	1
ENSG00000118496	FBXO30	613	1129	626	662	737	696	991
ENSG00000118503	TNFAIP3	333	580	353	313	615	630	780
ENSG00000118507	AKAP7	185	311	194	159	207	229	244
ENSG00000118508	RAB32	122	264	168	133	251	229	271
ENSG00000118513	MYB	39	54	38	31	57	68	105
ENSG00000118514	ALDH8A1	1	3	1	2	3	1	6
ENSG00000118515	SGK1	5563	9181	5346	5414	6738	6316	7517
ENSG00000118518	RNF146	360	621	327	355	386	387	482
ENSG00000118520	ARG1	0	3	1	0	1	0	0
ENSG00000118523	CCN2	317	573	417	429	420	420	635
ENSG00000118526	TCF21	0	4	0	2	1	1	0
ENSG00000118557	PMFBP1	26	24	17	11	30	21	12
ENSG00000118564	FBXL5	1257	2181	1223	1230	1777	1774	1979
ENSG00000118579	MED28	1437	2247	1237	1387	1591	1510	1808
ENSG00000118596	SLC16A7	877	1428	758	810	1182	1159	1441
ENSG00000118600	RXYLT1	168	367	184	89	185	245	271
ENSG00000118620	ZNF430	366	610	347	343	539	501	642
ENSG00000118640	VAMP8	429	712	422	449	660	610	689
ENSG00000118655	DCLRE1B	440	656	459	432	673	664	1006
ENSG00000118680	MYL12B	3582	6292	3856	3624	4095	4098	4891
ENSG00000118689	FOXO3	1226	2110	1181	1228	1521	1393	1684
ENSG00000118690	ARMC2	71	166	79	87	107	102	113
ENSG00000118702	GHRH	0	0	2	0	0	0	0
ENSG00000118705	RPN2	13475	22431	13683	13491	16285	15775	18886
ENSG00000118707	TGIF2	786	1410	773	808	1098	1030	1262
ENSG00000118729	CASQ2	3	3	2	4	5	1	2
ENSG00000118762	PKD2	1077	1856	979	989	1062	1024	1202
ENSG00000118777	ABCG2	13	25	13	13	22	22	36
ENSG00000118785	SPP1	1949	3405	1808	1664	2644	2503	2597
ENSG00000118804	STBD1	57	83	46	65	80	86	105
ENSG00000118816	CCNI	3379	5841	3264	3184	3593	3638	3923
ENSG00000118849	RARRES1	0	0	0	0	0	3	0
ENSG00000118855	MFSD1	1382	2290	1351	1252	1968	1874	2233
ENSG00000118873	RAB3GAP2	2550	4307	2617	2407	3264	2929	3625
ENSG00000118894	EEF2KMT	397	659	450	455	544	593	719
ENSG00000118898	PPL	6	4	3	7	7	7	7
ENSG00000118900	UBN1	3337	5390	3100	3234	3487	3342	4337
ENSG00000118922	KLF12	850	1375	746	869	1083	1104	1320
ENSG00000118939	UCHL3	264	488	300	338	542	509	714
ENSG00000118960	HS1BP3	1260	2069	1261	1222	1997	1959	2399
ENSG00000118961	LDAH	624	1029	579	591	727	743	916
ENSG00000118965	WDR35	1398	2275	1249	1372	1820	1832	2195
ENSG00000118985	ELL2	439	786	451	426	535	585	697
ENSG00000118997	DNAH7	11	18	6	11	12	19	22
ENSG00000119004	CYP20A1	142	194	162	107	258	165	222
ENSG00000119013	NDUFB3	665	1085	768	685	976	967	1327
ENSG00000119041	GTF3C3	1344	2083	1342	1309	1743	1714	2081
ENSG00000119042	SATB2	816	1608	668	761	1105	1062	1288
ENSG00000119048	UBE2B	983	1654	1111	953	1600	1539	1874
ENSG00000119121	TRPM6	8	8	4	10	11	5	12
ENSG00000119125	GDA	1	0	0	1	2	0	0
ENSG00000119138	KLF9	20447	33637	19576	19726	18697	18243	20957
ENSG00000119139	TJP2	2098	3351	2178	2053	2480	2335	2956
ENSG00000119147	ECRG4	0	0	0	0	0	0	1
ENSG00000119185	ITGB1BP1	1214	2067	1234	1148	1861	1821	2191
ENSG00000119203	CPSF3	3289	5687	3497	3424	3741	3585	4395
ENSG00000119227	PIGZ	57	108	60	53	68	69	72
ENSG00000119231	SENP5	1113	1743	1026	1069	1443	1330	1579
ENSG00000119242	CCDC92	116	216	119	143	145	159	163
ENSG00000119280	C1orf198	1884	3446	2103	2085	2476	2403	3093
ENSG00000119283	TRIM67	27	57	23	33	46	40	37
ENSG00000119285	HEATR1	7963	12936	7435	8028	10943	10842	13885
ENSG00000119314	PTBP3	2249	3729	2147	2162	3299	3085	4030
ENSG00000119318	RAD23B	8867	14544	8542	8820	11993	11922	14821
ENSG00000119321	FKBP15	617	907	415	638	458	512	635
ENSG00000119326	CTNNAL1	2724	4470	2911	2912	2875	2800	3714
ENSG00000119328	ABITRAM	630	1102	627	602	891	817	1124
ENSG00000119333	DYNC2I2	1665	2856	1924	1936	2691	2792	3375
ENSG00000119335	SET	15089	24503	15738	15054	23065	21411	27668
ENSG00000119383	PTPA	8583	14640	8720	8362	11204	10386	13632
ENSG00000119392	GLE1	1443	2106	1266	1345	1923	1945	2230
ENSG00000119396	RAB14	5223	8692	5036	4320	9040	8715	10556
ENSG00000119397	CNTRL	1413	2156	1151	1280	1586	1680	2157
ENSG00000119401	TRIM32	725	1252	799	836	1602	1625	2290
ENSG00000119402	FBXW2	2591	4065	2292	2425	3247	3094	4007
ENSG00000119403	PHF19	2862	4599	2734	2766	3519	3471	4486
ENSG00000119408	NEK6	1997	3441	1961	2088	2614	2618	3045
ENSG00000119414	PPP6C	2022	3520	2169	2024	3288	3167	3990
ENSG00000119421	NDUFA8	1169	1893	1387	1150	1907	1708	2280
ENSG00000119431	HDHD3	417	687	371	355	406	395	453
ENSG00000119446	RBM18	963	1537	833	873	1086	1121	1437
ENSG00000119457	SLC46A2	0	7	0	7	9	5	14
ENSG00000119471	HSDL2	1677	2834	1683	1656	2280	2313	2814
ENSG00000119487	MAPKAP1	2695	4387	2711	2674	3218	3024	3943
ENSG00000119508	NR4A3	87	152	94	77	165	133	171
ENSG00000119509	INVS	652	1119	615	666	918	864	972
ENSG00000119514	GALNT12	285	448	292	266	286	284	285
ENSG00000119522	DENND1A	1470	2422	1435	1364	1701	1655	1808
ENSG00000119523	ALG2	517	739	444	486	788	704	905
ENSG00000119537	KDSR	1316	2158	1305	1239	1719	1802	1994
ENSG00000119541	VPS4B	1175	1876	1111	1141	1711	1669	2020
ENSG00000119547	ONECUT2	65	97	64	59	121	118	125
ENSG00000119559	C19orf25	370	652	417	431	548	460	574
ENSG00000119574	ZBTB45	848	1462	950	903	1362	1257	1614
ENSG00000119596	YLPM1	1298	2123	1043	1347	1517	1452	1866
ENSG00000119599	DCAF4	400	568	375	398	457	419	499
ENSG00000119608	PROX2	3	1	3	2	3	1	1
ENSG00000119614	VSX2	3	3	2	2	4	1	0
ENSG00000119616	FCF1	1389	2121	1351	1379	2384	2130	2827
ENSG00000119630	PGF	290	438	340	304	336	343	424
ENSG00000119632	IFI27L2	411	744	486	427	516	480	610
ENSG00000119636	BBOF1	50	105	53	50	65	89	102
ENSG00000119638	NEK9	1047	1528	882	897	967	1015	1162
ENSG00000119640	ACYP1	142	222	148	139	240	231	314
ENSG00000119650	IFT43	200	422	259	258	357	334	437
ENSG00000119655	NPC2	1238	2141	1160	1156	1426	1526	1623
ENSG00000119661	DNAL1	230	442	219	258	306	315	418
ENSG00000119669	IRF2BPL	5033	8482	5005	5099	5328	4804	5786
ENSG00000119673	ACOT2	416	732	445	424	573	605	703
ENSG00000119681	LTBP2	54	73	58	72	69	82	84
ENSG00000119682	AREL1	1250	2017	1258	1239	1542	1552	1862
ENSG00000119684	MLH3	22	46	35	26	48	45	31
ENSG00000119685	TTLL5	752	1342	726	772	1007	1011	1203
ENSG00000119686	FLVCR2	33	52	29	32	27	31	41
ENSG00000119688	ABCD4	183	328	152	186	194	237	362
ENSG00000119689	DLST	2960	4866	2885	2916	3901	3828	4821
ENSG00000119698	PPP4R4	92	134	88	83	93	106	112
ENSG00000119699	TGFB3	238	342	182	209	252	249	338
ENSG00000119703	ZC2HC1C	24	29	26	18	37	22	30
ENSG00000119705	SLIRP	875	1401	984	866	1304	1302	1718
ENSG00000119707	RBM25	2730	4492	2745	2621	5095	4294	5725
ENSG00000119711	ALDH6A1	796	1229	697	707	723	728	792
ENSG00000119714	GPR68	5	6	9	7	6	2	7
ENSG00000119715	ESRRB	9	12	2	6	6	3	9
ENSG00000119718	EIF2B2	810	1245	799	809	1273	1229	1582
ENSG00000119720	NRDE2	263	374	218	225	292	258	314
ENSG00000119723	COQ6	304	556	330	340	376	396	506
ENSG00000119725	ZNF410	860	1666	932	854	992	1045	1208
ENSG00000119729	RHOQ	1859	2998	1691	1806	1886	1706	1983
ENSG00000119737	GPR75	43	71	52	45	64	63	92
ENSG00000119760	SUPT7L	1945	3010	1673	1638	2127	2026	2587
ENSG00000119771	KLHL29	585	982	678	617	716	649	901
ENSG00000119772	DNMT3A	926	1466	917	842	954	840	1113
ENSG00000119777	TMEM214	2727	4622	2718	2866	3937	3803	4587
ENSG00000119778	ATAD2B	464	741	421	465	564	544	620
ENSG00000119782	FKBP1B	86	139	76	59	70	64	79
ENSG00000119787	ATL2	1789	2808	1649	1637	2072	2292	2757
ENSG00000119801	YPEL5	1366	2277	1354	1287	1927	1825	2089
ENSG00000119812	FAM98A	1804	3084	1894	1908	3208	3211	4564
ENSG00000119820	YIPF4	2581	4362	2672	2459	3377	3084	3674
ENSG00000119844	AFTPH	1334	2227	1338	1320	1722	1604	1944
ENSG00000119862	LGALSL	449	758	461	467	606	541	680
ENSG00000119865	CNRIP1	177	268	136	148	205	168	259
ENSG00000119866	BCL11A	177	267	165	152	216	232	260
ENSG00000119878	CRIPT	1120	1662	1129	1056	1381	1288	1691
ENSG00000119888	EPCAM	0	0	1	0	0	2	0
ENSG00000119899	SLC17A5	422	663	446	384	592	517	607
ENSG00000119900	OGFRL1	397	697	402	364	502	486	550
ENSG00000119906	SLF2	1419	2263	1276	1277	1547	1460	1745
ENSG00000119912	IDE	937	1336	1055	847	1319	1121	1210
ENSG00000119913	TECTB	0	0	0	0	2	0	0
ENSG00000119915	ELOVL3	12	16	9	18	14	21	24
ENSG00000119917	IFIT3	849	1399	921	835	1228	1223	1508
ENSG00000119919	NKX2-3	3	7	3	9	3	1	9
ENSG00000119922	IFIT2	544	909	542	522	785	799	1025
ENSG00000119927	GPAM	787	1179	670	700	1045	970	1239
ENSG00000119929	CUTC	324	529	461	352	526	498	609
ENSG00000119938	PPP1R3C	0	0	2	0	0	0	0
ENSG00000119943	PYROXD2	819	1420	691	691	711	676	843
ENSG00000119946	CNNM1	0	0	1	0	0	0	0
ENSG00000119950	MXI1	2803	4749	2787	2556	3861	3911	4202
ENSG00000119953	SMNDC1	1180	1884	1265	1231	1789	1679	2012
ENSG00000119965	C10orf88	192	370	231	189	320	279	348
ENSG00000119969	HELLS	1435	2029	1362	1268	2099	2010	2491
ENSG00000119973	PRLHR	5	3	3	3	4	0	2
ENSG00000119977	TCTN3	1300	2289	1383	1344	1878	1789	2265
ENSG00000119979	DENND10	983	1748	1035	1019	1348	1282	1645
ENSG00000119986	AVPI1	967	1783	1170	1094	1674	1550	2062
ENSG00000120008	WDR11	1350	2348	1340	1373	1528	1452	1660
ENSG00000120029	ARMH3	922	1521	864	827	1133	1056	1389
ENSG00000120049	KCNIP2	36	76	32	27	52	56	70
ENSG00000120051	CFAP58	12	21	9	18	15	14	14
ENSG00000120053	GOT1	941	1548	1014	992	1291	1250	1620
ENSG00000120054	CPN1	519	864	480	495	491	532	665
ENSG00000120055	C10orf95	23	33	27	31	28	21	18
ENSG00000120057	SFRP5	18	24	21	19	39	32	25
ENSG00000120063	GNA13	2400	3942	2461	2366	3423	3357	4197
ENSG00000120068	HOXB8	1620	2841	1460	1523	1876	1910	2044
ENSG00000120071	KANSL1	1031	1702	996	955	1413	1394	1696
ENSG00000120075	HOXB5	400	753	369	368	356	339	382
ENSG00000120093	HOXB3	1452	2452	1257	1352	1493	1244	1602
ENSG00000120094	HOXB1	0	0	0	1	0	0	0
ENSG00000120129	DUSP1	563	882	561	497	630	581	781
ENSG00000120137	PANK3	3583	5751	3341	3438	4707	4565	5908
ENSG00000120149	MSX2	112	193	115	121	192	183	240
ENSG00000120156	TEK	21	20	13	8	20	14	16
ENSG00000120158	RCL1	747	1292	831	789	877	844	1185
ENSG00000120159	CAAP1	1288	2132	1270	1149	1835	1692	2052
ENSG00000120160	EQTN	0	1	0	0	0	0	0
ENSG00000120162	MOB3B	29	37	24	25	34	42	44
ENSG00000120210	INSL6	2	2	2	2	5	1	2
ENSG00000120211	INSL4	0	0	0	1	0	0	0
ENSG00000120215	MLANA	10	19	13	9	21	8	27
ENSG00000120217	CD274	40	76	33	33	84	84	98
ENSG00000120242	IFNA8	1	0	0	0	0	0	0
ENSG00000120251	GRIA2	41	20	33	27	27	22	35
ENSG00000120253	NUP43	2490	4033	2444	2386	3755	3492	4491
ENSG00000120254	MTHFD1L	1092	1918	1200	1193	1712	1559	2147
ENSG00000120256	LRP11	1262	2019	1154	1134	1354	1247	1507
ENSG00000120262	CCDC170	3	9	9	1	11	2	5
ENSG00000120265	PCMT1	5620	9675	5979	5632	7710	7678	9440
ENSG00000120278	PLEKHG1	414	656	345	406	438	430	466
ENSG00000120279	MYCT1	0	0	0	0	2	1	0
ENSG00000120280	TASL	0	1	0	0	0	0	1
ENSG00000120306	CYSTM1	642	1221	701	682	1130	1229	1414
ENSG00000120314	WDR55	954	1448	909	954	1313	1225	1685
ENSG00000120318	ARAP3	2726	4657	2768	2719	3547	3428	4060
ENSG00000120322	PCDHB8	377	640	335	351	495	486	574
ENSG00000120324	PCDHB10	170	333	166	196	211	242	284
ENSG00000120327	PCDHB14	109	170	105	79	130	118	125
ENSG00000120328	PCDHB12	105	190	111	119	161	149	192
ENSG00000120329	SLC25A2	1	2	0	1	0	0	0
ENSG00000120332	TNN	2	1	0	0	0	3	1
ENSG00000120333	MRPS14	770	1211	747	729	1059	1076	1387
ENSG00000120334	CENPL	449	794	520	500	733	698	902
ENSG00000120341	SEC16B	16	34	3	11	0	0	0
ENSG00000120370	GORAB	322	615	346	358	675	611	805
ENSG00000120437	ACAT2	708	1120	827	768	1226	1116	1520
ENSG00000120438	TCP1	7213	12163	7701	7411	11962	11444	15078
ENSG00000120440	TTLL2	1	0	0	1	0	1	0
ENSG00000120451	SNX19	2351	3882	2107	2285	2816	2730	3357
ENSG00000120457	KCNJ5	9	8	8	2	8	6	20
ENSG00000120458	MSANTD2	312	529	318	294	453	374	610
ENSG00000120471	TP53AIP1	1	10	9	7	6	2	2
ENSG00000120498	TEX11	0	0	0	0	2	0	1
ENSG00000120500	ARR3	1	3	0	2	3	1	1
ENSG00000120509	PDZD11	949	1621	1056	1004	1588	1574	1965
ENSG00000120519	SLC10A7	248	332	237	237	279	260	365
ENSG00000120526	NUDCD1	527	1137	697	593	767	705	767
ENSG00000120533	ENY2	716	1214	817	736	1010	948	1298
ENSG00000120539	MASTL	757	1305	860	791	1083	1104	1374
ENSG00000120549	KIAA1217	3033	4833	2768	3106	3626	3715	4425
ENSG00000120563	LYZL1	0	1	0	1	1	1	1
ENSG00000120616	EPC1	364	553	255	295	388	387	432
ENSG00000120647	CCDC77	1131	1669	995	1042	1327	1371	1568
ENSG00000120656	TAF12	681	1092	669	683	1174	1133	1331
ENSG00000120658	ENOX1	250	461	247	257	252	243	324
ENSG00000120659	TNFSF11	0	0	0	0	0	0	1
ENSG00000120662	MTRF1	311	529	275	288	343	376	485
ENSG00000120669	SOHLH2	9	15	6	10	11	11	17
ENSG00000120675	DNAJC15	203	371	209	231	358	305	435
ENSG00000120685	PROSER1	1495	2382	1393	1586	1747	1677	2160
ENSG00000120686	UFM1	1254	2042	1256	1182	2220	2047	2629
ENSG00000120688	WBP4	555	929	633	569	858	742	980
ENSG00000120690	ELF1	1831	2979	1719	1794	2398	2238	2693
ENSG00000120693	SMAD9	71	91	43	54	54	62	45
ENSG00000120694	HSPH1	5094	8652	5229	5295	7355	6912	9211
ENSG00000120696	KBTBD7	314	511	300	294	496	426	560
ENSG00000120697	ALG5	795	1466	906	848	1576	1443	2051
ENSG00000120699	EXOSC8	930	1444	996	978	1672	1586	2048
ENSG00000120705	ETF1	7989	13699	8330	8171	10647	10542	13333
ENSG00000120708	TGFBI	6158	10330	6487	6389	6632	6532	7694
ENSG00000120709	FAM53C	1985	3401	2005	2098	2373	2249	2984
ENSG00000120725	SIL1	1228	2050	1199	1245	1601	1558	1716
ENSG00000120727	PAIP2	4060	6797	4148	3949	4854	4889	5696
ENSG00000120729	MYOT	5	7	6	1	3	0	3
ENSG00000120733	KDM3B	3119	5071	3026	3162	3931	3724	4581
ENSG00000120738	EGR1	2680	4452	2351	2368	2073	1915	1884
ENSG00000120742	SERP1	3722	6279	4015	4010	5811	5474	7125
ENSG00000120756	PLS1	792	1349	769	794	1247	1133	1503
ENSG00000120784	ZFP30	109	169	124	126	152	131	165
ENSG00000120798	NR2C1	538	812	485	508	625	630	817
ENSG00000120800	UTP20	2748	4430	2572	2677	4180	4015	5358
ENSG00000120802	TMPO	4894	8034	5263	5219	7794	7513	10010
ENSG00000120805	ARL1	1466	2342	1504	1391	2249	2325	2730
ENSG00000120820	GLT8D2	224	363	177	221	231	254	266
ENSG00000120832	MTERF2	442	684	369	385	448	361	496
ENSG00000120833	SOCS2	1905	3238	1991	1949	1960	1954	2450
ENSG00000120837	NFYB	643	1100	674	621	915	850	1083
ENSG00000120860	WASHC3	318	507	324	313	339	363	363
ENSG00000120868	APAF1	1065	1654	1010	1085	1385	1407	1657
ENSG00000120875	DUSP4	7672	13012	7868	7878	12739	12228	15757
ENSG00000120885	CLU	97	218	147	132	134	150	179
ENSG00000120889	TNFRSF10B	2644	4407	2558	2597	3531	3479	4516
ENSG00000120896	SORBS3	958	1549	1013	1105	1451	1310	1606
ENSG00000120899	PTK2B	169	289	146	153	193	164	205
ENSG00000120910	PPP3CC	201	321	193	203	278	298	416
ENSG00000120913	PDLIM2	538	866	560	560	743	693	840
ENSG00000120915	EPHX2	27	55	17	27	24	21	20
ENSG00000120925	RNF170	200	381	204	206	245	260	326
ENSG00000120942	UBIAD1	591	1033	620	546	1087	1003	1308
ENSG00000120948	TARDBP	5608	9125	5642	5588	8710	8644	10855
ENSG00000120949	TNFRSF8	12	26	20	20	29	16	24
ENSG00000120963	ZNF706	2812	4478	2984	2868	3701	3497	4569
ENSG00000120992	LYPLA1	3571	5923	3652	3415	4549	4183	5474
ENSG00000121005	CRISPLD1	888	1476	916	936	905	906	1122
ENSG00000121022	COPS5	2088	3506	2138	1898	3212	3173	3869
ENSG00000121039	RDH10	260	450	269	279	310	259	368
ENSG00000121053	EPX	4	4	4	6	3	4	9
ENSG00000121057	AKAP1	1458	2303	1434	1480	1799	1695	2194
ENSG00000121058	COIL	786	1202	785	736	1054	982	1207
ENSG00000121060	TRIM25	2879	4779	2816	2901	3884	3644	4848
ENSG00000121064	SCPEP1	1502	2576	1562	1487	1828	1768	2114
ENSG00000121067	SPOP	1670	2741	1664	1635	2408	2235	2891
ENSG00000121068	TBX2	2242	3789	2661	2551	2959	2687	3235
ENSG00000121073	SLC35B1	510	800	517	492	730	730	1078
ENSG00000121075	TBX4	2	2	2	0	3	2	1
ENSG00000121101	TEX14	7	7	1	10	0	6	12
ENSG00000121104	FAM117A	131	226	159	173	147	106	156
ENSG00000121152	NCAPH	1393	2260	1464	1449	2101	2053	2591
ENSG00000121207	LRAT	206	241	101	156	135	131	49
ENSG00000121210	TMEM131L	394	591	369	357	424	390	514
ENSG00000121211	MND1	182	325	192	209	298	317	339
ENSG00000121236	TRIM6	93	121	69	50	84	83	86
ENSG00000121270	ABCC11	5	7	0	3	0	2	5
ENSG00000121274	TENT4B	641	1013	604	651	854	802	1005
ENSG00000121281	ADCY7	1045	1663	878	988	1265	1282	1513
ENSG00000121289	CEP89	663	1055	689	692	1010	1003	1239
ENSG00000121297	TSHZ3	203	350	215	218	202	184	314
ENSG00000121310	ECHDC2	47	110	34	50	53	55	68
ENSG00000121314	TAS2R8	0	0	0	0	0	1	0
ENSG00000121316	PLBD1	21	25	19	23	22	19	36
ENSG00000121318	TAS2R10	4	6	5	4	3	5	5
ENSG00000121335	PRB2	2	5	6	5	7	7	4
ENSG00000121350	PYROXD1	736	1189	662	716	1202	1255	1580
ENSG00000121351	IAPP	23	36	11	17	31	19	22
ENSG00000121380	BCL2L14	2	0	0	0	4	0	1
ENSG00000121381	TAS2R9	0	1	0	1	0	0	0
ENSG00000121390	PSPC1	1096	1913	1194	1162	1962	1734	2404
ENSG00000121406	ZNF549	241	409	253	284	408	406	512
ENSG00000121410	A1BG	0	0	1	0	0	0	0
ENSG00000121413	ZSCAN18	0	0	0	0	0	0	1
ENSG00000121417	ZNF211	211	283	188	165	232	227	272
ENSG00000121440	PDZRN3	1000	1902	1066	1080	965	926	1013
ENSG00000121454	LHX4	145	216	97	118	200	167	223
ENSG00000121481	RNF2	666	1129	642	640	840	794	1055
ENSG00000121486	TRMT1L	1252	2063	1199	1216	1658	1650	2045
ENSG00000121542	SEC22A	281	470	277	303	419	457	530
ENSG00000121552	CSTA	1	1	1	0	2	1	2
ENSG00000121577	POPDC2	2	7	5	0	2	4	9
ENSG00000121578	B4GALT4	680	1117	660	649	746	815	964
ENSG00000121579	NAA50	4773	8086	4950	4878	6567	5966	7778
ENSG00000121594	CD80	0	2	0	1	1	2	0
ENSG00000121621	KIF18A	570	1053	655	622	924	940	1204
ENSG00000121644	DESI2	2075	3607	2112	2272	2865	2729	3509
ENSG00000121653	MAPK8IP1	746	1228	713	743	978	887	1260
ENSG00000121671	CRY2	274	474	292	298	311	282	391
ENSG00000121680	PEX16	1044	1884	1129	1044	1389	1434	1637
ENSG00000121690	DEPDC7	1006	1594	954	954	1380	1366	1836
ENSG00000121691	CAT	2128	3508	2206	2158	2530	2549	3179
ENSG00000121716	PILRB	727	1200	691	708	728	721	940
ENSG00000121741	ZMYM2	2323	3733	2213	2154	3042	3059	3778
ENSG00000121742	GJB6	0	2	0	0	0	0	0
ENSG00000121743	GJA3	1228	2024	1142	1228	1573	1528	1732
ENSG00000121749	TBC1D15	1858	3034	1579	1530	1965	2052	2360
ENSG00000121753	ADGRB2	703	1280	765	704	767	788	969
ENSG00000121764	HCRTR1	0	4	1	0	3	2	2
ENSG00000121766	ZCCHC17	1807	3181	2014	1833	2238	1889	2449
ENSG00000121769	FABP3	11	27	13	14	20	13	11
ENSG00000121774	KHDRBS1	7091	12054	7384	7013	9652	9254	11589
ENSG00000121775	TMEM39B	259	426	277	294	287	339	429
ENSG00000121851	POLR3GL	769	1304	801	720	866	882	925
ENSG00000121864	ZNF639	481	833	476	505	603	522	714
ENSG00000121871	SLITRK3	0	4	1	1	3	3	0
ENSG00000121879	PIK3CA	924	1437	831	794	867	856	1027
ENSG00000121892	PDS5A	5017	8270	4811	5120	6345	6304	8131
ENSG00000121895	TMEM156	0	6	1	5	3	2	8
ENSG00000121897	LIAS	197	334	200	205	259	249	247
ENSG00000121898	CPXM2	3	8	7	2	2	4	3
ENSG00000121900	TMEM54	755	1432	930	896	1025	1024	1234
ENSG00000121903	ZSCAN20	413	596	384	361	376	417	500
ENSG00000121904	CSMD2	4	10	3	6	2	5	4
ENSG00000121905	HPCA	10	3	3	2	5	9	0
ENSG00000121931	LRIF1	292	454	287	260	522	505	715
ENSG00000121933	TMIGD3	0	0	0	1	0	0	0
ENSG00000121940	CLCC1	549	913	507	573	780	926	1096
ENSG00000121957	GPSM2	1048	1970	1112	1183	1363	1227	1434
ENSG00000121964	GTDC1	289	454	289	259	364	350	393
ENSG00000121988	ZRANB3	90	178	92	91	122	124	160
ENSG00000121989	ACVR2A	172	265	149	145	226	189	223
ENSG00000122008	POLK	441	804	528	464	765	723	795
ENSG00000122012	SV2C	74	88	74	75	66	74	119
ENSG00000122026	RPL21	16635	28828	17313	16154	20888	20601	25150
ENSG00000122033	MTIF3	390	641	432	394	431	391	431
ENSG00000122034	GTF3A	2072	3540	2168	2150	2551	2625	3270
ENSG00000122035	RASL11A	54	99	67	69	87	80	97
ENSG00000122042	UBL3	2271	3667	2316	2156	3133	2737	3551
ENSG00000122068	FYTTD1	1551	2523	1474	1494	1741	1682	2088
ENSG00000122085	MTERF4	325	606	408	407	613	500	680
ENSG00000122121	XPNPEP2	1	0	0	0	0	1	2
ENSG00000122126	OCRL	1501	2564	1501	1489	1756	1770	2194
ENSG00000122133	PAEP	8	11	3	7	11	10	5
ENSG00000122140	MRPS2	1222	2094	1205	1165	2117	2065	2584
ENSG00000122176	FMOD	3	12	1	2	2	1	2
ENSG00000122180	MYOG	0	1	0	0	0	0	0
ENSG00000122188	LAX1	0	0	0	0	3	0	0
ENSG00000122203	KIAA1191	2314	3877	2420	2363	2692	2807	3469
ENSG00000122218	COPA	14493	23444	13913	14671	15884	16511	17784
ENSG00000122223	CD244	0	1	3	0	0	0	0
ENSG00000122257	RBBP6	2355	3738	2130	2218	2817	2527	3492
ENSG00000122299	ZC3H7A	2488	3906	2257	2350	3494	3535	4291
ENSG00000122335	SERAC1	175	292	157	156	226	171	206
ENSG00000122359	ANXA11	6377	10990	6732	6729	8916	8677	9993
ENSG00000122367	LDB3	16	21	26	21	24	20	26
ENSG00000122376	SHLD2	1015	1811	961	1033	1459	1444	1699
ENSG00000122378	PRXL2A	1642	2586	1612	1529	2081	1964	2215
ENSG00000122386	ZNF205	405	671	408	395	521	414	579
ENSG00000122390	NAA60	1283	2237	1406	1375	1948	1822	2348
ENSG00000122406	RPL5	12763	22037	13148	12428	17829	17662	22024
ENSG00000122417	ODF2L	870	1332	716	729	890	956	1010
ENSG00000122420	PTGFR	0	2	0	0	0	0	0
ENSG00000122432	SPATA1	2	0	0	3	0	0	15
ENSG00000122435	TRMT13	674	1075	574	627	966	868	1049
ENSG00000122477	LRRC39	37	63	25	33	50	40	32
ENSG00000122481	RWDD3	108	215	108	138	192	169	230
ENSG00000122482	ZNF644	874	1355	786	787	1100	1078	1303
ENSG00000122483	CCDC18	228	365	234	216	364	325	379
ENSG00000122484	RPAP2	788	1181	627	711	928	874	1135
ENSG00000122490	SLC66A2	542	1011	635	572	785	651	967
ENSG00000122507	BBS9	299	560	337	336	323	317	406
ENSG00000122512	PMS2	924	1702	910	1033	1670	1300	1704
ENSG00000122515	ZMIZ2	1602	2464	1481	1547	2032	1941	2265
ENSG00000122543	OCM	0	0	0	0	2	0	0
ENSG00000122545	SEPTIN7	5326	8964	5578	5390	8146	7783	9653
ENSG00000122547	EEPD1	174	324	166	207	263	273	315
ENSG00000122550	KLHL7	426	735	432	399	610	590	703
ENSG00000122557	HERPUD2	891	1444	883	880	1221	1189	1365
ENSG00000122565	CBX3	11202	18087	11203	10468	15100	13204	16621
ENSG00000122566	HNRNPA2B1	24800	42278	27512	27005	38046	34503	49118
ENSG00000122574	WIPF3	174	323	176	205	203	183	164
ENSG00000122584	NXPH1	0	0	1	0	0	0	0
ENSG00000122591	FAM126A	1088	1752	993	911	1434	1270	1689
ENSG00000122592	HOXA7	11	34	16	14	15	22	12
ENSG00000122641	INHBA	27835	45321	22578	22207	23646	22006	24346
ENSG00000122642	FKBP9	3644	6205	3699	3676	4188	3968	4522
ENSG00000122643	NT5C3A	443	721	439	425	682	615	721
ENSG00000122644	ARL4A	197	357	177	208	313	284	394
ENSG00000122674	CCZ1	928	1644	1016	885	1158	1042	1457
ENSG00000122678	POLM	618	909	626	541	729	746	845
ENSG00000122687	MRM2	687	1125	702	705	952	1086	1382
ENSG00000122691	TWIST1	2017	3429	2065	2129	2342	1742	2431
ENSG00000122692	SMU1	2437	3887	2544	2422	3846	3527	4496
ENSG00000122694	GLIPR2	50	87	56	66	75	73	92
ENSG00000122696	SLC25A51	227	328	192	203	191	193	280
ENSG00000122705	CLTA	4586	7812	4893	4883	6820	6694	8519
ENSG00000122707	RECK	447	751	445	428	470	483	500
ENSG00000122711	SPINK4	0	0	0	0	1	0	0
ENSG00000122728	TAF1L	0	3	0	1	0	0	0
ENSG00000122729	ACO1	1122	1828	1096	1127	1210	1275	1414
ENSG00000122733	PHF24	0	1	3	0	1	0	0
ENSG00000122735	DNAI1	7	9	3	1	7	4	4
ENSG00000122741	DCAF10	1680	2758	1497	1580	1691	1353	1690
ENSG00000122756	CNTFR	3	2	0	1	0	0	1
ENSG00000122778	KIAA1549	1359	2030	1306	1346	1975	1867	2348
ENSG00000122779	TRIM24	1017	1667	977	1017	1215	1225	1511
ENSG00000122783	CYREN	857	1443	851	871	1125	1133	1414
ENSG00000122786	CALD1	3933	7026	3866	3885	4700	4646	5459
ENSG00000122787	AKR1D1	6	7	6	4	6	5	3
ENSG00000122824	NUDT10	0	0	2	1	2	3	3
ENSG00000122861	PLAU	0	0	3	1	2	0	2
ENSG00000122862	SRGN	225	328	185	204	198	195	236
ENSG00000122863	CHST3	1066	1794	1096	1209	1453	1337	1868
ENSG00000122870	BICC1	443	662	427	456	396	341	416
ENSG00000122873	CISD1	397	640	416	401	538	533	604
ENSG00000122877	EGR2	66	120	82	63	91	63	82
ENSG00000122882	ECD	1233	2035	1190	1278	1393	1379	1668
ENSG00000122884	P4HA1	1450	2570	1543	1470	2180	2025	2421
ENSG00000122912	SLC25A16	223	295	184	173	258	219	253
ENSG00000122952	ZWINT	727	1149	800	823	1340	1301	1959
ENSG00000122958	VPS26A	1589	2488	1474	1548	2302	2157	2715
ENSG00000122965	RBM19	1229	2056	1150	1342	1620	1523	1949
ENSG00000122966	CIT	2678	4332	2403	2806	3722	3616	4517
ENSG00000122970	IFT81	2736	4353	2574	2560	3290	3072	3525
ENSG00000122971	ACADS	342	590	349	315	414	375	495
ENSG00000122986	HVCN1	20	16	15	13	11	14	9
ENSG00000123064	DDX54	4629	7786	4830	4793	6328	5079	7504
ENSG00000123066	MED13L	2458	3771	1901	2101	2132	2152	2529
ENSG00000123080	CDKN2C	1050	1774	1160	1136	1074	968	1218
ENSG00000123091	RNF11	1696	2841	1798	1686	2177	2191	2625
ENSG00000123094	RASSF8	5512	8894	5272	5408	7008	6703	8630
ENSG00000123095	BHLHE41	284	481	240	241	460	492	416
ENSG00000123096	SSPN	4	7	3	3	3	2	7
ENSG00000123104	ITPR2	4036	6086	3295	3644	3565	3481	3998
ENSG00000123106	CCDC91	1100	1718	972	968	1451	1244	1655
ENSG00000123119	NECAB1	80	143	104	89	114	99	109
ENSG00000123124	WWP1	930	1637	989	1003	1084	962	1216
ENSG00000123130	ACOT9	940	1601	1118	960	1349	1175	1633
ENSG00000123131	PRDX4	1958	3516	2202	2078	3155	3197	4068
ENSG00000123136	DDX39A	2939	4826	3139	3003	5479	5570	7521
ENSG00000123143	PKN1	5417	9427	5822	5670	7850	6903	8617
ENSG00000123144	TRIR	3900	6646	4653	4292	6608	5831	8374
ENSG00000123146	ADGRE5	4308	7555	4532	4486	5369	5265	6189
ENSG00000123154	WDR83	587	996	547	590	1079	981	1265
ENSG00000123159	GIPC1	4233	7555	5027	4710	6391	4774	7845
ENSG00000123178	SPRYD7	441	825	475	478	768	709	971
ENSG00000123179	EBPL	1186	2124	1296	1232	1699	1617	2008
ENSG00000123191	ATP7B	176	340	171	194	323	281	303
ENSG00000123200	ZC3H13	5970	9606	5722	5821	9205	8280	10661
ENSG00000123213	NLN	406	701	419	424	527	508	500
ENSG00000123219	CENPK	605	980	638	601	1094	1039	1370
ENSG00000123240	OPTN	903	1482	825	846	929	879	954
ENSG00000123243	ITIH5	13215	21987	11725	12009	12733	12344	13208
ENSG00000123268	ATF1	750	1181	720	711	1103	1097	1427
ENSG00000123297	TSFM	966	1636	1124	965	1218	1205	1593
ENSG00000123329	ARHGAP9	6	11	18	12	18	15	16
ENSG00000123338	NCKAP1L	0	0	2	0	0	0	0
ENSG00000123342	MMP19	26	24	9	24	25	24	25
ENSG00000123349	PFDN5	3019	5033	2962	2800	3992	3854	4643
ENSG00000123352	SPATS2	1530	2582	1572	1546	2105	2042	2472
ENSG00000123353	ORMDL2	797	1335	819	804	1385	1277	1690
ENSG00000123358	NR4A1	4442	7600	5236	4983	7736	7661	11047
ENSG00000123360	PDE1B	5	8	5	4	4	13	5
ENSG00000123364	HOXC13	668	1200	742	765	787	729	960
ENSG00000123374	CDK2	2836	4933	3093	3030	6917	6751	8827
ENSG00000123384	LRP1	4506	6801	3698	4381	4381	4066	4483
ENSG00000123388	HOXC11	340	499	306	343	429	411	464
ENSG00000123395	ATG101	1878	3213	2281	2087	3908	3693	5214
ENSG00000123405	NFE2	65	134	63	79	120	92	148
ENSG00000123407	HOXC12	433	682	437	445	445	433	550
ENSG00000123411	IKZF4	257	448	255	214	338	275	348
ENSG00000123415	SMUG1	1170	2010	1190	1172	1579	1531	1852
ENSG00000123416	TUBA1B	30817	54852	37342	36939	56680	54562	72412
ENSG00000123427	EEF1AKMT3	391	645	329	319	484	456	506
ENSG00000123444	KBTBD4	628	1077	710	629	952	926	1191
ENSG00000123453	SARDH	8	16	9	7	2	5	3
ENSG00000123472	ATPAF1	1474	2480	1396	1411	1926	1739	2266
ENSG00000123473	STIL	786	1192	810	759	1163	1163	1571
ENSG00000123485	HJURP	1836	3192	1946	1879	2956	2959	3935
ENSG00000123496	IL13RA2	15926	27054	14438	13625	16773	16537	18751
ENSG00000123500	COL10A1	1	2	0	1	2	3	1
ENSG00000123505	AMD1	2325	3923	2603	2560	3752	3551	4822
ENSG00000123545	NDUFAF4	167	267	187	144	239	297	329
ENSG00000123552	USP45	426	533	396	325	436	410	443
ENSG00000123560	PLP1	7238	12449	7183	7233	8175	7750	8877
ENSG00000123562	MORF4L2	7005	11407	7458	7076	12737	12562	16208
ENSG00000123570	RAB9B	50	99	40	53	67	68	94
ENSG00000123575	FAM199X	1589	2532	1495	1452	1738	1743	2104
ENSG00000123584	MAGEA9	0	0	0	0	0	2	0
ENSG00000123594	ATXN3L	72	125	48	76	87	66	130
ENSG00000123595	RAB9A	561	827	466	482	792	799	892
ENSG00000123600	METTL8	220	403	222	211	268	228	357
ENSG00000123607	TTC21B	623	959	528	555	807	611	786
ENSG00000123609	NMI	254	419	293	256	268	241	277
ENSG00000123610	TNFAIP6	49	67	36	33	50	59	70
ENSG00000123612	ACVR1C	31	58	33	42	50	38	46
ENSG00000123636	BAZ2B	717	1153	598	646	738	773	840
ENSG00000123643	SLC36A1	605	1026	569	591	826	807	1064
ENSG00000123684	LPGAT1	2465	3843	2212	2338	3332	3236	3999
ENSG00000123685	BATF3	46	115	77	67	103	76	122
ENSG00000123689	G0S2	0	0	0	0	0	0	3
ENSG00000123700	KCNJ2	1	1	5	0	1	2	2
ENSG00000123728	RAP2C	963	1636	969	949	1236	1192	1479
ENSG00000123737	EXOSC9	710	1240	713	700	1184	1212	1543
ENSG00000123739	PLA2G12A	659	1156	607	688	807	799	988
ENSG00000123810	B9D2	89	163	83	78	97	97	114
ENSG00000123815	COQ8B	1004	1576	982	1030	1102	1059	1298
ENSG00000123836	PFKFB2	937	1502	836	905	1066	1053	1258
ENSG00000123892	RAB38	696	1141	666	700	1334	1191	1471
ENSG00000123901	GPR83	11	23	8	6	8	6	10
ENSG00000123908	AGO2	2671	4161	2400	2475	3040	2876	3606
ENSG00000123933	MXD4	1482	2767	1501	1527	1725	1593	1974
ENSG00000123975	CKS2	1589	2920	1849	1802	2494	2302	3112
ENSG00000123977	DAW1	0	0	0	0	2	0	1
ENSG00000123983	ACSL3	10698	17928	10928	10833	16408	16209	20427
ENSG00000123989	CHPF	5001	8649	5279	5370	7329	7074	8172
ENSG00000123992	DNPEP	523	862	586	516	530	517	578
ENSG00000123999	INHA	192	310	93	135	159	149	125
ENSG00000124003	MOGAT1	2	5	2	4	0	1	2
ENSG00000124006	OBSL1	5369	9250	5313	5409	7880	6745	8905
ENSG00000124019	FAM124B	0	1	0	0	0	0	0
ENSG00000124067	SLC12A4	1265	2040	1176	1378	1423	1251	1753
ENSG00000124074	ENKD1	740	1303	757	801	1181	841	1393
ENSG00000124089	MC3R	5	4	3	1	3	3	2
ENSG00000124091	GCNT7	1	5	8	5	2	2	7
ENSG00000124092	CTCFL	5	4	2	2	8	13	6
ENSG00000124097	HMGB1P1	12	12	3	5	16	8	16
ENSG00000124098	FAM210B	3711	6188	3610	3509	5359	5078	5941
ENSG00000124102	PI3	0	0	1	0	1	0	0
ENSG00000124103	FAM209A	2	0	0	0	0	0	0
ENSG00000124104	SNX21	370	564	448	346	438	381	461
ENSG00000124116	WFDC3	3	4	0	4	4	4	0
ENSG00000124120	TTPAL	1276	2146	1223	1290	1624	1545	1968
ENSG00000124126	PREX1	4829	8163	5125	5229	5397	5271	6460
ENSG00000124134	KCNS1	4	10	6	3	4	4	3
ENSG00000124140	SLC12A5	1	0	1	0	1	0	1
ENSG00000124143	ARHGAP40	1	1	0	2	0	0	3
ENSG00000124145	SDC4	1802	3038	1986	1965	2386	2274	3027
ENSG00000124151	NCOA3	1873	2971	1731	1891	2227	2104	2649
ENSG00000124155	PIGT	5136	8815	5106	5047	6281	6351	7266
ENSG00000124159	MATN4	15	11	12	14	23	12	17
ENSG00000124160	NCOA5	795	1211	727	742	1253	1160	1539
ENSG00000124164	VAPB	2584	4129	2320	2449	3389	3178	3851
ENSG00000124171	PARD6B	112	176	110	127	144	120	151
ENSG00000124172	ATP5F1E	4692	7473	4680	4406	6158	5989	7347
ENSG00000124177	CHD6	2125	3378	1847	2137	2401	2340	2961
ENSG00000124181	PLCG1	3848	6196	3644	3953	4496	4379	5291
ENSG00000124191	TOX2	968	1760	1093	1019	1263	1274	1430
ENSG00000124193	SRSF6	2238	3594	2061	2048	2406	2409	3116
ENSG00000124194	GDAP1L1	2	4	2	3	1	0	3
ENSG00000124198	ARFGEF2	3561	5809	2985	3681	4534	4633	5290
ENSG00000124201	ZNFX1	2704	4500	2563	2736	3891	3944	4951
ENSG00000124203	ZNF831	0	2	2	2	1	3	4
ENSG00000124205	EDN3	7	25	12	14	28	28	19
ENSG00000124207	CSE1L	8285	13817	8695	8576	11092	11407	14303
ENSG00000124208	PEDS1-UBE2V1	191	254	240	158	94	166	193
ENSG00000124209	RAB22A	1279	2188	1289	1275	1843	1744	2136
ENSG00000124212	PTGIS	11	22	9	20	16	7	23
ENSG00000124214	STAU1	8448	14589	8705	8655	11717	11501	13827
ENSG00000124215	CDH26	4	9	1	3	1	5	1
ENSG00000124216	SNAI1	2438	4024	2371	2310	2812	2887	3491
ENSG00000124217	MOCS3	940	1520	919	918	1559	1467	1910
ENSG00000124222	STX16	8477	13578	7700	7841	9839	8247	10620
ENSG00000124225	PMEPA1	9696	16542	9603	9328	10699	10118	12287
ENSG00000124226	RNF114	2739	4785	2768	2640	3254	3226	3857
ENSG00000124227	ANKRD60	4	11	6	2	10	6	7
ENSG00000124228	DDX27	3650	5997	3861	3817	5418	5142	6648
ENSG00000124232	RBPJL	2	0	0	0	0	0	0
ENSG00000124237	C20orf85	0	0	0	1	0	0	1
ENSG00000124243	BCAS4	49	101	97	72	119	104	132
ENSG00000124249	KCNK15	43	61	39	28	34	32	49
ENSG00000124251	TP53TG5	25	24	10	21	18	18	29
ENSG00000124253	PCK1	4	5	4	4	1	4	4
ENSG00000124256	ZBP1	4	0	1	1	0	0	1
ENSG00000124257	NEURL2	86	109	49	67	66	81	81
ENSG00000124260	MAGEA10	913	1463	857	878	1880	1772	2090
ENSG00000124275	MTRR	1092	1665	1009	1072	1686	1528	2080
ENSG00000124279	FASTKD3	298	518	311	317	453	484	733
ENSG00000124299	PEPD	1515	2653	1808	1725	2437	2376	2867
ENSG00000124302	CHST8	0	1	0	0	0	1	0
ENSG00000124313	IQSEC2	445	788	468	542	511	498	505
ENSG00000124333	VAMP7	1747	2837	1648	1638	2095	1977	2373
ENSG00000124334	IL9R	23	32	13	16	20	25	21
ENSG00000124343	XG	42	57	37	36	33	38	28
ENSG00000124356	STAMBP	1171	1757	1084	1064	1205	1237	1430
ENSG00000124357	NAGK	441	771	505	431	868	705	1142
ENSG00000124370	MCEE	177	302	194	168	231	228	270
ENSG00000124374	PAIP2B	47	71	45	51	76	61	90
ENSG00000124380	SNRNP27	476	951	583	527	817	882	977
ENSG00000124383	MPHOSPH10	1564	2590	1549	1540	2272	2142	2656
ENSG00000124391	IL17C	0	1	0	0	0	0	0
ENSG00000124406	ATP8A1	18	10	7	13	19	24	17
ENSG00000124422	USP22	9307	15722	9264	9466	11600	11503	13883
ENSG00000124440	HIF3A	2	0	1	1	1	1	6
ENSG00000124444	ZNF576	363	651	391	358	546	534	715
ENSG00000124449	IRGC	2	0	0	0	0	0	0
ENSG00000124459	ZNF45	632	1014	633	589	897	873	1187
ENSG00000124466	LYPD3	52	109	85	56	51	67	72
ENSG00000124467	PSG8	2	2	1	0	0	0	0
ENSG00000124469	CEACAM8	13	18	8	7	7	7	9
ENSG00000124479	NDP	13	18	19	11	19	19	14
ENSG00000124486	USP9X	3393	5410	3068	3368	3526	3560	4280
ENSG00000124496	TRERF1	403	582	327	416	494	441	558
ENSG00000124507	PACSIN1	1	5	4	2	1	3	6
ENSG00000124508	BTN2A2	908	1503	874	849	1186	1120	1302
ENSG00000124523	SIRT5	143	236	141	139	144	178	203
ENSG00000124532	MRS2	523	949	584	532	726	710	885
ENSG00000124535	WRNIP1	1386	2455	1534	1369	1680	1323	1894
ENSG00000124541	RRP36	911	1569	1061	1032	1328	1156	1587
ENSG00000124557	BTN1A1	0	4	3	0	1	2	4
ENSG00000124562	SNRPC	1630	2845	1809	1677	3311	3540	4392
ENSG00000124570	SERPINB6	2206	3699	2114	2083	2604	2630	2738
ENSG00000124571	XPO5	2623	4504	2540	2714	3465	3375	4332
ENSG00000124574	ABCC10	461	797	465	444	508	512	554
ENSG00000124575	H1-3	40	45	25	23	17	16	14
ENSG00000124587	PEX6	1403	2429	1331	1361	1779	1551	2011
ENSG00000124588	NQO2	573	842	488	521	630	598	737
ENSG00000124596	OARD1	483	865	475	485	737	733	871
ENSG00000124602	UNC5CL	63	97	62	37	41	31	52
ENSG00000124608	AARS2	1316	2266	1330	1343	1862	1828	2274
ENSG00000124610	H1-1	0	0	2	0	0	1	1
ENSG00000124613	ZNF391	193	292	147	169	182	179	207
ENSG00000124614	RPS10	13710	23434	14281	13360	17497	17440	20713
ENSG00000124615	MOCS1	361	550	406	308	495	461	608
ENSG00000124635	H2BC11	8	17	6	11	8	9	13
ENSG00000124641	MED20	342	663	381	374	699	701	935
ENSG00000124657	OR2B6	0	2	0	0	0	0	0
ENSG00000124659	TBCC	446	695	441	443	1137	1150	1580
ENSG00000124664	SPDEF	4	8	0	3	4	2	3
ENSG00000124678	TCP11	7	5	0	6	0	2	6
ENSG00000124688	MAD2L1BP	643	1149	707	656	1191	1137	1368
ENSG00000124701	APOBEC2	8	11	6	11	6	3	9
ENSG00000124702	KLHDC3	3141	5367	3340	3248	4091	4029	4847
ENSG00000124713	GNMT	18	21	10	15	18	18	15
ENSG00000124731	TREM1	0	1	1	2	2	1	0
ENSG00000124733	MEA1	804	1420	893	815	1386	1320	1773
ENSG00000124743	KLHL31	520	932	541	560	777	813	970
ENSG00000124749	COL21A1	4	6	6	2	0	4	7
ENSG00000124762	CDKN1A	1853	3116	2131	2135	3240	3149	4261
ENSG00000124766	SOX4	1891	3118	1890	1810	2255	1959	2302
ENSG00000124767	GLO1	3391	5661	3498	3479	4695	4733	5855
ENSG00000124772	CPNE5	12	28	8	11	14	15	13
ENSG00000124782	RREB1	1114	1690	1001	1156	1505	1330	1772
ENSG00000124783	SSR1	3301	5553	3403	3274	4454	4259	5385
ENSG00000124784	RIOK1	1144	1926	1175	1049	1755	1615	2121
ENSG00000124785	NRN1	556	938	503	449	673	717	557
ENSG00000124786	SLC35B3	149	222	131	130	204	178	187
ENSG00000124787	RPP40	139	219	89	125	184	199	243
ENSG00000124788	ATXN1	1670	2757	1371	1500	1697	1604	1898
ENSG00000124789	NUP153	2076	3402	2054	2266	3154	3050	4029
ENSG00000124795	DEK	5133	8152	5173	4880	6976	6834	8271
ENSG00000124802	EEF1E1	665	1161	747	617	1141	1057	1363
ENSG00000124813	RUNX2	523	771	346	502	504	371	501
ENSG00000124818	OPN5	0	0	1	0	0	0	0
ENSG00000124827	GCM2	0	0	0	1	0	2	0
ENSG00000124831	LRRFIP1	3279	5211	3150	3133	3997	3673	4409
ENSG00000124839	RAB17	100	190	120	86	96	83	88
ENSG00000124875	CXCL6	0	0	0	0	0	2	0
ENSG00000124882	EREG	2	14	2	3	4	9	6
ENSG00000124900	TRIM51	115	231	108	121	182	200	235
ENSG00000124920	MYRF	394	641	379	430	447	428	560
ENSG00000124942	AHNAK	25559	39018	21663	24297	23457	22348	27233
ENSG00000125037	EMC3	1175	2006	1207	1285	1983	2011	2462
ENSG00000125046	SSUH2	379	668	374	438	315	312	398
ENSG00000125089	SH3TC1	728	1048	607	677	894	775	1083
ENSG00000125107	CNOT1	6322	10419	5608	6384	7100	7046	8661
ENSG00000125124	BBS2	1323	2248	1196	1199	1296	1303	1267
ENSG00000125144	MT1G	0	0	0	1	0	0	0
ENSG00000125148	MT2A	9087	16173	8609	7951	7621	7873	8700
ENSG00000125149	PHAF1	453	734	415	423	577	604	745
ENSG00000125166	GOT2	4613	7805	4949	4869	5767	5803	7215
ENSG00000125170	DOK4	879	1536	847	867	1010	972	1085
ENSG00000125245	GPR18	0	1	1	0	2	0	2
ENSG00000125246	CLYBL	30	42	35	29	44	45	43
ENSG00000125247	TMTC4	723	1195	756	703	787	831	911
ENSG00000125249	RAP2A	2983	4990	2901	2759	3375	3318	3725
ENSG00000125255	SLC10A2	8	1	1	0	3	3	5
ENSG00000125257	ABCC4	1917	2968	1758	1750	1818	1893	1958
ENSG00000125266	EFNB2	1220	1760	1247	1256	1318	1605	1901
ENSG00000125285	SOX21	0	0	0	0	0	1	0
ENSG00000125304	TM9SF2	4091	6879	4125	4202	5937	5900	7436
ENSG00000125319	HROB	370	595	408	393	737	719	888
ENSG00000125347	IRF1	188	316	203	229	269	268	335
ENSG00000125351	UPF3B	775	1226	739	693	983	850	1094
ENSG00000125352	RNF113A	521	939	557	545	1092	1036	1408
ENSG00000125354	SEPTIN6	1394	2353	1364	1335	1646	1614	1822
ENSG00000125355	TMEM255A	294	545	275	272	426	438	518
ENSG00000125356	NDUFA1	1181	1964	1320	1194	1646	1624	2098
ENSG00000125375	DMAC2L	270	423	245	258	377	315	385
ENSG00000125378	BMP4	171	270	198	166	315	287	443
ENSG00000125384	PTGER2	2	0	0	3	0	1	0
ENSG00000125386	FAM193A	781	1262	716	850	932	912	1055
ENSG00000125388	GRK4	239	430	248	268	320	255	339
ENSG00000125398	SOX9	1	3	0	0	1	0	0
ENSG00000125409	TEKT3	10	17	13	22	19	25	19
ENSG00000125414	MYH2	12	18	7	6	10	13	11
ENSG00000125430	HS3ST3B1	33	76	30	34	27	39	43
ENSG00000125434	SLC25A35	686	1156	650	630	742	861	945
ENSG00000125445	MRPS7	1408	2310	1495	1434	1986	1888	2438
ENSG00000125447	GGA3	666	1098	725	720	963	1062	1154
ENSG00000125449	ARMC7	232	436	295	262	379	341	410
ENSG00000125450	NUP85	1025	1745	1052	1018	1444	1459	1701
ENSG00000125454	SLC25A19	315	592	341	370	587	506	716
ENSG00000125457	MIF4GD	531	920	545	528	728	760	945
ENSG00000125458	NT5C	777	1338	837	848	1004	964	1258
ENSG00000125459	MSTO1	1061	1590	1102	1085	1376	1495	1810
ENSG00000125482	TTF1	1733	2987	1938	1747	2049	1949	2344
ENSG00000125484	GTF3C4	2567	4089	2439	2611	3765	3524	4730
ENSG00000125485	DDX31	783	1364	796	833	1228	1224	1630
ENSG00000125492	BARHL1	1	1	1	1	0	0	2
ENSG00000125503	PPP1R12C	1795	3016	1797	1761	2179	1531	2411
ENSG00000125505	MBOAT7	1854	3388	2128	2133	2312	2446	2921
ENSG00000125508	SRMS	10	18	9	7	6	9	8
ENSG00000125510	OPRL1	75	161	96	88	100	92	88
ENSG00000125520	SLC2A4RG	552	902	646	597	836	846	1039
ENSG00000125531	FNDC11	0	0	2	2	0	0	0
ENSG00000125534	PPDPF	2761	5173	3098	3106	4324	4796	5211
ENSG00000125538	IL1B	9	28	10	9	13	11	10
ENSG00000125551	PLGLB2	70	99	44	29	43	38	57
ENSG00000125571	IL37	18	30	19	23	23	15	10
ENSG00000125611	CHCHD5	305	481	320	318	348	339	356
ENSG00000125618	PAX8	6	6	7	8	6	6	7
ENSG00000125629	INSIG2	128	234	134	116	203	150	198
ENSG00000125630	POLR1B	2526	4347	2384	2475	3080	2942	3654
ENSG00000125633	CCDC93	568	927	508	569	723	740	949
ENSG00000125637	PSD4	127	242	116	101	122	116	111
ENSG00000125648	SLC25A23	672	1054	609	621	850	782	825
ENSG00000125650	PSPN	79	160	102	83	120	121	131
ENSG00000125651	GTF2F1	4130	6782	4398	4190	6655	5869	8412
ENSG00000125652	ALKBH7	576	1088	669	631	772	717	892
ENSG00000125656	CLPP	1740	3212	2068	1811	2711	2540	3210
ENSG00000125657	TNFSF9	213	307	227	222	275	273	303
ENSG00000125675	GRIA3	0	1	0	0	0	0	0
ENSG00000125676	THOC2	4245	6901	4188	4108	6382	5861	7543
ENSG00000125686	MED1	2777	4279	2522	2847	3815	3798	4931
ENSG00000125691	RPL23	17561	29124	17878	15913	20984	21240	25807
ENSG00000125703	ATG4C	529	956	545	532	624	560	714
ENSG00000125726	CD70	1207	2112	1351	1189	1579	1549	1838
ENSG00000125730	C3	36	58	23	25	27	30	41
ENSG00000125731	SH2D3A	12	28	10	10	13	10	14
ENSG00000125733	TRIP10	1354	2408	1424	1383	1488	1412	1733
ENSG00000125734	GPR108	1632	2945	1752	1733	2012	1966	2124
ENSG00000125735	TNFSF14	7	14	6	7	11	7	8
ENSG00000125740	FOSB	309	526	292	326	394	384	613
ENSG00000125741	OPA3	1447	2337	1480	1542	1597	1485	1655
ENSG00000125743	SNRPD2	5563	9468	6411	5726	7003	7078	9046
ENSG00000125744	RTN2	728	1311	772	765	893	803	906
ENSG00000125746	EML2	1522	2655	1608	1498	1548	1393	1648
ENSG00000125753	VASP	1847	3122	2143	2091	2985	2880	3991
ENSG00000125755	SYMPK	4510	7966	4811	4627	5883	5136	6795
ENSG00000125772	GPCPD1	409	673	413	443	604	578	661
ENSG00000125775	SDCBP2	24	83	30	32	15	13	19
ENSG00000125779	PANK2	1016	1666	982	944	1495	1404	1753
ENSG00000125787	GNRH2	4	5	7	3	5	4	5
ENSG00000125810	CD93	0	2	0	0	0	1	0
ENSG00000125812	GZF1	655	1214	652	624	984	981	1164
ENSG00000125814	NAPB	285	454	295	262	325	281	385
ENSG00000125816	NKX2-4	56	136	79	79	84	52	89
ENSG00000125817	CENPB	5318	9035	5693	5675	8036	5939	9710
ENSG00000125818	PSMF1	1835	2747	1778	1787	2862	2932	3380
ENSG00000125820	NKX2-2	80	128	79	65	67	68	81
ENSG00000125821	DTD1	658	1178	706	697	824	755	1070
ENSG00000125823	CSTL1	0	2	0	0	0	0	0
ENSG00000125826	RBCK1	1561	2650	1572	1670	2089	1817	2491
ENSG00000125827	TMX4	2814	4490	2638	2767	3701	3510	4362
ENSG00000125834	STK35	1217	1845	1112	1190	1439	1372	1624
ENSG00000125835	SNRPB	6067	11269	7559	7556	12814	12416	16709
ENSG00000125841	NRSN2	1681	2925	1906	1878	2515	2275	2634
ENSG00000125843	AP5S1	526	848	566	579	940	903	1253
ENSG00000125844	RRBP1	8618	13882	8521	8958	10850	7833	13010
ENSG00000125845	BMP2	892	1555	990	936	1085	1067	1271
ENSG00000125846	ZNF133	432	683	410	407	489	464	528
ENSG00000125848	FLRT3	1572	2512	1591	1506	1297	1304	1912
ENSG00000125850	OVOL2	0	0	0	1	3	0	0
ENSG00000125851	PCSK2	1032	1680	1039	1045	1149	1110	1335
ENSG00000125863	MKKS	688	1077	600	641	625	674	757
ENSG00000125864	BFSP1	469	712	372	419	380	336	337
ENSG00000125868	DSTN	8321	14117	8489	8171	11210	11168	13820
ENSG00000125870	SNRPB2	6629	10729	6596	6232	9574	8599	10984
ENSG00000125871	MGME1	1069	1756	1040	998	1713	1738	2320
ENSG00000125872	LRRN4	0	3	3	2	2	2	4
ENSG00000125875	TBC1D20	848	1380	662	843	902	1124	1368
ENSG00000125877	ITPA	1506	2682	1701	1468	2457	2308	3018
ENSG00000125879	OTOR	0	0	0	0	1	0	0
ENSG00000125885	MCM8	2417	4023	2555	2473	3604	3377	4523
ENSG00000125895	TMEM74B	3	5	1	2	1	2	1
ENSG00000125898	FAM110A	147	317	167	174	240	227	271
ENSG00000125901	MRPS26	1689	2678	1749	1705	2415	2220	3051
ENSG00000125910	S1PR4	44	68	35	38	61	47	58
ENSG00000125912	NCLN	3271	5699	3543	3312	4935	4712	6280
ENSG00000125931	CITED1	476	894	520	408	496	565	543
ENSG00000125944	HNRNPR	7949	13291	8439	8491	12802	11654	16545
ENSG00000125945	ZNF436	791	1343	680	747	817	764	992
ENSG00000125952	MAX	1107	1841	1183	1197	1663	1685	2171
ENSG00000125954	CHURC1-FNTB	3	23	0	14	9	0	0
ENSG00000125962	ARMCX5	250	426	250	249	423	385	525
ENSG00000125965	GDF5	0	0	1	0	0	0	3
ENSG00000125966	MMP24	37	51	34	25	42	27	48
ENSG00000125967	NECAB3	446	906	487	502	593	561	535
ENSG00000125968	ID1	3982	7255	3949	3636	2545	2348	2671
ENSG00000125970	RALY	4518	7788	4940	4798	6593	6224	8030
ENSG00000125971	DYNLRB1	3299	5560	3785	3517	4773	4613	5623
ENSG00000125975	C20orf173	0	0	0	0	0	1	0
ENSG00000125977	EIF2S2	7177	12187	7994	7204	10178	9588	11490
ENSG00000125991	ERGIC3	4979	8630	5336	4972	5797	5508	6547
ENSG00000125995	ROMO1	1217	2122	1469	1447	1753	2062	2527
ENSG00000125998	FAM83C	1	2	0	1	0	0	0
ENSG00000125999	BPIFB1	5	9	5	6	4	8	2
ENSG00000126001	CEP250	2456	4039	2386	2489	3338	3015	3807
ENSG00000126003	PLAGL2	524	799	513	500	677	780	924
ENSG00000126005	MMP24OS	923	1602	983	935	1236	1169	1247
ENSG00000126010	GRPR	17	34	16	12	10	10	16
ENSG00000126012	KDM5C	5409	9056	5579	5501	7340	6767	9397
ENSG00000126016	AMOT	1346	2136	1237	1255	1567	1527	1742
ENSG00000126062	TMEM115	1441	2605	1551	1505	2296	2150	2723
ENSG00000126067	PSMB2	3718	6165	4101	3919	5399	5377	6876
ENSG00000126070	AGO3	902	1342	763	831	1020	904	1166
ENSG00000126088	UROD	1741	3093	1902	1878	2414	2530	2712
ENSG00000126091	ST3GAL3	276	446	250	258	309	274	314
ENSG00000126106	TMEM53	392	625	383	379	456	439	488
ENSG00000126107	HECTD3	1314	2202	1461	1407	1870	1808	2243
ENSG00000126214	KLC1	2483	3982	2328	2401	3105	2799	3946
ENSG00000126215	XRCC3	734	1292	772	840	1194	1188	1552
ENSG00000126216	TUBGCP3	1997	3274	2022	2120	2734	2812	3491
ENSG00000126217	MCF2L	2018	3433	1871	2071	2134	2099	2586
ENSG00000126218	F10	8	12	14	6	9	11	4
ENSG00000126226	PCID2	1832	3235	1915	1723	2299	2173	2798
ENSG00000126231	PROZ	16	39	15	24	21	20	31
ENSG00000126233	SLURP1	0	1	0	0	0	0	0
ENSG00000126243	LRFN3	476	826	501	527	729	727	908
ENSG00000126246	IGFLR1	136	218	138	136	178	123	181
ENSG00000126247	CAPNS1	4758	7966	5191	4747	6320	5842	7247
ENSG00000126249	PDCD2L	280	432	295	286	396	394	511
ENSG00000126251	GPR42	0	1	0	0	0	0	0
ENSG00000126254	RBM42	2452	4389	2993	2810	3512	3253	4152
ENSG00000126259	KIRREL2	4	7	6	0	5	2	10
ENSG00000126261	UBA2	5612	9338	5597	5270	7191	6804	8593
ENSG00000126262	FFAR2	1	0	1	0	0	0	1
ENSG00000126264	HCST	2	7	0	2	6	2	4
ENSG00000126266	FFAR1	7	6	7	8	0	7	6
ENSG00000126267	COX6B1	2832	4850	3218	2928	4284	4405	5089
ENSG00000126351	THRA	1812	3054	1868	1836	2386	2088	2737
ENSG00000126353	CCR7	2	0	1	1	0	0	0
ENSG00000126368	NR1D1	1582	2558	1472	1492	1944	1948	2123
ENSG00000126391	FRMD8	2473	4157	2477	2394	2908	2469	3405
ENSG00000126432	PRDX5	4124	7249	4937	4394	5757	5380	6844
ENSG00000126453	BCL2L12	597	1074	804	722	861	872	1208
ENSG00000126456	IRF3	1276	2205	1416	1421	1676	1556	1988
ENSG00000126457	PRMT1	4764	8280	5312	5053	6247	5849	7644
ENSG00000126458	RRAS	613	1067	644	658	796	785	805
ENSG00000126460	PRRG2	49	83	45	37	55	41	64
ENSG00000126461	SCAF1	3914	6548	4141	4183	6187	4662	7294
ENSG00000126464	PRR12	2487	4052	2469	2570	2913	2572	3561
ENSG00000126500	FLRT1	129	196	127	160	129	129	157
ENSG00000126522	ASL	597	1072	694	673	968	923	1140
ENSG00000126524	SBDS	1701	2826	1688	1708	2659	2563	3378
ENSG00000126549	STATH	0	0	0	0	0	0	2
ENSG00000126550	HTN1	0	3	1	0	3	1	2
ENSG00000126561	STAT5A	1674	2793	1609	1632	1883	1740	1927
ENSG00000126562	WNK4	1736	2902	1868	1869	1591	1556	1889
ENSG00000126581	BECN1	2353	3895	2323	2335	2719	2746	3070
ENSG00000126583	PRKCG	8	16	4	8	6	8	6
ENSG00000126602	TRAP1	4869	8293	5153	4974	6098	5995	7138
ENSG00000126603	GLIS2	462	715	454	437	519	455	504
ENSG00000126653	NSRP1	1902	3035	1906	1777	2502	2211	2689
ENSG00000126698	DNAJC8	2760	4395	2986	2741	4673	4505	5441
ENSG00000126705	AHDC1	948	1570	975	997	1330	1138	1641
ENSG00000126709	IFI6	821	1299	880	849	1226	1170	1367
ENSG00000126733	DACH2	0	1	0	0	0	0	0
ENSG00000126746	ZNF384	2055	3503	1880	2085	2491	2597	3277
ENSG00000126749	EMG1	1330	2425	1437	1519	1849	1732	2491
ENSG00000126752	SSX1	5	10	5	2	6	9	13
ENSG00000126756	UXT	930	1576	1011	934	1209	1170	1472
ENSG00000126759	CFP	3	0	5	0	5	5	3
ENSG00000126767	ELK1	2065	3604	2188	2143	3011	2917	3690
ENSG00000126768	TIMM17B	820	1424	1024	974	1030	1003	1217
ENSG00000126773	PCNX4	817	1342	840	857	1060	1026	1286
ENSG00000126775	ATG14	512	907	479	501	574	513	647
ENSG00000126777	KTN1	6754	10252	6110	5896	7654	7361	8759
ENSG00000126778	SIX1	439	769	503	471	993	1005	1284
ENSG00000126785	RHOJ	382	651	389	396	349	344	431
ENSG00000126787	DLGAP5	1634	2629	1833	1739	2274	2229	2746
ENSG00000126790	L3HYPDH	287	473	289	308	409	408	496
ENSG00000126803	HSPA2	151	232	187	168	336	287	348
ENSG00000126804	ZBTB1	801	1311	717	744	1132	988	1346
ENSG00000126814	TRMT5	483	925	467	500	791	797	986
ENSG00000126821	SGPP1	406	627	358	387	512	505	601
ENSG00000126822	PLEKHG3	696	1100	624	634	790	716	947
ENSG00000126856	PRDM7	24	33	2	11	14	32	18
ENSG00000126858	RHOT1	1163	2061	1146	1183	1346	1374	1776
ENSG00000126860	EVI2A	109	225	122	104	245	261	307
ENSG00000126861	OMG	0	0	0	3	0	0	0
ENSG00000126870	DYNC2I1	919	1486	813	798	1055	952	1040
ENSG00000126878	AIF1L	830	1375	911	937	1188	1097	1513
ENSG00000126882	FAM78A	914	1542	916	928	1205	1154	1405
ENSG00000126883	NUP214	2816	4715	2541	2959	3856	3695	4749
ENSG00000126890	CTAG2	1	0	1	0	2	0	1
ENSG00000126895	AVPR2	15	9	1	0	3	5	9
ENSG00000126903	SLC10A3	592	987	681	633	987	985	1203
ENSG00000126934	MAP2K2	4180	7330	4807	4725	5319	5042	5899
ENSG00000126945	HNRNPH2	2018	3333	2145	2251	2818	2815	3229
ENSG00000126947	ARMCX1	0	1	1	2	0	0	0
ENSG00000126953	TIMM8A	318	535	317	363	636	644	921
ENSG00000126970	ZC4H2	143	242	139	161	209	227	216
ENSG00000127022	CANX	19596	32561	19257	19491	25075	24066	29380
ENSG00000127054	INTS11	2152	3674	2368	2182	3271	3145	3677
ENSG00000127080	IPPK	670	1156	639	672	924	928	1381
ENSG00000127081	ZNF484	228	341	173	212	214	213	292
ENSG00000127083	OMD	2	4	1	3	1	2	2
ENSG00000127084	FGD3	7	22	19	4	32	19	17
ENSG00000127124	HIVEP3	1357	2233	1208	1378	1164	1199	1449
ENSG00000127125	PPCS	747	1195	722	608	765	758	909
ENSG00000127129	EDN2	0	1	0	0	2	0	0
ENSG00000127152	BCL11B	2	0	0	0	0	1	0
ENSG00000127184	COX7C	2792	4723	3060	2681	3761	3580	4198
ENSG00000127191	TRAF2	705	1087	667	654	838	819	1070
ENSG00000127220	ABHD8	896	1513	874	919	1098	1056	1145
ENSG00000127249	ATP13A4	3	6	3	0	2	3	1
ENSG00000127311	HELB	109	177	86	131	149	124	253
ENSG00000127314	RAP1B	3700	6202	3661	3631	6948	6838	8844
ENSG00000127324	TSPAN8	3	0	0	0	2	0	0
ENSG00000127325	BEST3	0	2	4	2	2	2	9
ENSG00000127328	RAB3IP	124	190	112	110	144	160	172
ENSG00000127329	PTPRB	20	33	21	18	23	26	29
ENSG00000127334	DYRK2	2132	3391	1900	1950	2262	2089	2838
ENSG00000127337	YEATS4	692	1277	767	697	1398	1400	1697
ENSG00000127362	TAS2R3	1	2	1	1	0	0	1
ENSG00000127364	TAS2R4	37	56	28	37	43	31	32
ENSG00000127366	TAS2R5	11	29	11	11	21	11	23
ENSG00000127377	CRYGN	0	1	1	0	4	1	0
ENSG00000127412	TRPV5	0	0	2	0	0	0	0
ENSG00000127415	IDUA	318	549	338	213	365	316	432
ENSG00000127418	FGFRL1	3951	6777	4342	4289	4927	4712	6136
ENSG00000127419	TMEM175	680	1219	670	674	1098	1022	1282
ENSG00000127423	AUNIP	278	475	324	337	597	584	844
ENSG00000127445	PIN1	1479	2481	1625	1559	2464	2119	3018
ENSG00000127452	FBXL12	657	1036	613	654	808	747	927
ENSG00000127463	EMC1	2367	4055	2519	2408	2930	2609	3258
ENSG00000127472	PLA2G5	0	3	0	0	0	0	0
ENSG00000127481	UBR4	10916	16579	8763	10682	11784	11227	13736
ENSG00000127483	HP1BP3	6135	9892	5787	5824	7513	6934	8503
ENSG00000127507	ADGRE2	48	73	19	35	40	39	61
ENSG00000127511	SIN3B	2153	3686	2072	2138	2784	2725	3375
ENSG00000127526	SLC35E1	2167	3256	2010	1910	2488	2393	2925
ENSG00000127527	EPS15L1	1183	2096	1274	1079	1587	1646	2114
ENSG00000127528	KLF2	96	154	94	97	181	148	216
ENSG00000127530	OR7C1	0	5	1	0	7	6	3
ENSG00000127533	F2RL3	1	0	2	0	0	0	0
ENSG00000127540	UQCR11	1281	2141	1394	1377	1776	1952	2546
ENSG00000127554	GFER	643	1147	705	673	845	678	971
ENSG00000127561	SYNGR3	8	32	19	24	18	22	22
ENSG00000127564	PKMYT1	775	1257	900	883	2102	1923	2718
ENSG00000127580	WDR24	984	1523	929	953	1174	1120	1166
ENSG00000127585	FBXL16	5	2	0	3	6	1	6
ENSG00000127586	CHTF18	1067	1735	1087	1102	1661	1524	2026
ENSG00000127588	GNG13	1	1	2	0	2	0	1
ENSG00000127603	MACF1	5328	7917	3874	5149	6262	6335	8459
ENSG00000127616	SMARCA4	9848	16562	10008	10346	13451	13142	16103
ENSG00000127663	KDM4B	1128	1797	1013	1043	1314	1157	1436
ENSG00000127666	TICAM1	604	1001	593	651	788	696	797
ENSG00000127720	METTL25	15	73	26	32	60	67	80
ENSG00000127743	IL17B	5	1	3	4	2	5	4
ENSG00000127774	EMC6	642	1088	704	637	1055	1104	1420
ENSG00000127804	METTL16	1432	2530	1525	1488	2113	1962	2689
ENSG00000127824	TUBA4A	2	3	2	4	3	3	2
ENSG00000127831	VIL1	1	0	0	0	3	0	0
ENSG00000127837	AAMP	1652	2818	1734	1681	2669	2460	3211
ENSG00000127838	PNKD	715	1133	818	718	857	827	1089
ENSG00000127863	TNFRSF19	2574	4343	2395	2489	3274	3180	3787
ENSG00000127870	RNF6	1320	2223	1288	1269	1571	1524	1868
ENSG00000127884	ECHS1	2482	4428	2797	2693	3952	3779	4883
ENSG00000127903	ZNF835	4	12	3	5	5	5	4
ENSG00000127914	AKAP9	3310	5106	2645	2946	3969	3936	4253
ENSG00000127920	GNG11	417	710	502	431	884	869	1174
ENSG00000127922	SEM1	1659	2839	1902	1614	2342	2291	3116
ENSG00000127928	GNGT1	12	13	8	4	17	11	13
ENSG00000127946	HIP1	4414	6909	3777	4250	5557	5197	6336
ENSG00000127947	PTPN12	5809	9786	5742	5848	6013	5713	7190
ENSG00000127948	POR	1020	1916	1055	1141	1352	1294	1570
ENSG00000127951	FGL2	410	677	407	445	509	495	569
ENSG00000127952	STYXL1	391	650	358	419	716	696	852
ENSG00000127954	STEAP4	47	60	36	31	58	35	57
ENSG00000127955	GNAI1	144	325	198	192	243	206	342
ENSG00000127980	PEX1	722	1184	677	666	916	873	1013
ENSG00000127989	MTERF1	577	892	513	564	983	921	1249
ENSG00000127990	SGCE	1008	1804	1005	934	1285	1342	1521
ENSG00000127993	RBM48	642	1049	569	623	954	915	1151
ENSG00000127995	CASD1	340	544	299	308	379	388	515
ENSG00000128000	ZNF780B	587	848	469	526	675	578	780
ENSG00000128011	LRFN1	537	920	598	574	886	750	1040
ENSG00000128016	ZFP36	1289	2176	1209	1218	1261	1340	1515
ENSG00000128039	SRD5A3	249	474	276	304	356	379	466
ENSG00000128040	SPINK2	0	0	0	0	1	5	3
ENSG00000128045	RASL11B	1	0	0	0	0	0	0
ENSG00000128050	PAICS	9076	15289	9497	9124	11888	11576	14522
ENSG00000128052	KDR	1402	2092	1410	1301	2405	2534	3304
ENSG00000128059	PPAT	1695	2798	1585	1657	2679	2544	3291
ENSG00000128159	TUBGCP6	726	990	585	539	779	819	1020
ENSG00000128165	ADM2	42	78	56	51	67	65	46
ENSG00000128185	DGCR6L	535	986	608	591	841	793	960
ENSG00000128191	DGCR8	391	692	467	463	819	779	1161
ENSG00000128203	ASPHD2	147	251	151	142	205	182	198
ENSG00000128218	VPREB3	2	1	3	1	2	0	3
ENSG00000128228	SDF2L1	619	1035	786	691	962	876	1188
ENSG00000128242	GAL3ST1	1	0	1	0	2	2	1
ENSG00000128245	YWHAH	1037	1661	1174	1021	1933	1932	2531
ENSG00000128250	RFPL1	2	2	0	0	0	0	0
ENSG00000128253	RFPL2	17	10	17	7	13	9	17
ENSG00000128266	GNAZ	108	184	134	131	178	169	238
ENSG00000128268	MGAT3	36	59	41	28	30	33	34
ENSG00000128271	ADORA2A	18	20	23	0	22	0	25
ENSG00000128272	ATF4	6529	11264	7131	6662	8932	8933	9861
ENSG00000128274	A4GALT	758	1298	745	758	804	641	931
ENSG00000128276	RFPL3	0	0	0	1	0	0	1
ENSG00000128283	CDC42EP1	533	900	610	625	723	634	820
ENSG00000128284	APOL3	54	87	69	34	35	13	42
ENSG00000128285	MCHR1	0	0	1	0	0	1	0
ENSG00000128294	TPST2	328	474	350	318	404	375	529
ENSG00000128298	BAIAP2L2	836	1463	958	903	1464	1350	1700
ENSG00000128309	MPST	740	1253	809	771	997	948	1079
ENSG00000128310	GALR3	1	2	1	1	3	1	3
ENSG00000128311	TST	314	548	336	314	498	457	554
ENSG00000128322	IGLL1	0	1	0	0	0	0	0
ENSG00000128335	APOL2	407	669	444	395	752	766	1008
ENSG00000128340	RAC2	2	0	4	0	3	3	6
ENSG00000128342	LIF	1860	2931	1480	1569	1486	1409	1688
ENSG00000128346	C22orf23	85	126	65	85	93	104	91
ENSG00000128383	APOBEC3A	19	35	14	18	24	14	24
ENSG00000128394	APOBEC3F	313	536	347	277	308	327	340
ENSG00000128463	EMC4	2039	3314	2223	2001	3336	3170	4082
ENSG00000128482	RNF112	6	17	5	5	10	2	6
ENSG00000128487	SPECC1	386	1002	494	508	581	477	748
ENSG00000128510	CPA4	0	0	3	3	2	2	6
ENSG00000128512	DOCK4	2379	4060	2292	2507	2856	2789	3491
ENSG00000128513	POT1	700	1357	673	673	1024	1031	1144
ENSG00000128524	ATP6V1F	2240	3797	2422	2234	3342	3283	4048
ENSG00000128534	LSM8	1024	1815	1045	1054	1280	1178	1517
ENSG00000128536	CDHR3	5	13	5	9	6	9	15
ENSG00000128563	PRKRIP1	663	1137	611	680	896	784	1035
ENSG00000128564	VGF	3840	6732	3272	3054	7024	4408	6845
ENSG00000128567	PODXL	1369	2325	1553	1659	1109	1155	1324
ENSG00000128573	FOXP2	0	6	9	1	5	0	6
ENSG00000128578	STRIP2	741	1139	646	662	769	733	816
ENSG00000128581	IFT22	184	343	243	163	355	309	404
ENSG00000128585	MKLN1	1669	2706	1467	1627	1872	1764	2032
ENSG00000128590	DNAJB9	459	679	431	373	644	531	642
ENSG00000128591	FLNC	1	4	8	3	3	3	3
ENSG00000128594	LRRC4	2	8	2	4	1	2	1
ENSG00000128595	CALU	14461	23925	14023	14036	20407	19917	23885
ENSG00000128596	CCDC136	451	706	402	434	589	531	675
ENSG00000128602	SMO	999	1681	1071	1085	1312	1053	1413
ENSG00000128604	IRF5	32	88	48	55	54	68	78
ENSG00000128606	LRRC17	34	62	35	29	29	34	40
ENSG00000128607	KLHDC10	1534	2502	1427	1497	1655	1524	1920
ENSG00000128609	NDUFA5	1338	2387	1489	1277	2262	2057	2580
ENSG00000128617	OPN1SW	0	1	2	2	0	2	0
ENSG00000128626	MRPS12	1090	1870	1240	1144	1872	1734	2207
ENSG00000128641	MYO1B	1128	1837	1108	1123	1765	1738	2101
ENSG00000128645	HOXD1	38	45	22	33	49	34	34
ENSG00000128652	HOXD3	44	77	45	40	48	52	69
ENSG00000128654	MTX2	376	647	385	386	471	484	544
ENSG00000128655	PDE11A	1	4	4	2	1	1	4
ENSG00000128656	CHN1	2046	3411	2021	2011	1974	1933	2286
ENSG00000128683	GAD1	212	397	201	218	274	286	289
ENSG00000128694	OSGEPL1	349	580	319	306	403	458	462
ENSG00000128699	ORMDL1	651	1034	529	590	856	792	1033
ENSG00000128708	HAT1	1423	2247	1599	1507	2426	2266	3014
ENSG00000128709	HOXD9	482	717	427	429	607	569	684
ENSG00000128710	HOXD10	126	225	135	108	188	196	200
ENSG00000128713	HOXD11	23	64	36	36	49	48	57
ENSG00000128714	HOXD13	489	897	624	546	681	666	852
ENSG00000128731	HERC2	3635	5788	3117	3672	4312	3917	5176
ENSG00000128739	SNRPN	2454	4223	2669	2527	3375	3339	3941
ENSG00000128789	PSMG2	765	1384	818	783	1098	1134	1274
ENSG00000128791	TWSG1	762	1267	771	731	861	830	1019
ENSG00000128805	ARHGAP22	24	67	30	57	54	67	79
ENSG00000128829	EIF2AK4	4350	7279	4181	4591	5045	4853	5629
ENSG00000128833	MYO5C	62	94	41	88	80	85	115
ENSG00000128849	CGNL1	6	11	14	5	8	11	12
ENSG00000128872	TMOD2	647	1032	578	645	838	847	1026
ENSG00000128881	TTBK2	1093	1742	890	918	975	948	1097
ENSG00000128886	ELL3	9	26	14	10	26	33	21
ENSG00000128891	CCDC32	333	551	374	358	464	408	540
ENSG00000128908	INO80	1264	1951	1074	1187	1450	1521	1810
ENSG00000128915	ICE2	582	1183	660	767	804	1009	1305
ENSG00000128917	DLL4	58	92	59	56	109	89	122
ENSG00000128918	ALDH1A2	1	6	0	0	0	0	0
ENSG00000128923	MINDY2	1330	2095	1252	1167	1465	1340	1628
ENSG00000128928	IVD	2014	3343	1968	2010	2576	2393	2888
ENSG00000128944	KNSTRN	1557	2454	1566	1506	2400	2526	3109
ENSG00000128951	DUT	2967	5079	3149	2957	4494	4195	5089
ENSG00000128965	CHAC1	359	608	307	325	571	507	539
ENSG00000128973	CLN6	987	1552	964	992	1410	1374	2001
ENSG00000128989	ARPP19	4022	6714	3827	3836	6019	5726	6911
ENSG00000129003	VPS13C	1609	2475	1269	1484	1735	1759	2060
ENSG00000129007	CALML4	46	71	37	23	36	38	62
ENSG00000129009	ISLR	174	264	125	137	87	68	91
ENSG00000129028	THAP10	117	200	118	118	265	205	258
ENSG00000129048	ACKR4	16	37	19	11	18	17	24
ENSG00000129055	ANAPC13	1139	1925	1246	1042	1568	1590	1915
ENSG00000129071	MBD4	1249	2237	1218	1218	1507	1385	1764
ENSG00000129083	COPB1	4323	7267	4371	4258	5435	5391	6600
ENSG00000129084	PSMA1	2702	4623	2777	2627	3163	3120	3808
ENSG00000129103	SUMF2	6290	10707	6664	6662	9860	9620	11340
ENSG00000129116	PALLD	530	1035	523	740	864	787	922
ENSG00000129128	SPCS3	2805	4782	2786	2700	3494	3337	4057
ENSG00000129151	BBOX1	2	0	0	0	0	0	0
ENSG00000129158	SERGEF	421	720	459	380	372	378	405
ENSG00000129159	KCNC1	18	35	16	25	20	22	42
ENSG00000129167	TPH1	46	59	51	39	58	49	63
ENSG00000129173	E2F8	231	425	212	217	408	439	656
ENSG00000129187	DCTD	2788	4823	2931	2752	4085	4067	4961
ENSG00000129194	SOX15	15	29	20	32	26	17	30
ENSG00000129195	PIMREG	380	643	493	421	710	681	906
ENSG00000129197	RPAIN	754	1209	706	629	949	944	1195
ENSG00000129204	USP6	45	45	31	33	47	53	59
ENSG00000129214	SHBG	3	7	9	10	6	8	14
ENSG00000129219	PLD2	785	1251	719	743	721	747	922
ENSG00000129221	AIPL1	6	15	8	5	21	6	8
ENSG00000129226	CD68	1761	3157	1760	1774	2538	2580	2732
ENSG00000129235	TXNDC17	434	711	490	453	706	704	986
ENSG00000129244	ATP1B2	194	342	176	187	152	135	119
ENSG00000129245	FXR2	2064	3323	2036	2091	2609	2147	3227
ENSG00000129250	KIF1C	3487	5787	3569	3636	4518	4121	5495
ENSG00000129255	MPDU1	1533	2664	1608	1628	2427	2607	3042
ENSG00000129292	PHF20L1	1030	1570	897	885	1203	1305	1543
ENSG00000129295	DNAAF11	2	3	4	3	3	7	8
ENSG00000129315	CCNT1	2808	4651	2725	2829	3686	3460	4420
ENSG00000129317	PUS7L	845	1161	680	729	1108	957	1250
ENSG00000129347	KRI1	1952	3505	2156	1963	3137	2910	4043
ENSG00000129351	ILF3	14633	24440	15396	15923	22602	20969	28017
ENSG00000129353	SLC44A2	3630	5951	3641	3710	4127	4046	4610
ENSG00000129354	AP1M2	34	52	47	36	40	41	57
ENSG00000129355	CDKN2D	271	470	317	295	491	434	642
ENSG00000129422	MTUS1	1625	2656	1481	1570	1607	1621	1933
ENSG00000129437	KLK14	3	6	3	8	7	12	21
ENSG00000129450	SIGLEC9	5	8	4	4	3	4	6
ENSG00000129460	NGDN	559	992	604	603	1035	1019	1391
ENSG00000129467	ADCY4	0	0	0	0	1	0	0
ENSG00000129472	RAB2B	430	764	421	400	444	447	517
ENSG00000129473	BCL2L2	1519	2587	1358	1362	1621	1203	1981
ENSG00000129474	AJUBA	225	388	238	235	257	150	316
ENSG00000129480	DTD2	305	502	276	288	350	301	373
ENSG00000129484	PARP2	959	1597	1019	1022	1344	1330	1694
ENSG00000129493	HEATR5A	1383	2234	1285	1349	1780	1766	2077
ENSG00000129514	FOXA1	6	15	5	3	6	11	15
ENSG00000129515	SNX6	1378	2103	1254	1229	1801	1706	2132
ENSG00000129518	EAPP	770	1240	736	767	1036	1017	1198
ENSG00000129521	EGLN3	8	11	8	11	8	5	8
ENSG00000129534	MIS18BP1	1065	1535	927	990	1380	1248	1596
ENSG00000129535	NRL	19	31	28	28	28	35	35
ENSG00000129538	RNASE1	1	0	0	0	0	0	1
ENSG00000129559	NEDD8	1717	2966	1947	1729	2593	2490	3346
ENSG00000129562	DAD1	1591	2854	1860	1761	3049	3053	3936
ENSG00000129566	TEP1	989	1886	1108	1022	1366	1125	1344
ENSG00000129595	EPB41L4A	27	45	14	21	32	32	43
ENSG00000129596	CDO1	20	51	41	23	39	53	63
ENSG00000129625	REEP5	1603	2678	1675	1570	2149	2173	2569
ENSG00000129636	ITFG1	1735	2813	1704	1671	1909	1980	2459
ENSG00000129646	QRICH2	9	20	14	9	16	19	9
ENSG00000129654	FOXJ1	0	0	1	0	3	1	1
ENSG00000129657	SEC14L1	2148	3571	2195	2239	2653	2374	3239
ENSG00000129667	RHBDF2	290	526	315	346	489	421	531
ENSG00000129673	AANAT	1	3	0	2	4	2	4
ENSG00000129675	ARHGEF6	1730	2763	1630	1625	1706	1788	1900
ENSG00000129680	MAP7D3	1610	2597	1603	1562	2060	2046	2446
ENSG00000129682	FGF13	557	891	592	561	641	601	707
ENSG00000129691	ASH2L	1845	3121	1958	1887	2642	2521	3252
ENSG00000129696	TTI2	391	589	398	389	679	706	845
ENSG00000129749	CHRNA10	4	11	4	9	14	6	6
ENSG00000129757	CDKN1C	189	315	215	188	230	213	274
ENSG00000129810	SGO1	601	957	621	592	952	867	1271
ENSG00000129910	CDH15	26	43	28	18	18	23	17
ENSG00000129911	KLF16	468	816	486	507	674	498	797
ENSG00000129925	PGAP6	2181	3679	2179	2194	3237	2768	3628
ENSG00000129932	DOHH	529	924	654	606	1093	623	1408
ENSG00000129933	MAU2	2531	4299	2485	2516	3186	2945	3619
ENSG00000129946	SHC2	96	152	73	61	66	51	69
ENSG00000129951	PLPPR3	4	12	3	9	11	10	9
ENSG00000129968	ABHD17A	1406	2486	1639	1622	1937	1129	2230
ENSG00000129988	LBP	2	1	0	2	1	2	1
ENSG00000129990	SYT5	44	67	42	38	54	53	59
ENSG00000129993	CBFA2T3	0	0	0	0	3	0	0
ENSG00000130005	GAMT	745	1297	865	799	1041	1012	1197
ENSG00000130023	ERMARD	296	550	283	334	362	415	438
ENSG00000130024	PHF10	1545	2366	1462	1384	2176	1932	2623
ENSG00000130032	PRRG3	0	0	0	0	1	2	1
ENSG00000130035	GALNT8	0	0	0	0	2	0	2
ENSG00000130038	CRACR2A	270	416	248	298	328	340	476
ENSG00000130045	NXNL2	0	0	0	2	2	0	0
ENSG00000130052	STARD8	34	67	31	49	49	54	38
ENSG00000130054	NALF2	0	0	0	0	0	0	1
ENSG00000130055	GDPD2	0	3	0	1	2	5	1
ENSG00000130066	SAT1	1532	2618	1283	1220	1104	1149	1082
ENSG00000130119	GNL3L	1427	2507	1431	1522	2054	1728	2517
ENSG00000130147	SH3BP4	822	1454	962	974	986	972	1179
ENSG00000130150	MOSPD2	2743	4608	2516	2501	2756	2668	2868
ENSG00000130158	DOCK6	1027	1676	1048	1073	1010	977	1128
ENSG00000130159	ECSIT	1602	2852	1854	1782	2003	2039	2424
ENSG00000130164	LDLR	7610	12955	7719	7730	8877	8831	10987
ENSG00000130165	ELOF1	2402	4040	2545	2480	2853	2885	3473
ENSG00000130167	TSPAN16	1	1	0	3	4	1	0
ENSG00000130173	ANGPTL8	1	0	1	0	0	2	0
ENSG00000130175	PRKCSH	23447	39562	24264	23739	32950	31303	39163
ENSG00000130176	CNN1	1	5	2	2	2	5	2
ENSG00000130177	CDC16	1434	2512	1484	1411	2051	1986	2461
ENSG00000130182	ZSCAN10	0	1	0	0	1	1	3
ENSG00000130193	THEM6	444	865	576	526	939	922	1299
ENSG00000130202	NECTIN2	1568	2858	1594	1654	1838	1785	2210
ENSG00000130203	APOE	104	199	84	80	118	103	81
ENSG00000130204	TOMM40	2782	4679	3166	3131	4539	4331	5654
ENSG00000130208	APOC1	87	173	88	81	102	111	96
ENSG00000130222	GADD45G	0	0	1	0	1	0	1
ENSG00000130224	LRCH2	339	555	305	292	435	407	527
ENSG00000130226	DPP6	1	0	0	0	0	0	0
ENSG00000130227	XPO7	3082	5092	2981	3029	3527	3592	4189
ENSG00000130234	ACE2	0	1	0	0	1	0	3
ENSG00000130244	FAM98C	233	379	262	257	422	293	499
ENSG00000130254	SAFB2	2668	4422	2724	2745	3854	2941	4716
ENSG00000130255	RPL36	6965	12384	7803	7260	9389	9420	11418
ENSG00000130270	ATP8B3	61	127	47	103	13	65	36
ENSG00000130283	GDF1	513	882	552	526	581	556	553
ENSG00000130287	NCAN	1	4	1	1	3	0	1
ENSG00000130294	KIF1A	19	29	16	2	23	0	26
ENSG00000130299	GTPBP3	978	1703	1101	1072	1370	1220	1582
ENSG00000130303	BST2	34	67	25	34	28	22	30
ENSG00000130304	SLC27A1	1842	3079	1822	1763	1926	1756	1912
ENSG00000130305	NSUN5	1208	2006	1371	1357	2068	2040	2745
ENSG00000130307	USHBP1	4	6	5	5	10	9	6
ENSG00000130309	COLGALT1	7468	12717	8445	8407	10569	9912	12331
ENSG00000130311	DDA1	1287	2212	1373	1338	1931	2038	2454
ENSG00000130312	MRPL34	1492	2487	1701	1511	2154	2195	2703
ENSG00000130313	PGLS	1204	2208	1443	1424	1667	1634	1926
ENSG00000130332	LSM7	1023	1725	1192	1110	1527	1463	1764
ENSG00000130338	TULP4	1162	1732	993	1009	1326	1306	1579
ENSG00000130340	SNX9	2553	4054	2460	2252	2647	2813	2913
ENSG00000130347	RTN4IP1	210	386	244	255	306	319	392
ENSG00000130348	QRSL1	581	937	583	516	657	638	742
ENSG00000130349	MTRES1	163	310	179	159	307	305	381
ENSG00000130363	RSPH3	571	952	520	566	652	633	667
ENSG00000130368	MAS1	23	39	20	15	23	22	36
ENSG00000130377	ACSBG2	0	0	0	0	2	0	1
ENSG00000130382	MLLT1	6372	10919	6553	6744	7259	6776	8794
ENSG00000130396	AFDN	1317	2083	1237	1250	1526	1378	1795
ENSG00000130402	ACTN4	26443	43838	26848	26558	32852	31515	37929
ENSG00000130413	STK33	1	0	1	1	0	0	0
ENSG00000130414	NDUFA10	711	1188	763	679	1057	972	1271
ENSG00000130427	EPO	0	3	1	2	0	3	2
ENSG00000130429	ARPC1B	6604	11338	7488	6750	8867	8188	9983
ENSG00000130433	CACNG6	81	143	95	80	60	54	64
ENSG00000130449	ZSWIM6	2440	3794	2091	2247	2773	2602	3069
ENSG00000130475	FCHO1	12	28	0	11	0	26	19
ENSG00000130477	UNC13A	117	218	89	99	127	101	113
ENSG00000130479	MAP1S	1541	2690	1720	1583	2215	2334	2838
ENSG00000130508	PXDN	15738	25673	15352	16277	19185	18488	23459
ENSG00000130511	SSBP4	3126	5353	3276	3404	4113	3527	4726
ENSG00000130513	GDF15	1258	2174	1402	1287	2282	2111	2516
ENSG00000130517	PGPEP1	1537	2458	1423	1500	2189	1691	2251
ENSG00000130518	IQCN	9	5	8	7	7	14	8
ENSG00000130520	LSM4	3792	6488	4287	4154	6456	6311	8181
ENSG00000130522	JUND	1816	3073	1893	1982	2503	2179	2757
ENSG00000130528	HRC	2	2	2	0	0	0	0
ENSG00000130529	TRPM4	1001	1685	976	985	1051	768	1121
ENSG00000130544	ZNF557	343	599	311	331	478	475	539
ENSG00000130545	CRB3	0	0	0	1	1	0	0
ENSG00000130558	OLFM1	0	0	0	0	0	0	1
ENSG00000130559	CAMSAP1	1096	1750	1054	1152	1441	1457	1703
ENSG00000130560	UBAC1	1125	1823	1128	1072	1300	1344	1721
ENSG00000130584	ZBTB46	116	178	103	88	95	75	108
ENSG00000130589	HELZ2	1819	2870	1759	1804	1986	1773	2278
ENSG00000130590	SAMD10	80	138	70	73	134	85	140
ENSG00000130592	LSP1	6	10	3	4	6	2	5
ENSG00000130635	COL5A1	384	562	322	343	333	233	405
ENSG00000130638	ATXN10	2000	3403	2014	1997	2250	2403	2679
ENSG00000130640	TUBGCP2	1113	2067	1237	1125	1657	1506	1919
ENSG00000130643	CALY	1	1	0	1	4	0	1
ENSG00000130649	CYP2E1	78	117	53	52	92	89	90
ENSG00000130653	PNPLA7	335	506	218	266	292	237	304
ENSG00000130656	HBZ	4	4	4	0	0	3	2
ENSG00000130669	PAK4	3218	5265	3514	3560	5542	5123	6909
ENSG00000130675	MNX1	118	191	147	135	148	133	164
ENSG00000130684	ZNF337	780	1177	747	658	900	860	982
ENSG00000130695	CEP85	1032	1617	952	1078	1415	1393	1591
ENSG00000130699	TAF4	837	1342	829	740	927	1014	1276
ENSG00000130700	GATA5	0	0	0	1	2	0	0
ENSG00000130701	RBBP8NL	0	1	0	0	1	0	1
ENSG00000130702	LAMA5	1663	2602	1252	1528	1504	1357	1424
ENSG00000130703	OSBPL2	964	1477	904	818	1099	1000	1147
ENSG00000130706	ADRM1	3922	6678	4404	4185	5244	5150	6538
ENSG00000130707	ASS1	3	8	6	2	5	3	10
ENSG00000130711	PRDM12	9	14	7	10	17	13	18
ENSG00000130713	EXOSC2	1010	1930	1168	1068	1413	1497	1894
ENSG00000130714	POMT1	272	485	341	359	327	367	423
ENSG00000130717	UCK1	1233	2117	1299	1146	1462	1346	1672
ENSG00000130720	FIBCD1	2	6	5	2	4	3	2
ENSG00000130724	CHMP2A	3511	5963	3554	3416	4641	4519	5094
ENSG00000130725	UBE2M	4972	8741	5560	5639	8363	5703	9780
ENSG00000130726	TRIM28	10788	19390	13050	12605	21944	20062	24827
ENSG00000130731	METTL26	1225	2109	1317	1225	1598	1566	1855
ENSG00000130733	YIPF2	2537	4200	2664	2607	3063	2855	3410
ENSG00000130734	ATG4D	575	1010	633	627	830	894	943
ENSG00000130741	EIF2S3	12351	21008	12267	11990	15681	15034	17714
ENSG00000130748	TMEM160	468	863	623	543	707	722	893
ENSG00000130749	ZC3H4	1578	2648	1545	1615	1772	1506	2024
ENSG00000130751	NPAS1	1463	2459	1271	1286	1206	1217	1339
ENSG00000130755	GMFG	24	44	22	25	41	26	15
ENSG00000130758	MAP3K10	1032	1749	978	1062	1182	1004	1237
ENSG00000130762	ARHGEF16	9	24	22	21	29	40	46
ENSG00000130764	LRRC47	2160	3541	2307	2249	2874	2605	3296
ENSG00000130766	SESN2	506	861	493	494	603	637	719
ENSG00000130768	SMPDL3B	0	5	0	1	0	2	1
ENSG00000130770	ATP5IF1	1769	3163	1925	1932	2848	2941	3516
ENSG00000130772	MED18	632	1126	717	675	1833	1665	2403
ENSG00000130775	THEMIS2	217	390	246	212	302	314	380
ENSG00000130779	CLIP1	2457	3931	2302	2283	3154	2974	3593
ENSG00000130783	CCDC62	7	24	4	12	6	3	10
ENSG00000130787	HIP1R	747	1285	755	785	1004	890	1240
ENSG00000130803	ZNF317	972	1628	1040	994	1507	1562	2042
ENSG00000130810	PPAN	1922	3129	2064	1944	2599	1955	3096
ENSG00000130811	EIF3G	5742	10072	6322	5959	8468	8298	10107
ENSG00000130812	ANGPTL6	30	27	27	25	38	37	44
ENSG00000130813	SHFL	557	965	630	557	601	572	720
ENSG00000130816	DNMT1	6161	9603	6641	6585	8914	9004	11497
ENSG00000130818	ZNF426	681	1077	600	615	893	764	1022
ENSG00000130821	SLC6A8	3373	5538	3220	3386	4090	3938	4531
ENSG00000130822	PNCK	28	45	29	32	34	36	37
ENSG00000130826	DKC1	3565	5984	3734	3538	6334	6117	8007
ENSG00000130827	PLXNA3	574	966	514	573	755	705	874
ENSG00000130829	DUSP9	414	679	424	422	515	382	526
ENSG00000130830	MPP1	583	983	628	624	787	854	999
ENSG00000130844	ZNF331	491	759	420	512	702	704	896
ENSG00000130856	ZNF236	601	862	483	518	587	586	707
ENSG00000130876	SLC7A10	0	3	0	1	0	0	2
ENSG00000130881	LRP3	1072	2041	1294	1237	1569	1661	1872
ENSG00000130921	MTRFR	1218	1915	1219	1229	1766	1535	1990
ENSG00000130935	NOL11	1243	2042	1215	1386	1766	1784	2613
ENSG00000130939	UBE4B	3053	4935	2950	3201	3879	3787	4600
ENSG00000130940	CASZ1	57	64	35	42	87	73	108
ENSG00000130943	PKDREJ	6	5	4	2	10	4	9
ENSG00000130948	HSD17B3	12	44	10	3	21	24	17
ENSG00000130950	NUTM2F	0	1	0	0	0	0	0
ENSG00000130956	HABP4	654	1062	705	621	731	683	949
ENSG00000130957	FBP2	12	16	12	12	10	12	20
ENSG00000130958	SLC35D2	622	1156	687	623	696	657	764
ENSG00000130962	PRRG1	457	815	474	486	559	562	654
ENSG00000130985	UBA1	16389	27825	17184	17148	21156	20239	25599
ENSG00000130997	POLN	0	2	2	0	0	10	2
ENSG00000131013	PPIL4	793	1313	837	766	1378	1310	1632
ENSG00000131015	ULBP2	192	381	224	215	372	377	456
ENSG00000131016	AKAP12	21134	34024	17223	18990	21952	21797	24095
ENSG00000131018	SYNE1	456	665	277	384	445	489	567
ENSG00000131019	ULBP3	179	281	183	167	276	286	340
ENSG00000131023	LATS1	1251	2008	1153	1253	1801	1758	2222
ENSG00000131037	EPS8L1	30	26	26	22	10	16	26
ENSG00000131043	AAR2	1257	2137	1293	1353	2424	2435	3311
ENSG00000131044	TTLL9	2	2	4	6	9	6	2
ENSG00000131050	BPIFA2	10	16	8	10	6	3	6
ENSG00000131051	RBM39	2006	3241	2061	1826	2606	2620	3390
ENSG00000131061	ZNF341	228	371	197	233	228	193	244
ENSG00000131067	GGT7	2863	4773	2750	2842	3287	3148	3653
ENSG00000131069	ACSS2	1944	3370	1726	1812	1930	1841	2044
ENSG00000131080	EDA2R	50	76	47	69	75	82	113
ENSG00000131089	ARHGEF9	368	537	322	399	376	388	396
ENSG00000131094	C1QL1	151	280	198	179	183	187	255
ENSG00000131095	GFAP	4	11	5	3	19	10	14
ENSG00000131096	PYY	0	0	0	0	2	2	0
ENSG00000131097	HIGD1B	0	2	1	1	2	0	3
ENSG00000131100	ATP6V1E1	2081	3644	2250	2119	2814	2976	3467
ENSG00000131115	ZNF227	646	1104	604	680	951	957	1255
ENSG00000131116	ZNF428	659	1156	792	717	929	692	1108
ENSG00000131127	ZNF141	356	546	321	296	421	370	519
ENSG00000131143	COX4I1	6862	12089	7609	7367	9622	9441	11498
ENSG00000131148	EMC8	789	1464	867	862	1309	1314	1720
ENSG00000131149	GSE1	1989	3107	1807	1968	2579	2243	3016
ENSG00000131152	NA	5	8	3	9	6	10	5
ENSG00000131153	GINS2	434	761	572	479	758	790	1049
ENSG00000131165	CHMP1A	1588	2544	1771	1677	2315	2249	2874
ENSG00000131171	SH3BGRL	670	1070	694	625	814	840	914
ENSG00000131174	COX7B	1498	2684	1686	1660	1880	1929	2469
ENSG00000131183	SLC34A1	0	0	2	0	1	0	0
ENSG00000131187	F12	52	55	86	53	44	62	52
ENSG00000131188	PRR7	1739	3223	1880	1789	2181	2057	2534
ENSG00000131196	NFATC1	874	1459	936	899	858	782	1044
ENSG00000131203	IDO1	24	46	33	26	22	31	35
ENSG00000131233	GJA9	6	6	0	7	6	0	2
ENSG00000131236	CAP1	11250	18379	11792	11433	18290	17672	22703
ENSG00000131238	PPT1	5055	8811	5240	5063	7243	7349	8930
ENSG00000131242	RAB11FIP4	99	163	102	101	105	108	88
ENSG00000131263	RLIM	2187	3558	1947	2192	2768	2840	3689
ENSG00000131269	ABCB7	849	1320	771	723	1108	1011	1210
ENSG00000131323	TRAF3	1141	2016	1188	1203	1573	1421	1743
ENSG00000131351	HAUS8	490	787	538	512	768	716	937
ENSG00000131355	ADGRE3	0	1	0	0	0	0	0
ENSG00000131368	MRPS25	887	995	632	641	795	760	1097
ENSG00000131370	SH3BP5	1440	2251	1461	1478	2226	2158	2629
ENSG00000131373	HACL1	1334	2259	1401	1379	1711	1812	2074
ENSG00000131374	TBC1D5	2782	4462	2491	2668	3482	3536	3902
ENSG00000131375	CAPN7	1369	2257	1292	1425	2151	2058	2800
ENSG00000131378	RFTN1	660	1197	650	612	555	542	673
ENSG00000131379	C3orf20	0	1	0	0	0	0	0
ENSG00000131381	RBSN	1075	1844	1030	1114	1402	1410	1769
ENSG00000131386	GALNT15	7	11	9	9	7	4	12
ENSG00000131389	SLC6A6	2567	5650	2674	3548	3263	3013	3203
ENSG00000131398	KCNC3	509	817	391	373	697	545	606
ENSG00000131400	NAPSA	3	16	11	2	10	5	13
ENSG00000131408	NR1H2	2608	4275	2596	2499	3292	3470	4005
ENSG00000131409	LRRC4B	2547	4560	2573	2711	2486	1978	2559
ENSG00000131435	PDLIM4	2619	4551	3044	2883	3647	3410	4711
ENSG00000131437	KIF3A	1235	2029	1123	1199	1771	1577	1937
ENSG00000131446	MGAT1	2234	3938	2441	2388	3135	2928	3574
ENSG00000131459	GFPT2	1758	2979	1811	1857	1704	1767	2073
ENSG00000131462	TUBG1	2823	5045	3367	3293	5074	5051	6903
ENSG00000131467	PSME3	5860	9956	6502	6272	7261	7309	9081
ENSG00000131469	RPL27	22937	39635	26305	23455	32573	32550	38585
ENSG00000131470	PSMC3IP	340	671	413	367	786	743	1043
ENSG00000131471	AOC3	46	98	45	46	34	39	63
ENSG00000131473	ACLY	10107	16667	9862	10241	11189	11046	13157
ENSG00000131475	VPS25	2127	3545	2176	2204	3482	3558	4393
ENSG00000131477	RAMP2	39	66	43	40	66	57	61
ENSG00000131480	AOC2	55	82	47	56	51	41	43
ENSG00000131495	NDUFA2	1054	1912	1222	1201	1557	1679	2050
ENSG00000131503	ANKHD1	3616	6077	3419	3838	4568	4061	5090
ENSG00000131504	DIAPH1	7202	11525	7120	7358	9256	9162	11583
ENSG00000131507	NDFIP1	3738	6422	3945	3764	5260	5150	6407
ENSG00000131508	UBE2D2	1876	3363	2219	2252	3326	3431	4202
ENSG00000131558	EXOC4	2482	4055	2374	2309	2770	2787	2804
ENSG00000131584	ACAP3	995	1711	941	940	1293	1155	1455
ENSG00000131591	C1orf159	333	446	309	323	408	347	508
ENSG00000131620	ANO1	694	1198	710	753	965	950	1210
ENSG00000131626	PPFIA1	2908	4602	2666	2847	3419	3506	4074
ENSG00000131634	TMEM204	3	1	0	0	6	0	1
ENSG00000131650	KREMEN2	120	224	116	140	139	128	177
ENSG00000131652	THOC6	820	1435	898	838	1147	1051	1428
ENSG00000131653	TRAF7	5388	9249	5648	5710	6555	6400	7778
ENSG00000131668	BARX1	1382	2297	1457	1413	1431	1341	1584
ENSG00000131669	NINJ1	421	776	458	453	500	533	570
ENSG00000131686	CA6	1	1	1	1	1	0	0
ENSG00000131697	NPHP4	805	1407	843	787	1017	903	1020
ENSG00000131711	MAP1B	6088	9653	5468	5889	6293	6216	7258
ENSG00000131721	RHOXF2	1	2	0	0	0	0	0
ENSG00000131724	IL13RA1	2739	4387	2462	2404	2329	2313	2528
ENSG00000131725	WDR44	378	590	355	386	460	487	597
ENSG00000131730	CKMT2	1	1	1	0	1	1	5
ENSG00000131732	ZCCHC9	2260	3316	2050	1995	2482	2328	2832
ENSG00000131747	TOP2A	13385	21692	13416	13658	17366	16453	20402
ENSG00000131748	STARD3	897	1526	917	821	1170	1052	1338
ENSG00000131759	RARA	1587	2683	1593	1608	2010	2051	2566
ENSG00000131771	PPP1R1B	25	41	22	24	26	25	25
ENSG00000131773	KHDRBS3	143	256	201	167	227	217	338
ENSG00000131778	CHD1L	1247	2141	1184	1340	1374	1673	1903
ENSG00000131779	PEX11B	865	1458	854	860	996	1001	1026
ENSG00000131781	FMO5	8	11	12	6	6	5	9
ENSG00000131788	PIAS3	1194	2192	1327	1311	1483	1535	1772
ENSG00000131791	PRKAB2	1113	1812	955	1010	1401	1344	1706
ENSG00000131828	PDHA1	1024	1655	1088	1096	1576	1410	1775
ENSG00000131844	MCCC2	3491	6000	3585	3549	4381	4221	5345
ENSG00000131845	ZNF304	418	660	389	399	561	590	726
ENSG00000131848	ZSCAN5A	211	343	203	203	311	320	396
ENSG00000131849	ZNF132	15	13	14	8	19	18	27
ENSG00000131871	SELENOS	534	860	602	492	932	873	1115
ENSG00000131873	CHSY1	3308	5340	3195	3126	3609	3477	4134
ENSG00000131876	SNRPA1	1611	2667	1733	1682	2888	2914	3601
ENSG00000131899	LLGL1	1621	2707	1766	1747	1869	1865	2243
ENSG00000131910	NR0B2	0	0	0	2	0	1	0
ENSG00000131914	LIN28A	3	3	3	1	2	1	3
ENSG00000131931	THAP1	262	393	302	194	360	346	485
ENSG00000131941	RHPN2	1152	1885	1147	1151	1063	964	1106
ENSG00000131943	C19orf12	723	1125	708	712	891	709	887
ENSG00000131944	FAAP24	227	395	247	250	372	302	423
ENSG00000131966	ACTR10	301	539	222	360	591	408	630
ENSG00000131979	GCH1	34	68	40	0	78	47	93
ENSG00000131981	LGALS3	2105	3667	2267	2122	3531	3335	3901
ENSG00000132000	PODNL1	13	33	12	17	18	14	11
ENSG00000132002	DNAJB1	4236	7082	4644	4575	7187	6989	9797
ENSG00000132003	ZSWIM4	1044	1851	1049	1198	1354	1296	1647
ENSG00000132004	FBXW9	900	1525	967	940	1298	1292	1405
ENSG00000132005	RFX1	1324	2187	1280	1339	1319	1351	1465
ENSG00000132010	ZNF20	93	281	159	163	117	190	187
ENSG00000132016	BRME1	75	121	62	79	165	132	197
ENSG00000132017	DCAF15	1304	2034	1258	1322	1731	1648	2070
ENSG00000132024	CC2D1A	1735	2959	1758	1808	2185	2090	2707
ENSG00000132026	RTBDN	9	17	13	10	21	20	24
ENSG00000132031	MATN3	42	71	38	48	38	52	47
ENSG00000132109	TRIM21	138	229	132	143	197	196	238
ENSG00000132122	SPATA6	987	1708	982	990	962	939	1066
ENSG00000132128	LRRC41	2660	4551	2663	2707	3526	3428	4227
ENSG00000132141	CCT6B	12	31	16	16	15	22	24
ENSG00000132153	DHX30	4594	7744	4772	4658	5533	5729	7148
ENSG00000132155	RAF1	2313	3801	2387	2310	3048	2749	3518
ENSG00000132164	SLC6A11	4	3	4	1	5	0	4
ENSG00000132170	PPARG	399	633	424	448	394	402	447
ENSG00000132182	NUP210	145	230	154	160	208	250	253
ENSG00000132185	FCRLA	1503	2796	1368	1409	1509	1502	1562
ENSG00000132196	HSD17B7	351	564	348	405	363	393	465
ENSG00000132199	ENOSF1	256	428	229	255	338	382	457
ENSG00000132205	EMILIN2	194	284	151	193	257	195	279
ENSG00000132254	ARFIP2	1586	2688	1659	1666	1839	1901	2391
ENSG00000132256	TRIM5	458	732	481	476	585	544	655
ENSG00000132259	CNGA4	3	4	5	7	12	2	7
ENSG00000132274	TRIM22	8	11	5	2	7	9	6
ENSG00000132275	RRP8	353	615	346	365	429	401	550
ENSG00000132286	TIMM10B	448	731	400	441	681	684	801
ENSG00000132294	EFR3A	1404	2166	1264	1300	1570	1538	1861
ENSG00000132300	PTCD3	1627	2701	1524	1577	2391	2148	2605
ENSG00000132305	IMMT	5418	9487	5730	5555	6840	6888	8613
ENSG00000132313	MRPL35	1650	2769	1599	1645	2486	2294	3027
ENSG00000132321	IQCA1	2	0	1	0	0	0	0
ENSG00000132323	ILKAP	470	725	480	471	736	706	957
ENSG00000132326	PER2	123	185	104	126	140	114	129
ENSG00000132329	RAMP1	659	1180	712	616	804	780	888
ENSG00000132330	SCLY	692	1202	739	740	880	852	1059
ENSG00000132334	PTPRE	433	820	440	447	389	375	427
ENSG00000132341	RAN	8911	15631	9994	9525	14652	14694	19359
ENSG00000132356	PRKAA1	3463	5525	3228	3137	4362	4207	5262
ENSG00000132357	CARD6	485	846	496	488	639	581	737
ENSG00000132359	RAP1GAP2	779	1407	874	832	894	932	1325
ENSG00000132361	CLUH	4217	7113	4518	4609	5443	4760	6688
ENSG00000132376	INPP5K	1321	2326	1555	1459	1775	1776	2190
ENSG00000132382	MYBBP1A	6686	11196	6475	6854	8866	8331	10721
ENSG00000132383	RPA1	3752	6387	3992	4084	4602	4598	5853
ENSG00000132386	SERPINF1	2811	4848	2597	2429	2736	2813	2558
ENSG00000132388	UBE2G1	1614	2630	1624	1594	1931	2045	2409
ENSG00000132394	EEFSEC	478	817	496	498	735	722	816
ENSG00000132405	TBC1D14	5989	9825	5337	5753	7437	7569	8207
ENSG00000132406	TMEM128	605	982	567	555	708	626	770
ENSG00000132423	COQ3	246	463	351	318	444	433	601
ENSG00000132424	PNISR	2929	4590	2640	2620	3319	2994	3580
ENSG00000132429	POPDC3	213	355	223	225	221	236	296
ENSG00000132432	SEC61G	1332	2169	1381	1239	2150	2135	2655
ENSG00000132434	LANCL2	226	395	243	271	272	259	393
ENSG00000132436	FIGNL1	527	775	557	558	1073	1103	1491
ENSG00000132463	GRSF1	2417	4166	2432	2192	2321	2273	2595
ENSG00000132464	ENAM	0	0	1	0	0	0	0
ENSG00000132465	JCHAIN	1	0	0	0	0	0	0
ENSG00000132466	ANKRD17	4592	7199	3935	4753	5280	5155	6369
ENSG00000132467	UTP3	1096	1788	1189	1105	2047	2022	2710
ENSG00000132470	ITGB4	49	95	74	73	93	74	74
ENSG00000132471	WBP2	3458	6113	3699	3679	4740	4566	5382
ENSG00000132475	H3-3B	9910	16387	10231	9724	14023	13391	16980
ENSG00000132478	UNK	817	1494	852	810	965	964	1090
ENSG00000132481	TRIM47	377	666	413	435	390	508	542
ENSG00000132485	ZRANB2	4448	7067	4462	4257	6913	6407	8044
ENSG00000132507	EIF5A	24835	42223	28798	28159	40737	38198	50842
ENSG00000132510	KDM6B	1884	2855	1696	1733	2072	1939	2270
ENSG00000132517	SLC52A1	33	59	30	31	40	35	40
ENSG00000132518	GUCY2D	0	0	0	1	0	0	0
ENSG00000132522	GPS2	1650	2816	1876	1788	2564	2456	3069
ENSG00000132530	XAF1	8	58	5	20	0	31	18
ENSG00000132535	DLG4	1242	2182	1239	1272	1131	1043	1101
ENSG00000132541	RIDA	438	700	387	344	442	412	551
ENSG00000132549	VPS13B	817	1287	689	741	1006	1036	1226
ENSG00000132554	RGS22	1	0	0	0	0	0	0
ENSG00000132561	MATN2	21	13	16	10	12	21	12
ENSG00000132563	REEP2	807	1429	891	876	1001	954	1161
ENSG00000132570	PCBD2	104	196	119	107	145	128	193
ENSG00000132581	SDF2	456	824	519	533	722	782	1009
ENSG00000132589	FLOT2	2635	4513	2771	2610	3726	3554	4395
ENSG00000132591	ERAL1	1270	2377	1470	1380	2064	2082	2644
ENSG00000132600	PRMT7	220	402	300	249	523	530	591
ENSG00000132603	NIP7	1795	2944	1838	1821	3261	3200	4288
ENSG00000132604	TERF2	1334	2224	1376	1312	2258	2106	2783
ENSG00000132612	VPS4A	2838	5122	2863	2875	3814	3742	4371
ENSG00000132613	MTSS2	1482	2360	1376	1536	1704	1339	1965
ENSG00000132622	HSPA12B	6	13	6	11	5	9	8
ENSG00000132623	ANKEF1	127	205	131	142	154	152	188
ENSG00000132635	PCED1A	2056	3345	1959	2010	2206	2084	2416
ENSG00000132639	SNAP25	8	20	18	14	5	0	10
ENSG00000132640	BTBD3	5934	9782	5858	5729	6110	6028	7061
ENSG00000132646	PCNA	3596	6125	4149	3863	8495	8324	11472
ENSG00000132661	NXT1	306	505	319	300	576	591	855
ENSG00000132664	POLR3F	499	771	417	457	568	523	685
ENSG00000132669	RIN2	93	170	91	104	98	67	99
ENSG00000132670	PTPRA	2706	4619	2685	2596	2813	2895	3177
ENSG00000132676	DAP3	4634	7977	4887	4525	6363	6416	7784
ENSG00000132677	RHBG	3	0	2	0	0	0	3
ENSG00000132680	KHDC4	4257	6586	3789	4037	4601	4186	5026
ENSG00000132688	NES	13299	22056	14636	14469	23739	13989	31680
ENSG00000132692	BCAN	13	19	11	9	12	14	21
ENSG00000132694	ARHGEF11	2658	4487	2610	2804	2705	2690	3221
ENSG00000132698	RAB25	0	2	1	0	2	0	0
ENSG00000132702	HAPLN2	6	10	0	0	8	8	18
ENSG00000132716	DCAF8	3687	6022	3447	3448	4446	4178	5038
ENSG00000132718	SYT11	1619	2632	1747	1697	2390	2325	2818
ENSG00000132740	IGHMBP2	649	968	511	625	885	820	1095
ENSG00000132744	ACY3	3	3	5	5	6	3	3
ENSG00000132749	TESMIN	39	53	44	30	28	38	50
ENSG00000132763	MMACHC	978	1652	1054	958	2070	1785	2307
ENSG00000132768	DPH2	943	1929	1175	965	1332	1402	1627
ENSG00000132773	TOE1	372	564	352	389	413	369	452
ENSG00000132780	NASP	3030	5182	3188	2856	4455	4466	5650
ENSG00000132781	MUTYH	358	599	382	389	692	620	691
ENSG00000132792	CTNNBL1	1527	2563	1536	1606	1989	1949	2325
ENSG00000132793	LPIN3	203	348	165	199	217	175	263
ENSG00000132801	ZSWIM3	150	244	126	127	165	157	168
ENSG00000132819	RBM38	330	570	378	389	531	443	620
ENSG00000132821	VSTM2L	28	58	28	25	51	36	50
ENSG00000132823	OSER1	1111	2068	1288	1247	1980	2049	2609
ENSG00000132824	SERINC3	7913	12789	7602	7534	9839	9374	11252
ENSG00000132825	PPP1R3D	597	916	580	549	742	713	834
ENSG00000132837	DMGDH	1	1	0	0	0	1	0
ENSG00000132840	BHMT2	16	15	3	11	12	8	8
ENSG00000132842	AP3B1	2624	4331	2502	2441	3065	2983	3707
ENSG00000132846	ZBED3	482	882	531	543	974	913	1298
ENSG00000132849	PATJ	159	245	134	109	124	139	194
ENSG00000132854	KANK4	1	2	5	0	1	0	4
ENSG00000132855	ANGPTL3	1	3	3	1	1	0	1
ENSG00000132874	SLC14A2	33	53	31	39	43	31	21
ENSG00000132879	FBXO44	850	1387	746	762	817	756	966
ENSG00000132881	CPLANE2	104	197	130	141	154	132	162
ENSG00000132906	CASP9	460	750	468	448	739	568	670
ENSG00000132912	DCTN4	2745	4363	2461	2548	3100	3092	3832
ENSG00000132915	PDE6A	101	207	134	116	115	126	124
ENSG00000132932	ATP8A2	270	507	345	356	301	272	296
ENSG00000132938	MTUS2	1	11	4	2	14	10	6
ENSG00000132950	ZMYM5	575	798	589	482	644	567	674
ENSG00000132952	USPL1	744	1270	742	692	777	740	900
ENSG00000132953	XPO4	1706	2724	1538	1699	2282	2200	2681
ENSG00000132958	TPTE2	1	3	4	5	13	6	8
ENSG00000132963	POMP	4058	6985	4656	4377	6842	6600	8854
ENSG00000132964	CDK8	689	1081	671	586	780	709	790
ENSG00000132965	ALOX5AP	0	0	1	1	0	0	1
ENSG00000132970	WASF3	650	980	597	625	874	756	963
ENSG00000132975	GPR12	0	0	0	0	1	0	0
ENSG00000133019	CHRM3	1608	2689	1356	1490	1936	1752	2178
ENSG00000133020	MYH8	23	26	8	11	15	15	20
ENSG00000133026	MYH10	12144	19757	11538	12122	13158	13016	15633
ENSG00000133027	PEMT	580	984	650	632	838	874	1025
ENSG00000133028	SCO1	2089	3375	2009	2074	2683	2469	3290
ENSG00000133030	MPRIP	7368	12164	7120	7640	8132	7807	9531
ENSG00000133048	CHI3L1	0	0	0	2	0	0	0
ENSG00000133055	MYBPH	0	0	0	0	0	1	0
ENSG00000133056	PIK3C2B	480	778	443	458	543	576	643
ENSG00000133059	DSTYK	1817	2851	1658	1619	1904	1718	2045
ENSG00000133063	CHIT1	1	0	0	1	0	0	0
ENSG00000133065	SLC41A1	1842	2880	1813	2129	2501	2323	3109
ENSG00000133069	TMCC2	320	685	319	362	398	411	400
ENSG00000133083	DCLK1	0	0	0	0	0	1	0
ENSG00000133103	COG6	856	1419	853	817	999	916	1165
ENSG00000133104	SPART	1685	2773	1694	1650	2420	2343	2924
ENSG00000133106	EPSTI1	0	0	0	0	1	0	0
ENSG00000133111	RFXAP	257	426	226	249	307	248	356
ENSG00000133112	TPT1	33290	56770	33848	32115	39294	38794	44158
ENSG00000133114	GPALPP1	365	718	395	401	582	539	629
ENSG00000133119	RFC3	2199	3528	2319	2265	3455	3195	4285
ENSG00000133121	STARD13	1942	3431	1924	2059	2102	2052	2544
ENSG00000133124	IRS4	2	4	2	1	2	0	1
ENSG00000133131	MORC4	599	1087	649	642	624	609	739
ENSG00000133134	BEX2	24	43	34	16	34	39	48
ENSG00000133135	RNF128	780	1273	729	760	783	765	845
ENSG00000133136	GNG5P2	1	1	0	0	0	0	0
ENSG00000133138	TBC1D8B	863	1315	717	787	1087	957	1142
ENSG00000133142	TCEAL4	1411	2194	1436	1374	2210	2154	2636
ENSG00000133169	BEX1	0	1	2	0	0	0	1
ENSG00000133193	FAM104A	892	1447	849	901	1250	1159	1473
ENSG00000133195	SLC39A11	191	348	181	213	218	229	209
ENSG00000133216	EPHB2	1757	2982	1773	1979	2698	2671	3430
ENSG00000133226	SRRM1	3321	5490	3243	3280	4195	3871	4443
ENSG00000133243	BTBD2	1949	3264	2004	1987	2603	2563	3075
ENSG00000133246	PRAM1	1	3	2	1	1	1	0
ENSG00000133247	KMT5C	424	700	368	332	462	447	557
ENSG00000133250	ZNF414	419	790	463	470	560	487	612
ENSG00000133256	PDE6B	30	40	23	26	28	16	20
ENSG00000133265	HSPBP1	2189	3776	2515	2308	4241	3871	5412
ENSG00000133275	CSNK1G2	1938	3451	2149	2074	2823	1951	3073
ENSG00000133302	SLF1	880	1373	919	894	1285	1227	1515
ENSG00000133313	CNDP2	1376	2179	1431	1439	2019	2008	2563
ENSG00000133315	MACROD1	891	1643	972	899	1288	1127	1244
ENSG00000133316	WDR74	1651	2709	1733	1621	2407	2321	2929
ENSG00000133318	RTN3	2622	4350	2908	2913	4542	4138	5568
ENSG00000133321	PLAAT4	3	6	6	4	3	4	3
ENSG00000133328	PLAAT2	1	1	1	0	0	1	0
ENSG00000133392	MYH11	14	12	9	10	6	10	15
ENSG00000133393	CEP20	1104	1732	999	966	1278	1381	1671
ENSG00000133398	MED10	738	1186	720	698	1164	1157	1492
ENSG00000133401	PDZD2	2525	4125	2232	2937	2734	2729	3460
ENSG00000133422	MORC2	997	1827	938	969	1431	1150	1817
ENSG00000133424	LARGE1	466	800	513	546	596	528	607
ENSG00000133433	GSTT2B	62	112	81	89	89	86	88
ENSG00000133460	SLC2A11	180	273	171	168	178	158	221
ENSG00000133466	C1QTNF6	45	79	34	27	50	57	20
ENSG00000133477	FAM83F	2	11	7	3	9	4	1
ENSG00000133488	SEC14L4	136	186	79	137	120	148	139
ENSG00000133597	ADCK2	914	1521	968	948	1260	1059	1431
ENSG00000133606	MKRN1	4847	8131	4930	4889	5286	5133	6005
ENSG00000133612	AGAP3	4757	8372	5149	4825	5866	5685	6656
ENSG00000133619	KRBA1	537	910	541	532	676	590	749
ENSG00000133627	ACTR3B	500	871	512	479	605	627	728
ENSG00000133636	NTS	0	10	9	4	8	6	3
ENSG00000133639	BTG1	1875	3279	1886	1866	3128	3292	4141
ENSG00000133640	LRRIQ1	73	38	48	58	116	48	87
ENSG00000133641	C12orf29	547	899	657	466	943	954	1268
ENSG00000133657	ATP13A3	1870	2934	1592	1985	2611	2584	3278
ENSG00000133665	DYDC2	2	4	1	1	1	6	5
ENSG00000133678	TMEM254	258	519	269	246	459	451	411
ENSG00000133687	TMTC1	259	380	200	219	275	300	342
ENSG00000133703	KRAS	1522	2457	1487	1496	2824	2653	3287
ENSG00000133704	IPO8	4344	6940	4011	4282	5393	5109	6394
ENSG00000133706	LARS1	5546	10791	5956	5724	7113	6778	7918
ENSG00000133710	SPINK5	0	0	2	0	1	3	3
ENSG00000133731	IMPA1	1076	1791	1085	1042	1594	1523	1903
ENSG00000133739	LRRCC1	128	335	154	175	206	235	337
ENSG00000133740	E2F5	134	229	120	119	128	106	118
ENSG00000133773	CCDC59	458	709	426	483	743	752	883
ENSG00000133789	SWAP70	1790	2961	1675	1652	3268	3113	3984
ENSG00000133794	ARNTL	191	353	228	241	364	349	513
ENSG00000133800	LYVE1	1	0	0	0	0	0	0
ENSG00000133805	AMPD3	41	80	40	31	68	52	64
ENSG00000133812	SBF2	868	1193	597	805	949	971	1081
ENSG00000133816	MICAL2	27	15	8	26	19	25	38
ENSG00000133818	RRAS2	490	824	492	469	819	690	907
ENSG00000133835	HSD17B4	3029	5049	3095	3118	3646	3438	4290
ENSG00000133858	ZFC3H1	2340	3591	2067	2148	2556	2289	2748
ENSG00000133863	TEX15	0	5	3	5	2	2	0
ENSG00000133872	SARAF	2314	3897	2392	2324	3124	2938	3685
ENSG00000133874	RNF122	63	100	58	62	63	73	48
ENSG00000133884	DPF2	1302	2119	1297	1343	1537	1357	1507
ENSG00000133895	MEN1	1575	2955	1673	1897	2544	2431	3226
ENSG00000133935	ERG28	505	857	547	514	652	573	719
ENSG00000133937	GSC	27	69	32	34	42	33	37
ENSG00000133943	DGLUCY	170	252	132	174	248	186	251
ENSG00000133958	UNC79	0	3	0	4	2	4	5
ENSG00000133961	NUMB	1278	2180	1356	1295	1659	1615	2163
ENSG00000133983	COX16	395	680	492	404	500	486	640
ENSG00000133985	TTC9	22	43	29	26	36	15	43
ENSG00000133997	MED6	595	981	619	593	1148	1023	1290
ENSG00000134001	EIF2S1	2488	4326	2589	2591	4405	4130	5689
ENSG00000134007	ADAM20	4	2	1	4	1	2	1
ENSG00000134013	LOXL2	2713	4684	2876	2925	2697	2458	3056
ENSG00000134014	ELP3	873	1451	938	926	1257	1137	1316
ENSG00000134020	PEBP4	0	0	0	0	1	0	2
ENSG00000134030	CTIF	819	1333	778	820	956	847	1080
ENSG00000134042	MRO	108	145	102	81	96	104	115
ENSG00000134046	MBD2	1259	2063	1310	1260	1382	1263	1557
ENSG00000134049	IER3IP1	926	1540	934	960	1372	1318	1657
ENSG00000134056	MRPS36	573	908	617	567	841	821	1052
ENSG00000134057	CCNB1	3924	6710	4377	4313	5819	5620	6967
ENSG00000134058	CDK7	1011	1797	1021	986	1302	1366	1545
ENSG00000134061	CD180	123	171	103	118	145	112	120
ENSG00000134070	IRAK2	117	170	83	108	140	129	167
ENSG00000134072	CAMK1	58	80	64	51	74	84	94
ENSG00000134077	THUMPD3	2104	3342	1991	1966	2743	2645	3094
ENSG00000134086	VHL	2687	4212	2554	2497	3175	2810	3595
ENSG00000134107	BHLHE40	3187	5322	2920	3036	4251	4086	4372
ENSG00000134108	ARL8B	1751	3057	1846	1759	3097	2982	3814
ENSG00000134109	EDEM1	2862	4668	2760	2763	4822	4279	5443
ENSG00000134115	CNTN6	0	0	0	0	0	4	2
ENSG00000134121	CHL1	4	6	1	0	0	2	0
ENSG00000134138	MEIS2	721	1200	652	581	762	673	981
ENSG00000134146	DPH6	321	479	251	250	406	365	424
ENSG00000134152	KATNBL1	399	702	381	367	530	497	633
ENSG00000134153	EMC7	1922	3258	2028	1828	2988	2822	3705
ENSG00000134160	TRPM1	0	0	0	1	0	1	0
ENSG00000134183	GNAT2	2	13	5	4	9	5	10
ENSG00000134184	GSTM1	508	966	603	552	766	764	890
ENSG00000134186	PRPF38B	2511	4136	2634	2562	3661	3342	4140
ENSG00000134201	GSTM5	0	0	0	2	0	1	0
ENSG00000134202	GSTM3	254	478	260	236	315	330	421
ENSG00000134207	SYT6	8	0	0	1	16	20	24
ENSG00000134215	VAV3	2	12	2	4	8	7	9
ENSG00000134222	PSRC1	789	1413	949	848	1214	1266	1435
ENSG00000134242	PTPN22	31	52	43	19	32	23	52
ENSG00000134243	SORT1	1566	2621	1448	1551	2860	2820	3244
ENSG00000134245	WNT2B	130	210	97	100	104	120	131
ENSG00000134247	PTGFRN	5318	8918	5324	5397	6418	6168	7771
ENSG00000134248	LAMTOR5	1494	2516	1509	1540	2286	2391	2923
ENSG00000134250	NOTCH2	8224	12972	7246	8213	10634	10555	13182
ENSG00000134253	TRIM45	235	424	267	262	325	307	437
ENSG00000134255	CEPT1	603	1029	600	570	804	814	976
ENSG00000134256	CD101	15	19	9	10	15	4	26
ENSG00000134258	VTCN1	1	1	1	0	0	2	1
ENSG00000134262	AP4B1	558	1032	668	656	835	814	1070
ENSG00000134265	NAPG	506	735	460	428	512	528	557
ENSG00000134278	SPIRE1	828	1343	730	782	1074	1036	1218
ENSG00000134283	PPHLN1	1439	2521	1553	1456	2265	2295	2813
ENSG00000134285	FKBP11	413	786	558	537	694	708	873
ENSG00000134287	ARF3	6822	11427	7362	7317	10196	9554	11888
ENSG00000134291	TMEM106C	1856	3284	2080	2062	3541	3570	4480
ENSG00000134294	SLC38A2	11745	18762	10736	10950	13653	12715	15480
ENSG00000134308	YWHAQ	11526	19721	12740	12158	18760	18671	24214
ENSG00000134313	KIDINS220	1914	2894	1747	1756	2618	2631	3215
ENSG00000134317	GRHL1	28	50	40	38	64	53	64
ENSG00000134318	ROCK2	3015	4845	3052	3302	3942	3632	5011
ENSG00000134321	RSAD2	7	12	9	14	14	5	12
ENSG00000134323	MYCN	39	51	22	25	19	19	13
ENSG00000134324	LPIN1	1681	2706	1670	1648	2152	2163	2814
ENSG00000134326	CMPK2	37	44	45	27	50	33	58
ENSG00000134330	IAH1	846	1439	908	826	1040	972	1260
ENSG00000134333	LDHA	20596	34686	21421	20675	31551	32554	41289
ENSG00000134339	SAA2	0	1	0	0	0	0	0
ENSG00000134343	ANO3	291	480	334	347	425	437	595
ENSG00000134352	IL6ST	7264	13400	7070	7046	7959	8535	9675
ENSG00000134363	FST	6558	11269	7737	7260	8167	7851	11549
ENSG00000134365	CFHR4	0	0	0	2	0	0	0
ENSG00000134369	NAV1	2328	3576	2015	2182	2656	2589	2966
ENSG00000134371	CDC73	1845	2926	1644	1901	2930	2786	3373
ENSG00000134375	TIMM17A	1550	2792	1836	1569	2299	2363	3064
ENSG00000134376	CRB1	0	1	0	0	0	0	0
ENSG00000134398	ERN2	0	1	0	0	0	0	0
ENSG00000134419	RPS15A	11886	21363	12821	12927	17233	18072	22312
ENSG00000134440	NARS1	4888	8047	5021	4901	8473	8078	10574
ENSG00000134444	RELCH	704	1094	636	668	877	832	1141
ENSG00000134452	FBH1	1748	2994	1751	1802	2004	2026	2355
ENSG00000134453	RBM17	1465	2358	1461	1427	1687	1630	1962
ENSG00000134461	ANKRD16	256	366	240	233	333	243	379
ENSG00000134463	ECHDC3	0	1	0	1	0	2	0
ENSG00000134470	IL15RA	49	147	66	71	79	63	63
ENSG00000134480	CCNH	1405	2465	1486	1394	2221	2087	2575
ENSG00000134489	HRH4	6	4	3	5	6	1	3
ENSG00000134490	TMEM241	119	316	163	172	244	215	252
ENSG00000134504	KCTD1	489	873	526	595	746	597	920
ENSG00000134508	CABLES1	916	1519	1032	998	1139	1125	1516
ENSG00000134516	DOCK2	3	4	0	0	0	2	3
ENSG00000134531	EMP1	6246	10878	6685	6320	7140	6886	9054
ENSG00000134532	SOX5	6018	9636	5201	5476	6385	6167	6907
ENSG00000134533	RERG	1	6	0	2	0	5	1
ENSG00000134538	SLCO1B1	6	6	5	3	6	6	7
ENSG00000134539	KLRD1	49	51	30	31	33	24	52
ENSG00000134545	KLRC1	0	0	0	1	0	0	0
ENSG00000134548	SPX	0	2	0	0	0	0	0
ENSG00000134551	PRH2	7	13	2	2	5	4	7
ENSG00000134569	LRP4	607	1030	645	667	869	839	966
ENSG00000134571	MYBPC3	0	0	1	0	0	0	0
ENSG00000134574	DDB2	1351	2141	1414	1376	1899	1900	2522
ENSG00000134575	ACP2	1124	1908	1137	1123	1707	1681	1968
ENSG00000134590	RTL8C	1660	2787	1841	1803	2188	2019	2321
ENSG00000134594	RAB33A	4	3	0	1	2	3	3
ENSG00000134597	RBMX2	932	1540	919	858	1419	1298	1570
ENSG00000134602	STK26	331	508	258	269	420	407	493
ENSG00000134627	PIWIL4	0	0	0	0	0	1	0
ENSG00000134644	PUM1	3905	6497	3744	3906	5199	5120	5970
ENSG00000134668	SPOCD1	225	357	205	216	261	253	302
ENSG00000134684	YARS1	5494	9535	6310	6085	8672	8486	10552
ENSG00000134686	PHC2	10936	18709	11059	10698	13289	12658	15438
ENSG00000134690	CDCA8	1081	1832	1178	1181	1772	1788	2279
ENSG00000134697	GNL2	3224	5224	3320	3185	4584	4529	5578
ENSG00000134698	AGO4	595	984	583	601	682	633	831
ENSG00000134716	CYP2J2	6	21	9	13	19	6	29
ENSG00000134717	BTF3L4	1351	2254	1352	1265	2088	1909	2361
ENSG00000134744	TUT4	1298	2057	1238	1247	1381	1302	1547
ENSG00000134748	PRPF38A	2289	3746	2378	2255	3680	3576	4615
ENSG00000134755	DSC2	43	70	40	33	35	33	45
ENSG00000134757	DSG3	16	20	13	13	13	20	14
ENSG00000134758	RNF138	955	1655	979	908	1218	1108	1381
ENSG00000134759	ELP2	1929	3006	1732	1627	2145	2115	2440
ENSG00000134760	DSG1	13	20	14	18	27	30	25
ENSG00000134762	DSC3	115	157	110	74	113	131	153
ENSG00000134769	DTNA	470	710	407	397	505	479	581
ENSG00000134775	FHOD3	169	261	173	170	255	201	300
ENSG00000134779	TPGS2	1541	2614	1626	1539	2320	2430	2971
ENSG00000134780	DAGLA	385	711	368	413	473	428	535
ENSG00000134802	SLC43A3	3643	6161	3700	3812	6834	6713	8603
ENSG00000134809	TIMM10	533	831	611	481	918	929	1234
ENSG00000134815	DHX34	732	1227	724	765	1012	882	1293
ENSG00000134817	APLNR	2	0	2	2	2	4	0
ENSG00000134824	FADS2	532	960	555	586	729	634	895
ENSG00000134825	TMEM258	1711	2984	1890	1842	2012	1989	2625
ENSG00000134827	TCN1	29	41	31	37	42	35	55
ENSG00000134830	C5AR2	77	118	55	63	82	71	82
ENSG00000134851	TMEM165	1770	2942	1701	1743	2258	2134	2658
ENSG00000134852	CLOCK	1139	1917	985	1078	1326	1327	1583
ENSG00000134853	PDGFRA	337	522	256	328	293	294	347
ENSG00000134864	GGACT	75	143	77	77	119	134	127
ENSG00000134871	COL4A2	38019	61006	35700	38095	45478	35575	53932
ENSG00000134873	CLDN10	5	2	4	6	6	10	3
ENSG00000134874	DZIP1	2687	4481	2447	2645	2361	2225	2650
ENSG00000134882	UBAC2	1640	2639	1600	1506	1956	1785	2126
ENSG00000134884	ARGLU1	466	681	442	372	632	545	673
ENSG00000134897	BIVM	1600	2518	1475	1491	1624	1533	1810
ENSG00000134899	ERCC5	1327	2238	1318	1322	1578	1549	1943
ENSG00000134900	TPP2	1583	2593	1438	1635	1997	1961	2475
ENSG00000134901	POGLUT2	738	1248	776	775	917	925	1129
ENSG00000134905	CARS2	1271	2108	1285	1301	1899	1729	2292
ENSG00000134909	ARHGAP32	1719	2734	1476	1765	2036	2143	2487
ENSG00000134910	STT3A	3248	5802	3632	3518	4850	4812	6181
ENSG00000134917	ADAMTS8	3	4	8	13	15	17	17
ENSG00000134940	ACRV1	9	9	7	4	11	5	15
ENSG00000134954	ETS1	2953	4959	3186	3162	5412	5097	6742
ENSG00000134955	SLC37A2	412	647	387	418	652	579	774
ENSG00000134962	KLB	20	31	13	18	28	26	36
ENSG00000134970	TMED7	3810	6244	3796	3705	5374	5053	6436
ENSG00000134982	APC	2205	3350	1999	2314	3102	3053	3947
ENSG00000134986	NREP	2483	4012	2289	2226	2487	2546	2899
ENSG00000134987	WDR36	1705	2640	1642	1546	2289	2167	2707
ENSG00000134996	OSTF1	702	1112	786	672	874	791	1050
ENSG00000135002	RFK	691	1244	817	786	1215	1106	1499
ENSG00000135018	UBQLN1	5772	9362	5780	5839	8099	8294	10121
ENSG00000135040	NAA35	1229	1892	1163	1194	1588	1557	1832
ENSG00000135045	C9orf40	346	557	324	342	443	389	514
ENSG00000135046	ANXA1	11906	20557	13251	12679	16727	16420	20660
ENSG00000135047	CTSL	5816	9724	5834	5635	5930	5928	6958
ENSG00000135048	CEMIP2	6663	10616	6109	6968	9807	9644	13101
ENSG00000135049	AGTPBP1	600	1093	639	590	666	707	836
ENSG00000135052	GOLM1	4733	7838	4801	4777	5078	4871	5842
ENSG00000135063	FAM189A2	100	154	98	107	134	111	122
ENSG00000135069	PSAT1	2686	4521	3378	3207	4390	4480	5882
ENSG00000135070	ISCA1	982	1477	1002	953	1096	1127	1360
ENSG00000135074	ADAM19	294	510	355	362	556	525	759
ENSG00000135077	HAVCR2	14	21	18	11	23	11	10
ENSG00000135083	CCNJL	300	709	263	358	542	446	755
ENSG00000135090	TAOK3	2012	3276	2022	2038	2471	2574	2903
ENSG00000135093	USP30	340	634	355	345	378	390	474
ENSG00000135094	SDS	3	3	4	3	4	3	3
ENSG00000135097	MSI1	100	186	122	125	156	158	152
ENSG00000135100	HNF1A	12	6	9	2	3	6	9
ENSG00000135108	FBXO21	1614	2756	1597	1720	1921	1865	2174
ENSG00000135111	TBX3	3160	5473	3225	3321	3636	3585	4315
ENSG00000135114	OASL	4	4	3	2	2	4	2
ENSG00000135116	HRK	36	45	30	40	64	33	51
ENSG00000135119	RNFT2	141	216	147	142	269	241	337
ENSG00000135124	P2RX4	26	61	47	26	56	57	54
ENSG00000135127	BICDL1	19	32	14	23	34	22	39
ENSG00000135144	DTX1	360	522	402	365	401	365	437
ENSG00000135148	TRAFD1	1022	1647	966	940	1147	1060	1367
ENSG00000135164	DMTF1	881	1504	800	854	1066	1087	1475
ENSG00000135185	TMEM243	545	814	542	495	571	513	663
ENSG00000135205	CCDC146	60	102	39	61	75	67	95
ENSG00000135211	TMEM60	175	331	199	213	272	280	334
ENSG00000135218	CD36	12	25	9	12	27	12	24
ENSG00000135226	UGT2B28	0	0	0	1	0	0	0
ENSG00000135241	PNPLA8	1109	1987	1200	1127	1343	1341	1542
ENSG00000135245	HILPDA	281	486	285	262	570	523	533
ENSG00000135248	GARIN1B	1	0	1	0	0	1	0
ENSG00000135249	RINT1	1425	2306	1398	1463	1647	1557	1985
ENSG00000135250	SRPK2	2630	4198	2447	2530	3247	3118	3724
ENSG00000135253	KCP	0	0	0	6	10	14	12
ENSG00000135269	TES	928	1560	942	993	1394	1269	1693
ENSG00000135272	MDFIC	2495	3918	2226	2217	2255	1850	2466
ENSG00000135297	MTO1	252	248	261	148	180	221	437
ENSG00000135298	ADGRB3	0	0	0	0	1	0	1
ENSG00000135299	ANKRD6	95	115	98	100	110	109	125
ENSG00000135312	HTR1B	0	0	1	0	0	0	0
ENSG00000135315	CEP162	161	212	131	130	172	170	194
ENSG00000135316	SYNCRIP	5268	8711	5399	5277	8953	8597	11449
ENSG00000135317	SNX14	969	1771	985	992	1170	1203	1408
ENSG00000135318	NT5E	3069	5297	2923	3000	3523	3450	4056
ENSG00000135324	MRAP2	63	96	44	62	70	101	116
ENSG00000135334	AKIRIN2	934	1535	1014	971	1445	1414	1767
ENSG00000135336	ORC3	472	881	507	467	723	721	968
ENSG00000135338	LCA5	205	316	165	177	229	239	242
ENSG00000135341	MAP3K7	766	1372	716	814	848	859	1082
ENSG00000135355	GJA10	0	0	1	0	0	0	0
ENSG00000135362	PRR5L	35	53	42	30	55	62	58
ENSG00000135363	LMO2	62	105	30	49	40	33	60
ENSG00000135365	PHF21A	1694	3018	1693	1777	1836	1770	1716
ENSG00000135372	NAT10	2971	5054	3144	3119	3869	3986	4520
ENSG00000135373	EHF	89	120	91	90	98	104	153
ENSG00000135378	PRRG4	205	319	193	233	308	295	358
ENSG00000135387	CAPRIN1	9298	14980	8390	9281	11923	12220	14491
ENSG00000135390	ATP5MC2	4105	7612	4489	4244	4772	4631	5344
ENSG00000135392	DNAJC14	2360	3756	2428	2329	2458	2373	3076
ENSG00000135404	CD63	12074	21434	13631	13035	16884	16444	20230
ENSG00000135406	PRPH	0	2	2	3	6	0	0
ENSG00000135407	AVIL	7	20	10	9	17	20	22
ENSG00000135409	AMHR2	1	2	0	0	0	1	1
ENSG00000135414	GDF11	4446	7339	4363	4504	5659	5340	6463
ENSG00000135423	GLS2	1	0	2	0	0	0	2
ENSG00000135424	ITGA7	304	474	287	298	404	438	424
ENSG00000135426	TESPA1	0	0	0	0	2	0	1
ENSG00000135436	FAM186B	35	28	27	26	25	46	58
ENSG00000135437	RDH5	85	156	105	113	97	116	149
ENSG00000135439	AGAP2	196	300	177	194	166	132	141
ENSG00000135441	BLOC1S1	976	1714	1112	1106	1571	1530	1893
ENSG00000135446	CDK4	4336	7790	5090	4587	8126	7575	9723
ENSG00000135447	PPP1R1A	2	1	8	3	3	1	3
ENSG00000135451	TROAP	1175	1918	1161	1231	1539	1514	1965
ENSG00000135452	TSPAN31	662	1062	711	598	738	731	777
ENSG00000135454	B4GALNT1	812	1440	923	953	1437	1399	1872
ENSG00000135457	TFCP2	1252	2206	1324	1314	1912	1557	2401
ENSG00000135469	COQ10A	245	459	260	198	396	398	435
ENSG00000135472	FAIM2	67	127	100	98	115	113	134
ENSG00000135473	PAN2	1495	2450	1295	1375	1845	1908	2037
ENSG00000135476	ESPL1	1608	2867	1660	1639	2767	2622	3336
ENSG00000135480	KRT7	0	1	0	3	4	1	0
ENSG00000135482	ZC3H10	579	935	544	592	774	750	958
ENSG00000135486	HNRNPA1	25765	42505	26819	24872	35811	33736	41079
ENSG00000135503	ACVR1B	812	1258	808	856	978	818	1128
ENSG00000135506	OS9	5741	9415	5696	5538	6506	6157	7321
ENSG00000135517	MIP	0	1	0	0	2	0	0
ENSG00000135519	KCNH3	57	88	60	74	65	75	74
ENSG00000135521	LTV1	872	1534	918	878	1157	983	1316
ENSG00000135525	MAP7	46	82	58	54	101	109	172
ENSG00000135535	CD164	3931	6265	3707	3802	4241	4179	4754
ENSG00000135537	AFG1L	119	155	99	99	115	121	147
ENSG00000135540	NHSL1	3707	6231	3404	3591	4529	4431	5088
ENSG00000135541	AHI1	567	992	464	482	553	644	657
ENSG00000135547	HEY2	420	763	399	422	468	440	492
ENSG00000135549	PKIB	4	12	5	8	11	15	14
ENSG00000135577	NMBR	0	3	0	2	3	0	0
ENSG00000135587	SMPD2	191	313	203	187	266	252	328
ENSG00000135596	MICAL1	839	1352	843	822	935	932	1028
ENSG00000135597	REPS1	611	1087	627	705	1007	934	1328
ENSG00000135604	STX11	6	10	6	6	24	11	32
ENSG00000135605	TEC	11	22	10	16	12	7	23
ENSG00000135617	PRADC1	279	489	309	320	446	464	599
ENSG00000135622	SEMA4F	459	714	507	497	635	620	655
ENSG00000135624	CCT7	12159	20444	13299	12685	19206	18627	23260
ENSG00000135625	EGR4	0	5	3	6	4	5	13
ENSG00000135631	RAB11FIP5	810	1357	843	769	1175	1133	1336
ENSG00000135632	SMYD5	826	1327	842	929	1177	1202	1478
ENSG00000135636	DYSF	47	47	35	40	56	58	57
ENSG00000135637	CCDC142	625	944	562	567	872	746	1033
ENSG00000135643	KCNMB4	92	175	118	109	84	78	96
ENSG00000135655	USP15	1390	2393	1371	1214	1956	1837	2325
ENSG00000135677	GNS	5087	8550	4815	5052	5794	5551	6657
ENSG00000135678	CPM	1016	1618	981	922	945	949	1013
ENSG00000135679	MDM2	2359	3923	2331	2351	3042	2926	3718
ENSG00000135686	KLHL36	1078	1764	982	1076	1238	1135	1434
ENSG00000135697	BCO1	0	1	0	1	2	2	0
ENSG00000135698	MPHOSPH6	277	482	300	290	515	507	697
ENSG00000135702	CHST5	38	55	43	47	24	29	43
ENSG00000135709	KIAA0513	1727	2669	1449	1568	1361	1264	1497
ENSG00000135720	DYNC1LI2	4072	6728	4022	4100	5946	5650	6996
ENSG00000135722	FBXL8	569	815	425	433	425	415	463
ENSG00000135723	FHOD1	2500	4129	2496	2471	2936	2859	3568
ENSG00000135736	CCDC102A	502	812	534	530	560	316	633
ENSG00000135740	SLC9A5	290	465	251	300	318	316	329
ENSG00000135744	AGT	47	59	29	27	34	36	60
ENSG00000135749	PCNX2	1142	1915	1027	1073	1353	1247	1404
ENSG00000135750	KCNK1	10	15	3	7	7	7	14
ENSG00000135763	URB2	1039	1667	1076	1085	1573	1593	2167
ENSG00000135766	EGLN1	1936	3107	1971	1825	2880	2571	3476
ENSG00000135773	CAPN9	1	9	2	1	6	2	4
ENSG00000135775	COG2	1200	1919	1150	1061	1375	1319	1596
ENSG00000135776	ABCB10	1071	1677	1057	1037	1342	1284	1731
ENSG00000135778	NTPCR	448	751	383	439	512	510	546
ENSG00000135801	TAF5L	1099	1862	1166	1225	1464	1462	1900
ENSG00000135821	GLUL	1397	2317	1346	1374	1337	1326	1447
ENSG00000135823	STX6	1620	2677	1561	1686	2180	2015	2779
ENSG00000135824	RGS8	88	148	106	83	60	69	72
ENSG00000135828	RNASEL	635	1014	584	575	650	649	727
ENSG00000135829	DHX9	7051	11510	7021	7245	9887	9817	13014
ENSG00000135835	KIAA1614	175	259	140	155	215	167	217
ENSG00000135837	CEP350	2735	3846	2127	2320	3307	3308	3944
ENSG00000135838	NPL	248	416	249	253	318	336	403
ENSG00000135842	NIBAN1	1863	2995	2183	2488	2491	2303	3158
ENSG00000135845	PIGC	785	1310	834	865	1257	1231	1577
ENSG00000135862	LAMC1	25687	42359	24179	26640	31057	28842	37204
ENSG00000135870	RC3H1	982	1401	850	890	984	934	1178
ENSG00000135898	GPR55	128	230	121	124	134	116	157
ENSG00000135899	SP110	489	788	504	487	783	729	786
ENSG00000135900	MRPL44	648	1116	738	715	1086	1027	1444
ENSG00000135903	PAX3	535	840	473	486	553	564	737
ENSG00000135905	DOCK10	547	776	449	569	628	566	765
ENSG00000135912	TTLL4	741	1280	796	767	1112	1112	1331
ENSG00000135913	USP37	504	892	477	509	748	743	986
ENSG00000135914	HTR2B	2	2	0	2	3	4	5
ENSG00000135916	ITM2C	7227	12523	7733	7490	9669	8588	11212
ENSG00000135917	SLC19A3	94	151	45	79	98	107	122
ENSG00000135919	SERPINE2	167168	286807	164567	160254	166542	161717	185260
ENSG00000135924	DNAJB2	637	989	640	634	943	798	1104
ENSG00000135925	WNT10A	14	24	10	9	16	11	18
ENSG00000135926	TMBIM1	1744	3246	1832	1832	2010	2059	2316
ENSG00000135929	CYP27A1	527	1000	531	489	685	593	654
ENSG00000135930	EIF4E2	1497	2719	1701	1623	2577	2503	3119
ENSG00000135931	ARMC9	1051	1792	1017	1141	1320	1235	1469
ENSG00000135932	CAB39	2222	3768	2329	2155	3052	2645	3606
ENSG00000135940	COX5B	2360	4061	2462	2441	3458	3608	4360
ENSG00000135945	REV1	712	1066	659	631	620	660	779
ENSG00000135951	TSGA10	0	3	10	0	5	3	11
ENSG00000135953	MFSD9	131	180	113	135	168	121	184
ENSG00000135956	TMEM127	1241	2088	1297	1342	1937	1804	2253
ENSG00000135960	EDAR	0	0	2	0	1	1	0
ENSG00000135966	TGFBRAP1	712	1112	656	754	1032	1057	1332
ENSG00000135968	GCC2	1669	2473	1489	1485	1922	1764	2132
ENSG00000135972	MRPS9	490	899	560	485	701	733	938
ENSG00000135973	GPR45	0	0	0	0	3	0	0
ENSG00000135974	C2orf49	744	1182	716	781	1272	1167	1517
ENSG00000135976	ANKRD36	243	348	179	204	332	283	399
ENSG00000135999	EPC2	642	1010	582	572	669	685	867
ENSG00000136002	ARHGEF4	312	409	285	339	240	201	186
ENSG00000136003	ISCU	898	1690	1093	1011	1205	1121	1461
ENSG00000136010	ALDH1L2	1084	1726	1041	1203	1096	1049	1269
ENSG00000136011	STAB2	2	4	5	5	5	6	5
ENSG00000136014	USP44	18	41	44	19	31	17	31
ENSG00000136021	SCYL2	1631	2642	1483	1606	2050	1978	2481
ENSG00000136026	CKAP4	5367	9040	5811	5507	6905	6664	7693
ENSG00000136040	PLXNC1	183	244	151	151	153	141	174
ENSG00000136044	APPL2	1230	2232	1340	1260	1638	1528	1832
ENSG00000136045	PWP1	1710	2913	1791	1771	1836	1820	2096
ENSG00000136048	DRAM1	925	1591	893	924	1221	1166	1387
ENSG00000136051	WASHC4	2016	3546	2002	2015	2260	2177	2315
ENSG00000136052	SLC41A2	148	256	172	153	231	240	302
ENSG00000136059	VILL	54	94	54	46	45	75	82
ENSG00000136068	FLNB	2442	3819	2370	2748	3669	3599	4683
ENSG00000136098	NEK3	118	236	117	134	130	130	151
ENSG00000136100	VPS36	1170	2069	1122	1118	1357	1364	1676
ENSG00000136104	RNASEH2B	686	1023	628	576	817	816	1008
ENSG00000136108	CKAP2	2856	4553	2696	2749	4042	3963	4924
ENSG00000136110	CNMD	1	0	3	0	1	0	1
ENSG00000136111	TBC1D4	3385	5551	2974	3037	3233	3104	3617
ENSG00000136114	THSD1	16	24	10	3	15	11	16
ENSG00000136122	BORA	308	394	284	266	402	396	492
ENSG00000136141	LRCH1	981	1500	839	976	1101	1106	1397
ENSG00000136143	SUCLA2	1102	1747	1103	981	1302	1236	1638
ENSG00000136144	RCBTB1	1505	2353	1362	1356	1745	1603	1975
ENSG00000136146	MED4	1037	1813	1041	1015	1317	1313	1613
ENSG00000136147	PHF11	200	332	146	144	204	203	197
ENSG00000136152	COG3	1150	1680	945	992	1238	1286	1541
ENSG00000136153	LMO7	567	855	546	548	660	559	625
ENSG00000136155	SCEL	4	3	3	0	0	2	2
ENSG00000136156	ITM2B	1948	3767	2159	2001	2162	2113	2648
ENSG00000136158	SPRY2	6587	11126	6273	5956	6350	6144	6644
ENSG00000136159	NUDT15	710	1189	829	741	1090	1084	1347
ENSG00000136160	EDNRB	6773	11337	6195	6108	7527	7204	8387
ENSG00000136161	RCBTB2	58	127	58	67	80	89	81
ENSG00000136167	LCP1	21	34	25	17	33	36	48
ENSG00000136169	SETDB2	617	987	532	561	747	651	831
ENSG00000136193	SCRN1	7403	12135	7122	7565	10222	9837	12447
ENSG00000136197	C7orf25	456	735	419	440	622	554	742
ENSG00000136205	TNS3	4198	7139	4170	4214	4234	4132	5245
ENSG00000136206	SPDYE1	92	139	77	80	89	76	102
ENSG00000136213	CHST12	910	1529	946	972	1192	1094	1430
ENSG00000136231	IGF2BP3	2743	4373	2486	2600	3082	3137	3690
ENSG00000136235	GPNMB	10440	17468	9678	9635	14440	14213	14880
ENSG00000136237	RAPGEF5	269	437	240	321	315	288	384
ENSG00000136238	RAC1	8999	15542	9654	9357	14123	13536	17078
ENSG00000136240	KDELR2	5568	9193	5895	5569	8181	7801	9746
ENSG00000136243	NUP42	386	673	395	372	478	452	561
ENSG00000136244	IL6	1	1	2	0	4	2	9
ENSG00000136247	ZDHHC4	1056	1783	1078	1072	950	1033	1137
ENSG00000136250	AOAH	16	28	16	8	9	12	6
ENSG00000136261	BZW2	4706	8272	5067	5165	6543	6442	7760
ENSG00000136267	DGKB	22	28	17	20	17	30	19
ENSG00000136270	TBRG4	3135	5387	3379	3298	5126	4973	6137
ENSG00000136271	DDX56	2135	3699	2407	2205	4367	4235	5798
ENSG00000136273	HUS1	461	727	449	419	474	517	509
ENSG00000136274	NACAD	87	137	85	90	129	120	156
ENSG00000136279	DBNL	3138	4696	3039	2978	3828	3276	4101
ENSG00000136280	CCM2	451	732	499	495	578	591	700
ENSG00000136295	TTYH3	6297	10745	6730	7007	8025	7421	9386
ENSG00000136297	MMD2	0	0	1	0	0	0	0
ENSG00000136305	CIDEB	0	4	1	0	0	1	0
ENSG00000136319	TTC5	212	336	261	186	343	312	390
ENSG00000136327	NKX2-8	0	0	0	0	0	0	1
ENSG00000136367	ZFHX2	22	52	18	43	64	44	60
ENSG00000136371	MTHFS	244	418	280	244	397	407	483
ENSG00000136378	ADAMTS7	321	467	304	293	281	269	334
ENSG00000136379	ABHD17C	5633	9652	5312	5277	6049	5896	6437
ENSG00000136381	IREB2	3169	5104	3009	3082	3701	3540	4321
ENSG00000136383	ALPK3	88	103	69	91	64	56	88
ENSG00000136404	TM6SF1	2	1	2	3	4	2	2
ENSG00000136425	CIB2	26	23	30	30	34	31	34
ENSG00000136436	CALCOCO2	2661	4758	2670	2773	3577	3403	3982
ENSG00000136444	RSAD1	1105	1905	1101	1162	1415	1343	1747
ENSG00000136448	NMT1	2439	3953	2463	2620	3655	3580	5057
ENSG00000136449	MYCBPAP	38	73	30	46	37	54	32
ENSG00000136450	SRSF1	6070	9984	6019	5933	8895	8046	11305
ENSG00000136451	VEZF1	3907	6223	3871	3795	4759	4502	5731
ENSG00000136457	CHAD	13	17	16	7	12	3	10
ENSG00000136463	TACO1	743	1172	770	781	847	852	1024
ENSG00000136478	TEX2	557	946	575	557	779	834	1070
ENSG00000136485	DCAF7	4097	6902	4187	4494	6243	5842	7443
ENSG00000136490	LIMD2	645	1127	747	626	860	734	931
ENSG00000136492	BRIP1	532	871	445	617	825	785	935
ENSG00000136504	KAT7	1271	2043	1211	1223	1411	1386	1521
ENSG00000136514	RTP4	61	90	63	48	80	57	75
ENSG00000136518	ACTL6A	1519	2446	1532	1473	2059	1981	2491
ENSG00000136521	NDUFB5	1065	1748	1106	1061	1448	1504	1856
ENSG00000136522	MRPL47	1024	1638	985	1036	2055	2084	2738
ENSG00000136527	TRA2B	2265	3782	2573	2464	5318	5158	7248
ENSG00000136531	SCN2A	23	54	11	23	22	23	32
ENSG00000136535	TBR1	0	0	0	0	1	0	1
ENSG00000136536	MARCHF7	1571	2437	1471	1376	2052	1978	2328
ENSG00000136541	ERMN	1	1	1	0	6	0	2
ENSG00000136542	GALNT5	962	1576	750	881	973	927	877
ENSG00000136546	SCN7A	1	2	0	0	1	2	0
ENSG00000136560	TANK	370	626	339	310	339	310	339
ENSG00000136573	BLK	0	0	0	0	0	4	0
ENSG00000136574	GATA4	692	1160	651	700	693	688	948
ENSG00000136603	SKIL	824	1396	733	743	846	807	945
ENSG00000136628	EPRS1	9451	15323	9405	9741	14314	13845	16657
ENSG00000136630	HLX	457	841	443	420	702	636	678
ENSG00000136631	VPS45	1180	2154	1342	1192	1329	1389	1575
ENSG00000136634	IL10	67	129	50	61	79	86	61
ENSG00000136636	KCTD3	5672	9411	5472	5503	5920	5660	6999
ENSG00000136643	RPS6KC1	1830	2907	1844	1846	2268	2287	2612
ENSG00000136682	CBWD2	266	406	289	234	209	224	292
ENSG00000136688	IL36G	4	5	2	2	4	3	2
ENSG00000136695	IL36RN	0	1	0	0	0	0	0
ENSG00000136699	SMPD4	1415	2493	1525	1566	2581	2465	3355
ENSG00000136709	WDR33	2065	3372	1983	1953	3179	3101	3994
ENSG00000136710	CCDC115	213	333	226	183	304	272	356
ENSG00000136715	SAP130	898	1511	885	969	1170	1165	1376
ENSG00000136717	BIN1	106	239	152	147	111	112	160
ENSG00000136718	IMP4	1687	2858	1848	1789	2257	2293	2570
ENSG00000136720	HS6ST1	461	812	538	540	684	612	852
ENSG00000136731	UGGT1	3968	6543	4001	3888	5610	4654	5898
ENSG00000136732	GYPC	1127	1995	1126	1093	1499	1566	1709
ENSG00000136738	STAM	653	1103	620	682	949	1085	1312
ENSG00000136754	ABI1	1117	1735	946	1019	1340	1364	1566
ENSG00000136758	YME1L1	5551	9223	5633	5703	8134	7966	10069
ENSG00000136770	DNAJC1	537	874	487	466	721	690	808
ENSG00000136783	NIPSNAP3A	199	349	212	217	203	186	252
ENSG00000136802	LRRC8A	2492	4132	2472	2566	3128	3024	3654
ENSG00000136807	CDK9	1783	2886	1846	1797	2430	2210	2916
ENSG00000136810	TXN	3614	6324	4195	3888	5011	5112	6605
ENSG00000136811	ODF2	1032	1512	1092	1051	1195	1302	1438
ENSG00000136813	ECPAS	5490	9002	4914	5352	5927	5968	7052
ENSG00000136816	TOR1B	1063	1950	1038	1036	1346	1342	1673
ENSG00000136819	C9orf78	2107	3551	2218	2146	2719	2759	3530
ENSG00000136824	SMC2	3256	5064	3185	3325	5367	5027	6537
ENSG00000136826	KLF4	192	390	221	216	398	393	586
ENSG00000136827	TOR1A	1592	2682	1620	1572	2027	2013	2747
ENSG00000136828	RALGPS1	52	61	39	37	48	52	66
ENSG00000136830	NIBAN2	10104	17428	11234	11369	12834	9287	15431
ENSG00000136834	OR1J1	1	1	2	0	3	2	3
ENSG00000136840	ST6GALNAC4	612	997	652	622	706	707	839
ENSG00000136842	TMOD1	36	60	29	35	42	31	52
ENSG00000136848	DAB2IP	1703	2947	1725	1754	2121	2073	2619
ENSG00000136854	STXBP1	4129	7387	4024	4033	5657	5744	5822
ENSG00000136859	ANGPTL2	988	1630	920	1005	1127	1126	1338
ENSG00000136861	CDK5RAP2	2327	3760	2177	2393	3319	3200	3897
ENSG00000136866	ZFP37	264	368	215	217	244	229	311
ENSG00000136867	SLC31A2	62	166	108	109	195	149	207
ENSG00000136868	SLC31A1	2090	3615	2211	2194	3613	3445	4040
ENSG00000136869	TLR4	1806	2926	1817	1989	1943	1841	2526
ENSG00000136870	ZNF189	703	1173	653	639	748	713	861
ENSG00000136872	ALDOB	5	7	9	6	11	8	8
ENSG00000136874	STX17	1080	1664	932	972	1291	1193	1339
ENSG00000136875	PRPF4	3298	5519	3398	3610	5631	5406	7078
ENSG00000136877	FPGS	1161	2095	1335	1357	1544	1485	1910
ENSG00000136878	USP20	1118	1740	1102	1037	1201	1129	1298
ENSG00000136881	BAAT	1	3	1	1	1	1	2
ENSG00000136883	KIF12	6	0	1	1	3	0	16
ENSG00000136888	ATP6V1G1	1839	3067	1794	1767	2558	2652	3264
ENSG00000136891	TEX10	1154	2017	1239	1152	2258	2320	2964
ENSG00000136895	GARNL3	7	0	2	3	0	1	2
ENSG00000136897	MRPL50	883	1458	918	821	1772	1780	2393
ENSG00000136908	DPM2	1674	2912	1856	1768	2460	2563	2966
ENSG00000136918	WDR38	2	6	1	1	5	4	3
ENSG00000136925	TSTD2	714	1227	703	715	1091	1189	1496
ENSG00000136928	GABBR2	8	21	5	9	19	10	25
ENSG00000136930	PSMB7	6348	10782	6985	6252	10005	10141	12254
ENSG00000136931	NR5A1	1	1	0	0	1	0	0
ENSG00000136932	TRMO	158	292	173	182	327	315	446
ENSG00000136933	RABEPK	785	1423	838	793	1072	1002	1294
ENSG00000136935	GOLGA1	837	1418	748	825	1056	1040	1220
ENSG00000136936	XPA	274	509	291	268	371	294	337
ENSG00000136937	NCBP1	2344	3644	2361	2302	3389	3300	4304
ENSG00000136938	ANP32B	8624	14261	9643	9031	13261	12486	15258
ENSG00000136940	PDCL	754	1234	755	717	855	769	1040
ENSG00000136942	RPL35	15799	27811	18223	16606	24789	24398	29839
ENSG00000136943	CTSV	2	17	11	0	16	17	17
ENSG00000136944	LMX1B	73	93	73	78	72	79	99
ENSG00000136950	ARPC5L	1361	2265	1446	1447	1690	1783	2238
ENSG00000136960	ENPP2	3247	5502	2962	3130	2482	2540	2862
ENSG00000136982	DSCC1	744	1225	754	788	1143	1142	1508
ENSG00000136986	DERL1	1769	2954	1861	1747	2413	2303	2805
ENSG00000136997	MYC	538	904	550	551	838	780	1099
ENSG00000136999	CCN3	56	84	44	47	118	126	108
ENSG00000137033	IL33	0	0	0	0	0	0	1
ENSG00000137038	DMAC1	1649	2749	1794	1695	2154	2156	2672
ENSG00000137040	RANBP6	1580	2686	1493	1514	2181	2115	2850
ENSG00000137054	POLR1E	1260	2166	1223	1252	1457	1477	1818
ENSG00000137055	PLAA	2868	4757	2824	2886	3682	3772	4537
ENSG00000137070	IL11RA	50	75	61	61	91	99	105
ENSG00000137073	UBAP2	1013	1723	1073	1071	1394	1378	1591
ENSG00000137074	APTX	422	624	433	427	752	690	807
ENSG00000137075	RNF38	960	1467	862	902	1053	1036	1224
ENSG00000137076	TLN1	12426	19507	11709	12614	16572	16379	19886
ENSG00000137078	SIT1	0	1	0	0	0	0	0
ENSG00000137090	DMRT1	0	0	1	1	0	0	1
ENSG00000137094	DNAJB5	146	279	155	187	189	203	211
ENSG00000137098	SPAG8	4	44	33	9	25	36	59
ENSG00000137100	DCTN3	1180	2075	1318	1421	1900	1874	2437
ENSG00000137101	CD72	9	13	8	4	5	11	9
ENSG00000137103	TMEM8B	385	642	379	385	486	431	477
ENSG00000137106	GRHPR	1823	3208	1872	1782	2217	2253	2688
ENSG00000137124	ALDH1B1	828	1476	929	887	1453	1330	1830
ENSG00000137133	HINT2	525	936	618	566	997	902	1275
ENSG00000137135	ARHGEF39	403	660	475	431	591	604	721
ENSG00000137142	IGFBPL1	9	9	7	6	9	10	4
ENSG00000137145	DENND4C	1870	2909	1663	1785	2088	2080	2456
ENSG00000137154	RPS6	55577	95402	56865	52590	66230	64645	75099
ENSG00000137161	CNPY3	1111	1915	1289	1185	1273	1292	1472
ENSG00000137166	FOXP4	1135	1981	1282	1319	1397	1345	1690
ENSG00000137168	PPIL1	505	924	641	565	1030	961	1204
ENSG00000137171	KLC4	343	565	334	343	443	468	460
ENSG00000137177	KIF13A	1535	2428	1460	1561	1746	1715	2074
ENSG00000137185	ZSCAN9	146	253	134	134	161	197	217
ENSG00000137193	PIM1	348	610	370	369	516	465	717
ENSG00000137198	GMPR	5	7	0	2	3	6	5
ENSG00000137200	CMTR1	1803	2882	1792	1729	2294	2289	2755
ENSG00000137203	TFAP2A	546	804	425	438	461	494	503
ENSG00000137207	YIPF3	1687	2877	1816	1765	2320	2206	2753
ENSG00000137210	TMEM14B	877	1555	1023	1051	1452	1337	1776
ENSG00000137216	TMEM63B	1051	1880	1043	1111	1252	1264	1516
ENSG00000137218	FRS3	157	238	156	158	160	152	176
ENSG00000137221	TJAP1	975	1427	867	879	1278	1185	1470
ENSG00000137225	CAPN11	0	1	2	0	4	5	2
ENSG00000137261	KIAA0319	0	2	0	0	0	1	1
ENSG00000137265	IRF4	28	42	24	23	25	32	24
ENSG00000137266	SLC22A23	233	331	229	212	243	219	265
ENSG00000137267	TUBB2A	892	1626	1059	1082	1964	1929	2554
ENSG00000137269	LRRC1	515	764	450	497	598	540	739
ENSG00000137270	GCM1	3	13	3	8	3	3	6
ENSG00000137273	FOXF2	199	356	229	242	231	213	271
ENSG00000137274	BPHL	90	196	110	98	149	152	180
ENSG00000137275	RIPK1	481	732	476	533	565	552	799
ENSG00000137285	TUBB2B	1019	1755	1230	1069	969	890	1221
ENSG00000137288	UQCC2	340	580	346	384	552	531	674
ENSG00000137309	HMGA1	30419	52838	33869	33273	41424	41338	50649
ENSG00000137310	TCF19	761	1189	798	817	1647	1571	2197
ENSG00000137312	FLOT1	1372	2303	1567	1444	2696	2584	3132
ENSG00000137331	IER3	6392	10746	6126	5555	5571	5345	6390
ENSG00000137337	MDC1	1850	2875	1750	1948	2501	2428	2978
ENSG00000137338	PGBD1	98	137	81	99	165	140	215
ENSG00000137343	ATAT1	425	715	418	418	448	477	512
ENSG00000137364	TPMT	976	1658	1051	972	1265	1201	1585
ENSG00000137392	CLPS	5	20	20	14	5	8	8
ENSG00000137393	RNF144B	11	16	12	9	23	26	33
ENSG00000137404	NRM	482	905	522	523	971	910	1175
ENSG00000137409	MTCH1	2999	5287	3132	3022	3514	3294	4201
ENSG00000137411	VARS2	1260	2086	1292	1202	1450	1410	1638
ENSG00000137413	TAF8	804	1305	748	707	945	848	1103
ENSG00000137414	FAM8A1	1437	2150	1207	1368	1368	1338	1559
ENSG00000137434	C6orf52	3	8	0	3	8	5	7
ENSG00000137440	FGFBP1	0	0	0	0	0	0	2
ENSG00000137441	FGFBP2	137	235	116	118	174	175	177
ENSG00000137449	CPEB2	676	1139	619	640	723	657	798
ENSG00000137460	FHDC1	70	119	82	96	108	121	177
ENSG00000137462	TLR2	18	30	10	8	14	9	9
ENSG00000137463	MGARP	4	2	3	3	1	1	2
ENSG00000137473	TTC29	3	4	2	1	6	3	2
ENSG00000137474	MYO7A	95	138	77	80	82	85	89
ENSG00000137478	FCHSD2	534	851	518	532	491	508	627
ENSG00000137486	ARRB1	739	1311	759	823	898	765	944
ENSG00000137491	SLCO2B1	0	0	0	0	0	0	1
ENSG00000137492	THAP12	1284	2113	1311	1312	1679	1724	1968
ENSG00000137494	ANKRD42	669	1003	575	611	876	782	972
ENSG00000137496	IL18BP	105	209	87	90	113	111	167
ENSG00000137497	NUMA1	6828	10926	6206	6773	9452	8115	11096
ENSG00000137500	CCDC90B	216	433	273	195	287	207	305
ENSG00000137501	SYTL2	314	591	418	353	479	437	572
ENSG00000137502	RAB30	197	282	166	146	248	224	252
ENSG00000137504	CREBZF	2447	3873	2103	2315	2539	2363	2555
ENSG00000137507	LRRC32	10	10	9	6	13	7	12
ENSG00000137509	PRCP	955	1638	992	921	1160	933	1190
ENSG00000137513	NARS2	642	1151	647	598	1017	834	1188
ENSG00000137522	RNF121	457	644	430	447	592	638	796
ENSG00000137547	MRPL15	941	1656	1165	1079	1666	1779	2403
ENSG00000137558	PI15	2987	4956	2759	2859	3481	3363	4330
ENSG00000137561	TTPA	25	25	25	16	44	38	33
ENSG00000137563	GGH	1516	2654	1593	1498	1853	1862	2308
ENSG00000137571	SLCO5A1	383	650	365	331	452	387	496
ENSG00000137573	SULF1	428	676	489	490	461	453	606
ENSG00000137574	TGS1	1069	1514	888	982	1594	1438	1978
ENSG00000137575	SDCBP	5983	10125	5730	5718	8989	8641	10353
ENSG00000137601	NEK1	415	657	306	359	497	447	548
ENSG00000137628	DDX60	198	380	199	160	174	159	294
ENSG00000137634	NXPE4	0	0	0	0	0	1	0
ENSG00000137642	SORL1	774	1379	704	775	1061	1051	1270
ENSG00000137656	BUD13	659	1095	640	701	866	925	1110
ENSG00000137673	MMP7	2	0	0	0	0	0	0
ENSG00000137674	MMP20	0	1	0	0	0	2	0
ENSG00000137691	CFAP300	60	80	38	49	66	76	88
ENSG00000137692	DCUN1D5	629	982	613	560	692	710	915
ENSG00000137693	YAP1	6029	9668	5707	5725	7058	6261	8636
ENSG00000137699	TRIM29	1	1	0	0	0	0	0
ENSG00000137700	SLC37A4	861	1536	939	884	1148	1112	1291
ENSG00000137707	BTG4	0	0	1	0	0	0	0
ENSG00000137709	POU2F3	8	11	4	0	4	3	0
ENSG00000137710	RDX	4729	7546	4812	4888	7014	6607	8302
ENSG00000137713	PPP2R1B	863	1476	854	827	1349	1298	1836
ENSG00000137714	FDX1	460	753	475	443	740	711	829
ENSG00000137720	C11orf1	314	529	321	277	344	321	399
ENSG00000137726	FXYD6	23	42	30	31	31	21	25
ENSG00000137727	ARHGAP20	198	270	117	144	208	185	236
ENSG00000137731	FXYD2	0	0	0	0	1	0	0
ENSG00000137745	MMP13	0	1	2	1	0	0	1
ENSG00000137747	TMPRSS13	0	1	0	0	0	0	2
ENSG00000137752	CASP1	14	14	0	4	11	10	10
ENSG00000137757	CASP5	0	0	1	0	0	0	0
ENSG00000137760	ALKBH8	1045	1750	1047	965	1378	1380	1955
ENSG00000137764	MAP2K5	802	1340	791	770	781	857	860
ENSG00000137767	SQOR	196	336	233	231	250	259	349
ENSG00000137770	CTDSPL2	1588	2759	1626	1682	2554	2532	3140
ENSG00000137776	SLTM	3464	5957	3437	3642	4746	4369	5923
ENSG00000137801	THBS1	8184	13404	9263	9555	9458	9536	14233
ENSG00000137802	MAPKBP1	2178	3607	2157	2118	2770	2561	3246
ENSG00000137804	NUSAP1	3645	6121	3982	3535	5905	5456	7082
ENSG00000137806	NDUFAF1	487	834	548	444	1017	1031	1364
ENSG00000137807	KIF23	2325	3875	2364	2447	3453	3376	4396
ENSG00000137809	ITGA11	78	135	91	88	79	89	82
ENSG00000137812	KNL1	1445	2171	1293	1488	1920	1654	2064
ENSG00000137814	HAUS2	532	829	530	503	936	871	1225
ENSG00000137815	RTF1	2856	4930	3227	3149	3326	3356	3749
ENSG00000137817	PARP6	281	409	237	290	320	418	458
ENSG00000137818	RPLP1	32599	57184	34665	32630	38584	39224	46179
ENSG00000137819	PAQR5	187	299	177	195	194	221	209
ENSG00000137821	LRRC49	124	160	64	92	125	139	125
ENSG00000137822	TUBGCP4	1244	2040	1134	1202	1319	1272	1579
ENSG00000137824	RMDN3	1010	1751	990	975	1543	1444	1854
ENSG00000137825	ITPKA	68	129	63	54	104	114	119
ENSG00000137831	UACA	3195	5118	2992	2862	3677	3370	4008
ENSG00000137834	SMAD6	336	540	308	306	266	230	291
ENSG00000137841	PLCB2	4	16	5	6	7	10	13
ENSG00000137842	TMEM62	393	750	415	426	701	618	758
ENSG00000137843	PAK6	78	144	86	96	96	88	112
ENSG00000137845	ADAM10	3857	6409	3787	3727	4336	4164	4975
ENSG00000137857	DUOX1	9	16	4	7	2	6	12
ENSG00000137860	SLC28A2	11	26	19	20	13	9	18
ENSG00000137868	STRA6	1900	3017	1582	1536	1033	1039	1058
ENSG00000137869	CYP19A1	2	2	1	2	1	1	3
ENSG00000137871	ZNF280D	721	1148	574	616	715	699	707
ENSG00000137872	SEMA6D	279	497	267	279	284	258	331
ENSG00000137875	BCL2L10	0	1	0	0	0	0	0
ENSG00000137876	RSL24D1	4864	8398	5098	4698	7185	7011	8258
ENSG00000137877	SPTBN5	125	132	122	137	161	123	225
ENSG00000137878	GCOM1	2	17	6	8	2	5	12
ENSG00000137880	GCHFR	82	146	113	85	139	137	163
ENSG00000137936	BCAR3	1104	1923	1263	1220	1381	1399	1871
ENSG00000137941	TTLL7	129	239	122	144	259	205	275
ENSG00000137942	FNBP1L	786	1247	723	762	1001	942	1169
ENSG00000137944	KYAT3	468	800	489	442	704	633	742
ENSG00000137947	GTF2B	493	796	498	469	811	810	1054
ENSG00000137948	BRDT	1	5	0	0	2	2	0
ENSG00000137955	RABGGTB	1456	2515	1635	1323	1703	1596	1983
ENSG00000137959	IFI44L	31	38	21	13	20	21	21
ENSG00000137962	ARHGAP29	120	210	153	132	130	173	192
ENSG00000137965	IFI44	227	382	189	226	323	283	330
ENSG00000137968	SLC44A5	19	17	8	9	13	16	9
ENSG00000137975	CLCA2	1	2	0	3	1	1	4
ENSG00000137976	DNASE2B	1	5	1	1	2	1	2
ENSG00000137992	DBT	1058	1856	1030	1026	1391	1324	1572
ENSG00000137996	RTCA	1277	2267	1381	1315	1607	1581	1907
ENSG00000138002	IFT172	619	1055	604	599	610	674	724
ENSG00000138018	SELENOI	2856	4715	2788	2868	4014	3753	4870
ENSG00000138028	CGREF1	610	1017	561	610	855	629	907
ENSG00000138029	HADHB	3508	5968	3552	3369	4504	4472	5192
ENSG00000138030	KHK	94	186	98	101	194	166	196
ENSG00000138031	ADCY3	2481	3988	2453	2596	3300	3184	3931
ENSG00000138032	PPM1B	1383	2404	1462	1332	1787	1532	1970
ENSG00000138035	PNPT1	508	693	443	402	441	484	593
ENSG00000138036	DYNC2LI1	779	1250	687	709	922	932	1049
ENSG00000138039	LHCGR	0	1	0	0	1	0	0
ENSG00000138050	THUMPD2	136	188	165	120	128	113	168
ENSG00000138061	CYP1B1	384	553	351	369	317	287	373
ENSG00000138069	RAB1A	4561	7407	5127	4677	6470	6604	8095
ENSG00000138071	ACTR2	13603	22401	14269	13420	19610	19028	23787
ENSG00000138073	PREB	1786	3280	1984	1939	2958	2771	3806
ENSG00000138074	SLC5A6	1601	2589	1678	1699	1719	1598	1900
ENSG00000138075	ABCG5	5	4	3	0	9	8	0
ENSG00000138078	PREPL	2309	3574	2168	2374	3235	3092	3968
ENSG00000138079	SLC3A1	7	17	5	5	7	1	5
ENSG00000138080	EMILIN1	10304	17521	10662	10465	11330	5613	12843
ENSG00000138081	FBXO11	2463	3870	2285	2437	2541	2426	2966
ENSG00000138083	SIX3	20	42	31	36	50	42	42
ENSG00000138085	ATRAID	2701	4395	2634	2630	3612	3295	4418
ENSG00000138092	CENPO	763	1320	793	830	1211	1182	1576
ENSG00000138095	LRPPRC	2880	4212	2548	2651	2336	2469	3032
ENSG00000138100	TRIM54	0	1	1	1	1	1	2
ENSG00000138101	DTNB	237	378	238	244	246	250	316
ENSG00000138107	ACTR1A	3489	6120	3831	3833	4830	4796	5825
ENSG00000138109	CYP2C9	1	5	6	2	8	3	9
ENSG00000138111	MFSD13A	151	245	139	165	254	200	283
ENSG00000138115	CYP2C8	0	0	0	0	1	0	0
ENSG00000138119	MYOF	5439	8921	5422	5928	5740	5971	8030
ENSG00000138131	LOXL4	42710	71359	38733	38544	41667	39016	45765
ENSG00000138134	STAMBPL1	345	566	343	341	500	560	742
ENSG00000138136	LBX1	1	1	0	1	1	1	2
ENSG00000138138	ATAD1	2755	4697	2659	2638	3537	3398	4218
ENSG00000138152	BTBD16	38	45	42	37	41	34	61
ENSG00000138160	KIF11	3609	5954	3702	3757	5388	5255	6692
ENSG00000138161	CUZD1	0	5	0	0	0	0	0
ENSG00000138162	TACC2	1003	1765	1032	1018	1221	1117	1569
ENSG00000138166	DUSP5	1179	2124	1208	1183	1507	1470	1764
ENSG00000138172	CALHM2	566	983	547	539	604	593	629
ENSG00000138175	ARL3	644	1078	744	688	1165	1142	1575
ENSG00000138180	CEP55	1931	3347	2130	2103	2901	2909	3775
ENSG00000138182	KIF20B	3243	5139	2970	3145	4582	4348	5282
ENSG00000138185	ENTPD1	518	844	460	508	599	560	692
ENSG00000138190	EXOC6	370	578	357	356	616	608	856
ENSG00000138193	PLCE1	324	477	279	305	327	358	480
ENSG00000138207	RBP4	0	4	0	1	1	0	0
ENSG00000138231	DBR1	739	1215	859	797	993	939	1158
ENSG00000138246	DNAJC13	2507	3975	1995	2380	3075	3055	3714
ENSG00000138271	GPR87	0	1	0	0	1	0	0
ENSG00000138279	ANXA7	1414	2597	1454	1403	2313	2184	2806
ENSG00000138286	FAM149B1	305	504	257	233	313	312	376
ENSG00000138303	ASCC1	485	905	542	600	605	698	800
ENSG00000138311	ZNF365	285	499	280	320	400	372	525
ENSG00000138316	ADAMTS14	3	11	8	8	2	6	5
ENSG00000138326	RPS24	21680	37272	21717	20131	25153	25655	29842
ENSG00000138336	TET1	160	276	141	173	274	255	322
ENSG00000138346	DNA2	330	621	394	398	514	490	738
ENSG00000138347	MYPN	0	2	0	0	1	1	0
ENSG00000138356	AOX1	16	14	16	14	8	34	32
ENSG00000138363	ATIC	3282	5636	3439	3361	3984	3825	4819
ENSG00000138375	SMARCAL1	421	731	384	437	589	598	673
ENSG00000138376	BARD1	199	309	206	196	326	291	431
ENSG00000138379	MSTN	0	3	0	0	1	1	1
ENSG00000138380	CARF	214	336	159	152	162	148	168
ENSG00000138381	ASNSD1	683	1056	639	572	876	789	1082
ENSG00000138382	METTL5	398	610	388	393	458	479	608
ENSG00000138385	SSB	2075	3417	2198	2187	3122	2890	3666
ENSG00000138386	NAB1	1543	2366	1379	1257	1557	1337	1737
ENSG00000138395	CDK15	0	0	0	0	0	1	0
ENSG00000138398	PPIG	1166	1931	1206	1171	1656	1484	1759
ENSG00000138399	FASTKD1	225	440	224	219	292	276	327
ENSG00000138400	MDH1B	17	26	14	14	22	22	28
ENSG00000138411	HECW2	6	0	5	6	0	0	12
ENSG00000138413	IDH1	7135	11697	7587	7246	6601	6408	7858
ENSG00000138430	OLA1	2470	4231	2560	2542	2868	2797	3124
ENSG00000138433	CIR1	1002	1617	975	912	1223	1099	1259
ENSG00000138434	ITPRID2	10906	18222	9893	10114	11139	10778	12232
ENSG00000138435	CHRNA1	0	3	0	0	1	0	0
ENSG00000138439	FAM117B	651	1131	646	654	690	687	829
ENSG00000138442	WDR12	1536	2494	1480	1469	2301	2335	2874
ENSG00000138443	ABI2	2292	3663	2147	2164	2513	2464	2993
ENSG00000138448	ITGAV	4394	7019	4077	4611	4384	4397	5497
ENSG00000138449	SLC40A1	2	1	3	1	2	5	3
ENSG00000138459	SLC35A5	722	1154	682	704	960	1005	1166
ENSG00000138463	SLC49A4	386	661	408	444	531	440	550
ENSG00000138468	SENP7	599	969	576	510	587	580	668
ENSG00000138483	CCDC54	0	0	0	0	0	0	1
ENSG00000138495	COX17	1002	1658	1031	997	1180	1170	1526
ENSG00000138496	PARP9	1688	2620	1426	1496	1866	1815	2094
ENSG00000138587	MNS1	285	499	315	270	710	631	764
ENSG00000138592	USP8	2170	3444	2130	2100	2959	2704	3305
ENSG00000138593	SECISBP2L	2001	3315	1986	1894	2353	2287	2677
ENSG00000138594	TMOD3	1750	2706	1752	1691	2661	2428	3147
ENSG00000138600	SPPL2A	1393	2303	1429	1326	1976	1817	2532
ENSG00000138604	GLCE	1344	2202	1265	1382	1696	1729	2065
ENSG00000138606	SHF	178	275	179	184	140	130	160
ENSG00000138613	APH1B	200	403	239	210	308	362	428
ENSG00000138614	INTS14	1120	2020	1157	1041	1321	1257	1582
ENSG00000138615	CILP	1	0	0	1	3	0	2
ENSG00000138617	PARP16	383	689	396	418	380	416	451
ENSG00000138621	PPCDC	142	249	169	188	241	224	285
ENSG00000138623	SEMA7A	1865	3022	1916	1886	2491	2158	2804
ENSG00000138629	UBL7	2472	4294	2714	2491	3708	3612	4477
ENSG00000138639	ARHGAP24	19	39	16	21	28	20	18
ENSG00000138640	FAM13A	204	363	223	235	297	252	314
ENSG00000138641	HERC3	201	337	208	242	229	271	385
ENSG00000138642	HERC6	90	147	92	56	105	122	139
ENSG00000138646	HERC5	22	53	27	27	27	40	27
ENSG00000138650	PCDH10	90	162	95	100	104	98	150
ENSG00000138658	ZGRF1	193	183	160	149	228	305	440
ENSG00000138660	AP1AR	647	1045	641	596	776	765	875
ENSG00000138663	COPS4	356	608	353	386	499	481	603
ENSG00000138668	HNRNPD	4665	7597	5154	5173	8849	5284	11389
ENSG00000138670	RASGEF1B	0	1	0	1	0	0	0
ENSG00000138674	SEC31A	1889	3101	1776	1815	2414	2373	2851
ENSG00000138675	FGF5	2	8	4	10	4	2	9
ENSG00000138678	GPAT3	1291	1984	1280	1178	1418	1350	1728
ENSG00000138685	FGF2	691	1195	699	738	1124	980	1458
ENSG00000138686	BBS7	455	808	424	443	590	623	726
ENSG00000138688	KIAA1109	571	845	643	546	569	929	832
ENSG00000138696	BMPR1B	35	82	56	45	39	49	57
ENSG00000138698	RAP1GDS1	2228	3580	2212	2125	2741	2660	3140
ENSG00000138709	LARP1B	432	761	477	409	546	486	637
ENSG00000138722	MMRN1	0	0	0	1	0	0	0
ENSG00000138735	PDE5A	172	266	154	145	231	203	200
ENSG00000138738	PRDM5	97	149	91	85	94	73	112
ENSG00000138741	TRPC3	2	3	3	2	2	3	3
ENSG00000138744	NAAA	84	159	90	88	136	120	123
ENSG00000138750	NUP54	257	383	240	187	396	395	442
ENSG00000138755	CXCL9	0	0	0	0	0	1	0
ENSG00000138756	BMP2K	157	160	133	161	190	183	240
ENSG00000138757	G3BP2	1877	3177	1918	1955	3000	2938	3597
ENSG00000138758	SEPTIN11	2007	3210	1897	2077	2634	2536	3136
ENSG00000138759	FRAS1	7	12	5	11	15	13	15
ENSG00000138760	SCARB2	2621	4218	2606	2187	2680	2970	3206
ENSG00000138764	CCNG2	375	555	337	321	376	327	380
ENSG00000138767	CNOT6L	342	577	355	328	421	417	519
ENSG00000138768	USO1	1752	2856	1661	1683	2069	1995	2395
ENSG00000138769	CDKL2	0	2	0	0	1	1	0
ENSG00000138771	SHROOM3	351	541	350	381	435	409	496
ENSG00000138777	PPA2	314	367	182	231	419	192	247
ENSG00000138778	CENPE	2246	3636	2104	2294	2802	2649	3220
ENSG00000138780	GSTCD	510	880	543	551	809	745	973
ENSG00000138785	INTS12	575	947	602	604	882	834	1152
ENSG00000138792	ENPEP	0	0	1	0	0	0	2
ENSG00000138794	CASP6	205	342	232	200	281	259	352
ENSG00000138795	LEF1	1194	2067	1208	1312	1449	1478	1819
ENSG00000138796	HADH	605	1081	673	553	802	839	916
ENSG00000138798	EGF	221	358	179	213	202	208	225
ENSG00000138801	PAPSS1	1727	2864	1838	1731	2181	2102	2718
ENSG00000138802	SEC24B	1331	2085	1221	1233	1657	1628	1883
ENSG00000138813	C4orf17	1	0	0	0	0	0	0
ENSG00000138814	PPP3CA	1382	2313	1396	1401	1858	1588	2124
ENSG00000138821	SLC39A8	266	552	341	369	659	521	854
ENSG00000138823	MTTP	4	2	2	0	2	0	0
ENSG00000138829	FBN2	2	13	2	2	8	9	9
ENSG00000138834	MAPK8IP3	2508	4072	2190	2347	2712	2458	3208
ENSG00000138835	RGS3	473	790	450	466	546	483	600
ENSG00000138867	GUCD1	2745	4758	2906	3058	3532	3277	4169
ENSG00000138892	TTLL8	0	1	0	0	0	0	0
ENSG00000138942	RNF185	526	872	469	555	826	766	906
ENSG00000138944	SHISAL1	1276	2114	1239	1364	1279	1237	1654
ENSG00000138964	PARVG	5	1	1	6	5	0	4
ENSG00000139044	B4GALNT3	317	483	314	298	250	190	290
ENSG00000139055	ERP27	0	0	0	1	0	0	0
ENSG00000139083	ETV6	1657	2736	1599	1678	1777	1777	1958
ENSG00000139112	GABARAPL1	1205	1982	1121	1153	1335	1238	1488
ENSG00000139116	KIF21A	1080	1876	1075	1010	1382	1229	1423
ENSG00000139117	CPNE8	759	1347	786	776	886	807	946
ENSG00000139131	YARS2	557	964	604	551	768	742	959
ENSG00000139132	FGD4	1999	3034	1923	1991	2688	2482	3016
ENSG00000139133	ALG10	183	297	179	186	250	226	302
ENSG00000139144	PIK3C2G	0	0	0	0	1	0	0
ENSG00000139146	SINHCAF	2811	4790	2869	2842	3783	3491	4408
ENSG00000139154	AEBP2	1356	2317	1365	1338	2022	1675	2639
ENSG00000139155	SLCO1C1	1	3	0	0	1	1	1
ENSG00000139160	ETFBKMT	77	163	102	90	122	125	139
ENSG00000139163	ETNK1	2083	3385	1843	1903	2415	2290	2870
ENSG00000139168	ZCRB1	1782	2947	1894	1784	2491	2154	2694
ENSG00000139173	TMEM117	428	574	308	330	403	391	466
ENSG00000139174	PRICKLE1	207	470	292	247	292	254	369
ENSG00000139178	C1RL	586	1029	576	555	626	533	628
ENSG00000139180	NDUFA9	865	1523	1010	921	1241	1075	1410
ENSG00000139182	CLSTN3	249	406	199	153	254	213	241
ENSG00000139187	KLRG1	77	83	59	57	109	75	129
ENSG00000139190	VAMP1	387	540	337	354	354	340	359
ENSG00000139192	TAPBPL	104	159	79	116	101	110	152
ENSG00000139193	CD27	12	15	8	0	11	13	7
ENSG00000139194	RBP5	13	16	8	6	7	3	8
ENSG00000139197	PEX5	1512	2586	1458	1503	1716	1673	2066
ENSG00000139200	PIANP	148	242	187	182	205	146	212
ENSG00000139209	SLC38A4	0	0	1	1	0	0	2
ENSG00000139211	AMIGO2	165	313	191	192	381	499	570
ENSG00000139218	SCAF11	4429	6928	3891	4042	5043	4780	5763
ENSG00000139219	COL2A1	29	97	45	51	35	67	87
ENSG00000139233	LLPH	1420	2300	1473	1339	2412	2290	3064
ENSG00000139263	LRIG3	679	1087	614	658	986	984	1202
ENSG00000139266	MARCHF9	521	942	524	574	701	555	794
ENSG00000139269	INHBE	2	5	3	2	4	0	3
ENSG00000139278	GLIPR1	255	389	232	242	346	344	456
ENSG00000139289	PHLDA1	47102	77905	43390	44192	56179	52613	63376
ENSG00000139291	TMEM19	773	1187	837	769	921	945	1140
ENSG00000139292	LGR5	0	0	1	0	2	0	0
ENSG00000139318	DUSP6	6615	11185	6358	6047	10463	10114	13415
ENSG00000139323	POC1B	607	979	571	563	655	659	711
ENSG00000139324	TMTC3	935	1460	918	848	1374	1194	1624
ENSG00000139329	LUM	19	47	18	17	32	35	25
ENSG00000139343	SNRPF	1149	1900	1292	1132	1660	1545	2150
ENSG00000139344	AMDHD1	44	66	48	32	37	31	37
ENSG00000139350	NEDD1	926	1662	962	941	1276	1287	1651
ENSG00000139351	SYCP3	1	0	0	0	2	0	1
ENSG00000139352	ASCL1	3	6	1	2	3	1	2
ENSG00000139354	GAS2L3	1226	1952	1211	1305	1609	1356	1928
ENSG00000139364	TMEM132B	3	1	0	0	3	1	0
ENSG00000139370	SLC15A4	579	977	572	659	844	689	883
ENSG00000139372	TDG	1224	1967	1157	1046	1564	1584	1791
ENSG00000139405	RITA1	994	1733	1064	1067	1268	1106	1464
ENSG00000139410	SDSL	179	389	209	188	320	276	340
ENSG00000139428	MMAB	610	1044	571	576	639	560	742
ENSG00000139433	GLTP	1414	2281	1441	1427	2045	1774	2125
ENSG00000139436	GIT2	2094	3367	1821	1891	2571	2533	3027
ENSG00000139437	TCHP	1325	2503	1466	1471	1825	1488	2093
ENSG00000139438	FAM222A	294	574	363	364	345	326	394
ENSG00000139445	FOXN4	0	0	1	0	0	0	1
ENSG00000139496	NUP58	2121	3638	2137	2154	3164	3100	3970
ENSG00000139505	MTMR6	1103	1776	1093	1065	1793	1779	2329
ENSG00000139508	SLC46A3	54	86	52	64	86	71	104
ENSG00000139514	SLC7A1	3888	6366	3834	4104	6710	6560	8282
ENSG00000139515	PDX1	18	35	15	13	13	14	28
ENSG00000139517	LNX2	353	603	306	275	513	503	623
ENSG00000139531	SUOX	496	867	473	525	750	706	937
ENSG00000139537	CCDC65	35	77	35	33	43	36	62
ENSG00000139540	SLC39A5	3	2	1	8	6	0	1
ENSG00000139546	TARBP2	352	598	427	396	563	493	603
ENSG00000139547	RDH16	0	1	4	3	7	0	7
ENSG00000139549	DHH	50	81	56	63	70	56	62
ENSG00000139567	ACVRL1	1	4	0	0	1	0	2
ENSG00000139572	GPR84	2	2	0	0	0	1	4
ENSG00000139579	NABP2	1624	2758	1808	1776	2684	2621	3410
ENSG00000139597	N4BP2L1	88	121	71	103	70	72	57
ENSG00000139610	CELA1	0	0	1	1	0	0	0
ENSG00000139613	SMARCC2	5621	9069	5294	5641	7488	7231	9137
ENSG00000139618	BRCA2	631	911	513	592	851	852	1194
ENSG00000139620	KANSL2	482	896	572	559	605	594	722
ENSG00000139624	CERS5	527	903	600	532	829	724	912
ENSG00000139625	MAP3K12	1124	1889	966	960	1055	994	1171
ENSG00000139626	ITGB7	5	15	3	12	8	6	1
ENSG00000139629	GALNT6	176	267	171	181	153	149	188
ENSG00000139631	CSAD	324	612	344	280	339	290	377
ENSG00000139636	LMBR1L	325	652	325	306	392	388	499
ENSG00000139637	MYG1	1816	3055	1928	1783	2603	2585	3213
ENSG00000139641	ESYT1	4463	7576	4714	4866	6217	6247	7990
ENSG00000139644	TMBIM6	13857	23490	14963	14139	20542	20119	24923
ENSG00000139645	ANKRD52	4276	6605	4012	4255	5580	5404	7479
ENSG00000139651	ZNF740	2124	3386	2023	2115	2381	2389	3003
ENSG00000139656	SMIM2	1	0	0	3	1	2	0
ENSG00000139668	WDFY2	730	1129	728	732	863	781	982
ENSG00000139679	LPAR6	758	1246	708	617	682	674	711
ENSG00000139684	ESD	2844	4861	2903	2743	3813	3728	4340
ENSG00000139687	RB1	2619	4438	2520	2474	4034	4062	5116
ENSG00000139697	SBNO1	3422	5632	3362	3413	4615	4309	5484
ENSG00000139714	MORN3	62	114	75	61	104	84	92
ENSG00000139718	SETD1B	1177	1923	1129	1252	1415	1425	1705
ENSG00000139719	VPS33A	730	1144	697	658	923	931	1056
ENSG00000139722	VPS37B	2135	3564	2346	2268	3375	3275	4375
ENSG00000139725	RHOF	355	578	344	379	425	362	446
ENSG00000139726	DENR	2383	4010	2607	2433	3826	3554	4702
ENSG00000139734	DIAPH3	401	678	466	434	752	676	941
ENSG00000139737	SLAIN1	48	77	51	55	68	68	85
ENSG00000139746	RBM26	2592	4121	2415	2595	3636	3300	4607
ENSG00000139767	SRRM4	0	0	0	0	1	0	0
ENSG00000139793	MBNL2	1968	3250	1926	1886	2553	2539	3420
ENSG00000139797	RNF113B	0	1	0	1	0	0	0
ENSG00000139800	ZIC5	1	3	1	2	1	1	3
ENSG00000139826	ABHD13	779	1245	681	709	1102	1006	1417
ENSG00000139832	RAB20	309	499	310	327	510	498	672
ENSG00000139835	GRTP1	38	69	42	40	38	33	51
ENSG00000139842	CUL4A	4299	6934	4333	4259	5993	5766	7299
ENSG00000139874	SSTR1	0	0	0	1	0	0	0
ENSG00000139880	CDH24	219	442	243	254	373	319	392
ENSG00000139890	REM2	13	25	16	17	12	12	14
ENSG00000139899	CBLN3	38	79	36	43	58	50	52
ENSG00000139908	TSSK4	9	19	7	9	13	6	12
ENSG00000139910	NOVA1	10	8	2	5	9	3	4
ENSG00000139914	FITM1	5	12	3	4	4	2	1
ENSG00000139915	MDGA2	10	10	4	1	4	9	14
ENSG00000139921	TMX1	940	1669	968	1016	1507	1396	1835
ENSG00000139926	FRMD6	3683	6285	3661	3696	3931	3901	4950
ENSG00000139946	PELI2	480	782	464	415	499	523	580
ENSG00000139970	RTN1	0	1	0	0	0	0	0
ENSG00000139971	ARMH4	17	17	10	7	11	5	33
ENSG00000139973	SYT16	0	0	0	1	0	1	1
ENSG00000139974	SLC38A6	146	310	188	160	183	164	185
ENSG00000139977	NAA30	708	947	613	599	828	773	1026
ENSG00000139985	ADAM21	9	13	8	8	12	16	14
ENSG00000139988	RDH12	5	4	8	2	5	5	3
ENSG00000139990	DCAF5	1206	1908	1106	1161	1426	1339	1679
ENSG00000139998	RAB15	240	375	181	207	329	250	368
ENSG00000140006	WDR89	361	580	330	349	508	482	563
ENSG00000140009	ESR2	13	16	11	5	28	17	11
ENSG00000140015	KCNH5	23	37	19	27	22	24	20
ENSG00000140022	STON2	270	446	277	289	495	459	676
ENSG00000140025	EFCAB11	86	118	66	69	140	141	181
ENSG00000140030	GPR65	10	7	6	7	6	8	11
ENSG00000140043	PTGR2	552	957	520	526	693	641	724
ENSG00000140044	JDP2	29	56	36	38	34	31	50
ENSG00000140057	AK7	44	82	40	42	64	65	84
ENSG00000140090	SLC24A4	24	35	18	25	22	10	20
ENSG00000140092	FBLN5	330	517	327	353	466	469	562
ENSG00000140093	SERPINA10	11	24	13	9	21	6	20
ENSG00000140104	CLBA1	315	452	294	288	430	362	489
ENSG00000140105	WARS1	6026	10049	6573	6558	8079	8050	9728
ENSG00000140107	SLC25A47	2	0	1	1	0	1	3
ENSG00000140153	WDR20	595	987	598	645	853	829	1089
ENSG00000140157	NIPA2	2181	3682	2335	2249	2792	2877	3411
ENSG00000140199	SLC12A6	663	1147	634	593	874	868	946
ENSG00000140254	DUOXA1	1	1	1	2	2	3	4
ENSG00000140259	MFAP1	1444	2428	1547	1438	2267	2232	2728
ENSG00000140262	TCF12	5402	8965	4958	5295	6834	6894	8065
ENSG00000140263	SORD	1155	2065	1322	1389	1594	1570	1648
ENSG00000140264	SERF2	4649	8484	5699	5285	6805	7211	8759
ENSG00000140265	ZSCAN29	904	1410	813	840	1001	918	1136
ENSG00000140274	DUOXA2	0	2	2	0	0	0	0
ENSG00000140279	DUOX2	2	1	2	1	0	4	2
ENSG00000140280	LYSMD2	206	358	208	172	297	321	442
ENSG00000140284	SLC27A2	0	2	0	0	3	0	2
ENSG00000140285	FGF7	81	133	73	76	81	72	92
ENSG00000140287	HDC	3	8	5	0	6	0	5
ENSG00000140297	GCNT3	5	16	10	13	16	8	8
ENSG00000140299	BNIP2	2160	3497	2054	2175	2928	2858	3379
ENSG00000140307	GTF2A2	1304	2080	1517	1344	1861	1731	2275
ENSG00000140319	SRP14	7191	12029	7971	7393	10185	10320	12368
ENSG00000140320	BAHD1	1115	1756	1225	1158	1870	1723	2385
ENSG00000140323	DISP2	122	189	124	132	438	418	608
ENSG00000140326	CDAN1	468	716	452	460	660	577	859
ENSG00000140332	TLE3	2641	4360	2578	2810	2963	2901	3762
ENSG00000140350	ANP32A	4105	6723	4291	4069	6959	6683	8659
ENSG00000140365	COMMD4	1105	2114	1390	1266	2374	2259	2914
ENSG00000140367	UBE2Q2	1125	1749	1045	945	1139	1092	1343
ENSG00000140368	PSTPIP1	0	1	0	0	0	2	1
ENSG00000140374	ETFA	875	1652	790	955	1352	1332	1534
ENSG00000140379	BCL2A1	239	396	227	234	387	428	494
ENSG00000140382	HMG20A	2090	3238	1901	1916	2229	2291	2537
ENSG00000140386	SCAPER	241	462	271	256	313	315	401
ENSG00000140391	TSPAN3	4300	7597	4351	4084	4845	4814	5407
ENSG00000140395	WDR61	748	1351	863	822	995	1048	1289
ENSG00000140396	NCOA2	1031	1641	866	1030	1271	1219	1514
ENSG00000140398	NEIL1	180	269	157	132	159	125	184
ENSG00000140400	MAN2C1	1956	3317	1776	1844	2289	2214	2548
ENSG00000140403	DNAJA4	0	0	0	0	0	2	0
ENSG00000140406	TLNRD1	868	1583	1027	1049	1299	983	1334
ENSG00000140416	TPM1	1611	2709	2036	1903	2348	2231	3252
ENSG00000140443	IGF1R	7171	11482	6625	7027	8350	7967	9663
ENSG00000140450	ARRDC4	397	693	302	314	383	394	348
ENSG00000140451	PIF1	598	873	531	493	646	604	798
ENSG00000140455	USP3	513	794	515	435	472	485	581
ENSG00000140459	CYP11A1	23	48	25	40	50	40	34
ENSG00000140463	BBS4	581	1000	625	613	872	775	952
ENSG00000140464	PML	2287	3859	2467	2459	3624	3653	4458
ENSG00000140465	CYP1A1	140	306	193	176	225	229	296
ENSG00000140470	ADAMTS17	18	35	27	23	33	27	29
ENSG00000140471	LINS1	144	206	97	138	217	177	268
ENSG00000140474	ULK3	722	1277	729	766	1063	1039	1408
ENSG00000140479	PCSK6	413	693	447	420	556	543	573
ENSG00000140481	CCDC33	13	30	13	17	15	8	11
ENSG00000140488	CELF6	0	0	0	0	0	0	7
ENSG00000140497	SCAMP2	1241	2265	1364	1355	1903	1896	2429
ENSG00000140505	CYP1A2	3	8	1	1	4	1	4
ENSG00000140506	LMAN1L	0	0	0	0	2	0	0
ENSG00000140511	HAPLN3	676	1170	797	742	830	772	988
ENSG00000140519	RHCG	1	0	0	0	0	1	0
ENSG00000140521	POLG	1165	1857	1286	1338	1672	1089	1771
ENSG00000140522	RLBP1	18	29	27	20	55	48	66
ENSG00000140525	FANCI	2465	4219	2584	2526	4419	4391	5672
ENSG00000140526	ABHD2	6180	9895	5281	5777	6656	6311	7791
ENSG00000140527	WDR93	20	12	8	14	10	18	14
ENSG00000140534	TICRR	934	1490	940	1014	1219	1253	1659
ENSG00000140538	NTRK3	89	152	57	55	35	41	54
ENSG00000140543	DET1	203	350	200	201	233	269	332
ENSG00000140545	MFGE8	3184	5561	3151	3015	3037	2916	3109
ENSG00000140548	ZNF710	402	699	428	410	524	464	666
ENSG00000140553	UNC45A	2344	4061	2394	2515	2798	2766	3436
ENSG00000140557	ST8SIA2	0	11	2	0	2	2	1
ENSG00000140563	MCTP2	99	101	52	67	84	66	74
ENSG00000140564	FURIN	6597	10980	7139	7027	10589	9790	13027
ENSG00000140575	IQGAP1	9446	15150	8126	9213	10599	10621	12762
ENSG00000140577	CRTC3	786	1322	743	825	917	928	1092
ENSG00000140598	EFL1	957	1516	828	893	1373	1428	1604
ENSG00000140600	SH3GL3	8	13	9	13	8	15	15
ENSG00000140612	SEC11A	2839	4803	2908	2547	3874	3856	4559
ENSG00000140623	SEPTIN12	0	0	0	1	0	0	0
ENSG00000140632	GLYR1	2020	3255	2040	2052	2569	2512	3042
ENSG00000140650	PMM2	1267	2279	1364	1370	2092	1981	2536
ENSG00000140678	ITGAX	52	60	44	35	41	21	34
ENSG00000140682	TGFB1I1	614	921	599	616	640	804	756
ENSG00000140688	RUSF1	2758	4726	2871	2820	3232	3103	3676
ENSG00000140691	ARMC5	497	896	510	488	595	595	733
ENSG00000140694	PARN	2110	3451	2150	1984	3154	3131	3872
ENSG00000140718	FTO	1187	2111	1280	1380	1730	1818	2124
ENSG00000140740	UQCRC2	4368	7581	4546	4511	5726	5824	7031
ENSG00000140743	CDR2	945	1591	1037	1062	1667	1676	2165
ENSG00000140749	IGSF6	11	12	15	9	10	4	12
ENSG00000140750	ARHGAP17	1092	1889	1117	1143	1560	1504	1710
ENSG00000140795	MYLK3	14	35	11	10	24	21	18
ENSG00000140807	NKD1	228	360	194	235	220	182	240
ENSG00000140829	DHX38	3825	5728	3577	3766	5070	4679	6236
ENSG00000140830	TXNL4B	535	847	542	526	1202	1089	1499
ENSG00000140832	MARVELD3	0	10	2	1	3	4	3
ENSG00000140836	ZFHX3	2060	3106	1845	1952	2334	2081	2719
ENSG00000140839	CLEC18B	3	1	0	3	9	1	7
ENSG00000140848	CPNE2	577	934	562	562	800	702	890
ENSG00000140853	NLRC5	401	730	391	397	538	513	647
ENSG00000140854	KATNB1	1460	2494	1594	1540	2083	1978	2406
ENSG00000140859	KIFC3	2556	4392	2655	2584	3366	3013	3928
ENSG00000140873	ADAMTS18	0	2	0	1	0	0	0
ENSG00000140876	NUDT7	145	259	142	136	159	199	239
ENSG00000140905	GCSH	1513	2610	1565	1443	1841	1799	2302
ENSG00000140931	CMTM3	745	1323	862	826	1108	1131	1413
ENSG00000140932	CMTM2	2	0	2	2	1	0	2
ENSG00000140937	CDH11	27	65	34	34	24	22	29
ENSG00000140939	NOL3	436	680	413	404	603	557	663
ENSG00000140941	MAP1LC3B	2552	4405	2682	2433	3505	3384	4243
ENSG00000140943	MBTPS1	5284	8619	5227	5447	7036	6897	8279
ENSG00000140945	CDH13	1387	2396	1250	1375	1407	1441	1652
ENSG00000140948	ZCCHC14	1963	3030	1664	1827	2498	2275	2534
ENSG00000140950	MEAK7	432	648	343	362	458	439	515
ENSG00000140955	ADAD2	0	0	1	0	0	0	0
ENSG00000140961	OSGIN1	146	282	171	170	217	189	266
ENSG00000140983	RHOT2	3664	5940	3703	3635	4539	4059	5198
ENSG00000140986	RPL3L	14	17	13	13	21	12	18
ENSG00000140987	ZSCAN32	413	703	377	390	527	459	526
ENSG00000140988	RPS2	74433	130058	82952	80966	101462	69798	125152
ENSG00000140990	NDUFB10	1946	3287	2178	2037	2841	2911	3681
ENSG00000140992	PDPK1	1610	2601	1549	1575	2248	2159	2890
ENSG00000140993	TIGD7	167	191	162	130	178	168	212
ENSG00000140995	DEF8	1579	2598	1669	1550	1970	1861	2440
ENSG00000141002	TCF25	1648	2642	1574	1474	1634	1538	1640
ENSG00000141012	GALNS	528	905	563	518	647	621	766
ENSG00000141013	GAS8	469	809	462	435	526	524	569
ENSG00000141026	MED9	682	1072	670	686	710	734	862
ENSG00000141027	NCOR1	3279	5033	3391	3466	3472	3864	4289
ENSG00000141030	COPS3	1768	2963	1798	1720	2905	2823	3457
ENSG00000141034	GID4	1001	1688	951	1040	1129	1149	1342
ENSG00000141040	ZNF287	177	280	160	203	261	282	329
ENSG00000141068	KSR1	322	527	290	343	393	326	391
ENSG00000141076	UTP4	3531	5765	3399	3600	5586	5372	7097
ENSG00000141084	RANBP10	970	1565	982	972	1169	1181	1424
ENSG00000141086	CTRL	5	27	14	0	10	9	13
ENSG00000141098	GFOD2	602	989	601	593	822	728	994
ENSG00000141101	NOB1	3077	5319	3087	2956	3940	3756	4403
ENSG00000141127	PRPSAP2	484	826	526	460	609	628	818
ENSG00000141179	PCTP	695	1180	762	707	804	821	1030
ENSG00000141198	TOM1L1	585	1050	619	606	640	651	681
ENSG00000141219	C17orf80	886	1437	807	827	1165	1094	1385
ENSG00000141232	TOB1	1021	1665	994	996	1289	1337	1488
ENSG00000141252	VPS53	402	591	360	346	583	490	572
ENSG00000141255	SPATA22	0	1	0	0	0	0	0
ENSG00000141258	SGSM2	971	1536	934	1072	1174	1038	1369
ENSG00000141279	NPEPPS	2769	4499	2825	2721	3907	3753	4550
ENSG00000141293	SKAP1	0	5	3	0	5	5	2
ENSG00000141294	LRRC46	40	68	30	35	78	73	77
ENSG00000141295	SCRN2	910	1489	854	798	1012	869	1210
ENSG00000141298	SSH2	1189	1902	1060	1189	1403	1447	1745
ENSG00000141314	RHBDL3	44	98	81	49	59	38	54
ENSG00000141316	SPACA3	0	2	0	0	1	2	2
ENSG00000141337	ARSG	634	926	501	512	578	539	572
ENSG00000141338	ABCA8	3795	6085	2892	3001	3994	3775	3955
ENSG00000141349	G6PC3	3420	5808	3948	3682	5404	5009	6188
ENSG00000141367	CLTC	17390	28455	16617	17848	22487	22527	28328
ENSG00000141376	BCAS3	1027	1678	844	841	972	972	1014
ENSG00000141378	PTRH2	925	1391	845	870	1293	1215	1497
ENSG00000141380	SS18	1727	2880	1743	1651	2686	2638	3217
ENSG00000141384	TAF4B	641	832	553	619	838	790	961
ENSG00000141385	AFG3L2	2475	4325	2754	2705	3397	3305	3991
ENSG00000141391	PRELID3A	123	229	150	114	201	161	229
ENSG00000141401	IMPA2	528	909	593	580	752	669	902
ENSG00000141404	GNAL	124	190	99	123	110	116	127
ENSG00000141424	SLC39A6	3253	5275	3254	3169	4798	4749	5814
ENSG00000141425	RPRD1A	1868	3098	1666	1664	2063	2003	2286
ENSG00000141428	C18orf21	249	459	264	226	247	241	279
ENSG00000141429	GALNT1	1084	1735	1174	1076	1343	1344	1608
ENSG00000141433	ADCYAP1	0	3	0	0	3	0	0
ENSG00000141434	MEP1B	2	0	0	0	2	0	1
ENSG00000141437	SLC25A52	12	16	9	12	14	10	14
ENSG00000141441	GAREM1	681	1111	660	716	850	874	1019
ENSG00000141446	ESCO1	683	1154	652	610	737	750	874
ENSG00000141447	OSBPL1A	1297	2144	1260	1228	1405	1334	1566
ENSG00000141448	GATA6	187	311	187	199	395	344	515
ENSG00000141449	GREB1L	175	268	130	142	177	155	163
ENSG00000141452	RMC1	546	892	546	535	544	560	681
ENSG00000141456	PELP1	3063	5286	3433	3378	5080	4750	6068
ENSG00000141458	NPC1	3330	5677	2925	3173	4079	3981	4501
ENSG00000141469	SLC14A1	211	308	200	202	169	151	205
ENSG00000141480	ARRB2	1094	1851	1195	1110	1571	1536	1814
ENSG00000141485	SLC13A5	0	2	0	1	0	0	5
ENSG00000141497	ZMYND15	8	32	7	10	11	8	18
ENSG00000141499	WRAP53	456	890	610	668	1329	1226	1612
ENSG00000141503	MINK1	3041	5195	3146	3163	3651	3352	4064
ENSG00000141504	SAT2	168	321	253	223	267	208	260
ENSG00000141505	ASGR1	49	93	62	52	48	50	35
ENSG00000141510	TP53	2565	4274	2641	2629	3609	3373	4083
ENSG00000141519	CCDC40	153	236	155	145	193	192	203
ENSG00000141522	ARHGDIA	9254	16080	10763	10125	17422	17192	21337
ENSG00000141524	TMC6	758	1400	810	725	920	804	917
ENSG00000141526	SLC16A3	111	170	104	106	108	89	112
ENSG00000141527	CARD14	41	69	47	44	30	48	72
ENSG00000141540	TTYH2	344	668	332	312	414	343	368
ENSG00000141542	RAB40B	197	376	238	204	276	198	296
ENSG00000141543	EIF4A3	2551	4175	2680	2478	5547	5441	7102
ENSG00000141551	CSNK1D	3188	5410	3255	3038	3594	3202	4219
ENSG00000141552	ANAPC11	1205	2118	1340	1345	2017	1813	2377
ENSG00000141556	TBCD	1563	2623	1557	1710	1922	1858	2300
ENSG00000141560	FN3KRP	780	1266	837	766	996	952	1331
ENSG00000141562	NARF	338	627	378	404	467	407	591
ENSG00000141564	RPTOR	2102	3316	2161	2155	2807	2863	3429
ENSG00000141568	FOXK2	2591	4462	2676	2611	2967	2986	3608
ENSG00000141569	TRIM65	1632	2777	1629	1662	2027	1881	2418
ENSG00000141570	CBX8	623	962	551	569	834	636	1076
ENSG00000141574	SECTM1	260	469	302	304	294	276	358
ENSG00000141576	RNF157	2377	3707	2087	2143	2879	2829	3494
ENSG00000141577	CEP131	1015	1673	1044	990	1167	867	1440
ENSG00000141579	ZNF750	2	1	0	1	0	2	1
ENSG00000141580	WDR45B	1421	2330	1467	1346	1702	1659	2024
ENSG00000141582	CBX4	1806	3098	1979	1860	2468	1938	2810
ENSG00000141622	RNF165	8	17	25	17	9	43	53
ENSG00000141627	DYM	1088	1795	1051	1025	1018	1069	1127
ENSG00000141639	MAPK4	0	1	0	0	0	3	2
ENSG00000141642	ELAC1	106	183	131	108	123	155	189
ENSG00000141644	MBD1	1196	1835	1170	1126	1538	1448	1815
ENSG00000141646	SMAD4	805	1270	741	693	857	830	1040
ENSG00000141655	TNFRSF11A	51	81	53	53	53	50	62
ENSG00000141664	ZCCHC2	295	452	244	317	366	338	447
ENSG00000141665	FBXO15	3	5	8	3	9	6	8
ENSG00000141682	PMAIP1	217	351	235	179	397	374	522
ENSG00000141696	P3H4	2220	3944	2250	2362	2834	2667	3091
ENSG00000141698	NT5C3B	97	211	89	90	150	105	127
ENSG00000141699	RETREG3	1153	2017	1130	1197	1384	1311	1643
ENSG00000141736	ERBB2	2338	4063	2341	2386	2762	2679	3210
ENSG00000141738	GRB7	10	12	6	2	5	3	3
ENSG00000141741	MIEN1	802	1396	898	921	1048	992	1191
ENSG00000141744	PNMT	3	7	10	8	10	6	3
ENSG00000141750	STAC2	41	57	38	40	43	30	47
ENSG00000141753	IGFBP4	2144	3707	2656	2277	2768	2590	3290
ENSG00000141756	FKBP10	10794	18530	10761	10449	13011	12837	14443
ENSG00000141759	TXNL4A	902	1602	1073	994	1235	1033	1508
ENSG00000141837	CACNA1A	141	221	136	120	159	121	138
ENSG00000141854	MISP3	29	43	19	36	29	22	33
ENSG00000141858	SAMD1	1926	3412	2105	2061	2768	2557	3297
ENSG00000141867	BRD4	5526	9131	5739	5734	7586	6987	8545
ENSG00000141873	SLC39A3	566	941	673	574	870	791	1031
ENSG00000141905	NFIC	5119	8345	5073	5380	7367	6656	8832
ENSG00000141933	TPGS1	412	849	538	439	811	587	814
ENSG00000141934	PLPP2	2164	3591	2425	2176	2849	2763	3440
ENSG00000141946	ZIM3	0	0	1	1	0	2	0
ENSG00000141956	PRDM15	430	799	506	502	503	582	733
ENSG00000141959	PFKL	2359	4170	2649	2463	2633	2454	2980
ENSG00000141965	FEM1A	462	816	513	560	705	644	931
ENSG00000141968	VAV1	0	1	0	0	0	0	0
ENSG00000141971	MVB12A	1964	3638	2230	2150	2612	2748	2882
ENSG00000141977	CIB3	0	0	0	0	0	0	1
ENSG00000141985	SH3GL1	5165	8804	5812	5666	7915	6808	9916
ENSG00000141994	DUS3L	1000	1624	1046	1005	1379	1199	1677
ENSG00000142002	DPP9	2897	5028	3268	3270	4494	4376	5549
ENSG00000142025	DMRTC2	0	0	0	0	1	0	0
ENSG00000142039	CCDC97	1061	1858	1107	1048	1804	1762	2234
ENSG00000142046	TMEM91	65	97	48	64	45	51	48
ENSG00000142065	ZFP14	221	344	191	202	232	210	242
ENSG00000142082	SIRT3	287	440	268	256	382	328	434
ENSG00000142089	IFITM3	7024	12630	7635	7415	9154	9349	10990
ENSG00000142102	PGGHG	508	871	493	489	514	706	650
ENSG00000142149	HUNK	1	0	1	0	0	0	1
ENSG00000142156	COL6A1	8546	14009	8207	8448	8775	4255	9816
ENSG00000142166	IFNAR1	579	1235	692	950	1189	1203	1609
ENSG00000142168	SOD1	3201	5360	3487	3273	4655	4522	5811
ENSG00000142173	COL6A2	7762	13011	7166	6893	6840	5519	7000
ENSG00000142185	TRPM2	20	59	24	35	46	42	47
ENSG00000142186	SCYL1	2721	4684	2920	2906	3305	3441	3845
ENSG00000142188	TMEM50B	501	867	450	499	543	576	655
ENSG00000142192	APP	24953	42101	24111	24661	26175	25704	29356
ENSG00000142197	DOP1B	281	562	269	257	360	337	311
ENSG00000142207	URB1	2966	4958	2875	3010	3941	3708	4688
ENSG00000142208	AKT1	2711	4607	3083	2873	3358	3351	4018
ENSG00000142224	IL19	56	82	45	46	63	52	83
ENSG00000142227	EMP3	923	1766	1138	1036	1579	1572	2068
ENSG00000142230	SAE1	4167	6767	4560	4503	4868	4993	5519
ENSG00000142233	NTN5	2	2	2	4	7	2	1
ENSG00000142235	LMTK3	19	38	21	21	19	15	17
ENSG00000142252	GEMIN7	396	623	406	383	604	558	748
ENSG00000142279	WTIP	80	138	113	95	91	82	133
ENSG00000142303	ADAMTS10	0	2	5	0	0	1	0
ENSG00000142319	SLC6A3	0	0	0	0	0	0	1
ENSG00000142327	RNPEPL1	1123	1714	1044	1071	1360	1330	1431
ENSG00000142330	CAPN10	371	607	385	351	449	311	604
ENSG00000142347	MYO1F	52	77	52	50	64	50	60
ENSG00000142396	ERVK3-1	626	1100	647	635	1298	1368	1896
ENSG00000142405	NLRP12	0	0	1	0	0	0	0
ENSG00000142408	CACNG8	654	1006	553	560	667	479	677
ENSG00000142409	ZNF787	1058	1845	1202	1122	1972	1095	2428
ENSG00000142444	TIMM29	617	1141	747	691	1003	865	1176
ENSG00000142453	CARM1	3655	6204	3812	4214	5170	4609	5955
ENSG00000142459	EVI5L	524	787	526	515	630	502	677
ENSG00000142494	SLC47A1	477	688	478	463	523	474	617
ENSG00000142507	PSMB6	1729	2940	2056	1801	2681	2673	3586
ENSG00000142512	SIGLEC10	6	7	5	6	7	7	2
ENSG00000142513	ACP4	0	2	5	0	1	0	2
ENSG00000142528	ZNF473	559	888	503	583	892	770	1235
ENSG00000142530	GARIN5A	7	10	7	14	7	16	14
ENSG00000142534	RPS11	29342	50373	31294	28527	35106	34911	41009
ENSG00000142539	NA	0	0	2	0	0	0	0
ENSG00000142541	RPL13A	71701	126278	78464	73387	90616	87349	101342
ENSG00000142544	CTU1	557	960	558	579	879	606	1113
ENSG00000142546	NOSIP	1569	2884	1771	1676	2832	2832	3616
ENSG00000142549	IGLON5	2	15	9	5	6	9	9
ENSG00000142552	RCN3	813	1468	991	872	1148	1012	1162
ENSG00000142556	ZNF614	341	599	312	374	447	462	660
ENSG00000142583	SLC2A5	9	12	7	9	5	10	12
ENSG00000142599	RERE	5095	8203	4937	5336	6319	6206	7194
ENSG00000142606	MMEL1	0	0	0	1	0	0	0
ENSG00000142611	PRDM16	2	4	5	5	3	2	2
ENSG00000142619	PADI3	60	105	67	60	70	47	66
ENSG00000142621	FHAD1	44	86	44	31	69	67	66
ENSG00000142623	PADI1	0	0	0	1	0	0	0
ENSG00000142627	EPHA2	1777	3084	2036	2005	2810	2525	3910
ENSG00000142632	ARHGEF19	331	573	318	329	357	337	438
ENSG00000142634	EFHD2	2069	3766	2442	2385	3231	2717	3909
ENSG00000142655	PEX14	759	1260	796	801	1205	947	1485
ENSG00000142657	PGD	3279	5713	3635	3540	4571	4490	5492
ENSG00000142661	MYOM3	7	12	2	8	1	5	9
ENSG00000142669	SH3BGRL3	6983	12143	8151	7634	9628	9665	11783
ENSG00000142675	CNKSR1	8	27	15	19	16	19	23
ENSG00000142676	RPL11	15259	27660	16269	14523	19748	20196	23982
ENSG00000142677	IL22RA1	210	356	205	207	238	215	241
ENSG00000142684	ZNF593	552	872	609	508	773	722	999
ENSG00000142686	C1orf216	679	1194	708	725	927	852	1053
ENSG00000142687	KIAA0319L	2029	3301	1855	1891	2157	2120	2413
ENSG00000142694	EVA1B	637	1055	732	689	659	476	785
ENSG00000142698	C1orf94	0	1	0	0	0	0	0
ENSG00000142700	DMRTA2	9	14	9	13	11	11	25
ENSG00000142731	PLK4	521	838	503	536	770	761	1003
ENSG00000142733	MAP3K6	851	1182	621	726	751	773	866
ENSG00000142748	FCN3	4	8	9	2	8	7	10
ENSG00000142751	GPN2	1412	2282	1454	1458	2049	2025	2609
ENSG00000142765	SYTL1	8	4	6	6	10	3	7
ENSG00000142784	WDTC1	1916	3399	1958	1957	2534	2350	2743
ENSG00000142794	NBPF3	63	298	166	225	238	250	404
ENSG00000142798	HSPG2	6324	9569	5043	5967	6332	6039	6765
ENSG00000142856	ITGB3BP	772	1143	719	680	940	959	1174
ENSG00000142864	SERBP1	20264	33956	20438	19940	30589	29260	36607
ENSG00000142867	BCL10	394	718	407	405	744	646	926
ENSG00000142871	CCN1	510	965	658	685	646	641	774
ENSG00000142875	PRKACB	1248	1953	1085	1120	1848	1755	2053
ENSG00000142892	PIGK	1242	2069	1218	1205	1729	1646	2085
ENSG00000142910	TINAGL1	1773	3146	2166	2065	2382	2157	3065
ENSG00000142920	AZIN2	142	245	159	159	159	125	194
ENSG00000142937	RPS8	29558	48488	29929	27345	36134	33142	39419
ENSG00000142945	KIF2C	2736	4574	2935	2949	3996	3953	5009
ENSG00000142949	PTPRF	4244	7114	4909	5124	6118	5710	8342
ENSG00000142959	BEST4	4	5	4	1	3	2	4
ENSG00000142961	MOB3C	355	689	372	417	436	398	493
ENSG00000143001	TMEM61	1	0	0	0	1	1	0
ENSG00000143013	LMO4	1057	1697	1018	943	1003	895	961
ENSG00000143028	SYPL2	175	248	151	140	238	245	288
ENSG00000143032	BARHL2	0	0	0	1	0	0	0
ENSG00000143033	MTF2	625	1022	631	603	990	855	1201
ENSG00000143036	SLC44A3	20	27	28	26	19	19	20
ENSG00000143061	IGSF3	1797	2989	1809	1733	2551	2498	3116
ENSG00000143067	ZNF697	1807	2904	1776	1806	2227	1973	2984
ENSG00000143079	CTTNBP2NL	952	1670	930	1014	1555	1538	1891
ENSG00000143093	STRIP1	624	989	580	624	807	832	1027
ENSG00000143106	PSMA5	1618	2798	1852	1885	2561	2576	3289
ENSG00000143107	FNDC7	8	15	7	5	7	5	2
ENSG00000143110	C1orf162	9	7	5	1	6	5	5
ENSG00000143119	CD53	1	0	0	0	0	0	0
ENSG00000143125	PROK1	0	0	0	0	3	0	0
ENSG00000143126	CELSR2	1695	2621	1486	1624	2379	2289	2640
ENSG00000143127	ITGA10	2171	3590	1855	1807	2105	1906	2065
ENSG00000143147	GPR161	994	1565	949	1038	1379	1288	1684
ENSG00000143149	ALDH9A1	2384	3974	2308	2285	2869	2796	3479
ENSG00000143153	ATP1B1	2055	3346	2135	1990	2038	2064	2411
ENSG00000143155	TIPRL	3008	5015	3188	2981	4380	4274	5451
ENSG00000143156	NME7	626	1090	670	625	978	983	1158
ENSG00000143157	POGK	2049	3413	1892	2074	2773	2682	3533
ENSG00000143158	MPC2	828	1461	955	858	1431	1453	1792
ENSG00000143162	CREG1	1580	2563	1569	1465	1877	1779	2084
ENSG00000143164	DCAF6	1740	3043	1723	1800	1844	1849	2102
ENSG00000143167	GPA33	0	0	0	0	1	0	0
ENSG00000143171	RXRG	6235	10455	6247	5900	8577	8611	10307
ENSG00000143178	TBX19	216	400	206	236	248	276	321
ENSG00000143179	UCK2	2362	3796	2505	2531	3992	3612	5068
ENSG00000143183	TMCO1	3564	6000	3741	3549	5368	5341	6371
ENSG00000143184	XCL1	13	22	13	15	14	16	20
ENSG00000143185	XCL2	0	0	0	0	0	0	2
ENSG00000143190	POU2F1	1872	3224	1822	1837	2360	2321	2692
ENSG00000143195	ILDR2	1	4	3	2	4	5	5
ENSG00000143198	MGST3	969	1686	1067	997	1365	1363	1643
ENSG00000143199	ADCY10	0	1	1	0	1	0	4
ENSG00000143207	COP1	1203	2007	1223	1195	1462	1410	1705
ENSG00000143217	NECTIN4	8	5	8	2	3	4	6
ENSG00000143222	UFC1	1795	3209	2012	1875	2019	2127	2616
ENSG00000143224	PPOX	355	565	373	325	594	534	619
ENSG00000143226	FCGR2A	861	1186	628	659	783	745	768
ENSG00000143228	NUF2	1811	2922	1907	1795	2501	2347	2843
ENSG00000143248	RGS5	31	68	35	29	41	54	47
ENSG00000143252	SDHC	5330	9469	5957	5697	7520	7403	9231
ENSG00000143256	PFDN2	4348	7144	4615	4363	6189	5939	7596
ENSG00000143257	NR1I3	5	5	7	8	4	12	4
ENSG00000143258	USP21	755	1373	789	861	946	848	1026
ENSG00000143294	PRCC	2758	4893	3135	2944	3950	3872	4740
ENSG00000143303	METTL25B	1029	1791	983	1074	1461	1390	1601
ENSG00000143314	MRPL24	2948	5006	3064	2983	4386	4386	5303
ENSG00000143315	PIGM	1473	2382	1371	1315	2125	1935	2368
ENSG00000143318	CASQ1	4	9	5	3	9	3	4
ENSG00000143319	ISG20L2	2654	4633	3093	2851	4215	3805	5081
ENSG00000143320	CRABP2	77	143	74	55	100	92	104
ENSG00000143321	HDGF	16283	28247	18407	17185	24936	22664	30465
ENSG00000143322	ABL2	2863	4486	2490	2797	4274	3891	5336
ENSG00000143324	XPR1	2084	3266	2004	2058	2967	2885	3650
ENSG00000143333	RGS16	778	1389	885	831	812	741	909
ENSG00000143337	TOR1AIP1	3364	5529	3192	3333	4824	4759	5993
ENSG00000143340	FAM163A	2	7	1	0	5	0	0
ENSG00000143341	HMCN1	18680	28505	13518	16260	15909	15365	16663
ENSG00000143344	RGL1	1477	2529	1447	1541	1519	1498	1910
ENSG00000143353	LYPLAL1	427	711	409	376	430	442	496
ENSG00000143355	LHX9	136	253	143	161	229	225	221
ENSG00000143363	PRUNE1	1058	1861	1120	1062	1563	1491	1851
ENSG00000143365	RORC	0	0	7	0	0	0	8
ENSG00000143367	TUFT1	389	652	447	443	520	486	703
ENSG00000143368	SF3B4	2641	4632	2800	2871	5918	5986	7659
ENSG00000143369	ECM1	2068	3601	2135	1977	2762	2783	3137
ENSG00000143373	ZNF687	1398	2249	1430	1525	1837	1734	2301
ENSG00000143374	TARS2	2059	3477	2155	2027	3401	3375	4088
ENSG00000143375	CGN	28	59	72	68	186	116	232
ENSG00000143376	SNX27	2371	3943	2363	2400	2670	2432	3148
ENSG00000143379	SETDB1	2083	3537	2086	1982	2367	2303	2711
ENSG00000143382	ADAMTSL4	202	358	212	123	250	202	269
ENSG00000143384	MCL1	12220	20764	12155	11993	15945	13893	20367
ENSG00000143387	CTSK	3656	6309	3639	3520	4292	4235	4799
ENSG00000143390	RFX5	4800	7523	4408	4562	4711	4392	5367
ENSG00000143393	PI4KB	2813	4920	2913	3008	3730	3845	4890
ENSG00000143398	PIP5K1A	3381	5409	3589	3384	4223	3941	5391
ENSG00000143401	ANP32E	4540	7517	5052	4728	6733	6337	8100
ENSG00000143409	MINDY1	963	1675	998	994	1372	1369	1544
ENSG00000143412	ANXA9	99	148	66	86	116	94	128
ENSG00000143416	SELENBP1	798	1286	759	750	859	834	911
ENSG00000143418	CERS2	7045	11797	7278	7135	8764	8386	10493
ENSG00000143420	ENSA	6104	10334	6409	6020	9055	8873	11178
ENSG00000143434	SEMA6C	376	581	342	358	465	361	433
ENSG00000143436	MRPL9	1961	3426	2185	2054	2844	2921	3612
ENSG00000143437	ARNT	1717	2855	1723	1655	1935	1974	2127
ENSG00000143442	POGZ	2569	4424	2497	2629	3278	3417	4004
ENSG00000143443	C1orf56	324	554	343	295	491	532	548
ENSG00000143450	OAZ3	28	43	21	14	42	21	44
ENSG00000143452	HORMAD1	0	2	2	4	5	0	5
ENSG00000143457	GOLPH3L	1003	1745	1047	1082	1535	1470	1828
ENSG00000143458	GABPB2	308	458	281	290	439	358	520
ENSG00000143469	SYT14	244	569	242	333	458	512	585
ENSG00000143473	KCNH1	6	1	1	0	7	11	2
ENSG00000143476	DTL	1811	3081	2109	2009	3918	3909	5508
ENSG00000143479	DYRK3	1711	2650	1577	1708	2964	2703	3623
ENSG00000143486	EIF2D	2377	4090	2338	2304	2958	3001	3528
ENSG00000143493	INTS7	1301	2184	1156	1330	1417	1480	1796
ENSG00000143494	VASH2	154	260	175	146	202	194	192
ENSG00000143498	TAF1A	312	519	326	328	517	484	643
ENSG00000143499	SMYD2	1309	2331	1424	1380	1337	1536	1827
ENSG00000143502	SUSD4	2	3	1	0	1	2	1
ENSG00000143507	DUSP10	1958	3191	1887	1885	3750	3764	4914
ENSG00000143512	HHIPL2	3	6	4	2	1	5	2
ENSG00000143514	TP53BP2	1825	3163	1829	1847	2501	2543	3328
ENSG00000143515	ATP8B2	5812	9392	5415	5700	7124	6739	7957
ENSG00000143520	FLG2	10	17	6	8	17	18	15
ENSG00000143536	CRNN	0	1	0	0	0	0	0
ENSG00000143537	ADAM15	2687	4538	2708	2509	3562	3526	4142
ENSG00000143543	JTB	2386	4259	2730	2428	3042	2875	3536
ENSG00000143545	RAB13	8199	13753	8459	8108	10343	9690	11895
ENSG00000143549	TPM3	9831	16611	10811	10656	17222	17280	22590
ENSG00000143552	NUP210L	4	2	2	0	3	1	3
ENSG00000143553	SNAPIN	840	1426	885	896	1419	1229	1623
ENSG00000143554	SLC27A3	275	466	221	233	335	295	354
ENSG00000143556	S100A7	2	1	0	0	0	0	0
ENSG00000143569	UBAP2L	7099	11002	6719	7162	9590	9222	11959
ENSG00000143570	SLC39A1	6824	11703	7211	6901	9297	8924	11036
ENSG00000143575	HAX1	2358	4185	2744	2525	3757	3766	4719
ENSG00000143578	CREB3L4	764	1289	705	701	1025	1048	1211
ENSG00000143590	EFNA3	87	148	82	85	134	109	138
ENSG00000143595	AQP10	0	1	1	0	0	0	1
ENSG00000143603	KCNN3	566	915	559	559	627	605	775
ENSG00000143612	C1orf43	7238	12708	7960	7538	10059	9703	11757
ENSG00000143614	GATAD2B	3542	5512	3326	3493	5312	5128	6427
ENSG00000143621	ILF2	8073	14071	8964	8723	12554	12536	16138
ENSG00000143622	RIT1	848	1464	892	829	1546	1517	1929
ENSG00000143624	INTS3	1630	2342	1412	1644	2112	2052	2474
ENSG00000143627	PKLR	1	0	1	1	1	0	2
ENSG00000143630	HCN3	65	106	44	65	122	121	180
ENSG00000143631	FLG	754	1168	703	760	1004	1050	1328
ENSG00000143632	ACTA1	0	4	1	1	4	3	5
ENSG00000143633	C1orf131	723	1207	689	646	1061	966	1166
ENSG00000143641	GALNT2	19958	33226	21053	20765	24878	24214	30397
ENSG00000143643	TTC13	962	1709	1005	965	1104	1022	1308
ENSG00000143653	SCCPDH	3057	5051	2950	2878	4122	3868	4525
ENSG00000143669	LYST	2739	4359	2053	2720	2845	2614	3388
ENSG00000143674	MAP3K21	68	143	100	88	99	98	115
ENSG00000143702	CEP170	4433	7223	4276	4564	6787	6596	8848
ENSG00000143727	ACP1	1718	3047	1851	1763	2691	2761	3538
ENSG00000143740	SNAP47	1761	2980	1806	1794	1943	1903	2224
ENSG00000143742	SRP9	5542	9323	5440	5270	7705	8012	9535
ENSG00000143748	NVL	883	1570	849	923	1348	1357	1655
ENSG00000143751	SDE2	1378	2381	1435	1453	2513	2390	3030
ENSG00000143753	DEGS1	1927	3256	2131	2051	3228	3090	3784
ENSG00000143756	FBXO28	2199	3733	2075	2038	2477	2405	2860
ENSG00000143761	ARF1	14927	25965	16171	15418	15685	15688	17901
ENSG00000143771	CNIH4	1328	2361	1407	1377	1919	1844	2250
ENSG00000143772	ITPKB	1710	2912	1709	1736	2637	2379	3444
ENSG00000143774	GUK1	2691	5005	3072	3029	3930	3854	4777
ENSG00000143776	CDC42BPA	3375	5498	3065	3373	3830	3616	4514
ENSG00000143786	CNIH3	1265	2204	1229	1180	1405	1317	1396
ENSG00000143793	C1orf35	444	614	479	395	987	697	1212
ENSG00000143797	MBOAT2	858	1393	749	786	787	798	877
ENSG00000143799	PARP1	11598	19195	12380	12016	13852	13128	17102
ENSG00000143801	PSEN2	350	667	433	434	434	388	535
ENSG00000143811	PYCR2	2417	4294	2523	2585	4192	4078	4968
ENSG00000143815	LBR	1571	2667	1659	1594	2533	2451	3221
ENSG00000143816	WNT9A	82	92	78	80	117	67	152
ENSG00000143819	EPHX1	723	1335	739	691	1181	1177	1325
ENSG00000143839	REN	0	0	0	0	0	1	0
ENSG00000143842	SOX13	1273	2076	1244	1213	1509	1375	1780
ENSG00000143845	ETNK2	506	815	560	521	536	515	670
ENSG00000143847	PPFIA4	201	531	300	154	526	275	275
ENSG00000143850	PLEKHA6	3	7	5	2	6	2	5
ENSG00000143851	PTPN7	0	10	7	0	5	11	6
ENSG00000143858	SYT2	6	13	5	12	7	3	9
ENSG00000143862	ARL8A	806	1291	814	766	935	948	1076
ENSG00000143869	GDF7	11	18	11	16	11	3	10
ENSG00000143870	PDIA6	13174	21712	13830	13465	15716	15247	19008
ENSG00000143878	RHOB	1573	2781	1664	1684	2858	2717	3926
ENSG00000143882	ATP6V1C2	154	269	167	149	165	155	177
ENSG00000143889	HNRNPLL	1283	2416	1422	1354	1596	1665	2136
ENSG00000143891	GALM	1	1	3	1	2	0	1
ENSG00000143919	CAMKMT	184	274	173	180	221	188	224
ENSG00000143921	ABCG8	1	6	0	1	3	4	5
ENSG00000143924	EML4	1332	2083	1258	1419	1621	1491	1975
ENSG00000143933	CALM2	7433	12413	8014	7531	9944	9380	11794
ENSG00000143942	CHAC2	142	259	167	129	399	392	561
ENSG00000143947	RPS27A	12978	22257	13683	12792	17229	16799	20475
ENSG00000143951	WDPCP	539	747	429	415	553	533	589
ENSG00000143952	VPS54	1068	1787	964	1028	1280	1132	1380
ENSG00000143970	ASXL2	2885	4558	2593	2697	3571	3408	4258
ENSG00000143971	ETAA1	843	1359	776	834	955	869	1075
ENSG00000143977	SNRPG	1662	2994	2051	1886	3030	2863	4109
ENSG00000143994	ABHD1	8	8	6	4	14	11	7
ENSG00000143995	MEIS1	276	463	282	309	387	335	438
ENSG00000144010	TRIM43B	0	0	0	0	1	0	0
ENSG00000144021	CIAO1	2580	4465	2663	2570	3723	3628	4194
ENSG00000144026	ZNF514	322	561	288	281	347	302	318
ENSG00000144028	SNRNP200	8784	14652	8217	9626	10496	10849	13398
ENSG00000144029	MRPS5	854	1546	940	821	1447	1372	1762
ENSG00000144031	ANKRD53	10	6	12	9	9	7	10
ENSG00000144034	TPRKB	836	1491	875	882	1805	1774	2394
ENSG00000144035	NAT8	0	0	0	1	0	0	0
ENSG00000144036	EXOC6B	554	845	513	534	748	690	841
ENSG00000144040	SFXN5	577	803	543	553	697	633	825
ENSG00000144043	TEX261	2060	3604	2191	2317	3009	2961	4019
ENSG00000144045	DQX1	0	0	0	0	0	2	0
ENSG00000144048	DUSP11	519	982	585	547	766	707	904
ENSG00000144057	ST6GAL2	0	12	3	7	5	11	4
ENSG00000144061	NPHP1	119	267	135	119	201	151	189
ENSG00000144063	MALL	4	16	6	12	5	5	1
ENSG00000144115	THNSL2	171	272	162	134	177	154	138
ENSG00000144118	RALB	974	1771	1056	1001	1556	1390	1870
ENSG00000144119	C1QL2	0	0	1	0	0	0	0
ENSG00000144120	TMEM177	386	604	391	396	526	507	685
ENSG00000144130	NT5DC4	13	15	9	8	4	6	17
ENSG00000144134	RABL2A	9	13	12	4	16	6	15
ENSG00000144136	SLC20A1	12184	20319	11320	11368	12414	12063	15142
ENSG00000144152	FBLN7	63	106	65	77	75	71	57
ENSG00000144161	ZC3H8	204	382	240	205	280	281	366
ENSG00000144182	LIPT1	98	151	81	72	112	98	156
ENSG00000144191	CNGA3	0	0	0	1	0	0	0
ENSG00000144199	FAHD2B	247	444	251	256	337	336	383
ENSG00000144214	LYG1	6	13	0	5	10	8	10
ENSG00000144218	AFF3	144	215	156	190	174	183	185
ENSG00000144224	UBXN4	2909	4804	2809	2866	4017	3689	4437
ENSG00000144228	SPOPL	336	552	327	315	466	426	600
ENSG00000144230	GPR17	1	1	2	0	0	1	6
ENSG00000144231	POLR2D	1060	1846	1130	1046	1487	1396	1826
ENSG00000144233	AMMECR1L	760	1438	702	705	1105	1146	1549
ENSG00000144278	GALNT13	54	83	46	49	76	65	122
ENSG00000144283	PKP4	1113	1814	1041	933	1251	1214	1446
ENSG00000144290	SLC4A10	2	3	2	1	1	1	2
ENSG00000144306	SCRN3	417	701	392	336	600	613	708
ENSG00000144320	LNPK	732	1228	712	736	1117	964	1172
ENSG00000144331	ZNF385B	35	76	27	35	17	26	15
ENSG00000144354	CDCA7	167	312	216	188	231	264	313
ENSG00000144355	DLX1	1059	1875	1028	945	1188	1094	1329
ENSG00000144357	UBR3	673	1172	572	693	813	744	946
ENSG00000144362	PHOSPHO2	21	36	21	19	35	24	49
ENSG00000144366	GULP1	2984	4689	2636	2696	3167	3108	3725
ENSG00000144369	FAM171B	458	752	422	485	572	572	695
ENSG00000144381	HSPD1	13116	22239	13525	13000	17136	16501	21078
ENSG00000144395	CCDC150	10	23	0	3	5	7	21
ENSG00000144401	METTL21A	234	426	252	211	340	317	433
ENSG00000144406	UNC80	58	70	41	57	54	51	65
ENSG00000144410	CPO	0	0	0	0	1	0	0
ENSG00000144426	NBEAL1	631	947	553	612	678	649	835
ENSG00000144445	KANSL1L	217	303	198	188	245	245	276
ENSG00000144451	SPAG16	240	406	255	239	370	339	362
ENSG00000144452	ABCA12	2	1	0	2	2	3	3
ENSG00000144455	SUMF1	436	715	461	456	493	532	561
ENSG00000144460	NYAP2	9	10	8	7	10	13	5
ENSG00000144468	RHBDD1	413	661	404	409	584	535	653
ENSG00000144476	ACKR3	0	1	0	0	0	0	0
ENSG00000144481	TRPM8	1360	2197	1130	1112	977	924	932
ENSG00000144485	HES6	244	488	302	297	412	247	464
ENSG00000144488	ESPNL	6	18	0	9	0	9	0
ENSG00000144504	ANKMY1	131	141	98	129	81	111	70
ENSG00000144524	COPS7B	587	996	588	617	783	803	983
ENSG00000144535	DIS3L2	650	946	577	595	764	741	887
ENSG00000144550	CPNE9	1	4	2	0	2	3	6
ENSG00000144554	FANCD2	1336	2327	1434	1470	1960	1851	2479
ENSG00000144559	TAMM41	265	421	283	257	452	441	494
ENSG00000144560	VGLL4	2603	3986	2440	2509	2952	2986	3473
ENSG00000144566	RAB5A	1780	3050	1853	1797	2435	2371	3025
ENSG00000144567	RETREG2	910	1570	1001	1061	1415	1292	1728
ENSG00000144579	CTDSP1	1168	1869	1196	1104	1476	1417	1767
ENSG00000144580	CNOT9	1649	2713	1708	1790	2583	2504	3430
ENSG00000144589	STK11IP	921	1585	931	900	1054	963	1201
ENSG00000144591	GMPPA	771	1250	844	775	1338	1253	1497
ENSG00000144596	GRIP2	52	85	59	70	66	41	84
ENSG00000144597	EAF1	1485	2555	1488	1454	2096	1907	2491
ENSG00000144619	CNTN4	7	11	14	14	15	12	17
ENSG00000144635	DYNC1LI1	1738	2856	1889	1695	2642	2478	3235
ENSG00000144642	RBMS3	1375	2237	1187	1200	1205	1213	1284
ENSG00000144644	GADL1	14	14	10	10	7	14	17
ENSG00000144645	OSBPL10	4032	6926	3895	4007	4396	4164	5071
ENSG00000144647	POMGNT2	420	724	464	460	673	615	777
ENSG00000144648	ACKR2	0	5	1	0	2	0	0
ENSG00000144649	GASK1A	0	0	0	0	0	0	1
ENSG00000144655	CSRNP1	265	527	338	351	430	409	533
ENSG00000144659	SLC25A38	858	1483	948	864	1128	1078	1415
ENSG00000144668	ITGA9	3044	5059	2623	2922	2842	2953	3239
ENSG00000144671	SLC22A14	1	7	3	6	1	1	4
ENSG00000144674	GOLGA4	7855	12145	6880	7264	9364	8842	10436
ENSG00000144677	CTDSPL	670	1134	679	668	757	779	971
ENSG00000144681	STAC	186	227	143	174	206	197	254
ENSG00000144711	IQSEC1	1011	1658	989	1070	1106	1094	1404
ENSG00000144712	CAND2	214	310	186	160	213	216	221
ENSG00000144713	RPL32	13539	23663	13960	13192	16897	17447	19808
ENSG00000144724	PTPRG	2308	3535	2003	2212	2539	2369	2888
ENSG00000144730	IL17RD	80	119	69	62	87	69	79
ENSG00000144736	SHQ1	987	1678	980	994	1237	1233	1544
ENSG00000144741	SLC25A26	523	944	604	508	696	662	819
ENSG00000144744	UBA3	2325	3676	2267	2208	3041	2993	3724
ENSG00000144746	ARL6IP5	2606	4478	2744	2442	3316	3322	3762
ENSG00000144747	TMF1	2461	3713	2155	2300	3001	2705	3336
ENSG00000144749	LRIG1	583	964	520	579	736	580	769
ENSG00000144785	NA	313	523	143	227	251	317	485
ENSG00000144791	LIMD1	603	873	581	525	608	643	760
ENSG00000144792	ZNF660	53	74	46	36	70	48	60
ENSG00000144802	NFKBIZ	707	1152	631	678	813	788	971
ENSG00000144810	COL8A1	614	1122	687	713	553	495	678
ENSG00000144815	NXPE3	942	1637	959	992	1191	1153	1277
ENSG00000144821	MYH15	289	464	297	288	269	291	357
ENSG00000144824	PHLDB2	943	1411	877	977	1299	1255	1621
ENSG00000144827	ABHD10	1299	2123	1333	1229	2011	1936	2472
ENSG00000144834	TAGLN3	291	463	286	290	490	490	644
ENSG00000144837	PLA1A	10	12	6	7	6	9	9
ENSG00000144840	RABL3	85	123	95	64	114	121	153
ENSG00000144843	ADPRH	487	854	496	487	604	619	759
ENSG00000144847	IGSF11	78	121	70	67	118	101	93
ENSG00000144848	ATG3	1483	2504	1611	1674	2533	2526	3167
ENSG00000144857	BOC	518	907	507	472	620	586	649
ENSG00000144867	SRPRB	1353	2361	1470	1413	2515	2312	3050
ENSG00000144868	TMEM108	71	115	75	99	83	111	115
ENSG00000144891	AGTR1	0	3	0	0	0	4	3
ENSG00000144893	MED12L	164	257	146	151	242	206	266
ENSG00000144895	EIF2A	4487	7574	4467	4176	4570	4959	5321
ENSG00000144908	ALDH1L1	1	0	0	1	1	0	0
ENSG00000144909	OSBPL11	807	1361	837	902	1329	1314	1716
ENSG00000144935	TRPC1	285	460	274	251	271	253	250
ENSG00000144959	NCEH1	269	509	243	252	394	341	477
ENSG00000145002	FAM86B2	2	6	11	8	0	0	23
ENSG00000145012	LPP	2590	3949	2208	2370	2808	2598	3253
ENSG00000145014	TMEM44	149	268	145	164	174	150	198
ENSG00000145016	RUBCN	483	795	447	485	583	578	659
ENSG00000145020	AMT	0	4	6	5	14	10	9
ENSG00000145022	TCTA	811	1439	848	932	1379	1292	1766
ENSG00000145029	NICN1	224	412	207	231	345	367	401
ENSG00000145040	UCN2	2529	4181	2157	2378	3940	3937	5082
ENSG00000145041	DCAF1	1681	2522	1423	1627	2154	2182	2697
ENSG00000145050	MANF	2680	4864	3130	2933	4250	4113	5229
ENSG00000145087	STXBP5L	18	24	10	10	16	13	18
ENSG00000145088	EAF2	43	70	41	41	52	83	96
ENSG00000145103	ILDR1	0	0	0	0	0	0	1
ENSG00000145107	TM4SF19	256	490	249	289	505	498	552
ENSG00000145147	SLIT2	421	702	472	475	495	510	655
ENSG00000145191	EIF2B5	1027	1623	977	939	1179	1171	1481
ENSG00000145192	AHSG	0	1	0	0	1	0	0
ENSG00000145194	ECE2	3	0	0	0	0	2	0
ENSG00000145198	VWA5B2	8	0	3	0	11	2	5
ENSG00000145214	DGKQ	919	1533	923	911	966	847	1085
ENSG00000145216	FIP1L1	2423	4160	2577	2451	4653	4173	5914
ENSG00000145217	SLC26A1	245	386	191	233	251	216	270
ENSG00000145220	LYAR	1713	2926	1906	1798	2657	2540	3433
ENSG00000145241	CENPC	69	116	39	62	57	47	66
ENSG00000145242	EPHA5	0	4	0	0	0	0	1
ENSG00000145244	CORIN	7	11	3	0	5	4	13
ENSG00000145246	ATP10D	493	828	463	469	450	496	597
ENSG00000145247	OCIAD2	1	0	3	0	0	1	0
ENSG00000145248	SLC10A4	18	32	14	23	37	24	40
ENSG00000145283	SLC10A6	1	2	0	0	0	0	0
ENSG00000145284	SCD5	120	204	140	113	167	173	175
ENSG00000145287	PLAC8	95	129	70	90	66	53	77
ENSG00000145293	ENOPH1	517	857	505	543	906	849	1162
ENSG00000145331	TRMT10A	187	314	184	202	245	245	272
ENSG00000145332	KLHL8	479	748	478	435	628	615	705
ENSG00000145335	SNCA	323	542	293	342	573	543	577
ENSG00000145337	PYURF	759	1235	774	698	835	917	1119
ENSG00000145348	TBCK	329	566	321	367	463	426	447
ENSG00000145349	CAMK2D	1625	2611	1518	1547	1936	1781	2036
ENSG00000145354	CISD2	358	602	422	359	696	651	832
ENSG00000145358	DDIT4L	7	24	12	22	17	34	36
ENSG00000145362	ANK2	384	646	302	351	493	440	529
ENSG00000145365	TIFA	459	797	442	468	634	716	948
ENSG00000145375	SPATA5	421	679	444	427	599	570	737
ENSG00000145384	FABP2	0	1	0	1	0	0	0
ENSG00000145386	CCNA2	1555	2686	1678	1670	2032	2133	2810
ENSG00000145388	METTL14	700	1085	615	611	861	822	1013
ENSG00000145390	USP53	4173	6853	3863	4173	5102	5071	5944
ENSG00000145391	SETD7	2231	3556	1988	2126	2940	2775	3467
ENSG00000145414	NAF1	268	471	292	297	401	403	542
ENSG00000145416	MARCHF1	140	183	110	123	117	129	173
ENSG00000145423	SFRP2	3	3	2	0	3	5	2
ENSG00000145425	RPS3A	19842	34698	20277	19027	25274	24365	29161
ENSG00000145428	RNF175	148	215	135	93	139	146	153
ENSG00000145431	PDGFC	160	256	137	134	145	139	129
ENSG00000145439	CBR4	775	1179	723	680	862	754	922
ENSG00000145451	GLRA3	0	0	0	0	2	0	0
ENSG00000145476	CYP4V2	442	733	443	475	435	408	531
ENSG00000145491	ROPN1L	7	27	15	14	27	37	45
ENSG00000145494	NDUFS6	1865	3098	2210	1987	3147	3156	4004
ENSG00000145495	MARCHF6	4251	6941	4097	3852	5286	4989	5952
ENSG00000145506	NKD2	87	165	94	95	131	103	181
ENSG00000145526	CDH18	6	10	4	3	10	8	4
ENSG00000145536	ADAMTS16	99	157	104	108	78	109	134
ENSG00000145545	SRD5A1	427	719	441	456	672	578	758
ENSG00000145555	MYO10	2137	3344	2128	2289	2621	2519	3377
ENSG00000145569	OTULINL	7	17	12	19	26	29	34
ENSG00000145592	RPL37	10936	17934	10806	10485	12799	13656	15221
ENSG00000145604	SKP2	1359	2121	1313	1428	2293	2133	2930
ENSG00000145623	OSMR	3692	6101	3237	3389	3886	3768	4090
ENSG00000145632	PLK2	3028	4878	3047	3023	4611	4449	6397
ENSG00000145675	PIK3R1	1216	1887	1120	1184	1506	1458	1889
ENSG00000145681	HAPLN1	18432	30153	16641	16337	14583	14274	16876
ENSG00000145685	LHFPL2	4590	7348	4248	4239	5305	5179	6045
ENSG00000145687	SSBP2	435	774	417	411	511	533	569
ENSG00000145692	BHMT	1	0	0	0	0	0	1
ENSG00000145700	ANKRD31	2	30	5	10	40	21	37
ENSG00000145703	IQGAP2	332	517	278	294	276	256	297
ENSG00000145708	CRHBP	9	17	16	0	12	4	9
ENSG00000145715	RASA1	1342	2296	1307	1371	1922	1683	2439
ENSG00000145721	LIX1	1	0	1	1	1	1	0
ENSG00000145723	GIN1	196	301	194	152	283	249	264
ENSG00000145725	PPIP5K2	1431	2295	1280	1308	1642	1680	2006
ENSG00000145730	PAM	7721	12909	7083	7265	8372	8241	9250
ENSG00000145734	BDP1	1653	2521	1306	1664	1963	1883	2129
ENSG00000145736	GTF2H2	206	335	219	172	392	380	430
ENSG00000145740	SLC30A5	2869	4999	2921	2961	3649	3796	4295
ENSG00000145741	BTF3	17234	29827	18903	17241	22995	22676	27805
ENSG00000145743	FBXL17	716	1201	674	675	933	773	965
ENSG00000145757	SPATA9	0	3	0	0	0	0	0
ENSG00000145777	TSLP	0	1	1	0	4	4	2
ENSG00000145779	TNFAIP8	134	207	112	117	174	195	246
ENSG00000145780	FEM1C	1335	2098	1278	1271	1936	1775	2350
ENSG00000145781	COMMD10	434	646	382	356	483	520	624
ENSG00000145782	ATG12	858	1357	864	788	1460	1326	1643
ENSG00000145794	MEGF10	121	206	121	111	318	300	384
ENSG00000145817	YIPF5	1736	2776	1659	1645	2602	2450	3042
ENSG00000145819	ARHGAP26	830	1333	785	819	898	833	1052
ENSG00000145824	CXCL14	2	1	0	1	0	0	0
ENSG00000145826	LECT2	0	0	0	0	1	0	0
ENSG00000145833	DDX46	5112	7964	5119	5046	7006	6156	8435
ENSG00000145860	RNF145	4958	8065	5095	4958	6061	5752	7263
ENSG00000145861	C1QTNF2	19	22	20	22	61	35	76
ENSG00000145868	FBXO38	1272	2141	1099	1297	1782	1679	1962
ENSG00000145882	PCYOX1L	366	669	435	442	422	414	529
ENSG00000145888	GLRA1	1	6	2	2	5	0	5
ENSG00000145901	TNIP1	1833	3284	1815	1823	2099	1962	2109
ENSG00000145907	G3BP1	7664	13435	8107	7525	13348	13168	16468
ENSG00000145908	ZNF300	874	1419	718	885	912	968	1249
ENSG00000145911	N4BP3	4	5	6	5	11	8	16
ENSG00000145912	NHP2	4005	6820	4570	4244	4952	5194	6327
ENSG00000145916	RMND5B	771	1348	820	810	1063	873	1235
ENSG00000145919	BOD1	1039	1860	1080	1026	1493	1405	1685
ENSG00000145920	CPLX2	1	0	0	0	1	1	0
ENSG00000145934	TENM2	3	9	2	1	4	7	1
ENSG00000145936	KCNMB1	35	53	32	26	26	20	38
ENSG00000145945	FAM50B	177	311	199	194	365	310	421
ENSG00000145949	MYLK4	46	73	27	45	24	33	12
ENSG00000145975	FAM217A	0	0	0	0	0	0	1
ENSG00000145979	TBC1D7	388	714	434	425	488	468	522
ENSG00000145982	FARS2	201	420	288	245	458	455	579
ENSG00000145990	GFOD1	86	141	104	93	116	108	151
ENSG00000145996	CDKAL1	338	552	336	343	532	497	559
ENSG00000146005	PSD2	10	19	9	16	12	13	15
ENSG00000146006	LRRTM2	41	76	51	38	84	74	109
ENSG00000146007	ZMAT2	2001	3357	2061	2003	2931	2887	3531
ENSG00000146013	GFRA3	4	5	0	3	2	1	1
ENSG00000146021	KLHL3	91	128	67	68	65	66	55
ENSG00000146038	DCDC2	2	0	0	1	0	0	0
ENSG00000146039	SLC17A4	0	0	1	0	0	0	0
ENSG00000146054	TRIM7	161	278	133	146	253	257	236
ENSG00000146063	TRIM41	875	1398	934	872	1358	542	1640
ENSG00000146066	HIGD2A	1076	2007	1123	1145	1415	1382	1635
ENSG00000146067	FAM193B	385	676	376	383	444	431	467
ENSG00000146070	PLA2G7	75	103	56	69	85	85	92
ENSG00000146072	TNFRSF21	2884	4830	3124	3078	3160	3081	3743
ENSG00000146083	RNF44	1914	3214	1839	1895	2211	2102	2566
ENSG00000146085	MMUT	730	1273	774	739	901	942	1208
ENSG00000146090	RASGEF1C	21	53	28	32	30	44	24
ENSG00000146094	DOK3	59	68	35	43	67	78	109
ENSG00000146109	ABT1	612	1045	664	654	933	914	1189
ENSG00000146112	PPP1R18	2393	4124	2537	2570	3693	3104	4213
ENSG00000146122	DAAM2	4675	7682	4567	4846	5990	5735	7050
ENSG00000146143	PRIM2	518	875	535	522	775	701	954
ENSG00000146147	MLIP	5	11	9	7	5	12	21
ENSG00000146166	LGSN	2	1	0	0	0	1	0
ENSG00000146197	SCUBE3	699	1186	634	663	687	682	746
ENSG00000146205	ANO7	17	25	15	15	14	17	22
ENSG00000146215	CRIP3	5	1	3	3	6	1	1
ENSG00000146216	TTBK1	0	1	3	1	1	0	3
ENSG00000146221	TCTE1	3	2	0	0	0	0	0
ENSG00000146223	RPL7L1	4942	8209	5096	5043	7929	7635	9974
ENSG00000146232	NFKBIE	220	333	247	225	245	236	288
ENSG00000146233	CYP39A1	41	46	25	31	32	45	34
ENSG00000146242	TPBG	1017	1716	1020	1025	1041	897	1192
ENSG00000146243	IRAK1BP1	86	128	79	72	109	108	97
ENSG00000146247	PHIP	2485	3912	2234	2221	2652	2532	3041
ENSG00000146250	PRSS35	7	9	4	3	7	11	11
ENSG00000146263	MMS22L	551	803	503	503	813	769	1014
ENSG00000146267	FAXC	259	483	302	236	315	281	369
ENSG00000146278	PNRC1	2116	3510	1908	1862	1909	1833	2156
ENSG00000146281	PM20D2	342	592	401	349	472	413	558
ENSG00000146282	RARS2	672	1261	811	680	840	737	1008
ENSG00000146285	SCML4	2	4	0	0	0	2	4
ENSG00000146350	TBC1D32	109	94	56	69	105	87	118
ENSG00000146373	RNF217	561	857	526	570	633	468	715
ENSG00000146376	ARHGAP18	961	1571	928	955	1507	1441	1891
ENSG00000146386	ABRACL	306	498	297	294	385	402	565
ENSG00000146409	SLC18B1	1026	1686	1087	984	1222	1152	1431
ENSG00000146410	MTFR2	150	279	202	174	272	297	363
ENSG00000146411	SLC2A12	19	33	19	18	28	28	28
ENSG00000146414	SHPRH	422	665	351	406	443	513	544
ENSG00000146416	AIG1	144	225	164	179	192	177	224
ENSG00000146425	DYNLT1	813	1403	925	898	1347	1304	1643
ENSG00000146426	TIAM2	518	832	420	454	553	486	695
ENSG00000146433	TMEM181	2969	4596	2568	2556	3070	2875	3467
ENSG00000146453	PNLDC1	0	0	3	0	0	0	2
ENSG00000146457	WTAP	1273	2223	1324	1343	2137	1983	2701
ENSG00000146463	ZMYM4	1775	2772	1621	1749	2083	2033	2462
ENSG00000146469	VIP	0	1	0	0	0	0	0
ENSG00000146476	ARMT1	619	1020	635	588	858	800	978
ENSG00000146530	VWDE	6	0	6	1	0	0	9
ENSG00000146535	GNA12	1132	2129	1166	1472	1512	1244	1645
ENSG00000146540	C7orf50	1203	2243	1298	1319	2281	1784	2958
ENSG00000146555	SDK1	84	167	104	95	134	113	142
ENSG00000146574	CCZ1B	2132	3607	2309	2205	2771	2609	3338
ENSG00000146576	INTS15	769	1217	855	789	901	848	1046
ENSG00000146587	RBAK	903	1455	791	804	1066	980	1268
ENSG00000146592	CREB5	361	575	310	347	450	396	540
ENSG00000146648	EGFR	299	405	225	262	294	314	374
ENSG00000146670	CDCA5	1634	2674	1767	1779	2850	2789	3678
ENSG00000146674	IGFBP3	4321	7273	3977	4076	4698	4641	5031
ENSG00000146676	PURB	3516	5388	3187	3338	4379	3460	5087
ENSG00000146678	IGFBP1	0	0	0	0	1	0	0
ENSG00000146700	SSC4D	1	8	8	4	14	8	7
ENSG00000146701	MDH2	8961	15551	9655	9505	12108	12246	14728
ENSG00000146707	POMZP3	399	675	513	471	466	486	572
ENSG00000146729	NIPSNAP2	1751	2905	1651	1707	2154	2148	2530
ENSG00000146731	CCT6A	11272	18745	11796	11232	17117	16226	21046
ENSG00000146733	PSPH	661	1162	701	758	1326	1264	1534
ENSG00000146755	TRIM50	0	2	0	0	0	2	0
ENSG00000146757	ZNF92	587	959	516	482	634	682	847
ENSG00000146776	ATXN7L1	245	384	200	233	299	275	372
ENSG00000146802	TMEM168	714	1132	627	623	906	783	997
ENSG00000146826	TRAPPC14	485	832	466	421	603	515	726
ENSG00000146828	SLC12A9	478	927	581	569	809	589	892
ENSG00000146830	GIGYF1	2788	4343	2559	2619	3247	2671	3914
ENSG00000146833	TRIM4	1383	2276	1266	1270	1571	1468	1515
ENSG00000146834	MEPCE	1667	2929	1810	1799	2187	1821	2706
ENSG00000146839	ZAN	0	0	0	0	1	0	0
ENSG00000146842	TMEM209	1201	1984	1161	1249	2085	2001	2366
ENSG00000146856	AGBL3	17	24	14	13	17	10	17
ENSG00000146858	ZC3HAV1L	85	100	61	78	100	107	123
ENSG00000146859	TMEM140	351	524	329	325	355	343	449
ENSG00000146872	TLK2	1736	2727	1587	1745	1957	1909	2470
ENSG00000146904	EPHA1	0	1	0	0	0	0	0
ENSG00000146909	NOM1	1451	2475	1537	1578	2147	1870	2522
ENSG00000146918	NCAPG2	2432	4145	2500	2662	3609	3563	4453
ENSG00000146938	NLGN4X	1854	3206	1937	1946	2462	2542	3093
ENSG00000146950	SHROOM2	1446	2363	1492	1566	1946	1881	2755
ENSG00000146955	RAB19	0	1	0	0	0	0	0
ENSG00000146963	LUC7L2	3113	5025	3093	3273	5002	4742	6153
ENSG00000146966	DENND2A	99	141	83	90	102	102	94
ENSG00000147003	CLTRN	5	6	8	7	5	1	3
ENSG00000147010	SH3KBP1	3479	5854	3614	3619	4628	4637	5387
ENSG00000147027	TMEM47	1012	1782	1034	1004	1350	1362	1674
ENSG00000147036	LANCL3	14	50	22	29	52	29	52
ENSG00000147041	SYTL5	14167	23068	12317	12709	14097	13802	15354
ENSG00000147044	CASK	425	589	416	361	471	401	516
ENSG00000147050	KDM6A	377	439	279	378	487	449	427
ENSG00000147059	SPIN2A	71	89	39	47	60	38	70
ENSG00000147065	MSN	7672	12955	8300	8401	11911	11941	15210
ENSG00000147081	AKAP4	0	0	0	0	0	0	1
ENSG00000147082	CCNB3	10	33	29	11	33	13	28
ENSG00000147099	HDAC8	749	1302	698	711	809	964	1199
ENSG00000147100	SLC16A2	24	38	22	15	19	0	33
ENSG00000147113	DIPK2B	5	0	4	0	9	6	2
ENSG00000147117	ZNF157	25	32	34	19	20	24	28
ENSG00000147118	ZNF182	296	449	230	264	312	277	390
ENSG00000147119	CHST7	150	235	154	158	223	214	310
ENSG00000147121	KRBOX4	281	441	260	297	358	333	434
ENSG00000147123	NDUFB11	1892	3350	2044	1948	2595	2752	3213
ENSG00000147124	ZNF41	341	605	316	357	456	481	635
ENSG00000147127	RAB41	0	0	0	0	0	0	1
ENSG00000147130	ZMYM3	1551	2581	1477	1564	1801	1786	2223
ENSG00000147133	TAF1	1851	2740	1463	1636	1776	1862	2191
ENSG00000147138	GPR174	0	0	0	0	2	0	0
ENSG00000147140	NONO	12844	21379	12965	13004	19501	18800	23976
ENSG00000147144	CCDC120	68	142	73	77	97	96	105
ENSG00000147145	LPAR4	67	135	74	76	69	55	71
ENSG00000147155	EBP	844	1546	1015	1117	1802	1538	2040
ENSG00000147162	OGT	2764	4354	2310	2668	3020	2999	3739
ENSG00000147164	SNX12	1723	2965	1808	1782	2207	2210	2644
ENSG00000147166	ITGB1BP2	12	26	10	13	26	26	31
ENSG00000147168	IL2RG	4	5	2	1	7	5	2
ENSG00000147174	GCNA	31	41	34	26	43	32	37
ENSG00000147180	ZNF711	0	0	1	0	0	0	0
ENSG00000147202	DIAPH2	1098	1876	968	1091	1122	1019	1133
ENSG00000147223	RIPPLY1	0	0	0	0	0	1	0
ENSG00000147224	PRPS1	1487	2586	1691	1661	1961	1966	2566
ENSG00000147231	RADX	216	421	219	220	385	388	482
ENSG00000147234	FRMPD3	0	0	0	0	1	0	0
ENSG00000147246	HTR2C	1	0	0	0	3	0	0
ENSG00000147251	DOCK11	875	1405	740	837	757	788	836
ENSG00000147255	IGSF1	1	1	0	2	0	3	0
ENSG00000147262	GPR119	2	2	0	0	1	0	1
ENSG00000147274	RBMX	5801	9742	5496	5661	7269	7339	8988
ENSG00000147316	MCPH1	452	914	472	455	660	580	863
ENSG00000147324	MFHAS1	673	1176	620	688	883	809	970
ENSG00000147364	FBXO25	523	867	477	490	585	585	615
ENSG00000147378	FATE1	0	0	0	0	1	0	0
ENSG00000147381	MAGEA4	12594	22101	14458	13627	21791	20569	26920
ENSG00000147383	NSDHL	313	510	357	343	399	385	497
ENSG00000147394	ZNF185	31	66	40	31	41	29	40
ENSG00000147400	CETN2	362	520	359	294	570	550	652
ENSG00000147403	RPL10	27163	47361	28628	27248	38305	39037	46569
ENSG00000147408	CSGALNACT1	2076	3630	1869	1941	2029	1988	2214
ENSG00000147416	ATP6V1B2	3006	5116	3143	3104	4534	4276	5209
ENSG00000147419	CCDC25	1328	2282	1373	1332	1419	1349	1437
ENSG00000147421	HMBOX1	339	494	275	323	396	371	467
ENSG00000147434	CHRNA6	18	14	10	7	4	12	18
ENSG00000147437	GNRH1	30	36	12	36	25	23	27
ENSG00000147439	BIN3	3142	5126	3122	3078	4599	4364	5446
ENSG00000147443	DOK2	0	0	0	0	0	2	0
ENSG00000147454	SLC25A37	1308	2129	1094	1116	1201	1090	1242
ENSG00000147457	CHMP7	523	783	409	546	659	627	918
ENSG00000147459	DOCK5	2017	3070	1752	1910	2205	2245	2742
ENSG00000147465	STAR	6	6	1	4	7	4	6
ENSG00000147471	PLPBP	563	858	568	520	867	848	1074
ENSG00000147475	ERLIN2	943	1468	883	889	1315	1165	1467
ENSG00000147481	SNTG1	0	0	0	0	0	0	1
ENSG00000147485	PXDNL	30	40	18	8	9	22	16
ENSG00000147509	RGS20	82	221	129	140	148	172	166
ENSG00000147526	TACC1	2009	3089	1893	2041	3608	3480	4656
ENSG00000147533	GOLGA7	1296	2043	1251	1258	1922	1727	2193
ENSG00000147535	PLPP5	269	479	262	303	387	393	476
ENSG00000147536	GINS4	994	1680	1089	1090	2014	1726	2464
ENSG00000147548	NSD3	2326	3700	2033	2255	2842	2706	3403
ENSG00000147576	ADHFE1	3	8	0	0	7	3	0
ENSG00000147586	MRPS28	753	1264	795	780	1131	1130	1423
ENSG00000147588	PMP2	4	4	4	3	8	6	25
ENSG00000147592	LACTB2	789	1299	813	800	908	936	1138
ENSG00000147601	TERF1	698	1422	860	851	1515	1356	1811
ENSG00000147604	RPL7	31237	53597	33067	30083	41237	41652	49366
ENSG00000147614	ATP6V0D2	0	2	0	0	1	1	0
ENSG00000147642	SYBU	27	59	20	25	56	41	45
ENSG00000147647	DPYS	0	1	0	0	1	1	6
ENSG00000147649	MTDH	8591	13723	8100	8270	11048	10374	12460
ENSG00000147650	LRP12	1236	2058	1177	1290	1661	1714	2116
ENSG00000147654	EBAG9	291	470	286	276	380	340	358
ENSG00000147655	RSPO2	0	1	1	0	0	0	0
ENSG00000147669	POLR2K	1230	1958	1154	1166	2001	1910	2492
ENSG00000147676	MAL2	2	2	2	2	3	1	4
ENSG00000147677	EIF3H	7740	13047	7653	7306	8600	8778	10003
ENSG00000147679	UTP23	1038	1665	991	934	1461	1348	1790
ENSG00000147684	NDUFB9	3633	6385	4073	4146	5865	5895	7473
ENSG00000147687	TATDN1	715	1254	711	713	864	930	1122
ENSG00000147689	FAM83A	0	0	0	0	1	0	0
ENSG00000147697	GSDMC	1	8	0	1	0	2	1
ENSG00000147724	FAM135B	1	5	2	4	1	0	2
ENSG00000147789	ZNF7	834	1356	746	744	925	989	1202
ENSG00000147799	ARHGAP39	205	321	199	168	257	248	312
ENSG00000147804	SLC39A4	31	56	32	22	30	19	41
ENSG00000147813	NAPRT	626	1117	738	678	990	833	970
ENSG00000147852	VLDLR	243	494	204	266	349	375	414
ENSG00000147853	AK3	1748	2923	1728	1649	2067	1966	2300
ENSG00000147854	UHRF2	1358	2192	1288	1348	1713	1589	1893
ENSG00000147862	NFIB	2349	3771	2131	2250	2973	2835	3670
ENSG00000147869	CER1	1	0	0	0	0	0	0
ENSG00000147872	PLIN2	6520	10855	6240	6071	7933	7922	9035
ENSG00000147873	IFNA5	0	0	0	0	0	1	0
ENSG00000147874	HAUS6	3660	5975	3663	3659	4366	4274	5256
ENSG00000147889	CDKN2A	207	358	183	200	161	97	158
ENSG00000147894	C9orf72	469	760	448	408	541	567	617
ENSG00000147905	ZCCHC7	918	1583	952	848	1196	1188	1345
ENSG00000147912	FBXO10	533	923	533	547	727	697	904
ENSG00000147955	SIGMAR1	3435	5831	3702	3705	5882	5614	7204
ENSG00000147996	CBWD5	325	663	400	406	461	498	509
ENSG00000148019	CEP78	1013	1507	908	901	1266	1050	1483
ENSG00000148053	NTRK2	0	6	4	0	4	7	11
ENSG00000148057	IDNK	40	57	50	40	69	42	67
ENSG00000148082	SHC3	31	48	28	43	37	21	33
ENSG00000148090	AUH	310	498	319	294	333	303	339
ENSG00000148110	MFSD14B	2169	3388	2214	2141	2809	2646	3359
ENSG00000148120	AOPEP	240	345	249	273	289	317	386
ENSG00000148123	PLPPR1	2	1	0	0	0	3	2
ENSG00000148143	ZNF462	1852	2867	1643	1857	2181	2280	2684
ENSG00000148153	INIP	639	1105	675	656	1141	1110	1469
ENSG00000148154	UGCG	2088	3285	1967	1959	2894	2766	3448
ENSG00000148156	ACTL7B	0	0	0	0	0	1	0
ENSG00000148158	SNX30	1590	2521	1444	1524	2218	2195	2722
ENSG00000148175	STOM	6493	10601	6290	6165	8305	8030	9256
ENSG00000148180	GSN	44181	75031	42321	41135	46743	45681	48549
ENSG00000148187	MRRF	784	1192	758	752	1013	986	1285
ENSG00000148200	NR6A1	223	339	181	172	261	216	272
ENSG00000148204	CRB2	5	12	5	4	5	3	8
ENSG00000148218	ALAD	1250	2078	1325	1297	1765	1688	2147
ENSG00000148219	ASTN2	222	330	213	228	277	271	311
ENSG00000148225	WDR31	230	355	200	203	275	244	324
ENSG00000148229	POLE3	1999	3435	2144	2133	3500	3234	4347
ENSG00000148248	SURF4	9091	15602	9722	9486	13130	12592	15843
ENSG00000148288	GBGT1	974	1523	970	996	1190	1158	1318
ENSG00000148290	SURF1	595	1013	657	591	736	747	864
ENSG00000148291	SURF2	501	849	526	530	1064	969	1311
ENSG00000148296	SURF6	2114	3474	2282	2120	3106	2145	3507
ENSG00000148297	MED22	1021	1699	1097	1050	1695	1471	2287
ENSG00000148300	REXO4	1429	2395	1583	1427	2042	1776	2337
ENSG00000148303	RPL7A	39041	68828	41488	40353	53536	54482	63568
ENSG00000148308	GTF3C5	1983	3464	2248	2159	3056	3065	4074
ENSG00000148331	ASB6	1531	2694	1525	1661	2265	2145	2694
ENSG00000148334	PTGES2	1454	2361	1543	1552	2149	1917	2614
ENSG00000148335	NTMT1	1252	2085	1368	1257	1977	1865	2326
ENSG00000148337	CIZ1	3873	6240	3916	3911	4463	4351	5280
ENSG00000148339	SLC25A25	759	1228	793	764	920	880	1165
ENSG00000148341	SH3GLB2	844	1399	757	788	1199	1031	1350
ENSG00000148343	MIGA2	366	718	458	418	470	482	643
ENSG00000148344	PTGES	2356	3960	2384	2408	2345	2396	2783
ENSG00000148346	LCN2	4	20	13	16	4	12	11
ENSG00000148356	LRSAM1	487	775	497	479	665	707	662
ENSG00000148357	HMCN2	0	1	0	0	1	3	2
ENSG00000148358	GPR107	3101	5173	2905	3057	3713	3709	4378
ENSG00000148362	PAXX	314	557	348	350	505	515	634
ENSG00000148384	INPP5E	575	969	599	599	609	570	757
ENSG00000148396	SEC16A	3342	5320	3034	3517	4527	4401	5756
ENSG00000148399	DPH7	250	389	200	212	264	244	293
ENSG00000148400	NOTCH1	948	1654	1161	1261	1447	1464	2029
ENSG00000148408	CACNA1B	4	1	1	2	4	1	4
ENSG00000148411	NACC2	2046	3321	2081	2240	2629	2357	3267
ENSG00000148426	PROSER2	374	641	410	380	605	589	765
ENSG00000148429	USP6NL	834	1371	780	841	1030	990	1245
ENSG00000148444	COMMD3	493	835	486	458	790	776	1007
ENSG00000148450	MSRB2	153	324	172	153	252	218	243
ENSG00000148459	PDSS1	339	569	383	404	578	612	790
ENSG00000148468	FAM171A1	728	1105	697	751	816	871	1035
ENSG00000148481	MINDY3	279	411	294	197	485	379	471
ENSG00000148482	SLC39A12	2	3	9	5	4	6	6
ENSG00000148483	TMEM236	24	24	24	16	19	20	18
ENSG00000148484	RSU1	1146	1764	1152	1099	1475	1500	1871
ENSG00000148488	ST8SIA6	4	14	5	3	6	11	8
ENSG00000148498	PARD3	1622	2592	1555	1485	1729	1739	2040
ENSG00000148513	ANKRD30A	0	6	2	1	0	1	1
ENSG00000148516	ZEB1	2884	4479	2513	2748	2931	2832	3400
ENSG00000148541	FAM13C	2	3	1	1	0	3	0
ENSG00000148572	NRBF2	651	1009	637	604	911	829	1024
ENSG00000148584	A1CF	1	0	1	0	1	1	0
ENSG00000148600	CDHR1	3	4	3	2	4	3	3
ENSG00000148602	LRIT1	1	0	0	0	1	0	1
ENSG00000148604	RGR	0	6	3	0	7	2	10
ENSG00000148606	POLR3A	1422	2357	1439	1433	2175	1872	2535
ENSG00000148634	HERC4	912	1438	809	892	770	817	910
ENSG00000148655	LRMDA	56	82	57	42	66	72	96
ENSG00000148660	CAMK2G	444	760	457	466	608	475	609
ENSG00000148671	ADIRF	0	3	0	0	0	0	0
ENSG00000148672	GLUD1	6831	11678	6972	6807	7834	7488	8839
ENSG00000148677	ANKRD1	1	0	0	0	1	1	0
ENSG00000148680	HTR7	794	1329	704	792	790	722	1018
ENSG00000148688	RPP30	701	1225	766	651	1234	1237	1629
ENSG00000148690	FRA10AC1	882	1497	957	898	1175	1041	1287
ENSG00000148700	ADD3	3697	5888	3657	3815	4583	4592	5846
ENSG00000148702	HABP2	1	0	0	1	1	0	0
ENSG00000148704	VAX1	39	93	55	65	108	80	127
ENSG00000148719	DNAJB12	1081	1952	1124	1111	1262	1176	1444
ENSG00000148730	EIF4EBP2	2742	4306	2697	2710	4066	3940	5015
ENSG00000148734	NPFFR1	9	23	8	13	12	9	12
ENSG00000148735	PLEKHS1	124	201	122	138	111	84	82
ENSG00000148737	TCF7L2	2754	4632	2741	2909	3380	3230	3918
ENSG00000148773	MKI67	12562	19426	11181	14115	20034	19895	26164
ENSG00000148795	CYP17A1	1	0	0	0	0	0	1
ENSG00000148803	FUOM	349	540	376	342	535	451	511
ENSG00000148814	LRRC27	149	216	119	130	155	186	210
ENSG00000148824	MTG1	869	1451	890	861	1381	1345	1721
ENSG00000148826	NKX6-2	0	0	0	0	0	2	0
ENSG00000148832	PAOX	18	11	10	10	16	10	14
ENSG00000148834	GSTO1	2977	4944	3273	3001	4198	4068	4801
ENSG00000148835	TAF5	360	595	417	390	615	542	882
ENSG00000148840	PPRC1	2045	3409	2084	2224	3140	3080	4155
ENSG00000148841	ITPRIP	1660	2755	1479	1588	3286	3389	4475
ENSG00000148842	CNNM2	1098	1841	1021	1082	1172	1057	1230
ENSG00000148843	PDCD11	5273	8687	5012	5176	6530	6084	7781
ENSG00000148848	ADAM12	662	1138	635	664	757	744	885
ENSG00000148908	RGS10	789	1505	852	751	1008	949	1125
ENSG00000148925	BTBD10	373	547	376	360	455	410	519
ENSG00000148926	ADM	211	310	190	183	448	465	516
ENSG00000148935	GAS2	37	53	31	35	38	58	55
ENSG00000148942	SLC5A12	81	140	69	74	67	59	63
ENSG00000148943	LIN7C	753	1268	695	658	994	897	1171
ENSG00000148948	LRRC4C	13	26	13	8	17	12	18
ENSG00000148950	IMMP1L	41	76	71	39	85	81	98
ENSG00000148965	SAA4	0	1	0	1	2	1	1
ENSG00000148985	PGAP2	300	436	257	263	345	347	373
ENSG00000149016	TUT1	1403	2378	1467	1502	2328	2026	2795
ENSG00000149043	SYT8	0	0	1	0	0	0	0
ENSG00000149050	ZNF214	66	102	63	55	89	87	93
ENSG00000149054	ZNF215	140	169	114	107	185	187	235
ENSG00000149084	HSD17B12	3374	5539	3288	3107	4979	4619	5706
ENSG00000149089	APIP	1033	1675	1026	1010	1230	1287	1406
ENSG00000149090	PAMR1	1	7	0	2	0	0	0
ENSG00000149091	DGKZ	1762	2863	1762	1775	2273	1970	2590
ENSG00000149100	EIF3M	5755	9678	5672	5432	8528	8563	10391
ENSG00000149115	TNKS1BP1	2765	4595	2883	2820	3573	2342	4018
ENSG00000149124	GLYAT	0	1	0	1	0	0	1
ENSG00000149131	SERPING1	12	32	11	12	3	14	8
ENSG00000149136	SSRP1	13162	22188	14305	13930	19946	19240	24059
ENSG00000149150	SLC43A1	645	1109	697	637	781	795	986
ENSG00000149177	PTPRJ	4132	6372	3873	4052	5153	4911	6381
ENSG00000149179	CSTPP1	582	954	589	568	818	772	945
ENSG00000149182	ARFGAP2	2045	3475	2144	1981	3292	3139	3839
ENSG00000149187	CELF1	3462	5563	3311	3383	4458	4085	5505
ENSG00000149196	HIKESHI	744	1234	741	737	929	848	970
ENSG00000149201	CCDC81	3	3	8	10	6	9	3
ENSG00000149212	SESN3	2003	3303	1732	1877	1748	1550	1819
ENSG00000149218	ENDOD1	2843	4555	2516	2677	3528	3453	4132
ENSG00000149231	CCDC82	1310	2344	1146	1212	1813	1649	1847
ENSG00000149243	KLHL35	30	31	20	30	29	38	41
ENSG00000149256	TENM4	25	70	34	38	45	47	70
ENSG00000149257	SERPINH1	4232	7276	4590	4571	5671	5480	6865
ENSG00000149260	CAPN5	3202	5691	3257	3109	2832	2678	2989
ENSG00000149262	INTS4	711	1213	742	727	976	918	1240
ENSG00000149269	PAK1	1812	2920	1672	1665	2252	2231	2866
ENSG00000149273	RPS3	25391	44799	27831	27298	35798	34467	41704
ENSG00000149289	ZC3H12C	310	546	314	311	333	381	490
ENSG00000149292	TTC12	146	256	142	142	256	257	290
ENSG00000149294	NCAM1	2312	3744	2139	2229	3303	3075	3727
ENSG00000149295	DRD2	37	92	52	59	67	60	89
ENSG00000149300	C11orf52	8	2	2	0	2	3	4
ENSG00000149305	HTR3B	24	32	21	21	27	20	26
ENSG00000149308	NPAT	962	1551	893	901	1451	1395	1820
ENSG00000149311	ATM	2739	4170	2127	2297	3107	2901	3391
ENSG00000149313	AASDHPPT	2150	3673	2164	2084	2328	2426	2930
ENSG00000149328	GLB1L2	882	1563	934	867	1231	1180	1439
ENSG00000149346	SLX4IP	342	638	375	419	397	448	538
ENSG00000149357	LAMTOR1	1653	2839	1749	1684	2385	2305	3072
ENSG00000149380	P4HA3	55	98	48	60	76	59	84
ENSG00000149403	GRIK4	11	10	0	4	0	4	7
ENSG00000149418	ST14	1	1	0	0	0	1	2
ENSG00000149428	HYOU1	10269	17701	11267	11432	14102	13808	17986
ENSG00000149451	ADAM33	0	1	0	0	1	0	0
ENSG00000149474	KAT14	554	984	504	539	724	648	708
ENSG00000149476	TKFC	2262	3738	2233	2245	2911	2500	2899
ENSG00000149480	MTA2	4268	7231	4521	4627	5576	5144	7131
ENSG00000149483	TMEM138	881	1421	866	851	1146	1041	1460
ENSG00000149485	FADS1	5192	8324	4714	4801	6266	6034	7125
ENSG00000149488	TMC2	14	17	16	3	11	7	8
ENSG00000149489	ROM1	141	215	167	131	166	121	211
ENSG00000149499	EML3	2579	4361	2473	2448	2890	2497	3040
ENSG00000149503	INCENP	4463	7265	4646	5042	7389	6090	9411
ENSG00000149506	ZP1	0	0	0	0	0	2	3
ENSG00000149507	OOSP2	0	1	0	0	0	1	0
ENSG00000149516	MS4A3	2	4	3	1	0	1	0
ENSG00000149527	PLCH2	0	0	0	0	0	1	0
ENSG00000149532	CPSF7	2709	4446	2703	2857	3671	3514	4565
ENSG00000149534	MS4A2	8	10	12	6	14	7	10
ENSG00000149541	B3GAT3	2117	3682	2328	2141	2907	2662	3177
ENSG00000149547	EI24	3110	5433	3249	3280	4292	4164	5019
ENSG00000149548	CCDC15	148	286	213	185	354	314	379
ENSG00000149554	CHEK1	1023	1521	1094	959	1946	1803	2597
ENSG00000149557	FEZ1	772	1305	754	769	991	965	1174
ENSG00000149564	ESAM	0	1	16	0	0	10	21
ENSG00000149571	KIRREL3	40	63	35	22	51	40	56
ENSG00000149573	MPZL2	1	0	0	0	0	0	1
ENSG00000149577	SIDT2	1299	2214	1327	1333	1394	1385	1644
ENSG00000149582	TMEM25	2	5	5	6	5	4	9
ENSG00000149591	TAGLN	49	85	41	63	60	69	82
ENSG00000149596	JPH2	0	1	0	0	0	0	0
ENSG00000149599	DUSP15	197	347	179	233	256	211	254
ENSG00000149600	COMMD7	539	932	544	538	946	900	1114
ENSG00000149633	KIAA1755	606	1062	572	587	485	507	476
ENSG00000149634	SPATA25	35	52	30	35	41	29	35
ENSG00000149635	OCSTAMP	2	3	0	1	1	0	0
ENSG00000149636	DSN1	1010	1844	1138	1092	2102	1975	2516
ENSG00000149639	SOGA1	3691	5533	3549	3819	4492	4033	5431
ENSG00000149646	CNBD2	111	161	97	97	82	92	107
ENSG00000149657	LSM14B	1765	2856	1777	1812	2362	2186	2771
ENSG00000149658	YTHDF1	2392	4116	2536	2395	3196	3189	3984
ENSG00000149679	CABLES2	163	287	204	205	317	310	370
ENSG00000149716	LTO1	275	401	276	243	292	305	425
ENSG00000149743	TRPT1	691	1158	712	691	947	883	1012
ENSG00000149761	NUDT22	1009	1896	1150	1106	1282	1146	1413
ENSG00000149781	FERMT3	4	13	6	7	7	22	13
ENSG00000149782	PLCB3	1406	2504	1552	1561	1775	1596	1991
ENSG00000149792	MRPL49	1485	2682	1635	1652	2508	2344	3184
ENSG00000149798	CDC42EP2	289	460	290	294	452	456	628
ENSG00000149806	FAU	6064	10727	6702	6284	8854	8959	11247
ENSG00000149809	TM7SF2	139	189	102	74	84	139	159
ENSG00000149823	VPS51	1938	3377	2147	1930	2476	2303	2919
ENSG00000149922	TBX6	187	297	149	148	169	169	225
ENSG00000149923	PPP4C	3105	5759	3770	3574	5157	4604	6248
ENSG00000149925	ALDOA	27413	48269	30839	29562	40053	40247	48936
ENSG00000149926	TLCD3B	61	72	65	48	85	68	85
ENSG00000149927	DOC2A	147	260	144	165	206	197	213
ENSG00000149929	HIRIP3	1165	1751	1134	1182	2040	1315	2619
ENSG00000149930	TAOK2	2160	3445	2137	2211	2880	2395	3604
ENSG00000149932	TMEM219	927	1541	961	922	1065	1026	1162
ENSG00000149948	HMGA2	3713	6248	3190	3283	3932	3656	4177
ENSG00000149968	MMP3	0	4	2	2	7	1	6
ENSG00000149970	CNKSR2	78	214	103	74	165	153	250
ENSG00000149972	CNTN5	0	0	0	0	3	0	0
ENSG00000150048	CLEC1A	0	0	0	1	0	0	0
ENSG00000150051	MKX	0	0	0	0	3	0	0
ENSG00000150054	MPP7	0	1	0	0	0	0	0
ENSG00000150093	ITGB1	12776	21033	13091	12391	15008	14846	17829
ENSG00000150244	TRIM48	2	3	3	3	7	3	3
ENSG00000150275	PCDH15	2	4	2	4	4	6	2
ENSG00000150281	CTF1	1	0	0	1	1	0	5
ENSG00000150316	CWC15	565	938	575	590	782	780	952
ENSG00000150347	ARID5B	1751	2792	1711	1698	2008	2010	2435
ENSG00000150401	DCUN1D2	347	609	493	348	322	360	360
ENSG00000150403	TMCO3	1843	3097	1726	1752	2332	2222	2558
ENSG00000150433	TMEM218	446	713	471	452	546	545	640
ENSG00000150455	TIRAP	313	440	282	305	403	270	487
ENSG00000150456	EEF1AKMT1	102	164	116	101	132	109	141
ENSG00000150457	LATS2	916	1568	902	942	1186	1108	1490
ENSG00000150459	SAP18	2631	4385	2908	2620	4000	4101	5184
ENSG00000150471	ADGRL3	21	37	12	22	12	12	28
ENSG00000150477	KIAA1328	303	492	228	322	381	409	490
ENSG00000150510	FAM124A	138	237	149	138	171	164	220
ENSG00000150527	MIA2	451	829	469	433	538	469	583
ENSG00000150540	HNMT	130	216	110	126	150	132	184
ENSG00000150551	LYPD1	200	357	236	269	399	367	568
ENSG00000150556	LYPD6B	1	0	0	0	0	0	1
ENSG00000150593	PDCD4	3278	5575	2979	2973	3395	3306	3728
ENSG00000150594	ADRA2A	2	2	6	4	9	7	4
ENSG00000150625	GPM6A	3	6	1	7	0	0	4
ENSG00000150627	WDR17	190	313	172	195	339	288	365
ENSG00000150628	SPATA4	3	5	6	2	8	4	5
ENSG00000150630	VEGFC	38	61	40	32	53	49	77
ENSG00000150636	CCDC102B	143	283	98	133	147	149	153
ENSG00000150637	CD226	22	48	28	27	38	21	34
ENSG00000150656	CNDP1	5	4	5	5	4	1	6
ENSG00000150667	FSIP1	72	104	60	57	76	73	72
ENSG00000150672	DLG2	108	197	138	94	150	129	139
ENSG00000150676	CCDC83	0	1	0	0	0	0	0
ENSG00000150681	RGS18	1	1	1	0	1	2	0
ENSG00000150687	PRSS23	5636	9335	6373	6146	6865	6864	9237
ENSG00000150712	MTMR12	1036	1619	1032	1030	1281	1282	1517
ENSG00000150722	PPP1R1C	415	634	338	338	425	463	504
ENSG00000150753	CCT5	12962	22150	13927	13569	20693	20125	26126
ENSG00000150756	ATPSCKMT	202	273	198	164	258	230	343
ENSG00000150760	DOCK1	2692	4247	2444	2625	2713	2867	3350
ENSG00000150764	DIXDC1	1423	2278	1288	1350	1614	1510	1831
ENSG00000150768	DLAT	1617	2668	1755	1519	2180	1941	2646
ENSG00000150773	PIH1D2	32	28	36	27	57	53	95
ENSG00000150776	NKAPD1	1272	2093	1191	1173	1462	1516	1829
ENSG00000150779	TIMM8B	295	582	381	320	575	577	722
ENSG00000150782	IL18	1	1	0	1	0	0	0
ENSG00000150783	TEX12	1	1	0	0	2	2	4
ENSG00000150787	PTS	256	391	237	239	357	339	536
ENSG00000150867	PIP4K2A	1255	2138	1192	1222	1658	1588	1884
ENSG00000150873	C2orf50	20	12	14	14	13	10	30
ENSG00000150893	FREM2	2074	3212	1764	1976	2363	2333	2894
ENSG00000150907	FOXO1	1086	1778	1031	1126	1723	1715	2188
ENSG00000150938	CRIM1	1529	2457	1615	1694	1719	1592	2178
ENSG00000150961	SEC24D	1429	2519	1520	1575	1836	1886	2232
ENSG00000150967	ABCB9	445	743	410	433	599	541	734
ENSG00000150977	RILPL2	669	1229	697	686	854	726	1073
ENSG00000150990	DHX37	1343	2203	1462	1446	1721	1602	2034
ENSG00000150991	UBC	27259	46363	26946	26207	31535	31195	38636
ENSG00000150995	ITPR1	928	1550	777	1106	1194	1115	1164
ENSG00000151006	PRSS53	57	45	20	35	52	82	112
ENSG00000151012	SLC7A11	1075	1662	1037	1049	1797	1721	2413
ENSG00000151014	NOCT	536	860	518	599	1118	1058	1473
ENSG00000151023	ENKUR	6	11	4	2	12	3	9
ENSG00000151025	GPR158	99	112	83	113	132	125	174
ENSG00000151062	CACNA2D4	35	58	49	68	78	69	77
ENSG00000151065	DCP1B	289	574	318	282	401	363	470
ENSG00000151067	CACNA1C	63	90	35	63	64	65	65
ENSG00000151079	KCNA6	0	1	0	0	1	0	0
ENSG00000151090	THRB	620	929	522	524	546	563	612
ENSG00000151092	NGLY1	520	1057	586	525	774	736	878
ENSG00000151093	OXSM	284	505	362	289	449	417	549
ENSG00000151116	UEVLD	502	803	518	514	694	679	833
ENSG00000151117	TMEM86A	306	554	264	295	314	284	367
ENSG00000151131	NOPCHAP1	694	987	608	576	796	782	980
ENSG00000151135	TMEM263	2561	4169	2571	2479	3295	3218	4066
ENSG00000151136	ABTB3	0	0	0	0	0	0	1
ENSG00000151148	UBE3B	1565	2503	1388	1521	1685	1528	1925
ENSG00000151150	ANK3	2751	4434	2839	2886	3184	3213	4197
ENSG00000151151	IPMK	368	576	333	306	505	563	571
ENSG00000151164	RAD9B	10	20	16	12	9	23	30
ENSG00000151176	PLBD2	2313	3791	2134	2333	2961	2786	3159
ENSG00000151208	DLG5	2318	3425	1821	2154	2460	2290	2889
ENSG00000151224	MAT1A	10	12	0	4	11	4	7
ENSG00000151229	SLC2A13	1037	1488	905	847	1130	1087	1320
ENSG00000151233	GXYLT1	569	899	553	525	880	809	1104
ENSG00000151239	TWF1	4580	7438	4539	4234	5479	5362	6652
ENSG00000151240	DIP2C	1254	2027	1152	1166	1484	1355	1561
ENSG00000151247	EIF4E	1782	2815	1738	1750	2796	2652	3519
ENSG00000151276	MAGI1	718	1211	671	736	905	724	898
ENSG00000151287	TEX30	271	480	318	298	453	470	679
ENSG00000151292	CSNK1G3	1730	2887	1721	1744	2208	2140	2667
ENSG00000151304	SRFBP1	520	865	489	493	830	791	995
ENSG00000151320	AKAP6	358	555	287	335	353	302	375
ENSG00000151322	NPAS3	43	54	48	54	51	36	57
ENSG00000151327	FAM177A1	404	695	430	409	436	423	437
ENSG00000151332	MBIP	272	438	280	222	335	289	413
ENSG00000151338	MIPOL1	103	247	119	138	178	168	246
ENSG00000151348	EXT2	2584	4357	2875	2619	3318	2819	3883
ENSG00000151353	TMEM18	298	483	280	280	431	399	478
ENSG00000151364	KCTD14	1	2	3	2	1	1	6
ENSG00000151365	THRSP	2	0	0	1	0	0	0
ENSG00000151366	NDUFC2	2566	4256	3072	2818	3597	3558	4761
ENSG00000151376	ME3	206	368	183	212	253	195	305
ENSG00000151388	ADAMTS12	209	376	210	231	281	277	327
ENSG00000151413	NUBPL	345	564	302	299	473	441	522
ENSG00000151414	NEK7	2671	4426	2709	2518	4062	3759	4944
ENSG00000151422	FER	1004	1622	918	946	1231	1177	1434
ENSG00000151445	VIPAS39	578	935	576	585	730	686	856
ENSG00000151458	ANKRD50	2630	4224	2467	2660	3925	3717	5159
ENSG00000151461	UPF2	1039	1829	1013	1038	1879	1858	2401
ENSG00000151465	CDC123	2620	4351	2813	2636	3143	3391	4121
ENSG00000151466	SCLT1	347	519	345	316	523	519	630
ENSG00000151468	CCDC3	1	2	3	0	0	1	3
ENSG00000151470	C4orf33	240	332	226	182	264	283	332
ENSG00000151474	FRMD4A	5422	8964	5272	5450	6854	6661	8641
ENSG00000151475	SLC25A31	39	87	49	48	65	81	77
ENSG00000151490	PTPRO	3	10	3	6	2	6	8
ENSG00000151491	EPS8	3889	6410	3922	3831	4369	4602	5427
ENSG00000151498	ACAD8	220	364	233	174	225	225	265
ENSG00000151500	THYN1	832	1506	887	832	1168	1162	1455
ENSG00000151502	VPS26B	1943	3199	1896	1903	2124	2040	2518
ENSG00000151503	NCAPD3	3063	4695	2657	3148	3347	3202	4192
ENSG00000151532	VTI1A	417	700	443	448	593	506	711
ENSG00000151552	QDPR	6001	9926	6120	5825	8443	8216	9368
ENSG00000151553	FHIP2A	1134	1972	1123	1094	1280	1268	1542
ENSG00000151572	ANO4	492	829	498	543	666	612	797
ENSG00000151575	TEX9	68	108	43	48	96	82	77
ENSG00000151576	QTRT2	907	1432	899	921	1264	1241	1660
ENSG00000151611	MMAA	112	207	121	115	146	154	157
ENSG00000151612	ZNF827	997	1742	922	946	1024	964	1099
ENSG00000151617	EDNRA	16	24	8	9	15	15	11
ENSG00000151623	NR3C2	1	9	0	1	4	5	4
ENSG00000151632	AKR1C2	932	1570	971	802	707	731	697
ENSG00000151650	VENTX	21	28	12	10	13	13	16
ENSG00000151651	ADAM8	28	36	16	25	25	15	18
ENSG00000151655	ITIH2	1	1	1	0	1	2	3
ENSG00000151657	KIN	368	588	373	334	518	528	600
ENSG00000151665	PIGF	545	847	503	496	599	639	703
ENSG00000151687	ANKAR	2	7	3	0	0	0	19
ENSG00000151689	INPP1	455	722	447	443	392	450	493
ENSG00000151690	MFSD6	404	608	377	423	575	574	696
ENSG00000151692	RNF144A	2814	4657	2370	2685	2943	2940	3266
ENSG00000151693	ASAP2	1735	2882	1657	1752	1856	1845	2090
ENSG00000151694	ADAM17	806	1665	1008	588	1441	1188	1326
ENSG00000151702	FLI1	175	281	183	187	228	229	374
ENSG00000151704	KCNJ1	0	1	0	0	0	1	1
ENSG00000151715	TMEM45B	5	8	1	1	7	8	10
ENSG00000151718	WWC2	1641	2436	1345	1731	1861	1658	2066
ENSG00000151725	CENPU	1280	2143	1387	1274	1694	1739	2130
ENSG00000151726	ACSL1	2686	4574	2574	2702	3031	3049	3616
ENSG00000151729	SLC25A4	902	1623	1011	972	1586	1501	1973
ENSG00000151743	AMN1	224	374	270	232	224	233	277
ENSG00000151746	BICD1	1289	2093	1177	1260	1537	1487	1899
ENSG00000151748	SAV1	877	1440	892	797	984	906	1071
ENSG00000151773	CCDC122	116	178	89	109	102	98	116
ENSG00000151779	NBAS	2000	3272	1733	1921	2189	2162	2526
ENSG00000151789	ZNF385D	8	13	13	11	6	8	18
ENSG00000151790	TDO2	1	0	0	0	0	0	0
ENSG00000151806	GUF1	1500	2184	1315	1384	2015	1882	2489
ENSG00000151834	GABRA2	356	663	369	356	580	580	602
ENSG00000151835	SACS	8716	13538	7277	8212	10090	9804	12074
ENSG00000151849	CENPJ	793	1218	777	822	993	944	1287
ENSG00000151876	FBXO4	298	496	322	284	328	314	336
ENSG00000151881	TMEM267	265	500	259	257	353	335	415
ENSG00000151882	CCL28	330	529	280	316	729	635	735
ENSG00000151883	PARP8	517	938	572	689	691	605	689
ENSG00000151892	GFRA1	52	78	44	56	67	61	88
ENSG00000151893	CACUL1	1527	2375	1575	1477	2048	1896	2411
ENSG00000151914	DST	2884	4233	2196	2666	2899	2840	3426
ENSG00000151917	BEND6	88	148	62	87	64	67	83
ENSG00000151923	TIAL1	1219	2065	1165	1249	1481	1554	2000
ENSG00000151929	BAG3	3716	6508	4106	3992	7686	7844	9635
ENSG00000151948	GLT1D1	0	0	0	0	0	0	1
ENSG00000151952	TMEM132D	2	3	2	3	2	1	1
ENSG00000151962	RBM46	29	41	22	27	14	18	18
ENSG00000151967	SCHIP1	27	30	0	17	22	10	45
ENSG00000152034	MCHR2	0	1	1	0	0	1	0
ENSG00000152049	KCNE4	7	25	20	8	22	20	34
ENSG00000152056	AP1S3	131	159	106	126	252	248	311
ENSG00000152061	RABGAP1L	689	960	543	595	804	766	838
ENSG00000152076	CCDC74B	245	413	227	226	297	351	320
ENSG00000152078	TLCD4	156	272	204	179	309	356	454
ENSG00000152082	MZT2B	1489	2408	1611	1604	1868	1677	2274
ENSG00000152086	TUBA3E	0	0	0	1	0	1	0
ENSG00000152092	ASTN1	16	34	19	16	36	34	24
ENSG00000152102	FAM168B	3257	5367	3317	3331	5519	5051	6886
ENSG00000152104	PTPN14	5151	8231	4729	5071	6257	5933	7619
ENSG00000152127	MGAT5	4062	6809	3738	3936	4652	4545	5445
ENSG00000152128	TMEM163	11	24	23	10	18	18	23
ENSG00000152133	GPATCH11	1010	1718	1002	1025	1483	1449	1798
ENSG00000152137	HSPB8	7	26	23	15	17	20	24
ENSG00000152147	GEMIN6	750	1243	813	758	1139	1144	1404
ENSG00000152154	TMEM178A	16	20	15	10	12	13	7
ENSG00000152193	OBI1	605	1022	630	628	1094	1026	1364
ENSG00000152207	CYSLTR2	4	9	3	4	7	8	5
ENSG00000152213	ARL11	8	4	2	9	6	2	3
ENSG00000152217	SETBP1	160	275	174	148	212	198	195
ENSG00000152219	ARL14EP	514	805	454	493	756	706	888
ENSG00000152223	EPG5	392	809	522	482	550	707	949
ENSG00000152229	PSTPIP2	12	15	16	12	16	12	23
ENSG00000152234	ATP5F1A	10207	17738	10789	10683	12040	11540	14150
ENSG00000152240	HAUS1	515	845	562	545	848	786	1051
ENSG00000152242	C18orf25	938	1562	926	992	1658	1586	2132
ENSG00000152253	SPC25	225	369	238	229	401	411	483
ENSG00000152254	G6PC2	0	1	0	0	1	0	0
ENSG00000152256	PDK1	734	1194	541	577	986	936	914
ENSG00000152270	PDE3B	15	17	8	8	7	8	8
ENSG00000152284	TCF7L1	654	1121	665	711	810	775	962
ENSG00000152291	TGOLN2	7582	12431	7202	7623	10048	9808	12145
ENSG00000152292	SH2D6	7	20	6	10	16	14	3
ENSG00000152315	KCNK13	4	7	4	1	2	1	4
ENSG00000152332	UHMK1	5680	9090	5215	5425	7017	6642	8461
ENSG00000152348	ATG10	238	449	257	237	296	284	313
ENSG00000152359	POC5	500	914	530	492	678	707	932
ENSG00000152377	SPOCK1	1627	2686	1687	1736	1784	1636	2317
ENSG00000152380	FAM151B	8	15	11	24	3	7	28
ENSG00000152382	TADA1	612	1061	637	630	779	783	906
ENSG00000152402	GUCY1A2	0	1	0	1	0	1	1
ENSG00000152404	CWF19L2	785	1319	798	782	1154	1077	1380
ENSG00000152409	JMY	1774	2788	1585	1711	2059	1839	2426
ENSG00000152413	HOMER1	1392	2377	1338	1371	1770	1506	2003
ENSG00000152422	XRCC4	404	673	361	373	462	515	512
ENSG00000152430	BOLL	0	0	2	3	0	0	0
ENSG00000152433	ZNF547	19	42	31	29	54	50	76
ENSG00000152439	ZNF773	376	633	341	356	523	496	594
ENSG00000152443	ZNF776	565	877	445	525	798	789	972
ENSG00000152454	ZNF256	151	205	109	156	231	255	327
ENSG00000152455	SUV39H2	129	214	140	123	251	255	319
ENSG00000152457	DCLRE1C	342	515	287	295	481	410	557
ENSG00000152463	OLAH	5	7	4	5	2	8	3
ENSG00000152464	RPP38	284	511	299	281	501	499	666
ENSG00000152465	NMT2	246	440	253	266	304	310	328
ENSG00000152467	ZSCAN1	0	0	0	0	0	2	1
ENSG00000152475	ZNF837	70	178	92	99	104	84	120
ENSG00000152484	USP12	1204	1829	1152	1140	1363	1372	1686
ENSG00000152492	CCDC50	4305	6938	3936	3886	5338	5231	6063
ENSG00000152495	CAMK4	1389	2168	1264	1332	1876	1924	2236
ENSG00000152503	TRIM36	213	375	224	201	350	318	454
ENSG00000152518	ZFP36L2	2543	4532	2890	2921	3185	3257	4163
ENSG00000152520	PAN3	1249	2143	1243	1241	1444	1325	1717
ENSG00000152527	PLEKHH2	576	967	554	528	570	576	630
ENSG00000152556	PFKM	3207	5303	3363	3187	3517	3317	3886
ENSG00000152558	TMEM123	5580	9100	5569	5373	6740	6518	7987
ENSG00000152578	GRIA4	15	29	8	15	12	15	15
ENSG00000152580	IGSF10	14	9	8	16	18	20	16
ENSG00000152582	SPEF2	84	143	85	78	177	138	186
ENSG00000152583	SPARCL1	0	0	1	0	0	1	2
ENSG00000152601	MBNL1	3670	6051	3508	3555	5778	5779	7340
ENSG00000152611	CAPSL	0	0	0	0	0	1	0
ENSG00000152620	NADK2	381	541	333	329	417	376	384
ENSG00000152642	GPD1L	1436	2305	1294	1232	1541	1481	1720
ENSG00000152661	GJA1	1	3	0	2	0	2	2
ENSG00000152669	CCNO	293	465	204	248	336	324	415
ENSG00000152670	DDX4	0	0	0	0	1	1	2
ENSG00000152672	CLEC4F	7	8	2	9	3	7	3
ENSG00000152683	SLC30A6	953	1643	933	926	1249	1196	1346
ENSG00000152684	PELO	866	1446	901	913	1458	1534	1991
ENSG00000152689	RASGRP3	13	19	15	22	22	9	12
ENSG00000152700	SAR1B	1454	2404	1465	1405	2206	2212	2946
ENSG00000152705	CATSPER3	2	2	3	6	2	4	7
ENSG00000152749	GPR180	1109	1843	1163	1155	1658	1645	2135
ENSG00000152763	DNAI4	11	11	1	2	11	10	20
ENSG00000152767	FARP1	6662	11170	6003	6572	6909	6683	7788
ENSG00000152778	IFIT5	1080	1645	1022	956	1491	1468	1932
ENSG00000152779	SLC16A12	1	2	0	0	1	1	1
ENSG00000152782	PANK1	260	414	276	259	259	237	335
ENSG00000152784	PRDM8	10	16	7	11	8	8	6
ENSG00000152785	BMP3	1	0	0	0	0	0	0
ENSG00000152795	HNRNPDL	4799	7750	4599	4657	5876	5486	7055
ENSG00000152804	HHEX	751	1249	859	766	1044	1014	1408
ENSG00000152818	UTRN	5856	8842	4510	5131	6004	6069	7053
ENSG00000152822	GRM1	1	0	0	0	0	0	0
ENSG00000152894	PTPRK	759	1301	692	760	869	906	1003
ENSG00000152904	GGPS1	1314	2213	1274	1275	1466	1390	1668
ENSG00000152910	CNTNAP4	5	0	5	4	2	0	0
ENSG00000152926	ZNF117	302	448	213	250	207	177	236
ENSG00000152936	LMNTD1	9	5	2	5	2	4	7
ENSG00000152939	MARVELD2	14	23	13	17	24	16	17
ENSG00000152942	RAD17	649	1114	688	708	937	935	1090
ENSG00000152944	MED21	545	827	518	526	816	741	1042
ENSG00000152952	PLOD2	2335	4048	2472	2520	3416	3275	3835
ENSG00000152953	STK32B	3753	6470	3667	3634	4058	4000	4609
ENSG00000152977	ZIC1	349	565	337	312	506	445	601
ENSG00000152990	ADGRA3	1627	2759	1523	1586	1759	1752	1955
ENSG00000153006	SREK1IP1	711	1126	632	641	1077	982	1264
ENSG00000153012	LGI2	22	24	21	26	16	32	26
ENSG00000153015	CWC27	1254	1943	1231	1125	1363	1298	1583
ENSG00000153029	MR1	369	670	360	401	439	451	517
ENSG00000153037	SRP19	1004	1570	917	882	1632	1602	2050
ENSG00000153044	CENPH	1433	2515	1504	1381	2005	1951	2227
ENSG00000153046	CDYL	665	1105	695	725	815	849	1020
ENSG00000153048	CARHSP1	2655	4454	2727	2647	3087	3016	3768
ENSG00000153060	TEKT5	0	1	1	2	2	1	1
ENSG00000153064	BANK1	0	1	0	0	1	0	0
ENSG00000153066	TXNDC11	961	1552	996	964	1235	1231	1509
ENSG00000153071	DAB2	1673	2835	1683	1849	2369	2444	2983
ENSG00000153093	ACOXL	109	191	115	102	96	96	102
ENSG00000153094	BCL2L11	733	1309	690	755	863	899	1155
ENSG00000153107	ANAPC1	1772	2918	1652	1763	2250	2318	2724
ENSG00000153113	CAST	4251	7261	4205	4116	5664	5633	6379
ENSG00000153130	SCOC	1019	1664	991	944	1579	1552	1980
ENSG00000153132	CLGN	10	12	9	18	29	27	25
ENSG00000153140	CETN3	697	1062	675	697	901	838	1024
ENSG00000153147	SMARCA5	3009	5041	3071	3138	3983	3925	5008
ENSG00000153157	SYCP2L	97	159	82	100	117	112	107
ENSG00000153162	BMP6	482	829	520	535	589	496	619
ENSG00000153165	RGPD3	21	54	27	7	15	24	44
ENSG00000153179	RASSF3	902	1458	922	910	1338	1301	1501
ENSG00000153187	HNRNPU	11267	17868	11932	11686	20592	16732	24581
ENSG00000153201	RANBP2	3548	5875	3168	3488	4879	4564	5783
ENSG00000153207	AHCTF1	5252	8447	4887	5306	7227	6847	8833
ENSG00000153208	MERTK	31	83	37	35	51	56	59
ENSG00000153214	TMEM87B	1290	2213	1249	1224	1607	1466	1838
ENSG00000153230	OR14K1	3	2	3	1	2	1	1
ENSG00000153234	NR4A2	1374	2217	1227	1263	1685	1661	2000
ENSG00000153237	CCDC148	4	4	0	4	2	5	4
ENSG00000153246	PLA2R1	484	750	393	412	421	390	399
ENSG00000153250	RBMS1	1166	1923	1144	1156	1543	1384	1802
ENSG00000153253	SCN3A	9	21	8	9	24	15	19
ENSG00000153283	CD96	1177	1950	1187	1273	1524	1425	2003
ENSG00000153291	SLC25A27	277	431	204	206	226	216	249
ENSG00000153292	ADGRF1	3	10	8	4	4	2	9
ENSG00000153294	ADGRF4	1	0	0	0	0	0	1
ENSG00000153310	CYRIB	2017	3363	2181	2108	3017	2957	3693
ENSG00000153317	ASAP1	2957	4824	2734	2929	3500	3131	3658
ENSG00000153339	TRAPPC8	1009	1471	863	889	1215	1105	1328
ENSG00000153347	FAM81B	0	0	1	0	0	0	0
ENSG00000153391	INO80C	92	179	108	87	171	139	214
ENSG00000153395	LPCAT1	2086	3605	2205	2367	2458	2526	3002
ENSG00000153404	PLEKHG4B	13	23	15	12	14	16	14
ENSG00000153406	NMRAL1	1023	1907	1159	1131	1379	1412	1681
ENSG00000153443	UBALD1	1473	2476	1571	1441	1924	1943	2375
ENSG00000153446	C16orf89	2	7	3	5	0	0	6
ENSG00000153485	TMEM251	284	452	293	239	328	345	408
ENSG00000153487	ING1	1368	2276	1315	1383	1499	1316	1819
ENSG00000153495	TEX29	0	3	1	0	0	1	0
ENSG00000153531	ADPRHL1	134	256	143	130	232	220	254
ENSG00000153551	CMTM7	2039	3550	2047	2050	2548	2524	3135
ENSG00000153558	FBXL2	91	137	91	56	66	70	95
ENSG00000153560	UBP1	2164	3627	2160	2260	2743	2558	3133
ENSG00000153561	RMND5A	2073	3434	1995	2108	2758	2534	3172
ENSG00000153563	CD8A	1	0	0	3	7	0	2
ENSG00000153574	RPIA	735	1277	778	716	974	907	1202
ENSG00000153707	PTPRD	0	0	0	0	0	1	0
ENSG00000153714	LURAP1L	216	367	206	195	264	214	240
ENSG00000153721	CNKSR3	495	759	477	494	612	600	723
ENSG00000153767	GTF2E1	394	691	436	381	765	687	897
ENSG00000153774	CFDP1	808	1353	867	782	979	963	1139
ENSG00000153786	ZDHHC7	2219	3629	2251	2257	2693	2595	3062
ENSG00000153789	CIBAR2	4	4	3	4	7	3	7
ENSG00000153790	C7orf31	202	349	189	205	152	183	190
ENSG00000153802	TMPRSS11D	0	0	0	0	0	0	3
ENSG00000153814	JAZF1	608	972	643	633	852	828	966
ENSG00000153815	CMIP	1037	1769	1163	1108	1338	1328	1506
ENSG00000153820	SPHKAP	0	0	0	0	1	0	0
ENSG00000153823	PID1	2	3	1	5	3	6	8
ENSG00000153827	TRIP12	6710	10512	6182	6905	8346	8098	9994
ENSG00000153832	FBXO36	80	133	76	76	172	172	195
ENSG00000153879	CEBPG	761	1182	615	694	898	934	1063
ENSG00000153885	KCTD15	1551	2656	1553	1547	1725	1540	2144
ENSG00000153896	ZNF599	192	259	166	165	193	147	197
ENSG00000153898	MCOLN2	146	255	156	149	177	175	186
ENSG00000153902	LGI4	188	334	223	201	209	147	240
ENSG00000153904	DDAH1	372	616	393	347	705	633	802
ENSG00000153914	SREK1	1185	1796	1025	1049	1346	1456	1543
ENSG00000153922	CHD1	1390	2076	1147	1418	1912	1881	2695
ENSG00000153930	ANKFN1	99	155	92	107	71	103	130
ENSG00000153933	DGKE	22	20	14	11	13	10	17
ENSG00000153936	HS2ST1	1201	1882	1168	1092	1326	1003	1537
ENSG00000153944	MSI2	3535	5979	3577	3544	3965	3760	4517
ENSG00000153956	CACNA2D1	4	4	2	7	2	18	6
ENSG00000153975	ZUP1	233	421	246	263	342	397	491
ENSG00000153976	HS3ST3A1	1336	2165	1393	1296	1503	1242	1715
ENSG00000153982	GDPD1	306	495	327	275	325	313	320
ENSG00000153989	NUS1	1594	2824	1672	1660	2181	2010	2650
ENSG00000153993	SEMA3D	418	781	470	462	654	620	822
ENSG00000154001	PPP2R5E	1542	2753	1608	1576	2428	2189	2935
ENSG00000154016	GRAP	0	4	0	2	0	1	5
ENSG00000154025	SLC5A10	4	1	3	0	0	1	0
ENSG00000154027	AK5	205	374	196	215	204	230	227
ENSG00000154040	CABYR	166	288	168	168	184	169	207
ENSG00000154059	IMPACT	1175	1986	1144	1134	1025	1043	1125
ENSG00000154065	ANKRD29	304	516	294	257	274	308	354
ENSG00000154079	SDHAF4	63	108	75	56	52	44	45
ENSG00000154080	CHST9	0	1	0	0	0	1	1
ENSG00000154096	THY1	13	19	21	31	14	9	21
ENSG00000154099	DNAAF1	0	0	2	1	1	2	0
ENSG00000154102	C16orf74	34	27	19	23	33	27	31
ENSG00000154114	TBCEL	838	1312	765	774	1116	1077	1189
ENSG00000154118	JPH3	0	5	0	0	0	5	0
ENSG00000154122	ANKH	15925	26386	14693	15160	15977	15953	17748
ENSG00000154124	OTULIN	1073	1714	1059	971	1230	1228	1578
ENSG00000154127	UBASH3B	3769	6087	3614	3742	3152	3120	3847
ENSG00000154133	ROBO4	47	116	79	82	62	93	113
ENSG00000154134	ROBO3	7	15	21	19	14	7	12
ENSG00000154143	PANX3	42	62	38	48	39	41	32
ENSG00000154144	TBRG1	528	835	600	543	777	714	832
ENSG00000154146	NRGN	1363	2286	1498	1432	2053	1789	2339
ENSG00000154153	RETREG1	1298	2183	1116	1120	925	815	872
ENSG00000154162	CDH12	0	3	0	0	3	0	0
ENSG00000154165	GPR15	1	4	3	2	1	0	1
ENSG00000154174	TOMM70	3668	6008	3580	3621	5706	5313	7026
ENSG00000154175	ABI3BP	28	63	48	83	41	53	59
ENSG00000154188	ANGPT1	770	1267	744	777	1195	1175	1490
ENSG00000154217	PITPNC1	3605	5956	3318	3252	4142	3401	4481
ENSG00000154222	CC2D1B	1645	2751	1667	1659	2092	2165	2497
ENSG00000154227	CERS3	0	2	0	0	0	0	0
ENSG00000154229	PRKCA	1793	2932	1708	1767	1808	1841	2154
ENSG00000154237	LRRK1	93	173	48	87	110	155	135
ENSG00000154240	CEP112	271	483	258	238	363	302	270
ENSG00000154252	GAL3ST2	0	1	0	0	0	0	0
ENSG00000154258	ABCA9	346	536	275	266	386	357	385
ENSG00000154262	ABCA6	1655	2603	1390	1268	1400	1317	1475
ENSG00000154263	ABCA10	105	126	151	110	114	110	249
ENSG00000154265	ABCA5	619	951	464	524	693	655	729
ENSG00000154269	ENPP3	6	20	6	8	13	4	9
ENSG00000154274	C4orf19	209	319	220	220	317	286	404
ENSG00000154305	MIA3	4067	6341	3606	3975	5017	5128	5981
ENSG00000154309	DISP1	177	245	132	161	100	81	133
ENSG00000154310	TNIK	1120	1856	1001	1165	1402	1460	1890
ENSG00000154319	FAM167A	6	14	5	1	9	8	10
ENSG00000154328	NEIL2	299	567	330	302	385	379	427
ENSG00000154330	PGM5	0	0	0	0	3	0	2
ENSG00000154342	WNT3A	0	1	1	0	0	1	0
ENSG00000154358	OBSCN	243	391	258	217	244	200	279
ENSG00000154359	LONRF1	264	400	257	219	282	201	339
ENSG00000154370	TRIM11	1422	2462	1545	1453	2356	2213	3031
ENSG00000154380	ENAH	7067	11065	6975	7340	8703	8353	10344
ENSG00000154429	CCSAP	2752	4425	2534	2530	3357	3275	3847
ENSG00000154447	SH3RF1	721	1235	703	692	853	784	1002
ENSG00000154451	GBP5	23	31	14	24	13	43	26
ENSG00000154473	BUB3	4471	7374	4604	4491	7130	6697	8745
ENSG00000154478	GPR26	0	0	0	0	2	0	1
ENSG00000154479	CFAP210	4	0	2	0	2	5	4
ENSG00000154485	MMP21	15	14	13	11	7	14	17
ENSG00000154493	C10orf90	1052	1803	1041	1019	1220	1239	1402
ENSG00000154511	DIPK1A	55	87	68	63	101	102	107
ENSG00000154518	ATP5MC3	2480	4311	2792	2573	3828	3837	4677
ENSG00000154529	CNTNAP3B	891	1398	826	887	942	872	1081
ENSG00000154548	SRSF12	31	49	35	32	26	29	39
ENSG00000154553	PDLIM3	343	602	389	344	324	297	387
ENSG00000154556	SORBS2	504	835	510	584	649	569	813
ENSG00000154582	ELOC	1792	3028	1961	1825	2702	2583	3654
ENSG00000154589	LY96	2	7	5	8	2	7	3
ENSG00000154639	CXADR	170	323	189	173	368	352	476
ENSG00000154640	BTG3	528	910	547	504	870	807	1037
ENSG00000154642	C21orf91	98	194	104	107	172	164	232
ENSG00000154646	TMPRSS15	5	23	5	7	1	5	1
ENSG00000154654	NCAM2	219	397	159	180	158	133	116
ENSG00000154655	L3MBTL4	20	33	20	19	21	21	20
ENSG00000154678	PDE1C	2474	3953	2255	2459	2193	2238	2787
ENSG00000154710	RABGEF1	712	1234	692	661	1118	1159	1409
ENSG00000154719	MRPL39	600	954	630	569	775	789	1088
ENSG00000154721	JAM2	9	12	10	6	8	11	9
ENSG00000154723	ATP5PF	1712	2897	1864	1761	2712	2837	3631
ENSG00000154727	GABPA	1409	2314	1321	1313	1790	1676	2141
ENSG00000154734	ADAMTS1	594	970	573	526	947	931	1187
ENSG00000154736	ADAMTS5	0	0	1	0	1	0	0
ENSG00000154743	TSEN2	222	431	254	186	333	279	290
ENSG00000154760	SLFN13	19	29	23	19	51	34	73
ENSG00000154767	XPC	2088	3435	1979	2055	2523	2495	3060
ENSG00000154781	CCDC174	551	857	498	434	642	671	739
ENSG00000154783	FGD5	0	0	1	0	0	1	1
ENSG00000154803	FLCN	496	824	508	509	703	665	895
ENSG00000154813	DPH3	549	815	542	527	727	787	1079
ENSG00000154814	OXNAD1	480	737	468	439	581	517	640
ENSG00000154822	PLCL2	248	452	238	279	310	296	393
ENSG00000154832	CXXC1	623	1141	722	684	992	956	1344
ENSG00000154839	SKA1	359	595	373	381	524	427	636
ENSG00000154845	PPP4R1	585	937	542	551	888	857	1134
ENSG00000154856	APCDD1	15	30	15	15	26	15	21
ENSG00000154864	PIEZO2	74	129	88	72	121	102	84
ENSG00000154889	MPPE1	196	283	180	274	245	257	280
ENSG00000154914	USP43	81	106	93	75	66	72	60
ENSG00000154917	RAB6B	536	851	513	501	790	667	880
ENSG00000154920	EME1	718	1111	626	678	1151	1117	1247
ENSG00000154928	EPHB1	36	63	49	53	61	50	85
ENSG00000154930	ACSS1	1405	2296	1415	1431	1783	1799	2159
ENSG00000154945	ANKRD40	1672	2960	1737	1748	2496	2228	3104
ENSG00000154957	ZNF18	184	351	195	172	300	240	347
ENSG00000154975	CA10	0	0	0	0	0	0	2
ENSG00000154978	VOPP1	826	1367	871	944	1436	1308	1788
ENSG00000154997	SEPTIN14	72	100	58	62	96	80	95
ENSG00000155008	APOOL	647	1109	604	660	793	740	972
ENSG00000155011	DKK2	1	3	5	1	5	4	9
ENSG00000155016	CYP2U1	76	133	82	70	112	127	142
ENSG00000155026	RSPH10B	0	2	5	0	1	2	0
ENSG00000155034	FBXL18	1898	3042	1818	1902	2465	2301	2972
ENSG00000155052	CNTNAP5	0	0	0	0	0	0	1
ENSG00000155066	PROM2	7	27	4	25	12	8	15
ENSG00000155085	AK9	17	46	9	25	23	14	12
ENSG00000155090	KLF10	753	1301	729	733	907	888	1179
ENSG00000155093	PTPRN2	0	1	1	0	0	0	1
ENSG00000155096	AZIN1	4394	7252	4260	4284	5906	5662	7167
ENSG00000155097	ATP6V1C1	1613	2639	1627	1542	2319	2283	2908
ENSG00000155099	PIP4P2	397	627	409	355	407	416	503
ENSG00000155100	OTUD6B	569	908	554	531	900	910	1295
ENSG00000155111	CDK19	901	1524	797	912	1119	1063	1235
ENSG00000155115	GTF3C6	760	1331	864	787	1082	1079	1478
ENSG00000155158	TTC39B	470	857	456	420	393	367	470
ENSG00000155189	AGPAT5	1010	1599	964	895	1283	1196	1428
ENSG00000155229	MMS19	3133	5120	3050	3039	4188	4013	4779
ENSG00000155252	PI4K2A	1871	3093	1986	1872	2787	2685	3551
ENSG00000155254	MARVELD1	2983	4986	2855	2894	3773	3567	3889
ENSG00000155256	ZFYVE27	1298	1998	1206	1240	1427	1296	1603
ENSG00000155265	GOLGA7B	792	1243	812	730	1073	988	1304
ENSG00000155275	TRMT44	204	399	168	182	281	263	355
ENSG00000155287	SLC25A28	293	397	305	290	351	379	560
ENSG00000155304	HSPA13	823	1388	801	776	1171	1130	1395
ENSG00000155313	USP25	433	682	472	424	417	436	513
ENSG00000155324	GRAMD2B	295	504	346	330	348	363	436
ENSG00000155329	ZCCHC10	409	628	355	362	613	623	764
ENSG00000155330	C16orf87	470	785	456	433	764	829	986
ENSG00000155363	MOV10	1306	1896	1226	1361	1256	1249	1466
ENSG00000155366	RHOC	5103	9055	6048	5765	8620	8526	11249
ENSG00000155367	PPM1J	114	181	116	110	97	94	119
ENSG00000155368	DBI	1368	2460	1634	1405	2044	1959	2467
ENSG00000155380	SLC16A1	2822	4639	2752	2584	4282	4302	5385
ENSG00000155393	HEATR3	327	386	235	324	396	311	454
ENSG00000155428	TRIM74	16	27	14	13	10	10	14
ENSG00000155438	NIFK	873	1473	870	849	1415	1366	1786
ENSG00000155463	OXA1L	2540	4298	2521	2637	3309	3393	4006
ENSG00000155465	SLC7A7	30	48	21	23	28	19	25
ENSG00000155495	MAGEC1	11	16	16	12	27	19	36
ENSG00000155506	LARP1	7213	11707	7252	7466	10636	9523	13312
ENSG00000155508	CNOT8	1763	2956	1798	1742	2328	2169	2630
ENSG00000155530	LRGUK	30	41	17	21	39	36	41
ENSG00000155542	SETD9	67	125	87	77	115	106	141
ENSG00000155545	MIER3	807	1358	747	840	1083	1057	1298
ENSG00000155561	NUP205	3597	5973	3486	3728	4502	4520	5708
ENSG00000155592	ZKSCAN2	358	643	368	402	632	550	744
ENSG00000155621	C9orf85	551	885	543	534	1015	912	1187
ENSG00000155622	XAGE2	0	0	0	0	0	0	1
ENSG00000155629	PIK3AP1	8	34	24	16	46	34	54
ENSG00000155636	RBM45	297	475	332	273	390	380	507
ENSG00000155657	TTN	2	1	1	1	0	0	0
ENSG00000155660	PDIA4	11732	20225	12730	12641	13394	13400	16088
ENSG00000155666	KDM8	67	101	73	59	75	75	111
ENSG00000155714	PDZD9	2	4	1	2	4	0	0
ENSG00000155719	OTOA	2	0	0	0	0	0	0
ENSG00000155729	KCTD18	396	669	353	378	467	497	492
ENSG00000155744	FAM126B	317	649	320	372	417	416	561
ENSG00000155749	FLACC1	16	12	10	9	10	14	7
ENSG00000155754	C2CD6	74	115	75	56	92	86	91
ENSG00000155755	TMEM237	147	292	196	178	171	219	246
ENSG00000155760	FZD7	3797	6364	3728	3922	4454	3419	4953
ENSG00000155761	SPAG17	2	9	1	2	3	1	2
ENSG00000155792	DEPTOR	369	624	318	342	459	488	511
ENSG00000155816	FMN2	1854	3357	1951	1731	1827	1616	2032
ENSG00000155827	RNF20	2626	4473	2636	2673	3220	3251	3759
ENSG00000155833	CYLC2	0	0	1	0	0	0	0
ENSG00000155846	PPARGC1B	375	634	347	389	501	429	593
ENSG00000155849	ELMO1	2292	4004	2306	2372	2513	2624	2938
ENSG00000155850	SLC26A2	28209	45556	24361	25122	25796	24248	29997
ENSG00000155858	LSM11	814	1331	783	753	1008	961	1143
ENSG00000155868	MED7	254	468	220	240	485	460	580
ENSG00000155875	SAXO1	3	1	0	0	2	1	1
ENSG00000155876	RRAGA	3198	5443	3358	3290	4149	4267	4810
ENSG00000155886	SLC24A2	1031	1683	786	871	840	797	821
ENSG00000155893	PXYLP1	5849	9698	5515	5433	4839	4586	5408
ENSG00000155897	ADCY8	25	51	32	23	29	40	46
ENSG00000155903	RASA2	1145	2009	1057	1127	1413	1275	1540
ENSG00000155906	RMND1	479	811	504	453	556	625	647
ENSG00000155918	RAET1L	0	0	0	0	2	0	3
ENSG00000155926	SLA	0	0	0	0	0	0	2
ENSG00000155957	TMBIM4	819	1365	878	791	1156	1127	1280
ENSG00000155959	VBP1	1560	2757	1684	1558	2551	2442	3233
ENSG00000155961	RAB39B	8	15	15	15	12	16	20
ENSG00000155962	CLIC2	0	0	1	0	0	1	0
ENSG00000155966	AFF2	3	15	12	11	6	7	18
ENSG00000155970	MICU3	84	168	81	83	108	85	110
ENSG00000155974	GRIP1	27	42	26	26	32	29	37
ENSG00000155975	VPS37A	472	782	421	425	598	552	701
ENSG00000155980	KIF5A	245	307	187	255	288	319	396
ENSG00000156009	MAGEA8	0	0	3	0	0	0	0
ENSG00000156011	PSD3	1103	1790	973	1050	1192	1163	1372
ENSG00000156017	CARNMT1	446	707	444	429	613	509	635
ENSG00000156026	MCU	479	829	410	450	628	658	835
ENSG00000156030	MIDEAS	2073	3101	1860	2167	2520	2282	2940
ENSG00000156042	CFAP70	5	9	3	5	7	4	7
ENSG00000156049	GNA14	0	1	0	0	0	0	1
ENSG00000156050	FAM161B	86	146	89	117	150	131	199
ENSG00000156052	GNAQ	2530	4304	2397	2519	3154	2753	3767
ENSG00000156076	WIF1	0	0	0	0	1	0	0
ENSG00000156097	GPR61	4	2	4	7	6	7	0
ENSG00000156103	MMP16	8758	13868	7090	7909	10536	9899	12399
ENSG00000156110	ADK	584	927	560	515	858	829	942
ENSG00000156113	KCNMA1	1870	2918	1559	1754	1941	1799	2142
ENSG00000156136	DCK	543	881	517	581	965	902	1169
ENSG00000156140	ADAMTS3	359	569	314	296	428	435	511
ENSG00000156162	DPY19L4	1169	2138	1249	1261	1547	1340	1644
ENSG00000156170	NDUFAF6	110	170	75	109	105	131	190
ENSG00000156171	DRAM2	648	1083	543	547	635	629	632
ENSG00000156172	CFAP418	156	309	157	165	198	200	210
ENSG00000156194	PPEF2	4	6	4	4	3	1	8
ENSG00000156206	CFAP161	1	2	5	2	3	4	4
ENSG00000156218	ADAMTSL3	0	7	0	7	0	2	10
ENSG00000156219	ART3	505	890	425	405	413	434	485
ENSG00000156222	SLC28A1	0	0	0	1	0	0	2
ENSG00000156232	WHAMM	411	625	374	410	480	459	698
ENSG00000156239	N6AMT1	154	262	153	165	153	136	178
ENSG00000156253	RWDD2B	100	162	77	104	113	123	165
ENSG00000156256	USP16	1229	1950	1193	1127	1265	1153	1385
ENSG00000156261	CCT8	6543	11071	6888	6674	9560	9335	11784
ENSG00000156265	MAP3K7CL	13	29	20	21	22	23	14
ENSG00000156269	NAA11	316	584	332	349	554	547	755
ENSG00000156273	BACH1	2073	3359	1849	1917	2000	1931	2327
ENSG00000156298	TSPAN7	0	13	2	0	8	3	5
ENSG00000156299	TIAM1	1156	1972	1140	1290	1370	1298	1672
ENSG00000156304	SCAF4	1259	2144	1333	1316	1827	1921	2326
ENSG00000156313	RPGR	2095	3328	1973	1869	2272	2101	2666
ENSG00000156345	CDK20	165	228	161	154	245	221	256
ENSG00000156374	PCGF6	611	1009	655	591	893	880	1060
ENSG00000156381	ANKRD9	528	888	562	532	697	630	786
ENSG00000156384	SFR1	209	375	235	222	587	580	718
ENSG00000156398	SFXN2	166	319	170	155	230	292	333
ENSG00000156411	ATP5MJ	904	1565	899	889	1182	1189	1466
ENSG00000156413	FUT6	7	11	4	3	5	3	4
ENSG00000156427	FGF18	3	8	4	0	8	9	10
ENSG00000156453	PCDH1	2436	4337	2436	2719	4172	3942	5316
ENSG00000156463	SH3RF2	0	1	1	0	3	0	7
ENSG00000156466	GDF6	0	0	0	1	0	1	0
ENSG00000156467	UQCRB	2058	3348	2047	1822	2516	2496	3124
ENSG00000156469	MTERF3	579	1058	629	578	1056	1111	1323
ENSG00000156471	PTDSS1	738	1186	661	842	806	793	999
ENSG00000156475	PPP2R2B	226	370	271	239	176	169	176
ENSG00000156482	RPL30	13579	23295	13851	13079	17472	17698	20517
ENSG00000156486	KCNS2	1	6	0	1	5	1	6
ENSG00000156500	PABIR3	114	174	123	113	157	156	206
ENSG00000156502	SUPV3L1	669	1185	717	708	849	832	1044
ENSG00000156504	PABIR2	1714	2992	1859	1783	2360	2119	2809
ENSG00000156508	EEF1A1	188859	323746	196337	191246	213027	198684	232859
ENSG00000156509	FBXO43	71	177	98	45	83	103	187
ENSG00000156510	HKDC1	92	148	111	137	100	108	138
ENSG00000156515	HK1	7876	13251	7662	7865	10024	9370	11173
ENSG00000156521	TYSND1	621	1042	670	672	866	782	1048
ENSG00000156531	PHF6	1788	2943	1754	1770	3032	2897	3706
ENSG00000156535	CD109	13174	20991	11899	12086	13980	13335	15939
ENSG00000156574	NODAL	0	9	3	3	6	8	7
ENSG00000156587	UBE2L6	1573	2830	1781	1673	2195	2336	2731
ENSG00000156599	ZDHHC5	2756	4734	2926	2998	4005	3836	5248
ENSG00000156603	MED19	430	764	545	450	842	796	1027
ENSG00000156639	ZFAND3	1438	2370	1504	1391	1955	1829	2311
ENSG00000156642	NPTN	2061	3499	2283	1992	2624	2450	2961
ENSG00000156650	KAT6B	862	1352	753	768	858	837	1086
ENSG00000156671	SAMD8	1426	2164	1098	1213	1334	1236	1543
ENSG00000156675	RAB11FIP1	625	981	524	643	776	775	835
ENSG00000156687	UNC5D	0	1	0	0	0	0	1
ENSG00000156689	GLYATL2	1	8	4	5	1	2	5
ENSG00000156697	UTP14A	2167	3656	2200	2079	2247	2264	2877
ENSG00000156709	AIFM1	2261	3813	2376	2404	3147	3013	3884
ENSG00000156711	MAPK13	34	26	19	16	23	18	24
ENSG00000156735	BAG4	624	1088	653	689	851	795	1103
ENSG00000156787	TBC1D31	408	760	438	472	507	523	616
ENSG00000156795	NTAQ1	254	422	269	249	243	233	322
ENSG00000156802	ATAD2	2157	3546	2183	2325	4328	4333	5799
ENSG00000156804	FBXO32	2307	3667	1892	2074	2906	2692	2998
ENSG00000156831	NSMCE2	544	984	558	539	895	888	1032
ENSG00000156853	ZNF689	512	901	529	507	628	607	809
ENSG00000156858	PRR14	705	1130	644	668	831	745	944
ENSG00000156860	FBRS	2753	4820	2811	2896	3271	2692	4037
ENSG00000156869	FRRS1	338	528	292	296	378	383	469
ENSG00000156873	PHKG2	593	1043	580	559	826	712	1052
ENSG00000156875	MFSD14A	1537	2634	1531	1580	1924	1810	2256
ENSG00000156876	SASS6	729	1267	863	789	1155	1123	1312
ENSG00000156886	ITGAD	1	1	0	0	1	2	0
ENSG00000156920	ADGRG4	0	0	0	0	0	1	2
ENSG00000156928	MALSU1	694	1286	702	731	945	830	1153
ENSG00000156931	VPS8	407	633	352	341	402	363	381
ENSG00000156958	GALK2	793	1408	764	815	1085	1075	1248
ENSG00000156959	LHFPL4	0	1	0	1	0	1	0
ENSG00000156966	B3GNT7	2621	4354	2597	2662	2129	1984	2147
ENSG00000156968	MPV17L	488	725	448	469	631	489	695
ENSG00000156970	BUB1B	2443	3907	2278	2400	3350	3261	4044
ENSG00000156973	PDE6D	431	703	490	421	616	721	774
ENSG00000156976	EIF4A2	5031	8320	4796	4680	4514	4553	4745
ENSG00000156983	BRPF1	786	1179	721	727	806	896	1055
ENSG00000156990	RPUSD3	1533	2514	1730	1603	2565	2555	3274
ENSG00000157014	TATDN2	1280	2090	1221	1250	1437	1376	1593
ENSG00000157017	GHRL	4	3	4	5	11	8	4
ENSG00000157020	SEC13	3224	5496	3500	3379	4606	4747	5600
ENSG00000157036	EXOG	239	339	195	232	280	228	355
ENSG00000157045	NTAN1	603	1029	753	611	865	802	1080
ENSG00000157064	NMNAT2	41	70	44	59	56	53	62
ENSG00000157077	ZFYVE9	825	1365	767	833	878	893	1135
ENSG00000157087	ATP2B2	71	94	53	65	60	52	42
ENSG00000157103	SLC6A1	0	0	0	2	1	0	0
ENSG00000157106	SMG1	4574	7041	3796	4419	5922	5383	7314
ENSG00000157107	FCHO2	677	1221	605	638	753	688	805
ENSG00000157110	RBPMS	771	1254	685	785	764	719	858
ENSG00000157111	TMEM171	110	189	147	141	194	192	320
ENSG00000157119	KLHL40	1	0	0	0	0	0	0
ENSG00000157150	TIMP4	10	25	12	17	19	17	34
ENSG00000157152	SYN2	0	7	2	3	0	4	4
ENSG00000157168	NRG1	41	56	32	41	51	45	56
ENSG00000157181	ODR4	1132	1819	1024	1094	1366	1335	1627
ENSG00000157184	CPT2	1213	2081	1146	1222	1478	1370	1694
ENSG00000157191	NECAP2	821	1318	840	875	1163	1107	1442
ENSG00000157193	LRP8	2996	4799	2842	2953	3347	3144	3857
ENSG00000157211	CDCP2	0	2	0	0	0	0	0
ENSG00000157212	PAXIP1	662	1185	725	670	921	893	1202
ENSG00000157214	STEAP2	54	69	44	58	64	48	87
ENSG00000157216	SSBP3	1095	1847	1101	1104	1412	1146	1510
ENSG00000157224	CLDN12	1259	2046	1204	1225	1930	1928	2257
ENSG00000157227	MMP14	4001	6874	3967	3770	4110	3341	4483
ENSG00000157240	FZD1	5142	9111	5205	5037	5659	4684	6845
ENSG00000157259	GATAD1	1586	2714	1485	1471	1896	1671	1967
ENSG00000157303	SUSD3	1	3	3	0	0	0	0
ENSG00000157315	TMED6	7	15	3	9	7	12	14
ENSG00000157322	CLEC18A	19	45	31	26	33	26	33
ENSG00000157326	DHRS4	488	849	535	517	625	512	798
ENSG00000157330	CFAP107	1	8	4	7	2	4	7
ENSG00000157343	ARMC12	9	10	8	2	11	9	5
ENSG00000157349	DDX19B	615	1053	724	596	970	853	1079
ENSG00000157350	ST3GAL2	2017	3424	2137	2132	2660	2372	3101
ENSG00000157353	FCSK	549	819	494	431	602	545	789
ENSG00000157368	IL34	1	0	1	1	1	0	1
ENSG00000157379	DHRS1	138	245	166	188	206	197	225
ENSG00000157388	CACNA1D	112	191	105	110	150	130	209
ENSG00000157399	ARSL	315	525	372	313	411	449	547
ENSG00000157423	HYDIN	1	1	1	1	7	6	1
ENSG00000157426	AASDH	731	1117	629	682	892	798	1003
ENSG00000157429	ZNF19	27	27	23	24	27	25	20
ENSG00000157445	CACNA2D3	12	6	0	12	10	13	24
ENSG00000157450	RNF111	1026	1605	974	1015	1580	1565	2128
ENSG00000157456	CCNB2	1684	2947	1727	1791	2562	2478	3166
ENSG00000157470	FAM81A	111	178	112	100	171	153	182
ENSG00000157483	MYO1E	4669	7701	4590	4728	5540	5285	7150
ENSG00000157500	APPL1	1958	3163	1839	1782	2457	2275	2880
ENSG00000157502	PWWP3B	27	23	8	16	19	22	21
ENSG00000157510	AFAP1L1	451	693	456	421	681	567	794
ENSG00000157514	TSC22D3	121	238	115	105	185	179	223
ENSG00000157538	VPS26C	992	1674	991	924	1329	1298	1619
ENSG00000157540	DYRK1A	840	1441	870	781	1061	944	1273
ENSG00000157542	KCNJ6	5	2	4	3	3	2	3
ENSG00000157551	KCNJ15	119	196	104	98	140	138	140
ENSG00000157554	ERG	6	14	4	8	5	10	12
ENSG00000157557	ETS2	1005	1644	1016	852	1135	1101	1302
ENSG00000157570	TSPAN18	40	68	48	37	36	43	37
ENSG00000157578	LCA5L	18	47	18	6	33	32	36
ENSG00000157593	SLC35B2	2346	3943	2373	2407	3213	3187	3974
ENSG00000157600	TMEM164	758	1312	714	804	915	904	1184
ENSG00000157601	MX1	269	482	321	288	417	354	460
ENSG00000157613	CREB3L1	1	13	0	2	4	2	4
ENSG00000157617	C2CD2	84	140	68	86	112	85	115
ENSG00000157625	TAB3	2226	3519	1985	2089	1990	1849	2223
ENSG00000157637	SLC38A10	1811	2976	1855	1769	2270	1892	2507
ENSG00000157653	C9orf43	12	12	11	17	18	14	24
ENSG00000157654	PALM2AKAP2	3866	6083	3495	3709	4385	4498	5757
ENSG00000157657	ZNF618	646	1100	648	710	927	862	1120
ENSG00000157680	DGKI	103	122	76	58	94	65	83
ENSG00000157693	TMEM268	599	1034	637	621	921	796	1020
ENSG00000157734	SNX22	130	162	68	103	52	33	55
ENSG00000157741	UBN2	1067	1597	847	941	1060	950	1205
ENSG00000157764	BRAF	1446	2326	1267	1417	1396	1386	1709
ENSG00000157765	SLC34A2	0	0	0	0	1	0	0
ENSG00000157766	ACAN	13873	23244	12478	13421	10394	9991	11226
ENSG00000157778	PSMG3	1216	2068	1323	1294	1597	1461	1806
ENSG00000157782	CABP1	2	8	6	8	3	2	6
ENSG00000157796	WDR19	479	995	301	544	685	706	909
ENSG00000157800	SLC37A3	1274	2057	1272	1288	1514	1533	1841
ENSG00000157823	AP3S2	828	1627	850	791	956	1036	1001
ENSG00000157827	FMNL2	3024	4965	2721	2898	3017	2855	3636
ENSG00000157833	GAREM2	297	474	272	285	347	320	394
ENSG00000157837	SPPL3	942	1689	1031	1023	1455	1282	1681
ENSG00000157851	DPYSL5	450	784	517	537	964	950	1294
ENSG00000157856	DRC1	2	8	0	1	1	0	7
ENSG00000157869	RAB28	528	944	503	527	706	716	936
ENSG00000157870	PRXL2B	589	1128	624	630	903	741	1218
ENSG00000157873	TNFRSF14	279	451	250	236	358	343	355
ENSG00000157881	PANK4	774	1247	694	788	940	941	1010
ENSG00000157890	MEGF11	35	64	21	33	36	42	32
ENSG00000157895	C12orf43	445	730	420	450	645	641	781
ENSG00000157911	PEX10	569	906	617	581	505	627	815
ENSG00000157916	RER1	4092	6742	4238	4184	5857	5771	7410
ENSG00000157933	SKI	3147	5200	3026	3125	3537	3314	3827
ENSG00000157954	WIPI2	2360	3851	2463	2349	3147	3118	3991
ENSG00000157978	LDLRAP1	1124	1888	1095	1144	1479	1322	1672
ENSG00000157985	AGAP1	1612	2506	1438	1645	1807	1824	2106
ENSG00000157992	KRTCAP3	16	11	12	21	9	8	8
ENSG00000157999	ANKRD61	15	29	17	19	21	17	30
ENSG00000158006	PAFAH2	614	1012	562	558	731	667	703
ENSG00000158008	EXTL1	2436	4126	2403	2386	1998	1781	2393
ENSG00000158014	SLC30A2	23	34	35	19	22	10	27
ENSG00000158019	BABAM2	921	1604	916	901	1351	1348	1560
ENSG00000158022	TRIM63	0	4	3	7	7	7	8
ENSG00000158023	CFAP251	4	8	6	4	3	12	5
ENSG00000158042	MRPL17	1235	2195	1409	1327	2265	2357	3149
ENSG00000158050	DUSP2	118	222	116	134	178	142	189
ENSG00000158055	GRHL3	0	3	3	2	1	4	2
ENSG00000158062	UBXN11	207	381	199	185	403	420	503
ENSG00000158077	NLRP14	3	4	1	1	6	3	3
ENSG00000158079	PTPDC1	355	610	385	379	504	532	639
ENSG00000158089	GALNT14	625	1056	680	678	865	862	983
ENSG00000158092	NCK1	536	901	538	516	911	861	1184
ENSG00000158104	HPD	2	3	1	2	2	1	2
ENSG00000158106	RHPN1	824	1231	663	734	856	757	969
ENSG00000158109	TPRG1L	717	1253	776	773	1079	1116	1331
ENSG00000158122	PRXL2C	368	651	372	395	468	386	488
ENSG00000158125	XDH	6	8	5	5	0	3	13
ENSG00000158158	CNNM4	526	835	437	506	662	614	825
ENSG00000158161	EYA3	1445	2479	1379	1486	2120	1997	2640
ENSG00000158163	DZIP1L	165	253	165	158	241	214	304
ENSG00000158164	TMSB15A	5	7	3	3	7	8	14
ENSG00000158169	FANCC	601	1053	610	613	789	780	972
ENSG00000158186	MRAS	1245	2062	1264	1361	1304	1183	1471
ENSG00000158195	WASF2	5609	9414	5649	5980	9195	8853	11123
ENSG00000158201	ABHD3	504	947	472	475	636	628	838
ENSG00000158220	ESYT3	54	95	49	36	79	72	70
ENSG00000158234	FAIM	263	381	217	224	323	319	447
ENSG00000158246	TENT5B	322	576	353	349	644	640	969
ENSG00000158258	CLSTN2	1	5	2	3	1	2	0
ENSG00000158270	COLEC12	716	1342	721	640	705	766	830
ENSG00000158286	RNF207	159	328	181	190	253	209	251
ENSG00000158290	CUL4B	2328	3698	2145	2089	2506	2324	2877
ENSG00000158292	GPR153	2668	4813	2808	2888	2169	2163	2615
ENSG00000158296	SLC13A3	313	531	285	294	292	261	328
ENSG00000158301	GPRASP2	65	132	67	61	102	124	147
ENSG00000158315	RHBDL2	15	37	23	22	32	23	41
ENSG00000158321	AUTS2	13	7	1	13	15	5	19
ENSG00000158352	SHROOM4	1888	3048	1653	1832	1893	1809	2222
ENSG00000158373	H2BC5	26	51	23	22	38	29	26
ENSG00000158402	CDC25C	398	676	437	406	655	688	831
ENSG00000158406	H4C8	0	0	2	0	2	0	0
ENSG00000158411	MITD1	249	391	248	212	334	320	415
ENSG00000158417	EIF5B	5589	9437	5843	5627	9093	8099	10521
ENSG00000158423	RIBC1	80	125	73	81	120	114	140
ENSG00000158427	TMSB15B	58	99	51	60	54	52	79
ENSG00000158428	CATIP	2	1	0	1	0	0	0
ENSG00000158435	CNOT11	1154	1841	1061	1109	1398	1235	1685
ENSG00000158445	KCNB1	0	5	1	0	0	1	1
ENSG00000158457	TSPAN33	233	421	259	254	338	350	401
ENSG00000158458	NRG2	154	253	180	174	216	242	248
ENSG00000158467	AHCYL2	545	816	517	487	525	547	635
ENSG00000158470	B4GALT5	2762	4640	2751	2961	3760	3540	4460
ENSG00000158473	CD1D	26	60	36	31	33	40	46
ENSG00000158480	SPATA2	943	1479	896	949	1125	1054	1242
ENSG00000158486	DNAH3	0	0	0	1	2	0	5
ENSG00000158516	CPA2	1	4	6	2	3	4	12
ENSG00000158517	NCF1	0	0	1	0	0	1	0
ENSG00000158526	TSR2	679	1269	746	691	965	941	1255
ENSG00000158528	PPP1R9A	164	252	117	124	192	256	243
ENSG00000158545	ZC3H18	2795	4517	2892	3020	4753	3809	6053
ENSG00000158552	ZFAND2B	194	296	253	178	162	191	228
ENSG00000158553	POM121L2	9	11	3	2	5	4	2
ENSG00000158555	GDPD5	325	471	345	340	413	378	460
ENSG00000158560	DYNC1I1	74	88	63	66	88	91	94
ENSG00000158571	PFKFB1	2	2	1	1	3	1	5
ENSG00000158578	ALAS2	0	3	2	0	0	1	0
ENSG00000158604	TMED4	2955	5067	3225	3040	4147	3926	4847
ENSG00000158615	PPP1R15B	2672	4280	2630	2714	3304	3318	4158
ENSG00000158623	COPG2	1610	2696	1639	1495	1949	1957	2428
ENSG00000158636	EMSY	803	1378	781	864	1142	1080	1412
ENSG00000158639	PAGE5	1304	2300	1370	1367	1821	1932	2279
ENSG00000158669	GPAT4	1867	2936	1747	1755	2479	2313	3021
ENSG00000158683	PKD1L1	6	16	5	4	6	6	10
ENSG00000158691	ZSCAN12	87	150	71	94	128	133	125
ENSG00000158710	TAGLN2	16362	28380	17842	17076	22620	22214	27002
ENSG00000158711	ELK4	2170	3644	1976	2091	2487	2202	2853
ENSG00000158715	SLC45A3	535	902	537	555	773	745	1037
ENSG00000158716	DUSP23	1050	1743	1072	972	1230	1182	1407
ENSG00000158717	RNF166	548	880	533	532	633	624	773
ENSG00000158747	NBL1	1681	2780	1883	1795	2914	2263	3587
ENSG00000158748	HTR6	19	29	11	19	23	23	21
ENSG00000158764	ITLN2	0	0	0	0	0	1	0
ENSG00000158769	F11R	149	256	156	149	254	200	227
ENSG00000158773	USF1	979	1573	1045	1069	1235	1190	1633
ENSG00000158786	PLA2G2F	0	0	0	0	1	0	0
ENSG00000158792	SPATA2L	348	650	390	398	572	500	582
ENSG00000158793	NIT1	1108	1772	1170	1078	1822	1749	2109
ENSG00000158796	DEDD	1354	2271	1303	1352	1546	1507	1551
ENSG00000158805	ZNF276	1156	1733	936	1040	1168	930	1357
ENSG00000158813	EDA	0	0	2	0	0	0	0
ENSG00000158815	FGF17	1	1	1	0	2	0	0
ENSG00000158825	CDA	0	6	2	4	2	4	4
ENSG00000158828	PINK1	2125	3642	2253	2076	2022	1940	2311
ENSG00000158850	B4GALT3	1349	2381	1458	1510	1712	1768	2232
ENSG00000158856	DMTN	13	33	18	7	29	16	35
ENSG00000158859	ADAMTS4	1971	3263	2242	2238	2575	2468	3293
ENSG00000158863	FHIP2B	549	756	559	523	561	616	606
ENSG00000158864	NDUFS2	6838	11705	7388	6962	9181	9018	10838
ENSG00000158865	SLC5A11	2	0	1	0	1	1	3
ENSG00000158869	FCER1G	3	7	0	3	2	6	2
ENSG00000158874	APOA2	2	4	1	0	2	0	1
ENSG00000158882	TOMM40L	600	1047	623	580	909	898	1133
ENSG00000158887	MPZ	958	1626	1096	1091	1289	1001	1625
ENSG00000158901	WFDC8	5	3	2	2	2	4	4
ENSG00000158941	CCAR2	2724	4505	2647	2666	3374	3199	4026
ENSG00000158955	WNT9B	7	9	3	7	4	0	6
ENSG00000158966	CACHD1	590	894	477	557	648	671	826
ENSG00000158985	CDC42SE2	541	797	472	476	759	685	839
ENSG00000158987	RAPGEF6	858	1441	834	904	1328	1344	1619
ENSG00000159023	EPB41	1285	2153	1180	1247	1670	1730	2006
ENSG00000159055	MIS18A	474	788	520	497	706	728	930
ENSG00000159063	ALG8	1251	2035	1352	1181	1681	1652	1982
ENSG00000159069	FBXW5	2063	3645	2251	2169	2707	2474	3272
ENSG00000159079	CFAP298	861	1308	853	842	1043	1004	1295
ENSG00000159082	SYNJ1	550	894	520	535	675	740	857
ENSG00000159086	PAXBP1	764	1082	674	567	721	699	894
ENSG00000159110	IFNAR2	753	1318	783	807	884	875	1043
ENSG00000159111	MRPL10	2013	3560	2212	2091	2517	2590	3139
ENSG00000159128	IFNGR2	3423	5931	3615	3493	3661	3654	4187
ENSG00000159131	GART	4340	7260	4431	4508	5861	5944	7463
ENSG00000159140	SON	6846	11500	6714	7172	10888	10293	13221
ENSG00000159147	DONSON	635	1090	680	704	1130	1117	1381
ENSG00000159164	SV2A	2264	3761	2233	2336	2719	2554	3268
ENSG00000159166	LAD1	591	893	521	487	746	724	796
ENSG00000159167	STC1	500	839	439	448	568	558	539
ENSG00000159173	TNNI1	30	65	32	39	32	34	40
ENSG00000159176	CSRP1	4247	7480	5049	4610	7472	7242	9278
ENSG00000159182	PRAC1	1	1	0	1	1	1	0
ENSG00000159184	HOXB13	627	1107	620	618	741	691	781
ENSG00000159197	KCNE2	8	11	7	0	4	5	3
ENSG00000159199	ATP5MC1	1335	2297	1533	1470	2164	2194	2715
ENSG00000159200	RCAN1	8230	13519	8126	7976	8526	8627	10989
ENSG00000159202	UBE2Z	3134	5327	3160	3158	4296	4168	5084
ENSG00000159208	CIART	17	21	4	13	16	15	19
ENSG00000159210	SNF8	1384	2163	1395	1277	1591	1490	1875
ENSG00000159212	CLIC6	2	0	1	2	0	0	1
ENSG00000159214	CCDC24	49	71	57	54	65	76	71
ENSG00000159216	RUNX1	1521	2321	1459	1481	1808	1753	2273
ENSG00000159217	IGF2BP1	2504	3891	2236	2398	2954	2976	3737
ENSG00000159224	GIP	0	0	0	1	0	1	0
ENSG00000159228	CBR1	1343	2422	1441	1497	2183	1971	2548
ENSG00000159231	CBR3	271	413	262	224	279	274	370
ENSG00000159256	MORC3	688	1067	697	620	573	700	847
ENSG00000159259	CHAF1B	619	998	609	647	1037	1040	1413
ENSG00000159261	CLDN14	1	0	1	0	0	2	2
ENSG00000159263	SIM2	44	91	49	53	34	44	33
ENSG00000159267	HLCS	711	1391	680	737	974	964	1054
ENSG00000159289	GOLGA6A	1	0	0	0	0	0	0
ENSG00000159307	SCUBE1	49	98	36	48	59	42	49
ENSG00000159314	ARHGAP27	64	153	88	79	110	82	106
ENSG00000159322	ADPGK	964	1753	1011	1061	1444	1522	1857
ENSG00000159335	PTMS	11026	18185	12647	11877	15408	11295	17763
ENSG00000159339	PADI4	2	2	1	0	2	3	0
ENSG00000159346	ADIPOR1	4367	7621	4661	4487	6595	6550	7876
ENSG00000159348	CYB5R1	688	1143	726	713	1135	1109	1373
ENSG00000159352	PSMD4	7632	12657	7863	7612	9279	9278	11089
ENSG00000159363	ATP13A2	1836	3205	2087	2061	2740	2721	3304
ENSG00000159374	M1AP	2	0	5	5	0	4	5
ENSG00000159377	PSMB4	13310	22532	14895	14240	20619	20072	24830
ENSG00000159387	IRX6	5	8	7	5	15	8	7
ENSG00000159388	BTG2	371	636	395	332	506	465	554
ENSG00000159398	CES5A	27	55	26	33	32	28	18
ENSG00000159399	HK2	3097	5363	3011	3085	4935	4649	5421
ENSG00000159403	C1R	655	1102	658	665	690	693	749
ENSG00000159409	CELF3	21	35	21	24	25	37	37
ENSG00000159423	ALDH4A1	628	1075	693	654	753	749	927
ENSG00000159433	STARD9	462	626	343	416	467	524	558
ENSG00000159445	THEM4	926	1501	863	946	1354	1240	1718
ENSG00000159450	TCHH	28	35	31	25	41	35	54
ENSG00000159459	UBR1	3071	4780	2794	2877	3829	3685	4732
ENSG00000159461	AMFR	2937	5010	2842	2948	3187	3330	3753
ENSG00000159479	MED8	1665	2812	1628	1655	2191	2141	2725
ENSG00000159495	TGM7	0	0	0	1	0	0	0
ENSG00000159496	RGL4	0	2	2	1	1	1	1
ENSG00000159556	ISL2	103	153	86	100	119	116	147
ENSG00000159579	RSPRY1	901	1514	873	880	1289	1144	1402
ENSG00000159588	CCDC17	0	0	0	5	0	0	2
ENSG00000159592	GPBP1L1	2074	3360	2038	2014	2418	2425	3001
ENSG00000159593	NAE1	2441	3976	2438	2395	3496	3433	4486
ENSG00000159596	TMEM69	1236	2222	1279	1210	1821	1844	2251
ENSG00000159618	ADGRG5	8	12	10	4	23	15	9
ENSG00000159625	DRC7	12	16	7	3	9	9	4
ENSG00000159640	ACE	23	60	29	16	14	3	26
ENSG00000159650	UROC1	2	5	2	2	1	5	4
ENSG00000159658	EFCAB14	2053	3654	2028	2232	2950	2791	3435
ENSG00000159674	SPON2	4835	8154	4833	4562	4996	4831	5223
ENSG00000159685	CHCHD6	186	282	201	175	272	264	317
ENSG00000159692	CTBP1	5050	8185	5037	4873	5766	5291	6408
ENSG00000159713	TPPP3	103	174	116	101	122	147	174
ENSG00000159714	ZDHHC1	6	10	4	1	6	4	4
ENSG00000159720	ATP6V0D1	1791	2895	1945	1900	2667	2534	3305
ENSG00000159723	AGRP	2	2	0	2	0	0	3
ENSG00000159733	ZFYVE28	229	419	225	202	278	234	278
ENSG00000159753	CARMIL2	222	381	217	197	215	186	241
ENSG00000159761	C16orf86	174	385	194	192	174	135	181
ENSG00000159784	FAM131B	29	9	0	40	13	33	40
ENSG00000159788	RGS12	358	552	322	311	426	411	497
ENSG00000159792	PSKH1	908	1569	972	935	1473	1417	1629
ENSG00000159840	ZYX	3637	6511	3904	3942	4748	4748	5619
ENSG00000159842	ABR	3238	5240	3078	3362	3207	3662	4158
ENSG00000159871	LYPD5	10	12	0	6	13	11	18
ENSG00000159873	CCDC117	760	1395	822	824	1033	1048	1320
ENSG00000159882	ZNF230	152	302	154	125	175	174	226
ENSG00000159884	CCDC107	127	217	139	150	219	198	255
ENSG00000159885	ZNF222	69	153	59	84	112	154	138
ENSG00000159899	NPR2	522	833	439	489	480	368	664
ENSG00000159905	ZNF221	98	137	95	88	146	129	179
ENSG00000159915	ZNF233	27	35	23	16	47	49	44
ENSG00000159917	ZNF235	89	127	89	77	97	121	132
ENSG00000159921	GNE	6368	10910	6480	6242	6659	6157	7590
ENSG00000159958	TNFRSF13C	49	68	41	39	42	33	43
ENSG00000159961	OR3A3	2	5	1	1	5	1	2
ENSG00000160007	ARHGAP35	7343	11846	6878	7321	7056	6439	8384
ENSG00000160013	PTGIR	0	0	0	0	1	0	0
ENSG00000160014	CALM3	5356	9210	5977	5990	7012	6669	7992
ENSG00000160049	DFFA	3128	5200	3270	3299	5144	4632	5901
ENSG00000160050	CCDC28B	546	958	645	582	656	666	776
ENSG00000160051	IQCC	203	282	148	175	337	294	451
ENSG00000160055	TMEM234	60	93	44	42	94	52	56
ENSG00000160058	BSDC1	1517	2352	1486	1409	1949	1866	2413
ENSG00000160062	ZBTB8A	258	416	233	257	431	376	525
ENSG00000160072	ATAD3B	337	549	424	362	667	608	1135
ENSG00000160075	SSU72	3157	5429	3523	3483	4035	4021	4902
ENSG00000160087	UBE2J2	1601	2843	1735	1720	2317	2121	2696
ENSG00000160094	ZNF362	916	1578	924	850	1024	928	1082
ENSG00000160097	FNDC5	3	5	7	4	9	5	10
ENSG00000160111	CPAMD8	0	1	0	1	0	0	0
ENSG00000160113	NR2F6	2854	4905	3181	3129	3680	2959	4183
ENSG00000160117	ANKLE1	249	443	301	274	366	352	430
ENSG00000160124	MIX23	389	717	511	458	944	886	1194
ENSG00000160131	VMA21	1919	3113	1810	1788	2513	2340	3090
ENSG00000160145	KALRN	142	180	131	101	84	62	106
ENSG00000160161	CILP2	55	87	48	57	92	78	112
ENSG00000160179	ABCG1	10	24	14	24	20	22	14
ENSG00000160180	TFF3	5	3	3	4	4	7	5
ENSG00000160183	TMPRSS3	0	0	0	0	3	1	2
ENSG00000160188	RSPH1	6	5	9	4	4	4	9
ENSG00000160190	SLC37A1	68	105	54	57	68	62	84
ENSG00000160191	PDE9A	543	837	516	561	442	371	556
ENSG00000160193	WDR4	517	913	665	599	973	894	1266
ENSG00000160194	NDUFV3	592	974	587	571	920	817	1133
ENSG00000160199	PKNOX1	553	952	561	511	693	708	859
ENSG00000160200	CBS	904	1518	1105	887	1139	1182	1258
ENSG00000160201	U2AF1	935	1806	1425	864	1967	1660	2521
ENSG00000160202	CRYAA	0	0	1	0	0	0	0
ENSG00000160207	HSF2BP	38	35	24	18	24	25	33
ENSG00000160208	RRP1B	1646	2699	1682	1791	2407	2386	2968
ENSG00000160209	PDXK	1520	2541	1426	1459	1736	1709	2031
ENSG00000160211	G6PD	4242	7338	4774	4748	5887	5823	6964
ENSG00000160213	CSTB	808	1383	907	868	1301	1262	1671
ENSG00000160214	RRP1	544	893	539	576	902	709	1264
ENSG00000160216	AGPAT3	1718	2975	1802	1880	2556	2451	3043
ENSG00000160218	TRAPPC10	757	1001	726	717	939	1079	1160
ENSG00000160219	GAB3	106	165	70	105	118	107	123
ENSG00000160221	GATD3	858	1385	764	675	1034	828	1070
ENSG00000160223	ICOSLG	104	126	98	99	100	88	88
ENSG00000160226	CFAP410	223	437	248	215	269	269	334
ENSG00000160229	ZNF66	167	252	171	157	225	201	242
ENSG00000160233	LRRC3	15	25	30	18	17	14	21
ENSG00000160255	ITGB2	2	6	3	9	3	1	6
ENSG00000160256	SLX9	657	1099	753	711	1107	1028	1435
ENSG00000160271	RALGDS	678	1095	656	648	681	712	810
ENSG00000160282	FTCD	6	19	8	5	12	19	14
ENSG00000160284	SPATC1L	331	525	318	271	335	396	461
ENSG00000160285	LSS	800	1497	882	917	1235	1078	1505
ENSG00000160293	VAV2	1196	1935	1170	1256	1316	1190	1535
ENSG00000160294	MCM3AP	2559	4160	2377	2530	3177	3233	3970
ENSG00000160298	C21orf58	543	877	585	576	693	709	812
ENSG00000160299	PCNT	1343	2141	1150	1255	1541	1573	1889
ENSG00000160305	DIP2A	700	1023	591	689	787	747	985
ENSG00000160307	S100B	1622	2819	1720	1721	2170	2119	2730
ENSG00000160310	PRMT2	671	1180	734	699	827	747	971
ENSG00000160318	CLDND2	31	44	21	23	32	21	39
ENSG00000160321	ZNF208	353	542	261	335	496	480	599
ENSG00000160323	ADAMTS13	229	338	172	177	197	216	181
ENSG00000160325	CACFD1	212	260	180	147	185	165	190
ENSG00000160326	SLC2A6	178	370	208	260	338	333	429
ENSG00000160336	ZNF761	334	527	289	302	416	432	503
ENSG00000160345	PIERCE1	74	143	74	80	118	134	152
ENSG00000160352	ZNF714	490	791	437	520	688	516	765
ENSG00000160360	GPSM1	2175	3703	2160	2191	2700	2268	3153
ENSG00000160392	C19orf47	409	714	477	483	792	709	1095
ENSG00000160396	HIPK4	1	2	0	0	1	1	0
ENSG00000160401	CFAP157	23	27	16	20	24	26	29
ENSG00000160404	TOR2A	169	294	152	185	267	293	276
ENSG00000160408	ST6GALNAC6	759	1295	708	738	824	713	901
ENSG00000160410	SHKBP1	2569	4311	2676	2606	2870	2785	3372
ENSG00000160439	RDH13	179	279	183	189	265	215	290
ENSG00000160445	ZER1	1518	2518	1494	1498	1758	1802	1990
ENSG00000160446	ZDHHC12	728	1213	761	783	1139	1062	1415
ENSG00000160447	PKN3	1018	1611	1067	1023	1407	1289	1659
ENSG00000160460	SPTBN4	2	22	4	9	12	3	10
ENSG00000160469	BRSK1	631	1141	578	638	786	682	887
ENSG00000160471	COX6B2	21	39	29	41	32	24	30
ENSG00000160472	TMEM190	8	12	3	4	2	3	1
ENSG00000160505	NLRP4	0	0	0	0	1	0	0
ENSG00000160539	PLPP7	276	461	303	270	279	289	330
ENSG00000160551	TAOK1	3601	5606	3207	3481	4120	3917	4965
ENSG00000160563	MED27	1631	2992	1877	1854	2361	2215	2672
ENSG00000160570	DEDD2	395	662	426	474	555	499	615
ENSG00000160584	SIK3	1510	2476	1388	1446	2072	2044	2541
ENSG00000160588	MPZL3	4	9	4	6	7	9	15
ENSG00000160602	NEK8	132	238	129	127	190	176	181
ENSG00000160606	TLCD1	189	337	203	197	324	274	382
ENSG00000160613	PCSK7	1809	2978	1829	1911	2463	2217	2886
ENSG00000160633	SAFB	3456	5790	3587	3512	5018	4357	6182
ENSG00000160654	CD3G	0	7	4	6	10	6	7
ENSG00000160678	S100A1	5109	9033	5516	4717	5813	5562	5862
ENSG00000160679	CHTOP	2439	4061	2623	2511	3589	3090	4436
ENSG00000160683	CXCR5	0	4	0	0	1	0	0
ENSG00000160685	ZBTB7B	1236	2131	1307	1267	1544	1159	1809
ENSG00000160688	FLAD1	1334	2219	1439	1311	1639	1763	2184
ENSG00000160691	SHC1	9665	16137	9870	9942	10978	9769	12940
ENSG00000160695	VPS11	1592	2707	1491	1479	1913	1872	2149
ENSG00000160703	NLRX1	912	1514	964	910	1328	1236	1460
ENSG00000160710	ADAR	7915	13185	7930	8488	10781	10686	13137
ENSG00000160712	IL6R	2608	4348	2723	2639	3093	2878	3573
ENSG00000160714	UBE2Q1	2764	4521	2872	2772	3315	2815	4046
ENSG00000160716	CHRNB2	27	28	31	25	36	55	69
ENSG00000160741	CRTC2	1766	2957	1767	1810	2375	2351	2864
ENSG00000160746	ANO10	914	1412	875	930	972	1042	1158
ENSG00000160752	FDPS	2556	4278	2793	2663	3907	3725	4539
ENSG00000160753	RUSC1	898	1598	1022	991	1455	1502	1887
ENSG00000160767	FAM189B	3078	5247	3171	3195	4119	4056	4925
ENSG00000160781	PAQR6	909	1365	781	932	1218	630	1213
ENSG00000160783	PMF1	1001	1964	1264	1156	2169	2108	2753
ENSG00000160785	SLC25A44	1680	3045	1785	1840	2640	2615	3386
ENSG00000160789	LMNA	24906	42803	29232	28272	48927	45542	63156
ENSG00000160796	NBEAL2	684	1227	664	812	976	949	1234
ENSG00000160799	CCDC12	695	1291	827	842	978	943	1184
ENSG00000160801	PTH1R	11	14	6	6	19	10	8
ENSG00000160803	UBQLN4	2737	4416	2750	2736	3101	3174	3960
ENSG00000160808	MYL3	6	11	17	10	11	11	13
ENSG00000160813	PPP1R35	680	1183	869	767	1252	930	1510
ENSG00000160838	LRRC71	2	0	0	0	1	0	1
ENSG00000160862	AZGP1	202	364	216	187	230	256	232
ENSG00000160867	FGFR4	340	615	446	391	412	372	487
ENSG00000160868	CYP3A4	0	0	2	0	0	0	0
ENSG00000160870	CYP3A7	5	0	0	0	0	0	0
ENSG00000160877	NACC1	6260	10665	6919	6740	7732	6929	8946
ENSG00000160882	CYP11B1	0	1	0	0	0	0	0
ENSG00000160883	HK3	3	0	0	0	0	0	0
ENSG00000160886	LY6K	1115	2080	1273	1201	1408	1272	1774
ENSG00000160888	IER2	4285	6861	3860	3753	5148	4531	6117
ENSG00000160908	ZNF394	554	984	619	586	867	856	1002
ENSG00000160917	CPSF4	875	1516	881	875	1156	973	1456
ENSG00000160932	LY6E	5399	9449	6322	5921	7891	7964	9691
ENSG00000160948	VPS28	966	1674	1075	962	1486	1417	1600
ENSG00000160949	TONSL	1248	2091	1288	1333	1806	1704	2376
ENSG00000160951	PTGER1	7	12	1	4	8	4	5
ENSG00000160953	PWWP3A	491	945	549	465	600	520	774
ENSG00000160957	RECQL4	1822	3180	1963	2059	2902	2545	3685
ENSG00000160959	LRRC14	925	1615	962	968	1245	1164	1482
ENSG00000160961	ZNF333	345	472	253	240	351	409	400
ENSG00000160963	COL26A1	0	1	1	0	1	0	3
ENSG00000160972	PPP1R16A	1005	1708	1041	965	1476	1290	1797
ENSG00000160973	FOXH1	16	25	13	12	15	22	25
ENSG00000160991	ORAI2	2316	3810	2301	2368	2842	2429	3166
ENSG00000160993	ALKBH4	337	486	324	343	417	394	482
ENSG00000160999	SH2B2	140	230	155	138	151	134	167
ENSG00000161010	MRNIP	673	998	540	550	675	648	776
ENSG00000161011	SQSTM1	10132	17600	10083	9902	19314	18942	23282
ENSG00000161013	MGAT4B	5382	9506	5602	5556	7680	7567	8521
ENSG00000161016	RPL8	43302	76206	48293	45823	58195	57893	70288
ENSG00000161021	MAML1	1871	3109	1831	1910	2671	2594	3414
ENSG00000161036	LRWD1	1166	2045	1275	1172	2051	1911	2548
ENSG00000161040	FBXL13	18	30	16	23	25	35	23
ENSG00000161048	NAPEPLD	608	1014	642	567	764	869	982
ENSG00000161055	SCGB3A1	0	0	0	0	0	0	1
ENSG00000161057	PSMC2	3090	5257	3350	3318	5506	5292	6656
ENSG00000161082	CELF5	5	3	0	0	1	0	0
ENSG00000161091	MFSD12	7716	13012	8038	8000	8952	7486	10334
ENSG00000161179	YDJC	258	463	301	235	266	223	270
ENSG00000161180	CCDC116	6	13	6	3	9	11	15
ENSG00000161202	DVL3	1678	2851	1604	1638	1983	2173	2423
ENSG00000161203	AP2M1	7498	12679	7800	7553	9485	9234	11510
ENSG00000161204	ABCF3	815	1395	838	749	1058	973	1345
ENSG00000161217	PCYT1A	1342	2165	1384	1381	1655	1700	2111
ENSG00000161243	FBXO27	1975	3206	1989	1987	2666	2558	3119
ENSG00000161249	DMKN	6	4	1	2	5	10	8
ENSG00000161265	U2AF1L4	37	106	49	44	77	44	104
ENSG00000161267	BDH1	329	622	407	370	413	421	542
ENSG00000161270	NPHS1	3	3	4	5	1	2	1
ENSG00000161277	THAP8	148	247	129	160	209	224	269
ENSG00000161281	COX7A1	0	0	0	0	1	0	0
ENSG00000161298	ZNF382	17	25	18	17	25	16	18
ENSG00000161328	LRRC56	149	270	124	143	139	145	205
ENSG00000161381	PLXDC1	8	14	2	3	3	1	8
ENSG00000161395	PGAP3	191	354	231	213	295	265	299
ENSG00000161405	IKZF3	73	135	43	60	58	58	79
ENSG00000161509	GRIN2C	13	27	10	14	15	15	10
ENSG00000161513	FDXR	508	852	606	531	753	659	917
ENSG00000161526	SAP30BP	853	1471	923	867	1166	1075	1401
ENSG00000161533	ACOX1	1110	1763	1026	1043	1249	1256	1449
ENSG00000161542	PRPSAP1	872	1507	862	805	879	867	968
ENSG00000161544	CYGB	121	271	110	114	136	131	144
ENSG00000161547	SRSF2	4410	7445	4646	4731	5734	5647	7584
ENSG00000161551	ZNF577	153	205	126	127	136	113	154
ENSG00000161558	TMEM143	258	456	266	259	239	294	290
ENSG00000161594	KLHL10	0	2	3	2	1	3	6
ENSG00000161609	KASH5	5	5	6	5	10	5	8
ENSG00000161610	HCRT	0	0	1	0	0	0	0
ENSG00000161618	ALDH16A1	1466	2527	1495	1533	2127	1717	2599
ENSG00000161634	DCD	0	1	0	0	0	0	0
ENSG00000161638	ITGA5	7573	12821	7348	7623	9243	9343	11039
ENSG00000161640	SIGLEC11	0	0	1	0	0	0	0
ENSG00000161642	ZNF385A	1655	2863	1751	1911	2244	1759	2501
ENSG00000161647	MPP3	9	19	36	22	13	4	25
ENSG00000161649	CD300LG	10	7	5	5	8	7	4
ENSG00000161653	NAGS	16	22	6	12	8	18	20
ENSG00000161654	LSM12	2543	4068	2547	2509	3151	2967	3744
ENSG00000161664	ASB16	60	117	56	68	93	81	85
ENSG00000161671	EMC10	1308	2302	1433	1356	1819	1226	2127
ENSG00000161677	JOSD2	766	1325	861	763	1071	945	1201
ENSG00000161681	SHANK1	7	14	5	7	6	2	4
ENSG00000161682	FAM171A2	251	408	245	281	322	224	334
ENSG00000161692	DBF4B	171	311	149	172	259	233	272
ENSG00000161714	PLCD3	1014	1719	1156	1070	1228	1165	1439
ENSG00000161791	FMNL3	1590	2751	1495	1624	1767	1707	2134
ENSG00000161798	AQP5	2	0	0	2	1	0	0
ENSG00000161800	RACGAP1	2936	5078	3149	3094	4214	4233	5285
ENSG00000161813	LARP4	3304	5374	3206	3190	4573	4442	5786
ENSG00000161835	TAMALIN	437	728	476	500	439	311	535
ENSG00000161847	RAVER1	4043	6762	4265	4423	6534	6303	7906
ENSG00000161860	SYCE2	53	82	45	51	51	66	65
ENSG00000161888	SPC24	891	1508	1053	1025	1448	1376	1801
ENSG00000161904	LEMD2	1589	2621	1566	1613	2122	1690	2430
ENSG00000161905	ALOX15	1	2	0	0	2	0	0
ENSG00000161914	ZNF653	172	312	216	189	233	198	274
ENSG00000161920	MED11	401	705	444	431	574	578	739
ENSG00000161921	CXCL16	276	464	281	306	302	322	415
ENSG00000161929	SCIMP	36	51	23	31	26	39	48
ENSG00000161939	RNASEK-C17orf49	24	24	17	4	56	29	53
ENSG00000161940	BCL6B	2	9	3	3	7	3	8
ENSG00000161944	ASGR2	1	3	2	2	1	1	0
ENSG00000161955	TNFSF13	100	180	106	77	208	135	238
ENSG00000161956	SENP3	3020	5073	3193	3205	4608	3964	5878
ENSG00000161958	FGF11	44	105	45	52	101	86	65
ENSG00000161960	EIF4A1	36447	61415	37752	36966	57193	57107	71678
ENSG00000161970	RPL26	24156	41425	24184	23137	30174	31439	36951
ENSG00000161973	CCDC42	1	1	2	0	0	0	3
ENSG00000161980	POLR3K	979	1721	1181	1060	1779	1707	2193
ENSG00000161981	SNRNP25	368	627	508	454	524	468	721
ENSG00000161992	PRR35	0	0	0	1	1	1	3
ENSG00000161996	WDR90	570	942	570	546	773	752	962
ENSG00000161999	JMJD8	1935	3250	2008	1960	2758	2771	2977
ENSG00000162004	CCDC78	65	133	68	64	93	88	83
ENSG00000162009	SSTR5	0	0	0	0	2	0	0
ENSG00000162032	SPSB3	780	1280	710	776	983	1039	1142
ENSG00000162039	MEIOB	0	1	1	0	0	1	0
ENSG00000162062	TEDC2	261	440	282	311	442	429	578
ENSG00000162063	CCNF	1340	2272	1472	1586	2141	2051	2511
ENSG00000162065	TBC1D24	447	754	524	587	637	614	861
ENSG00000162066	AMDHD2	816	1486	924	878	1297	1024	1542
ENSG00000162068	NTN3	19	21	13	20	14	3	18
ENSG00000162069	BICDL2	5	2	2	0	4	5	5
ENSG00000162073	PAQR4	1755	3023	1954	1968	3359	3041	4078
ENSG00000162076	FLYWCH2	595	906	550	509	693	610	891
ENSG00000162078	ZG16B	0	0	1	1	1	0	2
ENSG00000162086	ZNF75A	113	287	166	125	258	271	355
ENSG00000162104	ADCY9	1588	2584	1536	1706	1922	1855	2223
ENSG00000162129	CLPB	1512	2418	1519	1517	1789	1653	2082
ENSG00000162139	NEU3	834	1310	720	780	1036	1042	1284
ENSG00000162144	CYB561A3	1514	2551	1587	1486	2057	1969	2526
ENSG00000162148	PPP1R32	14	27	12	15	11	20	17
ENSG00000162174	ASRGL1	113	179	125	123	223	192	317
ENSG00000162188	GNG3	9	18	5	11	12	9	8
ENSG00000162191	UBXN1	3404	5516	3489	3405	4821	4410	5550
ENSG00000162194	LBHD1	477	793	447	438	564	523	628
ENSG00000162222	TTC9C	564	892	610	559	864	830	1024
ENSG00000162227	TAF6L	484	858	593	520	628	607	776
ENSG00000162231	NXF1	1793	3147	1845	1893	2457	2372	3057
ENSG00000162236	STX5	1251	2036	1254	1185	1791	1773	2253
ENSG00000162241	SLC25A45	189	258	186	147	201	181	270
ENSG00000162244	RPL29	28211	49904	28354	27583	31752	33399	37463
ENSG00000162298	SYVN1	1524	2403	1494	1474	1978	1942	2481
ENSG00000162300	ZFPL1	917	1583	993	931	1357	1301	1610
ENSG00000162302	RPS6KA4	1414	2426	1359	1449	1884	1538	2284
ENSG00000162337	LRP5	2812	4648	2898	3032	3606	3465	4054
ENSG00000162341	TPCN2	767	1243	738	793	824	729	1159
ENSG00000162344	FGF19	3	2	1	1	0	0	1
ENSG00000162365	CYP4A22	4	1	0	1	4	0	0
ENSG00000162367	TAL1	4	7	1	4	0	0	6
ENSG00000162368	CMPK1	4385	7351	4361	4242	5676	5427	6688
ENSG00000162373	BEND5	10	14	0	7	15	32	0
ENSG00000162374	ELAVL4	1	0	0	0	0	0	0
ENSG00000162377	COA7	1180	2042	1177	1225	1812	1839	2385
ENSG00000162378	ZYG11B	1461	2311	1443	1437	1692	1648	2036
ENSG00000162384	CZIB	486	872	545	472	741	769	975
ENSG00000162385	MAGOH	975	1702	1148	987	1761	1756	2317
ENSG00000162390	ACOT11	66	91	50	59	66	71	79
ENSG00000162391	FAM151A	1	0	1	5	1	2	4
ENSG00000162396	PARS2	262	454	288	262	441	456	515
ENSG00000162398	LEXM	0	1	0	0	0	0	0
ENSG00000162399	BSND	0	4	0	0	0	0	0
ENSG00000162402	USP24	4039	6389	3491	4012	4411	4338	5335
ENSG00000162407	PLPP3	795	1364	785	812	1044	1036	1379
ENSG00000162408	NOL9	890	1480	883	849	1118	962	1375
ENSG00000162409	PRKAA2	318	531	278	282	573	526	586
ENSG00000162413	KLHL21	3784	6329	3749	3823	5239	4878	6349
ENSG00000162415	ZSWIM5	81	155	92	94	143	131	161
ENSG00000162419	GMEB1	497	740	439	373	671	573	782
ENSG00000162426	SLC45A1	121	245	143	123	152	178	173
ENSG00000162430	SELENON	12270	20692	12248	12727	14398	14221	16102
ENSG00000162433	AK4	1101	1853	1052	1128	1670	1551	1776
ENSG00000162434	JAK1	2464	3830	2077	2453	2752	2792	3477
ENSG00000162437	RAVER2	908	1507	843	811	994	1005	1090
ENSG00000162438	CTRC	16	37	15	11	23	15	18
ENSG00000162441	LZIC	1165	1845	1075	1114	1888	1782	2416
ENSG00000162456	KNCN	0	1	0	0	0	0	0
ENSG00000162458	FBLIM1	131	167	95	113	124	119	121
ENSG00000162461	SLC25A34	106	163	104	92	114	103	109
ENSG00000162482	AKR7A3	13	33	23	15	24	13	15
ENSG00000162490	DRAXIN	14	32	7	16	22	21	23
ENSG00000162496	DHRS3	3259	5371	3281	3302	4544	4385	4955
ENSG00000162510	MATN1	7	33	17	7	12	11	14
ENSG00000162511	LAPTM5	9	25	17	25	10	14	20
ENSG00000162512	SDC3	11244	18690	12253	12002	16060	14756	19557
ENSG00000162517	PEF1	1230	2209	1379	1409	2060	2014	2555
ENSG00000162520	SYNC	315	525	263	293	441	396	442
ENSG00000162521	RBBP4	3498	5605	3366	3325	4422	4131	5197
ENSG00000162522	KIAA1522	782	1277	729	784	1154	997	1209
ENSG00000162526	TSSK3	77	92	67	35	50	51	42
ENSG00000162542	TMCO4	453	734	426	450	543	560	564
ENSG00000162543	UBXN10	0	1	0	0	2	0	0
ENSG00000162545	CAMK2N1	2368	4020	2285	2282	2592	2479	2566
ENSG00000162551	ALPL	10	20	19	16	16	26	26
ENSG00000162552	WNT4	0	1	4	4	2	2	2
ENSG00000162572	SCNN1D	131	153	97	76	106	89	100
ENSG00000162576	MXRA8	283	440	267	265	303	211	310
ENSG00000162585	FAAP20	760	1514	1053	929	1206	1102	1420
ENSG00000162591	MEGF6	3	10	6	8	1	4	5
ENSG00000162592	CCDC27	0	0	0	1	0	0	0
ENSG00000162594	IL23R	0	0	1	0	1	0	2
ENSG00000162595	DIRAS3	10	14	8	5	5	9	9
ENSG00000162599	NFIA	825	1269	729	701	950	981	1053
ENSG00000162600	OMA1	597	1032	581	584	774	789	900
ENSG00000162601	MYSM1	1336	2327	1477	1360	1503	1383	1784
ENSG00000162604	TM2D1	711	1156	655	587	737	738	846
ENSG00000162607	USP1	1892	3284	2041	1990	2878	2870	3966
ENSG00000162613	FUBP1	2717	4305	2360	2561	3134	2828	3467
ENSG00000162614	NEXN	75	136	116	70	131	100	123
ENSG00000162616	DNAJB4	314	493	337	321	520	446	647
ENSG00000162618	ADGRL4	35	51	39	23	52	41	64
ENSG00000162620	LRRIQ3	61	146	88	60	82	101	162
ENSG00000162621	LRRC53	7	9	3	4	6	11	14
ENSG00000162623	TYW3	1506	2383	1529	1445	1867	1605	2210
ENSG00000162624	LHX8	269	410	289	241	377	357	415
ENSG00000162627	SNX7	802	1282	768	710	910	951	1152
ENSG00000162630	B3GALT2	7	18	15	11	9	4	13
ENSG00000162631	NTNG1	1	0	0	0	0	0	0
ENSG00000162636	FAM102B	564	955	508	590	668	692	860
ENSG00000162639	HENMT1	242	359	225	252	316	344	421
ENSG00000162641	AKNAD1	3	8	2	3	6	6	8
ENSG00000162642	C1orf52	147	269	172	137	221	228	197
ENSG00000162643	DNAI3	10	18	13	12	22	24	27
ENSG00000162645	GBP2	2175	3726	1882	1850	1685	1614	1662
ENSG00000162650	ATXN7L2	64	154	84	108	97	117	85
ENSG00000162654	GBP4	21	44	23	14	30	18	27
ENSG00000162664	ZNF326	574	973	569	593	911	790	1168
ENSG00000162669	HFM1	4	13	9	9	16	16	19
ENSG00000162670	BRINP3	6	9	2	2	5	2	3
ENSG00000162676	GFI1	26	39	31	27	52	73	86
ENSG00000162687	KCNT2	8	0	0	0	0	1	3
ENSG00000162688	AGL	951	1525	855	857	1012	1096	1322
ENSG00000162692	VCAM1	7	0	3	0	7	0	15
ENSG00000162694	EXTL2	1008	1698	926	977	1334	1275	1582
ENSG00000162695	SLC30A7	1353	2276	1329	1286	1649	1655	2030
ENSG00000162702	ZNF281	1292	2185	1237	1356	1939	1957	2510
ENSG00000162704	ARPC5	5389	9317	5950	5645	7807	7553	9330
ENSG00000162706	CADM3	246	375	276	273	314	274	374
ENSG00000162711	NLRP3	2	10	1	0	0	0	3
ENSG00000162714	ZNF496	1922	3086	1713	1834	1967	1901	2240
ENSG00000162722	TRIM58	803	1355	975	1012	1230	1092	1561
ENSG00000162723	SLAMF9	27	82	28	39	80	81	92
ENSG00000162728	KCNJ9	1	3	2	0	5	1	2
ENSG00000162729	IGSF8	1943	3486	2099	1874	2365	2242	2563
ENSG00000162733	DDR2	6144	9559	5426	5979	6442	6198	7126
ENSG00000162734	PEA15	5222	9282	5913	5850	8620	8605	11595
ENSG00000162735	PEX19	1978	3448	2022	2019	2806	2847	3635
ENSG00000162736	NCSTN	3590	6379	3597	3673	4118	4166	4813
ENSG00000162738	VANGL2	575	998	525	574	715	664	735
ENSG00000162745	OLFML2B	25	42	26	29	22	18	40
ENSG00000162746	FCRLB	33	45	25	23	48	43	51
ENSG00000162753	SLC9C2	1	5	1	1	0	1	4
ENSG00000162757	C1orf74	309	534	354	368	565	466	617
ENSG00000162763	LRRC52	2	3	9	2	3	2	5
ENSG00000162769	FLVCR1	894	1448	909	840	1202	1036	1368
ENSG00000162772	ATF3	88	181	86	104	99	132	175
ENSG00000162775	RBM15	512	755	468	489	698	632	876
ENSG00000162777	DENND2D	2	3	2	2	0	4	6
ENSG00000162779	AXDND1	10	25	11	12	0	28	20
ENSG00000162782	TDRD5	20	30	18	20	12	21	25
ENSG00000162783	IER5	714	1210	873	837	1307	1011	1672
ENSG00000162804	SNED1	1573	2569	1179	1281	1022	1045	974
ENSG00000162813	BPNT1	2186	3675	2413	2252	3496	3245	3946
ENSG00000162814	SPATA17	29	45	22	19	17	30	27
ENSG00000162817	C1orf115	2	3	6	3	3	1	1
ENSG00000162819	BROX	2479	4099	2336	2323	3164	3168	3855
ENSG00000162825	NBPF20	1077	1378	878	942	1260	1123	1418
ENSG00000162836	ACP6	1623	2751	1654	1691	1689	1679	2049
ENSG00000162849	KIF26B	99	147	71	73	50	61	69
ENSG00000162851	TFB2M	2020	3575	2302	2092	3195	3023	3968
ENSG00000162852	CNST	4919	8089	4406	4601	6154	5712	6702
ENSG00000162869	PPP1R21	342	595	332	304	378	390	443
ENSG00000162873	KLHDC8A	86	113	72	80	63	44	64
ENSG00000162878	PKDCC	358	704	415	482	444	337	438
ENSG00000162881	OXER1	1	2	1	1	1	1	0
ENSG00000162885	B3GALNT2	1144	2001	1158	1207	1435	1262	1630
ENSG00000162889	MAPKAPK2	3267	5582	3440	3294	3876	3660	4651
ENSG00000162891	IL20	3	3	0	2	3	1	1
ENSG00000162892	IL24	2825	5176	2748	2599	2952	2943	2831
ENSG00000162894	FCMR	104	217	112	130	127	122	104
ENSG00000162896	PIGR	10	10	9	5	11	16	8
ENSG00000162897	FCAMR	0	0	0	0	0	0	1
ENSG00000162909	CAPN2	6132	9971	6214	6096	6251	6112	7475
ENSG00000162910	MRPL55	511	852	545	508	772	735	970
ENSG00000162923	WDR26	6422	10741	6254	6397	6669	6332	7153
ENSG00000162924	REL	463	739	339	444	605	561	741
ENSG00000162927	PUS10	126	172	95	108	159	139	148
ENSG00000162928	PEX13	643	1112	723	708	1052	1036	1281
ENSG00000162929	SANBR	5	102	46	72	75	103	97
ENSG00000162931	TRIM17	33	49	22	31	32	28	39
ENSG00000162944	RFTN2	237	355	218	188	227	206	270
ENSG00000162946	DISC1	296	478	270	266	292	274	364
ENSG00000162959	MEMO1	981	1724	1026	1003	1352	1312	1549
ENSG00000162961	DPY30	631	1048	713	554	942	858	1156
ENSG00000162971	TYW5	250	364	228	259	281	324	316
ENSG00000162972	MAIP1	340	551	353	328	665	644	864
ENSG00000162975	KCNF1	75	136	111	83	99	96	141
ENSG00000162976	SLC66A3	245	400	219	198	302	249	307
ENSG00000162980	ARL5A	768	1321	756	725	970	809	1119
ENSG00000162989	KCNJ3	2	4	1	1	0	2	1
ENSG00000162992	NEUROD1	0	0	0	0	0	0	1
ENSG00000162994	CLHC1	115	154	99	113	134	95	95
ENSG00000162998	FRZB	1	5	7	1	5	4	2
ENSG00000162999	DUSP19	83	86	77	83	103	86	123
ENSG00000163001	CFAP36	1137	1819	1085	976	1335	1230	1545
ENSG00000163002	NUP35	258	383	273	264	465	452	602
ENSG00000163006	CCDC138	214	326	225	194	262	299	398
ENSG00000163012	ZSWIM2	0	0	0	0	0	0	1
ENSG00000163013	FBXO41	1065	1499	959	989	1112	979	1280
ENSG00000163017	ACTG2	2	4	5	4	4	0	9
ENSG00000163026	WDCP	563	852	533	571	772	765	988
ENSG00000163029	SMC6	1971	3203	1926	2020	2543	2369	2878
ENSG00000163032	VSNL1	132	235	129	144	224	194	249
ENSG00000163040	CCDC74A	121	178	90	123	113	131	124
ENSG00000163041	H3-3A	11958	20242	12916	12063	17344	16748	20318
ENSG00000163046	ANKRD30BL	1	7	1	0	2	1	3
ENSG00000163050	COQ8A	3225	5229	3222	3060	3975	3962	4453
ENSG00000163053	SLC16A14	0	2	0	0	1	1	3
ENSG00000163064	EN1	464	693	440	479	546	545	543
ENSG00000163069	SGCB	1697	2781	1621	1635	2158	2073	2676
ENSG00000163072	NOSTRIN	7	3	5	5	5	9	7
ENSG00000163075	CFAP221	1	2	0	0	0	0	0
ENSG00000163082	SGPP2	13	23	5	7	15	22	38
ENSG00000163083	INHBB	4	4	6	1	5	3	5
ENSG00000163092	XIRP2	3	7	3	2	1	1	1
ENSG00000163093	BBS5	238	543	288	324	425	323	521
ENSG00000163104	SMARCAD1	1448	2504	1361	1366	1812	1751	2234
ENSG00000163106	HPGDS	0	1	0	0	0	0	0
ENSG00000163110	PDLIM5	1435	2437	1458	1479	1926	1949	2243
ENSG00000163116	STPG2	1	3	3	1	2	0	5
ENSG00000163121	NEURL3	12	12	11	6	6	4	5
ENSG00000163125	RPRD2	1601	2785	1647	1673	2472	2477	2920
ENSG00000163126	ANKRD23	43	62	25	55	52	76	72
ENSG00000163131	CTSS	280	487	220	232	266	214	298
ENSG00000163132	MSX1	247	438	316	271	269	224	377
ENSG00000163138	PACRGL	571	1011	588	570	677	702	882
ENSG00000163141	BNIPL	22	31	23	14	23	24	12
ENSG00000163145	C1QTNF7	0	0	0	0	0	1	0
ENSG00000163154	TNFAIP8L2	3	17	2	5	5	3	7
ENSG00000163155	LYSMD1	525	755	412	452	547	450	644
ENSG00000163156	SCNM1	842	1449	965	928	1535	1473	2012
ENSG00000163157	TMOD4	13	10	5	2	4	0	7
ENSG00000163159	VPS72	1481	2546	1554	1520	2735	2695	3635
ENSG00000163161	ERCC3	1103	1869	1107	1084	1407	1510	1715
ENSG00000163162	RNF149	448	834	574	497	627	636	716
ENSG00000163166	IWS1	1183	1928	1187	1251	1772	1636	2125
ENSG00000163170	BOLA3	615	1041	655	598	953	974	1342
ENSG00000163171	CDC42EP3	4971	8097	4713	4774	6492	6200	8318
ENSG00000163191	S100A11	4124	7072	4637	4387	5676	5748	7404
ENSG00000163209	SPRR3	0	0	0	0	0	0	1
ENSG00000163214	DHX57	1139	1906	1127	1120	1682	1690	2022
ENSG00000163216	SPRR2D	25	68	27	35	82	101	130
ENSG00000163219	ARHGAP25	19	20	8	11	17	9	16
ENSG00000163235	TGFA	5737	9550	5632	5670	7725	7360	9569
ENSG00000163239	TDRD10	3	11	1	2	5	4	7
ENSG00000163249	CCNYL1	343	614	390	345	481	489	625
ENSG00000163251	FZD5	144	282	175	181	243	259	293
ENSG00000163254	CRYGC	1	0	0	0	1	0	0
ENSG00000163257	DCAF16	3551	5870	3349	3355	4855	4089	5312
ENSG00000163263	CFAP141	1	2	0	0	2	1	0
ENSG00000163273	NPPC	69	104	88	82	47	44	74
ENSG00000163281	GNPDA2	638	1101	570	580	832	858	1070
ENSG00000163288	GABRB1	0	1	0	0	0	0	2
ENSG00000163291	PAQR3	84	176	117	98	124	110	169
ENSG00000163293	NIPAL1	551	838	531	490	768	778	1130
ENSG00000163297	ANTXR2	862	1408	714	738	944	894	988
ENSG00000163312	HELQ	99	180	85	124	125	112	163
ENSG00000163319	MRPS18C	262	468	290	267	505	489	621
ENSG00000163320	CGGBP1	4236	7121	4164	4062	5580	5619	6606
ENSG00000163322	ABRAXAS1	147	189	127	150	170	170	133
ENSG00000163328	GPR155	388	583	325	371	388	342	326
ENSG00000163331	DAPL1	0	0	0	2	0	0	0
ENSG00000163344	PMVK	575	987	640	594	1057	788	1186
ENSG00000163346	PBXIP1	2504	4249	2557	2462	3182	2329	3496
ENSG00000163347	CLDN1	101	153	147	143	362	339	517
ENSG00000163348	PYGO2	2141	3454	2176	2070	2955	2742	3502
ENSG00000163349	HIPK1	1703	2687	1504	1639	2160	2002	2571
ENSG00000163352	LENEP	2	8	0	0	4	0	9
ENSG00000163354	DCST2	9	21	16	0	15	13	18
ENSG00000163357	DCST1	13	18	6	13	10	16	27
ENSG00000163359	COL6A3	134	152	121	136	88	68	80
ENSG00000163362	INAVA	352	564	382	347	481	452	645
ENSG00000163374	YY1AP1	1907	3208	1901	1971	2481	2558	3105
ENSG00000163376	KBTBD8	72	94	87	63	76	87	145
ENSG00000163378	EOGT	902	1377	790	777	1085	963	1222
ENSG00000163380	LMOD3	9	28	19	18	22	23	30
ENSG00000163382	NAXE	2732	4614	2977	2971	4217	4069	4948
ENSG00000163389	POGLUT1	336	540	344	306	425	426	384
ENSG00000163393	SLC22A15	139	186	105	113	131	113	174
ENSG00000163395	IGFN1	4	4	3	0	4	2	4
ENSG00000163399	ATP1A1	53289	89301	52692	52776	70311	68571	80762
ENSG00000163406	SLC15A2	10	15	7	8	11	17	14
ENSG00000163412	EIF4E3	10	2	5	6	6	4	4
ENSG00000163428	LRRC58	4383	6952	3983	4033	5870	5509	7001
ENSG00000163430	FSTL1	401	679	350	335	353	348	376
ENSG00000163431	LMOD1	69	135	61	83	61	55	69
ENSG00000163435	ELF3	0	2	0	0	4	1	3
ENSG00000163444	TMEM183A	2453	4377	2813	2832	3595	3459	4522
ENSG00000163449	TMEM169	83	140	107	91	115	106	134
ENSG00000163453	IGFBP7	89	161	87	93	82	58	105
ENSG00000163462	TRIM46	210	388	199	230	173	176	236
ENSG00000163463	KRTCAP2	1246	2280	1368	1314	1361	1418	1604
ENSG00000163466	ARPC2	3793	6613	4190	4002	5359	5404	6797
ENSG00000163467	TSACC	28	28	25	23	25	31	50
ENSG00000163468	CCT3	12799	21937	13546	13260	19844	19888	25919
ENSG00000163472	TMEM79	287	441	292	273	258	291	380
ENSG00000163479	SSR2	8095	13996	8594	8226	12500	12559	15224
ENSG00000163481	RNF25	357	644	441	404	581	573	779
ENSG00000163482	STK36	771	1263	670	782	826	805	1000
ENSG00000163485	ADORA1	239	419	283	263	315	289	441
ENSG00000163491	NEK10	28	47	23	16	24	23	29
ENSG00000163492	CCDC141	0	0	0	0	0	1	0
ENSG00000163497	FEV	1	0	0	0	0	0	0
ENSG00000163499	CRYBA2	0	4	1	3	2	0	1
ENSG00000163501	IHH	0	0	1	0	0	0	0
ENSG00000163507	CIP2A	462	931	444	510	744	599	890
ENSG00000163508	EOMES	43	93	48	51	72	87	100
ENSG00000163510	CWC22	930	1448	915	869	1279	1230	1518
ENSG00000163512	AZI2	529	796	403	385	435	516	548
ENSG00000163513	TGFBR2	2564	4698	2685	2498	3005	2911	3872
ENSG00000163516	ANKZF1	788	1345	881	838	1407	1505	1667
ENSG00000163517	HDAC11	303	461	336	281	347	230	369
ENSG00000163520	FBLN2	5	4	2	4	4	4	2
ENSG00000163521	GLB1L	230	352	170	182	267	230	352
ENSG00000163527	STT3B	5647	9081	5339	5359	6699	6680	8062
ENSG00000163528	CHCHD4	592	974	569	548	752	857	1093
ENSG00000163530	DPPA2	9	11	5	4	12	10	6
ENSG00000163531	NFASC	311	564	364	377	505	508	572
ENSG00000163535	SGO2	843	1442	910	855	1179	1190	1508
ENSG00000163536	SERPINI1	16	20	17	20	14	9	16
ENSG00000163539	CLASP2	2017	3494	1927	2065	2550	2521	3117
ENSG00000163541	SUCLG1	1792	2948	1906	1751	2342	2340	2839
ENSG00000163545	NUAK2	135	191	130	128	147	98	168
ENSG00000163558	PRKCI	1321	2209	1332	1319	1545	1534	1880
ENSG00000163564	PYHIN1	10	10	5	8	11	4	11
ENSG00000163565	IFI16	9040	14812	8289	8700	9931	9764	11086
ENSG00000163568	AIM2	1166	1925	1063	1085	1124	1091	1322
ENSG00000163576	EFHB	23	36	19	32	38	17	31
ENSG00000163577	EIF5A2	236	407	255	232	357	314	411
ENSG00000163584	RPL22L1	1337	2272	1355	1208	1601	1587	1888
ENSG00000163586	FABP1	1	5	1	2	0	1	1
ENSG00000163590	PPM1L	154	239	115	129	219	217	241
ENSG00000163596	ICA1L	154	253	128	146	148	128	151
ENSG00000163599	CTLA4	168	309	140	129	145	156	183
ENSG00000163600	ICOS	1	2	0	1	0	0	2
ENSG00000163602	RYBP	206	283	170	155	173	282	278
ENSG00000163605	PPP4R2	3136	5144	3071	3045	4341	4227	5292
ENSG00000163606	CD200R1	0	0	0	1	0	0	0
ENSG00000163607	GTPBP8	228	412	258	250	403	382	405
ENSG00000163608	NEPRO	782	1304	731	631	867	782	918
ENSG00000163611	SPICE1	784	1285	752	901	1027	979	1251
ENSG00000163617	CCDC191	40	74	36	37	60	47	35
ENSG00000163618	CADPS	5	4	0	4	2	7	2
ENSG00000163623	NKX6-1	316	493	336	324	433	404	528
ENSG00000163624	CDS1	22	32	19	23	27	34	34
ENSG00000163625	WDFY3	495	724	348	419	474	527	578
ENSG00000163626	COX18	137	243	160	150	168	159	211
ENSG00000163629	PTPN13	124	213	100	102	117	111	139
ENSG00000163631	ALB	3	0	0	0	0	0	5
ENSG00000163632	C3orf49	1	7	1	1	5	1	5
ENSG00000163633	C4orf36	0	2	0	4	0	0	1
ENSG00000163634	THOC7	1265	2100	1341	1238	1908	1969	2364
ENSG00000163635	ATXN7	1079	1627	934	989	1318	1133	1432
ENSG00000163636	PSMD6	3587	6115	3646	3590	5866	5519	7305
ENSG00000163637	PRICKLE2	824	1283	682	766	900	860	1164
ENSG00000163638	ADAMTS9	445	718	344	444	329	289	382
ENSG00000163644	PPM1K	344	524	319	259	365	337	392
ENSG00000163645	ERICH6	8	21	7	3	14	6	15
ENSG00000163655	GMPS	3723	6379	3936	3860	5224	4948	6350
ENSG00000163659	TIPARP	2729	4557	2520	2731	2870	2815	3579
ENSG00000163660	CCNL1	361	676	433	414	587	448	597
ENSG00000163661	PTX3	56	97	75	53	99	100	150
ENSG00000163666	HESX1	26	39	34	17	21	29	25
ENSG00000163681	SLMAP	1913	2872	1615	1754	2045	2048	2506
ENSG00000163682	RPL9	1108	1739	1117	898	1479	1436	1726
ENSG00000163683	SMIM14	855	1497	905	823	989	984	1085
ENSG00000163684	RPP14	623	1125	756	718	1026	1051	1293
ENSG00000163686	ABHD6	581	1090	684	604	808	781	992
ENSG00000163689	CFAP20DC	534	906	518	543	542	569	571
ENSG00000163694	RBM47	295	451	322	346	455	516	598
ENSG00000163697	APBB2	580	1005	525	521	647	602	776
ENSG00000163701	IL17RE	0	0	0	54	0	0	0
ENSG00000163702	IL17RC	557	1055	688	560	912	787	998
ENSG00000163703	CRELD1	531	840	507	294	461	552	605
ENSG00000163704	PRRT3	89	131	63	73	95	94	135
ENSG00000163705	FANCD2OS	0	0	0	0	0	2	0
ENSG00000163710	PCOLCE2	482	729	472	458	446	444	480
ENSG00000163714	U2SURP	4522	7430	4443	4329	5802	5791	6735
ENSG00000163719	MTMR14	1314	2462	1370	1419	1883	1799	2115
ENSG00000163728	TTC14	1005	1507	806	876	886	814	975
ENSG00000163734	CXCL3	18	31	26	17	34	21	37
ENSG00000163735	CXCL5	0	0	1	0	0	0	0
ENSG00000163738	MTHFD2L	20	41	41	29	43	38	53
ENSG00000163739	CXCL1	163	272	214	240	325	339	602
ENSG00000163743	RCHY1	187	242	136	121	163	172	198
ENSG00000163746	PLSCR2	1	0	0	1	0	0	0
ENSG00000163754	GYG1	1727	2760	1732	1709	2292	2343	2899
ENSG00000163755	HPS3	491	818	502	457	581	541	608
ENSG00000163762	TM4SF18	93	172	128	130	200	225	285
ENSG00000163781	TOPBP1	2924	4579	2738	2984	3605	3565	4543
ENSG00000163785	RYK	2251	3858	2353	2454	3132	2796	3376
ENSG00000163788	SNRK	726	1174	698	746	1063	1063	1186
ENSG00000163792	TCF23	20	17	18	17	18	20	12
ENSG00000163793	DNAJC5G	0	1	1	1	2	1	3
ENSG00000163794	UCN	77	184	75	88	86	86	73
ENSG00000163795	ZNF513	1175	1897	1195	1204	1299	753	1525
ENSG00000163798	SLC4A1AP	1150	1810	1175	1038	1682	1727	2149
ENSG00000163803	PLB1	34	60	27	26	49	47	48
ENSG00000163806	SPDYA	6	19	9	11	17	6	15
ENSG00000163807	KIAA1143	1253	2103	1133	1097	1861	1787	2168
ENSG00000163808	KIF15	1272	2099	1319	1307	1622	1561	1953
ENSG00000163810	TGM4	0	3	1	1	0	0	0
ENSG00000163811	WDR43	2709	4840	2758	2763	3876	3881	4729
ENSG00000163812	ZDHHC3	1134	1845	1137	1196	1618	1445	1854
ENSG00000163814	CDCP1	3106	5215	2679	2953	3411	3409	4076
ENSG00000163815	CLEC3B	12	26	13	4	17	16	13
ENSG00000163817	SLC6A20	13	31	17	14	12	17	35
ENSG00000163818	LZTFL1	441	719	408	460	579	686	794
ENSG00000163820	FYCO1	881	1478	831	869	1290	1247	1503
ENSG00000163823	CCR1	1	0	0	0	0	1	0
ENSG00000163825	RTP3	0	0	0	0	0	0	1
ENSG00000163827	LRRC2	36	67	26	36	38	32	32
ENSG00000163832	ELP6	915	1542	1015	911	1496	1384	1878
ENSG00000163833	FBXO40	2	5	6	1	2	7	6
ENSG00000163840	DTX3L	2044	3216	1651	1814	2277	2256	2536
ENSG00000163848	ZNF148	1536	2515	1463	1509	1831	1846	2158
ENSG00000163864	NMNAT3	977	1433	873	925	1070	972	1215
ENSG00000163866	SMIM12	822	1460	904	921	1419	1377	1758
ENSG00000163867	ZMYM6	306	445	285	316	491	449	606
ENSG00000163870	TPRA1	607	1155	651	611	775	761	879
ENSG00000163872	YEATS2	1732	2853	1534	1657	1855	1880	2161
ENSG00000163874	ZC3H12A	117	243	118	148	149	135	177
ENSG00000163875	MEAF6	775	1304	749	728	885	772	869
ENSG00000163877	SNIP1	480	769	467	441	667	606	827
ENSG00000163879	DNALI1	23	50	34	29	48	43	30
ENSG00000163882	POLR2H	1204	2000	1265	1252	1752	1595	2032
ENSG00000163884	KLF15	507	881	536	547	608	541	620
ENSG00000163885	CFAP100	1	0	0	1	1	1	0
ENSG00000163888	CAMK2N2	56	94	71	54	77	69	110
ENSG00000163898	LIPH	9	12	8	4	10	10	12
ENSG00000163900	TMEM41A	299	492	303	320	380	410	475
ENSG00000163902	RPN1	7290	12350	7681	7570	10413	10586	13197
ENSG00000163904	SENP2	546	896	556	508	639	582	695
ENSG00000163909	HEYL	0	1	0	0	0	0	0
ENSG00000163913	IFT122	250	371	271	198	328	239	300
ENSG00000163918	RFC4	781	1291	858	783	1303	1326	1683
ENSG00000163923	RPL39L	192	346	238	214	377	313	448
ENSG00000163930	BAP1	3182	5109	3112	3053	3658	3555	4366
ENSG00000163931	TKT	16770	28626	17049	15893	19650	19167	23552
ENSG00000163932	PRKCD	3704	6115	3665	3738	4070	3958	4580
ENSG00000163933	RFT1	1074	1865	1079	1145	1493	1492	1910
ENSG00000163935	SFMBT1	501	786	547	491	709	646	961
ENSG00000163938	GNL3	4408	7296	4432	4218	4995	4980	5832
ENSG00000163939	PBRM1	1837	2913	1662	1796	2278	2173	2955
ENSG00000163945	UVSSA	1815	2547	1434	1505	1806	1539	1915
ENSG00000163946	TASOR	4100	6470	3622	4217	4387	4124	5266
ENSG00000163947	ARHGEF3	944	1662	1074	1163	1033	1030	1434
ENSG00000163950	SLBP	1618	2965	1770	1722	3327	3319	4470
ENSG00000163956	LRPAP1	1314	2395	1443	1320	1749	1557	2032
ENSG00000163959	SLC51A	3	6	3	6	9	8	8
ENSG00000163960	UBXN7	2014	3260	1817	1825	2247	1979	2459
ENSG00000163961	RNF168	634	1049	722	724	903	835	1148
ENSG00000163964	PIGX	511	900	516	601	718	684	840
ENSG00000163975	MELTF	8951	15136	8365	8104	9317	8000	9521
ENSG00000163982	OTOP1	2	2	0	0	0	0	0
ENSG00000163993	S100P	0	0	0	0	0	1	1
ENSG00000163995	ABLIM2	2	6	5	9	6	13	0
ENSG00000164002	EXO5	167	293	177	149	270	260	363
ENSG00000164007	CLDN19	2	6	0	1	0	0	5
ENSG00000164008	C1orf50	119	194	114	100	139	120	126
ENSG00000164010	ERMAP	78	119	92	82	62	86	70
ENSG00000164011	ZNF691	364	623	313	343	402	360	501
ENSG00000164022	AIMP1	2074	3111	1977	1825	2909	2707	3166
ENSG00000164023	SGMS2	6	24	7	8	9	17	28
ENSG00000164024	METAP1	2076	3418	1929	2041	3121	3042	3777
ENSG00000164031	DNAJB14	999	1728	968	920	1141	1087	1271
ENSG00000164032	H2AZ1	4962	8183	5813	5432	9338	9112	11890
ENSG00000164037	SLC9B1	5	13	1	1	6	11	16
ENSG00000164038	SLC9B2	337	535	300	308	468	454	543
ENSG00000164039	BDH2	385	700	428	408	461	455	513
ENSG00000164040	PGRMC2	878	1575	895	967	1186	967	1290
ENSG00000164045	CDC25A	695	1191	795	851	1517	1510	2144
ENSG00000164047	CAMP	10	11	10	6	2	4	7
ENSG00000164048	ZNF589	837	1282	671	811	747	838	1018
ENSG00000164049	FBXW12	1	2	1	0	0	0	0
ENSG00000164050	PLXNB1	1380	2034	1115	1285	1303	1095	1450
ENSG00000164051	CCDC51	934	1638	1007	944	1390	1308	1750
ENSG00000164053	ATRIP	597	821	536	525	802	771	930
ENSG00000164054	SHISA5	3346	5528	3501	3271	4558	4421	5244
ENSG00000164056	SPRY1	524	822	463	451	627	584	597
ENSG00000164061	BSN	113	156	91	97	127	144	198
ENSG00000164062	APEH	3596	6199	3745	3656	4533	4548	5211
ENSG00000164066	INTU	201	353	206	182	281	266	331
ENSG00000164068	RNF123	2176	3673	2156	2241	2625	2474	3033
ENSG00000164070	HSPA4L	266	470	248	284	551	574	679
ENSG00000164073	MFSD8	134	253	121	151	222	140	217
ENSG00000164074	ABHD18	154	310	195	201	225	257	308
ENSG00000164076	CAMKV	21	27	6	22	22	16	13
ENSG00000164077	MON1A	517	819	535	500	665	648	860
ENSG00000164078	MST1R	0	0	1	0	3	1	2
ENSG00000164080	RAD54L2	1844	2844	1624	1775	2119	1876	2526
ENSG00000164081	TEX264	840	1570	917	864	1491	1332	1685
ENSG00000164082	GRM2	1	0	0	0	0	0	6
ENSG00000164086	DUSP7	918	1575	993	1031	1396	1243	1634
ENSG00000164087	POC1A	475	775	524	546	676	719	954
ENSG00000164088	PPM1M	762	1260	733	778	1007	947	1126
ENSG00000164089	ETNPPL	1	3	5	0	8	10	6
ENSG00000164091	WDR82	4762	7752	4558	4691	6670	6466	8081
ENSG00000164093	PITX2	59	125	68	93	109	61	98
ENSG00000164096	C4orf3	680	1111	728	659	1100	1109	1234
ENSG00000164099	PRSS12	518	809	558	517	695	636	829
ENSG00000164100	NDST3	2	5	0	2	1	5	3
ENSG00000164104	HMGB2	3457	5843	3859	3591	6235	5900	7461
ENSG00000164105	SAP30	356	605	391	346	592	518	772
ENSG00000164106	SCRG1	10	26	27	29	15	13	20
ENSG00000164107	HAND2	160	291	167	165	181	136	214
ENSG00000164109	MAD2L1	946	1564	974	931	1413	1317	1645
ENSG00000164111	ANXA5	10781	19153	11765	11026	16301	15945	19557
ENSG00000164114	MAP9	1294	2149	1226	1160	1804	1579	1870
ENSG00000164116	GUCY1A1	11	7	5	3	1	9	5
ENSG00000164117	FBXO8	226	407	231	253	272	270	283
ENSG00000164118	CEP44	605	927	595	504	521	515	619
ENSG00000164120	HPGD	28	39	20	24	45	34	45
ENSG00000164123	C4orf45	0	0	2	0	0	0	0
ENSG00000164124	TMEM144	150	234	146	139	256	223	271
ENSG00000164125	GASK1B	581	856	588	592	918	853	1212
ENSG00000164128	NPY1R	5	6	3	1	4	9	3
ENSG00000164129	NPY5R	0	0	0	0	3	0	1
ENSG00000164134	NAA15	3017	4803	2754	2755	4145	3853	4901
ENSG00000164136	IL15	39	57	34	41	44	38	44
ENSG00000164142	FHIP1A	222	310	172	188	265	218	245
ENSG00000164144	ARFIP1	1080	1689	967	1022	1462	1464	1776
ENSG00000164151	ICE1	1889	2892	1612	1791	2024	2004	2568
ENSG00000164161	HHIP	381	634	458	481	507	478	649
ENSG00000164162	ANAPC10	185	324	164	165	289	292	418
ENSG00000164163	ABCE1	3440	5840	3566	3414	6319	6203	8231
ENSG00000164164	OTUD4	2064	3138	1847	1937	2444	2371	3095
ENSG00000164167	LSM6	99	194	101	109	171	179	233
ENSG00000164168	TMEM184C	735	1129	639	668	956	857	1162
ENSG00000164169	PRMT9	295	406	239	260	454	374	514
ENSG00000164171	ITGA2	1093	1836	1071	1046	1414	1346	1737
ENSG00000164172	MOCS2	1277	2052	1340	1189	1840	1781	2380
ENSG00000164175	SLC45A2	8	7	5	3	3	4	3
ENSG00000164176	EDIL3	614	1046	510	510	486	453	426
ENSG00000164180	TMEM161B	715	1150	696	675	875	800	1021
ENSG00000164181	ELOVL7	3	5	1	2	8	7	6
ENSG00000164182	NDUFAF2	623	1011	665	561	761	680	819
ENSG00000164185	ZNF474	9	10	4	2	7	7	6
ENSG00000164187	LMBRD2	517	795	401	466	645	559	749
ENSG00000164188	RANBP3L	2	2	4	4	1	3	2
ENSG00000164190	NIPBL	2866	4656	2316	2886	3419	3201	4056
ENSG00000164197	RNF180	3	8	6	6	4	5	2
ENSG00000164199	ADGRV1	189	263	152	196	183	220	232
ENSG00000164209	SLC25A46	1694	2716	1532	1502	2370	2321	2837
ENSG00000164211	STARD4	958	1638	918	912	1212	1043	1299
ENSG00000164219	PGGT1B	981	1579	913	979	1368	1278	1529
ENSG00000164220	F2RL2	182	278	132	187	172	167	201
ENSG00000164221	CCDC112	597	895	577	480	878	836	1045
ENSG00000164236	ANKRD33B	142	205	134	144	165	152	217
ENSG00000164237	CMBL	935	1440	964	833	1172	1008	1177
ENSG00000164241	C5orf63	34	55	32	30	47	43	67
ENSG00000164244	PRRC1	2218	3725	2359	2307	3643	3469	4381
ENSG00000164251	F2RL1	49	80	38	36	47	41	64
ENSG00000164252	AGGF1	1870	3093	1856	1864	2300	2334	2783
ENSG00000164253	WDR41	790	1438	877	816	981	1037	1218
ENSG00000164256	PRDM9	7	3	1	6	5	6	4
ENSG00000164258	NDUFS4	1077	1879	1148	1066	1551	1610	1895
ENSG00000164266	SPINK1	0	6	2	6	3	2	4
ENSG00000164283	ESM1	1	3	4	2	9	5	5
ENSG00000164284	GRPEL2	1012	1669	1048	985	1527	1370	1791
ENSG00000164287	CDC20B	3	4	1	1	7	2	7
ENSG00000164291	ARSK	408	715	438	430	487	508	553
ENSG00000164292	RHOBTB3	2167	3565	1890	1957	1889	1802	2079
ENSG00000164294	GPX8	1138	1805	1033	1054	1217	1192	1347
ENSG00000164296	TIGD6	315	518	285	305	426	410	521
ENSG00000164299	SPZ1	0	2	0	0	0	1	0
ENSG00000164300	SERINC5	1208	2006	1116	1165	1780	1664	2047
ENSG00000164304	CAGE1	1	7	2	3	2	8	3
ENSG00000164305	CASP3	870	1465	843	818	1159	1138	1405
ENSG00000164306	PRIMPOL	651	993	578	587	636	648	691
ENSG00000164307	ERAP1	2522	4024	2333	2469	2728	2556	3081
ENSG00000164308	ERAP2	123	161	95	112	96	107	100
ENSG00000164309	CMYA5	18	34	22	29	13	10	23
ENSG00000164318	EGFLAM	124	250	162	135	138	164	199
ENSG00000164323	CFAP97	3041	5132	2829	2901	4540	4355	5428
ENSG00000164327	RICTOR	1783	2688	1496	1650	2075	2008	2577
ENSG00000164329	TENT2	1512	2328	1436	1333	1479	1544	1729
ENSG00000164330	EBF1	357	621	355	349	505	457	620
ENSG00000164331	ANKRA2	389	683	433	365	467	465	578
ENSG00000164332	UBLCP1	1093	1914	1117	1101	1784	1685	2002
ENSG00000164338	UTP15	682	1096	678	711	1129	1115	1433
ENSG00000164342	TLR3	182	258	156	178	193	199	282
ENSG00000164344	KLKB1	0	0	0	0	1	0	0
ENSG00000164346	NSA2	2002	3518	2232	2123	3444	3416	4191
ENSG00000164347	GFM2	1943	3270	1958	1908	2499	2408	3013
ENSG00000164362	TERT	118	155	114	98	149	167	194
ENSG00000164366	CCDC127	483	814	453	480	692	719	897
ENSG00000164398	ACSL6	7	21	19	20	21	20	28
ENSG00000164400	CSF2	0	0	1	0	0	0	0
ENSG00000164402	SEPTIN8	2934	4807	2769	2879	3520	3401	4166
ENSG00000164403	SHROOM1	1084	1744	1011	1052	1418	1251	1561
ENSG00000164404	GDF9	27	51	15	20	24	27	21
ENSG00000164405	UQCRQ	1879	3103	2150	2201	3060	2982	3838
ENSG00000164406	LEAP2	6	5	9	8	7	6	8
ENSG00000164411	GJB7	0	0	0	0	0	0	1
ENSG00000164414	SLC35A1	357	659	385	375	561	553	675
ENSG00000164418	GRIK2	680	1070	680	646	813	782	869
ENSG00000164430	CGAS	1	2	4	0	9	3	2
ENSG00000164434	FABP7	271	455	332	260	311	299	454
ENSG00000164438	TLX3	1	0	0	0	0	0	0
ENSG00000164440	TXLNB	0	5	2	2	4	2	2
ENSG00000164442	CITED2	552	936	612	676	1078	1020	1180
ENSG00000164463	CREBRF	1137	1749	934	987	1325	1233	1448
ENSG00000164465	DCBLD1	365	632	360	377	552	551	691
ENSG00000164466	SFXN1	3248	5380	3208	3199	4845	4553	5875
ENSG00000164483	SAMD3	5	5	2	1	4	1	4
ENSG00000164484	TMEM200A	3	10	7	4	6	7	12
ENSG00000164488	DACT2	0	0	0	0	0	0	1
ENSG00000164494	PDSS2	381	636	360	357	657	609	801
ENSG00000164506	STXBP5	455	755	466	417	472	454	589
ENSG00000164509	IL31RA	241	309	204	192	248	230	238
ENSG00000164512	ANKRD55	26	51	21	24	19	14	18
ENSG00000164520	RAET1E	18	37	15	17	34	19	21
ENSG00000164530	PI16	6	6	3	6	4	2	7
ENSG00000164532	TBX20	29	50	20	19	33	36	55
ENSG00000164535	DAGLB	569	1021	585	559	849	787	987
ENSG00000164542	KIAA0895	316	496	320	286	437	437	537
ENSG00000164543	STK17A	958	1671	895	876	1111	1264	1613
ENSG00000164548	TRA2A	602	1036	720	647	1133	996	1343
ENSG00000164574	GALNT10	1277	1963	1124	1240	1107	1030	1250
ENSG00000164576	SAP30L	610	1076	629	679	571	396	652
ENSG00000164587	RPS14	17578	32797	21081	21026	27471	27158	34073
ENSG00000164588	HCN1	0	2	0	0	3	2	3
ENSG00000164591	MYOZ3	7	0	0	0	5	2	0
ENSG00000164597	COG5	1252	2009	1169	1145	1416	1455	1633
ENSG00000164603	BMT2	231	455	249	278	338	323	374
ENSG00000164604	GPR85	0	10	3	3	4	5	8
ENSG00000164609	SLU7	4182	6849	4045	3977	5733	5440	6538
ENSG00000164610	RP9	448	675	430	393	865	769	1094
ENSG00000164611	PTTG1	3294	5983	3678	3359	4927	4873	5799
ENSG00000164615	CAMLG	1486	2653	1501	1338	1592	1554	1687
ENSG00000164619	BMPER	0	0	1	0	0	0	0
ENSG00000164620	RELL2	887	1330	791	796	1061	944	1223
ENSG00000164626	KCNK5	338	526	324	354	412	350	455
ENSG00000164627	KIF6	81	168	93	70	119	101	110
ENSG00000164631	ZNF12	1016	1485	854	834	1100	1033	1211
ENSG00000164638	SLC29A4	241	399	252	216	224	202	230
ENSG00000164647	STEAP1	17	28	28	19	51	39	53
ENSG00000164649	CDCA7L	1191	2005	1210	1204	1959	1793	2058
ENSG00000164651	SP8	23	48	21	27	22	32	45
ENSG00000164654	MIOS	620	935	583	558	618	680	698
ENSG00000164659	ELAPOR2	422	748	414	381	483	491	537
ENSG00000164663	USP49	256	394	210	215	261	281	296
ENSG00000164674	SYTL3	10	13	12	15	13	6	10
ENSG00000164675	IQUB	0	3	0	0	0	3	1
ENSG00000164683	HEY1	984	1672	900	1020	1146	988	1158
ENSG00000164684	ZNF704	723	1101	558	588	907	854	963
ENSG00000164687	FABP5	816	1290	923	836	1330	1318	1599
ENSG00000164691	TAGAP	9	13	3	9	7	6	2
ENSG00000164692	COL1A2	79	114	70	77	62	42	55
ENSG00000164694	FNDC1	0	0	0	0	1	0	0
ENSG00000164695	CHMP4C	11	9	5	10	18	9	6
ENSG00000164708	PGAM2	3	5	0	0	0	0	0
ENSG00000164713	BRI3	1072	1837	1195	1138	1473	1533	1655
ENSG00000164715	LMTK2	925	1485	857	938	1383	1279	1743
ENSG00000164733	CTSB	12000	20587	11821	11929	13178	12684	13820
ENSG00000164741	DLC1	1214	1983	1266	1280	1303	1294	1596
ENSG00000164742	ADCY1	659	1065	538	581	1003	935	1065
ENSG00000164743	C8orf48	64	97	54	56	106	98	118
ENSG00000164746	C7orf57	20	47	22	32	75	76	70
ENSG00000164749	HNF4G	125	247	137	95	157	151	146
ENSG00000164751	PEX2	616	1035	601	624	773	780	937
ENSG00000164754	RAD21	9990	16217	10062	9800	11775	11094	13391
ENSG00000164758	MED30	324	556	337	304	345	378	469
ENSG00000164761	TNFRSF11B	54	85	54	55	101	81	112
ENSG00000164764	SBSPON	43	69	29	26	33	33	29
ENSG00000164776	PHKG1	20	32	20	17	30	16	33
ENSG00000164778	EN2	1467	2561	1524	1526	1627	1017	1834
ENSG00000164794	KCNV1	2	5	4	1	0	2	3
ENSG00000164808	SPIDR	858	1393	877	751	892	782	871
ENSG00000164815	ORC5	751	1245	786	740	1214	1266	1544
ENSG00000164818	DNAAF5	1945	3527	2202	2314	2950	2965	3547
ENSG00000164823	OSGIN2	804	1402	783	762	1023	1046	1224
ENSG00000164828	SUN1	1518	2364	1359	1517	1626	1537	1949
ENSG00000164830	OXR1	1300	2160	1228	1220	1529	1532	1733
ENSG00000164841	TMEM74	2	3	2	5	4	2	3
ENSG00000164849	GPR146	37	81	42	46	72	74	74
ENSG00000164850	GPER1	32	57	35	24	37	45	35
ENSG00000164855	TMEM184A	35	50	29	37	37	24	45
ENSG00000164867	NOS3	165	309	198	226	281	296	308
ENSG00000164877	MICALL2	276	495	317	311	331	348	418
ENSG00000164879	CA3	0	3	0	0	0	1	0
ENSG00000164880	INTS1	8492	14240	8832	8976	11779	11150	13594
ENSG00000164885	CDK5	1291	2361	1462	1450	1580	1621	1956
ENSG00000164889	SLC4A2	5798	9765	6126	5769	10325	8697	13532
ENSG00000164896	FASTK	1218	1999	1278	1289	1853	1968	2173
ENSG00000164897	TMUB1	1770	2972	1951	1870	2785	2292	3402
ENSG00000164898	FMC1	410	704	445	475	530	497	659
ENSG00000164900	GBX1	1	2	2	4	7	2	3
ENSG00000164902	PHAX	1122	1830	1203	1037	2249	1971	2622
ENSG00000164904	ALDH7A1	2140	3586	2040	2101	2488	2384	2867
ENSG00000164916	FOXK1	2380	3723	2214	2426	2969	2626	3415
ENSG00000164919	COX6C	168	280	216	160	223	215	267
ENSG00000164920	OSR2	60	122	80	73	102	60	104
ENSG00000164924	YWHAZ	23619	39080	25400	24462	39116	37067	48692
ENSG00000164929	BAALC	763	1333	700	682	717	655	735
ENSG00000164930	FZD6	1304	2095	1158	1250	1844	1555	2176
ENSG00000164932	CTHRC1	3949	6870	3903	3434	3388	3272	3319
ENSG00000164933	SLC25A32	1381	2208	1345	1406	2313	2127	2856
ENSG00000164934	DCAF13	2460	4179	2652	2466	2703	2641	3298
ENSG00000164935	DCSTAMP	80	147	69	53	71	66	66
ENSG00000164938	TP53INP1	393	557	293	331	349	334	368
ENSG00000164941	INTS8	1295	2183	1311	1305	1387	1374	1754
ENSG00000164944	VIRMA	3131	4987	2869	3005	4338	4021	5149
ENSG00000164946	FREM1	457	818	398	457	682	494	601
ENSG00000164949	GEM	859	1510	851	882	1315	1283	1496
ENSG00000164951	PDP1	2310	3679	2426	2554	4075	3901	5580
ENSG00000164953	TMEM67	603	916	559	488	990	1045	1261
ENSG00000164961	WASHC5	1970	3244	1914	2055	2305	2369	2838
ENSG00000164967	RPP25L	387	730	492	456	755	778	955
ENSG00000164970	FAM219A	794	1308	765	772	1124	1099	1362
ENSG00000164972	C9orf24	1	1	0	3	5	1	1
ENSG00000164975	SNAPC3	1255	1954	1335	1294	1399	1271	1538
ENSG00000164976	MYORG	30	55	28	33	40	38	50
ENSG00000164978	NUDT2	158	306	166	164	192	205	259
ENSG00000164983	TMEM65	790	1186	744	709	1002	772	1031
ENSG00000164985	PSIP1	6422	10363	6441	6171	8472	7769	9121
ENSG00000164989	CCDC171	204	290	148	172	205	244	245
ENSG00000165006	UBAP1	1034	1686	1045	1066	1223	1194	1474
ENSG00000165023	DIRAS2	12	17	14	14	15	9	13
ENSG00000165025	SYK	0	0	2	0	0	0	1
ENSG00000165028	NIPSNAP3B	290	434	229	246	223	225	278
ENSG00000165029	ABCA1	1327	2006	1276	1332	1387	1353	1814
ENSG00000165030	NFIL3	301	545	322	295	496	486	599
ENSG00000165046	LETM2	69	113	68	58	107	117	144
ENSG00000165055	METTL2B	1195	2021	1191	1208	1731	1547	1962
ENSG00000165060	FXN	328	578	338	330	479	424	615
ENSG00000165072	MAMDC2	102	129	71	76	82	72	61
ENSG00000165084	C8orf34	5	16	9	6	14	10	18
ENSG00000165091	TMC1	9	6	2	4	5	4	0
ENSG00000165092	ALDH1A1	30	65	33	37	43	46	56
ENSG00000165097	KDM1B	890	1482	772	885	1145	1114	1342
ENSG00000165102	HGSNAT	587	903	549	569	515	537	563
ENSG00000165105	RASEF	28	53	39	28	74	47	71
ENSG00000165113	GKAP1	25	39	25	19	53	42	41
ENSG00000165115	KIF27	167	285	160	160	193	185	235
ENSG00000165118	C9orf64	401	676	394	399	677	575	772
ENSG00000165119	HNRNPK	16464	27077	17180	16592	23122	22864	28474
ENSG00000165124	SVEP1	21	51	22	24	37	28	23
ENSG00000165131	LLCFC1	0	1	0	0	0	2	0
ENSG00000165138	ANKS6	1675	2837	1651	1742	2034	1886	2466
ENSG00000165152	PGAP4	421	735	392	391	585	548	728
ENSG00000165156	ZHX1	1178	2018	1230	1163	1601	1630	1989
ENSG00000165164	CFAP47	2	2	0	2	1	2	1
ENSG00000165168	CYBB	0	0	0	2	0	0	2
ENSG00000165169	DYNLT3	7833	12787	7640	7323	11303	11292	13551
ENSG00000165171	METTL27	666	1066	692	686	619	638	705
ENSG00000165175	MID1IP1	1201	1944	1348	1331	1774	1544	2138
ENSG00000165181	SHOC1	3	2	3	3	0	3	2
ENSG00000165182	CXorf58	3	0	0	2	4	3	5
ENSG00000165185	KIAA1958	454	721	402	396	530	504	603
ENSG00000165186	PTCHD1	4	6	2	3	4	4	2
ENSG00000165188	RNF183	1	5	1	1	0	0	0
ENSG00000165192	ASB11	1	2	4	1	1	0	5
ENSG00000165194	PCDH19	1	0	0	1	2	0	1
ENSG00000165195	PIGA	591	1078	546	492	951	1014	1220
ENSG00000165197	VEGFD	6	2	8	2	1	3	3
ENSG00000165202	OR1Q1	0	1	0	0	0	0	0
ENSG00000165204	OR1K1	0	0	1	0	0	0	0
ENSG00000165209	STRBP	626	978	647	640	817	735	881
ENSG00000165215	CLDN3	3	0	1	3	0	3	2
ENSG00000165219	GAPVD1	3055	5002	2941	3025	4331	4207	5258
ENSG00000165233	CARD19	575	1095	661	590	723	672	784
ENSG00000165238	WNK2	36	60	42	49	55	46	69
ENSG00000165240	ATP7A	363	655	361	409	562	610	694
ENSG00000165244	ZNF367	527	910	607	578	1060	970	1375
ENSG00000165246	NLGN4Y	0	1	3	2	0	0	2
ENSG00000165259	HDX	39	84	36	39	59	56	69
ENSG00000165264	NDUFB6	1078	1889	1237	1126	1529	1469	1927
ENSG00000165269	AQP7	72	102	50	68	65	48	84
ENSG00000165271	NOL6	4929	7917	5133	5244	6739	6530	8643
ENSG00000165272	AQP3	177	257	197	180	158	133	179
ENSG00000165275	TRMT10B	371	561	333	312	342	341	381
ENSG00000165280	VCP	8943	14828	9811	9821	13428	13168	16710
ENSG00000165282	PIGO	1139	1912	1158	1219	1477	1538	1826
ENSG00000165283	STOML2	4885	8357	5320	5350	6753	6772	8502
ENSG00000165288	BRWD3	1656	2611	1307	1540	1719	1563	1756
ENSG00000165300	SLITRK5	438	648	379	355	511	504	720
ENSG00000165304	MELK	1533	2667	1645	1690	2374	2422	3002
ENSG00000165312	OTUD1	210	317	195	193	261	216	260
ENSG00000165322	ARHGAP12	2532	3988	2369	2419	3231	3190	3896
ENSG00000165323	FAT3	2864	4186	2321	2738	2841	2863	3506
ENSG00000165338	HECTD2	157	256	134	160	177	197	200
ENSG00000165355	FBXO33	331	612	344	360	444	421	494
ENSG00000165359	INTS6L	84	125	69	70	63	76	84
ENSG00000165376	CLDN2	6	24	3	11	3	5	3
ENSG00000165379	LRFN5	2	14	6	6	6	8	7
ENSG00000165389	SPTSSA	1873	3172	1964	1851	2563	2548	3136
ENSG00000165392	WRN	272	481	250	223	332	342	339
ENSG00000165406	MARCHF8	358	537	317	329	430	372	507
ENSG00000165409	TSHR	17	20	12	13	19	9	11
ENSG00000165410	CFL2	1125	1931	1162	1193	1733	1610	1912
ENSG00000165416	SUGT1	1337	2280	1401	1312	1930	1854	2374
ENSG00000165417	GTF2A1	1368	2213	1335	1396	2172	2088	2826
ENSG00000165424	ZCCHC24	6844	11554	6695	6475	7270	6607	8402
ENSG00000165434	PGM2L1	531	831	478	487	593	569	646
ENSG00000165449	SLC16A9	0	3	0	3	2	4	0
ENSG00000165457	FOLR2	0	0	0	1	0	0	0
ENSG00000165458	INPPL1	4960	8437	4827	4856	5300	4933	5975
ENSG00000165462	PHOX2A	0	0	0	1	0	0	0
ENSG00000165471	MBL2	1	2	2	2	2	0	3
ENSG00000165474	GJB2	2	4	1	1	3	3	7
ENSG00000165475	CRYL1	1387	2266	1220	1237	1221	1239	1164
ENSG00000165476	REEP3	2004	3440	2009	1954	2437	2384	2764
ENSG00000165478	HEPACAM	1	0	0	0	1	0	0
ENSG00000165480	SKA3	542	900	600	486	805	847	1042
ENSG00000165487	MICU2	1696	2849	1658	1496	2403	2448	2982
ENSG00000165490	DDIAS	476	793	575	534	818	808	1150
ENSG00000165494	PCF11	540	933	483	531	714	684	862
ENSG00000165495	PKNOX2	345	602	393	368	374	420	507
ENSG00000165496	RPL10L	0	5	2	2	6	4	2
ENSG00000165501	LRR1	305	581	357	331	535	631	772
ENSG00000165502	RPL36AL	2045	3299	2185	1949	3085	2968	3694
ENSG00000165506	DNAAF2	491	688	411	416	502	450	584
ENSG00000165507	DEPP1	163	311	146	167	126	103	102
ENSG00000165509	MAGEC3	0	0	0	0	0	0	2
ENSG00000165512	ZNF22	665	1049	675	626	1022	923	1225
ENSG00000165516	KLHDC2	531	976	501	539	712	619	784
ENSG00000165521	EML5	81	127	73	90	99	94	157
ENSG00000165525	NEMF	973	1537	853	861	968	996	1201
ENSG00000165526	RPUSD4	824	1363	772	813	924	882	1089
ENSG00000165527	ARF6	2341	4093	2597	2491	4338	3101	5308
ENSG00000165533	TTC8	646	1162	688	611	750	697	876
ENSG00000165548	TMEM63C	4	23	9	15	4	3	12
ENSG00000165555	NOXRED1	12	22	16	16	25	32	25
ENSG00000165566	AMER2	8	10	8	3	6	9	10
ENSG00000165568	AKR1E2	0	4	4	6	3	3	4
ENSG00000165572	KBTBD6	768	1194	768	756	1301	1159	1527
ENSG00000165583	SSX5	0	0	0	0	0	1	0
ENSG00000165584	SSX3	48	56	44	51	39	52	56
ENSG00000165591	FAAH2	1	0	1	0	0	0	2
ENSG00000165609	NUDT5	1832	3027	1931	1834	2589	2476	3128
ENSG00000165617	DACT1	250	403	253	243	222	210	272
ENSG00000165621	OXGR1	4	14	4	9	7	16	11
ENSG00000165626	BEND7	72	86	54	76	63	69	85
ENSG00000165629	ATP5F1C	2999	5115	3095	2967	3977	3802	4807
ENSG00000165630	PRPF18	430	799	492	509	495	486	584
ENSG00000165632	TAF3	576	983	691	588	940	912	1210
ENSG00000165633	VSTM4	77	99	72	53	83	55	88
ENSG00000165637	VDAC2	2697	4671	3010	2933	4119	3949	5225
ENSG00000165644	COMTD1	139	234	143	139	191	205	225
ENSG00000165646	SLC18A2	1	1	0	1	1	4	1
ENSG00000165650	PDZD8	2100	3473	1924	2092	2510	2460	3086
ENSG00000165655	ZNF503	884	1531	1004	977	1328	979	1601
ENSG00000165660	ABRAXAS2	965	1607	999	1008	1169	1108	1337
ENSG00000165661	QSOX2	2279	3875	2374	2380	3015	2951	3724
ENSG00000165669	FAM204A	772	1295	756	765	1027	1040	1162
ENSG00000165671	NSD1	3477	5686	3209	3711	4411	4215	5228
ENSG00000165672	PRDX3	5469	9532	6009	5854	7076	6939	9079
ENSG00000165675	ENOX2	452	806	446	485	657	559	737
ENSG00000165678	GHITM	6839	11535	7395	7175	9456	9221	11368
ENSG00000165684	SNAPC4	1057	1648	996	1096	1434	1278	1754
ENSG00000165688	PMPCA	2185	3831	2425	2295	3528	3317	4277
ENSG00000165689	ENTR1	2430	3914	2434	2216	2970	2711	3222
ENSG00000165695	AK8	16	24	8	9	5	9	14
ENSG00000165698	SPACA9	310	460	279	268	358	326	387
ENSG00000165699	TSC1	1043	1331	641	868	782	1122	1404
ENSG00000165702	GFI1B	0	1	0	0	0	0	0
ENSG00000165704	HPRT1	1294	2299	1355	1357	1896	1894	2423
ENSG00000165714	BORCS5	695	1098	644	685	672	665	813
ENSG00000165716	DIPK1B	359	555	329	344	411	379	425
ENSG00000165724	ZMYND19	805	1407	900	940	1279	1198	1563
ENSG00000165730	STOX1	1	3	3	1	4	6	14
ENSG00000165732	DDX21	10825	17515	10226	10250	13320	12724	16282
ENSG00000165733	BMS1	2763	4477	2606	2772	3837	3657	4643
ENSG00000165752	STK32C	280	424	259	288	388	279	458
ENSG00000165757	JCAD	15	33	13	14	14	18	12
ENSG00000165775	FUNDC2	467	800	532	504	832	831	1088
ENSG00000165782	PIP4P1	420	735	488	448	657	571	735
ENSG00000165792	METTL17	743	1372	847	919	1070	1081	1414
ENSG00000165794	SLC39A2	0	0	1	0	0	0	0
ENSG00000165795	NDRG2	314	537	299	312	313	333	394
ENSG00000165799	RNASE7	0	0	1	1	0	0	0
ENSG00000165801	ARHGEF40	1283	2210	1103	1286	1347	1226	1614
ENSG00000165802	NSMF	2879	4990	2816	2911	3732	3538	4448
ENSG00000165804	ZNF219	215	330	251	216	381	381	471
ENSG00000165805	C12orf50	0	0	0	0	0	0	2
ENSG00000165806	CASP7	694	1174	744	676	996	997	1184
ENSG00000165807	PPP1R36	0	0	2	0	0	1	0
ENSG00000165810	BTNL9	0	1	1	0	0	2	2
ENSG00000165813	CCDC186	742	1223	716	771	1001	917	1185
ENSG00000165816	VWA2	32	44	30	28	46	41	50
ENSG00000165819	METTL3	1326	2222	1291	1238	1978	1989	2565
ENSG00000165821	SALL2	481	775	451	484	543	504	596
ENSG00000165828	PRAP1	15	6	0	8	5	0	6
ENSG00000165832	TRUB1	1031	1791	941	995	1468	1350	1751
ENSG00000165841	CYP2C19	3	3	2	0	0	1	0
ENSG00000165861	ZFYVE1	688	1005	640	676	784	816	927
ENSG00000165863	C10orf82	2	0	1	0	1	0	0
ENSG00000165868	HSPA12A	465	743	453	530	320	377	598
ENSG00000165879	FRAT1	361	614	420	389	448	388	575
ENSG00000165886	UBTD1	672	1119	773	726	939	899	1153
ENSG00000165887	ANKRD2	0	0	1	1	0	1	3
ENSG00000165891	E2F7	1024	1811	1109	1133	1692	1590	2014
ENSG00000165895	ARHGAP42	710	1163	642	641	839	777	986
ENSG00000165898	ISCA2	256	435	278	284	369	343	440
ENSG00000165899	OTOGL	12	17	12	13	20	10	14
ENSG00000165905	LARGE2	17	26	18	22	28	19	21
ENSG00000165912	PACSIN3	2763	4523	3032	2896	3799	2944	4677
ENSG00000165914	TTC7B	276	397	245	280	284	314	350
ENSG00000165915	SLC39A13	1196	2152	1237	1284	1571	1598	1874
ENSG00000165916	PSMC3	3611	6292	4264	3971	7025	6866	9297
ENSG00000165917	RAPSN	2	0	0	0	1	2	0
ENSG00000165923	AGBL2	37	56	31	25	27	26	19
ENSG00000165929	TC2N	2	1	0	2	2	1	1
ENSG00000165934	CPSF2	2146	3433	2061	2168	3289	3329	4071
ENSG00000165935	SMCO2	2	0	0	0	0	0	0
ENSG00000165943	MOAP1	795	1357	759	710	1258	1262	1498
ENSG00000165948	IFI27L1	137	208	113	136	155	142	170
ENSG00000165949	IFI27	4	6	2	3	5	1	4
ENSG00000165959	CLMN	1961	3236	1851	1870	2059	1987	2322
ENSG00000165970	SLC6A5	1	0	0	0	0	0	0
ENSG00000165972	CCDC38	4	3	1	2	3	1	3
ENSG00000165983	PTER	354	614	376	340	653	560	714
ENSG00000165985	C1QL3	3	3	4	2	6	8	10
ENSG00000165995	CACNB2	49	65	35	31	45	39	48
ENSG00000165996	HACD1	146	225	162	130	166	172	234
ENSG00000165997	ARL5B	1178	1899	1141	1065	1456	1451	1767
ENSG00000166002	SMCO4	28	69	51	42	66	67	71
ENSG00000166004	CEP295	1076	1646	961	1021	1564	1517	1908
ENSG00000166012	TAF1D	1202	1837	1199	1197	1176	1172	1383
ENSG00000166016	ABTB2	1623	2822	1617	1707	2102	2035	2672
ENSG00000166024	R3HCC1L	572	933	543	518	895	880	1070
ENSG00000166025	AMOTL1	11851	19246	11120	11919	15314	14893	18879
ENSG00000166033	HTRA1	3821	6488	3507	3514	4405	4181	4498
ENSG00000166035	LIPC	23	35	14	25	25	17	16
ENSG00000166037	CEP57	1752	2919	1726	1698	2199	2159	2494
ENSG00000166046	TCP11L2	390	595	329	345	373	334	373
ENSG00000166049	PASD1	0	0	0	0	1	0	1
ENSG00000166068	SPRED1	3617	6320	3461	3499	4045	4018	4831
ENSG00000166073	GPR176	727	1172	695	776	798	798	900
ENSG00000166086	JAM3	3182	5150	3246	3156	3724	3603	4384
ENSG00000166091	CMTM5	36	52	35	28	51	47	39
ENSG00000166106	ADAMTS15	121	228	143	130	150	149	247
ENSG00000166111	SVOP	32	39	28	24	38	14	27
ENSG00000166123	GPT2	1010	1687	1171	1179	1567	1443	1909
ENSG00000166126	AMN	0	2	1	0	0	0	0
ENSG00000166128	RAB8B	724	1246	732	758	1189	1137	1470
ENSG00000166130	IKBIP	1096	1801	1125	1063	1668	1708	2184
ENSG00000166133	RPUSD2	426	857	539	479	735	668	899
ENSG00000166135	HIF1AN	1939	3106	1816	1892	2241	2241	2813
ENSG00000166136	NDUFB8	2979	4992	3210	3000	3869	3802	4712
ENSG00000166140	ZFYVE19	537	943	534	468	660	669	827
ENSG00000166145	SPINT1	153	239	131	152	132	135	145
ENSG00000166147	FBN1	5552	8382	4014	4719	3926	4182	4190
ENSG00000166148	AVPR1A	1	5	2	6	5	4	2
ENSG00000166153	DEPDC4	32	43	41	29	39	54	32
ENSG00000166159	LRTM2	0	0	0	0	0	0	3
ENSG00000166164	BRD7	2358	3898	2382	2305	2752	2649	3317
ENSG00000166165	CKB	314	460	309	316	331	355	424
ENSG00000166166	TRMT61A	406	722	431	385	752	636	1001
ENSG00000166167	BTRC	722	1213	698	699	893	906	1071
ENSG00000166169	POLL	1123	2035	1082	1064	1246	1221	1334
ENSG00000166170	BAG5	1225	1967	1205	1143	1912	1844	2522
ENSG00000166171	DPCD	731	1153	752	619	956	982	1115
ENSG00000166173	LARP6	791	1346	897	831	837	731	838
ENSG00000166181	API5	3919	6704	4122	4214	6736	6633	8651
ENSG00000166188	ZNF319	299	511	281	307	404	335	445
ENSG00000166189	HPS6	758	1396	956	874	1466	1313	1860
ENSG00000166192	SENP8	89	174	109	96	176	157	202
ENSG00000166197	NOLC1	7896	13143	7778	7872	12360	11799	15444
ENSG00000166199	ALKBH3	509	821	534	469	667	641	797
ENSG00000166200	COPS2	3926	6514	3761	3725	4505	4423	5320
ENSG00000166206	GABRB3	67	125	42	57	63	58	77
ENSG00000166224	SGPL1	701	1137	690	641	794	762	960
ENSG00000166225	FRS2	757	1161	668	676	796	757	1024
ENSG00000166226	CCT2	7642	12867	7790	7453	14624	13774	18316
ENSG00000166228	PCBD1	379	624	394	349	509	548	695
ENSG00000166233	ARIH1	1784	2791	1646	1752	1849	1828	2273
ENSG00000166246	DNAAF8	13	20	20	17	10	20	11
ENSG00000166250	CLMP	1962	3327	1969	2040	2503	2353	2796
ENSG00000166257	SCN3B	18	7	0	8	14	7	4
ENSG00000166260	COX11	587	781	448	528	674	650	903
ENSG00000166261	ZNF202	370	532	328	354	427	448	514
ENSG00000166262	FAM227B	51	63	29	42	74	84	71
ENSG00000166263	STXBP4	331	560	320	353	404	403	514
ENSG00000166266	CUL5	1168	1862	1118	1052	1287	1282	1569
ENSG00000166268	MYRFL	0	0	1	0	0	0	2
ENSG00000166272	WBP1L	966	1602	926	876	1148	1176	1256
ENSG00000166275	BORCS7	348	590	329	305	423	343	422
ENSG00000166278	C2	29	40	36	24	33	33	30
ENSG00000166289	PLEKHF1	506	898	526	607	718	670	919
ENSG00000166292	TMEM100	122	167	121	105	142	136	174
ENSG00000166295	ANAPC16	819	1292	883	812	1147	1010	1383
ENSG00000166311	SMPD1	753	1316	881	827	1091	1076	1205
ENSG00000166313	APBB1	717	1234	734	738	922	847	1062
ENSG00000166317	SYNPO2L	8	14	17	13	8	11	19
ENSG00000166321	NUDT13	37	113	77	61	77	63	85
ENSG00000166323	C11orf65	5	14	5	13	13	16	11
ENSG00000166326	TRIM44	4955	8018	4668	4748	7032	6133	8762
ENSG00000166329	CCDC182	0	0	0	0	0	0	1
ENSG00000166333	ILK	1770	2922	1907	1747	2346	2415	2913
ENSG00000166337	TAF10	1414	2423	1629	1453	1942	1617	2278
ENSG00000166340	TPP1	3225	5492	3086	3331	4089	4062	4353
ENSG00000166341	DCHS1	692	1106	622	633	697	629	762
ENSG00000166343	MSS51	26	42	18	21	30	25	31
ENSG00000166347	CYB5A	291	552	317	332	456	485	558
ENSG00000166348	USP54	316	681	339	398	624	653	814
ENSG00000166349	RAG1	67	74	35	35	37	61	48
ENSG00000166351	POTED	19	34	19	27	25	28	31
ENSG00000166352	IFTAP	159	294	162	151	239	205	255
ENSG00000166359	WDR88	20	58	25	23	36	32	38
ENSG00000166363	OR10A5	1	1	0	0	0	0	0
ENSG00000166368	OR2D2	0	0	0	0	0	0	1
ENSG00000166377	ATP9B	261	401	220	263	343	328	446
ENSG00000166387	PPFIBP2	79	101	61	46	53	65	66
ENSG00000166394	CYB5R2	591	1039	722	742	844	858	1319
ENSG00000166396	SERPINB7	4	2	7	5	2	5	10
ENSG00000166398	GARRE1	874	1318	727	817	1072	1034	1347
ENSG00000166401	SERPINB8	262	430	238	290	308	327	399
ENSG00000166402	TUB	769	1063	643	718	768	698	936
ENSG00000166407	LMO1	7	13	9	10	6	8	9
ENSG00000166411	IDH3A	789	1258	839	951	1214	1414	1598
ENSG00000166415	WDR72	176	169	133	91	178	209	210
ENSG00000166426	CRABP1	1	6	0	2	0	2	2
ENSG00000166428	PLD4	4	8	3	1	6	3	4
ENSG00000166432	ZMAT1	0	0	0	0	1	0	0
ENSG00000166435	XRRA1	247	558	297	293	273	335	368
ENSG00000166436	TRIM66	684	1061	571	599	638	525	710
ENSG00000166439	RNF169	1482	2415	1310	1369	1325	1401	1611
ENSG00000166441	RPL27A	12263	21509	12898	12861	15900	15854	18887
ENSG00000166444	DENND2B	1376	2230	1399	1366	1345	1323	1689
ENSG00000166446	CDYL2	338	616	322	317	380	373	449
ENSG00000166448	TMEM130	3	10	2	3	4	4	0
ENSG00000166450	PRTG	633	996	519	565	703	636	782
ENSG00000166451	CENPN	1420	2441	1509	1564	2282	2216	2962
ENSG00000166452	AKIP1	542	986	648	569	852	826	1017
ENSG00000166454	ATMIN	1403	2214	1387	1316	1621	1591	1849
ENSG00000166455	C16orf46	7	12	13	5	11	5	5
ENSG00000166471	TMEM41B	580	932	571	571	870	663	938
ENSG00000166473	PKD1L2	41	65	39	40	55	44	48
ENSG00000166477	LEO1	1258	2119	1311	1256	1946	1872	2221
ENSG00000166478	ZNF143	555	1016	616	621	983	1008	1401
ENSG00000166479	TMX3	1323	2239	1231	1174	1804	1789	2189
ENSG00000166482	MFAP4	1	4	2	2	3	1	3
ENSG00000166483	WEE1	1025	1624	990	963	1400	1299	1594
ENSG00000166484	MAPK7	296	521	321	293	442	427	526
ENSG00000166501	PRKCB	0	1	0	0	0	0	0
ENSG00000166503	HDGFL3	1325	2347	1335	1336	1872	1647	2119
ENSG00000166507	NDST2	302	466	320	321	441	403	460
ENSG00000166508	MCM7	8665	14241	9580	9164	16863	15885	20840
ENSG00000166510	CCDC68	1	1	3	3	5	4	2
ENSG00000166523	CLEC4E	0	1	0	1	0	0	1
ENSG00000166526	ZNF3	947	1377	897	918	1118	1121	1338
ENSG00000166529	ZSCAN21	251	441	200	212	287	306	384
ENSG00000166532	RIMKLB	1205	1813	1153	1137	1432	1437	1729
ENSG00000166535	A2ML1	0	4	0	0	1	1	1
ENSG00000166546	BEAN1	1	6	2	2	0	1	3
ENSG00000166548	TK2	740	1217	645	675	807	711	795
ENSG00000166557	TMED3	2063	3609	2215	2212	2865	2842	3440
ENSG00000166558	SLC38A8	0	0	0	0	0	0	1
ENSG00000166562	SEC11C	354	591	385	345	542	488	604
ENSG00000166573	GALR1	0	3	0	1	2	0	0
ENSG00000166575	TMEM135	1367	2190	1269	1259	1629	1641	1876
ENSG00000166578	IQCD	62	79	68	73	98	75	85
ENSG00000166579	NDEL1	1217	2080	1254	1237	1400	1436	1757
ENSG00000166582	CENPV	35	67	52	37	35	22	41
ENSG00000166592	RRAD	2	7	2	2	4	0	5
ENSG00000166595	CIAO2B	1684	3105	1913	1928	2688	2644	3361
ENSG00000166596	CFAP52	3	8	6	2	1	2	3
ENSG00000166598	HSP90B1	41358	68832	40068	39705	40108	39344	44944
ENSG00000166603	MC4R	3	2	4	2	3	8	8
ENSG00000166619	BLCAP	703	1237	783	807	1041	1000	1301
ENSG00000166664	CHRFAM7A	3	6	4	0	5	12	7
ENSG00000166669	ATF7IP2	189	286	160	183	208	191	178
ENSG00000166670	MMP10	1	3	3	0	0	0	1
ENSG00000166676	TVP23A	36	65	39	54	53	38	58
ENSG00000166681	BEX3	2001	3325	2221	1914	1931	1755	2084
ENSG00000166682	TMPRSS5	310	480	262	294	319	311	344
ENSG00000166685	COG1	832	1508	849	839	1169	1122	1319
ENSG00000166689	PLEKHA7	74	114	73	122	130	96	119
ENSG00000166704	ZNF606	147	222	143	139	204	190	205
ENSG00000166707	ZCCHC18	21	34	21	24	33	26	35
ENSG00000166710	B2M	13729	23522	13711	12819	17038	16993	19674
ENSG00000166716	ZNF592	1270	2079	1392	1306	1750	1698	2141
ENSG00000166734	GOLM2	2933	4883	2758	2759	3779	3547	4236
ENSG00000166741	NNMT	1178	2070	1131	1085	896	820	925
ENSG00000166747	AP1G1	2864	4601	2624	2843	4058	4045	5169
ENSG00000166750	SLFN5	3945	6158	3226	3721	3375	3118	3258
ENSG00000166762	CATSPER2	14	18	10	13	29	12	25
ENSG00000166780	BMERB1	969	1661	892	914	867	816	908
ENSG00000166783	MARF1	2687	4305	2566	2847	3106	2921	3625
ENSG00000166788	SAAL1	2085	3449	2236	2145	2658	2654	3146
ENSG00000166793	YPEL4	299	481	263	254	298	301	295
ENSG00000166794	PPIB	10434	17644	11271	10528	13330	12986	16408
ENSG00000166796	LDHC	51	104	96	71	144	156	199
ENSG00000166797	CIAO2A	1284	2150	1292	1229	1624	1615	1976
ENSG00000166800	LDHAL6A	2	5	0	1	3	2	3
ENSG00000166801	FAM111A	1092	1763	957	1029	1840	1754	2262
ENSG00000166803	PCLAF	1565	2644	1833	1873	2987	3081	3820
ENSG00000166813	KIF7	751	1266	765	759	731	541	955
ENSG00000166816	LDHD	8	23	8	14	11	7	10
ENSG00000166819	PLIN1	9	7	6	6	3	6	4
ENSG00000166821	PEX11A	164	308	174	163	265	290	297
ENSG00000166822	TMEM170A	484	835	396	486	813	733	939
ENSG00000166823	MESP1	253	351	201	215	310	259	327
ENSG00000166825	ANPEP	2748	4567	3244	3370	2445	2480	3181
ENSG00000166831	RBPMS2	414	732	454	424	518	495	663
ENSG00000166833	NAV2	1104	1666	872	1011	1420	1367	1475
ENSG00000166839	ANKDD1A	66	95	45	79	78	45	64
ENSG00000166840	GLYATL1	1	1	3	0	3	0	0
ENSG00000166845	C18orf54	328	505	293	283	391	366	483
ENSG00000166847	DCTN5	2110	3108	1934	2044	2866	2690	3344
ENSG00000166848	TERF2IP	3514	5592	3352	3159	4606	4329	5412
ENSG00000166851	PLK1	3119	5351	3573	3485	4689	4714	5970
ENSG00000166855	CLPX	1736	2698	1720	1677	2105	1950	2324
ENSG00000166856	GPR182	7	9	8	4	3	5	11
ENSG00000166860	ZBTB39	482	831	509	538	619	586	768
ENSG00000166863	TAC3	0	0	0	0	1	0	1
ENSG00000166866	MYO1A	0	1	2	1	0	0	6
ENSG00000166869	CHP2	6	17	5	6	8	5	9
ENSG00000166881	NEMP1	1954	3083	1816	1959	3346	3263	4179
ENSG00000166886	NAB2	2200	3823	2329	2354	3210	2266	3856
ENSG00000166887	VPS39	2445	3882	2269	2335	2638	2580	2928
ENSG00000166888	STAT6	2586	4638	2557	2671	3618	3536	4038
ENSG00000166889	PATL1	1531	2477	1506	1561	1921	1885	2276
ENSG00000166896	ATP23	134	293	158	183	183	173	204
ENSG00000166897	ELFN2	8	13	5	7	13	4	9
ENSG00000166900	STX3	1178	1852	1120	1077	1591	1728	2050
ENSG00000166902	MRPL16	1253	2174	1295	1298	2244	2172	3034
ENSG00000166908	PIP4K2C	907	1410	859	868	1095	1055	1286
ENSG00000166912	MTMR10	804	1331	778	876	857	834	1126
ENSG00000166913	YWHAB	11161	18156	11471	11056	16511	15160	19510
ENSG00000166920	C15orf48	4	2	5	1	3	1	6
ENSG00000166922	SCG5	1	6	0	1	2	1	1
ENSG00000166923	GREM1	2	0	3	3	0	6	0
ENSG00000166924	NYAP1	59	95	49	62	59	48	70
ENSG00000166925	TSC22D4	1681	2955	1824	1723	1983	1847	2389
ENSG00000166927	MS4A7	3	0	0	1	7	1	2
ENSG00000166938	DIS3L	714	1186	589	644	752	761	941
ENSG00000166946	CCNDBP1	98	154	76	77	77	86	152
ENSG00000166949	SMAD3	5321	8669	5023	5195	4550	4263	5125
ENSG00000166961	MS4A15	0	1	0	0	1	0	0
ENSG00000166963	MAP1A	350	649	339	404	905	851	1091
ENSG00000166965	RCCD1	498	798	528	499	682	464	756
ENSG00000166971	AKTIP	334	609	350	312	415	427	443
ENSG00000166974	MAPRE2	1573	2544	1545	1579	2298	2174	2765
ENSG00000166979	EVA1C	68	154	78	111	112	95	77
ENSG00000166986	MARS1	5387	8803	6077	5780	9018	8912	10740
ENSG00000166987	MBD6	2218	3425	2004	2286	2821	2734	3349
ENSG00000166997	CNPY4	677	1066	681	652	789	759	969
ENSG00000167004	PDIA3	2669	4355	2773	3012	2562	2045	2428
ENSG00000167005	NUDT21	4349	7275	4450	4270	7136	7121	9295
ENSG00000167011	NAT16	54	85	35	50	44	32	29
ENSG00000167034	NKX3-1	195	286	183	193	272	239	336
ENSG00000167037	SGSM1	32	55	27	28	45	33	35
ENSG00000167065	DUSP18	98	175	86	98	130	105	150
ENSG00000167074	TEF	401	727	417	420	347	353	357
ENSG00000167077	MEI1	0	1	3	1	2	1	3
ENSG00000167080	B4GALNT2	69	92	39	52	78	43	65
ENSG00000167081	PBX3	588	984	568	498	637	621	710
ENSG00000167083	GNGT2	11	17	12	9	8	17	13
ENSG00000167085	PHB1	2630	4494	2942	2783	4067	4436	6290
ENSG00000167088	SNRPD1	1573	2674	1727	1651	3296	3055	4284
ENSG00000167094	TTC16	1	9	4	1	3	0	3
ENSG00000167100	SAMD14	44	50	46	28	41	36	64
ENSG00000167103	PIP5KL1	60	65	39	41	42	43	48
ENSG00000167106	FAM102A	1515	2574	1614	1572	1951	1997	2309
ENSG00000167107	ACSF2	214	376	218	280	268	237	246
ENSG00000167110	GOLGA2	3143	5054	3234	3073	3594	3076	3975
ENSG00000167112	TRUB2	1848	3145	2025	1909	3056	2821	3686
ENSG00000167113	COQ4	1253	2003	1300	1202	1846	1935	2324
ENSG00000167114	SLC27A4	1132	2135	1354	1264	1892	1692	2295
ENSG00000167117	ANKRD40CL	3	2	1	5	3	2	5
ENSG00000167118	URM1	2035	3595	2260	1994	3798	3587	4509
ENSG00000167123	CERCAM	1661	3034	1725	1862	2184	2168	2480
ENSG00000167130	DOLPP1	454	839	543	554	615	618	913
ENSG00000167131	CCDC103	227	350	196	217	358	363	449
ENSG00000167136	ENDOG	440	721	500	471	644	584	772
ENSG00000167157	PRRX2	182	285	143	157	95	91	101
ENSG00000167173	C15orf39	851	1470	877	913	1238	1303	1566
ENSG00000167178	ISLR2	17	33	15	10	6	14	14
ENSG00000167182	SP2	1038	1890	1120	1150	1456	1472	1785
ENSG00000167183	PRR15L	2	1	1	0	2	1	3
ENSG00000167186	COQ7	497	808	538	462	628	602	710
ENSG00000167191	GPRC5B	1093	1738	902	984	941	992	1100
ENSG00000167193	CRK	3175	5338	3179	3189	4783	4579	5703
ENSG00000167194	C16orf92	0	1	0	0	0	0	0
ENSG00000167195	GOLGA6C	3	9	7	10	5	3	12
ENSG00000167196	FBXO22	1265	1973	1226	1189	1521	1540	2042
ENSG00000167202	TBC1D2B	801	1377	784	860	1058	1012	1351
ENSG00000167207	NOD2	45	69	18	34	23	13	43
ENSG00000167216	KATNAL2	117	190	95	100	126	132	116
ENSG00000167220	HDHD2	618	1004	561	577	815	790	899
ENSG00000167232	ZNF91	662	1030	596	599	774	806	940
ENSG00000167244	IGF2	126	189	105	103	69	87	80
ENSG00000167257	RNF214	880	1509	883	899	974	957	1128
ENSG00000167258	CDK12	2651	4137	2540	2644	3403	3058	4313
ENSG00000167261	DPEP2	0	0	1	0	1	0	3
ENSG00000167264	DUS2	412	811	489	487	628	596	705
ENSG00000167272	POP5	346	673	459	435	813	808	1062
ENSG00000167280	ENGASE	855	1461	784	835	1013	951	1128
ENSG00000167281	RBFOX3	33	54	31	28	37	21	48
ENSG00000167283	ATP5MG	2772	4764	3092	2980	4113	4113	5346
ENSG00000167291	TBC1D16	6197	10085	5887	6282	7577	6976	8964
ENSG00000167302	TEPSIN	419	763	520	453	606	624	734
ENSG00000167306	MYO5B	18	22	15	29	19	14	25
ENSG00000167311	ART5	0	0	0	0	0	0	1
ENSG00000167315	ACAA2	1067	1669	1070	1061	1358	1271	1618
ENSG00000167323	STIM1	574	1007	620	661	848	705	936
ENSG00000167325	RRM1	3284	5464	3533	3395	3632	3695	4524
ENSG00000167332	OR51E2	0	1	0	0	0	0	0
ENSG00000167333	TRIM68	201	328	179	182	322	298	337
ENSG00000167355	OR51B5	0	1	0	0	0	0	1
ENSG00000167363	FN3K	33	44	29	14	25	22	33
ENSG00000167371	PRRT2	355	556	303	312	297	291	298
ENSG00000167377	ZNF23	348	412	263	263	317	309	343
ENSG00000167378	IRGQ	1040	1765	981	1105	1190	1064	1490
ENSG00000167380	ZNF226	753	1231	604	670	975	911	1074
ENSG00000167384	ZNF180	82	161	62	98	132	140	149
ENSG00000167393	PPP2R3B	284	402	282	214	312	303	358
ENSG00000167394	ZNF668	635	1055	704	669	896	802	1161
ENSG00000167395	ZNF646	1208	1866	1152	1169	1588	1439	1961
ENSG00000167397	VKORC1	2832	4778	3048	2906	3748	4037	4656
ENSG00000167414	GNG8	1	0	0	0	1	0	0
ENSG00000167419	LPO	0	1	1	0	0	0	0
ENSG00000167447	SMG8	811	1259	827	839	1312	1265	1500
ENSG00000167460	TPM4	10926	18676	11309	11208	14172	14297	17097
ENSG00000167461	RAB8A	1781	3009	1879	1856	3060	3080	3950
ENSG00000167468	GPX4	2184	4003	2475	2394	2664	2688	3302
ENSG00000167470	MIDN	1650	2764	1642	1706	1945	1793	2224
ENSG00000167476	JSRP1	0	0	1	0	0	0	0
ENSG00000167483	NIBAN3	0	3	1	0	1	0	1
ENSG00000167487	KLHL26	520	918	612	578	1078	980	1264
ENSG00000167491	GATAD2A	2767	4767	2878	3200	4398	4309	5457
ENSG00000167508	MVD	537	915	585	608	746	644	749
ENSG00000167513	CDT1	1621	2779	1717	1768	2160	2112	2575
ENSG00000167515	TRAPPC2L	464	798	491	422	667	676	830
ENSG00000167522	ANKRD11	5830	9894	6098	6113	8338	7905	10221
ENSG00000167523	SPATA33	191	307	198	219	198	241	325
ENSG00000167524	RSKR	24	82	52	30	100	72	116
ENSG00000167525	PROCA1	50	68	36	25	40	34	46
ENSG00000167526	RPL13	20957	36446	22233	20490	23130	22105	25587
ENSG00000167528	ZNF641	406	600	304	385	380	360	435
ENSG00000167535	CACNB3	546	1015	526	628	573	603	582
ENSG00000167536	DHRS13	590	1132	650	637	1142	1129	1271
ENSG00000167543	TP53I13	692	1220	735	691	1159	1110	1392
ENSG00000167548	KMT2D	3276	4576	2539	2991	3497	3106	4102
ENSG00000167549	CORO6	17	19	11	4	6	11	2
ENSG00000167550	RHEBL1	57	112	83	91	130	137	156
ENSG00000167552	TUBA1A	5121	9356	6369	6220	9538	9254	11768
ENSG00000167553	TUBA1C	7454	13317	8878	8536	12575	11986	15937
ENSG00000167554	ZNF610	11	13	10	4	22	8	11
ENSG00000167555	ZNF528	113	149	102	120	222	170	219
ENSG00000167562	ZNF701	73	82	57	56	98	74	99
ENSG00000167565	SERTAD3	442	788	476	445	449	429	518
ENSG00000167566	NCKAP5L	1573	2670	1653	1648	2257	2032	2788
ENSG00000167578	RAB4B	312	561	376	315	395	404	455
ENSG00000167580	AQP2	0	0	1	0	0	0	1
ENSG00000167588	GPD1	8	9	4	4	9	7	21
ENSG00000167595	PROSER3	1009	1554	896	900	1179	1029	1283
ENSG00000167600	CYP2S1	28	35	27	19	29	30	37
ENSG00000167601	AXL	7164	11932	7358	7546	9387	9145	11748
ENSG00000167604	NFKBID	66	77	44	77	76	55	98
ENSG00000167608	TMC4	17	16	2	9	8	3	20
ENSG00000167613	LAIR1	70	91	49	74	67	69	59
ENSG00000167614	TTYH1	8	3	0	4	8	9	12
ENSG00000167615	LENG8	11348	17191	9557	10306	11897	10272	12732
ENSG00000167617	CDC42EP5	428	823	459	437	330	360	344
ENSG00000167619	TMEM145	75	117	64	67	172	164	230
ENSG00000167625	ZNF526	612	951	652	687	871	820	1033
ENSG00000167632	TRAPPC9	956	1661	947	938	1174	1109	1264
ENSG00000167635	ZNF146	2985	4884	2807	2807	3795	3764	4757
ENSG00000167637	ZNF283	370	561	326	306	417	384	489
ENSG00000167641	PPP1R14A	0	0	1	0	0	0	0
ENSG00000167642	SPINT2	1	3	0	0	2	3	1
ENSG00000167644	C19orf33	0	2	0	0	0	0	0
ENSG00000167645	YIF1B	1415	2449	1614	1601	2152	1987	2369
ENSG00000167646	DNAAF3	60	101	55	60	76	76	107
ENSG00000167653	PSCA	40	60	25	17	28	19	36
ENSG00000167654	ATCAY	11	33	22	30	14	28	28
ENSG00000167657	DAPK3	1166	2010	1333	1258	2003	1301	2340
ENSG00000167658	EEF2	121116	207133	125589	125875	139571	137592	161711
ENSG00000167670	CHAF1A	1896	3450	2258	2312	3791	3397	5011
ENSG00000167671	UBXN6	2626	4533	2779	2693	3002	2749	3334
ENSG00000167674	HDGFL2	2529	4356	2775	2712	3591	1907	4434
ENSG00000167676	PLIN4	9	13	8	9	6	12	9
ENSG00000167680	SEMA6B	930	1514	1053	1078	1196	743	1179
ENSG00000167685	ZNF444	610	1143	707	672	1154	1028	1437
ENSG00000167693	NXN	592	927	565	613	569	575	648
ENSG00000167695	TLCD3A	579	1076	677	695	787	815	1049
ENSG00000167699	GLOD4	576	1000	625	599	827	757	951
ENSG00000167700	MFSD3	1741	3073	1955	1852	2170	1926	2292
ENSG00000167701	GPT	47	59	20	18	32	23	27
ENSG00000167702	KIFC2	615	935	542	541	640	592	761
ENSG00000167703	SLC43A2	354	608	369	348	486	465	640
ENSG00000167705	RILP	141	284	169	193	197	183	194
ENSG00000167711	SERPINF2	33	49	45	25	37	47	44
ENSG00000167716	WDR81	1749	2975	1822	1889	2605	2330	3032
ENSG00000167720	SRR	182	306	191	186	245	234	314
ENSG00000167721	TSR1	5735	9676	5972	5873	8548	8022	10418
ENSG00000167733	HSD11B1L	269	561	387	387	433	377	466
ENSG00000167740	CYB5D2	495	1017	520	590	629	631	693
ENSG00000167741	GGT6	10	10	3	8	4	9	6
ENSG00000167748	KLK1	0	0	0	0	1	0	0
ENSG00000167749	KLK4	0	0	0	1	0	0	0
ENSG00000167751	KLK2	3	3	3	0	5	8	10
ENSG00000167755	KLK6	0	2	0	0	1	0	2
ENSG00000167759	KLK13	1	0	0	0	0	0	0
ENSG00000167766	ZNF83	160	315	123	154	186	237	334
ENSG00000167767	KRT80	61	112	84	82	127	106	221
ENSG00000167769	ACER1	0	3	0	1	0	2	1
ENSG00000167770	OTUB1	2812	4763	3024	2706	4333	3977	5294
ENSG00000167771	RCOR2	56	97	57	47	44	54	50
ENSG00000167772	ANGPTL4	120	177	99	89	287	282	255
ENSG00000167775	CD320	1929	3211	2213	2121	2793	2768	3579
ENSG00000167778	SPRYD3	919	1534	1005	983	1306	1193	1396
ENSG00000167779	IGFBP6	324	661	407	386	505	279	542
ENSG00000167785	ZNF558	480	786	404	417	455	414	476
ENSG00000167792	NDUFV1	4182	7060	4247	4166	5812	5436	6623
ENSG00000167797	CDK2AP2	627	1061	701	638	692	656	830
ENSG00000167799	NUDT8	70	116	66	59	83	86	76
ENSG00000167800	TBX10	1	4	0	3	1	1	2
ENSG00000167815	PRDX2	5797	10085	6192	5926	7932	7947	9144
ENSG00000167840	ZNF232	187	276	212	150	217	234	291
ENSG00000167842	MIS12	883	1386	846	863	1403	1330	1883
ENSG00000167858	TEKT1	0	0	0	0	0	0	1
ENSG00000167861	HID1	1	19	1	7	3	3	0
ENSG00000167862	MRPL58	625	1119	665	635	881	954	1157
ENSG00000167863	ATP5PD	1898	3337	2140	1923	2330	2463	2866
ENSG00000167874	TMEM88	20	23	17	11	16	19	23
ENSG00000167880	EVPL	3	4	2	2	4	4	6
ENSG00000167881	SRP68	3176	5195	3298	3215	4077	3915	4835
ENSG00000167889	MGAT5B	118	166	95	119	124	83	154
ENSG00000167895	TMC8	1	8	12	15	6	8	5
ENSG00000167900	TK1	1786	3099	2022	2124	3499	3487	4508
ENSG00000167904	TMEM68	528	887	545	480	706	642	773
ENSG00000167910	CYP7A1	0	1	0	0	0	0	0
ENSG00000167914	GSDMA	7	10	7	7	5	4	6
ENSG00000167916	KRT24	0	0	0	1	0	0	0
ENSG00000167925	GHDC	795	1247	760	716	946	1007	1115
ENSG00000167930	FAM234A	3755	6516	3794	3804	4977	4861	5486
ENSG00000167962	ZNF598	2197	3526	2177	2200	2862	2622	3482
ENSG00000167964	RAB26	155	264	165	141	221	211	185
ENSG00000167965	MLST8	1122	2002	1204	1148	1296	1229	1501
ENSG00000167967	E4F1	757	1233	744	736	1017	950	1256
ENSG00000167968	DNASE1L2	64	130	72	59	51	85	75
ENSG00000167969	ECI1	832	1477	966	915	1443	1340	1595
ENSG00000167971	CASKIN1	37	67	34	37	55	38	51
ENSG00000167972	ABCA3	18	32	21	15	25	42	37
ENSG00000167977	KCTD5	1028	1830	1124	1180	2124	1931	2680
ENSG00000167978	SRRM2	12476	18457	9553	12296	13977	13113	16979
ENSG00000167981	ZNF597	128	197	133	125	186	197	262
ENSG00000167984	NLRC3	19	29	22	18	20	22	38
ENSG00000167985	SDHAF2	915	1567	916	877	1632	1528	2062
ENSG00000167986	DDB1	9004	15673	9737	9304	10839	10175	12626
ENSG00000167987	VPS37C	636	1066	671	646	921	814	983
ENSG00000167992	VWCE	58	67	15	38	39	51	34
ENSG00000167994	RAB3IL1	306	553	343	371	488	435	545
ENSG00000167995	BEST1	201	323	165	187	276	234	277
ENSG00000167996	FTH1	23148	41427	27414	26139	32381	32820	40696
ENSG00000168000	BSCL2	2188	3764	2326	2109	3103	3478	3684
ENSG00000168002	POLR2G	1088	1922	1233	1226	2176	2278	2898
ENSG00000168003	SLC3A2	2463	4397	3003	3034	5571	5483	7764
ENSG00000168004	PLAAT5	0	3	0	0	0	0	0
ENSG00000168005	SPINDOC	1145	2046	1279	1242	1706	1466	2016
ENSG00000168010	ATG16L2	116	197	105	97	135	142	147
ENSG00000168014	C2CD3	944	1590	1259	997	1527	1268	1545
ENSG00000168016	TRANK1	340	517	363	408	412	427	495
ENSG00000168026	TTC21A	133	205	97	114	184	138	195
ENSG00000168028	RPSA	38246	68040	42855	41315	52661	51833	64082
ENSG00000168032	ENTPD3	1	2	1	2	2	0	3
ENSG00000168036	CTNNB1	11928	19929	11859	12065	15508	14987	17232
ENSG00000168038	ULK4	250	468	270	252	379	343	422
ENSG00000168040	FADD	1088	1878	1167	1123	2096	1954	2918
ENSG00000168056	LTBP3	9015	15456	8412	8665	8998	9256	9230
ENSG00000168060	NAALADL1	7	4	5	1	4	4	5
ENSG00000168061	SAC3D1	362	615	412	355	600	507	710
ENSG00000168062	BATF2	74	156	71	95	97	79	91
ENSG00000168065	SLC22A11	8	16	2	6	8	13	5
ENSG00000168066	SF1	4875	8091	5199	5155	7305	6987	8974
ENSG00000168067	MAP4K2	842	1317	725	835	946	909	1118
ENSG00000168071	CCDC88B	14	17	12	14	6	26	34
ENSG00000168077	SCARA3	142	190	127	135	133	125	194
ENSG00000168078	PBK	1592	2587	1769	1618	2230	2243	2975
ENSG00000168079	SCARA5	2426	4077	2578	2457	2466	2068	2994
ENSG00000168090	COPS6	3200	5677	3693	3557	4871	4629	5736
ENSG00000168092	PAFAH1B2	3438	5791	3644	3535	5685	5310	7159
ENSG00000168096	ANKS3	216	378	214	202	274	209	344
ENSG00000168101	NUDT16L1	505	945	599	609	942	831	1185
ENSG00000168116	KIAA1586	315	543	335	303	407	397	494
ENSG00000168118	RAB4A	1032	1644	1028	924	1169	1211	1387
ENSG00000168124	OR1F1	10	17	11	8	10	13	13
ENSG00000168135	KCNJ4	17	25	19	13	14	7	7
ENSG00000168137	SETD5	4380	7532	4337	4624	5281	4721	5683
ENSG00000168140	VASN	46	91	63	60	48	73	113
ENSG00000168143	FAM83B	2	6	1	2	3	3	5
ENSG00000168148	H3-4	1	1	0	2	4	1	0
ENSG00000168152	THAP9	70	88	54	51	89	82	114
ENSG00000168158	OR2C1	0	1	0	0	0	0	0
ENSG00000168159	RNF187	4051	7174	4471	4367	5886	5601	6623
ENSG00000168172	HOOK3	1263	2057	1235	1175	1700	1566	1921
ENSG00000168175	MAPK1IP1L	1992	3263	1974	2027	2932	2878	3654
ENSG00000168209	DDIT4	4931	8260	5545	5163	6678	6164	7467
ENSG00000168214	RBPJ	6026	9640	5377	5506	6658	6374	7547
ENSG00000168216	LMBRD1	314	427	282	253	409	283	395
ENSG00000168228	ZCCHC4	366	591	314	342	453	405	566
ENSG00000168234	TTC39C	518	879	482	465	588	534	742
ENSG00000168237	GLYCTK	254	485	243	281	329	340	386
ENSG00000168243	GNG4	517	952	568	588	854	712	985
ENSG00000168246	UBTD2	1211	2105	1263	1233	1511	1446	1866
ENSG00000168255	POLR2J3	24	49	19	10	29	32	62
ENSG00000168256	NKIRAS2	1582	2527	1499	1527	2203	2165	2580
ENSG00000168259	DNAJC7	2432	3935	2482	2417	3964	3796	4990
ENSG00000168263	KCNV2	22	26	22	20	17	17	22
ENSG00000168264	IRF2BP2	3960	6712	3817	3726	5134	4861	5501
ENSG00000168268	NT5DC2	1745	3108	2020	2205	3732	3634	4789
ENSG00000168273	SMIM4	336	574	343	308	459	472	583
ENSG00000168275	COA6	655	1129	753	655	1032	872	1161
ENSG00000168280	KIF5C	0	68	109	111	182	160	143
ENSG00000168282	MGAT2	783	1386	874	804	1157	1038	1364
ENSG00000168283	BMI1	1413	2292	1385	1370	1542	1500	1850
ENSG00000168286	THAP11	1020	1814	1179	1154	1611	1539	1951
ENSG00000168288	MMADHC	2833	5086	2988	2908	4128	3979	5295
ENSG00000168291	PDHB	2666	4606	2993	2729	3246	3085	3748
ENSG00000168297	PXK	1068	1682	968	951	1342	1204	1357
ENSG00000168298	H1-4	16	22	8	11	14	13	8
ENSG00000168300	PCMTD1	988	1581	895	848	1101	1049	1209
ENSG00000168301	KCTD6	228	456	247	267	308	278	365
ENSG00000168303	MPLKIP	877	1419	880	872	1280	1282	1591
ENSG00000168306	ACOX2	1	0	0	0	0	0	0
ENSG00000168309	FAM107A	1	4	4	0	2	3	3
ENSG00000168310	IRF2	1216	2005	1275	1217	1622	1572	1931
ENSG00000168329	CX3CR1	1	1	0	0	0	1	1
ENSG00000168334	XIRP1	0	2	1	0	0	0	0
ENSG00000168350	DEGS2	8	18	6	6	8	12	7
ENSG00000168356	SCN11A	40	47	21	24	27	20	40
ENSG00000168374	ARF4	3459	6067	3858	3784	5680	5422	7058
ENSG00000168385	SEPTIN2	6636	11122	6886	6770	9683	9167	12297
ENSG00000168386	FILIP1L	3	7	2	3	2	1	1
ENSG00000168389	MFSD2A	302	557	385	347	448	469	595
ENSG00000168393	DTYMK	677	1088	734	811	1368	1360	1730
ENSG00000168394	TAP1	897	1506	980	907	1287	1331	1456
ENSG00000168395	ING5	1256	1996	1156	1167	1304	1060	1433
ENSG00000168397	ATG4B	461	726	462	468	513	564	652
ENSG00000168398	BDKRB2	43	73	20	30	21	32	13
ENSG00000168404	MLKL	480	718	437	421	759	671	871
ENSG00000168411	RFWD3	2558	4193	2527	2575	4042	4045	5177
ENSG00000168412	MTNR1A	16	27	13	13	24	26	42
ENSG00000168418	KCNG4	6	8	9	5	11	8	11
ENSG00000168421	RHOH	0	0	1	0	0	0	0
ENSG00000168427	KLHL30	0	7	0	0	1	1	7
ENSG00000168434	COG7	601	982	572	571	643	685	789
ENSG00000168438	CDC40	1062	1785	1085	989	1376	1283	1608
ENSG00000168439	STIP1	9041	15260	10146	9765	14356	13901	18375
ENSG00000168453	HR	3513	5747	3408	3574	2853	2692	3462
ENSG00000168454	TXNDC2	3	3	1	3	3	8	4
ENSG00000168461	RAB31	808	1316	785	806	972	831	1075
ENSG00000168476	REEP4	1044	1754	1155	1093	1591	1548	1941
ENSG00000168477	TNXB	15	23	18	22	16	13	16
ENSG00000168481	LGI3	4	8	7	9	6	9	15
ENSG00000168484	SFTPC	0	0	0	2	0	0	0
ENSG00000168487	BMP1	647	1168	675	691	830	537	941
ENSG00000168488	ATXN2L	7146	12172	7083	7333	8975	8714	10750
ENSG00000168490	PHYHIP	102	186	105	102	93	79	125
ENSG00000168491	CCDC110	11	22	10	16	16	18	12
ENSG00000168495	POLR3D	2004	3153	1916	1937	2602	2548	2930
ENSG00000168496	FEN1	2921	4860	3249	3196	8364	8070	11207
ENSG00000168502	MTCL1	401	683	399	456	478	366	620
ENSG00000168505	GBX2	15	22	35	12	31	29	52
ENSG00000168509	HJV	3	2	0	0	1	0	0
ENSG00000168517	HEXIM2	401	723	415	441	645	595	732
ENSG00000168522	FNTA	847	1477	888	865	974	947	1112
ENSG00000168528	SERINC2	593	1002	582	614	737	707	769
ENSG00000168538	TRAPPC11	2223	3706	1974	2129	2563	2589	2905
ENSG00000168539	CHRM1	28	42	29	24	37	46	49
ENSG00000168542	COL3A1	1	2	0	1	1	2	1
ENSG00000168546	GFRA2	3	11	3	6	3	2	6
ENSG00000168556	ING2	353	566	400	358	445	421	533
ENSG00000168564	CDKN2AIP	1137	1866	1052	1095	1407	1348	1720
ENSG00000168566	SNRNP48	809	1303	731	725	1224	1144	1492
ENSG00000168569	TMEM223	660	1103	761	663	1318	1199	1645
ENSG00000168575	SLC20A2	547	1005	622	599	690	670	829
ENSG00000168589	DYNLRB2	2	2	2	1	3	1	1
ENSG00000168591	TMUB2	665	1171	713	662	1031	929	1278
ENSG00000168610	STAT3	6234	10506	6264	6090	7200	7098	8390
ENSG00000168612	ZSWIM1	563	831	549	545	929	883	1169
ENSG00000168615	ADAM9	3187	5327	2847	3212	3530	3277	4458
ENSG00000168621	GDNF	3358	5555	3135	3084	2577	2581	2962
ENSG00000168631	MUCL3	0	0	0	0	0	2	2
ENSG00000168634	WFDC13	0	0	0	0	1	0	1
ENSG00000168646	AXIN2	27	38	21	37	11	21	20
ENSG00000168653	NDUFS5	2334	4061	2721	2448	3388	3262	4266
ENSG00000168658	VWA3B	0	4	0	0	0	0	0
ENSG00000168661	ZNF30	139	228	113	108	150	130	189
ENSG00000168672	LRATD2	13224	22243	12638	12934	12738	11824	15144
ENSG00000168675	LDLRAD4	329	529	281	282	255	319	375
ENSG00000168676	KCTD19	1	0	0	1	0	0	0
ENSG00000168679	SLC16A4	376	605	336	364	369	313	435
ENSG00000168685	IL7R	85	134	137	126	263	289	477
ENSG00000168701	TMEM208	667	1108	726	717	1123	986	1249
ENSG00000168702	LRP1B	7	19	7	7	7	10	13
ENSG00000168710	AHCYL1	6278	10212	6127	6252	7443	6365	8310
ENSG00000168724	DNAJC21	1158	2026	1261	1199	1255	1185	1347
ENSG00000168734	PKIG	1466	2521	1463	1314	1598	1419	1744
ENSG00000168743	NPNT	2	0	1	1	0	2	0
ENSG00000168748	CA7	3	0	0	7	0	9	10
ENSG00000168754	FAM178B	268	437	269	280	353	386	447
ENSG00000168758	SEMA4C	1110	1847	1099	1114	1140	868	1269
ENSG00000168763	CNNM3	948	1610	958	945	1274	1080	1374
ENSG00000168765	GSTM4	857	1587	951	927	1245	1108	1352
ENSG00000168769	TET2	600	872	393	524	458	512	844
ENSG00000168772	CXXC4	36	84	55	58	69	83	63
ENSG00000168778	TCTN2	817	1404	851	860	1329	1241	1555
ENSG00000168779	SHOX2	308	607	373	349	496	446	617
ENSG00000168781	PPIP5K1	391	624	393	377	605	551	668
ENSG00000168785	TSPAN5	177	326	205	150	279	274	300
ENSG00000168792	ABHD15	558	880	572	573	703	665	854
ENSG00000168795	ZBTB5	836	1421	790	849	988	967	1227
ENSG00000168802	CHTF8	1795	2808	1882	1797	1993	2022	2524
ENSG00000168803	ADAL	523	813	470	489	774	724	893
ENSG00000168806	LCMT2	715	1139	709	715	1159	1190	1577
ENSG00000168807	SNTB2	4683	7342	4382	4530	5702	4767	6410
ENSG00000168811	IL12A	13	23	14	19	28	18	27
ENSG00000168813	ZNF507	1299	2082	1075	1247	1874	1746	2291
ENSG00000168818	STX18	510	817	527	496	707	739	858
ENSG00000168824	NSG1	16	23	10	15	12	6	17
ENSG00000168826	ZBTB49	85	163	92	103	175	167	193
ENSG00000168827	GFM1	1481	2807	1736	1580	2316	2277	3374
ENSG00000168828	OR13J1	0	0	0	1	0	0	0
ENSG00000168872	DDX19A	1976	3521	2056	2154	2680	2711	3321
ENSG00000168874	ATOH8	265	399	234	214	128	117	119
ENSG00000168876	ANKRD49	337	486	288	311	422	385	452
ENSG00000168878	SFTPB	2	6	4	2	2	2	2
ENSG00000168883	USP39	1479	2371	1512	1555	1918	1876	2348
ENSG00000168884	TNIP2	625	1078	694	689	786	728	933
ENSG00000168887	C2orf68	1576	2484	1470	1512	1940	1786	2101
ENSG00000168890	TMEM150A	175	370	164	155	189	200	178
ENSG00000168894	RNF181	840	1399	896	809	1284	1356	1571
ENSG00000168899	VAMP5	1086	2058	1323	1257	1736	1642	1991
ENSG00000168904	LRRC28	394	658	398	427	434	414	472
ENSG00000168906	MAT2A	6891	10983	6360	6410	8690	8155	10562
ENSG00000168907	PLA2G4F	3	1	2	1	3	2	6
ENSG00000168913	ENHO	1	0	4	3	11	14	19
ENSG00000168916	ZNF608	1979	3083	1747	2004	2030	1916	2309
ENSG00000168917	SLC35G2	600	1036	549	569	808	723	967
ENSG00000168918	INPP5D	6	8	10	10	3	3	11
ENSG00000168924	LETM1	3174	5435	3414	3462	4497	4198	5446
ENSG00000168936	TMEM129	1900	3297	1823	1809	1933	1586	1946
ENSG00000168938	PPIC	755	1249	857	724	1071	983	1135
ENSG00000168939	SPRY3	15	34	10	16	20	24	22
ENSG00000168944	CEP120	847	1218	621	668	893	733	1056
ENSG00000168952	STXBP6	164	300	216	215	296	280	313
ENSG00000168955	TM4SF20	0	0	0	0	0	0	1
ENSG00000168958	MFF	1372	2281	1310	1269	1591	1565	1816
ENSG00000168959	GRM5	1	5	0	3	0	5	2
ENSG00000168961	LGALS9	2	9	5	6	3	4	2
ENSG00000168970	JMJD7-PLA2G4B	8	7	22	8	31	0	0
ENSG00000168993	CPLX1	4	6	7	3	8	5	10
ENSG00000168994	PXDC1	793	1326	875	868	1124	1107	1384
ENSG00000169016	E2F6	454	760	376	458	536	474	743
ENSG00000169018	FEM1B	2564	4079	2368	2309	2973	2868	3386
ENSG00000169019	COMMD8	540	855	537	472	755	735	963
ENSG00000169020	ATP5ME	1014	1766	1110	1009	1442	1499	1975
ENSG00000169021	UQCRFS1	2122	3626	2272	2332	3423	3374	4270
ENSG00000169026	SLC49A3	16	12	15	9	16	10	34
ENSG00000169031	COL4A3	0	1	0	2	2	0	1
ENSG00000169032	MAP2K1	1590	2565	1483	1570	2069	1922	2706
ENSG00000169045	HNRNPH1	6963	11102	7337	7099	9817	9260	12006
ENSG00000169047	IRS1	149	228	171	175	161	151	236
ENSG00000169057	MECP2	3139	4989	2944	3066	4059	3804	4881
ENSG00000169059	VCX3A	12	14	13	6	4	19	20
ENSG00000169062	UPF3A	1649	2644	1545	1582	2204	1804	2430
ENSG00000169064	ZBBX	1	0	0	0	0	0	0
ENSG00000169067	ACTBL2	45	73	40	44	35	25	56
ENSG00000169071	ROR2	12	21	15	10	21	22	16
ENSG00000169083	AR	0	0	0	2	0	0	0
ENSG00000169084	DHRSX	293	474	314	312	388	358	441
ENSG00000169085	VXN	88	166	108	52	130	123	158
ENSG00000169087	HSPBAP1	255	429	262	223	419	366	466
ENSG00000169093	ASMTL	490	830	503	459	446	370	484
ENSG00000169100	SLC25A6	6146	10775	6657	6436	7106	6786	8170
ENSG00000169105	CHST14	1190	2039	1242	1246	1613	1638	1898
ENSG00000169116	PARM1	27	47	36	27	38	46	52
ENSG00000169118	CSNK1G1	1024	1534	869	1007	1275	1219	1549
ENSG00000169122	FAM110B	35	62	38	39	48	20	52
ENSG00000169126	ODAD2	0	1	1	0	0	0	0
ENSG00000169129	AFAP1L2	2012	3389	2165	2073	2901	2795	3767
ENSG00000169131	ZNF354A	529	888	465	541	530	636	690
ENSG00000169136	ATF5	203	399	229	219	374	333	478
ENSG00000169139	UBE2V2	1333	2221	1358	1115	2200	2112	2698
ENSG00000169154	GOT1L1	1	1	0	0	1	0	0
ENSG00000169155	ZBTB43	868	1357	794	803	1183	1128	1392
ENSG00000169169	CPT1C	4	5	2	0	0	0	1
ENSG00000169174	PCSK9	0	0	0	1	0	2	1
ENSG00000169180	XPO6	5007	8053	4976	5181	5987	5551	7324
ENSG00000169181	GSG1L	0	2	0	0	0	0	1
ENSG00000169184	MN1	45	76	48	58	28	25	23
ENSG00000169188	APEX2	1053	1805	1259	1207	1829	1720	2285
ENSG00000169189	NSMCE1	907	1792	1097	994	1197	1183	1352
ENSG00000169193	CCDC126	189	346	202	202	271	258	285
ENSG00000169203	NPIPB12	562	840	458	510	593	565	719
ENSG00000169213	RAB3B	26	43	26	27	46	31	42
ENSG00000169214	OR6F1	0	1	1	0	0	0	0
ENSG00000169217	CD2BP2	2759	4645	2742	2639	3717	3499	4309
ENSG00000169218	RSPO1	0	0	0	0	0	0	1
ENSG00000169220	RGS14	124	232	119	119	157	140	172
ENSG00000169221	TBC1D10B	1329	2319	1485	1448	2162	2093	2783
ENSG00000169223	LMAN2	3660	6542	4107	3805	4688	4444	5364
ENSG00000169228	RAB24	584	995	632	617	716	702	882
ENSG00000169230	PRELID1	4706	8298	5593	5134	7142	6708	8804
ENSG00000169231	THBS3	1067	1690	830	972	930	938	1083
ENSG00000169239	CA5B	1436	2480	1213	1283	1367	1351	1418
ENSG00000169241	SLC50A1	1627	2645	1654	1519	1896	1816	2087
ENSG00000169242	EFNA1	1066	1956	1042	1073	1123	1134	1162
ENSG00000169245	CXCL10	0	0	0	0	0	0	1
ENSG00000169246	NPIPB3	839	1502	802	812	900	941	1135
ENSG00000169247	SH3TC2	441	727	377	445	507	566	702
ENSG00000169248	CXCL11	1	4	3	1	5	0	2
ENSG00000169249	ZRSR2	456	781	486	452	553	530	605
ENSG00000169251	NMD3	2780	4575	2613	2608	4341	4277	5471
ENSG00000169252	ADRB2	74	108	57	64	92	60	97
ENSG00000169258	GPRIN1	334	557	385	363	609	622	847
ENSG00000169282	KCNAB1	22	31	27	24	34	20	28
ENSG00000169288	MRPL1	177	289	181	124	403	370	436
ENSG00000169291	SHE	104	182	109	119	161	129	173
ENSG00000169297	NR0B1	63	117	54	63	129	123	171
ENSG00000169299	PGM2	1931	3309	2009	1944	2761	2636	3269
ENSG00000169302	STK32A	22	41	0	23	26	23	23
ENSG00000169306	IL1RAPL1	622	910	543	582	818	727	966
ENSG00000169313	P2RY12	2	3	1	2	4	0	5
ENSG00000169314	C22orf15	1	0	0	0	0	0	1
ENSG00000169327	OR5AU1	19	15	10	20	19	16	19
ENSG00000169330	MINAR1	113	166	82	66	93	93	90
ENSG00000169347	GP2	0	3	0	1	0	0	1
ENSG00000169359	SLC33A1	603	980	667	628	1003	791	1089
ENSG00000169371	SNUPN	871	1415	886	814	977	981	1140
ENSG00000169372	CRADD	438	644	426	399	539	480	554
ENSG00000169375	SIN3A	2367	3854	2374	2452	2985	3062	3690
ENSG00000169379	ARL13B	634	1151	590	639	1235	1091	1503
ENSG00000169385	RNASE2	0	0	0	0	0	0	1
ENSG00000169398	PTK2	3125	4997	3113	3105	3389	3237	4020
ENSG00000169402	RSPH10B2	0	2	2	0	0	1	3
ENSG00000169403	PTAFR	16	27	14	27	32	37	55
ENSG00000169410	PTPN9	1902	3394	1861	1969	2169	2247	2745
ENSG00000169418	NPR1	6	12	4	6	16	8	12
ENSG00000169427	KCNK9	0	0	2	0	0	0	0
ENSG00000169429	CXCL8	167	263	181	189	321	308	510
ENSG00000169432	SCN9A	1	2	10	6	6	7	5
ENSG00000169436	COL22A1	299	505	214	258	283	228	348
ENSG00000169439	SDC2	3036	5243	3159	3013	3737	3473	4245
ENSG00000169442	CD52	0	0	1	0	0	2	0
ENSG00000169446	MMGT1	1154	1950	1196	1099	1814	1732	2172
ENSG00000169490	TM2D2	397	658	398	386	551	484	688
ENSG00000169495	HTRA4	6	6	2	1	3	6	5
ENSG00000169499	PLEKHA2	321	555	352	332	549	452	595
ENSG00000169504	CLIC4	13145	21851	12612	12354	15012	14835	17549
ENSG00000169507	SLC38A11	10	13	6	4	6	3	6
ENSG00000169508	GPR183	0	2	0	4	0	0	1
ENSG00000169515	CCDC8	7	12	2	8	5	1	1
ENSG00000169519	METTL15	479	723	395	408	740	791	947
ENSG00000169548	ZNF280A	12	20	10	14	25	29	24
ENSG00000169550	MUC15	486	728	384	410	302	296	264
ENSG00000169551	CT55	0	1	0	1	0	0	2
ENSG00000169554	ZEB2	1114	1928	1215	1224	1797	1849	2265
ENSG00000169562	GJB1	378	711	408	421	749	684	930
ENSG00000169564	PCBP1	9406	16317	10432	10149	22804	22617	29491
ENSG00000169567	HINT1	2616	4406	2738	2563	3879	3591	4586
ENSG00000169570	DTWD2	356	655	357	320	541	560	543
ENSG00000169592	INO80E	1444	2296	1456	1424	2011	1928	2475
ENSG00000169594	BNC1	13	19	21	15	14	12	19
ENSG00000169598	DFFB	174	274	155	171	254	254	256
ENSG00000169599	NFU1	567	863	568	533	806	829	941
ENSG00000169604	ANTXR1	4024	6403	3595	3764	4243	4156	4762
ENSG00000169607	CKAP2L	1546	2540	1419	1493	2766	2770	3608
ENSG00000169609	C15orf40	1210	1838	1199	1129	1253	1150	1511
ENSG00000169612	RAMAC	681	1060	697	634	1200	1237	1515
ENSG00000169618	PROKR1	0	1	0	0	0	0	0
ENSG00000169621	APLF	23	48	24	35	35	34	35
ENSG00000169627	BOLA2B	301	473	243	259	498	428	587
ENSG00000169629	RGPD8	513	932	542	627	799	638	874
ENSG00000169635	HIC2	236	331	221	202	285	231	368
ENSG00000169641	LUZP1	2082	3211	2046	2152	2699	2547	3365
ENSG00000169660	HEXD	125	205	131	113	153	120	158
ENSG00000169676	DRD5	0	3	0	0	0	0	0
ENSG00000169679	BUB1	1583	2548	1643	1719	2127	2210	2649
ENSG00000169682	SPNS1	1694	3028	1846	1668	2320	2236	2667
ENSG00000169683	LRRC45	651	1095	595	632	798	603	980
ENSG00000169684	CHRNA5	123	207	135	142	173	172	229
ENSG00000169689	CENPX	641	1013	688	636	978	907	1340
ENSG00000169692	AGPAT2	1045	1796	1228	1107	1424	1327	1788
ENSG00000169696	ASPSCR1	748	1224	806	708	1158	1148	1320
ENSG00000169710	FASN	25267	41774	26113	27573	28763	27639	34200
ENSG00000169714	CNBP	8076	13674	7951	7694	11941	12079	14669
ENSG00000169715	MT1E	0	4	0	0	0	0	0
ENSG00000169718	DUS1L	2087	3328	1988	1910	2512	2254	2886
ENSG00000169727	GPS1	4026	7105	4247	4403	6279	6223	7618
ENSG00000169733	RFNG	535	1042	605	627	835	792	900
ENSG00000169738	DCXR	631	1099	662	664	868	895	1123
ENSG00000169740	ZNF32	295	476	288	282	338	323	361
ENSG00000169744	LDB2	29	33	22	14	25	20	17
ENSG00000169750	RAC3	207	344	206	237	275	231	323
ENSG00000169752	NRG4	0	0	26	0	12	25	0
ENSG00000169756	LIMS1	1555	2480	1436	1450	1669	1483	1858
ENSG00000169758	TMEM266	0	6	1	0	4	4	0
ENSG00000169760	NLGN1	540	840	457	519	802	799	991
ENSG00000169762	TAPT1	804	1442	735	814	999	952	1208
ENSG00000169764	UGP2	3304	5547	3345	3246	3096	2920	3407
ENSG00000169783	LINGO1	452	797	508	560	547	526	654
ENSG00000169813	HNRNPF	6257	10618	6724	6504	13778	13270	17678
ENSG00000169814	BTD	705	1138	678	729	954	927	1066
ENSG00000169826	CSGALNACT2	650	1094	677	682	851	848	1046
ENSG00000169836	TACR3	0	0	0	2	0	0	0
ENSG00000169851	PCDH7	1690	2790	1546	1549	2356	2026	2526
ENSG00000169855	ROBO1	3288	5452	2884	3303	3752	3733	4507
ENSG00000169856	ONECUT1	4	12	1	7	11	13	33
ENSG00000169857	AVEN	272	395	252	224	388	296	462
ENSG00000169860	P2RY1	142	213	136	157	224	270	293
ENSG00000169862	CTNND2	1	0	0	0	0	0	1
ENSG00000169871	TRIM56	4278	6659	3855	3856	4749	3836	5150
ENSG00000169884	WNT10B	154	199	141	116	209	187	233
ENSG00000169885	CALML6	9	20	11	6	10	3	10
ENSG00000169891	REPS2	20	32	20	20	28	29	33
ENSG00000169894	MUC3A	0	5	0	0	0	0	1
ENSG00000169895	SYAP1	3707	6130	3853	3702	3786	3672	4420
ENSG00000169896	ITGAM	1	1	0	0	1	0	0
ENSG00000169902	TPST1	412	697	460	447	522	486	660
ENSG00000169903	TM4SF4	0	1	0	2	0	1	0
ENSG00000169905	TOR1AIP2	4518	7199	4357	4353	6180	5830	7204
ENSG00000169908	TM4SF1	2170	3495	2050	1963	2257	2101	2412
ENSG00000169914	OTUD3	756	1065	631	712	734	643	937
ENSG00000169918	OTUD7A	12	22	22	18	26	19	36
ENSG00000169919	GUSB	2341	3857	2315	2218	2951	2886	3487
ENSG00000169925	BRD3	2117	3417	2147	2215	2613	2427	3213
ENSG00000169926	KLF13	657	1041	684	704	770	704	879
ENSG00000169933	FRMPD4	10	52	24	33	28	31	40
ENSG00000169946	ZFPM2	6	5	1	9	12	4	5
ENSG00000169951	ZNF764	352	575	337	333	407	405	416
ENSG00000169955	ZNF747	120	203	105	121	189	128	188
ENSG00000169957	ZNF768	1620	2639	1633	1539	1911	1567	2443
ENSG00000169962	TAS1R3	9	14	5	3	3	8	14
ENSG00000169964	TMEM42	244	417	227	266	295	303	336
ENSG00000169967	MAP3K2	1185	1883	1038	1057	1327	1230	1545
ENSG00000169972	PUSL1	248	438	254	258	432	456	537
ENSG00000169976	SF3B5	744	1333	896	859	1445	1474	1848
ENSG00000169981	ZNF35	164	270	204	177	237	258	326
ENSG00000169989	TIGD4	71	114	62	71	72	84	87
ENSG00000169991	IFFO2	1716	2781	1642	1687	1809	1690	2129
ENSG00000169992	NLGN2	2508	4159	2386	2503	2447	2239	2663
ENSG00000169994	MYO7B	0	0	0	1	0	0	2
ENSG00000170004	CHD3	5392	8660	4853	5487	6364	5274	7319
ENSG00000170006	TMEM154	41	57	48	16	29	51	54
ENSG00000170011	MYRIP	0	2	0	0	3	2	6
ENSG00000170017	ALCAM	934	1636	884	916	988	1032	1110
ENSG00000170027	YWHAG	8044	12994	8038	8264	13745	13829	17334
ENSG00000170035	UBE2E3	1673	2679	1642	1616	2030	2123	2477
ENSG00000170037	CNTROB	826	1360	837	828	1176	930	1394
ENSG00000170043	TRAPPC1	1845	3246	2210	1847	2374	2441	2916
ENSG00000170044	ZPLD1	1	1	0	1	0	1	6
ENSG00000170049	KCNAB3	59	92	43	42	96	74	102
ENSG00000170074	FAM153A	0	0	1	1	0	0	0
ENSG00000170075	GPR37L1	8	8	5	5	7	5	3
ENSG00000170085	SIMC1	469	774	503	504	683	701	791
ENSG00000170088	TMEM192	1227	1866	1072	1136	1401	1223	1497
ENSG00000170092	SPDYE5	10	24	12	19	27	15	22
ENSG00000170099	SERPINA6	49	68	35	52	67	61	82
ENSG00000170100	ZNF778	544	763	411	474	534	511	647
ENSG00000170113	NIPA1	1413	2139	1241	1341	1853	1731	2174
ENSG00000170122	FOXD4	2	6	0	3	4	8	9
ENSG00000170142	UBE2E1	2855	4903	2842	2606	3761	3854	4690
ENSG00000170144	HNRNPA3	10092	16342	10586	10496	17606	16086	21287
ENSG00000170145	SIK2	1246	1992	1111	1220	1667	1628	2035
ENSG00000170153	RNF150	1813	2897	1546	1756	1779	1632	2076
ENSG00000170160	CCDC144A	257	349	183	219	278	268	308
ENSG00000170166	HOXD4	57	92	56	73	62	71	74
ENSG00000170175	CHRNB1	234	403	260	232	263	266	282
ENSG00000170178	HOXD12	30	51	13	20	25	23	40
ENSG00000170180	GYPA	0	2	0	0	0	0	0
ENSG00000170185	USP38	302	572	329	361	576	371	534
ENSG00000170190	SLC16A5	880	1523	755	863	877	831	960
ENSG00000170191	NANP	514	757	475	514	666	695	824
ENSG00000170209	ANKK1	12	10	20	10	4	11	9
ENSG00000170214	ADRA1B	16	20	26	32	40	39	48
ENSG00000170222	ADPRM	173	314	180	161	210	225	277
ENSG00000170231	FABP6	69	114	63	73	93	87	102
ENSG00000170234	PWWP2A	444	835	519	438	564	558	700
ENSG00000170236	USP50	0	0	0	0	1	0	0
ENSG00000170242	USP47	1149	1916	1102	1183	1399	1477	1681
ENSG00000170248	PDCD6IP	4042	6861	3748	3859	4922	4995	5804
ENSG00000170260	ZNF212	521	827	554	530	824	710	1056
ENSG00000170262	MRAP	0	0	0	0	1	0	0
ENSG00000170264	FAM161A	254	376	231	235	438	429	536
ENSG00000170265	ZNF282	2297	3983	2282	2348	3632	2966	4673
ENSG00000170266	GLB1	1526	2722	1586	1476	1719	1805	1981
ENSG00000170270	GON7	279	473	289	304	487	494	654
ENSG00000170271	FAXDC2	1145	1891	987	1012	1058	1065	1198
ENSG00000170275	CRTAP	12376	20751	12007	12151	14486	14044	15938
ENSG00000170276	HSPB2	0	3	2	1	2	0	1
ENSG00000170289	CNGB3	2	1	0	1	1	0	1
ENSG00000170290	SLN	0	0	0	0	0	1	0
ENSG00000170291	ELP5	1382	2420	1553	1566	2113	1990	2478
ENSG00000170293	CMTM8	642	1163	652	570	562	642	684
ENSG00000170296	GABARAP	3731	6869	4193	3980	5447	5381	6163
ENSG00000170310	STX8	425	717	384	366	468	463	578
ENSG00000170312	CDK1	2085	3610	2170	2122	3395	3300	4319
ENSG00000170315	UBB	19697	34589	22234	20277	26080	25996	32265
ENSG00000170322	NFRKB	1380	2118	1157	1279	1565	1546	1993
ENSG00000170325	PRDM10	678	1106	595	674	684	659	816
ENSG00000170340	B3GNT2	523	851	580	483	889	926	1281
ENSG00000170345	FOS	881	1456	626	642	858	875	971
ENSG00000170348	TMED10	4088	6873	3917	3954	4994	5026	5782
ENSG00000170364	SETMAR	112	170	76	87	139	126	190
ENSG00000170365	SMAD1	320	486	272	301	391	424	498
ENSG00000170367	CST5	0	0	0	0	0	0	4
ENSG00000170369	CST2	47	84	47	46	50	36	45
ENSG00000170370	EMX2	0	2	1	0	0	0	0
ENSG00000170373	CST1	1	0	0	0	0	0	0
ENSG00000170374	SP7	5	5	6	4	4	4	6
ENSG00000170379	TCAF2	1174	1858	919	1026	1372	1216	1422
ENSG00000170381	SEMA3E	452	765	422	415	501	486	436
ENSG00000170382	LRRN2	2	10	0	8	6	5	8
ENSG00000170385	SLC30A1	1991	3397	1935	2002	2771	2586	3393
ENSG00000170390	DCLK2	31	45	29	22	24	18	31
ENSG00000170396	ZNF804A	0	1	1	0	2	1	1
ENSG00000170412	GPRC5C	2	1	2	1	0	1	2
ENSG00000170417	TMEM182	68	131	64	72	87	101	114
ENSG00000170421	KRT8	533	991	569	542	535	544	538
ENSG00000170423	KRT78	1	2	3	0	0	3	0
ENSG00000170425	ADORA2B	485	862	501	479	567	546	679
ENSG00000170426	SDR9C7	1	0	0	0	0	0	0
ENSG00000170430	MGMT	305	567	322	347	490	476	574
ENSG00000170439	METTL7B	260	460	273	247	405	434	528
ENSG00000170442	KRT86	2	3	2	4	8	1	4
ENSG00000170445	HARS1	2568	4115	2619	2389	3711	3659	4661
ENSG00000170448	NFXL1	903	1507	743	839	1053	975	1328
ENSG00000170454	KRT75	0	2	0	3	0	4	1
ENSG00000170456	DENND5B	1131	1834	1012	1185	1406	1321	1680
ENSG00000170458	CD14	16	14	15	11	5	9	10
ENSG00000170464	DNAJC18	420	716	390	383	392	419	507
ENSG00000170468	RIOX1	296	547	384	320	558	516	668
ENSG00000170469	SPATA24	63	112	88	78	94	117	140
ENSG00000170471	RALGAPB	3323	5306	3002	3281	3860	3796	4640
ENSG00000170473	PYM1	493	922	611	558	931	888	1164
ENSG00000170482	SLC23A1	24	41	28	29	21	20	10
ENSG00000170485	NPAS2	3050	5230	2778	2893	3803	3736	4304
ENSG00000170498	KISS1	1	0	0	0	0	0	0
ENSG00000170500	LONRF2	1752	2622	1330	1522	1894	1784	2196
ENSG00000170502	NUDT9	124	248	155	159	285	273	322
ENSG00000170509	HSD17B13	19	25	15	10	21	14	16
ENSG00000170515	PA2G4	10688	17560	11605	11060	21628	20757	27070
ENSG00000170522	ELOVL6	912	1656	949	993	1427	1307	1638
ENSG00000170523	KRT83	1	0	1	0	0	0	0
ENSG00000170525	PFKFB3	8868	14730	8831	8839	9146	8814	10632
ENSG00000170537	TMC7	275	498	333	317	424	401	545
ENSG00000170540	ARL6IP1	4241	7033	4923	4492	6865	6226	8068
ENSG00000170542	SERPINB9	41	53	30	44	47	50	37
ENSG00000170545	SMAGP	637	1117	713	631	744	792	981
ENSG00000170549	IRX1	91	164	110	102	101	100	120
ENSG00000170558	CDH2	3321	5411	3392	3449	4913	4881	6073
ENSG00000170571	EMB	926	1376	860	867	1294	1257	1561
ENSG00000170577	SIX2	0	4	0	1	3	0	1
ENSG00000170579	DLGAP1	323	509	300	313	342	334	346
ENSG00000170581	STAT2	1045	1903	1161	1245	1223	1225	1336
ENSG00000170584	NUDCD2	729	1217	818	693	989	930	1098
ENSG00000170604	IRF2BP1	2125	3647	2287	2145	3077	2295	3759
ENSG00000170606	HSPA4	8240	13858	8597	8756	11860	11640	14462
ENSG00000170608	FOXA3	25	46	31	31	44	47	35
ENSG00000170619	COMMD5	825	1444	909	846	1128	1073	1383
ENSG00000170624	SGCD	544	897	464	527	733	795	904
ENSG00000170627	GTSF1	1503	2666	1691	1615	2540	2366	2965
ENSG00000170631	ZNF16	186	325	165	178	252	225	266
ENSG00000170632	ARMC10	1444	2523	1419	1424	1697	1654	1928
ENSG00000170633	RNF34	824	1320	915	813	1078	1085	1411
ENSG00000170634	ACYP2	91	168	81	98	99	73	118
ENSG00000170638	TRABD	1128	1883	1232	1216	1600	1587	1800
ENSG00000170653	ATF7	1317	2193	1268	1304	1665	1632	1964
ENSG00000170667	RASA4B	65	130	27	51	20	31	51
ENSG00000170677	SOCS6	1155	1941	1061	1114	1173	1278	1463
ENSG00000170681	CAVIN4	36	71	27	27	41	31	66
ENSG00000170683	OR10A3	2	0	3	3	7	4	8
ENSG00000170684	ZNF296	63	123	54	62	104	87	116
ENSG00000170689	HOXB9	1785	2914	1678	1652	2303	2227	2488
ENSG00000170703	TTLL6	34	55	22	18	70	59	66
ENSG00000170734	POLH	1052	1742	1031	1063	1102	1068	1307
ENSG00000170745	KCNS3	692	1106	745	681	1020	970	1278
ENSG00000170748	RBMXL2	0	0	0	1	0	1	0
ENSG00000170759	KIF5B	7416	12208	7274	7241	9885	9631	12340
ENSG00000170775	GPR37	569	923	548	569	719	745	842
ENSG00000170776	AKAP13	2228	3513	1874	2056	2790	2841	3405
ENSG00000170779	CDCA4	1147	1985	1311	1388	2680	2546	3701
ENSG00000170788	DYDC1	0	0	1	0	0	0	0
ENSG00000170790	OR10A2	22	43	26	20	27	19	34
ENSG00000170791	CHCHD7	404	644	468	388	561	551	640
ENSG00000170801	HTRA3	50	127	58	67	57	60	72
ENSG00000170802	FOXN2	905	1522	878	856	1493	1442	1892
ENSG00000170807	LMOD2	0	0	3	1	0	0	0
ENSG00000170819	BFSP2	0	0	0	0	1	0	0
ENSG00000170832	USP32	2409	3937	2337	2448	3100	2936	3598
ENSG00000170835	CEL	11	16	14	6	16	21	27
ENSG00000170836	PPM1D	492	889	420	499	1042	845	1000
ENSG00000170846	NA	177	248	112	180	236	131	246
ENSG00000170848	PSG6	0	1	0	0	0	0	0
ENSG00000170852	KBTBD2	1663	2671	1561	1499	2152	2063	2506
ENSG00000170854	RIOX2	789	1362	854	771	1042	921	1148
ENSG00000170855	TRIAP1	536	883	527	542	873	875	1134
ENSG00000170860	LSM3	1281	2146	1462	1286	1216	1320	1665
ENSG00000170871	KIAA0232	1297	2120	1213	1280	1482	1472	1803
ENSG00000170873	MTSS1	116	200	98	132	106	112	105
ENSG00000170876	TMEM43	2153	3567	2053	2122	3131	2862	3917
ENSG00000170881	RNF139	730	1245	791	747	953	906	1209
ENSG00000170889	RPS9	20649	35086	23477	20848	23518	22245	25978
ENSG00000170890	PLA2G1B	0	0	1	0	0	1	2
ENSG00000170891	CYTL1	46	63	31	36	40	35	60
ENSG00000170892	TSEN34	823	1577	998	992	1210	1160	1413
ENSG00000170899	GSTA4	484	779	461	426	523	536	580
ENSG00000170903	MSANTD4	1228	2032	1206	1178	1874	1822	2462
ENSG00000170906	NDUFA3	171	209	149	182	211	184	184
ENSG00000170909	OSCAR	18	25	19	22	21	21	14
ENSG00000170915	PAQR8	731	1198	759	735	878	831	998
ENSG00000170917	NUDT6	182	314	189	166	254	207	295
ENSG00000170921	TANC2	5073	7763	4144	4677	4565	4926	5671
ENSG00000170923	OR7G2	6	12	7	8	11	4	10
ENSG00000170927	PKHD1	44	65	36	32	34	34	47
ENSG00000170946	DNAJC24	540	887	555	505	530	500	635
ENSG00000170949	ZNF160	546	884	485	504	666	682	808
ENSG00000170953	OR8B12	2	8	0	3	2	3	1
ENSG00000170954	ZNF415	12	36	23	27	27	13	25
ENSG00000170955	CAVIN3	1065	1853	1208	1243	1570	1345	2043
ENSG00000170959	DCDC1	0	2	3	1	3	3	0
ENSG00000170961	HAS2	69	102	76	72	127	87	150
ENSG00000170962	PDGFD	329	557	266	335	321	368	420
ENSG00000170965	PLAC1	4	0	0	6	11	9	15
ENSG00000170967	DDI1	0	1	0	0	0	0	0
ENSG00000170989	S1PR1	1	4	3	2	9	11	4
ENSG00000171004	HS6ST2	455	744	440	440	526	489	572
ENSG00000171016	PYGO1	618	1116	670	620	760	763	828
ENSG00000171017	LRRC8E	222	424	206	260	333	332	492
ENSG00000171033	PKIA	20	22	17	15	20	24	32
ENSG00000171044	XKR6	58	104	59	76	101	61	110
ENSG00000171045	TSNARE1	309	576	283	338	411	345	459
ENSG00000171051	FPR1	0	1	0	2	3	1	0
ENSG00000171055	FEZ2	876	1521	936	835	1304	1113	1479
ENSG00000171056	SOX7	7	11	5	5	20	17	12
ENSG00000171067	C11orf24	1891	3286	2094	2029	2761	2650	3298
ENSG00000171094	ALK	158	292	180	178	197	184	295
ENSG00000171097	KYAT1	274	416	241	268	281	288	303
ENSG00000171100	MTM1	413	614	388	390	466	579	568
ENSG00000171102	OBP2B	0	0	0	0	3	0	0
ENSG00000171103	TRMT61B	519	851	505	463	824	688	979
ENSG00000171105	INSR	861	1395	823	875	1031	1049	1299
ENSG00000171109	MFN1	2148	3418	2050	2109	2365	2254	2771
ENSG00000171116	HSFX1	49	80	39	45	42	53	32
ENSG00000171119	NRTN	36	113	63	55	74	77	83
ENSG00000171121	KCNMB3	17	15	25	12	9	7	7
ENSG00000171124	FUT3	3	3	1	0	4	2	1
ENSG00000171126	KCNG3	25	23	14	16	32	28	48
ENSG00000171130	ATP6V0E2	984	1685	1076	1032	1720	1705	2059
ENSG00000171132	PRKCE	511	815	478	530	680	699	783
ENSG00000171135	JAGN1	1300	2335	1419	1448	2035	1973	2558
ENSG00000171136	RLN3	0	1	1	0	0	0	0
ENSG00000171148	TADA3	2785	4552	2896	2760	3878	3734	4397
ENSG00000171150	SOCS5	1668	2732	1615	1529	1855	1856	2264
ENSG00000171155	C1GALT1C1	497	818	488	532	936	971	1215
ENSG00000171159	BBLN	1089	1882	1092	1097	1225	1263	1336
ENSG00000171160	MORN4	350	550	326	319	457	472	540
ENSG00000171161	ZNF672	1875	3089	1902	1841	2177	2115	2718
ENSG00000171163	ZNF692	641	1158	680	518	688	845	704
ENSG00000171169	NAIF1	413	691	455	497	567	427	681
ENSG00000171174	RBKS	31	69	31	36	57	45	73
ENSG00000171180	OR2M4	3	1	0	0	1	0	2
ENSG00000171189	GRIK1	12	4	4	3	7	9	11
ENSG00000171195	MUC7	15	33	16	29	42	30	33
ENSG00000171202	TMEM126A	485	774	525	471	649	634	765
ENSG00000171204	TMEM126B	499	880	471	453	408	702	516
ENSG00000171206	TRIM8	1567	2615	1550	1569	1981	1789	2327
ENSG00000171208	NETO2	1020	1636	1056	1050	1380	1306	1816
ENSG00000171217	CLDN20	60	93	43	62	61	57	60
ENSG00000171219	CDC42BPG	41	61	41	36	50	45	50
ENSG00000171222	SCAND1	1773	3040	1921	1880	3071	3009	3587
ENSG00000171223	JUNB	3665	6259	3450	3329	3710	3380	4029
ENSG00000171224	FAM241B	19	28	19	26	53	51	81
ENSG00000171227	TMEM37	2	2	3	3	0	1	0
ENSG00000171234	UGT2B7	87	137	73	68	111	97	112
ENSG00000171236	LRG1	8	11	6	3	5	8	8
ENSG00000171241	SHCBP1	1801	2935	1837	1868	2869	2776	3747
ENSG00000171243	SOSTDC1	6	6	11	6	6	18	20
ENSG00000171246	NPTX1	25	40	23	26	51	53	76
ENSG00000171262	FAM98B	1814	3228	2056	1911	3229	2674	4025
ENSG00000171291	ZNF439	210	370	207	200	277	284	353
ENSG00000171295	ZNF440	596	864	499	502	736	644	779
ENSG00000171298	GAA	3241	5464	3046	2941	3365	3183	3560
ENSG00000171302	CANT1	1325	2314	1457	1436	1667	1790	2140
ENSG00000171303	KCNK3	27	26	19	27	27	31	29
ENSG00000171307	ZDHHC16	1061	1823	1085	1139	1521	1334	1986
ENSG00000171310	CHST11	5979	9773	5531	5903	6466	6396	7170
ENSG00000171311	EXOSC1	800	1413	836	772	1435	1410	1753
ENSG00000171314	PGAM1	12226	20626	13697	13019	20819	20380	25888
ENSG00000171316	CHD7	1614	2250	1012	1488	1584	1752	2172
ENSG00000171320	ESCO2	446	717	435	508	1133	996	1507
ENSG00000171345	KRT19	2	0	1	0	0	0	0
ENSG00000171346	KRT15	4	12	4	3	3	12	3
ENSG00000171357	LURAP1	148	290	168	190	201	209	214
ENSG00000171365	CLCN5	700	1051	615	654	781	798	902
ENSG00000171368	TPPP	46	99	41	67	81	44	113
ENSG00000171385	KCND3	3	3	2	1	4	4	4
ENSG00000171388	APLN	10	24	17	18	31	12	40
ENSG00000171403	KRT9	0	1	7	4	3	6	6
ENSG00000171408	PDE7B	224	312	163	186	199	203	231
ENSG00000171421	MRPL36	753	1321	856	825	944	878	1248
ENSG00000171425	ZNF581	661	1218	699	642	730	784	779
ENSG00000171428	NAT1	37	77	46	40	54	68	71
ENSG00000171435	KSR2	11	26	9	18	18	31	26
ENSG00000171443	ZNF524	248	406	249	243	357	351	362
ENSG00000171444	MCC	540	861	493	562	689	723	852
ENSG00000171448	ZBTB26	555	938	536	521	644	530	625
ENSG00000171450	CDK5R2	19	27	23	14	22	21	17
ENSG00000171451	DSEL	187	249	179	171	190	163	219
ENSG00000171453	POLR1C	609	1049	583	591	731	672	901
ENSG00000171456	ASXL1	2959	4725	2776	2964	3559	3464	4192
ENSG00000171462	DLK2	59	97	55	62	73	91	125
ENSG00000171466	ZNF562	928	1543	883	872	1346	1324	1533
ENSG00000171467	ZNF318	1089	1805	1007	1131	1155	1245	1389
ENSG00000171469	ZNF561	812	1276	709	785	1143	1048	1355
ENSG00000171475	WIPF2	2607	4258	2486	2640	2953	2973	3355
ENSG00000171488	LRRC8C	920	1504	787	931	996	894	1091
ENSG00000171490	RSL1D1	5153	8565	5075	4919	7664	7734	9304
ENSG00000171492	LRRC8D	1936	3159	1919	1977	2314	2206	2610
ENSG00000171497	PPID	1149	1931	1215	1121	1616	1696	1999
ENSG00000171502	COL24A1	16	24	16	10	15	11	20
ENSG00000171503	ETFDH	177	346	179	208	209	283	304
ENSG00000171517	LPAR3	1110	2012	1093	1059	1114	1120	1343
ENSG00000171522	PTGER4	4	11	6	5	9	6	22
ENSG00000171530	TBCA	4151	6906	4795	4261	5994	5402	6943
ENSG00000171532	NEUROD2	0	1	0	0	0	0	0
ENSG00000171533	MAP6	7	11	5	7	7	9	12
ENSG00000171540	OTP	1	5	2	3	0	1	3
ENSG00000171552	BCL2L1	759	1324	961	787	1094	1060	1276
ENSG00000171557	FGG	1	2	1	0	2	2	5
ENSG00000171561	OR2AT4	11	9	6	3	14	1	5
ENSG00000171564	FGB	2	2	3	2	4	0	2
ENSG00000171566	PLRG1	1555	2742	1578	1571	3014	2925	3757
ENSG00000171574	ZNF584	275	461	329	242	329	343	444
ENSG00000171596	NMUR1	2	10	7	7	2	1	3
ENSG00000171603	CLSTN1	5437	9036	5345	5591	6304	6346	7675
ENSG00000171604	CXXC5	1826	3041	2026	1936	1892	1827	2107
ENSG00000171606	ZNF274	548	937	528	514	719	760	946
ENSG00000171608	PIK3CD	673	1294	818	780	842	753	878
ENSG00000171611	PTCRA	16	20	11	16	20	19	26
ENSG00000171612	SLC25A33	491	856	565	501	760	752	981
ENSG00000171617	ENC1	959	1672	1119	1209	1858	1803	3055
ENSG00000171621	SPSB1	858	1553	942	823	1035	1010	1130
ENSG00000171631	P2RY6	26	48	25	37	35	20	34
ENSG00000171634	BPTF	3091	4843	2669	2946	3466	3290	4016
ENSG00000171643	S100Z	17	12	9	11	17	18	16
ENSG00000171649	ZIK1	81	151	86	74	255	248	375
ENSG00000171657	GPR82	12	13	7	17	19	14	16
ENSG00000171659	GPR34	1	0	1	0	0	0	0
ENSG00000171680	PLEKHG5	970	1667	819	864	1019	1046	1203
ENSG00000171681	ATF7IP	3418	5562	3143	3406	4476	4320	5103
ENSG00000171695	LKAAEAR1	1	4	1	3	5	5	7
ENSG00000171700	RGS19	358	588	390	382	520	496	576
ENSG00000171703	TCEA2	563	954	576	550	483	473	580
ENSG00000171714	ANO5	22	28	22	17	15	18	19
ENSG00000171720	HDAC3	1301	2244	1335	1360	2038	1984	2497
ENSG00000171722	SPATA46	2	5	6	4	3	1	7
ENSG00000171723	GPHN	612	1041	624	602	823	862	1060
ENSG00000171724	VAT1L	3491	5850	3352	3375	3779	3530	4348
ENSG00000171729	TMEM51	347	613	361	368	694	650	822
ENSG00000171735	CAMTA1	983	1550	1038	988	1026	1052	1178
ENSG00000171747	LGALS4	1	1	3	2	3	4	2
ENSG00000171757	LRRC34	1	4	1	0	2	2	2
ENSG00000171763	SPATA5L1	280	504	303	327	349	376	457
ENSG00000171766	GATM	9	16	6	8	8	13	17
ENSG00000171772	SYCE1	14	19	8	6	13	6	4
ENSG00000171773	NXNL1	0	0	0	0	0	0	1
ENSG00000171786	NHLH1	12	20	15	19	10	12	12
ENSG00000171790	SLFNL1	34	33	18	30	33	25	42
ENSG00000171791	BCL2	184	259	169	172	339	323	414
ENSG00000171792	RHNO1	665	1122	775	728	941	914	1238
ENSG00000171793	CTPS1	2232	3509	2296	2335	2927	2882	3751
ENSG00000171798	KNDC1	1	4	3	2	1	1	3
ENSG00000171804	WDR87	0	0	0	0	0	1	1
ENSG00000171806	METTL18	280	482	316	283	401	389	513
ENSG00000171811	CFAP46	0	0	0	0	0	0	1
ENSG00000171812	COL8A2	65	151	89	58	77	57	78
ENSG00000171813	PWWP2B	299	487	331	319	411	405	510
ENSG00000171815	PCDHB1	33	55	27	35	32	25	45
ENSG00000171817	ZNF540	2	19	0	10	13	12	8
ENSG00000171819	ANGPTL7	3	1	5	2	1	2	4
ENSG00000171823	FBXL14	405	670	413	439	590	405	662
ENSG00000171824	EXOSC10	2418	4060	2353	2384	3648	3733	4456
ENSG00000171827	ZNF570	147	273	173	124	214	181	198
ENSG00000171840	NINJ2	2	4	5	0	3	6	6
ENSG00000171843	MLLT3	1253	2173	1213	1276	1630	1597	1782
ENSG00000171847	FAM90A1	84	163	91	97	125	109	127
ENSG00000171848	RRM2	124	460	182	535	492	799	1421
ENSG00000171853	TRAPPC12	823	1365	824	781	1104	1068	1299
ENSG00000171858	RPS21	9381	16382	10442	10181	12500	12410	15225
ENSG00000171860	C3AR1	48	62	57	50	74	61	92
ENSG00000171861	MRM3	687	1082	698	669	1131	1068	1450
ENSG00000171862	PTEN	2077	3486	2119	2133	1976	1701	2275
ENSG00000171863	RPS7	15977	28499	17321	16950	24369	23245	29122
ENSG00000171864	PRND	0	3	0	0	1	3	0
ENSG00000171865	RNASEH1	1957	3243	1874	2019	2405	2233	2986
ENSG00000171867	PRNP	9807	15823	10286	9853	15216	13521	20136
ENSG00000171872	KLF17	2	10	4	2	1	0	4
ENSG00000171873	ADRA1D	3	1	1	4	0	1	0
ENSG00000171877	FRMD5	720	1346	808	809	948	972	1235
ENSG00000171903	CYP4F11	1	1	0	0	0	0	0
ENSG00000171914	TLN2	759	1195	647	712	818	819	884
ENSG00000171928	TVP23B	1344	2226	1330	1209	1761	1607	2005
ENSG00000171931	FBXW10	2	7	10	2	9	9	9
ENSG00000171940	ZNF217	2460	4093	2330	2452	3131	2933	3448
ENSG00000171943	SRGAP2C	2862	4455	2641	2653	2969	2882	3435
ENSG00000171951	SCG2	519	862	427	475	561	565	654
ENSG00000171953	ATPAF2	359	589	400	360	438	379	491
ENSG00000171954	CYP4F22	0	2	0	0	0	0	0
ENSG00000171956	FOXB1	1	0	1	0	0	1	0
ENSG00000171960	PPIH	900	1510	940	900	1349	1158	1671
ENSG00000171962	DRC3	36	51	15	24	43	29	42
ENSG00000171970	ZNF57	85	130	90	98	116	79	142
ENSG00000171984	SHLD1	102	163	101	102	153	168	183
ENSG00000171988	JMJD1C	1768	2720	1484	1753	2116	1989	2580
ENSG00000171989	LDHAL6B	5	8	2	5	5	4	9
ENSG00000171992	SYNPO	2026	3318	1846	1965	1921	1727	2239
ENSG00000172000	ZNF556	189	263	160	142	220	206	265
ENSG00000172005	MAL	0	0	0	0	0	1	0
ENSG00000172006	ZNF554	100	176	116	91	139	108	131
ENSG00000172007	RAB33B	141	256	156	122	263	280	319
ENSG00000172009	THOP1	1017	1913	1120	1191	1936	1782	2382
ENSG00000172020	GAP43	397	629	453	374	592	634	705
ENSG00000172031	EPHX4	179	266	157	129	259	252	319
ENSG00000172037	LAMB2	8203	13774	7616	7930	9464	8721	10424
ENSG00000172046	USP19	4588	7613	4534	4446	4336	4403	4856
ENSG00000172053	QARS1	6934	11643	7070	6910	8673	8588	10142
ENSG00000172057	ORMDL3	725	1186	739	693	955	687	1156
ENSG00000172058	SERF1A	99	202	111	100	133	164	405
ENSG00000172059	KLF11	133	202	133	140	204	189	248
ENSG00000172061	LRRC15	47	56	55	45	49	30	74
ENSG00000172062	SMN1	1983	3271	2044	1761	2641	2532	3058
ENSG00000172071	EIF2AK3	599	772	552	562	765	712	805
ENSG00000172073	TEX37	0	0	1	0	1	1	0
ENSG00000172081	MOB3A	541	948	539	565	826	768	993
ENSG00000172086	KRCC1	333	526	310	271	419	392	381
ENSG00000172113	NME6	455	706	418	429	621	542	688
ENSG00000172115	CYCS	3243	5570	3699	3224	5365	5276	6863
ENSG00000172116	CD8B	0	0	0	1	0	0	1
ENSG00000172123	SLFN12	308	441	251	277	341	323	404
ENSG00000172137	CALB2	13	17	13	12	20	14	32
ENSG00000172139	SLC9C1	4	1	3	2	4	6	5
ENSG00000172146	OR1A1	36	73	43	33	50	49	49
ENSG00000172155	LCE1D	0	0	0	1	0	0	0
ENSG00000172159	FRMD3	802	1306	767	773	1030	994	1252
ENSG00000172164	SNTB1	3912	6508	3724	3917	5210	4751	6030
ENSG00000172167	MTBP	484	694	418	482	703	646	914
ENSG00000172171	TEFM	212	408	236	236	409	379	511
ENSG00000172172	MRPL13	1263	2072	1310	1147	2253	2063	2796
ENSG00000172175	MALT1	889	1605	688	868	789	824	937
ENSG00000172183	ISG20	1052	1745	1136	1074	1483	1562	1893
ENSG00000172197	MBOAT1	1005	1568	923	951	1196	1125	1323
ENSG00000172201	ID4	836	1345	818	768	991	783	1118
ENSG00000172209	GPR22	0	0	0	0	1	0	0
ENSG00000172215	CXCR6	12	4	4	2	11	6	10
ENSG00000172216	CEBPB	3236	5583	3463	3361	3508	3220	3623
ENSG00000172232	AZU1	17	42	23	25	39	25	32
ENSG00000172239	PAIP1	2919	4811	2975	3018	3986	3747	4605
ENSG00000172243	CLEC7A	21	28	15	18	16	7	17
ENSG00000172244	C5orf34	363	639	417	377	594	574	797
ENSG00000172247	C1QTNF4	6	22	6	4	10	11	12
ENSG00000172260	NEGR1	65	80	37	44	70	78	102
ENSG00000172262	ZNF131	818	1287	775	759	979	964	1119
ENSG00000172264	MACROD2	49	63	57	41	33	38	24
ENSG00000172269	DPAGT1	1172	1906	1112	1102	1578	1522	2057
ENSG00000172270	BSG	17607	30442	19257	18140	22613	22463	26176
ENSG00000172273	HINFP	372	634	365	342	428	430	527
ENSG00000172292	CERS6	468	839	478	483	680	690	910
ENSG00000172296	SPTLC3	0	0	1	0	1	1	0
ENSG00000172301	COPRS	693	1288	813	747	1100	1111	1384
ENSG00000172315	TP53RK	708	1239	755	673	1424	1400	1896
ENSG00000172318	B3GALT1	130	205	131	118	144	162	225
ENSG00000172320	OR5A1	3	13	4	3	8	9	4
ENSG00000172324	OR5A2	8	13	5	6	1	6	7
ENSG00000172331	BPGM	374	613	398	348	388	425	493
ENSG00000172336	POP7	709	1215	819	805	1407	1435	1969
ENSG00000172339	ALG14	158	257	137	145	168	162	183
ENSG00000172340	SUCLG2	5109	8784	4824	4758	5366	5337	5991
ENSG00000172345	STARD5	11	78	19	43	41	57	75
ENSG00000172346	CSDC2	0	1	6	0	2	2	3
ENSG00000172348	RCAN2	7	20	6	9	1	4	6
ENSG00000172349	IL16	617	864	481	452	608	617	582
ENSG00000172350	ABCG4	30	56	33	40	40	26	43
ENSG00000172354	GNB2	5687	10122	6397	6171	7727	7418	9272
ENSG00000172361	CFAP53	21	32	33	14	24	30	28
ENSG00000172365	OR5B2	0	0	0	0	0	0	2
ENSG00000172366	MCRIP2	186	303	159	168	294	295	402
ENSG00000172367	PDZD3	1	3	0	1	0	1	3
ENSG00000172375	C2CD2L	723	1200	789	772	1016	973	1147
ENSG00000172379	ARNT2	5097	8610	4629	4812	5718	5797	6235
ENSG00000172380	GNG12	11053	18003	10345	10474	17444	16494	21942
ENSG00000172382	PRSS27	18	26	18	14	8	14	6
ENSG00000172399	MYOZ2	141	227	119	137	105	88	94
ENSG00000172403	SYNPO2	318	530	304	317	334	316	418
ENSG00000172404	DNAJB7	6	15	5	8	11	10	15
ENSG00000172409	CLP1	515	875	522	504	939	877	1252
ENSG00000172421	EFCAB3	2	5	1	1	8	5	14
ENSG00000172425	TTC36	2	0	0	0	1	0	0
ENSG00000172426	RSPH9	23	31	31	21	27	28	30
ENSG00000172428	COPS9	297	585	359	322	586	599	756
ENSG00000172432	GTPBP2	3257	5190	2664	2979	3226	1742	4158
ENSG00000172456	FGGY	88	158	83	66	108	80	121
ENSG00000172458	IL17D	201	349	211	212	212	229	244
ENSG00000172465	TCEAL1	189	347	191	197	288	300	323
ENSG00000172466	ZNF24	2624	4322	2489	2444	3920	3755	4738
ENSG00000172469	MANEA	360	715	333	384	576	612	720
ENSG00000172476	RAB40A	16	36	23	18	10	24	20
ENSG00000172478	MAB21L4	0	0	0	0	2	0	0
ENSG00000172493	AFF1	500	754	466	464	642	597	759
ENSG00000172497	ACOT12	3	8	1	8	5	7	3
ENSG00000172500	FIBP	2850	4851	3046	2899	4044	3820	4957
ENSG00000172508	CARNS1	15	54	0	0	39	12	32
ENSG00000172519	OR10H5	21	42	14	16	20	12	24
ENSG00000172530	BANP	554	929	625	580	819	773	954
ENSG00000172531	PPP1CA	2843	5341	3583	3274	5121	5095	6260
ENSG00000172534	HCFC1	6020	9812	5858	6595	7222	6705	8900
ENSG00000172543	CTSW	3	4	3	5	4	4	11
ENSG00000172548	NIPAL4	200	313	134	183	277	249	235
ENSG00000172551	MUCL1	0	0	0	0	1	0	0
ENSG00000172568	FNDC9	2	0	1	2	0	0	3
ENSG00000172572	PDE3A	2606	4183	2078	2120	3324	3108	3278
ENSG00000172575	RASGRP1	44	62	35	27	69	64	70
ENSG00000172578	KLHL6	1	9	5	4	3	4	4
ENSG00000172586	CHCHD1	376	636	416	415	697	623	837
ENSG00000172590	MRPL52	365	645	388	364	585	545	754
ENSG00000172594	SMPDL3A	217	310	230	241	246	203	274
ENSG00000172602	RND1	9	14	10	0	15	12	11
ENSG00000172613	RAD9A	225	428	325	314	507	433	677
ENSG00000172638	EFEMP2	185	264	165	154	208	148	235
ENSG00000172640	OR10AD1	2	8	1	1	5	4	1
ENSG00000172650	AGAP5	107	145	107	98	113	95	88
ENSG00000172661	WASHC2C	742	1193	620	682	831	834	1000
ENSG00000172663	TMEM134	187	306	208	168	241	233	233
ENSG00000172667	ZMAT3	1404	2300	1335	1318	1606	1434	1721
ENSG00000172671	ZFAND4	2	16	5	9	16	10	15
ENSG00000172687	ZNF738	548	820	497	499	705	651	824
ENSG00000172689	MS4A10	14	20	20	13	11	13	16
ENSG00000172716	SLFN11	573	990	716	698	1249	1308	1662
ENSG00000172717	GARIN2	1	4	1	0	0	0	2
ENSG00000172725	CORO1B	3574	6504	3805	3750	4903	4736	5462
ENSG00000172728	FUT10	153	296	134	147	147	212	180
ENSG00000172731	LRRC20	321	528	362	298	514	447	698
ENSG00000172732	MUS81	981	1435	812	875	1096	1029	1370
ENSG00000172733	PURG	2	0	0	4	0	0	0
ENSG00000172738	TMEM217	2	5	3	8	2	0	5
ENSG00000172742	OR4D9	23	22	13	11	19	17	16
ENSG00000172748	ZNF596	22	57	19	29	23	27	41
ENSG00000172757	CFL1	26695	46688	31628	29399	42392	42636	54062
ENSG00000172765	TMCC1	316	532	318	316	387	410	446
ENSG00000172766	NAA16	617	991	617	665	744	735	954
ENSG00000172771	EFCAB12	6	10	6	17	8	18	30
ENSG00000172775	PSME3IP1	2228	3906	2323	2328	3054	2972	3644
ENSG00000172780	RAB43	699	920	742	745	745	527	703
ENSG00000172782	FADS6	0	6	0	0	1	3	0
ENSG00000172785	CBWD1	763	1349	801	819	888	783	1062
ENSG00000172789	HOXC5	98	155	133	99	217	209	285
ENSG00000172794	RAB37	0	0	0	0	0	1	0
ENSG00000172795	DCP2	1184	1964	1109	1129	1335	1226	1672
ENSG00000172803	SNX32	1	0	0	0	0	1	0
ENSG00000172809	RPL38	9023	14795	9847	8447	11362	11864	14131
ENSG00000172817	CYP7B1	101	171	106	103	140	115	146
ENSG00000172818	OVOL1	3	6	1	5	1	0	0
ENSG00000172819	RARG	2902	4997	3095	2987	3066	2963	3565
ENSG00000172824	CES4A	4	3	0	2	1	5	6
ENSG00000172828	CES3	72	119	56	49	74	82	81
ENSG00000172830	SSH3	816	1406	826	794	829	801	861
ENSG00000172831	CES2	1046	1742	1057	1076	1175	1056	1152
ENSG00000172840	PDP2	1692	2657	1453	1490	2022	1773	2218
ENSG00000172845	SP3	2256	3678	2086	2200	3143	2981	3939
ENSG00000172869	DMXL1	1208	2013	971	1280	1470	1417	1707
ENSG00000172878	METAP1D	167	305	142	149	193	166	205
ENSG00000172888	ZNF621	1654	2573	1393	1437	1644	1541	1956
ENSG00000172889	EGFL7	218	345	190	189	214	236	260
ENSG00000172890	NADSYN1	657	1024	574	635	703	695	810
ENSG00000172893	DHCR7	1506	2744	1624	1630	2155	2039	2552
ENSG00000172901	LVRN	0	0	2	4	0	1	0
ENSG00000172915	NBEA	638	1084	541	619	847	792	1012
ENSG00000172922	RNASEH2C	505	1011	679	653	613	550	868
ENSG00000172927	MYEOV	0	7	0	0	1	2	0
ENSG00000172932	ANKRD13D	366	689	413	449	577	557	592
ENSG00000172935	MRGPRF	2	2	3	3	3	0	1
ENSG00000172936	MYD88	1082	1818	1021	1039	1250	1275	1481
ENSG00000172938	MRGPRD	0	0	0	0	2	0	0
ENSG00000172939	OXSR1	1957	3024	1963	2030	2774	2571	3293
ENSG00000172940	SLC22A13	6	4	3	8	12	3	10
ENSG00000172943	PHF8	1479	2331	1449	1539	1962	1939	2345
ENSG00000172954	LCLAT1	765	1327	751	841	1079	1153	1451
ENSG00000172955	ADH6	0	0	0	1	0	2	0
ENSG00000172967	XKR3	1	0	1	0	1	0	0
ENSG00000172969	FRG2C	1	1	0	1	1	0	0
ENSG00000172977	KAT5	908	1577	885	945	1225	1151	1412
ENSG00000172985	SH3RF3	460	714	425	439	473	467	565
ENSG00000172986	GXYLT2	322	583	360	412	491	461	545
ENSG00000172987	HPSE2	8	8	6	7	6	7	4
ENSG00000172992	DCAKD	551	940	560	557	636	574	704
ENSG00000172995	ARPP21	117	158	90	127	185	177	241
ENSG00000173011	TADA2B	635	1064	669	648	813	703	918
ENSG00000173013	CCDC96	42	71	51	50	69	41	93
ENSG00000173020	GRK2	2328	3783	2467	2344	3230	3029	3756
ENSG00000173039	RELA	2346	3968	2322	2335	3025	3126	3850
ENSG00000173041	ZNF680	290	482	312	275	364	347	409
ENSG00000173064	HECTD4	1344	2031	1030	1401	1602	1491	1817
ENSG00000173065	FAM222B	768	1286	756	797	1160	1049	1388
ENSG00000173068	BNC2	1456	2266	1270	1354	1968	1955	2303
ENSG00000173080	RXFP4	2	2	0	3	6	7	1
ENSG00000173083	HPSE	102	179	96	79	130	119	148
ENSG00000173085	COQ2	150	286	185	152	243	211	271
ENSG00000173110	HSPA6	168	349	182	156	324	294	380
ENSG00000173113	TRMT112	4983	8598	5526	5376	7182	6948	9437
ENSG00000173114	LRRN3	0	2	0	0	0	0	0
ENSG00000173120	KDM2A	1724	2895	1621	1922	2600	2197	3136
ENSG00000173124	ACSM6	0	0	0	0	1	0	0
ENSG00000173137	ADCK5	155	347	229	187	275	301	360
ENSG00000173141	MRPL57	870	1587	983	888	1397	1364	1666
ENSG00000173145	NOC3L	1993	3461	1863	1972	2443	2240	2723
ENSG00000173153	ESRRA	1957	3291	2055	1954	2358	1536	2579
ENSG00000173156	RHOD	0	0	0	0	0	1	0
ENSG00000173157	ADAMTS20	98	156	76	93	108	97	104
ENSG00000173163	COMMD1	211	378	245	234	345	369	487
ENSG00000173166	RAPH1	610	924	556	668	963	944	1217
ENSG00000173171	MTX1	1710	3118	1954	1900	2334	2121	2710
ENSG00000173175	ADCY5	37	51	50	43	19	20	24
ENSG00000173193	PARP14	1527	2539	1274	1705	1960	1823	2038
ENSG00000173200	PARP15	197	322	165	177	214	196	247
ENSG00000173207	CKS1B	2283	3835	2623	2517	3744	3603	4629
ENSG00000173208	ABCD2	11	12	7	6	8	7	4
ENSG00000173210	ABLIM3	238	488	299	326	371	415	567
ENSG00000173212	MAB21L3	1197	1859	1003	1063	1348	1232	1593
ENSG00000173214	MFSD4B	436	604	438	433	650	377	570
ENSG00000173218	VANGL1	630	1112	697	692	971	924	1161
ENSG00000173221	GLRX	603	1069	645	627	900	943	1015
ENSG00000173226	IQCB1	499	856	480	417	922	928	1246
ENSG00000173227	SYT12	22	43	29	20	17	14	25
ENSG00000173230	GOLGB1	3138	4541	2981	3318	4089	4277	4791
ENSG00000173237	C11orf86	0	0	5	0	1	1	2
ENSG00000173250	GPR151	0	0	2	0	0	3	0
ENSG00000173253	DMRT2	401	700	310	366	401	292	398
ENSG00000173258	ZNF483	153	242	110	118	196	177	218
ENSG00000173261	PLAC8L1	8	15	13	9	13	22	27
ENSG00000173262	SLC2A14	13	6	12	11	13	13	6
ENSG00000173264	GPR137	1204	2178	1377	1254	1612	1547	2018
ENSG00000173267	SNCG	3	5	6	1	2	2	5
ENSG00000173269	MMRN2	47	93	51	56	45	54	46
ENSG00000173272	MZT2A	612	1155	699	646	895	731	1017
ENSG00000173273	TNKS	1868	3100	1625	1681	2137	2118	2500
ENSG00000173275	ZNF449	198	303	160	160	206	215	258
ENSG00000173276	ZBTB21	740	1229	646	715	1054	995	1332
ENSG00000173281	PPP1R3B	628	1121	608	669	634	667	697
ENSG00000173285	OR10K1	11	20	11	5	10	6	20
ENSG00000173320	STOX2	500	757	408	446	532	500	654
ENSG00000173327	MAP3K11	3437	5870	3630	3606	4541	4158	5429
ENSG00000173334	TRIB1	2129	3498	1906	2051	2125	2103	2514
ENSG00000173338	KCNK7	4	10	8	7	10	7	15
ENSG00000173366	NA	11	0	0	9	0	0	0
ENSG00000173376	NDNF	3	5	2	4	4	5	1
ENSG00000173401	GLIPR1L1	0	5	2	1	4	0	4
ENSG00000173402	DAG1	6758	11498	7634	8000	10117	9920	13131
ENSG00000173404	INSM1	0	0	0	0	0	0	1
ENSG00000173406	DAB1	563	876	551	599	671	671	795
ENSG00000173409	ARV1	847	1454	864	854	1081	1111	1392
ENSG00000173418	NAA20	1783	3039	1864	1732	3249	3002	3909
ENSG00000173421	IHO1	14	22	7	13	19	24	22
ENSG00000173432	SAA1	0	0	1	0	1	0	0
ENSG00000173436	MICOS10	1144	2031	1433	1440	2176	2008	2893
ENSG00000173442	EHBP1L1	3880	6582	3984	3921	4231	2775	5147
ENSG00000173451	THAP2	91	146	92	76	80	89	102
ENSG00000173456	RNF26	2779	4746	3193	3102	4517	4164	5264
ENSG00000173457	PPP1R14B	2921	5044	3505	3344	4308	3853	5623
ENSG00000173465	ZNRD2	976	1559	1025	970	1851	1817	2419
ENSG00000173473	SMARCC1	6427	10235	5903	6187	8982	8333	10473
ENSG00000173480	ZNF417	404	596	366	409	593	543	745
ENSG00000173482	PTPRM	663	1103	544	564	712	699	706
ENSG00000173486	FKBP2	716	1262	841	721	967	744	1129
ENSG00000173511	VEGFB	849	1569	979	923	1131	1058	1126
ENSG00000173517	PEAK1	1726	2684	1527	1670	2120	2037	2576
ENSG00000173531	MST1	162	190	149	98	139	163	167
ENSG00000173535	TNFRSF10C	21	37	17	15	19	20	14
ENSG00000173540	GMPPB	1509	2419	1522	1562	1986	1857	2543
ENSG00000173542	MOB1B	2043	3417	1970	1900	2722	2546	3130
ENSG00000173545	ZNF622	1517	2535	1451	1469	3434	3242	4132
ENSG00000173546	CSPG4	35313	58818	34409	35563	54601	51459	65639
ENSG00000173548	SNX33	1640	2543	1540	1579	1805	1679	2211
ENSG00000173557	FAM166C	14	41	35	14	35	46	41
ENSG00000173559	NABP1	405	524	338	380	443	422	475
ENSG00000173567	ADGRF3	0	9	0	3	0	20	2
ENSG00000173575	CHD2	2750	4395	2434	2719	3365	3117	3568
ENSG00000173578	XCR1	0	0	0	0	0	0	1
ENSG00000173581	CCDC106	736	1387	814	762	897	844	990
ENSG00000173585	CCR9	0	2	0	1	0	0	2
ENSG00000173588	CEP83	384	628	333	332	455	384	367
ENSG00000173597	SULT1B1	255	325	179	221	306	245	295
ENSG00000173598	NUDT4	4452	7383	4636	4611	6245	6050	7455
ENSG00000173599	PC	2450	4127	2457	2464	2776	2548	3121
ENSG00000173611	SCAI	344	534	296	318	390	378	458
ENSG00000173612	GPRC6A	0	0	0	0	0	0	1
ENSG00000173614	NMNAT1	238	452	280	243	419	302	435
ENSG00000173621	LRFN4	878	1606	934	946	1346	1090	1654
ENSG00000173626	TRAPPC3L	8	10	5	7	8	6	7
ENSG00000173627	APOBEC4	0	0	0	0	0	1	1
ENSG00000173638	SLC19A1	699	1241	781	806	1128	1033	1368
ENSG00000173641	HSPB7	0	1	2	0	0	1	0
ENSG00000173653	RCE1	316	499	389	359	473	480	599
ENSG00000173660	UQCRH	6477	10875	7250	6533	8172	8523	10561
ENSG00000173662	TAS1R1	2	7	1	2	6	3	6
ENSG00000173673	HES3	0	0	0	0	0	0	1
ENSG00000173674	EIF1AX	2413	4016	2421	2397	4136	3933	5127
ENSG00000173678	SPDYE2B	16	0	0	0	0	0	0
ENSG00000173681	BCLAF3	204	301	145	164	212	189	249
ENSG00000173692	PSMD1	3421	5620	3627	3534	3877	3722	4835
ENSG00000173698	ADGRG2	2	1	0	2	6	2	5
ENSG00000173702	MUC13	19	32	20	22	34	42	22
ENSG00000173705	SUSD5	1687	2569	1435	1470	1567	1595	1798
ENSG00000173706	HEG1	2970	4892	3048	3307	3289	3136	4061
ENSG00000173714	WFIKKN2	0	0	0	0	0	0	1
ENSG00000173715	C11orf80	176	305	198	169	264	246	294
ENSG00000173726	TOMM20	14564	24376	14023	13373	17341	16440	19384
ENSG00000173744	AGFG1	1904	3164	1958	1961	2149	2059	2439
ENSG00000173757	STAT5B	1626	2828	1486	1482	1703	1664	1443
ENSG00000173762	CD7	1	2	3	0	0	2	0
ENSG00000173786	CNP	8942	14846	9579	9297	14567	13568	17743
ENSG00000173801	JUP	139	282	187	182	223	226	228
ENSG00000173805	HAP1	40	69	30	39	48	42	55
ENSG00000173809	TDRD12	1	0	2	0	0	0	1
ENSG00000173812	EIF1	7320	13898	8228	7668	9706	9822	11735
ENSG00000173818	ENDOV	188	372	226	212	259	211	238
ENSG00000173821	RNF213	4547	6460	3295	4252	4677	4571	5502
ENSG00000173825	TIGD3	11	18	18	12	17	16	22
ENSG00000173826	KCNH6	2	3	3	2	1	0	1
ENSG00000173838	MARCHF10	87	121	57	59	54	56	61
ENSG00000173846	PLK3	241	411	225	224	261	275	312
ENSG00000173848	NET1	1804	2906	1683	1729	2310	2205	2724
ENSG00000173852	DPY19L1	2853	4572	2815	2740	3099	3074	3723
ENSG00000173867	NA	47	77	34	30	68	38	34
ENSG00000173868	PHOSPHO1	85	167	77	89	81	63	78
ENSG00000173875	ZNF791	1672	2646	1535	1481	2024	1961	2361
ENSG00000173889	PHC3	1349	2020	1117	1181	1363	1294	1566
ENSG00000173890	GPR160	12	21	11	16	21	19	30
ENSG00000173894	CBX2	1379	2201	1405	1407	2104	2006	2720
ENSG00000173898	SPTBN2	3101	4708	2630	2866	3921	3567	4326
ENSG00000173905	GOLIM4	2358	3691	2220	2277	2800	2546	3425
ENSG00000173914	RBM4B	324	637	356	381	530	492	657
ENSG00000173915	ATP5MK	2763	4832	3110	2940	4480	4692	6125
ENSG00000173917	HOXB2	1435	2424	1468	1372	1752	1712	2230
ENSG00000173918	C1QTNF1	188	360	203	189	296	261	305
ENSG00000173926	MARCHF3	29	45	17	30	31	32	32
ENSG00000173928	SWSAP1	141	217	136	123	144	160	182
ENSG00000173930	SLCO4C1	0	1	0	1	0	0	0
ENSG00000173933	RBM4	2595	4561	2765	2778	3256	3226	3866
ENSG00000173947	PIFO	4	0	0	4	9	2	3
ENSG00000173950	XXYLT1	383	643	420	396	435	484	542
ENSG00000173960	UBXN2A	830	1326	837	800	1459	1314	1740
ENSG00000173976	RAX2	1	0	0	0	0	0	0
ENSG00000173988	LRRC63	15	5	2	6	31	30	40
ENSG00000173991	TCAP	9	21	18	7	15	2	17
ENSG00000173992	CCS	465	793	493	476	717	564	777
ENSG00000174004	NRROS	108	205	138	143	172	172	209
ENSG00000174007	CEP19	122	244	143	125	169	185	226
ENSG00000174010	KLHL15	732	1216	721	741	940	915	1051
ENSG00000174013	FBXO45	769	1235	774	718	1081	891	1307
ENSG00000174015	CBY2	0	1	2	3	0	0	0
ENSG00000174016	TENT5D	10	15	8	7	17	21	20
ENSG00000174021	GNG5	1338	2284	1519	1428	2036	2186	2751
ENSG00000174032	SLC25A30	431	695	408	429	604	551	702
ENSG00000174038	C9orf131	1	2	3	1	1	0	1
ENSG00000174059	CD34	63	94	44	49	68	49	72
ENSG00000174080	CTSF	2168	4040	2159	2057	2506	2546	2599
ENSG00000174099	MSRB3	445	695	439	398	707	742	876
ENSG00000174106	LEMD3	915	1450	838	880	1341	1117	1639
ENSG00000174109	C16orf91	335	564	315	371	597	564	672
ENSG00000174123	TLR10	16	12	11	10	20	9	11
ENSG00000174125	TLR1	35	98	53	39	66	70	79
ENSG00000174130	TLR6	507	745	310	381	562	534	577
ENSG00000174132	FAM174A	335	522	342	316	426	444	496
ENSG00000174136	RGMB	1021	1667	956	977	1241	1187	1508
ENSG00000174137	FAM53A	59	88	53	54	76	70	78
ENSG00000174145	NWD2	2	0	3	1	1	0	2
ENSG00000174151	CYB561D1	571	937	518	537	658	615	694
ENSG00000174165	ZDHHC24	919	1589	897	917	1079	1012	1184
ENSG00000174173	TRMT10C	1154	1856	1212	1067	2111	1916	2680
ENSG00000174177	CTU2	503	848	536	606	724	784	883
ENSG00000174197	MGA	1182	1739	964	1028	1492	1548	2086
ENSG00000174206	KICS2	403	620	370	369	416	368	448
ENSG00000174225	ARL13A	1	3	0	0	0	0	2
ENSG00000174227	PIGG	769	1397	838	742	1020	1041	1295
ENSG00000174231	PRPF8	13716	21739	12214	14737	19489	19564	24510
ENSG00000174233	ADCY6	1883	3077	1857	1833	2245	2081	2618
ENSG00000174236	REP15	45	47	45	38	60	52	57
ENSG00000174238	PITPNA	2739	4548	2750	2849	3800	3312	4552
ENSG00000174243	DDX23	2604	4477	2965	2734	4066	3702	5098
ENSG00000174276	ZNHIT2	524	879	617	566	827	914	1162
ENSG00000174279	EVX2	5	14	4	4	10	5	3
ENSG00000174282	ZBTB4	2300	3653	2188	2244	2536	2082	2915
ENSG00000174292	TNK1	76	133	58	72	79	85	83
ENSG00000174306	ZHX3	2219	3639	2005	2161	2361	2233	2783
ENSG00000174307	PHLDA3	2649	4598	3025	3266	3503	1788	4398
ENSG00000174326	SLC16A11	3	10	5	5	8	4	11
ENSG00000174327	SLC16A13	176	337	215	228	298	280	328
ENSG00000174332	GLIS1	8	8	4	4	5	5	6
ENSG00000174343	CHRNA9	2	10	0	1	5	2	5
ENSG00000174348	PODN	0	0	1	0	0	0	0
ENSG00000174371	EXO1	1407	2274	1406	1395	2091	2087	2829
ENSG00000174373	RALGAPA1	553	965	511	540	712	670	737
ENSG00000174405	LIG4	887	1433	787	844	974	962	1191
ENSG00000174417	TRHR	2	2	2	3	3	1	0
ENSG00000174428	GTF2IRD2B	334	498	291	312	309	335	366
ENSG00000174429	ABRA	1	1	0	0	0	1	2
ENSG00000174437	ATP2A2	9533	15324	9418	9694	12442	11831	15412
ENSG00000174442	ZWILCH	1203	1917	1201	1182	2003	1876	2700
ENSG00000174444	RPL4	15609	25137	15641	14355	15615	14576	16962
ENSG00000174446	SNAPC5	380	692	396	425	509	507	617
ENSG00000174448	STARD6	0	1	0	1	0	2	0
ENSG00000174453	VWC2L	1	0	0	0	0	0	1
ENSG00000174456	C12orf76	452	746	338	370	524	503	504
ENSG00000174460	ZCCHC12	0	0	0	1	0	0	0
ENSG00000174469	CNTNAP2	0	2	0	2	0	0	0
ENSG00000174473	GALNTL6	0	7	2	2	0	0	2
ENSG00000174482	LINGO2	58	104	44	48	78	64	66
ENSG00000174483	BBS1	513	728	398	444	656	592	690
ENSG00000174485	DENND4A	1371	2364	1231	1378	1801	1800	2082
ENSG00000174498	IGDCC3	3	4	1	4	5	2	6
ENSG00000174500	GCSAM	29	48	19	32	33	25	49
ENSG00000174501	ANKRD36C	237	321	162	169	288	243	318
ENSG00000174502	SLC26A9	9	10	7	0	0	0	3
ENSG00000174514	MFSD4A	6	3	2	7	3	3	0
ENSG00000174516	PELI3	428	758	442	460	539	494	640
ENSG00000174521	TTC9B	16	23	21	17	20	19	15
ENSG00000174527	MYO1H	1	1	1	1	3	0	1
ENSG00000174529	TMEM81	117	184	88	96	110	114	109
ENSG00000174547	MRPL11	552	963	552	595	910	967	1107
ENSG00000174562	KLK15	0	0	0	0	1	0	0
ENSG00000174564	IL20RB	13	17	3	13	20	20	7
ENSG00000174567	GOLT1A	0	0	0	0	1	0	0
ENSG00000174574	AKIRIN1	2222	3533	2146	2097	2908	2789	3349
ENSG00000174576	NPAS4	2	0	0	0	0	0	0
ENSG00000174579	MSL2	1233	2118	1178	1256	1476	1310	1681
ENSG00000174586	ZNF497	160	236	174	148	195	168	235
ENSG00000174599	TRAM1L1	77	108	60	62	66	72	95
ENSG00000174606	ANGEL2	883	1468	803	879	1096	1011	1251
ENSG00000174607	UGT8	653	1099	653	687	990	910	1224
ENSG00000174611	KY	0	0	1	0	0	0	1
ENSG00000174628	IQCK	149	250	131	176	230	190	219
ENSG00000174640	SLCO2A1	1	1	0	0	0	0	0
ENSG00000174652	ZNF266	789	1331	735	825	1123	1175	1355
ENSG00000174667	OR7D4	2	1	2	1	2	0	1
ENSG00000174669	SLC29A2	247	419	267	297	336	365	401
ENSG00000174672	BRSK2	96	120	77	85	144	129	180
ENSG00000174684	B4GAT1	1123	1945	1217	1141	1408	1338	1494
ENSG00000174695	TMEM167A	2595	4369	2634	2634	3635	3583	4230
ENSG00000174697	LEP	0	1	0	0	0	0	0
ENSG00000174705	SH3PXD2B	2853	4586	2851	2946	3929	3980	5059
ENSG00000174718	RESF1	984	1606	908	951	997	1003	1176
ENSG00000174720	LARP7	1236	1983	1208	1107	1875	1535	2014
ENSG00000174721	FGFBP3	68	87	61	58	85	68	95
ENSG00000174738	NR1D2	3003	4705	2590	2668	3063	2895	3519
ENSG00000174740	PABPC5	1	6	8	3	1	5	0
ENSG00000174744	BRMS1	914	1579	985	999	1299	1333	1741
ENSG00000174748	RPL15	32364	55688	33234	31442	40935	41009	48264
ENSG00000174749	FAM241A	2019	3439	1878	1884	2666	2326	3117
ENSG00000174775	HRAS	661	1150	755	717	1079	1033	1430
ENSG00000174776	WDR49	0	0	0	0	0	0	1
ENSG00000174780	SRP72	6114	9991	6134	6037	7789	7509	9132
ENSG00000174788	PCP2	0	0	1	1	0	1	1
ENSG00000174791	RIN1	676	1079	640	671	786	728	939
ENSG00000174792	ODAPH	8	10	3	3	8	3	8
ENSG00000174796	THAP6	206	393	221	223	301	229	349
ENSG00000174799	CEP135	531	884	556	545	827	752	1016
ENSG00000174804	FZD4	1489	2469	1448	1549	1214	1195	1555
ENSG00000174807	CD248	0	2	0	0	1	1	0
ENSG00000174808	BTC	43	62	32	31	49	30	42
ENSG00000174827	PDZK1	9	29	8	8	9	12	6
ENSG00000174837	ADGRE1	308	549	318	328	514	470	582
ENSG00000174839	DENND6A	1080	1901	1099	1099	1484	1348	1605
ENSG00000174840	PDE12	1321	2248	1320	1427	2380	2292	3009
ENSG00000174842	GLMN	294	425	235	232	290	262	335
ENSG00000174844	DNAH12	5	5	3	2	2	3	4
ENSG00000174851	YIF1A	1750	3090	1907	1900	2686	2579	3107
ENSG00000174871	CNIH2	137	249	190	175	228	244	252
ENSG00000174885	NLRP6	17	49	16	27	24	10	18
ENSG00000174886	NDUFA11	2151	3783	2620	2580	3364	3160	4166
ENSG00000174891	RSRC1	1077	1855	1138	1007	1563	1417	1729
ENSG00000174898	CATSPERD	0	0	0	0	0	0	2
ENSG00000174903	RAB1B	4697	8200	5362	5246	7767	7756	10136
ENSG00000174915	PTDSS2	531	851	594	579	719	723	941
ENSG00000174917	MICOS13	957	1783	1212	1124	1498	1482	1747
ENSG00000174928	C3orf33	104	96	111	90	136	144	171
ENSG00000174938	SEZ6L2	2489	4419	2629	2553	2782	2742	3011
ENSG00000174939	ASPHD1	952	1573	974	940	973	602	1054
ENSG00000174943	KCTD13	682	1100	648	712	820	686	883
ENSG00000174944	P2RY14	1	0	0	0	1	1	0
ENSG00000174945	AMZ1	4	10	5	4	6	6	12
ENSG00000174950	CD164L2	1	0	0	0	0	0	0
ENSG00000174951	FUT1	2	7	5	8	4	3	12
ENSG00000174953	DHX36	3427	5680	3365	3223	3935	3505	4114
ENSG00000174957	OR5J2	0	2	3	0	2	1	1
ENSG00000174963	ZIC4	17	18	5	14	4	17	18
ENSG00000174989	FBXW8	801	1265	689	749	893	958	1095
ENSG00000174990	CA5A	0	0	1	0	0	0	1
ENSG00000174992	ZG16	1	0	0	0	1	1	1
ENSG00000174996	KLC2	1392	2318	1413	1504	2101	1984	2758
ENSG00000175003	SLC22A1	0	2	0	2	0	1	0
ENSG00000175018	TEX36	0	1	0	0	0	0	2
ENSG00000175029	CTBP2	3379	5632	3416	3432	4220	4231	5192
ENSG00000175040	CHST2	1215	2090	1518	1360	1667	1456	2490
ENSG00000175048	ZDHHC14	206	306	207	249	293	292	348
ENSG00000175054	ATR	1325	2291	1201	1446	1642	1683	2166
ENSG00000175063	UBE2C	1803	3168	2037	1880	3139	3178	4015
ENSG00000175066	GK5	449	718	467	466	487	525	658
ENSG00000175073	VCPIP1	1105	1816	1043	1166	1392	1274	1678
ENSG00000175087	PDIK1L	291	541	265	267	387	397	493
ENSG00000175093	SPSB4	76	116	79	77	110	91	160
ENSG00000175097	RAG2	0	0	0	0	1	0	0
ENSG00000175104	TRAF6	375	590	353	395	473	501	638
ENSG00000175105	ZNF654	963	1467	799	864	1219	1096	1510
ENSG00000175106	TVP23C	153	253	182	181	208	191	235
ENSG00000175110	MRPS22	1320	2404	1385	1364	2446	2333	3107
ENSG00000175115	PACS1	1745	2839	1688	1974	2389	2227	2719
ENSG00000175130	MARCKSL1	5971	10260	6386	6082	6496	6131	7471
ENSG00000175137	SH3BP5L	1818	3157	1957	1928	1652	1555	1855
ENSG00000175155	YPEL2	1774	2767	1546	1647	1712	1571	1811
ENSG00000175164	ABO	2	1	0	0	0	2	0
ENSG00000175166	PSMD2	6560	10803	7050	6768	8033	7779	10208
ENSG00000175175	PPM1E	356	584	337	378	622	580	746
ENSG00000175182	FAM131A	585	1024	626	542	669	669	836
ENSG00000175183	CSRP2	1107	1934	1372	1284	1933	1879	2679
ENSG00000175189	INHBC	6	15	4	2	6	4	5
ENSG00000175193	PARL	751	1255	802	763	1083	1067	1431
ENSG00000175197	DDIT3	547	924	524	544	706	675	793
ENSG00000175198	PCCA	617	1021	613	541	580	633	708
ENSG00000175202	HIGD2B	0	6	2	2	0	0	1
ENSG00000175203	DCTN2	1984	3436	1969	1844	2946	2668	3183
ENSG00000175206	NPPA	6	6	9	4	8	6	12
ENSG00000175213	ZNF408	353	760	420	406	626	621	777
ENSG00000175215	CTDSP2	6041	10254	6023	6088	7579	7337	8253
ENSG00000175216	CKAP5	7609	12561	7205	8193	11047	11318	14380
ENSG00000175220	ARHGAP1	2315	4042	2504	2455	3653	3608	4394
ENSG00000175221	MED16	1356	2399	1560	1582	2163	1985	2493
ENSG00000175224	ATG13	3563	5990	3590	3618	4491	4586	5729
ENSG00000175229	GAL3ST3	2	11	6	4	8	5	6
ENSG00000175262	C1orf127	3	3	0	1	0	0	0
ENSG00000175264	CHST1	1185	1928	1334	1254	1265	1241	1474
ENSG00000175265	GOLGA8A	1130	1830	956	1085	1297	1212	1384
ENSG00000175267	VWA3A	23	30	14	23	14	33	28
ENSG00000175274	TP53I11	3830	6561	3840	3797	4920	4785	5516
ENSG00000175279	CENPS	331	434	332	315	537	461	637
ENSG00000175283	DOLK	596	925	649	581	895	873	1112
ENSG00000175287	PHYHD1	6	9	8	4	4	5	11
ENSG00000175294	CATSPER1	190	316	137	184	181	184	191
ENSG00000175305	CCNE2	245	422	250	290	594	572	793
ENSG00000175309	PHYKPL	300	500	284	270	324	348	425
ENSG00000175311	ANKS4B	6	8	9	10	13	0	10
ENSG00000175315	CST6	3	3	2	2	2	2	1
ENSG00000175318	GRAMD2A	0	1	1	0	0	0	0
ENSG00000175322	ZNF519	70	93	56	87	76	20	64
ENSG00000175324	LSM1	498	829	543	544	695	688	899
ENSG00000175325	PROP1	0	0	0	1	1	0	4
ENSG00000175329	ISX	0	1	0	0	0	0	1
ENSG00000175334	BANF1	3256	5686	4031	3672	5704	5553	7077
ENSG00000175336	APOF	1	1	2	1	3	1	0
ENSG00000175344	CHRNA7	2	20	8	0	3	9	0
ENSG00000175348	TMEM9B	620	1014	675	602	859	801	1067
ENSG00000175352	NRIP3	246	465	307	263	336	302	402
ENSG00000175354	PTPN2	601	1019	647	602	686	691	853
ENSG00000175356	SCUBE2	5	2	1	0	3	1	1
ENSG00000175376	EIF1AD	768	1248	805	747	1151	1169	1495
ENSG00000175387	SMAD2	2361	3851	2233	2200	2533	2425	2845
ENSG00000175390	EIF3F	3171	5469	3249	3481	4550	4668	5111
ENSG00000175395	ZNF25	181	264	133	131	99	127	130
ENSG00000175414	ARL10	98	181	92	94	143	114	137
ENSG00000175416	CLTB	1628	2595	1781	1645	2311	2069	2973
ENSG00000175426	PCSK1	1909	3269	1454	1412	2458	2328	2115
ENSG00000175445	LPL	2898	4657	2810	2888	3452	3624	4762
ENSG00000175449	RFESD	47	70	72	54	64	73	104
ENSG00000175455	CCDC14	2969	4731	2616	2793	3421	3309	4171
ENSG00000175463	TBC1D10C	5	8	0	4	5	0	2
ENSG00000175467	SART1	3266	5397	3530	3359	4994	3370	6122
ENSG00000175470	PPP2R2D	341	557	357	355	473	551	710
ENSG00000175471	MCTP1	644	965	587	626	785	820	938
ENSG00000175482	POLD4	1599	2944	1762	1819	2007	1978	2297
ENSG00000175489	LRRC25	1	5	1	3	5	8	6
ENSG00000175505	CLCF1	198	346	206	199	228	268	278
ENSG00000175518	UBQLNL	2	1	1	0	0	0	1
ENSG00000175535	PNLIP	0	0	0	1	0	2	0
ENSG00000175536	LIPT2	45	103	72	65	77	62	85
ENSG00000175538	KCNE3	1	0	0	0	1	0	3
ENSG00000175544	CABP4	14	14	12	15	17	7	20
ENSG00000175548	ALG10B	976	1608	890	927	1343	1226	1448
ENSG00000175550	DRAP1	4182	7038	5115	4692	5887	4653	7620
ENSG00000175556	LONRF3	264	415	261	251	293	296	371
ENSG00000175564	UCP3	23	26	23	22	35	22	41
ENSG00000175567	UCP2	230	392	227	216	388	372	535
ENSG00000175573	C11orf68	1327	2201	1448	1352	2219	1969	2772
ENSG00000175575	PAAF1	716	1153	660	738	910	892	968
ENSG00000175581	MRPL48	509	950	551	506	715	796	1014
ENSG00000175582	RAB6A	2895	4705	2865	2920	4225	3904	4935
ENSG00000175591	P2RY2	17	33	17	21	19	17	19
ENSG00000175592	FOSL1	2016	3333	2175	2148	3379	3346	4872
ENSG00000175595	ERCC4	860	1397	855	796	1436	1317	1738
ENSG00000175600	SUGCT	33	75	39	52	51	60	60
ENSG00000175602	CCDC85B	3685	6397	4071	3862	5508	4276	6635
ENSG00000175606	TMEM70	389	625	377	411	749	582	898
ENSG00000175634	RPS6KB2	1023	1797	1123	1123	1297	1394	1543
ENSG00000175643	RMI2	739	1191	713	736	1102	958	1265
ENSG00000175662	TOM1L2	2083	3637	2145	2191	2464	2374	2891
ENSG00000175691	ZNF77	78	117	66	83	90	94	84
ENSG00000175697	GPR156	45	116	70	61	85	88	108
ENSG00000175699	CCDC197	1	2	0	0	0	0	0
ENSG00000175701	MTLN	0	0	1	1	1	0	0
ENSG00000175707	KDF1	0	2	0	1	0	1	0
ENSG00000175711	B3GNTL1	278	488	253	271	345	329	373
ENSG00000175727	MLXIP	2346	3872	2350	2427	2965	2807	3523
ENSG00000175745	NR2F1	273	473	281	275	330	305	353
ENSG00000175756	AURKAIP1	2874	5023	3362	3262	4679	3985	5734
ENSG00000175764	TTLL11	303	538	307	307	362	349	413
ENSG00000175768	TOMM5	2121	3629	2463	2231	2855	2970	3902
ENSG00000175782	SLC35E3	355	559	356	339	411	350	416
ENSG00000175785	PRIMA1	256	378	234	260	241	244	309
ENSG00000175787	ZNF169	174	280	141	174	181	139	159
ENSG00000175792	RUVBL1	2756	4709	3173	3028	4491	4232	5677
ENSG00000175793	SFN	3	5	1	0	3	3	0
ENSG00000175806	MSRA	123	200	139	129	183	176	257
ENSG00000175820	CCDC168	11	17	9	6	13	10	18
ENSG00000175826	CTDNEP1	4006	6757	4153	3958	4979	5021	5801
ENSG00000175832	ETV4	5402	9114	5563	5514	6793	6381	7906
ENSG00000175854	SWI5	362	506	358	335	461	476	614
ENSG00000175857	GAPT	0	1	0	0	0	0	0
ENSG00000175866	BAIAP2	822	1492	924	844	1033	927	1168
ENSG00000175874	CREG2	1	0	0	0	0	0	0
ENSG00000175877	TMEM270	1	1	0	0	1	0	0
ENSG00000175879	HOXD8	340	599	321	298	400	321	394
ENSG00000175893	ZDHHC21	853	1353	838	806	1183	1084	1513
ENSG00000175894	TSPEAR	8	9	8	1	13	8	7
ENSG00000175895	PLEKHF2	482	788	458	455	689	664	829
ENSG00000175899	A2M	26709	44312	21510	22401	22271	22782	20459
ENSG00000175906	ARL4D	491	845	542	548	730	729	915
ENSG00000175920	DOK7	2	1	1	2	0	1	3
ENSG00000175928	LRRN1	0	0	1	0	0	0	0
ENSG00000175931	UBE2O	2018	3311	1985	2077	2763	2627	3337
ENSG00000175938	ORAI3	923	1543	895	883	913	852	891
ENSG00000175946	KLHL38	5	23	4	9	6	10	7
ENSG00000175970	UNC119B	1825	3070	1768	1770	2542	2509	3194
ENSG00000175984	DENND2C	41	50	24	26	42	42	41
ENSG00000175985	PLEKHD1	3	5	2	7	2	3	11
ENSG00000176009	ASCL3	1	3	0	0	3	1	1
ENSG00000176014	TUBB6	2115	3527	2525	2408	3416	3241	4201
ENSG00000176018	LYSMD3	914	1529	858	840	1245	1144	1511
ENSG00000176020	AMIGO3	73	99	28	84	121	76	119
ENSG00000176022	B3GALT6	948	1732	1052	1033	1469	1360	1801
ENSG00000176024	ZNF613	61	134	60	57	126	125	160
ENSG00000176029	C11orf16	0	1	0	2	2	4	0
ENSG00000176040	TMPRSS7	0	0	0	1	0	0	0
ENSG00000176046	NUPR1	8	16	8	7	23	14	25
ENSG00000176049	JAKMIP2	256	376	238	224	166	198	187
ENSG00000176055	MBLAC2	530	810	443	535	782	733	882
ENSG00000176058	TPRN	386	720	483	464	567	529	680
ENSG00000176076	KCNE5	14	24	12	15	19	27	32
ENSG00000176087	SLC35A4	2627	4442	2697	2735	5116	5139	6658
ENSG00000176092	CRYBG2	0	0	0	0	2	1	1
ENSG00000176095	IP6K1	1752	3184	1852	1875	2531	2385	2946
ENSG00000176101	SSNA1	625	1263	717	758	1107	1117	1342
ENSG00000176102	CSTF3	1669	2651	1695	1587	1951	1956	2368
ENSG00000176105	YES1	2609	4231	2444	2471	2964	2936	3622
ENSG00000176108	CHMP6	512	840	584	555	910	776	1043
ENSG00000176125	UFSP1	136	210	150	122	156	152	203
ENSG00000176142	TMEM39A	1134	1756	1037	1042	1469	1431	1958
ENSG00000176148	TCP11L1	573	929	499	575	709	671	916
ENSG00000176153	GPX2	1	0	0	3	0	0	3
ENSG00000176155	CCDC57	149	193	145	138	190	190	193
ENSG00000176160	HSF5	0	0	0	0	0	0	1
ENSG00000176165	FOXG1	23	34	22	26	28	27	30
ENSG00000176170	SPHK1	1509	2385	1557	1454	1928	1752	2293
ENSG00000176171	BNIP3	1962	3334	1752	1725	3016	3016	2955
ENSG00000176177	ENTHD1	9	26	9	15	12	8	16
ENSG00000176182	MYPOP	501	734	442	461	515	521	620
ENSG00000176204	LRRTM4	62	101	55	59	68	48	27
ENSG00000176208	ATAD5	699	1222	726	756	985	895	1242
ENSG00000176209	SMIM19	276	440	260	221	274	277	330
ENSG00000176222	ZNF404	64	75	37	53	58	47	44
ENSG00000176225	RTTN	142	310	160	254	289	291	476
ENSG00000176230	OR4K17	21	18	9	13	7	18	18
ENSG00000176244	ACBD7	63	67	49	45	63	70	67
ENSG00000176248	ANAPC2	792	1334	796	808	1338	1204	1654
ENSG00000176253	OR4K13	0	0	1	0	0	0	0
ENSG00000176261	ZBTB8OS	494	787	536	449	575	610	729
ENSG00000176273	SLC35G1	302	507	341	350	507	446	645
ENSG00000176293	ZNF135	1	4	3	0	7	4	10
ENSG00000176294	OR4N2	1	0	0	0	0	1	0
ENSG00000176340	COX8A	3458	6086	4065	3771	5039	5111	6324
ENSG00000176358	TAC4	0	1	2	4	3	2	4
ENSG00000176371	ZSCAN2	323	467	263	252	432	385	468
ENSG00000176381	PRR18	1	0	0	1	0	0	0
ENSG00000176383	B3GNT4	45	60	30	30	30	38	33
ENSG00000176386	CDC26	651	1027	730	664	1016	1015	1313
ENSG00000176387	HSD11B2	2	7	2	3	5	11	6
ENSG00000176390	CRLF3	605	993	580	568	905	782	1099
ENSG00000176393	RNPEP	4487	7706	4601	4601	4909	4867	5633
ENSG00000176396	EID2	694	1190	700	714	1034	793	1328
ENSG00000176399	DMRTA1	475	726	430	446	639	606	811
ENSG00000176401	EID2B	221	385	236	218	357	322	375
ENSG00000176402	GJC3	3	8	3	4	10	3	9
ENSG00000176406	RIMS2	51	49	24	41	63	66	67
ENSG00000176407	KCMF1	1838	3306	2054	1872	2170	2119	2558
ENSG00000176410	DNAJC30	494	765	482	466	887	832	1109
ENSG00000176422	SPRYD4	421	772	478	407	661	685	835
ENSG00000176428	VPS37D	73	154	97	69	127	97	114
ENSG00000176438	SYNE3	777	1099	668	687	822	803	1093
ENSG00000176444	CLK2	1072	1946	1151	1110	1580	1334	1951
ENSG00000176454	LPCAT4	1053	1704	970	1018	1001	966	1161
ENSG00000176463	SLCO3A1	481	774	472	539	540	491	750
ENSG00000176472	ZNF575	85	125	76	90	112	120	148
ENSG00000176473	WDR25	235	501	307	265	389	387	465
ENSG00000176476	SGF29	213	330	188	212	264	254	315
ENSG00000176485	PLAAT3	355	607	412	330	471	437	530
ENSG00000176490	DIRAS1	1313	2242	1446	1293	1976	1706	2198
ENSG00000176531	PHLDB3	365	582	400	403	414	353	521
ENSG00000176532	PRR15	0	3	7	4	5	7	4
ENSG00000176533	GNG7	1327	2087	1158	1253	1283	1238	1357
ENSG00000176542	USF3	772	1174	634	748	794	662	855
ENSG00000176563	CNTD1	17	53	21	19	11	4	3
ENSG00000176566	DCAF4L2	6	4	5	5	4	5	6
ENSG00000176595	KBTBD11	19	21	19	18	22	28	45
ENSG00000176597	B3GNT5	494	857	473	473	681	761	977
ENSG00000176619	LMNB2	3784	6317	4301	4254	7101	5582	8991
ENSG00000176623	RMDN1	1185	1931	1165	1074	1567	1669	1947
ENSG00000176624	MEX3C	2573	4191	2542	2493	3121	2858	3774
ENSG00000176641	RNF152	457	719	361	385	377	328	424
ENSG00000176658	MYO1D	2633	4511	2292	2455	2506	2470	2713
ENSG00000176678	FOXL1	63	128	86	84	65	75	88
ENSG00000176681	LRRC37A	45	75	45	30	52	45	45
ENSG00000176692	FOXC2	92	173	94	97	113	111	194
ENSG00000176695	OR4F17	0	1	2	1	1	0	1
ENSG00000176697	BDNF	43	43	19	39	44	53	54
ENSG00000176714	CCDC121	149	198	140	114	228	238	308
ENSG00000176715	ACSF3	810	1387	854	835	834	824	1132
ENSG00000176720	BOK	364	681	424	417	490	438	488
ENSG00000176723	ZNF843	5	8	10	10	6	9	6
ENSG00000176731	RBIS	616	970	584	520	766	756	873
ENSG00000176732	PFN4	38	59	40	28	50	51	71
ENSG00000176746	MAGEB6	4	7	1	0	4	8	7
ENSG00000176749	CDK5R1	302	545	357	328	582	559	712
ENSG00000176771	NCKAP5	338	569	317	284	458	390	464
ENSG00000176774	MAGEB18	0	0	1	1	0	0	1
ENSG00000176783	RUFY1	726	1252	802	689	957	888	1054
ENSG00000176788	BASP1	0	0	1	0	4	0	1
ENSG00000176809	LRRC37A3	89	107	70	73	49	89	69
ENSG00000176834	VSIG10	400	676	430	412	580	533	720
ENSG00000176842	IRX5	213	364	257	217	402	324	505
ENSG00000176845	METRNL	753	1273	838	859	934	732	1047
ENSG00000176853	FAM91A1	3558	6017	3404	3523	4479	4255	5402
ENSG00000176871	WSB2	2336	3913	2555	2439	3310	2986	3972
ENSG00000176887	SOX11	2373	3992	2225	2251	2664	1960	3112
ENSG00000176890	TYMS	3253	5598	3766	3662	5831	5594	7640
ENSG00000176894	PXMP2	378	587	386	374	513	559	706
ENSG00000176896	TCEANC	85	125	82	71	95	92	99
ENSG00000176903	PNMA1	465	750	503	499	728	815	964
ENSG00000176907	TCIM	1	2	0	0	3	1	0
ENSG00000176909	MAMSTR	53	92	75	49	76	81	111
ENSG00000176915	ANKLE2	1541	2709	1607	1616	2031	2035	2604
ENSG00000176920	FUT2	44	61	41	40	28	36	50
ENSG00000176927	EFCAB5	0	4	1	1	2	2	7
ENSG00000176928	GCNT4	9	13	7	11	6	11	9
ENSG00000176945	MUC20	12	26	15	8	21	22	7
ENSG00000176946	THAP4	995	1808	1110	1106	1516	1485	1830
ENSG00000176953	NFATC2IP	2216	3519	2086	2064	3553	3111	4378
ENSG00000176971	FIBIN	1	0	0	0	0	0	1
ENSG00000176973	FAM89B	1290	2231	1377	1311	1657	1203	1989
ENSG00000176974	SHMT1	3173	5282	3169	3181	3819	3774	4427
ENSG00000176978	DPP7	1896	3502	2035	1993	2500	2501	2836
ENSG00000176979	TRIM60	0	0	0	1	0	2	3
ENSG00000176986	SEC24C	3510	5565	3525	3359	4458	4403	5398
ENSG00000176994	SMCR8	1877	2847	1692	1786	2732	2655	3554
ENSG00000177000	MTHFR	644	1127	681	683	754	758	910
ENSG00000177025	C19orf18	1	0	0	0	2	0	0
ENSG00000177030	DEAF1	291	554	332	383	320	323	475
ENSG00000177034	MTX3	1558	2408	1286	1377	1788	1721	2096
ENSG00000177042	TMEM80	267	460	275	283	304	308	343
ENSG00000177045	SIX5	1460	2599	1373	1520	1718	1220	1959
ENSG00000177051	FBXO46	930	1409	811	825	949	922	1056
ENSG00000177054	ZDHHC13	378	624	369	378	401	437	524
ENSG00000177058	SLC38A9	350	622	379	353	563	551	701
ENSG00000177076	ACER2	39	65	53	56	42	34	56
ENSG00000177082	WDR73	533	944	526	486	804	785	1039
ENSG00000177084	POLE	2018	2819	1644	1998	2293	2325	3246
ENSG00000177096	PHETA2	2	4	7	5	3	3	4
ENSG00000177098	SCN4B	4	0	0	0	10	7	4
ENSG00000177105	RHOG	470	916	543	559	1313	1270	1674
ENSG00000177106	EPS8L2	7	57	15	17	14	23	33
ENSG00000177108	ZDHHC22	0	0	1	1	2	4	1
ENSG00000177119	ANO6	2986	5020	2819	2997	3850	3857	4445
ENSG00000177125	ZBTB34	507	838	568	506	728	640	801
ENSG00000177138	FAM9B	3	1	4	4	3	7	3
ENSG00000177144	NUDT4B	528	781	490	523	621	502	802
ENSG00000177150	FAM210A	1400	2290	1128	1192	1801	1685	2199
ENSG00000177156	TALDO1	2546	4458	2871	2811	3930	3748	4658
ENSG00000177169	ULK1	1662	2726	1558	1711	1760	1751	2021
ENSG00000177181	RIMKLA	6	1	5	4	7	13	8
ENSG00000177182	CLVS1	0	4	3	3	1	2	4
ENSG00000177189	RPS6KA3	6101	9643	5923	5896	5926	5718	6830
ENSG00000177191	B3GNT8	7	7	4	4	6	1	11
ENSG00000177192	PUS1	814	1346	919	852	1315	705	1637
ENSG00000177200	CHD9	1709	2401	1331	1513	2129	2274	2627
ENSG00000177201	OR2T12	6	6	8	2	2	2	4
ENSG00000177202	SPACA4	0	2	1	2	1	0	2
ENSG00000177212	OR2T33	8	7	2	4	3	5	5
ENSG00000177225	GATD1	1152	1729	1081	1180	1412	1318	1611
ENSG00000177238	TRIM72	34	43	25	30	40	21	31
ENSG00000177239	MAN1B1	1464	2632	1546	1505	2216	2112	2653
ENSG00000177283	FZD8	658	1146	726	677	954	827	1335
ENSG00000177291	GJD4	0	1	0	0	0	0	1
ENSG00000177294	FBXO39	1	0	0	0	0	0	0
ENSG00000177301	KCNA2	1	3	2	4	4	0	2
ENSG00000177302	TOP3A	1848	2997	1844	1757	2981	2790	3745
ENSG00000177303	CASKIN2	588	1017	659	734	808	721	947
ENSG00000177311	ZBTB38	13360	21849	11894	12480	18026	18155	22500
ENSG00000177324	BEND2	1	1	1	0	0	1	4
ENSG00000177352	CCDC71	1072	1872	1095	1128	1652	1682	1978
ENSG00000177363	LRRN4CL	13	16	12	7	8	12	11
ENSG00000177370	TIMM22	574	935	575	607	850	861	1205
ENSG00000177374	HIC1	53	99	49	43	66	55	71
ENSG00000177380	PPFIA3	688	1145	688	692	743	590	791
ENSG00000177383	MAGEF1	1924	2972	1897	1914	2456	2429	2880
ENSG00000177398	UMODL1	2	2	1	0	2	1	0
ENSG00000177409	SAMD9L	76	119	96	86	134	118	174
ENSG00000177425	PAWR	411	655	451	401	805	615	896
ENSG00000177426	TGIF1	1142	2078	1203	1213	1445	1467	1755
ENSG00000177427	MIEF2	145	261	147	124	227	200	239
ENSG00000177432	NAP1L5	0	1	1	0	0	0	0
ENSG00000177453	NIM1K	244	374	218	213	267	234	261
ENSG00000177459	ERICH5	0	1	0	2	0	0	0
ENSG00000177462	OR2T8	10	10	13	5	9	8	6
ENSG00000177463	NR2C2	2003	3252	1574	1905	1986	2161	2569
ENSG00000177464	GPR4	2	6	2	3	1	1	3
ENSG00000177469	CAVIN1	9125	15557	10585	10367	15561	13786	19637
ENSG00000177479	ARIH2	3119	4926	3084	2982	3818	3739	4712
ENSG00000177483	RBM44	9	9	0	5	7	9	9
ENSG00000177485	ZBTB33	1548	2627	1488	1498	2352	2323	2920
ENSG00000177494	ZBED2	10	9	1	4	4	2	4
ENSG00000177504	VCX2	12	12	8	6	7	9	19
ENSG00000177508	IRX3	425	668	430	483	682	434	817
ENSG00000177542	SLC25A22	1066	1953	1250	1231	1777	1777	2256
ENSG00000177548	RABEP2	302	502	321	346	409	336	465
ENSG00000177551	NHLH2	1	4	3	3	8	6	6
ENSG00000177556	ATOX1	3507	6294	3673	3634	4972	5302	5947
ENSG00000177565	TBL1XR1	2267	3547	2105	2074	2727	2515	3213
ENSG00000177570	SAMD12	19	23	11	16	17	18	23
ENSG00000177575	CD163	1	0	0	0	0	0	1
ENSG00000177576	C18orf32	281	412	234	235	397	334	438
ENSG00000177595	PIDD1	211	309	226	244	386	349	385
ENSG00000177599	ZNF491	47	82	48	49	54	40	54
ENSG00000177600	RPLP2	10900	19228	11329	10752	13177	13235	15717
ENSG00000177602	HASPIN	382	592	398	436	660	634	857
ENSG00000177606	JUN	501	881	539	397	692	703	954
ENSG00000177613	CSTF2T	745	1335	822	853	1278	1152	1757
ENSG00000177614	PGBD5	6	6	4	9	7	8	14
ENSG00000177628	GBA	2692	4636	2802	2795	3626	3728	4471
ENSG00000177646	ACAD9	921	1688	1116	1064	1386	1288	1564
ENSG00000177663	IL17RA	922	1541	872	868	1048	886	1202
ENSG00000177666	PNPLA2	2315	4180	2504	2409	3123	3172	3912
ENSG00000177669	MBOAT4	2	1	1	0	0	0	0
ENSG00000177674	AGTRAP	779	1415	833	781	1088	989	1259
ENSG00000177675	CD163L1	10	28	4	17	17	16	19
ENSG00000177679	SRRM3	30	55	26	32	45	51	28
ENSG00000177683	THAP5	1095	1867	1137	1042	1630	1680	1923
ENSG00000177685	CRACR2B	9	18	8	6	8	8	8
ENSG00000177688	SUMO4	3	3	2	1	4	5	3
ENSG00000177689	MAGEB10	1	3	3	0	1	0	2
ENSG00000177692	DNAJC28	45	33	34	30	34	39	37
ENSG00000177693	OR4F4	1	0	0	0	0	0	0
ENSG00000177694	NAALADL2	15	22	7	12	13	15	14
ENSG00000177697	CD151	3571	6161	4078	3836	5249	4975	6212
ENSG00000177700	POLR2L	514	1004	716	618	1154	1236	1532
ENSG00000177706	FAM20C	14801	24667	13659	14092	14295	12658	14761
ENSG00000177707	NECTIN3	546	928	530	531	880	802	1163
ENSG00000177710	SLC35G5	1	2	0	1	3	0	4
ENSG00000177721	ANXA2R	91	146	65	83	100	83	120
ENSG00000177728	TMEM94	1454	2205	1535	1274	1592	1585	1793
ENSG00000177731	FLII	4008	6757	4258	4251	5494	5279	6635
ENSG00000177732	SOX12	1289	2287	1320	1241	1474	1108	1681
ENSG00000177733	HNRNPA0	5793	9906	6357	6189	10218	7793	12381
ENSG00000177752	YIPF7	0	0	0	2	0	0	1
ENSG00000177791	MYOZ1	0	0	1	0	1	2	3
ENSG00000177807	KCNJ10	289	453	295	322	231	218	252
ENSG00000177830	CHID1	1255	2294	1389	1330	1909	1694	2140
ENSG00000177839	PCDHB9	265	480	262	248	310	315	404
ENSG00000177842	ZNF620	23	37	19	23	31	35	30
ENSG00000177853	ZNF518A	327	686	313	331	484	471	460
ENSG00000177854	TMEM187	188	324	194	190	251	218	295
ENSG00000177868	SVBP	125	206	173	133	148	154	194
ENSG00000177873	ZNF619	196	326	191	193	226	227	274
ENSG00000177875	CCDC184	120	176	126	129	169	163	172
ENSG00000177879	AP3S1	1343	2064	1300	1125	1581	1615	1901
ENSG00000177885	GRB2	3263	5444	3563	3484	4473	4231	5526
ENSG00000177888	ZBTB41	967	1466	824	845	920	854	1073
ENSG00000177889	UBE2N	3689	6225	4272	4033	8739	8326	11487
ENSG00000177910	SPATA31C2	68	129	75	74	97	105	144
ENSG00000177917	ARL6IP6	211	465	174	193	405	459	502
ENSG00000177932	ZNF354C	187	270	141	164	188	184	253
ENSG00000177943	MAMDC4	95	121	72	92	127	96	150
ENSG00000177951	BET1L	1515	2555	1552	1525	1779	1682	2073
ENSG00000177954	RPS27	17646	30351	17639	16579	20223	21365	24718
ENSG00000177963	RIC8A	1825	3167	2040	1978	2775	2599	3277
ENSG00000177971	IMP3	1329	2400	1542	1568	2397	2442	2967
ENSG00000177981	ASB8	621	1046	704	626	1061	1064	1353
ENSG00000177989	ODF3B	21	34	18	15	16	16	12
ENSG00000177990	DPY19L2	56	81	39	40	73	84	88
ENSG00000177994	C2orf73	1	1	0	2	3	0	0
ENSG00000178021	TSPYL6	0	0	0	1	0	0	0
ENSG00000178026	LRRC75B	19	29	22	12	19	15	11
ENSG00000178028	DMAP1	359	598	403	325	512	487	603
ENSG00000178031	ADAMTSL1	3	11	6	3	2	4	6
ENSG00000178033	CALHM5	0	0	1	1	2	0	0
ENSG00000178035	IMPDH2	9791	17347	9993	9882	15359	15495	18108
ENSG00000178038	ALS2CL	9	15	0	0	4	8	6
ENSG00000178053	MLF1	415	748	430	417	461	510	572
ENSG00000178057	NDUFAF3	1385	2396	1466	1493	2064	2006	2542
ENSG00000178074	C2orf69	438	689	445	454	585	508	658
ENSG00000178075	GRAMD1C	421	668	354	383	489	520	538
ENSG00000178078	STAP2	325	501	281	296	350	365	424
ENSG00000178084	HTR3C	0	0	1	0	0	2	0
ENSG00000178093	TSSK6	70	142	0	37	77	0	110
ENSG00000178096	BOLA1	97	138	87	92	173	155	173
ENSG00000178104	PDE4DIP	1666	2587	1599	1642	1801	1727	2131
ENSG00000178105	DDX10	1155	1751	1103	1027	1533	1395	1910
ENSG00000178115	GOLGA8Q	0	7	0	0	4	5	3
ENSG00000178125	PPP1R42	0	0	0	1	1	0	2
ENSG00000178127	NDUFV2	2375	4042	2535	2402	2807	2825	3371
ENSG00000178149	DALRD3	675	1115	691	707	875	916	1185
ENSG00000178150	ZNF114	26	41	18	17	23	20	32
ENSG00000178163	ZNF518B	1397	2363	1387	1466	1737	1704	1965
ENSG00000178175	ZNF366	0	1	2	1	0	2	1
ENSG00000178177	LCORL	658	1166	624	623	879	817	1051
ENSG00000178184	PARD6G	638	1030	596	638	698	681	787
ENSG00000178187	ZNF454	50	73	32	45	61	43	60
ENSG00000178188	SH2B1	2059	3349	1887	2083	2263	1908	2662
ENSG00000178199	ZC3H12D	45	61	37	47	38	36	48
ENSG00000178201	VN1R1	25	27	25	14	20	22	17
ENSG00000178202	POGLUT3	1643	2768	1547	1573	2173	2163	2448
ENSG00000178209	PLEC	19380	30471	18783	20587	24953	19105	31317
ENSG00000178217	SH2D4B	1	2	3	1	2	1	0
ENSG00000178226	PRSS36	9	11	2	0	12	3	6
ENSG00000178229	ZNF543	192	280	156	177	223	193	237
ENSG00000178233	TMEM151B	3	9	3	6	12	9	10
ENSG00000178234	GALNT11	1094	1704	1052	1003	1148	1116	1378
ENSG00000178235	SLITRK1	0	0	1	0	0	0	0
ENSG00000178252	WDR6	3716	5730	3530	3385	4752	4498	5715
ENSG00000178295	GEN1	641	981	610	667	786	755	956
ENSG00000178297	TMPRSS9	22	28	17	20	15	15	27
ENSG00000178301	AQP11	63	90	50	34	80	46	86
ENSG00000178307	TMEM11	389	671	402	390	724	798	975
ENSG00000178338	ZNF354B	288	469	291	262	277	323	370
ENSG00000178342	KCNG2	0	0	0	1	0	1	1
ENSG00000178343	SHISA3	1	1	0	1	1	2	0
ENSG00000178358	OR2D3	0	1	1	0	0	0	0
ENSG00000178363	CALML3	0	2	0	0	0	0	0
ENSG00000178381	ZFAND2A	238	406	276	209	406	382	516
ENSG00000178385	PLEKHM3	497	805	436	482	618	588	711
ENSG00000178386	ZNF223	141	177	128	105	203	166	192
ENSG00000178395	CCDC185	0	0	0	0	1	1	0
ENSG00000178397	FAM220A	4	1	7	1	7	4	6
ENSG00000178401	DNAJC22	317	563	339	385	447	449	604
ENSG00000178403	NEUROG2	597	1008	591	588	510	413	495
ENSG00000178404	CEP295NL	11	17	19	12	6	12	12
ENSG00000178409	BEND3	130	272	140	173	209	196	291
ENSG00000178425	NT5DC1	433	779	434	453	498	521	610
ENSG00000178445	GLDC	213	455	238	195	219	244	205
ENSG00000178449	COX14	407	708	486	462	608	576	773
ENSG00000178460	MCMDC2	14	17	11	7	13	14	21
ENSG00000178467	P4HTM	0	1	2	0	1	0	3
ENSG00000178498	DTX3	1102	1741	949	947	1124	1130	1410
ENSG00000178502	KLHL11	313	563	320	316	505	453	613
ENSG00000178531	CTXN1	332	567	385	375	574	460	578
ENSG00000178537	SLC25A20	398	614	427	402	604	584	740
ENSG00000178538	CA8	24	55	30	31	27	43	53
ENSG00000178562	CD28	0	0	0	3	0	2	0
ENSG00000178567	EPM2AIP1	1370	1966	1154	1222	1498	1434	1676
ENSG00000178568	ERBB4	25	44	27	17	43	29	43
ENSG00000178573	MAF	4637	7966	4612	4824	4437	3762	5111
ENSG00000178585	CTNNBIP1	1444	2543	1643	1563	1613	1567	1894
ENSG00000178605	GTPBP6	1087	1863	1201	1137	1426	1224	1768
ENSG00000178607	ERN1	350	577	320	331	333	296	380
ENSG00000178623	GPR35	22	13	14	20	15	14	17
ENSG00000178662	CSRNP3	51	66	26	46	35	44	41
ENSG00000178665	ZNF713	29	39	34	27	39	28	35
ENSG00000178685	PARP10	907	1510	881	885	1295	932	1456
ENSG00000178690	DYNAP	10	14	8	7	18	7	10
ENSG00000178691	SUZ12	2480	3975	2444	2491	3115	2685	3691
ENSG00000178694	NSUN3	400	720	414	430	499	504	631
ENSG00000178695	KCTD12	164	238	162	181	303	282	331
ENSG00000178700	DHFR2	559	882	604	567	889	902	1078
ENSG00000178718	RPP25	875	1606	989	887	1323	1439	1724
ENSG00000178719	GRINA	3839	6614	4108	4016	5313	5274	6365
ENSG00000178732	GP5	0	0	0	1	0	0	1
ENSG00000178741	COX5A	2790	5023	3022	2881	3785	3953	4614
ENSG00000178750	STX19	2	2	1	0	0	0	1
ENSG00000178752	ERFE	83	160	110	96	144	121	164
ENSG00000178761	FAM219B	478	706	402	360	394	407	535
ENSG00000178764	ZHX2	140	246	151	168	240	255	283
ENSG00000178772	CPN2	3	1	3	2	2	0	2
ENSG00000178773	CPNE7	4	8	3	4	3	3	8
ENSG00000178795	GDPD4	24	50	17	33	32	33	38
ENSG00000178802	MPI	1494	2565	1527	1472	2060	2110	2163
ENSG00000178809	TRIM73	44	67	24	56	57	49	53
ENSG00000178814	OPLAH	574	870	501	538	624	616	762
ENSG00000178821	TMEM52	0	0	0	0	1	1	2
ENSG00000178826	TMEM139	20	25	9	0	0	12	11
ENSG00000178852	EFCAB13	178	280	162	143	232	204	258
ENSG00000178860	MSC	206	398	234	207	275	235	312
ENSG00000178878	APOLD1	163	283	157	152	148	181	182
ENSG00000178882	RFLNA	0	1	0	1	0	3	0
ENSG00000178896	EXOSC4	1613	2847	1816	1761	2831	2629	3306
ENSG00000178904	DPY19L3	1534	2480	1357	1408	1435	1528	1699
ENSG00000178913	TAF7	3672	6196	3655	3692	5672	5315	6656
ENSG00000178917	ZNF852	48	73	33	41	48	47	74
ENSG00000178919	FOXE1	0	2	0	0	0	0	0
ENSG00000178921	PFAS	2417	4136	2508	2791	3527	3258	4269
ENSG00000178922	HYI	272	403	284	308	559	557	789
ENSG00000178927	CYBC1	498	895	686	648	755	900	874
ENSG00000178928	TPRX1	0	2	0	0	0	0	0
ENSG00000178934	LGALS7B	8	14	10	6	0	8	4
ENSG00000178935	ZNF552	136	250	134	147	233	195	269
ENSG00000178947	SMIM10L2A	1	0	0	0	0	0	0
ENSG00000178950	GAK	4583	7419	4272	4372	5017	4653	5508
ENSG00000178951	ZBTB7A	2733	4422	2749	2831	3490	3080	3919
ENSG00000178952	TUFM	9253	16215	10580	9748	14299	13652	17337
ENSG00000178965	ERICH3	0	0	0	4	0	2	3
ENSG00000178966	RMI1	493	764	509	564	914	882	1108
ENSG00000178971	CTC1	274	459	271	284	418	378	496
ENSG00000178974	FBXO34	455	742	480	432	578	557	678
ENSG00000178980	SELENOW	772	1358	822	822	963	985	1248
ENSG00000178982	EIF3K	3901	6974	4448	4129	6146	6256	7515
ENSG00000178988	MRFAP1L1	1236	2036	1252	1145	2138	1930	2475
ENSG00000178996	SNX18	1325	2066	1394	1325	1748	1661	2178
ENSG00000178997	EXD1	2	19	5	7	2	2	2
ENSG00000178999	AURKB	1516	2545	1694	1693	2629	2578	3183
ENSG00000179008	C14orf39	4	1	0	1	3	4	2
ENSG00000179010	MRFAP1	8014	13274	8811	8342	13951	13235	17040
ENSG00000179021	C3orf38	556	901	504	527	749	735	953
ENSG00000179029	TMEM107	611	1036	645	644	840	893	910
ENSG00000179041	RRS1	1648	2700	1687	1634	3311	2970	4267
ENSG00000179044	EXOC3L1	3	13	2	12	6	8	10
ENSG00000179046	TRIML2	86	156	108	111	197	170	231
ENSG00000179051	RCC2	8779	14572	8888	8986	10536	9856	12732
ENSG00000179058	C9orf50	14	20	0	10	7	3	9
ENSG00000179059	ZFP42	6	17	14	6	14	8	3
ENSG00000179071	CCDC89	0	1	1	0	0	0	0
ENSG00000179083	FAM133A	669	1153	708	650	848	751	977
ENSG00000179085	DPM3	779	1342	957	896	964	984	1128
ENSG00000179091	CYC1	3740	6538	4391	4338	5739	5455	7014
ENSG00000179094	PER1	1036	1737	1048	932	1050	1017	1130
ENSG00000179097	HTR1F	0	2	0	0	2	2	2
ENSG00000179104	TMTC2	2897	4355	2442	2933	2977	2305	3357
ENSG00000179111	HES7	144	193	129	111	103	119	93
ENSG00000179115	FARSA	7705	12947	8418	8111	13061	12166	16325
ENSG00000179119	SPTY2D1	924	1531	864	943	1460	1309	1784
ENSG00000179134	SAMD4B	3581	6011	3668	3802	5071	4693	5723
ENSG00000179142	CYP11B2	0	0	0	0	0	1	0
ENSG00000179148	ALOXE3	10	17	4	10	11	6	11
ENSG00000179151	EDC3	1507	2584	1645	1628	2588	2540	3205
ENSG00000179152	TCAIM	376	518	339	302	407	351	448
ENSG00000179163	FUCA1	259	446	290	270	279	289	340
ENSG00000179165	PXT1	0	0	0	0	0	0	1
ENSG00000179168	GGN	50	82	47	58	39	45	55
ENSG00000179172	HNRNPCL1	0	0	0	1	0	0	0
ENSG00000179178	TMEM125	0	1	0	0	0	0	0
ENSG00000179195	ZNF664	2559	4249	2473	2601	3690	3556	4758
ENSG00000179218	CALR	29195	50037	34897	33454	43672	42154	53971
ENSG00000179222	MAGED1	5506	9862	5874	6070	6766	6669	7502
ENSG00000179240	GVQW3	441	592	320	332	461	467	474
ENSG00000179241	LDLRAD3	2101	3459	2268	2272	2899	2851	3675
ENSG00000179242	CDH4	11	9	3	4	14	10	28
ENSG00000179256	SMCO3	3	11	16	10	4	5	10
ENSG00000179262	RAD23A	7100	11984	7877	7356	11013	10462	12557
ENSG00000179270	PCARE	1	1	1	1	1	1	1
ENSG00000179271	GADD45GIP1	2471	4335	2663	2560	4476	4223	5562
ENSG00000179284	DAND5	15	30	13	8	17	18	20
ENSG00000179292	TMEM151A	1	2	2	3	6	4	2
ENSG00000179295	PTPN11	5437	10528	5725	5601	8077	7761	9328
ENSG00000179304	FAM156B	451	1012	379	412	696	996	259
ENSG00000179314	WSCD1	217	463	227	245	211	209	224
ENSG00000179331	RAB39A	38	43	42	41	74	89	105
ENSG00000179335	CLK3	1894	3115	1958	1972	2891	2774	3540
ENSG00000179344	HLA-DQB1	1824	3156	1964	1925	1920	1864	2275
ENSG00000179348	GATA2	754	1213	777	791	804	641	989
ENSG00000179361	ARID3B	122	168	135	123	186	175	232
ENSG00000179363	TMEM31	0	0	0	0	0	1	1
ENSG00000179364	PACS2	416	479	284	286	394	481	643
ENSG00000179387	ELMOD2	440	810	403	428	592	602	684
ENSG00000179388	EGR3	1422	2431	1414	1419	1895	1727	2446
ENSG00000179397	CATSPERE	6	6	9	6	6	7	7
ENSG00000179399	GPC5	1	2	2	0	0	0	1
ENSG00000179403	VWA1	1062	1754	1193	1159	1268	1169	1509
ENSG00000179407	DNAJB8	0	0	0	0	1	0	0
ENSG00000179409	GEMIN4	1269	2246	1357	1409	2170	2140	2822
ENSG00000179431	FJX1	513	816	586	536	746	715	1067
ENSG00000179454	KLHL28	427	661	389	366	573	517	673
ENSG00000179455	MKRN3	204	278	149	197	265	255	325
ENSG00000179456	ZBTB18	785	1278	757	736	1015	969	1214
ENSG00000179468	OR9A2	1	1	0	0	0	0	0
ENSG00000179476	C14orf28	62	80	55	47	56	69	74
ENSG00000179477	ALOX12B	12	21	4	13	9	19	15
ENSG00000179520	SLC17A8	0	1	1	2	1	3	1
ENSG00000179526	SHARPIN	726	1250	692	694	922	1017	1069
ENSG00000179528	LBX2	283	424	214	223	289	256	289
ENSG00000179532	DNHD1	1560	2266	1140	1269	1554	1413	1760
ENSG00000179542	SLITRK4	222	333	214	209	333	283	329
ENSG00000179546	HTR1D	3	4	1	4	2	1	4
ENSG00000179562	GCC1	859	1351	860	824	1213	1133	1473
ENSG00000179564	LSMEM2	15	20	22	11	10	9	18
ENSG00000179580	RNF151	2	6	3	5	2	4	2
ENSG00000179583	CIITA	4391	6940	3766	4153	2939	2572	3189
ENSG00000179588	ZFPM1	340	587	424	389	430	456	456
ENSG00000179593	ALOX15B	10	28	17	16	14	15	11
ENSG00000179598	PLD6	70	117	75	80	147	129	177
ENSG00000179603	GRM8	66	139	43	59	59	42	34
ENSG00000179604	CDC42EP4	1772	2905	1919	1933	2039	1900	2509
ENSG00000179615	OR2AP1	0	1	0	0	0	2	1
ENSG00000179627	ZBTB42	138	300	142	151	169	151	203
ENSG00000179630	LACC1	129	203	125	122	136	147	175
ENSG00000179632	MAF1	2871	5168	3289	3245	3986	3667	4812
ENSG00000179673	RPRML	2	5	3	3	8	4	3
ENSG00000179695	OR6C2	0	0	0	1	1	0	0
ENSG00000179698	WDR97	0	68	38	0	0	32	0
ENSG00000179715	PCED1B	44	86	58	40	56	62	66
ENSG00000179750	APOBEC3B	749	1193	807	719	1274	1312	1667
ENSG00000179761	PIPOX	8	15	4	6	13	4	8
ENSG00000179772	FOXS1	0	0	0	0	0	0	1
ENSG00000179774	ATOH7	4	5	5	1	6	6	17
ENSG00000179776	CDH5	0	1	1	2	0	0	0
ENSG00000179817	MRGPRX4	46	124	62	75	103	117	156
ENSG00000179820	MYADM	2948	4910	3264	3317	4666	4271	5055
ENSG00000179826	MRGPRX3	38	51	36	33	44	43	57
ENSG00000179832	MROH1	566	818	457	459	596	579	644
ENSG00000179833	SERTAD2	2538	4257	2349	2601	3241	3150	3930
ENSG00000179841	AKAP5	48	66	44	38	56	48	70
ENSG00000179846	NKPD1	9	7	3	3	3	3	8
ENSG00000179855	GIPC3	133	233	154	144	181	159	172
ENSG00000179859	RNF227	230	414	223	223	303	261	346
ENSG00000179862	CITED4	1847	3035	1822	1756	2137	2085	2380
ENSG00000179869	ABCA13	41	69	42	41	67	48	70
ENSG00000179873	NLRP11	20	29	7	21	24	23	28
ENSG00000179886	TIGD5	389	603	381	410	493	410	545
ENSG00000179889	PDXDC1	3472	5637	3425	3354	4213	4217	5152
ENSG00000179902	CFAP276	0	2	0	0	0	0	0
ENSG00000179909	ZNF154	38	62	29	22	53	51	58
ENSG00000179912	R3HDM2	2127	3605	1989	2113	2525	2296	2555
ENSG00000179915	NRXN1	0	0	0	0	0	1	1
ENSG00000179918	SEPHS2	3547	6000	3793	3552	4454	4341	5549
ENSG00000179921	GPBAR1	5	4	0	2	1	1	4
ENSG00000179922	ZNF784	174	298	150	152	245	166	350
ENSG00000179930	ZNF648	25	26	19	25	21	25	41
ENSG00000179933	C14orf119	756	1268	807	757	1053	1070	1323
ENSG00000179934	CCR8	0	0	0	0	0	0	1
ENSG00000179938	GOLGA8J	0	4	2	0	0	0	1
ENSG00000179941	BBS10	744	1221	708	709	1008	1040	1272
ENSG00000179943	FIZ1	590	904	580	562	782	564	914
ENSG00000179950	PUF60	4116	6904	4383	4416	5636	5677	6960
ENSG00000179954	SSC5D	198	328	182	201	206	214	264
ENSG00000179958	DCTPP1	605	1078	762	773	1229	1123	1610
ENSG00000179965	ZNF771	173	306	205	198	277	223	308
ENSG00000179981	TSHZ1	2577	4345	2407	2476	2800	2649	3059
ENSG00000179988	PSTK	43	60	36	32	52	47	57
ENSG00000180008	SOCS4	1233	2023	1139	1277	1542	1400	1704
ENSG00000180011	PTGR3	2227	3708	2135	2195	2948	2858	3342
ENSG00000180035	ZNF48	250	453	242	248	376	348	446
ENSG00000180043	GARIN5B	1	2	0	0	0	0	0
ENSG00000180044	C3orf80	23	43	26	34	48	45	79
ENSG00000180053	NKX2-6	0	0	0	0	0	0	1
ENSG00000180071	ANKRD18A	298	413	244	243	388	326	407
ENSG00000180089	TMEM86B	39	30	52	20	20	31	24
ENSG00000180096	SEPTIN1	44	87	29	52	34	43	36
ENSG00000180098	TRNAU1AP	311	535	311	306	374	347	436
ENSG00000180104	EXOC3	1894	3265	1793	1795	2185	1971	2449
ENSG00000180113	TDRD6	9	18	11	4	13	6	12
ENSG00000180116	C12orf40	0	1	0	0	0	0	0
ENSG00000180138	CSNK1A1L	0	1	0	0	0	0	0
ENSG00000180155	LYNX1	17	49	29	15	20	28	33
ENSG00000180176	TH	0	0	0	1	0	0	0
ENSG00000180182	MED14	2276	3637	2098	2205	2601	2480	2971
ENSG00000180185	FAHD1	491	789	518	518	924	962	1116
ENSG00000180190	TDRP	0	1	0	1	1	1	0
ENSG00000180198	RCC1	2453	4020	2661	2678	4344	4245	5800
ENSG00000180209	MYL11	0	0	1	1	1	2	2
ENSG00000180210	F2	1	1	1	0	0	0	3
ENSG00000180228	PRKRA	573	966	585	539	436	492	553
ENSG00000180233	ZNRF2	327	583	322	369	371	393	480
ENSG00000180245	RRH	12	6	4	9	4	4	5
ENSG00000180251	SLC9A4	16	19	5	8	12	17	12
ENSG00000180257	ZNF816	170	293	160	166	240	216	265
ENSG00000180263	FGD6	98	169	89	109	159	141	183
ENSG00000180304	OAZ2	1615	2715	1805	1665	1798	1816	2085
ENSG00000180316	PNPLA1	0	1	1	0	1	1	0
ENSG00000180318	ALX1	480	775	439	444	542	576	559
ENSG00000180329	CCDC43	1093	1887	1120	1020	1574	1463	1879
ENSG00000180332	KCTD4	0	1	0	1	2	3	0
ENSG00000180336	MEIOC	2	8	3	7	6	7	6
ENSG00000180340	FZD2	401	610	406	434	474	407	538
ENSG00000180346	TIGD2	118	223	121	142	214	226	272
ENSG00000180347	ITPRID1	0	1	0	2	1	0	0
ENSG00000180353	HCLS1	2	5	4	1	0	0	3
ENSG00000180354	MTURN	675	1189	645	698	851	835	983
ENSG00000180357	ZNF609	2930	4719	2668	2987	3956	3716	4764
ENSG00000180370	PAK2	2755	4713	2788	2780	3469	3605	4241
ENSG00000180376	CCDC66	218	283	212	185	299	220	330
ENSG00000180383	DEFB124	2	2	4	1	2	1	1
ENSG00000180398	MCFD2	3126	5168	2919	2960	4014	4070	4902
ENSG00000180423	HARBI1	176	267	164	188	287	275	344
ENSG00000180425	C11orf71	371	695	367	385	467	467	515
ENSG00000180440	SERTM1	0	0	0	1	2	0	1
ENSG00000180447	GAS1	427	698	442	473	558	356	624
ENSG00000180448	ARHGAP45	187	348	171	193	232	173	243
ENSG00000180479	ZNF571	43	68	53	47	66	51	82
ENSG00000180481	GLIPR1L2	13	25	16	16	19	10	24
ENSG00000180488	MIGA1	1076	1808	1010	1038	1355	1384	1654
ENSG00000180509	KCNE1	1	2	3	0	0	8	6
ENSG00000180530	NRIP1	3595	5942	2935	3220	3403	3422	3927
ENSG00000180532	ZSCAN4	0	0	1	1	1	0	0
ENSG00000180535	BHLHA15	5	8	4	7	3	2	6
ENSG00000180537	RNF182	482	760	449	425	538	530	593
ENSG00000180543	TSPYL5	2	3	0	0	1	1	4
ENSG00000180549	FUT7	0	0	2	1	0	0	1
ENSG00000180573	H2AC6	10	24	48	4	32	42	12
ENSG00000180574	EIF2S3B	50	76	49	58	56	81	75
ENSG00000180592	SKIDA1	104	164	104	101	133	143	199
ENSG00000180596	H2BC4	9	16	5	6	4	11	15
ENSG00000180611	MB21D2	64	130	90	80	140	153	201
ENSG00000180616	SSTR2	44	49	29	37	27	23	21
ENSG00000180626	ZNF594	381	508	306	351	446	435	475
ENSG00000180628	PCGF5	1071	1776	941	977	1308	1227	1428
ENSG00000180638	SLC47A2	0	0	5	1	1	0	0
ENSG00000180644	PRF1	1	0	1	0	0	0	0
ENSG00000180658	OR2A4	0	0	0	1	2	0	0
ENSG00000180660	MAB21L1	57	127	97	85	139	132	180
ENSG00000180667	YOD1	992	1548	943	1040	884	920	1071
ENSG00000180694	TMEM64	710	1351	838	719	1158	1015	1256
ENSG00000180708	OR10K2	0	0	1	0	0	0	0
ENSG00000180720	CHRM4	13	17	8	11	20	17	14
ENSG00000180730	SHISA2	5492	9246	6180	5918	8346	6800	11396
ENSG00000180739	S1PR5	226	340	262	262	293	272	361
ENSG00000180758	GPR157	328	504	305	325	430	367	415
ENSG00000180773	SLC36A4	572	944	586	525	734	681	823
ENSG00000180776	ZDHHC20	7013	11334	6574	6931	7179	6459	8048
ENSG00000180777	ANKRD30B	11	8	7	6	11	13	16
ENSG00000180787	ZFP3	1	2	0	0	0	0	0
ENSG00000180801	ARSJ	312	533	312	344	384	389	561
ENSG00000180806	HOXC9	354	549	340	395	639	606	684
ENSG00000180815	MAP3K15	0	1	0	0	1	1	0
ENSG00000180817	PPA1	1853	3133	1850	1816	2047	2027	2452
ENSG00000180818	HOXC10	1863	2965	1942	1927	2326	2275	2466
ENSG00000180822	PSMG4	610	1009	598	648	738	660	799
ENSG00000180828	BHLHE22	0	1	0	1	2	1	0
ENSG00000180834	MAP6D1	43	61	65	27	58	43	81
ENSG00000180855	ZNF443	93	152	102	78	110	116	133
ENSG00000180871	CXCR2	0	0	0	0	0	0	1
ENSG00000180875	GREM2	74	148	62	57	67	65	54
ENSG00000180878	C11orf42	1	5	1	4	3	0	1
ENSG00000180879	SSR4	1443	2635	1611	1570	1771	1801	1975
ENSG00000180881	CAPS2	14	23	7	4	15	16	11
ENSG00000180884	ZNF792	166	248	142	158	167	155	194
ENSG00000180891	CUEDC1	1638	2711	1766	1817	1868	1610	2336
ENSG00000180900	SCRIB	3538	6050	3921	3840	5056	3785	6192
ENSG00000180901	KCTD2	639	1000	603	678	752	744	840
ENSG00000180902	D2HGDH	400	583	409	361	457	360	601
ENSG00000180914	OXTR	92	174	84	105	86	83	104
ENSG00000180917	CMTR2	494	826	496	484	756	688	876
ENSG00000180919	OR56B4	1	0	0	0	0	2	0
ENSG00000180921	FAM83H	155	214	127	135	180	187	217
ENSG00000180929	GPR62	26	30	22	21	23	15	23
ENSG00000180938	ZNF572	66	144	65	54	90	78	111
ENSG00000180957	PITPNB	1797	3075	1765	1798	2628	2705	3575
ENSG00000180964	TCEAL8	613	964	583	542	691	692	707
ENSG00000180974	OR52E4	2	3	1	1	0	2	2
ENSG00000180979	LRRC57	538	969	578	597	867	785	1075
ENSG00000180992	MRPL14	588	1055	715	606	1484	1369	1845
ENSG00000180998	GPR137C	28	42	19	21	20	45	32
ENSG00000180999	C1orf105	0	0	0	0	1	1	0
ENSG00000181001	OR52N1	7	8	2	3	2	2	2
ENSG00000181004	BBS12	365	551	344	354	378	427	459
ENSG00000181007	ZFP82	289	535	293	267	363	401	438
ENSG00000181016	LSMEM1	3	7	0	6	0	1	0
ENSG00000181019	NQO1	16895	29324	19265	17849	19948	19666	24932
ENSG00000181026	AEN	1316	2101	1355	1331	2311	1999	3077
ENSG00000181027	FKRP	490	912	509	491	733	709	926
ENSG00000181029	TRAPPC5	780	1273	842	762	1252	1116	1387
ENSG00000181031	RPH3AL	1	6	5	2	8	6	14
ENSG00000181035	SLC25A42	404	560	423	414	591	543	665
ENSG00000181036	FCRL6	7	6	3	3	3	3	2
ENSG00000181038	METTL23	769	1421	905	806	1164	1103	1435
ENSG00000181045	SLC26A11	406	652	398	397	457	427	492
ENSG00000181061	HIGD1A	1093	1805	1134	1056	1793	1807	2403
ENSG00000181072	CHRM2	5	0	0	0	0	1	0
ENSG00000181085	MAPK15	0	5	2	0	3	4	0
ENSG00000181090	EHMT1	1708	2827	1730	1751	2116	2041	2466
ENSG00000181092	ADIPOQ	4	3	1	1	7	2	6
ENSG00000181104	F2R	2146	3707	1996	2040	2282	2208	2498
ENSG00000181135	ZNF707	359	490	338	316	432	428	529
ENSG00000181163	NPM1	42272	71499	44327	41964	66924	64477	82270
ENSG00000181191	PJA1	381	587	398	365	473	521	645
ENSG00000181192	DHTKD1	1658	2811	1700	1678	2153	1971	2335
ENSG00000181218	H2AW	206	298	198	171	252	262	258
ENSG00000181220	ZNF746	872	1578	967	995	1422	1297	1682
ENSG00000181222	POLR2A	2777	4302	2730	2886	4925	4581	5941
ENSG00000181240	SLC25A41	0	9	7	0	7	11	0
ENSG00000181264	TLCD5	591	928	539	533	676	665	686
ENSG00000181273	OR5AK2	1	0	1	1	2	2	0
ENSG00000181274	FRAT2	815	1331	951	832	1115	897	1332
ENSG00000181284	TMEM102	281	555	309	344	503	449	635
ENSG00000181315	ZNF322	598	1064	588	629	800	750	927
ENSG00000181322	NME9	17	41	26	25	21	26	31
ENSG00000181323	SPEM1	3	1	0	1	0	0	0
ENSG00000181333	HEPHL1	1	4	3	2	2	2	1
ENSG00000181350	LRRC75A	8	25	4	25	6	7	32
ENSG00000181378	CFAP65	3	9	0	1	1	4	5
ENSG00000181381	DDX60L	148	280	144	152	131	153	142
ENSG00000181392	SYNE4	1	0	2	1	0	2	5
ENSG00000181396	OGFOD3	608	1007	621	589	750	621	854
ENSG00000181404	WASHC1	297	442	253	304	413	331	393
ENSG00000181408	UTS2R	151	223	118	131	125	155	163
ENSG00000181409	AATK	391	665	420	386	348	325	387
ENSG00000181418	DDN	29	40	33	29	30	22	43
ENSG00000181433	SAGE1	540	908	485	503	642	703	797
ENSG00000181444	ZNF467	33	71	43	36	34	19	21
ENSG00000181449	SOX2	305	569	368	338	415	410	586
ENSG00000181450	ZNF678	507	716	432	446	523	516	644
ENSG00000181458	TMEM45A	139	173	103	94	163	171	152
ENSG00000181467	RAP2B	901	1504	914	985	1394	1283	1770
ENSG00000181472	ZBTB2	376	601	319	326	465	441	569
ENSG00000181481	RNF135	794	1414	832	792	837	770	866
ENSG00000181513	ACBD4	498	785	432	424	539	505	584
ENSG00000181523	SGSH	705	1159	615	668	650	671	806
ENSG00000181541	MAB21L2	0	0	1	0	0	0	0
ENSG00000181544	FANCB	649	1086	695	794	992	831	1258
ENSG00000181555	SETD2	2003	3045	1834	2055	2496	2587	3063
ENSG00000181585	TMIE	0	3	2	0	2	2	3
ENSG00000181588	MEX3D	339	633	374	379	546	467	685
ENSG00000181610	MRPS23	1566	2690	1703	1586	2477	2378	3087
ENSG00000181617	FDCSP	2	1	1	2	5	2	1
ENSG00000181619	GPR135	134	225	123	138	178	181	189
ENSG00000181625	SLX1B	3257	5868	3617	3670	5750	5843	7080
ENSG00000181626	ANKRD62	0	0	0	0	8	7	0
ENSG00000181631	P2RY13	0	1	0	0	0	0	0
ENSG00000181634	TNFSF15	13	11	10	18	14	13	14
ENSG00000181638	ZFP41	418	693	394	422	478	407	473
ENSG00000181649	PHLDA2	970	1643	1105	1103	1841	1876	2417
ENSG00000181652	ATG9B	2	0	8	0	9	5	4
ENSG00000181666	ZNF875	682	1087	678	597	833	834	1011
ENSG00000181690	PLAG1	672	1006	492	529	549	531	613
ENSG00000181693	OR8H1	1	0	0	0	0	0	1
ENSG00000181704	YIPF6	1322	2237	1289	1235	1652	1619	2001
ENSG00000181722	ZBTB20	569	829	429	370	483	411	454
ENSG00000181744	DIPK2A	215	367	232	231	361	311	390
ENSG00000181751	MACIR	624	1107	674	646	852	893	1147
ENSG00000181754	AMIGO1	346	684	378	371	580	575	742
ENSG00000181773	GPR3	236	383	261	287	506	500	646
ENSG00000181781	ODF3L2	4	6	4	5	14	3	4
ENSG00000181785	OR5AS1	69	103	59	63	89	71	67
ENSG00000181788	SIAH2	760	1307	751	778	1098	1099	1367
ENSG00000181789	COPG1	6656	11280	6847	6891	8518	8594	10095
ENSG00000181790	ADGRB1	17	31	13	5	13	9	0
ENSG00000181804	SLC9A9	6	20	6	9	10	10	8
ENSG00000181817	LSM10	538	889	600	587	587	675	844
ENSG00000181826	RELL1	2881	4652	2825	2592	3049	2822	3229
ENSG00000181827	RFX7	1574	2439	1358	1443	1509	1611	1739
ENSG00000181830	SLC35C1	951	1585	981	994	1296	1297	1469
ENSG00000181847	TIGIT	0	1	0	0	0	2	2
ENSG00000181852	RNF41	1475	2620	1546	1500	1973	1996	2445
ENSG00000181856	SLC2A4	19	29	21	11	18	12	27
ENSG00000181873	IBA57	347	549	334	322	453	361	520
ENSG00000181885	CLDN7	2	3	4	4	5	5	0
ENSG00000181894	ZNF329	177	284	140	167	247	194	283
ENSG00000181896	ZNF101	395	667	397	357	499	418	511
ENSG00000181904	C5orf24	4142	6828	3761	3765	4947	4598	5350
ENSG00000181915	ADO	1297	2211	1320	1278	1776	1500	2311
ENSG00000181924	COA4	1529	2590	1709	1606	2286	2223	3026
ENSG00000181929	PRKAG1	2986	4971	2819	2700	4572	4248	5177
ENSG00000181938	GINS3	528	804	518	491	763	776	972
ENSG00000181982	CCDC149	943	1563	763	779	845	754	812
ENSG00000181991	MRPS11	462	723	487	379	542	443	579
ENSG00000182004	SNRPE	2355	4006	2670	2236	3879	3739	4732
ENSG00000182010	RTKN2	96	150	102	116	173	198	245
ENSG00000182013	PNMA8A	2903	4731	2826	2689	3454	3396	4154
ENSG00000182022	CHST15	2	9	4	9	1	2	2
ENSG00000182035	ADIG	0	1	0	0	0	2	0
ENSG00000182040	USH1G	0	0	1	0	0	2	1
ENSG00000182050	MGAT4C	30	55	26	24	24	27	42
ENSG00000182054	IDH2	1849	3059	1783	1655	2058	2020	2370
ENSG00000182070	OR52A1	2	2	0	4	2	1	3
ENSG00000182087	TMEM259	2445	4231	2512	2562	3511	3208	4086
ENSG00000182093	GET1	550	949	542	524	776	774	866
ENSG00000182095	TNRC18	5071	8363	5042	5411	6686	5442	7997
ENSG00000182103	FAM181B	3	10	2	7	4	2	6
ENSG00000182107	TMEM30B	2	25	9	16	12	7	14
ENSG00000182108	DEXI	627	1110	653	733	804	658	920
ENSG00000182111	ZNF716	0	11	2	0	1	0	3
ENSG00000182117	NOP10	1091	1962	1301	1211	1484	1570	1974
ENSG00000182118	FAM89A	1141	1866	1179	1101	1436	1353	1656
ENSG00000182132	KCNIP1	10	20	9	13	13	11	20
ENSG00000182134	TDRKH	616	1062	729	705	1063	994	1253
ENSG00000182141	ZNF708	186	366	185	197	228	212	273
ENSG00000182149	IST1	1824	3124	1897	2062	3153	3183	3767
ENSG00000182150	ERCC6L2	951	1405	787	811	837	977	1266
ENSG00000182154	MRPL41	1453	2430	1621	1587	1910	1624	2244
ENSG00000182158	CREB3L2	3502	5650	3491	3971	6103	6092	7641
ENSG00000182162	P2RY8	6	4	5	3	4	2	6
ENSG00000182168	UNC5C	20	14	11	8	9	6	15
ENSG00000182173	TSEN54	261	431	309	281	353	395	489
ENSG00000182175	RGMA	246	404	237	279	258	262	331
ENSG00000182177	ASB18	1	0	0	1	0	0	0
ENSG00000182179	UBA7	475	876	508	500	481	448	506
ENSG00000182180	MRPS16	2122	3547	2377	2241	3492	3224	4127
ENSG00000182185	RAD51B	65	119	54	69	108	127	135
ENSG00000182195	LDOC1	492	777	505	498	685	660	798
ENSG00000182196	ARL6IP4	2958	4884	3107	2910	4173	3648	4930
ENSG00000182197	EXT1	1270	2037	1220	1399	1699	1556	1914
ENSG00000182199	SHMT2	6049	10326	7144	6771	9364	9158	11718
ENSG00000182208	MOB2	338	539	366	301	460	373	537
ENSG00000182218	HHIPL1	102	169	125	117	137	127	152
ENSG00000182220	ATP6AP2	1879	3327	2023	1981	2185	2344	2650
ENSG00000182223	ZAR1	5	5	6	1	2	3	12
ENSG00000182224	CYB5D1	532	896	525	569	732	771	1016
ENSG00000182240	BACE2	2873	4609	2675	2753	4410	4358	5077
ENSG00000182247	UBE2E2	287	493	320	327	415	387	480
ENSG00000182253	SYNM	8230	13221	7531	8092	8022	7255	9449
ENSG00000182255	KCNA4	6	11	7	7	11	12	23
ENSG00000182256	GABRG3	4	6	1	3	4	3	5
ENSG00000182261	NLRP10	10	17	5	9	3	3	10
ENSG00000182263	FIGN	169	277	173	176	179	176	257
ENSG00000182272	B4GALNT4	1585	2555	1426	1466	1544	1096	1422
ENSG00000182287	AP1S2	3848	6344	3653	3515	6783	6624	8339
ENSG00000182307	C8orf33	1414	2688	1512	1435	1970	1929	2484
ENSG00000182308	DCAF4L1	30	57	32	39	54	41	44
ENSG00000182310	SPACA6	44	58	59	52	10	50	36
ENSG00000182318	ZSCAN22	363	491	291	325	385	381	514
ENSG00000182324	KCNJ14	112	211	109	105	122	129	123
ENSG00000182325	FBXL6	503	868	639	570	814	833	1107
ENSG00000182326	C1S	3	25	10	20	13	12	18
ENSG00000182327	GLTPD2	10	20	6	14	6	7	12
ENSG00000182329	KIAA2012	1	4	4	1	0	0	1
ENSG00000182330	PRAMEF8	0	0	0	0	2	0	0
ENSG00000182359	KBTBD3	151	295	168	144	226	240	298
ENSG00000182362	YBEY	100	186	110	99	267	242	352
ENSG00000182372	CLN8	369	523	327	364	448	388	535
ENSG00000182378	PLCXD1	2096	3300	2086	2157	2474	2495	2855
ENSG00000182379	NXPH4	51	103	67	59	74	78	91
ENSG00000182389	CACNB4	13	1	4	6	18	10	3
ENSG00000182400	TRAPPC6B	299	630	410	358	444	480	522
ENSG00000182405	PGBD4	459	746	398	442	488	484	627
ENSG00000182446	NPLOC4	4189	7152	4387	4306	5603	5339	6948
ENSG00000182447	OTOL1	2	2	0	1	4	3	4
ENSG00000182450	KCNK4	0	8	0	0	0	0	0
ENSG00000182459	TEX19	7	14	5	3	2	3	4
ENSG00000182463	TSHZ2	115	197	95	122	130	123	137
ENSG00000182472	CAPN12	16	10	4	10	18	8	15
ENSG00000182473	EXOC7	2184	3702	2014	2226	2800	2683	3526
ENSG00000182481	KPNA2	6099	10764	6856	6580	8120	8078	10033
ENSG00000182484	WASH6P	212	412	227	264	345	343	396
ENSG00000182489	XKRX	8	7	7	8	6	7	3
ENSG00000182492	BGN	606	997	558	561	582	515	541
ENSG00000182504	CEP97	877	1362	756	777	1149	1048	1276
ENSG00000182508	LHFPL1	0	1	0	0	1	1	0
ENSG00000182511	FES	13	10	9	11	14	9	14
ENSG00000182512	GLRX5	1155	1864	1208	1275	1681	1458	2004
ENSG00000182518	FAM104B	172	322	188	196	222	244	310
ENSG00000182521	TBPL2	2	7	2	9	8	4	4
ENSG00000182533	CAV3	3	0	1	3	0	4	2
ENSG00000182534	MXRA7	2399	4256	2768	2656	3621	3165	4066
ENSG00000182541	LIMK2	352	511	269	304	452	459	521
ENSG00000182544	MFSD5	435	772	584	495	687	671	890
ENSG00000182545	RNASE10	130	228	135	121	124	95	129
ENSG00000182551	ADI1	1910	3102	2054	2018	2494	2619	3418
ENSG00000182552	RWDD4	1145	1724	1079	1028	1556	1577	1896
ENSG00000182568	SATB1	1038	1767	967	1108	1253	1126	1484
ENSG00000182575	NXPH3	5	0	10	0	4	0	12
ENSG00000182578	CSF1R	0	2	0	0	0	0	0
ENSG00000182580	EPHB3	1251	2210	1407	1298	1341	1270	1653
ENSG00000182583	VCX	0	5	0	0	4	2	0
ENSG00000182585	EPGN	15	21	10	13	9	12	9
ENSG00000182600	SNORC	119	151	67	91	91	67	113
ENSG00000182606	TRAK1	1676	3035	1726	1814	1856	1752	2086
ENSG00000182612	TSPAN10	8	15	16	11	26	16	33
ENSG00000182613	OR2V2	0	0	0	0	0	2	0
ENSG00000182621	PLCB1	1048	1713	1081	1042	1443	1339	1597
ENSG00000182628	SKA2	1216	2118	1363	1303	2335	2312	2948
ENSG00000182636	NDN	245	433	262	288	515	520	583
ENSG00000182667	NTM	563	939	609	562	637	656	967
ENSG00000182670	TTC3	2047	3268	1877	1789	2561	2645	3185
ENSG00000182676	PPP1R27	9	8	3	5	3	4	4
ENSG00000182685	BRICD5	67	109	60	63	57	53	75
ENSG00000182687	GALR2	3	5	1	2	3	1	6
ENSG00000182698	RESP18	0	0	0	0	0	1	0
ENSG00000182700	IGIP	243	428	255	231	200	204	178
ENSG00000182704	TSKU	687	1163	730	693	1181	1150	1375
ENSG00000182712	CMC4	297	575	325	298	421	401	464
ENSG00000182718	ANXA2	11803	20354	13619	13019	16193	15960	21406
ENSG00000182742	HOXB4	806	1339	799	798	924	863	1093
ENSG00000182747	SLC35D3	1	1	2	0	1	0	1
ENSG00000182749	PAQR7	704	1223	773	674	961	875	1031
ENSG00000182752	PAPPA	109	157	89	128	104	93	133
ENSG00000182759	MAFA	4	12	7	9	7	4	8
ENSG00000182768	NGRN	751	1286	826	684	1274	1303	1742
ENSG00000182771	GRID1	0	2	0	0	12	0	4
ENSG00000182774	RPS17	22930	39187	23322	21849	26547	28452	33095
ENSG00000182782	HCAR2	0	0	1	0	0	0	0
ENSG00000182791	CCDC87	2	36	15	20	47	38	55
ENSG00000182795	C1orf116	5	22	8	8	7	6	6
ENSG00000182798	MAGEB17	1	1	2	1	1	0	1
ENSG00000182809	CRIP2	981	1712	1095	1017	1513	1500	1713
ENSG00000182810	DDX28	388	760	439	394	868	799	1100
ENSG00000182827	ACBD3	3702	6132	3929	3704	5903	5574	6953
ENSG00000182831	C16orf72	3193	5042	3166	3151	4021	3360	4822
ENSG00000182836	PLCXD3	11	18	1	6	8	10	12
ENSG00000182853	VMO1	4	4	9	4	5	7	9
ENSG00000182854	OR4F15	3	6	2	3	3	3	5
ENSG00000182858	ALG12	529	864	548	565	698	659	819
ENSG00000182866	LCK	2	0	3	4	1	1	0
ENSG00000182871	COL18A1	3487	5827	3241	3419	3727	2870	4140
ENSG00000182872	RBM10	2907	4810	2995	3039	4061	3760	4943
ENSG00000182885	ADGRG3	0	2	0	0	0	1	0
ENSG00000182890	GLUD2	258	426	246	203	276	304	342
ENSG00000182899	RPL35A	5108	8672	5364	4875	6923	6771	8421
ENSG00000182901	RGS7	7	25	24	21	37	51	54
ENSG00000182902	SLC25A18	4	9	9	5	10	10	12
ENSG00000182903	ZNF721	705	1215	651	641	925	957	1284
ENSG00000182919	C11orf54	516	796	480	425	662	674	846
ENSG00000182923	CEP63	619	1034	678	703	798	662	925
ENSG00000182931	WFDC10B	0	0	0	0	0	0	1
ENSG00000182934	SRPRA	8487	14319	8914	8937	13560	12994	16502
ENSG00000182944	EWSR1	5174	8631	5389	5323	9133	8689	11966
ENSG00000182950	ODF3L1	2	4	5	2	7	4	4
ENSG00000182952	HMGN4	1191	2030	1188	1136	1535	1553	1835
ENSG00000182957	SPATA13	5440	8694	4902	5336	7004	6605	8453
ENSG00000182963	GJC1	1646	2761	1671	1617	2549	2347	3245
ENSG00000182973	CNOT10	1213	2057	1135	1176	1461	1387	1976
ENSG00000182974	OR4M2B	0	0	0	0	0	0	1
ENSG00000182979	MTA1	2721	4610	2710	2704	2979	2876	3191
ENSG00000182983	ZNF662	7	8	9	4	5	8	9
ENSG00000182985	CADM1	2058	3397	2177	2101	2403	2364	3010
ENSG00000182986	ZNF320	665	964	561	620	915	852	1006
ENSG00000182993	C12orf60	49	74	63	55	104	84	121
ENSG00000183010	PYCR1	2391	3988	2771	2721	3787	3639	4874
ENSG00000183011	NAA38	679	1131	821	730	942	887	1190
ENSG00000183018	SPNS2	6	16	6	3	10	2	20
ENSG00000183019	MCEMP1	0	0	0	0	0	0	1
ENSG00000183020	AP2A2	1082	1817	1092	1265	1231	1028	1392
ENSG00000183023	SLC8A1	17	21	19	14	37	22	22
ENSG00000183032	SLC25A21	14	34	21	17	16	16	20
ENSG00000183044	ABAT	2007	3301	1937	2061	1719	1718	2093
ENSG00000183048	SLC25A10	1069	1759	1198	1057	2444	1993	2969
ENSG00000183049	CAMK1D	78	96	51	68	73	60	96
ENSG00000183054	RGPD6	942	859	14	1006	983	964	91
ENSG00000183060	LYSMD4	141	263	162	166	234	224	271
ENSG00000183066	WBP2NL	0	6	2	0	0	2	1
ENSG00000183067	IGSF5	17	17	15	9	10	11	19
ENSG00000183072	NKX2-5	766	1259	781	800	834	793	1086
ENSG00000183077	AFMID	271	451	291	314	380	396	547
ENSG00000183087	GAS6	435	890	539	551	591	526	662
ENSG00000183091	NEB	12	10	4	6	20	12	18
ENSG00000183092	BEGAIN	74	102	73	50	95	76	113
ENSG00000183098	GPC6	3039	5188	2897	2959	3639	3730	4248
ENSG00000183111	ARHGEF37	764	1231	662	683	907	844	898
ENSG00000183114	FAM43B	5	1	2	5	2	3	2
ENSG00000183117	CSMD1	13	35	9	18	17	22	13
ENSG00000183128	CALHM3	0	1	0	0	1	0	0
ENSG00000183134	PTGDR2	37	51	29	24	34	37	40
ENSG00000183137	CEP57L1	356	572	326	335	412	374	491
ENSG00000183150	GPR19	66	121	80	89	119	137	209
ENSG00000183153	GJD3	71	196	83	89	113	43	113
ENSG00000183155	RABIF	264	442	290	305	604	595	840
ENSG00000183160	TMEM119	16	23	18	19	17	14	15
ENSG00000183161	FANCF	430	717	438	469	520	489	631
ENSG00000183166	CALN1	0	1	1	0	0	0	0
ENSG00000183172	SMDT1	95	185	129	125	159	168	178
ENSG00000183186	C2CD4C	34	43	29	19	25	33	50
ENSG00000183196	CHST6	1102	1631	1056	1229	1226	1106	1303
ENSG00000183207	RUVBL2	5528	9781	6075	5981	8835	8482	10522
ENSG00000183208	GDPGP1	84	185	86	76	172	126	160
ENSG00000183230	CTNNA3	0	1	0	0	0	0	0
ENSG00000183246	RIMBP3C	3	3	19	9	18	11	8
ENSG00000183248	PRR36	2	3	4	1	0	3	1
ENSG00000183251	OR51B4	0	1	0	0	0	0	0
ENSG00000183255	PTTG1IP	3867	6818	4092	3911	5102	4969	5559
ENSG00000183258	DDX41	1386	2181	1434	1390	2037	1974	2431
ENSG00000183273	CCDC60	0	0	0	0	1	0	0
ENSG00000183281	PLGLB1	96	106	60	92	69	54	54
ENSG00000183283	DAZAP2	3795	6649	3954	3958	5358	5656	6601
ENSG00000183287	CCBE1	18	32	15	10	14	13	19
ENSG00000183291	SELENOF	2469	4085	2627	2546	4004	3804	4871
ENSG00000183305	MAGEA2B	1145	1827	1233	1086	1776	2378	2669
ENSG00000183307	TMEM121B	6	10	3	3	8	5	5
ENSG00000183309	ZNF623	1117	1750	954	1060	1208	1160	1426
ENSG00000183317	EPHA10	31	68	33	34	46	20	35
ENSG00000183318	SPDYE4	0	0	0	1	0	0	0
ENSG00000183323	CCDC125	316	606	261	317	514	467	593
ENSG00000183324	REC114	0	1	0	0	0	0	0
ENSG00000183336	BOLA2	923	1534	1044	932	1410	1511	1811
ENSG00000183337	BCOR	1505	2377	1271	1526	2096	1966	2462
ENSG00000183340	JRKL	998	1805	1050	985	1453	1325	1662
ENSG00000183347	GBP6	3	1	0	1	3	1	2
ENSG00000183354	KIAA2026	920	1462	830	911	1070	982	1284
ENSG00000183378	OVCH2	1	0	0	0	0	0	0
ENSG00000183379	SYNDIG1L	0	3	1	1	0	1	0
ENSG00000183386	FHL3	402	732	430	369	457	450	506
ENSG00000183389	OR56A4	4	7	6	8	5	13	6
ENSG00000183395	PMCH	4	1	3	5	3	6	5
ENSG00000183396	TMEM89	2	4	2	1	2	3	3
ENSG00000183397	TEKTIP1	143	235	156	155	156	49	213
ENSG00000183401	CCDC159	68	104	76	57	100	122	132
ENSG00000183421	RIPK4	2117	3667	2154	2071	3019	2847	3528
ENSG00000183423	LRIT3	3	12	3	4	1	4	5
ENSG00000183426	NPIPA1	298	570	331	324	295	340	366
ENSG00000183431	SF3A3	4237	7055	4377	4459	6839	6750	8700
ENSG00000183434	TFDP3	0	1	0	0	0	0	1
ENSG00000183439	TRIM61	20	27	21	15	28	25	35
ENSG00000183454	GRIN2A	11	17	11	7	4	4	5
ENSG00000183474	GTF2H2C	793	1250	686	729	1052	892	1192
ENSG00000183475	ASB7	699	1147	610	613	842	822	920
ENSG00000183476	SH2D7	0	1	0	0	0	0	0
ENSG00000183479	TREX2	26	33	13	24	34	22	39
ENSG00000183484	GPR132	33	50	15	48	28	32	31
ENSG00000183486	MX2	1829	3112	1735	1804	2407	2205	2897
ENSG00000183495	EP400	2998	4801	2665	3053	3884	3782	4852
ENSG00000183496	MEX3B	124	224	111	119	180	169	230
ENSG00000183508	TENT5C	77	125	81	64	73	79	83
ENSG00000183513	COA5	551	849	584	437	682	544	678
ENSG00000183520	UTP11	1485	2277	1571	1411	3007	2700	3547
ENSG00000183527	PSMG1	1108	1746	1069	1014	1423	1432	1739
ENSG00000183530	PRR14L	1087	1609	919	1055	1237	1363	1645
ENSG00000183542	KLRC4	0	1	0	0	0	0	0
ENSG00000183560	IZUMO1R	1	0	0	0	1	0	0
ENSG00000183569	SERHL2	6	13	10	2	7	10	3
ENSG00000183570	PCBP3	1	5	3	3	1	3	0
ENSG00000183571	PGPEP1L	2	0	3	0	0	0	0
ENSG00000183576	SETD3	1201	1983	1261	1097	1536	1505	1834
ENSG00000183578	TNFAIP8L3	1	0	3	5	1	3	7
ENSG00000183579	ZNRF3	255	396	296	265	376	355	455
ENSG00000183580	FBXL7	529	773	441	491	679	685	827
ENSG00000183597	TANGO2	346	547	365	469	415	533	685
ENSG00000183598	H3C13	10	27	14	13	6	8	16
ENSG00000183605	SFXN4	654	1083	603	653	1083	1005	1309
ENSG00000183615	FAM167B	68	117	70	62	75	73	77
ENSG00000183617	MRPL54	395	643	414	400	645	598	756
ENSG00000183621	ZNF438	125	214	118	129	137	137	166
ENSG00000183624	HMCES	2413	4293	2815	2617	4185	3758	5381
ENSG00000183628	DGCR6	34	67	36	45	63	51	72
ENSG00000183632	TP53TG3	34	0	0	0	0	0	0
ENSG00000183638	RP1L1	3	2	0	2	3	3	3
ENSG00000183644	HOATZ	3	1	1	2	2	1	3
ENSG00000183647	ZNF530	124	170	114	133	299	241	422
ENSG00000183648	NDUFB1	434	689	478	421	516	511	616
ENSG00000183655	KLHL25	183	380	229	222	398	350	537
ENSG00000183662	TAFA1	2	5	3	0	1	1	0
ENSG00000183665	TRMT12	712	1201	712	726	909	852	993
ENSG00000183668	PSG9	7	9	3	9	5	3	5
ENSG00000183671	CMKLR2	3	2	0	3	0	1	2
ENSG00000183682	BMP8A	150	203	110	141	188	155	191
ENSG00000183684	ALYREF	2027	3459	2512	2417	2265	2065	2649
ENSG00000183688	RFLNB	384	629	387	375	528	544	580
ENSG00000183691	NOG	2	3	0	2	2	5	2
ENSG00000183695	MRGPRX2	0	1	0	0	0	0	0
ENSG00000183696	UPP1	358	648	431	396	623	602	864
ENSG00000183715	OPCML	0	1	1	0	1	1	0
ENSG00000183718	TRIM52	523	867	510	614	583	497	616
ENSG00000183722	LHFPL6	192	328	212	208	300	281	382
ENSG00000183723	CMTM4	596	906	602	631	767	832	721
ENSG00000183726	TMEM50A	1285	2009	1274	1269	1795	1807	2234
ENSG00000183735	TBK1	1128	1894	1073	1138	1342	1279	1530
ENSG00000183741	CBX6	2868	4822	3045	3011	4081	3530	4753
ENSG00000183742	MACC1	46	65	39	43	57	54	81
ENSG00000183751	TBL3	539	899	557	563	910	782	984
ENSG00000183760	ACP7	0	0	2	0	0	0	4
ENSG00000183762	KREMEN1	920	1441	877	955	973	919	1011
ENSG00000183763	TRAIP	205	355	207	178	335	296	371
ENSG00000183765	CHEK2	455	652	407	379	501	559	755
ENSG00000183773	AIFM3	14	27	12	18	14	6	17
ENSG00000183775	KCTD16	4	5	4	4	0	3	4
ENSG00000183778	B3GALT5	0	0	0	0	2	3	2
ENSG00000183779	ZNF703	219	381	233	240	256	247	341
ENSG00000183780	SLC35F3	1	10	8	7	5	3	4
ENSG00000183785	TUBA8	53	70	72	52	48	35	50
ENSG00000183793	NPIPA5	15	47	14	12	37	20	33
ENSG00000183798	EMILIN3	26	32	28	18	18	30	34
ENSG00000183801	OLFML1	0	1	1	0	3	0	2
ENSG00000183808	RBM12B	1891	2761	1713	1776	2553	2495	3057
ENSG00000183813	CCR4	6	10	4	1	10	6	7
ENSG00000183814	LIN9	473	828	480	415	764	720	952
ENSG00000183826	BTBD9	259	398	212	275	281	296	368
ENSG00000183828	NUDT14	18	43	40	33	36	34	54
ENSG00000183831	ANKRD45	173	261	167	162	247	249	337
ENSG00000183833	CFAP91	5	5	6	7	11	10	17
ENSG00000183837	PNMA3	0	3	3	0	0	1	0
ENSG00000183840	GPR39	8	4	12	12	15	0	9
ENSG00000183844	FAM3B	9	15	9	5	10	12	13
ENSG00000183850	ZNF730	55	98	74	55	83	88	108
ENSG00000183853	KIRREL1	6511	10488	6394	6652	8574	8568	11168
ENSG00000183856	IQGAP3	3030	4945	2854	3195	3765	3556	4385
ENSG00000183864	TOB2	1652	2773	1631	1705	2138	1975	2533
ENSG00000183873	SCN5A	5	21	12	11	9	14	7
ENSG00000183876	ARSI	13	18	11	19	7	4	9
ENSG00000183878	UTY	0	2	1	3	0	0	0
ENSG00000183889	NPIPA9	905	1388	762	553	885	810	936
ENSG00000183891	TTC32	197	306	166	177	180	167	209
ENSG00000183914	DNAH2	764	1236	625	703	878	826	931
ENSG00000183918	SH2D1A	0	0	1	2	0	1	0
ENSG00000183921	SDR42E2	6	19	5	5	7	8	4
ENSG00000183943	PRKX	809	1252	782	748	903	849	970
ENSG00000183955	KMT5A	1236	1936	1231	1257	1369	1326	1622
ENSG00000183960	KCNH8	6	6	1	0	0	8	6
ENSG00000183963	SMTN	653	1047	720	689	1106	935	1393
ENSG00000183971	NPW	11	26	5	9	14	10	13
ENSG00000183977	PP2D1	2	12	2	8	17	12	14
ENSG00000183978	COA3	858	1514	1021	899	1305	1363	1837
ENSG00000183979	NPB	7	17	3	4	4	4	20
ENSG00000184005	ST6GALNAC3	790	1224	771	758	1079	1025	1215
ENSG00000184007	PTP4A2	4026	6483	4011	3828	5507	4860	6497
ENSG00000184009	ACTG1	28400	50584	31872	31733	38848	37755	47824
ENSG00000184012	TMPRSS2	6	0	4	7	8	4	15
ENSG00000184014	DENND5A	1373	2288	1376	1418	1566	1372	1839
ENSG00000184047	DIABLO	1121	1915	1192	1174	1506	1463	1967
ENSG00000184056	VPS33B	468	756	428	486	761	671	845
ENSG00000184058	TBX1	0	1	2	0	2	1	2
ENSG00000184060	ADAP2	0	0	0	1	3	0	3
ENSG00000184076	UQCR10	569	902	586	531	830	865	1045
ENSG00000184083	FAM120C	651	1086	664	699	994	910	1292
ENSG00000184108	TRIML1	3	2	0	1	3	0	1
ENSG00000184110	EIF3C	27146	46330	27379	27422	36588	36214	43208
ENSG00000184113	CLDN5	4	8	5	4	1	9	13
ENSG00000184117	NIPSNAP1	2455	3926	2484	2395	2591	2402	2705
ENSG00000184144	CNTN2	2	4	0	0	0	1	1
ENSG00000184154	LRRC51	230	296	201	197	279	195	312
ENSG00000184156	KCNQ3	0	4	1	0	1	1	2
ENSG00000184160	ADRA2C	0	1	0	0	1	0	0
ENSG00000184162	NR2C2AP	436	786	439	501	682	692	948
ENSG00000184163	C1QTNF12	7	20	13	14	16	4	20
ENSG00000184164	CRELD2	702	1224	794	695	932	836	1112
ENSG00000184166	OR1D2	20	24	10	15	16	12	15
ENSG00000184178	SCFD2	1734	2881	1602	1740	2371	2437	2854
ENSG00000184182	UBE2F	815	1332	853	767	694	680	809
ENSG00000184185	KCNJ12	5	8	8	11	8	10	19
ENSG00000184194	GPR173	43	86	45	32	45	36	50
ENSG00000184203	PPP1R2	777	1254	742	766	1355	1326	1520
ENSG00000184205	TSPYL2	971	1566	990	1025	1250	1118	1519
ENSG00000184206	GOLGA6L4	77	112	51	47	92	46	74
ENSG00000184207	PGP	1011	1626	1147	1063	1490	1429	1929
ENSG00000184209	SNRNP35	518	865	522	501	722	641	829
ENSG00000184210	DGAT2L6	14	28	10	13	13	9	18
ENSG00000184216	IRAK1	7079	11836	7763	7871	10160	9360	13198
ENSG00000184220	CMSS1	1090	1770	1170	1161	1518	1424	1920
ENSG00000184221	OLIG1	125	226	99	122	173	155	137
ENSG00000184226	PCDH9	429	707	328	374	549	564	695
ENSG00000184227	ACOT1	86	158	107	77	105	101	145
ENSG00000184232	OAF	7726	13510	8162	8023	10244	10417	12100
ENSG00000184254	ALDH1A3	54749	90919	52875	52350	52925	50371	61586
ENSG00000184260	H2AC20	13	29	18	16	15	30	24
ENSG00000184261	KCNK12	9	9	4	2	17	12	15
ENSG00000184270	H2AC21	4	4	2	6	3	3	3
ENSG00000184271	POU6F1	54	97	56	75	94	56	88
ENSG00000184277	TM2D3	643	1075	730	654	786	695	850
ENSG00000184281	TSSC4	560	1107	684	656	798	633	1019
ENSG00000184292	TACSTD2	0	0	1	0	0	0	0
ENSG00000184302	SIX6	0	1	0	0	0	0	1
ENSG00000184304	PRKD1	840	1341	794	763	993	1066	1032
ENSG00000184305	CCSER1	12	25	11	20	12	14	20
ENSG00000184307	ZDHHC23	127	147	90	99	110	110	123
ENSG00000184330	S100A7A	0	1	0	0	0	0	0
ENSG00000184343	SRPK3	73	113	68	65	75	39	104
ENSG00000184347	SLIT3	39	64	33	39	34	51	50
ENSG00000184349	EFNA5	962	1632	970	919	1301	1218	1438
ENSG00000184350	MRGPRE	0	0	0	0	0	1	0
ENSG00000184357	H1-5	4	10	4	3	1	1	2
ENSG00000184361	SPATA32	0	0	4	0	0	0	0
ENSG00000184363	PKP3	515	844	538	571	577	476	634
ENSG00000184368	MAP7D2	1	8	0	0	1	1	3
ENSG00000184371	CSF1	683	1167	729	736	786	720	861
ENSG00000184374	COLEC10	0	2	0	0	0	1	0
ENSG00000184378	ACTRT3	16	29	13	16	23	15	30
ENSG00000184381	PLA2G6	462	761	384	437	534	455	499
ENSG00000184384	MAML2	2569	4136	2315	2459	3159	3181	3914
ENSG00000184389	A3GALT2	5	14	4	6	8	5	8
ENSG00000184402	SS18L1	996	1563	907	904	1162	1174	1383
ENSG00000184408	KCND2	0	0	0	0	0	0	1
ENSG00000184428	TOP1MT	1243	2061	1306	1225	1299	1296	1601
ENSG00000184432	COPB2	8595	14190	8555	8702	10052	9795	12027
ENSG00000184434	LRRC19	8	6	3	14	8	5	8
ENSG00000184436	THAP7	241	399	236	251	340	326	393
ENSG00000184445	KNTC1	2761	4439	2451	2672	4039	3958	4979
ENSG00000184451	CCR10	75	137	75	70	90	90	107
ENSG00000184454	NCMAP	3	1	1	3	1	0	3
ENSG00000184465	WDR27	457	582	393	428	542	475	679
ENSG00000184470	TXNRD2	462	907	519	508	797	632	904
ENSG00000184481	FOXO4	714	1121	698	665	843	630	920
ENSG00000184486	POU3F2	1495	2378	1459	1627	2192	1937	2914
ENSG00000184489	PTP4A3	159	273	165	151	140	146	142
ENSG00000184492	FOXD4L1	5	4	2	2	4	5	1
ENSG00000184497	TMEM255B	760	1290	637	637	635	620	683
ENSG00000184500	PROS1	961	1663	915	878	1116	1091	1197
ENSG00000184507	NUTM1	1	3	3	2	0	0	2
ENSG00000184508	HDDC3	432	800	451	412	744	741	881
ENSG00000184515	BEX5	0	1	0	0	0	0	0
ENSG00000184517	ZFP1	321	647	346	373	448	426	578
ENSG00000184524	CEND1	45	93	68	62	83	71	109
ENSG00000184530	C6orf58	0	0	0	0	2	0	0
ENSG00000184545	DUSP8	39	68	38	27	34	37	35
ENSG00000184557	SOCS3	1524	2521	1591	1542	840	742	813
ENSG00000184560	SPEM2	0	2	0	1	0	0	2
ENSG00000184564	SLITRK6	941	1473	927	869	843	882	1150
ENSG00000184571	PIWIL3	0	2	1	0	0	1	0
ENSG00000184574	LPAR5	4	8	4	1	4	6	3
ENSG00000184575	XPOT	6406	10484	6281	6294	7299	7175	8345
ENSG00000184584	STING1	990	1619	936	930	1099	1002	1232
ENSG00000184588	PDE4B	172	283	150	136	220	224	251
ENSG00000184599	TAFA3	311	462	302	328	368	345	470
ENSG00000184602	SNN	325	490	334	302	401	365	471
ENSG00000184613	NELL2	1	1	0	0	1	1	4
ENSG00000184616	SPDYE12	7	22	2	11	23	11	19
ENSG00000184619	KRBA2	126	207	144	144	182	141	157
ENSG00000184634	MED12	1978	3132	1828	2062	2586	2576	3094
ENSG00000184635	ZNF93	301	446	257	215	417	422	540
ENSG00000184640	SEPTIN9	10999	19058	12259	12211	15802	15549	19605
ENSG00000184647	PRSS55	0	0	0	0	0	0	1
ENSG00000184659	FOXD4L4	4	13	9	8	7	3	2
ENSG00000184661	CDCA2	742	1249	787	782	1312	1372	1743
ENSG00000184675	AMER1	232	368	249	258	264	253	351
ENSG00000184677	ZBTB40	1616	2436	1480	1633	2625	2593	3402
ENSG00000184678	H2BC21	227	400	148	139	187	144	152
ENSG00000184697	CLDN6	0	5	0	1	2	2	1
ENSG00000184702	SEPTIN5	611	968	708	580	781	731	925
ENSG00000184708	EIF4ENIF1	462	731	400	433	567	517	660
ENSG00000184716	SERINC4	3	0	0	0	0	0	0
ENSG00000184730	APOBR	1	3	3	2	1	0	0
ENSG00000184735	DDX53	2	4	0	1	2	1	3
ENSG00000184743	ATL3	1323	2276	1413	1329	1849	1800	2223
ENSG00000184752	NDUFA12	857	1400	918	914	1205	1281	1659
ENSG00000184787	UBE2G2	1581	2830	1679	1710	3128	2919	3707
ENSG00000184792	OSBP2	74	148	70	72	116	111	131
ENSG00000184811	TRARG1	0	0	0	0	2	0	0
ENSG00000184828	ZBTB7C	0	0	2	2	0	1	1
ENSG00000184831	APOO	495	838	509	472	721	736	908
ENSG00000184838	PRR16	45	63	40	39	45	49	43
ENSG00000184840	TMED9	3795	6156	4037	3808	5360	5018	6711
ENSG00000184845	DRD1	0	0	0	1	1	0	0
ENSG00000184857	TMEM186	483	844	508	518	892	913	1149
ENSG00000184860	SDR42E1	3	6	2	1	3	2	1
ENSG00000184863	RBM33	3324	5170	2903	3162	3453	3256	3892
ENSG00000184867	ARMCX2	0	0	0	0	0	1	0
ENSG00000184887	BTBD6	555	958	668	588	758	749	915
ENSG00000184897	H1-10	6028	10467	6765	6394	8022	7404	9166
ENSG00000184898	RBM43	352	591	298	322	514	432	563
ENSG00000184900	SUMO3	1354	2151	1417	1427	1927	1998	2571
ENSG00000184903	IMMP2L	249	391	239	231	310	274	269
ENSG00000184905	TCEAL2	0	0	0	0	1	0	0
ENSG00000184908	CLCNKB	0	2	0	1	0	0	0
ENSG00000184916	JAG2	7	17	9	16	14	11	19
ENSG00000184922	FMNL1	89	139	66	90	72	93	113
ENSG00000184923	NUTM2A	42	84	53	41	42	51	44
ENSG00000184924	PTRHD1	489	847	524	557	632	653	815
ENSG00000184925	LCN12	0	0	0	1	1	0	0
ENSG00000184933	OR6A2	2	1	0	1	1	0	0
ENSG00000184937	WT1	180	334	216	217	208	215	309
ENSG00000184939	ZFP90	306	698	304	401	491	452	539
ENSG00000184949	FAM227A	192	324	161	181	198	201	230
ENSG00000184954	OR6C70	0	1	0	2	2	0	1
ENSG00000184956	MUC6	4	3	5	5	6	2	2
ENSG00000184967	NOC4L	756	1274	815	798	1104	1097	1382
ENSG00000184979	USP18	155	277	165	186	181	183	248
ENSG00000184983	NDUFA6	721	1197	811	783	1257	1236	1671
ENSG00000184984	CHRM5	2	3	3	0	8	3	1
ENSG00000184985	SORCS2	32	53	27	28	29	27	23
ENSG00000184986	TMEM121	304	563	394	351	501	366	547
ENSG00000184988	TMEM106A	126	209	111	129	314	286	370
ENSG00000184990	SIVA1	506	836	571	560	770	739	1041
ENSG00000184992	BRI3BP	1118	1854	1185	1242	1865	1732	2304
ENSG00000184995	IFNE	22	34	18	14	24	17	23
ENSG00000185000	DGAT1	748	1312	864	776	1030	921	1163
ENSG00000185008	ROBO2	0	0	0	0	0	1	0
ENSG00000185009	AP3M1	1448	2164	1350	1360	2010	1896	2505
ENSG00000185010	F8	150	280	137	196	225	255	244
ENSG00000185013	NT5C1B	0	0	0	1	0	1	1
ENSG00000185015	CA13	16	50	21	19	30	30	32
ENSG00000185019	UBOX5	309	538	309	328	533	491	506
ENSG00000185022	MAFF	634	1099	675	665	1047	911	1244
ENSG00000185024	BRF1	614	907	545	637	826	733	953
ENSG00000185028	LRRC14B	0	0	0	4	0	0	0
ENSG00000185033	SEMA4B	1208	2145	1162	1229	1146	1091	1045
ENSG00000185038	MROH2A	0	0	0	0	0	1	0
ENSG00000185040	SPDYE16	132	195	103	110	128	108	124
ENSG00000185043	CIB1	1018	1849	1197	1195	1624	1622	2028
ENSG00000185046	ANKS1B	0	6	3	6	12	13	2
ENSG00000185049	NELFA	1108	1987	1241	1176	2252	2139	2754
ENSG00000185052	SLC24A3	566	1027	535	512	577	540	682
ENSG00000185055	EFCAB10	7	23	11	11	8	7	7
ENSG00000185056	C5orf47	0	3	5	4	10	5	6
ENSG00000185070	FLRT2	932	1484	784	800	956	921	1087
ENSG00000185085	INTS5	1176	2019	1241	1229	1681	1658	2135
ENSG00000185088	RPS27L	1889	3062	2141	1868	3393	3287	4401
ENSG00000185090	MANEAL	391	797	432	467	784	754	964
ENSG00000185100	ADSS1	143	218	142	116	138	123	135
ENSG00000185104	FAF1	1629	2689	1548	1657	2374	2371	2771
ENSG00000185105	MYADML2	1	10	4	6	5	7	9
ENSG00000185112	FAM43A	575	1020	668	632	477	421	592
ENSG00000185115	NSMCE3	343	615	351	324	495	495	650
ENSG00000185122	HSF1	2559	4456	2638	2694	3410	3477	4134
ENSG00000185127	C6orf120	1353	2208	1302	1320	1917	1906	2310
ENSG00000185129	PURA	2087	3418	2028	1945	2927	2322	3356
ENSG00000185130	H2BC13	4	10	8	1	6	7	11
ENSG00000185133	INPP5J	31	39	26	21	29	25	38
ENSG00000185149	NPY2R	0	1	0	0	0	0	0
ENSG00000185155	MIXL1	2	8	2	2	0	2	2
ENSG00000185158	LRRC37B	189	298	182	163	203	230	236
ENSG00000185163	DDX51	540	933	536	510	603	403	702
ENSG00000185164	NOMO2	6351	10851	6668	6494	7971	7639	9248
ENSG00000185177	ZNF479	0	0	0	0	0	0	1
ENSG00000185187	SIGIRR	184	268	183	174	198	163	212
ENSG00000185189	NRBP2	664	1015	492	586	692	616	743
ENSG00000185201	IFITM2	473	817	545	453	484	540	554
ENSG00000185215	TNFAIP2	633	991	609	630	664	615	778
ENSG00000185219	ZNF445	1094	1682	949	1039	1231	1159	1541
ENSG00000185220	PGBD2	202	300	199	166	321	291	383
ENSG00000185222	TCEAL9	796	1281	794	728	1156	1007	1203
ENSG00000185236	RAB11B	2663	4592	2770	2718	3735	3610	4664
ENSG00000185238	PRMT3	856	1522	927	862	1260	1252	1613
ENSG00000185245	GP1BA	28	46	22	29	33	26	32
ENSG00000185246	PRPF39	69	91	58	51	109	60	100
ENSG00000185247	MAGEA11	603	1122	666	652	906	960	1127
ENSG00000185250	PPIL6	21	29	15	25	17	23	15
ENSG00000185252	ZNF74	427	638	422	461	438	390	497
ENSG00000185261	KIAA0825	31	55	19	51	46	34	42
ENSG00000185262	UBALD2	5656	9919	6325	5779	7078	6202	7945
ENSG00000185267	CDNF	52	90	41	38	72	70	43
ENSG00000185269	NOTUM	29	44	20	28	24	20	19
ENSG00000185271	KLHL33	67	82	64	67	55	38	68
ENSG00000185278	ZBTB37	1004	1486	755	903	977	763	1032
ENSG00000185291	IL3RA	11	15	12	11	11	7	8
ENSG00000185298	CCDC137	1692	2863	1743	1801	2377	2046	2777
ENSG00000185303	SFTPA2	1	0	0	0	0	0	0
ENSG00000185304	RGPD2	963	1469	767	892	938	861	982
ENSG00000185305	ARL15	1335	2211	1383	1334	1670	1530	1949
ENSG00000185306	C12orf56	1	6	1	5	1	1	6
ENSG00000185313	SCN10A	1	0	0	0	0	0	0
ENSG00000185324	CDK10	514	858	607	450	813	828	896
ENSG00000185338	SOCS1	7	13	10	9	8	5	18
ENSG00000185339	TCN2	116	201	98	108	163	147	178
ENSG00000185340	GAS2L1	484	829	509	548	658	571	807
ENSG00000185344	ATP6V0A2	518	889	580	527	638	613	814
ENSG00000185345	PRKN	10	20	14	1	0	17	0
ENSG00000185347	TEDC1	318	603	415	393	628	366	791
ENSG00000185352	HS6ST3	22	34	21	25	34	33	41
ENSG00000185359	HGS	3054	5218	3098	2917	4252	4171	5019
ENSG00000185361	TNFAIP8L1	813	1421	912	933	976	817	1070
ENSG00000185372	OR2V1	0	1	0	0	1	0	0
ENSG00000185379	RAD51D	409	659	376	391	512	447	601
ENSG00000185385	OR7A17	115	152	100	87	104	87	74
ENSG00000185386	MAPK11	282	600	369	323	437	380	499
ENSG00000185404	SP140L	515	748	464	435	649	612	739
ENSG00000185414	MRPL30	1368	2178	1314	1329	2434	2352	2815
ENSG00000185418	TARS3	261	417	254	249	278	248	286
ENSG00000185420	SMYD3	555	925	547	510	641	590	645
ENSG00000185432	METTL7A	167	310	157	171	281	218	248
ENSG00000185436	IFNLR1	406	691	432	475	559	569	696
ENSG00000185437	SH3BGR	25	52	21	19	35	39	44
ENSG00000185442	FAM174B	122	211	97	130	181	130	197
ENSG00000185453	ZSWIM9	412	694	428	413	652	216	745
ENSG00000185467	KPNA7	4	3	0	1	2	1	1
ENSG00000185475	TMEM179B	1738	3139	1883	1907	2627	2729	3157
ENSG00000185477	GPRIN3	208	297	150	159	207	192	185
ENSG00000185479	KRT6B	38	58	49	41	44	44	57
ENSG00000185480	PARPBP	684	985	610	624	1018	950	1173
ENSG00000185482	STAC3	38	50	25	29	47	18	33
ENSG00000185483	ROR1	261	399	289	269	432	413	461
ENSG00000185499	MUC1	150	186	111	105	132	111	134
ENSG00000185504	FAAP100	694	1187	761	768	902	839	1079
ENSG00000185507	IRF7	57	78	36	52	55	83	118
ENSG00000185515	BRCC3	786	1273	648	708	1185	1080	1421
ENSG00000185518	SV2B	10	12	17	12	14	13	12
ENSG00000185519	FAM131C	56	100	45	41	56	68	71
ENSG00000185522	LMNTD2	46	140	72	63	67	62	66
ENSG00000185523	SPATA45	0	0	0	1	1	1	0
ENSG00000185527	PDE6G	0	0	7	2	3	6	0
ENSG00000185532	PRKG1	520	805	422	468	640	689	667
ENSG00000185551	NR2F2	2384	3918	2385	2452	2928	2641	3294
ENSG00000185559	DLK1	8	14	13	13	7	9	12
ENSG00000185561	TLCD2	456	774	460	488	553	417	539
ENSG00000185565	LSAMP	1061	1703	975	973	1349	1373	1625
ENSG00000185567	AHNAK2	513	378	377	462	632	683	830
ENSG00000185585	OLFML2A	230	348	289	337	295	297	432
ENSG00000185591	SP1	5876	9486	5188	5480	7585	7421	9088
ENSG00000185608	MRPL40	476	949	544	550	870	850	1090
ENSG00000185610	DBX2	0	1	0	0	1	0	0
ENSG00000185614	INKA1	33	49	31	32	40	44	33
ENSG00000185615	PDIA2	8	16	10	6	7	5	5
ENSG00000185619	PCGF3	1769	2592	1616	1619	1665	1547	1839
ENSG00000185621	LMLN	352	603	308	329	530	533	604
ENSG00000185624	P4HB	15324	26695	17319	17274	18625	18765	23453
ENSG00000185627	PSMD13	2727	4579	2930	2790	3879	3842	4994
ENSG00000185630	PBX1	17	35	16	22	20	22	23
ENSG00000185633	NDUFA4L2	44	61	44	34	40	59	48
ENSG00000185634	SHC4	860	1372	767	833	991	1009	1281
ENSG00000185640	KRT79	0	2	0	5	0	2	2
ENSG00000185650	ZFP36L1	3958	6204	3844	3771	4770	4612	5642
ENSG00000185651	UBE2L3	1799	3104	1784	1812	2972	3028	3722
ENSG00000185652	NTF3	2	7	0	6	3	3	0
ENSG00000185658	BRWD1	1598	2494	1400	1412	1956	1869	2245
ENSG00000185664	PMEL	41	57	28	22	47	48	72
ENSG00000185666	SYN3	248	399	199	253	225	193	244
ENSG00000185668	POU3F1	15	29	7	17	18	13	12
ENSG00000185669	SNAI3	2	0	2	1	2	1	2
ENSG00000185670	ZBTB3	129	219	116	124	172	133	170
ENSG00000185674	LYG2	8	5	6	5	5	3	10
ENSG00000185681	MORN5	1	3	1	0	2	0	0
ENSG00000185686	PRAME	6457	10809	6284	6291	9542	9352	11180
ENSG00000185697	MYBL1	471	791	470	475	581	597	749
ENSG00000185716	MOSMO	5592	9056	4850	4983	6593	6254	7568
ENSG00000185721	DRG1	938	1491	914	866	1048	1124	1277
ENSG00000185722	ANKFY1	2015	3125	1762	1979	2243	2144	2490
ENSG00000185728	YTHDF3	2393	4029	2330	2357	3714	3643	4792
ENSG00000185730	ZNF696	655	1085	639	633	875	713	1045
ENSG00000185739	SRL	0	0	2	1	3	1	1
ENSG00000185745	IFIT1	474	750	482	446	828	755	971
ENSG00000185753	CXorf38	755	1187	749	741	739	746	875
ENSG00000185758	CLDN24	1	3	0	0	0	0	0
ENSG00000185760	KCNQ5	375	488	189	269	384	345	392
ENSG00000185761	ADAMTSL5	110	198	102	102	160	97	149
ENSG00000185774	KCNIP4	2	0	2	1	4	9	14
ENSG00000185775	SPATA31A6	0	4	1	3	0	1	2
ENSG00000185787	MORF4L1	8271	14118	8816	8398	12269	11583	14517
ENSG00000185792	NLRP9	0	0	1	0	0	0	0
ENSG00000185798	WDR53	199	309	205	193	310	309	372
ENSG00000185800	DMWD	1860	3038	1809	1862	2561	2423	3239
ENSG00000185803	SLC52A2	1404	2369	1572	1549	2194	2064	2861
ENSG00000185808	PIGP	382	582	335	366	420	383	441
ENSG00000185813	PCYT2	1133	1874	1177	1239	1243	1078	1396
ENSG00000185818	NAT8L	1382	2463	1504	1502	1731	1203	2058
ENSG00000185823	NPAP1	14	12	13	5	9	7	14
ENSG00000185825	BCAP31	3102	5354	3563	3430	4601	4264	5548
ENSG00000185829	ARL17A	1004	1507	752	889	997	943	1232
ENSG00000185838	GNB1L	124	194	81	82	229	200	285
ENSG00000185842	DNAH14	515	874	522	479	740	836	965
ENSG00000185860	CCDC190	2	1	0	0	0	0	1
ENSG00000185862	EVI2B	8	9	7	10	18	26	31
ENSG00000185864	NPIPB4	456	670	348	412	507	438	447
ENSG00000185869	ZNF829	178	252	137	130	337	300	486
ENSG00000185875	THNSL1	349	610	370	334	541	545	665
ENSG00000185880	TRIM69	1	0	3	1	1	1	0
ENSG00000185883	ATP6V0C	3391	6085	4117	3919	5813	5695	7017
ENSG00000185885	IFITM1	1981	3676	2036	1775	2066	2177	2232
ENSG00000185888	PRSS38	0	0	0	0	1	0	0
ENSG00000185896	LAMP1	10350	17941	11086	10916	13551	12313	15692
ENSG00000185900	POMK	748	1139	691	640	902	872	1114
ENSG00000185905	C16orf54	0	3	0	0	0	0	0
ENSG00000185909	KLHDC8B	178	299	157	164	225	241	263
ENSG00000185915	KLHL34	0	1	1	4	2	3	1
ENSG00000185917	SETD4	331	572	271	351	432	396	496
ENSG00000185920	PTCH1	1550	2436	1470	1805	1658	1471	2139
ENSG00000185924	RTN4RL1	33	38	28	17	31	19	42
ENSG00000185933	CALHM1	3	2	1	1	1	1	6
ENSG00000185942	NKAIN3	104	126	70	98	92	98	118
ENSG00000185946	RNPC3	676	1223	649	658	731	726	839
ENSG00000185947	ZNF267	366	606	317	316	394	412	505
ENSG00000185950	IRS2	11955	19843	11868	12291	18701	16974	22553
ENSG00000185955	SPACDR	13	23	9	13	12	13	12
ENSG00000185958	FAM186A	4	12	3	4	6	2	8
ENSG00000185960	SHOX	2	8	4	3	3	3	4
ENSG00000185963	BICD2	1885	3094	1926	1914	2731	2602	3352
ENSG00000185972	CCIN	0	0	1	0	0	1	0
ENSG00000185973	TMLHE	375	637	361	336	436	470	546
ENSG00000185974	GRK1	3	0	0	0	0	0	3
ENSG00000185985	SLITRK2	59	86	62	69	78	90	117
ENSG00000185988	PLK5	1	5	0	1	2	1	0
ENSG00000185989	RASA3	4235	7192	4104	4155	4002	3956	4570
ENSG00000186001	LRCH3	889	1470	888	904	929	960	1088
ENSG00000186007	LEMD1	26	24	14	29	11	16	15
ENSG00000186009	ATP4B	2	3	3	1	1	7	5
ENSG00000186010	NDUFA13	3742	6203	3958	3840	4488	4554	5450
ENSG00000186017	ZNF566	323	506	318	313	529	448	680
ENSG00000186020	ZNF529	341	531	310	322	551	533	679
ENSG00000186026	ZNF284	275	396	228	252	333	340	360
ENSG00000186038	HTR3E	0	0	1	0	0	2	0
ENSG00000186047	DLEU7	0	0	0	0	1	0	1
ENSG00000186051	TAL2	2	2	1	2	3	0	3
ENSG00000186063	AIDA	3940	6528	3901	3969	5430	5380	6825
ENSG00000186073	CDIN1	250	427	285	304	370	364	438
ENSG00000186081	KRT5	0	0	1	0	0	0	0
ENSG00000186086	NBPF6	59	89	55	54	89	85	108
ENSG00000186088	GSAP	207	327	187	172	207	228	232
ENSG00000186092	OR4F5	0	0	1	0	0	0	0
ENSG00000186094	AGBL4	0	4	1	4	2	3	1
ENSG00000186103	ARGFX	1	4	2	1	2	1	2
ENSG00000186104	CYP2R1	19	43	25	12	26	38	20
ENSG00000186105	LRRC70	8	2	2	5	0	0	11
ENSG00000186106	ANKRD46	272	464	266	241	320	343	384
ENSG00000186111	PIP5K1C	1363	2433	1423	1550	1895	1835	2328
ENSG00000186115	CYP4F2	1	0	0	0	0	0	0
ENSG00000186118	TEX38	0	2	3	4	2	1	0
ENSG00000186130	ZBTB6	805	1215	722	635	1107	1016	1235
ENSG00000186132	C2orf76	88	199	107	101	141	152	207
ENSG00000186141	POLR3C	778	1137	734	678	1203	1262	1632
ENSG00000186146	DEFB131A	2	1	3	1	6	2	1
ENSG00000186150	UBL4B	2	7	5	6	4	2	1
ENSG00000186153	WWOX	231	343	200	185	298	199	298
ENSG00000186160	CYP4Z1	1	1	0	0	2	1	0
ENSG00000186166	CENATAC	119	204	120	120	155	125	229
ENSG00000186174	BCL9L	2791	4444	2657	2956	3497	3093	3778
ENSG00000186184	POLR1D	2351	4070	2230	2194	2695	2740	3015
ENSG00000186185	KIF18B	1589	2388	1518	1616	2596	2542	3503
ENSG00000186187	ZNRF1	630	1078	717	699	791	711	915
ENSG00000186188	FFAR4	0	0	1	1	1	2	0
ENSG00000186191	BPIFB4	1	1	3	0	0	0	0
ENSG00000186193	SAPCD2	659	1132	742	720	1097	883	1290
ENSG00000186197	EDARADD	19	21	14	35	31	25	28
ENSG00000186198	SLC51B	6	7	7	5	9	1	8
ENSG00000186205	MTARC1	2	8	4	1	1	2	5
ENSG00000186207	LCE5A	1	1	1	0	1	0	0
ENSG00000186212	SOWAHB	0	2	0	1	0	0	0
ENSG00000186222	BLOC1S4	561	1030	597	585	835	651	980
ENSG00000186226	LCE1E	0	0	0	0	3	1	0
ENSG00000186230	ZNF749	172	237	169	175	220	197	273
ENSG00000186231	KLHL32	0	5	0	1	1	4	1
ENSG00000186260	MRTFB	544	896	462	590	755	788	1100
ENSG00000186265	BTLA	0	3	0	1	3	4	0
ENSG00000186272	ZNF17	200	319	188	208	264	241	332
ENSG00000186280	KDM4D	89	171	104	78	154	149	200
ENSG00000186281	GPAT2	4	4	3	5	0	6	11
ENSG00000186283	TOR3A	1283	2272	1363	1377	1872	1811	2435
ENSG00000186297	GABRA5	0	2	0	0	0	0	0
ENSG00000186298	PPP1CC	5701	9730	5724	5559	7819	7516	9557
ENSG00000186300	ZNF555	105	211	111	115	142	116	158
ENSG00000186310	NAP1L3	34	49	27	32	42	36	54
ENSG00000186314	PRELID2	32	43	33	23	47	42	37
ENSG00000186318	BACE1	2890	4938	2814	3076	3928	3744	4593
ENSG00000186326	RGS9BP	21	44	27	36	35	37	29
ENSG00000186329	TMEM212	132	206	92	112	124	129	147
ENSG00000186335	SLC36A2	0	6	0	5	0	3	3
ENSG00000186340	THBS2	263	326	180	258	297	224	251
ENSG00000186350	RXRA	1232	2078	1310	1213	1498	1239	1670
ENSG00000186352	ANKRD37	84	133	80	70	164	114	153
ENSG00000186364	NUDT17	125	199	164	119	217	167	266
ENSG00000186367	MINAR2	3	2	3	1	5	6	6
ENSG00000186376	ZNF75D	274	468	290	292	287	275	348
ENSG00000186377	CYP4X1	2	3	1	1	3	4	2
ENSG00000186395	KRT10	1598	2706	1853	1666	2615	2513	3399
ENSG00000186399	GOLGA8R	8	7	0	2	2	8	4
ENSG00000186409	CCDC30	42	75	42	55	58	43	45
ENSG00000186416	NKRF	1080	1729	1038	1074	1712	1638	2310
ENSG00000186417	GLDN	52	104	38	37	26	49	36
ENSG00000186431	FCAR	7	11	14	8	9	1	5
ENSG00000186432	KPNA4	1574	2651	1272	1531	2145	1753	2634
ENSG00000186439	TRDN	3	1	0	0	0	0	1
ENSG00000186446	ZNF501	86	152	80	86	153	128	205
ENSG00000186448	ZNF197	984	1547	871	866	1174	1175	1259
ENSG00000186451	SPATA12	5	2	1	2	2	6	6
ENSG00000186453	FAM228A	3	4	0	1	1	1	1
ENSG00000186468	RPS23	17220	29154	17905	16840	22049	22320	27041
ENSG00000186469	GNG2	3181	5328	3175	2969	4536	4537	5628
ENSG00000186470	BTN3A2	1644	2647	1611	1567	1924	1897	2255
ENSG00000186471	AKAP14	0	0	0	0	0	0	1
ENSG00000186472	PCLO	103	160	69	61	157	141	134
ENSG00000186480	INSIG1	3280	5552	3464	3377	4032	3788	4161
ENSG00000186487	MYT1L	61	106	77	48	80	73	100
ENSG00000186496	ZNF396	50	92	47	32	57	60	72
ENSG00000186501	TMEM222	886	1425	929	930	1200	1182	1547
ENSG00000186510	CLCNKA	3	0	2	3	4	3	0
ENSG00000186517	ARHGAP30	54	82	35	47	68	88	92
ENSG00000186522	SEPTIN10	1473	2539	1472	1497	1759	1763	2134
ENSG00000186523	FAM86B1	52	79	71	55	118	59	80
ENSG00000186529	CYP4F3	1	3	1	1	5	0	2
ENSG00000186532	SMYD4	646	1025	602	671	1167	1136	1530
ENSG00000186562	DEFB105A	5	4	2	5	4	2	7
ENSG00000186564	FOXD2	380	603	369	414	471	433	623
ENSG00000186566	GPATCH8	2516	4020	2327	2459	3416	3173	3918
ENSG00000186567	CEACAM19	36	67	36	42	56	49	43
ENSG00000186575	NF2	1098	1799	1088	1269	1371	1193	1552
ENSG00000186577	SMIM29	700	1177	707	741	1008	908	1097
ENSG00000186583	SPATC1	12	15	7	12	7	3	7
ENSG00000186591	UBE2H	5359	9079	5433	5268	7227	6660	8760
ENSG00000186603	HPDL	330	525	322	335	550	560	686
ENSG00000186625	KATNA1	341	573	359	329	498	466	582
ENSG00000186628	FSD2	27	23	38	22	27	19	22
ENSG00000186635	ARAP1	2572	4380	2521	2506	2897	2642	3263
ENSG00000186638	KIF24	315	484	258	283	532	532	739
ENSG00000186642	PDE2A	14	16	16	23	13	3	14
ENSG00000186645	SPDYE17	2	0	0	7	0	0	6
ENSG00000186648	CARMIL3	13	23	13	13	10	22	15
ENSG00000186652	PRG2	0	0	0	0	2	0	9
ENSG00000186654	PRR5	145	269	165	180	176	136	150
ENSG00000186660	ZFP91	7021	11114	6685	7022	8414	7851	9751
ENSG00000186665	C17orf58	283	445	243	254	347	358	376
ENSG00000186666	BCDIN3D	347	563	369	323	580	600	841
ENSG00000186684	CYP27C1	392	600	376	330	410	390	473
ENSG00000186687	LYRM7	1134	1907	1088	1107	1803	1667	2089
ENSG00000186710	CFAP73	104	169	105	94	123	71	97
ENSG00000186716	BCR	1286	2197	1310	1383	1533	1468	1847
ENSG00000186723	OR10H1	52	106	65	59	56	64	83
ENSG00000186732	MPPED1	1	0	0	0	0	0	0
ENSG00000186765	FSCN2	2	0	1	3	2	4	2
ENSG00000186767	SPIN4	111	156	130	105	222	198	220
ENSG00000186777	ZNF732	5	10	4	7	4	6	7
ENSG00000186787	SPIN2B	217	277	183	159	202	185	237
ENSG00000186788	SPATA31D3	0	5	0	4	4	0	0
ENSG00000186790	FOXE3	2	3	0	1	0	0	1
ENSG00000186792	HYAL3	147	239	161	158	238	254	324
ENSG00000186806	VSIG10L	75	112	53	122	85	117	117
ENSG00000186810	CXCR3	0	0	0	1	0	0	0
ENSG00000186812	ZNF397	981	1579	901	911	1059	964	1125
ENSG00000186814	ZSCAN30	387	561	361	421	482	434	486
ENSG00000186815	TPCN1	2144	3445	1830	1942	2251	2120	2508
ENSG00000186818	LILRB4	0	0	0	0	0	2	0
ENSG00000186827	TNFRSF4	0	0	1	0	0	0	0
ENSG00000186834	HEXIM1	2653	4415	2641	2638	3371	2586	4321
ENSG00000186838	SELENOV	7	8	7	3	3	2	1
ENSG00000186847	KRT14	6	26	23	14	22	27	43
ENSG00000186854	TRABD2A	39	64	30	44	53	65	83
ENSG00000186862	PDZD7	653	1084	585	580	785	734	872
ENSG00000186866	POFUT2	730	1119	708	727	728	731	907
ENSG00000186867	QRFPR	120	200	134	111	149	135	152
ENSG00000186868	MAPT	88	183	133	107	147	131	184
ENSG00000186871	ERCC6L	365	627	386	430	656	661	938
ENSG00000186889	TMEM17	163	305	191	143	214	251	271
ENSG00000186891	TNFRSF18	8	3	0	2	1	2	0
ENSG00000186897	C1QL4	51	111	83	81	94	68	148
ENSG00000186907	RTN4RL2	99	200	152	130	187	150	186
ENSG00000186908	ZDHHC17	947	1652	925	901	1110	1007	1261
ENSG00000186912	P2RY4	1	4	5	2	2	1	0
ENSG00000186918	ZNF395	1395	2308	1287	1380	1815	1709	2101
ENSG00000186919	ZACN	0	1	0	0	0	0	1
ENSG00000186951	PPARA	611	1014	552	645	787	811	892
ENSG00000186952	TMEM232	7	6	1	1	7	10	5
ENSG00000186976	EFCAB6	0	4	2	2	2	1	1
ENSG00000186994	KANK3	6	15	7	8	16	8	12
ENSG00000186998	EMID1	46	75	42	47	42	42	59
ENSG00000187003	ACTL7A	0	1	0	0	0	0	0
ENSG00000187010	RHD	23	45	21	22	19	22	15
ENSG00000187017	ESPN	266	510	243	260	469	351	439
ENSG00000187024	PTRH1	292	505	319	321	492	389	585
ENSG00000187037	GPR141	3	2	0	1	1	0	0
ENSG00000187045	TMPRSS6	10	8	3	5	6	2	8
ENSG00000187049	TMEM216	131	207	110	115	204	229	294
ENSG00000187051	RPS19BP1	826	1436	927	880	1254	1106	1472
ENSG00000187066	TMEM262	0	2	0	0	0	0	0
ENSG00000187068	C3orf70	246	411	243	271	319	349	374
ENSG00000187079	TEAD1	4396	7104	3843	4317	5267	5124	6533
ENSG00000187080	OR2AK2	1	0	1	0	0	0	0
ENSG00000187091	PLCD1	422	626	335	385	374	355	347
ENSG00000187097	ENTPD5	524	878	460	492	782	741	910
ENSG00000187098	MITF	5711	9184	5264	5376	8967	8962	11029
ENSG00000187105	HEATR4	11	13	4	10	11	6	14
ENSG00000187109	NAP1L1	20930	35472	21205	19935	24859	23793	27632
ENSG00000187118	CMC1	310	526	412	337	597	582	727
ENSG00000187122	SLIT1	20	24	29	26	28	20	28
ENSG00000187123	LYPD6	6	17	8	17	17	14	14
ENSG00000187134	AKR1C1	266	367	223	203	170	192	182
ENSG00000187135	VSTM2B	59	109	61	61	81	53	94
ENSG00000187140	FOXD3	622	1004	676	613	835	591	1085
ENSG00000187144	SPATA21	0	3	1	1	0	0	1
ENSG00000187147	RNF220	484	839	515	536	551	524	799
ENSG00000187151	ANGPTL5	1	0	1	0	1	0	3
ENSG00000187164	SHTN1	918	1351	794	828	1131	1170	1391
ENSG00000187166	H1-7	1	0	0	0	0	0	2
ENSG00000187186	NA	92	135	90	91	83	96	126
ENSG00000187187	ZNF546	288	491	278	257	316	290	285
ENSG00000187189	TSPYL4	878	1343	760	834	1132	1045	1286
ENSG00000187193	MT1X	507	835	452	401	518	466	500
ENSG00000187210	GCNT1	44	58	38	46	91	82	116
ENSG00000187231	SESTD1	1639	2596	1432	1520	1590	1598	1762
ENSG00000187239	FNBP1	972	1704	1012	1027	1214	1107	1334
ENSG00000187240	DYNC2H1	1759	2705	1328	1691	2193	2042	2493
ENSG00000187242	KRT12	59	113	69	71	89	72	77
ENSG00000187243	MAGED4B	3	5	0	0	1	3	2
ENSG00000187244	BCAM	565	1048	591	606	625	617	630
ENSG00000187257	RSBN1L	1127	1842	1149	1174	1495	1429	1758
ENSG00000187258	NPSR1	0	0	1	0	0	0	0
ENSG00000187260	WDR86	2	5	2	6	5	1	5
ENSG00000187266	EPOR	313	506	310	303	440	429	517
ENSG00000187268	FAM9C	8	5	2	6	12	2	5
ENSG00000187288	CIDEC	2	5	1	0	3	4	2
ENSG00000187325	TAF9B	797	1327	764	757	1143	1105	1417
ENSG00000187372	PCDHB13	173	305	176	180	224	220	275
ENSG00000187391	MAGI2	384	615	308	341	419	402	438
ENSG00000187398	LUZP2	1	2	4	2	3	4	6
ENSG00000187416	LHFPL3	1	0	0	0	1	0	0
ENSG00000187446	CHP1	4100	6937	4092	3893	4860	4656	5389
ENSG00000187474	FPR3	0	1	0	0	0	0	0
ENSG00000187479	C11orf96	109	211	136	98	187	150	180
ENSG00000187486	KCNJ11	9	26	14	10	15	11	19
ENSG00000187492	CDHR4	34	82	40	34	46	32	56
ENSG00000187498	COL4A1	16802	26681	16312	17238	20298	17417	24340
ENSG00000187510	PLEKHG7	2	0	0	0	1	0	1
ENSG00000187513	GJA4	4	1	1	0	1	1	2
ENSG00000187514	PTMA	21111	34621	24505	21865	32420	28635	36391
ENSG00000187516	H2AP	9	15	10	6	14	6	10
ENSG00000187522	HSPA14	490	745	472	450	514	588	752
ENSG00000187531	SIRT7	364	623	395	328	526	404	631
ENSG00000187533	PRR27	0	1	0	0	0	0	0
ENSG00000187535	IFT140	1167	2052	1166	1251	1610	1525	1700
ENSG00000187537	POTEG	0	0	1	0	0	0	0
ENSG00000187546	AGMO	1348	2191	1329	1271	1562	1431	1685
ENSG00000187550	SBK2	0	3	0	0	0	0	0
ENSG00000187553	CYP26C1	2	1	0	0	0	0	2
ENSG00000187554	TLR5	32	70	35	32	61	60	59
ENSG00000187555	USP7	2802	4281	2477	2846	3112	3130	4019
ENSG00000187556	NANOS3	3	7	0	0	5	4	4
ENSG00000187559	FOXD4L3	2	0	1	0	0	0	1
ENSG00000187566	NHLRC1	19	20	18	13	22	30	30
ENSG00000187569	DPPA3	0	0	0	0	0	1	0
ENSG00000187581	COX8C	0	1	0	0	0	0	0
ENSG00000187583	PLEKHN1	137	230	114	131	147	121	166
ENSG00000187595	ZNF385C	12	19	8	10	9	7	4
ENSG00000187601	MAGEH1	4	10	9	9	20	24	23
ENSG00000187605	TET3	1029	1690	940	1082	1492	1405	1916
ENSG00000187607	ZNF286A	899	1549	951	962	1043	999	1254
ENSG00000187608	ISG15	82	149	105	86	119	107	147
ENSG00000187609	EXD3	142	232	141	148	136	142	145
ENSG00000187624	C17orf97	62	106	62	80	91	105	125
ENSG00000187626	ZKSCAN4	162	236	158	147	223	178	231
ENSG00000187627	RGPD1	58	22	19	9	8	3	21
ENSG00000187630	DHRS4L2	295	544	401	351	418	421	459
ENSG00000187634	SAMD11	98	157	88	73	73	62	53
ENSG00000187642	PERM1	3	4	11	3	6	9	13
ENSG00000187650	VMAC	609	906	494	462	573	588	604
ENSG00000187664	HAPLN4	98	143	80	81	86	86	106
ENSG00000187676	B3GLCT	233	430	229	230	311	295	410
ENSG00000187678	SPRY4	12619	21292	11454	11848	13284	12945	15325
ENSG00000187682	ERAS	0	0	0	0	3	0	1
ENSG00000187688	TRPV2	1553	2600	1526	1490	2426	2344	2659
ENSG00000187690	EZHIP	0	0	0	0	0	0	2
ENSG00000187699	C2orf88	10	23	6	4	12	7	11
ENSG00000187713	TMEM203	1203	2122	1319	1298	1639	1331	1955
ENSG00000187715	KBTBD12	61	79	54	56	70	42	63
ENSG00000187720	THSD4	723	1176	708	762	632	613	672
ENSG00000187726	DNAJB13	8	10	8	3	8	5	5
ENSG00000187730	GABRD	0	0	0	1	0	0	2
ENSG00000187735	TCEA1	4608	7747	4664	4612	6032	5886	7426
ENSG00000187736	NHEJ1	202	477	287	256	342	409	400
ENSG00000187741	FANCA	615	861	588	590	952	769	1163
ENSG00000187742	SECISBP2	1202	1949	1195	1129	1155	1175	1377
ENSG00000187753	C9orf153	4	10	11	4	8	4	5
ENSG00000187754	SSX7	0	0	0	0	1	0	0
ENSG00000187764	SEMA4D	206	340	259	223	306	327	419
ENSG00000187772	LIN28B	255	475	224	268	311	299	419
ENSG00000187773	DIPK1C	0	2	0	1	0	3	0
ENSG00000187775	DNAH17	3	0	5	5	5	13	2
ENSG00000187778	MCRS1	1416	2511	1603	1468	1899	1895	2465
ENSG00000187783	TMEM72	0	0	0	1	1	0	0
ENSG00000187790	FANCM	270	430	311	349	352	309	480
ENSG00000187792	ZNF70	307	460	254	323	404	319	411
ENSG00000187796	CARD9	1	0	2	3	7	9	7
ENSG00000187801	ZFP69B	132	190	120	121	179	186	267
ENSG00000187808	SOWAHD	3	11	5	2	4	8	7
ENSG00000187815	ZFP69	203	349	220	145	185	161	258
ENSG00000187821	HELT	1	8	6	5	8	6	10
ENSG00000187823	RTL4	0	0	1	1	0	2	1
ENSG00000187824	TMEM220	55	84	47	56	47	55	70
ENSG00000187837	H1-2	115	191	97	105	97	91	131
ENSG00000187838	PLSCR3	915	1560	1034	979	1192	1205	1305
ENSG00000187840	EIF4EBP1	5674	10028	5968	5753	6420	6498	7472
ENSG00000187848	P2RX2	1	0	0	0	1	1	0
ENSG00000187857	OR6C75	1	3	3	1	2	1	0
ENSG00000187860	CCDC157	137	180	141	100	146	154	185
ENSG00000187862	TTC24	4	3	2	1	0	0	0
ENSG00000187866	PABIR1	494	737	445	402	527	483	661
ENSG00000187867	PALM3	110	185	109	113	127	45	160
ENSG00000187871	GFRAL	0	3	1	0	0	1	0
ENSG00000187889	FYB2	2	0	2	0	0	0	0
ENSG00000187902	SHISA7	20	16	14	14	14	4	6
ENSG00000187905	LRRC74B	7	5	0	0	0	0	6
ENSG00000187908	DMBT1	8	14	6	9	6	6	7
ENSG00000187912	CLEC17A	7	9	6	7	9	0	11
ENSG00000187922	LCN10	0	0	0	2	1	3	0
ENSG00000187942	LDLRAD2	16	24	14	15	17	10	14
ENSG00000187944	C2orf66	2	3	0	0	1	0	3
ENSG00000187950	OVCH1	0	2	0	1	2	0	0
ENSG00000187954	ZFTRAF1	674	1240	639	660	758	705	873
ENSG00000187955	COL14A1	36	54	33	45	38	32	47
ENSG00000187957	DNER	80	166	79	82	154	172	218
ENSG00000187959	CPSF4L	2	4	8	10	6	5	11
ENSG00000187961	KLHL17	798	1340	774	793	935	779	1031
ENSG00000187980	PLA2G2C	0	0	1	0	0	1	0
ENSG00000187994	RINL	571	918	546	490	662	622	663
ENSG00000188000	OR7D2	7	5	1	1	5	5	4
ENSG00000188001	TPRG1	1	0	0	0	1	0	1
ENSG00000188010	MORN2	240	365	222	216	384	326	468
ENSG00000188015	S100A3	142	300	193	180	185	203	278
ENSG00000188021	UBQLN2	1434	2292	1412	1402	1665	1693	1981
ENSG00000188026	RILPL1	382	596	390	386	454	381	461
ENSG00000188032	C19orf67	0	8	5	8	5	0	4
ENSG00000188033	ZNF490	401	768	379	420	557	493	584
ENSG00000188037	CLCN1	1	0	0	0	0	0	0
ENSG00000188038	NRN1L	1	5	1	1	0	0	0
ENSG00000188039	NWD1	4	7	2	4	0	0	10
ENSG00000188042	ARL4C	1134	1870	1292	1221	1301	1130	1556
ENSG00000188051	TMEM221	14	24	12	7	22	17	16
ENSG00000188060	RAB42	4	4	10	7	8	10	8
ENSG00000188064	WNT7B	42	66	42	50	54	32	48
ENSG00000188070	ZFTA	670	1167	588	691	695	530	826
ENSG00000188092	GPR89B	115	209	187	169	183	250	239
ENSG00000188095	MESP2	16	41	14	16	27	18	28
ENSG00000188107	EYS	97	170	96	92	58	56	74
ENSG00000188112	C6orf132	11	4	6	8	13	9	0
ENSG00000188124	OR2AG2	0	6	4	7	7	5	16
ENSG00000188130	MAPK12	262	419	235	235	327	265	335
ENSG00000188152	NUTM2G	15	33	22	17	34	17	35
ENSG00000188153	COL4A5	271	479	211	222	248	228	207
ENSG00000188157	AGRN	4695	7704	4781	4822	5272	4551	5688
ENSG00000188158	NHS	93	168	97	103	124	121	155
ENSG00000188163	FAM166A	1	0	3	0	0	0	4
ENSG00000188167	TMPPE	46	71	39	45	83	81	107
ENSG00000188171	ZNF626	310	444	267	285	350	341	371
ENSG00000188175	HEPACAM2	1	0	0	0	0	0	0
ENSG00000188176	SMTNL2	8	2	6	2	2	0	2
ENSG00000188177	ZC3H6	351	556	298	266	368	347	345
ENSG00000188186	LAMTOR4	638	1067	689	639	1084	1036	1345
ENSG00000188191	PRKAR1B	617	1086	728	679	812	781	1109
ENSG00000188199	NUTM2B	25	43	24	18	47	15	38
ENSG00000188211	NCR3LG1	297	481	244	290	488	478	590
ENSG00000188215	DCUN1D3	466	687	419	459	549	470	649
ENSG00000188219	POTEE	218	234	107	189	195	181	266
ENSG00000188227	ZNF793	119	167	106	83	142	115	152
ENSG00000188229	TUBB4B	7399	13036	9046	8876	18585	18298	25814
ENSG00000188234	AGAP4	299	465	280	308	322	330	430
ENSG00000188243	COMMD6	419	718	457	404	551	454	644
ENSG00000188257	PLA2G2A	0	1	0	0	0	0	0
ENSG00000188263	IL17REL	0	0	2	0	0	3	0
ENSG00000188266	HYKK	146	240	122	136	181	154	186
ENSG00000188277	C15orf62	69	94	60	55	63	51	49
ENSG00000188283	ZNF383	198	286	171	178	230	211	262
ENSG00000188290	HES4	11	31	20	12	17	11	21
ENSG00000188295	ZNF669	260	416	268	249	391	405	506
ENSG00000188305	PEAK3	33	53	36	24	33	28	33
ENSG00000188312	CENPP	317	541	374	354	525	544	658
ENSG00000188313	PLSCR1	1087	1798	1165	1010	1411	1346	1654
ENSG00000188315	C3orf62	129	191	131	98	151	143	164
ENSG00000188316	ENO4	19	28	19	20	34	26	32
ENSG00000188321	ZNF559	193	312	212	187	444	408	593
ENSG00000188322	SBK1	20	28	15	27	47	54	57
ENSG00000188324	OR6C6	1	1	1	1	0	1	0
ENSG00000188338	SLC38A3	116	167	120	103	134	146	148
ENSG00000188342	GTF2F2	1102	1881	1160	1073	1666	1759	2107
ENSG00000188343	CIBAR1	315	550	315	278	287	215	405
ENSG00000188352	FOCAD	1869	3044	1414	1853	2524	2397	2870
ENSG00000188368	PRR19	18	23	21	18	48	52	53
ENSG00000188372	ZP3	79	179	107	98	136	138	111
ENSG00000188375	H3-5	0	0	0	0	0	2	0
ENSG00000188385	JAKMIP3	3	3	2	0	0	1	4
ENSG00000188386	PPP3R2	0	0	1	0	0	0	0
ENSG00000188394	GPR21	0	1	0	0	0	1	0
ENSG00000188396	DYNLT4	7	13	5	7	8	12	5
ENSG00000188404	SELL	24	27	20	23	30	28	53
ENSG00000188419	CHM	1089	1978	1122	1098	1633	1628	1992
ENSG00000188425	NANOS2	0	0	0	0	1	0	3
ENSG00000188428	BLOC1S5	286	523	312	319	379	383	483
ENSG00000188452	CERKL	2	7	11	8	6	0	11
ENSG00000188467	SLC24A5	0	10	1	8	4	5	4
ENSG00000188483	IER5L	961	1577	1037	944	1388	1274	1584
ENSG00000188486	H2AX	1559	2965	1998	1879	3092	2884	3991
ENSG00000188487	INSC	2	0	0	0	0	0	0
ENSG00000188488	SERPINA5	1421	2374	1262	1334	1591	1668	1796
ENSG00000188493	C19orf54	1088	1743	996	1031	1220	1255	1369
ENSG00000188501	LCTL	71	120	88	100	93	111	151
ENSG00000188505	NCCRP1	5	3	0	2	4	4	5
ENSG00000188508	KRTDAP	0	1	0	0	0	0	0
ENSG00000188517	COL25A1	5	5	6	1	9	4	10
ENSG00000188522	FAM83G	532	892	585	587	872	828	1123
ENSG00000188523	CFAP77	29	41	21	31	35	41	38
ENSG00000188529	SRSF10	3016	4968	3003	2902	4589	4513	5779
ENSG00000188536	HBA2	0	0	0	0	0	1	0
ENSG00000188542	DUSP28	128	207	93	118	138	109	104
ENSG00000188549	CCDC9B	2602	4379	2277	2640	2688	1757	3104
ENSG00000188554	NBR1	9024	14867	8288	8327	10246	9997	11920
ENSG00000188558	OR2G6	19	26	20	10	15	15	9
ENSG00000188559	RALGAPA2	717	1045	559	621	687	684	800
ENSG00000188566	NDOR1	1841	2796	1841	1855	2316	2206	2964
ENSG00000188573	FBLL1	47	59	32	48	61	35	77
ENSG00000188580	NKAIN2	1	0	1	0	1	1	0
ENSG00000188581	KRTAP1-1	0	0	1	0	0	0	0
ENSG00000188582	PAQR9	26	60	34	26	23	34	35
ENSG00000188596	CFAP54	110	134	80	78	101	100	101
ENSG00000188603	CLN3	578	994	592	633	916	876	1138
ENSG00000188610	FAM72B	767	1381	841	862	1006	712	1141
ENSG00000188611	ASAH2	50	79	35	45	60	68	109
ENSG00000188612	SUMO2	6428	10690	6893	6408	9124	8862	11119
ENSG00000188613	NANOS1	396	645	483	449	486	435	538
ENSG00000188620	HMX3	33	58	60	48	79	63	80
ENSG00000188624	IGFL3	3	0	0	0	0	0	0
ENSG00000188626	GOLGA8M	1	0	3	0	0	0	0
ENSG00000188629	ZNF177	21	48	40	22	51	41	59
ENSG00000188636	RTL6	1056	1720	1066	1125	1463	1464	1881
ENSG00000188641	DPYD	1231	2237	1169	1231	1385	1389	1629
ENSG00000188643	S100A16	4111	7214	4492	4396	7242	6988	8818
ENSG00000188647	PTAR1	4250	6949	3745	4182	4247	4146	4896
ENSG00000188649	CC2D2B	3	8	3	5	9	3	5
ENSG00000188659	SAXO2	23	45	32	22	36	52	47
ENSG00000188672	RHCE	55	88	52	40	55	75	74
ENSG00000188674	C2orf80	1	16	10	2	2	2	9
ENSG00000188677	PARVB	787	1385	814	791	1063	1000	1209
ENSG00000188687	SLC4A5	33	49	43	21	47	38	90
ENSG00000188690	UROS	865	1463	929	891	1126	1028	1364
ENSG00000188706	ZDHHC9	936	1693	954	994	1270	1219	1442
ENSG00000188710	QRFP	9	14	8	9	18	13	20
ENSG00000188725	SMIM15	1899	3228	2030	1924	3105	2987	3845
ENSG00000188732	FAM221A	0	0	0	0	1	0	1
ENSG00000188735	TMEM120B	1082	1547	1046	942	1109	815	1217
ENSG00000188738	FSIP2	46	47	33	34	38	35	45
ENSG00000188739	RBM34	1237	2116	1254	1126	1430	1334	1527
ENSG00000188747	NOXA1	25	46	21	31	33	30	36
ENSG00000188760	TMEM198	214	385	206	210	371	352	483
ENSG00000188761	BCL2L15	9	19	0	0	0	16	0
ENSG00000188763	FZD9	347	499	289	310	314	288	322
ENSG00000188766	SPRED3	654	1038	539	632	620	535	621
ENSG00000188770	OPTC	0	1	0	0	0	0	0
ENSG00000188771	PLET1	0	2	1	0	0	0	0
ENSG00000188779	SKOR1	42	56	32	18	44	23	42
ENSG00000188783	PRELP	65	102	82	69	70	47	69
ENSG00000188785	ZNF548	488	740	341	419	651	626	732
ENSG00000188786	MTF1	907	1506	857	982	1366	1259	1672
ENSG00000188807	TMEM201	1145	1941	1202	1265	2068	1892	2728
ENSG00000188811	NHLRC3	542	795	447	476	543	533	560
ENSG00000188816	HMX2	5	10	8	12	16	7	18
ENSG00000188817	SNTN	2	6	3	1	7	3	6
ENSG00000188818	ZDHHC11	264	395	171	217	311	279	330
ENSG00000188820	CALHM6	15	24	14	9	23	17	32
ENSG00000188822	CNR2	54	64	31	35	47	23	65
ENSG00000188827	SLX4	618	903	562	583	889	825	1171
ENSG00000188833	ENTPD8	2	7	4	2	1	2	3
ENSG00000188846	RPL14	4333	7430	4378	4004	5663	5545	6545
ENSG00000188848	BEND4	8	21	11	17	7	6	18
ENSG00000188859	FAM78B	260	510	251	262	367	312	467
ENSG00000188868	ZNF563	85	160	80	64	104	127	150
ENSG00000188869	TMC3	6	5	4	4	8	1	8
ENSG00000188878	FBF1	746	1079	643	715	948	887	1291
ENSG00000188883	KLRG2	0	1	0	1	1	1	5
ENSG00000188886	ASTL	5	4	2	1	3	3	1
ENSG00000188895	MSL1	2647	4365	2732	2642	3385	2171	3972
ENSG00000188897	NA	12	10	2	2	10	3	14
ENSG00000188906	LRRK2	405	865	549	521	528	427	713
ENSG00000188910	GJB3	163	264	183	212	222	196	300
ENSG00000188916	INSYN2A	1	1	2	1	0	0	0
ENSG00000188917	TRMT2B	414	691	399	410	426	401	561
ENSG00000188921	HACD4	16	28	17	14	15	15	14
ENSG00000188931	CFAP126	71	130	78	76	90	105	96
ENSG00000188937	NYX	0	0	1	0	0	0	2
ENSG00000188938	FAM120AOS	890	1357	878	845	1034	969	1242
ENSG00000188958	UTS2B	12	25	12	10	13	14	13
ENSG00000188959	C9orf152	0	1	1	1	3	1	2
ENSG00000188976	NOC2L	6956	12242	7662	7673	10656	9803	12877
ENSG00000188981	MSANTD1	8	4	9	6	4	5	4
ENSG00000188986	NELFB	2192	3904	2519	2308	2811	2439	3383
ENSG00000188992	LIPI	2	0	1	2	1	0	4
ENSG00000188993	LRRC66	3	1	1	1	1	0	3
ENSG00000188994	ZNF292	714	1155	656	714	953	945	1103
ENSG00000188996	HUS1B	4	3	9	2	7	4	14
ENSG00000188997	KCTD21	160	258	158	149	187	230	266
ENSG00000189001	SBSN	2	0	0	0	4	0	0
ENSG00000189007	ADAT2	310	556	310	300	389	361	445
ENSG00000189030	VHLL	0	0	0	1	0	0	1
ENSG00000189042	ZNF567	127	232	117	136	223	251	294
ENSG00000189043	NDUFA4	2698	4765	3072	2918	3750	3852	4902
ENSG00000189045	ANKDD1B	9	12	9	12	15	9	4
ENSG00000189046	ALKBH2	646	1259	779	699	1322	1240	1547
ENSG00000189050	RNFT1	278	493	307	267	359	372	430
ENSG00000189051	RNF222	6	12	3	4	6	8	8
ENSG00000189056	RELN	5	12	0	8	0	6	2
ENSG00000189057	FAM111B	133	227	133	140	504	465	645
ENSG00000189058	APOD	1709	3188	1545	1528	1571	1623	1747
ENSG00000189060	H1-0	10662	17108	10904	10561	13642	12966	16797
ENSG00000189064	GAGE2A	11	44	22	12	14	15	31
ENSG00000189067	LITAF	4089	6941	4221	4144	4811	4560	5412
ENSG00000189077	TMEM120A	396	657	452	454	393	473	481
ENSG00000189079	ARID2	1243	2090	1148	1288	1471	1455	1846
ENSG00000189091	SF3B3	9300	15389	9400	9534	13421	13526	16712
ENSG00000189099	PRSS48	0	0	0	0	2	0	0
ENSG00000189108	IL1RAPL2	1	0	0	0	0	0	1
ENSG00000189114	BLOC1S3	362	593	359	399	520	431	638
ENSG00000189120	SP6	0	4	3	0	7	3	2
ENSG00000189127	ANKRD34B	4	1	2	0	3	0	0
ENSG00000189129	PLAC9	15	17	7	16	14	9	19
ENSG00000189139	FSCB	0	2	0	0	0	0	0
ENSG00000189143	CLDN4	199	314	226	233	130	128	132
ENSG00000189144	ZNF573	24	41	25	21	33	35	25
ENSG00000189152	GRAPL	0	0	1	0	2	0	1
ENSG00000189157	FAM47E	53	71	40	42	48	37	42
ENSG00000189159	JPT1	2146	3697	2452	2285	2797	2888	3551
ENSG00000189164	ZNF527	123	101	84	96	129	103	158
ENSG00000189167	ZAR1L	0	0	0	0	2	0	0
ENSG00000189171	S100A13	2736	4945	2985	2755	3630	3282	3959
ENSG00000189180	ZNF33A	698	1086	564	555	799	742	918
ENSG00000189184	PCDH18	675	1036	614	601	651	731	858
ENSG00000189190	ZNF600	153	222	102	159	179	223	237
ENSG00000189195	BTBD8	68	149	73	70	101	84	85
ENSG00000189221	MAOA	184	239	147	165	186	156	143
ENSG00000189227	C15orf61	164	311	194	193	224	227	255
ENSG00000189233	NUGGC	11	17	7	14	8	10	10
ENSG00000189241	TSPYL1	981	1700	1092	1098	1521	1325	1842
ENSG00000189252	SPANXN3	1	1	1	1	0	1	3
ENSG00000189266	PNRC2	3709	6257	3712	3453	4709	4643	5882
ENSG00000189269	DRICH1	6	6	5	3	4	5	6
ENSG00000189280	GJB5	8	8	10	4	6	7	6
ENSG00000189283	FHIT	2	4	1	6	6	2	5
ENSG00000189292	ALKAL2	1	0	0	0	0	0	1
ENSG00000189298	ZKSCAN3	156	239	130	148	154	165	198
ENSG00000189299	FOXR2	147	243	124	135	212	234	283
ENSG00000189306	RRP7A	1354	2501	1560	1572	2241	2237	2855
ENSG00000189308	LIN54	311	512	301	296	412	353	477
ENSG00000189319	FAM53B	1481	2443	1363	1392	1737	1549	1892
ENSG00000189320	FAM180A	24	36	22	17	46	34	66
ENSG00000189325	BNIP5	0	1	0	0	0	0	0
ENSG00000189334	S100A14	10	28	6	14	7	6	7
ENSG00000189337	KAZN	232	360	233	242	229	243	287
ENSG00000189339	SLC35E2B	4262	7015	3728	3957	4660	4383	5156
ENSG00000189350	TOGARAM2	0	0	0	2	0	0	2
ENSG00000189357	SPATA31D4	2	5	1	0	4	3	2
ENSG00000189362	NEMP2	335	579	318	322	405	393	441
ENSG00000189367	KIAA0408	5	8	5	9	10	7	11
ENSG00000189369	GSPT2	370	645	362	383	572	531	679
ENSG00000189375	TBC1D28	0	0	0	3	1	0	0
ENSG00000189376	C8orf76	583	1035	631	569	840	845	1054
ENSG00000189377	CXCL17	0	0	0	0	1	0	1
ENSG00000189401	OTUD6A	10	12	4	7	5	7	2
ENSG00000189403	HMGB1	18618	30206	20323	18850	31055	28871	37838
ENSG00000189409	MMP23B	5	11	2	7	4	8	3
ENSG00000189410	SH2D5	71	99	69	90	109	70	115
ENSG00000189420	ZFP92	1	0	1	2	1	1	3
ENSG00000189431	RASSF10	8	8	8	8	6	1	5
ENSG00000189433	GJB4	5	1	3	2	0	2	1
ENSG00000196071	OR2L13	0	0	0	1	0	0	0
ENSG00000196072	BLOC1S2	704	1155	713	662	934	911	1231
ENSG00000196074	SYCP2	26	68	33	34	33	24	24
ENSG00000196081	ZNF724	169	263	204	187	337	286	464
ENSG00000196083	IL1RAP	2540	4025	2376	2409	3266	3187	3668
ENSG00000196090	PTPRT	0	0	1	0	0	0	0
ENSG00000196091	MYBPC1	33	39	24	24	42	47	40
ENSG00000196092	PAX5	0	2	0	0	0	0	0
ENSG00000196104	SPOCK3	0	0	0	1	0	1	1
ENSG00000196109	ZNF676	11	19	8	14	24	20	27
ENSG00000196110	ZNF699	156	222	114	125	155	147	183
ENSG00000196116	TDRD7	438	764	470	435	576	544	663
ENSG00000196118	CFAP119	91	269	149	143	256	226	330
ENSG00000196119	OR8A1	211	298	156	125	194	170	201
ENSG00000196123	KIAA0895L	572	950	490	608	732	702	832
ENSG00000196126	HLA-DRB1	6019	10750	6829	6355	6292	6086	7462
ENSG00000196131	VN1R2	1	1	4	1	0	2	2
ENSG00000196132	MYT1	9	23	12	10	18	22	21
ENSG00000196136	SERPINA3	50110	85865	46727	46683	40054	41276	39341
ENSG00000196139	AKR1C3	407	730	414	379	429	451	471
ENSG00000196141	SPATS2L	5089	8835	5163	5224	5870	6060	7203
ENSG00000196150	ZNF250	156	254	117	148	174	177	188
ENSG00000196151	WDSUB1	166	241	150	139	233	234	269
ENSG00000196152	ZNF79	120	231	142	142	204	190	263
ENSG00000196154	S100A4	2712	4898	3258	2920	3520	3441	4299
ENSG00000196155	PLEKHG4	668	1120	675	677	944	922	1039
ENSG00000196159	FAT4	71	104	31	53	66	57	64
ENSG00000196169	KIF19	0	0	0	0	1	0	0
ENSG00000196172	ZNF681	357	571	332	348	456	417	545
ENSG00000196177	ACADSB	932	1476	894	879	1055	1044	1282
ENSG00000196182	STK40	1013	1723	1055	1161	1582	1516	2044
ENSG00000196184	OR10J1	1	1	0	3	1	1	4
ENSG00000196187	TMEM63A	1442	2210	1292	1385	1681	1593	2094
ENSG00000196188	CTSE	13	23	22	17	23	18	29
ENSG00000196189	SEMA4A	9	10	6	1	12	5	6
ENSG00000196196	HRCT1	23	55	36	44	38	33	54
ENSG00000196199	MPHOSPH8	2344	3721	2252	2111	3100	2795	3447
ENSG00000196208	GREB1	238	396	205	235	233	233	266
ENSG00000196209	SIRPB2	0	4	1	0	3	1	4
ENSG00000196214	ZNF766	455	750	431	461	594	556	676
ENSG00000196218	RYR1	78	130	81	99	90	53	86
ENSG00000196220	SRGAP3	289	438	227	252	284	284	314
ENSG00000196227	FAM217B	653	1126	570	622	752	737	910
ENSG00000196230	TUBB	31188	54237	36025	35461	57796	58312	74167
ENSG00000196233	LCOR	1228	1955	1155	1252	1668	1628	2054
ENSG00000196235	SUPT5H	6181	10342	6162	6177	8462	8056	10136
ENSG00000196236	XPNPEP3	492	765	476	505	548	486	605
ENSG00000196242	OR2C3	0	0	0	0	0	0	1
ENSG00000196247	ZNF107	282	437	356	326	404	351	420
ENSG00000196262	PPIA	22110	38524	24314	23322	24919	25446	32341
ENSG00000196263	ZNF471	123	145	82	103	100	108	142
ENSG00000196267	ZNF836	89	144	73	63	99	85	87
ENSG00000196268	ZNF493	395	618	363	348	396	393	443
ENSG00000196275	GTF2IRD2	52	82	39	38	38	52	61
ENSG00000196277	GRM7	3	1	2	1	1	0	2
ENSG00000196284	SUPT3H	7	25	14	13	22	20	16
ENSG00000196289	BECN2	4	6	1	0	3	0	2
ENSG00000196290	NIF3L1	505	875	554	489	830	777	1029
ENSG00000196296	ATP2A1	50	89	66	61	60	72	75
ENSG00000196305	IARS1	6920	11413	7443	7718	9332	9712	11702
ENSG00000196313	POM121	4215	7119	4202	4509	6037	5760	7208
ENSG00000196323	ZBTB44	1891	3308	1740	1767	2096	2041	2413
ENSG00000196335	STK31	29	21	0	0	23	36	24
ENSG00000196337	CGB7	48	68	53	47	40	37	47
ENSG00000196338	NLGN3	22	43	70	11	72	67	34
ENSG00000196341	OR8D1	34	52	32	41	47	28	34
ENSG00000196345	ZKSCAN7	7	12	4	3	3	2	14
ENSG00000196350	ZNF729	2	2	0	0	1	3	1
ENSG00000196352	CD55	5690	9321	5657	5308	6268	6456	7455
ENSG00000196357	ZNF565	53	73	37	47	41	44	53
ENSG00000196358	NTNG2	534	1015	635	647	723	730	814
ENSG00000196361	ELAVL3	4	3	0	2	3	2	1
ENSG00000196363	WDR5	1928	3307	2033	1933	3152	2649	3867
ENSG00000196365	LONP1	5137	8649	5636	5503	7401	6060	8487
ENSG00000196367	TRRAP	2645	4236	2122	2704	3168	2947	3757
ENSG00000196368	NUDT11	14	31	14	17	16	30	38
ENSG00000196369	SRGAP2B	4738	7145	4427	4426	5002	4564	5606
ENSG00000196371	FUT4	7	12	7	8	10	2	6
ENSG00000196372	ASB13	758	1294	795	760	866	771	894
ENSG00000196376	SLC35F1	572	987	639	589	744	715	961
ENSG00000196378	ZNF34	218	328	185	214	241	229	259
ENSG00000196387	ZNF140	172	248	141	137	167	188	192
ENSG00000196388	INCA1	50	63	34	36	30	36	38
ENSG00000196391	ZNF774	110	172	104	104	142	130	171
ENSG00000196396	PTPN1	3306	5524	3432	3466	4934	4956	6167
ENSG00000196405	EVL	589	1030	551	643	635	670	648
ENSG00000196406	SPANXD	2	3	0	0	2	0	0
ENSG00000196407	THEM5	12	20	11	9	17	26	24
ENSG00000196408	NOXO1	3	5	4	3	3	7	1
ENSG00000196411	EPHB4	1560	2844	1701	1645	2003	1996	2377
ENSG00000196415	PRTN3	0	0	0	0	0	3	1
ENSG00000196417	ZNF765	227	345	213	215	349	293	400
ENSG00000196418	ZNF124	346	514	323	283	360	335	409
ENSG00000196419	XRCC6	8893	14984	9398	9359	12412	12477	15836
ENSG00000196420	S100A5	14	25	19	9	11	11	19
ENSG00000196421	C20orf204	5	13	2	2	0	2	4
ENSG00000196422	PPP1R26	722	1099	732	691	899	782	1006
ENSG00000196427	NBPF4	10	8	0	7	4	15	11
ENSG00000196428	TSC22D2	929	1573	931	997	1276	1219	1560
ENSG00000196433	ASMT	1	0	0	0	2	0	0
ENSG00000196436	NPIPB15	368	590	343	310	353	356	378
ENSG00000196437	ZNF569	135	251	115	146	197	189	242
ENSG00000196440	ARMCX4	13	22	5	6	17	10	21
ENSG00000196449	YRDC	1023	1720	1125	1052	1618	1592	2156
ENSG00000196453	ZNF777	761	1330	817	783	1256	1193	1445
ENSG00000196455	PIK3R4	1639	2836	1794	1831	2448	2538	3185
ENSG00000196456	ZNF775	237	364	294	225	385	318	429
ENSG00000196458	ZNF605	670	1079	578	610	861	791	886
ENSG00000196459	TRAPPC2	336	598	296	338	426	378	490
ENSG00000196465	MYL6B	1403	2324	1447	1430	1794	1728	2195
ENSG00000196466	ZNF799	65	128	68	77	115	97	112
ENSG00000196470	SIAH1	572	989	577	570	839	827	1100
ENSG00000196476	C20orf96	142	272	152	145	233	188	212
ENSG00000196482	ESRRG	0	1	0	0	0	0	0
ENSG00000196497	IPO4	2188	3863	2449	2362	3319	3205	4179
ENSG00000196498	NCOR2	8929	14703	8512	9460	9321	8804	10743
ENSG00000196502	SULT1A1	4	9	2	1	9	6	5
ENSG00000196503	ARL9	21	38	16	16	36	18	31
ENSG00000196504	PRPF40A	3364	5568	3487	3280	4754	4657	5926
ENSG00000196505	GDAP2	576	898	577	514	714	673	851
ENSG00000196507	TCEAL3	836	1331	918	802	1010	894	1188
ENSG00000196510	ANAPC7	959	1680	950	1041	1251	1231	1677
ENSG00000196511	TPK1	28	49	20	17	33	24	26
ENSG00000196517	SLC6A9	332	562	368	458	358	344	458
ENSG00000196526	AFAP1	5528	8933	4990	5300	5455	5281	5905
ENSG00000196531	NACA	15853	27741	16459	15601	21856	22571	27059
ENSG00000196535	MYO18A	2895	4142	2216	2919	3391	3341	3912
ENSG00000196542	SPTSSB	8	7	2	5	1	1	2
ENSG00000196544	BORCS6	351	624	367	390	445	385	478
ENSG00000196547	MAN2A2	1908	3033	1536	1831	2285	2067	2240
ENSG00000196550	FAM72A	1136	1667	1064	1158	1341	1030	1601
ENSG00000196557	CACNA1H	0	0	0	3	3	6	3
ENSG00000196562	SULF2	2814	4745	2898	2966	2968	2802	3691
ENSG00000196569	LAMA2	89	138	84	78	99	102	112
ENSG00000196576	PLXNB2	3473	5619	3295	3625	4400	4285	5302
ENSG00000196581	AJAP1	90	163	107	106	118	114	157
ENSG00000196584	XRCC2	1226	1850	1156	1215	2019	1961	2742
ENSG00000196586	MYO6	583	906	518	490	643	601	676
ENSG00000196588	MRTFA	511	952	549	525	726	678	854
ENSG00000196591	HDAC2	2593	4488	2781	2615	3882	3743	4603
ENSG00000196597	ZNF782	95	159	96	99	133	107	170
ENSG00000196600	SLC22A25	24	36	18	24	32	19	24
ENSG00000196604	POTEF	24	36	26	21	19	16	25
ENSG00000196605	ZNF846	100	142	83	88	109	104	101
ENSG00000196611	MMP1	9	14	16	18	10	12	14
ENSG00000196616	ADH1B	1	3	1	0	1	0	0
ENSG00000196620	UGT2B15	0	0	0	0	0	0	1
ENSG00000196628	TCF4	386	704	435	475	621	542	659
ENSG00000196632	WNK3	3	8	3	4	8	4	2
ENSG00000196636	SDHAF3	526	815	511	425	711	681	857
ENSG00000196639	HRH1	276	450	251	253	467	450	556
ENSG00000196642	RABL6	3217	5372	3557	3552	4737	3581	5381
ENSG00000196646	ZNF136	238	394	239	226	359	388	541
ENSG00000196652	ZKSCAN5	438	721	463	404	596	636	749
ENSG00000196653	ZNF502	0	2	2	4	3	7	6
ENSG00000196655	TRAPPC4	1076	1920	1203	1117	1856	1862	2538
ENSG00000196659	TTC30B	260	480	280	249	391	379	439
ENSG00000196660	SLC30A10	22	22	18	15	23	18	20
ENSG00000196663	TECPR2	781	1237	723	804	1005	1027	1204
ENSG00000196664	TLR7	18	28	15	24	20	18	17
ENSG00000196666	FAM180B	16	22	9	13	18	24	23
ENSG00000196670	ZFP62	613	956	487	542	704	733	907
ENSG00000196678	ERI2	491	867	451	458	622	634	688
ENSG00000196683	TOMM7	2534	4279	2685	2342	2905	2797	3266
ENSG00000196684	HSH2D	0	1	0	0	0	0	1
ENSG00000196689	TRPV1	143	218	155	153	195	182	201
ENSG00000196693	ZNF33B	533	748	425	431	559	549	664
ENSG00000196700	ZNF512B	1832	3029	1751	1933	2515	1973	3011
ENSG00000196704	AMZ2	2285	4138	2400	2322	2872	2484	3342
ENSG00000196705	ZNF431	745	1103	610	659	874	829	962
ENSG00000196712	NF1	4015	6059	3401	3862	4164	4070	4802
ENSG00000196715	VKORC1L1	1397	2381	1477	1439	1972	1791	2397
ENSG00000196724	ZNF418	70	114	52	56	86	110	111
ENSG00000196730	DAPK1	27	56	35	36	35	42	44
ENSG00000196735	HLA-DQA1	515	926	551	533	520	541	572
ENSG00000196739	COL27A1	2389	3618	1920	2145	2577	1788	3054
ENSG00000196743	GM2A	1051	1704	1059	1073	1482	1436	1658
ENSG00000196747	H2AC13	1	9	2	8	5	5	12
ENSG00000196748	CLPSL2	5	22	12	19	12	15	11
ENSG00000196754	S100A2	110	145	135	120	129	121	199
ENSG00000196757	ZNF700	595	842	501	503	713	666	925
ENSG00000196776	CD47	2135	3680	2135	2027	2633	2437	2903
ENSG00000196778	OR52K1	0	2	1	3	4	2	0
ENSG00000196781	TLE1	1432	2424	1447	1408	1592	1550	2038
ENSG00000196782	MAML3	1776	2943	1732	1738	2445	2450	3183
ENSG00000196787	H2AC11	7	10	6	6	2	2	5
ENSG00000196792	STRN3	661	1094	676	645	801	732	967
ENSG00000196793	ZNF239	41	70	49	40	115	81	107
ENSG00000196812	ZSCAN16	30	57	37	30	62	67	64
ENSG00000196814	MVB12B	488	823	538	480	492	516	628
ENSG00000196821	ILRUN	2686	4390	2649	2715	3325	3165	3885
ENSG00000196832	OR11G2	5	14	8	8	18	8	11
ENSG00000196834	POTEI	253	363	179	232	280	253	342
ENSG00000196839	ADA	673	1137	756	675	794	823	1016
ENSG00000196843	ARID5A	77	141	86	106	145	122	96
ENSG00000196844	PATE2	2	2	2	3	0	2	1
ENSG00000196850	PPTC7	1297	2141	1264	1284	1730	1598	2153
ENSG00000196860	TOMM20L	7	5	5	2	0	0	0
ENSG00000196862	RGPD4	44	87	34	46	42	44	60
ENSG00000196865	NHLRC2	1595	2409	1396	1440	2119	2067	2603
ENSG00000196866	H2AC7	2	0	0	0	0	0	0
ENSG00000196867	ZFP28	100	143	105	113	183	183	228
ENSG00000196872	CRACDL	42	83	29	48	30	12	29
ENSG00000196873	CBWD3	476	658	488	414	535	437	763
ENSG00000196876	SCN8A	77	110	54	95	93	89	124
ENSG00000196878	LAMB3	475	858	535	503	650	601	678
ENSG00000196890	H2BU1	96	137	73	64	110	108	129
ENSG00000196911	KPNA5	564	834	482	488	576	542	687
ENSG00000196912	ANKRD36B	240	427	195	200	298	281	365
ENSG00000196914	ARHGEF12	5513	8911	4999	5489	6181	5813	6987
ENSG00000196917	HCAR1	9	15	9	10	18	10	13
ENSG00000196923	PDLIM7	1602	2731	1852	1739	2119	2079	2574
ENSG00000196924	FLNA	23991	39158	24926	28110	33916	33151	44915
ENSG00000196935	SRGAP1	474	723	503	494	620	567	728
ENSG00000196937	FAM3C	9369	15492	8408	8296	10410	9979	11558
ENSG00000196943	NOP9	1329	2123	1176	1313	1525	1407	1858
ENSG00000196946	ZNF705A	4	0	2	0	2	1	1
ENSG00000196950	SLC39A10	991	1522	802	994	1215	1350	1686
ENSG00000196954	CASP4	1054	1716	982	949	1001	1000	1080
ENSG00000196961	AP2A1	4334	7322	4325	4639	5296	5345	6156
ENSG00000196967	ZNF585A	250	409	204	223	361	385	434
ENSG00000196968	FUT11	291	456	289	314	423	356	484
ENSG00000196972	SMIM10L2B	14	8	8	16	5	6	2
ENSG00000196975	ANXA4	1075	1915	1213	1124	1225	1197	1329
ENSG00000196976	LAGE3	629	1061	772	693	934	799	1228
ENSG00000196981	WDR5B	764	1165	712	687	833	805	1032
ENSG00000196990	FAM163B	2	4	0	3	1	0	1
ENSG00000196993	NPIPB9	22	24	11	9	13	10	15
ENSG00000196998	WDR45	2361	4126	2550	2460	3104	2973	3482
ENSG00000197006	METTL9	2436	4251	2551	2478	3160	3039	3620
ENSG00000197008	ZNF138	132	295	160	154	225	230	343
ENSG00000197013	ZNF429	76	89	72	65	63	65	101
ENSG00000197016	ZNF470	207	305	196	193	304	224	293
ENSG00000197019	SERTAD1	367	716	422	446	480	479	636
ENSG00000197020	ZNF100	414	607	366	356	681	628	830
ENSG00000197021	EOLA2	517	908	558	590	755	642	782
ENSG00000197024	ZNF398	768	1341	778	828	934	969	1244
ENSG00000197037	ZSCAN25	404	566	369	379	572	527	680
ENSG00000197043	ANXA6	1236	2017	1302	1264	1697	1629	1981
ENSG00000197044	ZNF441	544	889	460	479	525	497	639
ENSG00000197045	GMFB	1876	3040	1807	1901	2635	2626	3205
ENSG00000197050	ZNF420	155	292	174	175	289	286	392
ENSG00000197054	ZNF763	45	68	39	22	47	36	49
ENSG00000197056	ZMYM1	412	502	311	259	486	459	570
ENSG00000197057	DTHD1	0	1	0	1	0	0	0
ENSG00000197061	H4C3	6	12	12	16	10	13	11
ENSG00000197062	ZSCAN26	196	317	151	155	236	225	276
ENSG00000197063	MAFG	1938	3183	1861	1905	2949	2628	3438
ENSG00000197070	ARRDC1	464	772	498	444	504	503	606
ENSG00000197077	KIAA1671	180	272	162	194	293	254	364
ENSG00000197081	IGF2R	3902	6272	3193	3829	4988	5130	6333
ENSG00000197093	GAL3ST4	17	55	48	49	71	62	84
ENSG00000197102	DYNC1H1	1462	1701	1709	1797	2748	2166	3062
ENSG00000197106	SLC6A17	2	2	0	1	4	1	3
ENSG00000197111	PCBP2	17211	30339	17957	16796	21749	21377	24463
ENSG00000197114	ZGPAT	690	1232	766	729	1036	862	1251
ENSG00000197119	SLC25A29	1200	1810	1102	1071	1114	1084	1297
ENSG00000197121	PGAP1	658	1165	662	635	837	644	828
ENSG00000197122	SRC	1891	3062	1822	2051	2532	2487	2983
ENSG00000197123	ZNF679	0	0	0	0	0	0	1
ENSG00000197124	ZNF682	92	169	112	87	166	135	211
ENSG00000197125	OR8B8	6	4	0	1	0	1	0
ENSG00000197128	ZNF772	355	524	309	354	578	481	692
ENSG00000197134	ZNF257	125	175	62	96	200	229	142
ENSG00000197136	PCNX3	2194	3694	2224	2578	3037	2730	3681
ENSG00000197140	ADAM32	1	7	1	2	5	3	2
ENSG00000197142	ACSL5	4	27	11	9	9	13	6
ENSG00000197147	LRRC8B	247	408	254	238	362	415	518
ENSG00000197150	ABCB8	1478	2264	1475	1472	1850	1798	2263
ENSG00000197153	H3C12	7	9	10	10	13	14	19
ENSG00000197157	SND1	10918	18764	10902	11016	12822	12415	14722
ENSG00000197162	ZNF785	24	18	19	14	32	21	34
ENSG00000197165	SULT1A2	29	47	13	27	32	17	35
ENSG00000197168	NEK5	8	22	14	10	19	20	16
ENSG00000197170	PSMD12	1699	2894	1945	1946	3624	3613	4546
ENSG00000197172	MAGEA6	2164	3465	2270	2145	3985	3660	4893
ENSG00000197181	PIWIL2	17	39	22	25	25	39	43
ENSG00000197183	NOL4L	1518	2494	1576	1599	1821	1759	2249
ENSG00000197191	CYSRT1	42	55	30	34	38	33	35
ENSG00000197208	SLC22A4	74	133	89	73	143	121	170
ENSG00000197213	ZSCAN5B	0	1	1	3	1	0	0
ENSG00000197217	ENTPD4	1781	2905	1569	1658	1826	1740	2132
ENSG00000197223	C1D	557	839	547	440	675	686	767
ENSG00000197226	TBC1D9B	3669	6269	3696	3738	4953	5032	6082
ENSG00000197233	OR1J2	0	1	0	0	0	0	0
ENSG00000197238	H4C11	14	21	7	4	12	38	34
ENSG00000197241	SLC2A7	2	1	0	1	0	1	0
ENSG00000197245	FAM110D	7	11	11	15	12	11	16
ENSG00000197249	SERPINA1	60	91	61	67	49	72	55
ENSG00000197256	KANK2	1449	2348	1492	1540	2545	2477	3279
ENSG00000197261	C6orf141	314	482	243	294	318	286	313
ENSG00000197265	GTF2E2	984	1751	994	991	1330	1224	1576
ENSG00000197275	RAD54B	611	1090	660	679	985	956	1279
ENSG00000197279	ZNF165	16	42	15	26	34	30	43
ENSG00000197283	SYNGAP1	1351	1919	982	1116	1186	999	1250
ENSG00000197296	FITM2	1002	1645	925	935	1360	1282	1590
ENSG00000197299	BLM	506	872	552	617	874	858	1145
ENSG00000197302	KRBOX5	327	483	283	295	285	337	350
ENSG00000197309	OR10D3	3	7	4	5	4	3	6
ENSG00000197312	DDI2	3195	5043	2562	2744	3429	3253	4039
ENSG00000197321	SVIL	6530	10758	5564	6178	6340	6209	6925
ENSG00000197323	TRIM33	3902	6197	3318	3387	5892	5416	6779
ENSG00000197324	LRP10	2882	4797	2801	2799	3297	3264	3639
ENSG00000197329	PELI1	1554	2617	1645	1618	2074	2064	2639
ENSG00000197343	ZNF655	1179	1996	1371	1486	1288	1633	1606
ENSG00000197345	MRPL21	915	1673	1011	906	1547	1568	1924
ENSG00000197355	UAP1L1	962	1547	916	979	1407	1331	1602
ENSG00000197360	ZNF98	34	43	31	32	50	47	76
ENSG00000197361	FBXL22	29	52	25	20	51	49	39
ENSG00000197362	ZNF786	252	476	270	281	402	389	518
ENSG00000197363	ZNF517	343	579	302	310	349	285	362
ENSG00000197372	ZNF675	218	358	214	198	248	262	329
ENSG00000197375	SLC22A5	152	279	167	130	217	221	248
ENSG00000197380	DACT3	135	259	154	141	172	130	182
ENSG00000197381	ADARB1	679	1179	666	677	775	612	820
ENSG00000197385	ZNF860	246	360	224	202	232	260	281
ENSG00000197386	HTT	3660	5878	3381	3638	3836	3852	4618
ENSG00000197405	C5AR1	3	2	1	4	1	2	3
ENSG00000197408	CYP2B6	0	0	0	2	0	1	0
ENSG00000197409	H3C4	0	0	3	5	4	6	4
ENSG00000197410	DCHS2	40	75	41	60	60	33	49
ENSG00000197415	VEPH1	145	301	129	153	254	232	251
ENSG00000197416	FABP12	1	0	0	0	0	0	0
ENSG00000197417	SHPK	490	912	586	581	575	533	761
ENSG00000197428	OR51D1	0	0	0	1	0	0	0
ENSG00000197429	IPP	415	708	420	441	693	583	808
ENSG00000197437	OR13G1	0	2	0	0	1	0	1
ENSG00000197442	MAP3K5	208	288	173	174	220	208	247
ENSG00000197444	OGDHL	115	209	91	107	109	135	127
ENSG00000197448	GSTK1	2010	3526	2171	2089	2629	2584	3188
ENSG00000197451	HNRNPAB	7870	13280	8875	8488	12524	11583	16392
ENSG00000197454	OR2L5	1	1	0	0	0	0	1
ENSG00000197457	STMN3	1154	1908	1199	1090	1556	1224	1772
ENSG00000197461	PDGFA	146	239	156	133	146	139	211
ENSG00000197465	GYPE	0	1	0	0	0	0	0
ENSG00000197467	COL13A1	120	173	121	131	109	76	158
ENSG00000197471	SPN	1	0	4	0	3	0	1
ENSG00000197472	ZNF695	210	308	195	190	289	283	367
ENSG00000197479	PCDHB11	67	98	91	77	120	95	116
ENSG00000197483	ZNF628	391	586	437	394	474	449	584
ENSG00000197496	SLC2A10	202	338	201	200	225	214	197
ENSG00000197497	ZNF665	113	179	80	98	113	74	106
ENSG00000197498	RPF2	1145	1727	1134	1072	1958	1814	2311
ENSG00000197506	SLC28A3	0	0	0	0	1	1	0
ENSG00000197530	MIB2	205	401	89	168	97	415	382
ENSG00000197532	OR6Y1	11	7	11	8	12	7	12
ENSG00000197535	MYO5A	3271	5379	2811	3461	4368	4300	5508
ENSG00000197540	GZMM	2	6	4	5	2	5	8
ENSG00000197548	ATG7	704	1190	709	623	902	937	1231
ENSG00000197555	SIPA1L1	634	986	572	704	650	714	760
ENSG00000197557	TTC30A	435	663	385	406	726	675	797
ENSG00000197561	ELANE	0	0	1	0	3	0	0
ENSG00000197562	RAB40C	412	717	455	473	535	386	656
ENSG00000197563	PIGN	913	1388	787	845	1111	983	1278
ENSG00000197565	COL4A6	15	17	7	6	10	15	13
ENSG00000197566	ZNF624	96	141	78	83	99	106	124
ENSG00000197576	HOXA4	307	537	340	324	484	434	569
ENSG00000197579	TOPORS	1090	1738	1173	968	1796	1736	2340
ENSG00000197580	BCO2	10	20	4	6	25	19	12
ENSG00000197584	KCNMB2	1	1	2	1	0	0	1
ENSG00000197586	ENTPD6	2333	3634	2233	2277	3075	3000	3741
ENSG00000197587	DMBX1	40	56	47	32	42	52	64
ENSG00000197594	ENPP1	129	248	164	171	153	169	219
ENSG00000197599	CCDC154	11	7	13	7	9	2	9
ENSG00000197601	FAR1	1172	1929	1201	1186	1522	1419	1865
ENSG00000197603	CPLANE1	540	892	434	559	618	560	688
ENSG00000197608	ZNF841	457	749	352	415	603	564	676
ENSG00000197614	MFAP5	19	18	10	9	13	14	26
ENSG00000197619	ZNF615	212	255	152	149	264	279	314
ENSG00000197620	EOLA1	353	603	318	346	388	370	447
ENSG00000197622	CDC42SE1	3252	5361	3098	3222	4377	4040	5315
ENSG00000197632	SERPINB2	2	6	10	7	2	0	5
ENSG00000197635	DPP4	55	105	45	61	112	98	114
ENSG00000197646	PDCD1LG2	2	4	2	0	2	1	1
ENSG00000197647	ZNF433	133	183	88	97	152	104	177
ENSG00000197653	DNAH10	10	6	2	11	3	1	6
ENSG00000197694	SPTAN1	9963	15818	9448	10511	11616	11573	14078
ENSG00000197696	NMB	436	829	550	511	709	674	929
ENSG00000197702	PARVA	1420	2325	1361	1360	1611	1613	2050
ENSG00000197705	KLHL14	12	20	19	12	8	14	17
ENSG00000197706	OR6C74	157	215	125	143	174	179	190
ENSG00000197712	FAM114A1	2706	4553	2576	2558	2387	2440	2544
ENSG00000197713	RPE	1394	2182	1270	1215	1773	1808	2320
ENSG00000197714	ZNF460	71	120	77	56	87	82	119
ENSG00000197724	PHF2	1295	2113	1201	1278	1541	1426	1758
ENSG00000197728	RPS26	6655	11938	7880	7116	6583	6755	8433
ENSG00000197746	PSAP	37497	64253	36250	34895	43908	42406	47106
ENSG00000197747	S100A10	6299	11086	7120	6873	8031	8073	10259
ENSG00000197748	CFAP43	24	52	25	33	38	38	37
ENSG00000197753	LHFPL5	143	230	133	125	131	127	147
ENSG00000197756	RPL37A	11936	19912	12274	11567	14933	14734	17686
ENSG00000197757	HOXC6	789	1357	773	738	781	719	838
ENSG00000197763	TXNRD3	288	487	266	258	261	259	274
ENSG00000197766	CFD	13	9	5	5	13	8	11
ENSG00000197768	STPG3	13	20	5	15	16	9	10
ENSG00000197769	MAP1LC3C	17	28	23	12	14	17	27
ENSG00000197771	MCMBP	2273	3548	2404	2388	2912	2957	3847
ENSG00000197774	EME2	629	950	601	555	649	715	684
ENSG00000197776	KLHDC1	41	74	29	39	29	30	27
ENSG00000197779	ZNF81	340	565	334	350	472	444	605
ENSG00000197780	TAF13	1040	1741	1068	1041	1588	1498	2021
ENSG00000197782	ZNF780A	540	914	496	508	616	585	695
ENSG00000197785	ATAD3A	2188	3765	2378	2327	3192	2870	3947
ENSG00000197798	FAM118B	357	582	359	326	505	544	665
ENSG00000197808	ZNF461	69	81	62	84	119	125	122
ENSG00000197816	CCDC180	0	0	0	0	0	0	4
ENSG00000197818	SLC9A8	804	1344	742	788	1060	933	1341
ENSG00000197822	OCLN	38	67	35	21	57	45	63
ENSG00000197826	CFAP299	0	0	0	1	0	0	0
ENSG00000197837	H4-16	0	0	0	0	0	3	0
ENSG00000197841	ZNF181	191	380	151	199	270	299	343
ENSG00000197849	OR8G1	9	19	9	4	4	8	9
ENSG00000197852	INKA2	607	881	647	649	857	757	1328
ENSG00000197857	ZNF44	236	397	257	213	325	323	433
ENSG00000197858	GPAA1	4560	8352	5147	5126	7558	7373	8653
ENSG00000197859	ADAMTSL2	13	33	16	14	10	12	7
ENSG00000197860	SGTB	608	1030	555	576	753	718	867
ENSG00000197863	ZNF790	72	122	66	87	123	94	134
ENSG00000197870	PRB3	0	0	0	1	0	0	3
ENSG00000197872	CYRIA	0	5	2	2	2	1	4
ENSG00000197879	MYO1C	6935	11781	7310	7485	9430	9070	11860
ENSG00000197885	NKIRAS1	631	1103	621	606	1024	1043	1413
ENSG00000197889	MEIG1	2	2	0	2	1	1	7
ENSG00000197892	KIF13B	2026	3189	1905	1970	2549	2180	2959
ENSG00000197893	NRAP	0	0	0	1	0	1	0
ENSG00000197894	ADH5	2650	4279	2702	2626	3585	3447	4517
ENSG00000197903	H2BC12	86	145	101	83	102	126	148
ENSG00000197905	TEAD4	816	1344	868	835	1084	1026	1294
ENSG00000197912	SPG7	498	844	475	525	525	564	640
ENSG00000197915	HRNR	47	70	51	56	62	56	71
ENSG00000197919	IFNA1	1	0	0	3	0	0	1
ENSG00000197928	ZNF677	53	45	36	39	60	64	86
ENSG00000197930	ERO1A	1152	1806	1107	1114	1673	1528	1665
ENSG00000197933	ZNF823	143	243	137	140	170	167	182
ENSG00000197935	ZNF311	0	0	1	1	2	0	0
ENSG00000197937	ZNF347	277	426	214	258	370	321	478
ENSG00000197943	PLCG2	319	460	254	355	301	303	372
ENSG00000197948	FCHSD1	410	751	390	439	491	539	605
ENSG00000197951	ZNF71	142	290	187	140	263	235	300
ENSG00000197956	S100A6	10664	18935	12419	11384	13426	12107	16487
ENSG00000197958	RPL12	24507	42738	26695	25319	31223	32491	37783
ENSG00000197959	DNM3	1005	1661	967	1015	1002	1034	1150
ENSG00000197961	ZNF121	2297	3558	1899	1968	2037	1892	2396
ENSG00000197965	MPZL1	1590	2646	1576	1613	2246	2230	2760
ENSG00000197969	VPS13A	1320	1955	1039	1253	1528	1490	1907
ENSG00000197971	MBP	20	38	23	29	27	25	25
ENSG00000197976	AKAP17A	1221	2050	1307	1282	1263	1092	1736
ENSG00000197977	ELOVL2	334	593	341	354	586	603	772
ENSG00000197978	GOLGA6L9	121	281	136	104	130	167	190
ENSG00000197980	LEKR1	30	42	18	24	28	38	41
ENSG00000197982	C1orf122	745	1282	927	839	1208	1000	1508
ENSG00000197993	KEL	20	18	10	12	8	14	14
ENSG00000198000	NOL8	1425	2438	1415	1409	1518	1472	2011
ENSG00000198001	IRAK4	391	607	371	292	431	304	377
ENSG00000198003	ODAD3	57	112	84	90	75	66	101
ENSG00000198015	MRPL42	1654	2815	1758	1614	2496	2450	2992
ENSG00000198018	ENTPD7	682	1099	590	719	1137	1050	1412
ENSG00000198026	ZNF335	1433	2406	1404	1476	1806	1842	2349
ENSG00000198028	ZNF560	105	179	109	89	146	151	206
ENSG00000198034	RPS4X	28468	51188	29264	28673	36855	37334	43107
ENSG00000198039	ZNF273	47	145	69	82	128	130	176
ENSG00000198040	ZNF84	541	891	475	510	943	930	1369
ENSG00000198042	MAK16	1388	2130	1234	1244	2038	1924	2613
ENSG00000198046	ZNF667	0	0	0	1	0	0	1
ENSG00000198049	AVPR1B	1	1	2	0	2	2	4
ENSG00000198053	SIRPA	1176	1980	1215	1257	1566	1573	1896
ENSG00000198055	GRK6	1734	2907	1804	1714	2353	2104	2712
ENSG00000198056	PRIM1	761	1232	831	801	1286	1074	1622
ENSG00000198060	MARCHF5	903	1460	915	850	1423	1270	1722
ENSG00000198062	POTEH	1	8	4	0	6	5	7
ENSG00000198064	NPIPB13	1397	1990	1096	1267	1433	1343	1807
ENSG00000198074	AKR1B10	0	1	0	0	5	0	0
ENSG00000198075	SULT1C4	0	3	1	1	0	1	0
ENSG00000198081	ZBTB14	244	383	245	215	332	286	387
ENSG00000198087	CD2AP	1137	1874	1155	1138	1427	1350	1669
ENSG00000198089	SFI1	403	651	415	410	569	591	661
ENSG00000198093	ZNF649	209	366	205	214	328	335	448
ENSG00000198099	ADH4	1	0	0	0	1	0	0
ENSG00000198105	ZNF248	340	522	331	338	421	376	464
ENSG00000198108	CHSY3	0	2	7	0	3	0	2
ENSG00000198113	TOR4A	30	52	24	29	40	31	42
ENSG00000198121	LPAR1	377	589	382	374	373	357	427
ENSG00000198128	OR2L3	0	0	0	0	1	0	0
ENSG00000198130	HIBCH	568	919	559	582	769	714	918
ENSG00000198131	ZNF544	665	981	543	573	859	822	985
ENSG00000198133	TMEM229B	1466	2374	1413	1490	2214	2029	2494
ENSG00000198142	SOWAHC	278	437	223	251	385	346	415
ENSG00000198146	ZNF770	1527	2500	1296	1474	1940	2015	2310
ENSG00000198156	NPIPB6	6	9	7	14	6	12	15
ENSG00000198157	HMGN5	88	166	110	90	137	146	151
ENSG00000198160	MIER1	1744	2686	1554	1538	1699	1557	1940
ENSG00000198162	MAN1A2	3301	5395	3106	3029	3482	3505	4008
ENSG00000198168	SVIP	326	546	384	358	496	475	651
ENSG00000198169	ZNF251	551	849	519	488	749	746	875
ENSG00000198171	DDRGK1	1445	2237	1378	1371	2300	1987	2581
ENSG00000198176	TFDP1	4949	8471	5533	5228	6767	6878	8617
ENSG00000198182	ZNF607	157	320	159	174	258	233	264
ENSG00000198185	ZNF334	166	238	132	155	163	169	171
ENSG00000198189	HSD17B11	657	980	543	533	875	792	895
ENSG00000198198	SZT2	1985	2732	1520	1855	2134	1916	2572
ENSG00000198203	SULT1C2	0	1	2	0	2	0	0
ENSG00000198205	ZXDA	25	39	25	31	27	32	44
ENSG00000198208	RPS6KL1	79	108	59	86	111	102	120
ENSG00000198211	NA	109	171	45	60	73	88	22
ENSG00000198216	CACNA1E	0	2	1	3	0	1	1
ENSG00000198218	QRICH1	2401	3718	2298	2526	3495	3679	4649
ENSG00000198223	CSF2RA	7	3	5	7	3	6	6
ENSG00000198225	FKBP1C	20	14	21	9	12	13	9
ENSG00000198231	DDX42	3069	4778	2827	3009	4089	4065	5115
ENSG00000198242	RPL23A	13174	23434	13818	12965	18448	18542	22098
ENSG00000198246	SLC29A3	77	135	80	98	92	94	109
ENSG00000198252	STYX	576	996	666	631	794	758	933
ENSG00000198258	UBL5	1868	3149	2243	2074	2672	2689	3482
ENSG00000198265	HELZ	2097	3413	1897	2105	2859	2765	3573
ENSG00000198270	TMEM116	99	158	114	105	129	115	154
ENSG00000198276	UCKL1	1267	2046	1195	1185	1500	1450	1739
ENSG00000198283	OR5B21	2	2	0	2	1	3	2
ENSG00000198298	ZNF485	129	199	119	115	188	222	220
ENSG00000198300	PEG3	9	17	6	18	17	26	30
ENSG00000198301	SDAD1	637	1048	640	621	799	831	950
ENSG00000198315	ZKSCAN8	1208	1923	1004	1078	1462	1427	1744
ENSG00000198324	PHETA1	323	567	343	340	382	376	477
ENSG00000198326	TMEM239	7	16	7	11	0	2	6
ENSG00000198331	HYLS1	429	712	452	448	594	613	737
ENSG00000198336	MYL4	0	0	0	0	1	0	0
ENSG00000198342	ZNF442	44	80	49	42	47	47	80
ENSG00000198346	ZNF813	206	389	182	199	340	338	448
ENSG00000198353	HOXC4	803	1249	798	827	1146	1070	1449
ENSG00000198355	PIM3	2869	4877	2902	2817	3911	3594	4474
ENSG00000198356	GET3	2347	4108	2660	2653	3744	3613	4662
ENSG00000198363	ASPH	8377	13463	7580	7888	9539	9488	10740
ENSG00000198369	SPRED2	2433	4169	2433	2625	3259	3135	4228
ENSG00000198373	WWP2	3539	5611	3282	3378	3640	3544	4442
ENSG00000198380	GFPT1	2461	4136	2505	2561	3217	3064	3650
ENSG00000198382	UVRAG	1230	2014	1156	1166	1347	1267	1660
ENSG00000198390	KRTAP13-1	0	0	0	1	0	0	0
ENSG00000198393	ZNF26	246	394	180	207	277	235	278
ENSG00000198399	ITSN2	1917	3172	1745	1820	2520	2314	2929
ENSG00000198400	NTRK1	18	28	22	10	14	18	17
ENSG00000198408	OGA	5227	8033	4666	4820	6603	5650	7896
ENSG00000198420	TCAF1	4352	7149	4228	4252	5214	4946	5973
ENSG00000198429	ZNF69	106	153	87	89	134	139	177
ENSG00000198431	TXNRD1	6896	11290	6982	7142	8424	8109	9761
ENSG00000198435	NRARP	1	0	0	0	0	2	0
ENSG00000198440	ZNF583	60	94	80	73	103	117	104
ENSG00000198445	CCT8L2	0	0	0	0	0	1	0
ENSG00000198453	ZNF568	177	225	139	160	246	211	269
ENSG00000198455	ZXDB	245	413	245	256	353	302	412
ENSG00000198464	ZNF480	406	682	389	415	602	592	734
ENSG00000198466	ZNF587	1313	1735	1124	1199	1303	1140	1373
ENSG00000198467	TPM2	4425	7860	4658	4476	5262	5152	6216
ENSG00000198478	SH3BGRL2	11	18	15	9	11	13	17
ENSG00000198482	ZNF808	60	111	57	71	104	107	155
ENSG00000198483	ANKRD35	0	1	1	0	0	2	1
ENSG00000198488	B3GNT6	0	3	0	1	0	0	0
ENSG00000198492	YTHDF2	2726	4387	2677	2778	5100	4999	6605
ENSG00000198498	TMA16	787	1411	823	801	1140	980	1239
ENSG00000198502	HLA-DRB5	6656	11680	7271	7101	7203	6755	8508
ENSG00000198513	ATL1	28	26	15	20	5	20	0
ENSG00000198515	CNGA1	25	40	22	18	33	29	31
ENSG00000198517	MAFK	1329	2160	1309	1286	1836	1045	2180
ENSG00000198520	ARMH1	2	5	2	2	4	7	2
ENSG00000198521	ZNF43	506	1050	579	557	778	775	980
ENSG00000198522	GPN1	1056	1870	1138	1137	1234	1305	1557
ENSG00000198523	PLN	2	3	1	2	0	0	0
ENSG00000198538	ZNF28	257	423	237	238	323	320	414
ENSG00000198542	ITGBL1	1	0	0	1	0	0	1
ENSG00000198546	ZNF511	586	1038	689	662	769	794	940
ENSG00000198547	C20orf203	0	0	0	0	1	0	0
ENSG00000198551	ZNF627	405	661	404	385	562	531	695
ENSG00000198553	KCNRG	9	13	9	7	9	10	4
ENSG00000198554	WDHD1	828	1322	764	844	1100	1102	1346
ENSG00000198556	ZNF789	150	205	178	174	205	187	200
ENSG00000198561	CTNND1	6129	10040	6030	6183	7364	7089	8955
ENSG00000198563	DDX39B	2006	3433	2234	2280	3808	3779	5353
ENSG00000198569	SLC34A3	14	28	17	13	19	10	11
ENSG00000198570	RD3	0	0	0	2	0	0	0
ENSG00000198573	SPANXC	0	1	0	0	0	0	0
ENSG00000198574	SH2D1B	17	24	18	16	27	23	33
ENSG00000198576	ARC	9	20	10	12	7	8	12
ENSG00000198585	NUDT16	1003	1600	925	886	1084	1081	1333
ENSG00000198586	TLK1	461	854	496	429	474	541	550
ENSG00000198589	LRBA	1295	2121	1090	1286	1699	1643	1913
ENSG00000198597	ZNF536	700	1101	620	642	978	930	1159
ENSG00000198598	MMP17	1372	2399	1598	1431	1336	1149	1422
ENSG00000198604	BAZ1A	2107	3442	2127	2037	2848	2560	3204
ENSG00000198612	COPS8	1616	2844	1756	1677	2400	2437	3040
ENSG00000198624	CCDC69	52	125	61	81	57	79	94
ENSG00000198625	MDM4	2499	3917	2152	2235	2404	2115	2633
ENSG00000198626	RYR2	100	138	62	91	137	119	152
ENSG00000198633	ZNF534	11	18	16	9	17	10	13
ENSG00000198642	KLHL9	1841	3121	1769	1737	2609	2621	3275
ENSG00000198643	FAM3D	0	0	0	0	1	0	0
ENSG00000198646	NCOA6	2719	4155	2208	2561	2803	2853	3427
ENSG00000198648	STK39	265	363	267	256	344	317	356
ENSG00000198650	TAT	4	4	2	2	4	5	1
ENSG00000198663	C6orf89	3031	5026	2668	2850	3493	3451	4012
ENSG00000198668	CALM1	2260	3683	2336	2209	3617	3609	4602
ENSG00000198673	TAFA2	1482	2319	1325	1312	1783	1600	1938
ENSG00000198677	TTC37	3452	5822	3152	3298	4517	4443	5552
ENSG00000198680	TUSC1	8	10	11	11	12	11	15
ENSG00000198681	MAGEA1	10	28	16	10	31	33	42
ENSG00000198682	PAPSS2	972	1675	915	949	922	978	1120
ENSG00000198689	SLC9A6	448	800	445	483	658	586	780
ENSG00000198690	FAN1	607	950	491	503	757	654	1069
ENSG00000198691	ABCA4	0	6	3	7	3	1	6
ENSG00000198695	MT-ND6	34618	54063	35683	31477	35883	29268	38867
ENSG00000198700	IPO9	6285	10451	6069	6456	7984	7895	9774
ENSG00000198707	CEP290	689	1401	765	741	1187	1116	1174
ENSG00000198712	MT-CO2	96813	161246	89823	83874	85336	84203	93577
ENSG00000198715	GLMP	1909	3292	1994	2006	2730	2834	3293
ENSG00000198718	TOGARAM1	366	592	364	277	360	339	618
ENSG00000198719	DLL1	18	34	24	19	16	20	31
ENSG00000198720	ANKRD13B	808	1447	834	987	1061	1186	1250
ENSG00000198721	ECI2	920	1681	1084	952	1273	1197	1433
ENSG00000198722	UNC13B	823	1461	801	864	1106	1137	1280
ENSG00000198723	TEX45	2	3	3	4	2	0	5
ENSG00000198727	MT-CYB	84848	141517	77122	75601	87396	86037	97556
ENSG00000198728	LDB1	3032	5107	3132	3071	3908	3623	4443
ENSG00000198729	PPP1R14C	170	251	166	190	216	144	251
ENSG00000198730	CTR9	1572	2693	1574	1641	2541	2371	3085
ENSG00000198732	SMOC1	2	12	11	6	11	10	15
ENSG00000198734	F5	31	39	27	16	25	22	24
ENSG00000198736	MSRB1	509	793	534	552	513	512	574
ENSG00000198739	LRRTM3	0	1	2	1	0	2	1
ENSG00000198740	ZNF652	656	1081	546	576	711	658	782
ENSG00000198742	SMURF1	1460	2350	1422	1503	1742	1660	2126
ENSG00000198743	SLC5A3	21297	32891	17565	18247	14193	13689	16322
ENSG00000198746	GPATCH3	541	890	572	535	717	719	972
ENSG00000198752	CDC42BPB	2850	4532	2571	2855	2729	2543	3040
ENSG00000198753	PLXNB3	1975	3078	1835	1976	2363	2215	2826
ENSG00000198754	OXCT2	71	133	75	79	64	57	99
ENSG00000198755	RPL10A	13979	24573	14786	14742	17200	17858	20527
ENSG00000198756	COLGALT2	352	685	365	359	506	491	518
ENSG00000198763	MT-ND2	65617	107660	64673	62371	90112	88363	113607
ENSG00000198768	APCDD1L	1	2	0	2	1	2	2
ENSG00000198771	RCSD1	0	0	0	0	0	2	0
ENSG00000198774	RASSF9	31	52	28	22	37	37	40
ENSG00000198780	FAM169A	125	190	125	124	173	176	266
ENSG00000198783	ZNF830	463	842	499	479	619	632	794
ENSG00000198785	GRIN3A	32	48	31	37	24	18	42
ENSG00000198786	MT-ND5	106143	168504	93454	98188	118333	110446	140885
ENSG00000198788	MUC2	0	0	0	2	1	0	0
ENSG00000198791	CNOT7	1383	2342	1435	1282	1820	1742	2204
ENSG00000198792	TMEM184B	1148	1902	1160	1241	1666	1553	2074
ENSG00000198793	MTOR	2786	4346	2473	3240	3619	3798	4521
ENSG00000198794	SCAMP5	973	1606	1013	954	1090	1193	1403
ENSG00000198795	ZNF521	628	1007	518	539	529	591	552
ENSG00000198796	ALPK2	52	28	46	13	19	11	2
ENSG00000198797	BRINP2	13	16	15	12	15	19	11
ENSG00000198798	MAGEB3	1	0	0	1	0	0	0
ENSG00000198799	LRIG2	491	891	462	454	658	558	753
ENSG00000198804	MT-CO1	386931	634710	345638	348679	414909	396699	457136
ENSG00000198805	PNP	992	1749	1131	1074	1776	1854	2395
ENSG00000198807	PAX9	461	763	468	463	571	567	630
ENSG00000198812	LRRC10	0	0	0	0	0	0	2
ENSG00000198814	GK	222	340	190	217	307	278	407
ENSG00000198815	FOXJ3	2752	4492	2592	2713	3430	3414	3951
ENSG00000198816	ZNF358	1468	2535	1487	1451	1776	1698	1883
ENSG00000198818	SFT2D1	792	1370	882	776	1102	999	1363
ENSG00000198821	CD247	0	4	4	4	4	8	10
ENSG00000198822	GRM3	2	1	0	0	2	0	0
ENSG00000198824	CHAMP1	2033	3404	2093	2122	2604	2532	3100
ENSG00000198825	INPP5F	29593	48084	26564	28137	34360	33936	40030
ENSG00000198826	ARHGAP11A	2500	3995	2566	2659	3172	2680	3956
ENSG00000198829	SUCNR1	1	1	1	1	0	0	1
ENSG00000198830	HMGN2	10184	17287	11717	11358	20553	19666	26454
ENSG00000198832	SELENOM	502	857	516	466	585	526	740
ENSG00000198833	UBE2J1	1297	2137	1390	1285	1578	1524	1839
ENSG00000198835	GJC2	30	52	31	36	33	17	35
ENSG00000198836	OPA1	2177	3530	2083	1791	1953	2015	2315
ENSG00000198837	DENND4B	3556	6025	3467	3650	4794	4420	5600
ENSG00000198838	RYR3	0	1	2	0	0	0	2
ENSG00000198839	ZNF277	419	676	423	401	479	415	602
ENSG00000198840	MT-ND3	18019	31323	17315	15375	19711	20707	22900
ENSG00000198841	KTI12	560	1001	631	642	1148	1146	1574
ENSG00000198843	SELENOT	1578	2745	1820	1812	2599	2546	3389
ENSG00000198844	ARHGEF15	0	1	0	1	1	0	0
ENSG00000198846	TOX	40	83	43	45	57	47	72
ENSG00000198848	CES1	3	2	1	0	1	1	0
ENSG00000198851	CD3E	0	1	0	0	2	1	0
ENSG00000198853	RUSC2	1307	2169	1315	1328	1552	1384	1828
ENSG00000198855	FICD	77	151	69	84	187	172	239
ENSG00000198856	OSTC	1289	2284	1329	1291	1730	1730	2243
ENSG00000198858	R3HDM4	850	1423	874	774	890	775	996
ENSG00000198860	TSEN15	1449	2505	1456	1443	1984	1930	2478
ENSG00000198862	LTN1	1335	2184	1232	1257	1716	1686	2088
ENSG00000198863	RUNDC1	1226	1935	1198	1101	1753	1575	2140
ENSG00000198865	CCDC152	21	50	30	32	57	51	56
ENSG00000198870	STKLD1	30	40	17	24	18	26	38
ENSG00000198873	GRK5	1864	3093	1983	1903	2177	2053	2866
ENSG00000198874	TYW1	682	1107	673	705	865	868	1136
ENSG00000198876	DCAF12	2017	3497	2101	2015	2504	2340	2931
ENSG00000198879	SFMBT2	1146	1883	1118	1133	1421	1310	1835
ENSG00000198883	PNMA5	0	1	0	1	0	0	0
ENSG00000198885	ITPRIPL1	326	499	296	315	395	417	537
ENSG00000198886	MT-ND4	260610	424457	237909	239479	254616	242089	274619
ENSG00000198887	SMC5	3323	5169	2908	3115	3935	3714	4481
ENSG00000198888	MT-ND1	32133	52120	30176	29724	43509	42655	53778
ENSG00000198890	PRMT6	935	1586	1016	986	1346	1236	1665
ENSG00000198892	SHISA4	680	1212	789	773	782	719	907
ENSG00000198894	CIPC	796	1378	733	724	949	847	1030
ENSG00000198898	CAPZA2	1417	2317	1368	1325	1861	1762	2336
ENSG00000198899	MT-ATP6	130820	209584	122140	115451	150454	139485	161382
ENSG00000198900	TOP1	12945	21529	12858	12693	16277	15605	19138
ENSG00000198901	PRC1	3741	6182	3923	3837	6700	6544	8423
ENSG00000198908	BHLHB9	35	77	45	50	26	25	41
ENSG00000198909	MAP3K3	1147	1889	1093	1250	1577	1401	1950
ENSG00000198910	L1CAM	187	254	187	192	229	238	315
ENSG00000198911	SREBF2	5021	8411	5008	5205	5780	5577	6547
ENSG00000198912	C1orf174	503	742	477	483	625	593	723
ENSG00000198914	POU3F3	0	1	2	0	6	3	2
ENSG00000198915	RASGEF1A	0	1	0	1	1	0	0
ENSG00000198917	SPOUT1	1204	1922	1151	1162	1575	1343	1996
ENSG00000198918	RPL39	9221	16399	9835	9124	12108	12157	14745
ENSG00000198919	DZIP3	516	862	490	515	687	592	856
ENSG00000198920	KIAA0753	677	1034	673	625	989	1033	1160
ENSG00000198924	DCLRE1A	566	917	498	533	850	845	1156
ENSG00000198925	ATG9A	2369	4097	2424	2542	3623	3607	4113
ENSG00000198929	NOS1AP	153	244	128	177	169	199	208
ENSG00000198930	CSAG1	967	1727	1105	985	1400	1468	1743
ENSG00000198931	APRT	1529	2736	1745	1571	2264	2281	2772
ENSG00000198932	GPRASP1	16	29	13	20	22	20	20
ENSG00000198933	TBKBP1	531	866	472	513	571	481	569
ENSG00000198934	MAGEE1	14	20	16	19	27	37	36
ENSG00000198937	CCDC167	246	452	322	272	358	367	472
ENSG00000198938	MT-CO3	114248	188014	101529	97169	131641	129395	143215
ENSG00000198939	ZFP2	6	7	2	0	3	1	2
ENSG00000198944	SOWAHA	45	93	41	48	54	55	75
ENSG00000198945	L3MBTL3	234	373	256	272	315	307	392
ENSG00000198947	DMD	55	96	56	61	98	118	137
ENSG00000198948	MFAP3L	97	156	103	97	90	99	98
ENSG00000198951	NAGA	700	1192	734	741	859	849	1078
ENSG00000198952	SMG5	4680	7708	4349	4828	6314	6063	8158
ENSG00000198954	KIFBP	599	1136	703	698	1243	1137	1582
ENSG00000198959	TGM2	2769	4798	3315	3273	2815	2941	3571
ENSG00000198960	ARMCX6	131	195	112	139	199	198	210
ENSG00000198961	PJA2	4512	7320	4119	4330	6164	5962	7184
ENSG00000198963	RORB	304	479	275	265	263	292	303
ENSG00000198964	SGMS1	220	373	241	279	374	353	503
ENSG00000198967	OR10Z1	0	1	1	0	1	1	0
ENSG00000203326	ZNF525	71	110	59	72	113	106	138
ENSG00000203485	INF2	1403	2389	1285	1490	1838	1857	2195
ENSG00000203499	IQANK1	12	21	13	19	12	10	20
ENSG00000203618	GP1BB	31	43	13	0	26	26	42
ENSG00000203663	OR2L2	13	24	14	17	19	24	28
ENSG00000203666	EFCAB2	16	42	18	25	13	20	38
ENSG00000203667	COX20	1101	1663	1057	989	1475	1381	1718
ENSG00000203668	CHML	2662	4324	2551	2612	3291	3261	4168
ENSG00000203685	STUM	6	7	5	2	3	6	4
ENSG00000203697	CAPN8	0	0	2	0	0	1	1
ENSG00000203705	TATDN3	1198	1892	1057	1020	1131	1099	1307
ENSG00000203710	CR1	5	3	7	9	5	3	8
ENSG00000203722	RAET1G	1	8	7	5	5	7	4
ENSG00000203724	C1orf53	50	80	43	46	57	85	104
ENSG00000203727	SAMD5	191	299	211	201	355	314	408
ENSG00000203730	TEDDM1	5	1	0	0	0	0	2
ENSG00000203734	ECT2L	0	3	2	3	1	5	6
ENSG00000203737	GPR52	0	0	2	0	1	0	1
ENSG00000203740	NTMT2	0	2	1	0	0	1	1
ENSG00000203747	FCGR3A	1	0	3	0	0	0	1
ENSG00000203756	TMEM244	0	0	0	0	2	1	4
ENSG00000203760	CENPW	238	387	274	277	537	582	758
ENSG00000203772	SPRN	25	41	19	31	22	18	21
ENSG00000203778	FAM229B	100	157	91	100	135	144	162
ENSG00000203780	FANK1	28	26	15	22	16	13	10
ENSG00000203783	PRR9	0	0	0	0	1	0	0
ENSG00000203786	KPRP	0	0	1	0	0	2	0
ENSG00000203791	EEF1AKMT2	197	345	179	184	265	222	302
ENSG00000203797	DDO	192	329	149	187	226	230	226
ENSG00000203805	PLPP4	138	255	139	126	183	167	210
ENSG00000203811	H3C14	30	0	15	0	17	0	0
ENSG00000203814	H2BC18	34	35	20	28	13	20	24
ENSG00000203837	PNLIPRP3	2	8	4	4	1	6	4
ENSG00000203852	H3C15	0	33	0	20	0	19	17
ENSG00000203857	HSD3B1	31	49	21	25	24	23	31
ENSG00000203859	HSD3B2	0	2	0	0	0	1	0
ENSG00000203867	RBM20	809	1279	695	767	1001	999	1130
ENSG00000203872	C6orf163	5	5	3	2	6	5	9
ENSG00000203877	RIPPLY2	0	0	0	0	0	1	1
ENSG00000203879	GDI1	4988	8761	5359	5371	6659	6301	7648
ENSG00000203880	PCMTD2	2884	4692	2631	2633	3182	2976	3526
ENSG00000203883	SOX18	79	142	102	106	120	137	170
ENSG00000203896	LIME1	52	89	53	62	68	60	74
ENSG00000203910	C1orf146	0	0	1	0	0	1	0
ENSG00000203926	SPANXA2	0	1	0	0	0	0	1
ENSG00000203942	C10orf62	0	0	1	1	0	0	0
ENSG00000203943	SAMD13	37	70	37	49	49	38	55
ENSG00000203950	RTL8A	709	1245	750	671	851	811	904
ENSG00000203952	CCDC160	4	10	7	7	3	4	9
ENSG00000203965	EFCAB7	510	773	501	400	558	479	590
ENSG00000203995	ZYG11A	18	28	8	17	20	23	21
ENSG00000204010	IFIT1B	3	4	4	3	0	1	2
ENSG00000204019	CT83	32	68	34	36	48	57	82
ENSG00000204052	LRRC73	196	346	204	242	253	255	302
ENSG00000204060	FOXO6	0	0	3	0	5	0	0
ENSG00000204065	TCEAL5	3	0	0	0	0	0	0
ENSG00000204070	SYS1	1038	1782	1027	1004	1209	1200	1474
ENSG00000204084	INPP5B	757	1333	756	785	952	859	950
ENSG00000204086	RPA4	5	9	7	2	7	6	10
ENSG00000204099	NEU4	1	0	0	0	0	1	0
ENSG00000204103	MAFB	4	10	5	2	5	2	7
ENSG00000204104	TRAF3IP1	454	789	435	524	736	639	895
ENSG00000204116	CHIC1	244	435	215	243	276	283	371
ENSG00000204120	GIGYF2	2454	4001	2471	2500	3135	3026	3690
ENSG00000204128	C2orf72	13	25	39	5	44	7	65
ENSG00000204130	RUFY2	387	641	447	417	553	482	572
ENSG00000204131	NHSL2	3	3	4	6	8	0	1
ENSG00000204136	GGTA1	2	2	1	1	6	3	1
ENSG00000204138	PHACTR4	1252	2130	1253	1201	1554	1483	1746
ENSG00000204140	CLPSL1	86	152	73	57	54	50	73
ENSG00000204147	ASAH2B	176	291	153	151	267	242	270
ENSG00000204149	AGAP6	281	417	276	272	389	255	436
ENSG00000204152	TIMM23B	150	216	181	181	250	174	216
ENSG00000204160	ZDHHC18	502	862	549	530	778	755	917
ENSG00000204161	TMEM273	0	0	0	0	0	1	0
ENSG00000204165	CXorf65	1	0	1	1	0	2	1
ENSG00000204172	AGAP9	180	287	143	137	174	158	208
ENSG00000204175	GPRIN2	1	0	0	0	1	1	0
ENSG00000204176	SYT15	133	192	89	125	133	114	132
ENSG00000204178	MACO1	757	1389	770	931	1189	1130	1477
ENSG00000204186	ZDBF2	648	1134	527	558	897	726	890
ENSG00000204195	AWAT1	1	0	1	0	1	1	0
ENSG00000204209	DAXX	1832	3152	1995	1969	2681	2624	3326
ENSG00000204217	BMPR2	1315	2130	1097	1142	1334	1325	1578
ENSG00000204219	TCEA3	40	72	33	40	38	37	39
ENSG00000204220	PFDN6	1768	3135	1873	1756	2973	2910	3662
ENSG00000204227	RING1	1206	1994	1186	1245	1757	1183	2254
ENSG00000204228	HSD17B8	75	123	80	58	121	103	108
ENSG00000204231	RXRB	1299	2220	1359	1302	1754	1467	1975
ENSG00000204237	OXLD1	301	458	277	264	316	355	445
ENSG00000204248	COL11A2	661	1021	578	618	755	498	893
ENSG00000204252	HLA-DOA	1575	2729	1560	1679	1553	1598	1931
ENSG00000204256	BRD2	770	1116	710	771	967	1064	1389
ENSG00000204257	HLA-DMA	1658	2717	1712	1619	1868	1897	2280
ENSG00000204262	COL5A2	7138	11719	7119	6976	7412	7032	8555
ENSG00000204264	PSMB8	1039	1753	1029	992	1327	1250	1402
ENSG00000204267	TAP2	1414	2137	1409	1311	1811	1728	2265
ENSG00000204271	SPIN3	619	791	479	492	796	765	1018
ENSG00000204272	NBDY	738	1367	795	758	1003	1009	1210
ENSG00000204287	HLA-DRA	12673	22353	13688	13233	12973	12875	16005
ENSG00000204291	COL15A1	710	1186	736	781	697	710	871
ENSG00000204296	TSBP1	30	36	11	19	28	25	20
ENSG00000204301	NOTCH4	0	0	0	0	0	2	0
ENSG00000204304	PBX2	1734	2812	1650	1661	1791	1484	1925
ENSG00000204305	AGER	36	52	30	37	23	23	17
ENSG00000204308	RNF5	1082	2009	1293	1208	1990	1725	2518
ENSG00000204310	AGPAT1	3272	5656	3552	3629	4790	4478	5743
ENSG00000204311	PJVK	37	61	16	31	31	33	31
ENSG00000204314	PRRT1	126	271	195	129	191	199	213
ENSG00000204315	FKBPL	154	256	198	164	258	243	328
ENSG00000204316	MRPL38	1295	2469	1490	1415	1929	1945	2499
ENSG00000204323	SMIM5	20	16	14	11	18	7	19
ENSG00000204334	ERICH2	22	41	17	14	23	19	23
ENSG00000204335	SP5	0	1	0	0	0	0	1
ENSG00000204344	STK19	105	220	121	106	190	249	250
ENSG00000204348	DXO	324	487	293	269	330	379	461
ENSG00000204351	SKIV2L	1840	3309	2159	1840	2663	2525	3024
ENSG00000204356	NELFE	1515	2532	1651	1566	1889	1974	2404
ENSG00000204361	NXPE2	0	0	0	0	1	0	0
ENSG00000204366	ZBTB12	213	331	225	196	325	192	451
ENSG00000204370	SDHD	2004	3466	2194	2106	3045	2830	3609
ENSG00000204371	EHMT2	1515	2573	1652	1674	1766	1560	1928
ENSG00000204379	XAGE1A	3264	5435	3928	3489	5632	5335	7014
ENSG00000204381	LAYN	0	0	1	0	0	0	0
ENSG00000204382	XAGE1B	3	2	0	0	5	6	1
ENSG00000204385	SLC44A4	7	9	8	4	12	6	16
ENSG00000204386	NEU1	481	820	566	566	614	628	672
ENSG00000204388	HSPA1B	1423	2413	1622	1687	4825	4614	6867
ENSG00000204389	HSPA1A	1588	2687	1882	1821	5634	5172	7492
ENSG00000204390	HSPA1L	40	73	54	29	56	62	73
ENSG00000204392	LSM2	604	999	620	612	819	802	1029
ENSG00000204394	VARS1	6368	11137	6956	6830	8846	8578	10385
ENSG00000204396	VWA7	13	12	18	8	6	10	15
ENSG00000204397	CARD16	98	147	89	93	115	139	140
ENSG00000204406	MBD5	257	432	236	235	234	260	270
ENSG00000204410	MSH5	104	207	166	92	200	229	235
ENSG00000204420	MPIG6B	6	9	3	2	3	4	6
ENSG00000204421	LY6G6C	1	3	2	0	0	0	0
ENSG00000204424	LY6G6F	0	0	0	0	0	0	1
ENSG00000204427	ABHD16A	385	662	395	360	485	527	651
ENSG00000204428	LY6G5C	9	14	5	2	5	13	16
ENSG00000204435	CSNK2B	2092	3603	2115	2026	2798	2960	3584
ENSG00000204438	GPANK1	1082	1820	1107	1149	1999	1614	2344
ENSG00000204439	C6orf47	594	1013	620	533	875	621	1103
ENSG00000204442	NALF1	1	1	0	0	0	0	1
ENSG00000204444	APOM	11	19	7	11	23	13	16
ENSG00000204463	BAG6	7024	11997	7340	7575	9498	9271	11099
ENSG00000204469	PRRC2A	8890	14072	8662	9443	11324	10670	14040
ENSG00000204482	LST1	2	1	4	4	2	0	3
ENSG00000204498	NFKBIL1	761	1212	768	707	674	493	861
ENSG00000204511	MCCD1	0	4	1	0	1	0	1
ENSG00000204514	ZNF814	565	875	515	551	715	616	848
ENSG00000204516	MICB	204	302	227	217	326	290	367
ENSG00000204519	ZNF551	376	648	385	364	690	632	964
ENSG00000204520	MICA	261	486	336	289	412	399	495
ENSG00000204524	ZNF805	284	467	282	275	310	301	386
ENSG00000204525	HLA-C	11012	18752	11167	10325	12711	12266	13889
ENSG00000204531	POU5F1	31	64	48	33	51	29	51
ENSG00000204532	ZSCAN5C	0	2	1	1	2	0	1
ENSG00000204536	CCHCR1	399	739	361	379	535	434	653
ENSG00000204538	PSORS1C2	1	5	1	1	0	1	3
ENSG00000204540	PSORS1C1	0	0	0	2	7	0	3
ENSG00000204542	C6orf15	0	0	1	0	0	0	0
ENSG00000204560	DHX16	1463	2466	1523	1452	2435	2266	2979
ENSG00000204564	C6orf136	230	394	255	266	284	305	340
ENSG00000204568	MRPS18B	2078	3510	2200	2111	3243	3331	4029
ENSG00000204569	PPP1R10	1464	2458	1349	1410	1948	1769	2260
ENSG00000204572	KRTAP5-10	0	0	0	0	0	1	0
ENSG00000204574	ABCF1	3498	5748	3724	3480	5281	5124	6477
ENSG00000204576	PRR3	259	554	298	272	464	429	582
ENSG00000204577	LILRB3	27	35	21	18	27	18	35
ENSG00000204580	DDR1	2347	3961	2357	2262	2340	2169	2397
ENSG00000204583	LRCOL1	1	1	1	0	0	0	0
ENSG00000204590	GNL1	1572	2589	1743	1520	1823	1441	2035
ENSG00000204592	HLA-E	5254	9008	5229	4984	5953	5568	6314
ENSG00000204595	DPRX	0	0	0	0	1	0	0
ENSG00000204599	TRIM39	295	483	290	285	366	331	425
ENSG00000204604	ZNF468	236	419	215	219	385	405	476
ENSG00000204611	ZNF616	273	443	244	222	420	364	508
ENSG00000204616	TRIM31	1	4	2	5	4	3	2
ENSG00000204618	RNF39	25	41	27	25	30	17	32
ENSG00000204619	PPP1R11	1213	2117	1250	1223	2116	2176	2661
ENSG00000204624	DISP3	0	4	4	1	7	7	5
ENSG00000204628	RACK1	41864	72371	44267	42044	55848	56591	65434
ENSG00000204632	HLA-G	2	0	0	0	0	0	0
ENSG00000204634	TBC1D8	2256	3569	2029	2180	2313	2176	2611
ENSG00000204642	HLA-F	215	334	203	202	252	245	282
ENSG00000204644	ZFP57	0	0	1	0	0	0	0
ENSG00000204653	ASPDH	2	4	0	1	0	0	1
ENSG00000204655	MOG	8	11	2	4	2	3	7
ENSG00000204657	OR2H2	11	10	6	11	4	3	8
ENSG00000204659	CBY3	13	11	0	8	4	7	7
ENSG00000204673	AKT1S1	4806	8132	4935	4825	6134	6058	7258
ENSG00000204681	GABBR1	431	762	342	430	375	360	390
ENSG00000204688	OR2H1	0	0	1	0	0	0	0
ENSG00000204694	OR11A1	2	1	0	0	1	0	1
ENSG00000204695	OR14J1	70	85	52	71	68	58	72
ENSG00000204701	OR2J3	0	0	1	0	0	0	0
ENSG00000204710	SPDYC	0	0	1	0	1	0	0
ENSG00000204713	TRIM27	1587	2629	1600	1569	2732	2765	3301
ENSG00000204740	MALRD1	0	0	0	0	0	1	0
ENSG00000204764	RANBP17	122	195	99	118	132	80	113
ENSG00000204767	INSYN2B	3	2	4	2	3	4	3
ENSG00000204779	FOXD4L5	90	104	65	42	73	54	61
ENSG00000204815	ODAD4	158	250	137	138	233	245	278
ENSG00000204822	MRPL53	1462	2460	1574	1410	2157	2044	2566
ENSG00000204839	MROH6	159	199	103	145	167	176	295
ENSG00000204842	ATXN2	1589	2671	1579	1728	2500	2413	3085
ENSG00000204843	DCTN1	4698	7916	4620	4937	6615	6272	7857
ENSG00000204849	SPATA31A1	19	25	15	20	13	12	11
ENSG00000204851	PNMA8B	0	0	0	0	0	1	0
ENSG00000204852	TCTN1	428	926	622	429	602	644	810
ENSG00000204856	FAM216A	562	868	450	470	614	601	720
ENSG00000204859	ZBTB48	360	625	356	336	464	458	569
ENSG00000204866	IGFL2	0	0	0	0	0	0	1
ENSG00000204869	IGFL4	366	528	275	322	328	329	399
ENSG00000204882	GPR20	0	0	1	0	0	0	0
ENSG00000204899	MZT1	1190	1943	1231	1059	1814	1639	2107
ENSG00000204909	SPINK9	8	8	0	1	2	3	6
ENSG00000204913	LRRC3C	2	0	0	0	0	0	0
ENSG00000204919	PRR20A	0	0	0	0	0	1	0
ENSG00000204920	ZNF155	160	186	115	122	202	199	241
ENSG00000204922	UQCC3	312	581	334	333	564	553	664
ENSG00000204923	FBXO48	138	261	132	116	167	165	231
ENSG00000204930	FAM221B	0	0	0	0	2	3	2
ENSG00000204936	CD177	35	57	27	18	33	38	23
ENSG00000204941	PSG5	0	1	0	0	0	2	1
ENSG00000204946	ZNF783	1153	2024	1081	1064	1341	1142	1565
ENSG00000204947	ZNF425	60	125	60	59	64	48	88
ENSG00000204950	LRRC10B	0	1	2	0	0	0	0
ENSG00000204954	C12orf73	367	546	354	304	377	424	475
ENSG00000204956	PCDHGA1	193	267	143	151	242	230	276
ENSG00000204961	PCDHA9	153	296	159	127	223	178	280
ENSG00000204962	PCDHA8	181	235	118	175	202	214	238
ENSG00000204963	PCDHA7	506	921	492	543	816	744	1041
ENSG00000204965	PCDHA5	267	404	230	254	378	352	482
ENSG00000204967	PCDHA4	303	491	252	247	341	329	400
ENSG00000204969	PCDHA2	179	375	179	179	302	216	314
ENSG00000204970	PCDHA1	78	142	94	107	98	117	153
ENSG00000204977	TRIM13	888	1494	847	880	1195	1146	1423
ENSG00000204978	ERICH4	1	2	0	0	0	1	0
ENSG00000204979	MS4A13	14	17	6	4	11	9	9
ENSG00000204991	SPIRE2	304	436	290	267	482	356	519
ENSG00000205002	AARD	92	177	120	95	155	162	150
ENSG00000205038	PKHD1L1	1	6	1	1	3	0	2
ENSG00000205045	SLFN12L	39	62	42	24	62	55	66
ENSG00000205060	SLC35B4	1134	1858	1029	1062	1436	1401	1492
ENSG00000205076	LGALS7	3	0	1	1	6	1	0
ENSG00000205078	SYCE1L	8	4	9	10	9	2	7
ENSG00000205084	TMEM231	405	527	397	341	307	209	412
ENSG00000205085	GARIN1A	17	47	16	23	29	27	22
ENSG00000205089	CCNI2	4	4	7	6	9	6	5
ENSG00000205090	TMEM240	21	51	25	20	34	7	26
ENSG00000205097	FRG2	1	2	0	0	1	2	3
ENSG00000205108	FAM205A	0	1	1	0	0	1	0
ENSG00000205111	CDKL4	5	5	2	2	5	5	8
ENSG00000205116	TMEM88B	47	60	44	46	30	25	30
ENSG00000205129	C4orf47	18	16	7	2	12	15	9
ENSG00000205133	TRIQK	816	1369	767	717	875	844	1103
ENSG00000205138	SDHAF1	520	910	567	534	629	550	710
ENSG00000205143	ARID3C	2	6	4	2	1	3	1
ENSG00000205155	PSENEN	813	1368	876	843	1259	1317	1584
ENSG00000205177	C11orf91	38	42	37	29	47	20	56
ENSG00000205189	ZBTB10	1554	2634	1526	1438	1579	1444	1931
ENSG00000205208	C4orf46	326	570	372	375	584	531	698
ENSG00000205209	SCGB2B2	52	101	36	69	51	38	61
ENSG00000205213	LGR4	594	987	559	624	836	669	968
ENSG00000205220	PSMB10	224	401	243	212	269	240	273
ENSG00000205221	VIT	14	15	9	16	13	9	8
ENSG00000205238	SPDYE2	204	286	156	180	227	175	262
ENSG00000205250	E2F4	2197	3782	2281	2162	3320	3144	4065
ENSG00000205268	PDE7A	479	880	521	477	584	562	765
ENSG00000205269	TMEM170B	126	204	125	133	190	161	231
ENSG00000205277	MUC12	0	1	1	0	1	0	5
ENSG00000205302	SNX2	628	1132	674	532	896	904	1095
ENSG00000205307	SAP25	10	16	9	19	6	12	12
ENSG00000205309	NT5M	100	211	120	112	115	105	142
ENSG00000205323	SARNP	906	1472	906	972	1376	1398	1765
ENSG00000205336	ADGRG1	4104	6842	4132	4355	5424	5202	6122
ENSG00000205339	IPO7	10065	16851	9625	9709	11165	10800	12754
ENSG00000205352	PRR13	2563	4606	2862	2748	4476	4533	5436
ENSG00000205356	TECPR1	1197	1947	1113	1122	1479	1335	1776
ENSG00000205359	SLCO6A1	5	5	0	4	5	2	4
ENSG00000205362	MT1A	2	10	7	6	9	6	12
ENSG00000205363	INSYN1	8	18	7	6	4	7	9
ENSG00000205364	MT1M	0	1	0	0	0	0	0
ENSG00000205403	CFI	612	1041	532	528	552	561	537
ENSG00000205413	SAMD9	557	813	507	525	854	792	1018
ENSG00000205420	KRT6A	0	1	0	0	1	0	2
ENSG00000205423	CNEP1R1	328	497	297	325	401	350	481
ENSG00000205426	KRT81	3	4	9	10	15	6	9
ENSG00000205456	TP53TG3D	56	65	37	45	60	72	20
ENSG00000205476	CCDC85C	657	1102	692	712	813	747	957
ENSG00000205482	SPDYE18	104	129	85	88	105	81	116
ENSG00000205517	RGL3	287	476	278	278	276	308	246
ENSG00000205531	NAP1L4	2624	4249	2714	2577	4344	4240	5088
ENSG00000205542	TMSB4X	9449	16541	10291	9660	14240	14096	17121
ENSG00000205544	TMEM256	738	1369	859	871	964	1077	1189
ENSG00000205560	CPT1B	279	443	251	286	357	275	316
ENSG00000205571	SMN2	1171	2037	1115	1277	1841	1733	2344
ENSG00000205572	SERF1B	653	1163	777	717	962	873	1006
ENSG00000205581	HMGN1	3399	5429	3784	3548	4455	4189	5681
ENSG00000205593	DENND6B	71	88	44	53	54	47	61
ENSG00000205609	EIF3CL	252	336	261	125	184	178	388
ENSG00000205629	LCMT1	648	1151	667	620	850	779	1049
ENSG00000205639	MFSD2B	0	0	0	5	2	0	3
ENSG00000205642	VCX3B	4	5	3	1	12	8	9
ENSG00000205643	CDPF1	198	320	194	175	246	213	287
ENSG00000205649	HTN3	0	0	0	0	1	0	0
ENSG00000205659	LIN52	285	475	308	282	450	454	580
ENSG00000205669	ACOT6	2	0	1	0	2	0	3
ENSG00000205670	SMIM11	41	100	34	143	176	51	58
ENSG00000205683	DPF3	6	17	1	7	4	7	11
ENSG00000205693	MANSC4	2	3	2	1	1	1	4
ENSG00000205704	SMIM45	16	42	25	23	19	22	25
ENSG00000205707	ETFRF1	400	568	390	372	420	441	479
ENSG00000205710	C17orf107	8	25	17	16	19	14	27
ENSG00000205726	ITSN1	1126	1762	1041	1123	1208	1152	1299
ENSG00000205730	ITPRIPL2	3955	6532	3656	3790	4781	3810	5319
ENSG00000205744	DENND1C	1	3	0	1	0	0	0
ENSG00000205758	CRYZL1	443	781	436	437	663	678	713
ENSG00000205765	RIMOC1	1744	2797	1610	1777	2505	2437	3044
ENSG00000205784	ARRDC5	0	0	0	2	0	0	0
ENSG00000205795	CYS1	4	1	6	4	5	1	3
ENSG00000205808	PLPP6	694	1089	654	632	805	824	909
ENSG00000205809	KLRC2	0	0	0	0	0	1	0
ENSG00000205810	KLRC3	0	0	0	0	0	1	2
ENSG00000205832	C16orf96	1	3	0	0	3	2	3
ENSG00000205835	GMNC	0	2	0	0	0	0	0
ENSG00000205838	TTC23L	8	3	5	9	10	4	6
ENSG00000205846	CLEC6A	0	0	0	0	0	2	0
ENSG00000205863	C1QTNF9B	0	2	1	1	1	2	1
ENSG00000205882	DEFB134	0	0	1	1	4	7	0
ENSG00000205884	DEFB136	0	0	3	1	0	0	0
ENSG00000205903	ZNF316	1812	3034	1835	1909	2402	1514	2738
ENSG00000205922	ONECUT3	0	1	3	1	2	2	1
ENSG00000205927	OLIG2	315	519	320	332	415	355	541
ENSG00000205929	C21orf62	77	157	70	83	91	78	118
ENSG00000205937	RNPS1	5729	9429	6011	5881	8678	8392	10347
ENSG00000205978	NYNRIN	119	189	106	125	122	123	124
ENSG00000205981	DNAJC19	360	553	316	346	433	437	503
ENSG00000206013	IFITM5	1	2	0	2	2	0	1
ENSG00000206026	SMIM21	1	2	0	0	0	0	2
ENSG00000206052	DOK6	3	9	4	3	5	1	2
ENSG00000206053	JPT2	2672	4653	3040	3025	4648	4501	6040
ENSG00000206069	LHFPL7	0	0	0	0	1	0	1
ENSG00000206077	ZDHHC11B	1	1	1	0	0	0	0
ENSG00000206113	CFAP99	1	2	1	1	1	0	2
ENSG00000206127	GOLGA8O	25	18	12	23	12	3	17
ENSG00000206140	TMEM191C	1	0	0	0	1	0	2
ENSG00000206150	RNASE13	0	0	1	0	0	0	0
ENSG00000206172	HBA1	11	11	13	10	5	13	25
ENSG00000206181	ELOA2	0	1	1	0	2	1	1
ENSG00000206190	ATP10A	966	1454	827	983	1112	1045	1273
ENSG00000206260	PRR23A	0	0	1	0	0	0	0
ENSG00000206262	FOXL2NB	2	8	1	5	6	5	9
ENSG00000206418	RAB12	981	1763	1039	1115	1202	1069	1491
ENSG00000206432	TMEM200C	0	3	3	3	4	3	5
ENSG00000206503	HLA-A	12671	22175	13056	12641	15496	14602	16839
ENSG00000206527	HACD2	1499	2380	1435	1482	2327	2268	2848
ENSG00000206530	CFAP44	159	343	136	126	182	221	212
ENSG00000206535	LNP1	137	191	135	98	182	232	224
ENSG00000206538	VGLL3	2	8	4	3	4	3	2
ENSG00000206557	TRIM71	0	1	0	0	2	1	3
ENSG00000206559	ZCWPW2	17	38	17	16	21	11	18
ENSG00000206560	ANKRD28	2732	4624	2731	2695	3505	3255	4027
ENSG00000206561	COLQ	0	15	7	17	6	26	11
ENSG00000206562	METTL6	469	805	423	467	683	665	862
ENSG00000206579	XKR4	27	52	38	35	43	29	41
ENSG00000211445	GPX3	54	100	58	55	56	54	71
ENSG00000211448	DIO2	6	7	6	6	6	14	7
ENSG00000211450	SELENOH	1364	2355	1522	1505	1982	1948	2457
ENSG00000211452	DIO1	0	0	1	1	0	2	0
ENSG00000211455	STK38L	861	1375	805	935	1065	1062	1185
ENSG00000211456	SACM1L	1603	2630	1502	1577	2312	2209	2688
ENSG00000211460	TSN	1240	1993	1384	1193	2172	2097	2949
ENSG00000211584	SLC48A1	750	1292	770	808	951	882	1014
ENSG00000212122	TSSK1B	0	1	0	0	0	0	0
ENSG00000212123	PRR22	57	103	51	39	67	60	78
ENSG00000212124	TAS2R19	3	7	5	6	5	11	9
ENSG00000212126	TAS2R50	0	2	0	1	0	0	0
ENSG00000212127	TAS2R14	15	31	15	6	21	17	13
ENSG00000212128	TAS2R13	1	3	0	0	1	0	1
ENSG00000212710	CTAGE1	2	0	0	0	0	4	0
ENSG00000212724	KRTAP2-3	0	1	0	1	2	0	3
ENSG00000212747	RTL8B	304	529	328	329	482	440	528
ENSG00000212807	OR2A42	0	2	2	3	2	0	4
ENSG00000212864	RNF208	87	217	126	134	113	101	116
ENSG00000212907	MT-ND4L	45336	73296	37828	40804	46974	44762	49579
ENSG00000212916	MAP10	111	109	90	78	136	112	137
ENSG00000212993	POU5F1B	27	41	24	28	25	22	27
ENSG00000213015	ZNF580	1407	2578	1406	1413	1783	1572	2006
ENSG00000213020	ZNF611	134	155	122	105	207	223	208
ENSG00000213023	SYT3	121	191	146	123	150	127	129
ENSG00000213024	NUP62	2335	4069	2468	2618	3939	3960	4942
ENSG00000213030	CGB8	4	4	1	2	1	0	3
ENSG00000213047	DENND1B	470	832	416	418	428	416	499
ENSG00000213064	SFT2D2	3405	5562	3278	3191	3776	3592	4636
ENSG00000213066	CEP43	483	650	373	407	627	523	795
ENSG00000213079	SCAF8	1304	2335	1265	1465	1876	1873	2516
ENSG00000213085	CFAP45	31	36	40	26	31	40	49
ENSG00000213088	ACKR1	6	3	3	0	3	4	3
ENSG00000213096	ZNF254	394	625	384	373	431	462	595
ENSG00000213123	DYNLT2B	31	53	36	34	51	70	67
ENSG00000213139	CRYGS	0	6	0	0	4	0	2
ENSG00000213145	CRIP1	5	14	6	8	12	3	6
ENSG00000213160	KLHL23	156	264	152	139	301	314	389
ENSG00000213171	LINGO4	1	1	0	0	0	0	0
ENSG00000213185	FAM24B	29	75	50	40	51	88	75
ENSG00000213186	TRIM59	230	356	196	206	308	268	349
ENSG00000213190	MLLT11	1764	3034	1987	1970	2812	2881	3452
ENSG00000213199	ASIC3	208	346	151	157	184	159	173
ENSG00000213203	GIMAP1	8	8	6	2	3	9	9
ENSG00000213213	CCDC183	0	0	0	3	2	0	3
ENSG00000213214	ARHGEF35	4	13	7	4	6	4	8
ENSG00000213221	DNLZ	230	490	317	270	395	217	508
ENSG00000213246	SUPT4H1	1691	2907	1875	1628	2868	3138	3742
ENSG00000213265	TSGA13	41	80	38	40	56	48	58
ENSG00000213281	NRAS	2042	3579	2210	2179	3570	3449	4612
ENSG00000213316	LTC4S	1	0	1	0	0	1	3
ENSG00000213337	ANKRD39	216	344	216	234	329	305	371
ENSG00000213339	QTRT1	1086	2012	1177	1159	1987	1904	2423
ENSG00000213341	CHUK	1249	2137	1273	1290	1547	1527	2076
ENSG00000213347	MXD3	340	601	396	349	417	373	481
ENSG00000213366	GSTM2	211	439	229	217	284	245	334
ENSG00000213380	COG8	1713	2911	1697	1759	2918	2791	3539
ENSG00000213390	ARHGAP19	969	1838	1097	1340	1562	1637	2381
ENSG00000213397	HAUS7	322	463	329	347	424	437	547
ENSG00000213398	LCAT	74	101	92	58	79	48	86
ENSG00000213401	MAGEA12	2422	3977	2624	2447	3930	3695	4785
ENSG00000213402	PTPRCAP	0	0	0	7	0	0	5
ENSG00000213413	PVRIG	5	1	1	1	5	1	0
ENSG00000213420	GPC2	41	84	40	48	34	36	50
ENSG00000213424	KRT222	4	0	0	0	0	5	3
ENSG00000213445	SIPA1	2238	3687	2299	2243	2087	2034	2543
ENSG00000213462	ERV3-1	111	177	85	105	91	110	123
ENSG00000213463	SYNJ2BP	961	1670	969	972	1593	1454	1941
ENSG00000213465	ARL2	2793	4917	3162	2966	3838	3820	4545
ENSG00000213471	TTLL13	0	0	0	0	1	0	2
ENSG00000213512	GBP7	1	0	1	2	1	3	0
ENSG00000213516	RBMXL1	914	1501	868	909	1184	1132	1454
ENSG00000213523	SRA1	966	1713	1145	1039	1722	1679	2141
ENSG00000213533	STIMATE	870	1320	762	804	1035	974	1175
ENSG00000213551	DNAJC9	719	1169	777	720	1188	1098	1542
ENSG00000213563	C8orf82	379	593	428	390	537	301	658
ENSG00000213578	CPLX3	0	4	0	2	0	0	0
ENSG00000213585	VDAC1	10244	17400	10868	10621	13235	12996	15495
ENSG00000213588	ZBTB9	231	440	301	274	418	381	489
ENSG00000213593	TMX2	2921	4903	3126	3070	4948	4779	6231
ENSG00000213614	HEXA	1300	2482	1457	1384	1634	1597	1862
ENSG00000213619	NDUFS3	1754	3031	1945	1933	2485	2502	3051
ENSG00000213625	LEPROT	2379	3845	2220	2259	2712	2567	3171
ENSG00000213626	LBH	339	620	414	389	498	520	603
ENSG00000213638	ADAT3	170	310	164	192	220	224	265
ENSG00000213639	PPP1CB	6345	10656	6203	5978	9858	9110	11685
ENSG00000213648	SULT1A4	8	159	2	2	3	31	2
ENSG00000213654	GPSM3	53	108	47	42	38	37	67
ENSG00000213658	LAT	46	87	58	32	54	57	70
ENSG00000213672	NCKIPSD	1441	2386	1363	1421	1902	1776	2209
ENSG00000213676	ATF6B	1902	3075	1848	1708	2455	2319	2793
ENSG00000213689	TREX1	232	356	262	238	381	395	484
ENSG00000213694	S1PR3	109	175	125	124	110	107	166
ENSG00000213699	SLC35F6	1583	2939	1731	1921	2441	2311	2876
ENSG00000213714	FAM209B	1	3	3	5	5	5	2
ENSG00000213719	CLIC1	4500	7728	4934	4918	6998	7228	9224
ENSG00000213722	DDAH2	135	257	188	163	157	97	208
ENSG00000213741	RPS29	3104	5204	3474	3249	3815	3869	4931
ENSG00000213760	ATP6V1G2	40	38	29	16	30	30	19
ENSG00000213762	ZNF134	622	1030	604	620	972	815	1063
ENSG00000213780	GTF2H4	618	965	562	592	837	746	983
ENSG00000213782	DDX47	2582	4370	2710	2655	3835	3701	4712
ENSG00000213793	ZNF888	128	188	125	111	198	187	259
ENSG00000213799	ZNF845	287	406	277	281	441	400	546
ENSG00000213853	EMP2	2064	3518	2224	2256	2758	2364	3281
ENSG00000213859	KCTD11	365	584	328	281	448	411	453
ENSG00000213889	PPM1N	55	88	68	69	62	51	107
ENSG00000213892	CEACAM16	0	1	0	0	0	0	0
ENSG00000213901	SLC23A3	5	8	4	7	1	4	8
ENSG00000213903	LTB4R	789	1305	680	761	784	729	973
ENSG00000213906	LTB4R2	422	535	273	373	417	222	456
ENSG00000213918	DNASE1	268	389	235	246	323	320	412
ENSG00000213920	MDP1	110	197	108	116	133	148	134
ENSG00000213923	CSNK1E	3524	5804	3753	3708	5049	4483	5699
ENSG00000213928	IRF9	229	389	236	237	221	194	296
ENSG00000213930	GALT	333	636	331	326	380	404	425
ENSG00000213937	CLDN9	1	0	1	0	1	0	1
ENSG00000213949	ITGA1	264	454	227	291	242	235	222
ENSG00000213965	NUDT19	899	1493	948	910	1597	1506	1950
ENSG00000213967	ZNF726	165	302	179	178	272	244	278
ENSG00000213973	ZNF99	3	1	2	1	2	4	0
ENSG00000213977	TAX1BP3	779	1296	912	878	1186	1220	1509
ENSG00000213983	AP1G2	169	273	134	153	162	196	214
ENSG00000213988	ZNF90	281	429	250	281	493	503	652
ENSG00000213995	NAXD	1926	3180	1860	1976	2274	2274	2636
ENSG00000213996	TM6SF2	3	13	5	5	4	4	0
ENSG00000213999	MEF2B	22	45	55	35	28	48	70
ENSG00000214013	GANC	1091	1865	920	1022	1100	1103	1155
ENSG00000214021	TTLL3	274	351	233	242	226	189	245
ENSG00000214022	REPIN1	4633	7865	4628	4707	6274	5596	7502
ENSG00000214026	MRPL23	746	1291	838	747	717	722	882
ENSG00000214029	ZNF891	490	696	363	389	532	467	648
ENSG00000214046	SMIM7	711	1149	727	681	1104	1108	1553
ENSG00000214050	FBXO16	69	107	78	77	133	106	136
ENSG00000214063	TSPAN4	1217	2141	1383	1313	1778	1660	2154
ENSG00000214078	CPNE1	2258	3695	2133	2391	3082	2744	3447
ENSG00000214087	ARL16	311	534	301	310	385	399	522
ENSG00000214097	SMCO1	0	2	0	3	1	1	0
ENSG00000214102	WEE2	1	0	0	0	0	0	0
ENSG00000214113	LYRM4	335	618	404	329	532	570	692
ENSG00000214114	MYCBP	667	1151	733	698	1121	1064	1352
ENSG00000214128	TMEM213	5	12	11	10	8	7	17
ENSG00000214140	PRCD	12	16	2	0	1	1	6
ENSG00000214160	ALG3	1405	2441	1472	1425	2277	2322	2874
ENSG00000214193	SH3D21	308	416	214	218	406	235	358
ENSG00000214194	SMIM30	843	1410	858	764	1212	1273	1557
ENSG00000214212	C19orf38	13	16	9	5	13	3	12
ENSG00000214226	C17orf67	35	41	25	24	26	18	26
ENSG00000214237	MINDY4B	0	1	0	0	0	0	0
ENSG00000214253	FIS1	1632	2857	1843	1770	2194	2071	2645
ENSG00000214274	ANG	38	70	31	51	56	42	41
ENSG00000214279	SCART1	139	227	111	130	158	140	221
ENSG00000214285	NPS	0	1	0	0	1	0	7
ENSG00000214290	COLCA2	1	1	0	2	2	4	0
ENSG00000214300	SPDYE3	2	9	6	2	1	7	7
ENSG00000214309	MBLAC1	58	75	58	48	83	34	95
ENSG00000214336	FOXI3	6	7	2	4	5	4	7
ENSG00000214338	SOGA3	3	3	0	3	7	5	5
ENSG00000214357	NEURL1B	24	50	42	39	47	50	47
ENSG00000214360	EFCAB9	1	0	2	0	2	3	4
ENSG00000214367	HAUS3	375	669	361	358	503	456	624
ENSG00000214376	VSTM5	1	1	0	1	2	2	4
ENSG00000214413	BBIP1	435	675	448	398	479	481	625
ENSG00000214415	GNAT3	0	0	0	0	2	0	0
ENSG00000214435	AS3MT	42	56	36	25	28	0	0
ENSG00000214456	PLIN5	0	0	0	0	0	0	2
ENSG00000214491	SEC14L6	2	2	0	0	2	2	0
ENSG00000214517	PPME1	2008	3337	2073	2134	3532	3518	4059
ENSG00000214530	STARD10	212	344	216	200	233	243	227
ENSG00000214558	NA	24	35	20	24	25	35	31
ENSG00000214562	NUTM2D	88	135	58	74	70	85	111
ENSG00000214575	CPEB1	73	110	72	91	84	114	118
ENSG00000214595	EML6	91	154	86	143	129	108	115
ENSG00000214652	ZNF727	3	1	0	3	0	0	1
ENSG00000214654	B3GALT9	281	491	331	297	407	376	472
ENSG00000214655	ZSWIM8	2624	4130	2413	2605	3256	2929	3901
ENSG00000214688	C10orf105	0	2	1	0	0	0	2
ENSG00000214694	ARHGEF33	31	37	26	23	32	32	36
ENSG00000214700	C12orf71	0	1	1	2	6	2	4
ENSG00000214706	IFRD2	3497	5743	3714	3493	5409	5418	7065
ENSG00000214711	CAPN14	34	41	44	53	50	21	23
ENSG00000214717	ZBED1	1151	2141	1282	1277	1170	1130	1340
ENSG00000214736	TOMM6	1745	3028	1994	1886	2292	2193	2692
ENSG00000214753	HNRNPUL2	7157	11564	7431	6974	7805	5611	9309
ENSG00000214756	CSKMT	111	235	142	173	199	207	235
ENSG00000214787	MS4A4E	163	321	195	203	180	153	229
ENSG00000214814	FER1L6	0	1	1	1	0	0	0
ENSG00000214827	MTCP1	103	157	90	74	89	75	88
ENSG00000214842	RAD51AP2	7	6	2	2	3	2	7
ENSG00000214860	EVPLL	0	0	0	0	0	0	1
ENSG00000214872	SMTNL1	2	4	4	3	4	1	2
ENSG00000214897	PNMA6E	0	0	0	0	1	0	1
ENSG00000214940	NPIPA8	10	19	11	24	18	2	15
ENSG00000214941	ZSWIM7	262	442	323	260	340	310	356
ENSG00000214944	ARHGEF28	803	1289	723	781	953	878	1082
ENSG00000214946	TBC1D26	0	0	0	0	1	0	0
ENSG00000214954	LRRC69	16	24	13	9	15	14	10
ENSG00000214960	CRPPA	47	83	31	38	61	43	47
ENSG00000214967	NPIPA7	12	40	48	32	15	45	41
ENSG00000214978	GSG1L2	0	0	1	0	0	0	0
ENSG00000215012	RTL10	462	658	411	402	601	570	709
ENSG00000215018	COL28A1	4	1	0	0	0	0	0
ENSG00000215021	PHB2	8152	14643	8999	8536	11938	11696	14175
ENSG00000215041	NEURL4	1274	1989	1187	1252	1614	1181	1951
ENSG00000215045	GRID2IP	12	20	12	12	6	8	10
ENSG00000215113	CXorf49B	0	0	0	0	0	0	1
ENSG00000215114	UBXN2B	618	976	595	636	628	708	710
ENSG00000215126	CBWD6	28	33	44	23	19	130	25
ENSG00000215131	C16orf90	0	1	0	0	0	0	0
ENSG00000215148	PRSS41	1	1	1	1	0	1	1
ENSG00000215174	NLRP2B	0	0	0	0	1	0	0
ENSG00000215182	MUC5AC	0	1	0	2	1	0	0
ENSG00000215183	MSMP	0	0	0	0	0	0	2
ENSG00000215186	GOLGA6B	5	9	11	8	3	5	1
ENSG00000215187	FAM166B	3	5	2	2	2	7	6
ENSG00000215193	PEX26	1659	2815	1723	1684	2432	2181	2958
ENSG00000215218	UBE2QL1	0	4	1	0	1	1	2
ENSG00000215251	FASTKD5	899	1553	926	903	1179	1272	1604
ENSG00000215252	GOLGA8B	268	372	159	243	279	202	353
ENSG00000215262	KCNU1	0	0	0	0	0	0	1
ENSG00000215274	GAGE10	1	0	0	0	0	0	0
ENSG00000215301	DDX3X	6416	10366	6215	6382	10335	10041	13651
ENSG00000215305	VPS16	1708	2913	1697	1672	1835	1840	2085
ENSG00000215343	ZNF705D	3	2	1	4	0	1	3
ENSG00000215372	ZNF705G	0	0	0	0	0	1	2
ENSG00000215375	MYL5	192	368	200	206	279	273	315
ENSG00000215421	ZNF407	492	717	370	449	565	515	701
ENSG00000215440	NPEPL1	1113	1747	1023	1020	1274	1050	1316
ENSG00000215472	RPL17-C18orf32	412	656	480	351	418	487	541
ENSG00000215529	EFCAB8	2	5	0	5	3	4	3
ENSG00000215595	C20orf202	0	1	1	1	0	3	0
ENSG00000215612	HMX1	0	0	1	0	0	0	0
ENSG00000215644	GCGR	0	2	0	0	0	2	0
ENSG00000215695	RSC1A1	28	86	30	24	119	127	109
ENSG00000215704	CELA2B	0	2	0	0	2	0	0
ENSG00000215712	TMEM242	294	536	337	305	314	306	324
ENSG00000215717	TMEM167B	992	1577	900	904	1171	1233	1467
ENSG00000215784	FAM72D	774	1341	959	826	1071	682	1162
ENSG00000215788	TNFRSF25	62	82	56	89	61	59	75
ENSG00000215817	ZC3H11B	6	16	6	7	12	20	14
ENSG00000215845	TSTD1	2	2	3	0	0	3	1
ENSG00000215883	CYB5RL	200	362	189	167	289	314	314
ENSG00000215910	C1orf167	1	0	0	0	2	0	0
ENSG00000215912	TTC34	111	173	81	90	77	77	84
ENSG00000215915	ATAD3C	25	38	21	18	24	18	14
ENSG00000216490	IFI30	794	1301	858	766	975	1026	1108
ENSG00000216588	IGSF23	1	1	1	1	2	1	1
ENSG00000216649	GAGE12E	0	1	0	3	0	0	3
ENSG00000216921	FAM240C	0	0	1	0	0	0	0
ENSG00000216937	CCDC7	27	17	7	7	13	14	48
ENSG00000217128	FNIP1	1114	1595	912	987	1366	1365	1603
ENSG00000217236	SP9	20	15	13	21	22	20	30
ENSG00000217442	SYCE3	1	2	1	1	1	0	0
ENSG00000217555	CKLF	635	1006	767	642	1041	1011	1352
ENSG00000217930	PAM16	363	637	374	373	515	517	644
ENSG00000218305	CDC14C	5	11	5	4	4	10	6
ENSG00000218336	TENM3	2946	4978	2760	2952	3982	3697	4598
ENSG00000218739	CEBPZOS	2639	4173	2532	2459	3742	3628	4405
ENSG00000218891	ZNF579	753	1271	734	746	1155	788	1403
ENSG00000219073	CELA3B	0	0	1	0	0	0	0
ENSG00000219200	RNASEK	2480	4556	2697	2596	3573	3752	4290
ENSG00000219435	CATSPERZ	12	44	17	23	30	25	45
ENSG00000219438	TAFA5	13	17	11	13	8	12	12
ENSG00000219481	NBPF1	357	553	324	352	463	452	555
ENSG00000219545	UMAD1	430	848	492	512	713	673	884
ENSG00000219607	PPP1R3G	1	9	6	1	2	6	4
ENSG00000219626	FAM228B	22	42	26	22	32	21	31
ENSG00000220008	LINGO3	35	32	20	20	21	21	29
ENSG00000220201	ZGLP1	36	67	47	35	42	34	29
ENSG00000220205	VAMP2	959	1583	889	943	1026	967	1134
ENSG00000220948	TRIM51G	3	9	6	3	6	2	2
ENSG00000221821	C6orf226	38	82	54	71	58	87	94
ENSG00000221823	PPP3R1	2191	3741	2205	2228	3370	3171	4172
ENSG00000221829	FANCG	564	977	591	588	1105	1019	1366
ENSG00000221836	OR2A5	13	16	13	9	16	15	19
ENSG00000221838	AP4M1	545	865	501	479	675	631	838
ENSG00000221843	C2orf16	35	54	32	44	39	44	33
ENSG00000221858	OR2A12	0	0	1	0	0	0	0
ENSG00000221866	PLXNA4	0	0	2	3	0	0	0
ENSG00000221867	MAGEA3	4510	7378	4745	4542	8758	8138	11071
ENSG00000221869	CEBPD	1555	2815	1606	1464	965	979	933
ENSG00000221874	ZNF816-ZNF321P	0	13	4	0	4	6	2
ENSG00000221878	PSG7	0	2	0	0	0	0	0
ENSG00000221882	OR3A2	1	4	4	4	3	2	4
ENSG00000221886	ZBED8	509	814	477	486	643	677	744
ENSG00000221888	OR1C1	4	6	1	4	1	0	0
ENSG00000221890	NPTXR	596	1037	531	618	659	609	616
ENSG00000221909	FAM200A	292	503	251	248	427	459	519
ENSG00000221914	PPP2R2A	1295	2092	1234	1403	2476	2383	3315
ENSG00000221916	C19orf73	32	53	46	28	47	48	36
ENSG00000221923	ZNF880	103	196	119	118	199	203	251
ENSG00000221926	TRIM16	1004	1767	988	938	800	791	749
ENSG00000221933	OR2A25	0	4	3	0	2	5	2
ENSG00000221937	TAS2R40	0	1	0	1	1	0	0
ENSG00000221944	TIGD1	458	727	373	388	431	394	526
ENSG00000221946	FXYD7	11	25	16	20	21	12	22
ENSG00000221947	XKR9	16	24	16	10	8	22	18
ENSG00000221955	SLC12A8	0	10	17	0	15	12	28
ENSG00000221963	APOL6	596	915	541	587	641	616	705
ENSG00000221968	FADS3	464	832	479	505	628	602	839
ENSG00000221970	OR2A1	4	2	5	6	1	6	0
ENSG00000221978	CCNL2	1597	2360	1333	1370	1595	1372	1754
ENSG00000221983	UBA52	22869	40663	26301	24495	31823	29765	36232
ENSG00000221986	MYBPHL	0	5	1	0	3	3	3
ENSG00000221988	PPT2	884	1524	968	883	1255	1159	1568
ENSG00000221994	ZNF630	1	1	1	2	0	1	2
ENSG00000222009	BTBD19	754	1179	712	701	808	793	767
ENSG00000222011	FAM185A	7	7	0	4	7	0	10
ENSG00000222014	RAB6C	1	0	2	0	3	1	2
ENSG00000222036	POTEM	205	240	168	161	189	183	235
ENSG00000222046	DCDC2B	2	4	1	8	5	0	2
ENSG00000223417	TRIM49D1	3	16	6	6	9	12	16
ENSG00000223443	USP17L2	2	1	0	1	3	0	3
ENSG00000223496	EXOSC6	1551	2617	1656	1550	2290	1842	2545
ENSG00000223501	VPS52	1150	1963	1124	1196	1797	1753	2067
ENSG00000223510	CDRT15	9	18	10	10	12	14	13
ENSG00000223547	ZNF844	463	721	407	380	535	449	572
ENSG00000223569	USP17L15	1	0	0	0	0	0	0
ENSG00000223572	CKMT1A	3	6	3	3	4	9	3
ENSG00000223573	TINCR	178	340	152	172	203	183	185
ENSG00000223601	EBLN1	0	0	1	0	0	1	2
ENSG00000223611	SUPT20HL2	53	77	43	54	80	59	75
ENSG00000223638	RFPL4A	0	0	0	1	0	0	0
ENSG00000223658	C1GALT1C1L	21	46	24	26	32	39	34
ENSG00000223802	CERS1	543	1001	568	539	496	353	557
ENSG00000223865	HLA-DPB1	2009	3510	2207	2023	2146	2045	2501
ENSG00000223953	C1QTNF5	1	0	1	2	0	0	0
ENSG00000224051	CPTP	469	876	525	544	836	818	1023
ENSG00000224383	PRR29	0	0	0	3	0	4	6
ENSG00000224389	C4B	0	0	8	0	0	0	0
ENSG00000224420	ADM5	67	98	78	66	71	65	75
ENSG00000224470	ATXN1L	1422	2096	1234	1415	1628	1591	1973
ENSG00000224531	SMIM13	542	964	576	523	819	752	983
ENSG00000224578	HNRNPA1L3	145	155	131	89	139	113	123
ENSG00000224659	GAGE12J	13	16	10	5	14	21	13
ENSG00000224712	NPIPA3	138	186	146	156	144	134	186
ENSG00000224877	NDUFAF8	632	943	664	612	916	840	1189
ENSG00000224940	PRRT4	2	4	2	4	6	8	14
ENSG00000224982	TMEM233	0	0	1	0	0	1	0
ENSG00000225180	PVALEF	1	0	0	1	0	0	0
ENSG00000225190	PLEKHM1	749	1334	630	725	920	803	1056
ENSG00000225366	TDGF1P3	0	1	1	1	2	0	1
ENSG00000225526	MKRN2OS	11	12	0	7	10	5	9
ENSG00000225528	NA	7	3	5	2	4	5	1
ENSG00000225556	C2CD4D	25	55	34	34	71	58	59
ENSG00000225614	ZNF469	1741	2736	1533	1717	2226	1933	2407
ENSG00000225663	MCRIP1	1060	1855	1263	1230	2041	2015	2458
ENSG00000225697	SLC26A6	1401	2008	1196	1291	1718	1349	1962
ENSG00000225828	FAM229A	38	64	27	25	16	23	13
ENSG00000225830	ERCC6	401	606	327	331	374	371	570
ENSG00000225921	NOL7	1114	1859	1213	1122	2033	1935	2505
ENSG00000225950	NTF4	2	4	5	4	5	2	3
ENSG00000225968	ELFN1	51	112	47	76	96	110	111
ENSG00000225973	PIGBOS1	320	564	354	323	384	412	500
ENSG00000226124	FTCDNL1	48	91	66	56	106	97	117
ENSG00000226174	TEX22	23	23	22	17	11	19	14
ENSG00000226288	OR52I2	0	1	0	0	0	0	0
ENSG00000226314	ZKSCAN8P1	10	20	7	12	20	9	13
ENSG00000226321	CROCC2	3	5	4	3	0	0	4
ENSG00000226372	DCAF8L1	1	3	2	2	2	2	1
ENSG00000226430	USP17L7	0	0	1	0	2	0	0
ENSG00000226479	TMEM185B	730	1221	640	707	898	862	1023
ENSG00000226650	KIF4B	2	14	7	9	11	7	19
ENSG00000226685	CT47A12	2	2	3	2	1	1	0
ENSG00000226690	NA	4	8	4	6	6	3	10
ENSG00000226742	HSBP1L1	0	0	0	0	0	0	1
ENSG00000226761	TAS2R46	0	2	0	0	2	1	1
ENSG00000226763	SRRM5	17	37	22	26	29	35	29
ENSG00000226784	PGAM4	2	1	1	0	4	3	2
ENSG00000226792	C13orf42	0	2	0	0	0	0	0
ENSG00000226887	ERVMER34-1	26	53	31	26	45	40	56
ENSG00000226979	LTA	0	0	0	0	1	0	0
ENSG00000227051	C14orf132	506	795	446	480	579	515	567
ENSG00000227057	WDR46	1906	3296	1971	1970	2755	2617	3392
ENSG00000227124	ZNF717	353	575	326	310	408	387	461
ENSG00000227268	KLLN	60	113	67	59	91	91	107
ENSG00000227345	PARG	789	1344	812	733	1122	1212	1399
ENSG00000227500	SCAMP4	1151	2019	1202	1285	2043	1935	2467
ENSG00000227507	LTB	0	0	0	0	1	0	0
ENSG00000227868	TEX46	3	3	5	3	0	2	4
ENSG00000228049	POLR2J2	197	229	157	128	165	121	176
ENSG00000228075	BOD1L2	0	0	0	0	0	1	0
ENSG00000228198	OR2M3	20	42	22	21	35	20	28
ENSG00000228253	MT-ATP8	48650	75872	43333	43007	60419	54412	58775
ENSG00000228278	ORM2	0	0	0	1	0	0	0
ENSG00000228300	FAM174C	597	1018	685	627	691	762	917
ENSG00000228474	OST4	1616	2897	1870	1659	2773	2778	3612
ENSG00000228486	C2orf92	1	3	0	0	0	1	5
ENSG00000228517	CT47A7	0	0	0	0	0	3	0
ENSG00000228570	NUTM2E	37	72	29	49	52	59	65
ENSG00000228594	FNDC10	267	469	274	289	360	434	388
ENSG00000228672	PROB1	68	111	80	75	48	48	71
ENSG00000228696	ARL17B	19	35	13	24	28	25	31
ENSG00000228716	DHFR	3022	4859	3360	3260	5828	5526	7373
ENSG00000228727	SAPCD1	15	63	28	42	29	0	28
ENSG00000228836	CT45A5	1147	2056	1126	1118	2026	1954	2550
ENSG00000229117	RPL41	32440	57345	35779	32153	39984	40967	50179
ENSG00000229474	PATL2	48	67	41	34	71	59	65
ENSG00000229544	NKX1-2	20	18	9	13	7	10	23
ENSG00000229637	PRAC2	8	5	5	4	8	4	5
ENSG00000229674	H2AL3	5	3	3	1	1	1	7
ENSG00000229676	ZNF492	98	154	78	102	155	171	203
ENSG00000229809	ZNF688	164	311	180	197	242	252	276
ENSG00000229833	PET100	438	743	496	434	548	542	806
ENSG00000229859	PGA3	0	1	1	0	0	0	0
ENSG00000229894	GK3P	0	2	2	0	1	0	2
ENSG00000229937	PRPS1L1	0	2	0	0	1	1	0
ENSG00000230124	ACBD6	1196	1889	1184	1132	1586	1421	1865
ENSG00000230358	SPDYE21	18	22	15	18	20	9	21
ENSG00000230453	ANKRD18B	245	381	251	200	310	233	371
ENSG00000230549	USP17L1	0	0	0	0	0	1	0
ENSG00000230561	CCDC192	1	0	1	0	0	0	0
ENSG00000230601	TEX48	0	0	1	1	0	0	0
ENSG00000230667	SETSIP	0	1	0	0	0	0	0
ENSG00000230707	NA	0	0	0	0	0	0	1
ENSG00000230778	ANKRD63	60	85	51	48	57	55	62
ENSG00000230797	YY2	67	81	56	43	63	65	76
ENSG00000230873	STMND1	2	2	0	0	0	1	3
ENSG00000230989	HSBP1	2357	3914	2661	2441	3429	3731	4439
ENSG00000231192	OR5H1	1	3	2	0	1	0	1
ENSG00000231256	CFAP97D1	22	36	23	29	42	21	45
ENSG00000231274	SBK3	2	1	0	0	3	1	1
ENSG00000231389	HLA-DPA1	7492	13136	8132	7724	8089	8095	9989
ENSG00000231500	RPS18	21889	40724	23875	23713	31030	30840	37424
ENSG00000231738	TSPAN19	10	7	7	11	5	7	13
ENSG00000231852	CYP21A2	2	0	0	0	1	0	0
ENSG00000231861	OR5K2	0	1	0	0	0	0	0
ENSG00000231887	PRH1	1	5	2	4	1	3	2
ENSG00000231924	PSG1	1	1	5	0	0	0	1
ENSG00000231925	TAPBP	1948	3272	2038	2015	2483	2392	2830
ENSG00000231989	PPP1R2B	2	0	0	3	0	0	0
ENSG00000232030	MAGEB6B	1	0	0	0	0	0	0
ENSG00000232040	ZBED9	139	201	101	101	168	165	173
ENSG00000232070	TMEM253	0	12	3	0	10	0	8
ENSG00000232112	TMA7	2348	4005	2530	2402	2734	2916	3913
ENSG00000232113	TEX50	0	0	0	0	0	1	1
ENSG00000232119	MCTS1	1514	2488	1505	1481	2087	1902	2510
ENSG00000232237	ASCL5	19	23	15	17	14	12	23
ENSG00000232268	OR52I1	2	0	0	0	0	0	0
ENSG00000232388	SMIM26	659	1048	677	646	719	774	918
ENSG00000232434	AJM1	232	403	221	238	303	243	294
ENSG00000232593	KANTR	9	14	6	5	9	12	26
ENSG00000232629	HLA-DQB2	282	512	293	298	338	316	326
ENSG00000232653	GOLGA8N	32	49	19	36	25	18	20
ENSG00000232810	TNF	0	1	0	0	0	0	1
ENSG00000232838	PET117	298	453	320	318	373	372	431
ENSG00000232859	LYRM9	157	232	112	126	135	116	112
ENSG00000233024	NPIPA9	88	87	36	245	52	78	145
ENSG00000233041	PHGR1	0	1	0	0	0	0	0
ENSG00000233056	ERVH48-1	7	5	4	3	2	7	4
ENSG00000233087	RAB6D	1	2	4	0	6	4	5
ENSG00000233115	FAM90A11P	1	0	0	0	0	0	0
ENSG00000233136	USP17L11	0	1	0	0	0	0	3
ENSG00000233198	RNF224	31	35	15	20	39	26	27
ENSG00000233232	NPIPB7	484	765	520	511	479	373	494
ENSG00000233276	GPX1	4071	7193	4883	4666	6733	6688	8713
ENSG00000233295	FAM90A20P	0	1	0	0	1	0	0
ENSG00000233381	AK4P3	20	38	16	10	13	16	27
ENSG00000233436	BTBD18	3	12	0	1	4	8	2
ENSG00000233493	TMEM238	11	35	23	29	26	39	30
ENSG00000233608	TWIST2	107	193	125	123	133	120	169
ENSG00000233701	PRR23C	3	3	0	0	0	3	0
ENSG00000233757	NA	233	351	202	239	261	259	370
ENSG00000233822	H2BC15	41	63	34	26	42	34	52
ENSG00000233927	RPS28	8928	15073	9085	8537	10903	11613	13332
ENSG00000233932	CTXN2	0	1	1	0	0	1	0
ENSG00000233954	UQCRHL	6	9	7	2	7	3	2
ENSG00000234068	PAGE2	69	105	47	74	65	74	108
ENSG00000234127	TRIM26	673	1097	712	724	1211	958	1570
ENSG00000234224	TMEM229A	8	8	10	3	9	19	15
ENSG00000234284	ZNF879	66	81	53	59	53	64	92
ENSG00000234409	CCDC188	49	66	33	55	62	42	46
ENSG00000234444	ZNF736	448	708	430	435	476	472	554
ENSG00000234465	PINLYP	13	18	15	17	16	15	16
ENSG00000234469	CLDN34	2	3	1	4	2	1	5
ENSG00000234511	C5orf58	14	15	15	18	5	16	18
ENSG00000234545	FAM133B	611	971	687	553	1007	870	1182
ENSG00000234602	MCIDAS	157	246	152	151	226	238	268
ENSG00000234616	JRK	1246	1928	1127	1232	1636	1492	1912
ENSG00000234719	NPIPB2	672	945	548	597	596	533	750
ENSG00000234745	HLA-B	10496	18301	10394	9575	11835	11255	12603
ENSG00000234776	C11orf94	0	0	1	0	0	2	1
ENSG00000234828	IQCM	3	8	2	0	2	0	5
ENSG00000234829	IFNA17	0	2	0	0	0	0	0
ENSG00000234906	APOC2	4	14	8	3	5	3	9
ENSG00000234965	SHISA8	1	3	0	0	3	1	2
ENSG00000235007	NA	20	25	3	5	17	0	14
ENSG00000235034	C19orf81	18	20	40	17	21	20	24
ENSG00000235098	ANKRD65	3	9	7	4	2	3	4
ENSG00000235106	BRD3OS	1014	1770	954	1021	1229	1278	1419
ENSG00000235109	ZSCAN31	29	33	20	22	33	27	37
ENSG00000235118	FAM237A	0	0	0	1	0	0	0
ENSG00000235162	C12orf75	626	975	670	571	890	870	1113
ENSG00000235169	SMIM1	2	3	2	1	0	1	4
ENSG00000235173	HGH1	625	1081	683	685	981	854	1116
ENSG00000235194	PPP1R3E	237	438	227	223	320	253	304
ENSG00000235272	RAMACL	3	7	2	2	7	9	8
ENSG00000235387	SPAAR	13	14	9	8	9	9	10
ENSG00000235453	SMIM27	150	221	133	145	122	138	166
ENSG00000235568	NFAM1	1	2	0	2	0	1	1
ENSG00000235711	ANKRD34C	0	3	0	0	0	0	0
ENSG00000235750	KIAA0040	1036	1742	905	939	1182	1222	1525
ENSG00000235863	B3GALT4	39	64	40	50	51	67	52
ENSG00000235961	PNMA6A	0	7	7	4	7	6	3
ENSG00000236032	OR5H14	4	16	8	10	18	5	10
ENSG00000236104	ZBTB22	407	673	454	410	533	345	556
ENSG00000236287	ZBED5	998	1641	914	888	1137	1051	1408
ENSG00000236320	SLFN14	45	75	32	41	33	52	48
ENSG00000236334	PPIAL4G	0	1	2	0	0	2	0
ENSG00000236362	GAGE12F	29	50	36	30	58	33	49
ENSG00000236383	CCDC200	15	34	18	16	27	21	32
ENSG00000236398	TAS2R39	0	1	1	0	0	0	0
ENSG00000236444	UBE2L5	0	2	0	0	2	1	2
ENSG00000236609	ZNF853	231	421	222	243	263	247	265
ENSG00000236699	ARHGEF38	0	0	0	0	2	0	0
ENSG00000236782	ZNF593OS	19	21	4	12	16	22	35
ENSG00000237136	C4orf51	1	0	1	0	1	0	0
ENSG00000237172	B3GNT9	33	35	17	25	27	18	22
ENSG00000237190	CDKN2AIPNL	1123	2052	1303	1323	1971	1784	2452
ENSG00000237289	CKMT1B	0	0	0	0	0	3	3
ENSG00000237330	RNF223	1	0	0	0	0	0	2
ENSG00000237353	PATE4	1	1	1	0	0	0	3
ENSG00000237378	NA	7	9	3	4	2	6	4
ENSG00000237388	OR4A47	0	0	0	0	0	0	2
ENSG00000237440	ZNF737	278	496	270	276	315	326	385
ENSG00000237441	RGL2	1115	1773	1022	993	1222	1077	1417
ENSG00000237452	MEIOSIN	18	21	10	9	11	11	16
ENSG00000237489	C10orf143	34	33	18	23	45	34	41
ENSG00000237515	SHISA9	174	255	173	155	205	206	195
ENSG00000237541	HLA-DQA2	761	1292	794	730	701	763	864
ENSG00000237649	KIFC1	1348	2408	1571	1534	2960	2789	3820
ENSG00000237651	C2orf74	234	410	246	189	292	277	307
ENSG00000237765	FAM200B	531	845	517	402	560	501	624
ENSG00000238083	LRRC37A2	20	49	9	38	29	24	52
ENSG00000238210	ETDA	1	0	0	1	1	0	0
ENSG00000238227	TMEM250	1614	2839	1733	1755	2611	2242	3326
ENSG00000238243	OR2W3	27	43	32	30	29	38	56
ENSG00000238269	PAGE2B	1	0	1	0	2	0	0
ENSG00000239264	TXNDC5	6009	10093	6296	6178	7328	7183	9023
ENSG00000239282	CASTOR1	52	50	38	33	53	51	45
ENSG00000239305	RNF103	665	1148	637	606	884	743	907
ENSG00000239306	RBM14	1886	3162	2009	2067	2660	2584	3555
ENSG00000239382	ALKBH6	357	673	405	353	530	476	627
ENSG00000239388	ASB14	22	29	16	22	21	30	30
ENSG00000239389	PCDHA13	63	123	67	77	119	109	186
ENSG00000239474	KLHL41	3	0	1	0	2	2	1
ENSG00000239605	STPG4	2	0	0	0	2	1	0
ENSG00000239672	NME1	3458	6146	4288	4082	5497	5341	7010
ENSG00000239697	TNFSF12	156	271	145	174	226	175	208
ENSG00000239704	CDRT4	95	103	73	66	71	129	55
ENSG00000239713	APOBEC3G	264	508	267	277	252	277	297
ENSG00000239732	TLR9	0	20	8	0	7	10	5
ENSG00000239779	WBP1	1302	2275	1475	1495	1967	1304	2133
ENSG00000239789	MRPS17	371	642	374	374	722	775	975
ENSG00000239857	GET4	819	1388	889	898	1251	1182	1543
ENSG00000239887	C1orf226	473	776	485	484	527	534	523
ENSG00000239900	ADSL	2255	4097	2321	2339	2559	2495	3028
ENSG00000239998	LILRA2	2	10	3	4	6	5	7
ENSG00000240021	TEX35	1	0	0	0	0	1	0
ENSG00000240038	AMY2B	1	3	2	5	6	3	4
ENSG00000240053	LY6G5B	237	336	164	217	212	222	280
ENSG00000240065	PSMB9	477	885	551	615	768	676	844
ENSG00000240184	PCDHGC3	7577	13101	7991	8277	10962	10912	13753
ENSG00000240204	SMKR1	24	35	22	25	27	28	39
ENSG00000240230	COX19	338	583	310	301	478	519	589
ENSG00000240303	ACAD11	670	980	611	603	671	736	754
ENSG00000240344	PPIL3	176	348	171	137	235	219	265
ENSG00000240386	LCE1F	1	1	1	1	0	0	0
ENSG00000240403	KIR3DL2	0	0	1	0	0	0	0
ENSG00000240445	FOXO3B	438	713	369	431	498	449	574
ENSG00000240563	L1TD1	50	56	25	35	42	30	48
ENSG00000240583	AQP1	68	120	62	58	72	53	93
ENSG00000240654	C1QTNF9	3	2	0	0	1	6	0
ENSG00000240682	ISY1	1548	2462	1646	1577	2378	2239	2808
ENSG00000240694	PNMA2	61	97	52	49	65	50	74
ENSG00000240720	LRRD1	8	17	11	12	5	16	14
ENSG00000240764	PCDHGC5	35	99	27	62	38	24	49
ENSG00000240771	ARHGEF25	936	1668	972	891	1003	965	1186
ENSG00000240849	PEDS1	533	867	708	540	949	765	1105
ENSG00000240857	RDH14	411	760	476	465	742	705	843
ENSG00000240891	PLCXD2	30	50	28	26	39	30	52
ENSG00000240972	MIF	6153	11033	7122	6688	8084	8311	9719
ENSG00000241058	NSUN6	355	508	288	337	526	416	567
ENSG00000241106	HLA-DOB	36	49	31	31	22	31	47
ENSG00000241127	YAE1	258	487	283	257	472	499	737
ENSG00000241149	ZNF722	6	10	1	4	3	2	4
ENSG00000241186	TDGF1	0	0	1	1	0	0	0
ENSG00000241233	KRTAP5-8	0	0	0	0	0	0	1
ENSG00000241241	KRTAP4-16	0	0	0	0	1	0	0
ENSG00000241258	CRCP	866	1492	913	837	1430	1279	1797
ENSG00000241322	FBXW10B	36	47	21	32	60	49	40
ENSG00000241343	RPL36A	12521	21213	11842	11655	15003	16176	18353
ENSG00000241360	PDXP	362	639	420	382	656	585	821
ENSG00000241370	RPP21	248	382	242	243	326	335	423
ENSG00000241399	CD302	471	631	360	351	421	424	468
ENSG00000241404	EGFL8	37	71	56	32	60	36	57
ENSG00000241468	ATP5MF	2150	3434	2581	2252	3456	3442	4522
ENSG00000241476	SSX2	1201	1924	1313	1187	1713	1713	2245
ENSG00000241484	ARHGAP8	2	8	0	0	3	0	0
ENSG00000241489	NA	270	408	207	287	227	288	309
ENSG00000241553	ARPC4	2802	4967	3210	3270	4447	4248	5615
ENSG00000241563	CORT	9	10	11	9	0	5	4
ENSG00000241635	UGT1A1	0	0	0	0	0	0	1
ENSG00000241644	INMT	29	51	37	34	38	33	48
ENSG00000241685	ARPC1A	3545	6070	3987	3811	5292	5192	6339
ENSG00000241690	NA	5	0	0	0	3	0	0
ENSG00000241697	TMEFF1	34	50	25	31	40	41	69
ENSG00000241794	SPRR2A	0	0	0	0	0	1	0
ENSG00000241837	ATP5PO	1981	3397	2128	1995	2972	3001	3566
ENSG00000241839	PLEKHO2	916	1587	893	880	1107	1092	1357
ENSG00000241852	C8orf58	292	496	303	300	403	371	475
ENSG00000241878	PISD	422	757	446	440	626	631	740
ENSG00000241935	HOGA1	29	42	27	24	39	23	33
ENSG00000241945	PWP2	976	1666	1040	1044	1490	1364	1790
ENSG00000241973	PI4KA	2312	3641	1937	2201	2760	2839	3389
ENSG00000242028	HYPK	1559	2557	1692	1371	2366	1928	2960
ENSG00000242110	AMACR	2464	4038	2328	2149	1875	1885	2210
ENSG00000242114	MTFP1	386	703	428	425	624	603	744
ENSG00000242120	MDFIC2	0	5	3	0	1	4	1
ENSG00000242173	ARHGDIG	38	55	34	24	23	38	60
ENSG00000242220	TCP10L	0	16	9	4	10	8	0
ENSG00000242247	ARFGAP3	2131	3667	2069	2101	2381	2249	2438
ENSG00000242252	BGLAP	0	0	0	0	0	0	1
ENSG00000242259	C22orf39	382	615	364	376	496	519	564
ENSG00000242265	PEG10	69	103	66	68	63	72	111
ENSG00000242372	EIF6	3881	6780	4658	4069	7916	7675	10371
ENSG00000242419	PCDHGC4	26	32	19	31	20	15	37
ENSG00000242485	MRPL20	1697	2660	1823	1612	2161	2203	2664
ENSG00000242498	ARPIN	1454	2277	1393	1456	1835	1564	2086
ENSG00000242515	UGT1A10	0	0	0	1	0	1	1
ENSG00000242550	SERPINB10	0	0	0	1	0	0	0
ENSG00000242574	HLA-DMB	918	1428	859	892	1058	985	1206
ENSG00000242612	DECR2	260	467	265	286	390	302	396
ENSG00000242616	GNG10	1027	1810	1081	1000	1518	1484	1871
ENSG00000242689	CNTF	80	118	65	75	87	75	87
ENSG00000242715	CCDC169	1	3	1	1	0	0	3
ENSG00000242732	RTL5	59	74	55	44	19	58	34
ENSG00000242802	AP5Z1	451	766	454	410	514	373	510
ENSG00000242852	ZNF709	118	176	89	125	121	97	152
ENSG00000242866	STRC	0	17	0	6	3	10	8
ENSG00000242950	ERVW-1	78	85	40	69	56	48	65
ENSG00000243056	EIF4EBP3	124	203	146	79	146	166	131
ENSG00000243073	PRAMEF4	0	0	0	0	1	1	2
ENSG00000243137	PSG4	5	8	3	0	4	0	5
ENSG00000243147	MRPL33	766	1277	864	812	1128	1078	1346
ENSG00000243156	MICAL3	2287	3739	2079	2308	2947	2643	3439
ENSG00000243207	PPAN-P2RY11	391	620	329	388	489	435	510
ENSG00000243232	PCDHAC2	85	149	90	87	140	119	117
ENSG00000243244	STON1	762	1267	673	659	591	636	507
ENSG00000243279	PRAF2	2048	3595	2231	2012	2740	2745	2977
ENSG00000243284	VSIG8	0	1	5	2	1	0	0
ENSG00000243317	STMP1	1223	2031	1281	1121	1768	1732	2197
ENSG00000243335	KCTD7	588	942	561	597	795	751	837
ENSG00000243364	EFNA4	182	301	189	174	204	215	209
ENSG00000243414	TICAM2	117	224	137	135	151	147	231
ENSG00000243449	C4orf48	430	816	522	509	650	627	785
ENSG00000243477	NAA80	545	881	551	580	728	721	875
ENSG00000243566	UPK3B	2	3	1	0	0	0	0
ENSG00000243627	SMIM34	0	2	0	0	0	0	0
ENSG00000243646	IL10RB	623	1039	659	569	677	716	736
ENSG00000243649	CFB	0	0	0	0	1	0	0
ENSG00000243660	ZNF487	20	25	19	19	16	19	26
ENSG00000243667	DNAAF10	374	618	356	348	456	456	529
ENSG00000243678	NME2	8702	15620	10078	9837	12348	12266	15441
ENSG00000243708	PLA2G4B	109	199	73	116	117	156	149
ENSG00000243709	LEFTY1	1	1	2	2	0	0	3
ENSG00000243710	CFAP57	3	8	5	6	10	11	3
ENSG00000243716	NPIPB5	2057	2994	1760	1882	1971	1834	2172
ENSG00000243725	TTC4	500	815	567	470	620	609	911
ENSG00000243749	TMEM35B	276	467	262	261	406	416	490
ENSG00000243789	JMJD7	193	302	179	175	194	250	285
ENSG00000243811	APOBEC3D	415	663	406	407	338	341	373
ENSG00000243896	OR2A7	1	3	1	1	0	0	3
ENSG00000243927	MRPS6	2906	4677	2739	2620	3236	3217	3741
ENSG00000243943	ZNF512	469	781	443	469	516	473	596
ENSG00000243978	RTL9	35	40	26	26	33	29	70
ENSG00000243989	ACY1	2200	3916	2276	2268	3274	3195	3551
ENSG00000244005	NFS1	1182	2140	1302	1239	1554	1564	1957
ENSG00000244038	DDOST	12840	22067	13609	13479	16535	16339	19550
ENSG00000244045	TMEM199	594	1063	746	698	1053	940	1330
ENSG00000244115	DNAJC25-GNG10	128	292	125	118	147	140	178
ENSG00000244122	UGT1A7	0	0	1	0	0	0	0
ENSG00000244165	P2RY11	350	482	236	199	229	230	247
ENSG00000244187	TMEM141	519	925	635	620	870	831	1032
ENSG00000244219	TMEM225B	3	0	5	0	4	2	0
ENSG00000244234	GMCL2	0	0	0	1	0	0	0
ENSG00000244242	IFITM10	19	35	28	12	17	11	18
ENSG00000244274	DBNDD2	38	97	57	38	109	89	155
ENSG00000244405	ETV5	3018	5233	3098	3113	4357	4269	5263
ENSG00000244414	CFHR1	2	0	2	0	2	1	2
ENSG00000244462	RBM12	2722	4523	2837	2787	3862	3923	5409
ENSG00000244476	ERVFRD-1	0	2	1	0	0	2	1
ENSG00000244482	LILRA6	6	3	0	3	0	4	2
ENSG00000244486	SCARF2	528	914	526	523	585	578	620
ENSG00000244509	APOBEC3C	1268	2261	1498	1368	1894	1813	2261
ENSG00000244588	RAD21L1	0	0	0	0	0	0	1
ENSG00000244617	ASPRV1	10	13	0	0	8	0	0
ENSG00000244623	OR2AE1	0	0	0	0	0	0	1
ENSG00000244687	UBE2V1	5283	9235	5599	5502	6891	7006	8275
ENSG00000244694	PTCHD4	264	384	246	267	279	263	311
ENSG00000244731	C4A	24	60	17	28	21	26	42
ENSG00000244754	N4BP2L2	1146	1652	1004	978	1119	1097	1306
ENSG00000245680	ZNF585B	88	153	74	63	81	57	103
ENSG00000245848	CEBPA	48	118	75	71	100	90	104
ENSG00000246705	H2AJ	159	284	190	157	169	164	194
ENSG00000246922	UBAP1L	5	6	7	9	14	9	4
ENSG00000247077	PGAM5	2109	3650	2428	2272	3163	3015	3954
ENSG00000247315	ZCCHC3	1050	1675	1042	957	1476	1087	1759
ENSG00000247595	SPTY2D1OS	9	10	6	8	14	4	13
ENSG00000247596	TWF2	3327	5871	3866	3739	5444	5239	6817
ENSG00000247626	MARS2	400	606	411	403	621	662	885
ENSG00000247746	USP51	0	1	0	0	0	0	0
ENSG00000248098	BCKDHA	2106	3897	2160	2161	2910	2982	3287
ENSG00000248109	MARCOL	0	0	0	0	0	0	1
ENSG00000248144	ADH1C	0	0	0	1	0	0	1
ENSG00000248167	TRIM39-RPP21	2	0	4	0	0	2	0
ENSG00000248235	NA	2	9	1	6	6	4	9
ENSG00000248333	CDK11B	2325	3948	2523	2391	2778	2197	2990
ENSG00000248383	PCDHAC1	34	60	40	28	55	55	84
ENSG00000248405	PRR5-ARHGAP8	6	5	0	2	0	2	5
ENSG00000248483	POU5F2	8	13	5	6	8	9	8
ENSG00000248485	PCP4L1	5	5	0	2	7	4	4
ENSG00000248487	ABHD14A	223	387	254	264	384	359	452
ENSG00000248592	STIMATE-MUSTN1	174	317	196	171	284	249	378
ENSG00000248643	RBM14-RBM4	57	31	52	43	33	47	72
ENSG00000248672	LY75-CD302	0	0	0	0	0	1	0
ENSG00000248712	CCDC153	5	9	3	0	9	0	5
ENSG00000248713	C4orf54	0	5	0	0	6	2	1
ENSG00000248746	ACTN3	12	14	3	5	7	12	8
ENSG00000248751	NA	0	0	0	5	2	0	0
ENSG00000248767	FOXL3	0	1	0	1	1	1	0
ENSG00000248771	SMIM31	5	9	4	7	7	9	13
ENSG00000248871	TNFSF12-TNFSF13	3	0	7	0	0	9	2
ENSG00000248905	FMN1	1580	2653	1383	1474	1801	1751	2086
ENSG00000248919	ATP5MF-PTCD1	213	473	315	286	408	403	574
ENSG00000248993	NA	40	41	38	27	27	44	30
ENSG00000249115	HAUS5	673	992	658	599	993	876	1210
ENSG00000249141	NA	0	0	2	0	0	0	0
ENSG00000249158	PCDHA11	73	112	61	75	111	111	165
ENSG00000249209	NA	19	26	17	20	17	34	30
ENSG00000249222	ATP5MGL	0	1	0	0	0	1	0
ENSG00000249240	NA	8	0	19	27	5	9	0
ENSG00000249242	TMEM150C	47	63	39	29	46	33	31
ENSG00000249319	NA	3	2	1	6	2	1	9
ENSG00000249437	NAIP	60	86	41	37	47	39	65
ENSG00000249471	ZNF324B	361	558	326	333	462	409	559
ENSG00000249481	SPATS1	0	0	0	0	1	0	3
ENSG00000249590	NA	4	0	0	0	0	0	0
ENSG00000249624	NA	3	0	0	0	0	0	0
ENSG00000249693	THEGL	9	16	9	12	15	12	19
ENSG00000249709	ZNF564	252	476	259	233	333	311	371
ENSG00000249751	ECSCR	3	7	6	0	0	2	0
ENSG00000249773	NA	10	12	14	9	11	19	10
ENSG00000249853	HS3ST5	2	2	2	1	0	1	2
ENSG00000249884	RNF103-CHMP3	15	6	5	2	8	13	9
ENSG00000249915	PDCD6	2495	4293	2551	2411	3466	3349	4128
ENSG00000249931	GOLGA8K	8	10	10	4	11	4	0
ENSG00000249961	TERB1	14	23	8	13	11	16	15
ENSG00000249992	TMEM158	1593	2972	1754	1778	1759	1746	2006
ENSG00000250021	ARPIN-AP3S2	640	914	572	588	800	729	943
ENSG00000250067	YJEFN3	20	28	22	18	25	16	26
ENSG00000250120	PCDHA10	409	572	377	326	459	414	468
ENSG00000250151	ARPC4-TTLL3	2	16	10	13	9	12	11
ENSG00000250254	PTTG2	2	0	1	0	0	0	0
ENSG00000250264	NA	319	718	431	434	594	458	727
ENSG00000250305	TRMT9B	8	21	9	5	13	1	16
ENSG00000250312	ZNF718	142	214	116	127	181	134	209
ENSG00000250317	SMIM20	917	1623	1001	906	1130	1112	1297
ENSG00000250349	NA	5	12	3	0	4	2	8
ENSG00000250366	TUNAR	0	3	0	2	2	0	3
ENSG00000250374	TRIM75	0	1	0	0	1	0	0
ENSG00000250423	KIAA1210	1	2	0	0	1	0	2
ENSG00000250424	NA	8	1	4	0	3	4	9
ENSG00000250479	CHCHD10	557	930	589	504	713	732	869
ENSG00000250506	CDK3	99	165	88	114	82	83	104
ENSG00000250510	GPR162	22	21	26	10	15	25	22
ENSG00000250565	ATP6V1E2	191	288	195	170	213	200	234
ENSG00000250571	GLI4	430	703	411	399	607	529	640
ENSG00000250644	NA	480	867	455	476	462	493	618
ENSG00000250673	REELD1	1	3	1	1	0	0	0
ENSG00000250709	CCDC169-SOHLH2	0	0	0	0	2	0	0
ENSG00000250722	SELENOP	15	22	3	6	8	11	19
ENSG00000250803	NA	0	0	0	1	0	0	0
ENSG00000251154	PTTG1IP2	0	0	2	0	1	0	0
ENSG00000251192	ZNF674	71	121	73	70	111	97	82
ENSG00000251201	TMED7-TICAM2	269	432	215	257	326	353	396
ENSG00000251246	NA	2	3	0	5	0	0	0
ENSG00000251247	ZNF345	33	27	22	28	48	38	45
ENSG00000251258	RFPL4B	1	0	1	0	0	1	0
ENSG00000251287	ALG1L2	7	25	6	11	20	15	12
ENSG00000251322	SHANK3	349	518	298	320	514	458	562
ENSG00000251349	MSANTD3-TMEFF1	137	266	129	121	173	178	194
ENSG00000251357	NA	3	1	0	1	1	0	0
ENSG00000251369	ZNF550	215	344	167	182	231	238	280
ENSG00000251493	FOXD1	624	1221	798	822	951	969	1220
ENSG00000251503	CENPS-CORT	18	29	14	28	37	36	33
ENSG00000251537	NA	12	19	13	9	16	22	8
ENSG00000251569	NA	0	0	3	6	0	15	5
ENSG00000251655	PRB1	4	8	0	0	9	6	17
ENSG00000251664	PCDHA12	55	41	23	38	12	57	78
ENSG00000251692	PTX4	0	1	0	1	1	4	0
ENSG00000253148	RGS21	0	0	0	0	2	0	0
ENSG00000253159	PCDHGA12	153	193	164	164	175	254	227
ENSG00000253250	C8orf88	187	326	200	191	230	259	296
ENSG00000253251	SHLD3	82	96	60	64	72	84	113
ENSG00000253276	CCDC71L	1090	1781	1072	1034	1184	1119	1458
ENSG00000253293	HOXA10	398	661	375	388	602	601	681
ENSG00000253304	TMEM200B	107	197	135	144	222	193	286
ENSG00000253305	PCDHGB6	83	110	56	66	70	59	82
ENSG00000253309	SERPINE3	2	2	2	2	1	1	6
ENSG00000253313	C1orf210	8	9	8	7	10	9	6
ENSG00000253352	TUG1	1793	2169	1324	1341	1843	1615	2309
ENSG00000253368	TRNP1	917	1577	1130	1028	1409	1015	1509
ENSG00000253485	PCDHGA5	51	100	40	57	60	44	53
ENSG00000253537	PCDHGA7	238	481	266	282	383	361	416
ENSG00000253598	SLC10A5	2	2	1	1	1	3	1
ENSG00000253626	EIF5AL1	35	25	31	20	33	50	36
ENSG00000253710	ALG11	1197	1517	930	887	1263	1265	1532
ENSG00000253719	ATXN7L3B	3721	5992	3523	3646	4949	4668	5749
ENSG00000253729	PRKDC	19886	29540	15744	19804	25122	24842	30728
ENSG00000253731	PCDHGA6	125	200	122	109	124	107	118
ENSG00000253767	PCDHGA8	14	20	13	5	18	16	16
ENSG00000253831	ETV3L	0	0	0	0	0	0	1
ENSG00000253846	PCDHGA10	46	131	52	81	102	107	149
ENSG00000253873	PCDHGA11	453	809	527	530	805	812	1032
ENSG00000253910	PCDHGB2	100	127	93	83	133	145	168
ENSG00000253953	PCDHGB4	87	126	57	82	99	107	93
ENSG00000253958	CLDN23	141	247	157	155	128	111	145
ENSG00000254004	ZNF260	492	844	505	462	668	593	887
ENSG00000254087	LYN	322	510	311	301	408	409	488
ENSG00000254093	PINX1	273	413	252	274	446	399	526
ENSG00000254122	PCDHGB7	18	44	26	21	28	31	30
ENSG00000254206	NPIPB11	226	317	196	186	232	215	260
ENSG00000254221	PCDHGB1	285	330	161	222	309	273	390
ENSG00000254229	FAM90A12P	0	1	1	0	0	0	1
ENSG00000254245	PCDHGA3	23	31	13	13	24	30	14
ENSG00000254402	LRRC24	3	5	13	6	12	4	8
ENSG00000254415	SIGLEC14	4	12	1	6	6	3	3
ENSG00000254440	PBOV1	0	0	0	0	0	1	0
ENSG00000254469	XNDC1N	117	187	111	95	144	144	164
ENSG00000254470	AP5B1	1907	3117	1815	1943	2379	2070	2528
ENSG00000254505	CHMP4A	531	941	617	530	767	815	1034
ENSG00000254535	PABPC4L	63	103	70	62	86	74	83
ENSG00000254550	OMP	8	7	4	3	13	5	6
ENSG00000254585	MAGEL2	0	0	1	0	0	1	0
ENSG00000254598	CSNK2A3	5	5	2	3	2	4	0
ENSG00000254636	ARMS2	2	6	1	2	6	6	8
ENSG00000254656	RTL1	10	25	24	12	12	16	21
ENSG00000254685	FPGT	699	1200	676	706	1157	1094	1384
ENSG00000254692	NA	0	17	0	0	34	30	7
ENSG00000254706	NA	33	48	23	31	38	38	61
ENSG00000254726	MEX3A	1341	2274	1395	1357	1536	1449	1781
ENSG00000254737	OR10G4	3	3	1	4	2	3	4
ENSG00000254772	EEF1G	46273	79672	49440	47144	57183	56176	65643
ENSG00000254788	CKLF-CMTM1	16	33	12	16	27	27	38
ENSG00000254852	NPIPA2	4	23	40	12	31	16	39
ENSG00000254858	MPV17L2	643	1103	799	691	1031	1049	1327
ENSG00000254901	BORCS8	698	1201	808	722	1184	1159	1450
ENSG00000254979	NA	2	0	0	3	2	1	0
ENSG00000254986	DPP3	1796	2951	1864	1864	2469	2355	2840
ENSG00000254996	ANKHD1-EIF4EBP3	815	1001	676	507	679	766	848
ENSG00000254999	BRK1	2726	4580	2887	2682	4033	3743	4704
ENSG00000255071	SAA2-SAA4	0	0	2	0	0	0	0
ENSG00000255112	CHMP1B	1847	3067	1931	1768	2654	2429	3160
ENSG00000255150	EID3	4	21	10	7	12	3	11
ENSG00000255154	HTD2	174	248	140	113	191	132	222
ENSG00000255181	CCDC166	0	1	1	2	1	0	0
ENSG00000255192	NANOGP8	4	13	1	5	14	4	4
ENSG00000255298	OR8G5	22	50	31	42	46	32	54
ENSG00000255302	EID1	6335	10617	6688	6170	9007	8721	10858
ENSG00000255346	NOX5	102	52	0	0	103	78	0
ENSG00000255359	CCDC179	0	0	0	1	0	0	0
ENSG00000255374	TAS2R43	1	1	0	0	0	2	2
ENSG00000255393	OOSP4B	0	0	0	0	0	0	1
ENSG00000255408	PCDHA3	357	638	364	310	426	379	499
ENSG00000255423	EBLN2	93	124	50	80	69	57	72
ENSG00000255432	NA	0	4	1	3	0	0	6
ENSG00000255439	NA	75	127	84	76	160	157	214
ENSG00000255501	CARD18	0	1	0	0	0	0	0
ENSG00000255524	NPIPB8	6	1	5	2	3	6	2
ENSG00000255526	NEDD8-MDP1	5	7	0	0	0	0	0
ENSG00000255529	POLR2M	1884	3016	1852	1767	2005	1889	2301
ENSG00000255561	FDXACB1	78	96	58	65	111	98	101
ENSG00000255587	RAB44	0	0	1	0	2	2	0
ENSG00000255639	NA	146	293	168	161	221	232	442
ENSG00000255641	NA	0	1	0	0	1	0	0
ENSG00000255690	TRIL	212	345	208	184	160	172	233
ENSG00000255730	NA	0	3	3	0	0	0	0
ENSG00000255804	OR6J1	12	20	5	6	6	10	12
ENSG00000255835	NA	1	0	0	0	3	0	0
ENSG00000255837	TAS2R20	64	108	59	56	59	65	85
ENSG00000255974	CYP2A6	1	0	0	0	0	0	0
ENSG00000256043	CTSO	86	110	71	68	55	58	47
ENSG00000256053	COA8	280	538	343	310	412	340	370
ENSG00000256060	TRAPPC2B	162	265	172	177	423	417	555
ENSG00000256061	DNAAF4	93	142	90	73	151	137	191
ENSG00000256087	ZNF432	248	451	234	266	391	378	443
ENSG00000256100	NA	2	8	7	6	9	6	10
ENSG00000256162	SMLR1	0	0	0	1	1	0	0
ENSG00000256188	TAS2R30	8	7	4	2	3	6	7
ENSG00000256223	ZNF10	112	136	85	81	135	136	169
ENSG00000256229	ZNF486	479	792	469	472	736	643	826
ENSG00000256235	SMIM3	85	132	58	76	119	103	111
ENSG00000256269	HMBS	1425	2464	1539	1519	1689	1607	1947
ENSG00000256294	ZNF225	195	328	176	163	255	252	321
ENSG00000256349	NA	9	15	0	0	0	18	20
ENSG00000256394	ASIC5	0	0	0	1	0	0	0
ENSG00000256436	TAS2R31	8	10	8	5	12	7	20
ENSG00000256453	DND1	24	37	21	15	25	19	32
ENSG00000256500	NA	0	49	32	0	0	0	0
ENSG00000256514	NA	5	18	15	0	6	6	10
ENSG00000256525	POLG2	325	663	406	400	516	469	676
ENSG00000256537	SMIM10L1	694	1243	784	734	1097	1101	1417
ENSG00000256591	NA	57	102	67	79	75	117	158
ENSG00000256646	NA	2	7	0	0	0	7	0
ENSG00000256671	LIMS4	6	5	12	12	27	21	33
ENSG00000256683	ZNF350	120	224	114	135	164	168	231
ENSG00000256713	PGA5	0	1	0	0	0	1	0
ENSG00000256771	ZNF253	322	508	294	310	317	410	449
ENSG00000256806	C17orf100	74	132	74	81	86	82	91
ENSG00000256812	CAPNS2	3	3	0	6	3	4	4
ENSG00000256977	LIMS3	1	1	0	0	0	0	0
ENSG00000257093	DENND11	1254	2035	1040	1185	1581	1561	1875
ENSG00000257103	LSM14A	3876	6277	3740	3876	5535	5202	6242
ENSG00000257108	NHLRC4	10	20	11	3	11	12	15
ENSG00000257115	OR11H12	0	0	0	1	0	0	0
ENSG00000257138	TAS2R38	4	3	2	2	1	2	1
ENSG00000257218	GATC	1245	2094	1258	1271	1864	1733	2322
ENSG00000257315	ZBED6	1460	2198	1270	1760	1676	1257	1444
ENSG00000257335	MGAM	44	74	64	57	47	64	73
ENSG00000257365	FNTB	560	1068	593	666	816	789	992
ENSG00000257390	NA	15	5	0	2	8	6	0
ENSG00000257411	NA	2	0	7	0	0	9	0
ENSG00000257446	ZNF878	27	25	26	27	32	22	27
ENSG00000257529	RPL36A-HNRNPH2	8	50	15	21	9	19	3
ENSG00000257591	ZNF625	81	127	76	67	121	136	164
ENSG00000257594	GALNT4	223	423	211	259	283	244	327
ENSG00000257704	INAFM1	222	411	274	267	259	191	309
ENSG00000257727	CNPY2	2003	3455	2357	2084	2675	2510	3195
ENSG00000257743	MGAM2	227	400	222	298	435	452	509
ENSG00000257767	NA	48	75	28	0	0	38	0
ENSG00000257923	CUX1	3208	5385	3055	3207	4105	3822	4500
ENSG00000257949	TEN1	193	298	170	163	158	177	246
ENSG00000258102	MAP1LC3B2	7	14	2	4	7	2	14
ENSG00000258289	CHURC1	665	1147	666	723	1199	1120	1368
ENSG00000258311	NA	170	221	142	148	150	119	215
ENSG00000258315	C17orf49	1113	2037	1235	1167	1483	1410	1673
ENSG00000258366	RTEL1	718	1043	637	723	871	803	1118
ENSG00000258405	ZNF578	19	37	27	23	35	45	46
ENSG00000258429	PDF	683	1064	663	624	1019	817	1218
ENSG00000258472	NA	1	0	0	3	0	0	0
ENSG00000258484	SPESP1	1330	2251	1285	1131	1573	1512	1756
ENSG00000258529	NA	12	0	0	0	6	0	0
ENSG00000258643	BCL2L2-PABPN1	199	249	115	229	218	511	230
ENSG00000258644	SYNJ2BP-COX16	0	29	0	0	0	3	31
ENSG00000258659	TRIM34	48	78	44	52	46	38	55
ENSG00000258674	NA	168	233	128	144	214	180	241
ENSG00000258691	NA	0	1	0	0	0	0	0
ENSG00000258713	C20orf141	6	8	4	3	1	7	5
ENSG00000258724	PINX1	0	7	1	3	4	3	6
ENSG00000258818	RNASE4	20	27	10	15	16	33	23
ENSG00000258839	MC1R	983	1648	982	950	876	801	1028
ENSG00000258881	NA	144	252	145	154	188	189	219
ENSG00000258890	CEP95	505	848	405	423	683	696	769
ENSG00000258947	TUBB3	6017	10837	7034	6577	8663	8404	10862
ENSG00000258986	TMEM179	4	9	8	9	11	9	12
ENSG00000259024	TVP23C-CDRT4	201	387	225	192	220	154	246
ENSG00000259030	FPGT-TNNI3K	32	50	25	36	18	29	34
ENSG00000259066	NA	0	0	1	0	0	0	0
ENSG00000259075	POC1B-GALNT4	151	194	115	53	174	225	244
ENSG00000259112	NDUFC2-KCTD14	43	80	52	49	100	72	78
ENSG00000259120	SMIM6	0	1	4	4	5	1	2
ENSG00000259171	NA	12	0	3	0	10	0	7
ENSG00000259207	ITGB3	31025	50251	27769	29125	34168	32671	37144
ENSG00000259224	SLC35G6	5	5	2	5	1	3	9
ENSG00000259305	ZHX1-C8orf76	49	78	53	36	53	57	71
ENSG00000259330	INAFM2	693	1163	751	724	920	714	1108
ENSG00000259332	ST20-MTHFS	119	199	133	162	171	138	212
ENSG00000259371	NA	0	1	0	0	2	0	2
ENSG00000259399	TGIF2-RAB5IF	8	6	7	6	0	4	3
ENSG00000259417	CTXND1	404	650	450	449	492	477	641
ENSG00000259431	THTPA	616	1021	554	585	901	888	1021
ENSG00000259494	MRPL46	478	745	484	441	684	632	863
ENSG00000259571	BLID	5	9	5	3	6	7	6
ENSG00000259784	NA	0	0	0	4	3	1	0
ENSG00000259803	SLC22A31	0	0	2	0	0	0	0
ENSG00000259823	LYPD8	4	1	4	0	5	6	6
ENSG00000259916	AQP7B	271	393	228	224	229	180	282
ENSG00000259956	RBM15B	3276	5314	3298	3562	4134	3976	5191
ENSG00000260001	TGFBR3L	61	102	77	64	91	85	126
ENSG00000260007	NA	26	24	25	13	26	34	39
ENSG00000260027	HOXB7	804	1308	801	759	1179	1080	1253
ENSG00000260097	SPDYE6	16	61	22	46	48	35	53
ENSG00000260220	CCDC187	0	0	0	0	1	0	1
ENSG00000260230	FRRS1L	11	19	7	7	10	5	3
ENSG00000260238	PMF1-BGLAP	142	188	138	127	200	177	264
ENSG00000260272	NA	5	8	0	5	19	7	13
ENSG00000260286	ARMH2	0	0	0	0	0	1	0
ENSG00000260314	MRC1	0	1	2	1	2	0	0
ENSG00000260325	HSPB9	2	4	4	2	8	5	6
ENSG00000260342	NA	15	12	2	6	6	20	18
ENSG00000260428	SCX	83	153	62	77	89	78	99
ENSG00000260456	C16orf95	46	62	42	57	81	50	70
ENSG00000260537	NA	36	111	27	73	70	73	84
ENSG00000260596	DUX4	1	0	0	0	2	0	0
ENSG00000260643	NA	9	29	18	15	20	14	34
ENSG00000260691	ANKRD20A1	9	6	3	3	5	10	11
ENSG00000260802	SERTM2	25	30	8	12	38	39	26
ENSG00000260836	NA	0	0	0	0	44	0	29
ENSG00000260861	NA	0	0	0	1	3	1	0
ENSG00000260914	NA	948	1526	1012	920	1145	1088	1513
ENSG00000260916	CCPG1	2138	3615	2025	2154	2607	2477	2902
ENSG00000261052	SULT1A3	90	0	74	67	103	103	110
ENSG00000261115	TMEM178B	843	1404	789	798	1013	876	1208
ENSG00000261150	EPPK1	1	4	1	1	0	4	1
ENSG00000261221	ZNF865	1075	1887	1218	1151	1323	1131	1576
ENSG00000261236	BOP1	3515	6143	4150	3991	6181	5559	7723
ENSG00000261247	GOLGA8T	1	8	2	5	0	0	4
ENSG00000261308	FIGNL2	12	18	4	10	5	0	4
ENSG00000261341	NA	2	0	0	1	1	1	4
ENSG00000261371	PECAM1	27	64	31	34	21	26	31
ENSG00000261456	TUBB8	3	4	4	0	2	1	5
ENSG00000261509	TP53TG3B	0	54	47	0	0	25	40
ENSG00000261587	TMEM249	5	7	11	5	4	12	10
ENSG00000261594	TPBGL	20	22	14	16	19	28	26
ENSG00000261609	GAN	390	636	401	399	454	346	512
ENSG00000261649	GOLGA6L7	0	1	1	3	2	0	1
ENSG00000261652	PIERCE2	26	66	29	26	55	45	50
ENSG00000261678	SCRT1	2	3	2	5	4	5	7
ENSG00000261701	HPR	0	0	1	2	0	0	0
ENSG00000261717	NA	26	24	20	20	14	26	39
ENSG00000261739	GOLGA8S	3	0	6	3	2	5	0
ENSG00000261740	BOLA2-SMG1P6	482	801	466	426	589	626	812
ENSG00000261787	TCF24	2	7	4	4	4	3	2
ENSG00000261794	GOLGA8H	20	44	22	27	38	25	40
ENSG00000261796	ISY1-RAB43	238	788	249	263	286	323	485
ENSG00000261857	MIA	3013	5266	3417	3123	3608	3591	4448
ENSG00000261873	SMIM36	0	0	0	0	2	1	1
ENSG00000261934	PCDHGA9	62	152	81	104	120	111	114
ENSG00000261949	GFY	1	1	0	1	0	0	0
ENSG00000262152	GREP1	0	1	0	1	2	0	2
ENSG00000262209	PCDHGB3	47	95	43	42	62	34	32
ENSG00000262246	CORO7	967	1622	1067	1058	1327	1375	1408
ENSG00000262406	MMP12	11	10	6	8	10	7	7
ENSG00000262484	CCER2	8	20	12	6	22	0	12
ENSG00000262576	PCDHGA4	75	79	61	79	94	131	133
ENSG00000262655	SPON1	0	2	2	2	7	3	6
ENSG00000262660	NA	7	3	0	3	0	0	0
ENSG00000262664	OVCA2	711	1434	819	869	1254	1152	1559
ENSG00000262814	MRPL12	2277	4010	2619	2371	3598	3539	4484
ENSG00000262874	C19orf84	0	2	0	0	1	0	0
ENSG00000262919	CCNQ	183	358	194	201	273	265	313
ENSG00000263001	GTF2I	5684	9920	5646	5975	7292	7185	8441
ENSG00000263002	ZNF234	620	949	527	575	711	650	831
ENSG00000263020	NA	111	196	122	94	189	140	227
ENSG00000263155	MYZAP	9	11	0	2	3	0	3
ENSG00000263201	DPEP2NB	1	0	0	0	1	0	0
ENSG00000263353	PPIAL4A	0	0	0	1	0	0	0
ENSG00000263465	SRSF8	1211	2019	1122	1237	1902	1858	2380
ENSG00000263513	FAM72C	696	1182	775	722	883	655	1260
ENSG00000263528	IKBKE	441	679	382	419	430	390	529
ENSG00000263620	NA	131	188	125	109	135	157	163
ENSG00000263639	MSMB	2	1	4	2	0	0	0
ENSG00000263874	LINC00672	27	44	35	27	31	22	46
ENSG00000263956	NBPF11	356	711	431	446	564	494	638
ENSG00000263961	RHEX	0	0	0	0	0	0	2
ENSG00000264006	AKR1C8	0	1	0	0	0	0	0
ENSG00000264343	NOTCH2NLA	3207	5416	3285	3203	4178	3583	4815
ENSG00000264364	DYNLL2	3004	4631	3086	3037	3812	2922	4522
ENSG00000264424	MYH4	13	18	8	11	16	21	16
ENSG00000264522	OTUD7B	3573	5921	3434	3713	5000	4395	6509
ENSG00000264668	NA	23	33	20	14	18	61	41
ENSG00000265107	GJA5	166	259	178	132	108	128	128
ENSG00000265118	NA	0	0	2	1	0	1	0
ENSG00000265190	ANXA8	0	0	1	0	0	0	1
ENSG00000265241	RBM8A	2977	5034	3246	2992	5415	5179	6648
ENSG00000265354	TIMM23	1564	2716	1691	1657	2671	2784	3404
ENSG00000265491	RNF115	1247	2009	1213	1201	1447	1241	1566
ENSG00000265590	CFAP298-TCP10L	120	227	121	146	134	197	232
ENSG00000265681	RPL17	15097	25848	15544	14483	19481	19740	23322
ENSG00000265763	ZNF488	3	3	4	6	2	3	8
ENSG00000265808	SEC22B	3624	6188	3712	3595	5202	5032	6025
ENSG00000265817	FSBP	332	545	390	317	328	339	382
ENSG00000265972	TXNIP	4912	8011	3590	3737	3718	3664	3058
ENSG00000266028	SRGAP2	6988	11762	6650	7321	7978	7883	9615
ENSG00000266074	BAHCC1	2871	4503	2522	2818	3575	3067	3843
ENSG00000266094	RASSF5	296	533	284	314	562	427	617
ENSG00000266173	STRADA	729	1288	744	755	990	1043	1223
ENSG00000266265	KLF14	25	44	25	30	41	29	41
ENSG00000266338	NBPF15	2651	4083	2442	2437	3013	2734	3446
ENSG00000266412	NCOA4	4085	6766	3893	3847	5379	5335	6281
ENSG00000266472	MRPS21	2335	3862	2433	2328	3420	3303	4121
ENSG00000266714	MYO15B	10	54	37	0	6	22	40
ENSG00000266826	IGBP1P2	2	0	2	2	1	1	2
ENSG00000266964	FXYD1	14	18	7	4	6	11	12
ENSG00000266967	AARSD1	627	1020	626	615	910	895	1079
ENSG00000267001	NA	58	75	48	67	43	71	91
ENSG00000267041	ZNF850	102	151	95	96	233	193	281
ENSG00000267060	PTGES3L	56	99	51	53	54	62	45
ENSG00000267140	NA	0	0	0	0	0	0	1
ENSG00000267157	NA	3	4	0	4	3	0	4
ENSG00000267179	NA	12	9	12	0	8	22	6
ENSG00000267221	C17orf113	174	271	154	155	185	175	180
ENSG00000267261	NA	2	0	2	0	2	0	2
ENSG00000267281	ATF7-NPFF	8	3	0	6	0	16	0
ENSG00000267318	NA	3	0	0	0	0	0	0
ENSG00000267335	NA	8	6	3	6	5	2	1
ENSG00000267360	NA	0	0	0	0	0	0	1
ENSG00000267368	UPK3BL1	582	773	494	495	576	527	613
ENSG00000267467	APOC4	0	0	2	1	0	1	2
ENSG00000267508	ZNF285	77	145	72	89	115	123	170
ENSG00000267534	S1PR2	594	985	595	678	773	658	827
ENSG00000267561	NA	13	21	15	6	4	6	8
ENSG00000267618	NA	0	0	0	1	0	0	2
ENSG00000267673	FDX2	303	441	277	270	391	304	545
ENSG00000267680	ZNF224	639	1008	589	664	763	734	938
ENSG00000267710	EDDM13	0	0	2	0	0	0	0
ENSG00000267740	NA	7	18	18	23	23	29	33
ENSG00000267795	SMIM22	0	3	0	2	1	1	1
ENSG00000267796	LIN37	192	404	219	189	281	278	363
ENSG00000267855	NDUFA7	540	952	522	477	677	768	706
ENSG00000267952	NA	0	2	2	0	0	0	2
ENSG00000267978	MAGEA9B	0	0	4	1	2	0	2
ENSG00000268009	SSX4	1	4	2	1	1	5	5
ENSG00000268041	ERFL	7	4	3	4	8	2	5
ENSG00000268043	NBPF12	541	817	463	495	649	577	758
ENSG00000268083	NA	11	24	32	24	13	15	26
ENSG00000268089	GABRQ	2	4	2	4	3	0	1
ENSG00000268104	SLC6A14	6	6	1	8	7	9	7
ENSG00000268163	NA	0	0	0	0	0	2	0
ENSG00000268182	SMIM17	48	72	39	42	40	37	53
ENSG00000268223	ARL14EPL	4	7	3	5	6	6	4
ENSG00000268350	FAM156A	1354	1955	1275	1338	1204	727	1841
ENSG00000268361	NA	0	0	1	0	0	1	0
ENSG00000268434	NA	0	1	1	1	0	1	0
ENSG00000268447	SSX2B	0	0	0	0	0	1	0
ENSG00000268480	NFILZ	2	0	1	0	0	3	0
ENSG00000268533	NA	2	0	0	0	1	0	0
ENSG00000268606	MAGEA2	2098	3781	2397	2366	4410	3662	5108
ENSG00000268643	NA	62	90	43	56	109	49	136
ENSG00000268651	CTAG1A	2602	4750	2879	2641	3634	2079	3752
ENSG00000268655	NA	34	72	21	32	37	31	36
ENSG00000268696	ZNF723	2	0	0	1	0	2	0
ENSG00000268738	HSFX2	0	0	3	0	0	0	11
ENSG00000268750	NA	61	77	43	44	66	54	73
ENSG00000268870	NA	10	16	10	3	19	20	21
ENSG00000268902	CSAG2	127	175	105	111	127	131	153
ENSG00000268916	CSAG3	605	1019	577	559	608	522	703
ENSG00000268940	CT45A1	857	1337	935	776	1624	1596	2254
ENSG00000268964	ERVV-2	0	2	0	2	2	0	0
ENSG00000268988	SPANXN2	3	6	6	5	8	10	7
ENSG00000269026	NA	0	0	0	0	0	1	0
ENSG00000269058	CALR3	10	10	4	9	9	15	16
ENSG00000269067	ZNF728	25	29	17	10	12	27	26
ENSG00000269095	NA	2	0	2	0	0	3	2
ENSG00000269096	CT45A3	774	1387	777	813	1194	1220	1622
ENSG00000269113	TRABD2B	183	263	169	130	114	114	120
ENSG00000269190	FBXO17	1283	2059	1335	1288	1845	1726	2130
ENSG00000269226	TMSB15B	25	66	32	38	31	42	32
ENSG00000269313	MAGIX	58	117	67	62	112	77	103
ENSG00000269335	IKBKG	847	1412	993	889	1488	1352	1804
ENSG00000269343	ZNF587B	881	1244	763	768	959	855	1264
ENSG00000269404	SPIB	15	26	16	11	14	20	24
ENSG00000269405	NXF2	110	444	176	205	269	216	229
ENSG00000269437	NXF2B	228	80	126	117	127	154	172
ENSG00000269466	H3Y1	0	0	0	0	1	0	0
ENSG00000269556	TMEM185A	496	773	520	549	708	600	799
ENSG00000269586	CT45A10	386	594	357	348	546	553	619
ENSG00000269590	NA	0	1	0	0	0	2	0
ENSG00000269711	NA	0	4	0	0	0	0	0
ENSG00000269713	NBPF9	2810	4442	2535	2676	3025	2740	3332
ENSG00000269720	CCDC194	11	14	8	14	11	10	12
ENSG00000269743	SLC25A53	44	66	47	35	69	86	80
ENSG00000269825	NA	112	126	82	101	155	147	207
ENSG00000269855	RNF225	2	0	3	2	0	0	1
ENSG00000269858	EGLN2	1274	2238	1465	1365	1778	1592	2141
ENSG00000269897	COMMD3-BMI1	2	4	3	0	0	7	4
ENSG00000269955	FMC1-LUC7L2	412	612	509	461	737	704	1077
ENSG00000270011	ZNF559-ZNF177	7	0	0	0	0	2	8
ENSG00000270170	NCBP2AS2	521	905	515	517	708	703	858
ENSG00000270181	BIVM-ERCC5	10	0	11	4	4	54	5
ENSG00000270231	NBPF8	621	1128	538	590	658	712	832
ENSG00000270249	NA	1	0	0	0	0	0	0
ENSG00000270339	PPIAL4H	0	0	0	0	0	0	1
ENSG00000270617	URGCP-MRPS24	0	14	0	0	0	0	9
ENSG00000270629	NBPF14	4302	6555	3755	4241	4751	4194	5462
ENSG00000270647	TAF15	5094	8772	5574	5570	7527	3107	9711
ENSG00000270757	HSPE1-MOB4	16	23	23	10	0	15	22
ENSG00000270765	GAS2L2	0	0	0	0	1	0	0
ENSG00000270800	RPS10-NUDT3	640	966	658	793	982	1095	1278
ENSG00000270806	C17orf50	0	1	0	0	0	0	0
ENSG00000270882	H4C14	20	52	16	0	0	10	15
ENSG00000270885	RASL10B	147	238	175	153	208	176	241
ENSG00000270946	CT45A9	0	90	34	18	78	0	0
ENSG00000271079	CTAGE15	0	0	0	0	0	0	1
ENSG00000271092	TLCD4-RWDD3	39	57	26	27	32	32	53
ENSG00000271303	SRXN1	1233	2120	1337	1218	1756	1655	2129
ENSG00000271383	NBPF19	1582	2411	1407	1626	1870	1551	2098
ENSG00000271425	NBPF10	1494	2441	1471	1436	1719	1570	1895
ENSG00000271447	MMP28	1	2	0	1	0	0	0
ENSG00000271449	CT45A2	32	0	0	0	0	80	60
ENSG00000271503	CCL5	103	138	85	97	109	92	109
ENSG00000271601	LIX1L	2256	3872	2268	2256	2954	2889	3386
ENSG00000271605	MILR1	17	17	11	15	19	11	12
ENSG00000271824	SMIM32	1	0	1	0	0	0	0
ENSG00000272031	ANKRD34A	885	1400	772	867	1080	1050	1108
ENSG00000272047	GTF2H5	499	887	495	459	687	591	888
ENSG00000272297	NA	0	0	2	0	1	0	0
ENSG00000272325	NUDT3	2505	4131	2427	2483	3106	2788	3632
ENSG00000272333	KMT2B	1887	2993	1876	2021	2202	1772	2523
ENSG00000272391	POM121C	3464	6145	3395	3692	4785	4997	6024
ENSG00000272398	CD24	13	17	16	13	43	23	40
ENSG00000272414	FAM47E-STBD1	0	5	2	0	5	0	6
ENSG00000272514	CFAP206	1	13	7	6	6	8	3
ENSG00000272573	MUSTN1	1	1	0	1	1	0	0
ENSG00000272602	ZNF595	651	1047	619	644	857	855	1080
ENSG00000272617	NA	92	149	109	108	129	81	234
ENSG00000272636	DOC2B	1	2	0	1	0	0	1
ENSG00000272674	PCDHB16	1103	1714	1051	1088	1330	1238	1504
ENSG00000272772	NA	1153	2125	1294	1113	1756	1788	2514
ENSG00000272822	NA	2	5	14	5	6	7	5
ENSG00000272886	DCP1A	1624	2782	1573	1518	2146	2054	2496
ENSG00000272899	ATP6V1FNB	51	63	37	30	39	34	36
ENSG00000272968	RBAK-RBAKDN	11	10	1	5	3	5	5
ENSG00000272980	NA	24	1	20	17	49	65	75
ENSG00000273045	C2orf15	5	12	7	12	8	12	12
ENSG00000273049	NA	0	0	2	2	0	0	0
ENSG00000273079	GRIN2B	52	85	33	55	39	48	42
ENSG00000273088	NA	4	23	31	18	20	16	28
ENSG00000273111	LYPD4	0	0	0	0	1	0	0
ENSG00000273136	NBPF26	921	1181	744	783	1014	885	1167
ENSG00000273154	NA	4	3	1	3	2	1	3
ENSG00000273155	NA	4	6	2	0	0	1	2
ENSG00000273171	NA	0	0	1	0	0	0	0
ENSG00000273173	SNURF	91	75	45	39	65	67	115
ENSG00000273213	H3-7	440	721	361	398	374	327	390
ENSG00000273238	TMEM271	1	7	2	4	4	1	1
ENSG00000273274	ZBTB8B	66	129	98	99	110	92	135
ENSG00000273514	FOXD4L6	3	3	3	6	3	5	0
ENSG00000273520	SPDYE8	11	0	0	0	0	0	0
ENSG00000273540	AGBL1	1	0	1	0	0	1	0
ENSG00000273542	H4C12	29	87	37	40	31	18	39
ENSG00000273559	CWC25	682	1198	749	658	983	886	1081
ENSG00000273604	EPOP	825	1407	853	859	997	854	1151
ENSG00000273611	ZNHIT3	389	670	416	417	592	632	872
ENSG00000273696	CT45A7	240	244	233	174	522	539	556
ENSG00000273703	H2BC14	2	6	2	3	3	5	3
ENSG00000273706	LHX1	570	909	552	502	621	533	670
ENSG00000273749	CYFIP1	5989	10426	5829	6030	7138	6780	7980
ENSG00000273756	NA	2	3	7	8	4	3	3
ENSG00000273802	H2BC8	9	15	7	14	13	25	15
ENSG00000273820	USP27X	111	221	146	145	249	168	227
ENSG00000273841	TAF9	1289	2248	1326	1295	2233	2288	2998
ENSG00000273899	NOL12	354	704	454	400	184	469	578
ENSG00000273983	H3C8	4	7	3	2	2	1	0
ENSG00000274070	CASTOR2	657	1075	646	595	752	733	866
ENSG00000274180	NATD1	851	1303	817	799	878	815	880
ENSG00000274183	H2AB1	3	4	4	2	3	1	3
ENSG00000274209	ANTXRL	0	2	0	0	0	0	0
ENSG00000274211	SOCS7	1752	2861	1608	1750	2046	1852	2402
ENSG00000274274	GAGE13	0	0	3	1	0	0	0
ENSG00000274286	ADRA2B	8	12	5	11	4	4	7
ENSG00000274290	H2BC6	0	0	4	1	0	3	3
ENSG00000274349	ZNF658	288	467	302	230	281	296	377
ENSG00000274386	TMEM269	10	24	16	16	28	15	18
ENSG00000274391	TPTE	84	142	69	95	102	92	153
ENSG00000274512	TBC1D3L	529	862	404	459	428	458	444
ENSG00000274523	RCC1L	2457	4147	2701	2446	3280	2809	3988
ENSG00000274529	SEBOX	1	4	0	4	3	4	3
ENSG00000274570	SPDYE10	19	39	14	17	26	11	27
ENSG00000274600	RIMBP3B	49	65	24	47	65	61	65
ENSG00000274618	H4C6	3	9	1	3	1	4	1
ENSG00000274641	H2BC17	4	4	3	2	1	4	3
ENSG00000274750	H3C6	27	33	21	19	16	21	35
ENSG00000274808	TBC1D3B	12	29	16	11	19	14	8
ENSG00000274810	NPHP3-ACAD11	0	3	10	0	3	0	0
ENSG00000274933	TBC1D3I	8	3	6	13	3	10	11
ENSG00000274944	NA	0	0	30	19	0	0	0
ENSG00000274997	H2AC12	6	17	5	6	6	5	4
ENSG00000275004	ZNF280B	0	2	0	1	2	5	4
ENSG00000275023	MLLT6	5538	8679	4906	4978	5590	4868	5798
ENSG00000275034	TP53TG3E	0	0	0	2	2	0	2
ENSG00000275052	PPP4R3B	2822	4424	2329	2550	3677	3423	4249
ENSG00000275066	SYNRG	1221	2008	1163	1231	1629	1557	1988
ENSG00000275074	NUDT18	179	281	223	206	301	193	304
ENSG00000275111	ZNF2	163	253	159	158	198	191	234
ENSG00000275113	GAGE2E	12	0	0	0	0	0	0
ENSG00000275183	LENG9	592	998	577	549	991	801	996
ENSG00000275221	H2AC15	2	6	6	6	5	1	8
ENSG00000275302	CCL4	0	1	0	0	0	0	0
ENSG00000275342	PRAG1	118	218	161	153	190	151	227
ENSG00000275395	FCGBP	45	87	42	55	57	57	64
ENSG00000275489	C17orf98	1	0	0	0	0	0	0
ENSG00000275591	XKR5	3	8	3	3	4	3	6
ENSG00000275700	AATF	2641	4540	2911	2481	5040	4643	5935
ENSG00000275713	H2BC9	6	13	6	8	6	4	14
ENSG00000275714	H3C1	7	7	3	0	2	3	6
ENSG00000275740	NA	100	164	119	190	219	205	290
ENSG00000275778	NA	36	56	52	36	58	65	73
ENSG00000275793	RIMBP3	44	76	28	37	29	62	70
ENSG00000275832	ARHGAP23	643	1062	675	651	819	720	1027
ENSG00000275835	TUBGCP5	645	1045	629	705	900	903	1113
ENSG00000275954	TBC1D3F	0	0	0	0	0	1	0
ENSG00000275969	SPATA31A3	3	3	2	1	0	1	2
ENSG00000276023	DUSP14	1847	3226	1841	1818	2465	2521	3180
ENSG00000276043	UHRF1	1927	3307	2219	2303	3970	3502	5562
ENSG00000276045	ORAI1	972	1625	1016	987	1339	1268	1613
ENSG00000276180	H4C9	3	8	0	6	4	2	3
ENSG00000276231	PIK3R6	2	4	0	0	1	2	0
ENSG00000276234	TADA2A	345	558	314	303	382	367	453
ENSG00000276293	PIP4K2B	1930	3131	1873	1939	2044	1990	2521
ENSG00000276302	NA	0	0	1	0	0	0	1
ENSG00000276368	H2AC14	3	1	1	1	7	6	7
ENSG00000276410	H2BC3	3	5	1	2	3	1	3
ENSG00000276547	PCDHGB5	674	1079	540	612	1196	1213	1502
ENSG00000276581	SPATA31A5	0	3	0	0	0	0	0
ENSG00000276600	RAB7B	1402	2244	1403	1468	1358	1370	1794
ENSG00000276644	DACH1	0	2	0	0	0	0	0
ENSG00000276903	H2AC16	0	0	1	1	1	1	0
ENSG00000276950	GSTT4	0	0	1	0	0	0	0
ENSG00000276966	H4C5	8	12	6	11	10	10	10
ENSG00000277075	H2AC8	11	12	5	7	7	13	13
ENSG00000277149	TYW1B	198	359	207	176	212	230	264
ENSG00000277157	H4C4	1	4	3	3	5	2	4
ENSG00000277161	PIGW	461	854	500	486	736	739	931
ENSG00000277200	CCDC92B	50	65	57	49	70	51	55
ENSG00000277224	H2BC7	2	5	1	0	2	2	11
ENSG00000277258	PCGF2	1813	3281	1912	1775	1934	1837	1997
ENSG00000277322	GOLGA6L6	1	2	0	0	1	0	0
ENSG00000277363	SRCIN1	269	456	347	316	325	324	257
ENSG00000277399	GPR179	17	15	18	13	22	18	11
ENSG00000277443	MARCKS	2282	3940	2487	2471	3691	3038	4202
ENSG00000277462	ZNF670	508	856	473	460	599	585	677
ENSG00000277481	PKD1L3	1	0	0	0	0	1	0
ENSG00000277494	GPIHBP1	1	0	0	0	0	0	0
ENSG00000277531	PNMA8C	14	21	8	6	8	7	18
ENSG00000277586	NEFL	672	1169	726	741	1513	1512	1778
ENSG00000277639	NA	41	64	42	33	38	44	54
ENSG00000277758	SYT15B	412	642	370	374	410	333	437
ENSG00000277775	H3C7	1	1	1	3	2	1	2
ENSG00000277791	PSMB3	3266	5609	3772	3520	5033	5208	6695
ENSG00000277858	H2AB2	0	1	0	0	0	0	0
ENSG00000277893	SRD5A2	0	0	0	0	0	0	1
ENSG00000277972	CISD3	1287	2158	1370	1300	1830	1696	2243
ENSG00000278023	RDM1	41	59	56	36	102	95	103
ENSG00000278053	DDX52	658	977	513	561	920	732	986
ENSG00000278085	CT45A8	53	81	76	81	144	168	179
ENSG00000278129	ZNF8	695	1105	625	678	737	596	749
ENSG00000278139	P3R3URF-PIK3R3	17	0	9	0	10	0	0
ENSG00000278195	SSTR3	0	0	0	0	1	0	0
ENSG00000278224	PRICKLE4	7	6	3	6	12	1	3
ENSG00000278259	MYO19	1412	2257	1429	1432	1785	1899	2287
ENSG00000278289	CT45A6	0	71	21	25	0	16	16
ENSG00000278311	GGNBP2	2060	3388	1973	2079	3477	3292	4227
ENSG00000278318	ZNF229	104	69	52	64	62	61	67
ENSG00000278463	H2AC4	2	1	2	2	1	2	4
ENSG00000278505	C17orf78	0	1	0	1	0	0	1
ENSG00000278522	POTEB3	24	34	14	18	27	19	26
ENSG00000278535	DHRS11	1081	1883	1236	1213	1283	1244	1633
ENSG00000278540	ACACA	3311	5278	3104	3419	3965	4030	4941
ENSG00000278558	TMEM191B	0	0	0	0	3	2	0
ENSG00000278570	NR2E3	25	29	14	24	24	24	22
ENSG00000278588	H2BC10	0	1	4	1	3	3	6
ENSG00000278599	TBC1D3E	0	0	0	0	2	0	0
ENSG00000278615	C11orf98	1692	2838	1922	1784	2700	2779	3598
ENSG00000278619	MRM1	616	1027	619	628	927	859	1179
ENSG00000278637	H4C1	1	0	3	1	2	0	1
ENSG00000278662	GOLGA6L10	81	145	71	91	96	92	129
ENSG00000278677	H2AC17	11	12	6	10	11	12	12
ENSG00000278685	IQCA1L	0	0	2	0	0	0	0
ENSG00000278705	H4C2	4	3	1	1	1	1	4
ENSG00000278828	H3C10	6	7	12	12	11	9	16
ENSG00000278845	MRPL45	1698	2895	1806	1755	2450	2294	2850
ENSG00000278848	TP53TG3F	49	102	51	72	82	84	44
ENSG00000279000	OR10A6	1	0	0	0	0	0	0
ENSG00000279073	NA	1	1	0	0	3	2	0
ENSG00000279116	OR8D2	3	5	1	3	1	4	4
ENSG00000279170	TSTD3	20	34	32	31	23	24	24
ENSG00000279408	OR4N4C	0	0	0	0	0	0	1
ENSG00000279486	OR2AG1	1	0	1	0	0	0	0
ENSG00000279983	NA	1	0	0	0	0	0	0
ENSG00000280090	OR8B4	2	1	0	1	2	1	0
ENSG00000280314	OR8K3	0	1	0	0	0	1	0
ENSG00000280571	NA	3	1	2	1	7	4	0
ENSG00000280670	CCDC163	79	102	114	92	96	77	144
ENSG00000280789	PAGR1	1491	2525	1717	1567	2249	1890	2747
ENSG00000280987	MATR3	1699	2734	1640	1536	1937	1267	1483
ENSG00000281039	NA	1	0	0	0	0	0	0
ENSG00000281106	TMEM272	2	4	3	3	1	2	2
ENSG00000281406	BLACAT1	544	824	496	543	465	465	503
ENSG00000281613	NA	0	0	0	0	2	0	0
ENSG00000282301	CYP3A7-CYP3A51P	0	0	0	0	0	4	4
ENSG00000282419	TEX13D	3	4	0	5	0	1	1
ENSG00000282608	ADORA3	2	0	2	2	1	0	0
ENSG00000282757	DUXB	0	2	1	0	0	0	0
ENSG00000282815	TEX13C	1	1	0	0	0	0	1
ENSG00000282881	TMEM275	0	0	1	0	0	0	0
ENSG00000282933	RHOXF1P3	69	97	72	60	77	97	96
ENSG00000282936	NA	92	121	68	61	100	29	117
ENSG00000282988	NA	11	9	11	6	1	7	6
ENSG00000283093	CENPVL2	0	0	0	0	0	0	1
ENSG00000283149	NA	20	31	8	16	16	0	49
ENSG00000283154	IQCJ-SCHIP1	695	1156	766	693	812	665	1007
ENSG00000283189	NA	0	9	4	0	0	0	0
ENSG00000283199	C13orf46	370	486	281	362	416	324	472
ENSG00000283201	NA	0	2	0	0	0	0	0
ENSG00000283205	NA	0	0	0	0	0	1	0
ENSG00000283208	NA	1	9	1	3	0	5	8
ENSG00000283247	CCDC201	1	6	1	0	3	1	3
ENSG00000283267	FAM237B	0	2	0	3	3	0	0
ENSG00000283268	TEX54	1	5	2	7	5	2	1
ENSG00000283297	TEX52	7	6	8	6	8	0	5
ENSG00000283321	NA	0	2	2	0	0	5	2
ENSG00000283324	CTXND2	0	0	3	0	2	0	1
ENSG00000283329	FAM240B	0	0	0	1	0	0	1
ENSG00000283361	CFAP97D2	0	2	0	0	0	1	0
ENSG00000283378	CNTNAP3C	455	733	444	490	447	462	618
ENSG00000283463	HSFX4	1	8	1	4	4	5	2
ENSG00000283473	FAM240A	0	0	0	0	0	1	0
ENSG00000283496	ZNF511-PRAP1	0	0	7	0	0	3	0
ENSG00000283516	LITAFD	0	0	0	0	0	0	1
ENSG00000283526	PRRT1B	0	0	1	0	0	0	0
ENSG00000283528	TCAF2C	0	12	0	4	14	10	12
ENSG00000283536	NA	1	1	0	0	0	0	1
ENSG00000283567	C19orf85	0	0	2	0	0	0	0
ENSG00000283599	NA	13	24	9	20	21	25	30
ENSG00000283632	EXOC3L2	1	4	3	1	4	4	4
ENSG00000283683	MYOCOS	6	4	5	6	4	3	7
ENSG00000283697	HSFX3	0	2	0	0	1	0	0
ENSG00000283703	VSIG10L2	3	0	0	1	3	0	0
ENSG00000283706	PRSS50	0	1	2	0	0	0	0
ENSG00000283761	NA	36	29	41	24	32	32	24
ENSG00000283765	NA	16	44	13	29	14	18	15
ENSG00000283776	TAF11L13	0	0	0	0	0	1	0
ENSG00000283782	NA	0	0	0	0	15	0	0
ENSG00000283787	PRR33	0	0	0	5	0	0	1
ENSG00000283809	NA	0	11	12	0	13	9	21
ENSG00000283886	NA	23	30	26	21	15	16	19
ENSG00000283900	TPTEP2-CSNK1E	40	30	32	10	9	16	19
ENSG00000283980	GNG14	5	4	7	6	1	2	4
ENSG00000284024	NA	415	738	471	443	476	518	615
ENSG00000284057	NA	10	28	38	0	81	38	72
ENSG00000284130	TUBA3FP	25	53	37	31	30	14	35
ENSG00000284188	NA	0	0	0	0	0	0	1
ENSG00000284194	SCO2	186	354	185	193	304	276	367
ENSG00000284209	NA	0	2	1	0	0	0	0
ENSG00000284292	NA	86	110	85	62	61	100	204
ENSG00000284308	C2orf81	208	315	213	228	359	357	366
ENSG00000284395	PERCC1	0	0	0	0	0	1	0
ENSG00000284484	CPHXL2	1	1	0	1	0	0	1
ENSG00000284491	THSD8	0	0	1	0	1	0	0
ENSG00000284505	LYNX1-SLURP2	7	9	3	4	1	8	2
ENSG00000284512	NA	23	24	28	18	21	19	19
ENSG00000284526	NA	71	130	78	57	87	55	61
ENSG00000284609	OR8B3	4	6	3	4	4	4	1
ENSG00000284680	OR8B2	0	2	1	1	2	5	3
ENSG00000284691	NA	165	248	145	144	147	162	225
ENSG00000284713	SMIM38	23	9	31	8	12	11	20
ENSG00000284730	TMDD1	0	1	1	0	3	0	0
ENSG00000284753	EEF1AKMT4	157	286	157	176	213	203	226
ENSG00000284762	NA	0	0	0	0	1	0	0
ENSG00000284770	TBCE	663	1362	731	774	1055	1087	1340
ENSG00000284773	NA	63	121	82	58	61	77	45
ENSG00000284776	NA	212	370	218	247	259	249	297
ENSG00000284791	SMIM41	0	0	0	0	1	0	0
ENSG00000284797	NA	0	0	0	0	0	1	0
ENSG00000284844	TOMT	1	0	0	0	0	0	0
ENSG00000284862	CCDC39	32	41	29	22	37	25	31
ENSG00000284873	OOSP1	1	1	2	2	0	0	0
ENSG00000284906	NA	523	829	276	341	309	236	661
ENSG00000284917	EEF1AKMT4-ECE2	0	1	3	3	0	2	4
ENSG00000284922	LRTOMT	30	21	20	0	25	17	41
ENSG00000284934	NA	4	44	9	0	15	9	29
ENSG00000284956	NA	2	6	7	9	2	9	2
ENSG00000284969	NA	72	128	72	91	99	79	129
ENSG00000284976	NA	0	168	0	0	0	0	0
ENSG00000284981	UPK3BL2	248	388	243	181	213	163	175
ENSG00000285043	NA	2004	3570	2081	2040	3142	3337	3413
ENSG00000285053	TBCE	336	484	315	354	430	384	473
ENSG00000285077	ARHGAP11B	118	202	135	144	179	185	209
ENSG00000285082	NA	0	1	2	0	0	2	0
ENSG00000285085	NA	7	8	6	16	6	14	14
ENSG00000285130	NA	0	0	16	0	0	0	16
ENSG00000285162	NA	7	16	11	2	25	17	15
ENSG00000285231	OOSP3	0	1	0	0	1	0	0
ENSG00000285245	NA	0	68	12	15	20	0	13
ENSG00000285253	NA	40	25	35	33	37	30	39
ENSG00000285292	ABCF2-H2BK1	672	1165	807	763	891	951	1213
ENSG00000285304	NA	210	363	181	235	178	224	282
ENSG00000285330	NA	5	12	0	14	0	10	6
ENSG00000285382	NA	23	12	12	17	6	28	42
ENSG00000285404	NA	0	12	0	0	0	0	0
ENSG00000285437	POLR2J3	897	1202	734	637	818	641	935
ENSG00000285458	NA	20	50	36	20	46	38	40
ENSG00000285471	NA	0	0	0	0	1	0	0
ENSG00000285472	OR4M2-OT1	0	0	0	0	1	0	0
ENSG00000285480	H2BK1	4	8	2	2	4	1	3
ENSG00000285508	MKKS	0	0	25	25	114	56	147
ENSG00000285526	NA	18	22	9	11	17	18	37
ENSG00000285547	NA	16	15	0	13	11	13	0
ENSG00000285566	NA	30	41	23	14	23	18	24
ENSG00000285625	NA	25	37	22	20	19	24	18
ENSG00000285655	NA	0	3	0	0	2	3	0
ENSG00000285723	MKKS	0	0	0	0	0	15	0
ENSG00000285733	NA	7	6	4	10	6	5	6
ENSG00000285749	NA	0	3	0	0	0	0	2
ENSG00000285772	NA	1	0	2	0	2	0	3
ENSG00000285815	GET1-SH3BGR	2	5	0	7	3	9	0
ENSG00000285827	NA	13	22	0	22	24	25	34
ENSG00000285837	NA	5	1	0	0	0	1	3
ENSG00000285868	NA	2	3	0	0	2	1	0
ENSG00000285880	NA	0	0	1	0	1	0	0
ENSG00000285920	NA	16	0	13	0	0	0	0
ENSG00000285938	NA	21	23	9	23	6	6	6
ENSG00000285950	FAM90A10	0	1	0	0	0	0	0
ENSG00000285953	NA	0	8	0	0	0	0	0
ENSG00000285976	NA	1879	1270	1379	968	989	2226	1577
ENSG00000285982	NA	0	11	0	0	7	0	0
ENSG00000286014	SPDYE15	0	0	7	0	0	12	0
ENSG00000286015	NA	0	0	0	0	0	0	1
ENSG00000286019	NOTCH2NLB	453	663	383	410	606	580	690
ENSG00000286053	ASDURF	2	0	2	12	5	0	12
ENSG00000286075	SAGSIN1	478	752	495	480	634	582	752
ENSG00000286095	SPEGNB	0	7	2	4	1	5	1
ENSG00000286098	NA	0	0	3	0	7	7	24
ENSG00000286105	TMEM217B	0	0	0	0	0	2	0
ENSG00000286106	NOTCH2NLR	115	177	117	144	183	182	216
ENSG00000286112	NA	293	320	315	245	419	261	365
ENSG00000286140	DERPC	775	1505	782	885	1387	1257	1681
ENSG00000286143	NA	2	0	0	0	0	0	0
ENSG00000286165	NA	0	0	0	0	1	1	0
ENSG00000286175	FAM246B	0	0	0	0	0	1	0
ENSG00000286185	NA	7	14	6	7	2	8	5
ENSG00000286190	NA	67	102	66	44	34	57	60
ENSG00000286219	NOTCH2NLC	234	274	200	197	190	210	226
ENSG00000286221	NA	0	8	0	0	0	0	0
ENSG00000286235	NA	3	0	0	0	2	0	4
ENSG00000286237	ARMCX5-GPRASP2	20	32	19	11	9	25	28
ENSG00000286264	NA	181	296	195	171	239	26	276
ENSG00000286268	NA	24	11	4	8	39	14	20
ENSG00000286522	H3C2	0	12	8	3	5	3	8
ENSG00000286920	SMIM40	3	2	2	2	7	0	4
ENSG00000287080	H3C3	5	8	7	3	8	4	8
ENSG00000287542	HERC3	30	50	25	8	50	62	48
ENSG00000287856	NA	9	21	5	5	6	0	0
ENSG00000288000	NA	0	0	0	2	0	0	0
ENSG00000288053	NA	4	0	0	0	0	0	7
ENSG00000288520	NA	0	1	0	0	0	0	2
ENSG00000288558	DUS4L-BCAP29	422	627	395	415	523	582	629
ENSG00000288602	C8orf44-SGK3	12	49	6	8	4	10	10
ENSG00000288635	NA	0	2	0	0	0	0	2
ENSG00000288637	NA	14	36	5	26	22	6	64
ENSG00000288649	ACTL10	117	199	136	126	193	181	192
ENSG00000288658	NA	9	10	14	15	12	7	13
ENSG00000288675	PANO1	34	51	20	18	36	16	37
ENSG00000288684	NA	89	87	93	37	102	91	141
ENSG00000288695	NA	6	6	0	0	2	6	0
ENSG00000288701	PRRC2B	11930	19096	10998	12213	12357	11791	14443
ENSG00000288709	F8A2	225	402	235	252	337	352	480
ENSG00000288722	F8A1	581	952	683	619	1056	948	1226
ENSG00000288784	CTAGE4	2	1	0	0	0	0	0
ENSG00000288825	H2AC18	184	0	0	0	0	0	0
ENSG00000288859	H2AC19	0	350	151	144	198	191	173
ENSG00000288864	ARHGAP11A-SCG5	59	120	70	62	75	18	116
ENSG00000288920	RPSAP58	284	431	255	234	391	314	377
ENSG00000289027	NA	174	292	194	159	271	327	355
ENSG00000289281	NA	2	6	0	0	5	1	2
ENSG00000289346	NA	29	35	19	33	44	30	39
ENSG00000289690	NA	18	3	18	21	4	4	14
ENSG00000289694	NA	1401	2270	1593	1472	2063	1714	2192
ENSG00000289697	NA	0	0	0	0	1	1	0
ENSG00000289700	NA	0	0	0	4	0	0	0
ENSG00000289721	PYDC5	8	11	4	0	2	4	4
ENSG00000289747	NA	16	29	23	0	0	0	24
ENSG00000289791	NA	36	161	71	69	145	129	98
ENSG00000290149	NA	0	0	0	0	1	0	0
ENSG00000290183	NA	26	0	84	83	36	84	0
ENSG00000290203	NOX5	2	134	70	78	3	3	89
ENSG00000290292	HOMEZ	91	135	73	76	78	70	99
ENSG00000290315	NA	0	21	9	0	10	10	0
ENSG00000290316	NA	0	3	2	0	0	0	1
ENSG00000290318	NA	533	865	448	469	810	945	1146
ENSG00000291237	SOD2	1299	2007	1085	1217	1435	1366	1823
