ensembl	symbol	HepG2-DMSO-B	HepG2-DMSO-C	HepG2-DMSO-D	HepG2-GiB-A	HepG2-GiB-B	HepG2-GiB-C	HepG2-GiB-D
ENSG00000000003	TSPAN6	3570	2659	2554	2684	2779	2903	4029
ENSG00000000419	DPM1	3035	2529	2231	2568	2612	2832	3879
ENSG00000000457	SCYL3	225	186	180	180	193	224	336
ENSG00000000460	C1orf112	501	444	327	402	418	463	690
ENSG00000001036	FUCA2	7836	5888	5778	6426	6965	7273	9845
ENSG00000001084	GCLC	4258	3117	3113	3299	3567	3653	5361
ENSG00000001167	NFYA	2406	1831	1826	1868	2034	2147	3161
ENSG00000001460	STPG1	151	119	98	133	128	151	230
ENSG00000001461	NIPAL3	520	355	391	406	467	481	646
ENSG00000001497	LAS1L	1213	1024	924	1029	1029	1061	1564
ENSG00000001561	ENPP4	5	1	0	5	1	1	6
ENSG00000001617	SEMA3F	1398	1180	1095	1229	1303	1317	1960
ENSG00000001626	CFTR	5	2	0	1	5	5	8
ENSG00000001629	ANKIB1	1645	1307	1316	1246	1569	1593	2266
ENSG00000001630	CYP51A1	7320	5421	5532	5612	5855	6400	8752
ENSG00000001631	KRIT1	596	493	551	555	505	573	938
ENSG00000002016	RAD52	380	345	291	295	366	373	510
ENSG00000002330	BAD	426	397	298	383	422	407	467
ENSG00000002549	LAP3	4324	3220	3234	3608	3814	3988	5385
ENSG00000002586	CD99	5920	4693	4734	4919	5240	5076	6917
ENSG00000002587	HS3ST1	0	1	1	0	0	1	0
ENSG00000002745	WNT16	0	1	0	3	0	0	3
ENSG00000002746	HECW1	0	2	2	0	2	4	1
ENSG00000002822	MAD1L1	1596	1236	1190	1413	1442	1349	1872
ENSG00000002834	LASP1	20413	16124	15341	15814	17366	18365	25112
ENSG00000002919	SNX11	651	452	376	487	518	586	710
ENSG00000003056	M6PR	4488	3511	3316	3483	3982	4094	5808
ENSG00000003096	KLHL13	17	15	15	20	22	28	27
ENSG00000003137	CYP26B1	29	16	19	23	22	22	35
ENSG00000003147	ICA1	1	2	1	2	0	6	2
ENSG00000003249	DBNDD1	1894	1486	1441	1464	1664	1729	2534
ENSG00000003393	ALS2	692	658	743	573	750	880	1156
ENSG00000003400	CASP10	1088	800	850	851	913	956	1424
ENSG00000003402	CFLAR	2922	2510	2257	2286	2704	2764	4061
ENSG00000003436	TFPI	13334	10099	9984	10659	11202	11958	16916
ENSG00000003509	NDUFAF7	584	492	486	573	542	583	773
ENSG00000003756	RBM5	2243	1836	1717	1678	1877	2071	2886
ENSG00000003987	MTMR7	31	34	27	32	27	46	60
ENSG00000003989	SLC7A2	5478	3876	4411	4233	4626	5526	8123
ENSG00000004059	ARF5	2128	1730	1524	1754	1896	1799	2396
ENSG00000004139	SARM1	57	52	50	53	45	49	59
ENSG00000004142	POLDIP2	4762	3823	3429	3913	4121	4477	5740
ENSG00000004399	PLXND1	4964	3409	3927	3235	4008	4341	6534
ENSG00000004455	AK2	4245	3401	3084	3422	3743	3707	5159
ENSG00000004468	CD38	0	0	1	0	0	1	0
ENSG00000004478	FKBP4	5278	4156	3839	4244	4751	4789	6541
ENSG00000004487	KDM1A	6494	4657	4753	4756	5388	5723	8252
ENSG00000004534	RBM6	2851	2260	2202	2031	2221	2550	3530
ENSG00000004660	CAMKK1	80	74	51	74	66	88	115
ENSG00000004700	RECQL	1442	1011	1054	1103	1127	1314	1673
ENSG00000004766	VPS50	241	192	199	162	246	252	393
ENSG00000004776	HSPB6	13	10	5	9	9	9	15
ENSG00000004777	ARHGAP33	258	229	187	164	193	216	320
ENSG00000004779	NDUFAB1	4451	3532	2970	3567	3813	3910	5223
ENSG00000004799	PDK4	1	0	4	3	4	2	2
ENSG00000004809	SLC22A16	0	0	1	0	1	0	3
ENSG00000004838	ZMYND10	7	10	8	0	5	3	7
ENSG00000004846	ABCB5	9	19	12	12	12	9	15
ENSG00000004848	ARX	0	0	0	1	1	0	0
ENSG00000004864	SLC25A13	3791	2629	2713	2919	3177	3430	4848
ENSG00000004866	ST7	883	654	644	676	673	744	1068
ENSG00000004897	CDC27	4757	3465	3544	3595	3894	4403	6099
ENSG00000004939	SLC4A1	1	2	0	0	3	2	3
ENSG00000004961	HCCS	793	622	628	706	747	736	1015
ENSG00000004975	DVL2	2150	1674	1651	1773	1993	2067	2753
ENSG00000005001	PRSS22	4	0	1	7	5	4	6
ENSG00000005007	UPF1	6270	4837	4623	4940	5434	5269	6344
ENSG00000005020	SKAP2	1451	1061	1039	1198	1208	1332	1998
ENSG00000005022	SLC25A5	11851	9357	8453	10134	10716	10381	14513
ENSG00000005059	MCUB	162	134	93	128	125	138	218
ENSG00000005073	HOXA11	3	0	6	1	6	4	5
ENSG00000005075	POLR2J	1179	1157	841	1126	1177	1129	1427
ENSG00000005100	DHX33	4059	3135	3174	3307	3588	3845	5551
ENSG00000005102	MEOX1	0	0	1	0	0	0	0
ENSG00000005108	THSD7A	0	1	2	0	1	1	1
ENSG00000005156	LIG3	1803	1294	1303	1278	1486	1576	2194
ENSG00000005175	RPAP3	1148	803	972	984	1058	1130	1575
ENSG00000005187	ACSM3	270	225	200	197	195	240	340
ENSG00000005189	REXO5	230	134	164	193	226	139	275
ENSG00000005194	CIAPIN1	2582	2013	1796	2114	2277	2110	2977
ENSG00000005206	SPPL2B	1144	1012	846	922	988	1074	1415
ENSG00000005238	FAM214B	222	193	169	181	184	211	303
ENSG00000005243	COPZ2	7	6	8	5	1	4	3
ENSG00000005249	PRKAR2B	7	6	3	5	5	5	9
ENSG00000005302	MSL3	249	192	194	188	202	220	305
ENSG00000005339	CREBBP	3140	2206	2264	2085	2531	2899	4059
ENSG00000005379	TSPOAP1	1	0	3	1	1	4	1
ENSG00000005421	PON1	7	3	0	6	5	4	9
ENSG00000005436	GCFC2	881	730	695	630	758	801	1227
ENSG00000005448	WDR54	69	54	56	74	80	81	88
ENSG00000005469	CROT	422	314	273	275	280	330	466
ENSG00000005471	ABCB4	646	546	546	528	605	612	822
ENSG00000005483	KMT2E	1218	1149	1024	742	1046	1391	1953
ENSG00000005486	RHBDD2	925	1052	648	1118	815	1162	1222
ENSG00000005513	SOX8	18	17	0	13	15	25	20
ENSG00000005700	IBTK	3333	2318	2580	2318	2626	3022	4272
ENSG00000005801	ZNF195	577	487	430	504	543	570	886
ENSG00000005810	MYCBP2	1728	1221	1398	1182	1372	1724	2387
ENSG00000005812	FBXL3	1001	701	720	792	806	928	1307
ENSG00000005844	ITGAL	63	15	40	25	9	11	34
ENSG00000005882	PDK2	757	608	555	590	654	629	983
ENSG00000005884	ITGA3	96	68	66	59	63	64	120
ENSG00000005889	ZFX	1289	962	910	944	962	1148	1641
ENSG00000005893	LAMP2	6243	4684	4669	4984	5164	5641	8181
ENSG00000005961	ITGA2B	14	11	2	7	8	0	13
ENSG00000005981	ASB4	434	306	326	330	373	364	507
ENSG00000006007	GDE1	2298	1877	1917	2022	2101	2060	3100
ENSG00000006015	REX1BD	170	115	130	119	159	150	201
ENSG00000006016	CRLF1	7024	5859	5632	6367	6445	6639	9175
ENSG00000006025	OSBPL7	314	210	248	243	249	271	436
ENSG00000006042	TMEM98	2897	2202	2174	2259	2539	2524	3424
ENSG00000006047	YBX2	17	21	22	10	13	20	29
ENSG00000006062	MAP3K14	188	197	181	156	208	252	299
ENSG00000006118	TMEM132A	1446	1251	1220	1284	1410	1398	1913
ENSG00000006125	AP2B1	6428	4344	4831	4771	5143	5840	8138
ENSG00000006194	ZNF263	1147	891	797	1015	1041	1172	1577
ENSG00000006210	CX3CL1	4829	3829	3469	3618	4041	4157	5827
ENSG00000006282	SPATA20	1427	1040	1302	1153	1229	1329	1806
ENSG00000006283	CACNA1G	1	1	3	5	0	1	3
ENSG00000006327	TNFRSF12A	1941	1598	1361	1552	1889	1875	2436
ENSG00000006377	DLX6	356	272	268	264	293	376	432
ENSG00000006432	MAP3K9	750	586	655	573	690	702	1093
ENSG00000006451	RALA	1427	1220	1168	1277	1359	1469	1961
ENSG00000006453	BAIAP2L1	1651	1386	1218	1435	1519	1507	2144
ENSG00000006459	KDM7A	1632	1410	1468	1345	1406	1613	2424
ENSG00000006468	ETV1	0	0	4	2	3	0	5
ENSG00000006530	AGK	989	808	799	776	855	909	1365
ENSG00000006534	ALDH3B1	358	273	234	264	314	287	425
ENSG00000006555	TTC22	1	1	1	0	0	0	2
ENSG00000006576	PHTF2	633	523	491	486	510	568	793
ENSG00000006606	CCL26	1	2	2	1	0	0	1
ENSG00000006607	FARP2	1721	1216	1354	1183	1417	1633	2362
ENSG00000006611	USH1C	0	0	0	0	0	1	0
ENSG00000006625	GGCT	1074	974	844	918	952	1048	1318
ENSG00000006634	DBF4	315	216	168	166	305	289	340
ENSG00000006638	TBXA2R	44	31	36	34	49	30	75
ENSG00000006652	IFRD1	961	817	636	1018	1019	1079	1377
ENSG00000006695	COX10	692	500	523	553	655	672	903
ENSG00000006704	GTF2IRD1	1430	1107	1056	1137	1227	1256	1913
ENSG00000006712	PAF1	2065	1596	1571	1626	1887	1868	2654
ENSG00000006715	VPS41	1184	767	896	894	935	1166	1522
ENSG00000006740	ARHGAP44	148	118	101	99	119	146	171
ENSG00000006744	ELAC2	2834	2105	2191	2258	2439	2570	3497
ENSG00000006747	SCIN	9	11	7	7	5	9	10
ENSG00000006756	ARSD	445	315	339	356	400	403	584
ENSG00000006757	PNPLA4	418	377	309	355	406	362	465
ENSG00000006831	ADIPOR2	4603	3410	3474	3500	3818	4232	5792
ENSG00000006837	CDKL3	16	17	15	19	20	25	33
ENSG00000007001	UPP2	1	1	2	0	2	0	1
ENSG00000007047	MARK4	1698	1386	1255	1372	1544	1599	2204
ENSG00000007062	PROM1	253	190	194	184	216	218	316
ENSG00000007080	CCDC124	1929	1557	1287	1589	1718	1690	2245
ENSG00000007168	PAFAH1B1	2984	2086	2180	2280	2370	2705	3729
ENSG00000007171	NOS2	5	5	5	0	0	3	7
ENSG00000007174	DNAH9	0	0	0	0	0	0	1
ENSG00000007202	KIAA0100	7047	4996	5169	5212	5736	6238	9035
ENSG00000007237	GAS7	43	27	32	53	55	72	72
ENSG00000007255	TRAPPC6A	125	97	110	108	141	107	165
ENSG00000007264	MATK	5	4	4	4	6	4	8
ENSG00000007312	CD79B	0	0	0	0	0	0	1
ENSG00000007314	SCN4A	3	1	0	1	2	0	0
ENSG00000007341	ST7L	145	67	96	108	105	101	199
ENSG00000007350	TKTL1	0	0	0	0	0	0	2
ENSG00000007372	PAX6	104	101	99	125	112	103	144
ENSG00000007376	RPUSD1	1372	1012	1049	1125	1238	1145	1627
ENSG00000007384	RHBDF1	454	330	319	306	383	333	466
ENSG00000007392	LUC7L	1056	887	779	921	975	977	1311
ENSG00000007402	CACNA2D2	3	5	5	2	2	0	1
ENSG00000007516	BAIAP3	188	149	141	124	124	149	183
ENSG00000007520	TSR3	1431	1200	1185	1209	1272	1327	1689
ENSG00000007541	PIGQ	742	522	583	573	637	640	962
ENSG00000007545	CRAMP1	1335	1047	982	1000	1138	1244	1712
ENSG00000007866	TEAD3	1973	1643	1509	1567	1768	1754	2496
ENSG00000007908	SELE	0	0	0	2	0	0	1
ENSG00000007923	DNAJC11	3116	2288	2183	2464	2596	2744	3966
ENSG00000007944	MYLIP	213	179	180	185	194	197	308
ENSG00000007952	NOX1	2	3	1	3	4	1	5
ENSG00000007968	E2F2	404	325	362	362	381	439	595
ENSG00000008018	PSMB1	6710	5771	4917	5799	6066	6132	8137
ENSG00000008056	SYN1	6	9	7	6	6	3	10
ENSG00000008083	JARID2	1610	1177	1227	1248	1351	1502	2150
ENSG00000008086	CDKL5	547	387	350	341	396	479	729
ENSG00000008128	CDK11A	1203	998	1014	981	1038	1044	1381
ENSG00000008130	NADK	3663	2935	2751	3130	3284	3213	4649
ENSG00000008196	TFAP2B	0	1	1	1	0	0	1
ENSG00000008226	DLEC1	1	3	3	5	4	6	25
ENSG00000008256	CYTH3	388	327	309	305	352	348	484
ENSG00000008277	ADAM22	344	263	327	293	290	352	568
ENSG00000008282	SYPL1	2022	1467	1474	1662	1632	1749	2574
ENSG00000008283	CYB561	243	165	201	182	198	235	291
ENSG00000008294	SPAG9	4828	3602	3637	3515	4015	4373	6431
ENSG00000008300	CELSR3	824	641	671	570	634	828	1143
ENSG00000008311	AASS	1615	1105	1121	1096	1141	1248	1892
ENSG00000008323	PLEKHG6	639	542	461	494	560	624	817
ENSG00000008324	SS18L2	584	530	407	449	486	526	692
ENSG00000008382	MPND	449	400	392	404	443	466	600
ENSG00000008394	MGST1	5579	4255	3996	4699	4674	4711	6588
ENSG00000008405	CRY1	1070	709	732	793	867	937	1290
ENSG00000008438	PGLYRP1	2	0	1	0	0	1	3
ENSG00000008441	NFIX	2202	1640	1679	1569	1950	2071	3140
ENSG00000008513	ST3GAL1	2391	1785	1880	1852	2060	2257	3017
ENSG00000008516	MMP25	7	6	4	5	7	5	0
ENSG00000008517	IL32	4607	3884	3532	3777	4049	3956	5429
ENSG00000008710	PKD1	2128	1897	1668	1582	2017	2071	3055
ENSG00000008735	MAPK8IP2	275	244	254	245	297	285	361
ENSG00000008838	MED24	4351	3536	3308	3498	3746	3931	5544
ENSG00000008853	RHOBTB2	515	417	459	414	505	533	833
ENSG00000008869	HEATR5B	1237	828	877	827	941	1058	1565
ENSG00000008952	SEC62	4424	3505	3366	3900	3720	4107	5682
ENSG00000008988	RPS20	13296	12149	9427	11228	12165	12507	16755
ENSG00000009307	CSDE1	17813	13245	13270	13571	14963	16321	23379
ENSG00000009335	UBE3C	3708	2831	2763	2782	3129	3285	4926
ENSG00000009413	REV3L	1209	1134	852	743	1073	1687	2482
ENSG00000009694	TENM1	2	0	2	0	2	1	2
ENSG00000009724	MASP2	162	166	156	171	184	221	245
ENSG00000009765	IYD	19	14	8	14	10	25	27
ENSG00000009780	FAM76A	348	283	267	269	307	302	445
ENSG00000009830	POMT2	415	325	301	322	391	350	416
ENSG00000009844	VTA1	3165	2380	2277	2512	2599	2821	4036
ENSG00000009950	MLXIPL	5944	5435	4542	4660	5332	5538	8420
ENSG00000009954	BAZ1B	6473	5007	5235	5139	5773	6324	8992
ENSG00000010017	RANBP9	2862	2179	2107	2249	2436	2598	3747
ENSG00000010030	ETV7	1	2	3	2	3	2	3
ENSG00000010072	SPRTN	534	413	382	410	417	448	707
ENSG00000010165	METTL13	1445	1115	1069	1216	1343	1338	1758
ENSG00000010219	DYRK4	152	118	99	129	133	125	206
ENSG00000010244	ZNF207	6515	5178	5032	5189	5385	6275	8693
ENSG00000010256	UQCRC1	7686	6242	5690	6522	6937	6903	9197
ENSG00000010270	STARD3NL	1102	807	792	853	924	975	1319
ENSG00000010278	CD9	448	361	392	372	373	409	588
ENSG00000010282	HHATL	0	0	0	1	0	0	0
ENSG00000010292	NCAPD2	7128	5446	5306	5450	6110	6517	9173
ENSG00000010295	IFFO1	440	381	323	332	408	433	636
ENSG00000010310	GIPR	19	23	13	33	15	29	25
ENSG00000010318	PHF7	89	77	53	54	89	79	123
ENSG00000010319	SEMA3G	905	705	735	691	754	761	1109
ENSG00000010322	NISCH	2128	1719	1550	1594	1815	1951	2867
ENSG00000010327	STAB1	6	6	1	0	4	6	15
ENSG00000010361	FUZ	0	0	1	0	2	8	3
ENSG00000010379	SLC6A13	3	2	3	1	3	4	2
ENSG00000010404	IDS	712	527	516	610	661	699	1064
ENSG00000010539	ZNF200	410	291	346	291	337	389	489
ENSG00000010610	CD4	20	23	33	23	31	25	34
ENSG00000010626	LRRC23	68	42	58	55	30	64	85
ENSG00000010671	BTK	1	0	0	0	0	0	0
ENSG00000010704	HFE	269	231	209	248	240	237	322
ENSG00000010803	SCMH1	1568	1223	1161	1343	1569	1545	2197
ENSG00000010810	FYN	788	563	568	615	681	682	955
ENSG00000010818	HIVEP2	825	523	574	531	614	714	1126
ENSG00000011007	ELOA	2407	1760	1858	1985	2056	2263	3275
ENSG00000011009	LYPLA2	3387	2722	2537	2853	3047	3084	4279
ENSG00000011021	CLCN6	2085	1687	1518	1425	1606	1791	2630
ENSG00000011028	MRC2	0	0	0	0	0	0	1
ENSG00000011052	NME1-NME2	220	205	175	182	197	169	271
ENSG00000011105	TSPAN9	1444	1200	1142	1163	1269	1374	1920
ENSG00000011114	BTBD7	1303	635	722	862	871	1045	1516
ENSG00000011132	APBA3	355	284	281	359	347	368	490
ENSG00000011143	MKS1	387	349	269	370	354	322	544
ENSG00000011198	ABHD5	197	156	132	134	169	191	272
ENSG00000011201	ANOS1	4	2	0	1	1	2	3
ENSG00000011243	AKAP8L	1536	1063	1108	1277	1374	1402	2043
ENSG00000011258	MBTD1	1651	1229	1236	1293	1309	1523	2282
ENSG00000011260	UTP18	2553	1971	1984	2124	2331	2341	3204
ENSG00000011275	RNF216	2140	1826	1627	1708	1949	2010	2803
ENSG00000011295	TTC19	471	398	301	348	418	393	648
ENSG00000011304	PTBP1	20626	16454	15336	16194	18067	18816	26670
ENSG00000011332	DPF1	130	124	122	126	119	128	147
ENSG00000011347	SYT7	100	98	85	94	110	109	138
ENSG00000011376	LARS2	1895	1376	1420	1585	1641	1739	2469
ENSG00000011405	PIK3C2A	4027	2817	2927	2892	3161	3694	5462
ENSG00000011422	PLAUR	110	93	76	79	90	82	134
ENSG00000011426	ANLN	3733	2658	2829	2596	3049	3387	5018
ENSG00000011451	WIZ	1592	1160	1213	1224	1351	1457	2099
ENSG00000011454	RABGAP1	1677	1226	1419	1325	1449	1575	2406
ENSG00000011478	QPCTL	1151	952	822	937	1006	964	1376
ENSG00000011485	PPP5C	2434	1872	1773	1982	2150	2289	3021
ENSG00000011523	CEP68	511	454	436	522	485	599	845
ENSG00000011566	MAP4K3	3714	2636	2763	2898	3013	3330	4997
ENSG00000011638	LDAF1	301	220	225	249	291	310	393
ENSG00000011677	GABRA3	2	0	0	1	1	0	1
ENSG00000012048	BRCA1	1545	1150	1243	1367	1293	1597	2253
ENSG00000012061	ERCC1	1150	878	815	922	1022	1010	1495
ENSG00000012124	CD22	93	87	53	103	80	91	152
ENSG00000012171	SEMA3B	11422	9222	8797	9042	9545	9772	13552
ENSG00000012174	MBTPS2	1242	829	934	971	1032	1243	1658
ENSG00000012211	PRICKLE3	279	218	200	202	237	219	386
ENSG00000012232	EXTL3	1581	1169	987	1144	986	1269	1723
ENSG00000012504	NR1H4	2104	1620	1396	1660	1792	1931	2793
ENSG00000012660	ELOVL5	4608	3643	3572	3718	3898	4278	5962
ENSG00000012779	ALOX5	0	1	0	0	0	0	0
ENSG00000012817	KDM5D	1628	1363	1370	1288	1433	1526	2177
ENSG00000012822	CALCOCO1	496	429	391	321	380	445	607
ENSG00000012963	UBR7	1103	851	845	863	918	990	1430
ENSG00000012983	MAP4K5	1537	1107	1106	1245	1312	1402	2107
ENSG00000013016	EHD3	24	14	16	17	16	15	25
ENSG00000013275	PSMC4	4389	3453	3099	3719	3852	3663	5561
ENSG00000013288	MAN2B2	1149	889	858	908	1038	1045	1637
ENSG00000013293	SLC7A14	8	11	16	16	14	11	25
ENSG00000013297	CLDN11	138	98	131	85	96	138	137
ENSG00000013306	SLC25A39	6545	5483	4875	5558	5749	5918	8157
ENSG00000013364	MVP	2381	1843	1896	1944	2151	2234	3135
ENSG00000013374	NUB1	1192	885	884	971	983	1075	1572
ENSG00000013375	PGM3	3899	2788	2843	2725	3065	3416	4865
ENSG00000013392	RWDD2A	455	342	335	332	377	413	526
ENSG00000013441	CLK1	396	382	313	437	453	403	639
ENSG00000013503	POLR3B	800	594	622	711	757	744	1152
ENSG00000013523	ANGEL1	1229	891	947	958	1015	1166	1581
ENSG00000013561	RNF14	605	463	476	518	552	551	834
ENSG00000013563	DNASE1L1	244	180	147	198	211	201	322
ENSG00000013573	DDX11	1356	1143	871	1002	1194	1205	1709
ENSG00000013583	HEBP1	1039	811	827	862	929	979	1403
ENSG00000013588	GPRC5A	126	107	78	118	166	142	251
ENSG00000013619	MAMLD1	7	7	3	5	2	5	11
ENSG00000013810	TACC3	3092	2462	2353	2447	2626	2731	3916
ENSG00000014123	UFL1	1711	1276	1344	1433	1518	1644	2354
ENSG00000014138	POLA2	395	267	266	372	271	370	501
ENSG00000014164	ZC3H3	1261	1008	928	981	1064	1168	1652
ENSG00000014216	CAPN1	5351	4139	4192	4356	4708	4676	6591
ENSG00000014641	MDH1	5882	4541	4050	4597	4767	4883	6670
ENSG00000014824	SLC30A9	1340	999	1011	1197	1166	1200	1714
ENSG00000014914	MTMR11	33	34	25	42	31	29	15
ENSG00000014919	COX15	1966	1376	1468	1532	1646	1815	2441
ENSG00000015133	CCDC88C	1286	947	1002	946	1094	1195	1582
ENSG00000015153	YAF2	405	275	280	349	333	362	433
ENSG00000015171	ZMYND11	2277	1737	1881	1887	2043	2379	3300
ENSG00000015285	WAS	6	2	0	5	1	4	3
ENSG00000015413	DPEP1	896	703	629	658	644	697	929
ENSG00000015475	BID	950	747	697	753	811	816	1194
ENSG00000015479	MATR3	9720	7386	7362	8225	7993	9150	12756
ENSG00000015520	NPC1L1	1779	1320	1252	1321	1459	1617	2240
ENSG00000015532	XYLT2	1120	848	792	825	845	1012	1431
ENSG00000015568	RGPD5	655	10	18	22	19	15	27
ENSG00000015592	STMN4	0	1	0	0	0	0	0
ENSG00000015676	NUDCD3	485	403	356	459	473	500	672
ENSG00000016391	CHDH	5909	4894	4595	4550	5091	5305	7571
ENSG00000016490	CLCA1	0	0	0	0	0	0	1
ENSG00000016602	CLCA4	2	0	0	0	0	0	0
ENSG00000016864	GLT8D1	1846	1556	1374	1581	1667	1686	2407
ENSG00000017260	ATP2C1	2502	1755	1914	1942	2086	2436	3197
ENSG00000017427	IGF1	1	0	0	0	0	0	0
ENSG00000017483	SLC38A5	2942	2398	2161	2309	2680	2574	3726
ENSG00000017797	RALBP1	2904	2367	2184	2467	2489	2671	3700
ENSG00000018189	RUFY3	643	501	514	464	518	602	918
ENSG00000018236	CNTN1	0	0	1	1	0	3	1
ENSG00000018280	SLC11A1	23	25	25	24	23	31	40
ENSG00000018408	WWTR1	4619	3353	3577	3525	3813	4196	6110
ENSG00000018510	AGPS	2858	1920	1849	2242	2183	2513	3427
ENSG00000018610	STEEP1	686	554	493	608	668	676	851
ENSG00000018625	ATP1A2	0	1	1	2	0	0	3
ENSG00000018699	TTC27	1771	1450	1286	1536	1575	1688	2363
ENSG00000018869	ZNF582	18	27	19	20	22	22	26
ENSG00000019102	VSIG2	64	58	64	47	67	73	96
ENSG00000019144	PHLDB1	539	417	493	497	556	715	894
ENSG00000019186	CYP24A1	2878	2156	2024	2286	2346	2710	4038
ENSG00000019485	PRDM11	350	288	280	294	340	318	517
ENSG00000019505	SYT13	10	7	13	11	27	11	16
ENSG00000019549	SNAI2	1	2	1	3	1	2	5
ENSG00000019582	CD74	3039	2521	2364	2483	2646	2725	3979
ENSG00000019995	ZRANB1	1510	1141	1148	1185	1195	1329	1963
ENSG00000020129	NCDN	932	811	762	722	893	983	1279
ENSG00000020181	ADGRA2	19	22	19	23	24	25	29
ENSG00000020256	ZFP64	1223	885	902	1029	1117	1177	1681
ENSG00000020426	MNAT1	871	677	622	746	736	775	1049
ENSG00000020577	SAMD4A	1333	1149	1017	915	1059	1225	1819
ENSG00000020633	RUNX3	34	28	24	15	34	33	36
ENSG00000020922	MRE11	1486	1211	1157	1188	1250	1402	2019
ENSG00000021300	PLEKHB1	2909	2430	2187	2289	2554	2593	3620
ENSG00000021355	SERPINB1	1567	1210	1178	1264	1295	1420	2011
ENSG00000021461	CYP3A43	26	26	17	21	21	31	39
ENSG00000021488	SLC7A9	124	96	101	126	114	113	164
ENSG00000021574	SPAST	1713	1204	1409	1358	1347	1572	2252
ENSG00000021645	NRXN3	6	5	5	4	6	7	8
ENSG00000021762	OSBPL5	0	1	1	1	0	2	5
ENSG00000021776	AQR	1143	855	907	860	970	1175	1637
ENSG00000021826	CPS1	1533	976	1267	1122	1347	1509	2222
ENSG00000021852	C8B	181	126	116	148	102	141	247
ENSG00000022267	FHL1	0	0	0	1	2	9	5
ENSG00000022277	RTF2	4098	3377	2910	3225	3470	3740	5007
ENSG00000022355	GABRA1	0	0	0	0	0	2	0
ENSG00000022556	NLRP2	1	1	0	0	2	0	1
ENSG00000022567	SLC45A4	0	0	0	2	0	0	0
ENSG00000022840	RNF10	5265	4117	4122	4332	4490	4962	6838
ENSG00000022976	ZNF839	357	312	238	294	316	353	459
ENSG00000023041	ZDHHC6	1024	830	812	845	975	917	1272
ENSG00000023171	GRAMD1B	30	37	35	24	19	33	32
ENSG00000023191	RNH1	3543	2709	2690	3026	3120	3102	4135
ENSG00000023228	NDUFS1	7314	5341	5295	5498	5977	6366	9134
ENSG00000023287	RB1CC1	2830	2002	2255	2156	2264	2593	3920
ENSG00000023318	ERP44	2190	1626	1584	1670	1723	1836	2540
ENSG00000023330	ALAS1	1462	1208	1083	1215	1306	1448	1950
ENSG00000023445	BIRC3	91	55	56	52	55	65	105
ENSG00000023516	AKAP11	1496	1054	1187	1123	1193	1484	2101
ENSG00000023572	GLRX2	291	234	222	265	295	283	380
ENSG00000023608	SNAPC1	338	310	319	325	328	320	474
ENSG00000023697	DERA	1194	969	868	995	1075	1093	1504
ENSG00000023734	STRAP	5331	3676	3779	4199	4446	4583	6515
ENSG00000023839	ABCC2	19083	15594	14289	13901	15539	17632	25591
ENSG00000023892	DEF6	270	242	238	268	311	279	406
ENSG00000023902	PLEKHO1	475	411	363	393	392	417	606
ENSG00000023909	GCLM	1872	1415	1502	1451	1599	1743	2408
ENSG00000024048	UBR2	2503	1913	1882	1881	2056	2378	3585
ENSG00000024422	EHD2	50	24	46	27	29	44	30
ENSG00000024526	DEPDC1	983	636	661	701	798	832	1245
ENSG00000024862	CCDC28A	386	279	263	321	377	318	492
ENSG00000025039	RRAGD	26	5	18	9	24	10	39
ENSG00000025156	HSF2	706	530	514	588	572	658	992
ENSG00000025293	PHF20	1702	1287	1332	1417	1446	1648	2362
ENSG00000025423	HSD17B6	10	10	7	5	16	5	5
ENSG00000025434	NR1H3	790	654	589	668	718	753	950
ENSG00000025708	TYMP	174	134	106	148	115	144	187
ENSG00000025770	NCAPH2	2077	1682	1483	1646	1850	1804	2420
ENSG00000025772	TOMM34	3237	2460	2376	2700	2958	2983	4254
ENSG00000025796	SEC63	5161	3951	4049	4152	4455	5120	7113
ENSG00000025800	KPNA6	3848	2868	2812	2935	3275	3568	4787
ENSG00000026025	VIM	9	2	0	8	0	4	7
ENSG00000026103	FAS	287	196	138	232	215	286	396
ENSG00000026297	RNASET2	1759	1475	1352	1279	1350	1423	2037
ENSG00000026508	CD44	2	0	0	2	0	0	1
ENSG00000026559	KCNG1	0	0	0	0	0	0	3
ENSG00000026652	AGPAT4	7	4	5	1	4	5	4
ENSG00000026751	SLAMF7	0	0	0	1	0	0	1
ENSG00000026950	BTN3A1	545	421	395	428	444	482	689
ENSG00000027001	MIPEP	842	621	599	622	655	714	995
ENSG00000027075	PRKCH	63	41	52	49	40	67	82
ENSG00000027644	INSRR	0	0	0	0	0	0	1
ENSG00000027697	IFNGR1	2973	2200	2185	2508	2716	2777	3792
ENSG00000027847	B4GALT7	604	502	423	442	507	515	793
ENSG00000027869	SH2D2A	20	8	7	13	14	12	36
ENSG00000028116	VRK2	881	687	645	770	754	835	1230
ENSG00000028137	TNFRSF1B	5	0	0	0	0	0	6
ENSG00000028203	VEZT	367	320	260	290	333	378	491
ENSG00000028277	POU2F2	17	21	22	14	16	21	29
ENSG00000028310	BRD9	864	651	626	708	803	809	1105
ENSG00000028528	SNX1	4777	3871	3376	3692	4166	4303	6033
ENSG00000028839	TBPL1	567	513	404	497	492	566	772
ENSG00000029153	ARNTL2	1017	767	728	838	796	921	1372
ENSG00000029363	BCLAF1	7952	5324	6399	6480	6819	7545	10960
ENSG00000029364	SLC39A9	2350	1775	1830	1747	1978	2112	2978
ENSG00000029534	ANK1	19	13	23	26	21	20	21
ENSG00000029639	TFB1M	1935	1526	1402	1526	1650	1654	2410
ENSG00000029725	RABEP1	1941	1397	1510	1563	1655	1945	2735
ENSG00000029993	HMGB3	2269	1719	1638	1849	1994	2134	2797
ENSG00000030066	NUP160	3695	2722	2772	2760	3195	3536	4796
ENSG00000030110	BAK1	1289	1054	950	1155	1297	1153	1622
ENSG00000030304	MUSK	0	0	0	1	0	0	0
ENSG00000030419	IKZF2	26	10	18	20	19	25	22
ENSG00000030582	GRN	7637	6017	5826	6243	6802	6959	9776
ENSG00000031003	FAM13B	847	661	619	556	684	773	1117
ENSG00000031081	ARHGAP31	1	3	3	2	1	4	2
ENSG00000031691	CENPQ	494	434	387	437	435	469	648
ENSG00000031698	SARS1	3403	2889	2657	3340	3648	3600	4827
ENSG00000031823	RANBP3	3057	2392	2515	2457	2731	2761	3919
ENSG00000032219	ARID4A	1290	924	1016	1058	976	1136	1671
ENSG00000032389	EIPR1	1889	1631	1410	1653	1687	1797	2433
ENSG00000032444	PNPLA6	2044	1617	1519	1577	1664	1772	2514
ENSG00000032742	IFT88	584	475	446	432	541	524	721
ENSG00000033011	ALG1	2821	2165	2164	2223	2415	2376	3447
ENSG00000033030	ZCCHC8	785	736	660	666	842	844	1161
ENSG00000033050	ABCF2	1797	1329	1337	1521	1640	1544	2182
ENSG00000033100	CHPF2	2145	1743	1723	1695	2003	2005	2738
ENSG00000033122	LRRC7	60	60	37	47	42	46	80
ENSG00000033170	FUT8	763	515	540	504	669	685	890
ENSG00000033178	UBA6	2630	1969	1986	1966	2080	2412	3446
ENSG00000033327	GAB2	578	418	437	441	496	569	850
ENSG00000033627	ATP6V0A1	2054	1586	1513	1504	1767	1911	2791
ENSG00000033800	PIAS1	1469	1129	1043	1158	1267	1475	2094
ENSG00000033867	SLC4A7	1474	1053	1111	1183	1285	1372	2026
ENSG00000034053	APBA2	64	28	58	57	49	47	100
ENSG00000034152	MAP2K3	3661	2926	2905	2985	3314	3143	4475
ENSG00000034510	TMSB10	11425	9726	8039	9468	9671	9616	13186
ENSG00000034533	ASTE1	157	137	137	138	143	157	236
ENSG00000034677	RNF19A	1269	949	942	940	977	1143	1525
ENSG00000034693	PEX3	993	745	667	718	824	780	1189
ENSG00000034713	GABARAPL2	1563	1301	1278	1339	1448	1461	1897
ENSG00000035115	SH3YL1	205	194	172	207	148	217	239
ENSG00000035141	FAM136A	3698	2894	2779	2948	3078	3397	4493
ENSG00000035403	VCL	2766	1811	2131	2097	2295	2565	3722
ENSG00000035499	DEPDC1B	1511	1146	1101	1203	1221	1386	1962
ENSG00000035664	DAPK2	4	9	6	6	3	5	7
ENSG00000035681	NSMAF	1191	822	899	888	943	1006	1563
ENSG00000035687	ADSS2	2066	1474	1622	1745	1781	1930	2713
ENSG00000035862	TIMP2	1784	1339	1382	1434	1476	1677	2065
ENSG00000035928	RFC1	4952	3479	4015	4001	4047	4664	6668
ENSG00000036054	TBC1D23	1556	1036	1161	1241	1142	1368	2080
ENSG00000036257	CUL3	3475	2735	2641	2802	2995	3128	4227
ENSG00000036448	MYOM2	0	0	0	1	0	0	0
ENSG00000036473	OTC	8	0	4	3	6	4	7
ENSG00000036530	CYP46A1	0	0	0	1	0	0	1
ENSG00000036549	ZZZ3	1407	948	1033	1064	1116	1327	1815
ENSG00000036672	USP2	789	629	592	645	755	740	1005
ENSG00000036828	CASR	35	57	36	30	45	49	76
ENSG00000037042	TUBG2	669	564	477	491	575	566	882
ENSG00000037241	RPL26L1	933	814	630	790	725	798	1036
ENSG00000037280	FLT4	4	4	3	4	5	1	8
ENSG00000037474	NSUN2	3580	2619	2679	2805	3159	3204	4745
ENSG00000037637	FBXO42	695	549	549	522	590	656	894
ENSG00000037749	MFAP3	1031	800	821	830	844	970	1391
ENSG00000037757	MRI1	1094	865	881	897	971	909	1334
ENSG00000037897	METTL1	508	389	328	477	453	397	587
ENSG00000037965	HOXC8	6	0	5	0	5	2	2
ENSG00000038002	AGA	484	412	357	415	448	475	676
ENSG00000038210	PI4K2B	1712	1221	1213	1204	1327	1468	2005
ENSG00000038219	BOD1L1	2747	2117	2136	1967	2125	2509	3788
ENSG00000038274	MAT2B	1537	1216	1195	1375	1436	1525	2007
ENSG00000038358	EDC4	3803	2869	2959	3115	3352	3534	4748
ENSG00000038382	TRIO	2143	1603	1524	1176	1615	2147	2940
ENSG00000038427	VCAN	491	360	340	400	393	457	684
ENSG00000038532	CLEC16A	1757	1348	1332	1294	1464	1593	2275
ENSG00000039068	CDH1	900	598	716	634	726	798	1108
ENSG00000039123	MTREX	3409	2267	2449	2632	2812	3213	4500
ENSG00000039139	DNAH5	2	1	0	0	1	0	0
ENSG00000039319	ZFYVE16	1451	875	1150	1051	1144	1344	2183
ENSG00000039523	RIPOR1	2050	1541	1608	1634	1824	1781	2576
ENSG00000039537	C6	28	19	20	19	25	17	27
ENSG00000039560	RAI14	1466	978	1026	1096	1122	1336	1878
ENSG00000039600	SOX30	0	0	0	0	1	0	1
ENSG00000039650	PNKP	615	477	407	440	482	483	698
ENSG00000039987	BEST2	0	0	0	0	1	3	1
ENSG00000040199	PHLPP2	845	673	607	605	694	772	1172
ENSG00000040275	SPDL1	1160	904	834	877	977	966	1445
ENSG00000040341	STAU2	1028	825	828	853	886	989	1454
ENSG00000040487	SLC66A1	788	731	626	675	728	724	1029
ENSG00000040531	CTNS	832	616	656	640	771	741	1046
ENSG00000040608	RTN4R	33	27	35	38	48	45	62
ENSG00000040633	PHF23	1466	1157	1070	1238	1389	1370	1950
ENSG00000040731	CDH10	0	0	0	1	0	0	0
ENSG00000040933	INPP4A	816	574	640	639	676	763	1126
ENSG00000041357	PSMA4	3400	2778	2398	2923	3053	2921	3970
ENSG00000041515	MYO16	1	0	0	0	0	0	0
ENSG00000041802	LSG1	1330	1036	1077	1108	1179	1257	1680
ENSG00000041880	PARP3	650	544	444	489	513	581	841
ENSG00000041982	TNC	1	0	0	0	0	1	3
ENSG00000041988	THAP3	326	310	225	272	299	319	390
ENSG00000042062	RIPOR3	3	3	5	8	7	4	5
ENSG00000042088	TDP1	811	628	658	633	712	801	1035
ENSG00000042286	AIFM2	5086	4375	3755	4411	4909	4820	6157
ENSG00000042317	SPATA7	84	82	58	77	78	99	154
ENSG00000042429	MED17	121	26	223	135	104	114	175
ENSG00000042445	RETSAT	2683	2220	2034	2077	2339	2502	3431
ENSG00000042493	CAPG	235	159	174	204	250	206	260
ENSG00000042753	AP2S1	1853	1626	1413	1527	1693	1651	2201
ENSG00000042781	USH2A	7	4	3	3	5	2	5
ENSG00000042832	TG	0	0	0	1	0	0	1
ENSG00000042980	ADAM28	0	0	0	0	0	0	1
ENSG00000043039	BARX2	0	0	0	0	0	0	1
ENSG00000043093	DCUN1D1	1434	1015	1011	1035	1130	1282	1840
ENSG00000043143	JADE2	1151	909	989	947	1029	1119	1581
ENSG00000043355	ZIC2	66	42	63	67	55	67	116
ENSG00000043514	TRIT1	345	304	247	372	323	343	434
ENSG00000043591	ADRB1	0	0	0	1	0	0	1
ENSG00000044012	GUCA2B	0	0	0	0	0	0	1
ENSG00000044090	CUL7	3113	2289	2283	2349	2775	2948	4577
ENSG00000044115	CTNNA1	9896	7279	7290	7633	8199	9100	12201
ENSG00000044446	PHKA2	2867	2316	2083	1864	2160	2610	3751
ENSG00000044459	CNTLN	216	160	181	191	214	247	276
ENSG00000044524	EPHA3	0	0	0	0	1	1	0
ENSG00000044574	HSPA5	59903	45285	45874	44214	45681	48717	67518
ENSG00000046604	DSG2	5893	4203	4628	4798	5244	5700	8316
ENSG00000046647	GEMIN8	355	307	247	310	322	298	510
ENSG00000046651	OFD1	473	258	355	397	376	401	656
ENSG00000046653	GPM6B	39	37	34	26	38	26	54
ENSG00000046774	MAGEC2	1	0	0	0	0	1	0
ENSG00000046889	PREX2	0	1	0	1	0	2	0
ENSG00000047056	WDR37	641	519	456	418	413	491	826
ENSG00000047188	YTHDC2	1473	1103	1171	1196	1209	1470	2255
ENSG00000047230	CTPS2	1360	1052	1062	1125	1217	1403	1832
ENSG00000047249	ATP6V1H	1178	862	744	974	848	984	1216
ENSG00000047315	POLR2B	5198	3483	3881	4097	4303	4671	6888
ENSG00000047346	FAM214A	389	255	285	298	297	399	515
ENSG00000047365	ARAP2	56	23	30	38	40	36	68
ENSG00000047410	TPR	7255	5412	5482	5375	5897	6866	10017
ENSG00000047457	CP	8401	5985	6552	5556	6033	7030	10088
ENSG00000047578	KATNIP	865	653	667	628	769	829	1195
ENSG00000047579	DTNBP1	517	367	321	383	420	397	574
ENSG00000047621	C12orf4	425	294	302	320	354	385	515
ENSG00000047634	SCML1	1772	1408	1274	1390	1591	1637	2324
ENSG00000047644	WWC3	282	204	205	191	233	236	341
ENSG00000047648	ARHGAP6	0	1	0	0	3	2	0
ENSG00000047662	FAM184B	12	13	7	12	11	12	19
ENSG00000047849	MAP4	9948	7369	7498	7389	8402	9172	13053
ENSG00000047932	GOPC	2789	2047	2088	2277	2313	2639	3708
ENSG00000047936	ROS1	1	2	4	5	2	6	2
ENSG00000048028	USP28	1127	907	882	905	975	1043	1480
ENSG00000048052	HDAC9	4	7	6	5	11	9	8
ENSG00000048140	TSPAN17	913	731	703	777	834	965	1169
ENSG00000048162	NOP16	1242	1038	913	1014	1051	1098	1511
ENSG00000048342	CC2D2A	336	200	235	262	291	297	434
ENSG00000048392	RRM2B	1592	1114	1276	1282	1394	1361	1981
ENSG00000048405	ZNF800	570	389	382	385	433	505	789
ENSG00000048471	SNX29	590	370	427	387	532	540	733
ENSG00000048540	LMO3	2	3	1	4	0	0	0
ENSG00000048544	MRPS10	2333	1826	1720	1887	2111	2080	2924
ENSG00000048545	GUCA1A	12	14	13	14	17	16	27
ENSG00000048649	RSF1	1801	1321	1410	1588	1675	1757	2428
ENSG00000048707	VPS13D	811	563	679	581	666	890	1181
ENSG00000048740	CELF2	1	0	0	0	0	1	0
ENSG00000048828	FAM120A	6670	4938	5073	5157	5474	6051	8581
ENSG00000048991	R3HDM1	3114	2324	2500	2334	2504	2987	4298
ENSG00000049089	COL9A2	1466	1274	1090	1088	1283	1307	1810
ENSG00000049130	KITLG	359	256	268	254	266	323	450
ENSG00000049167	ERCC8	502	398	387	482	513	518	631
ENSG00000049192	ADAMTS6	163	161	157	118	152	162	231
ENSG00000049239	H6PD	2304	1800	1690	1797	2106	2261	3129
ENSG00000049245	VAMP3	3613	2746	2684	2879	3103	3258	4584
ENSG00000049246	PER3	293	236	240	232	249	285	443
ENSG00000049249	TNFRSF9	8	11	0	9	3	12	12
ENSG00000049283	EPN3	98	83	83	79	76	112	89
ENSG00000049323	LTBP1	25	26	25	28	35	30	41
ENSG00000049449	RCN1	1647	1295	1291	1592	1687	1876	2520
ENSG00000049540	ELN	29	32	25	17	27	23	39
ENSG00000049541	RFC2	966	738	688	823	822	946	1166
ENSG00000049618	ARID1B	2941	2046	2166	2038	2333	2856	3963
ENSG00000049656	CLPTM1L	3468	2731	2583	2861	3042	2983	4025
ENSG00000049759	NEDD4L	7428	5763	5672	5888	6346	6828	9395
ENSG00000049768	FOXP3	2	2	0	1	0	1	3
ENSG00000049769	PPP1R3F	35	20	25	17	30	25	39
ENSG00000049860	HEXB	2301	1768	1756	1960	1886	2087	2942
ENSG00000049883	PTCD2	399	290	302	301	297	299	496
ENSG00000050030	NEXMIF	0	0	0	0	2	0	1
ENSG00000050130	JKAMP	1278	966	919	972	1035	1121	1532
ENSG00000050165	DKK3	0	0	1	0	1	8	5
ENSG00000050327	ARHGEF5	97	75	84	90	100	104	135
ENSG00000050344	NFE2L3	535	460	368	446	425	444	650
ENSG00000050393	MCUR1	1340	1017	986	1110	1204	1232	1796
ENSG00000050405	LIMA1	1731	1303	1368	1481	1600	1676	2448
ENSG00000050426	LETMD1	568	490	452	508	497	490	727
ENSG00000050438	SLC4A8	29	33	29	27	26	29	45
ENSG00000050555	LAMC3	119	99	93	79	94	107	133
ENSG00000050628	PTGER3	2	0	0	3	0	0	0
ENSG00000050730	TNIP3	0	0	0	0	0	0	1
ENSG00000050748	MAPK9	1982	1525	1490	1572	1661	1877	2534
ENSG00000050820	BCAR1	5060	3653	3824	3879	4296	4554	6106
ENSG00000051009	FHIP1B	554	400	425	392	468	501	707
ENSG00000051108	HERPUD1	3058	2536	2174	2519	2793	2838	4247
ENSG00000051128	HOMER3	886	801	682	755	831	794	1097
ENSG00000051180	RAD51	605	405	370	454	523	478	684
ENSG00000051341	POLQ	774	655	553	555	649	779	1103
ENSG00000051382	PIK3CB	1693	1065	1149	1184	1195	1375	2012
ENSG00000051523	CYBA	5975	5665	4640	5377	5997	5538	6986
ENSG00000051596	THOC3	2351	1840	1722	1719	1897	1960	2737
ENSG00000051620	HEBP2	2287	1978	1721	1835	1935	1974	2773
ENSG00000051825	MPHOSPH9	815	685	636	656	707	790	1207
ENSG00000052126	PLEKHA5	667	514	574	518	556	668	1006
ENSG00000052344	PRSS8	79	69	65	92	106	113	120
ENSG00000052723	SIKE1	1528	1215	1138	1190	1308	1460	2055
ENSG00000052749	RRP12	2957	2195	2146	2287	2513	2656	3665
ENSG00000052795	FNIP2	1477	1107	1136	1137	1337	1389	2001
ENSG00000052802	MSMO1	5201	4138	3896	3838	4044	4346	5941
ENSG00000052841	TTC17	1722	1260	1268	1317	1564	1614	2364
ENSG00000052850	ALX4	2	0	0	1	0	0	1
ENSG00000053108	FSTL4	32	12	21	10	25	1	41
ENSG00000053254	FOXN3	4407	3245	3393	3278	3574	4131	6007
ENSG00000053328	METTL24	1	0	1	0	0	1	1
ENSG00000053371	AKR7A2	1964	1721	1472	1654	1870	1777	2436
ENSG00000053372	MRTO4	2884	2359	2057	2562	2590	2662	3478
ENSG00000053438	NNAT	35	27	26	19	16	37	62
ENSG00000053501	USE1	302	275	212	268	293	270	324
ENSG00000053524	MCF2L2	2	9	3	3	2	9	7
ENSG00000053702	NRIP2	20	16	14	18	10	14	31
ENSG00000053747	LAMA3	104	58	113	97	107	89	164
ENSG00000053770	AP5M1	992	825	743	831	810	920	1359
ENSG00000053900	ANAPC4	764	522	514	593	645	668	857
ENSG00000053918	KCNQ1	1	2	0	0	2	1	1
ENSG00000054116	TRAPPC3	1416	1122	928	1146	1198	1229	1633
ENSG00000054118	THRAP3	7589	5907	5829	6188	6946	7539	10318
ENSG00000054148	PHPT1	1761	1678	1353	1558	1704	1532	1955
ENSG00000054179	ENTPD2	966	720	707	621	740	736	1094
ENSG00000054219	LY75	5	8	7	6	2	10	13
ENSG00000054267	ARID4B	1651	1276	1250	1398	1444	1531	2191
ENSG00000054277	OPN3	304	233	204	230	313	261	319
ENSG00000054282	SDCCAG8	226	207	192	220	259	231	356
ENSG00000054356	PTPRN	3	2	1	0	1	1	0
ENSG00000054392	HHAT	175	137	133	116	138	175	230
ENSG00000054523	KIF1B	4957	3587	3844	3670	4089	4731	6588
ENSG00000054598	FOXC1	209	149	143	184	173	163	229
ENSG00000054611	TBC1D22A	1206	915	942	1029	1023	1093	1497
ENSG00000054654	SYNE2	153	121	146	146	140	178	437
ENSG00000054690	PLEKHH1	422	272	284	315	318	343	475
ENSG00000054793	ATP9A	2012	1486	1572	1374	1623	1923	2670
ENSG00000054803	CBLN4	0	0	0	1	0	0	0
ENSG00000054938	CHRDL2	7	3	6	1	0	1	1
ENSG00000054965	FAM168A	1843	1355	1446	1362	1530	1731	2380
ENSG00000054967	RELT	285	215	191	228	211	243	339
ENSG00000055044	NOP58	5380	4197	4415	5006	5082	5011	6886
ENSG00000055070	SZRD1	4688	3742	3508	3938	4277	4331	6084
ENSG00000055118	KCNH2	2	2	0	11	9	3	0
ENSG00000055130	CUL1	2839	2247	2069	2337	2442	2726	3773
ENSG00000055147	FAM114A2	386	310	274	339	306	387	494
ENSG00000055163	CYFIP2	1966	1384	1511	1509	1672	1739	2602
ENSG00000055208	TAB2	3315	2524	2437	2540	2831	3157	4683
ENSG00000055211	GINM1	1205	986	942	1001	1059	1056	1634
ENSG00000055332	EIF2AK2	2406	1799	1928	1850	2068	2356	3383
ENSG00000055483	USP36	3607	2872	2946	2940	3000	3209	4857
ENSG00000055609	KMT2C	1064	687	892	701	916	1151	1562
ENSG00000055732	MCOLN3	0	1	0	0	0	0	0
ENSG00000055917	PUM2	6101	4468	4609	4599	5016	5675	8196
ENSG00000055950	MRPL43	1373	1100	943	1130	1188	1127	1513
ENSG00000055955	ITIH4	11	51	49	38	51	23	74
ENSG00000055957	ITIH1	117	98	76	85	92	97	134
ENSG00000056050	HPF1	354	266	248	294	324	319	420
ENSG00000056097	ZFR	5913	4009	4581	4721	5101	5563	8096
ENSG00000056277	ZNF280C	166	145	132	116	159	143	218
ENSG00000056291	NPFFR2	0	2	0	2	0	1	0
ENSG00000056487	PHF21B	1	0	0	0	2	3	0
ENSG00000056558	TRAF1	26	16	18	19	15	25	29
ENSG00000056586	RC3H2	1922	1369	1486	1403	1554	1855	2552
ENSG00000056736	IL17RB	2391	1932	1696	1831	2091	2024	2978
ENSG00000056972	TRAF3IP2	254	254	214	214	270	301	560
ENSG00000056998	GYG2	984	751	752	722	940	914	1274
ENSG00000057019	DCBLD2	7055	4870	5422	5673	6014	6818	9738
ENSG00000057252	SOAT1	2329	1742	1904	1874	2035	2140	3066
ENSG00000057294	PKP2	2088	1539	1641	1769	1916	1973	2881
ENSG00000057468	MSH4	3	1	1	0	2	3	1
ENSG00000057593	F7	655	510	540	543	584	637	920
ENSG00000057608	GDI2	14724	11149	10963	11717	12495	13420	19048
ENSG00000057657	PRDM1	0	1	0	0	0	1	1
ENSG00000057663	ATG5	648	487	399	592	578	681	877
ENSG00000057704	TMCC3	0	1	0	1	0	2	0
ENSG00000057757	PITHD1	1204	975	935	952	1049	1075	1383
ENSG00000057935	MTA3	2264	1690	1625	1771	1885	2044	2879
ENSG00000058056	USP13	2033	1185	1471	1529	1858	1732	2651
ENSG00000058063	ATP11B	761	583	565	640	620	729	1114
ENSG00000058085	LAMC2	0	0	2	1	3	0	1
ENSG00000058091	CDK14	21	6	5	8	14	8	21
ENSG00000058262	SEC61A1	17854	13553	13288	13629	14807	15688	21497
ENSG00000058272	PPP1R12A	2182	1631	1657	1881	1839	2025	2927
ENSG00000058335	RASGRF1	18	16	4	12	5	7	9
ENSG00000058404	CAMK2B	18	14	7	12	11	17	11
ENSG00000058453	CROCC	238	232	175	197	241	172	316
ENSG00000058600	POLR3E	3718	3149	2842	2971	3374	3674	4873
ENSG00000058668	ATP2B4	778	558	658	558	685	807	1344
ENSG00000058673	ZC3H11A	2290	1498	1926	1307	1837	2300	3427
ENSG00000058729	RIOK2	945	711	685	782	785	848	1321
ENSG00000058799	YIPF1	399	268	293	335	357	361	498
ENSG00000058804	NDC1	2942	2107	2189	2357	2446	2683	3845
ENSG00000058866	DGKG	326	261	247	258	276	311	413
ENSG00000059122	FLYWCH1	999	781	790	822	929	905	1262
ENSG00000059145	UNKL	546	428	655	343	591	550	740
ENSG00000059377	TBXAS1	16	11	10	8	14	8	16
ENSG00000059378	PARP12	729	356	503	534	554	650	892
ENSG00000059573	ALDH18A1	11866	8887	8767	9079	9899	10303	14403
ENSG00000059588	TARBP1	1278	985	987	1008	1051	1281	1772
ENSG00000059691	GATB	1336	981	987	1181	1132	1207	1671
ENSG00000059728	MXD1	674	555	579	552	608	717	948
ENSG00000059758	CDK17	767	592	585	605	654	728	1091
ENSG00000059769	DNAJC25	371	237	277	287	295	320	452
ENSG00000059804	SLC2A3	11783	8755	9131	7119	7501	9240	12751
ENSG00000059915	PSD	7	10	4	12	14	9	14
ENSG00000060069	CTDP1	1268	1077	1012	1070	1138	1233	1700
ENSG00000060138	YBX3	4874	3664	3742	4008	4385	4386	6372
ENSG00000060237	WNK1	6373	4445	4969	4294	4939	5832	8675
ENSG00000060339	CCAR1	4536	3647	3487	3856	3981	4380	6296
ENSG00000060491	OGFR	5214	4311	4043	4257	4754	4884	6851
ENSG00000060558	GNA15	0	1	0	1	0	1	3
ENSG00000060566	CREB3L3	351	270	236	251	298	304	430
ENSG00000060642	PIGV	599	494	461	403	489	577	764
ENSG00000060656	PTPRU	3623	2728	2706	2637	3072	3271	4648
ENSG00000060688	SNRNP40	2467	1945	1844	2123	2271	2393	3299
ENSG00000060749	QSER1	2801	1942	2132	1953	2207	2658	3971
ENSG00000060762	MPC1	3765	3273	2753	3265	3382	3422	4435
ENSG00000060971	ACAA1	3805	3228	3041	3127	3455	3458	4889
ENSG00000060982	BCAT1	3988	2832	3152	3797	3872	4578	6352
ENSG00000061273	HDAC7	1142	848	895	808	964	949	1596
ENSG00000061337	LZTS1	3	1	0	1	0	2	4
ENSG00000061455	PRDM6	2	2	3	0	1	6	7
ENSG00000061492	WNT8A	1	0	0	0	1	0	1
ENSG00000061656	SPAG4	125	110	105	102	117	84	152
ENSG00000061676	NCKAP1	8233	5822	6209	6282	6883	7611	11066
ENSG00000061794	MRPS35	3684	2593	2718	2915	2925	3255	4651
ENSG00000061936	SFSWAP	2002	1657	1560	1668	1632	1825	2462
ENSG00000061938	TNK2	695	646	578	586	659	692	986
ENSG00000061987	MON2	1359	986	1152	1037	1115	1357	1977
ENSG00000062038	CDH3	11	11	2	4	12	10	18
ENSG00000062096	ARSF	0	0	0	0	0	0	1
ENSG00000062194	GPBP1	2105	1514	1590	1580	1743	1956	2608
ENSG00000062282	DGAT2	1966	1547	1512	1673	1879	1864	2498
ENSG00000062370	ZNF112	144	116	119	104	94	111	191
ENSG00000062485	CS	12630	9490	9521	9887	10569	11513	16187
ENSG00000062524	LTK	0	0	4	0	0	0	0
ENSG00000062582	MRPS24	2262	1900	1642	1967	2098	2108	2754
ENSG00000062598	ELMO2	1707	1305	1211	1374	1400	1510	2141
ENSG00000062650	WAPL	3204	2213	2385	2483	2778	3075	4310
ENSG00000062716	VMP1	4870	3847	3600	3875	4184	4319	5869
ENSG00000062725	APPBP2	1802	1345	1343	1386	1512	1749	2480
ENSG00000062822	POLD1	1998	1841	1598	1783	1905	1829	2771
ENSG00000063015	SEZ6	0	1	0	0	0	1	4
ENSG00000063046	EIF4B	29347	20942	22603	23910	25321	27962	38057
ENSG00000063127	SLC6A16	10	2	1	3	2	3	2
ENSG00000063169	BICRA	507	342	369	336	331	429	683
ENSG00000063176	SPHK2	698	570	521	551	642	674	926
ENSG00000063177	RPL18	15866	13608	11159	13374	14146	14185	19303
ENSG00000063180	CA11	9	15	10	8	13	14	11
ENSG00000063241	ISOC2	1898	1732	1419	1665	1773	1758	2510
ENSG00000063244	U2AF2	9868	8084	7210	7615	8747	8895	12277
ENSG00000063245	EPN1	5316	4252	4094	4224	4696	4700	6589
ENSG00000063322	MED29	1568	1140	1114	1127	1255	1319	1918
ENSG00000063438	AHRR	0	20	0	11	2	21	10
ENSG00000063587	ZNF275	985	749	786	745	856	927	1354
ENSG00000063601	MTMR1	652	499	480	457	493	559	745
ENSG00000063660	GPC1	1225	951	957	975	1023	1044	1456
ENSG00000063761	ADCK1	214	170	125	151	176	215	239
ENSG00000063854	HAGH	1680	1375	1337	1398	1539	1478	1923
ENSG00000063978	RNF4	2524	1979	1973	2056	2164	2211	3284
ENSG00000064012	CASP8	773	678	567	605	724	716	1141
ENSG00000064042	LIMCH1	0	0	0	0	0	0	1
ENSG00000064102	INTS13	1751	1252	1235	1370	1481	1489	2104
ENSG00000064115	TM7SF3	3668	2523	2708	2901	2982	3164	4501
ENSG00000064195	DLX3	5	3	3	1	8	8	8
ENSG00000064199	SPA17	179	163	170	157	171	195	211
ENSG00000064218	DMRT3	1	0	0	0	0	0	0
ENSG00000064225	ST3GAL6	350	286	236	233	251	231	284
ENSG00000064270	ATP2C2	2	2	0	1	2	1	0
ENSG00000064300	NGFR	515	387	409	418	488	471	604
ENSG00000064309	CDON	383	239	304	369	416	434	545
ENSG00000064313	TAF2	946	579	728	734	853	924	1161
ENSG00000064393	HIPK2	5947	4437	4513	4359	5217	5856	8429
ENSG00000064419	TNPO3	2917	2221	2250	2393	2518	2873	3975
ENSG00000064489	BORCS8-MEF2B	5	9	6	13	13	5	6
ENSG00000064490	RFXANK	679	638	542	584	592	614	870
ENSG00000064545	TMEM161A	707	622	608	585	646	762	882
ENSG00000064547	LPAR2	79	60	49	28	41	60	80
ENSG00000064601	CTSA	11560	9322	8717	9784	10455	10768	14445
ENSG00000064607	SUGP2	3984	3443	3253	3088	3558	3999	5363
ENSG00000064651	SLC12A2	695	487	514	576	605	639	943
ENSG00000064652	SNX24	522	426	356	430	419	475	705
ENSG00000064666	CNN2	7065	5642	5372	5675	6147	6334	8509
ENSG00000064687	ABCA7	586	454	394	337	410	444	605
ENSG00000064703	DDX20	408	201	305	235	445	297	506
ENSG00000064726	BTBD1	2462	1732	1758	1939	1968	2221	3146
ENSG00000064763	FAR2	0	8	0	3	7	12	11
ENSG00000064787	BCAS1	139	123	124	104	119	113	162
ENSG00000064886	CHI3L2	5	4	4	6	4	4	4
ENSG00000064932	SBNO2	1825	1534	1365	1484	1603	1655	2317
ENSG00000064933	PMS1	1578	1223	1267	1222	1355	1546	2076
ENSG00000064961	HMG20B	1284	1080	979	1033	1092	1154	1653
ENSG00000064989	CALCRL	0	1	0	2	1	3	0
ENSG00000064995	TAF11	1536	1243	1162	1282	1262	1345	1825
ENSG00000064999	ANKS1A	2063	1612	1571	1670	1898	2083	2810
ENSG00000065000	AP3D1	8785	6700	6889	7015	7651	8108	10957
ENSG00000065029	ZNF76	605	501	456	456	494	543	859
ENSG00000065054	SLC9A3R2	1830	1413	1323	1491	1566	1548	2084
ENSG00000065057	NTHL1	845	742	662	741	760	758	1022
ENSG00000065060	UHRF1BP1	3290	2408	2545	2551	2967	3439	5016
ENSG00000065135	GNAI3	2977	2300	2304	2497	2513	2752	3903
ENSG00000065150	IPO5	14065	9621	10432	10812	11654	12869	18640
ENSG00000065154	OAT	3138	2375	2250	2526	2577	2785	4145
ENSG00000065183	WDR3	1771	1360	1389	1465	1520	1693	2142
ENSG00000065243	PKN2	2759	1964	2142	2008	2359	2631	3826
ENSG00000065268	WDR18	2035	1729	1531	1736	1889	1849	2564
ENSG00000065308	TRAM2	8995	6935	7057	6590	7647	8517	12059
ENSG00000065320	NTN1	7	10	11	18	12	9	22
ENSG00000065325	GLP2R	7	5	18	6	6	9	12
ENSG00000065328	MCM10	1138	866	907	924	1050	1042	1525
ENSG00000065357	DGKA	121	30	72	83	96	108	135
ENSG00000065361	ERBB3	11017	8601	8523	8784	9508	10619	14945
ENSG00000065371	ROPN1	0	0	1	0	1	1	1
ENSG00000065413	ANKRD44	4	6	3	13	2	5	7
ENSG00000065427	KARS1	8690	6650	6284	6762	7145	7399	10598
ENSG00000065457	ADAT1	945	777	712	806	814	958	1237
ENSG00000065485	PDIA5	2401	2013	1793	1913	2100	2105	2925
ENSG00000065491	TBC1D22B	1148	948	893	914	1038	1043	1482
ENSG00000065518	NDUFB4	1830	1423	1237	1338	1563	1643	2224
ENSG00000065526	SPEN	2972	2283	2425	2067	2584	2888	4298
ENSG00000065534	MYLK	1352	984	1137	1057	1050	1258	1816
ENSG00000065548	ZC3H15	6302	4678	4858	5405	5295	5862	7932
ENSG00000065559	MAP2K4	1748	1314	1303	1371	1475	1670	2324
ENSG00000065600	PACC1	286	217	233	240	271	255	406
ENSG00000065609	SNAP91	0	0	0	0	0	1	0
ENSG00000065613	SLK	2168	1600	1700	1764	1921	2149	3081
ENSG00000065615	CYB5R4	573	407	428	420	448	521	746
ENSG00000065618	COL17A1	2	1	0	3	1	0	2
ENSG00000065621	GSTO2	78	65	67	61	63	65	93
ENSG00000065665	SEC61A2	361	297	278	252	307	278	476
ENSG00000065675	PRKCQ	16	16	20	14	13	15	28
ENSG00000065717	TLE2	12	4	8	8	5	6	16
ENSG00000065802	ASB1	2518	1898	1846	1895	2001	2156	3168
ENSG00000065809	FAM107B	3607	2702	2733	2893	3042	3440	4629
ENSG00000065833	ME1	0	0	0	0	0	0	1
ENSG00000065882	TBC1D1	1788	1332	1252	1265	1480	1623	2417
ENSG00000065883	CDK13	1337	941	965	896	1036	1161	1804
ENSG00000065911	MTHFD2	4580	3281	3328	4972	5181	4960	7493
ENSG00000065923	SLC9A7	613	471	485	463	551	549	774
ENSG00000065970	FOXJ2	523	420	379	461	442	475	734
ENSG00000065978	YBX1	39484	32719	29813	33649	35745	36385	49674
ENSG00000065989	PDE4A	496	427	389	437	420	473	659
ENSG00000066027	PPP2R5A	1694	1189	1305	1339	1411	1561	2253
ENSG00000066044	ELAVL1	4206	3263	3187	3458	3528	3687	5540
ENSG00000066056	TIE1	63	44	65	50	63	49	76
ENSG00000066084	DIP2B	5107	3685	3836	3860	4215	4874	6980
ENSG00000066117	SMARCD1	3785	2880	2799	2971	3233	3373	4930
ENSG00000066135	KDM4A	1704	1302	1322	1391	1673	1655	2499
ENSG00000066136	NFYC	1551	1246	1193	1391	1438	1404	2083
ENSG00000066185	ZMYND12	6	0	0	0	0	1	3
ENSG00000066230	SLC9A3	426	336	335	324	388	380	542
ENSG00000066248	NGEF	1093	966	827	931	1017	1089	1525
ENSG00000066279	ASPM	2566	1719	1915	1711	1931	2483	3629
ENSG00000066294	CD84	3	3	4	4	6	6	8
ENSG00000066322	ELOVL1	1707	1389	1234	1433	1530	1549	1986
ENSG00000066336	SPI1	4	2	0	0	1	0	0
ENSG00000066379	POLR1H	512	422	351	435	410	444	571
ENSG00000066382	MPPED2	1	0	0	0	1	0	0
ENSG00000066405	CLDN18	0	2	0	0	0	0	0
ENSG00000066422	ZBTB11	591	262	424	350	491	524	739
ENSG00000066427	ATXN3	437	322	318	382	411	382	459
ENSG00000066455	GOLGA5	1741	1365	1276	1310	1427	1714	2398
ENSG00000066468	FGFR2	108	92	78	82	77	100	164
ENSG00000066557	LRRC40	1237	900	859	975	1069	1063	1617
ENSG00000066583	ISOC1	1711	1375	1260	1404	1550	1482	2040
ENSG00000066629	EML1	36	25	30	25	30	24	38
ENSG00000066651	TRMT11	773	707	553	631	659	731	864
ENSG00000066654	THUMPD1	3065	2252	2337	2583	2650	2932	4244
ENSG00000066697	MSANTD3	691	503	519	586	557	616	898
ENSG00000066739	ATG2B	883	605	621	568	727	781	1175
ENSG00000066777	ARFGEF1	1818	1096	1312	1414	1426	1696	2539
ENSG00000066813	ACSM2B	152	165	117	121	153	151	184
ENSG00000066827	ZFAT	239	195	187	175	227	244	304
ENSG00000066855	MTFR1	1942	1447	1440	1570	1717	1662	2497
ENSG00000066923	STAG3	0	0	0	0	0	0	5
ENSG00000066926	FECH	221	179	190	201	234	265	316
ENSG00000066933	MYO9A	720	617	557	530	570	709	1003
ENSG00000067048	DDX3Y	4543	3455	3415	3223	3595	4132	5706
ENSG00000067057	PFKP	365	290	267	281	292	270	429
ENSG00000067064	IDI1	4461	3376	3166	3328	3472	3641	5053
ENSG00000067066	SP100	594	528	459	553	583	629	894
ENSG00000067082	KLF6	5080	4094	3825	3863	4158	4519	6269
ENSG00000067113	PLPP1	351	333	263	286	328	300	484
ENSG00000067141	NEO1	779	542	600	551	719	781	1118
ENSG00000067167	TRAM1	9018	6770	6661	7083	7620	8005	11342
ENSG00000067177	PHKA1	500	339	375	388	464	525	716
ENSG00000067182	TNFRSF1A	3767	2819	2851	2881	3084	3269	4563
ENSG00000067191	CACNB1	98	82	68	64	64	73	137
ENSG00000067208	EVI5	602	470	418	494	533	556	787
ENSG00000067221	STOML1	85	68	76	68	83	71	106
ENSG00000067225	PKM	38515	29685	29072	29261	31664	32774	44763
ENSG00000067248	DHX29	1487	1159	1133	1283	1201	1354	1950
ENSG00000067334	DNTTIP2	1140	887	898	987	1009	1085	1544
ENSG00000067365	METTL22	422	364	333	334	347	367	568
ENSG00000067369	TP53BP1	1212	895	902	845	1064	1243	1699
ENSG00000067445	TRO	134	90	94	71	103	50	100
ENSG00000067533	RRP15	1129	908	893	943	908	1063	1334
ENSG00000067560	RHOA	13513	10236	9795	10909	11694	12154	15950
ENSG00000067596	DHX8	2443	1812	1837	1999	2044	2374	3220
ENSG00000067606	PRKCZ	1892	1452	1319	1437	1660	1743	2333
ENSG00000067646	ZFY	489	342	347	381	372	457	638
ENSG00000067704	IARS2	7284	5129	5537	5806	5989	6739	9252
ENSG00000067715	SYT1	0	1	0	1	0	1	0
ENSG00000067798	NAV3	1	4	7	11	10	12	14
ENSG00000067829	IDH3G	930	732	675	771	906	764	1148
ENSG00000067836	ROGDI	527	449	404	505	514	442	653
ENSG00000067840	PDZD4	4	2	1	6	1	4	6
ENSG00000067842	ATP2B3	0	0	0	0	0	0	1
ENSG00000067900	ROCK1	930	763	817	796	878	952	1413
ENSG00000067955	CBFB	2758	2104	2029	2406	2312	2590	3561
ENSG00000067992	PDK3	568	439	421	334	445	496	716
ENSG00000068001	HYAL2	2913	2308	2195	2369	2569	2595	3491
ENSG00000068024	HDAC4	863	502	708	660	607	840	1040
ENSG00000068028	RASSF1	595	456	384	492	517	487	720
ENSG00000068078	FGFR3	9812	8213	7618	7874	8886	9141	12551
ENSG00000068079	IFI35	729	634	558	638	628	714	867
ENSG00000068097	HEATR6	730	544	431	492	591	704	829
ENSG00000068120	COASY	8092	6359	6139	6445	7103	7321	10185
ENSG00000068137	PLEKHH3	471	313	360	460	464	527	662
ENSG00000068305	MEF2A	1137	834	901	912	1010	1066	1570
ENSG00000068308	OTUD5	2263	1755	1769	1851	1965	1999	2941
ENSG00000068323	TFE3	1479	1152	1113	1148	1321	1491	1800
ENSG00000068354	TBC1D25	450	315	321	321	391	394	573
ENSG00000068366	ACSL4	21070	13455	16338	15620	16400	19610	27844
ENSG00000068383	INPP5A	1879	1554	1516	1605	1724	1796	2517
ENSG00000068394	GPKOW	701	558	562	550	595	670	838
ENSG00000068400	GRIPAP1	805	756	719	773	831	771	1250
ENSG00000068438	FTSJ1	1234	904	838	941	1025	1090	1444
ENSG00000068489	PRR11	4394	3420	3539	3769	3712	3942	5373
ENSG00000068615	REEP1	3	0	4	0	3	1	0
ENSG00000068650	ATP11A	6045	4646	4704	4330	5172	5829	8679
ENSG00000068654	POLR1A	5901	4295	4242	4338	5119	5346	7608
ENSG00000068697	LAPTM4A	10200	8364	8113	8988	8851	9114	12143
ENSG00000068724	TTC7A	2598	1724	1992	1978	2220	2349	3239
ENSG00000068745	IP6K2	2575	2255	1851	2104	2182	2305	3346
ENSG00000068784	SRBD1	922	717	715	727	793	897	1178
ENSG00000068796	KIF2A	1806	1167	1287	1354	1487	1669	2355
ENSG00000068831	RASGRP2	1	1	1	0	4	0	0
ENSG00000068878	PSME4	5996	3893	4557	4073	4682	5525	7615
ENSG00000068885	IFT80	556	439	408	379	439	507	739
ENSG00000068903	SIRT2	844	667	571	666	663	679	966
ENSG00000068912	ERLEC1	4447	3349	3285	3498	3601	3746	5367
ENSG00000068971	PPP2R5B	247	195	188	193	219	225	302
ENSG00000068976	PYGM	8	1	7	2	2	5	1
ENSG00000068985	PAGE1	3	1	2	3	1	4	4
ENSG00000069011	PITX1	1883	1508	1384	1638	1759	1684	2386
ENSG00000069020	MAST4	575	391	408	409	483	525	781
ENSG00000069188	SDK2	1	0	0	0	0	0	0
ENSG00000069248	NUP133	2287	1551	1706	1775	1925	1966	2858
ENSG00000069275	NUCKS1	10513	7818	8514	9187	9343	10027	13847
ENSG00000069329	VPS35	1177	759	854	937	1086	1109	1673
ENSG00000069345	DNAJA2	4093	2930	3104	3189	3533	3610	5479
ENSG00000069399	BCL3	536	395	425	396	439	433	665
ENSG00000069424	KCNAB2	798	611	556	662	707	744	1023
ENSG00000069431	ABCC9	57	62	40	37	46	37	74
ENSG00000069482	GAL	0	0	0	0	0	0	1
ENSG00000069493	CLEC2D	72	65	43	61	49	61	87
ENSG00000069509	FUNDC1	398	300	311	329	359	370	510
ENSG00000069535	MAOB	1664	1287	1291	1366	1448	1581	2181
ENSG00000069667	RORA	418	339	335	256	305	362	544
ENSG00000069696	DRD4	14	23	18	11	17	17	14
ENSG00000069702	TGFBR3	8902	6212	7134	7033	7179	8682	12403
ENSG00000069812	HES2	39	38	27	44	46	40	49
ENSG00000069849	ATP1B3	3928	3024	2832	3158	3097	3392	4560
ENSG00000069869	NEDD4	1040	806	721	846	891	937	1433
ENSG00000069943	PIGB	149	117	120	139	165	152	202
ENSG00000069956	MAPK6	8093	5646	5954	5976	6372	7356	10252
ENSG00000069966	GNB5	671	522	544	597	567	617	879
ENSG00000069974	RAB27A	465	340	335	359	397	409	615
ENSG00000069998	HDHD5	0	0	0	2	0	0	2
ENSG00000070010	UFD1	1545	1308	1149	1323	1398	1363	1778
ENSG00000070018	LRP6	2646	1799	1928	1880	2045	2647	3475
ENSG00000070019	GUCY2C	1	0	0	1	0	0	0
ENSG00000070031	SCT	0	0	0	0	1	0	1
ENSG00000070047	PHRF1	2847	2359	2146	2247	2669	2645	3650
ENSG00000070061	ELP1	7032	4608	4631	5159	5583	5941	8054
ENSG00000070081	NUCB2	1544	1232	1258	1275	1264	1355	1916
ENSG00000070087	PFN2	3374	2636	2630	2783	2958	3091	4148
ENSG00000070159	PTPN3	1147	833	823	864	985	1068	1504
ENSG00000070182	SPTB	2	4	4	1	1	1	3
ENSG00000070190	DAPP1	8	4	4	3	0	0	9
ENSG00000070193	FGF10	0	0	0	1	0	0	0
ENSG00000070214	SLC44A1	3554	2526	2827	2772	2864	3165	4587
ENSG00000070269	TMEM260	405	318	307	286	329	386	483
ENSG00000070366	SMG6	1327	975	1064	1010	1197	1396	1771
ENSG00000070367	EXOC5	1573	1205	1131	1157	1280	1597	2208
ENSG00000070371	CLTCL1	341	278	279	254	298	326	457
ENSG00000070388	FGF22	7	8	4	3	1	4	4
ENSG00000070404	FSTL3	566	479	446	481	545	566	778
ENSG00000070413	DGCR2	3370	2708	2669	2765	2938	3154	4260
ENSG00000070423	RNF126	2367	1995	1861	1940	2203	2016	2967
ENSG00000070444	MNT	1081	837	812	837	989	990	1481
ENSG00000070476	ZXDC	717	514	586	628	640	691	1049
ENSG00000070495	JMJD6	1741	1310	1110	1307	1354	1403	1966
ENSG00000070501	POLB	731	593	528	646	694	645	891
ENSG00000070526	ST6GALNAC1	0	1	0	0	0	0	1
ENSG00000070540	WIPI1	1462	1153	1077	1158	1189	1273	1651
ENSG00000070601	FRMPD1	81	72	58	49	64	82	104
ENSG00000070610	GBA2	2042	1716	1608	1617	1786	1884	2836
ENSG00000070614	NDST1	3533	2491	2574	2582	2960	3294	4775
ENSG00000070669	ASNS	1367	950	928	2074	2122	2176	3154
ENSG00000070718	AP3M2	527	376	381	403	442	444	747
ENSG00000070729	CNGB1	4	5	3	5	4	8	4
ENSG00000070731	ST6GALNAC2	4	3	1	0	4	1	0
ENSG00000070756	PABPC1	45322	33788	36656	40379	42013	45204	64027
ENSG00000070759	TESK2	244	204	182	199	221	262	361
ENSG00000070761	CFAP20	1731	1377	1247	1345	1571	1522	1982
ENSG00000070770	CSNK2A2	963	668	735	846	830	949	1222
ENSG00000070778	PTPN21	353	231	261	247	285	328	457
ENSG00000070785	EIF2B3	960	738	683	807	702	853	1121
ENSG00000070808	CAMK2A	4	1	3	6	5	0	2
ENSG00000070814	TCOF1	6248	4832	4881	5037	5399	5681	7586
ENSG00000070831	CDC42	4795	3701	3438	3846	4289	4543	6233
ENSG00000070882	OSBPL3	1563	1233	1227	1202	1324	1502	2092
ENSG00000070886	EPHA8	0	1	0	1	1	1	0
ENSG00000070915	SLC12A3	34	20	30	14	12	29	44
ENSG00000070950	RAD18	657	489	468	467	554	595	795
ENSG00000070961	ATP2B1	4017	2688	3095	3126	3161	3866	5398
ENSG00000070985	TRPM5	2	1	3	1	0	1	4
ENSG00000071051	NCK2	1402	1174	1074	1174	1307	1299	1755
ENSG00000071054	MAP4K4	26203	19184	19849	20787	23303	25037	34133
ENSG00000071073	MGAT4A	4369	3284	3464	3430	3641	4141	6140
ENSG00000071082	RPL31	16169	13958	11546	14355	14550	15519	19254
ENSG00000071127	WDR1	9955	7451	7533	8166	8589	8822	12067
ENSG00000071189	SNX13	1007	798	761	795	819	928	1469
ENSG00000071205	ARHGAP10	57	37	42	45	36	53	59
ENSG00000071242	RPS6KA2	15	12	5	10	6	7	14
ENSG00000071243	ING3	237	150	166	194	190	168	293
ENSG00000071246	VASH1	46	31	31	33	39	49	59
ENSG00000071282	LMCD1	165	131	146	134	145	152	278
ENSG00000071462	BUD23	1483	1219	1163	1286	1339	1386	1743
ENSG00000071537	SEL1L	5441	3764	4135	3976	4276	4837	6843
ENSG00000071539	TRIP13	1562	1227	1205	1195	1310	1336	1831
ENSG00000071553	ATP6AP1	4537	3738	3366	3684	3978	4069	5647
ENSG00000071564	TCF3	4762	3850	3654	3783	4267	4461	6007
ENSG00000071575	TRIB2	83	56	65	50	84	75	130
ENSG00000071626	DAZAP1	6650	5448	4862	5472	6037	6117	8359
ENSG00000071655	MBD3	2170	2118	1628	1777	2019	2008	2625
ENSG00000071794	HLTF	1122	837	806	878	876	1018	1574
ENSG00000071859	FAM50A	1197	996	942	1055	1038	1107	1528
ENSG00000071889	FAM3A	512	467	377	437	476	522	681
ENSG00000071894	CPSF1	6672	5529	5045	5072	5486	5821	8345
ENSG00000071909	MYO3B	0	0	1	0	0	0	0
ENSG00000071967	CYBRD1	14	5	7	13	3	11	13
ENSG00000071991	CDH19	1	1	0	0	0	0	0
ENSG00000071994	PDCD2	2841	2188	2042	2392	2304	2448	3507
ENSG00000072041	SLC6A15	1	0	1	0	0	0	4
ENSG00000072042	RDH11	3152	2493	2341	2762	2755	3007	3946
ENSG00000072062	PRKACA	2325	1901	1766	1678	2032	1984	2847
ENSG00000072071	ADGRL1	118	113	97	89	104	128	175
ENSG00000072110	ACTN1	12544	9209	9327	9556	10622	11347	15959
ENSG00000072121	ZFYVE26	1286	901	982	974	1105	1164	1693
ENSG00000072133	RPS6KA6	0	2	4	5	3	5	4
ENSG00000072134	EPN2	804	658	576	663	809	774	1234
ENSG00000072135	PTPN18	1214	862	956	868	1020	1114	1567
ENSG00000072163	LIMS2	41	13	23	18	23	17	18
ENSG00000072182	ASIC4	0	1	0	0	1	2	1
ENSG00000072195	SPEG	11	6	5	9	6	8	9
ENSG00000072201	LNX1	6	9	3	6	6	2	7
ENSG00000072210	ALDH3A2	5545	3903	4172	4240	4848	4987	6762
ENSG00000072274	TFRC	15719	10402	12005	11625	12828	14530	20217
ENSG00000072310	SREBF1	3127	2193	2285	2379	2809	3169	4101
ENSG00000072315	TRPC5	0	0	0	0	0	1	1
ENSG00000072364	AFF4	3877	2684	2958	2687	3023	3633	5603
ENSG00000072401	UBE2D1	697	563	559	563	643	671	894
ENSG00000072415	PALS1	1404	1013	1028	1145	1129	1341	1868
ENSG00000072422	RHOBTB1	2408	1841	1849	1910	2016	2279	3128
ENSG00000072501	SMC1A	4926	3435	3817	3771	4102	4639	6472
ENSG00000072506	HSD17B10	1644	1489	1335	1524	1502	1541	2079
ENSG00000072518	MARK2	2185	1561	1724	1635	1927	1928	2753
ENSG00000072571	HMMR	1798	1274	1446	1422	1538	1630	2389
ENSG00000072609	CHFR	931	690	659	690	813	846	1162
ENSG00000072682	P4HA2	2142	1766	1709	1617	1739	1902	2577
ENSG00000072736	NFATC3	3470	2293	2750	2773	3084	3506	4790
ENSG00000072756	TRNT1	1504	1085	1157	1169	1314	1367	1979
ENSG00000072778	ACADVL	3669	3202	2903	3285	3482	3608	4637
ENSG00000072786	STK10	709	556	504	574	678	705	1007
ENSG00000072803	FBXW11	2653	1942	2022	2025	2267	2467	3556
ENSG00000072818	ACAP1	0	2	0	0	0	1	0
ENSG00000072832	CRMP1	32	24	13	18	15	30	29
ENSG00000072840	EVC	481	389	419	353	416	478	712
ENSG00000072849	DERL2	943	747	703	762	746	833	1139
ENSG00000072858	SIDT1	7	7	5	4	3	4	9
ENSG00000072864	NDE1	2455	1791	1800	1838	2025	2083	2992
ENSG00000072952	IRAG1	2	7	10	4	5	9	6
ENSG00000072954	TMEM38A	96	81	85	91	81	105	130
ENSG00000072958	AP1M1	2627	2015	2044	2128	2413	2179	3264
ENSG00000073008	PVR	2284	1950	1766	1868	2064	2161	3041
ENSG00000073050	XRCC1	1225	968	890	998	1059	1075	1486
ENSG00000073060	SCARB1	2858	2173	2155	2061	2497	2705	3844
ENSG00000073067	CYP2W1	3527	2903	2650	2716	3118	3163	4553
ENSG00000073111	MCM2	6308	4741	4571	5142	5737	5617	7728
ENSG00000073146	MOV10L1	1	1	1	0	3	2	2
ENSG00000073150	PANX2	352	262	232	236	246	256	391
ENSG00000073169	SELENOO	746	575	559	576	712	726	863
ENSG00000073282	TP63	0	0	0	0	0	1	0
ENSG00000073331	ALPK1	17	18	11	24	19	16	15
ENSG00000073350	LLGL2	2176	1676	1641	1550	1805	1804	2451
ENSG00000073417	PDE8A	1583	1236	1203	1192	1319	1505	2205
ENSG00000073464	CLCN4	332	297	303	283	311	367	519
ENSG00000073536	NLE1	1314	1127	1027	1116	1177	1268	1690
ENSG00000073578	SDHA	6846	5387	5248	5627	5976	6081	8031
ENSG00000073584	SMARCE1	3835	2820	2895	3199	3288	3254	5061
ENSG00000073598	FNDC8	2	2	1	0	0	2	1
ENSG00000073605	GSDMB	32	30	30	18	22	26	33
ENSG00000073614	KDM5A	1954	1430	1549	1423	1813	1836	2544
ENSG00000073670	ADAM11	50	0	13	37	29	25	45
ENSG00000073711	PPP2R3A	15	16	6	11	15	21	31
ENSG00000073712	FERMT2	2184	1598	1610	1615	1818	2018	2723
ENSG00000073734	ABCB11	44	57	45	45	54	40	75
ENSG00000073737	DHRS9	0	1	1	2	0	0	0
ENSG00000073792	IGF2BP2	5870	4565	4768	4622	5136	5642	8038
ENSG00000073803	MAP3K13	1026	809	790	814	829	895	1230
ENSG00000073849	ST6GAL1	9698	7093	7174	7090	7842	8449	11982
ENSG00000073910	FRY	847	636	659	518	686	710	1168
ENSG00000073921	PICALM	4020	3008	2900	3077	3386	3755	5457
ENSG00000073969	NSF	2401	1544	1704	2013	1998	2217	3150
ENSG00000074054	CLASP1	3898	2986	2940	2732	3163	3636	5019
ENSG00000074071	MRPS34	2653	2132	1979	2201	2379	2375	3167
ENSG00000074181	NOTCH3	19	27	18	21	16	28	33
ENSG00000074201	CLNS1A	2898	2243	2126	2369	2495	2647	3724
ENSG00000074211	PPP2R2C	606	488	469	470	490	513	798
ENSG00000074219	TEAD2	959	754	670	802	857	819	1241
ENSG00000074266	EED	698	554	482	600	591	627	817
ENSG00000074276	CDHR2	1670	1335	1260	1266	1479	1602	2182
ENSG00000074317	SNCB	0	0	0	0	0	0	1
ENSG00000074319	TSG101	2002	1484	1375	1639	1759	1880	2415
ENSG00000074356	NCBP3	1552	1290	1207	1093	1388	1520	2099
ENSG00000074370	ATP2A3	7	2	8	3	6	7	5
ENSG00000074410	CA12	11	10	2	5	0	8	11
ENSG00000074416	MGLL	0	0	1	0	0	0	0
ENSG00000074527	NTN4	783	629	550	664	613	662	935
ENSG00000074582	BCS1L	1200	967	853	953	1093	1047	1380
ENSG00000074590	NUAK1	589	410	472	470	465	545	686
ENSG00000074603	DPP8	1511	1156	1191	1130	1212	1397	2082
ENSG00000074621	SLC24A1	319	211	223	233	290	320	441
ENSG00000074657	ZNF532	0	0	0	0	0	0	2
ENSG00000074660	SCARF1	25	21	0	18	0	26	18
ENSG00000074695	LMAN1	13545	9673	10535	10261	11212	12466	17545
ENSG00000074696	HACD3	7226	5260	5520	5511	5848	6222	8798
ENSG00000074706	IPCEF1	0	0	1	0	1	0	1
ENSG00000074755	ZZEF1	1352	1061	971	944	1060	1233	1793
ENSG00000074771	NOX3	3	5	3	2	2	5	6
ENSG00000074800	ENO1	71729	56762	53994	57499	60897	63104	85436
ENSG00000074842	MYDGF	6362	5614	4520	5477	5932	5882	6965
ENSG00000074855	ANO8	478	435	385	357	455	513	675
ENSG00000074935	TUBE1	339	270	175	278	317	311	441
ENSG00000074964	ARHGEF10L	3375	2679	2613	2526	2868	3015	4405
ENSG00000075043	KCNQ2	3	0	0	0	0	0	2
ENSG00000075073	TACR2	0	0	0	0	1	0	1
ENSG00000075089	ACTR6	502	358	338	415	385	442	606
ENSG00000075131	TIPIN	363	252	293	308	376	394	470
ENSG00000075142	SRI	0	1	0	0	0	3	0
ENSG00000075151	EIF4G3	2462	1933	1872	1970	2278	2510	3402
ENSG00000075188	NUP37	947	817	730	833	861	917	1206
ENSG00000075213	SEMA3A	33	29	25	30	41	41	50
ENSG00000075218	GTSE1	1742	1222	1313	1290	1392	1537	2043
ENSG00000075223	SEMA3C	18	16	15	14	17	21	22
ENSG00000075234	TTC38	4548	3625	3439	3623	3936	4175	5875
ENSG00000075239	ACAT1	3235	2594	2425	2685	2634	2946	4193
ENSG00000075240	GRAMD4	1033	875	815	848	877	950	1343
ENSG00000075275	CELSR1	89	85	80	80	81	103	152
ENSG00000075290	WNT8B	3	8	4	0	8	1	3
ENSG00000075292	ZNF638	2529	1955	2089	2143	2296	2738	4092
ENSG00000075303	SLC25A40	514	446	415	468	459	516	713
ENSG00000075336	TIMM21	885	661	636	682	679	722	925
ENSG00000075340	ADD2	14	10	14	17	17	15	24
ENSG00000075391	RASAL2	864	641	642	576	711	838	1108
ENSG00000075399	VPS9D1	760	632	555	603	682	681	958
ENSG00000075407	ZNF37A	1651	1320	1226	1150	1403	1643	2304
ENSG00000075413	MARK3	1520	1092	1064	1243	1159	1439	2032
ENSG00000075415	SLC25A3	13807	10605	9970	11146	11981	12155	16986
ENSG00000075420	FNDC3B	11247	8223	8601	8396	8797	10297	15039
ENSG00000075426	FOSL2	995	815	772	682	787	962	1203
ENSG00000075429	CACNG5	25	29	19	17	23	35	34
ENSG00000075461	CACNG4	105	75	72	66	85	49	89
ENSG00000075539	FRYL	780	514	704	545	567	803	1210
ENSG00000075568	TMEM131	4056	2931	2906	2846	3403	3868	5434
ENSG00000075618	FSCN1	9826	7602	7479	7506	8260	8380	12069
ENSG00000075624	ACTB	98938	74998	77072	81196	81960	85693	121495
ENSG00000075643	MOCOS	1590	1188	1203	1374	1527	1592	2180
ENSG00000075651	PLD1	2909	2065	2135	2071	2161	2687	3803
ENSG00000075702	WDR62	1001	709	787	772	937	936	1302
ENSG00000075711	DLG1	2713	1693	2065	2134	2396	2516	3673
ENSG00000075785	RAB7A	7687	5953	5998	6714	6797	7323	9854
ENSG00000075790	BCAP29	732	546	568	583	568	679	901
ENSG00000075826	SEC31B	47	27	15	48	53	44	60
ENSG00000075856	SART3	2910	2217	2247	2421	2566	2611	3755
ENSG00000075886	TUBA3D	10	10	8	8	13	20	16
ENSG00000075891	PAX2	5	6	1	4	7	2	5
ENSG00000075914	EXOSC7	860	754	688	807	758	805	973
ENSG00000075945	KIFAP3	376	254	295	339	304	362	499
ENSG00000075975	MKRN2	1418	1130	997	1171	1286	1373	1824
ENSG00000076003	MCM6	1831	1426	1304	1443	1508	1646	2388
ENSG00000076043	REXO2	1966	1501	1452	1674	1688	1782	2261
ENSG00000076053	RBM7	580	422	385	444	443	480	794
ENSG00000076067	RBMS2	346	286	256	240	306	320	483
ENSG00000076108	BAZ2A	6335	4607	4934	4466	5297	6048	8571
ENSG00000076201	PTPN23	2631	1944	2144	1788	1997	2254	3053
ENSG00000076242	MLH1	1465	1092	1035	1193	1380	1385	1832
ENSG00000076248	UNG	3380	2686	2604	2991	3117	3253	4376
ENSG00000076258	FMO4	2	4	3	0	4	2	12
ENSG00000076321	KLHL20	420	351	360	371	371	400	575
ENSG00000076344	RGS11	3	0	1	0	0	1	0
ENSG00000076351	SLC46A1	1606	1285	1184	1255	1351	1535	2177
ENSG00000076356	PLXNA2	911	660	726	617	777	827	1166
ENSG00000076382	SPAG5	2762	2145	2005	2007	2201	2312	3439
ENSG00000076513	ANKRD13A	1336	1018	1022	978	1086	1235	1897
ENSG00000076554	TPD52	2013	1587	1599	1710	1824	1839	2686
ENSG00000076555	ACACB	632	527	494	455	563	674	912
ENSG00000076604	TRAF4	2835	2394	2145	2520	2581	2636	3576
ENSG00000076641	PAG1	14	10	24	12	20	18	24
ENSG00000076650	GPATCH1	553	420	367	452	477	483	686
ENSG00000076662	ICAM3	253	209	192	179	197	217	271
ENSG00000076685	NT5C2	1942	1566	1533	1596	1654	1928	2629
ENSG00000076706	MCAM	1415	1030	1073	1099	1164	1208	1620
ENSG00000076716	GPC4	11	8	6	7	14	9	15
ENSG00000076770	MBNL3	24057	16824	18007	16975	19118	22213	33046
ENSG00000076826	CAMSAP3	2683	2040	2154	2070	2445	2341	3464
ENSG00000076864	RAP1GAP	1730	1258	1214	1381	1542	1483	2067
ENSG00000076924	XAB2	1745	1380	1326	1360	1533	1583	2296
ENSG00000076928	ARHGEF1	2252	1764	1686	1771	2030	2171	2946
ENSG00000076944	STXBP2	1420	1180	1051	1288	1415	1316	1756
ENSG00000076984	MAP2K7	1968	1571	1645	1753	1894	1953	2557
ENSG00000077009	NMRK2	0	0	0	1	0	0	0
ENSG00000077044	DGKD	2410	1927	1770	1781	1924	2245	3222
ENSG00000077063	CTTNBP2	0	0	1	0	0	0	0
ENSG00000077092	RARB	10	12	15	9	5	17	16
ENSG00000077097	TOP2B	5208	3210	4153	3984	4392	5541	7609
ENSG00000077147	TM9SF3	10196	7376	8120	8217	8669	9616	13439
ENSG00000077150	NFKB2	1161	859	819	924	1111	1167	1377
ENSG00000077152	UBE2T	805	603	539	613	584	654	796
ENSG00000077157	PPP1R12B	619	457	502	417	472	624	905
ENSG00000077232	DNAJC10	6489	4632	4739	5166	5295	6014	8377
ENSG00000077235	GTF3C1	7164	5354	5256	5252	5996	6350	9184
ENSG00000077238	IL4R	1504	1130	1126	1247	1436	1450	1991
ENSG00000077254	USP33	1535	1192	1221	1247	1289	1434	2067
ENSG00000077264	PAK3	9	11	7	11	10	9	8
ENSG00000077274	CAPN6	0	0	0	0	0	0	1
ENSG00000077279	DCX	0	0	0	0	0	1	0
ENSG00000077312	SNRPA	3452	2868	2672	2748	2969	2977	4332
ENSG00000077327	SPAG6	0	0	0	0	0	0	1
ENSG00000077348	EXOSC5	651	572	475	518	581	602	742
ENSG00000077380	DYNC1I2	4380	3310	3356	3640	3727	4023	5476
ENSG00000077420	APBB1IP	1	0	0	3	0	1	3
ENSG00000077454	LRCH4	799	740	593	698	720	650	858
ENSG00000077458	FAM76B	395	329	295	357	391	446	622
ENSG00000077463	SIRT6	499	441	412	465	445	525	665
ENSG00000077514	POLD3	507	356	348	404	422	431	678
ENSG00000077549	CAPZB	7094	5903	5266	6176	6572	6602	8771
ENSG00000077585	GPR137B	47	27	18	46	41	47	71
ENSG00000077616	NAALAD2	389	258	215	231	254	283	445
ENSG00000077684	JADE1	1261	1033	1020	1119	1175	1333	1791
ENSG00000077713	SLC25A43	609	473	488	491	554	599	772
ENSG00000077721	UBE2A	1168	919	858	990	1027	972	1423
ENSG00000077782	FGFR1	4411	3146	3394	3665	4065	4284	5653
ENSG00000077800	FKBP6	6	7	3	4	5	6	8
ENSG00000077935	SMC1B	12	3	2	4	2	7	4
ENSG00000077942	FBLN1	5193	3971	3982	4076	4352	4484	6226
ENSG00000077943	ITGA8	0	1	2	0	0	0	0
ENSG00000077984	CST7	3	0	0	1	4	0	7
ENSG00000078018	MAP2	1	1	1	5	2	1	3
ENSG00000078043	PIAS2	512	411	381	349	390	465	718
ENSG00000078061	ARAF	1416	1063	1062	1125	1245	1236	1708
ENSG00000078070	MCCC1	856	580	683	676	717	806	1083
ENSG00000078081	LAMP3	4	4	1	4	4	7	7
ENSG00000078114	NEBL	0	0	0	0	0	2	0
ENSG00000078124	ACER3	488	427	481	403	503	475	652
ENSG00000078140	UBE2K	4973	3949	3728	4059	4334	4651	6213
ENSG00000078142	PIK3C3	1038	784	846	832	869	1121	1463
ENSG00000078177	N4BP2	803	662	651	775	692	915	1295
ENSG00000078237	TIGAR	735	516	433	625	594	689	902
ENSG00000078246	TULP3	1002	732	771	819	846	928	1235
ENSG00000078269	SYNJ2	4419	3355	3241	3350	3613	4194	5877
ENSG00000078304	PPP2R5C	2817	2037	2145	2197	2352	2618	3754
ENSG00000078328	RBFOX1	0	0	0	0	0	0	7
ENSG00000078369	GNB1	13928	10996	10749	11337	12453	12734	17389
ENSG00000078399	HOXA9	1	0	0	0	0	0	0
ENSG00000078401	EDN1	113	75	75	80	89	82	152
ENSG00000078403	MLLT10	1850	1575	1440	1509	1623	1735	2507
ENSG00000078487	ZCWPW1	43	50	40	40	57	57	53
ENSG00000078549	ADCYAP1R1	0	0	0	0	0	0	1
ENSG00000078579	FGF20	2	1	0	0	0	0	1
ENSG00000078589	P2RY10	0	1	0	1	0	1	1
ENSG00000078618	NRDC	4377	3097	3296	3366	3851	4120	5905
ENSG00000078668	VDAC3	4001	3376	2882	3190	3484	3375	4813
ENSG00000078674	PCM1	6938	4949	5393	5367	5766	6844	9727
ENSG00000078687	TNRC6C	759	601	603	571	656	806	1020
ENSG00000078699	CBFA2T2	1384	1069	1130	1030	1148	1229	1747
ENSG00000078747	ITCH	3751	2845	2504	3057	2880	3571	4834
ENSG00000078795	PKD2L2	15	23	16	15	19	24	20
ENSG00000078804	TP53INP2	3068	2347	2525	2445	2737	2978	4410
ENSG00000078808	SDF4	8127	6438	6217	6487	6893	6900	10154
ENSG00000078814	MYH7B	17	28	10	13	22	19	25
ENSG00000078898	BPIFB2	9140	7771	7166	7519	8133	8919	12921
ENSG00000078900	TP73	86	79	67	81	80	95	106
ENSG00000078902	TOLLIP	2618	2065	2029	2128	2397	2341	3222
ENSG00000078967	UBE2D4	366	252	261	232	327	260	401
ENSG00000079101	CLUL1	10	4	5	5	3	8	4
ENSG00000079112	CDH17	2	1	0	3	1	2	0
ENSG00000079134	THOC1	717	596	540	580	658	663	913
ENSG00000079150	FKBP7	195	109	144	154	139	159	257
ENSG00000079156	OSBPL6	3	0	3	1	0	4	2
ENSG00000079215	SLC1A3	0	0	0	0	0	0	1
ENSG00000079246	XRCC5	17815	12952	13197	14225	14592	15548	22113
ENSG00000079263	SP140	11	10	7	9	4	9	10
ENSG00000079277	MKNK1	816	656	649	674	701	782	1101
ENSG00000079308	TNS1	1402	1018	1061	633	704	1105	1571
ENSG00000079313	REXO1	1733	1458	1351	1353	1528	1637	2304
ENSG00000079332	SAR1A	4019	3145	2850	3212	3530	3695	4749
ENSG00000079335	CDC14A	227	141	136	174	177	212	272
ENSG00000079337	RAPGEF3	18	6	3	8	5	11	11
ENSG00000079385	CEACAM1	4749	3567	3486	3458	3864	4136	6117
ENSG00000079387	SENP1	669	411	461	499	484	601	845
ENSG00000079393	DUSP13	10	27	4	12	12	28	35
ENSG00000079432	CIC	2917	2239	2292	1973	2306	2558	3577
ENSG00000079459	FDFT1	12508	9679	9086	9684	9957	10292	14117
ENSG00000079462	PAFAH1B3	975	815	712	745	840	780	1130
ENSG00000079482	OPHN1	436	365	302	297	342	397	612
ENSG00000079557	AFM	18	6	8	6	19	9	16
ENSG00000079616	KIF22	2512	1861	1854	2224	2168	2094	3084
ENSG00000079689	SCGN	23	48	22	65	75	9	88
ENSG00000079691	CARMIL1	236	167	199	182	244	254	360
ENSG00000079739	PGM1	4084	3129	3063	3142	3438	3739	5148
ENSG00000079785	DDX1	7887	5941	5740	6248	6829	7316	9868
ENSG00000079805	DNM2	5186	4195	3941	3983	4388	4681	6190
ENSG00000079819	EPB41L2	6518	4832	5020	4830	5218	6161	8804
ENSG00000079950	STX7	1729	1380	1248	1362	1357	1450	2234
ENSG00000079974	RABL2B	606	485	410	458	490	560	827
ENSG00000079999	KEAP1	3747	2892	2828	3012	3236	3263	4501
ENSG00000080031	PTPRH	789	602	596	543	561	738	871
ENSG00000080166	DCT	0	0	0	1	3	0	0
ENSG00000080189	SLC35C2	1960	1576	1402	1413	1696	1776	2299
ENSG00000080200	CRYBG3	712	521	559	515	502	720	1070
ENSG00000080224	EPHA6	32	41	21	30	22	25	58
ENSG00000080293	SCTR	4	0	0	2	0	1	0
ENSG00000080298	RFX3	305	283	247	240	271	305	452
ENSG00000080345	RIF1	4227	2976	3301	3199	3397	4186	5944
ENSG00000080371	RAB21	2350	1893	1881	1999	2117	2335	3145
ENSG00000080493	SLC4A4	0	1	0	1	0	2	0
ENSG00000080503	SMARCA2	1391	1031	1221	1212	1231	1393	1752
ENSG00000080511	RDH8	1	0	0	0	0	0	0
ENSG00000080546	SESN1	1170	901	913	940	1004	1070	1609
ENSG00000080561	MID2	9	1	2	1	3	6	6
ENSG00000080573	COL5A3	0	0	1	1	1	1	2
ENSG00000080603	SRCAP	4005	2730	2964	2358	3142	3582	5452
ENSG00000080608	PUM3	1866	1274	1395	1430	1574	1692	2386
ENSG00000080618	CPB2	2162	1690	1609	1746	1826	1919	2703
ENSG00000080644	CHRNA3	8	10	5	8	8	14	13
ENSG00000080709	KCNN2	7	10	8	9	11	21	16
ENSG00000080802	CNOT4	703	526	538	546	625	626	960
ENSG00000080815	PSEN1	1699	1135	1250	1247	1413	1485	2084
ENSG00000080819	CPOX	2353	1797	1933	1834	1885	2119	2934
ENSG00000080822	CLDND1	1393	1157	1104	1172	1195	1330	1799
ENSG00000080823	MOK	215	140	139	194	194	158	283
ENSG00000080824	HSP90AA1	66368	49142	51579	55087	54976	58863	81002
ENSG00000080839	RBL1	1403	1122	1046	1131	1239	1420	2036
ENSG00000080845	DLGAP4	3611	2778	2678	2824	3045	3119	4746
ENSG00000080854	IGSF9B	0	5	1	3	3	0	2
ENSG00000080910	CFHR2	10	9	7	7	9	8	11
ENSG00000080986	NDC80	864	734	727	762	757	831	1181
ENSG00000081014	AP4E1	719	580	556	509	582	708	963
ENSG00000081019	RSBN1	592	445	450	444	507	552	795
ENSG00000081026	MAGI3	635	454	462	455	454	595	806
ENSG00000081041	CXCL2	6	1	2	3	4	3	2
ENSG00000081051	AFP	218009	172257	162218	164691	171644	182610	262866
ENSG00000081052	COL4A4	4	1	3	0	2	1	3
ENSG00000081059	TCF7	1325	937	970	1068	1061	1171	1604
ENSG00000081087	OSTM1	249	104	333	273	287	371	185
ENSG00000081138	CDH7	1	5	2	3	0	3	4
ENSG00000081148	IMPG2	5	3	6	1	4	6	3
ENSG00000081154	PCNP	4504	3545	3316	3786	3782	4239	5566
ENSG00000081177	EXD2	490	396	415	375	542	423	718
ENSG00000081181	ARG2	1421	1099	995	1103	1126	1122	1584
ENSG00000081189	MEF2C	0	1	1	0	2	1	1
ENSG00000081307	UBA5	2012	1401	1453	1595	1670	1851	2365
ENSG00000081320	STK17B	308	252	233	228	241	267	369
ENSG00000081377	CDC14B	889	591	772	638	645	931	1128
ENSG00000081386	ZNF510	397	291	248	230	256	324	446
ENSG00000081479	LRP2	11	2	6	1	5	8	14
ENSG00000081665	ZNF506	21	50	32	7	15	13	16
ENSG00000081692	JMJD4	718	576	561	625	644	683	843
ENSG00000081721	DUSP12	435	421	330	465	443	456	673
ENSG00000081760	AACS	1653	1204	1307	1251	1447	1548	2033
ENSG00000081791	DELE1	1467	1284	1236	1161	1293	1438	1891
ENSG00000081800	SLC13A1	3	2	1	0	3	2	9
ENSG00000081803	CADPS2	1762	1285	1381	1357	1510	1646	2263
ENSG00000081818	PCDHB4	12	7	12	10	7	5	17
ENSG00000081842	PCDHA6	3	4	5	5	5	4	14
ENSG00000081853	PCDHGA2	4	1	10	7	4	10	10
ENSG00000081870	HSPB11	758	644	541	661	628	682	851
ENSG00000081913	PHLPP1	2208	1666	1615	1575	1813	2009	2842
ENSG00000081923	ATP8B1	471	333	329	319	359	430	610
ENSG00000081985	IL12RB2	2	0	3	4	3	3	8
ENSG00000082014	SMARCD3	5	17	6	9	19	14	18
ENSG00000082068	WDR70	653	519	514	615	566	640	878
ENSG00000082146	STRADB	2093	1510	1511	1746	1786	1737	2620
ENSG00000082153	BZW1	13949	10257	10078	11208	11549	12346	17319
ENSG00000082175	PGR	0	0	0	0	0	0	1
ENSG00000082196	C1QTNF3	50	44	36	41	30	64	32
ENSG00000082212	ME2	713	507	577	653	564	733	1094
ENSG00000082213	C5orf22	626	444	450	535	539	653	974
ENSG00000082258	CCNT2	1306	1014	959	1001	1169	1242	1694
ENSG00000082269	FAM135A	1381	818	979	948	1109	1297	1815
ENSG00000082438	COBLL1	5265	3777	4064	3871	4229	4832	7178
ENSG00000082458	DLG3	632	476	420	453	558	577	799
ENSG00000082497	SERTAD4	0	0	0	0	1	0	0
ENSG00000082512	TRAF5	25	0	16	22	19	27	17
ENSG00000082515	MRPL22	1337	1150	887	1109	1183	1243	1433
ENSG00000082516	GEMIN5	2366	1722	1803	1809	2008	2204	3162
ENSG00000082556	OPRK1	3	1	4	0	1	1	0
ENSG00000082641	NFE2L1	9550	7322	7517	7635	8073	9146	12501
ENSG00000082701	GSK3B	2275	1690	1675	1647	1869	2156	2946
ENSG00000082781	ITGB5	6387	5166	5090	5195	5569	5778	7832
ENSG00000082805	ERC1	1556	1105	1162	1112	1270	1350	1965
ENSG00000082898	XPO1	12027	8041	8869	9068	9968	11065	15812
ENSG00000082996	RNF13	1313	1018	882	1007	1184	1179	1528
ENSG00000083067	TRPM3	0	2	0	0	0	0	0
ENSG00000083093	PALB2	1456	1109	1121	1147	1284	1439	1906
ENSG00000083097	DOP1A	278	205	255	272	296	351	519
ENSG00000083099	LYRM2	621	462	422	513	539	579	856
ENSG00000083123	BCKDHB	538	428	424	408	484	521	709
ENSG00000083168	KAT6A	2041	1514	1521	1534	1695	1986	2906
ENSG00000083223	TUT7	1012	725	794	706	867	1017	1383
ENSG00000083290	ULK2	0	2	2	1	0	0	0
ENSG00000083312	TNPO1	6597	4726	5002	5248	5666	6362	9451
ENSG00000083444	PLOD1	8492	6806	6570	6508	6964	7579	10575
ENSG00000083454	P2RX5	79	65	62	56	79	66	94
ENSG00000083457	ITGAE	20	27	15	17	24	24	36
ENSG00000083520	DIS3	1825	1374	1325	1297	1473	1580	2341
ENSG00000083535	PIBF1	335	284	265	298	268	322	472
ENSG00000083544	TDRD3	296	254	249	261	275	267	428
ENSG00000083635	NUFIP1	666	511	496	562	610	624	902
ENSG00000083642	PDS5B	1575	1137	1396	1349	1260	1266	1952
ENSG00000083720	OXCT1	145	99	112	98	149	124	165
ENSG00000083750	RRAGB	314	214	218	198	215	253	334
ENSG00000083799	CYLD	573	418	473	418	487	503	755
ENSG00000083807	SLC27A5	200	169	143	159	181	203	233
ENSG00000083812	ZNF324	278	204	218	219	224	250	380
ENSG00000083814	ZNF671	1	5	1	1	4	4	8
ENSG00000083817	ZNF416	122	111	112	117	120	138	188
ENSG00000083828	ZNF586	49	32	20	26	19	36	43
ENSG00000083838	ZNF446	159	117	150	140	107	166	212
ENSG00000083844	ZNF264	550	406	398	407	429	495	694
ENSG00000083845	RPS5	16948	14204	12153	14592	15320	14630	20083
ENSG00000083857	FAT1	14859	9268	11322	8911	11411	14160	21179
ENSG00000083896	YTHDC1	2780	2149	2326	2375	2439	2728	3817
ENSG00000083937	CHMP2B	1344	956	954	1050	1051	1203	1648
ENSG00000084070	SMAP2	1729	1409	1346	1358	1580	1625	2234
ENSG00000084072	PPIE	260	221	182	181	258	279	390
ENSG00000084073	ZMPSTE24	3143	2311	2443	2617	2757	2741	3993
ENSG00000084090	STARD7	10696	7817	8377	8763	9208	9884	13456
ENSG00000084092	NOA1	1570	1261	1244	1297	1434	1429	2095
ENSG00000084093	REST	1361	1056	1151	1194	1254	1403	1928
ENSG00000084110	HAL	82	95	93	60	68	58	95
ENSG00000084112	SSH1	777	575	558	595	681	710	1036
ENSG00000084234	APLP2	27030	19862	20607	21556	22616	24556	34547
ENSG00000084444	FAM234B	473	318	340	328	360	393	535
ENSG00000084453	SLCO1A2	0	0	2	0	1	0	1
ENSG00000084463	WBP11	3944	2884	2943	3042	3256	3456	5049
ENSG00000084623	EIF3I	6317	5422	4595	5251	5549	5643	7744
ENSG00000084628	NKAIN1	16	14	14	16	14	7	20
ENSG00000084636	COL16A1	1223	1065	872	866	1044	1128	1508
ENSG00000084652	TXLNA	4960	3928	3705	3729	4196	4652	6384
ENSG00000084674	APOB	442229	295143	322152	270541	334906	410297	620623
ENSG00000084676	NCOA1	692	490	523	511	629	612	918
ENSG00000084693	AGBL5	2185	1790	1699	1761	1904	1881	2695
ENSG00000084710	EFR3B	63	46	44	48	51	70	99
ENSG00000084731	KIF3C	997	797	760	794	890	991	1357
ENSG00000084733	RAB10	6076	4850	4595	4970	5226	5678	7911
ENSG00000084734	GCKR	221	202	163	126	197	196	293
ENSG00000084754	HADHA	10426	8098	7793	8385	8979	9365	12679
ENSG00000084764	MAPRE3	50	56	37	52	65	50	72
ENSG00000084774	CAD	3520	2702	2590	2488	2873	3275	4648
ENSG00000085063	CD59	4431	3434	3291	3500	3853	3972	5368
ENSG00000085117	CD82	44	30	26	20	25	29	37
ENSG00000085185	BCORL1	527	336	377	348	402	474	696
ENSG00000085224	ATRX	3100	2155	2424	2523	2462	2973	4246
ENSG00000085231	AK6	816	671	629	726	734	698	953
ENSG00000085265	FCN1	0	2	1	4	1	1	1
ENSG00000085274	MYNN	413	367	300	287	346	401	551
ENSG00000085276	MECOM	17	10	14	9	14	7	20
ENSG00000085365	SCAMP1	1173	886	924	966	1053	1003	1534
ENSG00000085377	PREP	1902	1433	1424	1423	1682	1662	2372
ENSG00000085382	HACE1	429	196	275	268	264	305	481
ENSG00000085415	SEH1L	2704	1833	1979	2057	2217	2394	3299
ENSG00000085433	WDR47	408	277	299	268	294	298	481
ENSG00000085449	WDFY1	4103	3154	3101	3232	3398	3824	5511
ENSG00000085465	OVGP1	55	40	41	43	64	72	91
ENSG00000085491	SLC25A24	421	348	495	455	472	472	755
ENSG00000085511	MAP3K4	1300	898	1012	988	1131	1263	1817
ENSG00000085514	PILRA	4	0	0	2	0	3	2
ENSG00000085563	ABCB1	2776	2010	2110	2350	2614	2956	4138
ENSG00000085644	ZNF213	260	174	188	242	208	240	389
ENSG00000085662	AKR1B1	3024	2375	2246	2673	2737	2723	3614
ENSG00000085719	CPNE3	2894	2005	2218	2229	2176	2528	3609
ENSG00000085721	RRN3	3657	2774	2852	2937	3110	3469	5046
ENSG00000085733	CTTN	6784	5776	5166	5367	5809	6362	8522
ENSG00000085741	WNT11	47	33	25	22	38	26	31
ENSG00000085760	MTIF2	3112	2331	2442	2567	2593	2838	4016
ENSG00000085788	DDHD2	1819	1417	1494	1378	1525	1720	2521
ENSG00000085831	TTC39A	33	36	38	42	54	39	62
ENSG00000085832	EPS15	1479	1093	1145	1086	1275	1425	2180
ENSG00000085840	ORC1	908	685	702	735	828	801	1173
ENSG00000085871	MGST2	2617	2270	1900	2196	2177	2334	3074
ENSG00000085872	CHERP	3605	2736	2664	2810	3167	3275	4658
ENSG00000085978	ATG16L1	1498	1257	1201	1139	1211	1368	1777
ENSG00000085982	USP40	2122	1576	1579	1617	1794	1982	2961
ENSG00000085998	POMGNT1	1350	980	1021	964	1069	1127	1618
ENSG00000085999	RAD54L	1220	956	870	874	987	1062	1508
ENSG00000086015	MAST2	2948	2231	2120	2083	2411	2634	3793
ENSG00000086061	DNAJA1	10236	7417	7288	8493	8726	9323	12702
ENSG00000086062	B4GALT1	3311	2416	2585	2583	2878	3151	4369
ENSG00000086065	CHMP5	1406	1153	1043	1118	1131	1186	1651
ENSG00000086102	NFX1	1819	1374	1346	1469	1534	1658	2354
ENSG00000086159	AQP6	26	23	33	8	21	18	29
ENSG00000086189	DIMT1	813	617	598	582	688	867	1106
ENSG00000086200	IPO11	1263	893	977	1003	1070	1241	1798
ENSG00000086205	FOLH1	0	0	0	0	0	0	1
ENSG00000086232	EIF2AK1	8689	6516	6729	6645	7249	7899	10943
ENSG00000086289	EPDR1	2733	2096	2093	2265	2326	2463	3522
ENSG00000086300	SNX10	1454	870	843	863	1051	1365	1973
ENSG00000086475	SEPHS1	3400	2628	2503	2774	3006	3100	4235
ENSG00000086504	MRPL28	2321	1820	1733	1982	2160	2148	2766
ENSG00000086506	HBQ1	143	121	95	114	116	113	148
ENSG00000086544	ITPKC	715	491	487	534	620	629	836
ENSG00000086548	CEACAM6	0	0	1	0	0	0	1
ENSG00000086570	FAT2	7	5	4	6	7	4	12
ENSG00000086589	RBM22	1249	878	864	1110	1137	1187	1681
ENSG00000086598	TMED2	13333	10236	10024	10703	11399	11866	15655
ENSG00000086619	ERO1B	170	120	130	129	155	145	199
ENSG00000086666	ZFAND6	1715	1389	1220	1447	1517	1656	2178
ENSG00000086696	HSD17B2	1250	1042	844	962	1009	1051	1472
ENSG00000086712	TXLNG	1307	929	1053	1065	1177	1262	1703
ENSG00000086717	PPEF1	0	1	1	0	0	0	0
ENSG00000086730	LAT2	38	19	37	27	13	10	42
ENSG00000086758	HUWE1	10521	7698	7753	6916	8373	9872	13995
ENSG00000086827	ZW10	996	754	837	813	861	857	1410
ENSG00000086848	ALG9	1097	866	751	798	846	949	1269
ENSG00000086967	MYBPC2	1	0	1	0	1	0	1
ENSG00000086991	NOX4	3	0	0	0	2	0	2
ENSG00000087008	ACOX3	502	399	376	427	423	481	690
ENSG00000087053	MTMR2	2033	1412	1393	1560	1649	1662	2430
ENSG00000087074	PPP1R15A	997	848	706	815	936	929	1296
ENSG00000087076	HSD17B14	22	32	21	24	24	24	32
ENSG00000087077	TRIP6	12	9	4	6	9	5	8
ENSG00000087085	ACHE	20	12	7	13	19	25	12
ENSG00000087086	FTL	230337	181943	165851	180703	192086	190374	280251
ENSG00000087087	SRRT	6237	5239	4684	4989	5585	5607	7900
ENSG00000087088	BAX	4538	3916	3679	4199	4504	4379	5764
ENSG00000087095	NLK	418	373	361	378	368	438	543
ENSG00000087111	PIGS	2207	1474	1776	1784	1864	1928	2610
ENSG00000087116	ADAMTS2	202	152	144	143	156	167	284
ENSG00000087152	ATXN7L3	3933	3139	3005	3190	3567	3647	5152
ENSG00000087157	PGS1	771	685	585	681	686	722	898
ENSG00000087191	PSMC5	5042	3804	3650	4054	4396	4429	5880
ENSG00000087206	UIMC1	1057	802	800	860	896	950	1379
ENSG00000087237	CETP	40	41	29	32	29	37	57
ENSG00000087245	MMP2	88	47	44	57	67	70	101
ENSG00000087253	LPCAT2	765	571	547	569	607	613	933
ENSG00000087258	GNAO1	0	3	0	0	3	2	0
ENSG00000087263	OGFOD1	2141	1595	1627	1980	1854	2160	2836
ENSG00000087266	SH3BP2	1286	1140	1013	1205	1355	1503	2138
ENSG00000087269	NOP14	4110	2981	3102	3415	3521	3645	5186
ENSG00000087274	ADD1	6992	4978	5079	5057	5632	5946	8431
ENSG00000087299	L2HGDH	565	457	439	490	497	518	732
ENSG00000087301	TXNDC16	385	264	264	297	276	359	465
ENSG00000087302	RTRAF	2234	1726	1581	1823	1874	1914	2687
ENSG00000087303	NID2	0	0	1	0	0	0	0
ENSG00000087338	GMCL1	2112	1658	1668	1785	1773	1988	2776
ENSG00000087365	SF3B2	10143	7687	7627	8037	8734	9135	12796
ENSG00000087448	KLHL42	473	463	444	458	533	538	754
ENSG00000087460	GNAS	29096	22792	22223	23108	24032	25360	35227
ENSG00000087470	DNM1L	2844	2214	2072	2238	2483	2572	3544
ENSG00000087494	PTHLH	0	1	1	2	2	1	4
ENSG00000087495	PHACTR3	0	0	0	0	0	0	2
ENSG00000087502	ERGIC2	1207	893	909	944	981	1137	1424
ENSG00000087510	TFAP2C	0	0	0	1	0	0	0
ENSG00000087586	AURKA	6724	5307	5060	5648	5789	5953	8244
ENSG00000087589	CASS4	30	24	15	18	25	22	34
ENSG00000087842	PIR	773	634	466	634	625	659	947
ENSG00000087884	AAMDC	162	153	140	175	185	148	186
ENSG00000087903	RFX2	88	55	60	54	60	80	107
ENSG00000087995	METTL2A	583	448	426	487	526	457	681
ENSG00000088002	SULT2B1	2	5	2	4	4	4	5
ENSG00000088035	ALG6	58	76	44	90	79	74	81
ENSG00000088038	CNOT3	2001	1600	1586	1562	1820	1761	2634
ENSG00000088053	GP6	1	0	0	0	1	0	0
ENSG00000088179	PTPN4	672	491	527	522	536	707	977
ENSG00000088205	DDX18	6356	4633	4800	5053	5411	5617	7977
ENSG00000088247	KHSRP	16223	12915	12071	13301	14631	15198	20298
ENSG00000088256	GNA11	2860	2202	2145	2321	2662	2566	3515
ENSG00000088280	ASAP3	1471	1180	1039	1165	1312	1359	1859
ENSG00000088298	EDEM2	1847	1502	1271	1407	1555	1608	2133
ENSG00000088305	DNMT3B	665	526	496	439	463	605	783
ENSG00000088325	TPX2	10502	7784	7784	8189	8851	9494	13054
ENSG00000088356	PDRG1	1093	974	809	983	1064	1041	1395
ENSG00000088367	EPB41L1	3347	2712	2654	2563	2889	3224	4384
ENSG00000088386	SLC15A1	4	6	1	3	6	4	5
ENSG00000088387	DOCK9	117	92	88	81	88	92	118
ENSG00000088448	ANKRD10	1839	1566	1347	1425	1481	1699	2314
ENSG00000088451	TGDS	460	299	334	341	346	401	507
ENSG00000088538	DOCK3	4	5	2	4	4	1	2
ENSG00000088543	C3orf18	28	31	26	37	48	54	56
ENSG00000088682	COQ9	1448	1180	1081	1127	1269	1385	1825
ENSG00000088726	TMEM40	1	0	0	0	1	1	3
ENSG00000088727	KIF9	180	165	157	148	167	143	255
ENSG00000088756	ARHGAP28	2	3	3	1	4	1	4
ENSG00000088766	CRLS1	5934	4744	4388	4685	5014	5250	7370
ENSG00000088808	PPP1R13B	780	573	561	551	635	669	928
ENSG00000088812	ATRN	5515	3813	4069	3859	4487	5108	7474
ENSG00000088826	SMOX	1564	1270	1198	1584	1568	1690	2227
ENSG00000088827	SIGLEC1	1	2	0	0	2	0	1
ENSG00000088832	FKBP1A	9230	6884	7344	7567	7718	8419	11330
ENSG00000088833	NSFL1C	3137	2306	2403	2429	2781	2755	3756
ENSG00000088836	SLC4A11	2473	1910	1869	1702	1932	1933	2912
ENSG00000088854	DNAAF9	1568	1309	1226	1213	1319	1557	2156
ENSG00000088876	ZNF343	922	759	669	669	730	776	1170
ENSG00000088881	EBF4	4	10	19	9	13	20	26
ENSG00000088882	CPXM1	0	1	2	1	0	2	0
ENSG00000088888	MAVS	8160	6462	6204	6294	7054	7810	10726
ENSG00000088899	LZTS3	1720	1454	1266	1325	1424	1573	2189
ENSG00000088926	F11	1022	789	804	749	789	910	1264
ENSG00000088930	XRN2	7762	5497	5739	6294	6704	7344	10351
ENSG00000088970	KIZ	2820	2405	2145	2165	2437	2586	3753
ENSG00000088986	DYNLL1	4770	4032	3426	4016	4170	4085	5761
ENSG00000088992	TESC	1872	1572	1426	1546	1738	1775	2193
ENSG00000089006	SNX5	15858	13252	12049	13926	14757	15371	21541
ENSG00000089009	RPL6	28435	22841	20313	23383	24574	25281	34521
ENSG00000089022	MAPKAPK5	1382	1121	1002	1136	1169	1234	1847
ENSG00000089041	P2RX7	0	9	0	7	6	0	5
ENSG00000089048	ESF1	3811	2945	3042	3419	3277	3617	4962
ENSG00000089050	RBBP9	1949	1382	1394	1537	1620	1665	2325
ENSG00000089053	ANAPC5	4364	3363	3155	3379	3692	3773	5515
ENSG00000089057	SLC23A2	6410	4599	4787	4780	5468	6207	9049
ENSG00000089060	SLC8B1	278	227	241	229	298	322	415
ENSG00000089063	TMEM230	6566	5311	5011	5573	5961	6224	8423
ENSG00000089091	DZANK1	80	74	40	48	78	69	119
ENSG00000089094	KDM2B	2517	1964	1950	2025	2169	2398	3304
ENSG00000089101	CFAP61	0	0	1	0	1	1	0
ENSG00000089116	LHX5	1	3	1	4	2	1	6
ENSG00000089123	TASP1	531	406	476	467	503	561	746
ENSG00000089127	OAS1	479	392	358	392	432	423	627
ENSG00000089154	GCN1	11774	8564	8600	8394	9844	10848	15069
ENSG00000089157	RPLP0	50869	42002	36185	43389	45100	45641	60619
ENSG00000089159	PXN	2648	2043	2045	2209	2257	2349	3589
ENSG00000089163	SIRT4	42	44	22	41	37	46	49
ENSG00000089177	KIF16B	1315	940	969	907	1063	1110	1576
ENSG00000089195	TRMT6	1563	1167	1201	1361	1442	1460	1944
ENSG00000089199	CHGB	43	32	26	41	39	35	44
ENSG00000089220	PEBP1	26886	22360	20998	22816	23170	24450	32513
ENSG00000089234	BRAP	776	548	521	581	682	717	936
ENSG00000089248	ERP29	5450	4501	4157	4715	4883	5292	7039
ENSG00000089250	NOS1	0	1	1	1	0	0	0
ENSG00000089280	FUS	17945	15180	13134	15157	17271	17927	24445
ENSG00000089289	IGBP1	1665	1312	1181	1381	1420	1464	2076
ENSG00000089327	FXYD5	19	7	13	9	5	9	19
ENSG00000089335	ZNF302	0	0	0	1	1	0	2
ENSG00000089351	GRAMD1A	2319	1801	1863	1837	1979	2010	2951
ENSG00000089356	FXYD3	8	10	5	8	4	3	5
ENSG00000089486	CDIP1	4681	3612	3693	3865	3977	4111	5695
ENSG00000089505	CMTM1	44	31	37	39	44	60	83
ENSG00000089558	KCNH4	5	6	2	7	4	4	12
ENSG00000089597	GANAB	12085	8989	9098	9431	10466	10984	15265
ENSG00000089639	GMIP	386	333	314	299	322	378	537
ENSG00000089682	RBM41	1082	846	792	870	923	1008	1434
ENSG00000089685	BIRC5	5417	4339	4060	4482	4709	4726	6157
ENSG00000089692	LAG3	4	0	4	1	0	0	0
ENSG00000089693	MLF2	4808	4093	3553	4077	4379	4406	6173
ENSG00000089723	OTUB2	213	146	142	168	180	190	238
ENSG00000089737	DDX24	3774	2909	2946	3205	3266	3445	4746
ENSG00000089775	ZBTB25	294	273	224	248	245	286	388
ENSG00000089818	NECAP1	779	498	499	504	602	637	900
ENSG00000089820	ARHGAP4	51	33	21	50	36	46	39
ENSG00000089847	ANKRD24	4	7	4	2	2	1	6
ENSG00000089876	DHX32	729	510	571	579	599	696	984
ENSG00000089902	RCOR1	2057	1458	1568	1535	1674	1915	2764
ENSG00000089916	GPATCH2L	1250	888	944	905	1033	1255	1906
ENSG00000090006	LTBP4	43	60	25	26	43	33	33
ENSG00000090013	BLVRB	388	300	288	337	353	350	499
ENSG00000090020	SLC9A1	670	552	529	502	638	701	927
ENSG00000090054	SPTLC1	2488	1860	1760	1996	2047	2349	3231
ENSG00000090060	PAPOLA	10374	7640	7766	7910	8506	9441	14094
ENSG00000090061	CCNK	2826	2104	2124	2181	2257	2463	3422
ENSG00000090097	PCBP4	1986	1513	1502	1682	1857	1864	2748
ENSG00000090238	YPEL3	479	419	390	375	450	491	610
ENSG00000090263	MRPS33	626	530	416	550	570	598	701
ENSG00000090266	NDUFB2	1082	959	784	988	1066	1118	1192
ENSG00000090273	NUDC	9749	8151	7078	8315	8792	8847	11516
ENSG00000090316	MAEA	2566	2071	1975	2234	2234	2292	3207
ENSG00000090339	ICAM1	4714	3529	3559	3603	4006	4228	5924
ENSG00000090372	STRN4	3141	2426	2355	2523	2821	2894	3962
ENSG00000090376	IRAK3	4	1	2	1	3	6	7
ENSG00000090382	LYZ	81872	65605	60579	64751	68403	73407	98546
ENSG00000090432	MUL1	1446	1021	982	1165	1233	1174	1753
ENSG00000090447	TFAP4	872	622	600	677	767	795	1018
ENSG00000090470	PDCD7	1210	971	889	991	1144	1098	1523
ENSG00000090487	SPG21	2370	1844	1875	1902	1955	2097	2868
ENSG00000090512	FETUB	41	4	25	2	6	29	45
ENSG00000090520	DNAJB11	5434	4164	3882	4174	4318	4623	6203
ENSG00000090530	P3H2	0	2	1	0	1	1	0
ENSG00000090534	THPO	432	313	351	375	359	377	549
ENSG00000090539	CHRD	1182	1219	972	947	1037	1195	1503
ENSG00000090554	FLT3LG	84	67	67	69	59	62	125
ENSG00000090565	RAB11FIP3	4084	3341	2981	3086	3469	3561	4909
ENSG00000090581	GNPTG	946	748	679	820	886	816	1119
ENSG00000090612	ZNF268	926	659	618	709	704	799	1190
ENSG00000090615	GOLGA3	3744	2824	2739	2568	3053	3399	4342
ENSG00000090621	PABPC4	8053	6247	6575	6576	7111	7505	10403
ENSG00000090661	CERS4	1398	1210	1140	1214	1319	1226	1822
ENSG00000090674	MCOLN1	330	260	230	296	354	297	503
ENSG00000090686	USP48	2630	2035	2006	2025	2039	2461	3571
ENSG00000090776	EFNB1	391	319	295	320	386	337	487
ENSG00000090857	PDPR	3176	2535	2297	2342	2712	2880	4406
ENSG00000090861	AARS1	8387	6273	5988	7640	8151	8252	11026
ENSG00000090863	GLG1	8930	6777	6516	6563	7589	8335	10837
ENSG00000090889	KIF4A	2067	1428	1493	1526	1697	1818	2634
ENSG00000090905	TNRC6A	3737	3222	3110	2983	3192	3847	5567
ENSG00000090924	PLEKHG2	798	699	655	591	730	839	1217
ENSG00000090932	DLL3	37	29	25	45	39	27	44
ENSG00000090971	NAT14	656	621	524	565	696	668	809
ENSG00000090975	PITPNM2	1677	1222	1239	1120	1373	1537	2088
ENSG00000090989	EXOC1	653	508	528	583	612	624	931
ENSG00000091009	RBM27	1598	1207	1279	1293	1428	1658	2268
ENSG00000091010	POU4F3	0	0	0	0	0	2	0
ENSG00000091039	OSBPL8	2714	1954	2126	2052	2228	2579	3753
ENSG00000091073	DTX2	594	465	429	429	522	523	706
ENSG00000091106	NLRC4	13	11	4	5	11	5	5
ENSG00000091127	PUS7	1572	1175	1260	1293	1423	1581	2240
ENSG00000091128	LAMB4	23	23	20	15	20	28	39
ENSG00000091129	NRCAM	140	80	104	87	107	102	152
ENSG00000091136	LAMB1	8122	5932	6549	6275	6823	8117	11572
ENSG00000091137	SLC26A4	5	5	2	4	4	6	9
ENSG00000091138	SLC26A3	8	0	8	4	2	5	7
ENSG00000091140	DLD	2389	1950	1795	2140	2108	2329	3111
ENSG00000091157	WDR7	373	279	321	278	296	357	506
ENSG00000091164	TXNL1	1765	1526	1312	1502	1593	1624	2260
ENSG00000091262	ABCC6	2490	2158	1985	1761	2153	2264	3346
ENSG00000091317	CMTM6	2842	2101	2325	2487	2418	2545	3609
ENSG00000091409	ITGA6	6791	4824	5330	5391	5906	6544	9404
ENSG00000091428	RAPGEF4	9	2	5	8	7	7	9
ENSG00000091436	MAP3K20	1046	725	774	855	866	950	1391
ENSG00000091482	SMPX	16	21	5	18	28	14	28
ENSG00000091483	FH	2736	2064	2014	2125	2182	2376	3317
ENSG00000091490	SEL1L3	113	86	62	90	88	111	124
ENSG00000091513	TF	78390	63338	59758	58193	61304	67732	95694
ENSG00000091527	CDV3	6564	4683	4957	5289	5622	6047	8198
ENSG00000091536	MYO15A	1	0	0	2	0	1	0
ENSG00000091542	ALKBH5	2696	1977	2113	2012	2248	2524	3637
ENSG00000091583	APOH	46967	37247	35055	39328	39843	40746	58840
ENSG00000091592	NLRP1	13	21	9	14	20	12	15
ENSG00000091622	PITPNM3	26	24	21	26	15	26	33
ENSG00000091640	SPAG7	1049	848	767	880	891	911	1292
ENSG00000091651	ORC6	1184	949	920	1037	1058	1092	1479
ENSG00000091656	ZFHX4	2	3	1	1	1	3	9
ENSG00000091704	CPA1	1	3	1	1	1	1	5
ENSG00000091732	ZC3HC1	801	633	578	664	692	694	1006
ENSG00000091831	ESR1	5	6	2	0	1	6	4
ENSG00000091844	RGS17	26	22	25	19	19	23	47
ENSG00000091879	ANGPT2	9	9	9	8	12	11	15
ENSG00000091947	TMEM101	1615	1353	1276	1450	1526	1469	2033
ENSG00000091972	CD200	6	4	6	0	0	0	0
ENSG00000091986	CCDC80	17	12	9	3	7	12	17
ENSG00000092010	PSME1	7043	5673	5104	5958	6024	6143	8239
ENSG00000092020	PPP2R3C	1274	932	964	1045	1027	1155	1572
ENSG00000092036	HAUS4	1546	1294	1193	1374	1399	1383	1961
ENSG00000092051	JPH4	36	29	26	26	19	27	33
ENSG00000092054	MYH7	0	1	5	0	0	3	3
ENSG00000092067	CEBPE	2	1	0	0	0	1	0
ENSG00000092068	SLC7A8	0	0	0	0	0	0	2
ENSG00000092094	OSGEP	539	408	422	505	454	524	671
ENSG00000092096	SLC22A17	42	12	30	27	29	34	39
ENSG00000092098	RNF31	2065	1672	1802	1877	2284	1884	2808
ENSG00000092108	SCFD1	5448	4015	3815	4104	4225	4652	6508
ENSG00000092140	G2E3	2436	1755	1730	1853	1859	2196	3075
ENSG00000092148	HECTD1	12005	7672	9721	8530	9805	12748	18201
ENSG00000092199	HNRNPC	26186	21209	19476	22198	22373	22773	30819
ENSG00000092200	RPGRIP1	5	10	5	12	9	8	11
ENSG00000092201	SUPT16H	12811	9274	9637	9901	10485	11991	16644
ENSG00000092203	TOX4	2715	2267	2081	2248	2632	2734	3710
ENSG00000092208	GEMIN2	915	832	702	803	829	832	1118
ENSG00000092295	TGM1	174	140	136	111	144	138	197
ENSG00000092330	TINF2	1188	891	906	882	974	1161	1435
ENSG00000092377	TBL1Y	10	11	9	9	12	18	18
ENSG00000092421	SEMA6A	2090	1634	1585	1524	1913	1987	2819
ENSG00000092439	TRPM7	2013	1415	1556	1446	1577	1929	2884
ENSG00000092445	TYRO3	1377	1055	1034	1083	1231	1185	1702
ENSG00000092470	WDR76	308	212	219	220	289	267	412
ENSG00000092529	CAPN3	15	16	21	22	35	6	16
ENSG00000092531	SNAP23	3322	2529	2438	2517	2749	2840	4004
ENSG00000092607	TBX15	14	12	10	9	7	11	20
ENSG00000092621	PHGDH	4768	3926	3635	5427	5775	5818	7784
ENSG00000092758	COL9A3	7884	6857	6072	6119	7045	7334	9618
ENSG00000092820	EZR	6510	5122	4870	5568	5896	6327	8548
ENSG00000092841	MYL6	8168	6852	5860	6835	7204	7280	9856
ENSG00000092847	AGO1	2441	1934	1839	1837	2078	2318	3359
ENSG00000092850	TEKT2	5	5	5	2	6	0	8
ENSG00000092853	CLSPN	1388	1052	1049	1196	1236	1350	1746
ENSG00000092871	RFFL	2647	2072	1974	2113	2385	2448	3407
ENSG00000092929	UNC13D	2759	2306	2174	2144	2312	2496	3409
ENSG00000092931	MFSD11	777	664	652	671	779	784	1154
ENSG00000092964	DPYSL2	4483	3414	3575	3345	3603	3862	5637
ENSG00000092969	TGFB2	3	0	0	3	3	2	2
ENSG00000092978	GPATCH2	435	326	380	338	362	422	582
ENSG00000093000	NUP50	3876	2856	2854	2996	3187	3447	5042
ENSG00000093009	CDC45	747	630	595	619	642	643	894
ENSG00000093010	COMT	4244	3356	3363	3548	3743	3810	5227
ENSG00000093072	ADA2	0	1	0	1	3	2	2
ENSG00000093144	ECHDC1	3426	2519	2350	2678	2787	3039	4060
ENSG00000093167	LRRFIP2	1129	903	795	898	959	1005	1448
ENSG00000093183	SEC22C	1486	1289	1161	1213	1280	1441	1943
ENSG00000093217	XYLB	1805	1413	1320	1342	1539	1789	2369
ENSG00000094631	HDAC6	1562	1096	1106	1109	1239	1521	1739
ENSG00000094661	OR1I1	14	11	13	15	15	19	27
ENSG00000094755	GABRP	4	15	8	5	5	5	18
ENSG00000094796	KRT31	4	0	1	1	0	0	1
ENSG00000094804	CDC6	3074	2281	2336	2481	2490	2702	3802
ENSG00000094841	UPRT	273	198	204	210	229	266	332
ENSG00000094880	CDC23	1632	1264	1198	1307	1372	1461	2142
ENSG00000094914	AAAS	1607	1331	1210	1222	1454	1381	1978
ENSG00000094916	CBX5	2655	1890	1917	1909	2128	2438	3396
ENSG00000094975	SUCO	1798	1321	1372	1331	1508	1649	2442
ENSG00000095002	MSH2	2357	1799	1737	1805	1875	2158	2891
ENSG00000095015	MAP3K1	1742	1105	1276	1191	1371	1559	2230
ENSG00000095059	DHPS	858	638	602	692	758	755	1032
ENSG00000095066	HOOK2	607	487	430	475	542	548	653
ENSG00000095139	ARCN1	9899	7245	7609	7338	8220	9180	13006
ENSG00000095203	EPB41L4B	1494	1064	1107	1182	1208	1247	1814
ENSG00000095209	TMEM38B	1065	793	846	908	877	972	1428
ENSG00000095261	PSMD5	1186	883	889	936	1027	1105	1564
ENSG00000095303	PTGS1	2	1	0	1	0	0	4
ENSG00000095319	NUP188	5445	3971	4069	3829	4447	4657	6978
ENSG00000095321	CRAT	1064	917	894	987	1082	1049	1415
ENSG00000095380	NANS	3238	2574	2382	2810	2809	2914	3939
ENSG00000095383	TBC1D2	152	159	134	165	163	149	240
ENSG00000095397	WHRN	231	205	192	187	207	201	371
ENSG00000095464	PDE6C	8	8	3	1	7	4	12
ENSG00000095485	CWF19L1	852	675	614	757	791	676	1037
ENSG00000095539	SEMA4G	3665	2995	2983	2948	3340	3621	5237
ENSG00000095564	BTAF1	2719	2127	2073	1962	2140	2491	3630
ENSG00000095574	IKZF5	826	623	585	648	674	738	1048
ENSG00000095585	BLNK	2	1	1	1	2	1	0
ENSG00000095587	TLL2	7	3	0	2	6	3	3
ENSG00000095596	CYP26A1	7	4	1	0	0	6	8
ENSG00000095627	TDRD1	3	2	4	1	0	1	6
ENSG00000095637	SORBS1	1198	931	905	925	965	1191	1613
ENSG00000095739	BAMBI	942	665	660	812	756	785	1068
ENSG00000095752	IL11	310	226	204	269	289	257	362
ENSG00000095787	WAC	2838	2118	2414	2326	2561	2828	3724
ENSG00000095794	CREM	315	225	215	285	293	264	403
ENSG00000095906	NUBP2	1390	1201	1153	1229	1336	1267	1558
ENSG00000095917	TPSD1	1	0	1	0	1	0	0
ENSG00000095932	SMIM24	835	727	649	709	765	714	954
ENSG00000095951	HIVEP1	595	337	412	409	425	510	718
ENSG00000095970	TREM2	2	0	3	0	1	0	0
ENSG00000096060	FKBP5	3065	2187	2315	2473	2751	3008	4105
ENSG00000096063	SRPK1	6307	4769	4890	5062	5527	6083	8419
ENSG00000096070	BRPF3	2672	1966	2172	2121	2362	2613	3756
ENSG00000096080	MRPS18A	1406	1111	1018	1198	1300	1268	1773
ENSG00000096088	PGC	5984	4717	4636	4855	5254	5039	6901
ENSG00000096092	TMEM14A	878	692	594	712	745	685	943
ENSG00000096093	EFHC1	279	289	197	157	178	229	412
ENSG00000096384	HSP90AB1	122437	91080	93196	98949	103272	109490	152193
ENSG00000096401	CDC5L	2943	2156	2257	2429	2481	2800	3908
ENSG00000096433	ITPR3	4404	3428	3491	3264	4100	4325	6320
ENSG00000096654	ZNF184	238	209	168	183	196	228	332
ENSG00000096696	DSP	25686	18833	20049	17676	20642	24776	35838
ENSG00000096717	SIRT1	986	674	720	709	799	1008	1284
ENSG00000096746	HNRNPH3	4845	3787	3432	4036	4229	4559	6046
ENSG00000096872	IFT74	351	283	215	280	278	283	457
ENSG00000096968	JAK2	250	194	179	164	180	226	311
ENSG00000096996	IL12RB1	13	6	10	5	10	5	22
ENSG00000097007	ABL1	3571	2733	2752	2780	3133	3294	4769
ENSG00000097021	ACOT7	2164	1773	1540	1648	2001	1945	2642
ENSG00000097033	SH3GLB1	3493	2681	2639	2638	2792	3031	4410
ENSG00000097046	CDC7	392	269	240	290	324	311	422
ENSG00000097096	SYDE2	173	155	124	126	116	141	203
ENSG00000099139	PCSK5	114	78	87	77	108	102	132
ENSG00000099194	SCD	67341	51476	53343	50127	55174	61393	86726
ENSG00000099203	TMED1	1135	996	850	1055	1062	995	1317
ENSG00000099204	ABLIM1	10098	7464	7869	7401	8466	9487	13688
ENSG00000099219	ERMP1	3859	2694	3123	2552	3375	3960	4916
ENSG00000099246	RAB18	1577	1122	1126	1271	1449	1448	1909
ENSG00000099250	NRP1	1255	972	1042	1010	1118	1291	1701
ENSG00000099256	PRTFDC1	0	0	1	0	0	0	1
ENSG00000099260	PALMD	1341	1050	980	974	1058	1072	1614
ENSG00000099282	TSPAN15	63	35	43	30	41	38	44
ENSG00000099284	MACROH2A2	1761	1426	1309	1503	1713	1586	2249
ENSG00000099290	WASHC2A	2794	2151	2063	2192	2294	2637	3731
ENSG00000099308	MAST3	1280	1017	938	895	1061	1123	1613
ENSG00000099326	MZF1	134	98	89	100	97	118	157
ENSG00000099330	OCEL1	229	218	179	184	194	212	286
ENSG00000099331	MYO9B	2192	1772	1777	1523	1801	2041	2869
ENSG00000099337	KCNK6	44	48	47	31	52	40	67
ENSG00000099338	CATSPERG	4	4	0	0	4	0	7
ENSG00000099341	PSMD8	3876	3228	2697	3223	3414	3348	4630
ENSG00000099364	FBXL19	1937	1658	1384	1479	1737	1829	2546
ENSG00000099365	STX1B	117	96	67	81	83	93	118
ENSG00000099377	HSD3B7	2343	1848	1752	1829	2090	2080	2890
ENSG00000099381	SETD1A	3489	2636	2570	2425	2889	3089	4552
ENSG00000099385	BCL7C	1301	1054	901	1037	1134	1114	1581
ENSG00000099399	MAGEB2	3	1	0	2	0	2	0
ENSG00000099617	EFNA2	1274	1154	1016	1116	1180	1261	1649
ENSG00000099622	CIRBP	3080	2558	2461	2767	2739	2930	3877
ENSG00000099624	ATP5F1D	2259	1927	1779	1958	2037	1992	2925
ENSG00000099625	CBARP	329	183	208	233	237	201	348
ENSG00000099715	PCDH11Y	49	50	37	32	29	41	56
ENSG00000099769	IGFALS	39	31	26	28	28	30	44
ENSG00000099783	HNRNPM	18332	14169	14028	15452	15912	16863	21884
ENSG00000099785	MARCHF2	335	286	259	299	297	339	405
ENSG00000099795	NDUFB7	1328	1133	1000	1096	1146	1217	1519
ENSG00000099797	TECR	3576	3073	2648	3095	3223	3150	4446
ENSG00000099800	TIMM13	2416	2018	1854	2041	2156	2206	2724
ENSG00000099804	CDC34	3586	2887	2715	3053	3399	3221	4293
ENSG00000099810	MTAP	1782	1250	1291	1406	1451	1617	2314
ENSG00000099812	MISP	444	381	339	368	398	411	562
ENSG00000099814	CEP170B	2884	2234	2088	2030	2455	2543	3648
ENSG00000099817	POLR2E	2645	2314	1998	2353	2490	2462	3365
ENSG00000099821	POLRMT	4195	3232	3220	3343	3666	3811	5202
ENSG00000099822	HCN2	23	17	15	9	12	14	24
ENSG00000099834	CDHR5	57	47	46	63	48	49	76
ENSG00000099840	IZUMO4	1	2	4	2	2	2	10
ENSG00000099849	RASSF7	854	816	633	716	765	742	1110
ENSG00000099860	GADD45B	180	190	103	129	159	169	203
ENSG00000099864	PALM	472	352	328	388	363	421	544
ENSG00000099866	MADCAM1	49	51	35	39	29	38	80
ENSG00000099875	MKNK2	3262	2527	2689	2519	2862	3025	3841
ENSG00000099889	ARVCF	610	514	457	482	503	555	717
ENSG00000099899	TRMT2A	760	705	575	672	659	708	1120
ENSG00000099901	RANBP1	7916	6146	5833	6392	6799	6857	9062
ENSG00000099904	ZDHHC8	1360	1117	1035	1006	1164	1201	1798
ENSG00000099910	KLHL22	430	356	269	331	357	342	565
ENSG00000099917	MED15	2628	2022	2083	2086	2266	2601	3543
ENSG00000099937	SERPIND1	10463	8094	7831	7801	8448	9221	13055
ENSG00000099940	SNAP29	1167	886	873	943	1041	1106	1466
ENSG00000099942	CRKL	4285	3429	3320	3285	3595	4093	5467
ENSG00000099949	LZTR1	1061	909	784	887	956	1055	1513
ENSG00000099953	MMP11	148	160	135	155	165	168	242
ENSG00000099956	SMARCB1	3646	2901	2761	3026	3204	3221	4627
ENSG00000099957	P2RX6	0	0	0	2	0	1	0
ENSG00000099968	BCL2L13	381	270	240	290	322	365	566
ENSG00000099977	DDT	1499	1283	1086	1169	1255	1388	1778
ENSG00000099991	CABIN1	5616	4396	4352	4220	4759	5159	7527
ENSG00000099992	TBC1D10A	260	205	198	204	256	244	282
ENSG00000099994	SUSD2	1036	763	764	742	798	830	1199
ENSG00000099995	SF3A1	4861	3521	3654	3948	4386	4535	6381
ENSG00000099998	GGT5	159	136	131	159	171	157	209
ENSG00000099999	RNF215	154	129	103	110	122	130	191
ENSG00000100003	SEC14L2	209	203	150	175	190	202	294
ENSG00000100012	SEC14L3	0	1	0	0	0	0	2
ENSG00000100014	SPECC1L	3032	2312	2254	2334	2534	2897	4077
ENSG00000100023	PPIL2	2002	1461	1490	1610	1769	1938	2854
ENSG00000100024	UPB1	4	18	1	10	19	10	16
ENSG00000100027	YPEL1	41	36	35	33	25	33	72
ENSG00000100028	SNRPD3	4377	3630	3283	3814	4221	4262	5677
ENSG00000100029	PES1	4555	3533	3262	3783	3989	4127	5440
ENSG00000100030	MAPK1	8082	5954	5958	6102	6532	7233	10843
ENSG00000100031	GGT1	1765	1412	1346	1444	1660	1750	2332
ENSG00000100033	PRODH	0	0	0	3	4	2	0
ENSG00000100034	PPM1F	1633	1221	1220	1298	1495	1526	2188
ENSG00000100036	SLC35E4	22	17	26	24	13	24	32
ENSG00000100038	TOP3B	1115	865	854	852	937	801	1455
ENSG00000100053	CRYBB3	8	10	5	12	5	8	15
ENSG00000100055	CYTH4	0	0	0	1	1	1	0
ENSG00000100056	ESS2	73	50	25	66	51	43	57
ENSG00000100060	MFNG	59	47	45	43	66	50	83
ENSG00000100065	CARD10	2762	2158	2147	2037	2448	2545	3448
ENSG00000100075	SLC25A1	5392	4654	4169	4489	4615	4712	6488
ENSG00000100077	GRK3	1393	978	1011	988	1092	1253	1914
ENSG00000100078	PLA2G3	18	22	16	17	13	16	22
ENSG00000100079	LGALS2	143	151	100	114	109	92	143
ENSG00000100083	GGA1	1667	1491	1265	1276	1465	1453	2062
ENSG00000100084	HIRA	4038	3126	3096	3191	3558	3826	5169
ENSG00000100092	SH3BP1	763	715	621	653	605	651	992
ENSG00000100095	SEZ6L	0	0	0	1	0	0	0
ENSG00000100097	LGALS1	2656	2258	1930	2237	2373	2306	2994
ENSG00000100099	HPS4	861	549	640	676	816	867	1184
ENSG00000100100	PIK3IP1	104	54	82	76	77	68	111
ENSG00000100104	SRRD	647	520	524	543	543	577	857
ENSG00000100105	PATZ1	2617	2197	2020	2194	2458	2351	3181
ENSG00000100106	TRIOBP	1051	851	844	872	965	949	1425
ENSG00000100109	TFIP11	919	701	676	792	798	862	1164
ENSG00000100116	GCAT	1168	867	867	908	968	935	1275
ENSG00000100121	GGTLC2	2	2	1	0	0	0	3
ENSG00000100124	ANKRD54	1371	1158	1093	1119	1230	1230	1725
ENSG00000100129	EIF3L	7051	5573	4994	5517	7133	6971	9892
ENSG00000100138	SNU13	4312	3373	3061	3456	3706	3722	5185
ENSG00000100139	MICALL1	1782	1364	1371	1400	1596	1549	2246
ENSG00000100142	POLR2F	1756	1489	1245	1366	1494	1566	1885
ENSG00000100146	SOX10	0	0	0	1	2	1	5
ENSG00000100147	CCDC134	1110	835	784	822	941	1085	1492
ENSG00000100150	DEPDC5	270	301	285	239	249	296	461
ENSG00000100151	PICK1	569	521	415	492	521	522	719
ENSG00000100154	TTC28	1175	857	900	803	1040	1118	1570
ENSG00000100156	SLC16A8	8	14	5	8	5	13	19
ENSG00000100162	CENPM	514	413	381	416	470	437	682
ENSG00000100167	SEPTIN3	0	0	3	0	0	4	0
ENSG00000100191	SLC5A4	1	0	0	1	0	0	0
ENSG00000100196	KDELR3	1200	986	919	926	1033	1051	1422
ENSG00000100197	CYP2D6	28	29	27	17	24	15	38
ENSG00000100201	DDX17	11941	9432	9070	9395	10202	11257	15990
ENSG00000100206	DMC1	13	15	13	18	8	8	19
ENSG00000100207	TCF20	2214	1622	1579	1549	1846	1976	2903
ENSG00000100209	HSCB	186	162	143	193	201	179	228
ENSG00000100211	CBY1	532	403	393	433	429	443	659
ENSG00000100216	TOMM22	3200	2563	2519	2724	2999	2851	3666
ENSG00000100218	RSPH14	9	15	5	4	4	9	9
ENSG00000100219	XBP1	15342	11648	11391	13121	14007	14069	19866
ENSG00000100220	RTCB	3920	2839	2870	3122	3355	3386	4862
ENSG00000100221	JOSD1	2624	2085	1983	2031	2296	2538	3427
ENSG00000100225	FBXO7	2850	2162	2132	2230	2497	2579	3574
ENSG00000100226	GTPBP1	2023	1525	1584	1610	1831	1857	2598
ENSG00000100227	POLDIP3	3728	3041	2789	3046	3257	3577	4746
ENSG00000100228	RAB36	82	74	61	55	85	72	103
ENSG00000100234	TIMP3	4740	3694	3633	3604	3831	4042	5748
ENSG00000100239	PPP6R2	3620	2996	2863	2846	3255	3292	4722
ENSG00000100241	SBF1	5986	4512	4408	4280	5422	5515	7965
ENSG00000100242	SUN2	4348	3496	3294	3362	3619	3993	5417
ENSG00000100243	CYB5R3	8067	6008	6037	5669	6596	6942	10260
ENSG00000100246	DNAL4	192	173	191	153	201	239	265
ENSG00000100249	C22orf31	0	0	0	0	0	1	1
ENSG00000100253	MIOX	67	58	51	60	74	56	83
ENSG00000100258	LMF2	2839	2231	2227	2215	2403	2519	3570
ENSG00000100263	RHBDD3	372	328	292	333	375	387	472
ENSG00000100266	PACSIN2	4974	3890	3779	3967	4397	4645	6524
ENSG00000100271	TTLL1	28	27	27	40	28	38	51
ENSG00000100276	RASL10A	6	3	3	4	4	4	1
ENSG00000100280	AP1B1	3464	2616	2671	2665	3081	3065	4407
ENSG00000100281	HMGXB4	655	525	461	542	487	611	687
ENSG00000100284	TOM1	1577	1244	1189	1337	1328	1413	2031
ENSG00000100285	NEFH	2	1	1	4	3	1	6
ENSG00000100288	CHKB	96	68	84	99	113	91	166
ENSG00000100290	BIK	28	24	26	26	34	35	43
ENSG00000100292	HMOX1	1834	1536	1430	1455	1518	1551	2298
ENSG00000100294	MCAT	743	604	561	695	679	695	889
ENSG00000100296	THOC5	2134	1612	1539	1727	1784	1897	2778
ENSG00000100297	MCM5	4027	3293	3035	3381	3749	3607	5151
ENSG00000100298	APOBEC3H	3	3	0	4	3	0	3
ENSG00000100299	ARSA	579	502	484	559	571	539	853
ENSG00000100300	TSPO	74	72	68	73	97	82	110
ENSG00000100304	TTLL12	3283	2417	2314	2560	2886	2921	4084
ENSG00000100307	CBX7	100	99	72	88	78	110	143
ENSG00000100311	PDGFB	164	121	112	111	159	146	185
ENSG00000100312	ACR	5	1	0	3	1	1	4
ENSG00000100314	CABP7	8	5	3	10	3	7	11
ENSG00000100316	RPL3	50234	41550	37068	42088	44783	45684	61414
ENSG00000100319	ZMAT5	265	250	230	252	248	257	352
ENSG00000100320	RBFOX2	2549	1844	1938	1980	2160	2450	3323
ENSG00000100321	SYNGR1	15	15	12	11	10	12	12
ENSG00000100324	TAB1	1093	851	856	896	1001	968	1359
ENSG00000100325	ASCC2	1786	1462	1337	1496	1628	1603	2180
ENSG00000100330	MTMR3	1181	879	912	912	1029	1122	1564
ENSG00000100335	MIEF1	2686	2178	2128	2325	2441	2651	3468
ENSG00000100336	APOL4	25	38	27	25	20	17	48
ENSG00000100341	PNPLA5	0	0	0	0	0	0	1
ENSG00000100342	APOL1	2517	2060	1970	1571	1761	1995	2729
ENSG00000100344	PNPLA3	882	692	685	668	752	889	1124
ENSG00000100345	MYH9	26517	19343	20001	18662	22003	24364	33815
ENSG00000100346	CACNA1I	2	0	0	0	0	0	0
ENSG00000100347	SAMM50	2229	1741	1557	1781	1860	1894	2595
ENSG00000100348	TXN2	2087	1626	1503	1696	1816	1892	2448
ENSG00000100350	FOXRED2	4163	3385	3263	3268	3867	3870	5707
ENSG00000100351	GRAP2	1	0	2	0	0	0	2
ENSG00000100353	EIF3D	4502	3538	3251	3703	3815	3914	5478
ENSG00000100354	TNRC6B	1464	1040	968	926	1047	1191	1736
ENSG00000100359	SGSM3	596	504	459	462	524	533	764
ENSG00000100360	IFT27	2	0	1	0	2	0	0
ENSG00000100364	KIAA0930	2407	1812	1880	1952	1993	2104	2909
ENSG00000100372	SLC25A17	705	587	515	601	641	620	850
ENSG00000100373	UPK3A	202	168	130	144	176	189	214
ENSG00000100376	FAM118A	1365	1098	961	1002	1189	1198	1709
ENSG00000100379	KCTD17	214	199	180	195	215	191	296
ENSG00000100380	ST13	10891	8372	8568	9078	9434	10075	14335
ENSG00000100387	RBX1	1336	1211	919	1176	1157	1156	1388
ENSG00000100393	EP300	4402	3241	3379	3089	3542	4053	6230
ENSG00000100395	L3MBTL2	1437	1067	1040	1224	1315	1249	1791
ENSG00000100399	CHADL	199	179	184	169	185	207	323
ENSG00000100401	RANGAP1	6749	5430	5076	5551	5992	5972	7982
ENSG00000100403	ZC3H7B	6860	5224	5168	5126	5994	6130	8859
ENSG00000100410	PHF5A	1552	1146	1112	1245	1324	1348	1891
ENSG00000100412	ACO2	3369	2693	2595	2655	2915	2909	4364
ENSG00000100413	POLR3H	1555	1170	1266	1329	1527	1390	2067
ENSG00000100416	TRMU	736	600	542	557	652	634	835
ENSG00000100417	PMM1	777	645	558	677	647	669	914
ENSG00000100418	DESI1	1558	1262	1133	1321	1427	1417	2116
ENSG00000100422	CERK	2953	2322	2213	2242	2513	2762	3853
ENSG00000100425	BRD1	1395	996	967	1216	1173	1258	1834
ENSG00000100426	ZBED4	1716	1333	1316	1315	1492	1671	2269
ENSG00000100429	HDAC10	616	569	550	526	636	574	865
ENSG00000100433	KCNK10	0	2	0	1	1	1	0
ENSG00000100439	ABHD4	1861	1402	1415	1348	1466	1433	2131
ENSG00000100441	KHNYN	5651	4346	4390	4334	4923	5626	7314
ENSG00000100442	FKBP3	3235	2473	2183	2582	2842	2962	3819
ENSG00000100445	SDR39U1	1513	1332	1152	1238	1359	1321	1643
ENSG00000100453	GZMB	0	0	1	0	0	0	0
ENSG00000100461	RBM23	44	44	41	40	45	40	58
ENSG00000100462	PRMT5	8771	6589	6358	7341	7885	8029	11006
ENSG00000100473	COCH	2709	2018	1986	2217	2329	2433	3485
ENSG00000100478	AP4S1	598	492	442	516	527	536	788
ENSG00000100479	POLE2	526	352	322	342	358	412	540
ENSG00000100483	VCPKMT	71	64	44	67	63	14	66
ENSG00000100485	SOS2	831	601	628	611	706	765	1122
ENSG00000100490	CDKL1	226	167	180	147	182	216	282
ENSG00000100503	NIN	1147	861	941	908	985	1124	1695
ENSG00000100504	PYGL	3630	2884	2898	2837	2927	3422	4828
ENSG00000100505	TRIM9	8	7	5	2	2	5	5
ENSG00000100519	PSMC6	3143	2508	2327	2529	2690	2781	3791
ENSG00000100522	GNPNAT1	4139	3072	2975	3187	3405	3637	5260
ENSG00000100523	DDHD1	765	553	579	503	621	720	1001
ENSG00000100526	CDKN3	735	549	480	538	624	637	821
ENSG00000100528	CNIH1	3030	2301	2206	2589	2764	2802	4158
ENSG00000100532	CGRRF1	124	122	109	117	153	144	196
ENSG00000100554	ATP6V1D	891	716	650	727	701	809	1153
ENSG00000100557	CCDC198	38	23	26	20	29	38	45
ENSG00000100558	PLEK2	0	3	5	5	6	4	5
ENSG00000100564	PIGH	433	331	289	362	323	397	489
ENSG00000100567	PSMA3	3268	2581	2269	2608	2623	2778	3952
ENSG00000100568	VTI1B	1468	1061	1049	1153	1201	1292	1906
ENSG00000100575	TIMM9	779	649	500	641	667	711	1014
ENSG00000100577	GSTZ1	324	268	207	236	293	285	382
ENSG00000100578	KIAA0586	979	729	749	847	975	1064	1571
ENSG00000100580	TMED8	1150	809	831	841	974	1103	1495
ENSG00000100583	SAMD15	28	27	22	32	31	26	41
ENSG00000100591	AHSA1	5330	4401	3774	4479	4634	4801	6404
ENSG00000100592	DAAM1	1385	969	1099	1007	1167	1403	1813
ENSG00000100593	ISM2	731	537	519	431	474	561	786
ENSG00000100596	SPTLC2	1499	1153	1172	1139	1279	1495	2022
ENSG00000100599	RIN3	872	706	682	687	761	788	1102
ENSG00000100600	LGMN	1650	1280	1269	1365	1409	1419	2159
ENSG00000100601	ALKBH1	423	325	246	322	333	385	602
ENSG00000100603	SNW1	2408	1874	1806	1976	2054	2300	3201
ENSG00000100604	CHGA	4	0	0	0	0	0	2
ENSG00000100605	ITPK1	2313	1872	1691	1896	2004	2215	2940
ENSG00000100612	DHRS7	809	644	635	627	742	688	911
ENSG00000100614	PPM1A	1338	929	994	1023	1083	1214	1732
ENSG00000100625	SIX4	413	352	355	313	369	378	586
ENSG00000100626	GALNT16	50	60	47	59	57	74	103
ENSG00000100628	ASB2	125	91	87	112	124	109	195
ENSG00000100629	CEP128	161	119	111	96	120	173	191
ENSG00000100632	ERH	7076	5896	5095	6026	6366	6534	8577
ENSG00000100644	HIF1A	8233	5973	6470	6842	7376	8198	11818
ENSG00000100647	SUSD6	786	617	608	599	658	676	984
ENSG00000100650	SRSF5	5962	4839	4332	4751	5112	5384	7287
ENSG00000100652	SLC10A1	1	2	6	1	2	0	0
ENSG00000100664	EIF5	8016	6007	5960	6874	7103	7631	10741
ENSG00000100665	SERPINA4	763	615	591	598	649	660	951
ENSG00000100678	SLC8A3	4	8	5	3	2	5	10
ENSG00000100697	DICER1	3311	2415	2499	2536	2553	3162	4600
ENSG00000100711	ZFYVE21	958	779	699	749	818	841	1131
ENSG00000100714	MTHFD1	5738	4058	4409	4212	5111	5321	6966
ENSG00000100721	TCL1A	1	0	0	0	0	0	0
ENSG00000100722	ZC3H14	1450	995	985	967	1176	1254	1908
ENSG00000100726	TELO2	1392	1030	1006	1139	1164	1242	1639
ENSG00000100731	PCNX1	2204	1545	1645	1596	1713	2122	3002
ENSG00000100744	GSKIP	747	596	555	632	672	699	945
ENSG00000100749	VRK1	702	601	528	613	626	659	864
ENSG00000100764	PSMC1	1995	1410	1482	1667	1589	1735	2411
ENSG00000100767	PAPLN	20	18	8	15	16	9	16
ENSG00000100784	RPS6KA5	97	100	70	55	80	73	141
ENSG00000100796	PPP4R3A	2119	1567	1653	1701	1864	1902	2688
ENSG00000100802	C14orf93	429	376	341	335	375	419	550
ENSG00000100804	PSMB5	13100	11209	9540	11283	11923	11375	14911
ENSG00000100811	YY1	3997	3034	3107	3187	3212	3590	4964
ENSG00000100813	ACIN1	9876	8201	7659	7846	8729	8943	13072
ENSG00000100814	CCNB1IP1	1794	1438	1122	1353	1498	1523	2124
ENSG00000100815	TRIP11	1632	1287	1320	1248	1429	1612	2525
ENSG00000100823	APEX1	7839	6172	5919	6937	7240	7354	9828
ENSG00000100836	PABPN1	15220	13430	12409	13133	14032	14541	19582
ENSG00000100852	ARHGAP5	6479	4442	5051	4921	5377	6297	9179
ENSG00000100865	CINP	544	424	369	443	452	476	633
ENSG00000100867	DHRS2	51237	41783	37462	44028	47452	49242	65659
ENSG00000100883	SRP54	5965	4483	4294	4965	4877	5244	7320
ENSG00000100888	CHD8	5336	3806	3986	3622	4490	4893	7057
ENSG00000100889	PCK2	6446	5396	5008	6854	7470	7462	10231
ENSG00000100890	PRORP	2092	1433	1394	1525	1706	1951	2588
ENSG00000100897	DCAF11	5370	4082	3952	4058	4605	4904	6588
ENSG00000100902	PSMA6	11088	8790	7440	9151	9427	9292	12610
ENSG00000100906	NFKBIA	3689	2915	2789	2960	3023	3097	4409
ENSG00000100908	EMC9	1292	1172	1022	1190	1222	1183	1422
ENSG00000100911	PSME2	6296	5743	4499	5415	5841	5916	7597
ENSG00000100916	BRMS1L	1334	1062	1079	1144	1089	1234	1855
ENSG00000100918	REC8	51	67	46	36	49	66	77
ENSG00000100926	TM9SF1	5178	4081	4098	4163	4671	4830	6546
ENSG00000100934	SEC23A	24702	17876	18667	19581	20386	22476	32044
ENSG00000100938	GMPR2	5056	4065	3575	4067	4283	4611	5949
ENSG00000100941	PNN	20873	17699	16229	15638	17142	19376	26816
ENSG00000100949	RABGGTA	1417	1164	1080	1256	1245	1301	1575
ENSG00000100968	NFATC4	2	3	1	0	1	0	0
ENSG00000100979	PLTP	900	642	631	648	714	696	1045
ENSG00000100982	PCIF1	2057	1720	1652	1682	1952	1936	2617
ENSG00000100983	GSS	2918	2382	2074	2359	2505	2675	3676
ENSG00000100985	MMP9	1	2	0	2	1	1	1
ENSG00000100987	VSX1	0	0	0	1	2	3	3
ENSG00000100991	TRPC4AP	8316	6284	6217	6364	7058	7390	10380
ENSG00000100994	PYGB	6611	5037	4873	5153	5925	6050	7970
ENSG00000100997	ABHD12	3119	2559	2343	2645	2915	2851	3845
ENSG00000101000	PROCR	62	51	31	37	38	57	69
ENSG00000101003	GINS1	1778	1336	1233	1420	1546	1526	2053
ENSG00000101004	NINL	2322	1974	1711	1773	2077	2301	3040
ENSG00000101017	CD40	138	72	120	121	114	129	182
ENSG00000101019	UQCC1	2812	2333	2146	2293	2460	2559	3507
ENSG00000101040	ZMYND8	7373	5917	5758	5753	6167	7022	9756
ENSG00000101049	SGK2	787	600	576	623	648	716	947
ENSG00000101052	IFT52	1564	1224	1058	1267	1277	1304	1778
ENSG00000101057	MYBL2	6061	4645	4503	4676	5248	5293	7368
ENSG00000101074	R3HDML	1	1	2	0	3	0	3
ENSG00000101076	HNF4A	9808	7788	7606	8092	9083	9599	13509
ENSG00000101079	NDRG3	2771	2165	2164	2211	2380	2445	3655
ENSG00000101082	SLA2	146	143	128	143	143	152	211
ENSG00000101084	RAB5IF	6613	5221	4911	5388	5868	5735	7504
ENSG00000101096	NFATC2	722	459	554	546	590	684	1074
ENSG00000101098	RIMS4	13	4	5	4	5	6	6
ENSG00000101104	PABPC1L	503	529	394	366	509	529	818
ENSG00000101109	STK4	3861	2930	3035	3054	3257	3813	5279
ENSG00000101115	SALL4	40	46	26	29	30	35	54
ENSG00000101126	ADNP	4673	3412	3498	3436	3801	4262	6123
ENSG00000101132	PFDN4	1488	1200	1106	1234	1258	1330	1824
ENSG00000101138	CSTF1	1187	762	791	879	964	1072	1508
ENSG00000101144	BMP7	35	38	32	28	27	42	61
ENSG00000101146	RAE1	2036	1538	1362	1679	1751	1851	2500
ENSG00000101150	TPD52L2	8836	6644	6266	7257	7648	7844	10937
ENSG00000101152	DNAJC5	4494	3343	3666	3785	4240	4473	5944
ENSG00000101158	NELFCD	6143	4778	4664	4943	5263	5582	7518
ENSG00000101160	CTSZ	237	250	209	195	204	226	351
ENSG00000101161	PRPF6	9391	7394	7245	7849	8375	8791	11493
ENSG00000101162	TUBB1	369	282	293	205	235	351	465
ENSG00000101166	PRELID3B	1166	992	867	1043	1088	1195	1530
ENSG00000101180	HRH3	5	5	1	5	1	1	7
ENSG00000101181	MTG2	1458	1341	1079	1180	1210	1402	1855
ENSG00000101182	PSMA7	8454	7407	6592	7580	7890	7664	9651
ENSG00000101187	SLCO4A1	1667	1303	1313	1395	1516	1502	2129
ENSG00000101188	NTSR1	20	0	21	16	34	5	31
ENSG00000101189	MRGBP	2538	2069	1822	2094	2116	2256	2939
ENSG00000101190	TCFL5	1218	983	887	964	1056	1096	1326
ENSG00000101191	DIDO1	6513	5258	5153	4602	5333	6082	8899
ENSG00000101193	GID8	4578	3638	3499	3704	4036	4241	5655
ENSG00000101194	SLC17A9	4962	4177	3725	3642	4106	4451	6480
ENSG00000101197	BIRC7	21	18	22	22	23	23	28
ENSG00000101198	NKAIN4	0	0	0	0	0	0	2
ENSG00000101199	ARFGAP1	5452	4682	4280	4577	5024	5015	6329
ENSG00000101200	AVP	2	3	2	0	0	1	0
ENSG00000101203	COL20A1	1	0	0	0	2	0	0
ENSG00000101210	EEF1A2	111	40	56	73	71	42	46
ENSG00000101213	PTK6	12	16	10	7	6	2	16
ENSG00000101216	GMEB2	1344	1066	1054	998	1142	1221	1715
ENSG00000101220	C20orf27	3213	2585	2303	2628	2753	2698	3579
ENSG00000101222	SPEF1	4	0	0	8	6	8	0
ENSG00000101224	CDC25B	3519	2723	2738	2624	2867	2959	4192
ENSG00000101230	ISM1	183	135	116	139	161	165	272
ENSG00000101236	RNF24	675	460	480	493	486	615	878
ENSG00000101246	ARFRP1	1375	1183	1114	1288	1314	1366	1743
ENSG00000101247	NDUFAF5	358	272	282	319	293	368	441
ENSG00000101255	TRIB3	5279	4103	3907	4804	5157	5290	7336
ENSG00000101265	RASSF2	59	38	56	55	69	54	94
ENSG00000101266	CSNK2A1	6843	5007	5278	5608	5671	6332	8886
ENSG00000101276	SLC52A3	6	0	9	0	3	8	0
ENSG00000101280	ANGPT4	0	0	0	0	1	0	0
ENSG00000101282	RSPO4	0	0	0	0	0	0	1
ENSG00000101290	CDS2	2534	2020	1938	1750	2004	2289	3192
ENSG00000101294	HM13	8968	6720	6621	7121	7680	7746	11145
ENSG00000101298	SNPH	6	5	6	5	4	4	8
ENSG00000101306	MYLK2	3	3	0	4	0	6	6
ENSG00000101307	SIRPB1	12	6	7	10	7	9	6
ENSG00000101310	SEC23B	5436	3847	4000	4250	4565	4882	6962
ENSG00000101311	FERMT1	2317	1459	1749	1660	2026	2198	3409
ENSG00000101323	HAO1	5	0	0	1	0	0	1
ENSG00000101331	CCM2L	0	0	1	3	0	3	2
ENSG00000101333	PLCB4	2	2	0	0	0	0	3
ENSG00000101335	MYL9	504	413	325	369	447	479	615
ENSG00000101336	HCK	1	0	0	0	0	0	0
ENSG00000101337	TM9SF4	7202	5430	5492	5369	6053	6632	8865
ENSG00000101342	TLDC2	93	69	53	51	78	99	89
ENSG00000101343	CRNKL1	2367	1699	1789	2026	2002	2147	3236
ENSG00000101346	POFUT1	5083	3958	3953	3943	4369	4672	6529
ENSG00000101347	SAMHD1	2707	2010	2049	2231	2401	2406	3540
ENSG00000101349	PAK5	0	0	0	0	0	1	1
ENSG00000101350	KIF3B	3684	2688	2730	2928	3234	3664	5230
ENSG00000101353	MROH8	85	59	51	61	69	69	99
ENSG00000101361	NOP56	5150	4117	4193	4519	4727	4820	6595
ENSG00000101363	MANBAL	1706	1380	1214	1352	1573	1642	2069
ENSG00000101365	IDH3B	3429	2860	2647	2874	3080	3110	4249
ENSG00000101367	MAPRE1	11014	8110	7709	8634	9019	10057	13540
ENSG00000101384	JAG1	6056	4223	4492	4711	4953	5467	7595
ENSG00000101391	CDK5RAP1	1565	1249	1207	1263	1350	1473	1982
ENSG00000101400	SNTA1	711	584	569	590	639	673	853
ENSG00000101407	TTI1	2037	1492	1495	1691	1769	1807	2693
ENSG00000101412	E2F1	2163	1912	1758	1822	2038	1990	2686
ENSG00000101413	RPRD1B	2379	1782	1764	1830	2093	2173	3052
ENSG00000101417	PXMP4	32	27	17	21	24	29	38
ENSG00000101421	CHMP4B	5166	4155	3758	4160	4431	4418	6034
ENSG00000101439	CST3	18048	14801	13977	15054	15862	15847	22428
ENSG00000101440	ASIP	3	6	4	4	1	4	9
ENSG00000101441	CST4	0	0	1	2	1	0	0
ENSG00000101442	ACTR5	875	692	641	633	777	808	1163
ENSG00000101443	WFDC2	2	2	4	4	5	0	7
ENSG00000101444	AHCY	14031	11092	10478	11522	11920	12345	17295
ENSG00000101445	PPP1R16B	0	0	1	1	0	3	3
ENSG00000101447	FAM83D	2708	1942	1946	2121	2263	2383	3398
ENSG00000101448	EPPIN	1	2	0	3	2	0	2
ENSG00000101452	DHX35	871	763	666	685	881	774	1043
ENSG00000101457	DNTTIP1	1495	1308	1096	1361	1403	1476	1833
ENSG00000101460	MAP1LC3A	0	1	0	0	3	0	0
ENSG00000101464	PIGU	2393	1893	1747	1984	2135	2082	2910
ENSG00000101470	TNNC2	27	16	14	23	21	18	20
ENSG00000101473	ACOT8	361	316	264	339	367	330	460
ENSG00000101474	APMAP	8403	6607	6484	6997	7530	7697	10557
ENSG00000101489	CELF4	5	7	4	1	2	1	0
ENSG00000101493	ZNF516	1872	1442	1532	1360	1696	1769	2605
ENSG00000101544	ADNP2	1809	1233	1366	1285	1492	1626	2365
ENSG00000101546	RBFA	898	748	708	777	774	802	1112
ENSG00000101557	USP14	3560	2608	2638	2818	2973	3266	4450
ENSG00000101558	VAPA	4902	3714	3703	4027	4182	4421	6646
ENSG00000101574	METTL4	353	298	289	293	308	361	515
ENSG00000101577	LPIN2	5164	3817	3893	3651	4220	4726	6683
ENSG00000101596	SMCHD1	2822	1828	2215	1927	2121	2617	3953
ENSG00000101605	MYOM1	66	48	48	51	52	45	72
ENSG00000101608	MYL12A	4049	3223	2869	3421	3628	3694	4804
ENSG00000101624	CEP76	450	415	352	392	434	457	624
ENSG00000101638	ST8SIA5	16	6	12	6	13	8	17
ENSG00000101639	CEP192	858	543	663	678	687	864	1339
ENSG00000101654	RNMT	1946	1390	1459	1417	1590	1838	2695
ENSG00000101665	SMAD7	481	394	420	383	419	375	579
ENSG00000101670	LIPG	180	151	117	97	149	140	225
ENSG00000101695	RNF125	24	20	13	27	19	26	31
ENSG00000101745	ANKRD12	1753	1387	1247	1325	1389	1482	2091
ENSG00000101746	NOL4	2	4	4	0	7	1	3
ENSG00000101751	POLI	383	391	301	255	315	399	598
ENSG00000101752	MIB1	2601	1876	1975	2068	2129	2533	3640
ENSG00000101773	RBBP8	1556	1162	1222	1298	1384	1402	2183
ENSG00000101782	RIOK3	1466	1106	1058	1185	1214	1385	1913
ENSG00000101811	CSTF2	1038	880	779	827	905	916	1323
ENSG00000101812	H2BW2	0	0	0	0	0	1	0
ENSG00000101842	VSIG1	36	39	34	26	25	30	42
ENSG00000101843	PSMD10	1332	1150	1044	1199	1203	1215	1690
ENSG00000101844	ATG4A	206	132	129	151	152	179	200
ENSG00000101846	STS	301	212	184	215	262	297	410
ENSG00000101849	TBL1X	2457	1876	2015	1856	2185	2461	3292
ENSG00000101850	GPR143	3	4	3	6	3	5	9
ENSG00000101856	PGRMC1	3967	3315	3001	3199	3391	3521	4997
ENSG00000101868	POLA1	1306	767	926	907	917	1203	1708
ENSG00000101871	MID1	66	45	44	53	54	69	82
ENSG00000101882	NKAP	772	611	581	635	681	674	953
ENSG00000101888	NXT2	604	428	407	465	468	525	724
ENSG00000101892	ATP1B4	3	7	4	1	2	3	9
ENSG00000101898	MCTS2	63	53	58	67	50	98	101
ENSG00000101901	ALG13	406	364	268	260	336	390	456
ENSG00000101911	PRPS2	1107	861	787	895	910	1046	1283
ENSG00000101928	MOSPD1	654	515	472	481	527	580	814
ENSG00000101935	AMMECR1	479	343	349	369	408	430	666
ENSG00000101940	WDR13	939	829	735	844	890	892	1192
ENSG00000101945	SUV39H1	617	452	454	511	595	567	807
ENSG00000101951	PAGE4	4	3	0	0	1	1	1
ENSG00000101955	SRPX	5	8	9	4	0	5	9
ENSG00000101958	GLRA2	0	0	1	1	0	0	3
ENSG00000101966	XIAP	2069	1611	1606	1683	1877	2034	2835
ENSG00000101972	STAG2	3108	2069	2386	2400	2546	2931	4409
ENSG00000101974	ATP11C	1269	840	963	834	919	1159	1670
ENSG00000101977	MCF2	1	0	0	0	0	1	1
ENSG00000101986	ABCD1	2620	2239	1909	2110	2347	2329	3321
ENSG00000101997	CCDC22	628	522	472	555	548	548	783
ENSG00000102001	CACNA1F	3	1	0	0	2	0	0
ENSG00000102003	SYP	59	75	63	76	82	90	99
ENSG00000102007	PLP2	47	26	28	27	26	25	49
ENSG00000102024	PLS3	4565	3221	3408	3569	3616	4041	5757
ENSG00000102030	NAA10	937	839	773	852	903	854	1217
ENSG00000102032	RENBP	40	43	43	41	39	47	49
ENSG00000102034	ELF4	530	336	389	323	413	439	622
ENSG00000102038	SMARCA1	9694	7359	7781	7622	7845	8953	12897
ENSG00000102048	ASB9	211	127	158	149	156	169	232
ENSG00000102053	ZC3H12B	112	102	106	94	120	124	208
ENSG00000102054	RBBP7	3668	2880	2792	3051	3289	3342	4583
ENSG00000102055	PPP1R2C	0	0	0	1	0	0	1
ENSG00000102057	KCND1	23	15	15	7	5	6	19
ENSG00000102078	SLC25A14	179	159	139	164	130	127	210
ENSG00000102081	FMR1	2527	1966	1985	1780	1941	2270	3267
ENSG00000102096	PIM2	568	441	475	468	504	510	742
ENSG00000102098	SCML2	383	312	280	270	346	358	516
ENSG00000102100	SLC35A2	1824	1251	1260	1537	1554	1488	2176
ENSG00000102103	PQBP1	1378	1163	994	1223	1207	1190	1678
ENSG00000102104	RS1	0	0	0	0	0	0	2
ENSG00000102109	PCSK1N	2225	1740	1706	1776	1826	1839	2540
ENSG00000102119	EMD	1010	798	845	870	936	863	1284
ENSG00000102125	TAFAZZIN	514	371	375	389	440	430	628
ENSG00000102128	RAB40AL	0	0	1	0	1	1	1
ENSG00000102144	PGK1	14720	11287	10724	10895	11652	13014	17184
ENSG00000102145	GATA1	0	1	1	1	0	0	2
ENSG00000102158	MAGT1	2941	2253	2304	2467	2443	2483	3272
ENSG00000102172	SMS	3969	3139	2898	3257	3334	3598	4945
ENSG00000102174	PHEX	0	6	10	5	5	1	0
ENSG00000102178	UBL4A	1215	958	945	988	1135	1091	1520
ENSG00000102181	CD99L2	519	421	418	436	514	449	661
ENSG00000102189	EEA1	2988	1900	2346	2202	2360	2847	4035
ENSG00000102218	RP2	619	488	498	513	581	604	806
ENSG00000102221	JADE3	904	593	667	733	744	876	1223
ENSG00000102225	CDK16	4704	3807	3662	3796	4028	4290	5883
ENSG00000102226	USP11	3414	2594	2566	2694	2987	3172	4187
ENSG00000102230	PCYT1B	721	533	524	551	622	670	972
ENSG00000102241	HTATSF1	1888	1437	1487	1521	1548	1775	2442
ENSG00000102265	TIMP1	1444	1103	917	1125	1186	1245	1792
ENSG00000102271	KLHL4	12	1	4	4	6	4	5
ENSG00000102287	GABRE	39	14	33	16	28	20	37
ENSG00000102302	FGD1	101	73	92	112	118	110	178
ENSG00000102309	PIN4	736	595	537	564	639	662	847
ENSG00000102312	PORCN	116	92	93	109	133	135	166
ENSG00000102313	ITIH6	0	0	1	0	0	0	0
ENSG00000102316	MAGED2	3679	3041	2800	2782	3188	3085	4246
ENSG00000102317	RBM3	4401	3594	3357	3686	3836	4096	5439
ENSG00000102349	KLF8	1	0	0	1	2	0	1
ENSG00000102359	SRPX2	92	76	71	104	70	65	123
ENSG00000102362	SYTL4	53	34	43	40	48	44	47
ENSG00000102383	ZDHHC15	10	5	6	3	9	2	14
ENSG00000102384	CENPI	573	385	424	414	418	537	726
ENSG00000102385	DRP2	7	1	1	7	3	2	3
ENSG00000102387	TAF7L	0	0	1	1	0	0	0
ENSG00000102390	PBDC1	883	692	674	775	784	876	1071
ENSG00000102393	GLA	786	621	522	600	667	664	840
ENSG00000102401	ARMCX3	1662	1294	1260	1306	1374	1503	2065
ENSG00000102409	BEX4	0	1	0	1	0	0	1
ENSG00000102445	RUBCNL	0	0	2	0	0	1	0
ENSG00000102471	NDFIP2	1129	817	809	874	920	901	1305
ENSG00000102524	TNFSF13B	1	2	3	1	0	0	2
ENSG00000102531	FNDC3A	3123	2184	2305	2332	2526	3029	4366
ENSG00000102539	MLNR	3	6	6	2	4	4	10
ENSG00000102543	CDADC1	133	116	104	125	127	140	159
ENSG00000102547	CAB39L	158	120	128	122	131	147	199
ENSG00000102554	KLF5	310	183	200	222	253	276	362
ENSG00000102572	STK24	5398	4212	4324	4383	4860	4919	6704
ENSG00000102575	ACP5	85	56	45	59	52	60	88
ENSG00000102580	DNAJC3	4120	3046	3086	3128	3443	3653	5118
ENSG00000102595	UGGT2	1008	699	814	834	876	1043	1463
ENSG00000102606	ARHGEF7	1769	1348	1270	1259	1421	1585	2287
ENSG00000102678	FGF9	4	3	0	2	3	9	2
ENSG00000102683	SGCG	1	0	0	0	1	0	0
ENSG00000102699	PARP4	3830	2885	2866	2830	3151	3672	5316
ENSG00000102710	SUPT20H	1090	734	785	718	843	914	1276
ENSG00000102738	MRPS31	611	586	477	558	604	647	874
ENSG00000102743	SLC25A15	1709	1426	1323	1396	1494	1550	2166
ENSG00000102753	KPNA3	4612	3302	3269	3631	3790	4231	6014
ENSG00000102755	FLT1	0	0	1	0	1	1	1
ENSG00000102760	RGCC	36	31	20	34	30	29	39
ENSG00000102763	VWA8	1440	1070	1156	1128	1218	1374	1984
ENSG00000102780	DGKH	39	31	22	23	22	27	46
ENSG00000102781	KATNAL1	443	363	399	326	372	449	609
ENSG00000102786	INTS6	1847	1526	1397	1549	1642	1688	2562
ENSG00000102796	DHRS12	65	71	57	91	75	86	107
ENSG00000102802	MEDAG	0	0	0	0	0	1	0
ENSG00000102804	TSC22D1	1548	1228	1105	1252	1228	1362	1932
ENSG00000102805	CLN5	613	395	440	505	515	573	743
ENSG00000102837	OLFM4	0	1	0	0	0	0	1
ENSG00000102854	MSLN	157	134	122	141	134	143	180
ENSG00000102858	MGRN1	4240	3457	3378	3132	3535	3808	5490
ENSG00000102870	ZNF629	2191	1602	1668	1724	2034	2221	2905
ENSG00000102871	TRADD	468	427	437	411	488	439	598
ENSG00000102878	HSF4	8	14	23	15	29	19	34
ENSG00000102879	CORO1A	245	202	204	257	256	249	327
ENSG00000102882	MAPK3	1891	1586	1435	1605	1689	1681	2459
ENSG00000102886	GDPD3	281	216	183	210	240	202	254
ENSG00000102890	ELMO3	173	159	115	139	143	168	186
ENSG00000102893	PHKB	3941	2657	2850	3073	3676	3748	5596
ENSG00000102897	LYRM1	2299	1671	1644	1960	2006	2083	2774
ENSG00000102898	NUTF2	5952	4882	4294	5119	5314	5313	7121
ENSG00000102900	NUP93	3308	2514	2504	2535	2749	2926	4058
ENSG00000102901	CENPT	460	464	356	513	516	462	671
ENSG00000102904	TSNAXIP1	4	10	0	7	1	10	12
ENSG00000102908	NFAT5	2928	2466	2224	2185	2494	2712	4539
ENSG00000102910	LONP2	3295	2403	2510	2530	2774	3040	4174
ENSG00000102921	N4BP1	1494	1145	1063	1060	1236	1298	1732
ENSG00000102931	ARL2BP	2357	1786	1692	1911	1898	2001	2827
ENSG00000102934	PLLP	3466	2854	2621	2782	2910	2994	4350
ENSG00000102935	ZNF423	5	11	7	6	3	5	8
ENSG00000102962	CCL22	6	7	9	14	6	9	17
ENSG00000102967	DHODH	583	519	441	509	544	497	735
ENSG00000102970	CCL17	1	0	0	0	0	0	0
ENSG00000102974	CTCF	3601	2528	2787	2713	3161	3456	5079
ENSG00000102977	ACD	1263	1038	879	1016	1148	1140	1496
ENSG00000102978	POLR2C	3852	3193	2747	3050	3328	3292	4636
ENSG00000102981	PARD6A	102	109	69	90	95	94	131
ENSG00000102984	ZNF821	93	86	82	58	68	97	152
ENSG00000102996	MMP15	5977	4780	4717	5041	5427	5671	7715
ENSG00000103005	USB1	3801	2799	2833	3035	3216	3440	4822
ENSG00000103018	CYB5B	10798	8663	7784	8370	8972	9325	12917
ENSG00000103021	CCDC113	21	14	22	16	20	23	31
ENSG00000103024	NME3	197	168	153	164	169	162	215
ENSG00000103034	NDRG4	200	181	138	152	168	258	320
ENSG00000103035	PSMD7	5073	3794	4052	4356	4420	4524	6282
ENSG00000103037	SETD6	847	706	622	672	705	865	1114
ENSG00000103042	SLC38A7	1419	1143	1102	1077	1341	1356	1934
ENSG00000103043	VAC14	1667	1304	1203	1332	1407	1462	2130
ENSG00000103044	HAS3	25	30	27	23	40	29	40
ENSG00000103047	TANGO6	686	434	494	556	581	615	858
ENSG00000103051	COG4	1919	1434	1422	1466	1688	1629	2264
ENSG00000103056	SMPD3	41	35	35	31	33	44	50
ENSG00000103061	SLC7A6OS	1233	1014	814	1047	1068	1007	1424
ENSG00000103064	SLC7A6	4540	3443	3380	3137	3451	4042	5789
ENSG00000103066	PLA2G15	1027	825	797	760	828	844	1364
ENSG00000103067	ESRP2	2782	2266	2170	2123	2355	2567	3476
ENSG00000103089	FA2H	6	3	0	1	3	0	5
ENSG00000103091	WDR59	4291	3526	3214	3402	3760	3965	5656
ENSG00000103111	MON1B	1828	1371	1453	1694	1657	1734	2378
ENSG00000103121	CMC2	761	618	514	562	581	597	753
ENSG00000103126	AXIN1	2195	1937	1778	1906	2063	2069	2861
ENSG00000103145	HCFC1R1	401	341	275	319	303	352	448
ENSG00000103148	NPRL3	1567	1232	1112	1119	1276	1360	1827
ENSG00000103150	MLYCD	173	151	139	162	172	185	268
ENSG00000103152	MPG	1784	1564	1331	1487	1634	1556	2190
ENSG00000103160	HSDL1	2097	1547	1545	1645	1831	1837	2633
ENSG00000103168	TAF1C	806	671	586	696	733	806	1042
ENSG00000103174	NAGPA	2397	1986	1830	1985	1986	2125	2914
ENSG00000103184	SEC14L5	42	26	27	16	26	34	42
ENSG00000103187	COTL1	1864	1479	1491	1587	1595	1677	2299
ENSG00000103194	USP10	5258	4041	3977	4323	4741	4990	6895
ENSG00000103196	CRISPLD2	7	7	7	7	7	6	7
ENSG00000103197	TSC2	1550	1307	1332	1184	1464	1703	2288
ENSG00000103199	ZNF500	408	317	300	333	352	330	452
ENSG00000103202	NME4	4422	3917	3295	3799	4082	4024	5279
ENSG00000103222	ABCC1	5725	3867	4228	4091	4556	5317	7288
ENSG00000103226	NOMO3	561	165	256	413	308	412	377
ENSG00000103227	LMF1	67	57	54	66	74	46	99
ENSG00000103241	FOXF1	0	0	1	1	0	0	0
ENSG00000103245	CIAO3	677	522	507	556	666	587	759
ENSG00000103248	MTHFSD	530	474	390	424	461	436	768
ENSG00000103249	CLCN7	3084	2443	2358	2662	2828	2772	4064
ENSG00000103253	HAGHL	230	227	213	196	205	203	245
ENSG00000103254	ANTKMT	361	322	280	344	387	328	505
ENSG00000103257	SLC7A5	26042	20383	19963	21854	24533	25500	36002
ENSG00000103260	METRN	1158	996	998	1063	1146	1091	1458
ENSG00000103264	FBXO31	3862	3042	3056	2934	3393	3682	5220
ENSG00000103266	STUB1	2085	1695	1579	1748	1859	1805	2500
ENSG00000103269	RHBDL1	50	52	53	57	42	60	69
ENSG00000103274	NUBP1	1151	917	845	1026	1039	1111	1533
ENSG00000103275	UBE2I	4625	4030	3436	4144	4270	4535	6293
ENSG00000103313	MEFV	9	6	3	4	3	4	12
ENSG00000103316	CRYM	15	22	16	13	21	25	38
ENSG00000103319	EEF2K	2700	2141	2052	1993	2318	2394	3371
ENSG00000103326	CAPN15	3080	2576	2453	2302	2641	2811	3832
ENSG00000103335	PIEZO1	8534	6631	6482	6160	7617	8189	11394
ENSG00000103342	GSPT1	19358	13592	14573	15217	16149	17339	24443
ENSG00000103343	ZNF174	472	358	333	391	435	403	611
ENSG00000103351	CLUAP1	341	278	252	313	307	329	498
ENSG00000103353	UBFD1	8014	5895	6191	6326	6944	7426	10488
ENSG00000103355	PRSS33	0	0	0	0	0	1	1
ENSG00000103356	EARS2	1209	838	929	975	944	1010	1560
ENSG00000103363	ELOB	2065	1906	1619	1835	1909	1937	2411
ENSG00000103365	GGA2	5815	4441	4358	4261	4795	5346	7395
ENSG00000103375	AQP8	36	30	27	32	37	31	36
ENSG00000103381	CPPED1	6939	5262	5288	5612	6110	6205	8769
ENSG00000103404	USP31	2753	2090	2192	2109	2397	2528	3654
ENSG00000103415	HMOX2	1712	1372	1265	1428	1577	1529	2182
ENSG00000103423	DNAJA3	3582	2896	2734	2842	3282	3491	4670
ENSG00000103426	CORO7-PAM16	6	0	0	9	0	4	0
ENSG00000103429	BFAR	4429	3555	3391	3660	3876	4194	5501
ENSG00000103449	SALL1	1831	1224	1288	1323	1444	1591	2412
ENSG00000103460	TOX3	2024	1588	1625	1648	1693	1776	2585
ENSG00000103479	RBL2	2380	1772	1977	1816	2048	2224	3212
ENSG00000103485	QPRT	11704	9720	9147	9936	10633	10342	14861
ENSG00000103489	XYLT1	1	0	0	0	0	1	1
ENSG00000103490	PYCARD	144	157	112	141	152	133	183
ENSG00000103494	RPGRIP1L	535	399	391	366	448	521	668
ENSG00000103495	MAZ	13442	10623	10217	11048	11698	11827	16067
ENSG00000103496	STX4	924	801	724	783	841	926	1069
ENSG00000103502	CDIPT	2759	2245	2061	2222	2491	2520	3401
ENSG00000103507	BCKDK	2088	1543	1484	1582	1709	1647	2492
ENSG00000103510	KAT8	1405	1196	1000	1087	1143	1220	1738
ENSG00000103512	NOMO1	19443	13809	14760	15183	16919	18187	24416
ENSG00000103522	IL21R	21	27	18	25	29	24	42
ENSG00000103528	SYT17	6	10	6	4	10	6	10
ENSG00000103534	TMC5	6	9	7	8	6	10	12
ENSG00000103540	CCP110	1288	914	981	987	1077	1258	1787
ENSG00000103544	VPS35L	33	40	19	34	28	34	63
ENSG00000103546	SLC6A2	39	39	40	36	34	38	47
ENSG00000103549	RNF40	5340	4233	3916	4247	4682	4888	6621
ENSG00000103550	KNOP1	2001	1591	1604	1743	1797	1961	2548
ENSG00000103569	AQP9	3	1	0	1	6	4	1
ENSG00000103591	AAGAB	1057	754	840	885	917	927	1317
ENSG00000103599	IQCH	10	0	0	0	2	3	2
ENSG00000103642	LACTB	910	821	686	823	799	887	1197
ENSG00000103647	CORO2B	122	80	110	104	99	107	152
ENSG00000103653	CSK	3672	3015	2870	3090	3464	3502	4766
ENSG00000103657	HERC1	1352	1046	1120	962	1123	1407	1917
ENSG00000103671	TRIP4	628	449	430	537	577	557	795
ENSG00000103707	MTFMT	257	260	210	240	240	285	415
ENSG00000103710	RASL12	7	0	4	7	10	6	15
ENSG00000103723	AP3B2	0	0	0	1	2	0	2
ENSG00000103740	ACSBG1	19	10	12	4	9	10	18
ENSG00000103742	IGDCC4	22	17	22	11	16	30	43
ENSG00000103769	RAB11A	3072	2357	2279	2416	2437	2608	3666
ENSG00000103811	CTSH	1373	1283	1467	1618	1135	1468	1622
ENSG00000103852	TTC23	203	140	134	123	155	200	276
ENSG00000103855	CD276	2499	1908	1934	1940	2141	2173	3124
ENSG00000103876	FAH	1417	1161	1058	1164	1309	1315	1802
ENSG00000103888	CEMIP	3368	2377	2491	2311	2728	3287	4493
ENSG00000103932	RPAP1	1961	1450	1418	1374	1577	1656	2368
ENSG00000103942	HOMER2	123	99	110	122	116	160	194
ENSG00000103966	EHD4	971	750	690	794	837	857	1148
ENSG00000103978	TMEM87A	1219	909	937	971	1104	1224	1587
ENSG00000103994	ZNF106	3055	2132	2302	2249	2568	2893	4040
ENSG00000103995	CEP152	555	503	504	457	485	613	828
ENSG00000104043	ATP8B4	4	3	4	8	5	6	16
ENSG00000104044	OCA2	6	5	6	6	6	6	9
ENSG00000104047	DTWD1	308	242	232	254	252	281	409
ENSG00000104055	TGM5	11	6	0	3	11	3	6
ENSG00000104059	FAM189A1	1	0	0	0	0	0	0
ENSG00000104064	GABPB1	944	661	683	811	781	781	1119
ENSG00000104067	TJP1	2775	2027	2172	2134	2498	2726	3877
ENSG00000104081	BMF	470	384	389	411	440	480	645
ENSG00000104093	DMXL2	641	455	493	399	493	724	966
ENSG00000104112	SCG3	3	0	3	0	3	2	2
ENSG00000104129	DNAJC17	141	127	133	126	126	132	230
ENSG00000104131	EIF3J	6052	4874	4987	5477	5642	6037	7723
ENSG00000104133	SPG11	1075	700	849	796	892	960	1486
ENSG00000104140	RHOV	8	3	10	13	8	8	11
ENSG00000104142	VPS18	1228	908	959	1082	1168	1107	1613
ENSG00000104147	OIP5	617	473	417	383	471	464	633
ENSG00000104154	SLC30A4	6	0	2	2	2	2	3
ENSG00000104164	BLOC1S6	2126	1597	1635	1824	1732	1893	2879
ENSG00000104177	MYEF2	345	265	277	301	293	365	497
ENSG00000104205	SGK3	803	556	636	616	630	648	1022
ENSG00000104213	PDGFRL	168	147	149	124	134	193	205
ENSG00000104218	CSPP1	408	234	346	327	332	423	585
ENSG00000104219	ZDHHC2	550	360	399	406	485	449	715
ENSG00000104221	BRF2	369	310	242	318	375	380	510
ENSG00000104228	TRIM35	953	743	748	805	823	919	1239
ENSG00000104231	ZFAND1	702	553	521	629	687	712	982
ENSG00000104237	RP1	0	0	0	0	0	0	1
ENSG00000104267	CA2	2	0	6	1	5	5	9
ENSG00000104290	FZD3	343	254	243	278	308	315	487
ENSG00000104299	INTS9	689	544	507	564	583	687	859
ENSG00000104312	RIPK2	282	249	253	277	332	242	441
ENSG00000104320	NBN	1718	1229	1284	1392	1412	1452	2190
ENSG00000104324	CPQ	521	429	432	381	409	515	623
ENSG00000104325	DECR1	322	241	204	260	275	293	445
ENSG00000104327	CALB1	1	2	3	0	2	4	1
ENSG00000104331	BPNT2	4022	3082	3073	3066	3239	3779	5393
ENSG00000104332	SFRP1	0	1	2	0	1	0	2
ENSG00000104341	LAPTM4B	7011	4944	5171	5662	5880	6238	8453
ENSG00000104343	UBE2W	458	389	307	360	418	404	512
ENSG00000104356	POP1	631	446	508	524	545	603	864
ENSG00000104361	NIPAL2	172	133	107	158	175	186	244
ENSG00000104365	IKBKB	603	462	496	389	506	540	675
ENSG00000104368	PLAT	37	15	36	30	30	39	23
ENSG00000104369	JPH1	1	0	0	0	1	1	1
ENSG00000104371	DKK4	61	53	33	67	39	39	56
ENSG00000104375	STK3	340	294	259	285	328	334	506
ENSG00000104381	GDAP1	475	408	393	367	393	471	646
ENSG00000104388	RAB2A	2916	2347	2261	2523	2525	2737	3648
ENSG00000104408	EIF3E	9616	7366	7323	8178	8211	8350	12684
ENSG00000104412	EMC2	667	443	501	538	547	653	830
ENSG00000104413	ESRP1	0	0	0	1	0	0	3
ENSG00000104415	CCN4	0	0	0	0	0	1	0
ENSG00000104419	NDRG1	4141	2994	3189	2392	2739	3536	5007
ENSG00000104427	ZC2HC1A	238	156	190	202	196	201	301
ENSG00000104432	IL7	91	87	73	75	78	96	150
ENSG00000104442	ARMC1	1781	1315	1265	1391	1472	1563	2213
ENSG00000104447	TRPS1	0	2	0	0	0	0	0
ENSG00000104450	SPAG1	350	267	237	293	297	344	529
ENSG00000104472	CHRAC1	2022	1427	1392	1580	1703	1709	2416
ENSG00000104490	NCALD	5	7	6	2	5	8	14
ENSG00000104497	SNX16	216	155	181	172	181	209	306
ENSG00000104517	UBR5	4649	3367	3590	3278	3702	4384	6302
ENSG00000104518	GSDMD	787	634	564	662	748	723	1031
ENSG00000104522	GFUS	1344	1147	952	1084	1164	1168	1561
ENSG00000104524	PYCR3	407	311	275	336	340	325	447
ENSG00000104529	EEF1D	9871	8039	7385	7801	8545	8877	12237
ENSG00000104537	ANXA13	18	13	22	9	14	14	22
ENSG00000104549	SQLE	8294	6611	6637	6383	6855	7221	10634
ENSG00000104611	SH2D4A	733	634	567	598	712	717	1102
ENSG00000104613	INTS10	2440	1980	1925	2013	2202	2290	3394
ENSG00000104626	ERI1	739	538	601	608	634	698	989
ENSG00000104635	SLC39A14	35190	25592	26524	26691	29617	31861	44202
ENSG00000104643	MTMR9	446	345	357	341	347	395	572
ENSG00000104660	LEPROTL1	1993	1573	1423	1611	1731	1870	2479
ENSG00000104671	DCTN6	830	674	555	649	715	760	1053
ENSG00000104679	R3HCC1	789	636	536	694	723	721	947
ENSG00000104687	GSR	7802	5783	5940	6456	6683	7136	9483
ENSG00000104689	TNFRSF10A	476	352	384	404	432	450	609
ENSG00000104691	UBXN8	590	399	384	450	468	482	734
ENSG00000104695	PPP2CB	2335	1724	1761	1958	1939	2138	2817
ENSG00000104714	ERICH1	869	654	679	715	787	800	1031
ENSG00000104723	TUSC3	8	0	8	2	7	9	8
ENSG00000104728	ARHGEF10	0	0	0	0	0	0	1
ENSG00000104731	KLHDC4	1296	1106	967	1072	1253	1299	1670
ENSG00000104738	MCM4	8261	6052	6225	6711	6990	7250	10482
ENSG00000104756	KCTD9	1456	1098	999	1061	1139	1199	1757
ENSG00000104760	FGL1	6881	5477	5254	5793	6076	6821	9551
ENSG00000104763	ASAH1	3076	2397	2067	2592	2585	2822	3678
ENSG00000104765	BNIP3L	1956	1553	1586	1426	1409	1733	2554
ENSG00000104774	MAN2B1	2465	2085	1978	2110	2319	2481	3236
ENSG00000104783	KCNN4	11	8	12	8	4	9	15
ENSG00000104804	TULP2	2	1	0	1	4	3	5
ENSG00000104805	NUCB1	5473	4377	4103	4357	4784	4781	6854
ENSG00000104808	DHDH	4	3	6	5	3	3	2
ENSG00000104812	GYS1	1747	1244	1338	1248	1394	1454	2062
ENSG00000104814	MAP4K1	12	7	2	0	9	9	8
ENSG00000104818	CGB2	0	0	0	0	0	0	1
ENSG00000104823	ECH1	4163	3797	3306	3632	4107	3991	5060
ENSG00000104824	HNRNPL	13554	10723	10342	10965	11685	12112	16327
ENSG00000104825	NFKBIB	573	465	332	433	467	460	642
ENSG00000104826	LHB	2	0	2	0	4	1	7
ENSG00000104827	CGB3	0	0	0	4	1	0	4
ENSG00000104833	TUBB4A	2	6	4	2	1	8	0
ENSG00000104835	SARS2	1127	903	831	912	944	1049	1552
ENSG00000104848	KCNA7	25	28	25	24	16	13	37
ENSG00000104852	SNRNP70	5711	5109	4327	5049	5260	4901	6720
ENSG00000104853	CLPTM1	4396	3428	3248	3335	3667	3727	5546
ENSG00000104856	RELB	162	122	107	145	146	144	230
ENSG00000104859	CLASRP	981	784	841	717	892	803	1097
ENSG00000104863	LIN7B	31	26	31	28	46	39	38
ENSG00000104866	PPP1R37	1085	886	783	773	916	904	1353
ENSG00000104870	FCGRT	2825	2351	2063	2492	2541	2598	3469
ENSG00000104872	PIH1D1	1777	1390	1290	1524	1634	1596	2239
ENSG00000104879	CKM	47	28	27	39	34	42	51
ENSG00000104880	ARHGEF18	1828	1408	1395	1370	1547	1701	2225
ENSG00000104881	PPP1R13L	339	252	261	266	305	257	429
ENSG00000104883	PEX11G	1	0	1	0	2	2	0
ENSG00000104884	ERCC2	2824	2392	2127	2134	2638	2503	3747
ENSG00000104885	DOT1L	5894	4671	4453	4170	4840	5145	7726
ENSG00000104886	PLEKHJ1	2832	2223	2100	2463	2475	2540	3260
ENSG00000104888	SLC17A7	5	7	1	3	5	9	10
ENSG00000104889	RNASEH2A	990	893	803	903	869	889	1268
ENSG00000104892	KLC3	6	5	4	4	4	3	5
ENSG00000104894	CD37	0	0	4	2	0	5	1
ENSG00000104897	SF3A2	2616	2112	2062	2117	2354	2330	3302
ENSG00000104899	AMH	3	1	0	2	0	0	6
ENSG00000104901	DKKL1	4	2	1	3	4	3	8
ENSG00000104903	LYL1	57	34	45	61	52	45	65
ENSG00000104904	OAZ1	4611	4428	3005	4667	4955	4529	5656
ENSG00000104907	TRMT1	1663	1279	1157	1351	1385	1482	1893
ENSG00000104915	STX10	1269	1021	948	992	1099	1128	1496
ENSG00000104936	DMPK	143	55	141	133	73	115	161
ENSG00000104941	RSPH6A	2	3	0	2	0	0	0
ENSG00000104946	TBC1D17	868	736	677	722	722	795	1152
ENSG00000104951	IL4I1	5	4	2	0	3	2	3
ENSG00000104953	TLE6	13	8	4	5	3	6	10
ENSG00000104957	YJU2B	347	272	281	300	328	316	452
ENSG00000104960	PTOV1	3453	2836	2674	2714	3001	2894	3946
ENSG00000104964	TLE5	4000	3449	3052	3202	3757	3638	4698
ENSG00000104967	NOVA2	1	1	0	0	0	0	1
ENSG00000104969	SGTA	3391	2716	2527	2798	2738	2823	4001
ENSG00000104973	MED25	1803	1489	1419	1416	1649	1614	2330
ENSG00000104976	SNAPC2	618	481	478	503	571	490	791
ENSG00000104979	C19orf53	1741	1419	1229	1231	1488	1500	2031
ENSG00000104980	TIMM44	1767	1487	1380	1610	1693	1776	2401
ENSG00000104983	CCDC61	224	197	202	201	254	263	269
ENSG00000104998	IL27RA	415	308	312	338	405	368	479
ENSG00000105011	ASF1B	800	704	724	772	746	774	1055
ENSG00000105048	TNNT1	27	27	10	32	31	33	43
ENSG00000105053	VRK3	950	709	743	749	823	852	1169
ENSG00000105058	FAM32A	2119	1539	1538	1795	1828	1935	2577
ENSG00000105063	PPP6R1	6589	5144	4962	4955	5655	5770	8077
ENSG00000105072	C19orf44	323	272	225	237	238	304	400
ENSG00000105085	MED26	339	294	266	275	289	295	415
ENSG00000105088	OLFM2	8	8	3	2	8	6	6
ENSG00000105122	RASAL3	0	0	0	0	0	0	1
ENSG00000105127	AKAP8	1210	1140	1002	1048	1222	1284	1717
ENSG00000105131	EPHX3	2	2	0	0	0	2	0
ENSG00000105135	ILVBL	2209	1955	1727	1946	2073	1918	2574
ENSG00000105136	ZNF419	212	186	199	191	181	218	315
ENSG00000105137	SYDE1	643	516	487	503	577	627	840
ENSG00000105146	AURKC	0	0	0	0	0	0	8
ENSG00000105171	POP4	666	447	425	472	479	509	730
ENSG00000105173	CCNE1	829	636	616	703	800	798	1097
ENSG00000105176	URI1	1118	988	881	1021	1001	987	1428
ENSG00000105185	PDCD5	1948	1577	1328	1778	1774	1896	2366
ENSG00000105186	ANKRD27	1622	1227	1280	1314	1406	1525	2231
ENSG00000105193	RPS16	22477	19987	16547	19749	20756	20866	26202
ENSG00000105197	TIMM50	2464	2039	1834	2165	2150	2181	2746
ENSG00000105202	FBL	8545	6600	6102	7126	7508	7811	10536
ENSG00000105204	DYRK1B	99	105	80	80	94	105	152
ENSG00000105219	CCNP	60	37	40	25	43	47	68
ENSG00000105220	GPI	12908	10492	9914	10136	10951	11457	15739
ENSG00000105221	AKT2	1680	1422	1249	1446	1553	1518	2427
ENSG00000105223	PLD3	2244	1796	1724	1871	1950	1910	2761
ENSG00000105227	PRX	97	89	78	98	90	123	139
ENSG00000105229	PIAS4	1495	1144	1167	1228	1345	1365	1867
ENSG00000105245	NUMBL	82	66	64	54	65	77	117
ENSG00000105246	EBI3	5	3	5	2	5	5	7
ENSG00000105248	YJU2	626	513	485	584	581	533	723
ENSG00000105251	SHD	3	0	0	0	0	2	0
ENSG00000105254	TBCB	2176	1823	1705	1962	2013	2030	2762
ENSG00000105255	FSD1	4	0	0	6	6	2	6
ENSG00000105258	POLR2I	267	209	215	220	240	236	288
ENSG00000105261	OVOL3	3	0	1	2	1	6	2
ENSG00000105270	CLIP3	42	42	40	34	35	29	51
ENSG00000105278	ZFR2	1	0	3	0	5	2	2
ENSG00000105281	SLC1A5	12600	9805	9527	11676	13256	13094	17919
ENSG00000105287	PRKD2	877	751	659	652	834	860	1151
ENSG00000105289	TJP3	170	157	138	156	156	157	216
ENSG00000105290	APLP1	128	85	116	109	92	106	140
ENSG00000105298	CACTIN	1080	845	743	873	1069	1030	1426
ENSG00000105321	CCDC9	881	706	636	711	811	825	1055
ENSG00000105323	HNRNPUL1	10544	8136	7917	8493	9205	9368	13211
ENSG00000105325	FZR1	1673	1362	1261	1346	1460	1555	2145
ENSG00000105327	BBC3	581	528	465	463	496	524	788
ENSG00000105329	TGFB1	3469	2708	2609	2841	3059	3168	4602
ENSG00000105339	DENND3	98	85	57	72	81	75	105
ENSG00000105341	DMAC2	1362	1087	1050	1088	1273	1177	1684
ENSG00000105355	PLIN3	5567	4394	4217	4562	4934	4875	6703
ENSG00000105357	MYH14	1479	1216	1118	1139	1336	1354	1984
ENSG00000105364	MRPL4	3174	2501	2287	2629	2849	2808	3789
ENSG00000105366	SIGLEC8	1	1	1	0	0	1	0
ENSG00000105369	CD79A	17	14	8	22	17	11	21
ENSG00000105370	LIM2	1	1	3	0	1	3	1
ENSG00000105371	ICAM4	143	154	118	117	143	127	215
ENSG00000105372	RPS19	19886	18205	14734	18094	18548	17955	23897
ENSG00000105373	NOP53	3368	2843	2642	3062	3149	3029	3959
ENSG00000105374	NKG7	1	0	4	1	0	2	5
ENSG00000105376	ICAM5	163	90	76	61	76	76	124
ENSG00000105379	ETFB	12844	11021	9683	10555	11234	11686	15238
ENSG00000105383	CD33	2	0	0	1	1	2	1
ENSG00000105388	CEACAM5	2	3	7	3	0	2	3
ENSG00000105392	CRX	77	81	51	62	77	79	112
ENSG00000105393	BABAM1	1620	1195	1180	1287	1393	1320	1859
ENSG00000105397	TYK2	1302	1300	1055	1097	1198	1273	1895
ENSG00000105398	SULT2A1	4643	3814	3519	3546	3749	3966	5556
ENSG00000105401	CDC37	7118	5939	5266	5682	6323	6531	8953
ENSG00000105402	NAPA	2130	1736	1576	1765	1817	1843	2595
ENSG00000105404	RABAC1	996	870	770	850	887	813	1110
ENSG00000105409	ATP1A3	0	7	0	0	4	8	2
ENSG00000105419	MEIS3	19	6	7	7	14	12	19
ENSG00000105426	PTPRS	4553	3702	3644	3220	4003	4329	6113
ENSG00000105427	CNFN	15	15	8	5	8	5	10
ENSG00000105428	ZNRF4	0	0	0	2	0	0	0
ENSG00000105429	MEGF8	2341	1860	1902	1698	2077	2347	3107
ENSG00000105438	KDELR1	11931	9483	9063	9846	10226	10330	15292
ENSG00000105443	CYTH2	1722	1579	1301	1303	1662	1755	2296
ENSG00000105447	GRWD1	2318	1880	1739	1952	2216	2068	3068
ENSG00000105464	GRIN2D	117	102	86	85	82	100	125
ENSG00000105467	SYNGR4	3	3	0	1	1	3	5
ENSG00000105472	CLEC11A	1	1	1	2	2	0	1
ENSG00000105479	ODAD1	2	5	4	5	6	10	11
ENSG00000105483	CARD8	416	292	391	285	361	429	548
ENSG00000105486	LIG1	1956	1457	1355	1507	1519	1711	2329
ENSG00000105492	SIGLEC6	29	39	23	27	28	29	43
ENSG00000105497	ZNF175	153	122	97	148	114	144	181
ENSG00000105499	PLA2G4C	17	4	6	5	11	8	9
ENSG00000105509	HAS1	0	0	0	0	0	1	2
ENSG00000105514	RAB3D	416	327	296	330	395	418	541
ENSG00000105516	DBP	143	120	109	142	156	149	191
ENSG00000105518	TMEM205	814	746	612	738	739	803	993
ENSG00000105519	CAPS	101	111	99	89	108	112	154
ENSG00000105520	PLPPR2	307	234	266	263	290	284	413
ENSG00000105523	FAM83E	9	6	9	6	6	7	8
ENSG00000105538	RASIP1	13	11	11	5	7	10	21
ENSG00000105550	FGF21	3	1	1	0	2	1	2
ENSG00000105552	BCAT2	78	66	69	71	92	72	113
ENSG00000105556	MIER2	996	722	736	761	769	787	1203
ENSG00000105559	PLEKHA4	661	532	495	566	633	625	832
ENSG00000105568	PPP2R1A	6207	4942	4980	5175	5612	5608	7655
ENSG00000105576	TNPO2	4588	3634	3387	3489	3945	4097	5879
ENSG00000105583	WDR83OS	1221	985	854	1061	1045	991	1388
ENSG00000105607	GCDH	837	660	565	650	728	752	966
ENSG00000105609	LILRB5	16	11	12	13	6	11	14
ENSG00000105610	KLF1	1	2	1	0	0	2	3
ENSG00000105612	DNASE2	422	295	356	444	399	380	589
ENSG00000105613	MAST1	145	111	142	96	119	148	191
ENSG00000105617	LENG1	237	221	193	208	220	213	275
ENSG00000105618	PRPF31	2143	1754	1508	1784	1833	1939	2662
ENSG00000105619	TFPT	351	315	234	268	365	364	425
ENSG00000105639	JAK3	251	196	172	251	236	310	418
ENSG00000105640	RPL18A	26623	22451	18673	22670	24751	23650	32489
ENSG00000105641	SLC5A5	0	2	3	1	3	0	3
ENSG00000105642	KCNN1	0	0	6	7	0	0	7
ENSG00000105643	ARRDC2	231	242	209	225	215	242	315
ENSG00000105647	PIK3R2	4648	3680	3628	3489	3972	4029	5735
ENSG00000105649	RAB3A	118	86	103	71	85	94	149
ENSG00000105650	PDE4C	197	214	171	123	165	193	265
ENSG00000105655	ISYNA1	1431	1286	1192	1228	1311	1365	1796
ENSG00000105656	ELL	708	539	462	605	559	662	894
ENSG00000105662	CRTC1	711	562	557	536	646	671	960
ENSG00000105664	COMP	72	31	36	41	40	55	52
ENSG00000105668	UPK1A	5	2	0	5	2	3	3
ENSG00000105669	COPE	4395	3673	3156	3703	4058	3911	5320
ENSG00000105671	DDX49	1129	990	827	993	1009	1022	1482
ENSG00000105672	ETV2	17	16	11	11	17	17	13
ENSG00000105675	ATP4A	4	1	2	5	3	3	1
ENSG00000105676	ARMC6	1690	1354	1267	1325	1532	1504	2010
ENSG00000105677	TMEM147	1752	1479	1296	1492	1612	1522	2032
ENSG00000105695	MAG	7	4	11	9	10	8	14
ENSG00000105696	TMEM59L	432	376	394	404	471	492	691
ENSG00000105697	HAMP	1091	894	767	896	885	907	1330
ENSG00000105698	USF2	3180	2606	2355	2807	2912	2892	3791
ENSG00000105699	LSR	4130	3315	3028	3255	3625	3614	5117
ENSG00000105700	KXD1	2087	1624	1507	1642	1725	1855	2533
ENSG00000105701	FKBP8	4785	4027	3810	4173	4501	4254	5853
ENSG00000105705	SUGP1	559	477	434	521	669	518	782
ENSG00000105707	HPN	2017	1743	1549	1806	1870	1820	2622
ENSG00000105708	ZNF14	172	136	135	136	175	157	222
ENSG00000105711	SCN1B	214	142	175	152	192	202	272
ENSG00000105722	ERF	4159	3491	3041	3529	3945	3892	5436
ENSG00000105723	GSK3A	2455	2029	1914	2073	2201	2216	3103
ENSG00000105726	ATP13A1	3030	2562	2375	2345	2771	2884	3833
ENSG00000105732	ZNF574	740	535	535	559	654	661	850
ENSG00000105737	GRIK5	0	0	1	0	0	0	0
ENSG00000105738	SIPA1L3	947	751	836	758	829	913	1319
ENSG00000105750	ZNF85	69	34	45	45	53	41	87
ENSG00000105755	ETHE1	447	411	333	423	398	452	566
ENSG00000105767	CADM4	1046	896	817	900	995	867	1316
ENSG00000105771	SMG9	815	648	564	654	657	789	1079
ENSG00000105778	AVL9	2000	1577	1533	1508	1678	1922	2738
ENSG00000105784	RUNDC3B	23	44	20	27	43	46	67
ENSG00000105792	CFAP69	51	61	47	51	49	60	89
ENSG00000105793	GTPBP10	713	533	563	544	562	690	1044
ENSG00000105808	RASA4	59	52	29	60	31	23	68
ENSG00000105810	CDK6	7069	4917	5351	5030	5654	6453	9739
ENSG00000105819	PMPCB	1884	1557	1415	1544	1697	1713	2473
ENSG00000105821	DNAJC2	1815	1383	1492	1582	1518	1696	2121
ENSG00000105825	TFPI2	35	13	17	23	20	39	50
ENSG00000105829	BET1	861	653	556	600	626	672	984
ENSG00000105835	NAMPT	1546	1098	1096	1280	1220	1371	2085
ENSG00000105849	POLR1F	880	656	755	839	808	910	1258
ENSG00000105851	PIK3CG	1	0	0	0	0	0	0
ENSG00000105852	PON3	355	290	246	298	328	324	419
ENSG00000105854	PON2	6066	4614	4313	4781	5134	5385	7682
ENSG00000105855	ITGB8	1	9	4	5	7	1	5
ENSG00000105856	HBP1	720	601	557	528	590	678	919
ENSG00000105865	DUS4L	155	134	125	157	103	149	230
ENSG00000105866	SP4	214	176	125	141	171	177	329
ENSG00000105875	WDR91	141	169	122	213	165	225	215
ENSG00000105877	DNAH11	1	0	1	4	1	1	5
ENSG00000105879	CBLL1	924	706	674	807	844	889	1275
ENSG00000105880	DLX5	2	1	1	4	2	3	3
ENSG00000105887	MTPN	4760	3589	3583	3820	4098	4658	6299
ENSG00000105889	STEAP1B	0	0	0	0	1	0	0
ENSG00000105926	PALS2	657	466	461	458	497	549	774
ENSG00000105928	GSDME	903	763	750	765	843	833	1229
ENSG00000105929	ATP6V0A4	2	0	2	3	0	1	5
ENSG00000105939	ZC3HAV1	2464	1751	1923	2033	2035	2291	3296
ENSG00000105948	TTC26	283	231	221	244	249	241	365
ENSG00000105953	OGDH	2563	1855	1935	1950	2203	2283	3201
ENSG00000105963	ADAP1	1249	984	915	1017	1149	1100	1396
ENSG00000105967	TFEC	1	0	0	0	0	0	0
ENSG00000105968	H2AZ2	4663	3889	3432	3884	3937	4316	5681
ENSG00000105971	CAV2	1	3	4	2	1	8	18
ENSG00000105974	CAV1	1	3	0	0	2	0	5
ENSG00000105976	MET	3792	2506	2885	3029	3243	3690	5470
ENSG00000105982	RNF32	19	14	15	10	10	21	34
ENSG00000105983	LMBR1	1201	855	906	919	994	1037	1660
ENSG00000105991	HOXA1	19	14	12	15	21	21	23
ENSG00000105993	DNAJB6	3003	2335	2173	2503	2662	2725	3797
ENSG00000105996	HOXA2	12	8	10	4	9	11	25
ENSG00000105997	HOXA3	797	774	668	716	792	827	1174
ENSG00000106003	LFNG	125	106	78	103	102	105	135
ENSG00000106004	HOXA5	197	175	146	167	168	187	262
ENSG00000106006	HOXA6	11	18	12	16	17	19	29
ENSG00000106009	BRAT1	1014	848	779	874	936	935	1256
ENSG00000106012	IQCE	143	108	124	168	150	160	281
ENSG00000106018	VIPR2	2	5	0	0	0	2	1
ENSG00000106025	TSPAN12	23	20	22	22	25	28	39
ENSG00000106028	SSBP1	1796	1650	1308	1525	1731	1852	2267
ENSG00000106031	HOXA13	16	10	6	9	11	11	18
ENSG00000106034	CPED1	1737	1271	1293	1298	1400	1606	2315
ENSG00000106049	HIBADH	1990	1602	1654	1694	1765	1828	2538
ENSG00000106052	TAX1BP1	5594	4392	4479	4662	4796	5333	7504
ENSG00000106066	CPVL	2805	2159	2142	2285	2373	2502	3362
ENSG00000106069	CHN2	1336	983	962	989	1114	1198	1694
ENSG00000106070	GRB10	647	415	442	518	621	693	890
ENSG00000106077	ABHD11	163	90	154	117	126	152	156
ENSG00000106078	COBL	779	586	579	614	704	783	1052
ENSG00000106080	FKBP14	2256	1774	1685	1664	1669	1904	2670
ENSG00000106086	PLEKHA8	1541	1179	1264	1196	1306	1536	2202
ENSG00000106089	STX1A	174	150	110	123	126	152	152
ENSG00000106100	NOD1	162	103	56	104	113	133	176
ENSG00000106105	GARS1	5821	4617	4642	5966	6154	6739	9501
ENSG00000106123	EPHB6	0	0	6	0	0	0	0
ENSG00000106144	CASP2	1034	778	810	773	861	937	1366
ENSG00000106153	CHCHD2	9474	7768	6761	7853	8203	8027	11372
ENSG00000106178	CCL24	5	7	6	5	6	1	6
ENSG00000106211	HSPB1	2530	2239	2031	2190	2226	2285	3047
ENSG00000106244	PDAP1	3247	2715	2519	2652	3004	3038	4065
ENSG00000106245	BUD31	1186	941	880	979	1100	1125	1460
ENSG00000106246	PTCD1	606	540	527	569	656	657	876
ENSG00000106258	CYP3A5	238	202	187	157	202	237	329
ENSG00000106261	ZKSCAN1	5680	4422	4465	4440	4846	5713	7931
ENSG00000106263	EIF3B	11851	9144	9093	9709	10372	10821	14388
ENSG00000106266	SNX8	1785	1390	1345	1388	1578	1586	2197
ENSG00000106268	NUDT1	303	291	254	303	295	292	337
ENSG00000106278	PTPRZ1	0	2	0	0	0	0	0
ENSG00000106290	TAF6	1958	1481	1452	1425	1628	1610	2317
ENSG00000106299	WASL	1818	1407	1511	1537	1656	1796	2616
ENSG00000106302	HYAL4	1	1	0	0	0	0	0
ENSG00000106304	SPAM1	0	0	0	1	0	0	0
ENSG00000106305	AIMP2	1630	1238	1117	1353	1422	1413	2010
ENSG00000106327	TFR2	817	740	714	646	768	832	1000
ENSG00000106330	MOSPD3	467	410	375	390	496	487	621
ENSG00000106333	PCOLCE	418	379	321	357	404	378	525
ENSG00000106336	FBXO24	1	3	1	1	1	3	5
ENSG00000106344	RBM28	2099	1533	1530	1643	1687	1965	2643
ENSG00000106346	USP42	630	528	505	508	537	596	897
ENSG00000106348	IMPDH1	2164	1716	1537	1795	1954	1826	2648
ENSG00000106351	AGFG2	5893	4973	4751	4559	5076	5216	7636
ENSG00000106355	LSM5	1236	1029	807	988	1064	1154	1447
ENSG00000106366	SERPINE1	7659	5820	5609	4740	5015	6384	8948
ENSG00000106367	AP1S1	1715	1542	1351	1530	1643	1646	2122
ENSG00000106384	MOGAT3	533	456	427	421	425	460	624
ENSG00000106392	C1GALT1	3892	3096	2979	2999	3220	3553	5084
ENSG00000106397	PLOD3	5296	4266	3796	4352	4717	4572	6541
ENSG00000106399	RPA3	809	591	542	680	662	622	908
ENSG00000106400	ZNHIT1	1499	1291	1134	1277	1325	1321	1827
ENSG00000106404	CLDN15	396	380	322	264	344	308	520
ENSG00000106415	GLCCI1	118	83	101	92	125	119	186
ENSG00000106443	PHF14	2017	1476	1536	1768	1634	1920	2561
ENSG00000106459	NRF1	553	452	439	438	508	546	738
ENSG00000106460	TMEM106B	1112	807	836	839	926	958	1525
ENSG00000106462	EZH2	1115	785	809	995	945	1071	1499
ENSG00000106477	CEP41	257	252	245	242	256	280	354
ENSG00000106479	ZNF862	16	13	19	19	24	10	30
ENSG00000106483	SFRP4	60	43	45	47	47	52	59
ENSG00000106484	MEST	1559	1207	1081	1263	1257	1319	1882
ENSG00000106524	ANKMY2	596	436	428	474	442	543	756
ENSG00000106526	ACTR3C	96	80	71	66	85	87	109
ENSG00000106537	TSPAN13	623	499	470	530	528	564	719
ENSG00000106538	RARRES2	2678	2352	1963	2349	2471	2439	3141
ENSG00000106541	AGR2	113	76	79	109	60	73	125
ENSG00000106546	AHR	1731	1265	1375	1494	1542	1679	2615
ENSG00000106554	CHCHD3	1974	1423	1351	1540	1716	1748	2447
ENSG00000106560	GIMAP2	14	8	10	6	11	13	22
ENSG00000106571	GLI3	1	0	0	0	0	0	0
ENSG00000106588	PSMA2	3074	2522	2244	2560	2640	2728	3459
ENSG00000106591	MRPL32	1158	1015	802	973	1016	1109	1355
ENSG00000106603	COA1	889	773	601	712	826	789	1073
ENSG00000106605	BLVRA	1555	1394	1238	1337	1530	1464	1947
ENSG00000106608	URGCP	1114	924	842	855	1020	1023	1460
ENSG00000106609	TMEM248	3368	2572	2502	2610	2822	2974	4046
ENSG00000106615	RHEB	2541	2109	1869	2044	2066	2156	2963
ENSG00000106617	PRKAG2	59	12	14	23	29	24	47
ENSG00000106624	AEBP1	6	6	9	5	6	11	10
ENSG00000106628	POLD2	3319	2688	2614	2962	3008	2995	4009
ENSG00000106631	MYL7	9	4	6	4	4	5	6
ENSG00000106633	GCK	0	0	0	0	1	0	0
ENSG00000106635	BCL7B	955	725	744	763	882	808	1192
ENSG00000106636	YKT6	3262	2540	2443	2727	2899	2947	4064
ENSG00000106638	TBL2	516	399	304	289	373	435	615
ENSG00000106665	CLIP2	2647	2113	2011	2048	2267	2504	3427
ENSG00000106682	EIF4H	14338	11296	10890	11723	12572	13095	17449
ENSG00000106683	LIMK1	1400	1142	1110	1136	1210	1216	1748
ENSG00000106686	SPATA6L	22	20	18	12	21	19	20
ENSG00000106688	SLC1A1	1	0	0	0	3	2	2
ENSG00000106692	FKTN	745	543	514	544	555	722	1045
ENSG00000106701	FSD1L	411	381	338	293	247	351	506
ENSG00000106714	CNTNAP3	212	225	165	191	135	176	350
ENSG00000106723	SPIN1	1592	1284	1326	1315	1493	1628	2297
ENSG00000106733	NMRK1	99	97	83	97	86	101	144
ENSG00000106771	TMEM245	4590	3325	3580	3579	3831	4227	5919
ENSG00000106772	PRUNE2	0	0	0	0	0	1	0
ENSG00000106780	MEGF9	770	536	558	543	675	741	990
ENSG00000106785	TRIM14	2356	1759	1801	1855	2082	2208	3009
ENSG00000106789	CORO2A	1635	1251	1274	1307	1490	1507	2107
ENSG00000106799	TGFBR1	1341	995	978	996	1033	1151	1641
ENSG00000106803	SEC61B	3057	2917	2305	2787	2943	2943	3726
ENSG00000106804	C5	7638	5471	5695	6044	6644	7776	11288
ENSG00000106809	OGN	0	0	0	0	0	0	2
ENSG00000106819	ASPN	0	0	0	0	0	0	1
ENSG00000106823	ECM2	8	5	1	4	2	4	6
ENSG00000106829	TLE4	186	162	130	143	152	158	249
ENSG00000106852	LHX6	69	64	61	52	59	75	92
ENSG00000106853	PTGR1	1031	733	794	802	871	953	1143
ENSG00000106868	SUSD1	1459	999	1013	1068	1063	1242	1712
ENSG00000106927	AMBP	29182	24397	22117	25256	26444	26834	34478
ENSG00000106948	AKNA	407	334	278	296	327	360	490
ENSG00000106952	TNFSF8	3	0	0	3	1	1	4
ENSG00000106976	DNM1	46	32	29	31	35	21	50
ENSG00000106991	ENG	167	142	140	150	131	158	224
ENSG00000106992	AK1	703	595	508	618	595	551	785
ENSG00000106993	CDC37L1	429	382	383	349	345	391	571
ENSG00000107014	RLN2	0	0	0	0	0	1	1
ENSG00000107020	PLGRKT	207	169	164	168	174	191	262
ENSG00000107021	TBC1D13	1560	1181	1278	1257	1398	1389	1941
ENSG00000107036	RIC1	1472	950	1058	1026	1142	1297	1902
ENSG00000107077	KDM4C	1258	975	1011	1037	1061	1174	1686
ENSG00000107099	DOCK8	0	5	9	19	21	0	25
ENSG00000107104	KANK1	6980	4858	5433	5181	5595	6491	8850
ENSG00000107105	ELAVL2	0	0	1	0	1	0	0
ENSG00000107130	NCS1	399	334	355	369	451	410	599
ENSG00000107140	TESK1	450	359	308	374	346	453	577
ENSG00000107147	KCNT1	0	0	0	0	0	0	2
ENSG00000107159	CA9	547	462	491	312	344	443	654
ENSG00000107164	FUBP3	3005	2430	2167	2469	2598	2795	3680
ENSG00000107165	TYRP1	0	1	2	2	0	0	6
ENSG00000107175	CREB3	569	501	452	489	518	446	663
ENSG00000107185	RGP1	1875	1595	1491	1468	1689	1806	2476
ENSG00000107186	MPDZ	947	704	718	638	717	890	1333
ENSG00000107187	LHX3	1	0	1	1	1	0	0
ENSG00000107201	DDX58	228	153	173	147	225	259	255
ENSG00000107223	EDF1	4101	3496	2883	3675	3815	3895	5194
ENSG00000107242	PIP5K1B	655	475	459	554	548	592	918
ENSG00000107249	GLIS3	4	2	2	2	0	0	6
ENSG00000107262	BAG1	897	736	690	808	772	833	1130
ENSG00000107263	RAPGEF1	3739	2894	2870	2789	3213	3308	4841
ENSG00000107281	NPDC1	302	275	251	268	283	278	444
ENSG00000107282	APBA1	2	1	0	1	3	1	1
ENSG00000107290	SETX	2990	2079	2359	2071	2484	2868	4185
ENSG00000107295	SH3GL2	0	0	1	0	0	0	1
ENSG00000107317	PTGDS	0	1	0	0	0	0	0
ENSG00000107331	ABCA2	559	427	484	338	475	487	676
ENSG00000107338	SHB	3093	2372	2265	2244	2565	2653	3580
ENSG00000107341	UBE2R2	3755	2941	2893	3046	3276	3409	4940
ENSG00000107362	ABHD17B	748	563	588	611	650	705	948
ENSG00000107371	EXOSC3	1083	870	852	956	1049	1040	1439
ENSG00000107372	ZFAND5	3554	2453	2500	2853	2839	3132	4595
ENSG00000107404	DVL1	5063	4345	3736	4296	4684	4715	6167
ENSG00000107438	PDLIM1	9646	7684	7316	8050	8390	8672	12009
ENSG00000107443	CCNJ	1442	1100	1097	1240	1240	1313	1905
ENSG00000107518	ATRNL1	0	0	0	1	0	0	0
ENSG00000107521	HPS1	506	416	345	370	334	352	521
ENSG00000107537	PHYH	1021	792	741	762	799	909	1182
ENSG00000107551	RASSF4	1565	1189	1179	1416	1344	1392	1931
ENSG00000107554	DNMBP	849	591	596	584	706	791	1151
ENSG00000107560	RAB11FIP2	698	536	552	568	593	706	986
ENSG00000107566	ERLIN1	4199	3022	2891	3302	3459	3637	5134
ENSG00000107581	EIF3A	17191	13038	13710	14069	14616	16609	22875
ENSG00000107593	PKD2L1	0	4	2	2	3	0	0
ENSG00000107611	CUBN	1	2	3	2	3	3	3
ENSG00000107614	TRDMT1	29	38	26	27	33	36	57
ENSG00000107625	DDX50	1099	751	769	822	888	963	1383
ENSG00000107643	MAPK8	890	642	619	683	715	722	1178
ENSG00000107651	SEC23IP	3744	2585	2772	2812	3043	3364	4797
ENSG00000107669	ATE1	2198	1624	1731	1784	1843	2068	3082
ENSG00000107672	NSMCE4A	1606	1296	1134	1179	1258	1354	1919
ENSG00000107679	PLEKHA1	1712	1282	1267	1278	1390	1468	2116
ENSG00000107719	PALD1	12	8	5	9	8	8	3
ENSG00000107731	UNC5B	14	16	5	11	10	17	22
ENSG00000107738	VSIR	36	15	16	36	30	38	41
ENSG00000107742	SPOCK2	3738	3011	2852	3101	3466	3693	4974
ENSG00000107745	MICU1	2424	1857	1750	1755	2018	2106	3020
ENSG00000107758	PPP3CB	1505	1031	1059	1165	1196	1297	1813
ENSG00000107771	CCSER2	908	694	686	701	770	913	1284
ENSG00000107779	BMPR1A	1365	1085	1050	1148	1212	1264	1740
ENSG00000107789	MINPP1	2526	1945	1901	2097	2186	2250	3369
ENSG00000107796	ACTA2	1487	1260	1115	1222	1300	1402	1991
ENSG00000107798	LIPA	4048	2856	3022	2968	3125	3465	4783
ENSG00000107807	TLX1	3	5	7	4	8	2	15
ENSG00000107815	TWNK	1775	1353	1390	1474	1608	1747	2350
ENSG00000107816	LZTS2	4610	4124	3548	3677	4226	4158	5955
ENSG00000107819	SFXN3	898	783	705	644	771	816	1106
ENSG00000107821	KAZALD1	507	496	471	464	467	446	689
ENSG00000107829	FBXW4	1124	932	811	955	1052	1063	1427
ENSG00000107833	NPM3	1648	1413	1217	1488	1524	1438	1914
ENSG00000107854	TNKS2	2687	1946	2122	2131	2257	2557	3674
ENSG00000107859	PITX3	4	4	5	2	4	5	3
ENSG00000107862	GBF1	3846	2513	2781	2453	3064	3484	4834
ENSG00000107863	ARHGAP21	1425	1000	1168	1100	1278	1471	2288
ENSG00000107864	CPEB3	128	118	115	103	83	140	183
ENSG00000107872	FBXL15	536	411	396	462	493	435	692
ENSG00000107874	CUEDC2	338	256	236	305	339	323	382
ENSG00000107882	SUFU	716	532	520	552	617	692	1018
ENSG00000107890	ANKRD26	794	569	590	596	575	684	1015
ENSG00000107897	ACBD5	1071	800	763	886	872	958	1401
ENSG00000107902	LHPP	248	181	167	198	186	222	285
ENSG00000107929	LARP4B	2848	2122	2242	2273	2508	2741	3741
ENSG00000107937	GTPBP4	3515	2756	2707	2984	3057	3338	4517
ENSG00000107938	EDRF1	643	524	479	466	546	598	791
ENSG00000107949	BCCIP	3583	2813	2602	2905	3072	3171	4369
ENSG00000107951	MTPAP	1204	984	869	1039	1021	1109	1530
ENSG00000107954	NEURL1	10	11	4	4	4	7	9
ENSG00000107957	SH3PXD2A	4454	3648	3207	3017	3599	3932	5784
ENSG00000107959	PITRM1	2101	1478	1428	1614	1748	1707	2568
ENSG00000107960	STN1	558	423	383	418	450	480	669
ENSG00000107968	MAP3K8	494	417	398	354	404	412	593
ENSG00000107984	DKK1	5620	4261	4106	4525	4682	4856	6510
ENSG00000108001	EBF3	0	4	0	0	2	4	5
ENSG00000108010	GLRX3	3591	2861	2602	3102	3334	3365	4366
ENSG00000108018	SORCS1	0	0	0	0	0	0	1
ENSG00000108021	TASOR2	3263	2331	2431	2231	2588	3026	4707
ENSG00000108039	XPNPEP1	952	688	714	773	765	916	1251
ENSG00000108055	SMC3	4028	2861	3305	3092	3239	3523	5107
ENSG00000108061	SHOC2	1119	862	890	924	986	1074	1600
ENSG00000108064	TFAM	3639	2693	2790	3135	3010	3502	4803
ENSG00000108091	CCDC6	2891	2114	2197	2235	2420	2570	3886
ENSG00000108094	CUL2	1244	769	801	798	937	1182	1514
ENSG00000108100	CCNY	3164	2406	2393	2677	2905	2870	3934
ENSG00000108106	UBE2S	2561	2195	1889	2242	2515	2294	3087
ENSG00000108107	RPL28	16154	12891	11544	13640	13920	14482	20457
ENSG00000108175	ZMIZ1	4940	3556	3535	3274	3992	4314	6368
ENSG00000108176	DNAJC12	179	186	143	137	169	154	237
ENSG00000108179	PPIF	8277	6817	6245	7260	7588	7483	9907
ENSG00000108187	PBLD	134	107	110	98	111	122	154
ENSG00000108219	TSPAN14	6155	4749	4756	4847	5247	5643	7656
ENSG00000108239	TBC1D12	406	351	323	364	347	367	579
ENSG00000108242	CYP2C18	2	0	0	2	0	0	1
ENSG00000108244	KRT23	2493	1966	1632	2003	2211	1958	3400
ENSG00000108256	NUFIP2	3468	2598	2625	2771	3001	3421	4906
ENSG00000108262	GIT1	1862	1438	1351	1473	1588	1705	2413
ENSG00000108298	RPL19	28087	23781	20466	23802	24980	25107	34927
ENSG00000108306	FBXL20	926	781	764	769	864	956	1312
ENSG00000108309	RUNDC3A	1	4	2	3	2	3	1
ENSG00000108312	UBTF	4527	3511	3350	3720	3947	4168	5878
ENSG00000108342	CSF3	2	2	2	0	5	6	3
ENSG00000108344	PSMD3	8205	6553	6143	6667	7370	7410	10075
ENSG00000108349	CASC3	4032	2921	3034	3197	3478	3649	5281
ENSG00000108352	RAPGEFL1	390	333	308	276	309	325	485
ENSG00000108375	RNF43	4953	3814	3648	3615	4098	4474	6453
ENSG00000108379	WNT3	524	445	391	417	457	442	722
ENSG00000108381	ASPA	2	2	2	0	3	3	4
ENSG00000108384	RAD51C	635	436	406	549	470	445	716
ENSG00000108387	SEPTIN4	9	4	4	1	3	1	3
ENSG00000108389	MTMR4	2697	2045	1996	1956	2212	2530	3509
ENSG00000108395	TRIM37	1570	1216	1291	1244	1274	1588	2093
ENSG00000108405	P2RX1	0	0	0	0	2	0	2
ENSG00000108406	DHX40	1424	1037	1052	1147	1198	1281	1820
ENSG00000108417	KRT37	4	3	4	10	9	8	15
ENSG00000108423	TUBD1	609	474	450	484	498	544	713
ENSG00000108424	KPNB1	13436	9540	10164	10854	11891	13222	18076
ENSG00000108433	GOSR2	2407	1827	1819	1904	2114	2208	3272
ENSG00000108439	PNPO	2529	2039	2015	2093	2195	2356	3184
ENSG00000108443	RPS6KB1	2111	1598	1610	1609	1678	1967	2627
ENSG00000108465	CDK5RAP3	1177	1026	979	1036	1135	1182	1535
ENSG00000108468	CBX1	4338	3340	3250	3396	3920	4088	5348
ENSG00000108469	RECQL5	1176	954	902	863	982	1161	1479
ENSG00000108474	PIGL	321	329	248	312	325	289	415
ENSG00000108479	GALK1	1378	1145	1082	1169	1320	1267	1728
ENSG00000108506	INTS2	1821	1343	1451	1389	1629	1717	2517
ENSG00000108509	CAMTA2	998	690	637	681	877	917	1203
ENSG00000108510	MED13	2780	2146	2342	2075	2483	2843	4118
ENSG00000108515	ENO3	592	512	433	475	489	504	706
ENSG00000108518	PFN1	25057	20293	18899	22248	22545	22129	30309
ENSG00000108523	RNF167	2228	1702	1597	1837	1938	1943	2781
ENSG00000108528	SLC25A11	1717	1334	1251	1455	1575	1544	1957
ENSG00000108551	RASD1	314	234	248	263	270	279	425
ENSG00000108556	CHRNE	17	25	20	31	20	15	33
ENSG00000108557	RAI1	2217	1725	1734	1706	1930	2171	3049
ENSG00000108559	NUP88	1163	1041	713	612	1000	869	1573
ENSG00000108561	C1QBP	9602	7735	6929	7778	8204	8348	11282
ENSG00000108576	SLC6A4	336	287	267	261	323	378	423
ENSG00000108578	BLMH	1981	1534	1463	1572	1631	1774	2396
ENSG00000108582	CPD	7795	5137	6093	5947	6574	7636	10965
ENSG00000108587	GOSR1	1911	1565	1537	1644	1628	1999	2507
ENSG00000108588	CCDC47	6067	4386	4472	4833	4821	5519	7540
ENSG00000108590	MED31	203	207	161	191	213	198	240
ENSG00000108591	DRG2	790	577	542	642	626	696	904
ENSG00000108592	FTSJ3	3795	3009	2771	3118	3381	3700	4827
ENSG00000108599	AKAP10	838	695	620	677	780	748	1200
ENSG00000108602	ALDH3A1	27	20	5	15	10	12	15
ENSG00000108604	SMARCD2	4912	3912	3822	3956	4348	4487	6289
ENSG00000108622	ICAM2	87	57	54	74	58	85	104
ENSG00000108639	SYNGR2	4392	3489	3282	3542	3820	3894	5089
ENSG00000108641	B9D1	461	337	326	363	412	369	554
ENSG00000108651	UTP6	925	706	652	667	831	799	1238
ENSG00000108654	DDX5	4893	3406	3240	3638	4215	4894	7059
ENSG00000108666	C17orf75	535	494	403	464	497	474	681
ENSG00000108669	CYTH1	2011	1568	1520	1556	1695	1803	2428
ENSG00000108671	PSMD11	4826	3832	3664	4193	4167	4180	5844
ENSG00000108679	LGALS3BP	16690	13486	12998	13448	14634	14810	21564
ENSG00000108733	PEX12	253	202	194	222	258	244	349
ENSG00000108759	KRT32	0	0	0	0	0	1	0
ENSG00000108771	DHX58	71	60	59	69	77	62	91
ENSG00000108773	KAT2A	2868	2351	1909	2262	2522	2725	3434
ENSG00000108774	RAB5C	8400	6491	6296	7237	7746	7786	10382
ENSG00000108784	NAGLU	2074	1703	1588	1668	1853	1881	2542
ENSG00000108786	HSD17B1	31	28	18	22	41	29	33
ENSG00000108788	MLX	2283	1710	1581	1873	1875	1836	2668
ENSG00000108797	CNTNAP1	744	644	611	576	632	760	1103
ENSG00000108799	EZH1	538	460	430	434	453	492	701
ENSG00000108813	DLX4	74	58	66	69	70	71	114
ENSG00000108819	PPP1R9B	2572	2059	1891	1948	2245	2258	3176
ENSG00000108821	COL1A1	185	163	126	135	128	147	232
ENSG00000108825	PTGES3L-AARSD1	66	48	59	62	68	59	120
ENSG00000108826	MRPL27	1489	1457	1036	1272	1316	1323	1758
ENSG00000108828	VAT1	13018	9931	9526	10682	11674	11807	15919
ENSG00000108829	LRRC59	15996	12723	11890	12923	14159	14297	19253
ENSG00000108830	RND2	11	18	8	20	14	15	14
ENSG00000108839	ALOX12	49	19	30	15	28	45	45
ENSG00000108840	HDAC5	2088	1649	1567	1536	1696	1858	2520
ENSG00000108846	ABCC3	973	770	847	803	888	948	1339
ENSG00000108848	LUC7L3	8441	7043	6898	7042	6878	7660	10633
ENSG00000108849	PPY	0	0	1	0	0	0	0
ENSG00000108852	MPP2	16	13	12	7	7	12	16
ENSG00000108854	SMURF2	1033	778	817	732	866	922	1304
ENSG00000108861	DUSP3	4769	3415	3682	3780	4003	4403	6039
ENSG00000108883	EFTUD2	7042	5173	5030	5526	5978	6102	8588
ENSG00000108924	HLF	14933	11450	11687	11519	12109	13716	19630
ENSG00000108932	SLC16A6	831	613	623	557	608	705	1014
ENSG00000108946	PRKAR1A	12583	8920	10248	10213	10213	11787	16128
ENSG00000108947	EFNB3	3	8	8	5	5	10	8
ENSG00000108950	FAM20A	365	277	303	268	350	352	537
ENSG00000108953	YWHAE	17218	13312	12294	13983	15018	15264	20232
ENSG00000108960	MMD	8975	6937	6879	7042	7255	8179	11335
ENSG00000108961	RANGRF	551	488	411	511	514	530	690
ENSG00000108963	DPH1	1009	778	732	777	849	779	1206
ENSG00000108984	MAP2K6	583	492	464	441	584	575	824
ENSG00000109016	DHRS7B	440	332	293	338	385	362	472
ENSG00000109046	WSB1	1372	959	965	992	1091	1275	1840
ENSG00000109061	MYH1	0	0	2	0	0	0	0
ENSG00000109062	SLC9A3R1	14716	11445	11397	12191	13450	13110	17618
ENSG00000109063	MYH3	249	201	158	167	175	205	268
ENSG00000109065	NAT9	1510	1184	1104	1286	1417	1355	1860
ENSG00000109066	TMEM104	1387	1076	1038	977	1179	1231	1740
ENSG00000109072	VTN	2726	2149	2066	2232	2271	2368	3222
ENSG00000109079	TNFAIP1	1633	1281	1232	1266	1391	1531	1990
ENSG00000109083	IFT20	371	295	303	345	357	333	463
ENSG00000109084	TMEM97	4293	3230	3369	3378	3651	3958	5155
ENSG00000109089	CDR2L	736	593	519	567	648	604	892
ENSG00000109099	PMP22	246	175	138	182	223	191	302
ENSG00000109101	FOXN1	1	1	0	0	2	1	0
ENSG00000109103	UNC119	434	328	306	332	363	446	568
ENSG00000109107	ALDOC	1101	888	894	744	820	848	1295
ENSG00000109111	SUPT6H	7171	5280	5255	5325	6248	6599	9472
ENSG00000109113	RAB34	11	9	8	11	7	9	10
ENSG00000109118	PHF12	1476	1079	1171	1140	1242	1387	2088
ENSG00000109132	PHOX2B	0	0	1	0	0	0	0
ENSG00000109133	TMEM33	2414	1784	1766	1940	1992	2088	3140
ENSG00000109163	GNRHR	13	5	8	4	17	11	23
ENSG00000109171	SLAIN2	1501	1128	1146	1210	1226	1395	1929
ENSG00000109180	OCIAD1	1719	1399	1156	1430	1540	1635	2260
ENSG00000109181	UGT2B10	2366	1901	1739	1766	1859	2027	2905
ENSG00000109184	DCUN1D4	1226	1125	992	1060	1106	1228	1757
ENSG00000109189	USP46	1077	806	844	850	949	1023	1422
ENSG00000109193	SULT1E1	37	33	28	25	30	25	43
ENSG00000109205	ODAM	965	842	709	730	768	785	1202
ENSG00000109220	CHIC2	354	297	285	299	334	323	477
ENSG00000109265	CRACD	405	244	283	295	337	394	565
ENSG00000109270	LAMTOR3	568	467	414	483	487	494	702
ENSG00000109320	NFKB1	2154	1650	1632	1689	1931	1953	2652
ENSG00000109321	AREG	411	281	304	402	396	401	539
ENSG00000109323	MANBA	573	322	722	499	658	438	1025
ENSG00000109332	UBE2D3	6738	5342	5279	6022	6218	6457	8839
ENSG00000109339	MAPK10	225	211	172	170	138	206	319
ENSG00000109381	ELF2	862	666	723	701	781	844	1219
ENSG00000109390	NDUFC1	1031	750	659	624	894	886	1317
ENSG00000109424	UCP1	3	1	4	1	3	0	5
ENSG00000109436	TBC1D9	1147	851	855	921	1005	1052	1510
ENSG00000109445	ZNF330	1119	881	886	927	958	1034	1300
ENSG00000109452	INPP4B	3	2	0	2	0	1	2
ENSG00000109458	GAB1	669	434	530	501	559	662	963
ENSG00000109466	KLHL2	542	409	485	453	519	560	767
ENSG00000109472	CPE	13642	10756	10251	11439	11980	12850	17046
ENSG00000109475	RPL34	6644	6261	4683	5966	6060	5999	7296
ENSG00000109501	WFS1	7183	5559	5542	5436	6030	6012	8647
ENSG00000109519	GRPEL1	1999	1575	1459	1679	1762	1774	2435
ENSG00000109534	GAR1	797	642	607	712	686	732	950
ENSG00000109536	FRG1	744	619	619	650	684	703	904
ENSG00000109572	CLCN3	2101	1562	1702	1625	1662	1964	2866
ENSG00000109576	AADAT	356	281	285	268	291	353	469
ENSG00000109586	GALNT7	27	22	20	19	32	37	31
ENSG00000109606	DHX15	5664	4094	4219	4406	4783	5217	7366
ENSG00000109610	SOD3	4	3	3	0	1	5	2
ENSG00000109618	SEPSECS	457	298	265	334	268	370	511
ENSG00000109625	CPZ	42	59	45	44	41	49	61
ENSG00000109654	TRIM2	149	150	156	134	170	128	171
ENSG00000109667	SLC2A9	879	705	676	680	758	830	1201
ENSG00000109670	FBXW7	515	387	399	392	428	430	625
ENSG00000109674	NEIL3	258	188	191	201	214	216	309
ENSG00000109680	TBC1D19	38	45	44	36	29	53	60
ENSG00000109684	CLNK	3	3	6	2	4	2	8
ENSG00000109685	NSD2	4922	3799	3800	3655	4244	4573	6415
ENSG00000109686	SH3D19	3882	2826	3047	2894	3338	3736	5119
ENSG00000109689	STIM2	564	510	499	473	548	543	753
ENSG00000109705	NKX3-2	14	12	6	11	11	8	16
ENSG00000109736	MFSD10	1618	1263	1302	1275	1361	1405	1978
ENSG00000109738	GLRB	1	2	2	1	0	4	5
ENSG00000109743	BST1	9	12	8	8	6	14	12
ENSG00000109756	RAPGEF2	1436	1195	1167	1167	1227	1475	2079
ENSG00000109758	HGFAC	346	324	263	262	297	349	519
ENSG00000109762	SNX25	1167	839	793	925	938	1029	1526
ENSG00000109771	LRP2BP	65	56	61	46	47	49	76
ENSG00000109775	UFSP2	462	403	338	387	366	392	569
ENSG00000109787	KLF3	3294	2321	2539	2591	2648	3190	4481
ENSG00000109790	KLHL5	2518	1913	1840	2025	2092	2279	3404
ENSG00000109794	FAM149A	0	1	1	0	1	0	0
ENSG00000109805	NCAPG	2154	1577	1751	1680	1976	1954	2841
ENSG00000109814	UGDH	20886	15375	15582	16248	17562	18977	25395
ENSG00000109819	PPARGC1A	1009	757	669	767	826	953	1498
ENSG00000109832	DDX25	2	4	0	2	4	8	5
ENSG00000109846	CRYAB	33	28	31	33	25	32	28
ENSG00000109861	CTSC	5411	4221	3977	4389	4647	4989	6664
ENSG00000109881	CCDC34	1326	1154	1073	1170	1213	1287	1632
ENSG00000109906	ZBTB16	1	0	2	1	2	4	2
ENSG00000109911	ELP4	504	433	376	368	413	445	606
ENSG00000109917	ZPR1	1798	1474	1320	1448	1644	1583	2305
ENSG00000109919	MTCH2	4745	3779	3521	3764	3956	4102	5536
ENSG00000109920	FNBP4	2886	2333	2133	2120	2402	2621	3963
ENSG00000109927	TECTA	6	6	6	5	6	6	14
ENSG00000109929	SC5D	2939	2187	2134	2363	2335	2639	3655
ENSG00000109943	CRTAM	1	2	1	0	3	0	0
ENSG00000109944	JHY	3	1	2	0	1	2	1
ENSG00000109956	B3GAT1	0	0	1	1	0	1	0
ENSG00000109971	HSPA8	37478	24826	26793	30007	32158	33571	46957
ENSG00000109991	P2RX3	1	0	1	0	3	1	0
ENSG00000110002	VWA5A	39	24	22	33	32	27	44
ENSG00000110011	DNAJC4	649	529	516	496	549	581	828
ENSG00000110013	SIAE	550	466	374	480	463	471	739
ENSG00000110025	SNX15	1503	1260	1142	1253	1361	1489	1946
ENSG00000110031	LPXN	53	46	37	43	47	54	60
ENSG00000110042	DTX4	702	532	533	576	611	652	874
ENSG00000110046	ATG2A	1447	1107	1092	1197	1221	1377	1896
ENSG00000110047	EHD1	3054	2346	2261	2224	2516	2715	3573
ENSG00000110048	OSBP	2610	2004	1959	2063	2280	2536	3432
ENSG00000110057	UNC93B1	464	393	320	445	425	417	604
ENSG00000110060	PUS3	425	309	294	397	369	400	524
ENSG00000110063	DCPS	736	625	537	618	649	675	896
ENSG00000110066	KMT5B	1386	993	1008	1075	1085	1135	1686
ENSG00000110074	FOXRED1	1121	864	832	1000	984	963	1202
ENSG00000110075	PPP6R3	3507	2724	2722	2780	3003	3465	4882
ENSG00000110079	MS4A4A	1	3	1	3	3	2	4
ENSG00000110080	ST3GAL4	444	325	256	303	338	377	452
ENSG00000110090	CPT1A	1711	1253	1343	1345	1389	1532	2215
ENSG00000110092	CCND1	14763	11223	11515	11433	12453	13846	19256
ENSG00000110104	CCDC86	4273	3177	3058	3446	3928	3809	5233
ENSG00000110107	PRPF19	5340	4247	4003	4537	4743	4801	6788
ENSG00000110108	TMEM109	871	729	658	783	762	788	1108
ENSG00000110169	HPX	476	394	359	402	400	378	578
ENSG00000110171	TRIM3	179	141	154	169	181	186	210
ENSG00000110172	CHORDC1	2744	2025	2083	2130	2190	2408	3481
ENSG00000110195	FOLR1	1	1	2	1	0	0	0
ENSG00000110200	ANAPC15	491	423	356	444	474	440	630
ENSG00000110203	FOLR3	0	0	0	0	0	0	1
ENSG00000110218	PANX1	842	543	634	673	685	757	1072
ENSG00000110237	ARHGEF17	1521	1260	1116	1074	1330	1401	2002
ENSG00000110243	APOA5	852	646	675	650	691	720	977
ENSG00000110244	APOA4	100	92	75	76	85	91	117
ENSG00000110245	APOC3	831	721	607	662	674	727	1065
ENSG00000110274	CEP164	611	546	518	567	572	608	795
ENSG00000110315	RNF141	958	626	677	749	795	910	1177
ENSG00000110318	CEP126	124	109	106	92	61	118	132
ENSG00000110321	EIF4G2	34722	25645	25943	27449	29312	32202	45913
ENSG00000110328	GALNT18	0	0	3	3	0	3	2
ENSG00000110330	BIRC2	2152	1609	1552	1664	1707	1887	2655
ENSG00000110344	UBE4A	2629	1879	2113	1983	2242	2633	3831
ENSG00000110367	DDX6	4461	3328	3160	3338	3759	4203	5869
ENSG00000110395	CBL	1494	1082	1118	1060	1267	1399	1976
ENSG00000110400	NECTIN1	1381	994	1027	1100	1239	1307	1760
ENSG00000110422	HIPK3	1941	1442	1447	1499	1630	1889	2706
ENSG00000110427	KIAA1549L	17	12	6	18	10	16	27
ENSG00000110429	FBXO3	843	669	632	650	684	823	1123
ENSG00000110435	PDHX	2628	2002	1995	2179	2173	2430	3313
ENSG00000110436	SLC1A2	1133	787	847	694	838	1015	1443
ENSG00000110442	COMMD9	844	710	670	693	765	763	1082
ENSG00000110446	SLC15A3	15	17	16	8	7	9	30
ENSG00000110448	CD5	2	0	1	0	0	2	0
ENSG00000110455	ACCS	2	1	7	1	3	16	9
ENSG00000110492	MDK	6932	5625	5286	5954	6406	6115	8356
ENSG00000110497	AMBRA1	1910	1356	1365	1460	1550	1715	2398
ENSG00000110514	MADD	1999	1508	1539	1534	1730	1842	2639
ENSG00000110536	PTPMT1	1854	1554	1386	1560	1674	1667	2222
ENSG00000110583	NAA40	995	905	795	821	995	934	1336
ENSG00000110619	CARS1	1354	1057	948	1362	1481	1405	2109
ENSG00000110628	SLC22A18	326	325	248	216	275	300	431
ENSG00000110651	CD81	2	0	0	1	0	1	1
ENSG00000110660	SLC35F2	998	778	795	808	913	1008	1343
ENSG00000110665	C11orf21	0	1	0	1	0	0	0
ENSG00000110675	ELMOD1	14	18	21	16	26	26	35
ENSG00000110693	SOX6	385	260	262	248	283	321	498
ENSG00000110696	C11orf58	5989	4548	4411	4959	5207	5498	7353
ENSG00000110697	PITPNM1	1573	1127	1119	1212	1385	1368	1855
ENSG00000110700	RPS13	11109	9485	7552	9153	9744	9774	12821
ENSG00000110711	AIP	1504	1305	1132	1299	1424	1307	1728
ENSG00000110713	NUP98	4408	3176	3281	3523	3871	4318	5978
ENSG00000110717	NDUFS8	1715	1254	1229	1428	1321	1420	2131
ENSG00000110719	TCIRG1	1535	1251	1149	1114	1180	1323	1739
ENSG00000110721	CHKA	5772	4510	4203	4611	4787	5017	7079
ENSG00000110723	EXPH5	25	24	24	25	21	41	39
ENSG00000110756	HPS5	1024	650	731	762	795	868	1265
ENSG00000110768	GTF2H1	1317	1009	952	1081	1030	1185	1615
ENSG00000110777	POU2AF1	152	113	126	139	140	164	187
ENSG00000110786	PTPN5	0	0	0	0	1	0	0
ENSG00000110799	VWF	16	6	7	11	5	17	15
ENSG00000110801	PSMD9	502	479	428	403	540	475	596
ENSG00000110811	P3H3	1129	823	815	956	906	876	1374
ENSG00000110841	PPFIBP1	1136	746	849	871	914	972	1452
ENSG00000110844	PRPF40B	242	186	151	194	177	216	290
ENSG00000110851	PRDM4	916	642	664	678	725	828	1171
ENSG00000110852	CLEC2B	0	0	0	1	0	0	0
ENSG00000110871	COQ5	731	604	528	584	611	646	850
ENSG00000110876	SELPLG	1	1	0	0	1	4	4
ENSG00000110880	CORO1C	8205	6471	6467	6431	6925	7471	10385
ENSG00000110881	ASIC1	138	116	107	156	135	159	224
ENSG00000110887	DAO	14	14	18	25	16	21	25
ENSG00000110888	CAPRIN2	483	294	296	255	514	320	648
ENSG00000110900	TSPAN11	7	5	2	1	2	6	10
ENSG00000110906	KCTD10	1304	887	956	1005	1078	1132	1539
ENSG00000110911	SLC11A2	2274	1774	1617	1682	1786	1996	2799
ENSG00000110917	MLEC	11465	8996	9138	9355	10230	11049	14985
ENSG00000110921	MVK	1281	1025	936	993	1101	1063	1343
ENSG00000110925	CSRNP2	472	365	372	347	368	449	631
ENSG00000110931	CAMKK2	1766	1340	1453	1434	1514	1760	2247
ENSG00000110934	BIN2	0	0	0	2	1	1	0
ENSG00000110944	IL23A	6	8	2	9	5	11	17
ENSG00000110955	ATP5F1B	24100	18557	17862	19605	20843	21585	30003
ENSG00000110958	PTGES3	13450	9985	9761	10752	11350	11904	16307
ENSG00000110987	BCL7A	706	566	530	611	645	694	918
ENSG00000111011	RSRC2	630	476	423	490	628	577	765
ENSG00000111012	CYP27B1	69	53	18	34	73	6	17
ENSG00000111052	LIN7A	1682	1250	1264	1184	1293	1508	2115
ENSG00000111057	KRT18	28810	23188	21628	23862	24883	25214	35350
ENSG00000111058	ACSS3	5220	4090	4027	4408	4641	5302	7151
ENSG00000111077	TNS2	1532	1233	1103	1059	1312	1297	2007
ENSG00000111087	GLI1	6	1	7	1	6	4	5
ENSG00000111110	PPM1H	3132	2319	2397	2321	2590	2867	3872
ENSG00000111142	METAP2	5409	4033	4201	4645	4766	4876	6672
ENSG00000111144	LTA4H	2726	2066	2050	2149	2217	2355	3252
ENSG00000111145	ELK3	843	555	591	636	666	765	1030
ENSG00000111181	SLC6A12	369	284	281	282	278	318	391
ENSG00000111186	WNT5B	1	0	0	1	0	1	0
ENSG00000111196	MAGOHB	368	269	205	271	279	288	410
ENSG00000111199	TRPV4	191	137	129	175	119	180	287
ENSG00000111203	ITFG2	220	162	128	159	183	191	269
ENSG00000111206	FOXM1	3946	3028	2880	3121	3433	3589	5308
ENSG00000111215	PRR4	0	0	0	0	0	4	0
ENSG00000111224	PARP11	281	113	215	223	251	273	406
ENSG00000111229	ARPC3	4485	3463	3062	3516	3673	3765	5398
ENSG00000111231	GPN3	788	652	562	618	691	673	974
ENSG00000111237	VPS29	864	754	616	754	751	802	1078
ENSG00000111247	RAD51AP1	751	519	508	575	590	655	886
ENSG00000111249	CUX2	0	0	0	0	0	0	1
ENSG00000111252	SH2B3	931	638	694	814	827	1029	1392
ENSG00000111254	AKAP3	4	2	4	6	3	8	7
ENSG00000111261	MANSC1	463	350	384	402	341	410	567
ENSG00000111266	DUSP16	4335	2946	3100	3256	3664	3892	5903
ENSG00000111269	CREBL2	1040	820	807	819	937	934	1318
ENSG00000111271	ACAD10	399	271	305	335	322	327	467
ENSG00000111275	ALDH2	4077	3404	3030	3646	3969	4135	5705
ENSG00000111276	CDKN1B	3449	2802	2667	2752	3086	3234	4534
ENSG00000111291	GPRC5D	15	11	13	10	17	18	14
ENSG00000111300	NAA25	1716	1218	1281	1364	1483	1559	2295
ENSG00000111305	GSG1	3	2	4	3	4	3	5
ENSG00000111319	SCNN1A	392	321	300	377	342	369	521
ENSG00000111321	LTBR	2192	1839	1780	1877	1994	2025	2969
ENSG00000111325	OGFOD2	534	460	413	467	399	474	591
ENSG00000111328	CDK2AP1	2999	2294	2288	2533	2571	2509	3339
ENSG00000111331	OAS3	1063	687	786	763	817	1005	1330
ENSG00000111335	OAS2	4	5	10	5	7	12	16
ENSG00000111339	ART4	490	418	420	368	418	495	695
ENSG00000111344	RASAL1	0	0	0	0	0	0	1
ENSG00000111348	ARHGDIB	4	3	0	0	1	1	5
ENSG00000111358	GTF2H3	1481	1123	1119	1212	1365	1346	1881
ENSG00000111361	EIF2B1	1702	1314	1235	1498	1469	1590	2056
ENSG00000111364	DDX55	1349	1068	1014	1083	1107	1249	1608
ENSG00000111371	SLC38A1	8617	6146	6325	6828	7697	8954	12327
ENSG00000111412	SPRING1	2852	2149	2113	2261	2400	2668	3836
ENSG00000111424	VDR	12	22	21	16	17	14	33
ENSG00000111445	RFC5	1072	827	750	843	867	858	1262
ENSG00000111450	STX2	750	624	631	560	645	716	1022
ENSG00000111452	ADGRD1	31	19	17	3	0	16	13
ENSG00000111481	COPZ1	2873	2357	2147	2366	2444	2454	3472
ENSG00000111490	TBC1D30	20	8	17	10	13	14	13
ENSG00000111530	CAND1	4539	3177	3204	3540	3735	4235	5867
ENSG00000111540	RAB5B	2101	1697	1586	1575	1763	1819	2649
ENSG00000111554	MDM1	267	206	187	236	233	229	379
ENSG00000111581	NUP107	1994	1594	1434	1617	1545	1682	2507
ENSG00000111596	CNOT2	2174	1583	1570	1687	1766	1916	2695
ENSG00000111602	TIMELESS	2544	1918	1858	1919	2200	2352	3197
ENSG00000111605	CPSF6	4150	3235	3061	3621	3713	3921	5485
ENSG00000111615	KRR1	2004	1500	1599	1715	1661	1862	2479
ENSG00000111639	MRPL51	2786	2340	1849	2249	2525	2487	3096
ENSG00000111640	GAPDH	87216	70930	65768	69827	74088	76883	107001
ENSG00000111641	NOP2	3286	2535	2338	2511	2922	3009	4273
ENSG00000111642	CHD4	11218	8370	8840	8845	10187	11216	15277
ENSG00000111644	ACRBP	0	0	0	0	0	3	2
ENSG00000111647	UHRF1BP1L	1121	779	815	872	937	1064	1580
ENSG00000111652	COPS7A	1476	1131	1069	1199	1335	1332	1972
ENSG00000111653	ING4	253	264	190	209	204	230	330
ENSG00000111664	GNB3	12	41	34	40	46	25	34
ENSG00000111665	CDCA3	867	698	616	687	673	675	975
ENSG00000111666	CHPT1	4823	3478	3711	3710	4253	4122	5755
ENSG00000111667	USP5	3803	3048	2792	3108	3497	3458	4472
ENSG00000111669	TPI1	18134	13961	13923	14067	14779	15536	21386
ENSG00000111670	GNPTAB	1973	1299	1360	1375	1536	1712	2362
ENSG00000111671	SPSB2	105	96	81	78	115	101	141
ENSG00000111674	ENO2	2335	1962	1762	1761	1970	2150	2721
ENSG00000111676	ATN1	4207	3272	3195	3075	3440	3739	5766
ENSG00000111678	C12orf57	671	597	477	618	602	563	783
ENSG00000111679	PTPN6	447	335	329	336	363	379	595
ENSG00000111684	LPCAT3	2462	1949	1871	1884	2103	2184	3136
ENSG00000111696	NT5DC3	744	552	578	546	597	675	967
ENSG00000111700	SLCO1B3	1	1	1	0	0	0	0
ENSG00000111704	NANOG	6	10	6	9	4	6	16
ENSG00000111707	SUDS3	2153	1634	1657	1680	1877	1981	2587
ENSG00000111711	GOLT1B	1673	1170	1178	1271	1369	1418	2028
ENSG00000111716	LDHB	1	0	0	0	0	0	2
ENSG00000111725	PRKAB1	1328	949	963	1065	1065	1155	1706
ENSG00000111726	CMAS	1170	853	894	883	935	999	1373
ENSG00000111727	HCFC2	153	117	91	124	79	157	196
ENSG00000111728	ST8SIA1	6	4	1	5	5	6	2
ENSG00000111729	CLEC4A	7	7	3	1	1	5	3
ENSG00000111731	C2CD5	1208	875	962	915	1002	1192	1630
ENSG00000111732	AICDA	13	7	17	6	14	15	19
ENSG00000111737	RAB35	2180	1682	1540	1658	1973	1990	2733
ENSG00000111752	PHC1	754	564	529	561	639	675	1009
ENSG00000111775	COX6A1	3400	3168	2448	2936	3134	2975	4032
ENSG00000111780	NA	2	5	5	3	3	6	0
ENSG00000111785	RIC8B	299	273	218	261	242	276	383
ENSG00000111786	SRSF9	5947	4952	4533	5156	5462	5299	6751
ENSG00000111790	FGFR1OP2	884	696	681	756	671	762	1113
ENSG00000111796	KLRB1	0	0	0	0	0	0	1
ENSG00000111799	COL12A1	1	1	3	0	2	1	1
ENSG00000111801	BTN3A3	151	124	104	118	121	118	175
ENSG00000111802	TDP2	2162	1593	1591	1726	1765	1988	2785
ENSG00000111816	FRK	547	505	471	457	520	560	780
ENSG00000111817	DSE	55	33	17	37	35	29	51
ENSG00000111832	RWDD1	1838	1445	1416	1613	1588	1702	2040
ENSG00000111834	RSPH4A	24	20	15	19	21	20	38
ENSG00000111837	MAK	18	13	11	6	19	13	19
ENSG00000111843	TMEM14C	3033	2630	2050	2459	2686	2647	3518
ENSG00000111845	PAK1IP1	1535	1111	1120	1328	1297	1324	1840
ENSG00000111846	GCNT2	2257	1632	1646	1723	1822	1980	2735
ENSG00000111850	SMIM8	217	174	150	159	188	225	242
ENSG00000111859	NEDD9	5569	4309	4120	3864	4332	5019	7104
ENSG00000111860	CEP85L	48	47	63	57	52	67	109
ENSG00000111875	ASF1A	2166	1666	1500	1660	1776	1825	2533
ENSG00000111877	MCM9	434	380	303	277	418	415	616
ENSG00000111879	FAM184A	488	368	382	378	351	395	677
ENSG00000111880	RNGTT	1048	790	783	823	853	1057	1457
ENSG00000111885	MAN1A1	27249	19127	20848	20340	21450	24551	35010
ENSG00000111886	GABRR2	0	2	0	1	1	5	2
ENSG00000111897	SERINC1	6367	4641	4736	4906	5194	5792	8001
ENSG00000111906	HDDC2	809	603	535	635	711	641	926
ENSG00000111907	TPD52L1	4	9	14	7	11	5	13
ENSG00000111911	HINT3	1345	937	1007	1108	1120	1338	1777
ENSG00000111912	NCOA7	941	654	726	773	838	898	1287
ENSG00000111913	RIPOR2	9	3	6	3	4	6	7
ENSG00000111961	SASH1	1166	815	903	829	1007	1157	1478
ENSG00000111962	UST	5	1	3	1	6	2	6
ENSG00000111981	ULBP1	4	3	4	6	11	10	9
ENSG00000112029	FBXO5	1311	941	936	1032	1001	1106	1654
ENSG00000112031	MTRF1L	1424	1048	1008	1056	1217	1262	1841
ENSG00000112033	PPARD	1133	906	881	901	1024	1040	1479
ENSG00000112038	OPRM1	16	8	8	9	13	12	17
ENSG00000112039	FANCE	299	233	250	257	266	336	456
ENSG00000112041	TULP1	3	3	6	1	7	4	4
ENSG00000112053	SLC26A8	0	0	0	0	0	5	0
ENSG00000112062	MAPK14	3802	2694	2888	2962	3288	3466	4826
ENSG00000112077	RHAG	0	0	0	0	0	0	1
ENSG00000112078	KCTD20	5433	4011	3973	4120	4602	4917	7044
ENSG00000112079	STK38	1388	1021	1067	1135	1188	1291	1771
ENSG00000112081	SRSF3	9601	7369	7112	8297	8400	8564	11975
ENSG00000112110	MRPL18	2929	2560	2171	2340	2522	2639	3493
ENSG00000112116	IL17F	0	1	0	0	1	0	0
ENSG00000112118	MCM3	12714	9836	9630	9789	10647	11177	15544
ENSG00000112130	RNF8	537	477	399	452	464	551	607
ENSG00000112137	PHACTR1	7	8	3	6	4	4	9
ENSG00000112139	MDGA1	2	1	0	0	0	0	0
ENSG00000112144	CILK1	1909	1377	1415	1527	1649	1788	2759
ENSG00000112146	FBXO9	2374	1872	1779	1864	2069	2097	2838
ENSG00000112149	CD83	40	23	33	38	38	30	39
ENSG00000112159	MDN1	1620	1157	1288	908	1289	1761	2733
ENSG00000112167	SAYSD1	246	261	166	203	250	207	282
ENSG00000112182	BACH2	3	2	0	1	2	0	2
ENSG00000112183	RBM24	283	206	193	238	220	283	366
ENSG00000112186	CAP2	1489	1145	1147	1139	1176	1290	2044
ENSG00000112195	TREML2	1	2	0	0	0	0	1
ENSG00000112200	ZNF451	2251	1644	1701	1623	1769	2115	3017
ENSG00000112208	BAG2	2412	1915	1753	1944	2037	2126	3011
ENSG00000112210	RAB23	531	375	378	442	377	483	675
ENSG00000112212	TSPO2	7	3	3	4	4	9	8
ENSG00000112218	GPR63	1	5	2	2	2	7	5
ENSG00000112234	FBXL4	755	497	599	582	603	693	1003
ENSG00000112237	CCNC	3161	2352	2267	2598	2654	2834	3903
ENSG00000112242	E2F3	1405	1172	1170	1187	1241	1381	1952
ENSG00000112245	PTP4A1	18110	12742	14642	12872	15686	16204	23784
ENSG00000112249	ASCC3	3441	2377	2592	2544	2808	3268	4673
ENSG00000112276	BVES	68	45	53	46	48	70	96
ENSG00000112280	COL9A1	0	0	0	0	0	0	2
ENSG00000112282	MED23	1692	1346	1294	1235	1333	1622	2336
ENSG00000112290	WASF1	1245	943	927	948	960	1098	1590
ENSG00000112293	GPLD1	411	309	304	305	329	353	531
ENSG00000112294	ALDH5A1	3473	2676	2757	2698	2953	3207	4464
ENSG00000112297	CRYBG1	1902	1438	1443	1430	1657	1876	2579
ENSG00000112299	VNN1	45	29	43	42	46	30	81
ENSG00000112303	VNN2	0	1	0	0	0	0	0
ENSG00000112304	ACOT13	726	559	532	596	605	659	934
ENSG00000112305	SMAP1	1070	854	822	910	924	1024	1515
ENSG00000112306	RPS12	22521	19612	15516	19213	20561	21567	25525
ENSG00000112308	C6orf62	3805	3077	2910	3246	3302	3489	4765
ENSG00000112309	B3GAT2	19	9	10	7	12	6	10
ENSG00000112312	GMNN	2730	2259	2105	2321	2525	2484	3397
ENSG00000112319	EYA4	0	1	0	1	0	0	1
ENSG00000112320	SOBP	1080	817	869	934	944	1050	1564
ENSG00000112335	SNX3	3836	2846	2706	2942	3261	3147	4397
ENSG00000112337	SLC17A2	205	191	114	165	198	202	265
ENSG00000112339	HBS1L	3284	2263	2437	2560	2761	2988	4069
ENSG00000112343	TRIM38	454	382	386	403	407	447	704
ENSG00000112357	PEX7	11	8	16	11	14	10	18
ENSG00000112365	ZBTB24	580	378	387	452	548	473	836
ENSG00000112367	FIG4	319	199	216	224	195	250	422
ENSG00000112378	PERP	6091	4540	4512	4912	4990	5244	7500
ENSG00000112379	ARFGEF3	1548	1176	1182	1101	1246	1548	2146
ENSG00000112394	SLC16A10	650	518	541	577	562	593	907
ENSG00000112406	HECA	46	44	58	42	36	41	58
ENSG00000112414	ADGRG6	14567	10148	11210	11023	12109	13856	20051
ENSG00000112419	PHACTR2	1754	1300	1342	1315	1472	1732	2434
ENSG00000112425	EPM2A	143	73	114	121	126	121	221
ENSG00000112473	SLC39A7	11935	9644	9234	9672	10708	11050	14789
ENSG00000112486	CCR6	732	517	600	596	578	642	919
ENSG00000112494	UNC93A	323	247	217	170	226	234	345
ENSG00000112511	PHF1	988	725	715	764	731	742	1122
ENSG00000112514	CUTA	3105	2457	2143	2531	2664	2462	3527
ENSG00000112530	PACRG	0	0	0	0	0	0	2
ENSG00000112531	QKI	3687	2930	2939	2492	2996	3352	4948
ENSG00000112541	PDE10A	0	0	0	0	0	1	0
ENSG00000112559	MDFI	6	8	5	7	12	13	10
ENSG00000112561	TFEB	583	475	459	484	523	534	745
ENSG00000112576	CCND3	556	452	434	461	520	462	670
ENSG00000112578	BYSL	1829	1427	1311	1497	1645	1621	2212
ENSG00000112584	FAM120B	1134	832	823	828	909	1116	1440
ENSG00000112592	TBP	916	757	738	761	737	847	1212
ENSG00000112599	GUCA1B	22	32	15	21	23	26	29
ENSG00000112619	PRPH2	2	2	2	5	5	1	7
ENSG00000112624	BICRAL	909	640	687	655	753	833	1241
ENSG00000112640	PPP2R5D	4158	3149	3015	3163	3490	3581	5141
ENSG00000112651	MRPL2	1281	1074	927	1057	1126	1064	1471
ENSG00000112655	PTK7	5971	4357	4520	4713	5271	5442	7398
ENSG00000112658	SRF	3836	2898	2858	3079	3601	3577	4878
ENSG00000112659	CUL9	721	577	514	547	668	677	938
ENSG00000112667	DNPH1	948	960	789	896	1033	955	1092
ENSG00000112679	DUSP22	1521	1165	1211	1284	1303	1455	2030
ENSG00000112685	EXOC2	1420	1065	1054	1182	1182	1350	1867
ENSG00000112695	COX7A2	1802	1645	1217	1552	1701	1708	1896
ENSG00000112697	TMEM30A	5132	3734	3922	4060	4294	4711	6638
ENSG00000112699	GMDS	5398	4131	3999	4652	4476	4899	6437
ENSG00000112701	SENP6	2285	1730	1684	1788	1943	2157	3112
ENSG00000112706	IMPG1	3	1	2	2	1	0	7
ENSG00000112715	VEGFA	3733	2968	2931	2893	3091	3574	5137
ENSG00000112739	PRPF4B	3078	2927	2270	2075	2577	3204	4310
ENSG00000112742	TTK	991	706	710	745	786	897	1316
ENSG00000112759	SLC29A1	3315	2534	2546	2855	3079	2935	4076
ENSG00000112761	CCN6	2	3	0	0	2	0	4
ENSG00000112763	BTN2A1	1124	819	831	835	886	964	1250
ENSG00000112769	LAMA4	0	0	0	1	0	0	2
ENSG00000112773	TENT5A	942	779	728	746	804	921	1237
ENSG00000112787	FBRSL1	4124	3324	3131	3134	3494	3341	4925
ENSG00000112818	MEP1A	26	19	17	19	21	13	35
ENSG00000112837	TBX18	0	1	0	0	1	0	0
ENSG00000112851	ERBIN	2183	1564	1658	1570	1618	2043	3013
ENSG00000112852	PCDHB2	582	476	389	443	474	507	721
ENSG00000112855	HARS2	876	703	640	709	718	762	1137
ENSG00000112874	NUDT12	161	123	102	124	112	129	164
ENSG00000112877	CEP72	215	163	140	168	203	192	313
ENSG00000112893	MAN2A1	4421	2935	3285	3159	3607	4164	5861
ENSG00000112902	SEMA5A	0	0	0	1	0	0	2
ENSG00000112936	C7	10	21	14	10	8	14	24
ENSG00000112941	TENT4A	1233	890	874	973	947	1067	1567
ENSG00000112964	GHR	2	2	3	3	5	0	2
ENSG00000112972	HMGCS1	7812	6087	5855	5533	5829	6583	9119
ENSG00000112977	DAP	6463	4987	4961	4995	5236	5646	7862
ENSG00000112983	BRD8	1890	1655	1514	1678	1743	1931	2669
ENSG00000112984	KIF20A	2211	1764	1652	1740	1869	1950	2850
ENSG00000112992	NNT	2164	1544	1564	1384	1746	1890	2684
ENSG00000112996	MRPS30	1235	875	917	1026	1035	1098	1600
ENSG00000113013	HSPA9	11871	9156	8965	9474	10511	11510	15733
ENSG00000113048	MRPS27	3959	2953	3059	3123	3307	3531	4722
ENSG00000113068	PFDN1	1838	1626	1500	1497	1550	1621	2292
ENSG00000113070	HBEGF	110	80	72	83	102	109	156
ENSG00000113073	SLC4A9	2	0	0	0	0	1	0
ENSG00000113083	LOX	1524	1056	1110	811	1003	1260	1797
ENSG00000113100	CDH9	0	1	0	1	1	0	0
ENSG00000113108	APBB3	3	4	0	0	1	0	5
ENSG00000113119	TMCO6	230	246	214	203	204	207	397
ENSG00000113140	SPARC	994	817	715	720	794	807	1107
ENSG00000113141	IK	3052	2437	2394	2675	2718	2961	4177
ENSG00000113161	HMGCR	6548	4777	5021	4734	4969	5777	8061
ENSG00000113163	CERT1	1320	877	950	943	1116	1192	1579
ENSG00000113194	FAF2	2760	2065	2070	1973	2286	2625	3585
ENSG00000113196	HAND1	0	0	1	0	0	0	1
ENSG00000113205	PCDHB3	12	13	8	8	9	10	17
ENSG00000113209	PCDHB5	6	9	3	4	10	7	8
ENSG00000113211	PCDHB6	13	10	13	15	11	18	11
ENSG00000113212	PCDHB7	13	10	9	11	14	7	15
ENSG00000113231	PDE8B	12	14	15	9	5	17	9
ENSG00000113240	CLK4	278	223	225	279	244	248	378
ENSG00000113248	PCDHB15	16	15	18	10	21	18	19
ENSG00000113249	HAVCR1	169	119	121	113	100	156	205
ENSG00000113269	RNF130	929	709	768	789	840	845	1233
ENSG00000113272	THG1L	396	325	352	373	392	389	489
ENSG00000113273	ARSB	5690	4241	4252	4526	4898	5327	7287
ENSG00000113282	CLINT1	3227	2325	2454	2530	2696	2951	4195
ENSG00000113296	THBS4	9	5	5	8	6	6	19
ENSG00000113300	CNOT6	1765	1313	1261	1405	1537	1654	2326
ENSG00000113303	BTNL8	0	0	1	2	0	0	0
ENSG00000113312	TTC1	1534	1179	1145	1223	1359	1443	1875
ENSG00000113318	MSH3	734	517	539	576	601	646	940
ENSG00000113319	RASGRF2	3129	2337	2399	2399	2583	3017	4115
ENSG00000113327	GABRG2	0	2	1	2	3	0	0
ENSG00000113328	CCNG1	6880	5317	5080	5653	5786	6189	8817
ENSG00000113356	POLR3G	389	292	363	354	320	402	524
ENSG00000113360	DROSHA	2796	2121	2156	2102	2356	2598	3689
ENSG00000113361	CDH6	0	1	0	0	1	1	0
ENSG00000113368	LMNB1	5308	4190	4196	4527	4569	4903	6754
ENSG00000113369	ARRDC3	398	316	315	267	275	304	475
ENSG00000113384	GOLPH3	6098	4829	4810	5271	5424	5683	8183
ENSG00000113387	SUB1	6163	5037	4265	5318	5517	5425	7707
ENSG00000113389	NPR3	2	2	0	5	4	1	1
ENSG00000113391	FAM172A	377	246	296	276	264	324	446
ENSG00000113407	TARS1	5122	3835	3819	4609	4860	5354	7380
ENSG00000113441	LNPEP	1499	1197	1191	1092	1225	1434	2161
ENSG00000113448	PDE4D	761	619	575	553	620	685	950
ENSG00000113456	RAD1	633	510	538	556	606	545	774
ENSG00000113460	BRIX1	1611	1261	1111	1405	1416	1456	1972
ENSG00000113492	AGXT2	3	1	0	1	0	0	1
ENSG00000113494	PRLR	723	520	572	500	520	612	990
ENSG00000113504	SLC12A7	2905	2394	2216	2278	2648	2740	3758
ENSG00000113520	IL4	0	0	0	0	1	0	0
ENSG00000113522	RAD50	1218	957	1031	929	1059	1168	1582
ENSG00000113525	IL5	1	0	0	0	0	0	2
ENSG00000113532	ST8SIA4	3	2	1	6	6	7	6
ENSG00000113552	GNPDA1	2105	1643	1493	1648	1877	1865	2609
ENSG00000113555	PCDH12	19	9	5	5	7	5	15
ENSG00000113558	SKP1	2787	2013	1965	2167	2254	2362	3491
ENSG00000113569	NUP155	2474	1686	1844	1967	2060	2306	3200
ENSG00000113575	PPP2CA	5077	4020	3743	4272	4293	4519	6200
ENSG00000113578	FGF1	0	3	3	1	5	4	5
ENSG00000113580	NR3C1	1368	862	1020	973	1122	1288	1755
ENSG00000113583	C5orf15	3283	2526	2626	2761	2901	2944	4324
ENSG00000113593	PPWD1	1093	707	783	920	968	1018	1388
ENSG00000113594	LIFR	959	664	708	725	707	929	1382
ENSG00000113595	TRIM23	406	267	313	281	317	376	530
ENSG00000113597	TRAPPC13	364	268	222	279	284	305	375
ENSG00000113615	SEC24A	4010	2741	3137	3056	3277	3518	5417
ENSG00000113621	TXNDC15	1246	991	987	1116	1098	1155	1561
ENSG00000113638	TTC33	570	409	423	400	407	502	620
ENSG00000113643	RARS1	4186	3027	3148	3202	3516	3782	5198
ENSG00000113645	WWC1	1341	1040	986	1000	1164	1199	1694
ENSG00000113648	MACROH2A1	5633	4526	4278	5028	5060	5249	6943
ENSG00000113649	TCERG1	3346	2369	2676	2705	2881	3029	4369
ENSG00000113657	DPYSL3	12	2	5	7	3	5	6
ENSG00000113658	SMAD5	2460	1818	1918	1914	2080	2352	3417
ENSG00000113712	CSNK1A1	5676	4371	4670	5060	5319	5815	8066
ENSG00000113716	HMGXB3	2235	1680	1710	1724	1856	2005	2737
ENSG00000113719	ERGIC1	4422	3434	3441	3555	4077	4419	6236
ENSG00000113721	PDGFRB	611	465	457	377	476	529	665
ENSG00000113732	ATP6V0E1	2405	2020	1680	2107	2258	2148	2852
ENSG00000113734	BNIP1	277	196	188	216	239	228	303
ENSG00000113739	STC2	3815	3244	2947	3749	4124	4526	6181
ENSG00000113742	CPEB4	1444	997	1158	1036	1131	1354	1962
ENSG00000113749	HRH2	6	3	1	1	8	1	4
ENSG00000113758	DBN1	3559	2792	2679	3029	3309	3318	4369
ENSG00000113761	ZNF346	794	540	533	622	636	655	983
ENSG00000113763	UNC5A	0	2	2	1	0	1	1
ENSG00000113790	EHHADH	1961	1541	1472	1525	1698	1819	2495
ENSG00000113810	SMC4	4514	3496	3549	3991	3957	4601	6590
ENSG00000113811	SELENOK	750	636	542	647	688	693	777
ENSG00000113812	ACTR8	1095	741	715	827	821	1049	1410
ENSG00000113838	TBCCD1	571	376	420	405	489	481	715
ENSG00000113845	TIMMDC1	962	700	747	719	794	763	1013
ENSG00000113851	CRBN	646	514	423	500	532	519	797
ENSG00000113889	KNG1	112	75	95	79	112	98	123
ENSG00000113905	HRG	2	3	0	3	5	2	3
ENSG00000113916	BCL6	2069	1673	1648	1493	1752	1876	2771
ENSG00000113924	HGD	4066	3129	2874	3355	3718	3800	5434
ENSG00000113946	CLDN16	14	9	8	5	18	16	15
ENSG00000113966	ARL6	142	104	118	108	132	115	140
ENSG00000113971	NPHP3	447	366	375	293	335	408	567
ENSG00000114019	AMOTL2	545	490	469	479	552	560	739
ENSG00000114021	NIT2	250	233	258	241	265	268	372
ENSG00000114023	FAM162A	1587	1342	1126	1252	1273	1500	1792
ENSG00000114026	OGG1	930	684	731	745	807	879	1108
ENSG00000114030	KPNA1	1360	1070	1040	1199	1225	1354	1943
ENSG00000114054	PCCB	2622	2131	1950	2165	2216	2330	3121
ENSG00000114062	UBE3A	3004	2135	2278	2463	2501	2742	3985
ENSG00000114098	ARMC8	1015	799	820	786	869	998	1275
ENSG00000114107	CEP70	437	339	324	383	377	398	529
ENSG00000114113	RBP2	1	0	1	0	1	0	3
ENSG00000114115	RBP1	449	375	338	373	404	421	586
ENSG00000114120	SLC25A36	2201	1685	1710	1683	1778	2105	3221
ENSG00000114125	RNF7	1313	1136	1035	1121	1236	1246	1599
ENSG00000114126	TFDP2	1466	1173	1157	1125	1349	1369	1918
ENSG00000114127	XRN1	1005	777	750	722	794	880	1311
ENSG00000114166	KAT2B	66	58	56	74	57	75	97
ENSG00000114200	BCHE	0	1	1	0	0	0	2
ENSG00000114209	PDCD10	1262	942	846	1012	1055	1120	1484
ENSG00000114248	LRRC31	0	0	0	0	0	0	1
ENSG00000114251	WNT5A	2	0	0	0	1	0	2
ENSG00000114268	PFKFB4	923	753	754	575	705	921	1156
ENSG00000114270	COL7A1	454	367	341	313	416	514	564
ENSG00000114279	FGF12	0	0	0	0	1	0	0
ENSG00000114302	PRKAR2A	3517	2444	2799	2837	2938	3443	4569
ENSG00000114315	HES1	932	784	736	820	816	835	1210
ENSG00000114316	USP4	1174	901	854	910	1011	1060	1440
ENSG00000114331	ACAP2	1242	824	898	986	1026	1238	1703
ENSG00000114346	ECT2	3267	2393	2387	2651	2680	3004	4157
ENSG00000114349	GNAT1	4	0	4	0	3	5	2
ENSG00000114353	GNAI2	4144	3286	3204	3531	3604	3808	5142
ENSG00000114354	TFG	3656	2868	2704	2914	3161	3369	4672
ENSG00000114374	USP9Y	646	526	467	421	487	782	1021
ENSG00000114378	HYAL1	4373	3440	3206	3381	3945	3943	5686
ENSG00000114383	TUSC2	1349	1105	1078	1233	1309	1240	1685
ENSG00000114388	NPRL2	361	312	266	312	365	287	441
ENSG00000114391	RPL24	11320	10151	7591	9730	10165	9971	12867
ENSG00000114395	CYB561D2	313	225	230	244	248	235	328
ENSG00000114416	FXR1	4346	3441	3079	3367	3573	4133	5753
ENSG00000114423	CBLB	361	268	265	273	299	408	469
ENSG00000114439	BBX	1872	1303	1448	1401	1540	1830	2649
ENSG00000114446	IFT57	261	193	173	195	229	208	339
ENSG00000114450	GNB4	55	57	53	48	57	58	69
ENSG00000114455	HHLA2	12	25	17	6	14	22	41
ENSG00000114473	IQCG	48	36	24	50	43	49	81
ENSG00000114480	GBE1	1290	965	1029	1031	1016	1221	1707
ENSG00000114491	UMPS	473	372	405	340	407	467	612
ENSG00000114503	NCBP2	2319	1775	1680	1707	1846	2041	2587
ENSG00000114520	SNX4	1718	1276	1259	1478	1412	1643	2303
ENSG00000114529	C3orf52	61	55	49	53	48	59	85
ENSG00000114541	FRMD4B	112	87	87	94	103	111	175
ENSG00000114544	SLC41A3	1042	933	799	925	1005	1069	1403
ENSG00000114547	ROPN1B	2	1	0	0	1	1	0
ENSG00000114554	PLXNA1	3418	2737	2724	2588	3029	3324	4677
ENSG00000114573	ATP6V1A	3360	2482	2543	2570	2799	2982	4315
ENSG00000114626	ABTB1	105	71	93	68	72	101	142
ENSG00000114631	PODXL2	1736	1455	1260	1477	1638	1623	2263
ENSG00000114638	UPK1B	13	9	11	11	11	9	11
ENSG00000114646	CSPG5	10	2	5	3	11	4	4
ENSG00000114648	KLHL18	1048	807	787	824	929	950	1333
ENSG00000114650	SCAP	2629	1957	2030	2106	2273	2355	3178
ENSG00000114654	EFCC1	4	6	3	3	5	3	5
ENSG00000114656	CFAP92	68	68	47	37	48	64	109
ENSG00000114670	NEK11	28	29	14	29	23	33	42
ENSG00000114686	MRPL3	4404	3354	3135	3526	3652	3797	5485
ENSG00000114698	PLSCR4	84	77	91	82	90	93	156
ENSG00000114735	HEMK1	323	313	270	255	271	272	413
ENSG00000114737	CISH	62	48	39	48	43	49	73
ENSG00000114738	MAPKAPK3	2016	1534	1461	1606	1748	1810	2506
ENSG00000114739	ACVR2B	1323	931	961	913	1062	1263	1753
ENSG00000114742	WDR48	1351	999	1072	1145	1073	1356	1789
ENSG00000114744	COMMD2	729	597	582	704	676	724	981
ENSG00000114745	GORASP1	991	741	836	937	909	794	1286
ENSG00000114757	PEX5L	16	17	8	11	16	20	20
ENSG00000114767	RRP9	1517	1296	1182	1367	1597	1570	1943
ENSG00000114770	ABCC5	1264	1028	976	903	1041	1239	1755
ENSG00000114771	AADAC	35	33	18	27	30	26	32
ENSG00000114779	ABHD14B	2180	1761	1676	1877	1923	2092	3025
ENSG00000114784	EIF1B	1723	1309	1158	1357	1481	1559	2256
ENSG00000114786	ABHD14A-ACY1	3	0	12	6	4	10	21
ENSG00000114790	ARHGEF26	169	141	155	183	149	171	321
ENSG00000114796	KLHL24	441	381	361	381	387	442	726
ENSG00000114805	PLCH1	209	141	146	149	139	191	253
ENSG00000114812	VIPR1	5	3	0	3	1	1	3
ENSG00000114841	DNAH1	0	23	0	0	26	15	0
ENSG00000114850	SSR3	9063	6678	6668	7340	7523	7998	10940
ENSG00000114853	ZBTB47	142	99	116	115	124	136	203
ENSG00000114854	TNNC1	108	81	77	80	83	86	125
ENSG00000114857	NKTR	2930	2316	2448	2196	2295	2399	3925
ENSG00000114859	CLCN2	702	577	485	541	577	627	845
ENSG00000114861	FOXP1	2057	1531	1572	1710	1664	1855	2459
ENSG00000114867	EIF4G1	21999	16288	16545	17163	19539	20676	28814
ENSG00000114902	SPCS1	2414	1857	1693	1946	1993	2041	2783
ENSG00000114904	NEK4	1346	1114	980	1073	1154	1261	1806
ENSG00000114923	SLC4A3	65	53	52	43	44	57	89
ENSG00000114933	INO80D	1185	910	836	760	859	1039	1570
ENSG00000114942	EEF1B2	13492	10863	9537	11214	11458	11596	15620
ENSG00000114948	ADAM23	5	1	0	5	5	2	9
ENSG00000114956	DGUOK	1291	1052	946	1084	1173	1203	1524
ENSG00000114978	MOB1A	5718	4138	4132	4366	4780	5159	7416
ENSG00000114982	KANSL3	1025	779	837	934	982	1105	1713
ENSG00000114988	LMAN2L	2290	1761	1747	1797	1978	1895	2606
ENSG00000114993	RTKN	4783	3912	3658	4022	4250	4468	5981
ENSG00000114999	TTL	1055	731	854	851	899	981	1445
ENSG00000115008	IL1A	3	2	2	2	3	1	4
ENSG00000115009	CCL20	1939	1656	1483	1494	1462	1700	2433
ENSG00000115020	PIKFYVE	2254	1772	1755	1581	1821	2219	3321
ENSG00000115042	FAHD2A	693	588	515	547	619	636	934
ENSG00000115053	NCL	50389	38182	40935	41488	44078	47275	65650
ENSG00000115073	ACTR1B	2653	2190	1911	2098	2304	2405	3205
ENSG00000115084	SLC35F5	4096	3295	3009	3199	3407	3622	5079
ENSG00000115085	ZAP70	49	32	30	30	29	40	79
ENSG00000115091	ACTR3	9172	6749	6737	7433	7602	8410	11666
ENSG00000115107	STEAP3	2277	1564	1720	1604	1975	1939	2594
ENSG00000115109	EPB41L5	2124	1579	1575	1522	1710	1914	2702
ENSG00000115112	TFCP2L1	1	0	0	1	1	2	0
ENSG00000115128	SF3B6	1562	1244	1080	1297	1217	1343	1901
ENSG00000115129	TP53I3	1019	867	773	798	946	875	1221
ENSG00000115137	DNAJC27	143	138	132	123	144	156	192
ENSG00000115138	POMC	1	0	0	1	0	0	0
ENSG00000115145	STAM2	1098	796	819	830	866	965	1360
ENSG00000115155	OTOF	6	1	1	3	3	1	3
ENSG00000115159	GPD2	1	0	0	1	2	2	5
ENSG00000115163	CENPA	923	755	728	760	768	814	1175
ENSG00000115170	ACVR1	438	265	462	292	341	319	589
ENSG00000115183	TANC1	764	576	565	522	605	759	1140
ENSG00000115194	SLC30A3	63	47	53	51	52	58	88
ENSG00000115204	MPV17	997	862	717	874	952	894	1198
ENSG00000115207	GTF3C2	3974	3064	2811	3050	3454	3646	5161
ENSG00000115211	EIF2B4	2777	2292	2146	2435	2582	2562	3395
ENSG00000115216	NRBP1	5206	4064	3857	4186	4381	4827	6535
ENSG00000115221	ITGB6	0	0	0	0	0	1	0
ENSG00000115226	FNDC4	377	246	245	298	334	346	453
ENSG00000115233	PSMD14	3613	2884	2801	3121	3137	3353	4590
ENSG00000115234	SNX17	3943	3484	3031	3531	3765	3661	4990
ENSG00000115239	ASB3	1029	742	675	762	835	861	1311
ENSG00000115241	PPM1G	11312	8564	8387	9188	9460	9948	13630
ENSG00000115252	PDE1A	0	0	0	0	0	1	0
ENSG00000115255	REEP6	1159	977	880	954	1048	955	1409
ENSG00000115257	PCSK4	37	41	24	15	26	39	28
ENSG00000115266	APC2	45	44	31	53	46	51	74
ENSG00000115267	IFIH1	433	278	374	375	429	493	643
ENSG00000115268	RPS15	12896	11063	9436	10598	11469	11313	15363
ENSG00000115271	GCA	527	401	401	454	425	482	635
ENSG00000115274	INO80B	608	559	466	515	578	589	768
ENSG00000115275	MOGS	5505	4215	4105	4391	4903	5053	6445
ENSG00000115282	TTC31	1090	981	786	827	1018	1160	1434
ENSG00000115286	NDUFS7	1219	1039	973	1101	1220	1096	1540
ENSG00000115289	PCGF1	170	211	150	192	170	226	245
ENSG00000115290	GRB14	98	71	48	26	93	104	129
ENSG00000115295	CLIP4	13	14	14	14	20	14	21
ENSG00000115297	TLX2	80	68	63	51	65	72	84
ENSG00000115306	SPTBN1	26842	19091	20425	18666	22297	25961	37124
ENSG00000115307	AUP1	4383	3735	3187	3618	3845	3921	5433
ENSG00000115310	RTN4	12287	9476	9478	9786	10800	11406	15461
ENSG00000115317	HTRA2	909	830	743	787	918	832	1116
ENSG00000115318	LOXL3	17	33	7	11	7	21	31
ENSG00000115325	DOK1	23	16	18	22	23	10	35
ENSG00000115339	GALNT3	10	2	7	4	8	9	9
ENSG00000115350	POLE4	1319	1209	1062	1262	1249	1280	1551
ENSG00000115353	TACR1	2	3	0	1	1	0	4
ENSG00000115355	CCDC88A	3869	2863	2994	2957	3058	3472	5230
ENSG00000115363	EVA1A	1372	995	920	1072	1203	1198	1745
ENSG00000115364	MRPL19	4474	3391	3456	3483	3715	3965	5612
ENSG00000115365	LANCL1	3986	2928	2959	2986	3318	3636	5040
ENSG00000115368	WDR75	2241	1717	1610	1825	1978	2017	2883
ENSG00000115380	EFEMP1	0	0	0	0	1	0	0
ENSG00000115392	FANCL	494	407	421	301	408	402	599
ENSG00000115414	FN1	428551	295437	324968	281036	329185	381682	553730
ENSG00000115415	STAT1	2979	2335	2523	2394	2752	3237	4308
ENSG00000115419	GLS	7070	5342	5498	6001	6192	6766	9639
ENSG00000115421	PAPOLG	346	248	239	222	266	288	461
ENSG00000115423	DNAH6	0	0	0	0	0	0	2
ENSG00000115425	PECR	2026	1605	1439	1681	1760	1742	2567
ENSG00000115446	UNC50	1820	1444	1290	1472	1507	1561	2157
ENSG00000115457	IGFBP2	226	162	173	185	184	154	210
ENSG00000115459	ELMOD3	131	120	107	166	117	150	180
ENSG00000115461	IGFBP5	5	0	3	5	7	4	6
ENSG00000115464	USP34	6902	4858	5277	4818	5421	6570	9874
ENSG00000115468	EFHD1	11	6	3	7	9	6	14
ENSG00000115474	KCNJ13	1	5	0	2	3	1	6
ENSG00000115484	CCT4	12363	9498	8673	10093	10543	10966	15142
ENSG00000115486	GGCX	3669	2794	3004	2859	3231	3648	4622
ENSG00000115504	EHBP1	8773	6668	6786	6860	7689	8545	12380
ENSG00000115507	OTX1	745	582	521	494	614	646	929
ENSG00000115514	TXNDC9	1562	1180	1076	1295	1333	1382	1978
ENSG00000115520	COQ10B	1244	981	952	1068	1127	1248	1639
ENSG00000115523	GNLY	0	0	0	0	0	2	0
ENSG00000115524	SF3B1	17474	13152	13145	12924	14289	16155	23052
ENSG00000115525	ST3GAL5	9	15	14	8	0	9	3
ENSG00000115526	CHST10	575	459	479	513	553	580	831
ENSG00000115539	PDCL3	1038	754	706	835	906	869	1226
ENSG00000115540	MOB4	1972	1475	1377	1701	1642	1866	2410
ENSG00000115541	HSPE1	13155	11138	9135	11140	12048	12299	15647
ENSG00000115548	KDM3A	2353	1775	1726	1737	1870	2150	3133
ENSG00000115561	CHMP3	3277	2480	2579	3073	3065	3182	4267
ENSG00000115568	ZNF142	1646	1063	1152	1057	1256	1322	1861
ENSG00000115590	IL1R2	61	64	68	51	71	56	92
ENSG00000115592	PRKAG3	3	1	2	4	2	1	2
ENSG00000115594	IL1R1	4986	3683	3840	3390	3846	4505	6572
ENSG00000115596	WNT6	16	15	12	12	27	20	20
ENSG00000115598	IL1RL2	0	0	1	0	1	1	0
ENSG00000115604	IL18R1	2	1	1	1	2	0	10
ENSG00000115616	SLC9A2	0	0	0	0	3	0	4
ENSG00000115641	FHL2	644	550	496	497	564	508	767
ENSG00000115649	CNPPD1	2191	1817	1722	1791	2126	1998	2629
ENSG00000115652	UXS1	3151	2477	2410	2610	2770	2837	3915
ENSG00000115657	ABCB6	3430	2894	2634	2629	2976	2998	4335
ENSG00000115661	STK16	563	448	369	476	428	497	637
ENSG00000115677	HDLBP	49098	36028	36734	36684	41867	44991	63072
ENSG00000115685	PPP1R7	1620	1336	1223	1522	1467	1540	2105
ENSG00000115687	PASK	909	760	693	713	758	790	1170
ENSG00000115694	STK25	6069	4864	4566	5093	5419	5515	7460
ENSG00000115705	TPO	0	0	0	1	0	1	0
ENSG00000115718	PROC	3702	3231	2993	3261	3488	3566	4911
ENSG00000115738	ID2	4321	3568	3444	3495	3612	3988	5465
ENSG00000115750	TAF1B	781	621	630	678	696	692	1029
ENSG00000115756	HPCAL1	1674	1396	1211	1373	1469	1495	2060
ENSG00000115758	ODC1	12575	9580	9163	10531	11142	11204	15450
ENSG00000115760	BIRC6	3893	2502	2983	2495	3086	3872	6044
ENSG00000115761	NOL10	1136	739	733	806	1054	905	1366
ENSG00000115762	PLEKHB2	6253	4293	4772	4881	5244	5547	7556
ENSG00000115806	GORASP2	8320	6538	6260	6800	7284	7748	10683
ENSG00000115808	STRN	1566	1103	1240	1158	1277	1496	2146
ENSG00000115816	CEBPZ	3143	2470	2587	2661	2777	3107	4428
ENSG00000115825	PRKD3	1521	1058	1174	1258	1334	1420	2172
ENSG00000115827	DCAF17	1187	1020	925	901	1063	1076	1693
ENSG00000115828	QPCT	38	29	38	29	31	39	58
ENSG00000115839	RAB3GAP1	2529	1851	1860	1947	2154	2413	3122
ENSG00000115840	SLC25A12	304	215	228	277	334	364	476
ENSG00000115841	RMDN2	151	132	94	122	87	128	156
ENSG00000115844	DLX2	63	50	48	34	44	46	90
ENSG00000115850	LCT	0	1	0	0	1	0	0
ENSG00000115866	DARS1	5211	4156	4037	4245	4285	4944	6630
ENSG00000115875	SRSF7	3445	2607	2531	2923	3006	3084	4057
ENSG00000115884	SDC1	11587	9148	8853	9257	10395	10661	14041
ENSG00000115902	SLC1A4	3570	2681	2563	2948	3465	3595	5073
ENSG00000115904	SOS1	2943	1971	2035	1956	2218	2601	3861
ENSG00000115919	KYNU	1564	1199	1161	1225	1258	1372	1834
ENSG00000115935	WIPF1	2	0	0	1	0	5	2
ENSG00000115942	ORC2	2494	2056	1840	1899	2055	2223	3071
ENSG00000115944	COX7A2L	3830	3145	2944	3461	3570	3646	4769
ENSG00000115946	PNO1	2042	1563	1494	1648	1775	1785	2394
ENSG00000115947	ORC4	1753	1341	1218	1329	1384	1505	2222
ENSG00000115956	PLEK	0	1	1	0	0	0	0
ENSG00000115963	RND3	4	10	6	6	9	5	11
ENSG00000115966	ATF2	3484	2677	2613	2715	2871	3157	4573
ENSG00000115970	THADA	1430	1010	1096	1068	1199	1385	1888
ENSG00000115977	AAK1	1839	1269	1343	1377	1541	1663	2463
ENSG00000115993	TRAK2	1614	1209	1237	1183	1263	1440	2113
ENSG00000115998	C2orf42	310	201	208	228	280	257	364
ENSG00000116001	TIA1	4820	4030	3680	3777	4064	4428	6427
ENSG00000116005	PCYOX1	9828	7264	7630	7674	8292	9389	13003
ENSG00000116014	KISS1R	368	324	274	313	331	315	446
ENSG00000116016	EPAS1	8606	5906	6473	6250	7172	7940	11558
ENSG00000116017	ARID3A	10443	8544	7985	8479	9656	10114	13595
ENSG00000116030	SUMO1	5054	4125	3939	4406	4475	4782	6082
ENSG00000116031	CD207	1	3	1	4	0	2	1
ENSG00000116032	GRIN3B	11	18	4	5	11	16	11
ENSG00000116035	VAX2	73	69	63	62	86	80	115
ENSG00000116039	ATP6V1B1	20	5	10	10	12	8	13
ENSG00000116044	NFE2L2	8716	6432	6463	6988	7361	7971	11120
ENSG00000116062	MSH6	3983	3005	3014	3160	3454	3811	5216
ENSG00000116095	PLEKHA3	891	704	682	714	756	784	1140
ENSG00000116096	SPR	2033	1825	1619	1784	2023	1976	2505
ENSG00000116117	PARD3B	100	66	71	60	67	97	120
ENSG00000116120	FARSB	3207	2436	2328	2511	2640	2748	3956
ENSG00000116127	ALMS1	854	561	633	557	676	763	1176
ENSG00000116128	BCL9	744	508	535	511	603	708	970
ENSG00000116132	PRRX1	1	0	0	0	0	0	0
ENSG00000116133	DHCR24	31610	24306	23786	24255	26883	28037	39883
ENSG00000116138	DNAJC16	1585	1210	1137	1171	1315	1335	2025
ENSG00000116141	MARK1	1	0	1	0	0	1	0
ENSG00000116151	MORN1	81	91	58	66	75	86	126
ENSG00000116157	GPX7	158	127	107	116	147	153	211
ENSG00000116161	CACYBP	2491	1855	1761	2079	1956	2125	2943
ENSG00000116171	SCP2	2690	2067	1936	2245	2192	2376	3434
ENSG00000116176	TPSG1	4	2	1	1	5	8	1
ENSG00000116183	PAPPA2	0	1	0	0	1	0	1
ENSG00000116191	RALGPS2	1639	1169	1246	1180	1313	1419	2163
ENSG00000116194	ANGPTL1	353	278	264	274	280	332	428
ENSG00000116198	CEP104	1526	1300	1330	1236	1483	1552	2093
ENSG00000116199	FAM20B	2170	1549	1691	1731	1809	2069	2743
ENSG00000116205	TCEANC2	409	312	329	314	326	383	569
ENSG00000116209	TMEM59	3207	2593	2447	2681	2714	2805	3838
ENSG00000116212	LRRC42	1618	1223	1232	1341	1419	1495	2177
ENSG00000116213	WRAP73	732	640	581	640	659	674	966
ENSG00000116221	MRPL37	4812	3899	3650	4301	4441	4449	5894
ENSG00000116237	ICMT	2374	1875	1680	2059	2090	2218	2901
ENSG00000116251	RPL22	14947	12644	11315	13015	13649	14270	18721
ENSG00000116254	CHD5	4	0	6	4	0	7	15
ENSG00000116260	QSOX1	855	668	612	717	753	789	1033
ENSG00000116266	STXBP3	896	692	709	804	744	870	1253
ENSG00000116273	PHF13	1181	987	952	973	1105	1155	1596
ENSG00000116285	ERRFI1	12956	9868	9882	9523	10201	12191	16598
ENSG00000116288	PARK7	5427	4887	4158	4689	4847	5097	6548
ENSG00000116299	ELAPOR1	4	0	0	0	0	0	1
ENSG00000116329	OPRD1	22	14	21	16	15	21	24
ENSG00000116337	AMPD2	2232	1776	1940	1767	1966	2132	3013
ENSG00000116350	SRSF4	3863	3056	2857	2926	3199	3275	4544
ENSG00000116353	MECR	356	287	281	182	263	232	406
ENSG00000116396	KCNC4	66	58	45	59	61	53	69
ENSG00000116406	EDEM3	1402	624	905	1022	1086	1219	1826
ENSG00000116455	WDR77	3139	2597	2510	2617	2706	2796	3875
ENSG00000116459	ATP5PB	3492	2760	2302	2634	2970	3191	4428
ENSG00000116473	RAP1A	1348	988	1002	1176	1164	1307	1692
ENSG00000116478	HDAC1	4669	3701	3452	3668	4027	4299	5790
ENSG00000116489	CAPZA1	5588	4182	4097	4464	4631	4907	7156
ENSG00000116497	S100PBP	777	550	562	609	675	715	1014
ENSG00000116514	RNF19B	865	673	656	734	862	799	1225
ENSG00000116521	SCAMP3	1954	1521	1447	1617	1659	1716	2352
ENSG00000116525	TRIM62	201	171	122	169	160	212	275
ENSG00000116539	ASH1L	1488	1116	1076	951	1211	1419	2008
ENSG00000116544	DLGAP3	5	2	5	2	4	5	4
ENSG00000116560	SFPQ	12964	10049	10209	10693	11474	12715	17669
ENSG00000116574	RHOU	1538	1088	1067	1131	1301	1338	1871
ENSG00000116580	GON4L	1073	875	881	869	992	1140	1501
ENSG00000116584	ARHGEF2	1266	1042	960	1004	1182	1170	1647
ENSG00000116586	LAMTOR2	563	501	458	530	554	556	649
ENSG00000116604	MEF2D	694	566	515	507	659	673	984
ENSG00000116641	DOCK7	3363	2270	2569	2367	2754	3168	4568
ENSG00000116649	SRM	4696	3670	3448	3886	4026	3794	5366
ENSG00000116661	FBXO2	5095	4482	4006	4652	4923	4663	6069
ENSG00000116663	FBXO6	207	153	127	177	175	153	238
ENSG00000116667	C1orf21	0	0	0	2	0	0	2
ENSG00000116668	SWT1	163	124	142	134	118	160	239
ENSG00000116670	MAD2L2	1152	943	877	1105	1116	1123	1541
ENSG00000116675	DNAJC6	112	81	66	80	88	90	143
ENSG00000116678	LEPR	46	25	37	38	26	40	73
ENSG00000116679	IVNS1ABP	771	593	525	616	553	674	954
ENSG00000116685	KIAA2013	6495	5136	4929	4988	5584	5374	7293
ENSG00000116688	MFN2	4227	3070	3216	3438	3719	3957	5677
ENSG00000116690	PRG4	3	3	4	6	4	4	5
ENSG00000116691	MIIP	649	572	511	572	583	618	769
ENSG00000116698	SMG7	3306	2432	2537	2459	2692	3019	4414
ENSG00000116701	NCF2	5	8	0	2	13	2	17
ENSG00000116703	PDC	0	0	1	0	0	0	0
ENSG00000116704	SLC35D1	2266	1634	1678	1583	1862	2115	2985
ENSG00000116711	PLA2G4A	0	1	0	0	0	1	0
ENSG00000116717	GADD45A	1755	1472	1353	1611	1764	1793	2355
ENSG00000116729	WLS	1	1	0	2	0	0	1
ENSG00000116731	PRDM2	683	546	522	536	573	676	1027
ENSG00000116741	RGS2	21	19	22	28	21	23	34
ENSG00000116747	RO60	1485	1098	1218	1167	1330	1454	2130
ENSG00000116750	UCHL5	2114	1699	1572	1788	1795	1957	2754
ENSG00000116752	BCAS2	1072	875	839	924	1090	1058	1439
ENSG00000116754	SRSF11	3403	2777	2692	2988	3183	3378	4668
ENSG00000116761	CTH	442	334	317	431	477	478	696
ENSG00000116771	AGMAT	8567	6972	6344	7611	8071	7932	10521
ENSG00000116774	OLFML3	271	226	175	162	167	193	228
ENSG00000116783	TNNI3K	0	0	0	0	1	0	0
ENSG00000116786	PLEKHM2	2341	1836	1867	1923	2143	2101	2922
ENSG00000116791	CRYZ	5123	4035	3706	3925	4176	4498	6317
ENSG00000116793	PHTF1	573	439	398	373	440	496	744
ENSG00000116809	ZBTB17	707	593	524	582	600	643	839
ENSG00000116815	CD58	232	212	149	172	237	231	293
ENSG00000116819	TFAP2E	24	14	21	21	24	41	29
ENSG00000116830	TTF2	1339	1002	971	1042	1117	1134	1708
ENSG00000116833	NR5A2	124	81	71	70	87	94	137
ENSG00000116852	KIF21B	32	22	28	35	28	33	43
ENSG00000116857	TMEM9	1428	1232	1021	1208	1305	1269	1717
ENSG00000116863	ADPRS	933	788	726	773	779	875	1083
ENSG00000116871	MAP7D1	1580	1268	1197	1227	1352	1306	1999
ENSG00000116874	WARS2	594	425	436	524	473	536	829
ENSG00000116882	HAO2	4	1	0	3	0	0	4
ENSG00000116885	OSCP1	14	14	8	7	10	14	24
ENSG00000116898	MRPS15	1885	1534	1347	1532	1644	1667	2237
ENSG00000116903	EXOC8	581	438	417	452	463	505	800
ENSG00000116906	GNPAT	3301	2610	2685	2797	2763	3092	4230
ENSG00000116918	TSNAX	1367	1022	999	1149	1185	1291	1840
ENSG00000116922	C1orf109	596	440	426	496	532	528	723
ENSG00000116954	RRAGC	775	571	557	679	657	665	941
ENSG00000116962	NID1	11138	7994	8493	8157	9246	9778	14331
ENSG00000116977	LGALS8	2734	2230	2097	2129	2261	2455	3557
ENSG00000116981	NT5C1A	53	70	51	55	46	66	84
ENSG00000116984	MTR	2677	1976	1982	1805	1961	2332	3153
ENSG00000116985	BMP8B	64	50	52	48	52	63	75
ENSG00000116990	MYCL	34	19	25	27	37	25	45
ENSG00000116991	SIPA1L2	0	1	0	0	2	0	3
ENSG00000117000	RLF	1105	783	881	804	828	996	1447
ENSG00000117009	KMO	3	4	4	0	8	3	5
ENSG00000117010	ZNF684	329	234	250	263	275	283	375
ENSG00000117013	KCNQ4	0	0	0	0	0	3	0
ENSG00000117016	RIMS3	341	271	293	278	359	332	404
ENSG00000117020	AKT3	11	3	6	38	12	14	19
ENSG00000117036	ETV3	611	441	454	527	511	609	875
ENSG00000117054	ACADM	2012	1552	1442	1633	1707	1850	2614
ENSG00000117090	SLAMF1	0	1	0	0	0	0	0
ENSG00000117114	ADGRL2	1573	1052	1119	1138	1132	1374	2026
ENSG00000117115	PADI2	0	0	0	0	2	2	0
ENSG00000117118	SDHB	2012	1618	1483	1619	1808	1745	2379
ENSG00000117122	MFAP2	24	21	23	19	23	25	32
ENSG00000117133	RPF1	1222	1001	916	1099	1161	1073	1550
ENSG00000117139	KDM5B	1009	754	954	724	751	1207	1437
ENSG00000117143	UAP1	2840	2086	1976	2051	2267	2390	3350
ENSG00000117148	ACTL8	47	35	28	25	32	36	37
ENSG00000117151	CTBS	75	54	67	51	55	65	98
ENSG00000117152	RGS4	0	0	0	0	0	1	0
ENSG00000117153	KLHL12	1107	783	790	873	904	1058	1419
ENSG00000117155	SSX2IP	856	599	670	699	667	743	1180
ENSG00000117174	ZNHIT6	1172	905	899	1023	1104	1228	1598
ENSG00000117215	PLA2G2D	0	1	0	1	0	0	0
ENSG00000117222	RBBP5	1070	763	810	833	907	1039	1408
ENSG00000117226	GBP3	15	2	10	18	12	11	18
ENSG00000117228	GBP1	58	42	22	34	33	39	49
ENSG00000117245	KIF17	9	9	2	5	3	6	17
ENSG00000117262	GPR89A	600	422	502	395	392	464	649
ENSG00000117266	CDK18	917	674	675	688	707	749	1204
ENSG00000117280	RAB29	610	535	548	559	612	622	833
ENSG00000117281	CD160	6	7	5	1	7	4	8
ENSG00000117298	ECE1	3899	3044	2970	3117	3489	3756	5093
ENSG00000117305	HMGCL	534	464	410	452	502	538	663
ENSG00000117308	GALE	1569	1403	1194	1379	1430	1410	1971
ENSG00000117318	ID3	2779	2125	1923	2126	2297	2254	3099
ENSG00000117322	CR2	0	0	0	0	1	0	1
ENSG00000117335	CD46	7070	5167	4972	5533	5892	6099	8796
ENSG00000117360	PRPF3	1347	1009	980	1025	1102	1151	1740
ENSG00000117362	APH1A	3955	3092	2905	3369	3523	3513	4852
ENSG00000117385	P3H1	3588	2715	2632	2692	2806	3111	4293
ENSG00000117394	SLC2A1	22695	16842	17375	15786	19536	19114	27059
ENSG00000117395	EBNA1BP2	2960	2381	2203	2465	2714	2610	3575
ENSG00000117399	CDC20	3519	2732	2662	3048	3202	3274	4532
ENSG00000117400	MPL	9	4	7	7	0	3	9
ENSG00000117407	ARTN	12	13	6	11	5	17	13
ENSG00000117408	IPO13	1066	890	782	866	917	937	1384
ENSG00000117410	ATP6V0B	2951	2452	2043	2340	2572	2575	3515
ENSG00000117411	B4GALT2	3008	2599	2361	2514	2761	2668	3608
ENSG00000117419	ERI3	1088	868	831	888	1052	987	1371
ENSG00000117425	PTCH2	105	101	65	75	106	96	116
ENSG00000117448	AKR1A1	2951	2512	2212	2534	2779	2775	3696
ENSG00000117450	PRDX1	27856	22340	19588	22532	24121	24707	31714
ENSG00000117461	PIK3R3	270	234	276	234	272	278	383
ENSG00000117472	TSPAN1	67	61	52	64	61	56	64
ENSG00000117475	BLZF1	497	373	321	387	438	465	638
ENSG00000117477	CCDC181	3	1	0	0	2	5	2
ENSG00000117479	SLC19A2	2105	1596	1565	1667	1678	1899	2711
ENSG00000117480	FAAH	159	151	138	151	154	136	186
ENSG00000117481	NSUN4	790	622	553	659	712	803	1069
ENSG00000117500	TMED5	2906	1991	2083	2138	2504	2629	3581
ENSG00000117505	DR1	2345	1795	1761	1924	1952	2086	2973
ENSG00000117519	CNN3	6844	5209	4920	5359	5588	5999	8232
ENSG00000117523	PRRC2C	9549	7415	7376	6728	7735	8948	12703
ENSG00000117525	F3	226	160	143	170	178	203	270
ENSG00000117528	ABCD3	6266	4436	4427	4778	4976	5442	7725
ENSG00000117533	VAMP4	115	73	64	77	98	103	156
ENSG00000117543	DPH5	704	582	529	609	652	647	930
ENSG00000117560	FASLG	0	0	0	0	0	0	1
ENSG00000117569	PTBP2	347	253	258	278	285	392	386
ENSG00000117586	TNFSF4	170	122	121	125	115	151	189
ENSG00000117592	PRDX6	9070	7248	6995	7502	7832	7888	11342
ENSG00000117593	DARS2	1769	1258	1255	1320	1488	1620	2280
ENSG00000117595	IRF6	0	1	0	3	6	0	1
ENSG00000117597	UTP25	667	471	465	554	571	654	888
ENSG00000117601	SERPINC1	1972	1604	1504	1717	1794	1721	2488
ENSG00000117602	RCAN3	1256	934	972	1049	1081	1125	1586
ENSG00000117614	SYF2	1182	917	893	993	1116	1075	1586
ENSG00000117616	RSRP1	163	98	125	118	119	113	168
ENSG00000117620	SLC35A3	1284	976	984	1026	1068	1155	1693
ENSG00000117625	RCOR3	784	622	610	627	656	694	1084
ENSG00000117632	STMN1	5977	4839	4597	5115	5342	5309	7552
ENSG00000117640	MTFR1L	1211	1027	923	944	1002	1131	1582
ENSG00000117643	MAN1C1	22	14	13	18	20	18	29
ENSG00000117650	NEK2	1086	818	848	891	906	913	1294
ENSG00000117676	RPS6KA1	1566	1304	1195	1215	1349	1393	1920
ENSG00000117682	DHDDS	929	743	726	806	824	916	1325
ENSG00000117691	NENF	350	315	271	338	313	339	440
ENSG00000117697	NSL1	1760	1397	1222	1462	1477	1453	1984
ENSG00000117707	PROX1	5042	3635	3979	3898	4017	4825	6970
ENSG00000117713	ARID1A	4033	3060	3168	2952	3386	3901	5394
ENSG00000117724	CENPF	5726	4369	4625	4147	4518	5339	7981
ENSG00000117748	RPA2	1048	888	779	795	924	927	1263
ENSG00000117751	PPP1R8	2374	1801	1631	1756	1988	2094	2888
ENSG00000117758	STX12	712	552	568	613	587	645	922
ENSG00000117791	MTARC2	222	170	158	161	208	187	287
ENSG00000117834	SLC5A9	1029	851	793	777	757	863	1270
ENSG00000117859	OSBPL9	4864	3962	3769	3770	4080	4415	6582
ENSG00000117862	TXNDC12	3445	2634	2445	2786	3033	3158	4244
ENSG00000117868	ESYT2	2998	2282	2248	2201	2598	2814	4044
ENSG00000117877	POLR1G	1148	935	936	985	1070	1067	1377
ENSG00000117899	MESD	4578	3432	3535	3694	3796	3950	5441
ENSG00000117906	RCN2	3661	2959	2940	3068	3095	3435	4785
ENSG00000117983	MUC5B	6	6	7	4	7	3	17
ENSG00000117984	CTSD	15161	11879	11704	12152	13338	13349	19084
ENSG00000118004	COLEC11	74	68	77	81	84	92	116
ENSG00000118007	STAG1	1325	1086	1053	1033	1161	1342	1902
ENSG00000118017	A4GNT	0	1	0	0	0	0	0
ENSG00000118046	STK11	2602	2261	1959	2107	2351	2417	3057
ENSG00000118058	KMT2A	1906	1213	1435	1141	1469	1800	2906
ENSG00000118094	TREH	9	9	4	6	0	5	0
ENSG00000118096	IFT46	267	213	208	201	226	212	306
ENSG00000118137	APOA1	41639	37010	32436	34639	36640	35451	47720
ENSG00000118156	ZNF541	3	3	2	2	1	2	3
ENSG00000118160	SLC8A2	2	0	1	0	3	0	3
ENSG00000118162	KPTN	355	369	243	359	354	348	445
ENSG00000118181	RPS25	12190	10364	8395	10023	10613	11100	14699
ENSG00000118193	KIF14	1114	884	927	865	968	1136	1598
ENSG00000118194	TNNT2	0	6	0	0	0	1	2
ENSG00000118197	DDX59	486	339	343	353	397	426	606
ENSG00000118200	CAMSAP2	989	673	750	741	807	950	1450
ENSG00000118217	ATF6	928	670	866	778	834	872	1368
ENSG00000118242	MREG	957	720	622	787	788	836	1183
ENSG00000118246	FASTKD2	2199	1444	1584	1715	1855	1874	2626
ENSG00000118257	NRP2	137	105	98	101	106	146	160
ENSG00000118260	CREB1	1978	1482	1467	1513	1713	1882	2694
ENSG00000118263	KLF7	201	148	149	119	158	189	269
ENSG00000118271	TTR	2112	1862	1705	1648	1671	1780	2390
ENSG00000118276	B4GALT6	211	130	142	151	161	175	303
ENSG00000118292	C1orf54	18	16	12	7	11	19	12
ENSG00000118298	CA14	107	81	60	70	75	87	121
ENSG00000118308	IRAG2	0	0	1	0	1	0	0
ENSG00000118322	ATP10B	0	0	0	1	2	1	1
ENSG00000118363	SPCS2	4619	3872	3285	3770	3934	4312	5522
ENSG00000118369	USP35	414	365	375	316	379	449	568
ENSG00000118402	ELOVL4	4	3	2	2	3	5	6
ENSG00000118407	FILIP1	6	1	3	5	4	2	2
ENSG00000118412	CASP8AP2	58	36	374	32	41	59	289
ENSG00000118418	HMGN3	2036	1628	1434	1600	1659	1687	2362
ENSG00000118420	UBE3D	216	192	162	182	207	207	298
ENSG00000118454	ANKRD13C	1044	777	838	865	899	924	1368
ENSG00000118473	SGIP1	0	0	0	0	1	0	0
ENSG00000118482	PHF3	4881	3275	3638	3512	3905	4343	6468
ENSG00000118495	PLAGL1	43	32	22	30	23	26	44
ENSG00000118496	FBXO30	1262	914	909	934	999	1156	1658
ENSG00000118503	TNFAIP3	1756	1381	1277	1345	1351	1591	2198
ENSG00000118507	AKAP7	396	300	296	364	350	368	527
ENSG00000118508	RAB32	1067	812	730	917	961	872	1154
ENSG00000118513	MYB	0	12	0	13	9	10	5
ENSG00000118514	ALDH8A1	108	67	76	80	67	74	97
ENSG00000118515	SGK1	1324	1000	955	962	1022	1095	1542
ENSG00000118518	RNF146	777	655	609	598	662	761	1093
ENSG00000118520	ARG1	100	88	66	65	61	82	115
ENSG00000118523	CCN2	11667	8430	8894	8690	9307	9993	14509
ENSG00000118557	PMFBP1	67	63	43	39	55	62	92
ENSG00000118564	FBXL5	555	452	414	508	436	526	837
ENSG00000118579	MED28	2696	2189	2004	2116	2225	2457	3506
ENSG00000118596	SLC16A7	134	89	110	107	104	143	183
ENSG00000118600	RXYLT1	179	118	135	213	165	183	236
ENSG00000118620	ZNF430	274	207	197	241	202	256	385
ENSG00000118640	VAMP8	1423	1278	979	1213	1318	1182	1534
ENSG00000118655	DCLRE1B	409	325	317	352	331	374	519
ENSG00000118680	MYL12B	5732	4328	3874	4484	4749	4800	6603
ENSG00000118689	FOXO3	1633	1213	1290	1317	1424	1702	2297
ENSG00000118690	ARMC2	53	43	32	24	41	54	67
ENSG00000118705	RPN2	29654	22894	22911	24758	25890	27146	38472
ENSG00000118707	TGIF2	2439	1872	1920	1985	2189	2380	3295
ENSG00000118729	CASQ2	0	0	0	1	0	0	0
ENSG00000118762	PKD2	575	462	450	402	504	522	813
ENSG00000118777	ABCG2	758	510	568	545	587	618	878
ENSG00000118785	SPP1	36436	28247	26113	29264	30433	31447	44694
ENSG00000118804	STBD1	486	379	349	358	383	433	565
ENSG00000118816	CCNI	6462	4881	4859	5466	5665	5978	8511
ENSG00000118849	RARRES1	0	0	0	1	0	0	0
ENSG00000118855	MFSD1	1068	753	768	777	900	933	1234
ENSG00000118873	RAB3GAP2	1940	1394	1520	1570	1625	1849	2782
ENSG00000118894	EEF2KMT	779	594	606	771	674	788	993
ENSG00000118898	PPL	1055	831	801	823	910	949	1419
ENSG00000118900	UBN1	2619	1954	2010	2016	2351	2464	3431
ENSG00000118922	KLF12	89	72	67	76	87	95	146
ENSG00000118939	UCHL3	1001	710	703	739	815	808	1165
ENSG00000118960	HS1BP3	1549	1173	1136	1249	1333	1291	1941
ENSG00000118961	LDAH	1437	1088	1027	1097	1175	1234	1755
ENSG00000118965	WDR35	1280	1014	953	892	1001	1162	1692
ENSG00000118971	CCND2	0	22	15	136	0	56	55
ENSG00000118972	FGF23	0	0	0	0	2	0	0
ENSG00000118985	ELL2	6547	4991	5084	5057	5483	6117	8609
ENSG00000118997	DNAH7	1	3	3	3	0	0	2
ENSG00000119004	CYP20A1	894	689	638	821	755	796	1064
ENSG00000119013	NDUFB3	1183	999	899	1018	1004	1120	1436
ENSG00000119041	GTF3C3	2456	1766	1695	1749	2046	2190	3114
ENSG00000119042	SATB2	562	409	412	480	499	507	1077
ENSG00000119048	UBE2B	1839	1430	1190	1446	1647	1650	2315
ENSG00000119121	TRPM6	11	9	9	12	8	10	14
ENSG00000119125	GDA	221	161	179	180	199	188	301
ENSG00000119138	KLF9	496	382	367	430	442	526	693
ENSG00000119139	TJP2	11221	8133	8570	8617	9498	10583	14797
ENSG00000119185	ITGB1BP1	2127	1819	1613	1776	1807	1925	2598
ENSG00000119203	CPSF3	2568	2088	2017	2202	2351	2480	3450
ENSG00000119227	PIGZ	843	676	678	587	653	720	1072
ENSG00000119231	SENP5	1441	1059	1056	1027	1146	1283	1877
ENSG00000119242	CCDC92	577	469	441	478	518	531	771
ENSG00000119280	C1orf198	1284	995	1054	1182	1207	1258	1731
ENSG00000119283	TRIM67	3	0	3	1	3	7	13
ENSG00000119285	HEATR1	4613	3302	3449	3330	3741	4301	6244
ENSG00000119314	PTBP3	5415	3991	4331	4052	4462	4945	7229
ENSG00000119318	RAD23B	11887	9368	8814	9556	10565	11317	16331
ENSG00000119321	FKBP15	217	340	235	232	296	291	406
ENSG00000119326	CTNNAL1	4276	3198	3210	3460	3632	3761	5273
ENSG00000119328	ABITRAM	726	560	501	625	605	683	915
ENSG00000119333	DYNC2I2	1204	1056	875	1011	1074	1061	1519
ENSG00000119335	SET	19609	14895	14926	16694	17189	18366	24668
ENSG00000119383	PTPA	5658	4416	4042	4585	5050	5012	6829
ENSG00000119392	GLE1	1104	853	726	661	893	883	1281
ENSG00000119396	RAB14	3420	2289	2594	3000	3042	3321	4787
ENSG00000119397	CNTRL	552	316	484	450	396	485	729
ENSG00000119401	TRIM32	560	428	424	424	493	488	723
ENSG00000119402	FBXW2	2510	1963	1851	1969	2043	2353	3294
ENSG00000119403	PHF19	1568	1292	1201	1239	1355	1513	2028
ENSG00000119408	NEK6	2698	2170	2057	1986	2177	2411	3411
ENSG00000119411	BSPRY	0	6	0	6	11	10	3
ENSG00000119414	PPP6C	2145	1637	1712	1780	1931	2059	2875
ENSG00000119421	NDUFA8	1365	1133	892	1083	1189	1251	1493
ENSG00000119431	HDHD3	739	640	526	560	569	658	889
ENSG00000119446	RBM18	749	538	527	641	653	649	925
ENSG00000119457	SLC46A2	0	0	0	0	0	0	1
ENSG00000119471	HSDL2	3634	2762	2784	2968	2956	3408	4730
ENSG00000119487	MAPKAP1	2557	2031	1817	2118	2258	2279	3312
ENSG00000119508	NR4A3	8	5	6	1	7	9	10
ENSG00000119509	INVS	552	480	465	430	509	488	763
ENSG00000119514	GALNT12	1	0	0	0	0	2	0
ENSG00000119522	DENND1A	1535	1201	1160	1214	1396	1438	2000
ENSG00000119523	ALG2	1472	1105	1118	1163	1222	1295	1828
ENSG00000119535	CSF3R	174	135	102	156	144	163	184
ENSG00000119537	KDSR	588	326	450	389	521	578	827
ENSG00000119541	VPS4B	1636	1276	1317	1372	1451	1551	2176
ENSG00000119547	ONECUT2	1746	1328	1302	1281	1404	1642	2487
ENSG00000119559	C19orf25	819	745	659	728	859	807	1136
ENSG00000119574	ZBTB45	506	396	359	406	400	397	611
ENSG00000119596	YLPM1	2039	1440	1607	1414	1816	2245	2979
ENSG00000119599	DCAF4	626	476	468	536	519	485	746
ENSG00000119608	PROX2	15	14	7	9	7	7	22
ENSG00000119616	FCF1	1881	1348	1414	1526	1559	1715	2280
ENSG00000119630	PGF	864	673	656	631	758	700	920
ENSG00000119632	IFI27L2	34	31	29	30	34	26	33
ENSG00000119636	BBOF1	82	48	35	41	58	58	96
ENSG00000119638	NEK9	1943	1312	1446	1459	1579	1746	2316
ENSG00000119640	ACYP1	176	148	101	136	166	176	218
ENSG00000119650	IFT43	2	4	1	1	1	0	0
ENSG00000119655	NPC2	2432	1977	1818	2008	2104	2146	3068
ENSG00000119661	DNAL1	215	209	171	170	204	227	291
ENSG00000119669	IRF2BPL	2005	1542	1615	1597	1726	1894	2619
ENSG00000119673	ACOT2	2958	2568	2327	2509	2746	2658	3774
ENSG00000119681	LTBP2	132	112	83	84	102	109	163
ENSG00000119682	AREL1	1509	1193	1221	1299	1310	1457	2118
ENSG00000119684	MLH3	620	424	488	430	475	588	810
ENSG00000119685	TTLL5	835	673	636	613	662	769	1125
ENSG00000119686	FLVCR2	469	384	379	445	435	425	691
ENSG00000119688	ABCD4	191	168	119	160	170	168	245
ENSG00000119689	DLST	3346	2622	2534	2833	2880	3141	4240
ENSG00000119698	PPP4R4	277	208	213	238	261	281	404
ENSG00000119699	TGFB3	89	67	63	67	67	86	109
ENSG00000119703	ZC2HC1C	120	94	101	96	115	112	143
ENSG00000119705	SLIRP	1034	962	766	947	946	945	1237
ENSG00000119707	RBM25	4404	3418	3462	4267	3675	4163	5845
ENSG00000119711	ALDH6A1	1339	1014	1100	991	1088	1181	1597
ENSG00000119714	GPR68	19	17	12	5	18	18	23
ENSG00000119715	ESRRB	11	5	2	2	4	3	2
ENSG00000119718	EIF2B2	558	467	404	478	499	498	759
ENSG00000119720	NRDE2	319	248	203	255	241	242	350
ENSG00000119723	COQ6	304	311	252	263	286	290	352
ENSG00000119725	ZNF410	814	640	593	760	826	699	1012
ENSG00000119729	RHOQ	1776	1539	1352	1365	1538	1591	2375
ENSG00000119737	GPR75	115	103	82	68	93	89	169
ENSG00000119760	SUPT7L	2321	1869	1725	1850	2051	2180	3184
ENSG00000119771	KLHL29	1	2	0	1	3	3	5
ENSG00000119772	DNMT3A	2176	1747	1852	1815	1927	2205	2957
ENSG00000119777	TMEM214	6554	5091	4928	4833	5402	5638	8005
ENSG00000119778	ATAD2B	1011	774	795	745	800	913	1400
ENSG00000119782	FKBP1B	383	325	259	351	376	355	503
ENSG00000119787	ATL2	3040	2489	2373	2647	2809	3040	4141
ENSG00000119801	YPEL5	897	648	689	776	855	833	1186
ENSG00000119812	FAM98A	3346	2495	2429	2551	2706	2899	4099
ENSG00000119820	YIPF4	2476	1946	1860	2019	2062	2236	3110
ENSG00000119844	AFTPH	1662	1319	1255	1336	1482	1636	2127
ENSG00000119862	LGALSL	824	683	642	677	673	744	1037
ENSG00000119865	CNRIP1	0	1	0	0	1	0	1
ENSG00000119866	BCL11A	6	12	4	6	7	7	4
ENSG00000119878	CRIPT	632	628	482	601	569	609	769
ENSG00000119888	EPCAM	4613	3510	3468	3734	3799	4131	5700
ENSG00000119899	SLC17A5	1361	999	1045	1135	1135	1189	1637
ENSG00000119900	OGFRL1	209	161	143	152	163	185	262
ENSG00000119906	SLF2	2724	1969	2194	2086	2346	2615	3869
ENSG00000119912	IDE	1899	1296	1115	1569	1770	1928	2215
ENSG00000119913	TECTB	127	89	98	99	88	109	173
ENSG00000119915	ELOVL3	6	7	2	7	8	7	12
ENSG00000119917	IFIT3	113	76	65	94	88	67	130
ENSG00000119922	IFIT2	8	2	4	0	2	3	5
ENSG00000119927	GPAM	5172	3970	4063	4380	4829	5192	7441
ENSG00000119929	CUTC	532	429	443	507	450	428	595
ENSG00000119938	PPP1R3C	299	216	230	229	225	291	373
ENSG00000119943	PYROXD2	17	12	10	10	21	14	26
ENSG00000119946	CNNM1	939	742	741	709	749	855	1223
ENSG00000119950	MXI1	654	497	450	490	512	566	801
ENSG00000119953	SMNDC1	1538	1162	1170	1271	1329	1293	1858
ENSG00000119965	C10orf88	353	266	243	302	278	342	455
ENSG00000119969	HELLS	2167	1852	1580	1608	1771	1831	2728
ENSG00000119973	PRLHR	4	3	2	6	0	2	5
ENSG00000119977	TCTN3	1975	1497	1501	1499	1593	1694	2439
ENSG00000119979	DENND10	1514	1182	1180	1242	1204	1335	1894
ENSG00000119986	AVPI1	1153	974	886	1034	1132	1113	1616
ENSG00000120008	WDR11	1356	848	1001	1066	1074	1259	1888
ENSG00000120029	ARMH3	1026	750	737	808	839	955	1290
ENSG00000120049	KCNIP2	37	29	18	18	24	31	48
ENSG00000120051	CFAP58	1	0	0	0	1	1	0
ENSG00000120053	GOT1	3816	2895	2865	3189	3491	3524	4918
ENSG00000120054	CPN1	541	409	389	421	427	525	693
ENSG00000120055	C10orf95	40	28	27	33	32	32	68
ENSG00000120057	SFRP5	36	23	24	23	20	19	57
ENSG00000120063	GNA13	2871	1930	2134	2151	2322	2706	3831
ENSG00000120071	KANSL1	2013	1444	1530	1373	1594	1855	2776
ENSG00000120075	HOXB5	0	0	0	1	0	0	0
ENSG00000120093	HOXB3	0	0	0	0	0	1	1
ENSG00000120129	DUSP1	773	626	569	609	631	676	811
ENSG00000120137	PANK3	5924	3920	4391	4155	4422	5198	7769
ENSG00000120149	MSX2	1	0	0	0	0	0	0
ENSG00000120158	RCL1	724	580	579	574	635	655	987
ENSG00000120159	CAAP1	1176	877	905	968	946	1075	1465
ENSG00000120162	MOB3B	0	6	4	4	0	0	6
ENSG00000120210	INSL6	0	0	2	0	0	1	3
ENSG00000120215	MLANA	16	8	12	9	6	8	15
ENSG00000120217	CD274	4	0	1	0	2	0	5
ENSG00000120253	NUP43	3251	2487	2411	2487	2734	2871	3996
ENSG00000120254	MTHFD1L	2998	2270	2160	2634	2874	2881	4102
ENSG00000120256	LRP11	2245	1628	1708	1768	1847	2058	2920
ENSG00000120262	CCDC170	192	163	167	179	184	187	277
ENSG00000120265	PCMT1	4846	3989	3517	4119	4285	4298	5778
ENSG00000120278	PLEKHG1	9	5	9	6	11	8	11
ENSG00000120280	TASL	0	1	0	0	1	3	3
ENSG00000120306	CYSTM1	1069	928	748	873	915	889	1308
ENSG00000120314	WDR55	1209	964	893	933	1017	1017	1536
ENSG00000120318	ARAP3	32	22	32	24	30	30	65
ENSG00000120322	PCDHB8	36	26	29	21	41	33	39
ENSG00000120324	PCDHB10	7	5	3	8	1	6	12
ENSG00000120327	PCDHB14	55	38	36	32	45	34	54
ENSG00000120328	PCDHB12	6	1	2	2	4	10	5
ENSG00000120329	SLC25A2	1	0	0	0	0	1	1
ENSG00000120332	TNN	0	0	1	0	1	0	0
ENSG00000120333	MRPS14	766	691	547	584	669	695	986
ENSG00000120334	CENPL	244	143	147	159	191	187	266
ENSG00000120337	TNFSF18	1	0	0	0	0	1	0
ENSG00000120341	SEC16B	298	237	194	261	273	304	355
ENSG00000120370	GORAB	140	158	99	128	176	143	203
ENSG00000120437	ACAT2	7647	6277	5554	5788	5909	6302	8233
ENSG00000120438	TCP1	15133	11432	11411	12147	12754	13090	17693
ENSG00000120440	TTLL2	0	2	6	0	0	0	0
ENSG00000120451	SNX19	30	9	15	12	20	29	51
ENSG00000120457	KCNJ5	12	12	7	10	5	11	21
ENSG00000120458	MSANTD2	444	376	325	308	362	375	570
ENSG00000120471	TP53AIP1	0	1	1	0	0	1	3
ENSG00000120500	ARR3	0	0	0	1	0	1	2
ENSG00000120509	PDZD11	510	434	388	399	439	405	642
ENSG00000120519	SLC10A7	636	462	428	476	497	561	834
ENSG00000120526	NUDCD1	780	511	591	565	624	524	906
ENSG00000120533	ENY2	1489	1216	1056	1228	1258	1243	1962
ENSG00000120539	MASTL	818	589	586	620	681	715	1057
ENSG00000120549	KIAA1217	1919	1417	1425	1320	1509	1751	2524
ENSG00000120563	LYZL1	0	0	0	0	0	1	1
ENSG00000120594	PLXDC2	88	66	81	81	74	98	156
ENSG00000120616	EPC1	750	544	532	587	629	770	1017
ENSG00000120645	IQSEC3	0	0	1	0	0	0	0
ENSG00000120647	CCDC77	423	331	312	329	344	405	565
ENSG00000120656	TAF12	713	574	478	518	528	613	872
ENSG00000120658	ENOX1	1	0	0	0	1	0	5
ENSG00000120662	MTRF1	429	318	263	295	330	335	534
ENSG00000120669	SOHLH2	0	1	0	0	0	1	0
ENSG00000120675	DNAJC15	1098	923	808	885	876	910	1392
ENSG00000120685	PROSER1	2549	1933	1936	1933	2245	2375	3559
ENSG00000120686	UFM1	2051	1649	1647	1797	1754	1965	2589
ENSG00000120688	WBP4	825	682	699	742	727	770	1074
ENSG00000120690	ELF1	2851	1943	2075	2147	2405	2651	3869
ENSG00000120693	SMAD9	787	546	593	558	627	745	1063
ENSG00000120694	HSPH1	4767	3347	3521	3717	3874	4215	6175
ENSG00000120696	KBTBD7	569	412	432	516	486	519	708
ENSG00000120697	ALG5	563	475	386	484	495	490	625
ENSG00000120699	EXOSC8	1421	1132	964	1213	1267	1331	1782
ENSG00000120705	ETF1	8081	6083	5928	6625	6916	7531	10692
ENSG00000120708	TGFBI	15834	11815	11947	11597	12121	13315	18803
ENSG00000120709	FAM53C	2132	1674	1511	1616	1864	1977	2837
ENSG00000120725	SIL1	1202	986	932	965	1081	1058	1437
ENSG00000120727	PAIP2	3237	2557	2218	2669	2620	2946	3953
ENSG00000120733	KDM3B	3189	2374	2356	2372	2622	2924	4181
ENSG00000120738	EGR1	765	589	623	676	725	758	1125
ENSG00000120742	SERP1	7333	5740	5343	5733	6179	6465	8807
ENSG00000120756	PLS1	935	678	732	766	821	864	1258
ENSG00000120784	ZFP30	412	309	344	324	408	413	564
ENSG00000120798	NR2C1	723	557	474	557	593	652	1008
ENSG00000120800	UTP20	3166	2171	2379	2285	2519	2872	4193
ENSG00000120802	TMPO	5421	4030	4122	4386	4656	5154	7294
ENSG00000120805	ARL1	2735	2171	2011	2054	2279	2409	3548
ENSG00000120820	GLT8D2	2	3	2	1	3	2	2
ENSG00000120832	MTERF2	398	341	252	323	344	393	475
ENSG00000120833	SOCS2	57	50	40	51	50	58	72
ENSG00000120837	NFYB	710	555	502	616	545	655	914
ENSG00000120860	WASHC3	341	233	225	235	262	272	357
ENSG00000120868	APAF1	986	697	800	745	747	960	1252
ENSG00000120875	DUSP4	83	54	60	72	81	90	111
ENSG00000120885	CLU	9307	7454	7268	7788	8090	7918	10916
ENSG00000120889	TNFRSF10B	5951	4352	4552	4212	4820	5205	8197
ENSG00000120896	SORBS3	3052	2410	2372	2383	2468	2640	3745
ENSG00000120899	PTK2B	140	98	91	103	103	130	161
ENSG00000120903	CHRNA2	0	2	0	0	2	1	5
ENSG00000120910	PPP3CC	338	290	252	293	309	277	445
ENSG00000120913	PDLIM2	824	775	701	660	753	761	1032
ENSG00000120915	EPHX2	482	365	382	373	399	455	627
ENSG00000120925	RNF170	566	461	411	485	490	540	751
ENSG00000120937	NPPB	0	2	0	1	1	0	1
ENSG00000120942	UBIAD1	1525	1179	1099	1311	1338	1404	1918
ENSG00000120948	TARDBP	8373	6543	6358	6713	6745	7628	10188
ENSG00000120963	ZNF706	1430	1240	1026	1175	1366	1356	1791
ENSG00000120992	LYPLA1	3660	2492	2539	2984	3021	3162	4425
ENSG00000121005	CRISPLD1	0	0	3	0	1	0	0
ENSG00000121022	COPS5	1370	1090	1025	1212	1245	1286	1714
ENSG00000121039	RDH10	1626	1199	1292	1310	1466	1523	2140
ENSG00000121053	EPX	0	3	2	1	4	2	3
ENSG00000121057	AKAP1	6902	5450	5227	5418	5976	6457	8786
ENSG00000121058	COIL	1303	977	1069	1076	1119	1282	1682
ENSG00000121060	TRIM25	5401	4080	4300	4113	4811	5208	7059
ENSG00000121064	SCPEP1	782	603	593	617	673	732	982
ENSG00000121067	SPOP	2304	1644	1656	1925	2000	1937	2699
ENSG00000121068	TBX2	776	686	651	670	802	744	1007
ENSG00000121073	SLC35B1	1628	1454	1184	1273	1423	1451	2077
ENSG00000121075	TBX4	82	54	52	59	71	79	107
ENSG00000121101	TEX14	6	0	0	0	2	2	0
ENSG00000121104	FAM117A	900	725	733	689	799	818	1131
ENSG00000121152	NCAPH	2043	1550	1547	1651	1628	1787	2596
ENSG00000121207	LRAT	4	1	0	0	1	0	0
ENSG00000121210	TMEM131L	433	329	299	341	392	460	632
ENSG00000121211	MND1	357	289	258	280	266	276	417
ENSG00000121270	ABCC11	48	46	35	41	54	31	65
ENSG00000121274	TENT4B	1365	930	1054	1104	1103	1207	1777
ENSG00000121281	ADCY7	166	145	151	161	170	201	247
ENSG00000121289	CEP89	581	453	472	506	496	468	772
ENSG00000121297	TSHZ3	1	2	1	9	3	1	4
ENSG00000121310	ECHDC2	161	161	104	129	173	177	239
ENSG00000121316	PLBD1	0	0	0	0	0	0	1
ENSG00000121318	TAS2R10	5	1	3	2	4	3	4
ENSG00000121350	PYROXD1	463	304	389	402	392	402	662
ENSG00000121351	IAPP	15	14	7	12	16	18	17
ENSG00000121380	BCL2L14	2	1	1	1	2	1	1
ENSG00000121390	PSPC1	2433	1940	1909	2130	2115	2208	3171
ENSG00000121406	ZNF549	282	213	193	200	209	279	357
ENSG00000121410	A1BG	131	137	128	165	150	140	318
ENSG00000121417	ZNF211	301	238	223	224	210	251	342
ENSG00000121440	PDZRN3	3	0	0	0	2	0	3
ENSG00000121454	LHX4	99	83	78	57	78	79	149
ENSG00000121481	RNF2	795	581	587	573	678	598	960
ENSG00000121486	TRMT1L	965	754	764	769	795	939	1285
ENSG00000121542	SEC22A	259	208	195	222	236	227	294
ENSG00000121552	CSTA	10	3	7	9	8	13	13
ENSG00000121577	POPDC2	5	0	0	4	1	0	0
ENSG00000121578	B4GALT4	914	636	666	699	751	860	1125
ENSG00000121579	NAA50	6870	4942	5203	5472	5681	6280	8919
ENSG00000121594	CD80	0	1	0	0	0	0	0
ENSG00000121621	KIF18A	521	352	380	426	422	479	730
ENSG00000121644	DESI2	2377	1765	1759	1860	2124	2211	3165
ENSG00000121653	MAPK8IP1	424	327	304	352	382	423	549
ENSG00000121671	CRY2	711	562	561	557	611	661	965
ENSG00000121680	PEX16	470	391	332	449	452	471	574
ENSG00000121690	DEPDC7	577	474	456	504	514	563	738
ENSG00000121691	CAT	4257	3252	3200	3477	3727	3945	5512
ENSG00000121716	PILRB	769	736	600	605	795	727	1038
ENSG00000121741	ZMYM2	1182	841	926	920	954	1121	1650
ENSG00000121743	GJA3	11	4	4	6	7	6	9
ENSG00000121749	TBC1D15	714	510	548	502	609	610	800
ENSG00000121753	ADGRB2	3	0	4	0	4	4	4
ENSG00000121766	ZCCHC17	1169	1004	904	1040	1021	1059	1361
ENSG00000121769	FABP3	8	5	5	3	6	9	7
ENSG00000121774	KHDRBS1	8965	7221	7058	7588	7782	8320	11847
ENSG00000121775	TMEM39B	129	115	128	83	90	101	160
ENSG00000121797	CCRL2	0	0	0	0	0	1	0
ENSG00000121851	POLR3GL	328	306	280	283	311	280	425
ENSG00000121853	GHSR	0	1	0	0	3	0	0
ENSG00000121858	TNFSF10	182	166	151	121	147	132	178
ENSG00000121864	ZNF639	917	777	678	782	836	872	1247
ENSG00000121879	PIK3CA	758	546	522	557	513	730	831
ENSG00000121892	PDS5A	5394	3711	4030	4058	4481	5125	7361
ENSG00000121895	TMEM156	10	6	8	11	13	7	7
ENSG00000121897	LIAS	214	181	155	164	165	205	273
ENSG00000121898	CPXM2	0	0	0	0	0	1	1
ENSG00000121900	TMEM54	45	42	43	57	51	32	59
ENSG00000121903	ZSCAN20	157	132	116	138	175	160	224
ENSG00000121905	HPCA	0	0	0	1	0	2	0
ENSG00000121931	LRIF1	1652	1368	1307	1347	1500	1646	2207
ENSG00000121933	TMIGD3	1	1	0	0	0	0	0
ENSG00000121940	CLCC1	1025	886	800	836	933	1028	1341
ENSG00000121957	GPSM2	1018	677	652	816	743	824	1249
ENSG00000121964	GTDC1	169	184	163	163	200	212	269
ENSG00000121966	CXCR4	10	7	6	5	6	4	3
ENSG00000121988	ZRANB3	372	246	281	256	330	324	554
ENSG00000121989	ACVR2A	593	440	470	425	508	497	683
ENSG00000122008	POLK	245	184	200	163	213	254	366
ENSG00000122012	SV2C	0	2	0	0	1	1	0
ENSG00000122026	RPL21	14377	10680	10452	11931	12195	12523	17226
ENSG00000122033	MTIF3	495	393	380	372	370	444	588
ENSG00000122034	GTF3A	2730	2060	1990	2137	2241	2461	3358
ENSG00000122035	RASL11A	70	42	46	38	51	62	80
ENSG00000122042	UBL3	1185	782	832	936	962	1080	1444
ENSG00000122068	FYTTD1	1373	970	1024	1087	1069	1301	1827
ENSG00000122085	MTERF4	786	718	579	834	697	764	1131
ENSG00000122121	XPNPEP2	70	54	45	55	64	67	90
ENSG00000122122	SASH3	3	0	1	0	2	3	2
ENSG00000122126	OCRL	1608	1184	1182	1150	1470	1475	2112
ENSG00000122133	PAEP	22	17	9	22	19	20	32
ENSG00000122136	OBP2A	1	0	0	2	3	0	5
ENSG00000122140	MRPS2	2356	1900	1716	1905	1988	2084	2973
ENSG00000122176	FMOD	1	0	1	3	3	2	2
ENSG00000122188	LAX1	0	0	0	1	0	0	0
ENSG00000122194	PLG	35	35	24	29	32	34	72
ENSG00000122203	KIAA1191	3030	2363	2272	2252	2606	2883	4034
ENSG00000122218	COPA	7877	5874	6034	5563	6688	8019	11163
ENSG00000122224	LY9	0	0	0	1	0	0	0
ENSG00000122257	RBBP6	3923	3057	3262	3222	3171	3858	5237
ENSG00000122299	ZC3H7A	2622	2104	1955	2085	2167	2397	3512
ENSG00000122304	PRM2	2	2	2	0	0	1	1
ENSG00000122335	SERAC1	369	232	269	277	290	322	433
ENSG00000122359	ANXA11	3615	2875	2648	2987	3120	3302	4396
ENSG00000122367	LDB3	2	1	2	5	2	1	2
ENSG00000122376	SHLD2	2769	2038	1952	2026	2186	2510	3665
ENSG00000122378	PRXL2A	3519	2841	2660	2858	2992	3065	4314
ENSG00000122386	ZNF205	555	480	407	465	522	456	745
ENSG00000122390	NAA60	2252	1803	1671	1766	2020	2120	2741
ENSG00000122406	RPL5	26617	21727	19282	22333	23006	23551	32035
ENSG00000122417	ODF2L	134	118	101	79	116	123	198
ENSG00000122432	SPATA1	0	10	18	4	8	16	35
ENSG00000122435	TRMT13	563	387	382	427	432	482	634
ENSG00000122477	LRRC39	2	11	9	15	11	8	11
ENSG00000122481	RWDD3	125	116	77	126	103	92	134
ENSG00000122482	ZNF644	1517	1173	1206	1200	1370	1522	2211
ENSG00000122483	CCDC18	362	266	274	301	316	351	513
ENSG00000122484	RPAP2	918	787	727	622	779	887	1386
ENSG00000122490	SLC66A2	2288	1968	1814	2004	2140	2221	2841
ENSG00000122507	BBS9	331	216	189	247	258	296	371
ENSG00000122512	PMS2	722	542	459	483	561	669	895
ENSG00000122515	ZMIZ2	1391	1015	1021	1078	1238	1254	1890
ENSG00000122545	SEPTIN7	3600	2471	2631	2829	2928	3155	4415
ENSG00000122547	EEPD1	782	628	585	652	727	750	1080
ENSG00000122550	KLHL7	438	293	226	403	288	334	442
ENSG00000122557	HERPUD2	732	547	550	614	619	668	937
ENSG00000122565	CBX3	8835	6921	6906	7465	7535	8040	11065
ENSG00000122566	HNRNPA2B1	28160	22709	20815	22842	23961	25892	34751
ENSG00000122574	WIPF3	12	12	14	9	13	12	10
ENSG00000122584	NXPH1	0	0	0	0	0	2	0
ENSG00000122591	FAM126A	629	484	481	509	673	590	851
ENSG00000122592	HOXA7	22	18	13	17	13	18	19
ENSG00000122641	INHBA	2	0	0	2	1	1	1
ENSG00000122642	FKBP9	2354	1945	1892	2037	2089	2248	3199
ENSG00000122643	NT5C3A	597	471	402	483	433	517	717
ENSG00000122644	ARL4A	711	510	524	553	548	637	857
ENSG00000122674	CCZ1	694	563	452	575	613	624	893
ENSG00000122678	POLM	148	125	74	67	119	161	209
ENSG00000122687	MRM2	631	493	406	556	605	519	715
ENSG00000122692	SMU1	2798	2251	2200	2295	2518	2630	3754
ENSG00000122694	GLIPR2	18	16	14	13	17	11	24
ENSG00000122696	SLC25A51	358	250	239	248	287	315	401
ENSG00000122705	CLTA	5047	3899	3668	4234	4156	4377	6011
ENSG00000122707	RECK	116	71	101	81	103	106	141
ENSG00000122711	SPINK4	1	2	1	2	1	3	7
ENSG00000122728	TAF1L	0	1	1	0	0	0	1
ENSG00000122729	ACO1	2355	1815	1720	1860	1962	2141	2973
ENSG00000122735	DNAI1	1	0	0	0	0	0	0
ENSG00000122741	DCAF10	918	741	735	698	820	951	1256
ENSG00000122778	KIAA1549	572	437	495	427	503	555	828
ENSG00000122779	TRIM24	12129	8984	9392	9447	10194	11063	16065
ENSG00000122783	CYREN	1123	868	745	838	917	934	1382
ENSG00000122786	CALD1	6637	4174	4379	4659	4730	5253	7746
ENSG00000122787	AKR1D1	375	292	314	315	323	302	448
ENSG00000122861	PLAU	119	118	103	96	115	113	146
ENSG00000122862	SRGN	0	0	0	1	0	0	1
ENSG00000122863	CHST3	2169	1525	1622	1616	1936	1942	2789
ENSG00000122870	BICC1	132	94	85	95	103	146	167
ENSG00000122873	CISD1	875	704	610	784	788	850	1177
ENSG00000122877	EGR2	6	4	0	6	1	1	3
ENSG00000122882	ECD	1528	1056	1055	1215	1297	1342	1885
ENSG00000122884	P4HA1	3822	2966	3057	2820	2949	3518	4665
ENSG00000122912	SLC25A16	434	356	347	353	406	396	567
ENSG00000122952	ZWINT	1951	1606	1383	1633	1660	1777	2213
ENSG00000122958	VPS26A	2755	1983	2090	2251	2399	2621	3636
ENSG00000122965	RBM19	2734	2052	1951	2032	2286	2549	3404
ENSG00000122966	CIT	787	472	526	541	634	805	1073
ENSG00000122970	IFT81	568	430	425	397	402	489	719
ENSG00000122971	ACADS	847	674	632	695	734	737	968
ENSG00000122986	HVCN1	24	12	10	8	12	18	19
ENSG00000123064	DDX54	4978	3862	3826	4154	4579	4479	6147
ENSG00000123066	MED13L	1506	868	1185	883	1247	1482	2504
ENSG00000123080	CDKN2C	888	669	668	713	750	756	1032
ENSG00000123091	RNF11	1646	1241	1195	1371	1351	1547	2108
ENSG00000123094	RASSF8	93	48	68	68	61	93	118
ENSG00000123095	BHLHE41	5	3	7	4	5	5	9
ENSG00000123096	SSPN	1	0	1	0	0	1	1
ENSG00000123104	ITPR2	6579	4628	5019	4899	5427	6695	9401
ENSG00000123106	CCDC91	432	378	349	390	396	445	565
ENSG00000123119	NECAB1	1	0	1	0	0	3	3
ENSG00000123124	WWP1	3726	2695	2772	2739	3123	3428	4859
ENSG00000123130	ACOT9	1034	869	766	819	917	929	1256
ENSG00000123131	PRDX4	3645	2936	2677	2798	2947	2963	3955
ENSG00000123136	DDX39A	2409	2028	1715	1979	2095	2153	2723
ENSG00000123143	PKN1	5152	4384	4100	4556	5041	4770	6495
ENSG00000123144	TRIR	4396	3782	3352	3852	4049	4059	5337
ENSG00000123146	ADGRE5	486	361	328	332	433	436	531
ENSG00000123154	WDR83	255	206	155	222	263	230	278
ENSG00000123159	GIPC1	2840	2482	2175	2597	2794	2700	3518
ENSG00000123171	CCDC70	2	4	7	5	10	9	8
ENSG00000123178	SPRYD7	566	428	454	538	504	544	690
ENSG00000123179	EBPL	2556	2261	1949	2191	2278	2377	3248
ENSG00000123191	ATP7B	3012	2193	2355	2384	2909	3138	4430
ENSG00000123200	ZC3H13	3276	2573	2622	2744	2768	3233	4265
ENSG00000123213	NLN	1318	1083	1000	996	1173	1200	1727
ENSG00000123219	CENPK	780	540	553	568	538	662	892
ENSG00000123240	OPTN	1376	971	1015	1030	1011	1125	1649
ENSG00000123243	ITIH5	463	365	346	367	388	431	582
ENSG00000123268	ATF1	756	582	537	687	684	702	1057
ENSG00000123297	TSFM	1352	1134	975	1201	1204	1191	1623
ENSG00000123329	ARHGAP9	25	7	4	5	4	6	10
ENSG00000123338	NCKAP1L	0	0	0	0	0	0	3
ENSG00000123342	MMP19	5	2	3	4	10	2	6
ENSG00000123349	PFDN5	1998	1748	1369	1662	1718	1966	2273
ENSG00000123352	SPATS2	1415	1138	1114	1201	1254	1301	1944
ENSG00000123353	ORMDL2	542	419	383	471	465	438	622
ENSG00000123358	NR4A1	524	436	391	470	476	495	649
ENSG00000123360	PDE1B	0	0	0	0	0	1	0
ENSG00000123364	HOXC13	2	1	2	3	4	2	2
ENSG00000123374	CDK2	1485	1127	1075	1238	1238	1290	1756
ENSG00000123384	LRP1	17828	11968	12738	11111	14033	16164	23460
ENSG00000123395	ATG101	1383	1094	1069	1209	1297	1258	1649
ENSG00000123405	NFE2	144	146	123	153	143	142	211
ENSG00000123411	IKZF4	247	185	191	183	187	269	386
ENSG00000123415	SMUG1	557	498	468	453	496	497	706
ENSG00000123416	TUBA1B	31182	24026	23003	25010	26077	25481	36881
ENSG00000123427	EEF1AKMT3	356	252	293	292	331	293	429
ENSG00000123444	KBTBD4	380	290	252	261	313	365	481
ENSG00000123453	SARDH	2110	1678	1631	1675	1811	1837	2585
ENSG00000123454	DBH	121	118	77	71	119	102	170
ENSG00000123472	ATPAF1	1894	1440	1507	1511	1719	1734	2456
ENSG00000123473	STIL	961	655	692	737	895	981	1253
ENSG00000123485	HJURP	1475	1152	1050	1187	1288	1320	1986
ENSG00000123500	COL10A1	5	7	3	1	5	8	2
ENSG00000123505	AMD1	6922	5013	5150	5524	5679	6365	8533
ENSG00000123545	NDUFAF4	575	373	364	518	463	522	712
ENSG00000123552	USP45	454	410	319	341	351	445	646
ENSG00000123560	PLP1	17	12	10	24	18	19	23
ENSG00000123561	SERPINA7	4676	3678	3430	3576	3772	4008	5691
ENSG00000123562	MORF4L2	9665	7466	7093	7364	7817	8683	11601
ENSG00000123570	RAB9B	2	1	3	2	3	2	5
ENSG00000123572	NRK	1	0	0	0	0	0	0
ENSG00000123575	FAM199X	1846	1332	1438	1340	1506	1763	2560
ENSG00000123584	MAGEA9	0	0	2	0	0	0	0
ENSG00000123595	RAB9A	449	359	324	369	322	401	527
ENSG00000123600	METTL8	1227	1035	1042	1010	1112	1235	1747
ENSG00000123607	TTC21B	1896	1531	1579	1547	1799	2101	2870
ENSG00000123609	NMI	124	107	72	104	114	108	157
ENSG00000123612	ACVR1C	22	8	12	18	18	10	19
ENSG00000123636	BAZ2B	562	410	431	451	443	520	744
ENSG00000123643	SLC36A1	752	526	576	556	643	696	968
ENSG00000123684	LPGAT1	2552	2127	2075	2072	2285	2646	3602
ENSG00000123685	BATF3	5	0	2	3	2	2	2
ENSG00000123689	G0S2	1	0	0	0	0	0	0
ENSG00000123700	KCNJ2	0	0	1	0	0	2	0
ENSG00000123728	RAP2C	1420	1171	1085	1140	1242	1297	1940
ENSG00000123737	EXOSC9	855	666	610	733	709	754	990
ENSG00000123739	PLA2G12A	808	611	564	586	633	716	947
ENSG00000123810	B9D2	67	69	66	72	96	75	76
ENSG00000123815	COQ8B	393	341	324	347	373	409	487
ENSG00000123836	PFKFB2	737	553	588	577	664	743	1057
ENSG00000123838	C4BPA	1231	961	975	932	1031	1177	1605
ENSG00000123843	C4BPB	1725	1543	1342	1454	1556	1606	2051
ENSG00000123892	RAB38	2	6	0	0	0	1	1
ENSG00000123901	GPR83	8	5	11	7	8	8	14
ENSG00000123908	AGO2	2532	1991	1975	1989	2139	2493	3715
ENSG00000123933	MXD4	3483	2965	2677	2884	3087	3170	3962
ENSG00000123975	CKS2	2675	2299	1612	2048	2229	2176	2594
ENSG00000123983	ACSL3	13825	10371	10763	11881	12431	13930	19440
ENSG00000123989	CHPF	11107	8729	8604	8425	9380	9552	13705
ENSG00000123992	DNPEP	1837	1600	1295	1614	1614	1807	2208
ENSG00000123999	INHA	134	132	118	103	109	118	166
ENSG00000124003	MOGAT1	31	30	21	14	29	26	41
ENSG00000124006	OBSL1	8201	6734	6659	6251	6973	7662	10348
ENSG00000124019	FAM124B	0	0	0	0	0	0	1
ENSG00000124067	SLC12A4	4138	3423	3164	2990	3587	3649	5086
ENSG00000124074	ENKD1	368	305	308	351	338	405	453
ENSG00000124091	GCNT7	4	2	3	1	1	2	2
ENSG00000124092	CTCFL	3	1	1	1	2	0	3
ENSG00000124097	HMGB1P1	0	3	0	0	2	0	1
ENSG00000124098	FAM210B	7251	5639	5540	6055	6332	6789	9596
ENSG00000124102	PI3	1	1	0	2	2	1	3
ENSG00000124103	FAM209A	0	3	0	0	3	0	0
ENSG00000124104	SNX21	255	210	149	219	255	267	321
ENSG00000124107	SLPI	0	0	0	0	0	1	0
ENSG00000124116	WFDC3	0	0	0	0	3	0	0
ENSG00000124120	TTPAL	1470	1233	1033	1151	1225	1379	2012
ENSG00000124126	PREX1	6	7	1	0	3	4	12
ENSG00000124134	KCNS1	0	3	2	2	1	0	1
ENSG00000124140	SLC12A5	81	58	51	54	70	76	104
ENSG00000124143	ARHGAP40	101	93	90	84	100	125	170
ENSG00000124145	SDC4	3459	2675	2675	3011	3162	3268	4535
ENSG00000124151	NCOA3	6348	4596	4741	4701	5212	5851	8625
ENSG00000124155	PIGT	2966	2296	2229	2522	2667	2540	3802
ENSG00000124159	MATN4	0	0	0	0	1	0	0
ENSG00000124160	NCOA5	2384	1822	1728	1905	2030	2181	3058
ENSG00000124164	VAPB	2296	1684	1808	1733	2100	2108	2990
ENSG00000124171	PARD6B	656	474	440	470	491	501	709
ENSG00000124172	ATP5F1E	5085	4455	3660	4021	4246	4372	5723
ENSG00000124177	CHD6	2775	2055	2157	1929	2233	2702	3890
ENSG00000124181	PLCG1	6618	5432	4844	4792	5468	5953	8761
ENSG00000124191	TOX2	0	0	0	0	0	1	0
ENSG00000124193	SRSF6	7470	6131	5648	5877	6493	7113	9722
ENSG00000124194	GDAP1L1	0	1	0	0	0	1	4
ENSG00000124198	ARFGEF2	5434	3458	4557	4036	4408	5686	8452
ENSG00000124201	ZNFX1	1458	1085	1110	1007	1200	1273	1885
ENSG00000124207	CSE1L	13526	9671	9531	9908	11016	11517	16814
ENSG00000124208	PEDS1-UBE2V1	191	149	164	203	116	118	188
ENSG00000124209	RAB22A	1656	1250	1233	1206	1430	1541	2187
ENSG00000124212	PTGIS	4	3	2	1	3	4	11
ENSG00000124214	STAU1	17870	13210	13505	14574	15507	16286	23067
ENSG00000124215	CDH26	15	6	13	6	9	7	14
ENSG00000124216	SNAI1	154	108	104	114	117	131	205
ENSG00000124217	MOCS3	827	674	605	655	746	752	1043
ENSG00000124222	STX16	5735	5058	4445	4505	4954	5403	7514
ENSG00000124225	PMEPA1	16	4	5	6	11	9	9
ENSG00000124226	RNF114	4723	4014	3457	4062	4155	4504	5896
ENSG00000124227	ANKRD60	9	3	5	4	3	6	6
ENSG00000124228	DDX27	4470	3567	3590	3907	4106	4207	5924
ENSG00000124232	RBPJL	0	2	0	0	1	0	1
ENSG00000124243	BCAS4	244	220	192	162	217	182	261
ENSG00000124251	TP53TG5	15	15	12	8	17	13	21
ENSG00000124253	PCK1	60	71	63	47	41	48	58
ENSG00000124256	ZBP1	0	2	0	0	0	0	1
ENSG00000124257	NEURL2	205	214	185	212	211	219	310
ENSG00000124260	MAGEA10	4	1	3	0	3	0	5
ENSG00000124275	MTRR	1227	789	861	987	989	1083	1681
ENSG00000124279	FASTKD3	340	219	237	274	283	281	401
ENSG00000124299	PEPD	3221	2538	2393	2695	2946	2866	3979
ENSG00000124302	CHST8	1	0	0	0	0	0	1
ENSG00000124313	IQSEC2	5	2	3	2	9	2	8
ENSG00000124333	VAMP7	909	652	659	701	812	755	1132
ENSG00000124334	IL9R	1	5	0	0	2	0	0
ENSG00000124343	XG	0	0	0	0	2	2	0
ENSG00000124356	STAMBP	1371	1156	1029	1076	1169	1110	1930
ENSG00000124357	NAGK	664	518	450	568	636	605	768
ENSG00000124370	MCEE	1110	908	767	842	914	923	1240
ENSG00000124374	PAIP2B	19	11	24	15	20	16	32
ENSG00000124380	SNRNP27	1408	1206	1071	1132	1118	1149	1663
ENSG00000124383	MPHOSPH10	5348	4417	4312	4497	4678	4896	6965
ENSG00000124391	IL17C	2	0	0	0	0	0	0
ENSG00000124406	ATP8A1	155	95	80	98	111	97	186
ENSG00000124422	USP22	9998	7612	7839	7989	8656	9440	13359
ENSG00000124429	POF1B	1	0	0	0	2	1	0
ENSG00000124440	HIF3A	2	2	3	1	1	2	5
ENSG00000124444	ZNF576	332	261	258	328	326	305	359
ENSG00000124449	IRGC	0	0	2	0	0	0	0
ENSG00000124459	ZNF45	254	228	181	230	253	277	383
ENSG00000124466	LYPD3	15	15	15	2	13	19	33
ENSG00000124469	CEACAM8	5	15	6	5	3	5	12
ENSG00000124486	USP9X	5144	3478	3811	3523	4068	4676	6514
ENSG00000124493	GRM4	0	0	0	0	0	2	1
ENSG00000124496	TRERF1	0	4	2	0	0	5	6
ENSG00000124507	PACSIN1	1	1	1	3	1	2	2
ENSG00000124508	BTN2A2	530	422	404	412	458	526	685
ENSG00000124523	SIRT5	831	706	775	625	763	931	1242
ENSG00000124532	MRS2	3279	2482	2350	2489	2766	2747	4072
ENSG00000124535	WRNIP1	3671	3065	2891	3011	3308	3410	4838
ENSG00000124541	RRP36	2031	1688	1484	1661	1796	1871	2637
ENSG00000124557	BTN1A1	3	3	0	1	7	2	7
ENSG00000124562	SNRPC	4642	3728	3339	3797	4019	3955	5883
ENSG00000124568	SLC17A1	0	0	0	0	0	1	0
ENSG00000124570	SERPINB6	1904	1436	1346	1547	1530	1646	2230
ENSG00000124571	XPO5	4864	3630	3507	3789	4134	4473	6364
ENSG00000124574	ABCC10	1354	1012	1050	1057	1235	1264	1758
ENSG00000124575	H1-3	0	0	0	1	1	0	0
ENSG00000124587	PEX6	521	419	390	413	463	473	607
ENSG00000124588	NQO2	948	760	764	736	818	946	1198
ENSG00000124596	OARD1	1053	794	715	806	925	954	1321
ENSG00000124602	UNC5CL	269	284	217	203	231	281	372
ENSG00000124608	AARS2	1534	1243	1147	1167	1389	1368	1968
ENSG00000124610	H1-1	0	0	0	0	1	0	0
ENSG00000124613	ZNF391	59	52	45	62	47	70	93
ENSG00000124614	RPS10	20311	17510	14308	17033	18112	17973	23687
ENSG00000124615	MOCS1	550	476	425	480	537	509	745
ENSG00000124635	H2BC11	16	11	3	10	19	12	22
ENSG00000124641	MED20	1063	738	771	871	889	963	1238
ENSG00000124657	OR2B6	1	6	0	7	0	2	2
ENSG00000124659	TBCC	927	675	628	792	784	852	1116
ENSG00000124664	SPDEF	3	1	1	0	2	1	0
ENSG00000124688	MAD2L1BP	823	618	612	737	721	738	1090
ENSG00000124701	APOBEC2	12	15	10	9	9	19	23
ENSG00000124702	KLHDC3	4099	3361	2903	3421	3684	3767	4865
ENSG00000124713	GNMT	70	50	47	60	45	66	74
ENSG00000124721	DNAH8	0	1	0	0	0	1	0
ENSG00000124733	MEA1	1610	1377	1118	1252	1402	1339	1812
ENSG00000124743	KLHL31	55	49	37	31	44	38	73
ENSG00000124749	COL21A1	0	0	0	2	0	4	0
ENSG00000124762	CDKN1A	3315	2788	2519	2893	3032	3016	4214
ENSG00000124766	SOX4	2194	1692	1886	2214	2340	2531	3355
ENSG00000124767	GLO1	5655	4305	4107	4234	4490	4593	6649
ENSG00000124772	CPNE5	4	0	2	0	3	2	4
ENSG00000124782	RREB1	4145	3051	3179	2912	3382	3856	5569
ENSG00000124783	SSR1	16032	11779	11977	12347	12793	13911	19719
ENSG00000124784	RIOK1	1363	1065	1039	1059	1201	1274	1670
ENSG00000124785	NRN1	3	0	5	0	0	2	6
ENSG00000124786	SLC35B3	468	325	328	457	416	491	587
ENSG00000124787	RPP40	438	323	278	315	332	363	492
ENSG00000124788	ATXN1	1418	1135	1089	1094	1263	1428	1996
ENSG00000124789	NUP153	5036	3591	3935	3737	4335	4986	6967
ENSG00000124795	DEK	13291	9280	10183	11056	11082	12222	16942
ENSG00000124802	EEF1E1	2566	2112	1838	2065	2182	2334	3128
ENSG00000124813	RUNX2	0	1	0	0	0	0	2
ENSG00000124818	OPN5	0	4	1	0	1	4	3
ENSG00000124827	GCM2	0	0	0	0	0	1	0
ENSG00000124831	LRRFIP1	4163	3215	3383	3475	3671	3957	5533
ENSG00000124839	RAB17	996	887	765	743	879	788	1161
ENSG00000124882	EREG	47	50	39	51	54	64	77
ENSG00000124920	MYRF	3106	2328	2552	2202	2715	3011	4406
ENSG00000124942	AHNAK	9016	6410	6481	5086	6642	7824	11332
ENSG00000125037	EMC3	995	793	715	780	904	945	1200
ENSG00000125046	SSUH2	1707	1388	1214	1297	1321	1387	1992
ENSG00000125084	WNT1	4	3	3	3	2	1	10
ENSG00000125089	SH3TC1	570	497	516	575	592	641	892
ENSG00000125107	CNOT1	15151	10093	11404	11017	12574	14483	21262
ENSG00000125124	BBS2	979	692	706	719	740	981	1205
ENSG00000125144	MT1G	2070	1859	1545	1442	1524	1522	2124
ENSG00000125148	MT2A	6293	5389	4855	5018	5132	5339	7455
ENSG00000125149	PHAF1	3744	2832	2669	2835	3000	3288	4697
ENSG00000125166	GOT2	8043	6124	5607	6154	6827	6840	9960
ENSG00000125170	DOK4	2570	1928	1967	1920	2121	2196	3050
ENSG00000125245	GPR18	3	1	0	1	1	0	0
ENSG00000125246	CLYBL	205	198	170	223	198	206	309
ENSG00000125247	TMTC4	1038	711	756	851	847	989	1411
ENSG00000125249	RAP2A	1485	1064	1245	1196	1259	1343	1933
ENSG00000125255	SLC10A2	1	0	0	0	0	0	0
ENSG00000125257	ABCC4	746	436	467	594	524	682	1004
ENSG00000125266	EFNB2	0	2	0	2	11	2	19
ENSG00000125304	TM9SF2	8063	5607	6032	6278	6461	7153	10087
ENSG00000125319	HROB	333	219	241	268	309	273	394
ENSG00000125347	IRF1	391	302	260	341	347	422	504
ENSG00000125351	UPF3B	596	538	513	575	567	655	843
ENSG00000125352	RNF113A	457	343	357	362	391	388	557
ENSG00000125354	SEPTIN6	1628	1334	1275	1311	1346	1514	2060
ENSG00000125355	TMEM255A	25	15	28	28	24	36	35
ENSG00000125356	NDUFA1	1118	1053	835	964	1030	1099	1294
ENSG00000125375	DMAC2L	361	282	292	372	380	367	449
ENSG00000125378	BMP4	7396	5857	5571	5426	5821	6083	8399
ENSG00000125386	FAM193A	1405	1047	1129	1052	1149	1198	1729
ENSG00000125388	GRK4	122	101	112	120	132	121	187
ENSG00000125398	SOX9	10529	8357	8498	8675	9466	10235	14506
ENSG00000125409	TEKT3	0	8	0	0	4	2	10
ENSG00000125430	HS3ST3B1	2589	1893	1796	1963	2082	2278	3339
ENSG00000125434	SLC25A35	187	131	117	116	156	169	216
ENSG00000125445	MRPS7	3153	2570	2311	2572	2740	2702	3638
ENSG00000125447	GGA3	1500	1097	962	1078	1261	1281	1931
ENSG00000125449	ARMC7	478	380	369	430	452	391	641
ENSG00000125450	NUP85	1711	1347	1318	1510	1539	1585	2191
ENSG00000125454	SLC25A19	832	671	597	659	675	692	1007
ENSG00000125457	MIF4GD	449	314	296	360	365	386	471
ENSG00000125458	NT5C	445	440	370	459	473	434	638
ENSG00000125459	MSTO1	779	589	488	547	559	619	868
ENSG00000125482	TTF1	572	452	419	506	481	520	695
ENSG00000125484	GTF3C4	1860	1356	1487	1473	1646	1836	2637
ENSG00000125485	DDX31	765	600	551	607	629	714	967
ENSG00000125492	BARHL1	1	1	0	0	0	1	1
ENSG00000125498	KIR2DL1	0	0	0	0	0	0	1
ENSG00000125503	PPP1R12C	1897	1673	1464	1494	1679	1732	2304
ENSG00000125505	MBOAT7	1787	1286	1433	1336	1483	1653	2143
ENSG00000125508	SRMS	1	4	3	2	1	0	0
ENSG00000125510	OPRL1	20	27	24	23	16	18	23
ENSG00000125520	SLC2A4RG	2918	2719	2268	2550	2718	2535	3516
ENSG00000125531	FNDC11	2	0	1	1	0	0	0
ENSG00000125534	PPDPF	933	736	743	671	772	764	1297
ENSG00000125538	IL1B	0	0	0	1	0	0	0
ENSG00000125551	PLGLB2	3	3	0	1	0	2	0
ENSG00000125571	IL37	1	3	1	2	2	0	0
ENSG00000125611	CHCHD5	390	325	264	371	346	384	524
ENSG00000125618	PAX8	206	139	191	163	171	188	236
ENSG00000125629	INSIG2	4225	3075	3234	3136	3173	3629	4724
ENSG00000125630	POLR1B	2524	1830	1781	1918	2253	2347	3260
ENSG00000125633	CCDC93	3938	3210	3091	2736	3091	3635	5229
ENSG00000125637	PSD4	255	247	230	189	212	210	349
ENSG00000125648	SLC25A23	2495	1900	1944	2024	2173	2280	3195
ENSG00000125650	PSPN	133	99	92	86	108	103	171
ENSG00000125651	GTF2F1	3136	2537	2383	2673	2959	3040	4186
ENSG00000125652	ALKBH7	787	691	637	723	777	697	957
ENSG00000125656	CLPP	1592	1277	1230	1395	1477	1434	1829
ENSG00000125657	TNFSF9	77	68	71	81	71	81	93
ENSG00000125676	THOC2	4676	3636	3784	3913	3917	4514	6227
ENSG00000125686	MED1	4546	3426	3732	3581	3931	4752	6580
ENSG00000125691	RPL23	20875	17544	14356	17623	18212	20028	25448
ENSG00000125703	ATG4C	384	264	261	274	279	326	428
ENSG00000125726	CD70	1	0	0	1	0	1	1
ENSG00000125730	C3	87505	66030	66190	65709	74163	82065	115619
ENSG00000125731	SH2D3A	89	72	81	87	87	79	113
ENSG00000125733	TRIP10	1943	1635	1504	1593	1756	1879	2545
ENSG00000125734	GPR108	921	840	746	849	871	924	1408
ENSG00000125735	TNFSF14	167	183	115	99	145	155	209
ENSG00000125740	FOSB	50	37	32	26	51	45	59
ENSG00000125741	OPA3	1678	1230	1253	1311	1415	1482	2038
ENSG00000125743	SNRPD2	3083	2798	2189	2705	2885	2958	3558
ENSG00000125744	RTN2	300	231	174	241	218	241	391
ENSG00000125746	EML2	213	245	287	256	241	270	398
ENSG00000125753	VASP	4590	3570	3463	3517	4004	4229	5734
ENSG00000125755	SYMPK	4046	3270	3178	3404	3694	3725	5115
ENSG00000125772	GPCPD1	468	331	302	331	342	480	645
ENSG00000125775	SDCBP2	20	20	12	22	14	16	25
ENSG00000125779	PANK2	1369	1043	988	1011	1091	1160	1599
ENSG00000125787	GNRH2	1	4	5	0	1	5	1
ENSG00000125798	FOXA2	2313	1838	1867	1938	1977	2127	2983
ENSG00000125810	CD93	1	0	0	0	0	0	0
ENSG00000125812	GZF1	1181	934	885	950	1118	1156	1719
ENSG00000125814	NAPB	699	570	471	487	537	636	870
ENSG00000125817	CENPB	3141	2656	2289	2660	2884	2817	4023
ENSG00000125818	PSMF1	6862	5258	5324	5603	5816	6125	8621
ENSG00000125820	NKX2-2	0	0	0	1	0	0	0
ENSG00000125821	DTD1	847	780	738	754	670	703	1084
ENSG00000125826	RBCK1	4366	3477	3346	3579	4097	4129	5572
ENSG00000125827	TMX4	1763	1330	1344	1408	1575	1660	2450
ENSG00000125834	STK35	3507	2663	2590	2558	2924	3105	4494
ENSG00000125835	SNRPB	15069	13158	10772	13042	13923	13411	16925
ENSG00000125841	NRSN2	2416	1903	1880	1837	2120	2052	2981
ENSG00000125843	AP5S1	1062	752	705	848	901	899	1225
ENSG00000125844	RRBP1	34628	29009	27044	25583	29311	31978	44373
ENSG00000125845	BMP2	3	1	0	2	1	0	2
ENSG00000125846	ZNF133	641	509	402	458	575	570	728
ENSG00000125848	FLRT3	68	49	40	45	31	45	59
ENSG00000125850	OVOL2	6	8	5	4	9	15	12
ENSG00000125851	PCSK2	0	0	0	0	0	0	2
ENSG00000125861	GFRA4	0	1	3	0	0	0	2
ENSG00000125863	MKKS	993	787	757	857	941	970	1473
ENSG00000125864	BFSP1	25	18	18	25	25	19	28
ENSG00000125868	DSTN	5599	4098	4212	4569	4618	4761	6779
ENSG00000125870	SNRPB2	3697	3049	3052	3449	3368	3575	4670
ENSG00000125871	MGME1	2621	2111	1909	2051	2262	2411	3399
ENSG00000125872	LRRN4	64	75	65	63	61	77	101
ENSG00000125875	TBC1D20	2195	1828	1662	1620	1989	2059	3130
ENSG00000125877	ITPA	1932	1549	1432	1701	1813	1768	2207
ENSG00000125885	MCM8	2687	1970	1966	1957	2228	2411	3467
ENSG00000125888	BANF2	0	0	0	1	0	0	0
ENSG00000125895	TMEM74B	261	255	174	228	219	230	323
ENSG00000125898	FAM110A	151	165	161	158	168	171	205
ENSG00000125901	MRPS26	2757	2434	2043	2346	2535	2390	3388
ENSG00000125910	S1PR4	3	4	8	7	8	5	9
ENSG00000125912	NCLN	6229	5121	4845	5038	5512	5481	7577
ENSG00000125931	CITED1	0	0	0	0	0	1	1
ENSG00000125944	HNRNPR	10670	8020	8328	8652	9121	9886	13850
ENSG00000125945	ZNF436	377	269	290	288	309	410	510
ENSG00000125952	MAX	1313	1065	999	1079	1179	1198	1708
ENSG00000125954	CHURC1-FNTB	0	3	3	0	0	0	11
ENSG00000125962	ARMCX5	441	352	316	334	341	396	528
ENSG00000125966	MMP24	26	37	28	26	40	34	45
ENSG00000125967	NECAB3	1473	1142	1145	1284	1240	1362	1850
ENSG00000125968	ID1	12628	10747	9148	9769	10477	10789	15081
ENSG00000125970	RALY	12367	10404	9394	10439	11265	11429	15934
ENSG00000125971	DYNLRB1	4337	3398	2917	3645	3729	3816	4996
ENSG00000125977	EIF2S2	11892	9157	9006	11428	11468	12014	15832
ENSG00000125991	ERGIC3	7333	5801	5484	6265	6653	6531	8599
ENSG00000125995	ROMO1	2630	2368	1793	2190	2383	2372	2823
ENSG00000125998	FAM83C	2	7	4	2	4	10	6
ENSG00000125999	BPIFB1	5	4	6	2	6	1	5
ENSG00000126001	CEP250	3665	3073	2665	2608	2914	3287	4599
ENSG00000126003	PLAGL2	4892	3509	3720	3550	4030	4438	6402
ENSG00000126005	MMP24OS	224	118	145	187	169	161	287
ENSG00000126010	GRPR	3	2	1	1	2	1	2
ENSG00000126012	KDM5C	4196	3303	2970	3142	3756	3892	5454
ENSG00000126016	AMOT	75	50	61	55	64	78	112
ENSG00000126062	TMEM115	1728	1425	1320	1377	1597	1537	2143
ENSG00000126067	PSMB2	5172	3944	3876	4295	4351	4441	6351
ENSG00000126070	AGO3	953	777	695	701	717	808	1230
ENSG00000126088	UROD	2337	1922	1684	1981	2178	1991	2825
ENSG00000126091	ST3GAL3	176	203	149	164	152	166	290
ENSG00000126106	TMEM53	445	383	326	393	389	376	544
ENSG00000126107	HECTD3	1516	1170	1143	1158	1240	1283	1787
ENSG00000126214	KLC1	2426	1927	1764	1714	2110	2232	2976
ENSG00000126215	XRCC3	928	751	732	700	807	788	1100
ENSG00000126216	TUBGCP3	1432	1023	1055	1068	1133	1260	1851
ENSG00000126217	MCF2L	1171	1018	1011	864	981	1059	1588
ENSG00000126218	F10	1586	1323	1170	1264	1325	1381	1796
ENSG00000126226	PCID2	1508	1271	1112	1315	1264	1294	1878
ENSG00000126231	PROZ	202	153	114	101	151	172	214
ENSG00000126243	LRFN3	379	326	309	336	381	334	561
ENSG00000126246	IGFLR1	143	126	106	164	132	118	164
ENSG00000126247	CAPNS1	5161	4146	3818	4397	4402	4304	6309
ENSG00000126249	PDCD2L	434	369	310	379	400	378	523
ENSG00000126251	GPR42	1	0	0	0	0	0	0
ENSG00000126254	RBM42	3136	2543	2342	2779	2916	2767	3756
ENSG00000126259	KIRREL2	40	26	17	33	39	36	49
ENSG00000126261	UBA2	5784	4431	4169	4553	4789	5228	7362
ENSG00000126262	FFAR2	1	1	0	0	0	1	1
ENSG00000126264	HCST	4	6	0	3	2	3	2
ENSG00000126266	FFAR1	1	1	0	1	1	0	1
ENSG00000126267	COX6B1	2698	2272	1876	2243	2317	2448	3040
ENSG00000126351	THRA	1492	1135	1137	1117	1381	1362	1945
ENSG00000126353	CCR7	23	24	14	21	20	30	31
ENSG00000126368	NR1D1	629	416	438	439	570	498	766
ENSG00000126391	FRMD8	1018	797	830	893	906	958	1315
ENSG00000126432	PRDX5	3754	3252	2896	3207	3520	3528	4337
ENSG00000126453	BCL2L12	914	716	666	759	789	764	1028
ENSG00000126456	IRF3	1676	1447	1262	1371	1626	1516	2002
ENSG00000126457	PRMT1	8740	7052	6457	7466	8048	7588	10317
ENSG00000126458	RRAS	136	122	89	101	88	99	144
ENSG00000126460	PRRG2	10	25	22	10	16	2	19
ENSG00000126461	SCAF1	3247	2590	2440	2525	2851	2901	4147
ENSG00000126464	PRR12	1957	1411	1480	1347	1595	1776	2545
ENSG00000126467	TSKS	1	2	0	1	1	0	1
ENSG00000126500	FLRT1	39	35	20	19	28	22	54
ENSG00000126522	ASL	1959	1538	1492	1757	1760	1833	2317
ENSG00000126524	SBDS	2083	1603	1566	1745	1682	1954	2573
ENSG00000126550	HTN1	1	1	1	1	0	0	0
ENSG00000126561	STAT5A	101	77	87	76	64	98	130
ENSG00000126562	WNK4	1137	916	818	908	943	991	1615
ENSG00000126581	BECN1	2607	1852	1874	2144	2087	2234	3094
ENSG00000126583	PRKCG	0	4	1	2	1	2	6
ENSG00000126602	TRAP1	7023	5517	5132	5804	6213	6239	8480
ENSG00000126603	GLIS2	131	115	122	114	137	137	206
ENSG00000126653	NSRP1	926	795	805	839	869	943	1269
ENSG00000126698	DNAJC8	4270	3389	3139	3652	3737	3795	5039
ENSG00000126705	AHDC1	809	636	663	563	696	716	1079
ENSG00000126709	IFI6	160	201	176	190	200	181	234
ENSG00000126733	DACH2	1	0	0	0	0	0	0
ENSG00000126746	ZNF384	1647	1304	1179	1239	1487	1605	2194
ENSG00000126749	EMG1	1135	935	911	1023	1052	1063	1400
ENSG00000126756	UXT	602	548	442	511	518	530	616
ENSG00000126759	CFP	1	0	0	0	0	0	0
ENSG00000126767	ELK1	566	435	454	425	491	474	703
ENSG00000126768	TIMM17B	1247	1067	970	1094	1190	1124	1424
ENSG00000126773	PCNX4	1455	1130	1066	1042	1282	1465	2067
ENSG00000126775	ATG14	727	522	509	471	541	606	827
ENSG00000126777	KTN1	10571	8276	8847	8975	9092	10555	14976
ENSG00000126778	SIX1	542	343	412	469	483	488	739
ENSG00000126785	RHOJ	7	6	5	10	10	2	14
ENSG00000126787	DLGAP5	1873	1336	1340	1382	1461	1636	2350
ENSG00000126790	L3HYPDH	641	535	467	435	514	597	775
ENSG00000126803	HSPA2	31	19	17	26	19	24	35
ENSG00000126804	ZBTB1	902	650	672	671	777	806	1254
ENSG00000126814	TRMT5	623	504	452	497	516	534	800
ENSG00000126821	SGPP1	764	540	567	622	648	665	953
ENSG00000126822	PLEKHG3	522	378	376	408	495	473	639
ENSG00000126838	PZP	2	0	0	1	3	0	5
ENSG00000126858	RHOT1	982	686	674	680	870	856	1135
ENSG00000126860	EVI2A	2	0	2	1	0	0	0
ENSG00000126861	OMG	0	0	0	1	0	0	0
ENSG00000126870	DYNC2I1	426	285	332	323	339	352	542
ENSG00000126878	AIF1L	1248	1001	826	1044	1112	1125	1600
ENSG00000126882	FAM78A	17	14	15	15	13	13	18
ENSG00000126883	NUP214	2087	1553	1529	1466	1687	2036	2855
ENSG00000126895	AVPR2	1	0	1	0	1	1	0
ENSG00000126903	SLC10A3	721	567	538	563	615	608	930
ENSG00000126934	MAP2K2	4943	3988	3753	4098	4286	3982	5137
ENSG00000126945	HNRNPH2	2893	2188	2278	2547	2592	2753	3847
ENSG00000126947	ARMCX1	0	0	0	0	0	0	1
ENSG00000126950	TMEM35A	0	0	0	2	2	0	2
ENSG00000126953	TIMM8A	499	375	357	430	405	434	601
ENSG00000126970	ZC4H2	291	219	225	213	258	285	368
ENSG00000127022	CANX	32375	22933	24859	25226	26944	29556	41112
ENSG00000127054	INTS11	1985	1827	1635	1840	1917	1882	2580
ENSG00000127080	IPPK	516	423	422	382	429	507	789
ENSG00000127081	ZNF484	135	126	109	103	103	137	174
ENSG00000127083	OMD	3	0	0	0	2	0	1
ENSG00000127084	FGD3	41	33	40	28	37	41	56
ENSG00000127124	HIVEP3	1	1	0	2	3	0	4
ENSG00000127125	PPCS	742	617	579	592	651	726	973
ENSG00000127129	EDN2	0	0	0	0	0	2	0
ENSG00000127152	BCL11B	24	11	15	22	15	18	22
ENSG00000127184	COX7C	2567	2332	1980	2309	2330	2409	2971
ENSG00000127191	TRAF2	959	742	675	744	754	815	1070
ENSG00000127220	ABHD8	653	551	493	610	646	605	907
ENSG00000127241	MASP1	332	291	262	277	351	331	523
ENSG00000127249	ATP13A4	1	3	2	0	1	2	0
ENSG00000127311	HELB	47	53	29	15	47	59	22
ENSG00000127314	RAP1B	3576	2546	2446	2802	3005	3021	4262
ENSG00000127324	TSPAN8	87	77	70	75	70	78	102
ENSG00000127325	BEST3	0	0	0	1	0	0	0
ENSG00000127328	RAB3IP	697	487	511	507	555	616	973
ENSG00000127329	PTPRB	25	30	25	27	29	29	70
ENSG00000127334	DYRK2	914	642	624	678	743	872	1300
ENSG00000127337	YEATS4	797	585	617	712	696	741	1037
ENSG00000127362	TAS2R3	0	0	0	1	0	0	3
ENSG00000127364	TAS2R4	41	55	33	30	34	33	79
ENSG00000127366	TAS2R5	14	21	15	16	18	19	26
ENSG00000127377	CRYGN	2	1	0	0	1	1	0
ENSG00000127399	LRRC61	1847	1412	1349	1509	1655	1606	2245
ENSG00000127415	IDUA	35	35	27	39	57	46	51
ENSG00000127418	FGFRL1	3561	2567	2683	2686	3240	3159	4581
ENSG00000127419	TMEM175	184	139	150	134	139	166	231
ENSG00000127423	AUNIP	261	237	213	241	271	275	374
ENSG00000127445	PIN1	1415	1245	999	1172	1333	1284	1589
ENSG00000127452	FBXL12	945	768	733	772	844	852	1260
ENSG00000127463	EMC1	4589	3472	3557	3488	3774	3975	5839
ENSG00000127481	UBR4	9453	7544	6702	5553	7375	8313	12421
ENSG00000127483	HP1BP3	6270	4968	4816	4869	5254	5881	8256
ENSG00000127507	ADGRE2	12	10	11	15	14	14	18
ENSG00000127511	SIN3B	1707	1445	1249	1271	1517	1588	2274
ENSG00000127526	SLC35E1	2221	1678	1767	1680	2039	1968	2836
ENSG00000127527	EPS15L1	1008	770	834	811	964	895	1334
ENSG00000127528	KLF2	4	3	6	2	5	0	6
ENSG00000127530	OR7C1	3	0	3	3	4	1	8
ENSG00000127533	F2RL3	2	0	0	0	1	1	4
ENSG00000127540	UQCR11	2083	1702	1436	1688	1805	1817	2430
ENSG00000127554	GFER	1271	1032	995	1065	1171	1151	1471
ENSG00000127561	SYNGR3	58	50	53	51	55	54	86
ENSG00000127564	PKMYT1	935	833	672	740	897	851	1159
ENSG00000127578	WFIKKN1	100	83	71	53	76	73	104
ENSG00000127580	WDR24	395	315	283	302	323	359	505
ENSG00000127585	FBXL16	27	27	28	30	22	64	70
ENSG00000127586	CHTF18	473	394	352	355	456	414	581
ENSG00000127588	GNG13	1	3	2	3	6	2	3
ENSG00000127603	MACF1	4686	3221	3550	2947	3679	4653	6862
ENSG00000127616	SMARCA4	7361	5802	5873	5775	6586	6977	9860
ENSG00000127663	KDM4B	1791	1402	1372	1207	1507	1586	2247
ENSG00000127666	TICAM1	326	312	258	279	307	287	437
ENSG00000127720	METTL25	98	81	74	75	100	79	124
ENSG00000127743	IL17B	13	11	9	6	11	7	11
ENSG00000127774	EMC6	1301	1133	971	1140	1221	1186	1659
ENSG00000127804	METTL16	1336	1019	1065	1136	1222	1292	1759
ENSG00000127824	TUBA4A	173	118	116	133	135	103	183
ENSG00000127831	VIL1	13403	10600	9866	10491	11520	12357	16665
ENSG00000127837	AAMP	5566	4553	4174	4782	5030	5026	6481
ENSG00000127838	PNKD	1928	1563	1487	1501	1616	1740	2409
ENSG00000127863	TNFRSF19	5149	3796	3822	4014	4411	4749	6904
ENSG00000127870	RNF6	1508	1115	1040	1196	1268	1461	2021
ENSG00000127884	ECHS1	4257	3480	3155	3634	3816	3821	4785
ENSG00000127903	ZNF835	1	1	0	1	0	0	1
ENSG00000127914	AKAP9	2368	1765	2083	2090	1890	2458	3770
ENSG00000127922	SEM1	1814	1557	1225	1514	1637	1723	2053
ENSG00000127928	GNGT1	0	0	0	0	1	0	0
ENSG00000127946	HIP1	592	399	468	447	525	532	761
ENSG00000127947	PTPN12	3801	2981	2956	3091	3184	3738	5056
ENSG00000127948	POR	9468	7357	7101	7716	8519	8745	12004
ENSG00000127951	FGL2	9	10	8	3	5	3	7
ENSG00000127952	STYXL1	408	322	304	341	374	357	602
ENSG00000127954	STEAP4	50	35	33	37	48	31	52
ENSG00000127955	GNAI1	177	136	35	121	115	119	183
ENSG00000127980	PEX1	680	456	492	511	527	539	845
ENSG00000127989	MTERF1	388	299	284	304	329	343	461
ENSG00000127990	SGCE	1140	949	829	937	970	1080	1494
ENSG00000127993	RBM48	465	405	382	363	399	463	585
ENSG00000127995	CASD1	1117	794	838	818	925	1047	1533
ENSG00000128000	ZNF780B	570	512	420	415	487	544	826
ENSG00000128011	LRFN1	27	17	26	31	37	28	31
ENSG00000128016	ZFP36	433	316	346	291	362	341	572
ENSG00000128039	SRD5A3	473	434	400	363	407	400	632
ENSG00000128050	PAICS	14340	11056	10714	11328	12003	12971	18027
ENSG00000128059	PPAT	2633	1908	2030	2107	2148	2374	3414
ENSG00000128159	TUBGCP6	1019	754	670	564	810	936	1370
ENSG00000128165	ADM2	418	354	332	465	586	637	794
ENSG00000128185	DGCR6L	576	487	431	500	473	454	637
ENSG00000128191	DGCR8	1188	865	981	954	1117	1137	1575
ENSG00000128203	ASPHD2	1	20	9	11	7	5	5
ENSG00000128218	VPREB3	2	1	0	1	0	0	0
ENSG00000128228	SDF2L1	1755	1631	1395	1543	1647	1499	1879
ENSG00000128242	GAL3ST1	202	192	180	167	191	201	264
ENSG00000128245	YWHAH	3319	2680	2573	2868	2995	3051	4087
ENSG00000128253	RFPL2	1	0	0	0	1	0	0
ENSG00000128266	GNAZ	946	721	749	765	847	869	1243
ENSG00000128268	MGAT3	7	6	5	2	3	4	12
ENSG00000128271	ADORA2A	195	171	162	153	177	179	277
ENSG00000128272	ATF4	15986	12904	11739	15221	15650	16280	23251
ENSG00000128274	A4GALT	29	18	15	14	17	16	27
ENSG00000128276	RFPL3	0	0	0	0	0	2	0
ENSG00000128283	CDC42EP1	4261	3278	3276	3594	4095	4086	5605
ENSG00000128284	APOL3	135	152	101	122	130	141	206
ENSG00000128285	MCHR1	38	25	25	19	17	38	37
ENSG00000128294	TPST2	784	583	574	690	693	756	1007
ENSG00000128298	BAIAP2L2	806	719	643	660	738	728	1168
ENSG00000128309	MPST	4904	3997	3617	3988	4278	4076	5779
ENSG00000128310	GALR3	4	7	6	5	3	2	7
ENSG00000128311	TST	926	862	718	872	879	845	1123
ENSG00000128335	APOL2	1688	1410	1317	1131	1274	1486	1953
ENSG00000128340	RAC2	16	11	15	12	13	17	26
ENSG00000128342	LIF	586	493	438	422	475	523	795
ENSG00000128346	C22orf23	9	8	15	7	25	27	26
ENSG00000128383	APOBEC3A	27	27	28	13	9	28	33
ENSG00000128394	APOBEC3F	132	88	97	90	112	110	142
ENSG00000128408	RIBC2	14	15	2	4	4	4	19
ENSG00000128422	KRT17	8	5	4	7	5	8	13
ENSG00000128463	EMC4	1699	1384	1248	1428	1538	1507	1975
ENSG00000128482	RNF112	1	0	0	1	0	4	0
ENSG00000128487	SPECC1	373	249	303	321	359	335	504
ENSG00000128510	CPA4	27	14	25	18	24	33	45
ENSG00000128512	DOCK4	1842	1236	1335	1418	1447	1710	2631
ENSG00000128513	POT1	520	316	405	321	458	377	586
ENSG00000128524	ATP6V1F	1625	1401	1151	1326	1417	1320	1818
ENSG00000128534	LSM8	1084	914	779	883	956	933	1336
ENSG00000128536	CDHR3	29	35	27	33	43	48	59
ENSG00000128563	PRKRIP1	803	711	624	655	714	755	1073
ENSG00000128564	VGF	161	120	159	155	198	163	233
ENSG00000128567	PODXL	72	48	11	60	54	58	64
ENSG00000128573	FOXP2	2	2	0	0	1	1	3
ENSG00000128578	STRIP2	421	331	302	298	405	438	604
ENSG00000128581	IFT22	90	79	69	60	76	75	121
ENSG00000128585	MKLN1	2071	1555	1536	1519	1680	1918	2977
ENSG00000128590	DNAJB9	830	635	623	634	692	732	956
ENSG00000128591	FLNC	3	1	3	1	2	3	1
ENSG00000128594	LRRC4	1	3	4	0	1	2	0
ENSG00000128595	CALU	15937	11453	12330	12196	13139	14693	20424
ENSG00000128596	CCDC136	3	6	6	1	4	3	3
ENSG00000128602	SMO	2035	1767	1562	1526	1780	1725	2552
ENSG00000128604	IRF5	138	130	113	150	118	110	152
ENSG00000128606	LRRC17	4	4	1	2	3	3	10
ENSG00000128607	KLHDC10	1380	1052	1071	1135	1166	1282	1873
ENSG00000128609	NDUFA5	1420	1205	1125	1384	1323	1407	1818
ENSG00000128610	FEZF1	0	0	1	0	0	0	0
ENSG00000128617	OPN1SW	0	2	1	0	1	1	4
ENSG00000128626	MRPS12	1414	1219	1006	1165	1257	1261	1659
ENSG00000128641	MYO1B	5996	4365	4454	4567	4881	5547	7892
ENSG00000128645	HOXD1	1694	1410	1352	1460	1572	1662	2280
ENSG00000128652	HOXD3	8	10	11	5	10	8	14
ENSG00000128654	MTX2	1287	1035	970	1129	1207	1211	1691
ENSG00000128655	PDE11A	166	133	125	143	130	164	229
ENSG00000128656	CHN1	214	198	185	206	199	210	344
ENSG00000128683	GAD1	0	4	9	3	0	3	2
ENSG00000128694	OSGEPL1	228	176	180	170	192	211	276
ENSG00000128699	ORMDL1	1778	1569	1289	1415	1467	1614	2448
ENSG00000128708	HAT1	2317	1761	1810	1991	1980	2100	2861
ENSG00000128709	HOXD9	0	0	0	0	0	0	2
ENSG00000128713	HOXD11	1	0	0	0	0	0	0
ENSG00000128714	HOXD13	0	0	1	0	0	0	0
ENSG00000128731	HERC2	1735	1198	1406	1113	1443	1624	2551
ENSG00000128739	SNRPN	3801	3016	2720	3303	3434	3352	4624
ENSG00000128789	PSMG2	1233	956	905	1098	986	1059	1589
ENSG00000128791	TWSG1	682	515	568	575	566	623	864
ENSG00000128805	ARHGAP22	2	0	3	4	2	3	1
ENSG00000128829	EIF2AK4	2986	2142	2244	2163	2490	2552	3695
ENSG00000128833	MYO5C	2128	1580	1700	1579	1779	2151	3069
ENSG00000128849	CGNL1	1377	1061	1038	990	1225	1357	1954
ENSG00000128872	TMOD2	8	7	9	5	4	8	14
ENSG00000128881	TTBK2	456	465	429	347	415	473	666
ENSG00000128886	ELL3	148	78	78	101	138	96	166
ENSG00000128891	CCDC32	342	251	253	301	326	325	417
ENSG00000128908	INO80	1290	962	1002	987	1195	1250	2034
ENSG00000128915	ICE2	1009	683	727	897	802	826	1378
ENSG00000128917	DLL4	28	18	8	16	19	7	18
ENSG00000128918	ALDH1A2	1	0	0	0	0	0	1
ENSG00000128923	MINDY2	1672	1207	1266	1241	1267	1435	2039
ENSG00000128928	IVD	3535	2972	2817	2960	3303	3316	4460
ENSG00000128944	KNSTRN	1056	847	744	776	885	952	1342
ENSG00000128951	DUT	2144	1670	1628	1824	1937	1800	2451
ENSG00000128965	CHAC1	4	2	4	12	10	5	18
ENSG00000128973	CLN6	1444	1237	1045	1235	1237	1257	1781
ENSG00000128989	ARPP19	5414	3867	4089	4144	4467	4844	6961
ENSG00000129003	VPS13C	1876	1289	1429	1214	1410	1872	2845
ENSG00000129007	CALML4	70	81	53	78	62	104	104
ENSG00000129009	ISLR	2	0	0	0	0	0	0
ENSG00000129028	THAP10	57	47	36	54	45	39	90
ENSG00000129038	LOXL1	13	11	8	11	9	7	9
ENSG00000129048	ACKR4	3	3	3	3	6	4	4
ENSG00000129055	ANAPC13	1653	1251	1149	1285	1330	1428	1959
ENSG00000129071	MBD4	886	725	635	670	731	811	1156
ENSG00000129083	COPB1	8249	5889	5764	6283	6688	6953	10072
ENSG00000129084	PSMA1	4174	3393	2899	3469	3480	3477	4984
ENSG00000129103	SUMF2	2008	1661	1527	1655	1792	1868	2658
ENSG00000129116	PALLD	275	183	331	318	345	343	446
ENSG00000129128	SPCS3	4118	3135	3031	3294	3425	3681	5117
ENSG00000129151	BBOX1	0	0	0	0	0	1	0
ENSG00000129158	SERGEF	664	530	493	516	535	523	734
ENSG00000129159	KCNC1	5	4	3	6	6	2	7
ENSG00000129167	TPH1	41	44	39	34	44	34	58
ENSG00000129170	CSRP3	0	0	0	0	0	0	1
ENSG00000129173	E2F8	469	307	329	336	360	353	565
ENSG00000129187	DCTD	3238	2480	2374	2622	2704	2842	3749
ENSG00000129194	SOX15	23	10	13	19	16	23	19
ENSG00000129195	PIMREG	653	482	506	589	594	611	814
ENSG00000129197	RPAIN	451	387	259	399	432	400	557
ENSG00000129204	USP6	30	39	26	16	27	12	52
ENSG00000129214	SHBG	104	67	69	83	93	73	92
ENSG00000129219	PLD2	787	667	608	638	693	767	1094
ENSG00000129221	AIPL1	3	10	0	6	9	7	5
ENSG00000129226	CD68	1149	829	847	917	999	1048	1482
ENSG00000129235	TXNDC17	489	373	329	386	372	339	445
ENSG00000129244	ATP1B2	3	1	5	3	3	2	4
ENSG00000129245	FXR2	1309	1039	957	986	1131	1254	1708
ENSG00000129250	KIF1C	10414	8163	8048	8265	9288	9716	13049
ENSG00000129255	MPDU1	1766	1460	1318	1537	1570	1587	2130
ENSG00000129292	PHF20L1	707	551	612	658	619	768	1102
ENSG00000129295	DNAAF11	2	2	4	3	2	0	1
ENSG00000129315	CCNT1	1651	1145	1225	1168	1292	1478	2206
ENSG00000129317	PUS7L	1637	1213	1199	1136	1332	1481	2028
ENSG00000129347	KRI1	1018	878	752	826	929	957	1299
ENSG00000129351	ILF3	17437	13703	13654	14155	15742	16525	22905
ENSG00000129353	SLC44A2	145	78	93	85	84	100	157
ENSG00000129354	AP1M2	909	912	650	672	724	797	1019
ENSG00000129355	CDKN2D	168	153	139	119	149	174	226
ENSG00000129422	MTUS1	5095	3672	3942	3969	4238	4804	7092
ENSG00000129437	KLK14	0	0	1	2	0	0	2
ENSG00000129450	SIGLEC9	0	0	0	0	0	0	1
ENSG00000129460	NGDN	2493	1951	1790	2171	2243	2273	2971
ENSG00000129472	RAB2B	1127	1025	920	915	1079	1097	1528
ENSG00000129473	BCL2L2	3576	2830	2586	2681	2990	3380	4721
ENSG00000129474	AJUBA	7883	6195	5848	6353	7176	7452	10003
ENSG00000129480	DTD2	1239	946	907	970	1062	1060	1538
ENSG00000129484	PARP2	1781	1424	1295	1449	1486	1546	2251
ENSG00000129493	HEATR5A	3327	2261	2449	2408	2630	3008	4375
ENSG00000129514	FOXA1	4004	3019	3086	3302	3351	3577	5260
ENSG00000129515	SNX6	6155	4515	4588	5131	5236	5536	7748
ENSG00000129518	EAPP	1664	1411	1229	1465	1478	1588	2168
ENSG00000129521	EGLN3	88	47	43	45	40	56	84
ENSG00000129534	MIS18BP1	1297	984	1021	984	1043	1156	1828
ENSG00000129535	NRL	134	129	111	112	151	131	155
ENSG00000129559	NEDD8	6343	5434	4394	5244	5585	5563	7349
ENSG00000129562	DAD1	6149	4884	4330	4926	5293	5363	6992
ENSG00000129566	TEP1	1044	887	801	680	934	972	1436
ENSG00000129595	EPB41L4A	3	0	6	1	6	10	3
ENSG00000129596	CDO1	60	54	50	58	66	63	83
ENSG00000129625	REEP5	2532	1945	1856	2215	2280	2271	3228
ENSG00000129636	ITFG1	2659	1952	1780	1999	2236	2428	3406
ENSG00000129646	QRICH2	227	149	194	157	162	160	300
ENSG00000129654	FOXJ1	117	110	91	71	124	84	155
ENSG00000129657	SEC14L1	5864	4594	4681	4424	4997	5348	7843
ENSG00000129667	RHBDF2	1076	760	798	869	945	922	1436
ENSG00000129673	AANAT	0	1	3	1	1	2	0
ENSG00000129680	MAP7D3	15	14	13	5	7	11	14
ENSG00000129682	FGF13	137	102	91	97	110	107	187
ENSG00000129691	ASH2L	2552	1941	1927	2039	2141	2148	3178
ENSG00000129696	TTI2	326	272	267	271	339	309	412
ENSG00000129749	CHRNA10	12	10	3	7	8	5	8
ENSG00000129757	CDKN1C	0	0	0	0	0	0	1
ENSG00000129810	SGO1	525	397	389	435	451	505	616
ENSG00000129824	RPS4Y1	5876	4570	4066	4876	4721	5113	6773
ENSG00000129910	CDH15	125	127	96	129	130	126	171
ENSG00000129911	KLF16	1677	1558	1284	1506	1616	1589	2225
ENSG00000129925	PGAP6	4224	3524	3291	3605	4036	3802	5309
ENSG00000129932	DOHH	1230	1049	897	1020	1165	1054	1462
ENSG00000129933	MAU2	1745	1349	1284	1287	1531	1680	2118
ENSG00000129946	SHC2	181	161	164	188	175	169	261
ENSG00000129951	PLPPR3	7	4	6	5	8	4	10
ENSG00000129968	ABHD17A	1652	1508	1327	1483	1632	1642	2122
ENSG00000129988	LBP	2	3	1	0	2	4	1
ENSG00000129990	SYT5	10	6	8	2	16	12	25
ENSG00000129991	TNNI3	1	0	1	6	0	6	4
ENSG00000129993	CBFA2T3	7	9	1	5	6	3	16
ENSG00000130005	GAMT	2863	2470	2315	2582	2701	2624	3511
ENSG00000130021	PUDP	805	595	626	666	765	750	1040
ENSG00000130023	ERMARD	158	158	153	156	157	181	244
ENSG00000130024	PHF10	5473	4499	4445	4427	4888	5226	7380
ENSG00000130032	PRRG3	0	1	0	0	0	0	0
ENSG00000130035	GALNT8	0	0	1	0	0	0	2
ENSG00000130038	CRACR2A	3	1	0	2	3	0	0
ENSG00000130045	NXNL2	1	0	0	1	0	0	0
ENSG00000130052	STARD8	11	3	7	4	4	2	14
ENSG00000130054	NALF2	737	584	540	578	679	690	936
ENSG00000130055	GDPD2	0	0	0	0	1	0	1
ENSG00000130066	SAT1	5080	4104	3728	4127	4284	4362	5950
ENSG00000130119	GNL3L	2138	1616	1533	1816	1861	1864	2807
ENSG00000130147	SH3BP4	5828	4262	4351	4392	4965	5516	7721
ENSG00000130150	MOSPD2	405	303	278	340	364	355	509
ENSG00000130158	DOCK6	1536	1173	1111	1056	1300	1411	1986
ENSG00000130159	ECSIT	1304	1110	965	1198	1225	1192	1634
ENSG00000130164	LDLR	6801	5028	5231	5212	5617	6315	8620
ENSG00000130165	ELOF1	1399	1133	1134	1207	1193	1274	1819
ENSG00000130173	ANGPTL8	446	381	382	471	477	535	702
ENSG00000130175	PRKCSH	10084	8356	7439	8238	8965	8898	12195
ENSG00000130176	CNN1	23	16	8	6	10	21	15
ENSG00000130177	CDC16	1250	1029	921	1022	1106	1099	1681
ENSG00000130182	ZSCAN10	3	2	0	3	2	1	4
ENSG00000130193	THEM6	1626	1295	1266	1375	1443	1419	1947
ENSG00000130202	NECTIN2	5764	4889	4576	4705	5278	5399	7069
ENSG00000130203	APOE	32909	29088	25908	28826	30576	29464	40153
ENSG00000130204	TOMM40	6635	5412	4936	5242	5771	5851	7889
ENSG00000130208	APOC1	3218	2755	2281	2735	2854	2935	3821
ENSG00000130222	GADD45G	0	2	0	1	1	1	1
ENSG00000130226	DPP6	11	16	19	14	26	12	26
ENSG00000130227	XPO7	3752	2787	2813	2784	3112	3644	5166
ENSG00000130234	ACE2	23	8	20	14	33	21	27
ENSG00000130244	FAM98C	273	195	169	220	246	225	241
ENSG00000130254	SAFB2	3188	2659	2564	2675	2913	2943	3969
ENSG00000130255	RPL36	4871	4541	3521	4402	4447	4622	6416
ENSG00000130270	ATP8B3	66	58	83	80	19	101	123
ENSG00000130283	GDF1	164	120	144	90	150	132	182
ENSG00000130287	NCAN	0	1	1	0	2	1	5
ENSG00000130294	KIF1A	0	0	2	0	3	0	0
ENSG00000130299	GTPBP3	1577	1422	1223	1357	1450	1433	1943
ENSG00000130300	PLVAP	0	0	1	0	0	0	2
ENSG00000130303	BST2	2392	2029	1844	2055	2220	2229	2971
ENSG00000130304	SLC27A1	343	301	297	249	341	319	479
ENSG00000130305	NSUN5	1169	881	836	1041	1093	1103	1389
ENSG00000130307	USHBP1	14	23	6	17	17	3	17
ENSG00000130309	COLGALT1	6913	5143	5507	5403	6155	6245	8597
ENSG00000130311	DDA1	1068	926	867	940	991	1012	1441
ENSG00000130312	MRPL34	1608	1372	1193	1365	1609	1428	2039
ENSG00000130313	PGLS	997	796	766	907	899	893	1236
ENSG00000130332	LSM7	1607	1394	1200	1358	1459	1436	1787
ENSG00000130338	TULP4	1593	1212	1088	1135	1281	1430	2189
ENSG00000130340	SNX9	2102	1628	1434	1587	1693	1893	2433
ENSG00000130347	RTN4IP1	400	304	301	350	353	416	457
ENSG00000130348	QRSL1	1035	776	741	800	875	958	1362
ENSG00000130349	MTRES1	171	128	118	137	141	142	197
ENSG00000130363	RSPH3	329	281	288	272	310	348	484
ENSG00000130368	MAS1	18	26	24	22	34	31	30
ENSG00000130377	ACSBG2	0	1	0	0	0	2	0
ENSG00000130382	MLLT1	3652	2901	2832	2942	3219	3411	4928
ENSG00000130383	FUT5	0	1	0	0	3	0	3
ENSG00000130396	AFDN	8954	6417	6831	6379	7156	8517	11911
ENSG00000130402	ACTN4	20664	16446	15672	17344	18367	19087	26801
ENSG00000130413	STK33	166	120	161	170	184	198	228
ENSG00000130414	NDUFA10	2786	2249	2145	2308	2334	2573	3742
ENSG00000130427	EPO	202	213	200	167	170	207	278
ENSG00000130429	ARPC1B	3083	2761	2462	2853	2966	2808	3716
ENSG00000130433	CACNG6	0	0	0	0	1	1	3
ENSG00000130449	ZSWIM6	176	139	113	117	128	148	251
ENSG00000130475	FCHO1	331	312	271	278	200	312	404
ENSG00000130477	UNC13A	36	31	32	16	33	26	43
ENSG00000130479	MAP1S	1132	909	943	868	1023	1004	1468
ENSG00000130487	KLHDC7B	8	9	2	1	6	3	3
ENSG00000130508	PXDN	0	0	0	0	0	0	1
ENSG00000130511	SSBP4	1988	1654	1499	1534	1736	1724	2500
ENSG00000130513	GDF15	14689	12317	11116	12261	13436	13060	18625
ENSG00000130517	PGPEP1	3495	3028	2957	3025	3231	3485	4707
ENSG00000130518	IQCN	13	5	16	8	10	15	18
ENSG00000130520	LSM4	2768	2456	2257	2444	2741	2519	3454
ENSG00000130522	JUND	4472	3693	3669	3743	3902	3783	5268
ENSG00000130528	HRC	139	99	102	95	112	93	194
ENSG00000130529	TRPM4	141	94	101	127	127	126	175
ENSG00000130544	ZNF557	192	156	123	152	176	176	227
ENSG00000130545	CRB3	452	384	387	376	407	458	621
ENSG00000130559	CAMSAP1	1494	1030	1155	1081	1336	1470	2002
ENSG00000130560	UBAC1	1133	918	878	979	943	1034	1331
ENSG00000130584	ZBTB46	209	201	173	192	199	215	310
ENSG00000130589	HELZ2	1347	1062	979	949	1101	1223	1779
ENSG00000130590	SAMD10	613	532	486	493	567	568	740
ENSG00000130592	LSP1	60	37	52	39	37	46	46
ENSG00000130598	TNNI2	284	296	225	207	188	250	303
ENSG00000130635	COL5A1	6	4	7	4	4	6	9
ENSG00000130638	ATXN10	2732	2109	2129	2279	2364	2424	3501
ENSG00000130640	TUBGCP2	1711	1345	1158	1331	1459	1524	2066
ENSG00000130643	CALY	2	2	6	0	4	1	7
ENSG00000130649	CYP2E1	0	2	3	4	6	5	9
ENSG00000130653	PNPLA7	49	46	39	46	54	71	80
ENSG00000130656	HBZ	1	0	0	0	0	3	1
ENSG00000130669	PAK4	2822	2275	2151	2236	2436	2495	3311
ENSG00000130675	MNX1	307	281	247	264	277	278	415
ENSG00000130684	ZNF337	832	776	674	679	737	794	1064
ENSG00000130695	CEP85	1146	804	926	894	1083	1086	1562
ENSG00000130699	TAF4	1614	1074	1243	1227	1299	1459	2152
ENSG00000130700	GATA5	8	7	11	12	12	10	11
ENSG00000130701	RBBP8NL	47	35	20	33	37	35	56
ENSG00000130702	LAMA5	20200	15404	14974	13106	16595	18558	26760
ENSG00000130703	OSBPL2	2165	1579	1654	1815	1838	1986	2559
ENSG00000130706	ADRM1	6764	5420	4858	5612	5952	5798	8411
ENSG00000130707	ASS1	2451	2057	1931	2340	2613	2472	3311
ENSG00000130711	PRDM12	24	19	16	13	17	31	11
ENSG00000130713	EXOSC2	604	471	384	529	630	574	837
ENSG00000130714	POMT1	508	344	397	451	379	446	516
ENSG00000130717	UCK1	676	560	474	539	612	541	782
ENSG00000130720	FIBCD1	29	29	16	28	26	21	43
ENSG00000130724	CHMP2A	846	757	604	706	749	732	982
ENSG00000130725	UBE2M	2433	2229	2032	2126	2389	2182	2761
ENSG00000130726	TRIM28	15101	12469	11691	12719	14187	12495	16199
ENSG00000130731	METTL26	789	695	631	764	810	755	1009
ENSG00000130733	YIPF2	1449	1181	1140	1242	1243	1323	1737
ENSG00000130734	ATG4D	562	481	456	375	494	433	730
ENSG00000130741	EIF2S3	8694	6812	6926	7505	7927	8705	12091
ENSG00000130748	TMEM160	447	422	342	439	432	417	556
ENSG00000130749	ZC3H4	1589	1281	1240	1171	1396	1515	2010
ENSG00000130751	NPAS1	103	77	82	69	79	76	109
ENSG00000130755	GMFG	8	5	6	6	2	8	2
ENSG00000130758	MAP3K10	440	314	306	303	379	377	477
ENSG00000130762	ARHGEF16	1148	928	916	1006	1084	1115	1614
ENSG00000130764	LRRC47	2655	2055	1963	2084	2398	2423	3222
ENSG00000130766	SESN2	1098	793	783	978	1152	1090	1456
ENSG00000130768	SMPDL3B	43	36	39	38	56	52	86
ENSG00000130770	ATP5IF1	2475	2093	1735	2055	2202	2251	3013
ENSG00000130772	MED18	606	456	467	504	588	535	697
ENSG00000130775	THEMIS2	22	23	24	15	30	28	65
ENSG00000130779	CLIP1	2240	1647	1746	1736	1961	2169	3205
ENSG00000130783	CCDC62	9	2	2	0	4	7	0
ENSG00000130787	HIP1R	1269	1057	925	1107	1186	1204	1663
ENSG00000130803	ZNF317	1032	762	749	739	852	1036	1377
ENSG00000130810	PPAN	1468	1145	1088	1141	1284	1389	1751
ENSG00000130811	EIF3G	4387	3516	3172	3542	3822	3974	5031
ENSG00000130812	ANGPTL6	15	16	12	8	16	20	17
ENSG00000130813	SHFL	661	467	464	520	588	642	769
ENSG00000130816	DNMT1	3805	2728	2823	2971	3347	3416	4985
ENSG00000130818	ZNF426	698	568	542	523	590	635	868
ENSG00000130821	SLC6A8	4907	4052	3757	3346	3740	4130	5732
ENSG00000130822	PNCK	21	8	8	10	24	26	17
ENSG00000130826	DKC1	4802	3744	3751	4218	4159	4480	6033
ENSG00000130827	PLXNA3	1570	1426	1251	986	1202	1341	2034
ENSG00000130829	DUSP9	20343	17455	16321	17231	19401	18909	24450
ENSG00000130830	MPP1	326	224	221	267	305	290	340
ENSG00000130844	ZNF331	596	542	506	415	464	587	822
ENSG00000130856	ZNF236	472	345	313	263	355	330	512
ENSG00000130876	SLC7A10	98	45	72	88	81	94	111
ENSG00000130881	LRP3	3274	2712	2561	2622	2893	2858	3991
ENSG00000130921	MTRFR	838	700	630	713	774	802	1031
ENSG00000130935	NOL11	2794	2183	2247	2466	2367	2613	3413
ENSG00000130939	UBE4B	3468	2526	2706	2733	2794	3233	4429
ENSG00000130940	CASZ1	274	204	221	264	249	276	407
ENSG00000130943	PKDREJ	21	22	18	23	19	17	47
ENSG00000130948	HSD17B3	0	2	0	1	0	3	0
ENSG00000130950	NUTM2F	4	2	1	1	0	4	1
ENSG00000130956	HABP4	1845	1453	1376	1418	1529	1589	2104
ENSG00000130957	FBP2	3	4	5	5	3	3	10
ENSG00000130958	SLC35D2	3528	2961	2722	2969	3080	3288	4496
ENSG00000130962	PRRG1	471	307	351	374	384	400	629
ENSG00000130985	UBA1	12017	9102	9001	9312	10546	10793	15150
ENSG00000130988	RGN	971	703	685	800	874	863	1153
ENSG00000130997	POLN	0	6	2	0	3	2	0
ENSG00000131013	PPIL4	1815	1422	1425	1516	1526	1713	2390
ENSG00000131016	AKAP12	4480	3015	3375	3213	3716	4384	6007
ENSG00000131018	SYNE1	201	149	202	222	195	140	230
ENSG00000131019	ULBP3	67	32	39	45	52	52	84
ENSG00000131023	LATS1	1623	1170	1160	1256	1376	1545	2244
ENSG00000131037	EPS8L1	160	112	126	114	143	135	181
ENSG00000131042	LILRB2	0	0	0	0	0	0	1
ENSG00000131043	AAR2	1997	1506	1394	1604	1854	1822	2593
ENSG00000131044	TTLL9	2	7	2	1	4	0	1
ENSG00000131051	RBM39	5165	4320	3930	4480	4752	4700	6827
ENSG00000131055	COX4I2	0	0	0	0	0	0	1
ENSG00000131061	ZNF341	136	86	114	105	136	175	196
ENSG00000131067	GGT7	1215	1036	866	908	1012	1088	1481
ENSG00000131069	ACSS2	1966	1632	1578	1353	1395	1569	2179
ENSG00000131080	EDA2R	650	453	464	438	550	558	805
ENSG00000131089	ARHGEF9	16	8	11	4	12	13	7
ENSG00000131094	C1QL1	4	1	1	2	1	4	8
ENSG00000131095	GFAP	1	1	1	1	0	1	0
ENSG00000131096	PYY	0	0	0	2	1	0	1
ENSG00000131097	HIGD1B	2	1	0	1	0	2	3
ENSG00000131100	ATP6V1E1	2776	2200	2034	2285	2421	2366	3450
ENSG00000131115	ZNF227	327	265	266	249	298	310	458
ENSG00000131116	ZNF428	929	815	690	924	884	905	1166
ENSG00000131127	ZNF141	73	60	66	47	48	57	101
ENSG00000131143	COX4I1	7662	6916	5813	6940	7142	7404	9058
ENSG00000131148	EMC8	2006	1611	1452	1665	1679	1727	2397
ENSG00000131149	GSE1	4446	3266	3397	3353	3692	4438	5825
ENSG00000131152	NA	24	22	16	40	16	20	17
ENSG00000131153	GINS2	1476	1256	1037	1147	1250	1235	1666
ENSG00000131165	CHMP1A	4663	3588	3395	3626	4080	3988	5475
ENSG00000131171	SH3BGRL	514	347	361	404	404	403	629
ENSG00000131174	COX7B	1482	1261	965	1154	1318	1265	1671
ENSG00000131183	SLC34A1	2	0	2	0	0	2	0
ENSG00000131187	F12	18	8	25	42	62	28	50
ENSG00000131188	PRR7	522	430	405	454	471	417	690
ENSG00000131196	NFATC1	8	5	6	7	6	6	12
ENSG00000131203	IDO1	32	37	30	31	39	40	67
ENSG00000131233	GJA9	6	0	7	0	0	5	4
ENSG00000131236	CAP1	9793	7456	7266	7893	8665	8930	12424
ENSG00000131238	PPT1	6622	5004	4881	5002	5675	5770	8297
ENSG00000131242	RAB11FIP4	4260	3240	3180	3249	3521	3898	5240
ENSG00000131263	RLIM	1543	1126	1155	1077	1332	1434	2122
ENSG00000131269	ABCB7	920	719	740	733	758	912	1168
ENSG00000131323	TRAF3	1160	883	912	952	1087	1094	1537
ENSG00000131351	HAUS8	368	303	275	271	313	296	450
ENSG00000131368	MRPS25	800	705	533	490	711	681	1174
ENSG00000131370	SH3BP5	0	3	7	2	1	15	22
ENSG00000131373	HACL1	561	462	434	465	476	552	723
ENSG00000131374	TBC1D5	2005	1537	1615	1523	1703	1948	2735
ENSG00000131375	CAPN7	1640	1322	1266	1311	1424	1550	2185
ENSG00000131378	RFTN1	6	4	2	4	2	8	8
ENSG00000131379	C3orf20	1	0	0	1	0	1	0
ENSG00000131381	RBSN	955	683	753	774	826	900	1293
ENSG00000131386	GALNT15	10	10	9	5	6	14	10
ENSG00000131389	SLC6A6	1866	1756	1533	1488	1481	1558	1692
ENSG00000131398	KCNC3	309	230	207	193	257	276	417
ENSG00000131400	NAPSA	0	0	1	0	0	0	0
ENSG00000131408	NR1H2	993	773	705	822	811	866	1176
ENSG00000131435	PDLIM4	38	46	41	46	49	50	58
ENSG00000131437	KIF3A	625	474	461	548	561	592	813
ENSG00000131446	MGAT1	4239	3230	3043	3490	3807	3643	5071
ENSG00000131459	GFPT2	17	13	11	15	15	16	16
ENSG00000131462	TUBG1	4852	4112	3590	4126	4488	4443	5836
ENSG00000131467	PSME3	8352	6118	6084	6702	7429	7450	10278
ENSG00000131469	RPL27	20099	18591	13367	17898	19076	18421	22932
ENSG00000131470	PSMC3IP	443	378	343	387	383	422	617
ENSG00000131471	AOC3	756	692	584	619	662	719	892
ENSG00000131473	ACLY	15242	11479	11568	11567	12787	14145	19151
ENSG00000131475	VPS25	2728	2114	1931	2213	2355	2442	3315
ENSG00000131477	RAMP2	28	19	22	24	19	23	35
ENSG00000131480	AOC2	99	81	63	78	65	90	102
ENSG00000131482	G6PC1	235	180	171	125	166	200	292
ENSG00000131495	NDUFA2	1185	1136	880	1100	1108	1056	1349
ENSG00000131503	ANKHD1	4537	3446	3445	3667	3910	4433	6200
ENSG00000131504	DIAPH1	7512	5339	5608	5619	6291	6843	9355
ENSG00000131507	NDFIP1	2039	1481	1496	1594	1720	1819	2536
ENSG00000131508	UBE2D2	3636	3016	2695	3045	3382	3503	4706
ENSG00000131558	EXOC4	1432	1051	1076	1092	1279	1416	1890
ENSG00000131584	ACAP3	2501	2049	1914	2039	2266	2274	3193
ENSG00000131591	C1orf159	305	192	201	191	255	192	292
ENSG00000131626	PPFIA1	2267	1697	1839	1877	2068	2132	3147
ENSG00000131634	TMEM204	1	0	1	1	2	2	4
ENSG00000131650	KREMEN2	118	88	88	107	115	110	138
ENSG00000131652	THOC6	1009	920	764	911	933	907	1170
ENSG00000131653	TRAF7	5111	4016	3732	3995	4433	4562	6291
ENSG00000131668	BARX1	1	0	0	0	0	0	0
ENSG00000131669	NINJ1	3081	2412	2330	2477	2701	2637	3772
ENSG00000131686	CA6	1	1	0	0	1	0	2
ENSG00000131697	NPHP4	699	485	533	564	589	619	863
ENSG00000131711	MAP1B	1273	998	976	952	1021	1173	1758
ENSG00000131721	RHOXF2	0	0	0	0	0	0	1
ENSG00000131724	IL13RA1	4966	3604	3889	3885	4301	4821	6677
ENSG00000131725	WDR44	303	218	251	235	263	277	429
ENSG00000131730	CKMT2	32	19	22	35	31	38	34
ENSG00000131732	ZCCHC9	1246	1081	970	1171	1170	1243	1680
ENSG00000131746	TNS4	1081	787	837	869	968	1165	1563
ENSG00000131747	TOP2A	18659	13192	14375	14608	15408	17082	24018
ENSG00000131748	STARD3	1480	1060	975	1164	1418	1274	1550
ENSG00000131759	RARA	968	786	774	833	922	1016	1289
ENSG00000131773	KHDRBS3	584	523	478	554	569	591	673
ENSG00000131778	CHD1L	3894	3350	2871	3297	3461	3646	5305
ENSG00000131779	PEX11B	790	627	582	737	759	711	980
ENSG00000131781	FMO5	1684	1316	1321	1338	1362	1616	2268
ENSG00000131788	PIAS3	569	393	491	437	503	544	729
ENSG00000131791	PRKAB2	4597	3529	3479	3312	3838	4259	6116
ENSG00000131828	PDHA1	2455	1932	1932	2063	2047	2040	2959
ENSG00000131831	RAI2	1	1	0	0	0	3	2
ENSG00000131844	MCCC2	6322	4542	4891	4832	5129	5622	7978
ENSG00000131845	ZNF304	344	290	266	251	308	293	452
ENSG00000131848	ZSCAN5A	361	307	301	290	324	329	450
ENSG00000131849	ZNF132	5	0	0	5	0	5	7
ENSG00000131864	USP29	0	0	0	1	0	0	0
ENSG00000131871	SELENOS	1286	1073	1058	1162	1186	1215	1581
ENSG00000131873	CHSY1	1149	933	1020	1029	1045	1126	1674
ENSG00000131876	SNRPA1	2069	1645	1425	1616	1806	1908	2579
ENSG00000131899	LLGL1	1691	1294	1315	1285	1560	1486	2228
ENSG00000131910	NR0B2	3954	3310	2986	3246	3549	3452	5150
ENSG00000131914	LIN28A	2	1	1	3	4	4	4
ENSG00000131931	THAP1	379	255	239	277	281	297	479
ENSG00000131941	RHPN2	1801	1292	1344	1484	1518	1707	2312
ENSG00000131943	C19orf12	1067	825	740	791	858	966	1152
ENSG00000131944	FAAP24	162	121	98	166	147	162	208
ENSG00000131951	LRRC9	1	1	4	1	0	3	2
ENSG00000131966	ACTR10	438	323	341	303	373	416	504
ENSG00000131979	GCH1	961	815	736	808	886	901	1265
ENSG00000131981	LGALS3	980	852	759	805	841	960	1176
ENSG00000132000	PODNL1	2	9	4	3	2	4	9
ENSG00000132002	DNAJB1	6562	5158	4857	5430	6028	6078	8353
ENSG00000132003	ZSWIM4	86	68	82	82	76	75	90
ENSG00000132004	FBXW9	278	232	217	231	251	223	324
ENSG00000132005	RFX1	741	541	515	530	627	618	939
ENSG00000132010	ZNF20	109	100	102	88	81	93	147
ENSG00000132016	BRME1	18	8	6	15	11	15	21
ENSG00000132017	DCAF15	1019	772	669	827	841	822	1227
ENSG00000132024	CC2D1A	1120	924	873	909	1007	1054	1410
ENSG00000132026	RTBDN	13	11	15	8	4	9	11
ENSG00000132031	MATN3	4243	3141	3432	3314	3335	3896	5503
ENSG00000132109	TRIM21	172	134	126	142	168	163	194
ENSG00000132122	SPATA6	95	57	54	57	66	73	132
ENSG00000132128	LRRC41	2837	1970	2109	2332	2414	2406	3571
ENSG00000132141	CCT6B	10	13	8	12	15	13	10
ENSG00000132153	DHX30	3986	3151	2839	3084	3534	3590	5021
ENSG00000132155	RAF1	2198	1574	1529	1607	1858	1743	2839
ENSG00000132164	SLC6A11	1973	1556	1512	1723	1913	1965	2664
ENSG00000132170	PPARG	642	503	533	506	526	589	814
ENSG00000132182	NUP210	4929	3474	3750	3726	4682	4793	6886
ENSG00000132196	HSD17B7	1113	849	768	784	785	903	1178
ENSG00000132199	ENOSF1	461	468	304	360	445	452	715
ENSG00000132205	EMILIN2	40	50	24	51	50	56	74
ENSG00000132254	ARFIP2	1496	1225	1114	1216	1293	1330	1751
ENSG00000132256	TRIM5	666	539	522	560	507	564	799
ENSG00000132259	CNGA4	1	0	0	2	0	0	0
ENSG00000132274	TRIM22	25	24	19	18	11	23	66
ENSG00000132275	RRP8	307	245	235	254	283	294	413
ENSG00000132286	TIMM10B	1227	916	901	1004	1053	1066	1641
ENSG00000132294	EFR3A	2044	1418	1517	1482	1718	1866	2652
ENSG00000132300	PTCD3	4523	3433	3452	3634	3695	3949	5662
ENSG00000132305	IMMT	6278	4539	4667	4977	5061	5624	8049
ENSG00000132313	MRPL35	2005	1560	1515	1704	1791	1917	2597
ENSG00000132323	ILKAP	1013	759	750	903	851	922	1160
ENSG00000132326	PER2	866	717	692	660	792	868	1242
ENSG00000132329	RAMP1	9	2	9	8	8	8	8
ENSG00000132330	SCLY	1526	1147	1138	1278	1313	1339	1852
ENSG00000132334	PTPRE	0	1	0	0	3	0	2
ENSG00000132341	RAN	16227	12828	11431	13395	14158	14558	19589
ENSG00000132356	PRKAA1	2286	1830	1794	1812	1964	2294	3182
ENSG00000132357	CARD6	38	20	34	26	24	37	45
ENSG00000132359	RAP1GAP2	1202	968	919	1030	1113	1173	1680
ENSG00000132361	CLUH	9869	7777	7383	7463	8809	8882	12170
ENSG00000132376	INPP5K	262	192	195	208	242	244	294
ENSG00000132382	MYBBP1A	4890	3853	3658	3614	4309	4472	6110
ENSG00000132383	RPA1	3491	2645	2531	2785	3017	3206	4345
ENSG00000132386	SERPINF1	15286	12015	11648	12865	13750	14142	20040
ENSG00000132388	UBE2G1	2945	2135	2188	2361	2601	2684	3912
ENSG00000132394	EEFSEC	952	781	750	749	887	850	1224
ENSG00000132405	TBC1D14	3373	2507	2470	2496	2870	3071	4208
ENSG00000132406	TMEM128	432	335	295	353	381	380	559
ENSG00000132423	COQ3	241	177	167	219	195	190	259
ENSG00000132424	PNISR	2123	2016	1799	1839	1991	1944	2794
ENSG00000132429	POPDC3	3	2	0	0	1	2	1
ENSG00000132432	SEC61G	2088	1695	1461	1710	1676	1902	2572
ENSG00000132434	LANCL2	556	415	410	419	425	426	639
ENSG00000132436	FIGNL1	435	361	360	394	402	474	710
ENSG00000132437	DDC	1149	901	841	969	953	1010	1404
ENSG00000132446	FTHL17	0	1	0	0	0	0	0
ENSG00000132463	GRSF1	2717	1903	2051	2217	2185	2337	3278
ENSG00000132464	ENAM	0	0	0	0	2	0	0
ENSG00000132466	ANKRD17	6451	4774	5086	4706	5309	6165	8675
ENSG00000132467	UTP3	1415	1016	996	1223	1250	1413	1798
ENSG00000132470	ITGB4	637	509	451	519	572	598	814
ENSG00000132471	WBP2	4088	3442	3078	3342	3798	3850	5052
ENSG00000132475	H3-3B	16303	13566	12182	14295	15064	15203	19531
ENSG00000132478	UNK	1152	858	774	793	902	1005	1400
ENSG00000132481	TRIM47	1907	1407	1313	1515	1582	1591	2334
ENSG00000132485	ZRANB2	2640	2078	2054	2214	2275	2453	3351
ENSG00000132507	EIF5A	28227	24067	21263	25194	26970	26471	33854
ENSG00000132510	KDM6B	2045	1565	1507	1496	1664	1818	2802
ENSG00000132514	CLEC10A	1	0	0	1	0	0	8
ENSG00000132517	SLC52A1	39	42	27	28	19	27	53
ENSG00000132518	GUCY2D	1	0	0	0	0	0	0
ENSG00000132522	GPS2	1833	1492	1326	1577	1689	1625	2214
ENSG00000132530	XAF1	66	76	22	47	116	49	121
ENSG00000132535	DLG4	102	65	80	46	51	102	133
ENSG00000132541	RIDA	629	516	429	518	537	575	656
ENSG00000132549	VPS13B	845	536	678	551	650	854	1241
ENSG00000132561	MATN2	7	3	4	6	15	9	5
ENSG00000132563	REEP2	445	317	344	342	387	373	494
ENSG00000132570	PCBD2	393	334	279	349	327	389	516
ENSG00000132581	SDF2	677	525	458	553	589	567	707
ENSG00000132589	FLOT2	3263	2447	2504	2694	2939	2918	4033
ENSG00000132591	ERAL1	2373	1670	1604	1890	1936	1930	2707
ENSG00000132600	PRMT7	690	524	429	645	594	595	805
ENSG00000132603	NIP7	3286	2855	2698	2950	3093	3248	4313
ENSG00000132604	TERF2	1561	1283	1221	1411	1463	1511	2084
ENSG00000132612	VPS4A	3718	2837	2820	3136	3364	3714	4802
ENSG00000132613	MTSS2	16409	12933	12749	12683	14637	14787	21024
ENSG00000132622	HSPA12B	222	185	178	184	201	194	296
ENSG00000132623	ANKEF1	529	369	405	379	465	491	674
ENSG00000132635	PCED1A	1432	1252	1056	1224	1255	1284	1832
ENSG00000132639	SNAP25	4	5	5	7	3	4	12
ENSG00000132640	BTBD3	2158	1509	1603	1600	1835	1916	2750
ENSG00000132646	PCNA	11493	9111	8189	9264	9599	10179	14156
ENSG00000132661	NXT1	805	663	584	693	755	644	990
ENSG00000132664	POLR3F	728	552	533	637	549	676	837
ENSG00000132669	RIN2	57	39	29	50	51	71	76
ENSG00000132670	PTPRA	3934	3047	3111	3135	3394	3565	5254
ENSG00000132676	DAP3	3117	2380	2291	2562	2648	2715	3956
ENSG00000132677	RHBG	177	257	166	209	261	165	221
ENSG00000132680	KHDC4	2161	1801	1648	1640	1824	2015	2758
ENSG00000132688	NES	3212	2592	2462	2546	2897	3128	3940
ENSG00000132692	BCAN	5	2	0	1	3	6	5
ENSG00000132694	ARHGEF11	1628	1281	1240	1191	1393	1514	2261
ENSG00000132716	DCAF8	2863	2314	2141	2310	2505	2786	3791
ENSG00000132718	SYT11	24	11	26	31	20	19	24
ENSG00000132740	IGHMBP2	514	522	374	428	525	480	538
ENSG00000132744	ACY3	100	58	64	64	77	84	93
ENSG00000132746	ALDH3B2	1	0	0	0	0	0	0
ENSG00000132749	TESMIN	4	4	10	8	10	11	13
ENSG00000132763	MMACHC	672	465	509	530	582	631	903
ENSG00000132768	DPH2	1341	1029	1105	1192	1328	1089	1557
ENSG00000132773	TOE1	414	337	315	338	403	393	537
ENSG00000132780	NASP	7118	5497	5474	6048	6230	6485	8905
ENSG00000132781	MUTYH	341	230	251	286	281	270	407
ENSG00000132792	CTNNBL1	3051	2340	2328	2603	2696	2835	3824
ENSG00000132793	LPIN3	1396	1219	1013	955	1120	1244	1751
ENSG00000132801	ZSWIM3	204	112	121	130	153	148	226
ENSG00000132819	RBM38	2764	2230	2179	2230	2590	2487	3446
ENSG00000132821	VSTM2L	1	2	1	0	1	3	0
ENSG00000132823	OSER1	1529	1290	1024	1266	1344	1366	1746
ENSG00000132824	SERINC3	6907	5042	5351	5369	5881	6513	9182
ENSG00000132825	PPP1R3D	287	229	226	241	280	255	374
ENSG00000132837	DMGDH	178	143	148	158	137	176	268
ENSG00000132840	BHMT2	848	699	582	603	664	712	1012
ENSG00000132842	AP3B1	3029	2129	2326	2409	2597	2897	4329
ENSG00000132846	ZBED3	1275	907	1023	1030	1240	1271	1827
ENSG00000132849	PATJ	769	522	457	571	641	723	966
ENSG00000132854	KANK4	1033	810	844	863	852	957	1302
ENSG00000132855	ANGPTL3	17	8	10	7	17	13	23
ENSG00000132874	SLC14A2	29	29	21	10	24	23	36
ENSG00000132879	FBXO44	1194	1036	870	980	1043	1056	1504
ENSG00000132881	CPLANE2	27	8	14	21	21	15	20
ENSG00000132906	CASP9	331	318	251	274	331	254	434
ENSG00000132912	DCTN4	2215	1584	1632	1727	1847	2100	3063
ENSG00000132915	PDE6A	78	75	71	57	67	87	129
ENSG00000132932	ATP8A2	0	0	0	1	0	0	0
ENSG00000132938	MTUS2	0	3	2	0	1	1	1
ENSG00000132950	ZMYM5	251	223	209	182	218	281	327
ENSG00000132952	USPL1	720	573	447	478	586	664	991
ENSG00000132953	XPO4	2063	1451	1632	1585	1678	1948	2810
ENSG00000132958	TPTE2	2	2	1	4	3	1	2
ENSG00000132963	POMP	2778	2339	1962	2327	2441	2544	3166
ENSG00000132964	CDK8	645	514	531	497	526	643	800
ENSG00000132965	ALOX5AP	12	7	7	10	5	14	15
ENSG00000132970	WASF3	1303	1033	985	942	1139	1238	1698
ENSG00000132975	GPR12	0	1	1	0	1	0	0
ENSG00000133019	CHRM3	0	1	3	2	2	0	4
ENSG00000133020	MYH8	0	0	0	0	0	0	1
ENSG00000133026	MYH10	8720	6632	6685	6249	7092	8167	11309
ENSG00000133027	PEMT	675	500	493	478	589	528	785
ENSG00000133028	SCO1	1877	1490	1467	1539	1661	1846	2474
ENSG00000133030	MPRIP	3800	2771	2816	2812	3158	3339	4880
ENSG00000133048	CHI3L1	7	6	12	13	7	17	27
ENSG00000133055	MYBPH	7	9	6	8	7	10	12
ENSG00000133056	PIK3C2B	568	420	463	408	471	529	779
ENSG00000133059	DSTYK	614	493	465	466	488	583	797
ENSG00000133065	SLC41A1	249	147	177	142	196	195	295
ENSG00000133067	LGR6	0	0	0	0	0	2	0
ENSG00000133069	TMCC2	14	11	2	7	11	15	21
ENSG00000133101	CCNA1	0	0	2	0	1	0	1
ENSG00000133103	COG6	1046	702	755	763	777	911	1206
ENSG00000133104	SPART	861	662	657	813	722	813	1189
ENSG00000133106	EPSTI1	1	1	2	2	0	1	2
ENSG00000133111	RFXAP	549	391	379	432	435	502	663
ENSG00000133112	TPT1	40388	33950	27518	33281	36571	35740	48758
ENSG00000133114	GPALPP1	349	305	277	304	266	339	508
ENSG00000133115	STOML3	0	0	0	0	0	0	1
ENSG00000133119	RFC3	1771	1358	1242	1421	1469	1570	2152
ENSG00000133121	STARD13	790	621	562	623	642	741	1086
ENSG00000133124	IRS4	1	0	1	0	0	0	0
ENSG00000133131	MORC4	1284	1011	892	1011	1065	1079	1720
ENSG00000133134	BEX2	0	0	2	3	1	4	4
ENSG00000133135	RNF128	2148	1613	1658	1639	1662	1924	2651
ENSG00000133138	TBC1D8B	884	670	667	637	788	879	1306
ENSG00000133142	TCEAL4	1048	890	838	951	959	1016	1370
ENSG00000133169	BEX1	430	369	329	371	413	384	590
ENSG00000133193	FAM104A	1813	1400	1408	1512	1612	1743	2281
ENSG00000133195	SLC39A11	667	568	536	556	629	705	856
ENSG00000133216	EPHB2	2	1	0	2	2	2	5
ENSG00000133226	SRRM1	3591	2788	3026	2918	3091	3250	4644
ENSG00000133243	BTBD2	2734	2106	2024	2291	2519	2510	3601
ENSG00000133246	PRAM1	0	0	0	1	0	1	1
ENSG00000133247	KMT5C	218	176	147	189	213	188	249
ENSG00000133250	ZNF414	375	314	279	328	314	333	542
ENSG00000133256	PDE6B	10	18	8	12	15	12	26
ENSG00000133265	HSPBP1	1866	1563	1333	1608	1812	1683	2203
ENSG00000133275	CSNK1G2	4108	3455	3175	3219	3617	3545	4870
ENSG00000133302	SLF1	334	217	218	252	299	274	478
ENSG00000133313	CNDP2	3329	2582	2555	2605	2948	3048	4131
ENSG00000133315	MACROD1	476	431	390	463	448	487	596
ENSG00000133316	WDR74	1705	1484	1268	1533	1563	1470	1966
ENSG00000133318	RTN3	3495	2550	2649	2754	2946	2927	4144
ENSG00000133321	PLAAT4	6	2	0	0	1	2	5
ENSG00000133328	PLAAT2	1	0	0	1	0	0	1
ENSG00000133392	MYH11	5	2	3	2	2	2	3
ENSG00000133393	CEP20	2560	1916	1866	1969	2194	2333	3092
ENSG00000133398	MED10	747	592	605	708	754	746	971
ENSG00000133401	PDZD2	1	4	1	1	2	0	1
ENSG00000133422	MORC2	1926	1513	1493	1546	1773	1876	2681
ENSG00000133424	LARGE1	948	689	581	697	851	845	1298
ENSG00000133433	GSTT2B	73	50	44	34	46	44	72
ENSG00000133454	MYO18B	0	0	8	0	0	2	2
ENSG00000133460	SLC2A11	224	196	156	154	206	215	318
ENSG00000133466	C1QTNF6	197	122	153	135	162	132	252
ENSG00000133477	FAM83F	3	1	5	7	4	4	5
ENSG00000133488	SEC14L4	18	14	22	9	23	8	17
ENSG00000133597	ADCK2	537	444	397	428	489	474	660
ENSG00000133606	MKRN1	2008	1527	1559	1672	1755	1831	2571
ENSG00000133612	AGAP3	2170	1939	1767	1862	2102	2063	2806
ENSG00000133619	KRBA1	275	251	217	225	271	277	407
ENSG00000133627	ACTR3B	389	320	288	325	332	386	457
ENSG00000133636	NTS	0	0	0	0	1	2	2
ENSG00000133639	BTG1	504	427	351	409	427	506	704
ENSG00000133641	C12orf29	397	262	219	262	293	275	440
ENSG00000133657	ATP13A3	2548	1614	1969	1904	2123	2697	3937
ENSG00000133665	DYDC2	18	13	9	30	17	21	24
ENSG00000133678	TMEM254	432	343	317	404	415	442	630
ENSG00000133687	TMTC1	60	55	78	65	59	91	100
ENSG00000133703	KRAS	1269	954	1014	1064	1068	1183	1726
ENSG00000133704	IPO8	1582	1188	1244	1264	1280	1482	2141
ENSG00000133706	LARS1	2689	2017	1937	2202	2597	2368	3179
ENSG00000133731	IMPA1	1190	883	919	906	933	1043	1523
ENSG00000133739	LRRCC1	288	236	233	231	247	240	373
ENSG00000133740	E2F5	736	568	529	599	601	619	842
ENSG00000133742	CA1	0	0	0	0	0	1	1
ENSG00000133773	CCDC59	559	422	393	495	624	717	849
ENSG00000133789	SWAP70	1109	854	863	888	990	1052	1474
ENSG00000133794	ARNTL	129	85	78	122	114	144	202
ENSG00000133800	LYVE1	31	30	26	14	35	36	44
ENSG00000133805	AMPD3	39	34	16	37	35	32	51
ENSG00000133812	SBF2	1279	795	1048	894	1005	1196	1960
ENSG00000133816	MICAL2	22	17	10	20	19	27	24
ENSG00000133818	RRAS2	1538	1081	995	1163	1228	1286	1716
ENSG00000133835	HSD17B4	6163	4749	4686	5077	5357	5626	7742
ENSG00000133858	ZFC3H1	964	710	680	743	844	946	1422
ENSG00000133863	TEX15	132	95	68	82	105	119	177
ENSG00000133872	SARAF	4369	3259	3363	3467	3664	3844	5538
ENSG00000133874	RNF122	252	162	173	155	185	202	326
ENSG00000133878	DUSP26	0	0	0	1	0	0	0
ENSG00000133884	DPF2	1326	950	1105	1130	1300	1227	1857
ENSG00000133895	MEN1	2033	1779	1536	1698	1920	2034	2577
ENSG00000133935	ERG28	1798	1523	1440	1481	1530	1562	2165
ENSG00000133937	GSC	1	0	0	0	1	0	1
ENSG00000133943	DGLUCY	394	310	276	272	346	333	604
ENSG00000133958	UNC79	9	6	3	5	10	8	9
ENSG00000133961	NUMB	2211	1759	1674	1682	1820	1987	2933
ENSG00000133983	COX16	718	646	599	596	728	711	949
ENSG00000133985	TTC9	110	79	87	95	88	108	141
ENSG00000133997	MED6	1264	968	895	1007	1134	1176	1559
ENSG00000134001	EIF2S1	2649	1949	1854	2042	2218	2337	3321
ENSG00000134007	ADAM20	0	0	0	0	1	0	1
ENSG00000134013	LOXL2	129	95	89	94	106	102	147
ENSG00000134014	ELP3	1455	1062	1165	1102	1175	1453	1728
ENSG00000134030	CTIF	1460	1210	1237	1226	1331	1458	1905
ENSG00000134042	MRO	24	22	25	16	25	20	32
ENSG00000134046	MBD2	1533	1138	1069	1189	1221	1273	1885
ENSG00000134049	IER3IP1	2106	1785	1554	1733	1794	1913	2554
ENSG00000134056	MRPS36	714	586	476	667	601	669	887
ENSG00000134057	CCNB1	5341	4366	3827	4205	4655	4490	6431
ENSG00000134058	CDK7	1337	1036	964	1121	1110	1159	1651
ENSG00000134061	CD180	142	140	88	89	110	115	168
ENSG00000134070	IRAK2	875	655	645	673	732	791	1094
ENSG00000134072	CAMK1	912	686	671	756	817	821	1201
ENSG00000134077	THUMPD3	1312	972	927	1034	1132	1245	1616
ENSG00000134086	VHL	4118	3123	3207	3576	3788	3741	5197
ENSG00000134107	BHLHE40	2203	1750	1722	1467	1586	2019	2934
ENSG00000134108	ARL8B	2423	1840	1707	1925	1951	2137	2968
ENSG00000134109	EDEM1	2882	2170	2197	2223	2463	2680	3712
ENSG00000134138	MEIS2	466	349	370	340	342	416	651
ENSG00000134146	DPH6	194	125	136	146	131	167	194
ENSG00000134152	KATNBL1	524	413	375	453	445	447	659
ENSG00000134153	EMC7	1916	1533	1412	1630	1666	1750	2283
ENSG00000134160	TRPM1	0	0	0	0	0	0	1
ENSG00000134183	GNAT2	3	3	2	0	4	4	4
ENSG00000134184	GSTM1	0	0	0	0	1	0	0
ENSG00000134186	PRPF38B	3120	2837	2515	2843	2950	3209	4257
ENSG00000134202	GSTM3	487	396	364	397	437	430	621
ENSG00000134215	VAV3	633	453	534	535	578	558	853
ENSG00000134222	PSRC1	873	689	673	684	801	807	1110
ENSG00000134240	HMGCS2	2	3	5	6	3	10	6
ENSG00000134242	PTPN22	0	1	0	0	1	1	0
ENSG00000134243	SORT1	6632	4793	5171	4938	5361	6178	8747
ENSG00000134245	WNT2B	56	85	56	59	74	70	109
ENSG00000134247	PTGFRN	1182	895	902	970	1091	1126	1595
ENSG00000134248	LAMTOR5	2111	1866	1518	1807	1907	1978	2436
ENSG00000134250	NOTCH2	797	563	610	617	673	807	1197
ENSG00000134253	TRIM45	126	107	81	89	116	106	158
ENSG00000134255	CEPT1	1058	837	807	926	877	961	1336
ENSG00000134256	CD101	2	2	0	4	1	2	6
ENSG00000134262	AP4B1	306	290	253	295	242	282	375
ENSG00000134265	NAPG	932	766	718	774	852	869	1197
ENSG00000134278	SPIRE1	1209	946	827	839	995	1104	1620
ENSG00000134283	PPHLN1	1793	1518	1457	1607	1659	1722	2591
ENSG00000134285	FKBP11	95	79	77	116	90	76	124
ENSG00000134287	ARF3	4654	3621	3633	4089	4434	4650	6366
ENSG00000134291	TMEM106C	1608	1296	1140	1337	1416	1351	1920
ENSG00000134294	SLC38A2	45724	34912	36262	34537	36288	42095	58411
ENSG00000134308	YWHAQ	15662	10526	11128	12195	13098	13519	18691
ENSG00000134313	KIDINS220	2414	1560	1659	1814	2069	2420	3233
ENSG00000134317	GRHL1	441	328	317	379	336	387	603
ENSG00000134318	ROCK2	14248	10059	11226	10835	11792	14097	20319
ENSG00000134321	RSAD2	0	1	0	0	0	0	0
ENSG00000134323	MYCN	0	0	0	0	0	2	2
ENSG00000134324	LPIN1	1049	772	860	822	921	1002	1418
ENSG00000134326	CMPK2	7	10	23	25	8	11	36
ENSG00000134330	IAH1	593	555	479	569	487	479	724
ENSG00000134333	LDHA	43491	34153	31278	31341	32777	37121	53625
ENSG00000134339	SAA2	1	0	0	0	0	1	1
ENSG00000134343	ANO3	20	16	17	25	19	26	37
ENSG00000134352	IL6ST	7266	3921	5107	4958	5843	6553	9798
ENSG00000134363	FST	4394	3524	3337	3256	3528	3449	4767
ENSG00000134369	NAV1	11	11	9	5	8	5	15
ENSG00000134371	CDC73	1294	960	1054	1162	1239	1361	1914
ENSG00000134375	TIMM17A	2469	1879	1723	2065	2093	2208	2930
ENSG00000134389	CFHR5	0	0	0	0	0	0	2
ENSG00000134398	ERN2	103	94	88	84	81	107	148
ENSG00000134419	RPS15A	25907	23902	16803	21435	23556	24387	30611
ENSG00000134440	NARS1	6968	5231	5280	6042	6341	6931	9444
ENSG00000134444	RELCH	1159	884	985	1018	1049	1206	1674
ENSG00000134452	FBH1	2570	2030	1836	1907	2097	2331	3214
ENSG00000134453	RBM17	2817	2364	2343	2411	2470	2652	3695
ENSG00000134461	ANKRD16	408	314	328	342	382	332	500
ENSG00000134470	IL15RA	11	4	14	16	2	14	12
ENSG00000134480	CCNH	1063	860	692	881	918	981	1398
ENSG00000134489	HRH4	2	3	3	2	2	7	7
ENSG00000134490	TMEM241	176	102	119	126	110	111	218
ENSG00000134504	KCTD1	335	244	279	250	296	299	461
ENSG00000134508	CABLES1	2180	1645	1654	1726	1971	1841	2700
ENSG00000134531	EMP1	30	26	25	33	29	45	75
ENSG00000134532	SOX5	1092	805	924	732	887	989	1532
ENSG00000134538	SLCO1B1	0	0	0	0	1	0	0
ENSG00000134539	KLRD1	31	25	24	24	21	27	35
ENSG00000134545	KLRC1	1	4	2	1	0	1	0
ENSG00000134548	SPX	2	0	0	1	0	3	8
ENSG00000134551	PRH2	5	10	3	2	3	5	4
ENSG00000134569	LRP4	1053	700	772	733	861	930	1368
ENSG00000134574	DDB2	1104	816	768	919	904	961	1340
ENSG00000134575	ACP2	1077	884	885	928	1051	963	1398
ENSG00000134588	USP26	1	0	0	0	0	0	0
ENSG00000134590	RTL8C	792	650	619	662	684	680	960
ENSG00000134594	RAB33A	1	0	0	2	0	1	2
ENSG00000134597	RBMX2	570	447	453	526	514	522	692
ENSG00000134602	STK26	2630	2026	1910	2068	2090	2447	3557
ENSG00000134627	PIWIL4	1	0	0	0	0	0	0
ENSG00000134644	PUM1	5980	4150	4561	4721	4975	5458	7905
ENSG00000134668	SPOCD1	7	4	9	8	8	6	7
ENSG00000134684	YARS1	5037	3838	3736	4743	5300	5524	7316
ENSG00000134686	PHC2	4514	3400	3483	3779	4153	4271	5878
ENSG00000134690	CDCA8	1719	1310	1302	1392	1473	1533	2228
ENSG00000134697	GNL2	2377	1939	1733	1913	2174	2178	3212
ENSG00000134698	AGO4	582	487	442	471	500	588	800
ENSG00000134709	HOOK1	1977	1400	1547	1578	1573	1765	2529
ENSG00000134716	CYP2J2	147	130	95	118	93	135	198
ENSG00000134717	BTF3L4	1921	1492	1388	1501	1605	1727	2430
ENSG00000134744	TUT4	2203	1657	1694	1633	1811	2093	3062
ENSG00000134748	PRPF38A	1604	1320	1277	1304	1391	1474	2028
ENSG00000134755	DSC2	1751	1299	1440	1344	1484	1694	2422
ENSG00000134757	DSG3	15	24	22	12	14	12	36
ENSG00000134758	RNF138	900	678	665	754	790	883	1282
ENSG00000134759	ELP2	1385	1243	1122	1212	1265	1301	1954
ENSG00000134760	DSG1	2	1	1	1	0	2	2
ENSG00000134762	DSC3	61	58	40	50	54	75	73
ENSG00000134765	DSC1	0	0	0	0	1	1	2
ENSG00000134769	DTNA	609	427	411	420	460	522	778
ENSG00000134775	FHOD3	4	0	3	1	2	0	0
ENSG00000134779	TPGS2	2401	1750	1746	1829	1923	2039	2789
ENSG00000134780	DAGLA	1242	974	890	911	1054	1152	1603
ENSG00000134802	SLC43A3	3	8	3	5	0	1	3
ENSG00000134809	TIMM10	599	586	460	583	577	609	765
ENSG00000134815	DHX34	1448	1069	993	1047	1183	1181	1695
ENSG00000134817	APLNR	0	0	0	0	0	0	1
ENSG00000134824	FADS2	4667	3747	3773	3505	3977	4136	5997
ENSG00000134825	TMEM258	1407	1220	981	1137	1227	1250	1715
ENSG00000134827	TCN1	0	0	0	0	0	0	1
ENSG00000134830	C5AR2	49	49	50	60	67	64	105
ENSG00000134851	TMEM165	2675	2201	2016	2180	2289	2412	3280
ENSG00000134852	CLOCK	1086	840	861	816	856	1001	1505
ENSG00000134853	PDGFRA	0	0	0	0	0	0	4
ENSG00000134864	GGACT	72	56	34	51	60	58	73
ENSG00000134871	COL4A2	4	0	2	1	3	0	0
ENSG00000134873	CLDN10	4	1	4	2	4	5	9
ENSG00000134874	DZIP1	1947	1561	1539	1491	1635	1821	2659
ENSG00000134882	UBAC2	2008	1630	1537	1726	1839	1804	2452
ENSG00000134884	ARGLU1	653	499	564	543	577	577	779
ENSG00000134897	BIVM	871	743	673	828	713	798	1128
ENSG00000134899	ERCC5	991	686	673	917	773	944	1340
ENSG00000134900	TPP2	1331	775	908	960	1029	1177	1769
ENSG00000134901	POGLUT2	1019	696	749	771	843	870	1181
ENSG00000134905	CARS2	1654	1355	1174	1312	1410	1501	1935
ENSG00000134909	ARHGAP32	1094	793	860	791	896	1040	1545
ENSG00000134910	STT3A	8536	6503	6356	6400	7133	7360	10239
ENSG00000134917	ADAMTS8	0	1	0	0	0	0	0
ENSG00000134940	ACRV1	11	5	2	5	8	12	9
ENSG00000134954	ETS1	19	14	19	17	22	19	21
ENSG00000134955	SLC37A2	522	359	379	377	431	483	540
ENSG00000134962	KLB	5420	4057	4232	4246	4584	5003	6859
ENSG00000134970	TMED7	6291	4582	4804	4888	5039	5587	8002
ENSG00000134982	APC	1012	714	772	711	843	964	1538
ENSG00000134986	NREP	1780	1460	1353	1404	1503	1639	2216
ENSG00000134987	WDR36	1933	1464	1518	1535	1741	1800	2617
ENSG00000134996	OSTF1	1100	861	762	943	933	1018	1351
ENSG00000135002	RFK	1193	863	852	923	1009	1110	1424
ENSG00000135018	UBQLN1	6331	4514	4709	4865	5490	5806	8336
ENSG00000135040	NAA35	1447	1097	1130	1222	1228	1393	2054
ENSG00000135045	C9orf40	765	600	542	650	625	652	1015
ENSG00000135046	ANXA1	2	0	2	0	4	6	0
ENSG00000135047	CTSL	1813	1506	1374	1476	1677	1697	2240
ENSG00000135048	CEMIP2	11103	7332	8707	8405	9000	11005	15630
ENSG00000135049	AGTPBP1	886	613	617	668	730	788	1173
ENSG00000135052	GOLM1	132	104	93	89	129	114	184
ENSG00000135063	FAM189A2	0	0	3	1	0	3	1
ENSG00000135069	PSAT1	11248	8677	8037	11434	12109	12664	17654
ENSG00000135070	ISCA1	1334	1073	1029	1095	1209	1371	1781
ENSG00000135074	ADAM19	207	174	149	156	210	243	307
ENSG00000135077	HAVCR2	14	10	10	7	7	11	20
ENSG00000135083	CCNJL	256	100	127	173	134	237	218
ENSG00000135090	TAOK3	1066	868	911	914	990	1042	1401
ENSG00000135093	USP30	470	343	339	333	405	401	583
ENSG00000135094	SDS	0	1	1	0	0	0	0
ENSG00000135097	MSI1	53	48	42	41	42	61	64
ENSG00000135100	HNF1A	2437	2020	1878	1992	2197	2183	2965
ENSG00000135108	FBXO21	1566	1220	1183	1262	1300	1507	2083
ENSG00000135111	TBX3	4813	3654	3770	3613	4097	4363	6118
ENSG00000135114	OASL	4	3	3	0	3	0	10
ENSG00000135116	HRK	18	9	13	11	9	14	24
ENSG00000135119	RNFT2	180	172	127	159	167	185	279
ENSG00000135124	P2RX4	362	278	234	244	313	352	465
ENSG00000135127	BICDL1	520	410	330	407	454	441	596
ENSG00000135148	TRAFD1	770	602	527	597	666	711	933
ENSG00000135164	DMTF1	614	541	511	395	568	599	980
ENSG00000135185	TMEM243	773	619	620	625	664	628	968
ENSG00000135205	CCDC146	28	44	45	53	58	28	41
ENSG00000135211	TMEM60	388	343	281	354	304	370	446
ENSG00000135218	CD36	147	111	116	95	132	113	187
ENSG00000135220	UGT2A3	3052	2037	2273	2493	2575	2754	3982
ENSG00000135222	CSN2	1	1	0	0	0	0	0
ENSG00000135226	UGT2B28	1	0	0	1	0	1	1
ENSG00000135241	PNPLA8	505	378	417	434	489	524	715
ENSG00000135245	HILPDA	281	228	185	219	232	249	318
ENSG00000135248	GARIN1B	0	0	0	0	1	0	1
ENSG00000135249	RINT1	846	578	606	612	661	693	1108
ENSG00000135250	SRPK2	1201	911	950	1014	987	1139	1718
ENSG00000135253	KCP	80	46	37	68	61	76	69
ENSG00000135269	TES	1172	850	808	969	1007	1047	1477
ENSG00000135272	MDFIC	3	1	6	4	2	2	9
ENSG00000135297	MTO1	426	267	432	500	543	425	574
ENSG00000135298	ADGRB3	0	1	0	0	0	0	2
ENSG00000135299	ANKRD6	10	4	8	2	13	24	13
ENSG00000135315	CEP162	234	135	162	173	176	204	308
ENSG00000135316	SYNCRIP	8040	6096	6110	6521	6954	7572	10524
ENSG00000135317	SNX14	2032	1580	1612	1651	1647	1868	2594
ENSG00000135318	NT5E	833	605	636	604	765	853	1154
ENSG00000135324	MRAP2	3	1	6	4	2	4	4
ENSG00000135333	EPHA7	0	0	0	0	1	0	0
ENSG00000135334	AKIRIN2	2802	2170	2193	2361	2533	2623	3635
ENSG00000135336	ORC3	976	770	697	775	751	868	1213
ENSG00000135338	LCA5	149	123	131	106	117	133	207
ENSG00000135341	MAP3K7	1117	810	881	900	1031	983	1485
ENSG00000135362	PRR5L	0	1	0	0	0	0	0
ENSG00000135365	PHF21A	786	687	668	680	583	780	1222
ENSG00000135372	NAT10	4212	3208	3040	3177	3541	3699	5229
ENSG00000135373	EHF	16	7	7	9	13	10	17
ENSG00000135374	ELF5	74	50	48	46	57	56	96
ENSG00000135378	PRRG4	84	80	47	73	84	85	97
ENSG00000135387	CAPRIN1	8401	5600	6481	6304	7137	8140	11655
ENSG00000135390	ATP5MC2	2659	2284	2091	2338	2368	2328	3493
ENSG00000135392	DNAJC14	1086	830	825	910	923	1010	1392
ENSG00000135404	CD63	6208	5198	4588	5209	5507	5499	6935
ENSG00000135406	PRPH	1	0	1	0	2	0	1
ENSG00000135407	AVIL	17	9	19	19	23	29	31
ENSG00000135409	AMHR2	11	9	11	1	7	7	13
ENSG00000135414	GDF11	210	176	166	183	185	230	274
ENSG00000135423	GLS2	356	249	244	269	318	310	465
ENSG00000135424	ITGA7	13	18	4	11	18	0	28
ENSG00000135436	FAM186B	11	18	6	12	21	10	28
ENSG00000135437	RDH5	29	11	18	18	19	16	34
ENSG00000135439	AGAP2	60	57	54	54	63	56	64
ENSG00000135441	BLOC1S1	538	520	441	529	519	575	655
ENSG00000135446	CDK4	4330	3369	3251	3696	3781	3806	4889
ENSG00000135447	PPP1R1A	2	2	0	0	2	3	4
ENSG00000135451	TROAP	1202	934	837	873	911	922	1365
ENSG00000135452	TSPAN31	170	208	198	183	173	193	279
ENSG00000135454	B4GALNT1	652	457	418	419	615	503	825
ENSG00000135457	TFCP2	1069	790	836	877	961	1076	1442
ENSG00000135469	COQ10A	359	300	234	333	332	336	471
ENSG00000135472	FAIM2	5	5	4	8	4	2	1
ENSG00000135473	PAN2	360	391	273	248	354	361	479
ENSG00000135476	ESPL1	1160	804	829	840	1046	1048	1471
ENSG00000135480	KRT7	0	0	0	0	0	4	0
ENSG00000135482	ZC3H10	164	138	118	114	127	147	200
ENSG00000135486	HNRNPA1	38611	31661	29649	34288	35386	37094	49463
ENSG00000135503	ACVR1B	1469	1146	1126	1239	1389	1500	1988
ENSG00000135506	OS9	7633	6073	5792	6186	6778	6860	9146
ENSG00000135519	KCNH3	9	11	8	0	0	0	6
ENSG00000135521	LTV1	2660	2228	2081	2382	2372	2407	3490
ENSG00000135525	MAP7	12	12	11	4	9	9	11
ENSG00000135535	CD164	10604	8196	8046	8477	8996	9714	13566
ENSG00000135537	AFG1L	256	186	177	229	202	231	298
ENSG00000135540	NHSL1	5591	4148	4174	4625	5185	5698	8139
ENSG00000135541	AHI1	471	296	377	402	412	456	626
ENSG00000135547	HEY2	4	1	1	0	4	0	2
ENSG00000135549	PKIB	27	19	14	16	29	12	25
ENSG00000135577	NMBR	0	1	0	0	0	0	0
ENSG00000135587	SMPD2	206	192	171	209	232	215	284
ENSG00000135596	MICAL1	780	692	646	679	756	736	1020
ENSG00000135597	REPS1	1506	1110	1119	1159	1277	1366	2009
ENSG00000135604	STX11	4	0	1	3	1	1	1
ENSG00000135605	TEC	17	6	11	10	10	8	11
ENSG00000135617	PRADC1	441	358	306	353	401	344	474
ENSG00000135622	SEMA4F	559	432	417	465	538	487	780
ENSG00000135624	CCT7	17522	13922	12891	14752	15406	15863	20543
ENSG00000135625	EGR4	5	5	5	6	7	10	7
ENSG00000135631	RAB11FIP5	1297	984	1037	946	1135	1159	1702
ENSG00000135632	SMYD5	2798	2228	2086	2211	2515	2507	3564
ENSG00000135636	DYSF	16	17	15	5	10	13	12
ENSG00000135637	CCDC142	877	799	704	661	798	776	1188
ENSG00000135638	EMX1	59	43	35	36	36	43	67
ENSG00000135643	KCNMB4	66	43	32	43	54	52	81
ENSG00000135655	USP15	1031	754	794	817	812	891	1325
ENSG00000135677	GNS	4042	2874	3110	2968	3450	3755	5531
ENSG00000135678	CPM	23	30	18	17	22	25	38
ENSG00000135679	MDM2	8327	6380	6040	5670	6503	7036	10232
ENSG00000135686	KLHL36	1310	992	1026	992	1108	1284	1733
ENSG00000135697	BCO1	3	1	0	0	1	1	2
ENSG00000135698	MPHOSPH6	1510	1272	1131	1248	1306	1321	1820
ENSG00000135702	CHST5	6	5	8	7	14	12	9
ENSG00000135709	KIAA0513	117	82	91	72	85	102	152
ENSG00000135720	DYNC1LI2	5798	4587	4492	4481	4907	5457	7743
ENSG00000135722	FBXL8	301	216	221	199	240	247	334
ENSG00000135723	FHOD1	1925	1489	1389	1421	1532	1576	2290
ENSG00000135736	CCDC102A	149	95	111	124	129	157	203
ENSG00000135740	SLC9A5	16	4	18	15	36	51	40
ENSG00000135744	AGT	30688	24552	23884	24693	26450	27147	38252
ENSG00000135749	PCNX2	4	0	0	0	5	2	8
ENSG00000135750	KCNK1	0	0	0	3	0	0	0
ENSG00000135763	URB2	866	636	642	635	741	838	1123
ENSG00000135766	EGLN1	2615	1945	1946	2243	2110	2568	3837
ENSG00000135773	CAPN9	3	5	1	3	2	1	0
ENSG00000135775	COG2	1354	985	960	1084	1168	1205	1826
ENSG00000135776	ABCB10	1731	1178	1273	1351	1426	1480	2098
ENSG00000135778	NTPCR	326	241	240	293	282	295	385
ENSG00000135801	TAF5L	1015	840	766	811	886	1001	1348
ENSG00000135821	GLUL	9967	7902	7353	8102	8563	8995	12602
ENSG00000135823	STX6	1511	1073	1111	1141	1266	1421	1866
ENSG00000135828	RNASEL	4	2	5	3	3	6	4
ENSG00000135829	DHX9	9198	6176	6644	7192	7688	8701	12445
ENSG00000135835	KIAA1614	76	51	74	63	74	60	82
ENSG00000135837	CEP350	1231	849	935	833	953	1249	1714
ENSG00000135838	NPL	2	1	1	2	0	0	2
ENSG00000135842	NIBAN1	0	2	0	0	0	0	2
ENSG00000135845	PIGC	810	666	564	639	676	692	954
ENSG00000135862	LAMC1	12191	8756	9449	9066	10266	11344	16248
ENSG00000135870	RC3H1	1106	1004	917	847	925	1042	1513
ENSG00000135898	GPR55	6	11	1	3	4	8	10
ENSG00000135899	SP110	469	368	367	387	389	376	610
ENSG00000135900	MRPL44	2375	1851	1771	1967	2189	2069	2955
ENSG00000135902	CHRND	0	2	0	0	2	3	9
ENSG00000135903	PAX3	0	0	0	0	0	2	0
ENSG00000135912	TTLL4	3184	2364	2308	2282	2699	3052	4281
ENSG00000135913	USP37	779	566	605	570	650	764	1129
ENSG00000135914	HTR2B	2	0	0	4	0	1	1
ENSG00000135916	ITM2C	4923	4207	3730	4320	4516	4661	6175
ENSG00000135917	SLC19A3	75	31	35	67	46	58	81
ENSG00000135919	SERPINE2	915	712	728	739	784	904	1169
ENSG00000135924	DNAJB2	1691	1260	1300	1375	1510	1492	2071
ENSG00000135925	WNT10A	1	1	2	0	1	0	2
ENSG00000135926	TMBIM1	7590	5828	5494	6048	6429	6569	9332
ENSG00000135929	CYP27A1	5476	4294	4159	4524	4817	4904	6840
ENSG00000135930	EIF4E2	3478	2682	2563	2771	3022	3200	4161
ENSG00000135931	ARMC9	619	482	487	482	546	549	720
ENSG00000135932	CAB39	2655	1898	2016	2036	2205	2485	3333
ENSG00000135940	COX5B	3359	3000	2401	2845	2923	2945	4047
ENSG00000135945	REV1	949	644	722	737	790	836	1296
ENSG00000135951	TSGA10	32	35	27	41	54	51	55
ENSG00000135953	MFSD9	1231	955	924	868	881	1079	1420
ENSG00000135956	TMEM127	2424	1855	1916	1946	2187	2304	3125
ENSG00000135960	EDAR	0	0	0	0	1	0	1
ENSG00000135966	TGFBRAP1	2506	1876	1873	1877	2288	2401	3403
ENSG00000135968	GCC2	2460	1717	1953	1771	1891	2198	3189
ENSG00000135972	MRPS9	1751	1368	1249	1552	1507	1547	2157
ENSG00000135973	GPR45	1	0	0	1	2	1	1
ENSG00000135974	C2orf49	1278	1002	944	1038	1108	1251	1705
ENSG00000135976	ANKRD36	387	326	327	278	345	371	544
ENSG00000135999	EPC2	1143	922	909	902	1053	1124	1691
ENSG00000136002	ARHGEF4	3	0	0	3	8	2	0
ENSG00000136003	ISCU	1971	1636	1378	1643	1705	1637	2287
ENSG00000136010	ALDH1L2	124	108	123	178	242	228	311
ENSG00000136011	STAB2	0	3	3	3	3	4	4
ENSG00000136014	USP44	1	2	1	3	1	1	3
ENSG00000136021	SCYL2	1831	1240	1315	1360	1524	1687	2449
ENSG00000136026	CKAP4	4641	3621	3793	4038	4043	4338	5911
ENSG00000136040	PLXNC1	738	574	534	559	601	679	940
ENSG00000136044	APPL2	530	444	368	410	485	499	627
ENSG00000136045	PWP1	2537	2101	2037	2119	2201	2290	3292
ENSG00000136048	DRAM1	1972	1611	1526	1586	1697	1881	2467
ENSG00000136051	WASHC4	1441	1056	1137	1059	1100	1320	2002
ENSG00000136052	SLC41A2	410	326	312	316	335	377	522
ENSG00000136059	VILL	31	24	11	20	30	26	35
ENSG00000136068	FLNB	15296	9380	11299	10646	12775	15280	21331
ENSG00000136098	NEK3	1535	1326	1136	1260	1358	1457	2129
ENSG00000136100	VPS36	1129	906	861	873	892	1013	1456
ENSG00000136104	RNASEH2B	550	472	379	501	471	517	730
ENSG00000136108	CKAP2	2591	1847	1881	2116	2177	2306	3430
ENSG00000136110	CNMD	0	2	1	0	0	0	0
ENSG00000136111	TBC1D4	5035	3614	3931	3626	4084	4700	6862
ENSG00000136114	THSD1	2	5	2	1	5	1	6
ENSG00000136122	BORA	410	315	296	321	340	372	538
ENSG00000136141	LRCH1	1020	782	780	706	803	900	1299
ENSG00000136143	SUCLA2	1713	1261	1291	1394	1458	1580	2187
ENSG00000136144	RCBTB1	1660	1267	1351	1357	1464	1631	2288
ENSG00000136146	MED4	1457	1125	1069	1106	1290	1240	1793
ENSG00000136147	PHF11	226	219	179	207	168	175	264
ENSG00000136152	COG3	1724	1230	1311	1236	1336	1583	2229
ENSG00000136153	LMO7	5301	3945	4092	3974	4357	4816	7067
ENSG00000136155	SCEL	1	0	0	0	1	0	0
ENSG00000136156	ITM2B	3319	2633	2982	2707	2574	2953	4230
ENSG00000136158	SPRY2	442	345	335	384	359	362	471
ENSG00000136159	NUDT15	1627	1311	1201	1315	1410	1461	1999
ENSG00000136160	EDNRB	1	0	0	0	0	0	1
ENSG00000136161	RCBTB2	105	98	78	76	100	99	125
ENSG00000136167	LCP1	116	75	110	97	97	130	149
ENSG00000136169	SETDB2	605	487	502	466	468	550	807
ENSG00000136193	SCRN1	5214	3840	3906	3992	4528	5036	6993
ENSG00000136197	C7orf25	110	86	98	88	117	124	153
ENSG00000136205	TNS3	7054	5041	5272	4962	5837	6610	9042
ENSG00000136206	SPDYE1	41	27	30	23	40	34	59
ENSG00000136213	CHST12	1244	995	973	934	1117	1101	1446
ENSG00000136231	IGF2BP3	3500	2477	2625	2643	2919	3210	4760
ENSG00000136235	GPNMB	18	23	24	15	22	15	22
ENSG00000136237	RAPGEF5	1135	872	819	686	835	1019	1451
ENSG00000136238	RAC1	7708	5876	5741	6629	6654	6910	9398
ENSG00000136240	KDELR2	14692	11253	11458	11928	11971	12633	17778
ENSG00000136243	NUP42	518	388	370	477	452	489	649
ENSG00000136247	ZDHHC4	1415	1140	1104	1269	1259	1280	1818
ENSG00000136261	BZW2	2423	1894	1691	1886	2055	2085	2921
ENSG00000136267	DGKB	9	14	8	6	13	8	11
ENSG00000136270	TBRG4	3004	2327	2257	2526	2694	2556	3625
ENSG00000136271	DDX56	2437	1856	1756	2058	2123	2113	3140
ENSG00000136273	HUS1	280	235	185	201	191	260	359
ENSG00000136274	NACAD	19	5	5	5	12	11	20
ENSG00000136279	DBNL	1415	1074	1047	1141	1179	1218	1705
ENSG00000136280	CCM2	687	542	483	519	525	626	829
ENSG00000136295	TTYH3	13202	10266	10345	9434	11300	11649	17055
ENSG00000136305	CIDEB	1155	923	849	852	956	1026	1469
ENSG00000136319	TTC5	641	510	492	555	605	611	855
ENSG00000136367	ZFHX2	65	66	49	44	66	86	103
ENSG00000136371	MTHFS	597	579	462	653	636	609	753
ENSG00000136378	ADAMTS7	14	20	24	12	16	21	36
ENSG00000136379	ABHD17C	429	370	336	380	399	398	500
ENSG00000136381	IREB2	3560	2550	2737	2779	2868	3317	5007
ENSG00000136383	ALPK3	5	15	4	6	7	10	15
ENSG00000136425	CIB2	32	32	28	29	36	42	49
ENSG00000136436	CALCOCO2	2339	1831	1778	1959	2026	2185	3199
ENSG00000136444	RSAD1	1405	1174	1094	1082	1254	1237	1735
ENSG00000136448	NMT1	6081	4565	4788	4488	5810	5327	7774
ENSG00000136449	MYCBPAP	0	0	0	3	0	4	5
ENSG00000136450	SRSF1	11402	8902	8798	9102	9821	10622	14619
ENSG00000136451	VEZF1	2869	1862	2080	2161	2342	2650	3739
ENSG00000136457	CHAD	74	56	71	38	40	45	75
ENSG00000136463	TACO1	1735	1431	1331	1414	1484	1536	2104
ENSG00000136478	TEX2	2461	1801	1946	1885	2145	2292	3328
ENSG00000136485	DCAF7	5496	3981	4405	4293	4689	5206	6811
ENSG00000136490	LIMD2	391	365	311	355	341	403	486
ENSG00000136492	BRIP1	633	576	532	484	646	669	1032
ENSG00000136504	KAT7	1178	987	982	939	1021	1015	1531
ENSG00000136514	RTP4	4	6	4	6	4	4	5
ENSG00000136518	ACTL6A	2240	1829	1615	1806	2032	2053	2784
ENSG00000136521	NDUFB5	1161	947	724	975	999	964	1343
ENSG00000136522	MRPL47	1289	1100	854	1137	1162	1214	1676
ENSG00000136527	TRA2B	3956	2929	2625	3092	3428	3521	4826
ENSG00000136531	SCN2A	0	0	0	0	0	0	13
ENSG00000136535	TBR1	0	1	0	4	0	0	0
ENSG00000136536	MARCHF7	3013	2346	2235	2391	2423	2886	4213
ENSG00000136542	GALNT5	14	6	1	3	8	4	6
ENSG00000136546	SCN7A	0	1	0	0	0	0	0
ENSG00000136560	TANK	1463	1157	1134	1173	1311	1375	1870
ENSG00000136574	GATA4	2152	1673	1608	1673	1940	1931	2800
ENSG00000136603	SKIL	818	576	628	650	695	806	1111
ENSG00000136628	EPRS1	7487	5353	5882	6195	6627	7452	10612
ENSG00000136630	HLX	20	20	13	23	17	32	25
ENSG00000136631	VPS45	542	399	461	410	451	533	722
ENSG00000136636	KCTD3	3533	2646	2664	2674	2736	3275	4539
ENSG00000136643	RPS6KC1	868	671	673	674	702	784	1244
ENSG00000136682	CBWD2	912	669	647	727	728	837	1155
ENSG00000136688	IL36G	0	1	0	0	1	0	0
ENSG00000136689	IL1RN	1196	927	896	980	958	1075	1509
ENSG00000136699	SMPD4	8550	6490	6291	6144	7262	7320	10819
ENSG00000136709	WDR33	5244	4035	3825	4165	4624	4758	6935
ENSG00000136710	CCDC115	727	563	533	576	624	656	856
ENSG00000136715	SAP130	2152	1678	1668	1666	1922	2085	3085
ENSG00000136717	BIN1	76	43	37	42	56	50	80
ENSG00000136718	IMP4	2813	2121	2192	2243	2394	2556	3441
ENSG00000136720	HS6ST1	8399	6838	6615	7017	8115	7828	10739
ENSG00000136731	UGGT1	9116	7078	6693	7312	7618	8006	10913
ENSG00000136738	STAM	1970	1359	1452	1488	1512	1790	2502
ENSG00000136754	ABI1	1557	1226	1143	1309	1425	1439	2083
ENSG00000136758	YME1L1	7228	5265	5218	5490	6044	6588	9086
ENSG00000136770	DNAJC1	725	572	517	570	581	599	861
ENSG00000136783	NIPSNAP3A	343	240	228	262	281	282	379
ENSG00000136802	LRRC8A	2109	1569	1577	1572	1699	1759	2529
ENSG00000136807	CDK9	1222	1000	969	1066	1135	1148	1551
ENSG00000136810	TXN	6075	5367	4144	4887	5277	5453	7087
ENSG00000136811	ODF2	499	710	540	431	642	668	796
ENSG00000136813	ECPAS	5493	3847	4038	4008	4475	4995	7134
ENSG00000136816	TOR1B	897	706	698	679	769	772	1196
ENSG00000136819	C9orf78	1688	1301	1234	1459	1463	1532	1989
ENSG00000136824	SMC2	2418	1787	1971	1861	1972	2320	3146
ENSG00000136826	KLF4	16	7	22	24	22	29	36
ENSG00000136827	TOR1A	1364	1103	1053	1220	1248	1253	1714
ENSG00000136828	RALGPS1	125	94	89	78	99	117	142
ENSG00000136830	NIBAN2	4752	3641	3458	3781	3925	4081	5629
ENSG00000136834	OR1J1	0	1	1	0	0	0	1
ENSG00000136840	ST6GALNAC4	1399	1075	985	1120	1121	1153	1640
ENSG00000136842	TMOD1	7	2	3	11	11	3	7
ENSG00000136848	DAB2IP	5089	3992	3904	3737	4294	4591	6458
ENSG00000136854	STXBP1	289	210	230	225	262	318	376
ENSG00000136856	SLC2A8	1944	1524	1471	1627	1696	1658	2456
ENSG00000136859	ANGPTL2	85	62	61	73	65	79	125
ENSG00000136861	CDK5RAP2	2455	1841	1812	1896	2053	2198	3111
ENSG00000136866	ZFP37	114	83	63	100	87	103	125
ENSG00000136867	SLC31A2	175	117	95	151	163	139	216
ENSG00000136868	SLC31A1	5407	4063	4011	4637	5033	5256	7253
ENSG00000136869	TLR4	12	7	17	15	15	18	23
ENSG00000136870	ZNF189	1355	1024	1009	984	1136	1255	1837
ENSG00000136872	ALDOB	25	24	31	18	35	19	39
ENSG00000136874	STX17	1116	818	874	819	979	1055	1475
ENSG00000136875	PRPF4	2401	1816	1814	1885	1995	2108	2871
ENSG00000136877	FPGS	1562	1283	1178	1307	1426	1341	1967
ENSG00000136878	USP20	463	352	349	332	365	406	590
ENSG00000136881	BAAT	96	69	44	41	68	76	99
ENSG00000136883	KIF12	248	212	197	151	212	224	332
ENSG00000136888	ATP6V1G1	2951	2423	2123	2557	2577	2671	3777
ENSG00000136891	TEX10	1274	867	895	993	1015	1075	1558
ENSG00000136895	GARNL3	42	94	73	97	46	79	101
ENSG00000136897	MRPL50	3307	2836	2336	2630	2895	2893	3900
ENSG00000136908	DPM2	523	441	356	470	489	508	635
ENSG00000136918	WDR38	0	0	0	1	1	0	2
ENSG00000136925	TSTD2	857	647	630	652	742	859	1145
ENSG00000136928	GABBR2	0	0	0	0	0	0	6
ENSG00000136930	PSMB7	4769	3874	3325	4064	4189	4227	5902
ENSG00000136931	NR5A1	3783	3087	3030	3057	3467	3526	4916
ENSG00000136932	TRMO	248	173	182	196	224	205	267
ENSG00000136933	RABEPK	2021	1640	1451	1707	1802	1820	2425
ENSG00000136935	GOLGA1	1250	1004	962	947	1071	1183	1663
ENSG00000136936	XPA	365	303	274	282	329	335	434
ENSG00000136937	NCBP1	2331	1669	1825	1800	2029	2134	3091
ENSG00000136938	ANP32B	12849	9808	10326	11927	12097	12671	16182
ENSG00000136940	PDCL	822	630	650	734	704	743	1028
ENSG00000136942	RPL35	13056	12636	9432	11812	12746	12169	15819
ENSG00000136943	CTSV	111	140	91	86	110	119	139
ENSG00000136944	LMX1B	15	14	13	8	8	12	17
ENSG00000136950	ARPC5L	1395	1054	1013	1256	1270	1315	1690
ENSG00000136960	ENPP2	54	40	40	34	51	51	77
ENSG00000136982	DSCC1	490	353	345	364	365	399	583
ENSG00000136986	DERL1	1836	1334	1512	1486	1569	1698	2410
ENSG00000136997	MYC	8611	5916	6339	7065	7349	7802	11054
ENSG00000136999	CCN3	0	0	1	1	0	0	0
ENSG00000137033	IL33	0	0	0	1	0	0	0
ENSG00000137038	DMAC1	1069	982	856	970	1066	1049	1316
ENSG00000137040	RANBP6	1042	781	719	790	849	1022	1389
ENSG00000137054	POLR1E	852	606	649	677	718	730	1080
ENSG00000137055	PLAA	1104	726	818	873	919	1013	1393
ENSG00000137070	IL11RA	6	9	19	10	1	3	3
ENSG00000137073	UBAP2	2592	2089	2051	1954	2363	2442	3467
ENSG00000137074	APTX	645	418	463	523	518	625	889
ENSG00000137075	RNF38	1220	869	920	918	1020	1119	1591
ENSG00000137076	TLN1	12332	9023	9450	8688	10342	11112	15957
ENSG00000137078	SIT1	39	27	25	27	23	31	33
ENSG00000137094	DNAJB5	58	51	30	47	64	26	75
ENSG00000137098	SPAG8	0	0	0	5	0	0	9
ENSG00000137100	DCTN3	618	563	415	526	581	541	731
ENSG00000137101	CD72	0	2	2	1	0	1	1
ENSG00000137103	TMEM8B	107	95	79	105	96	95	150
ENSG00000137106	GRHPR	1886	1473	1446	1719	1762	1694	2432
ENSG00000137124	ALDH1B1	6544	5093	4927	5507	5859	6025	7999
ENSG00000137133	HINT2	431	360	276	357	434	397	506
ENSG00000137135	ARHGEF39	339	270	233	284	257	322	403
ENSG00000137142	IGFBPL1	10	8	10	8	14	5	13
ENSG00000137145	DENND4C	1439	1051	1057	1027	1139	1350	1884
ENSG00000137154	RPS6	35351	29754	25362	30566	31337	30679	42207
ENSG00000137161	CNPY3	2472	2160	1797	1942	2082	2214	2820
ENSG00000137166	FOXP4	6917	5341	5203	5434	6168	6158	8930
ENSG00000137168	PPIL1	3006	2322	2020	2292	2431	2572	3562
ENSG00000137171	KLC4	1288	1073	1058	958	1148	1142	1528
ENSG00000137177	KIF13A	2585	1883	1950	2065	2254	2466	3474
ENSG00000137185	ZSCAN9	329	250	255	298	325	293	437
ENSG00000137193	PIM1	3690	2997	2785	2604	2916	3172	4362
ENSG00000137198	GMPR	0	1	1	0	3	0	0
ENSG00000137200	CMTR1	2945	2277	2216	2200	2438	2690	3652
ENSG00000137203	TFAP2A	0	0	1	0	0	0	0
ENSG00000137204	SLC22A7	51	63	60	54	55	51	58
ENSG00000137207	YIPF3	3505	2668	2561	2673	2987	2964	4184
ENSG00000137210	TMEM14B	2913	2457	2197	2518	2623	2550	3325
ENSG00000137216	TMEM63B	2416	2000	1863	1951	2115	2319	3248
ENSG00000137218	FRS3	271	219	217	210	197	220	331
ENSG00000137221	TJAP1	2054	1760	1646	1647	1761	1921	2792
ENSG00000137225	CAPN11	1	2	1	4	6	0	0
ENSG00000137251	TINAG	2	3	2	0	1	4	2
ENSG00000137261	KIAA0319	4	4	1	2	2	4	4
ENSG00000137265	IRF4	7	1	2	6	3	4	9
ENSG00000137266	SLC22A23	3325	2582	2462	2429	2746	2967	4025
ENSG00000137267	TUBB2A	1678	1376	1315	1446	1459	1457	2168
ENSG00000137269	LRRC1	1299	1041	1064	1107	1095	1171	1640
ENSG00000137270	GCM1	3	7	1	1	4	5	11
ENSG00000137273	FOXF2	2	2	0	3	2	1	2
ENSG00000137274	BPHL	483	454	414	376	459	413	615
ENSG00000137275	RIPK1	736	483	450	514	571	592	988
ENSG00000137285	TUBB2B	652	526	480	618	607	650	786
ENSG00000137288	UQCC2	809	829	556	681	761	796	960
ENSG00000137309	HMGA1	27347	20859	20356	22049	24364	24285	35598
ENSG00000137310	TCF19	903	628	639	701	712	735	1014
ENSG00000137312	FLOT1	4003	3303	2999	3426	3586	3721	4831
ENSG00000137331	IER3	7599	5983	5310	5767	5711	6033	8885
ENSG00000137337	MDC1	2836	2235	2240	2081	2469	2779	4083
ENSG00000137338	PGBD1	280	198	203	167	188	214	309
ENSG00000137343	ATAT1	843	665	605	565	688	730	1082
ENSG00000137364	TPMT	1392	1111	968	1177	1228	1317	1806
ENSG00000137393	RNF144B	226	159	134	191	209	245	304
ENSG00000137404	NRM	542	431	403	434	429	478	656
ENSG00000137409	MTCH1	5216	3968	3950	4418	4401	4399	6057
ENSG00000137411	VARS2	4231	3299	3261	3370	3549	3752	5132
ENSG00000137413	TAF8	1317	1108	1036	1084	1137	1273	1894
ENSG00000137414	FAM8A1	4915	3771	3621	3726	4146	4639	6459
ENSG00000137434	C6orf52	0	3	0	2	3	2	3
ENSG00000137449	CPEB2	299	232	221	247	254	288	392
ENSG00000137460	FHDC1	15	10	11	7	11	11	27
ENSG00000137462	TLR2	17	15	12	13	18	17	37
ENSG00000137463	MGARP	1	0	2	6	4	1	1
ENSG00000137474	MYO7A	714	687	545	515	568	732	1008
ENSG00000137478	FCHSD2	2136	1567	1596	1694	1818	1977	2955
ENSG00000137486	ARRB1	1967	1554	1508	1611	1678	1763	2401
ENSG00000137491	SLCO2B1	752	501	557	528	600	580	893
ENSG00000137492	THAP12	1746	1157	1391	1416	1532	1553	2147
ENSG00000137494	ANKRD42	271	215	176	181	210	215	300
ENSG00000137496	IL18BP	240	197	176	151	177	215	313
ENSG00000137497	NUMA1	5000	3870	3806	3518	4319	4688	6520
ENSG00000137500	CCDC90B	232	228	226	185	190	268	262
ENSG00000137501	SYTL2	99	70	55	85	63	88	103
ENSG00000137502	RAB30	291	176	188	176	197	233	263
ENSG00000137504	CREBZF	1785	1605	1458	1411	1547	1829	2532
ENSG00000137507	LRRC32	0	0	0	0	0	0	2
ENSG00000137509	PRCP	1955	1418	1316	1535	1638	1548	2141
ENSG00000137513	NARS2	1272	1039	946	968	1055	1143	1514
ENSG00000137522	RNF121	609	514	491	482	603	654	822
ENSG00000137547	MRPL15	1727	1440	1296	1452	1563	1622	2124
ENSG00000137558	PI15	2	1	0	0	1	2	1
ENSG00000137561	TTPA	101	90	90	60	78	88	154
ENSG00000137563	GGH	2525	2136	1878	2012	2146	2334	3059
ENSG00000137571	SLCO5A1	17	5	5	18	16	12	18
ENSG00000137574	TGS1	542	422	411	430	456	571	730
ENSG00000137575	SDCBP	2180	1606	1598	1846	1853	1893	2725
ENSG00000137601	NEK1	418	282	282	323	331	479	521
ENSG00000137628	DDX60	1	0	1	1	3	2	0
ENSG00000137634	NXPE4	0	1	0	0	0	1	0
ENSG00000137642	SORL1	5125	3577	3994	3318	3711	4949	6865
ENSG00000137656	BUD13	756	561	529	561	591	628	936
ENSG00000137672	TRPC6	0	0	0	0	0	0	1
ENSG00000137673	MMP7	0	2	0	0	1	0	0
ENSG00000137674	MMP20	0	0	0	0	0	1	0
ENSG00000137691	CFAP300	7	4	6	1	6	4	6
ENSG00000137692	DCUN1D5	440	395	369	380	358	431	645
ENSG00000137693	YAP1	7313	5250	5568	5726	6283	7165	10039
ENSG00000137699	TRIM29	8	12	3	7	4	3	11
ENSG00000137700	SLC37A4	1361	1131	959	1099	1133	1080	1618
ENSG00000137709	POU2F3	0	1	2	0	0	1	0
ENSG00000137710	RDX	4483	3039	3532	3681	3663	4292	5774
ENSG00000137713	PPP2R1B	2700	2028	1985	2190	2375	2446	3420
ENSG00000137714	FDX1	748	620	603	644	649	708	905
ENSG00000137720	C11orf1	158	132	126	137	153	153	215
ENSG00000137727	ARHGAP20	0	2	0	0	0	0	0
ENSG00000137731	FXYD2	451	428	338	360	403	415	484
ENSG00000137745	MMP13	0	0	0	0	0	1	0
ENSG00000137747	TMPRSS13	0	1	1	0	0	0	0
ENSG00000137752	CASP1	28	26	25	23	28	38	33
ENSG00000137760	ALKBH8	399	308	311	322	350	394	591
ENSG00000137764	MAP2K5	605	449	435	430	499	484	689
ENSG00000137766	UNC13C	0	1	1	2	0	1	3
ENSG00000137767	SQOR	694	570	502	608	679	593	951
ENSG00000137770	CTDSPL2	1515	1090	1136	1204	1213	1403	2111
ENSG00000137776	SLTM	2917	2236	2225	2462	2326	2751	3683
ENSG00000137801	THBS1	6604	4234	4707	4889	5363	5964	8356
ENSG00000137802	MAPKBP1	568	452	430	390	456	455	681
ENSG00000137804	NUSAP1	2409	1785	1703	1902	1978	2201	2959
ENSG00000137806	NDUFAF1	212	168	152	209	271	247	310
ENSG00000137807	KIF23	1347	1067	1069	993	1148	1223	1740
ENSG00000137809	ITGA11	6	5	2	2	0	3	4
ENSG00000137812	KNL1	1042	709	862	755	770	1026	1465
ENSG00000137814	HAUS2	864	660	636	739	731	714	1039
ENSG00000137815	RTF1	2580	1938	2004	2107	2108	2368	3074
ENSG00000137817	PARP6	1	0	0	0	0	2	3
ENSG00000137818	RPLP1	22675	20137	16510	19909	21244	21522	28632
ENSG00000137819	PAQR5	49	24	19	32	35	35	46
ENSG00000137821	LRRC49	34	11	23	26	27	15	43
ENSG00000137822	TUBGCP4	1804	1289	1269	1390	1473	1560	2197
ENSG00000137824	RMDN3	1284	1013	941	1064	1139	1136	1511
ENSG00000137825	ITPKA	1401	1121	1146	1211	1253	1215	1604
ENSG00000137831	UACA	1054	804	870	831	802	964	1310
ENSG00000137834	SMAD6	368	245	251	262	334	314	451
ENSG00000137841	PLCB2	0	0	0	0	4	1	1
ENSG00000137842	TMEM62	686	422	438	477	531	539	726
ENSG00000137843	PAK6	1	2	1	2	1	5	7
ENSG00000137845	ADAM10	4228	3189	3367	3360	3390	3870	5622
ENSG00000137857	DUOX1	8	8	4	2	7	13	11
ENSG00000137860	SLC28A2	15	13	6	13	8	5	21
ENSG00000137868	STRA6	139	104	107	104	79	104	173
ENSG00000137869	CYP19A1	158	139	106	140	110	118	189
ENSG00000137871	ZNF280D	417	293	292	312	373	417	580
ENSG00000137876	RSL24D1	3832	3236	2796	3603	3709	3835	4940
ENSG00000137877	SPTBN5	11	13	9	8	6	5	11
ENSG00000137878	GCOM1	3	3	6	2	4	0	0
ENSG00000137880	GCHFR	758	653	598	667	746	723	994
ENSG00000137936	BCAR3	349	276	228	304	305	337	492
ENSG00000137941	TTLL7	3	2	9	0	5	2	5
ENSG00000137942	FNBP1L	2260	1810	1757	1856	2007	2313	3243
ENSG00000137944	KYAT3	856	639	602	642	727	703	1034
ENSG00000137947	GTF2B	741	604	555	591	664	651	909
ENSG00000137948	BRDT	2	0	0	0	0	2	1
ENSG00000137955	RABGGTB	3286	2774	2426	2781	2861	2986	3869
ENSG00000137959	IFI44L	2	0	0	0	1	0	2
ENSG00000137960	GIPC2	1503	1109	1179	1294	1314	1420	1945
ENSG00000137962	ARHGAP29	1806	1336	1336	1295	1321	1616	2106
ENSG00000137968	SLC44A5	570	454	399	385	439	515	750
ENSG00000137975	CLCA2	0	0	0	0	0	0	1
ENSG00000137992	DBT	817	602	604	647	647	757	1052
ENSG00000137996	RTCA	1357	1172	1038	1144	1221	1224	1767
ENSG00000138002	IFT172	658	534	530	567	539	608	846
ENSG00000138018	SELENOI	5947	4130	4593	4352	4838	5420	7952
ENSG00000138028	CGREF1	682	570	534	574	629	630	869
ENSG00000138029	HADHB	5699	4396	4142	4571	4705	5047	7193
ENSG00000138030	KHK	1909	1604	1497	1657	1766	1809	2403
ENSG00000138031	ADCY3	23	25	20	13	31	38	30
ENSG00000138032	PPM1B	1763	1230	1318	1449	1414	1557	2110
ENSG00000138035	PNPT1	631	546	550	574	539	668	957
ENSG00000138036	DYNC2LI1	421	307	342	350	306	368	528
ENSG00000138050	THUMPD2	339	198	258	313	239	233	336
ENSG00000138061	CYP1B1	1	1	0	1	3	0	4
ENSG00000138068	SULT6B1	0	1	0	0	0	0	0
ENSG00000138069	RAB1A	11201	8938	8199	9318	9784	10467	13632
ENSG00000138071	ACTR2	14859	10838	11034	12048	12597	14356	19627
ENSG00000138073	PREB	5766	4636	4193	4461	4965	4987	7115
ENSG00000138074	SLC5A6	8082	6244	5928	6066	6828	7060	9728
ENSG00000138075	ABCG5	455	398	294	355	359	398	581
ENSG00000138078	PREPL	2203	1628	1622	1721	1757	1953	2845
ENSG00000138079	SLC3A1	2	5	1	3	1	2	3
ENSG00000138080	EMILIN1	2376	1951	1845	1839	2111	2159	2837
ENSG00000138081	FBXO11	2455	1751	1855	2012	2068	2284	3390
ENSG00000138083	SIX3	0	0	0	0	0	0	1
ENSG00000138085	ATRAID	3127	2693	2298	2429	2810	2697	3724
ENSG00000138092	CENPO	2033	1515	1513	1604	1618	1813	2572
ENSG00000138095	LRPPRC	10645	7584	8088	8528	8871	8604	12869
ENSG00000138100	TRIM54	12	13	3	5	7	4	5
ENSG00000138101	DTNB	404	305	274	259	329	312	467
ENSG00000138107	ACTR1A	3508	2808	2514	2772	2964	2928	4174
ENSG00000138109	CYP2C9	0	3	3	2	4	1	6
ENSG00000138111	MFSD13A	237	178	151	186	201	212	307
ENSG00000138115	CYP2C8	0	0	3	4	6	4	5
ENSG00000138119	MYOF	82	51	58	51	77	79	132
ENSG00000138131	LOXL4	994	729	780	768	862	882	1143
ENSG00000138134	STAMBPL1	25	27	20	26	37	26	37
ENSG00000138136	LBX1	0	0	0	1	0	0	0
ENSG00000138138	ATAD1	1719	1405	1312	1407	1386	1547	2296
ENSG00000138152	BTBD16	36	50	36	29	55	38	68
ENSG00000138160	KIF11	2904	2141	2171	2237	2404	2782	3819
ENSG00000138161	CUZD1	0	5	4	0	4	0	0
ENSG00000138162	TACC2	1687	1302	1349	1293	1496	1541	2299
ENSG00000138166	DUSP5	231	165	202	215	223	224	321
ENSG00000138172	CALHM2	17	13	16	14	17	20	17
ENSG00000138175	ARL3	607	432	388	464	453	518	638
ENSG00000138180	CEP55	940	688	688	742	776	869	1246
ENSG00000138182	KIF20B	2183	1676	1906	1931	1748	2176	3349
ENSG00000138185	ENTPD1	429	377	314	367	353	383	581
ENSG00000138190	EXOC6	587	447	486	514	569	569	837
ENSG00000138193	PLCE1	110	90	65	84	88	97	116
ENSG00000138207	RBP4	16579	13734	12248	13703	14416	14442	19791
ENSG00000138231	DBR1	634	498	534	582	554	638	867
ENSG00000138246	DNAJC13	2129	1466	1583	1570	1678	2014	2955
ENSG00000138279	ANXA7	3237	2485	2336	2799	2825	2970	4081
ENSG00000138286	FAM149B1	234	204	180	207	230	242	324
ENSG00000138303	ASCC1	1028	798	678	736	872	1045	1290
ENSG00000138308	PLA2G12B	452	330	307	313	338	359	487
ENSG00000138315	OIT3	95	98	90	101	87	109	142
ENSG00000138316	ADAMTS14	12	9	11	8	15	14	14
ENSG00000138326	RPS24	18870	15558	13213	15102	15801	16300	22559
ENSG00000138336	TET1	1121	742	776	725	764	880	1355
ENSG00000138346	DNA2	662	507	492	513	515	593	871
ENSG00000138347	MYPN	1	0	0	2	0	0	1
ENSG00000138356	AOX1	1016	662	767	793	892	993	1349
ENSG00000138363	ATIC	8961	6844	6565	7417	7758	8075	11211
ENSG00000138375	SMARCAL1	1052	783	770	762	875	865	1228
ENSG00000138376	BARD1	510	380	413	389	422	479	674
ENSG00000138378	STAT4	2	0	0	2	0	5	0
ENSG00000138379	MSTN	0	1	0	0	0	1	0
ENSG00000138380	CARF	153	115	108	91	111	129	171
ENSG00000138381	ASNSD1	2458	1881	1800	1906	2074	2223	2986
ENSG00000138382	METTL5	1632	1401	1143	1387	1422	1532	2006
ENSG00000138385	SSB	9490	7537	7706	8357	8500	9105	12431
ENSG00000138386	NAB1	2364	1711	1727	1780	1924	2098	2990
ENSG00000138398	PPIG	5326	4363	4411	4994	4809	5185	6984
ENSG00000138399	FASTKD1	1018	698	711	748	815	928	1294
ENSG00000138400	MDH1B	9	5	14	12	14	5	13
ENSG00000138411	HECW2	1	0	0	2	0	0	3
ENSG00000138413	IDH1	23784	17975	17860	19984	20489	21897	30803
ENSG00000138430	OLA1	6347	5002	4576	5198	5388	5558	7864
ENSG00000138433	CIR1	1226	978	1013	1150	1071	1204	1558
ENSG00000138434	ITPRID2	2685	1908	1895	2072	2084	2457	3420
ENSG00000138435	CHRNA1	1	1	0	0	1	0	0
ENSG00000138439	FAM117B	1524	1138	1110	1185	1278	1374	1997
ENSG00000138442	WDR12	3398	2546	2368	2714	2933	3103	4229
ENSG00000138443	ABI2	2331	1715	1714	1755	1930	2036	2888
ENSG00000138448	ITGAV	6320	4011	4687	4868	4818	5924	8467
ENSG00000138449	SLC40A1	1826	1336	1250	1330	1430	1550	2103
ENSG00000138459	SLC35A5	511	377	410	443	523	485	671
ENSG00000138463	SLC49A4	423	357	312	325	368	416	604
ENSG00000138468	SENP7	494	414	372	333	355	465	670
ENSG00000138495	COX17	467	455	349	414	436	468	596
ENSG00000138496	PARP9	451	357	376	380	435	446	652
ENSG00000138587	MNS1	49	27	32	44	31	36	43
ENSG00000138592	USP8	1992	1464	1511	1649	1841	1875	2935
ENSG00000138593	SECISBP2L	1138	793	902	765	963	1087	1640
ENSG00000138594	TMOD3	1997	1538	1670	1618	1599	1888	2744
ENSG00000138600	SPPL2A	1751	1279	1317	1372	1433	1555	2271
ENSG00000138604	GLCE	660	468	525	459	508	597	838
ENSG00000138606	SHF	817	719	643	729	732	745	1025
ENSG00000138613	APH1B	22	14	20	15	28	18	28
ENSG00000138614	INTS14	1101	966	820	912	922	966	1492
ENSG00000138615	CILP	1	0	1	2	2	0	1
ENSG00000138617	PARP16	395	284	300	296	305	323	493
ENSG00000138621	PPCDC	232	180	154	203	201	229	306
ENSG00000138622	HCN4	0	0	1	0	0	1	4
ENSG00000138623	SEMA7A	1526	1318	1207	1233	1402	1465	1971
ENSG00000138629	UBL7	1749	1410	1300	1480	1650	1585	2200
ENSG00000138639	ARHGAP24	1	2	0	0	1	2	6
ENSG00000138640	FAM13A	99	68	89	69	82	110	133
ENSG00000138641	HERC3	258	251	239	295	296	307	426
ENSG00000138642	HERC6	38	26	27	26	34	47	56
ENSG00000138646	HERC5	11	0	7	10	7	6	8
ENSG00000138658	ZGRF1	134	160	112	123	118	138	253
ENSG00000138660	AP1AR	2243	1578	1754	1917	1913	2084	2906
ENSG00000138663	COPS4	1202	882	819	959	1044	1067	1434
ENSG00000138668	HNRNPD	16294	13418	12279	13121	14568	15008	19862
ENSG00000138669	PRKG2	4	0	2	2	0	0	4
ENSG00000138670	RASGEF1B	7	4	2	3	5	5	8
ENSG00000138674	SEC31A	13143	10195	9791	9520	10669	11881	17125
ENSG00000138675	FGF5	4	8	1	0	1	0	0
ENSG00000138678	GPAT3	535	395	427	427	483	520	713
ENSG00000138685	FGF2	5	5	5	1	2	5	3
ENSG00000138686	BBS7	376	275	267	302	337	366	492
ENSG00000138688	KIAA1109	978	792	697	680	970	956	1603
ENSG00000138698	RAP1GDS1	1214	932	954	976	1007	997	1524
ENSG00000138709	LARP1B	2029	1535	1551	1642	1602	1791	2587
ENSG00000138735	PDE5A	44	27	27	22	29	57	46
ENSG00000138744	NAAA	535	458	398	442	422	479	684
ENSG00000138750	NUP54	1199	917	939	953	1091	1184	1612
ENSG00000138756	BMP2K	544	453	340	474	499	530	821
ENSG00000138757	G3BP2	7406	5116	5670	5860	6235	6635	9247
ENSG00000138758	SEPTIN11	4587	3342	3723	3695	3835	4378	6147
ENSG00000138759	FRAS1	7702	5422	5482	4877	5800	6906	10421
ENSG00000138760	SCARB2	2905	2176	2344	2455	2606	2629	3776
ENSG00000138764	CCNG2	573	441	441	419	468	543	761
ENSG00000138767	CNOT6L	1440	1025	1023	1042	1062	1241	1881
ENSG00000138768	USO1	5306	3864	4079	4039	4399	4982	6965
ENSG00000138769	CDKL2	0	2	0	2	1	0	0
ENSG00000138772	ANXA3	257	178	181	208	245	233	364
ENSG00000138777	PPA2	182	259	166	125	169	168	265
ENSG00000138778	CENPE	1965	1456	1537	1515	1586	1838	2803
ENSG00000138780	GSTCD	832	665	627	683	778	765	1229
ENSG00000138785	INTS12	654	526	473	529	533	598	818
ENSG00000138792	ENPEP	0	0	0	1	0	0	0
ENSG00000138794	CASP6	582	479	442	523	538	537	712
ENSG00000138795	LEF1	0	7	9	5	2	6	9
ENSG00000138796	HADH	1219	986	957	1015	1144	1046	1553
ENSG00000138798	EGF	1	1	1	1	1	2	2
ENSG00000138801	PAPSS1	3642	2830	2785	2932	3035	3407	4458
ENSG00000138802	SEC24B	1839	1189	1300	1338	1422	1603	2371
ENSG00000138814	PPP3CA	1756	1303	1430	1439	1621	1662	2336
ENSG00000138821	SLC39A8	26	13	0	24	22	21	26
ENSG00000138823	MTTP	2036	1467	1518	1495	1522	1651	2490
ENSG00000138829	FBN2	2	2	1	0	0	0	4
ENSG00000138834	MAPK8IP3	2604	2546	2074	1999	2366	2413	3414
ENSG00000138835	RGS3	1158	887	813	853	988	1116	1414
ENSG00000138867	GUCD1	3606	2640	2615	2747	3099	3138	4557
ENSG00000138942	RNF185	1268	955	912	943	1086	1138	1558
ENSG00000138944	SHISAL1	0	1	0	0	0	0	1
ENSG00000138964	PARVG	0	2	0	0	0	0	1
ENSG00000139044	B4GALNT3	127	88	81	116	109	80	171
ENSG00000139055	ERP27	134	119	145	119	124	110	205
ENSG00000139083	ETV6	410	282	322	308	342	367	536
ENSG00000139112	GABARAPL1	559	432	452	393	511	508	742
ENSG00000139116	KIF21A	2538	1825	2026	2045	2164	2420	3366
ENSG00000139117	CPNE8	99	104	95	90	83	76	116
ENSG00000139131	YARS2	1064	883	814	893	977	979	1261
ENSG00000139132	FGD4	402	315	250	264	303	318	466
ENSG00000139133	ALG10	198	142	169	201	188	171	254
ENSG00000139144	PIK3C2G	0	0	1	0	0	0	0
ENSG00000139146	SINHCAF	3427	2694	2570	2957	2934	3247	4346
ENSG00000139154	AEBP2	1578	1290	1210	1291	1322	1525	2102
ENSG00000139160	ETFBKMT	37	32	29	30	35	28	43
ENSG00000139163	ETNK1	2477	1915	1893	2003	2050	2238	3225
ENSG00000139168	ZCRB1	1158	944	841	1015	971	1065	1373
ENSG00000139173	TMEM117	191	95	88	142	86	89	223
ENSG00000139174	PRICKLE1	2	0	0	0	0	1	0
ENSG00000139178	C1RL	1642	1253	1244	1239	1459	1617	2343
ENSG00000139180	NDUFA9	1057	861	875	970	923	1001	1266
ENSG00000139182	CLSTN3	3414	2591	2484	2750	2822	3107	4263
ENSG00000139187	KLRG1	10	11	10	11	16	14	26
ENSG00000139190	VAMP1	209	252	182	238	214	226	386
ENSG00000139192	TAPBPL	181	127	107	111	153	129	156
ENSG00000139193	CD27	0	0	0	0	0	0	3
ENSG00000139194	RBP5	260	200	190	203	199	232	294
ENSG00000139197	PEX5	1963	1497	1452	1632	1771	1837	2367
ENSG00000139200	PIANP	4	4	1	1	3	5	2
ENSG00000139209	SLC38A4	122	79	97	67	86	91	137
ENSG00000139211	AMIGO2	0	0	0	0	1	1	1
ENSG00000139218	SCAF11	3628	2800	2934	2868	3210	3671	5091
ENSG00000139219	COL2A1	473	435	362	357	378	407	556
ENSG00000139220	PPFIA2	4	3	0	2	2	0	0
ENSG00000139233	LLPH	1175	943	872	1033	1073	971	1424
ENSG00000139263	LRIG3	509	361	385	400	447	458	666
ENSG00000139266	MARCHF9	298	234	237	228	282	307	414
ENSG00000139269	INHBE	645	546	514	826	794	917	1236
ENSG00000139278	GLIPR1	140	61	77	107	79	93	159
ENSG00000139287	TPH2	0	0	0	0	0	1	0
ENSG00000139289	PHLDA1	10667	8262	8346	9365	9703	10037	14755
ENSG00000139291	TMEM19	924	726	696	726	866	892	1140
ENSG00000139292	LGR5	5572	4138	4175	4230	4495	5140	7609
ENSG00000139318	DUSP6	5039	4188	4043	3950	4303	4511	6503
ENSG00000139323	POC1B	555	406	432	427	461	463	681
ENSG00000139324	TMTC3	1053	739	823	840	763	936	1296
ENSG00000139343	SNRPF	1688	1530	1320	1494	1533	1476	1787
ENSG00000139344	AMDHD1	272	250	253	234	236	272	337
ENSG00000139350	NEDD1	881	600	634	692	712	778	1129
ENSG00000139351	SYCP3	1	1	0	0	0	0	1
ENSG00000139352	ASCL1	0	0	0	0	3	1	0
ENSG00000139354	GAS2L3	449	271	305	367	319	352	518
ENSG00000139364	TMEM132B	3	0	0	2	3	5	1
ENSG00000139370	SLC15A4	589	509	450	469	500	493	837
ENSG00000139372	TDG	918	673	675	758	752	745	1065
ENSG00000139405	RITA1	1173	958	836	877	1007	968	1396
ENSG00000139410	SDSL	82	47	42	67	67	65	100
ENSG00000139428	MMAB	536	451	400	468	468	440	595
ENSG00000139433	GLTP	860	651	662	710	692	805	1040
ENSG00000139436	GIT2	1369	1022	978	1015	1080	1282	1864
ENSG00000139437	TCHP	899	710	650	717	796	880	1193
ENSG00000139438	FAM222A	858	688	667	668	778	780	1133
ENSG00000139445	FOXN4	0	0	0	1	3	3	0
ENSG00000139496	NUP58	2272	1702	1850	1890	1925	2156	3168
ENSG00000139505	MTMR6	817	611	614	677	725	739	1130
ENSG00000139514	SLC7A1	4941	3658	3879	4204	4768	5289	7417
ENSG00000139515	PDX1	1	5	3	5	8	2	5
ENSG00000139517	LNX2	938	665	711	769	770	904	1251
ENSG00000139531	SUOX	951	770	735	815	833	947	1280
ENSG00000139537	CCDC65	29	16	16	14	18	17	24
ENSG00000139540	SLC39A5	1783	1494	1386	1379	1574	1582	2087
ENSG00000139546	TARBP2	694	570	493	683	642	659	859
ENSG00000139547	RDH16	0	0	2	1	0	0	2
ENSG00000139549	DHH	0	0	1	0	0	0	0
ENSG00000139567	ACVRL1	0	0	0	1	0	0	2
ENSG00000139574	NPFF	0	1	2	0	1	0	0
ENSG00000139579	NABP2	1364	1034	999	1153	1250	1252	1663
ENSG00000139597	N4BP2L1	306	189	133	236	193	206	279
ENSG00000139613	SMARCC2	2498	2102	1899	1969	2254	2393	3419
ENSG00000139618	BRCA2	894	642	685	668	705	781	1223
ENSG00000139620	KANSL2	538	422	377	439	477	545	707
ENSG00000139624	CERS5	673	560	494	604	655	631	887
ENSG00000139625	MAP3K12	4	7	5	0	1	6	13
ENSG00000139626	ITGB7	4	1	2	3	3	0	7
ENSG00000139629	GALNT6	90	60	80	68	71	76	97
ENSG00000139631	CSAD	204	178	129	167	185	190	260
ENSG00000139636	LMBR1L	225	161	125	237	252	233	327
ENSG00000139637	MYG1	850	695	672	701	782	770	1073
ENSG00000139641	ESYT1	4709	3490	3479	3752	3948	4227	5787
ENSG00000139644	TMBIM6	18950	14303	14277	15163	16138	16757	23267
ENSG00000139645	ANKRD52	4015	2993	2973	2895	3454	3640	5255
ENSG00000139651	ZNF740	1437	1102	1055	1196	1317	1397	1901
ENSG00000139668	WDFY2	3205	2537	2420	2432	2660	3080	4353
ENSG00000139679	LPAR6	1344	1032	1034	1015	1047	1181	1755
ENSG00000139684	ESD	3005	2471	2104	2471	2726	2791	3902
ENSG00000139687	RB1	2231	1583	1782	1708	1751	2099	3123
ENSG00000139697	SBNO1	3280	2423	2632	2590	2722	3124	4330
ENSG00000139714	MORN3	96	120	78	117	90	101	159
ENSG00000139718	SETD1B	1381	1156	1154	947	1235	1319	1929
ENSG00000139719	VPS33A	1482	1062	1205	1147	1274	1408	1845
ENSG00000139722	VPS37B	760	586	559	655	670	708	1026
ENSG00000139725	RHOF	1512	1112	1097	1157	1209	1322	1754
ENSG00000139726	DENR	4010	2986	3290	3315	3570	3741	5186
ENSG00000139734	DIAPH3	802	544	606	621	649	673	1003
ENSG00000139737	SLAIN1	46	34	39	47	43	57	69
ENSG00000139746	RBM26	2906	2154	2175	2157	2319	2568	3846
ENSG00000139780	METTL21C	0	0	0	0	0	0	1
ENSG00000139793	MBNL2	2421	1702	1783	1938	2034	2384	3483
ENSG00000139797	RNF113B	1	0	0	1	0	1	4
ENSG00000139800	ZIC5	41	29	23	19	30	23	34
ENSG00000139826	ABHD13	649	514	457	530	539	627	824
ENSG00000139832	RAB20	497	407	399	448	469	518	683
ENSG00000139835	GRTP1	919	771	692	813	881	849	1311
ENSG00000139842	CUL4A	3852	3061	2952	3054	3309	3621	5178
ENSG00000139865	TTC6	399	341	307	306	336	360	609
ENSG00000139874	SSTR1	9	5	6	4	5	10	13
ENSG00000139880	CDH24	118	96	62	70	89	86	129
ENSG00000139890	REM2	1	1	0	0	0	1	1
ENSG00000139899	CBLN3	36	42	25	27	36	40	54
ENSG00000139908	TSSK4	28	34	32	19	21	36	56
ENSG00000139910	NOVA1	3	2	1	3	1	5	11
ENSG00000139914	FITM1	61	54	51	38	58	60	91
ENSG00000139921	TMX1	2115	1475	1506	1546	1710	1757	2461
ENSG00000139926	FRMD6	189	140	120	112	144	157	210
ENSG00000139946	PELI2	1	3	3	3	3	2	9
ENSG00000139970	RTN1	2	3	2	0	5	0	4
ENSG00000139971	ARMH4	6	2	10	8	4	7	10
ENSG00000139973	SYT16	2	1	0	0	2	1	1
ENSG00000139974	SLC38A6	304	260	203	246	257	288	317
ENSG00000139977	NAA30	1449	1031	1030	1103	1151	1267	1759
ENSG00000139985	ADAM21	7	2	3	3	3	0	5
ENSG00000139988	RDH12	16	18	19	14	20	12	43
ENSG00000139990	DCAF5	1641	1396	1288	1276	1413	1549	2248
ENSG00000139998	RAB15	929	772	684	777	820	866	1210
ENSG00000140006	WDR89	506	391	401	466	464	478	653
ENSG00000140009	ESR2	2	4	4	0	3	5	5
ENSG00000140022	STON2	247	206	201	184	190	235	346
ENSG00000140025	EFCAB11	219	206	218	252	200	219	333
ENSG00000140030	GPR65	12	14	6	8	6	7	10
ENSG00000140043	PTGR2	171	130	111	120	129	126	192
ENSG00000140044	JDP2	282	178	203	360	347	313	450
ENSG00000140057	AK7	12	17	10	13	6	5	13
ENSG00000140067	FAM181A	21	16	15	16	13	14	29
ENSG00000140090	SLC24A4	26	25	25	22	28	28	39
ENSG00000140092	FBLN5	7	2	1	6	4	1	0
ENSG00000140093	SERPINA10	967	740	754	749	776	895	1244
ENSG00000140104	CLBA1	93	71	79	70	81	75	110
ENSG00000140105	WARS1	2856	2162	2155	2526	2735	2817	4049
ENSG00000140107	SLC25A47	52	41	47	37	43	45	69
ENSG00000140153	WDR20	738	606	539	546	666	740	979
ENSG00000140157	NIPA2	2799	2057	1993	2227	2302	2389	3328
ENSG00000140199	SLC12A6	1198	986	888	836	1003	1071	1592
ENSG00000140254	DUOXA1	1	0	2	0	0	5	0
ENSG00000140259	MFAP1	1519	1127	1100	1251	1272	1461	1928
ENSG00000140262	TCF12	2271	1685	1746	1706	1994	2167	3254
ENSG00000140263	SORD	2718	1906	2040	2221	2046	1955	3031
ENSG00000140264	SERF2	9128	7993	6780	7842	8024	8301	10706
ENSG00000140265	ZSCAN29	1277	1075	984	939	1054	1212	1768
ENSG00000140279	DUOX2	0	0	1	0	1	0	1
ENSG00000140280	LYSMD2	6	6	6	4	1	2	6
ENSG00000140284	SLC27A2	943	719	713	734	758	771	1211
ENSG00000140285	FGF7	3	2	2	2	0	1	4
ENSG00000140297	GCNT3	568	418	408	482	549	548	763
ENSG00000140299	BNIP2	1671	1244	1228	1344	1258	1564	2083
ENSG00000140307	GTF2A2	1202	1065	810	1090	1009	1066	1329
ENSG00000140319	SRP14	5642	4581	4289	4702	4949	4924	6560
ENSG00000140320	BAHD1	1114	786	771	874	938	1040	1345
ENSG00000140323	DISP2	54	48	50	41	56	63	89
ENSG00000140326	CDAN1	780	615	536	580	624	672	942
ENSG00000140332	TLE3	1247	988	1035	1001	1068	1219	1735
ENSG00000140350	ANP32A	6465	5305	5076	5875	5955	6059	8675
ENSG00000140365	COMMD4	1162	1017	847	1030	1027	1106	1360
ENSG00000140367	UBE2Q2	1103	795	892	850	903	927	1362
ENSG00000140368	PSTPIP1	20	18	23	20	26	17	23
ENSG00000140374	ETFA	1997	1561	1464	1870	1834	1909	2407
ENSG00000140379	BCL2A1	3	2	1	3	3	3	3
ENSG00000140382	HMG20A	1564	1199	1154	1310	1419	1459	2243
ENSG00000140386	SCAPER	291	205	205	257	269	307	411
ENSG00000140391	TSPAN3	4814	3535	3449	3848	3988	4262	5630
ENSG00000140395	WDR61	1026	779	764	808	825	915	1166
ENSG00000140396	NCOA2	1961	1352	1537	1430	1561	1911	2709
ENSG00000140398	NEIL1	142	127	96	96	137	106	184
ENSG00000140400	MAN2C1	1447	1150	957	1080	1207	1280	1625
ENSG00000140403	DNAJA4	0	0	2	0	0	0	0
ENSG00000140406	TLNRD1	1466	1168	1154	1138	1276	1295	1747
ENSG00000140416	TPM1	2700	1898	1965	2090	2036	2303	3059
ENSG00000140443	IGF1R	4682	3657	3527	3249	3753	4287	6079
ENSG00000140450	ARRDC4	107	65	96	98	89	120	177
ENSG00000140451	PIF1	526	482	420	389	463	470	644
ENSG00000140455	USP3	605	507	480	506	583	596	869
ENSG00000140459	CYP11A1	12	7	12	8	14	15	10
ENSG00000140463	BBS4	310	207	221	204	241	255	378
ENSG00000140464	PML	897	696	699	651	711	774	1153
ENSG00000140465	CYP1A1	158	152	127	155	195	160	224
ENSG00000140470	ADAMTS17	7	5	6	5	4	7	7
ENSG00000140471	LINS1	120	70	69	60	94	82	153
ENSG00000140474	ULK3	356	336	358	345	436	410	523
ENSG00000140478	GOLGA6D	0	0	1	0	3	0	2
ENSG00000140479	PCSK6	3918	3121	2949	3018	3409	3779	4883
ENSG00000140481	CCDC33	0	0	0	1	0	0	0
ENSG00000140488	CELF6	41	47	29	0	1	45	36
ENSG00000140497	SCAMP2	3320	2671	2515	2623	2803	2816	4223
ENSG00000140505	CYP1A2	1	1	4	0	3	6	1
ENSG00000140511	HAPLN3	1	0	2	1	1	2	3
ENSG00000140519	RHCG	0	0	0	0	1	0	0
ENSG00000140521	POLG	1495	1013	1141	1184	1277	1343	1687
ENSG00000140522	RLBP1	3	6	1	5	3	3	7
ENSG00000140525	FANCI	1790	1238	1300	1461	1569	1789	2340
ENSG00000140526	ABHD2	2123	1427	1622	1511	1846	2049	2848
ENSG00000140527	WDR93	2	0	0	2	1	1	2
ENSG00000140534	TICRR	930	665	673	654	757	869	1275
ENSG00000140538	NTRK3	0	0	1	0	1	0	1
ENSG00000140543	DET1	69	60	77	57	78	83	109
ENSG00000140545	MFGE8	242	221	220	244	201	252	327
ENSG00000140548	ZNF710	1195	865	886	920	1122	1063	1478
ENSG00000140553	UNC45A	2182	1844	1679	1860	1954	2163	2657
ENSG00000140563	MCTP2	151	93	138	81	136	103	212
ENSG00000140564	FURIN	5068	3772	3800	4175	4795	4866	6719
ENSG00000140575	IQGAP1	4070	2583	3238	2832	3228	3718	5773
ENSG00000140577	CRTC3	629	497	470	488	559	662	945
ENSG00000140598	EFL1	495	351	390	401	497	509	710
ENSG00000140612	SEC11A	3541	2728	2650	2944	3087	3197	4370
ENSG00000140623	SEPTIN12	0	0	0	0	0	1	0
ENSG00000140632	GLYR1	3636	2767	2559	2860	3228	3224	4720
ENSG00000140650	PMM2	3779	2893	2731	2980	3154	3222	4422
ENSG00000140675	SLC5A2	12	12	7	7	11	8	10
ENSG00000140678	ITGAX	8	0	5	7	9	0	14
ENSG00000140682	TGFB1I1	148	111	107	105	113	130	165
ENSG00000140688	RUSF1	1976	1577	1607	1611	1798	1809	2640
ENSG00000140691	ARMC5	1426	1184	1103	1126	1248	1200	1786
ENSG00000140694	PARN	2626	2041	1947	2082	2353	2436	3639
ENSG00000140718	FTO	1356	865	1127	1095	1152	1302	1964
ENSG00000140740	UQCRC2	11462	8946	8393	8945	9637	10167	14348
ENSG00000140743	CDR2	4547	3509	3366	3366	3818	4095	5777
ENSG00000140749	IGSF6	4	2	2	3	5	3	10
ENSG00000140750	ARHGAP17	3281	2394	2496	2509	2696	2730	4118
ENSG00000140795	MYLK3	16	14	12	6	13	6	14
ENSG00000140807	NKD1	17016	13128	12813	13047	14748	16098	22704
ENSG00000140829	DHX38	6286	5079	4658	5006	5578	5907	8058
ENSG00000140830	TXNL4B	818	610	562	678	665	705	938
ENSG00000140832	MARVELD3	354	288	297	312	356	331	460
ENSG00000140835	CHST4	0	0	0	1	1	2	0
ENSG00000140836	ZFHX3	3714	2755	2689	2492	2748	3033	4451
ENSG00000140839	CLEC18B	6	4	4	4	11	4	7
ENSG00000140848	CPNE2	428	314	324	347	346	389	530
ENSG00000140853	NLRC5	447	441	377	353	397	440	608
ENSG00000140854	KATNB1	1863	1447	1341	1606	1637	1683	2375
ENSG00000140859	KIFC3	2648	2160	2107	2230	2367	2375	3372
ENSG00000140876	NUDT7	201	126	139	163	157	173	237
ENSG00000140905	GCSH	3329	2513	2398	2767	2753	2875	3884
ENSG00000140931	CMTM3	1989	1583	1480	1536	1812	1781	2560
ENSG00000140932	CMTM2	0	0	0	0	0	0	1
ENSG00000140939	NOL3	231	210	174	185	201	199	316
ENSG00000140941	MAP1LC3B	3867	2933	2844	3181	3239	3340	4955
ENSG00000140943	MBTPS1	5754	4448	4302	4848	5158	5655	7778
ENSG00000140945	CDH13	0	3	1	0	1	1	1
ENSG00000140948	ZCCHC14	3441	2792	2735	2736	2977	3247	4927
ENSG00000140950	MEAK7	670	515	494	547	577	516	809
ENSG00000140955	ADAD2	2	0	0	0	0	0	0
ENSG00000140961	OSGIN1	1527	1264	1214	1289	1426	1336	2067
ENSG00000140983	RHOT2	2715	2421	2009	2345	2443	2557	3417
ENSG00000140986	RPL3L	18	18	14	15	15	15	24
ENSG00000140987	ZSCAN32	294	292	259	227	279	338	436
ENSG00000140988	RPS2	69839	59832	52347	59558	65677	64855	87177
ENSG00000140990	NDUFB10	2087	1825	1547	1783	1947	1930	2649
ENSG00000140992	PDPK1	4561	3462	3491	3479	3862	4499	6299
ENSG00000140993	TIGD7	23	17	27	8	0	10	30
ENSG00000140995	DEF8	2540	2155	1801	2118	2311	2176	2935
ENSG00000141002	TCF25	3702	2892	2826	3065	3208	3341	4696
ENSG00000141012	GALNS	650	520	493	520	628	615	775
ENSG00000141013	GAS8	599	474	498	507	556	620	795
ENSG00000141026	MED9	572	450	407	483	490	547	677
ENSG00000141027	NCOR1	4575	3363	2927	3220	3463	4105	5958
ENSG00000141030	COPS3	1779	1276	1212	1370	1486	1551	2012
ENSG00000141034	GID4	524	406	351	401	433	444	686
ENSG00000141040	ZNF287	1	2	2	3	2	0	7
ENSG00000141068	KSR1	1324	1053	1015	1066	1182	1302	1789
ENSG00000141076	UTP4	3590	2802	2564	2856	3344	3180	4602
ENSG00000141084	RANBP10	1588	1163	1246	1160	1357	1414	1931
ENSG00000141086	CTRL	20	12	14	18	12	13	25
ENSG00000141098	GFOD2	1138	968	839	892	1042	1035	1477
ENSG00000141101	NOB1	5346	4211	3898	4577	4969	4864	6845
ENSG00000141127	PRPSAP2	1144	939	867	884	969	885	1432
ENSG00000141161	UNC45B	0	2	0	0	0	0	0
ENSG00000141179	PCTP	1475	1067	1054	1190	1287	1405	1926
ENSG00000141194	OR4D1	1	1	1	1	1	0	1
ENSG00000141198	TOM1L1	1374	1079	973	1070	1194	1338	1727
ENSG00000141219	C17orf80	1358	1024	903	1008	1111	1328	1720
ENSG00000141232	TOB1	4006	3075	3033	3256	3488	3704	5189
ENSG00000141252	VPS53	384	294	272	201	280	305	410
ENSG00000141255	SPATA22	0	0	0	0	0	0	1
ENSG00000141258	SGSM2	1947	1607	1659	1544	1845	1979	2647
ENSG00000141279	NPEPPS	5068	3784	4074	4252	4667	4682	6641
ENSG00000141294	LRRC46	14	3	2	9	13	15	10
ENSG00000141295	SCRN2	402	341	330	348	358	300	461
ENSG00000141298	SSH2	629	429	413	387	474	535	749
ENSG00000141314	RHBDL3	0	2	1	0	0	0	2
ENSG00000141337	ARSG	398	332	292	326	342	348	531
ENSG00000141338	ABCA8	3	4	0	1	0	5	6
ENSG00000141349	G6PC3	2042	1675	1637	1716	1920	1878	2558
ENSG00000141367	CLTC	26350	18408	20053	18961	21398	23581	34598
ENSG00000141376	BCAS3	485	312	343	370	386	410	626
ENSG00000141378	PTRH2	1358	1138	954	1031	1150	1183	1626
ENSG00000141380	SS18	2075	1544	1516	1637	1749	1893	2650
ENSG00000141384	TAF4B	202	137	133	145	150	222	288
ENSG00000141385	AFG3L2	3491	2654	2767	2877	2963	3362	4427
ENSG00000141391	PRELID3A	286	298	212	277	274	259	414
ENSG00000141401	IMPA2	1699	1235	1297	1492	1528	1559	2114
ENSG00000141404	GNAL	123	100	78	67	90	98	143
ENSG00000141424	SLC39A6	2357	1554	1823	1789	1908	2127	3017
ENSG00000141425	RPRD1A	3191	2478	2500	2587	2733	3219	4343
ENSG00000141428	C18orf21	466	356	328	388	396	436	594
ENSG00000141429	GALNT1	3542	2614	2703	2984	2938	3103	4495
ENSG00000141431	ASXL3	0	0	0	0	1	0	1
ENSG00000141434	MEP1B	0	0	0	0	1	1	1
ENSG00000141437	SLC25A52	4	13	11	11	11	10	12
ENSG00000141441	GAREM1	209	147	128	173	164	198	236
ENSG00000141446	ESCO1	938	675	679	685	848	943	1265
ENSG00000141447	OSBPL1A	8	6	2	8	5	2	5
ENSG00000141448	GATA6	253	225	182	197	229	273	375
ENSG00000141449	GREB1L	19	6	15	15	12	13	27
ENSG00000141452	RMC1	576	454	435	428	443	511	745
ENSG00000141456	PELP1	5082	4191	3932	4237	4565	4681	6140
ENSG00000141458	NPC1	4534	3360	3497	3437	3756	4258	5950
ENSG00000141480	ARRB2	1889	1574	1440	1605	1683	1764	2356
ENSG00000141485	SLC13A5	4358	3538	3421	3488	3939	4072	5890
ENSG00000141497	ZMYND15	46	54	42	47	43	57	56
ENSG00000141499	WRAP53	727	581	576	601	585	658	844
ENSG00000141503	MINK1	4227	3393	3064	3307	3592	3945	5243
ENSG00000141504	SAT2	378	396	276	361	388	358	474
ENSG00000141505	ASGR1	15737	13583	12127	12692	13745	14294	19083
ENSG00000141510	TP53	2793	2091	2044	2267	2465	2631	3658
ENSG00000141519	CCDC40	120	101	96	131	117	141	170
ENSG00000141522	ARHGDIA	12933	10273	9596	10424	11328	11332	15386
ENSG00000141524	TMC6	2291	1774	1618	1744	2013	2143	2873
ENSG00000141526	SLC16A3	21436	19193	17138	17727	19463	19839	25598
ENSG00000141527	CARD14	11	0	1	1	0	3	2
ENSG00000141540	TTYH2	34	30	31	28	45	28	39
ENSG00000141542	RAB40B	396	316	298	294	318	341	499
ENSG00000141543	EIF4A3	4849	3792	3530	4063	4219	4364	5900
ENSG00000141551	CSNK1D	5428	4322	3950	4434	4903	5180	6768
ENSG00000141552	ANAPC11	1568	1471	1172	1302	1508	1447	1768
ENSG00000141556	TBCD	2586	2231	1910	2170	2370	2388	3213
ENSG00000141560	FN3KRP	1615	1394	1150	1355	1500	1488	1983
ENSG00000141562	NARF	1158	947	896	981	1105	1027	1449
ENSG00000141564	RPTOR	3629	2556	2702	2594	3258	3433	4796
ENSG00000141568	FOXK2	6374	5018	5064	5206	5658	5827	8338
ENSG00000141569	TRIM65	1173	977	929	1003	1023	1112	1458
ENSG00000141570	CBX8	661	600	540	610	638	669	865
ENSG00000141574	SECTM1	283	277	234	222	256	253	330
ENSG00000141576	RNF157	26	18	13	19	22	24	45
ENSG00000141577	CEP131	1428	1260	1090	1218	1320	1386	1873
ENSG00000141579	ZNF750	0	1	3	1	0	2	3
ENSG00000141580	WDR45B	4666	3677	3508	3827	3969	4454	5726
ENSG00000141582	CBX4	2887	2534	2415	2680	2865	2840	3854
ENSG00000141622	RNF165	0	0	0	0	0	0	5
ENSG00000141627	DYM	1511	1076	1025	1076	1256	1330	1860
ENSG00000141639	MAPK4	0	0	0	0	0	1	2
ENSG00000141642	ELAC1	72	60	47	56	62	71	100
ENSG00000141644	MBD1	1540	1213	1121	1229	1284	1411	1894
ENSG00000141646	SMAD4	1076	810	817	806	953	979	1503
ENSG00000141655	TNFRSF11A	527	362	425	442	446	545	666
ENSG00000141664	ZCCHC2	4041	3118	2942	3021	3377	3617	5524
ENSG00000141665	FBXO15	0	0	0	0	1	1	2
ENSG00000141682	PMAIP1	90	71	64	116	103	116	160
ENSG00000141696	P3H4	2825	2355	2299	2322	2588	2501	3394
ENSG00000141698	NT5C3B	185	195	152	159	138	172	247
ENSG00000141699	RETREG3	2000	1705	1558	1678	1919	1919	2593
ENSG00000141736	ERBB2	5445	4088	4125	3936	4587	4621	6618
ENSG00000141738	GRB7	2938	2316	2270	2323	2580	2435	3600
ENSG00000141741	MIEN1	1010	881	745	855	882	972	1235
ENSG00000141744	PNMT	1	6	5	1	5	0	3
ENSG00000141750	STAC2	7	0	0	8	5	8	12
ENSG00000141753	IGFBP4	2885	2308	2169	2460	2682	2592	3519
ENSG00000141756	FKBP10	8543	7117	6724	7051	7498	7705	10945
ENSG00000141759	TXNL4A	2617	2335	1859	2190	2281	2457	3086
ENSG00000141837	CACNA1A	0	0	0	0	0	1	1
ENSG00000141854	MISP3	123	120	109	113	123	97	193
ENSG00000141858	SAMD1	2240	1810	1660	1796	1948	1923	2802
ENSG00000141867	BRD4	6103	4744	4763	4610	5396	5478	7989
ENSG00000141873	SLC39A3	1306	1059	934	1133	1214	1146	1628
ENSG00000141905	NFIC	2069	1697	1718	1697	1865	1961	2787
ENSG00000141933	TPGS1	208	194	150	182	204	205	275
ENSG00000141934	PLPP2	0	1	0	1	0	0	1
ENSG00000141946	ZIM3	0	0	0	0	0	1	0
ENSG00000141956	PRDM15	421	324	332	301	363	427	480
ENSG00000141959	PFKL	5614	4624	4333	4529	5047	5133	7017
ENSG00000141965	FEM1A	445	358	322	305	396	424	537
ENSG00000141971	MVB12A	769	625	565	601	666	615	879
ENSG00000141985	SH3GL1	5027	4229	3721	4068	4522	4730	6357
ENSG00000141994	DUS3L	976	721	704	740	823	847	1164
ENSG00000142002	DPP9	3897	3128	2996	3084	3403	3687	5117
ENSG00000142025	DMRTC2	0	1	0	0	0	0	1
ENSG00000142039	CCDC97	1052	834	820	835	961	986	1408
ENSG00000142046	TMEM91	142	127	104	96	112	132	158
ENSG00000142065	ZFP14	198	172	178	159	190	224	315
ENSG00000142082	SIRT3	407	357	334	325	390	379	528
ENSG00000142089	IFITM3	3916	3262	2960	3310	3521	3333	4836
ENSG00000142102	PGGHG	320	285	232	252	246	339	453
ENSG00000142149	HUNK	427	359	367	371	379	421	543
ENSG00000142156	COL6A1	264	275	218	237	228	276	369
ENSG00000142166	IFNAR1	1165	941	940	992	903	1018	1508
ENSG00000142168	SOD1	5751	4508	4147	4719	4763	5146	6714
ENSG00000142173	COL6A2	11	10	15	3	11	14	24
ENSG00000142178	SIK1	176	175	158	169	235	229	317
ENSG00000142182	DNMT3L	1	4	2	1	2	0	1
ENSG00000142185	TRPM2	0	0	0	1	0	0	4
ENSG00000142186	SCYL1	4085	3441	3126	3261	3491	3715	5171
ENSG00000142188	TMEM50B	702	581	543	538	620	626	883
ENSG00000142192	APP	11339	8716	9021	9116	9552	10616	14702
ENSG00000142197	DOP1B	316	270	267	251	312	370	428
ENSG00000142207	URB1	2569	1903	1928	1947	2269	2451	3541
ENSG00000142208	AKT1	5228	4295	3945	4344	4841	4789	6366
ENSG00000142224	IL19	0	0	0	0	0	2	0
ENSG00000142227	EMP3	199	126	100	131	138	152	214
ENSG00000142230	SAE1	7106	5540	5251	5399	6454	6279	8514
ENSG00000142235	LMTK3	125	130	129	134	123	166	192
ENSG00000142252	GEMIN7	801	688	524	633	663	678	937
ENSG00000142273	CBLC	88	68	72	72	86	68	123
ENSG00000142279	WTIP	554	413	375	428	494	462	686
ENSG00000142303	ADAMTS10	15	3	2	4	8	8	16
ENSG00000142319	SLC6A3	1	0	0	1	0	2	0
ENSG00000142327	RNPEPL1	2550	1852	1957	1974	2049	1980	2933
ENSG00000142330	CAPN10	942	869	766	780	946	946	1233
ENSG00000142347	MYO1F	10	7	1	8	9	8	11
ENSG00000142396	ERVK3-1	626	509	422	556	570	550	736
ENSG00000142405	NLRP12	8	6	2	5	8	5	13
ENSG00000142408	CACNG8	2	1	4	0	1	0	1
ENSG00000142409	ZNF787	2967	2497	2249	2494	2859	2640	3664
ENSG00000142444	TIMM29	496	429	362	370	427	425	524
ENSG00000142449	FBN3	9	7	5	7	6	7	7
ENSG00000142453	CARM1	4726	3672	3639	3884	4151	4329	6049
ENSG00000142459	EVI5L	214	160	115	162	170	190	249
ENSG00000142484	TM4SF5	1364	1233	1038	1191	1241	1199	1543
ENSG00000142494	SLC47A1	2617	1914	1905	2018	2281	2326	3254
ENSG00000142507	PSMB6	3352	2967	2559	2993	3161	3031	4092
ENSG00000142511	GPR32	0	1	0	0	0	0	0
ENSG00000142512	SIGLEC10	0	5	2	6	3	0	5
ENSG00000142513	ACP4	2	3	2	3	0	2	1
ENSG00000142528	ZNF473	513	388	346	410	447	493	693
ENSG00000142534	RPS11	22489	19537	15531	19342	20019	20986	26300
ENSG00000142539	NA	0	0	0	0	2	1	0
ENSG00000142541	RPL13A	66612	58345	48640	60388	64346	61742	77501
ENSG00000142544	CTU1	353	290	240	282	320	295	366
ENSG00000142546	NOSIP	1440	1202	1038	1299	1313	1222	1694
ENSG00000142549	IGLON5	67	58	62	33	47	62	102
ENSG00000142552	RCN3	257	286	201	218	246	247	323
ENSG00000142556	ZNF614	1196	878	876	916	984	1135	1592
ENSG00000142583	SLC2A5	8	21	14	11	13	8	15
ENSG00000142599	RERE	6002	4695	4726	4164	4977	5417	7844
ENSG00000142606	MMEL1	1	2	2	2	0	1	0
ENSG00000142609	CFAP74	14	20	4	11	12	17	26
ENSG00000142611	PRDM16	10	9	9	9	9	21	25
ENSG00000142615	CELA2A	0	0	0	0	1	0	0
ENSG00000142619	PADI3	0	0	0	1	1	0	0
ENSG00000142621	FHAD1	1	3	0	0	1	2	0
ENSG00000142627	EPHA2	5145	4082	4111	4128	4634	4713	6469
ENSG00000142632	ARHGEF19	100	66	44	43	62	67	86
ENSG00000142634	EFHD2	1879	1385	1387	1384	1519	1555	2140
ENSG00000142655	PEX14	1092	898	829	888	1024	977	1419
ENSG00000142657	PGD	8082	6461	6187	6506	7146	7651	10446
ENSG00000142661	MYOM3	1393	1088	1035	1081	1229	1370	1819
ENSG00000142669	SH3BGRL3	1094	989	833	911	1031	1073	1444
ENSG00000142675	CNKSR1	330	301	263	284	282	290	422
ENSG00000142676	RPL11	11053	9806	8196	9531	10434	10889	14870
ENSG00000142677	IL22RA1	497	363	390	367	454	431	561
ENSG00000142684	ZNF593	784	656	562	663	715	690	991
ENSG00000142686	C1orf216	69	47	33	45	38	55	93
ENSG00000142687	KIAA0319L	2247	1687	1879	1817	2000	2089	3005
ENSG00000142694	EVA1B	196	179	145	138	152	156	229
ENSG00000142700	DMRTA2	9	8	6	7	10	8	10
ENSG00000142731	PLK4	1056	823	795	783	860	958	1453
ENSG00000142733	MAP3K6	140	85	91	94	162	146	325
ENSG00000142751	GPN2	1240	1071	883	1004	1127	1163	1586
ENSG00000142765	SYTL1	336	355	270	321	342	343	523
ENSG00000142784	WDTC1	1090	868	797	826	977	1055	1391
ENSG00000142789	CELA3A	0	0	1	1	0	0	0
ENSG00000142794	NBPF3	2	18	9	6	13	32	18
ENSG00000142798	HSPG2	6978	4670	5029	3970	5418	6224	9251
ENSG00000142856	ITGB3BP	428	326	266	323	355	345	464
ENSG00000142864	SERBP1	21197	15792	16541	17582	18165	19282	26860
ENSG00000142867	BCL10	563	419	415	431	490	556	699
ENSG00000142871	CCN1	620	469	459	493	518	542	765
ENSG00000142875	PRKACB	367	269	310	354	325	351	580
ENSG00000142892	PIGK	1001	804	805	882	905	1088	1453
ENSG00000142910	TINAGL1	994	769	684	755	843	861	1282
ENSG00000142920	AZIN2	37	40	34	33	42	31	46
ENSG00000142937	RPS8	30494	25900	23507	27028	27190	28019	36764
ENSG00000142945	KIF2C	2411	1751	1731	1903	1988	2145	2862
ENSG00000142949	PTPRF	12020	8961	9706	9549	10937	12255	16504
ENSG00000142959	BEST4	83	83	83	74	76	93	121
ENSG00000142961	MOB3C	160	96	90	112	104	155	149
ENSG00000143013	LMO4	946	718	697	948	1085	1002	1415
ENSG00000143028	SYPL2	27	18	23	25	28	26	58
ENSG00000143033	MTF2	1422	1047	1143	1271	1144	1377	1919
ENSG00000143036	SLC44A3	302	224	213	231	255	219	386
ENSG00000143061	IGSF3	35	41	20	20	34	38	49
ENSG00000143067	ZNF697	746	511	522	530	573	647	905
ENSG00000143079	CTTNBP2NL	423	327	331	354	357	463	658
ENSG00000143093	STRIP1	1027	789	757	769	938	993	1304
ENSG00000143106	PSMA5	2527	2358	1872	2213	2627	2404	3033
ENSG00000143107	FNDC7	1	0	0	1	1	1	2
ENSG00000143110	C1orf162	2	7	2	0	7	5	12
ENSG00000143126	CELSR2	1083	802	880	770	949	1077	1500
ENSG00000143127	ITGA10	222	184	190	204	239	221	305
ENSG00000143147	GPR161	19	28	23	31	29	26	33
ENSG00000143149	ALDH9A1	1329	992	1027	1065	1095	1065	1543
ENSG00000143153	ATP1B1	9642	7651	7615	8252	8119	8981	12336
ENSG00000143155	TIPRL	821	628	568	648	687	702	950
ENSG00000143156	NME7	327	234	308	261	312	315	397
ENSG00000143157	POGK	1483	1132	1134	1100	1291	1367	1968
ENSG00000143158	MPC2	2055	1561	1471	1601	1778	1798	2284
ENSG00000143162	CREG1	1182	946	944	964	1058	1100	1631
ENSG00000143164	DCAF6	1896	1461	1410	1432	1533	1706	2445
ENSG00000143178	TBX19	11	11	20	2	8	18	25
ENSG00000143179	UCK2	2454	1965	1903	2136	2228	2357	2988
ENSG00000143183	TMCO1	2412	1910	1853	2080	2024	2155	2972
ENSG00000143184	XCL1	48	38	40	43	31	47	68
ENSG00000143185	XCL2	1	1	0	0	3	0	2
ENSG00000143190	POU2F1	1546	1284	1127	1086	1365	1354	2048
ENSG00000143195	ILDR2	4	2	7	6	1	1	4
ENSG00000143196	DPT	1	0	0	1	0	0	1
ENSG00000143198	MGST3	649	476	441	477	539	566	720
ENSG00000143199	ADCY10	3	5	0	0	0	2	1
ENSG00000143207	COP1	1101	912	812	902	1032	1016	1456
ENSG00000143217	NECTIN4	293	220	254	246	240	272	341
ENSG00000143222	UFC1	1398	1148	966	1100	1304	1263	1696
ENSG00000143224	PPOX	260	170	166	183	211	239	316
ENSG00000143226	FCGR2A	0	0	0	1	0	0	4
ENSG00000143228	NUF2	986	839	753	880	919	937	1268
ENSG00000143248	RGS5	24	16	19	17	22	27	31
ENSG00000143252	SDHC	4334	3494	3176	3609	3859	3889	5333
ENSG00000143256	PFDN2	1643	1475	1277	1520	1547	1617	2098
ENSG00000143257	NR1I3	20	16	16	17	23	19	14
ENSG00000143258	USP21	642	514	471	530	572	591	868
ENSG00000143278	F13B	22	20	18	18	15	28	39
ENSG00000143294	PRCC	2411	1906	1840	2129	2240	2221	3095
ENSG00000143303	METTL25B	422	387	312	327	387	363	487
ENSG00000143314	MRPL24	699	584	506	595	656	659	910
ENSG00000143315	PIGM	827	665	681	719	805	805	1114
ENSG00000143318	CASQ1	0	1	2	2	0	2	2
ENSG00000143319	ISG20L2	1497	1233	1227	1305	1360	1393	1934
ENSG00000143320	CRABP2	35	45	26	44	36	38	51
ENSG00000143321	HDGF	14935	12108	11382	12567	13568	13416	16987
ENSG00000143322	ABL2	1238	895	985	936	1003	1126	1787
ENSG00000143324	XPR1	1990	1501	1626	1578	1774	1974	2785
ENSG00000143333	RGS16	1	0	0	0	0	0	0
ENSG00000143337	TOR1AIP1	1819	1342	1376	1424	1449	1625	2392
ENSG00000143341	HMCN1	0	0	0	0	0	0	2
ENSG00000143344	RGL1	608	412	451	438	485	519	780
ENSG00000143353	LYPLAL1	284	235	187	232	249	256	350
ENSG00000143355	LHX9	1	0	0	0	1	0	0
ENSG00000143363	PRUNE1	780	596	625	602	689	749	1109
ENSG00000143365	RORC	128	94	76	126	95	118	158
ENSG00000143367	TUFT1	408	332	300	297	355	343	482
ENSG00000143368	SF3B4	2599	1971	1905	2014	2325	2314	3492
ENSG00000143369	ECM1	35	18	25	12	38	34	29
ENSG00000143373	ZNF687	1410	979	1085	1073	1177	1282	1763
ENSG00000143374	TARS2	1347	1054	1015	1153	1208	1159	1671
ENSG00000143375	CGN	94	77	75	78	74	105	132
ENSG00000143376	SNX27	1460	1192	1079	1044	1256	1319	1836
ENSG00000143379	SETDB1	1116	907	859	880	934	982	1440
ENSG00000143382	ADAMTSL4	997	793	731	818	847	961	1337
ENSG00000143384	MCL1	8013	6075	6075	6431	6947	7588	10527
ENSG00000143387	CTSK	6	0	0	6	17	22	18
ENSG00000143390	RFX5	1964	1503	1442	1482	1727	1833	2426
ENSG00000143393	PI4KB	1305	1030	1029	1025	1180	1248	1700
ENSG00000143398	PIP5K1A	2325	1814	1840	1913	2225	2294	3122
ENSG00000143401	ANP32E	4442	3304	3504	3453	3703	4203	5712
ENSG00000143409	MINDY1	597	436	423	401	391	510	729
ENSG00000143412	ANXA9	561	468	463	493	521	578	718
ENSG00000143416	SELENBP1	780	653	574	647	637	740	956
ENSG00000143418	CERS2	10230	8235	7656	8290	9376	9396	12968
ENSG00000143420	ENSA	3892	3119	2949	3217	3530	3598	4929
ENSG00000143434	SEMA6C	206	155	151	136	147	155	234
ENSG00000143436	MRPL9	1805	1422	1307	1549	1618	1655	2055
ENSG00000143437	ARNT	1196	893	839	887	941	1061	1627
ENSG00000143442	POGZ	1714	1443	1368	1362	1529	1647	2398
ENSG00000143443	C1orf56	162	159	162	173	187	162	255
ENSG00000143450	OAZ3	12	13	16	24	17	17	26
ENSG00000143452	HORMAD1	1	0	0	0	3	0	0
ENSG00000143457	GOLPH3L	698	536	509	545	615	703	804
ENSG00000143458	GABPB2	24	34	21	22	18	32	44
ENSG00000143473	KCNH1	1	0	0	2	2	4	7
ENSG00000143476	DTL	1357	920	999	1134	1180	1281	1755
ENSG00000143479	DYRK3	152	121	129	125	121	150	206
ENSG00000143486	EIF2D	1585	1247	1141	1265	1416	1448	1973
ENSG00000143493	INTS7	979	795	721	766	960	969	1387
ENSG00000143494	VASH2	71	66	61	54	75	71	99
ENSG00000143498	TAF1A	184	133	121	157	139	180	261
ENSG00000143499	SMYD2	1560	1273	1116	1285	1274	1478	1869
ENSG00000143502	SUSD4	0	0	0	1	0	3	1
ENSG00000143507	DUSP10	106	90	93	101	93	100	171
ENSG00000143512	HHIPL2	26	9	14	11	13	20	25
ENSG00000143514	TP53BP2	1067	784	774	812	890	1027	1285
ENSG00000143515	ATP8B2	3553	2653	2666	2652	3153	3481	4742
ENSG00000143520	FLG2	1	1	1	1	0	1	1
ENSG00000143537	ADAM15	1317	1088	953	1149	1224	1241	1754
ENSG00000143543	JTB	2379	2132	1920	1991	2319	2276	3137
ENSG00000143545	RAB13	1151	872	898	944	1038	1061	1371
ENSG00000143549	TPM3	9186	7058	6828	7568	7771	8149	11165
ENSG00000143552	NUP210L	1	0	0	2	1	0	1
ENSG00000143553	SNAPIN	401	296	281	367	391	375	501
ENSG00000143554	SLC27A3	94	108	106	92	105	119	129
ENSG00000143569	UBAP2L	7282	5589	5517	5497	6254	6807	9301
ENSG00000143570	SLC39A1	4312	3330	3110	3414	3787	3840	5099
ENSG00000143575	HAX1	1403	1095	1010	1319	1363	1429	1899
ENSG00000143578	CREB3L4	213	209	158	178	227	197	275
ENSG00000143590	EFNA3	97	60	61	75	69	61	78
ENSG00000143595	AQP10	1	2	3	0	2	2	3
ENSG00000143603	KCNN3	3	2	5	4	2	9	7
ENSG00000143612	C1orf43	5391	4163	3754	4314	4792	4697	6224
ENSG00000143614	GATAD2B	1162	860	853	903	1046	1021	1565
ENSG00000143621	ILF2	8129	6283	5945	6975	7056	7311	9926
ENSG00000143622	RIT1	404	284	286	327	329	375	552
ENSG00000143624	INTS3	1395	915	1059	1089	1227	1354	1900
ENSG00000143627	PKLR	624	526	474	523	548	608	784
ENSG00000143630	HCN3	243	207	191	197	231	224	373
ENSG00000143631	FLG	6	2	5	2	4	3	2
ENSG00000143632	ACTA1	366	254	260	294	286	346	417
ENSG00000143633	C1orf131	969	800	818	923	940	977	1266
ENSG00000143641	GALNT2	5969	4581	4586	4752	5296	5447	7076
ENSG00000143643	TTC13	662	441	493	462	467	541	713
ENSG00000143653	SCCPDH	2461	1899	1883	2091	2079	2175	3066
ENSG00000143669	LYST	72	53	68	63	86	92	129
ENSG00000143702	CEP170	1235	940	1049	1001	1005	1300	2032
ENSG00000143727	ACP1	6789	5505	5099	5559	5759	6027	8647
ENSG00000143740	SNAP47	746	601	569	582	636	638	961
ENSG00000143742	SRP9	6915	5244	5018	5577	5676	6139	8350
ENSG00000143748	NVL	533	435	374	458	469	466	684
ENSG00000143751	SDE2	817	597	708	748	750	843	1072
ENSG00000143753	DEGS1	1132	907	827	889	961	936	1395
ENSG00000143756	FBXO28	1108	875	774	876	927	1097	1400
ENSG00000143761	ARF1	13128	10438	9863	10243	11346	11497	15934
ENSG00000143768	LEFTY2	4	0	7	5	5	5	6
ENSG00000143771	CNIH4	684	595	444	610	615	637	763
ENSG00000143772	ITPKB	2	2	4	3	2	3	1
ENSG00000143774	GUK1	1737	1419	1229	1444	1569	1433	1910
ENSG00000143776	CDC42BPA	1451	1070	1171	1056	1228	1504	2130
ENSG00000143786	CNIH3	2	1	1	2	1	0	4
ENSG00000143793	C1orf35	616	538	491	618	542	584	743
ENSG00000143797	MBOAT2	1	4	4	4	4	8	13
ENSG00000143799	PARP1	8174	5978	6297	6602	7190	7521	10235
ENSG00000143801	PSEN2	246	185	177	249	206	263	274
ENSG00000143811	PYCR2	1591	1370	1164	1396	1447	1421	2083
ENSG00000143815	LBR	4959	3654	3698	3809	3926	4237	6130
ENSG00000143816	WNT9A	5	5	7	11	8	11	8
ENSG00000143819	EPHX1	4690	3654	3461	3798	4096	4034	5741
ENSG00000143839	REN	0	1	0	0	0	1	4
ENSG00000143842	SOX13	1192	941	930	981	1056	1095	1678
ENSG00000143845	ETNK2	606	453	444	463	579	541	672
ENSG00000143847	PPFIA4	67	37	14	34	9	31	27
ENSG00000143850	PLEKHA6	1599	1207	1171	1179	1375	1491	2169
ENSG00000143858	SYT2	3	0	2	1	2	1	2
ENSG00000143862	ARL8A	431	353	300	379	402	435	601
ENSG00000143867	OSR1	111	82	82	105	78	97	165
ENSG00000143869	GDF7	651	505	489	452	584	608	865
ENSG00000143870	PDIA6	28915	22305	22038	22962	23673	24923	33818
ENSG00000143878	RHOB	16676	13277	12903	13301	14569	14940	20995
ENSG00000143882	ATP6V1C2	75	71	59	68	71	74	83
ENSG00000143889	HNRNPLL	2783	2013	2077	2122	2478	2545	3429
ENSG00000143891	GALM	2869	2385	2343	2398	2503	2663	3585
ENSG00000143919	CAMKMT	386	309	267	299	385	330	447
ENSG00000143921	ABCG8	699	449	499	498	550	543	785
ENSG00000143924	EML4	26907	17650	22034	21032	22393	26344	36983
ENSG00000143933	CALM2	16921	13420	11545	13743	14438	14790	19934
ENSG00000143942	CHAC2	265	221	189	244	268	234	299
ENSG00000143947	RPS27A	19129	16711	13066	16070	16990	17339	20919
ENSG00000143951	WDPCP	347	256	249	211	230	293	434
ENSG00000143952	VPS54	4615	3459	3514	3579	3773	4271	6059
ENSG00000143970	ASXL2	3520	2383	2576	2424	2804	3343	4781
ENSG00000143971	ETAA1	829	674	598	638	711	767	1138
ENSG00000143977	SNRPG	2734	2430	1735	2041	2289	2257	2824
ENSG00000143994	ABHD1	3	0	0	0	5	2	0
ENSG00000143995	MEIS1	117	105	98	117	111	120	205
ENSG00000144010	TRIM43B	1	0	0	0	0	0	0
ENSG00000144015	TRIM43	1	0	0	0	0	0	0
ENSG00000144021	CIAO1	3272	2793	2578	2736	2823	2986	4114
ENSG00000144026	ZNF514	665	590	511	488	569	634	855
ENSG00000144028	SNRNP200	15205	10249	11515	10287	12576	14268	20260
ENSG00000144029	MRPS5	1969	1579	1489	1717	1821	1896	2513
ENSG00000144031	ANKRD53	3	7	5	4	6	9	9
ENSG00000144034	TPRKB	652	565	454	524	546	576	799
ENSG00000144035	NAT8	50	35	28	35	37	36	59
ENSG00000144036	EXOC6B	1289	952	971	1007	1119	1219	1793
ENSG00000144040	SFXN5	1447	1149	1048	1037	1192	1212	1711
ENSG00000144043	TEX261	4509	3262	3302	3491	3801	4111	5798
ENSG00000144045	DQX1	970	859	755	680	844	867	1223
ENSG00000144048	DUSP11	1096	801	700	847	899	941	1233
ENSG00000144057	ST6GAL2	5	10	3	10	7	5	11
ENSG00000144061	NPHP1	40	51	34	46	59	58	82
ENSG00000144063	MALL	9	7	3	6	4	1	6
ENSG00000144118	RALB	2252	1754	1604	1856	1980	1997	2958
ENSG00000144120	TMEM177	1499	1172	1107	1242	1294	1355	1792
ENSG00000144130	NT5DC4	11	4	7	8	7	10	4
ENSG00000144134	RABL2A	21	10	8	15	8	9	20
ENSG00000144136	SLC20A1	5241	3735	3884	3857	4252	4704	6639
ENSG00000144152	FBLN7	36	18	29	23	21	27	39
ENSG00000144161	ZC3H8	371	310	279	270	328	343	503
ENSG00000144182	LIPT1	137	112	93	133	107	149	197
ENSG00000144199	FAHD2B	203	203	154	187	189	197	263
ENSG00000144214	LYG1	16	14	16	14	13	12	22
ENSG00000144224	UBXN4	6624	4962	4948	5071	5549	6167	8879
ENSG00000144228	SPOPL	1978	1404	1564	1561	1618	1858	2716
ENSG00000144229	THSD7B	1	0	0	0	0	0	1
ENSG00000144230	GPR17	3	1	2	2	2	1	2
ENSG00000144231	POLR2D	3404	2695	2552	2672	3003	3121	4243
ENSG00000144233	AMMECR1L	1086	890	795	882	959	1119	1521
ENSG00000144278	GALNT13	543	443	417	396	438	447	694
ENSG00000144283	PKP4	4804	3416	3470	3704	3821	4361	5893
ENSG00000144285	SCN1A	172	85	54	122	118	251	306
ENSG00000144306	SCRN3	283	231	169	225	251	283	362
ENSG00000144320	LNPK	1504	1013	1101	1099	1142	1377	1911
ENSG00000144331	ZNF385B	98	63	65	59	75	86	121
ENSG00000144339	TMEFF2	0	2	0	0	0	1	0
ENSG00000144354	CDCA7	1600	1143	1094	1327	1226	1528	2089
ENSG00000144355	DLX1	108	73	97	107	89	119	187
ENSG00000144357	UBR3	2182	1377	1720	1624	1785	2110	3107
ENSG00000144362	PHOSPHO2	279	188	221	234	263	281	382
ENSG00000144366	GULP1	10	2	4	2	1	2	6
ENSG00000144369	FAM171B	4	6	7	4	7	7	9
ENSG00000144381	HSPD1	77550	59675	58395	62961	63540	67710	95776
ENSG00000144395	CCDC150	53	25	32	29	32	52	81
ENSG00000144401	METTL21A	1041	838	729	765	871	880	1201
ENSG00000144410	CPO	1	0	0	0	1	0	0
ENSG00000144426	NBEAL1	919	693	754	560	636	902	1320
ENSG00000144445	KANSL1L	238	223	173	177	205	227	366
ENSG00000144451	SPAG16	379	267	281	289	304	357	462
ENSG00000144452	ABCA12	7	1	2	3	1	6	7
ENSG00000144455	SUMF1	787	589	590	654	694	682	1001
ENSG00000144460	NYAP2	8	6	9	5	8	14	18
ENSG00000144468	RHBDD1	361	245	288	359	312	342	503
ENSG00000144481	TRPM8	0	0	0	4	1	0	1
ENSG00000144485	HES6	2214	1821	1695	1991	2159	2094	2612
ENSG00000144488	ESPNL	84	57	42	66	67	62	91
ENSG00000144504	ANKMY1	270	209	258	317	262	322	312
ENSG00000144524	COPS7B	1891	1504	1349	1520	1806	1780	2460
ENSG00000144535	DIS3L2	1145	880	888	907	963	1026	1409
ENSG00000144550	CPNE9	0	0	0	1	1	1	0
ENSG00000144554	FANCD2	1429	941	1056	1108	1222	1248	1676
ENSG00000144559	TAMM41	359	290	264	289	312	327	453
ENSG00000144560	VGLL4	1656	1312	1144	1213	1442	1570	1982
ENSG00000144566	RAB5A	1491	1126	1083	1193	1235	1445	1939
ENSG00000144567	RETREG2	1941	1578	1410	1669	1787	1747	2351
ENSG00000144579	CTDSP1	4210	3402	3177	3312	3572	3667	5317
ENSG00000144580	CNOT9	4248	3381	3240	3387	3824	3961	5476
ENSG00000144589	STK11IP	814	687	572	659	692	672	980
ENSG00000144591	GMPPA	2596	2096	1959	2179	2415	2385	3268
ENSG00000144596	GRIP2	2	5	4	2	1	6	7
ENSG00000144597	EAF1	1738	1220	1266	1295	1426	1522	2136
ENSG00000144619	CNTN4	17	8	6	4	8	8	15
ENSG00000144635	DYNC1LI1	1523	1201	1134	1265	1283	1446	1896
ENSG00000144642	RBMS3	0	0	0	0	0	1	2
ENSG00000144644	GADL1	2	6	2	4	4	5	7
ENSG00000144645	OSBPL10	1400	1092	993	1064	1064	1235	1768
ENSG00000144647	POMGNT2	635	546	444	506	579	611	840
ENSG00000144648	ACKR2	60	51	49	46	57	62	95
ENSG00000144655	CSRNP1	666	481	506	511	580	627	822
ENSG00000144659	SLC25A38	1287	1033	961	1091	1134	1138	1580
ENSG00000144668	ITGA9	4	3	1	1	2	8	4
ENSG00000144674	GOLGA4	8363	6268	7067	6399	6580	7863	11325
ENSG00000144677	CTDSPL	3571	2578	2686	2868	2918	3155	4327
ENSG00000144711	IQSEC1	6179	4578	4735	4513	5188	5622	8170
ENSG00000144712	CAND2	12	16	10	8	0	6	14
ENSG00000144713	RPL32	9070	7257	6131	7385	7791	7793	11283
ENSG00000144724	PTPRG	2470	1715	1959	1907	1977	2353	3429
ENSG00000144730	IL17RD	72	67	73	57	66	80	107
ENSG00000144736	SHQ1	593	429	424	485	490	558	793
ENSG00000144741	SLC25A26	561	465	377	487	521	544	604
ENSG00000144744	UBA3	1556	1311	1128	1325	1314	1351	1970
ENSG00000144746	ARL6IP5	1257	979	1008	1085	1165	1202	1569
ENSG00000144747	TMF1	2075	1545	1714	1585	1761	2146	2741
ENSG00000144749	LRIG1	891	581	726	601	791	829	1174
ENSG00000144771	LRTM1	0	1	0	0	0	0	1
ENSG00000144785	NA	367	262	346	321	331	430	546
ENSG00000144791	LIMD1	1384	1054	1069	1132	1192	1361	1787
ENSG00000144792	ZNF660	135	108	116	119	98	154	182
ENSG00000144802	NFKBIZ	595	577	420	478	484	550	797
ENSG00000144810	COL8A1	0	0	0	1	2	0	0
ENSG00000144815	NXPE3	386	256	253	289	374	392	480
ENSG00000144820	ADGRG7	0	0	2	0	0	0	0
ENSG00000144821	MYH15	2	2	0	2	3	4	5
ENSG00000144824	PHLDB2	922	650	626	650	811	815	1280
ENSG00000144827	ABHD10	1127	794	793	895	927	972	1346
ENSG00000144834	TAGLN3	23	19	33	36	26	24	39
ENSG00000144837	PLA1A	1	0	0	2	3	0	2
ENSG00000144840	RABL3	172	171	205	153	182	212	297
ENSG00000144843	ADPRH	8	3	4	5	5	2	5
ENSG00000144848	ATG3	1396	1002	941	1149	1131	1214	1644
ENSG00000144852	NR1I2	351	305	204	287	393	298	385
ENSG00000144857	BOC	0	1	1	0	0	2	1
ENSG00000144867	SRPRB	2908	2209	2074	2359	2482	2562	3215
ENSG00000144891	AGTR1	31	23	30	35	21	30	47
ENSG00000144893	MED12L	27	25	20	24	22	14	26
ENSG00000144895	EIF2A	4433	3278	3271	3291	3522	3833	5461
ENSG00000144908	ALDH1L1	896	756	704	640	761	745	1000
ENSG00000144909	OSBPL11	871	625	684	711	742	867	1124
ENSG00000144935	TRPC1	330	256	284	245	283	320	467
ENSG00000144959	NCEH1	1369	1047	1030	1037	1066	1262	1727
ENSG00000145002	FAM86B2	15	6	18	3	0	0	32
ENSG00000145012	LPP	3546	2555	2525	2437	2820	3130	4790
ENSG00000145014	TMEM44	206	209	184	188	230	193	291
ENSG00000145016	RUBCN	618	490	507	464	515	533	740
ENSG00000145020	AMT	1011	689	708	729	845	896	1197
ENSG00000145022	TCTA	510	391	376	430	416	479	564
ENSG00000145029	NICN1	355	264	209	322	267	359	430
ENSG00000145040	UCN2	30	30	27	37	31	27	65
ENSG00000145041	DCAF1	1676	1273	1297	1343	1510	1627	2231
ENSG00000145050	MANF	3619	2927	2611	2889	3150	3163	4012
ENSG00000145087	STXBP5L	2	1	1	1	2	1	7
ENSG00000145088	EAF2	139	112	99	135	132	126	151
ENSG00000145107	TM4SF19	13	13	6	7	8	17	9
ENSG00000145147	SLIT2	9	5	4	7	4	8	10
ENSG00000145191	EIF2B5	1533	1163	1125	1308	1285	1470	1812
ENSG00000145192	AHSG	100965	76244	76308	78222	81967	87792	123929
ENSG00000145194	ECE2	0	0	0	0	0	0	2
ENSG00000145198	VWA5B2	7	11	8	15	6	12	13
ENSG00000145214	DGKQ	719	604	507	518	644	640	884
ENSG00000145216	FIP1L1	1441	1003	1010	1156	1151	1308	1855
ENSG00000145217	SLC26A1	1015	763	727	719	808	941	1187
ENSG00000145220	LYAR	2823	2289	2239	2591	2653	2650	3479
ENSG00000145241	CENPC	129	98	95	104	101	115	149
ENSG00000145244	CORIN	3	0	2	4	1	3	5
ENSG00000145246	ATP10D	165	110	119	102	104	125	177
ENSG00000145247	OCIAD2	0	0	0	0	0	3	0
ENSG00000145248	SLC10A4	0	0	5	3	1	3	0
ENSG00000145283	SLC10A6	0	0	0	0	0	2	0
ENSG00000145284	SCD5	10	14	7	8	4	6	15
ENSG00000145287	PLAC8	348	321	270	270	305	282	412
ENSG00000145293	ENOPH1	2131	1737	1596	1807	1887	2022	2791
ENSG00000145309	CABS1	0	0	0	0	0	1	0
ENSG00000145321	GC	2	0	3	0	0	0	0
ENSG00000145331	TRMT10A	323	215	246	274	271	316	397
ENSG00000145332	KLHL8	971	715	769	803	873	994	1349
ENSG00000145335	SNCA	0	2	0	0	3	2	5
ENSG00000145337	PYURF	2327	1861	1692	1888	1966	2083	2781
ENSG00000145348	TBCK	1005	921	708	754	942	856	1313
ENSG00000145349	CAMK2D	2192	1560	1635	1706	1819	1869	2725
ENSG00000145354	CISD2	1008	836	708	883	904	966	1178
ENSG00000145362	ANK2	783	516	474	493	589	649	796
ENSG00000145365	TIFA	288	228	215	214	242	257	390
ENSG00000145375	SPATA5	216	173	154	141	167	174	257
ENSG00000145384	FABP2	45	27	25	21	31	30	44
ENSG00000145386	CCNA2	4331	3057	3120	3312	3672	3821	5313
ENSG00000145388	METTL14	967	764	761	817	844	926	1409
ENSG00000145390	USP53	448	387	372	291	404	439	768
ENSG00000145391	SETD7	57	41	39	33	52	46	69
ENSG00000145414	NAF1	576	403	388	440	468	500	727
ENSG00000145416	MARCHF1	147	115	94	65	73	121	173
ENSG00000145425	RPS3A	26400	22011	17223	21270	22411	22076	28361
ENSG00000145428	RNF175	0	0	0	0	1	0	0
ENSG00000145431	PDGFC	154	100	105	187	147	138	266
ENSG00000145439	CBR4	693	552	515	496	568	606	945
ENSG00000145451	GLRA3	1	0	1	0	0	0	0
ENSG00000145476	CYP4V2	274	204	205	204	220	253	339
ENSG00000145491	ROPN1L	0	1	1	0	1	0	0
ENSG00000145494	NDUFS6	2058	1703	1469	1741	1888	1832	2359
ENSG00000145495	MARCHF6	3202	2296	2437	2385	2597	2885	4158
ENSG00000145506	NKD2	68	70	52	71	50	70	112
ENSG00000145536	ADAMTS16	0	0	2	1	0	1	7
ENSG00000145545	SRD5A1	477	354	313	294	363	352	609
ENSG00000145555	MYO10	1227	845	881	1150	1201	1299	1871
ENSG00000145569	OTULINL	11	10	15	14	19	20	23
ENSG00000145592	RPL37	7814	7874	6013	6478	7568	7607	10678
ENSG00000145604	SKP2	2090	1661	1686	1768	1762	1876	2699
ENSG00000145623	OSMR	5010	3577	3787	3653	4070	4649	6886
ENSG00000145632	PLK2	437	343	266	348	389	408	571
ENSG00000145675	PIK3R1	1510	1108	1141	1077	1209	1380	2039
ENSG00000145681	HAPLN1	0	0	0	2	0	1	0
ENSG00000145685	LHFPL2	1855	1338	1245	1314	1521	1623	2310
ENSG00000145687	SSBP2	6	5	8	7	8	10	18
ENSG00000145692	BHMT	71	58	54	45	65	61	102
ENSG00000145700	ANKRD31	0	5	0	2	1	3	3
ENSG00000145703	IQGAP2	6239	4382	4825	4560	4956	6162	8311
ENSG00000145715	RASA1	1319	952	993	1017	1088	1269	1755
ENSG00000145721	LIX1	0	0	0	1	1	3	1
ENSG00000145723	GIN1	123	102	107	111	122	96	150
ENSG00000145725	PPIP5K2	1870	1289	1395	1350	1460	1640	2477
ENSG00000145730	PAM	1773	1279	1340	1311	1507	1650	2325
ENSG00000145734	BDP1	1514	895	1169	987	1117	1467	2281
ENSG00000145736	GTF2H2	712	591	489	606	567	636	876
ENSG00000145740	SLC30A5	2196	1652	1647	1706	1854	1996	2902
ENSG00000145741	BTF3	15901	12979	11515	13691	14146	14412	19216
ENSG00000145743	FBXL17	472	372	406	425	433	522	653
ENSG00000145757	SPATA9	0	0	0	0	0	1	0
ENSG00000145779	TNFAIP8	358	261	253	293	260	322	463
ENSG00000145780	FEM1C	804	577	588	608	592	757	1058
ENSG00000145781	COMMD10	502	353	374	383	432	409	591
ENSG00000145782	ATG12	1014	832	803	868	863	963	1277
ENSG00000145794	MEGF10	0	0	0	1	0	0	0
ENSG00000145817	YIPF5	2250	1816	1693	1830	1927	2013	2697
ENSG00000145819	ARHGAP26	1658	1313	1172	1207	1373	1519	2233
ENSG00000145826	LECT2	9	8	5	7	2	1	13
ENSG00000145832	SLC25A48	9	12	12	6	6	10	13
ENSG00000145833	DDX46	4511	3474	3833	3935	4054	4636	6001
ENSG00000145850	TIMD4	1	0	0	0	0	0	1
ENSG00000145860	RNF145	1448	1107	1046	1098	1142	1244	1635
ENSG00000145861	C1QTNF2	1	0	0	0	0	2	0
ENSG00000145864	GABRB2	0	0	2	0	0	0	1
ENSG00000145868	FBXO38	1152	863	868	976	1011	1075	1572
ENSG00000145882	PCYOX1L	29	22	23	28	31	34	50
ENSG00000145888	GLRA1	0	1	0	0	2	0	0
ENSG00000145901	TNIP1	2552	1929	1879	1910	2037	2317	3169
ENSG00000145907	G3BP1	5669	4395	4678	4637	4864	5521	7583
ENSG00000145908	ZNF300	269	244	229	220	231	279	403
ENSG00000145911	N4BP3	5	3	4	1	6	7	13
ENSG00000145912	NHP2	2277	2070	1688	1953	2066	2121	2755
ENSG00000145916	RMND5B	675	572	559	655	654	630	823
ENSG00000145919	BOD1	2241	1766	1563	1832	2107	2026	2692
ENSG00000145920	CPLX2	12909	9795	9509	10120	11670	11838	15928
ENSG00000145934	TENM2	0	0	0	0	0	0	1
ENSG00000145936	KCNMB1	27	23	25	20	23	27	31
ENSG00000145945	FAM50B	1	0	1	0	1	0	5
ENSG00000145949	MYLK4	11	19	12	14	10	19	26
ENSG00000145975	FAM217A	0	0	0	0	0	0	1
ENSG00000145979	TBC1D7	605	480	448	449	566	493	727
ENSG00000145982	FARS2	407	300	296	351	350	356	506
ENSG00000145990	GFOD1	661	494	450	468	587	651	871
ENSG00000145996	CDKAL1	784	621	574	647	659	698	1027
ENSG00000146005	PSD2	4	6	3	4	2	4	6
ENSG00000146006	LRRTM2	0	0	1	0	0	0	0
ENSG00000146007	ZMAT2	2433	1857	1942	2047	2169	2233	3030
ENSG00000146013	GFRA3	8	6	4	8	5	4	15
ENSG00000146021	KLHL3	0	0	0	2	0	3	4
ENSG00000146038	DCDC2	3052	2203	2361	2474	2571	2932	4118
ENSG00000146039	SLC17A4	1	0	5	2	0	1	1
ENSG00000146054	TRIM7	5	5	2	5	4	3	3
ENSG00000146063	TRIM41	1277	1038	952	1029	1212	1231	1442
ENSG00000146066	HIGD2A	1700	1438	1173	1441	1579	1566	2095
ENSG00000146067	FAM193B	476	451	424	355	499	521	704
ENSG00000146070	PLA2G7	0	0	0	0	0	0	1
ENSG00000146072	TNFRSF21	8288	6151	6229	6675	7204	7659	11040
ENSG00000146083	RNF44	3218	2537	2402	2431	2835	3019	4269
ENSG00000146085	MMUT	1704	1271	1258	1310	1408	1534	2140
ENSG00000146090	RASGEF1C	0	0	0	0	3	0	0
ENSG00000146094	DOK3	82	60	48	42	51	47	89
ENSG00000146109	ABT1	2364	2094	1791	1887	2193	2097	2953
ENSG00000146112	PPP1R18	590	494	440	472	563	535	800
ENSG00000146122	DAAM2	3	4	4	0	7	4	12
ENSG00000146143	PRIM2	896	722	709	797	805	846	1139
ENSG00000146147	MLIP	1	0	0	0	0	0	0
ENSG00000146166	LGSN	2	5	0	0	2	2	3
ENSG00000146192	FGD2	0	0	0	0	0	2	0
ENSG00000146197	SCUBE3	18	27	15	15	16	17	27
ENSG00000146205	ANO7	118	91	68	60	69	81	129
ENSG00000146215	CRIP3	29	30	25	20	31	28	41
ENSG00000146216	TTBK1	67	33	50	42	45	45	80
ENSG00000146221	TCTE1	1	0	0	2	0	1	1
ENSG00000146223	RPL7L1	11960	8955	9056	10282	10668	10946	15701
ENSG00000146232	NFKBIE	311	250	282	320	291	299	452
ENSG00000146233	CYP39A1	6	5	7	5	6	7	12
ENSG00000146242	TPBG	78	51	43	64	61	58	102
ENSG00000146243	IRAK1BP1	62	56	65	51	71	79	136
ENSG00000146247	PHIP	2529	1817	1824	1959	2090	2439	3454
ENSG00000146250	PRSS35	0	0	0	0	0	0	1
ENSG00000146263	MMS22L	855	580	665	648	691	796	1156
ENSG00000146267	FAXC	68	75	50	55	56	72	110
ENSG00000146278	PNRC1	2179	1841	1697	1703	1834	1989	2930
ENSG00000146281	PM20D2	2199	1614	1853	1822	1860	2163	2997
ENSG00000146282	RARS2	1432	979	948	1044	1002	1173	1625
ENSG00000146285	SCML4	2	1	1	1	1	1	0
ENSG00000146350	TBC1D32	67	32	57	48	70	47	79
ENSG00000146373	RNF217	72	50	28	40	37	59	114
ENSG00000146376	ARHGAP18	8615	6339	6934	6617	6885	7440	10993
ENSG00000146383	TAAR6	0	0	0	0	0	0	3
ENSG00000146386	ABRACL	105	64	80	74	96	75	138
ENSG00000146409	SLC18B1	704	541	531	586	614	679	885
ENSG00000146410	MTFR2	316	279	222	253	274	268	402
ENSG00000146411	SLC2A12	5	3	2	4	3	2	14
ENSG00000146414	SHPRH	728	509	564	578	604	714	1058
ENSG00000146416	AIG1	2461	2050	1757	2019	2239	2226	2988
ENSG00000146425	DYNLT1	1118	918	768	880	973	1055	1293
ENSG00000146426	TIAM2	122	79	85	95	103	125	188
ENSG00000146433	TMEM181	7834	5983	6069	5977	6279	7432	10737
ENSG00000146453	PNLDC1	1	2	0	1	0	0	0
ENSG00000146457	WTAP	4072	3072	2976	3438	3468	3588	4982
ENSG00000146463	ZMYM4	2536	1849	2032	1948	2105	2485	3637
ENSG00000146476	ARMT1	2307	1550	1648	1817	1972	2016	2880
ENSG00000146477	SLC22A3	1727	1334	1333	1342	1515	1676	2289
ENSG00000146530	VWDE	0	0	2	0	0	0	0
ENSG00000146535	GNA12	2677	2151	2225	2104	2607	2061	2640
ENSG00000146540	C7orf50	2107	1770	1611	1772	1865	1934	2527
ENSG00000146555	SDK1	52	34	28	21	37	65	59
ENSG00000146574	CCZ1B	2068	1536	1574	1635	1691	1834	2458
ENSG00000146576	INTS15	1034	804	755	836	903	918	1202
ENSG00000146587	RBAK	1026	742	766	769	813	1009	1439
ENSG00000146592	CREB5	43	30	31	51	43	35	54
ENSG00000146648	EGFR	728	504	532	441	540	576	901
ENSG00000146670	CDCA5	2351	1910	1750	1965	2082	2161	2915
ENSG00000146674	IGFBP3	58	52	43	32	42	56	83
ENSG00000146676	PURB	1673	1293	1225	1274	1398	1576	2201
ENSG00000146678	IGFBP1	30030	21985	22505	17613	18761	24133	35468
ENSG00000146700	SSC4D	968	823	827	832	887	966	1445
ENSG00000146701	MDH2	7245	5623	5406	6168	6249	6397	9115
ENSG00000146707	POMZP3	86	85	84	44	94	102	102
ENSG00000146729	NIPSNAP2	1408	1208	1019	1080	1149	1295	1763
ENSG00000146731	CCT6A	12802	9883	9463	10942	11006	11856	16276
ENSG00000146733	PSPH	2852	2270	2151	2612	2785	2730	3903
ENSG00000146755	TRIM50	596	474	470	458	536	497	726
ENSG00000146757	ZNF92	619	436	453	467	483	544	784
ENSG00000146776	ATXN7L1	205	170	199	195	201	249	327
ENSG00000146802	TMEM168	549	459	438	440	482	508	732
ENSG00000146809	ASB15	1	1	0	0	0	0	0
ENSG00000146826	TRAPPC14	435	362	296	302	383	350	572
ENSG00000146828	SLC12A9	642	564	492	590	670	596	887
ENSG00000146830	GIGYF1	3185	2848	2573	2451	2807	3097	4339
ENSG00000146833	TRIM4	1127	920	884	867	994	1089	1518
ENSG00000146834	MEPCE	1592	1209	1185	1299	1473	1483	2000
ENSG00000146839	ZAN	0	19	17	0	19	20	37
ENSG00000146842	TMEM209	870	634	598	682	755	836	1111
ENSG00000146856	AGBL3	24	31	23	25	30	20	33
ENSG00000146857	STRA8	0	0	1	1	1	0	1
ENSG00000146858	ZC3HAV1L	240	171	192	173	177	298	384
ENSG00000146859	TMEM140	426	332	303	318	377	394	613
ENSG00000146872	TLK2	2141	1692	1666	1811	1850	2102	2935
ENSG00000146904	EPHA1	268	191	183	231	247	272	396
ENSG00000146909	NOM1	1500	1219	1149	1237	1335	1498	2007
ENSG00000146918	NCAPG2	2356	1790	1805	1933	2007	2252	3076
ENSG00000146950	SHROOM2	154	118	88	113	122	140	189
ENSG00000146955	RAB19	3	1	2	1	0	1	3
ENSG00000146963	LUC7L2	2564	2078	2109	2361	2611	2425	3504
ENSG00000146966	DENND2A	13	18	7	9	21	18	31
ENSG00000147003	CLTRN	8	6	4	9	8	14	11
ENSG00000147010	SH3KBP1	1480	1090	1141	1310	1421	1428	2100
ENSG00000147036	LANCL3	4	7	1	2	6	6	6
ENSG00000147041	SYTL5	0	0	0	0	2	0	1
ENSG00000147044	CASK	1095	716	874	870	937	973	1470
ENSG00000147050	KDM6A	841	607	665	624	657	799	1061
ENSG00000147059	SPIN2A	33	36	17	21	26	37	43
ENSG00000147082	CCNB3	2	2	0	0	0	0	2
ENSG00000147099	HDAC8	573	394	359	363	475	532	702
ENSG00000147100	SLC16A2	0	0	4	0	10	12	10
ENSG00000147113	DIPK2B	0	0	0	0	9	10	4
ENSG00000147117	ZNF157	10	5	10	8	8	9	5
ENSG00000147118	ZNF182	371	272	255	262	262	272	451
ENSG00000147119	CHST7	415	334	348	325	358	403	566
ENSG00000147121	KRBOX4	257	218	174	212	216	242	352
ENSG00000147123	NDUFB11	1808	1485	1373	1549	1674	1584	2254
ENSG00000147124	ZNF41	297	183	209	203	219	224	375
ENSG00000147130	ZMYM3	3233	2531	2624	2558	2805	3070	4311
ENSG00000147133	TAF1	1252	879	937	873	1021	1166	1822
ENSG00000147140	NONO	15749	11839	12252	13172	14320	14916	20473
ENSG00000147144	CCDC120	287	269	223	237	276	289	427
ENSG00000147155	EBP	2435	2061	1866	2043	2143	2068	2719
ENSG00000147160	AWAT2	2	0	0	0	2	0	3
ENSG00000147162	OGT	2214	1981	1500	1971	1663	1951	2878
ENSG00000147164	SNX12	1755	1400	1318	1424	1590	1580	2205
ENSG00000147166	ITGB1BP2	8	8	7	9	5	6	13
ENSG00000147168	IL2RG	1	1	1	1	2	3	0
ENSG00000147174	GCNA	22	27	21	24	14	20	32
ENSG00000147180	ZNF711	173	152	148	154	135	189	267
ENSG00000147202	DIAPH2	510	310	356	411	400	427	647
ENSG00000147206	NXF3	0	0	0	0	0	1	0
ENSG00000147223	RIPPLY1	15	10	8	7	9	8	12
ENSG00000147224	PRPS1	2362	1785	1722	1906	2041	2147	2783
ENSG00000147231	RADX	108	59	52	82	59	85	113
ENSG00000147234	FRMPD3	0	0	1	0	0	0	0
ENSG00000147246	HTR2C	0	1	0	0	0	0	0
ENSG00000147251	DOCK11	17	17	11	17	15	15	19
ENSG00000147255	IGSF1	3283	2556	2470	2290	2382	2550	3605
ENSG00000147257	GPC3	57473	45034	44046	48971	50077	53172	73836
ENSG00000147262	GPR119	187	139	122	122	132	140	202
ENSG00000147274	RBMX	7574	5843	5536	6439	6807	7170	10086
ENSG00000147316	MCPH1	660	521	512	481	548	619	872
ENSG00000147324	MFHAS1	2259	1629	1891	1867	2003	2170	3159
ENSG00000147364	FBXO25	1217	938	958	978	1054	1205	1680
ENSG00000147381	MAGEA4	3	0	0	0	0	0	0
ENSG00000147383	NSDHL	1463	1091	1034	1218	1240	1247	1696
ENSG00000147394	ZNF185	91	79	54	71	78	82	113
ENSG00000147400	CETN2	1536	1299	1162	1257	1313	1263	1820
ENSG00000147403	RPL10	30217	25326	21668	25590	27507	27569	36816
ENSG00000147408	CSGALNACT1	261	217	186	222	235	333	386
ENSG00000147416	ATP6V1B2	3639	2773	2648	2871	3157	3294	4446
ENSG00000147419	CCDC25	783	507	528	549	622	715	890
ENSG00000147421	HMBOX1	399	296	270	251	292	376	533
ENSG00000147434	CHRNA6	0	1	0	0	0	0	0
ENSG00000147437	GNRH1	37	38	22	26	25	28	46
ENSG00000147439	BIN3	595	467	378	481	484	575	646
ENSG00000147443	DOK2	0	0	0	2	0	0	1
ENSG00000147454	SLC25A37	392	359	298	339	355	374	530
ENSG00000147457	CHMP7	726	534	544	589	649	629	926
ENSG00000147459	DOCK5	2467	2143	1891	1731	2071	2460	3466
ENSG00000147465	STAR	126	131	106	103	118	125	175
ENSG00000147471	PLPBP	2008	1540	1525	1714	1665	1865	2600
ENSG00000147475	ERLIN2	1882	1360	1398	1482	1579	1645	2327
ENSG00000147481	SNTG1	3	4	3	0	3	0	5
ENSG00000147485	PXDNL	1	0	0	2	1	0	1
ENSG00000147488	ST18	0	0	1	0	1	0	0
ENSG00000147509	RGS20	35	16	24	15	21	12	31
ENSG00000147526	TACC1	4286	2802	3376	3406	3537	4186	6014
ENSG00000147533	GOLGA7	1435	1192	1004	1192	1294	1300	1773
ENSG00000147535	PLPP5	1008	856	721	830	929	979	1178
ENSG00000147536	GINS4	1073	858	822	861	967	998	1410
ENSG00000147548	NSD3	2336	1719	1759	1648	2000	2202	3020
ENSG00000147573	TRIM55	1	2	1	1	0	3	3
ENSG00000147576	ADHFE1	0	0	0	0	0	0	4
ENSG00000147586	MRPS28	995	783	763	904	889	908	1226
ENSG00000147592	LACTB2	619	528	461	550	578	650	842
ENSG00000147596	PRDM14	0	1	0	0	0	0	0
ENSG00000147601	TERF1	856	707	749	789	862	841	1187
ENSG00000147604	RPL7	27941	22352	19798	23259	24333	25916	33386
ENSG00000147606	SLC26A7	0	0	0	0	0	0	1
ENSG00000147613	PSKH2	0	1	0	0	0	0	0
ENSG00000147614	ATP6V0D2	0	3	1	2	0	0	1
ENSG00000147642	SYBU	336	239	240	223	284	266	411
ENSG00000147647	DPYS	7	3	3	2	8	6	6
ENSG00000147649	MTDH	7243	5024	5850	5918	6139	6783	9423
ENSG00000147650	LRP12	67	64	62	76	97	94	96
ENSG00000147654	EBAG9	725	487	486	607	573	596	843
ENSG00000147655	RSPO2	0	0	0	0	1	0	0
ENSG00000147669	POLR2K	990	780	690	827	862	922	1178
ENSG00000147676	MAL2	5647	4409	4383	4767	5037	5325	7388
ENSG00000147677	EIF3H	5750	4540	4185	4741	4814	5051	7554
ENSG00000147679	UTP23	592	424	462	479	470	552	719
ENSG00000147684	NDUFB9	3765	3473	2673	3235	3424	3450	4401
ENSG00000147687	TATDN1	410	353	296	346	348	421	496
ENSG00000147689	FAM83A	1	0	0	0	0	0	0
ENSG00000147697	GSDMC	2	1	1	1	1	1	1
ENSG00000147789	ZNF7	605	506	427	491	544	567	842
ENSG00000147799	ARHGAP39	625	463	460	431	547	526	772
ENSG00000147804	SLC39A4	3218	2693	2664	2611	2904	2894	3997
ENSG00000147813	NAPRT	49	57	53	42	52	46	59
ENSG00000147852	VLDLR	58	54	43	94	72	90	135
ENSG00000147853	AK3	5037	4009	4070	4361	4417	4762	6874
ENSG00000147854	UHRF2	918	554	680	676	647	741	1009
ENSG00000147862	NFIB	234	188	207	173	227	209	328
ENSG00000147869	CER1	0	0	0	0	1	1	4
ENSG00000147872	PLIN2	10716	7773	8298	7886	8262	9583	13540
ENSG00000147874	HAUS6	2187	1748	1776	1725	1811	2124	3114
ENSG00000147883	CDKN2B	197	170	169	191	217	198	289
ENSG00000147889	CDKN2A	227	203	157	188	236	220	258
ENSG00000147894	C9orf72	144	80	102	88	100	107	148
ENSG00000147905	ZCCHC7	612	442	490	504	546	622	791
ENSG00000147912	FBXO10	327	249	228	269	295	306	422
ENSG00000147955	SIGMAR1	2759	2358	2069	2231	2619	2512	3420
ENSG00000147996	CBWD5	887	677	746	807	744	760	1282
ENSG00000148019	CEP78	1154	879	968	949	959	1003	1542
ENSG00000148057	IDNK	58	56	29	43	52	69	76
ENSG00000148082	SHC3	109	106	78	78	96	122	133
ENSG00000148090	AUH	773	669	604	579	672	755	938
ENSG00000148110	MFSD14B	1846	1429	1432	1535	1646	1704	2336
ENSG00000148120	AOPEP	154	147	122	132	120	151	224
ENSG00000148123	PLPPR1	442	363	333	320	369	428	519
ENSG00000148153	INIP	634	538	516	598	575	598	815
ENSG00000148154	UGCG	663	484	515	473	547	570	751
ENSG00000148156	ACTL7B	0	0	1	0	1	0	1
ENSG00000148158	SNX30	1067	821	888	876	923	1035	1510
ENSG00000148175	STOM	4073	2987	3099	3147	3393	3615	5032
ENSG00000148180	GSN	9089	7206	7176	7375	7840	8130	11532
ENSG00000148187	MRRF	634	475	485	461	572	647	786
ENSG00000148200	NR6A1	2575	1982	2097	1968	2184	2432	3478
ENSG00000148204	CRB2	12	9	13	19	15	7	14
ENSG00000148215	OR5C1	0	0	0	0	0	1	0
ENSG00000148218	ALAD	1287	1083	920	976	1082	1157	1529
ENSG00000148219	ASTN2	328	273	257	274	302	293	415
ENSG00000148225	WDR31	79	62	69	67	82	78	130
ENSG00000148229	POLE3	2707	2253	2147	2358	2464	2432	3355
ENSG00000148248	SURF4	20210	15600	15406	15963	17033	17454	24271
ENSG00000148288	GBGT1	0	0	2	0	0	0	0
ENSG00000148290	SURF1	622	469	438	525	517	586	674
ENSG00000148291	SURF2	251	218	215	258	250	241	356
ENSG00000148296	SURF6	1696	1393	1321	1463	1605	1658	2039
ENSG00000148297	MED22	1498	1071	1003	1176	1321	1292	1983
ENSG00000148300	REXO4	2153	1720	1603	1741	2017	2039	2763
ENSG00000148303	RPL7A	41060	34111	29967	33088	35780	36384	50229
ENSG00000148308	GTF3C5	2411	1972	1808	2000	2241	2173	3050
ENSG00000148331	ASB6	640	492	474	530	555	593	765
ENSG00000148334	PTGES2	2451	2019	1843	1963	2140	2089	2979
ENSG00000148335	NTMT1	1239	1053	922	1105	1179	1064	1473
ENSG00000148337	CIZ1	3104	2469	2308	2384	2815	2876	4027
ENSG00000148339	SLC25A25	885	723	649	685	835	823	1126
ENSG00000148341	SH3GLB2	596	508	436	484	528	463	845
ENSG00000148343	MIGA2	594	579	466	418	533	557	742
ENSG00000148344	PTGES	2	2	0	1	3	2	4
ENSG00000148346	LCN2	0	3	0	0	0	0	2
ENSG00000148356	LRSAM1	548	537	447	413	503	495	806
ENSG00000148357	HMCN2	0	2	4	1	1	1	6
ENSG00000148358	GPR107	3344	2475	2511	2567	2847	3161	4394
ENSG00000148362	PAXX	286	220	213	221	243	254	362
ENSG00000148384	INPP5E	648	601	477	513	567	584	855
ENSG00000148396	SEC16A	5008	3595	3886	3339	4050	4725	6884
ENSG00000148399	DPH7	437	319	324	336	349	351	489
ENSG00000148400	NOTCH1	158	133	149	125	139	137	218
ENSG00000148408	CACNA1B	1	1	2	3	1	1	3
ENSG00000148411	NACC2	3310	2553	2587	2563	2912	3079	4337
ENSG00000148426	PROSER2	706	556	525	652	638	692	941
ENSG00000148429	USP6NL	2176	1659	1636	1682	1811	2173	3096
ENSG00000148444	COMMD3	601	520	417	492	504	488	767
ENSG00000148450	MSRB2	130	138	105	127	120	146	151
ENSG00000148459	PDSS1	458	337	360	404	393	405	606
ENSG00000148468	FAM171A1	3849	2893	2935	3051	3234	3509	4993
ENSG00000148481	MINDY3	417	282	280	358	303	307	505
ENSG00000148483	TMEM236	20	19	24	12	43	24	37
ENSG00000148484	RSU1	1400	1037	1070	1152	1236	1267	1697
ENSG00000148498	PARD3	2748	1921	2096	2193	2451	2722	3741
ENSG00000148516	ZEB1	861	593	670	647	711	796	1175
ENSG00000148541	FAM13C	39	48	27	24	32	34	64
ENSG00000148572	NRBF2	1162	848	855	922	1017	1082	1464
ENSG00000148584	A1CF	5561	4046	4221	4202	4581	5435	7805
ENSG00000148600	CDHR1	0	3	2	0	2	3	2
ENSG00000148604	RGR	2	0	0	1	4	1	2
ENSG00000148606	POLR3A	2514	1951	1978	1966	2214	2422	3139
ENSG00000148634	HERC4	960	733	789	686	703	935	1336
ENSG00000148655	LRMDA	149	111	109	124	125	163	215
ENSG00000148660	CAMK2G	1069	883	837	852	939	1060	1403
ENSG00000148671	ADIRF	1	4	0	8	1	2	7
ENSG00000148672	GLUD1	27213	21023	20735	21758	23613	24737	34531
ENSG00000148677	ANKRD1	2113	1551	1517	1448	1581	1640	2329
ENSG00000148680	HTR7	7	6	3	5	6	3	5
ENSG00000148688	RPP30	721	560	497	638	651	635	931
ENSG00000148690	FRA10AC1	803	612	619	702	654	788	987
ENSG00000148700	ADD3	2918	2106	2293	2381	2538	2808	3974
ENSG00000148702	HABP2	4	16	17	17	10	13	11
ENSG00000148704	VAX1	0	0	0	0	0	0	1
ENSG00000148719	DNAJB12	1694	1391	1200	1383	1499	1545	2123
ENSG00000148730	EIF4EBP2	5459	4163	4348	4464	4752	5123	7125
ENSG00000148734	NPFFR1	5	11	8	5	9	11	10
ENSG00000148735	PLEKHS1	2	0	0	0	0	0	0
ENSG00000148737	TCF7L2	1244	939	916	1002	1052	1183	1649
ENSG00000148773	MKI67	8816	6049	6543	5770	6929	8101	12206
ENSG00000148795	CYP17A1	3	0	1	6	1	2	1
ENSG00000148798	INA	10	11	11	9	14	13	17
ENSG00000148803	FUOM	425	362	339	356	348	396	540
ENSG00000148814	LRRC27	101	105	101	95	119	122	184
ENSG00000148824	MTG1	1302	1255	1021	1126	1334	1278	1701
ENSG00000148826	NKX6-2	1	0	1	3	0	0	0
ENSG00000148832	PAOX	5	4	4	2	6	5	17
ENSG00000148834	GSTO1	4160	3371	2751	3319	3388	3400	4399
ENSG00000148835	TAF5	365	274	334	381	305	359	529
ENSG00000148840	PPRC1	3101	2366	2342	2316	2626	2733	4104
ENSG00000148841	ITPRIP	522	359	378	392	507	542	687
ENSG00000148842	CNNM2	1483	1141	1168	1152	1331	1387	1922
ENSG00000148843	PDCD11	4567	3477	3553	3449	4167	4356	5911
ENSG00000148848	ADAM12	0	0	0	0	0	0	1
ENSG00000148908	RGS10	119	76	90	74	84	90	113
ENSG00000148925	BTBD10	635	532	465	503	526	559	800
ENSG00000148926	ADM	371	303	264	227	257	306	403
ENSG00000148935	GAS2	1415	1200	1031	1153	1212	1287	1738
ENSG00000148942	SLC5A12	0	0	1	0	0	0	0
ENSG00000148943	LIN7C	1574	1228	1239	1223	1309	1403	1973
ENSG00000148948	LRRC4C	0	0	0	0	0	0	1
ENSG00000148950	IMMP1L	138	119	87	115	87	94	122
ENSG00000148965	SAA4	1400	1221	994	1266	1361	1301	1726
ENSG00000148985	PGAP2	851	694	728	705	747	710	1038
ENSG00000149016	TUT1	689	540	481	550	673	645	875
ENSG00000149021	SCGB1A1	0	0	1	0	0	0	0
ENSG00000149043	SYT8	9	3	11	9	2	5	3
ENSG00000149050	ZNF214	25	30	21	22	19	43	43
ENSG00000149054	ZNF215	2	1	1	0	3	2	7
ENSG00000149084	HSD17B12	3714	2629	2784	2956	3137	3387	4689
ENSG00000149089	APIP	911	707	691	755	762	851	1058
ENSG00000149091	DGKZ	2126	1600	1666	1741	1848	2014	2588
ENSG00000149100	EIF3M	3905	3202	2876	3286	3475	3558	5127
ENSG00000149115	TNKS1BP1	1515	1231	1158	1261	1473	1602	2103
ENSG00000149124	GLYAT	0	1	0	0	0	0	0
ENSG00000149131	SERPING1	211	191	155	178	216	245	330
ENSG00000149136	SSRP1	9049	6971	6956	7506	8034	8442	11493
ENSG00000149150	SLC43A1	2584	2016	1919	2447	2506	2586	3634
ENSG00000149177	PTPRJ	134	112	102	122	135	133	206
ENSG00000149179	CSTPP1	332	329	285	313	374	329	443
ENSG00000149182	ARFGAP2	2228	1768	1715	2027	2116	2068	2821
ENSG00000149187	CELF1	4556	3788	3668	3689	3918	4375	6297
ENSG00000149196	HIKESHI	547	408	420	461	496	540	684
ENSG00000149201	CCDC81	6	4	6	3	8	2	3
ENSG00000149212	SESN3	153	119	132	106	128	146	220
ENSG00000149218	ENDOD1	569	480	472	486	491	608	738
ENSG00000149231	CCDC82	1575	1402	1211	1170	1554	1569	2681
ENSG00000149243	KLHL35	2	0	1	0	0	0	1
ENSG00000149256	TENM4	0	0	0	1	0	0	0
ENSG00000149257	SERPINH1	6214	5169	4776	4936	5258	5327	7700
ENSG00000149260	CAPN5	22	27	31	26	22	51	21
ENSG00000149262	INTS4	791	645	546	626	634	772	1023
ENSG00000149269	PAK1	43	35	33	34	37	33	52
ENSG00000149273	RPS3	25247	23672	18483	23013	24635	23566	29197
ENSG00000149289	ZC3H12C	278	207	218	210	218	295	391
ENSG00000149292	TTC12	190	153	142	162	180	159	258
ENSG00000149294	NCAM1	2	0	1	1	0	1	1
ENSG00000149300	C11orf52	164	128	105	148	145	122	194
ENSG00000149305	HTR3B	25	31	27	36	31	31	33
ENSG00000149308	NPAT	685	468	510	545	560	615	947
ENSG00000149311	ATM	2127	1761	1552	1509	1720	2069	3108
ENSG00000149313	AASDHPPT	2038	1501	1479	1619	1832	1728	2523
ENSG00000149328	GLB1L2	41	35	46	45	45	34	64
ENSG00000149346	SLX4IP	558	376	378	382	434	472	708
ENSG00000149357	LAMTOR1	1616	1427	1215	1441	1513	1374	2056
ENSG00000149418	ST14	67	56	37	59	75	59	85
ENSG00000149428	HYOU1	16139	12140	12442	12430	13568	14158	19232
ENSG00000149452	SLC22A8	0	0	1	0	1	0	0
ENSG00000149474	KAT14	510	329	372	392	432	490	687
ENSG00000149476	TKFC	4299	3665	3235	3563	3704	3788	5101
ENSG00000149480	MTA2	4445	3635	3355	3530	4088	4092	5842
ENSG00000149483	TMEM138	729	549	515	491	552	583	897
ENSG00000149485	FADS1	7532	5565	5587	5708	6295	6833	9346
ENSG00000149488	TMC2	2	3	3	0	1	0	5
ENSG00000149489	ROM1	43	53	48	38	50	39	51
ENSG00000149499	EML3	672	597	599	561	617	683	963
ENSG00000149503	INCENP	2257	1801	1715	1771	2070	2204	3005
ENSG00000149527	PLCH2	35	28	20	26	28	35	58
ENSG00000149532	CPSF7	3693	2854	2679	2916	3194	3390	4837
ENSG00000149534	MS4A2	5	5	6	4	3	10	6
ENSG00000149541	B3GAT3	902	796	678	814	933	848	1154
ENSG00000149547	EI24	5634	4246	4342	4594	4678	4868	7105
ENSG00000149548	CCDC15	92	81	90	74	74	122	143
ENSG00000149554	CHEK1	1618	1279	1173	1299	1428	1541	2083
ENSG00000149557	FEZ1	1	1	1	0	1	2	2
ENSG00000149564	ESAM	324	276	211	284	294	321	385
ENSG00000149571	KIRREL3	0	1	2	0	2	2	3
ENSG00000149573	MPZL2	1117	849	808	897	939	1069	1433
ENSG00000149575	SCN2B	8	1	3	3	6	3	5
ENSG00000149577	SIDT2	1141	867	829	759	974	986	1295
ENSG00000149582	TMEM25	349	248	232	286	298	255	419
ENSG00000149591	TAGLN	1975	1355	1231	1426	1502	1571	2187
ENSG00000149596	JPH2	4	1	3	1	0	1	1
ENSG00000149599	DUSP15	15	16	9	12	5	12	15
ENSG00000149600	COMMD7	1393	1129	973	1171	1216	1211	1614
ENSG00000149634	SPATA25	67	57	49	57	53	76	77
ENSG00000149636	DSN1	1288	996	958	1097	1143	1090	1592
ENSG00000149639	SOGA1	2296	1794	1809	1672	2030	2076	3188
ENSG00000149646	CNBD2	201	163	118	149	127	123	179
ENSG00000149654	CDH22	0	0	0	1	0	0	1
ENSG00000149657	LSM14B	3413	2788	2560	2823	3017	3290	4321
ENSG00000149658	YTHDF1	4005	3171	3143	3313	3500	3778	5117
ENSG00000149679	CABLES2	730	558	523	653	670	665	996
ENSG00000149716	LTO1	507	425	378	415	447	469	627
ENSG00000149735	GPHA2	279	218	189	234	246	220	327
ENSG00000149742	SLC22A9	108	93	88	90	101	110	173
ENSG00000149743	TRPT1	349	301	265	283	329	333	437
ENSG00000149761	NUDT22	506	406	397	371	478	463	652
ENSG00000149781	FERMT3	3	0	0	0	0	6	0
ENSG00000149782	PLCB3	1403	1151	1089	1142	1196	1278	1814
ENSG00000149792	MRPL49	2109	1502	1455	1616	1779	1760	2448
ENSG00000149798	CDC42EP2	449	387	314	414	455	452	545
ENSG00000149806	FAU	6851	5908	5066	5631	6021	6122	8386
ENSG00000149809	TM7SF2	1456	1260	1153	1245	1274	1325	1774
ENSG00000149823	VPS51	3139	2577	2398	2508	2837	2752	3827
ENSG00000149922	TBX6	45	36	25	35	41	32	57
ENSG00000149923	PPP4C	5676	4586	4112	4817	5160	4870	6424
ENSG00000149925	ALDOA	54117	43463	40517	39986	42935	44545	63415
ENSG00000149926	TLCD3B	1	0	2	1	1	1	0
ENSG00000149927	DOC2A	0	7	0	1	9	5	0
ENSG00000149929	HIRIP3	1042	837	793	912	916	913	1293
ENSG00000149930	TAOK2	3678	3065	2863	2910	3363	3637	4691
ENSG00000149932	TMEM219	1454	1244	1035	1213	1256	1257	1820
ENSG00000149948	HMGA2	13593	10340	10439	11164	11767	12865	18060
ENSG00000149968	MMP3	69	40	33	31	49	46	67
ENSG00000150048	CLEC1A	0	0	0	1	0	0	0
ENSG00000150051	MKX	0	0	1	0	0	1	1
ENSG00000150054	MPP7	624	473	439	543	526	602	901
ENSG00000150093	ITGB1	18732	12610	14346	15390	15507	17248	24525
ENSG00000150275	PCDH15	0	0	1	0	1	0	1
ENSG00000150281	CTF1	44	29	27	42	29	33	43
ENSG00000150316	CWC15	923	740	768	863	764	809	1102
ENSG00000150347	ARID5B	1581	1129	1171	1084	1290	1482	2082
ENSG00000150401	DCUN1D2	291	243	168	189	171	168	272
ENSG00000150403	TMCO3	2674	1998	2123	2116	2401	2397	3300
ENSG00000150433	TMEM218	233	212	199	220	251	253	268
ENSG00000150455	TIRAP	287	244	205	226	289	274	293
ENSG00000150456	EEF1AKMT1	207	175	160	178	145	156	225
ENSG00000150457	LATS2	1435	1098	1086	1002	1142	1243	1848
ENSG00000150459	SAP18	3810	3201	2600	3231	3424	3402	4528
ENSG00000150471	ADGRL3	1	0	2	1	1	2	3
ENSG00000150477	KIAA1328	305	255	251	220	232	266	433
ENSG00000150510	FAM124A	3	1	1	1	3	2	11
ENSG00000150527	MIA2	6715	4994	5027	5312	5751	6130	9098
ENSG00000150540	HNMT	5031	4065	3540	3839	3990	4391	6245
ENSG00000150551	LYPD1	2	2	2	1	0	0	2
ENSG00000150593	PDCD4	1533	1364	1308	1454	1395	1519	2132
ENSG00000150594	ADRA2A	1	2	0	0	1	0	0
ENSG00000150627	WDR17	1	1	1	2	1	2	3
ENSG00000150636	CCDC102B	13	7	10	13	13	9	12
ENSG00000150637	CD226	25	19	15	19	23	36	44
ENSG00000150656	CNDP1	8	1	0	2	5	2	5
ENSG00000150667	FSIP1	6	2	2	5	2	0	3
ENSG00000150672	DLG2	16	20	27	21	24	28	44
ENSG00000150676	CCDC83	0	1	0	0	0	0	0
ENSG00000150687	PRSS23	45	32	52	26	47	67	74
ENSG00000150712	MTMR12	3330	2414	2427	2556	2862	3047	4235
ENSG00000150722	PPP1R1C	2	2	0	3	2	0	0
ENSG00000150750	POU2AF2	0	0	1	0	1	1	0
ENSG00000150753	CCT5	12520	9888	9252	10529	10846	11317	15649
ENSG00000150756	ATPSCKMT	251	212	196	185	191	231	329
ENSG00000150760	DOCK1	1854	1430	1417	1409	1664	1837	2695
ENSG00000150764	DIXDC1	1436	965	1122	967	1126	1218	1863
ENSG00000150768	DLAT	3441	2542	2400	2669	2799	2919	4357
ENSG00000150773	PIH1D2	11	18	21	7	21	26	12
ENSG00000150776	NKAPD1	1240	922	1013	1004	1160	1181	1655
ENSG00000150779	TIMM8B	675	609	474	539	648	570	643
ENSG00000150782	IL18	140	110	103	117	115	117	184
ENSG00000150783	TEX12	0	3	0	0	1	0	1
ENSG00000150787	PTS	441	314	310	332	302	336	436
ENSG00000150867	PIP4K2A	2236	1644	1670	1714	1934	2057	2909
ENSG00000150873	C2orf50	18	13	10	6	10	13	22
ENSG00000150893	FREM2	0	0	0	0	0	1	0
ENSG00000150907	FOXO1	1357	967	1001	999	1177	1286	1859
ENSG00000150938	CRIM1	5904	4114	4659	4371	4804	5504	7528
ENSG00000150961	SEC24D	4500	3115	3248	3259	3579	3822	5504
ENSG00000150967	ABCB9	284	218	179	195	275	282	344
ENSG00000150977	RILPL2	808	652	579	629	688	700	994
ENSG00000150990	DHX37	2675	2038	1912	1964	2244	2347	3347
ENSG00000150991	UBC	35760	28383	26442	30427	31125	32116	44692
ENSG00000150995	ITPR1	689	424	444	404	525	687	930
ENSG00000151005	TKTL2	0	0	1	0	0	0	0
ENSG00000151006	PRSS53	0	30	11	54	68	50	120
ENSG00000151012	SLC7A11	2348	1703	1851	2652	2758	3239	4595
ENSG00000151014	NOCT	314	213	243	222	262	255	374
ENSG00000151023	ENKUR	6	4	5	1	5	4	8
ENSG00000151033	LYZL2	5	6	5	1	4	0	4
ENSG00000151062	CACNA2D4	166	106	124	116	140	150	266
ENSG00000151065	DCP1B	462	435	371	396	419	448	609
ENSG00000151067	CACNA1C	0	0	0	0	0	0	1
ENSG00000151090	THRB	987	716	800	810	899	957	1360
ENSG00000151092	NGLY1	1160	842	819	946	989	1063	1574
ENSG00000151093	OXSM	357	309	237	291	324	277	414
ENSG00000151116	UEVLD	606	470	489	508	517	584	798
ENSG00000151117	TMEM86A	3	5	3	1	7	6	9
ENSG00000151131	NOPCHAP1	706	598	487	470	544	599	915
ENSG00000151135	TMEM263	3653	2673	2760	2868	2965	3351	4822
ENSG00000151136	ABTB3	664	479	447	483	548	614	848
ENSG00000151148	UBE3B	1211	1034	978	987	1145	1217	1649
ENSG00000151150	ANK3	1	1	0	0	2	1	2
ENSG00000151151	IPMK	771	547	519	561	610	643	958
ENSG00000151164	RAD9B	7	2	4	4	1	2	5
ENSG00000151176	PLBD2	2703	2115	2274	2042	2354	2609	3779
ENSG00000151208	DLG5	3326	2333	2522	2339	2692	2981	4319
ENSG00000151224	MAT1A	2641	1981	2073	2169	2408	2336	3355
ENSG00000151229	SLC2A13	399	290	331	300	299	341	509
ENSG00000151233	GXYLT1	1744	1258	1398	1258	1404	1592	2254
ENSG00000151239	TWF1	3174	2401	2273	2534	2435	2896	3994
ENSG00000151240	DIP2C	350	262	256	276	290	318	465
ENSG00000151247	EIF4E	3408	2588	2616	2881	2979	3198	4524
ENSG00000151276	MAGI1	2761	1957	2104	2073	2431	2711	3788
ENSG00000151287	TEX30	8	13	7	8	10	11	14
ENSG00000151292	CSNK1G3	1247	936	956	906	1048	1210	1720
ENSG00000151304	SRFBP1	440	295	342	320	374	391	610
ENSG00000151320	AKAP6	37	29	23	31	32	32	32
ENSG00000151322	NPAS3	0	0	0	0	0	0	1
ENSG00000151327	FAM177A1	2208	1778	1723	1839	1902	1943	2632
ENSG00000151332	MBIP	1364	1003	936	1038	1168	1264	1814
ENSG00000151338	MIPOL1	656	475	502	525	569	626	876
ENSG00000151348	EXT2	1774	1579	1348	1473	1464	1547	2153
ENSG00000151353	TMEM18	927	763	718	851	835	922	1214
ENSG00000151360	ALLC	2	4	1	0	0	0	0
ENSG00000151364	KCTD14	555	430	418	382	456	496	723
ENSG00000151365	THRSP	3	2	2	1	1	3	3
ENSG00000151366	NDUFC2	7396	6722	5551	6983	7201	7051	8755
ENSG00000151376	ME3	0	1	1	0	0	1	0
ENSG00000151413	NUBPL	1400	1153	1080	1158	1181	1319	1763
ENSG00000151414	NEK7	871	581	690	742	637	798	1186
ENSG00000151422	FER	1195	946	949	899	1067	1277	1723
ENSG00000151445	VIPAS39	507	391	387	391	424	454	651
ENSG00000151458	ANKRD50	611	435	506	468	487	546	930
ENSG00000151461	UPF2	1675	1223	1288	1417	1399	1635	2230
ENSG00000151465	CDC123	3963	3007	2844	3215	3348	3421	4613
ENSG00000151466	SCLT1	288	216	220	207	240	243	301
ENSG00000151470	C4orf33	88	56	41	57	78	70	93
ENSG00000151474	FRMD4A	67	62	47	38	38	43	82
ENSG00000151490	PTPRO	0	1	0	3	0	0	0
ENSG00000151491	EPS8	2827	1987	1888	2308	2290	2720	3881
ENSG00000151498	ACAD8	369	265	242	313	309	339	378
ENSG00000151500	THYN1	764	649	575	684	639	699	925
ENSG00000151502	VPS26B	1610	1246	1244	1262	1327	1412	1996
ENSG00000151503	NCAPD3	1900	1117	1491	1430	1341	1629	2073
ENSG00000151532	VTI1A	976	654	704	747	859	950	1317
ENSG00000151552	QDPR	2147	1673	1674	1773	1935	1885	2632
ENSG00000151553	FHIP2A	801	632	598	593	636	716	1032
ENSG00000151572	ANO4	0	0	0	1	0	0	0
ENSG00000151575	TEX9	128	115	98	99	82	94	184
ENSG00000151576	QTRT2	1170	904	912	976	1047	1180	1666
ENSG00000151611	MMAA	59	64	50	57	58	53	68
ENSG00000151612	ZNF827	534	385	434	430	411	494	733
ENSG00000151617	EDNRA	1	0	2	0	0	0	0
ENSG00000151623	NR3C2	6	4	11	9	11	10	15
ENSG00000151632	AKR1C2	10831	7892	7196	7818	7879	7914	10949
ENSG00000151640	DPYSL4	108	77	79	80	84	75	152
ENSG00000151650	VENTX	8	10	10	4	2	6	10
ENSG00000151651	ADAM8	8	10	3	4	3	4	9
ENSG00000151655	ITIH2	58425	43659	44279	45182	49479	53564	76411
ENSG00000151657	KIN	725	582	587	601	604	654	934
ENSG00000151665	PIGF	723	534	514	607	596	615	813
ENSG00000151687	ANKAR	19	0	0	9	15	23	25
ENSG00000151689	INPP1	843	710	672	682	772	765	1104
ENSG00000151690	MFSD6	189	155	163	153	187	202	285
ENSG00000151692	RNF144A	1274	921	1050	971	1142	1254	1797
ENSG00000151693	ASAP2	1584	1095	1219	1159	1295	1395	2057
ENSG00000151694	ADAM17	1095	806	866	875	919	1211	1730
ENSG00000151715	TMEM45B	2073	1664	1583	1594	1756	1923	2397
ENSG00000151718	WWC2	3036	2365	2410	2477	2477	3031	4803
ENSG00000151725	CENPU	420	333	290	377	357	428	635
ENSG00000151726	ACSL1	1963	1385	1427	1607	1706	1830	2593
ENSG00000151729	SLC25A4	967	712	686	660	822	774	1059
ENSG00000151743	AMN1	161	139	139	129	140	156	199
ENSG00000151746	BICD1	194	163	156	180	193	194	247
ENSG00000151748	SAV1	724	536	566	642	646	689	905
ENSG00000151773	CCDC122	92	87	73	67	96	72	106
ENSG00000151778	SERP2	0	0	0	2	0	0	1
ENSG00000151779	NBAS	2338	1739	1833	1618	1939	2216	3215
ENSG00000151789	ZNF385D	12	12	3	6	5	6	13
ENSG00000151806	GUF1	2388	1584	1749	1775	1986	2244	2889
ENSG00000151812	SLC35F4	1	0	0	0	0	0	0
ENSG00000151834	GABRA2	1	1	0	0	1	0	1
ENSG00000151835	SACS	1703	1313	1294	1146	1365	1570	2514
ENSG00000151849	CENPJ	378	297	322	269	349	370	477
ENSG00000151876	FBXO4	156	117	127	123	125	144	216
ENSG00000151881	TMEM267	311	259	236	247	279	273	425
ENSG00000151882	CCL28	0	0	0	0	0	0	3
ENSG00000151883	PARP8	3	0	1	4	0	0	11
ENSG00000151892	GFRA1	0	0	0	1	0	0	0
ENSG00000151893	CACUL1	2002	1549	1642	1734	1804	1856	2751
ENSG00000151914	DST	5131	3810	3830	3278	4105	4978	7460
ENSG00000151917	BEND6	12	9	12	11	11	9	18
ENSG00000151923	TIAL1	2161	1569	1457	1669	1856	1791	2545
ENSG00000151929	BAG3	1912	1520	1504	1447	1633	1764	2458
ENSG00000151948	GLT1D1	2	1	2	6	0	0	6
ENSG00000151962	RBM46	0	0	0	0	0	0	1
ENSG00000152034	MCHR2	0	0	0	0	0	0	1
ENSG00000152049	KCNE4	1	5	2	2	3	1	4
ENSG00000152056	AP1S3	804	619	631	656	708	682	991
ENSG00000152061	RABGAP1L	477	366	385	345	406	437	644
ENSG00000152076	CCDC74B	12	5	4	10	11	14	6
ENSG00000152078	TLCD4	883	653	623	744	771	887	1267
ENSG00000152082	MZT2B	4288	3883	3163	3725	4237	3963	4963
ENSG00000152086	TUBA3E	0	0	0	1	0	0	1
ENSG00000152102	FAM168B	6955	5232	5396	5354	5934	6532	9260
ENSG00000152104	PTPN14	1055	661	750	730	848	906	1356
ENSG00000152127	MGAT5	9105	6483	7010	7071	8035	9012	12677
ENSG00000152128	TMEM163	1	3	2	1	0	1	0
ENSG00000152133	GPATCH11	734	515	506	512	590	639	885
ENSG00000152137	HSPB8	44	25	30	29	33	29	35
ENSG00000152147	GEMIN6	783	592	537	543	605	658	829
ENSG00000152154	TMEM178A	29	20	21	27	20	26	32
ENSG00000152192	POU4F1	193	199	148	187	222	198	301
ENSG00000152193	OBI1	697	615	602	661	654	669	1032
ENSG00000152213	ARL11	15	12	9	15	17	18	10
ENSG00000152217	SETBP1	138	101	87	64	103	122	144
ENSG00000152219	ARL14EP	483	402	408	402	466	482	742
ENSG00000152223	EPG5	616	286	333	359	451	569	690
ENSG00000152229	PSTPIP2	27	30	16	19	23	21	33
ENSG00000152234	ATP5F1A	18389	14130	13480	15162	15759	15917	21854
ENSG00000152240	HAUS1	774	585	531	613	587	575	871
ENSG00000152242	C18orf25	797	608	650	634	674	727	1066
ENSG00000152253	SPC25	818	627	551	671	664	730	965
ENSG00000152256	PDK1	1204	891	967	748	898	1083	1645
ENSG00000152270	PDE3B	2098	1435	1563	1656	1669	2001	2975
ENSG00000152284	TCF7L1	75	72	66	58	52	77	107
ENSG00000152291	TGOLN2	15970	11013	12606	12822	13958	15698	22310
ENSG00000152292	SH2D6	0	0	3	0	0	0	0
ENSG00000152315	KCNK13	56	41	44	39	42	48	66
ENSG00000152332	UHMK1	2538	1847	1920	1927	2075	2346	3489
ENSG00000152348	ATG10	132	124	112	111	146	118	193
ENSG00000152359	POC5	236	209	206	189	210	226	322
ENSG00000152377	SPOCK1	9	5	7	8	2	4	22
ENSG00000152380	FAM151B	15	21	5	9	9	5	13
ENSG00000152382	TADA1	706	563	481	591	613	661	886
ENSG00000152402	GUCY1A2	0	0	2	2	1	0	0
ENSG00000152404	CWF19L2	605	447	457	512	527	586	783
ENSG00000152409	JMY	747	595	638	649	638	770	1115
ENSG00000152413	HOMER1	1073	739	851	916	895	1023	1514
ENSG00000152422	XRCC4	257	203	202	212	248	257	336
ENSG00000152430	BOLL	0	0	1	0	0	0	0
ENSG00000152433	ZNF547	54	31	35	32	42	45	69
ENSG00000152439	ZNF773	170	165	139	121	169	147	234
ENSG00000152443	ZNF776	460	349	360	320	424	443	604
ENSG00000152454	ZNF256	119	119	82	77	118	122	148
ENSG00000152455	SUV39H2	364	224	278	357	359	325	565
ENSG00000152457	DCLRE1C	373	276	285	353	324	425	575
ENSG00000152463	OLAH	3	4	4	3	3	5	7
ENSG00000152464	RPP38	417	378	365	379	412	416	551
ENSG00000152465	NMT2	954	714	754	757	776	909	1103
ENSG00000152475	ZNF837	64	65	46	55	58	58	72
ENSG00000152484	USP12	1546	1072	1094	1143	1213	1429	1957
ENSG00000152492	CCDC50	3911	2968	2995	3165	3298	3609	5000
ENSG00000152495	CAMK4	4	5	1	2	1	1	4
ENSG00000152503	TRIM36	54	38	44	46	78	62	101
ENSG00000152518	ZFP36L2	8179	5870	6169	6017	6702	7052	10544
ENSG00000152520	PAN3	960	782	758	692	854	866	1318
ENSG00000152527	PLEKHH2	123	98	97	62	73	95	185
ENSG00000152556	PFKM	38	33	41	39	59	53	57
ENSG00000152558	TMEM123	27125	20117	20284	20586	21415	24591	35516
ENSG00000152578	GRIA4	0	0	0	0	0	0	1
ENSG00000152580	IGSF10	1	1	1	0	2	0	1
ENSG00000152582	SPEF2	48	32	34	31	31	32	60
ENSG00000152583	SPARCL1	1	1	1	0	2	1	1
ENSG00000152595	MEPE	0	0	3	0	2	1	2
ENSG00000152601	MBNL1	2202	1621	1613	1639	1848	2014	2992
ENSG00000152620	NADK2	1781	1296	1336	1254	1559	1666	1910
ENSG00000152642	GPD1L	865	675	662	730	760	836	1215
ENSG00000152661	GJA1	0	0	3	0	0	0	2
ENSG00000152669	CCNO	0	11	3	0	6	0	7
ENSG00000152672	CLEC4F	1	0	4	2	1	3	0
ENSG00000152683	SLC30A6	1868	1288	1398	1552	1597	1658	2395
ENSG00000152684	PELO	1152	856	864	959	975	1034	1460
ENSG00000152689	RASGRP3	2	2	0	3	2	3	0
ENSG00000152700	SAR1B	2365	1936	1741	1729	1864	1990	2784
ENSG00000152705	CATSPER3	5	5	12	2	7	14	9
ENSG00000152749	GPR180	1	0	1	0	0	2	0
ENSG00000152763	DNAI4	2	9	8	7	7	4	11
ENSG00000152767	FARP1	12009	9663	9015	8404	9725	10893	15631
ENSG00000152778	IFIT5	351	215	221	269	300	295	458
ENSG00000152779	SLC16A12	1	5	1	0	3	4	1
ENSG00000152782	PANK1	1067	736	773	840	851	968	1352
ENSG00000152784	PRDM8	2	1	0	2	2	1	4
ENSG00000152785	BMP3	2	0	0	0	0	0	0
ENSG00000152795	HNRNPDL	9060	7257	6585	7153	7296	8114	11703
ENSG00000152804	HHEX	2524	2088	1934	2229	2162	2314	3303
ENSG00000152818	UTRN	7676	5713	6016	5022	5973	7543	11077
ENSG00000152822	GRM1	0	0	0	1	0	0	0
ENSG00000152894	PTPRK	7022	4653	5236	5129	5718	6296	9219
ENSG00000152904	GGPS1	1149	846	848	955	983	1046	1438
ENSG00000152910	CNTNAP4	0	0	0	0	0	0	1
ENSG00000152926	ZNF117	1140	961	852	778	919	1039	1653
ENSG00000152932	RAB3C	1	1	0	0	0	1	0
ENSG00000152939	MARVELD2	873	617	675	713	780	805	1203
ENSG00000152942	RAD17	1036	759	749	791	832	870	1354
ENSG00000152944	MED21	507	420	402	488	478	519	741
ENSG00000152952	PLOD2	8632	5726	6653	6065	6249	7395	10519
ENSG00000152953	STK32B	1	0	0	0	0	0	0
ENSG00000152954	NRSN1	2	2	1	0	3	0	1
ENSG00000152969	JAKMIP1	0	0	1	0	1	0	0
ENSG00000152990	ADGRA3	2884	2028	2185	2386	2404	2560	3627
ENSG00000153006	SREK1IP1	1076	762	805	937	993	1025	1435
ENSG00000153012	LGI2	1	1	1	0	3	1	0
ENSG00000153015	CWC27	1468	1183	1243	1377	1344	1401	1975
ENSG00000153029	MR1	321	255	273	260	275	348	433
ENSG00000153037	SRP19	1383	1097	1016	1177	1207	1256	1653
ENSG00000153044	CENPH	475	380	357	421	415	431	627
ENSG00000153046	CDYL	1074	826	908	950	993	998	1449
ENSG00000153048	CARHSP1	6655	5637	4862	5534	6171	6068	8429
ENSG00000153064	BANK1	1	1	0	1	1	2	2
ENSG00000153066	TXNDC11	4535	3527	3311	3298	3767	3945	5522
ENSG00000153071	DAB2	526	408	401	372	414	473	624
ENSG00000153093	ACOXL	48	33	42	43	41	51	48
ENSG00000153094	BCL2L11	1022	848	815	791	871	1022	1430
ENSG00000153107	ANAPC1	6348	4239	4619	4629	5277	5810	8192
ENSG00000153113	CAST	4316	3071	3339	3325	3457	3734	5524
ENSG00000153130	SCOC	1959	1441	1369	1516	1513	1685	2347
ENSG00000153132	CLGN	604	542	484	520	536	597	828
ENSG00000153140	CETN3	731	633	563	569	635	639	864
ENSG00000153147	SMARCA5	5075	3639	3948	3907	4108	4596	6547
ENSG00000153157	SYCP2L	3	1	0	1	1	0	1
ENSG00000153162	BMP6	9	12	10	13	11	12	18
ENSG00000153165	RGPD3	33	24	32	25	20	23	42
ENSG00000153179	RASSF3	1414	1121	1139	1271	1368	1398	1888
ENSG00000153187	HNRNPU	21011	15227	15782	17648	18438	19863	26002
ENSG00000153201	RANBP2	8331	5772	6350	5896	6506	8066	11285
ENSG00000153207	AHCTF1	4470	3281	3457	3386	3612	4138	6384
ENSG00000153208	MERTK	2283	1762	1725	1858	2083	2370	3200
ENSG00000153214	TMEM87B	1597	1186	1283	1279	1375	1579	2254
ENSG00000153233	PTPRR	0	2	0	0	0	0	0
ENSG00000153234	NR4A2	10	14	8	8	9	4	20
ENSG00000153237	CCDC148	14	3	6	0	16	2	15
ENSG00000153246	PLA2R1	0	1	2	1	1	0	2
ENSG00000153250	RBMS1	2363	1928	1888	1974	1948	2460	3024
ENSG00000153253	SCN3A	2	0	4	1	0	2	1
ENSG00000153283	CD96	33	20	15	21	18	23	26
ENSG00000153291	SLC25A27	25	15	16	11	23	16	18
ENSG00000153294	ADGRF4	0	0	0	0	1	2	1
ENSG00000153303	FRMD1	1	1	2	1	1	1	1
ENSG00000153310	CYRIB	1849	1358	1450	1466	1557	1586	2218
ENSG00000153317	ASAP1	2766	1961	2130	2009	2298	2544	3892
ENSG00000153339	TRAPPC8	1031	756	839	762	929	1089	1488
ENSG00000153391	INO80C	556	486	435	500	478	554	664
ENSG00000153395	LPCAT1	3718	2795	2912	2684	3035	3373	4627
ENSG00000153404	PLEKHG4B	12	8	12	11	12	8	15
ENSG00000153406	NMRAL1	530	440	421	479	532	462	694
ENSG00000153443	UBALD1	1480	1321	1115	1332	1360	1407	1895
ENSG00000153446	C16orf89	30	40	21	22	29	27	44
ENSG00000153485	TMEM251	542	427	364	452	494	512	630
ENSG00000153487	ING1	696	577	565	568	616	646	877
ENSG00000153495	TEX29	1	1	2	0	0	4	0
ENSG00000153531	ADPRHL1	24	25	17	28	38	29	52
ENSG00000153551	CMTM7	756	603	572	623	642	649	905
ENSG00000153558	FBXL2	55	50	40	34	44	34	55
ENSG00000153560	UBP1	4879	3655	3819	3889	4169	4467	6247
ENSG00000153561	RMND5A	3897	2972	2907	2986	3411	3748	5245
ENSG00000153563	CD8A	5	1	0	0	0	7	12
ENSG00000153574	RPIA	1523	1239	1169	1313	1406	1361	1906
ENSG00000153684	GOLGA8F	0	0	0	0	0	2	0
ENSG00000153707	PTPRD	0	0	1	1	0	1	2
ENSG00000153714	LURAP1L	256	209	199	181	211	203	321
ENSG00000153721	CNKSR3	1361	1084	1101	1041	1215	1252	1844
ENSG00000153767	GTF2E1	752	543	525	566	667	719	941
ENSG00000153774	CFDP1	3000	2293	2372	2418	2605	2652	3675
ENSG00000153786	ZDHHC7	4458	3298	3404	3382	3828	4082	5632
ENSG00000153790	C7orf31	248	162	166	150	197	200	298
ENSG00000153814	JAZF1	0	0	4	0	3	0	0
ENSG00000153815	CMIP	7081	5175	5798	5568	6055	6531	9059
ENSG00000153822	KCNJ16	1	0	0	0	0	0	0
ENSG00000153823	PID1	3	3	4	4	1	1	4
ENSG00000153827	TRIP12	8424	5603	6327	6337	6950	7854	11409
ENSG00000153832	FBXO36	131	109	94	101	88	114	150
ENSG00000153879	CEBPG	2202	1710	1676	2012	1980	2264	3099
ENSG00000153885	KCTD15	1327	1018	962	1032	1253	1294	1626
ENSG00000153896	ZNF599	171	165	135	146	126	201	243
ENSG00000153902	LGI4	16	15	12	5	6	6	17
ENSG00000153904	DDAH1	3384	2474	2783	2748	2926	3023	4492
ENSG00000153914	SREK1	913	689	610	594	662	912	1130
ENSG00000153922	CHD1	1131	972	1018	1080	935	1190	1517
ENSG00000153930	ANKFN1	0	1	0	1	0	0	0
ENSG00000153933	DGKE	586	535	474	467	506	572	840
ENSG00000153936	HS2ST1	5466	4180	4075	4057	4456	4945	6795
ENSG00000153944	MSI2	6898	5146	5157	4845	5366	6414	8988
ENSG00000153975	ZUP1	645	463	470	476	508	554	842
ENSG00000153976	HS3ST3A1	46	14	15	22	14	18	41
ENSG00000153982	GDPD1	205	188	149	155	198	199	291
ENSG00000153989	NUS1	7916	5870	5908	5995	6371	6819	9852
ENSG00000154001	PPP2R5E	2111	1546	1648	1695	1733	1910	2756
ENSG00000154016	GRAP	143	138	118	116	119	141	173
ENSG00000154025	SLC5A10	6	4	4	1	4	4	7
ENSG00000154027	AK5	0	1	2	5	1	0	5
ENSG00000154040	CABYR	18	23	16	26	18	23	30
ENSG00000154059	IMPACT	411	261	264	302	329	361	469
ENSG00000154065	ANKRD29	0	1	1	6	0	1	2
ENSG00000154079	SDHAF4	131	105	91	133	109	113	166
ENSG00000154080	CHST9	568	397	427	428	412	496	687
ENSG00000154096	THY1	15	7	16	18	18	20	23
ENSG00000154099	DNAAF1	0	2	0	2	0	0	1
ENSG00000154102	C16orf74	3	2	0	2	0	2	6
ENSG00000154114	TBCEL	590	427	497	358	505	566	724
ENSG00000154118	JPH3	0	0	4	0	0	0	0
ENSG00000154122	ANKH	1975	1464	1436	1490	1651	1715	2400
ENSG00000154124	OTULIN	816	587	648	635	677	712	1059
ENSG00000154127	UBASH3B	1312	987	1016	1062	1145	1241	1743
ENSG00000154133	ROBO4	52	37	27	20	38	27	38
ENSG00000154134	ROBO3	0	0	0	1	1	0	0
ENSG00000154144	TBRG1	453	324	381	298	469	421	537
ENSG00000154146	NRGN	71	52	46	57	54	59	100
ENSG00000154153	RETREG1	0	2	0	4	0	7	6
ENSG00000154162	CDH12	0	0	1	0	0	0	0
ENSG00000154174	TOMM70	4183	3180	3307	3301	3521	4081	5693
ENSG00000154175	ABI3BP	0	0	1	0	4	2	1
ENSG00000154217	PITPNC1	248	197	203	192	199	252	326
ENSG00000154222	CC2D1B	854	736	636	711	813	747	1116
ENSG00000154227	CERS3	0	0	0	0	0	0	3
ENSG00000154229	PRKCA	3661	2484	2705	2865	3175	3534	5012
ENSG00000154237	LRRK1	14	0	0	15	0	0	0
ENSG00000154240	CEP112	70	51	57	72	76	81	97
ENSG00000154252	GAL3ST2	120	101	89	92	99	112	172
ENSG00000154258	ABCA9	6	10	5	5	1	6	11
ENSG00000154262	ABCA6	5	2	2	2	3	1	9
ENSG00000154263	ABCA10	15	0	0	9	0	14	1
ENSG00000154265	ABCA5	223	190	123	168	199	288	368
ENSG00000154269	ENPP3	1215	957	964	957	1025	1081	1623
ENSG00000154274	C4orf19	11	10	14	10	15	11	28
ENSG00000154277	UCHL1	0	0	0	1	0	1	6
ENSG00000154305	MIA3	2406	1852	1822	1707	1928	2099	3076
ENSG00000154309	DISP1	106	30	72	66	82	78	128
ENSG00000154310	TNIK	51	38	33	44	59	51	90
ENSG00000154328	NEIL2	523	404	409	424	454	512	643
ENSG00000154342	WNT3A	0	1	0	0	0	0	0
ENSG00000154358	OBSCN	9	12	8	14	6	15	14
ENSG00000154359	LONRF1	692	561	554	507	576	606	1373
ENSG00000154370	TRIM11	1141	1039	944	977	1130	1155	1612
ENSG00000154380	ENAH	3512	2568	2808	2741	3157	3292	4574
ENSG00000154415	PPP1R3A	1	0	0	0	0	1	0
ENSG00000154429	CCSAP	682	543	613	524	550	734	969
ENSG00000154447	SH3RF1	646	519	527	515	581	607	933
ENSG00000154451	GBP5	47	32	22	28	24	31	45
ENSG00000154473	BUB3	5220	4156	3768	4471	4543	4875	6613
ENSG00000154479	CFAP210	3	4	5	1	8	6	5
ENSG00000154485	MMP21	11	11	11	7	8	7	11
ENSG00000154511	DIPK1A	569	438	406	418	478	496	700
ENSG00000154518	ATP5MC3	6315	5353	4596	5207	5441	5665	7260
ENSG00000154529	CNTNAP3B	219	169	209	157	178	184	265
ENSG00000154545	MAGED4	2867	2108	2031	1809	2098	2381	3284
ENSG00000154548	SRSF12	66	53	39	54	53	53	91
ENSG00000154553	PDLIM3	157	106	97	127	126	114	172
ENSG00000154556	SORBS2	983	774	728	825	818	955	1385
ENSG00000154582	ELOC	1779	1483	1256	1468	1527	1574	2019
ENSG00000154589	LY96	13	13	12	13	17	20	30
ENSG00000154620	TMSB4Y	4	2	1	1	2	5	10
ENSG00000154639	CXADR	3466	2513	2625	2763	2897	3116	4445
ENSG00000154640	BTG3	460	324	377	366	370	390	552
ENSG00000154642	C21orf91	318	223	241	225	267	309	449
ENSG00000154645	CHODL	0	0	1	0	0	0	0
ENSG00000154646	TMPRSS15	0	0	0	0	0	1	0
ENSG00000154655	L3MBTL4	301	238	239	230	268	288	404
ENSG00000154710	RABGEF1	1159	976	879	921	929	984	1478
ENSG00000154719	MRPL39	1133	879	780	861	904	946	1321
ENSG00000154721	JAM2	2	4	7	4	2	1	6
ENSG00000154723	ATP5PF	2016	1802	1415	1662	1798	1972	2349
ENSG00000154727	GABPA	1082	803	828	895	908	1048	1545
ENSG00000154734	ADAMTS1	0	3	1	5	1	6	5
ENSG00000154743	TSEN2	73	148	116	147	140	151	192
ENSG00000154760	SLFN13	0	0	5	3	1	0	0
ENSG00000154767	XPC	1564	1162	1106	1243	1323	1374	1916
ENSG00000154781	CCDC174	423	365	389	381	388	436	552
ENSG00000154783	FGD5	1	2	1	0	5	2	0
ENSG00000154803	FLCN	1120	913	801	833	893	1037	1445
ENSG00000154813	DPH3	1173	939	794	881	984	1008	1344
ENSG00000154814	OXNAD1	382	271	250	270	324	358	464
ENSG00000154822	PLCL2	0	0	3	0	1	0	1
ENSG00000154832	CXXC1	1683	1443	1295	1491	1651	1559	2194
ENSG00000154839	SKA1	795	652	616	636	684	761	990
ENSG00000154845	PPP4R1	2650	1780	1870	1984	2137	2360	3336
ENSG00000154856	APCDD1	63	59	50	47	53	50	81
ENSG00000154864	PIEZO2	2814	1799	2200	2138	2316	2760	3941
ENSG00000154889	MPPE1	102	116	104	114	116	116	179
ENSG00000154914	USP43	107	89	83	99	109	95	153
ENSG00000154917	RAB6B	40	30	36	40	51	55	51
ENSG00000154920	EME1	436	374	354	416	435	436	603
ENSG00000154928	EPHB1	21	14	13	20	24	16	36
ENSG00000154930	ACSS1	2122	1708	1611	1858	1927	2041	2803
ENSG00000154945	ANKRD40	3433	2597	2672	2701	2962	3280	4563
ENSG00000154957	ZNF18	128	94	94	103	100	129	151
ENSG00000154978	VOPP1	2485	2041	1969	2069	2172	2178	3143
ENSG00000154997	SEPTIN14	199	149	140	156	147	155	255
ENSG00000155008	APOOL	1038	782	798	824	865	946	1389
ENSG00000155016	CYP2U1	208	149	151	173	155	170	235
ENSG00000155026	RSPH10B	0	0	2	1	0	0	0
ENSG00000155034	FBXL18	930	723	764	739	854	892	1155
ENSG00000155052	CNTNAP5	0	0	0	0	1	0	0
ENSG00000155066	PROM2	0	0	0	0	0	0	2
ENSG00000155085	AK9	134	103	94	132	110	120	154
ENSG00000155090	KLF10	1015	745	705	811	847	922	1331
ENSG00000155093	PTPRN2	514	411	451	454	495	486	734
ENSG00000155096	AZIN1	4360	3243	3282	3618	3762	4151	5732
ENSG00000155097	ATP6V1C1	2644	1932	2101	2082	2220	2415	3433
ENSG00000155099	PIP4P2	103	72	87	96	82	97	150
ENSG00000155100	OTUD6B	498	341	332	393	400	395	665
ENSG00000155111	CDK19	1259	871	921	840	1029	1200	1622
ENSG00000155115	GTF3C6	2466	2011	1690	2106	2075	2278	2847
ENSG00000155158	TTC39B	995	830	797	779	907	865	1358
ENSG00000155189	AGPAT5	1572	1223	1121	1392	1213	1408	1823
ENSG00000155229	MMS19	2564	2009	2055	2089	2275	2230	3275
ENSG00000155252	PI4K2A	1451	1151	1202	1249	1365	1364	2013
ENSG00000155254	MARVELD1	1	1	0	1	1	0	0
ENSG00000155256	ZFYVE27	1128	1008	861	862	1041	1058	1445
ENSG00000155265	GOLGA7B	0	0	1	0	1	1	1
ENSG00000155269	GPR78	0	0	0	0	0	0	1
ENSG00000155275	TRMT44	236	198	171	236	242	252	348
ENSG00000155287	SLC25A28	263	232	191	229	265	249	300
ENSG00000155304	HSPA13	1670	1196	1228	1307	1411	1553	2213
ENSG00000155307	SAMSN1	0	1	1	0	1	0	0
ENSG00000155313	USP25	1043	752	785	797	955	1007	1435
ENSG00000155324	GRAMD2B	225	185	164	179	188	198	276
ENSG00000155329	ZCCHC10	734	544	560	618	605	619	935
ENSG00000155330	C16orf87	616	487	463	503	492	574	782
ENSG00000155363	MOV10	2000	1599	1596	1580	1725	1870	2587
ENSG00000155366	RHOC	2374	2009	1679	2034	2135	2003	2731
ENSG00000155367	PPM1J	4	4	3	7	1	6	13
ENSG00000155368	DBI	4619	3964	3310	3724	3839	4147	5598
ENSG00000155380	SLC16A1	6736	4843	5042	5258	5542	5913	8437
ENSG00000155393	HEATR3	733	564	612	617	658	688	883
ENSG00000155428	TRIM74	51	43	39	40	38	26	48
ENSG00000155438	NIFK	1858	1495	1292	1599	1543	1699	2391
ENSG00000155463	OXA1L	8928	7055	6594	7541	8073	8472	12150
ENSG00000155465	SLC7A7	8	17	7	16	0	17	12
ENSG00000155506	LARP1	13128	9688	10196	9948	11212	12360	17000
ENSG00000155508	CNOT8	1963	1578	1493	1405	1617	1707	2370
ENSG00000155530	LRGUK	5	6	4	2	0	3	16
ENSG00000155542	SETD9	118	105	66	95	62	101	123
ENSG00000155545	MIER3	1083	797	801	860	855	996	1529
ENSG00000155561	NUP205	3535	2338	2752	2699	2949	3246	4594
ENSG00000155592	ZKSCAN2	962	710	748	714	752	885	1302
ENSG00000155621	C9orf85	364	272	268	329	339	396	463
ENSG00000155629	PIK3AP1	414	292	280	319	329	338	466
ENSG00000155636	RBM45	373	270	265	334	285	311	489
ENSG00000155657	TTN	118	90	80	61	90	106	161
ENSG00000155660	PDIA4	25664	19767	19750	20067	21195	22311	29868
ENSG00000155666	KDM8	214	158	178	172	207	200	290
ENSG00000155714	PDZD9	0	0	0	1	0	1	3
ENSG00000155719	OTOA	0	0	1	0	0	0	0
ENSG00000155729	KCTD18	216	155	174	203	207	255	275
ENSG00000155744	FAM126B	979	762	701	799	770	921	1321
ENSG00000155749	FLACC1	3	6	4	3	4	3	6
ENSG00000155754	C2CD6	3	1	0	1	0	0	1
ENSG00000155755	TMEM237	203	140	155	188	223	198	227
ENSG00000155760	FZD7	75	62	52	38	53	57	76
ENSG00000155761	SPAG17	1	0	1	0	1	0	1
ENSG00000155792	DEPTOR	32	20	19	14	27	26	52
ENSG00000155816	FMN2	0	0	0	0	0	2	0
ENSG00000155827	RNF20	1758	1319	1343	1376	1487	1669	2303
ENSG00000155846	PPARGC1B	159	122	123	142	155	173	200
ENSG00000155849	ELMO1	12	2	4	3	2	4	19
ENSG00000155850	SLC26A2	653	469	524	506	524	618	928
ENSG00000155858	LSM11	519	438	400	393	405	468	620
ENSG00000155868	MED7	228	204	150	183	210	223	301
ENSG00000155875	SAXO1	1	0	1	0	0	0	0
ENSG00000155876	RRAGA	3193	2406	2321	2584	2633	2743	3885
ENSG00000155886	SLC24A2	1	0	0	0	1	0	1
ENSG00000155890	TRIM42	0	0	0	0	0	0	1
ENSG00000155893	PXYLP1	180	175	153	193	143	177	273
ENSG00000155903	RASA2	465	399	372	367	389	480	694
ENSG00000155906	RMND1	1451	1030	1060	1133	1328	1294	1901
ENSG00000155918	RAET1L	0	0	0	0	0	0	1
ENSG00000155957	TMBIM4	560	524	410	465	554	515	698
ENSG00000155959	VBP1	1522	1169	1080	1226	1279	1325	1827
ENSG00000155961	RAB39B	3	3	1	2	8	6	5
ENSG00000155962	CLIC2	3	5	2	5	3	1	4
ENSG00000155966	AFF2	1	0	0	0	0	0	0
ENSG00000155970	MICU3	213	176	129	142	154	174	267
ENSG00000155974	GRIP1	2	2	5	3	8	7	9
ENSG00000155975	VPS37A	831	572	619	587	728	701	1013
ENSG00000155980	KIF5A	656	596	518	452	510	521	796
ENSG00000156006	NAT2	4	5	2	4	1	5	6
ENSG00000156009	MAGEA8	0	1	1	0	0	0	0
ENSG00000156011	PSD3	779	527	585	541	670	750	1106
ENSG00000156017	CARNMT1	1345	957	1024	1079	1182	1223	1758
ENSG00000156026	MCU	1219	895	950	1035	1123	1101	1572
ENSG00000156030	MIDEAS	1074	753	819	724	840	1108	1297
ENSG00000156042	CFAP70	12	9	2	0	0	5	13
ENSG00000156049	GNA14	1	0	1	0	2	1	1
ENSG00000156050	FAM161B	99	89	79	90	118	103	151
ENSG00000156052	GNAQ	1543	1134	1216	1294	1302	1428	2210
ENSG00000156076	WIF1	0	0	0	0	0	0	1
ENSG00000156096	UGT2B4	84	44	38	47	61	82	102
ENSG00000156097	GPR61	1	0	0	0	0	0	0
ENSG00000156103	MMP16	5	2	1	2	1	0	4
ENSG00000156110	ADK	2176	1851	1605	1807	1866	1973	2575
ENSG00000156113	KCNMA1	0	0	0	1	0	0	0
ENSG00000156127	BATF	14	13	10	19	11	13	21
ENSG00000156136	DCK	920	697	657	704	773	750	1086
ENSG00000156162	DPY19L4	1063	816	822	923	922	1071	1469
ENSG00000156170	NDUFAF6	212	188	158	201	187	182	250
ENSG00000156171	DRAM2	626	509	473	532	521	601	811
ENSG00000156172	CFAP418	158	138	112	129	121	133	214
ENSG00000156194	PPEF2	1	5	2	4	1	3	1
ENSG00000156206	CFAP161	0	0	0	1	0	0	0
ENSG00000156218	ADAMTSL3	0	0	0	0	4	0	4
ENSG00000156219	ART3	0	0	0	0	0	1	0
ENSG00000156222	SLC28A1	13	11	21	7	6	9	15
ENSG00000156232	WHAMM	642	485	510	501	572	610	786
ENSG00000156239	N6AMT1	234	160	177	141	186	196	268
ENSG00000156253	RWDD2B	104	97	84	113	109	94	212
ENSG00000156256	USP16	1872	1406	1497	1514	1592	1689	2389
ENSG00000156261	CCT8	9316	7134	6709	7643	7699	8174	11525
ENSG00000156265	MAP3K7CL	3	0	1	4	0	1	2
ENSG00000156273	BACH1	1404	991	1083	1064	1119	1336	1884
ENSG00000156298	TSPAN7	896	677	688	821	800	882	1203
ENSG00000156299	TIAM1	1	2	3	2	0	3	4
ENSG00000156304	SCAF4	2320	1807	1881	1853	2037	2152	3278
ENSG00000156313	RPGR	387	309	359	335	383	357	485
ENSG00000156345	CDK20	0	0	0	0	0	0	1
ENSG00000156374	PCGF6	634	444	426	471	471	493	762
ENSG00000156381	ANKRD9	853	691	692	672	716	716	1046
ENSG00000156384	SFR1	139	120	118	136	133	155	187
ENSG00000156395	SORCS3	0	1	1	1	0	0	1
ENSG00000156398	SFXN2	263	217	171	220	283	248	335
ENSG00000156411	ATP5MJ	1237	1028	897	999	1104	1160	1468
ENSG00000156413	FUT6	636	479	442	483	480	485	721
ENSG00000156427	FGF18	1	4	4	1	2	1	5
ENSG00000156453	PCDH1	26	18	13	2	19	16	4
ENSG00000156463	SH3RF2	469	366	313	359	395	464	658
ENSG00000156466	GDF6	0	0	0	0	1	0	0
ENSG00000156467	UQCRB	1979	1489	1412	1605	1605	1807	2384
ENSG00000156469	MTERF3	395	340	276	320	370	377	498
ENSG00000156471	PTDSS1	723	550	536	523	662	578	905
ENSG00000156475	PPP2R2B	0	0	0	0	1	0	0
ENSG00000156482	RPL30	11476	9856	8213	9811	10402	10660	14185
ENSG00000156486	KCNS2	1	1	0	1	1	2	0
ENSG00000156500	PABIR3	63	56	37	34	48	41	69
ENSG00000156502	SUPV3L1	1121	812	847	851	995	1044	1472
ENSG00000156504	PABIR2	826	614	551	588	707	688	1053
ENSG00000156508	EEF1A1	365026	275821	268468	314582	325550	320505	432708
ENSG00000156509	FBXO43	120	93	51	63	130	105	147
ENSG00000156510	HKDC1	1093	862	800	828	1013	952	1342
ENSG00000156515	HK1	81	57	71	70	63	80	107
ENSG00000156521	TYSND1	491	375	374	444	500	440	617
ENSG00000156531	PHF6	1148	859	841	961	971	1039	1546
ENSG00000156535	CD109	633	438	529	487	541	638	873
ENSG00000156564	LRFN2	0	0	0	0	0	0	1
ENSG00000156574	NODAL	1	1	2	0	0	4	1
ENSG00000156587	UBE2L6	826	711	625	758	768	702	1041
ENSG00000156599	ZDHHC5	3074	2116	2176	2196	2587	2682	3818
ENSG00000156603	MED19	352	295	258	323	343	326	447
ENSG00000156639	ZFAND3	3675	2935	2822	3243	3485	3715	5202
ENSG00000156642	NPTN	3566	2559	2591	2831	2997	3177	4514
ENSG00000156650	KAT6B	1159	829	950	902	993	1174	1746
ENSG00000156671	SAMD8	991	729	855	772	849	977	1319
ENSG00000156675	RAB11FIP1	1458	1018	1080	1078	1220	1323	2004
ENSG00000156697	UTP14A	1124	969	905	1010	1135	1173	1564
ENSG00000156709	AIFM1	3291	2609	2573	2660	2790	3064	3942
ENSG00000156711	MAPK13	1833	1494	1335	1373	1586	1694	2312
ENSG00000156735	BAG4	1373	1067	1068	1118	1236	1409	1963
ENSG00000156787	TBC1D31	324	266	252	260	329	328	479
ENSG00000156795	NTAQ1	337	298	275	271	281	291	385
ENSG00000156802	ATAD2	6908	4900	5294	5444	5771	6385	9360
ENSG00000156804	FBXO32	16	9	7	12	20	18	22
ENSG00000156831	NSMCE2	457	362	293	382	382	439	516
ENSG00000156853	ZNF689	1235	884	921	979	1084	1113	1583
ENSG00000156858	PRR14	1076	876	842	827	943	958	1364
ENSG00000156860	FBRS	3789	2918	2795	2872	3271	3544	4952
ENSG00000156869	FRRS1	764	623	621	562	660	712	977
ENSG00000156873	PHKG2	788	590	603	670	718	724	891
ENSG00000156875	MFSD14A	1913	1310	1460	1552	1699	1761	2454
ENSG00000156876	SASS6	634	470	463	495	592	596	789
ENSG00000156928	MALSU1	986	816	694	772	752	806	1072
ENSG00000156931	VPS8	790	561	690	696	699	812	1171
ENSG00000156958	GALK2	518	378	350	394	370	419	569
ENSG00000156959	LHFPL4	6	10	11	12	11	8	14
ENSG00000156966	B3GNT7	84	63	79	77	81	72	94
ENSG00000156968	MPV17L	3700	3230	3033	3141	3469	3581	4994
ENSG00000156970	BUB1B	2247	1598	1680	1707	1835	2008	2892
ENSG00000156973	PDE6D	260	219	168	237	281	238	377
ENSG00000156976	EIF4A2	5207	4151	3757	3969	4047	4412	6129
ENSG00000156983	BRPF1	830	648	675	684	687	736	1069
ENSG00000156990	RPUSD3	943	712	656	738	767	784	1077
ENSG00000157014	TATDN2	2236	1666	1579	1696	1853	1952	2695
ENSG00000157017	GHRL	2	2	0	3	7	2	2
ENSG00000157020	SEC13	7686	6279	5572	5872	6356	6695	9375
ENSG00000157036	EXOG	321	241	207	233	291	281	395
ENSG00000157045	NTAN1	1046	829	792	869	839	927	1197
ENSG00000157077	ZFYVE9	1203	915	931	953	1107	1261	1719
ENSG00000157087	ATP2B2	254	195	179	181	248	225	334
ENSG00000157093	LYZL4	0	2	0	0	2	0	1
ENSG00000157106	SMG1	9312	7315	7224	6340	7441	9002	13637
ENSG00000157107	FCHO2	754	538	517	562	552	643	981
ENSG00000157110	RBPMS	2387	1854	1800	1884	1960	2101	3122
ENSG00000157111	TMEM171	1	1	1	0	0	0	1
ENSG00000157131	C8A	238	187	141	150	213	208	297
ENSG00000157150	TIMP4	9	4	3	3	4	4	6
ENSG00000157168	NRG1	15	18	8	11	19	4	29
ENSG00000157181	ODR4	906	804	690	747	796	876	1195
ENSG00000157184	CPT2	735	596	595	560	637	639	935
ENSG00000157191	NECAP2	1395	1078	1007	1091	1203	1265	1680
ENSG00000157193	LRP8	1571	1345	1198	1138	1195	1335	1931
ENSG00000157211	CDCP2	0	1	0	0	0	0	0
ENSG00000157212	PAXIP1	960	731	681	695	739	824	1105
ENSG00000157214	STEAP2	336	242	253	258	257	298	396
ENSG00000157216	SSBP3	1408	1113	1053	1154	1262	1282	1663
ENSG00000157224	CLDN12	2092	1587	1681	1819	1780	2028	2822
ENSG00000157227	MMP14	319	263	241	228	250	228	331
ENSG00000157240	FZD1	146	103	97	120	148	129	186
ENSG00000157259	GATAD1	1739	1428	1251	1394	1513	1692	2305
ENSG00000157303	SUSD3	54	45	53	41	51	41	59
ENSG00000157315	TMED6	119	83	87	118	117	104	180
ENSG00000157322	CLEC18A	6	7	5	8	4	11	6
ENSG00000157326	DHRS4	1423	1206	999	1283	1350	1345	1605
ENSG00000157330	CFAP107	3	9	8	3	7	9	10
ENSG00000157335	CLEC18C	0	3	7	2	5	0	11
ENSG00000157343	ARMC12	2	2	5	6	5	10	8
ENSG00000157349	DDX19B	1121	978	935	1039	1054	1181	1493
ENSG00000157350	ST3GAL2	2431	1926	1811	2029	2236	2291	3159
ENSG00000157353	FCSK	434	354	309	349	372	390	550
ENSG00000157368	IL34	31	37	28	38	37	46	49
ENSG00000157379	DHRS1	1034	894	812	935	983	950	1255
ENSG00000157388	CACNA1D	1	0	2	0	1	1	1
ENSG00000157399	ARSL	1549	1299	1214	1276	1306	1467	1909
ENSG00000157404	KIT	1	0	0	0	0	0	0
ENSG00000157423	HYDIN	0	2	0	0	0	0	3
ENSG00000157426	AASDH	354	258	292	285	300	393	556
ENSG00000157429	ZNF19	40	27	25	49	34	32	36
ENSG00000157450	RNF111	769	547	539	518	640	765	1032
ENSG00000157456	CCNB2	2049	1533	1407	1587	1658	1771	2395
ENSG00000157470	FAM81A	5	8	4	8	4	5	7
ENSG00000157483	MYO1E	1462	1102	1025	1114	1265	1356	1953
ENSG00000157500	APPL1	1698	1179	1288	1369	1358	1581	2410
ENSG00000157502	PWWP3B	1	1	0	1	0	0	0
ENSG00000157510	AFAP1L1	3	4	2	9	0	13	20
ENSG00000157514	TSC22D3	27	18	13	27	32	23	43
ENSG00000157538	VPS26C	1212	814	858	964	977	1011	1521
ENSG00000157540	DYRK1A	1014	795	778	794	866	906	1298
ENSG00000157542	KCNJ6	0	1	3	0	2	1	1
ENSG00000157551	KCNJ15	86	84	71	78	81	93	171
ENSG00000157557	ETS2	2932	2340	2324	2265	2573	2719	3880
ENSG00000157578	LCA5L	9	4	4	11	5	3	8
ENSG00000157593	SLC35B2	3833	3039	2853	3114	3377	3433	4674
ENSG00000157600	TMEM164	598	511	512	570	614	672	915
ENSG00000157601	MX1	137	105	92	105	133	125	184
ENSG00000157613	CREB3L1	0	0	0	0	1	0	0
ENSG00000157617	C2CD2	767	633	599	553	597	700	1009
ENSG00000157625	TAB3	3152	2284	2422	2240	2415	2751	4171
ENSG00000157637	SLC38A10	4446	3702	3631	3649	4023	4272	5871
ENSG00000157653	C9orf43	14	6	2	5	12	8	12
ENSG00000157654	PALM2AKAP2	1078	737	804	786	850	996	1312
ENSG00000157657	ZNF618	19	19	17	11	23	19	25
ENSG00000157680	DGKI	0	1	0	0	0	0	0
ENSG00000157693	TMEM268	322	281	294	296	329	359	509
ENSG00000157703	SVOPL	0	1	0	0	0	0	0
ENSG00000157734	SNX22	59	103	78	0	88	110	107
ENSG00000157741	UBN2	949	748	745	634	744	856	1375
ENSG00000157764	BRAF	1058	731	784	770	886	948	1495
ENSG00000157765	SLC34A2	0	1	2	1	1	0	2
ENSG00000157766	ACAN	1	0	0	0	0	0	0
ENSG00000157778	PSMG3	618	583	487	537	594	540	752
ENSG00000157782	CABP1	0	0	1	0	0	0	1
ENSG00000157796	WDR19	472	285	371	291	329	429	616
ENSG00000157800	SLC37A3	910	698	657	673	735	867	1112
ENSG00000157823	AP3S2	907	678	673	701	842	865	1168
ENSG00000157827	FMNL2	7402	5630	5633	5606	6111	7220	10393
ENSG00000157833	GAREM2	36	52	50	47	39	45	58
ENSG00000157837	SPPL3	1453	1107	1237	1215	1326	1276	1816
ENSG00000157851	DPYSL5	8	6	10	4	5	6	6
ENSG00000157856	DRC1	0	1	0	0	0	0	2
ENSG00000157869	RAB28	375	327	311	305	332	341	474
ENSG00000157870	PRXL2B	1548	1242	1215	1352	1531	1419	1921
ENSG00000157873	TNFRSF14	362	341	252	320	315	298	455
ENSG00000157881	PANK4	788	637	588	588	678	694	961
ENSG00000157890	MEGF11	5	2	1	2	2	1	2
ENSG00000157895	C12orf43	745	666	604	663	712	743	944
ENSG00000157911	PEX10	742	693	563	561	769	841	1034
ENSG00000157916	RER1	3286	2570	2379	2516	2684	2817	3743
ENSG00000157927	RADIL	6	4	8	7	5	9	7
ENSG00000157933	SKI	3303	2514	2509	2434	2832	3152	4520
ENSG00000157954	WIPI2	2554	1934	1818	2028	2179	2307	3070
ENSG00000157978	LDLRAP1	692	613	539	573	685	678	909
ENSG00000157985	AGAP1	2892	2158	2227	2145	2575	3016	4140
ENSG00000157992	KRTCAP3	28	22	17	16	21	20	26
ENSG00000157999	ANKRD61	16	23	18	11	15	17	30
ENSG00000158006	PAFAH2	460	356	351	365	405	418	590
ENSG00000158008	EXTL1	5	1	5	6	5	3	8
ENSG00000158014	SLC30A2	2	5	1	3	3	5	1
ENSG00000158019	BABAM2	1257	951	863	899	1035	1142	1623
ENSG00000158023	CFAP251	8	10	1	6	7	11	19
ENSG00000158042	MRPL17	1467	1129	1028	1103	1188	1202	1613
ENSG00000158055	GRHL3	1	1	1	1	2	2	2
ENSG00000158062	UBXN11	160	198	149	169	189	147	238
ENSG00000158079	PTPDC1	278	239	246	233	237	283	401
ENSG00000158092	NCK1	680	534	487	555	593	662	895
ENSG00000158104	HPD	5281	4135	3971	4166	4342	4499	6358
ENSG00000158106	RHPN1	65	53	85	57	65	63	92
ENSG00000158109	TPRG1L	2256	1662	1512	1695	1871	1804	2615
ENSG00000158113	LRRC43	3	1	2	0	2	0	0
ENSG00000158122	PRXL2C	668	520	496	519	584	548	824
ENSG00000158125	XDH	0	0	0	0	0	0	2
ENSG00000158156	XKR8	236	201	197	182	229	251	326
ENSG00000158158	CNNM4	949	687	726	696	733	815	1153
ENSG00000158161	EYA3	1220	879	899	913	1006	1166	1663
ENSG00000158163	DZIP1L	45	37	38	27	41	42	70
ENSG00000158169	FANCC	672	509	510	475	562	587	921
ENSG00000158186	MRAS	788	577	600	633	740	687	1091
ENSG00000158195	WASF2	5015	3540	3771	3826	4329	4516	6524
ENSG00000158201	ABHD3	1048	894	790	839	958	976	1333
ENSG00000158220	ESYT3	112	63	81	86	69	75	95
ENSG00000158234	FAIM	423	289	263	318	361	345	530
ENSG00000158246	TENT5B	31	30	24	26	25	28	36
ENSG00000158258	CLSTN2	6	3	0	5	3	5	3
ENSG00000158270	COLEC12	67	72	59	49	68	81	94
ENSG00000158286	RNF207	223	223	213	193	216	246	351
ENSG00000158290	CUL4B	2451	1516	1744	1878	1833	2142	3082
ENSG00000158292	GPR153	45	25	28	23	40	38	33
ENSG00000158296	SLC13A3	2311	1955	1837	1774	1890	2063	2946
ENSG00000158301	GPRASP2	37	37	30	30	41	32	59
ENSG00000158315	RHBDL2	119	112	119	106	139	134	161
ENSG00000158321	AUTS2	17	9	9	12	12	15	21
ENSG00000158352	SHROOM4	15	13	8	10	15	9	16
ENSG00000158373	H2BC5	72	39	52	62	57	54	59
ENSG00000158402	CDC25C	549	470	442	504	487	567	716
ENSG00000158406	H4C8	0	0	0	0	4	7	0
ENSG00000158411	MITD1	394	326	295	327	368	401	521
ENSG00000158417	EIF5B	12095	9502	9494	10644	10607	11114	14878
ENSG00000158423	RIBC1	8	13	7	8	7	4	12
ENSG00000158427	TMSB15B	0	0	0	0	0	1	0
ENSG00000158428	CATIP	2	0	0	0	0	0	0
ENSG00000158435	CNOT11	5263	4013	3918	4235	4480	4691	6678
ENSG00000158445	KCNB1	1	0	2	1	0	0	1
ENSG00000158457	TSPAN33	449	393	388	401	385	423	416
ENSG00000158458	NRG2	0	0	1	0	0	0	2
ENSG00000158467	AHCYL2	692	460	525	479	529	654	867
ENSG00000158470	B4GALT5	2834	2058	2140	2277	2473	2579	3554
ENSG00000158473	CD1D	0	0	0	0	0	1	0
ENSG00000158480	SPATA2	1143	954	1003	1011	1045	1138	1577
ENSG00000158486	DNAH3	4	3	2	3	0	4	4
ENSG00000158488	CD1E	0	2	0	0	0	0	0
ENSG00000158517	NCF1	3	2	0	2	4	4	4
ENSG00000158525	CPA5	2	1	0	0	0	3	3
ENSG00000158526	TSR2	1573	1252	1142	1243	1374	1463	1772
ENSG00000158528	PPP1R9A	1453	1161	1048	1061	1195	1404	1987
ENSG00000158545	ZC3H18	3990	2892	2880	2995	3377	3682	4965
ENSG00000158552	ZFAND2B	806	661	606	753	784	716	1063
ENSG00000158553	POM121L2	1	1	3	3	1	1	0
ENSG00000158555	GDPD5	2423	1945	1806	1791	2073	2131	3051
ENSG00000158560	DYNC1I1	1	1	0	0	0	0	0
ENSG00000158571	PFKFB1	66	45	45	33	47	45	68
ENSG00000158578	ALAS2	0	1	0	0	1	0	0
ENSG00000158604	TMED4	3211	2591	2511	2555	2790	2983	4254
ENSG00000158615	PPP1R15B	1769	1563	1469	1474	1622	1840	2518
ENSG00000158623	COPG2	922	689	692	742	794	827	1213
ENSG00000158636	EMSY	858	650	615	658	744	765	1263
ENSG00000158669	GPAT4	2270	1926	1695	2015	2158	2269	3071
ENSG00000158683	PKD1L1	2	2	2	0	1	2	5
ENSG00000158691	ZSCAN12	590	431	451	431	526	574	906
ENSG00000158710	TAGLN2	1033	838	804	820	868	887	1311
ENSG00000158711	ELK4	1707	1324	1195	1188	1257	1532	2175
ENSG00000158715	SLC45A3	287	224	218	210	247	256	352
ENSG00000158717	RNF166	1191	997	970	1012	1154	1062	1580
ENSG00000158747	NBL1	629	524	505	576	640	626	789
ENSG00000158748	HTR6	3	2	0	1	0	0	2
ENSG00000158769	F11R	4707	3464	3618	3628	3887	4146	5621
ENSG00000158773	USF1	568	473	455	470	511	533	725
ENSG00000158786	PLA2G2F	0	0	0	1	0	0	0
ENSG00000158792	SPATA2L	993	742	712	765	850	878	1154
ENSG00000158793	NIT1	590	416	441	440	540	492	721
ENSG00000158796	DEDD	861	578	663	660	701	678	996
ENSG00000158805	ZNF276	902	854	682	788	906	892	1173
ENSG00000158806	NPM2	502	430	401	427	472	439	689
ENSG00000158813	EDA	1051	767	786	824	869	987	1411
ENSG00000158815	FGF17	67	47	38	40	31	36	71
ENSG00000158825	CDA	86	42	50	51	51	75	93
ENSG00000158828	PINK1	851	756	721	701	799	789	1125
ENSG00000158850	B4GALT3	1680	1213	1147	1303	1425	1439	1991
ENSG00000158856	DMTN	3338	2559	2502	2431	2517	2788	3838
ENSG00000158859	ADAMTS4	209	190	186	174	209	210	296
ENSG00000158863	FHIP2B	589	495	416	484	514	418	719
ENSG00000158864	NDUFS2	3826	2977	2881	3129	3278	3467	4731
ENSG00000158865	SLC5A11	164	125	129	107	108	111	161
ENSG00000158869	FCER1G	62	37	44	61	58	37	80
ENSG00000158874	APOA2	51400	42603	37618	42909	44737	46897	64541
ENSG00000158882	TOMM40L	1219	921	938	966	1066	1069	1530
ENSG00000158887	MPZ	493	417	340	358	412	404	612
ENSG00000158901	WFDC8	8	1	7	1	5	5	8
ENSG00000158941	CCAR2	5349	4170	3958	4239	4657	4818	6722
ENSG00000158955	WNT9B	7	6	6	1	5	2	2
ENSG00000158966	CACHD1	12	4	7	8	8	7	14
ENSG00000158985	CDC42SE2	1487	1142	1129	1167	1282	1422	1941
ENSG00000158987	RAPGEF6	1229	802	919	873	1004	1125	1751
ENSG00000159023	EPB41	3313	2462	2526	2373	2885	3049	4281
ENSG00000159055	MIS18A	1241	1006	972	1142	1176	1139	1512
ENSG00000159063	ALG8	1593	1322	1206	1306	1397	1459	1879
ENSG00000159069	FBXW5	2700	2298	2128	2236	2502	2556	3426
ENSG00000159079	CFAP298	1270	982	1064	1070	1031	967	1450
ENSG00000159082	SYNJ1	356	247	242	215	269	316	475
ENSG00000159086	PAXBP1	1124	798	741	884	932	1008	1301
ENSG00000159110	IFNAR2	770	583	629	645	664	759	1035
ENSG00000159111	MRPL10	2932	2414	2287	2538	2803	2752	3552
ENSG00000159128	IFNGR2	2230	1825	1792	1830	1955	2057	2875
ENSG00000159131	GART	4658	3439	3431	3741	4031	4453	5969
ENSG00000159140	SON	11321	8185	8692	8650	9661	10814	15234
ENSG00000159147	DONSON	1605	1079	1126	1197	1275	1372	1989
ENSG00000159164	SV2A	147	97	127	125	149	154	207
ENSG00000159166	LAD1	3065	2239	2249	2366	2652	2553	3801
ENSG00000159167	STC1	0	0	1	1	0	0	2
ENSG00000159173	TNNI1	111	84	81	100	88	100	156
ENSG00000159176	CSRP1	1993	1396	1369	1501	1598	1609	2170
ENSG00000159197	KCNE2	2	0	0	0	0	1	0
ENSG00000159199	ATP5MC1	2102	1925	1466	1789	1860	1923	2559
ENSG00000159200	RCAN1	1071	847	847	826	827	904	1328
ENSG00000159202	UBE2Z	4918	3739	3727	4029	4357	4563	6171
ENSG00000159208	CIART	7	4	6	3	3	1	6
ENSG00000159210	SNF8	2123	1790	1588	1814	1991	1953	2396
ENSG00000159212	CLIC6	0	0	0	0	0	0	1
ENSG00000159214	CCDC24	13	9	16	15	5	11	19
ENSG00000159216	RUNX1	865	634	697	746	778	805	1196
ENSG00000159217	IGF2BP1	18102	13459	13464	13310	15448	17128	24120
ENSG00000159224	GIP	8	7	5	11	11	17	13
ENSG00000159228	CBR1	835	700	608	745	782	765	950
ENSG00000159231	CBR3	0	1	0	0	0	0	0
ENSG00000159256	MORC3	933	697	628	723	747	833	1251
ENSG00000159259	CHAF1B	893	725	627	711	734	762	1134
ENSG00000159261	CLDN14	24	17	9	8	14	14	26
ENSG00000159263	SIM2	21	27	29	25	18	37	31
ENSG00000159267	HLCS	633	499	539	518	493	578	873
ENSG00000159289	GOLGA6A	0	1	1	1	0	0	1
ENSG00000159307	SCUBE1	37	43	27	39	38	26	44
ENSG00000159314	ARHGAP27	831	618	620	601	656	719	1042
ENSG00000159322	ADPGK	1810	1447	1452	1438	1602	1617	2440
ENSG00000159335	PTMS	4606	3743	3671	3967	4379	4200	5730
ENSG00000159337	PLA2G4D	4	0	2	2	0	3	2
ENSG00000159339	PADI4	2	1	3	0	1	0	1
ENSG00000159346	ADIPOR1	3007	2268	2271	2476	2657	2695	3808
ENSG00000159348	CYB5R1	537	427	364	467	464	466	566
ENSG00000159352	PSMD4	4871	3919	3555	4002	4390	4400	5857
ENSG00000159363	ATP13A2	2161	1682	1650	1668	1964	1930	2711
ENSG00000159377	PSMB4	4382	3761	3166	3834	4095	3979	4871
ENSG00000159388	BTG2	944	695	704	645	781	786	1151
ENSG00000159398	CES5A	0	0	0	1	0	0	0
ENSG00000159399	HK2	7292	5509	5820	5549	5907	7066	9568
ENSG00000159403	C1R	118	94	96	114	94	111	133
ENSG00000159409	CELF3	1	3	8	4	4	8	4
ENSG00000159423	ALDH4A1	6969	5716	5244	5492	6065	6197	8495
ENSG00000159433	STARD9	498	383	357	313	368	438	637
ENSG00000159445	THEM4	259	204	190	249	232	256	335
ENSG00000159459	UBR1	926	703	704	774	834	944	1373
ENSG00000159461	AMFR	4546	3484	3397	3798	4028	4211	5801
ENSG00000159479	MED8	1628	1183	1131	1243	1439	1358	1951
ENSG00000159496	RGL4	4	0	3	1	1	2	1
ENSG00000159556	ISL2	305	239	304	280	317	276	428
ENSG00000159579	RSPRY1	2764	2031	2134	2321	2300	2530	3747
ENSG00000159588	CCDC17	0	4	0	4	0	3	0
ENSG00000159592	GPBP1L1	2906	2308	2297	2474	2639	2818	3903
ENSG00000159593	NAE1	3929	3061	2869	3165	3227	3422	5030
ENSG00000159596	TMEM69	1215	934	854	1060	1033	1161	1592
ENSG00000159625	DRC7	56	40	33	50	37	48	67
ENSG00000159640	ACE	0	2	0	0	0	0	0
ENSG00000159650	UROC1	12	15	9	9	11	16	21
ENSG00000159658	EFCAB14	1084	653	903	894	969	1099	1432
ENSG00000159674	SPON2	813	657	654	656	754	760	1056
ENSG00000159685	CHCHD6	335	309	303	295	329	304	453
ENSG00000159692	CTBP1	6472	5471	5057	5421	5833	5858	7782
ENSG00000159708	LRRC36	0	0	0	0	1	0	0
ENSG00000159713	TPPP3	11	1	3	11	5	6	7
ENSG00000159714	ZDHHC1	25	19	20	28	12	22	35
ENSG00000159720	ATP6V0D1	2441	1912	1743	2154	2271	2180	3016
ENSG00000159723	AGRP	2	5	1	1	1	2	4
ENSG00000159733	ZFYVE28	9	6	5	7	11	9	12
ENSG00000159753	CARMIL2	197	156	148	164	145	187	267
ENSG00000159761	C16orf86	5	3	5	4	3	9	12
ENSG00000159784	FAM131B	0	0	0	0	0	1	1
ENSG00000159788	RGS12	1365	1205	1073	1099	1081	1280	1705
ENSG00000159792	PSKH1	1857	1387	1367	1472	1638	1856	2452
ENSG00000159840	ZYX	4117	3033	3011	3279	3527	3542	5422
ENSG00000159842	ABR	1012	632	731	651	906	896	1175
ENSG00000159871	LYPD5	0	0	1	0	1	0	0
ENSG00000159873	CCDC117	2280	1681	1801	1875	1906	2181	2908
ENSG00000159882	ZNF230	104	73	65	74	98	85	139
ENSG00000159884	CCDC107	325	252	221	253	229	270	331
ENSG00000159885	ZNF222	75	71	60	73	71	79	99
ENSG00000159899	NPR2	43	24	6	3	6	30	52
ENSG00000159905	ZNF221	51	51	42	42	45	45	97
ENSG00000159915	ZNF233	53	44	28	29	49	36	51
ENSG00000159917	ZNF235	102	72	72	59	91	87	144
ENSG00000159921	GNE	1705	1353	1278	1388	1389	1561	2240
ENSG00000159958	TNFRSF13C	43	35	24	24	37	52	47
ENSG00000159961	OR3A3	2	0	3	4	2	0	2
ENSG00000160007	ARHGAP35	5715	4158	4225	4254	4885	5500	7659
ENSG00000160013	PTGIR	1	0	0	1	0	1	0
ENSG00000160014	CALM3	12149	9523	9437	10157	10547	10680	14459
ENSG00000160049	DFFA	2492	1965	1913	2108	2161	2307	3142
ENSG00000160050	CCDC28B	44	38	41	30	44	39	65
ENSG00000160051	IQCC	83	79	77	62	73	74	126
ENSG00000160055	TMEM234	115	89	76	88	95	110	132
ENSG00000160058	BSDC1	2226	1828	1724	1664	1938	2073	3022
ENSG00000160062	ZBTB8A	296	263	256	244	271	265	379
ENSG00000160072	ATAD3B	1912	1607	1365	1425	1641	1687	2246
ENSG00000160075	SSU72	4967	3772	3688	3932	4323	4403	6085
ENSG00000160087	UBE2J2	1962	1712	1525	1770	1837	1770	2363
ENSG00000160094	ZNF362	1016	876	747	804	884	993	1389
ENSG00000160097	FNDC5	29	18	15	21	9	10	29
ENSG00000160111	CPAMD8	6	9	2	9	1	0	9
ENSG00000160113	NR2F6	4149	3540	3319	3533	3946	3779	4924
ENSG00000160117	ANKLE1	45	53	45	46	40	48	78
ENSG00000160124	MIX23	1184	1037	817	985	1034	1078	1498
ENSG00000160131	VMA21	1920	1416	1390	1454	1513	1645	2327
ENSG00000160145	KALRN	407	386	377	363	387	445	598
ENSG00000160161	CILP2	23	15	14	16	12	18	25
ENSG00000160179	ABCG1	0	2	0	0	2	3	7
ENSG00000160180	TFF3	23	14	15	12	25	21	27
ENSG00000160181	TFF2	0	0	0	0	0	1	0
ENSG00000160182	TFF1	2	5	2	2	0	2	3
ENSG00000160183	TMPRSS3	6	9	15	6	4	20	2
ENSG00000160190	SLC37A1	11	9	11	13	7	16	23
ENSG00000160191	PDE9A	208	145	159	179	206	196	286
ENSG00000160193	WDR4	724	584	627	621	679	788	963
ENSG00000160194	NDUFV3	807	700	689	636	751	790	1062
ENSG00000160199	PKNOX1	368	313	266	277	335	301	554
ENSG00000160200	CBS	1906	1600	1449	1886	2150	2116	2932
ENSG00000160201	U2AF1	3179	2030	1867	2090	2382	2580	3010
ENSG00000160202	CRYAA	945	808	862	687	771	1112	1255
ENSG00000160207	HSF2BP	36	28	24	36	28	24	37
ENSG00000160208	RRP1B	3446	2592	2556	2635	2921	3244	4362
ENSG00000160209	PDXK	3751	3259	2921	2749	3261	3315	4651
ENSG00000160211	G6PD	5632	4339	4004	4550	5176	4913	6929
ENSG00000160213	CSTB	1772	1480	1397	1522	1494	1434	2043
ENSG00000160214	RRP1	1437	1236	1040	1233	1265	1388	1675
ENSG00000160216	AGPAT3	3265	2371	2405	2459	2761	2774	3995
ENSG00000160218	TRAPPC10	1046	668	804	736	772	924	1329
ENSG00000160221	GATD3	907	707	606	661	752	808	1005
ENSG00000160223	ICOSLG	334	233	245	271	275	287	404
ENSG00000160224	AIRE	0	0	0	1	0	1	1
ENSG00000160226	CFAP410	513	398	373	421	440	449	607
ENSG00000160229	ZNF66	190	162	123	113	132	180	249
ENSG00000160233	LRRC3	951	666	731	725	800	775	1144
ENSG00000160255	ITGB2	244	178	217	216	230	192	324
ENSG00000160256	SLX9	1301	1114	969	1084	1175	1159	1586
ENSG00000160271	RALGDS	667	518	465	510	492	517	736
ENSG00000160282	FTCD	2220	1946	1704	1788	1903	2043	2794
ENSG00000160284	SPATC1L	179	152	135	169	163	141	224
ENSG00000160285	LSS	4853	3669	3770	3632	4039	4183	5953
ENSG00000160293	VAV2	4068	3290	3055	3224	3482	3758	5325
ENSG00000160294	MCM3AP	2950	2070	2321	2204	2464	2730	4326
ENSG00000160298	C21orf58	260	222	207	173	229	212	332
ENSG00000160299	PCNT	1177	819	743	808	923	1057	1592
ENSG00000160305	DIP2A	1333	927	975	893	1014	1223	1738
ENSG00000160307	S100B	0	0	0	0	0	0	1
ENSG00000160310	PRMT2	1459	1170	1099	1235	1248	1313	1906
ENSG00000160318	CLDND2	32	35	37	41	34	37	60
ENSG00000160321	ZNF208	1	1	2	1	5	3	1
ENSG00000160323	ADAMTS13	67	58	49	29	53	67	89
ENSG00000160325	CACFD1	708	626	556	560	635	604	874
ENSG00000160326	SLC2A6	753	619	588	635	682	650	1019
ENSG00000160336	ZNF761	814	719	547	584	622	747	1036
ENSG00000160345	PIERCE1	138	111	112	110	112	109	153
ENSG00000160352	ZNF714	670	585	571	538	588	737	942
ENSG00000160360	GPSM1	131	139	101	109	137	125	204
ENSG00000160392	C19orf47	503	377	349	367	391	397	602
ENSG00000160396	HIPK4	0	0	0	0	2	0	0
ENSG00000160401	CFAP157	10	8	8	13	8	23	3
ENSG00000160404	TOR2A	212	206	203	199	210	202	338
ENSG00000160408	ST6GALNAC6	1181	1049	879	1073	1071	1106	1473
ENSG00000160410	SHKBP1	1394	1102	1005	1153	1308	1306	1808
ENSG00000160439	RDH13	399	312	297	323	348	352	523
ENSG00000160445	ZER1	1005	768	761	808	828	862	1269
ENSG00000160446	ZDHHC12	592	522	469	474	591	523	732
ENSG00000160447	PKN3	1699	1367	1288	1306	1491	1446	2040
ENSG00000160460	SPTBN4	1	2	0	2	2	1	5
ENSG00000160469	BRSK1	22	20	15	12	16	20	20
ENSG00000160471	COX6B2	25	22	14	14	11	12	41
ENSG00000160472	TMEM190	6	7	3	1	1	5	4
ENSG00000160539	PLPP7	12	16	8	11	16	11	13
ENSG00000160551	TAOK1	2936	2212	2316	2081	2508	2977	4565
ENSG00000160563	MED27	577	461	492	493	524	502	745
ENSG00000160570	DEDD2	424	288	287	280	388	365	515
ENSG00000160584	SIK3	1204	898	967	937	1080	1128	1720
ENSG00000160588	MPZL3	472	335	440	371	427	440	594
ENSG00000160593	JAML	76	73	78	62	58	74	99
ENSG00000160602	NEK8	530	422	410	394	455	484	611
ENSG00000160606	TLCD1	303	238	226	253	275	259	329
ENSG00000160613	PCSK7	906	754	708	779	780	910	1285
ENSG00000160633	SAFB	6179	4767	4707	5012	5481	5789	7975
ENSG00000160654	CD3G	0	0	7	8	4	5	12
ENSG00000160678	S100A1	2102	1807	1656	1771	1902	1925	2486
ENSG00000160679	CHTOP	2265	1784	1682	1878	1906	2023	2796
ENSG00000160685	ZBTB7B	1394	1146	1106	1164	1225	1301	1801
ENSG00000160688	FLAD1	844	706	679	724	810	813	1135
ENSG00000160691	SHC1	6406	5133	4625	5055	5625	5847	7724
ENSG00000160695	VPS11	1149	876	850	912	984	1043	1396
ENSG00000160703	NLRX1	752	593	580	631	693	695	1011
ENSG00000160710	ADAR	7190	4841	5326	5358	5961	6894	9330
ENSG00000160712	IL6R	1556	1097	1222	1254	1244	1472	1957
ENSG00000160714	UBE2Q1	2369	1965	1875	1982	2053	2218	2945
ENSG00000160716	CHRNB2	3	3	2	0	5	1	8
ENSG00000160741	CRTC2	855	724	644	658	799	790	1129
ENSG00000160746	ANO10	712	566	539	561	576	629	891
ENSG00000160752	FDPS	5770	4811	4453	4747	5144	5253	6700
ENSG00000160753	RUSC1	969	771	708	773	877	876	1258
ENSG00000160767	FAM189B	1561	1080	1209	1228	1239	1318	1884
ENSG00000160781	PAQR6	35	16	27	29	18	43	70
ENSG00000160783	PMF1	1387	1166	992	1178	1217	1268	1661
ENSG00000160785	SLC25A44	1202	895	922	917	1062	973	1393
ENSG00000160789	LMNA	14298	11780	11000	11505	12586	12637	16964
ENSG00000160796	NBEAL2	1797	1475	1422	1348	1587	1803	2585
ENSG00000160799	CCDC12	1323	1190	940	1130	1271	1287	1518
ENSG00000160803	UBQLN4	3657	2558	2576	2802	3085	3247	4564
ENSG00000160808	MYL3	5	5	1	3	2	8	4
ENSG00000160813	PPP1R35	514	492	393	416	472	479	600
ENSG00000160862	AZGP1	1822	1597	1337	1607	1732	1728	2499
ENSG00000160867	FGFR4	13038	9901	9765	10502	11130	11516	16095
ENSG00000160868	CYP3A4	6	5	7	9	9	9	9
ENSG00000160870	CYP3A7	175	140	176	143	144	140	230
ENSG00000160877	NACC1	5350	4287	3909	4350	4701	4734	6455
ENSG00000160886	LY6K	0	1	0	0	0	1	2
ENSG00000160888	IER2	1922	1638	1422	1666	1822	1832	2479
ENSG00000160908	ZNF394	407	305	278	297	353	368	503
ENSG00000160917	CPSF4	1371	1201	925	1138	1223	1249	1670
ENSG00000160932	LY6E	1549	1368	1177	1435	1508	1513	1962
ENSG00000160948	VPS28	632	570	504	591	565	592	853
ENSG00000160949	TONSL	2274	1728	1619	1607	1900	1917	2726
ENSG00000160951	PTGER1	13	4	5	11	6	7	8
ENSG00000160953	PWWP3A	1116	986	837	888	890	1005	1463
ENSG00000160957	RECQL4	2617	2230	2054	1961	2296	2248	3294
ENSG00000160959	LRRC14	823	645	612	597	704	782	986
ENSG00000160961	ZNF333	109	106	70	86	88	126	130
ENSG00000160963	COL26A1	61	69	64	86	68	78	127
ENSG00000160972	PPP1R16A	720	624	548	610	639	679	956
ENSG00000160973	FOXH1	17	12	3	16	9	15	4
ENSG00000160991	ORAI2	738	622	525	593	679	684	835
ENSG00000160993	ALKBH4	310	224	216	219	223	256	350
ENSG00000160999	SH2B2	32	26	39	30	45	32	50
ENSG00000161010	MRNIP	672	619	491	429	559	578	926
ENSG00000161011	SQSTM1	12146	9501	9073	9905	10754	10677	14816
ENSG00000161013	MGAT4B	6561	5202	4962	5728	5918	5855	7949
ENSG00000161016	RPL8	36991	32211	26765	31641	34801	34142	44269
ENSG00000161021	MAML1	2282	1784	1698	1612	1878	2148	2968
ENSG00000161031	PGLYRP2	12	10	8	6	9	9	12
ENSG00000161036	LRWD1	834	647	664	653	752	752	1011
ENSG00000161040	FBXL13	5	5	4	6	6	8	10
ENSG00000161048	NAPEPLD	252	212	236	207	243	250	501
ENSG00000161055	SCGB3A1	0	2	0	0	0	0	2
ENSG00000161057	PSMC2	3232	2417	2395	2652	2724	2765	3865
ENSG00000161082	CELF5	34	36	26	17	23	33	55
ENSG00000161091	MFSD12	1263	995	947	1014	1125	1121	1632
ENSG00000161179	YDJC	256	193	210	242	239	205	330
ENSG00000161180	CCDC116	7	9	5	4	6	8	12
ENSG00000161202	DVL3	4097	3426	3180	3197	3640	3868	5434
ENSG00000161203	AP2M1	7046	5460	5117	5608	6094	6287	8460
ENSG00000161204	ABCF3	1372	1047	1068	1089	1226	1309	1682
ENSG00000161217	PCYT1A	2644	1902	1986	2080	2226	2410	3381
ENSG00000161243	FBXO27	36	33	40	23	25	29	55
ENSG00000161249	DMKN	278	216	172	197	232	219	298
ENSG00000161265	U2AF1L4	28	28	13	20	28	36	48
ENSG00000161267	BDH1	761	637	636	559	629	665	971
ENSG00000161270	NPHS1	3	2	3	1	3	3	5
ENSG00000161277	THAP8	99	67	75	90	87	88	123
ENSG00000161298	ZNF382	212	161	169	167	171	211	256
ENSG00000161328	LRRC56	17	28	23	30	25	31	26
ENSG00000161381	PLXDC1	0	1	0	0	0	0	1
ENSG00000161395	PGAP3	326	285	243	258	292	305	403
ENSG00000161405	IKZF3	72	79	33	47	70	63	100
ENSG00000161509	GRIN2C	9	6	3	7	11	4	16
ENSG00000161513	FDXR	3078	2623	2497	2722	2817	2883	3576
ENSG00000161526	SAP30BP	1501	1239	1148	1403	1363	1412	1885
ENSG00000161533	ACOX1	4251	3403	3145	3203	3518	3836	5550
ENSG00000161542	PRPSAP1	5058	4023	3814	4240	4386	4602	6553
ENSG00000161544	CYGB	769	639	571	619	695	624	900
ENSG00000161547	SRSF2	11522	8982	8849	9264	9622	10034	14586
ENSG00000161551	ZNF577	118	103	99	56	112	85	154
ENSG00000161558	TMEM143	404	325	259	288	329	337	442
ENSG00000161594	KLHL10	5	1	2	0	2	1	2
ENSG00000161610	HCRT	0	1	0	0	0	0	0
ENSG00000161618	ALDH16A1	1682	1349	1215	1260	1453	1500	1889
ENSG00000161634	DCD	0	0	0	0	0	0	1
ENSG00000161638	ITGA5	43	29	24	27	34	42	62
ENSG00000161640	SIGLEC11	2	0	0	1	0	1	0
ENSG00000161642	ZNF385A	156	115	125	133	154	48	180
ENSG00000161647	MPP3	14	6	7	3	6	15	11
ENSG00000161649	CD300LG	3	4	3	5	1	6	3
ENSG00000161653	NAGS	127	129	119	161	167	143	206
ENSG00000161654	LSM12	3630	2832	2778	3133	3319	3388	4526
ENSG00000161664	ASB16	64	94	73	39	65	98	140
ENSG00000161671	EMC10	54	53	42	48	52	53	61
ENSG00000161677	JOSD2	92	85	59	70	97	73	108
ENSG00000161681	SHANK1	0	1	0	0	0	0	0
ENSG00000161682	FAM171A2	216	171	162	188	179	158	233
ENSG00000161692	DBF4B	141	94	94	94	109	120	176
ENSG00000161714	PLCD3	1724	1333	1230	1330	1562	1636	2198
ENSG00000161791	FMNL3	57	67	61	55	55	73	95
ENSG00000161800	RACGAP1	1806	1367	1329	1322	1525	1596	2174
ENSG00000161807	OR7G1	0	0	1	0	0	0	0
ENSG00000161813	LARP4	3405	2325	2612	2654	2783	3420	4807
ENSG00000161835	TAMALIN	190	191	123	127	202	188	236
ENSG00000161847	RAVER1	5858	4596	4623	4347	4949	5299	7991
ENSG00000161860	SYCE2	8	15	5	7	13	7	17
ENSG00000161888	SPC24	515	448	383	460	469	467	633
ENSG00000161896	IP6K3	1	4	6	6	10	4	4
ENSG00000161904	LEMD2	2322	1800	1758	1858	2069	2123	2880
ENSG00000161905	ALOX15	2	1	1	0	2	6	6
ENSG00000161914	ZNF653	171	154	123	135	182	148	184
ENSG00000161920	MED11	370	355	328	314	348	320	432
ENSG00000161921	CXCL16	2483	1945	1966	1990	2205	2346	3206
ENSG00000161929	SCIMP	7	12	8	6	10	7	18
ENSG00000161939	RNASEK-C17orf49	0	3	3	30	4	4	23
ENSG00000161940	BCL6B	3	0	0	1	0	0	1
ENSG00000161944	ASGR2	9860	8041	7444	8194	8885	8774	12194
ENSG00000161955	TNFSF13	225	170	177	196	203	201	276
ENSG00000161956	SENP3	2140	1721	1686	1805	2026	1958	2839
ENSG00000161958	FGF11	136	123	102	96	94	98	143
ENSG00000161960	EIF4A1	35096	26734	25555	28821	31014	31947	44539
ENSG00000161970	RPL26	17126	14377	11876	13754	14855	15927	20700
ENSG00000161980	POLR3K	772	619	508	697	749	686	835
ENSG00000161981	SNRNP25	1335	1050	990	1102	1205	1199	1522
ENSG00000161992	PRR35	2	2	2	0	1	0	2
ENSG00000161996	WDR90	644	455	402	390	601	570	814
ENSG00000161999	JMJD8	24	0	6	0	8	1	0
ENSG00000162004	CCDC78	0	6	1	3	0	2	5
ENSG00000162006	MSLNL	0	0	0	0	1	0	0
ENSG00000162009	SSTR5	839	653	661	672	819	797	1079
ENSG00000162032	SPSB3	317	349	262	292	354	302	513
ENSG00000162039	MEIOB	7	5	0	2	0	6	7
ENSG00000162040	HS3ST6	0	0	0	0	0	0	1
ENSG00000162062	TEDC2	490	385	331	432	406	464	605
ENSG00000162063	CCNF	1302	979	954	1077	1179	1015	1519
ENSG00000162065	TBC1D24	907	833	818	821	872	1071	1702
ENSG00000162066	AMDHD2	985	891	779	879	959	1008	1477
ENSG00000162068	NTN3	13	9	9	1	10	4	18
ENSG00000162069	BICDL2	0	0	0	2	2	2	0
ENSG00000162073	PAQR4	1424	1135	1085	1081	1229	1253	1741
ENSG00000162076	FLYWCH2	362	303	263	312	329	338	474
ENSG00000162078	ZG16B	58	48	39	54	58	41	67
ENSG00000162086	ZNF75A	21	9	0	18	5	13	28
ENSG00000162104	ADCY9	3747	2766	2845	2725	3255	3558	4786
ENSG00000162105	SHANK2	1580	1141	1147	1071	1238	1620	2055
ENSG00000162129	CLPB	1205	861	910	1010	1142	1113	1706
ENSG00000162139	NEU3	906	714	689	683	796	846	1194
ENSG00000162144	CYB561A3	929	736	691	727	833	848	1219
ENSG00000162148	PPP1R32	5	10	5	7	7	4	10
ENSG00000162174	ASRGL1	1796	1506	1544	1586	1716	1791	2329
ENSG00000162188	GNG3	20	28	22	15	20	24	36
ENSG00000162191	UBXN1	1758	1403	1279	1656	1606	1581	2073
ENSG00000162194	LBHD1	179	188	141	124	157	158	218
ENSG00000162222	TTC9C	511	421	363	379	478	453	592
ENSG00000162227	TAF6L	505	520	410	469	526	520	699
ENSG00000162231	NXF1	2805	2268	2123	2216	2293	2593	3607
ENSG00000162236	STX5	1583	1317	1215	1416	1505	1495	2167
ENSG00000162241	SLC25A45	69	59	38	58	56	60	71
ENSG00000162244	RPL29	25945	22468	18086	21375	23234	23634	33311
ENSG00000162267	ITIH3	4731	3938	3544	3700	3859	4411	6094
ENSG00000162298	SYVN1	3272	2582	2510	2499	2660	2845	4322
ENSG00000162300	ZFPL1	1081	845	845	963	968	983	1297
ENSG00000162302	RPS6KA4	1240	1046	1001	1096	1280	1207	1728
ENSG00000162337	LRP5	10593	8565	8239	8020	9190	9505	13197
ENSG00000162341	TPCN2	367	298	239	282	297	326	431
ENSG00000162344	FGF19	1	4	3	4	0	1	1
ENSG00000162365	CYP4A22	0	0	0	0	0	2	1
ENSG00000162366	PDZK1IP1	6	0	6	6	0	7	0
ENSG00000162367	TAL1	4	1	1	0	2	1	2
ENSG00000162368	CMPK1	5549	4236	4233	4570	4665	4955	7023
ENSG00000162373	BEND5	3	0	0	0	0	0	0
ENSG00000162377	COA7	1740	1397	1309	1412	1621	1668	2328
ENSG00000162378	ZYG11B	981	665	742	738	815	936	1371
ENSG00000162383	SLC1A7	2	1	3	7	4	11	15
ENSG00000162384	CZIB	485	409	348	454	440	409	559
ENSG00000162385	MAGOH	1270	1037	826	1098	1099	1152	1507
ENSG00000162390	ACOT11	126	36	80	83	83	114	110
ENSG00000162391	FAM151A	30	19	15	22	14	14	32
ENSG00000162396	PARS2	241	176	179	197	217	235	298
ENSG00000162399	BSND	1	0	0	0	0	0	2
ENSG00000162402	USP24	4810	3481	3601	3426	3873	4533	6318
ENSG00000162407	PLPP3	3023	2276	2398	2456	2662	2740	3914
ENSG00000162408	NOL9	1323	1093	1057	991	1188	1207	1737
ENSG00000162409	PRKAA2	1653	1159	1207	1258	1270	1532	2267
ENSG00000162413	KLHL21	3672	2935	2727	2823	3355	3377	4772
ENSG00000162415	ZSWIM5	1546	1073	1120	1017	1199	1321	1878
ENSG00000162419	GMEB1	419	367	336	300	417	404	595
ENSG00000162426	SLC45A1	3	0	0	0	0	1	3
ENSG00000162430	SELENON	1950	1482	1487	1445	1723	1817	2540
ENSG00000162433	AK4	7978	5932	6068	5832	6105	6775	9606
ENSG00000162434	JAK1	2696	1863	2126	2119	2319	2496	3779
ENSG00000162437	RAVER2	966	711	749	782	804	809	1267
ENSG00000162438	CTRC	4	19	15	14	11	15	11
ENSG00000162441	LZIC	2258	1645	1606	1788	1838	1986	2720
ENSG00000162444	RBP7	14	18	12	21	19	13	21
ENSG00000162458	FBLIM1	2244	1730	1691	1881	1986	2131	2878
ENSG00000162460	TMEM82	34	18	16	15	22	19	39
ENSG00000162461	SLC25A34	3	3	6	6	3	5	13
ENSG00000162482	AKR7A3	24	17	10	22	12	17	24
ENSG00000162490	DRAXIN	12	8	2	8	14	8	7
ENSG00000162496	DHRS3	1702	1509	1394	1573	1581	1726	2351
ENSG00000162510	MATN1	0	1	1	1	2	1	2
ENSG00000162511	LAPTM5	15	16	12	23	15	14	20
ENSG00000162512	SDC3	179	111	107	121	148	130	193
ENSG00000162517	PEF1	1863	1489	1330	1495	1586	1587	2225
ENSG00000162520	SYNC	477	391	343	395	410	413	659
ENSG00000162521	RBBP4	5118	4030	4038	4425	4521	4711	6815
ENSG00000162522	KIAA1522	3280	2490	2442	2426	2788	2892	4061
ENSG00000162526	TSSK3	60	59	45	34	51	63	77
ENSG00000162542	TMCO4	125	139	102	142	137	161	214
ENSG00000162543	UBXN10	20	15	7	13	20	13	19
ENSG00000162545	CAMK2N1	10978	8401	9013	9484	9515	9532	13218
ENSG00000162551	ALPL	23	20	23	22	27	38	38
ENSG00000162552	WNT4	2	2	1	2	0	2	4
ENSG00000162571	TTLL10	1	1	0	1	0	0	0
ENSG00000162572	SCNN1D	76	76	80	79	67	84	159
ENSG00000162576	MXRA8	1832	1628	1421	1414	1691	1639	2176
ENSG00000162585	FAAP20	735	629	632	638	610	634	858
ENSG00000162591	MEGF6	1067	1008	870	814	990	1021	1553
ENSG00000162592	CCDC27	3	1	1	1	0	1	7
ENSG00000162594	IL23R	1	0	0	0	0	0	1
ENSG00000162595	DIRAS3	1	0	0	0	0	0	0
ENSG00000162599	NFIA	736	702	543	520	658	782	1068
ENSG00000162600	OMA1	383	302	276	320	326	365	543
ENSG00000162601	MYSM1	576	535	615	456	574	608	959
ENSG00000162604	TM2D1	426	323	271	313	353	372	504
ENSG00000162607	USP1	2762	2016	2212	2314	2499	2669	3908
ENSG00000162613	FUBP1	3498	3038	2838	3118	3223	3410	4960
ENSG00000162614	NEXN	161	136	122	150	144	153	216
ENSG00000162616	DNAJB4	372	316	324	301	334	372	497
ENSG00000162620	LRRIQ3	29	13	23	28	21	32	28
ENSG00000162623	TYW3	1913	1467	1542	1606	1673	1818	2415
ENSG00000162627	SNX7	730	543	569	643	623	642	914
ENSG00000162630	B3GALT2	1	1	0	0	3	2	0
ENSG00000162631	NTNG1	0	0	2	0	1	1	0
ENSG00000162636	FAM102B	97	82	71	87	77	90	107
ENSG00000162642	C1orf52	361	225	195	330	275	322	435
ENSG00000162643	DNAI3	2	0	0	0	1	1	0
ENSG00000162645	GBP2	273	211	215	192	210	217	343
ENSG00000162650	ATXN7L2	92	89	66	72	95	65	119
ENSG00000162654	GBP4	20	18	18	16	21	17	36
ENSG00000162664	ZNF326	1006	719	693	714	755	878	1309
ENSG00000162669	HFM1	8	11	11	7	14	9	11
ENSG00000162676	GFI1	679	519	520	525	584	606	882
ENSG00000162688	AGL	1505	1144	1184	1207	1301	1538	2156
ENSG00000162692	VCAM1	0	0	0	0	2	1	0
ENSG00000162694	EXTL2	956	732	776	753	805	922	1226
ENSG00000162695	SLC30A7	1855	1342	1485	1484	1592	1625	2426
ENSG00000162702	ZNF281	1827	1321	1409	1532	1602	1934	2583
ENSG00000162704	ARPC5	2901	2257	2076	2400	2620	2560	3368
ENSG00000162711	NLRP3	0	0	1	0	0	0	0
ENSG00000162714	ZNF496	1444	1055	1102	1030	1169	1290	1649
ENSG00000162722	TRIM58	16	15	6	6	13	8	11
ENSG00000162723	SLAMF9	0	0	0	0	0	1	0
ENSG00000162728	KCNJ9	1	2	1	1	2	2	3
ENSG00000162729	IGSF8	1774	1450	1385	1499	1601	1629	2184
ENSG00000162733	DDR2	33	26	21	18	25	19	29
ENSG00000162734	PEA15	1417	1177	1045	1117	1294	1328	1800
ENSG00000162735	PEX19	2074	1443	1557	1566	1679	1725	2533
ENSG00000162736	NCSTN	3998	2883	3018	3319	3330	3688	5157
ENSG00000162738	VANGL2	9	7	7	9	7	3	11
ENSG00000162745	OLFML2B	4	2	4	0	4	4	5
ENSG00000162746	FCRLB	0	0	6	0	0	0	1
ENSG00000162755	KLHDC9	32	17	20	36	21	19	28
ENSG00000162757	C1orf74	32	13	23	21	35	32	38
ENSG00000162769	FLVCR1	1701	1418	1366	1428	1434	1585	2191
ENSG00000162772	ATF3	237	151	138	179	174	169	271
ENSG00000162775	RBM15	616	517	541	492	573	626	929
ENSG00000162777	DENND2D	1	1	2	0	5	0	3
ENSG00000162779	AXDND1	1	2	0	1	2	2	5
ENSG00000162783	IER5	430	352	309	335	350	380	498
ENSG00000162804	SNED1	55	45	36	37	38	49	65
ENSG00000162813	BPNT1	1546	1123	1117	1242	1254	1291	1836
ENSG00000162814	SPATA17	4	8	4	5	9	10	19
ENSG00000162817	C1orf115	3849	3001	2941	3015	3412	3449	4596
ENSG00000162819	BROX	1208	949	979	964	1045	1137	1651
ENSG00000162825	NBPF20	850	726	701	623	660	852	1169
ENSG00000162836	ACP6	726	542	518	542	571	580	875
ENSG00000162849	KIF26B	22	16	8	13	19	15	13
ENSG00000162851	TFB2M	994	866	768	930	936	1026	1338
ENSG00000162852	CNST	644	543	535	524	575	672	998
ENSG00000162869	PPP1R21	495	345	433	443	507	582	766
ENSG00000162873	KLHDC8A	2	0	1	0	0	0	1
ENSG00000162878	PKDCC	1263	979	977	1017	1069	1078	1352
ENSG00000162881	OXER1	224	234	183	193	205	191	299
ENSG00000162882	HAAO	523	458	390	488	538	520	709
ENSG00000162885	B3GALNT2	1297	987	996	1113	1202	1297	1807
ENSG00000162889	MAPKAPK2	2654	2099	2059	2157	2386	2398	3345
ENSG00000162892	IL24	0	1	0	0	0	0	0
ENSG00000162894	FCMR	0	0	1	0	0	0	2
ENSG00000162896	PIGR	12	13	7	4	4	6	17
ENSG00000162897	FCAMR	0	2	0	0	0	0	0
ENSG00000162909	CAPN2	1158	810	810	948	1033	1065	1462
ENSG00000162910	MRPL55	591	508	477	524	511	505	792
ENSG00000162923	WDR26	3059	2232	2333	2328	2402	2698	3793
ENSG00000162924	REL	520	469	461	392	449	614	814
ENSG00000162927	PUS10	1154	931	865	902	977	1091	1620
ENSG00000162928	PEX13	2224	1724	1627	1863	1942	2048	2888
ENSG00000162929	SANBR	538	546	462	473	458	596	892
ENSG00000162931	TRIM17	16	17	9	11	11	16	18
ENSG00000162944	RFTN2	20	25	7	7	12	16	20
ENSG00000162946	DISC1	582	435	415	430	458	560	794
ENSG00000162959	MEMO1	1776	1470	1355	1425	1511	1649	2145
ENSG00000162961	DPY30	1275	1162	875	1086	1066	1135	1448
ENSG00000162971	TYW5	255	211	235	203	234	283	330
ENSG00000162972	MAIP1	1180	985	875	982	1067	1082	1439
ENSG00000162975	KCNF1	41	40	37	42	24	37	57
ENSG00000162976	SLC66A3	47	35	29	28	42	36	41
ENSG00000162980	ARL5A	3971	2867	2903	3200	3225	3570	4778
ENSG00000162981	LRATD1	0	1	0	1	0	0	5
ENSG00000162989	KCNJ3	0	0	0	0	2	0	1
ENSG00000162994	CLHC1	185	133	123	137	114	177	176
ENSG00000162998	FRZB	8	7	5	5	3	11	10
ENSG00000162999	DUSP19	79	63	52	61	76	56	95
ENSG00000163001	CFAP36	657	514	489	523	548	559	796
ENSG00000163002	NUP35	730	585	531	605	632	625	898
ENSG00000163006	CCDC138	534	426	378	407	407	450	679
ENSG00000163013	FBXO41	864	705	672	666	780	822	1259
ENSG00000163017	ACTG2	2	0	1	0	4	4	4
ENSG00000163026	WDCP	943	734	755	733	922	918	1312
ENSG00000163029	SMC6	3358	2559	2652	2695	2802	3238	4453
ENSG00000163032	VSNL1	2388	1845	1887	1956	1924	2091	2957
ENSG00000163040	CCDC74A	2	3	4	0	5	1	7
ENSG00000163041	H3-3A	8817	7216	6790	7762	7662	7967	10748
ENSG00000163050	COQ8A	4034	2813	2981	2991	3356	3519	4855
ENSG00000163053	SLC16A14	3	1	0	1	1	1	2
ENSG00000163069	SGCB	646	468	438	498	472	520	771
ENSG00000163071	SPATA18	597	461	470	441	473	539	772
ENSG00000163072	NOSTRIN	12	13	5	4	11	15	14
ENSG00000163075	CFAP221	2	2	0	2	0	0	0
ENSG00000163082	SGPP2	22	37	10	23	21	22	43
ENSG00000163083	INHBB	321	228	234	234	230	273	346
ENSG00000163092	XIRP2	0	3	6	1	2	3	4
ENSG00000163093	BBS5	583	471	470	486	478	566	780
ENSG00000163104	SMARCAD1	2051	1462	1490	1623	1692	1957	2891
ENSG00000163106	HPGDS	0	0	0	0	0	0	2
ENSG00000163110	PDLIM5	3664	2634	2742	2835	2966	3338	4803
ENSG00000163116	STPG2	0	0	0	0	1	0	0
ENSG00000163121	NEURL3	4	10	5	2	4	11	19
ENSG00000163125	RPRD2	1582	1294	1231	1323	1477	1572	2433
ENSG00000163126	ANKRD23	41	38	28	46	67	59	86
ENSG00000163131	CTSS	30	16	18	23	21	29	38
ENSG00000163132	MSX1	868	692	629	672	746	731	1012
ENSG00000163138	PACRGL	254	185	184	222	242	298	395
ENSG00000163141	BNIPL	20	21	11	14	8	18	22
ENSG00000163154	TNFAIP8L2	0	0	1	1	1	0	2
ENSG00000163155	LYSMD1	192	147	133	162	153	171	249
ENSG00000163156	SCNM1	357	310	292	321	362	316	494
ENSG00000163157	TMOD4	2	1	1	0	1	1	3
ENSG00000163159	VPS72	1021	690	624	814	884	837	1166
ENSG00000163161	ERCC3	2354	1865	1655	1823	1986	2171	2937
ENSG00000163162	RNF149	2765	2076	2204	2202	2285	2468	3388
ENSG00000163166	IWS1	3254	2439	2306	2611	2680	2879	3859
ENSG00000163170	BOLA3	1333	1126	920	1130	1194	1250	1496
ENSG00000163171	CDC42EP3	3	2	0	4	2	4	4
ENSG00000163191	S100A11	703	567	515	582	626	598	898
ENSG00000163214	DHX57	1370	967	973	1072	1150	1273	1799
ENSG00000163219	ARHGAP25	1	0	0	0	0	0	0
ENSG00000163220	S100A9	6	6	2	4	4	1	10
ENSG00000163235	TGFA	1103	874	858	867	886	917	1433
ENSG00000163249	CCNYL1	2219	1678	1776	1722	1880	1920	2825
ENSG00000163251	FZD5	5895	4473	4580	4574	4940	5487	7779
ENSG00000163254	CRYGC	0	0	1	0	1	0	1
ENSG00000163257	DCAF16	2326	1854	1795	1991	2005	2229	3154
ENSG00000163263	CFAP141	0	0	0	1	0	0	1
ENSG00000163273	NPPC	3	1	3	1	3	2	1
ENSG00000163281	GNPDA2	412	320	292	273	316	351	487
ENSG00000163283	ALPP	0	1	0	0	0	0	0
ENSG00000163285	GABRG1	0	0	0	1	0	0	1
ENSG00000163286	ALPG	1	3	0	2	0	0	3
ENSG00000163291	PAQR3	308	183	262	184	252	211	255
ENSG00000163293	NIPAL1	106	83	86	87	69	111	131
ENSG00000163295	ALPI	0	0	0	2	0	0	1
ENSG00000163297	ANTXR2	633	457	469	533	629	602	919
ENSG00000163312	HELQ	235	208	184	164	245	218	300
ENSG00000163319	MRPS18C	866	705	561	752	723	802	1003
ENSG00000163320	CGGBP1	2305	1747	1792	1722	1925	2216	3036
ENSG00000163322	ABRAXAS1	294	240	229	264	257	339	473
ENSG00000163328	GPR155	31	26	20	15	21	19	51
ENSG00000163344	PMVK	344	307	277	303	361	333	418
ENSG00000163346	PBXIP1	1380	1161	1086	1087	1280	1298	1646
ENSG00000163347	CLDN1	5245	3862	4030	4333	4460	4863	6877
ENSG00000163348	PYGO2	1832	1512	1510	1516	1713	1698	2373
ENSG00000163349	HIPK1	2833	2012	2135	2050	2270	2798	3765
ENSG00000163352	LENEP	0	0	2	1	0	0	1
ENSG00000163354	DCST2	0	2	3	0	0	1	0
ENSG00000163357	DCST1	4	3	0	3	1	5	7
ENSG00000163359	COL6A3	0	0	1	0	1	0	0
ENSG00000163362	INAVA	1276	878	945	886	1025	1076	1545
ENSG00000163374	YY1AP1	1669	1292	1229	1336	1507	1419	2121
ENSG00000163376	KBTBD8	238	153	163	168	180	176	215
ENSG00000163377	TAFA4	54	35	37	32	43	50	84
ENSG00000163378	EOGT	655	525	488	504	538	657	879
ENSG00000163380	LMOD3	4	5	5	3	5	3	10
ENSG00000163382	NAXE	1305	1222	1042	1154	1311	1198	1611
ENSG00000163389	POGLUT1	1037	793	721	815	907	946	1342
ENSG00000163393	SLC22A15	57	52	46	47	45	75	90
ENSG00000163395	IGFN1	88	100	49	37	59	72	80
ENSG00000163399	ATP1A1	40927	31145	31341	31925	34946	36995	50823
ENSG00000163406	SLC15A2	43	31	38	34	30	33	45
ENSG00000163412	EIF4E3	14	20	10	10	9	10	11
ENSG00000163421	PROK2	0	0	0	0	0	0	1
ENSG00000163428	LRRC58	3426	2459	2662	2707	2922	3245	4512
ENSG00000163430	FSTL1	9	5	4	2	2	5	9
ENSG00000163431	LMOD1	0	0	0	0	0	0	2
ENSG00000163435	ELF3	435	331	343	347	347	366	485
ENSG00000163444	TMEM183A	2259	1700	1585	1769	1953	1811	2644
ENSG00000163449	TMEM169	199	128	156	155	137	191	233
ENSG00000163453	IGFBP7	208	139	151	166	183	163	244
ENSG00000163462	TRIM46	3	14	6	6	7	2	13
ENSG00000163463	KRTCAP2	666	612	486	543	585	617	799
ENSG00000163466	ARPC2	6559	4920	5122	5555	5861	6028	8314
ENSG00000163467	TSACC	17	30	16	21	23	16	25
ENSG00000163468	CCT3	16275	12811	11933	13529	14418	14755	20323
ENSG00000163472	TMEM79	79	88	64	83	86	78	119
ENSG00000163479	SSR2	4911	3845	3428	3973	4192	4056	5821
ENSG00000163481	RNF25	783	684	612	702	703	752	997
ENSG00000163482	STK36	1275	1158	1000	923	1031	1179	1882
ENSG00000163485	ADORA1	5	2	5	2	2	1	10
ENSG00000163491	NEK10	172	147	132	145	158	193	256
ENSG00000163492	CCDC141	0	0	1	1	0	0	2
ENSG00000163501	IHH	35	23	15	25	30	24	35
ENSG00000163507	CIP2A	494	369	355	463	441	348	649
ENSG00000163508	EOMES	11	7	11	13	15	10	17
ENSG00000163510	CWC22	1844	1434	1370	1522	1544	1737	2425
ENSG00000163512	AZI2	526	420	463	402	455	496	698
ENSG00000163513	TGFBR2	11233	7862	8845	8543	8991	10040	15004
ENSG00000163516	ANKZF1	1259	1063	1021	1021	1056	1118	1656
ENSG00000163517	HDAC11	872	735	685	658	713	810	928
ENSG00000163520	FBLN2	1	0	1	3	0	0	0
ENSG00000163521	GLB1L	129	127	129	127	162	125	160
ENSG00000163527	STT3B	9559	6692	7006	7081	7689	8165	11927
ENSG00000163528	CHCHD4	514	402	409	466	474	468	649
ENSG00000163530	DPPA2	0	0	0	0	0	0	1
ENSG00000163535	SGO2	1087	747	882	852	837	972	1417
ENSG00000163536	SERPINI1	478	358	343	359	389	399	532
ENSG00000163539	CLASP2	1708	1147	1248	1310	1398	1515	2261
ENSG00000163541	SUCLG1	2031	1768	1520	1748	1813	1693	2392
ENSG00000163545	NUAK2	188	150	139	133	156	163	220
ENSG00000163554	SPTA1	0	0	0	1	0	0	0
ENSG00000163558	PRKCI	1801	1198	1351	1414	1430	1753	2446
ENSG00000163564	PYHIN1	2	0	4	3	3	0	6
ENSG00000163576	EFHB	0	0	0	0	0	0	1
ENSG00000163577	EIF5A2	591	378	407	386	461	470	715
ENSG00000163581	SLC2A2	985	732	780	799	823	889	1269
ENSG00000163584	RPL22L1	498	390	342	411	416	420	546
ENSG00000163586	FABP1	4918	4140	3650	3562	3880	4516	6036
ENSG00000163590	PPM1L	88	68	62	65	74	85	106
ENSG00000163596	ICA1L	140	113	94	114	134	116	174
ENSG00000163599	CTLA4	0	1	0	2	2	0	0
ENSG00000163602	RYBP	155	136	152	137	150	163	313
ENSG00000163605	PPP4R2	4022	2877	2969	3223	3325	3621	5264
ENSG00000163606	CD200R1	0	2	0	1	0	1	1
ENSG00000163607	GTPBP8	365	286	281	308	363	319	437
ENSG00000163608	NEPRO	591	415	444	406	481	525	764
ENSG00000163611	SPICE1	425	269	310	311	352	345	562
ENSG00000163617	CCDC191	33	23	28	20	22	25	38
ENSG00000163618	CADPS	0	1	0	0	0	0	1
ENSG00000163624	CDS1	343	246	244	264	294	281	440
ENSG00000163625	WDFY3	1327	863	1052	949	1059	1287	1875
ENSG00000163626	COX18	238	159	153	162	187	192	262
ENSG00000163631	ALB	436750	331127	329056	328916	342890	364978	517680
ENSG00000163632	C3orf49	2	3	0	1	1	1	2
ENSG00000163633	C4orf36	2	0	0	1	0	0	2
ENSG00000163634	THOC7	1108	872	778	775	890	924	1203
ENSG00000163635	ATXN7	736	591	594	581	610	622	1056
ENSG00000163636	PSMD6	2266	1823	1695	1905	1969	2041	2802
ENSG00000163637	PRICKLE2	2	8	0	0	15	7	14
ENSG00000163638	ADAMTS9	12	5	7	0	2	1	8
ENSG00000163644	PPM1K	710	570	536	587	566	660	861
ENSG00000163645	ERICH6	2	1	3	2	5	4	3
ENSG00000163646	CLRN1	0	0	0	0	0	0	1
ENSG00000163655	GMPS	3787	2774	2793	3115	3256	3481	5041
ENSG00000163659	TIPARP	601	432	427	462	495	504	832
ENSG00000163660	CCNL1	810	592	563	690	711	668	970
ENSG00000163666	HESX1	5	3	4	5	3	4	8
ENSG00000163681	SLMAP	2205	1589	1884	1743	1845	2072	3100
ENSG00000163682	RPL9	1411	1288	919	1148	1372	1389	1560
ENSG00000163683	SMIM14	1066	907	803	902	962	1004	1315
ENSG00000163684	RPP14	948	733	766	830	928	888	1185
ENSG00000163686	ABHD6	328	274	266	322	306	359	422
ENSG00000163687	DNASE1L3	9	3	4	2	2	5	5
ENSG00000163694	RBM47	275	164	205	177	221	234	351
ENSG00000163697	APBB2	1350	996	1027	932	1143	1200	1831
ENSG00000163701	IL17RE	253	296	220	236	331	186	486
ENSG00000163702	IL17RC	686	558	576	572	626	573	800
ENSG00000163703	CRELD1	624	537	558	552	539	559	842
ENSG00000163704	PRRT3	70	53	56	40	39	27	84
ENSG00000163705	FANCD2OS	0	1	0	0	0	0	0
ENSG00000163710	PCOLCE2	110	76	75	88	97	92	137
ENSG00000163714	U2SURP	5050	3996	3922	4167	4273	4931	7145
ENSG00000163719	MTMR14	1221	982	849	938	1049	1121	1382
ENSG00000163728	TTC14	2099	1545	1599	1720	1748	2018	2765
ENSG00000163734	CXCL3	0	0	0	0	0	0	1
ENSG00000163735	CXCL5	3	1	0	0	2	1	1
ENSG00000163738	MTHFD2L	46	27	36	34	28	64	51
ENSG00000163739	CXCL1	0	0	0	1	0	0	0
ENSG00000163743	RCHY1	585	358	364	368	437	455	643
ENSG00000163746	PLSCR2	0	0	0	0	1	0	2
ENSG00000163754	GYG1	1596	1213	1192	1350	1366	1423	2069
ENSG00000163755	HPS3	995	769	795	773	802	904	1333
ENSG00000163762	TM4SF18	0	0	0	0	0	2	1
ENSG00000163781	TOPBP1	2514	1807	1896	2038	2076	2415	3463
ENSG00000163785	RYK	2102	1537	1627	1704	1802	1878	2749
ENSG00000163788	SNRK	829	618	672	681	682	722	1259
ENSG00000163792	TCF23	30	31	24	31	36	31	55
ENSG00000163793	DNAJC5G	0	0	1	0	2	2	2
ENSG00000163794	UCN	28	23	18	22	23	23	30
ENSG00000163795	ZNF513	274	254	227	211	268	276	322
ENSG00000163798	SLC4A1AP	1920	1434	1548	1599	1695	1891	2513
ENSG00000163803	PLB1	16	21	24	11	15	28	30
ENSG00000163806	SPDYA	22	21	21	15	27	32	34
ENSG00000163807	KIAA1143	1604	1246	1258	1338	1419	1575	2236
ENSG00000163808	KIF15	940	751	771	713	853	902	1382
ENSG00000163810	TGM4	7	1	4	6	6	8	2
ENSG00000163811	WDR43	6558	4808	5008	5239	5705	6229	8815
ENSG00000163812	ZDHHC3	2080	1591	1524	1611	1763	1835	2538
ENSG00000163814	CDCP1	23	10	7	21	29	19	40
ENSG00000163817	SLC6A20	25	26	20	16	16	26	36
ENSG00000163818	LZTFL1	309	145	188	225	322	225	364
ENSG00000163820	FYCO1	864	627	664	568	723	848	1144
ENSG00000163823	CCR1	0	0	1	0	0	0	0
ENSG00000163825	RTP3	0	0	0	1	0	0	0
ENSG00000163827	LRRC2	20	15	23	20	20	24	25
ENSG00000163832	ELP6	592	460	426	462	472	502	643
ENSG00000163840	DTX3L	1026	726	743	760	806	997	1332
ENSG00000163848	ZNF148	1083	713	822	875	910	993	1508
ENSG00000163864	NMNAT3	773	787	615	649	722	774	1217
ENSG00000163866	SMIM12	1273	997	896	1062	1054	1157	1477
ENSG00000163867	ZMYM6	518	417	399	428	379	500	664
ENSG00000163870	TPRA1	390	332	273	441	352	379	473
ENSG00000163872	YEATS2	2059	1519	1487	1482	1653	1897	2772
ENSG00000163873	GRIK3	0	1	0	0	0	0	1
ENSG00000163874	ZC3H12A	471	384	318	311	376	364	584
ENSG00000163875	MEAF6	1388	1014	1086	1171	1198	1246	1649
ENSG00000163877	SNIP1	418	313	336	346	378	424	592
ENSG00000163879	DNALI1	9	10	17	8	12	12	17
ENSG00000163882	POLR2H	1575	1311	1140	1257	1312	1409	1842
ENSG00000163884	KLF15	513	366	368	373	406	431	602
ENSG00000163885	CFAP100	4	3	0	4	5	3	0
ENSG00000163888	CAMK2N2	28	10	13	10	14	14	27
ENSG00000163898	LIPH	37	13	17	21	12	12	20
ENSG00000163900	TMEM41A	1725	1223	1259	1365	1499	1448	2095
ENSG00000163902	RPN1	12886	10325	9776	10191	10676	11213	15761
ENSG00000163904	SENP2	1044	764	810	777	793	903	1139
ENSG00000163909	HEYL	9	1	7	3	5	5	8
ENSG00000163913	IFT122	143	65	120	74	86	157	164
ENSG00000163914	RHO	8	6	2	1	3	5	11
ENSG00000163918	RFC4	1131	901	830	1006	1005	1005	1356
ENSG00000163923	RPL39L	3	8	3	4	5	7	6
ENSG00000163930	BAP1	3604	2843	2716	2899	3193	3394	4523
ENSG00000163931	TKT	13137	10371	9236	10250	10497	11158	16496
ENSG00000163932	PRKCD	1245	1004	988	1019	1167	1185	1773
ENSG00000163933	RFT1	984	815	805	908	898	952	1271
ENSG00000163935	SFMBT1	611	421	450	500	509	613	777
ENSG00000163938	GNL3	5362	4068	4183	4293	4495	4860	6733
ENSG00000163939	PBRM1	1941	1386	1519	1463	1674	1912	2693
ENSG00000163945	UVSSA	1192	1100	999	882	985	1239	1823
ENSG00000163946	TASOR	1907	1484	1581	1488	1563	1922	2773
ENSG00000163947	ARHGEF3	1562	1170	1164	1328	1349	1471	2114
ENSG00000163950	SLBP	2756	2051	1969	2129	2237	2395	3273
ENSG00000163956	LRPAP1	2058	1764	1667	1720	1937	1861	2576
ENSG00000163958	ZDHHC19	3	0	0	0	0	2	0
ENSG00000163959	SLC51A	39	25	25	19	19	36	25
ENSG00000163960	UBXN7	1934	1446	1592	1508	1588	1955	2739
ENSG00000163961	RNF168	1198	937	920	889	969	1084	1545
ENSG00000163964	PIGX	675	545	583	609	621	633	889
ENSG00000163975	MELTF	283	275	236	207	230	290	359
ENSG00000163982	OTOP1	2	5	3	1	0	2	3
ENSG00000163993	S100P	2535	2161	1694	2352	2459	2559	3110
ENSG00000163995	ABLIM2	1	3	1	0	0	5	3
ENSG00000164002	EXO5	443	347	354	368	393	413	513
ENSG00000164007	CLDN19	237	191	191	150	177	220	304
ENSG00000164008	C1orf50	188	151	148	148	201	153	274
ENSG00000164010	ERMAP	69	59	75	68	57	86	114
ENSG00000164011	ZNF691	298	248	207	241	269	238	353
ENSG00000164022	AIMP1	3855	3052	2927	3058	3245	3384	4774
ENSG00000164023	SGMS2	184	105	147	117	155	179	257
ENSG00000164024	METAP1	2773	2179	2072	2285	2384	2574	3764
ENSG00000164031	DNAJB14	1425	1018	1104	1124	1198	1340	1925
ENSG00000164032	H2AZ1	7663	6574	5576	6867	7160	7270	8776
ENSG00000164037	SLC9B1	0	1	0	2	3	3	3
ENSG00000164038	SLC9B2	1430	1122	1108	1132	1301	1368	1942
ENSG00000164039	BDH2	384	308	283	278	342	350	502
ENSG00000164040	PGRMC2	3783	3252	2925	3094	3370	3518	4873
ENSG00000164045	CDC25A	1362	1069	1065	1053	1140	1200	1659
ENSG00000164048	ZNF589	308	284	252	235	342	314	374
ENSG00000164050	PLXNB1	5687	4584	4418	4029	4939	5409	7687
ENSG00000164051	CCDC51	585	534	493	508	512	580	704
ENSG00000164053	ATRIP	251	228	217	260	266	300	433
ENSG00000164054	SHISA5	3347	2652	2357	2598	2786	2825	3747
ENSG00000164056	SPRY1	1815	1359	1375	1402	1512	1612	2331
ENSG00000164061	BSN	299	236	207	202	251	286	389
ENSG00000164062	APEH	3804	2958	2813	3287	3628	3547	4796
ENSG00000164066	INTU	319	336	281	289	274	352	544
ENSG00000164068	RNF123	2235	1687	1550	1628	1953	1892	2846
ENSG00000164070	HSPA4L	1847	1238	1330	1275	1328	1630	2364
ENSG00000164073	MFSD8	423	312	388	303	384	458	799
ENSG00000164074	ABHD18	517	431	415	425	472	512	738
ENSG00000164076	CAMKV	6	7	3	8	9	4	8
ENSG00000164077	MON1A	338	265	251	263	297	286	391
ENSG00000164078	MST1R	30	20	21	26	25	0	36
ENSG00000164080	RAD54L2	1325	1111	1023	1105	1238	1250	1782
ENSG00000164081	TEX264	901	741	728	824	805	749	1092
ENSG00000164082	GRM2	0	0	0	1	0	0	0
ENSG00000164086	DUSP7	776	631	611	638	709	719	987
ENSG00000164087	POC1A	793	595	636	605	694	593	1002
ENSG00000164088	PPM1M	96	78	43	94	96	76	125
ENSG00000164089	ETNPPL	180	133	143	158	173	172	234
ENSG00000164091	WDR82	5417	4007	4176	4375	4803	5213	6802
ENSG00000164096	C4orf3	4370	3346	3321	3363	3651	3973	5242
ENSG00000164099	PRSS12	1	0	1	2	4	0	3
ENSG00000164100	NDST3	0	6	5	4	2	2	0
ENSG00000164104	HMGB2	6607	5351	4815	5822	5814	6246	8666
ENSG00000164105	SAP30	425	363	349	379	387	360	455
ENSG00000164106	SCRG1	8	12	5	3	3	3	3
ENSG00000164109	MAD2L1	1148	843	768	963	970	1027	1296
ENSG00000164111	ANXA5	10707	8722	7875	8705	9295	9405	12789
ENSG00000164117	FBXO8	379	267	268	305	307	337	481
ENSG00000164118	CEP44	399	331	317	284	283	351	489
ENSG00000164120	HPGD	2	7	0	3	3	0	5
ENSG00000164122	ASB5	0	0	0	1	0	0	0
ENSG00000164123	C4orf45	0	3	0	0	0	0	0
ENSG00000164124	TMEM144	627	404	428	425	482	564	744
ENSG00000164125	GASK1B	4360	3024	3387	3411	3614	3837	5673
ENSG00000164134	NAA15	2987	2180	2330	2437	2680	2834	4152
ENSG00000164136	IL15	30	19	19	20	29	26	42
ENSG00000164142	FHIP1A	257	207	223	192	217	228	347
ENSG00000164144	ARFIP1	1048	813	758	864	883	940	1326
ENSG00000164151	ICE1	2089	1478	1555	1486	1720	1987	2966
ENSG00000164161	HHIP	2	4	5	2	4	3	8
ENSG00000164162	ANAPC10	209	163	124	180	153	184	249
ENSG00000164163	ABCE1	5775	4168	4214	4545	4624	5091	7583
ENSG00000164164	OTUD4	2384	1725	1802	1821	1911	2187	3284
ENSG00000164167	LSM6	228	227	196	221	231	200	286
ENSG00000164168	TMEM184C	1122	805	801	821	961	1080	1492
ENSG00000164169	PRMT9	198	199	168	176	184	170	287
ENSG00000164171	ITGA2	5041	3411	3866	3523	3978	4752	6713
ENSG00000164172	MOCS2	1003	821	748	851	919	937	1275
ENSG00000164175	SLC45A2	1	0	0	3	2	2	0
ENSG00000164176	EDIL3	1	0	1	0	0	0	0
ENSG00000164180	TMEM161B	482	398	397	383	411	480	659
ENSG00000164181	ELOVL7	407	299	293	298	314	350	492
ENSG00000164182	NDUFAF2	810	690	567	765	744	764	965
ENSG00000164185	ZNF474	0	0	0	1	0	1	2
ENSG00000164187	LMBRD2	228	156	168	190	190	231	361
ENSG00000164188	RANBP3L	17	5	6	3	8	7	11
ENSG00000164190	NIPBL	2729	1936	2168	2121	2201	2735	4015
ENSG00000164197	RNF180	2	2	3	2	2	2	4
ENSG00000164199	ADGRV1	38	18	20	29	35	31	41
ENSG00000164209	SLC25A46	1441	1066	1001	1072	1139	1259	1832
ENSG00000164211	STARD4	2184	1733	1636	1485	1677	1909	2697
ENSG00000164219	PGGT1B	853	649	644	667	728	779	1081
ENSG00000164220	F2RL2	2	2	0	1	0	0	1
ENSG00000164221	CCDC112	287	216	226	251	224	262	354
ENSG00000164236	ANKRD33B	1	0	1	3	0	2	4
ENSG00000164237	CMBL	1372	1079	1025	1222	1207	1250	1643
ENSG00000164241	C5orf63	109	95	83	96	93	129	167
ENSG00000164244	PRRC1	3577	2661	2717	2927	3117	3397	4704
ENSG00000164251	F2RL1	1550	1064	1134	1275	1400	1374	2077
ENSG00000164252	AGGF1	1212	884	960	1012	970	1081	1626
ENSG00000164253	WDR41	802	608	598	648	669	731	968
ENSG00000164258	NDUFS4	762	669	572	639	666	678	870
ENSG00000164266	SPINK1	13	17	5	13	19	13	14
ENSG00000164270	HTR4	0	1	0	0	0	0	0
ENSG00000164284	GRPEL2	764	577	520	599	684	704	996
ENSG00000164287	CDC20B	0	0	0	0	0	1	0
ENSG00000164291	ARSK	394	328	278	285	313	297	454
ENSG00000164292	RHOBTB3	3152	2251	2340	2454	2621	2889	4241
ENSG00000164294	GPX8	28	22	22	25	25	33	40
ENSG00000164296	TIGD6	89	77	60	70	69	60	101
ENSG00000164300	SERINC5	3146	2215	2497	2374	2721	3086	4295
ENSG00000164304	CAGE1	5	5	1	2	3	6	9
ENSG00000164305	CASP3	2411	1886	1829	2045	2032	2198	3165
ENSG00000164306	PRIMPOL	209	175	185	186	225	194	279
ENSG00000164307	ERAP1	1585	1139	1249	1203	1350	1438	2089
ENSG00000164308	ERAP2	978	716	707	791	837	890	1337
ENSG00000164309	CMYA5	5	5	8	8	1	9	13
ENSG00000164318	EGFLAM	0	0	0	0	3	0	2
ENSG00000164323	CFAP97	3089	2067	2388	2508	2646	2984	4160
ENSG00000164325	TMEM174	0	0	0	0	0	0	1
ENSG00000164327	RICTOR	1420	1130	1077	987	1071	1305	1941
ENSG00000164329	TENT2	1457	1105	1038	1198	1216	1274	1905
ENSG00000164330	EBF1	0	0	0	1	0	1	0
ENSG00000164331	ANKRA2	386	269	247	292	306	270	374
ENSG00000164332	UBLCP1	778	617	634	721	713	741	1139
ENSG00000164338	UTP15	935	716	687	844	872	911	1350
ENSG00000164342	TLR3	8	37	28	33	35	28	44
ENSG00000164344	KLKB1	5	6	0	2	9	0	0
ENSG00000164346	NSA2	2858	2362	2111	2475	2428	2654	3614
ENSG00000164347	GFM2	1221	937	949	956	1128	1138	1633
ENSG00000164362	TERT	188	126	201	152	205	170	224
ENSG00000164363	SLC6A18	1	0	0	0	0	1	2
ENSG00000164366	CCDC127	753	549	614	612	581	736	912
ENSG00000164379	FOXQ1	7319	5930	5748	6263	6702	6506	8633
ENSG00000164398	ACSL6	155	102	110	109	125	133	195
ENSG00000164400	CSF2	0	0	0	1	0	0	0
ENSG00000164402	SEPTIN8	2858	2149	2161	2117	2396	2622	3851
ENSG00000164403	SHROOM1	1975	1737	1472	1509	1803	1833	2467
ENSG00000164404	GDF9	11	9	5	6	9	8	25
ENSG00000164405	UQCRQ	1447	1312	1038	1176	1257	1296	1587
ENSG00000164406	LEAP2	134	118	112	97	100	111	150
ENSG00000164411	GJB7	0	0	0	0	0	1	2
ENSG00000164414	SLC35A1	567	513	453	445	509	509	695
ENSG00000164418	GRIK2	5	3	2	3	2	3	5
ENSG00000164430	CGAS	8	0	1	6	5	6	14
ENSG00000164442	CITED2	1428	1074	1160	1030	1116	1298	1829
ENSG00000164463	CREBRF	272	221	219	203	196	257	384
ENSG00000164465	DCBLD1	2738	2067	2059	2146	2230	2437	3350
ENSG00000164466	SFXN1	3624	2865	2847	2857	3081	3372	4431
ENSG00000164483	SAMD3	1	1	0	0	0	3	6
ENSG00000164484	TMEM200A	12	15	16	28	13	23	34
ENSG00000164488	DACT2	9	9	4	8	6	7	5
ENSG00000164494	PDSS2	892	662	673	787	762	793	1146
ENSG00000164506	STXBP5	982	732	753	770	770	955	1374
ENSG00000164509	IL31RA	0	0	0	0	0	0	2
ENSG00000164512	ANKRD55	19	23	13	17	16	20	36
ENSG00000164520	RAET1E	18	9	16	13	16	9	12
ENSG00000164535	DAGLB	495	391	331	386	388	414	576
ENSG00000164542	KIAA0895	306	192	205	194	240	268	367
ENSG00000164543	STK17A	800	587	552	620	605	775	1042
ENSG00000164548	TRA2A	1782	1522	1315	1642	1699	1741	2334
ENSG00000164574	GALNT10	1542	1203	1153	1255	1414	1557	2026
ENSG00000164576	SAP30L	775	595	584	585	670	668	974
ENSG00000164587	RPS14	16583	14718	11015	14231	14992	14588	17518
ENSG00000164591	MYOZ3	0	0	0	2	0	0	1
ENSG00000164597	COG5	1436	1107	1074	1088	1282	1370	2061
ENSG00000164600	NEUROD6	0	0	0	0	0	0	1
ENSG00000164603	BMT2	278	189	176	202	169	226	303
ENSG00000164609	SLU7	1611	1278	1324	1470	1474	1592	2199
ENSG00000164610	RP9	302	234	259	276	294	311	370
ENSG00000164611	PTTG1	1823	1441	1209	1370	1410	1452	2075
ENSG00000164615	CAMLG	643	546	486	563	624	610	796
ENSG00000164620	RELL2	365	225	257	226	302	302	425
ENSG00000164626	KCNK5	1	0	0	0	2	1	2
ENSG00000164627	KIF6	3	3	3	3	1	2	5
ENSG00000164631	ZNF12	1268	958	1010	957	1116	1221	1757
ENSG00000164638	SLC29A4	1462	1306	1197	1194	1412	1482	2062
ENSG00000164647	STEAP1	376	266	271	293	292	341	444
ENSG00000164649	CDCA7L	376	294	237	303	302	344	524
ENSG00000164651	SP8	1	1	2	0	0	1	0
ENSG00000164654	MIOS	782	485	550	540	555	704	1005
ENSG00000164659	ELAPOR2	291	236	218	245	207	318	285
ENSG00000164663	USP49	466	367	356	353	358	446	638
ENSG00000164674	SYTL3	10	3	4	5	7	7	12
ENSG00000164675	IQUB	0	0	1	0	0	0	5
ENSG00000164683	HEY1	172	107	119	117	138	133	174
ENSG00000164684	ZNF704	2184	1677	1701	1477	1755	1907	2919
ENSG00000164687	FABP5	1815	1487	1275	1485	1542	1587	2201
ENSG00000164690	SHH	314	267	252	245	262	268	373
ENSG00000164692	COL1A2	0	0	0	0	1	0	0
ENSG00000164695	CHMP4C	390	318	322	345	361	418	549
ENSG00000164707	SLC13A4	0	0	0	0	0	2	0
ENSG00000164708	PGAM2	0	0	2	0	0	2	0
ENSG00000164713	BRI3	2450	1911	1757	2071	2147	2096	2817
ENSG00000164715	LMTK2	2434	1832	1948	1806	2087	2421	3405
ENSG00000164733	CTSB	13950	11583	11070	11741	12206	12225	16127
ENSG00000164736	SOX17	0	0	0	1	0	0	0
ENSG00000164741	DLC1	4074	2858	3109	3031	3380	3793	5465
ENSG00000164742	ADCY1	58	59	59	58	53	71	92
ENSG00000164743	C8orf48	1	0	0	0	0	0	0
ENSG00000164749	HNF4G	620	465	506	482	503	569	878
ENSG00000164751	PEX2	677	538	459	544	520	570	739
ENSG00000164754	RAD21	7644	5961	6146	6410	6521	7250	10466
ENSG00000164758	MED30	252	263	226	239	290	230	356
ENSG00000164761	TNFRSF11B	1	0	0	0	1	0	1
ENSG00000164764	SBSPON	35	39	30	15	26	25	43
ENSG00000164776	PHKG1	22	13	14	9	13	14	17
ENSG00000164794	KCNV1	3	0	0	0	2	7	1
ENSG00000164796	CSMD3	7	8	3	3	11	19	17
ENSG00000164808	SPIDR	382	329	263	444	426	540	656
ENSG00000164815	ORC5	535	442	373	454	451	506	672
ENSG00000164818	DNAAF5	2801	2208	2230	2224	2462	2492	3478
ENSG00000164823	OSGIN2	507	400	377	376	413	473	599
ENSG00000164825	DEFB1	0	2	2	3	4	1	0
ENSG00000164828	SUN1	1774	1520	1378	1527	1520	1547	2270
ENSG00000164830	OXR1	967	704	790	770	805	936	1293
ENSG00000164841	TMEM74	1	4	1	2	2	3	2
ENSG00000164849	GPR146	96	103	86	81	90	87	139
ENSG00000164850	GPER1	1663	1270	1252	1274	1417	1525	2039
ENSG00000164855	TMEM184A	1176	1077	919	891	1020	1167	1461
ENSG00000164867	NOS3	599	439	457	480	567	539	830
ENSG00000164877	MICALL2	236	152	185	148	176	210	276
ENSG00000164879	CA3	24	27	22	16	11	17	32
ENSG00000164880	INTS1	5109	3872	3877	3914	4494	4811	6574
ENSG00000164885	CDK5	579	392	409	450	462	489	616
ENSG00000164889	SLC4A2	6316	4985	4809	5101	5744	5614	7973
ENSG00000164896	FASTK	1071	816	828	915	921	1009	1331
ENSG00000164897	TMUB1	2579	2284	2036	2284	2390	2282	3215
ENSG00000164898	FMC1	485	470	335	429	407	426	541
ENSG00000164900	GBX1	0	2	0	1	0	0	0
ENSG00000164902	PHAX	1146	881	878	1010	1031	1026	1634
ENSG00000164904	ALDH7A1	3475	2857	2513	2745	2945	3167	4244
ENSG00000164916	FOXK1	2291	1848	1677	1693	1959	2114	3020
ENSG00000164919	COX6C	221	202	175	177	212	175	261
ENSG00000164920	OSR2	66	55	46	62	60	72	106
ENSG00000164924	YWHAZ	16800	12526	13099	13638	13961	14883	20965
ENSG00000164929	BAALC	1	1	0	1	0	0	0
ENSG00000164930	FZD6	488	358	329	392	394	413	555
ENSG00000164932	CTHRC1	288	287	290	273	268	333	387
ENSG00000164933	SLC25A32	1202	797	907	983	948	1090	1455
ENSG00000164934	DCAF13	1967	1516	1383	1601	1683	1912	2543
ENSG00000164938	TP53INP1	1886	1332	1430	1475	1538	1701	2434
ENSG00000164941	INTS8	1074	701	697	747	743	883	1232
ENSG00000164944	VIRMA	2047	1456	1569	1550	1704	1947	2723
ENSG00000164946	FREM1	1712	1289	1355	1268	1396	1665	2447
ENSG00000164949	GEM	6	0	7	0	9	3	9
ENSG00000164951	PDP1	198	113	120	140	141	181	243
ENSG00000164953	TMEM67	130	92	83	133	118	78	155
ENSG00000164961	WASHC5	1397	979	1029	1038	1169	1262	1906
ENSG00000164967	RPP25L	388	334	253	378	383	356	461
ENSG00000164970	FAM219A	717	606	534	598	597	662	924
ENSG00000164972	C9orf24	1	4	0	5	9	2	6
ENSG00000164975	SNAPC3	284	286	231	203	228	258	371
ENSG00000164976	MYORG	5193	3720	3953	3613	4051	4642	6343
ENSG00000164978	NUDT2	241	206	152	184	259	204	278
ENSG00000164983	TMEM65	632	482	487	455	512	525	758
ENSG00000164985	PSIP1	2207	1640	1740	1969	2057	2189	3027
ENSG00000164989	CCDC171	66	53	65	48	49	77	112
ENSG00000165006	UBAP1	1695	1322	1209	1323	1493	1481	2192
ENSG00000165023	DIRAS2	6	8	7	7	5	9	16
ENSG00000165025	SYK	3	1	2	1	1	5	0
ENSG00000165028	NIPSNAP3B	49	38	35	22	24	49	50
ENSG00000165029	ABCA1	3989	2849	2978	2753	3123	3726	5277
ENSG00000165030	NFIL3	2207	1771	1745	1876	1930	2034	3045
ENSG00000165046	LETM2	41	53	35	57	32	63	83
ENSG00000165055	METTL2B	1007	795	769	924	877	955	1158
ENSG00000165059	PRKACG	1	0	0	0	0	0	2
ENSG00000165060	FXN	1272	998	961	1017	1116	1098	1559
ENSG00000165071	TMEM71	1	0	0	0	0	1	2
ENSG00000165072	MAMDC2	0	1	0	2	1	0	0
ENSG00000165076	PRSS37	0	1	0	0	1	1	1
ENSG00000165078	CPA6	14	9	0	20	17	14	5
ENSG00000165084	C8orf34	17	19	11	13	9	9	10
ENSG00000165092	ALDH1A1	18719	14743	13571	14758	15714	16283	22499
ENSG00000165097	KDM1B	1317	844	1000	970	1037	1246	1810
ENSG00000165102	HGSNAT	836	706	613	614	717	774	1105
ENSG00000165105	RASEF	6	5	7	4	4	6	8
ENSG00000165113	GKAP1	178	138	170	183	191	223	250
ENSG00000165115	KIF27	133	93	91	78	96	136	195
ENSG00000165118	C9orf64	1596	1159	1150	1271	1327	1512	1999
ENSG00000165119	HNRNPK	27853	21514	20924	23158	24292	26550	35706
ENSG00000165124	SVEP1	0	0	1	0	0	0	0
ENSG00000165125	TRPV6	0	0	0	0	0	1	0
ENSG00000165131	LLCFC1	1	0	0	0	0	0	0
ENSG00000165138	ANKS6	383	308	303	271	324	373	545
ENSG00000165140	FBP1	3	2	0	1	0	3	3
ENSG00000165152	PGAP4	0	0	0	0	1	1	0
ENSG00000165156	ZHX1	1212	938	950	1010	1071	1248	1693
ENSG00000165169	DYNLT3	380	305	306	312	291	381	489
ENSG00000165171	METTL27	35	40	34	19	41	37	47
ENSG00000165175	MID1IP1	1877	1543	1524	1747	1928	1915	2652
ENSG00000165181	SHOC1	0	2	0	0	1	2	2
ENSG00000165185	KIAA1958	990	809	816	751	836	1022	1477
ENSG00000165186	PTCHD1	7	5	0	4	0	2	2
ENSG00000165188	RNF183	28	29	35	28	19	21	25
ENSG00000165192	ASB11	0	1	0	1	1	1	2
ENSG00000165194	PCDH19	6	5	3	1	2	4	8
ENSG00000165195	PIGA	291	165	215	188	224	259	317
ENSG00000165197	VEGFD	3	1	5	5	6	10	12
ENSG00000165202	OR1Q1	0	2	0	0	0	0	0
ENSG00000165209	STRBP	1679	1196	1242	1379	1439	1583	2259
ENSG00000165215	CLDN3	25	17	13	18	16	25	33
ENSG00000165219	GAPVD1	1869	1274	1336	1420	1582	1825	2442
ENSG00000165233	CARD19	269	326	218	243	320	260	387
ENSG00000165238	WNK2	2919	2178	2339	2079	2522	2703	3979
ENSG00000165240	ATP7A	220	149	168	206	216	262	356
ENSG00000165244	ZNF367	475	349	344	370	407	444	586
ENSG00000165246	NLGN4Y	368	261	279	275	300	352	513
ENSG00000165259	HDX	2	0	0	0	0	0	1
ENSG00000165264	NDUFB6	956	796	641	740	845	858	1078
ENSG00000165269	AQP7	82	75	57	52	69	65	95
ENSG00000165271	NOL6	2492	1872	1681	1756	2112	2162	2963
ENSG00000165272	AQP3	162	129	133	137	140	151	205
ENSG00000165275	TRMT10B	203	142	164	154	138	208	275
ENSG00000165280	VCP	15889	11850	12360	12759	13657	14201	19110
ENSG00000165282	PIGO	624	389	482	574	494	494	649
ENSG00000165283	STOML2	6032	5083	4334	4916	5409	5279	7335
ENSG00000165288	BRWD3	994	755	810	705	885	917	1431
ENSG00000165300	SLITRK5	20	20	15	9	12	15	16
ENSG00000165304	MELK	1350	1035	961	1005	1070	1090	1723
ENSG00000165309	ARMC3	1	0	0	1	0	0	0
ENSG00000165312	OTUD1	115	75	94	98	102	88	161
ENSG00000165322	ARHGAP12	2567	1969	2070	2052	2156	2564	3744
ENSG00000165323	FAT3	9	12	11	11	12	9	8
ENSG00000165338	HECTD2	275	238	205	199	221	228	412
ENSG00000165355	FBXO33	972	710	772	813	830	918	1128
ENSG00000165376	CLDN2	126	111	106	95	108	120	134
ENSG00000165389	SPTSSA	4836	4034	3620	4091	4485	4630	6103
ENSG00000165392	WRN	577	369	403	351	416	497	746
ENSG00000165406	MARCHF8	1444	976	1021	1009	1095	1284	1785
ENSG00000165409	TSHR	5	9	4	5	6	9	15
ENSG00000165410	CFL2	5291	3991	3921	3984	4355	4761	6600
ENSG00000165416	SUGT1	1949	1529	1432	1613	1690	1827	2487
ENSG00000165417	GTF2A1	1551	1150	1212	1228	1282	1497	2123
ENSG00000165424	ZCCHC24	552	387	428	421	491	521	693
ENSG00000165434	PGM2L1	227	162	171	188	145	193	323
ENSG00000165443	PHYHIPL	3900	2920	3032	2958	3167	3471	5281
ENSG00000165449	SLC16A9	2	2	1	1	2	1	4
ENSG00000165457	FOLR2	5	1	1	1	0	1	0
ENSG00000165458	INPPL1	2588	2247	1998	2174	2256	2652	3692
ENSG00000165471	MBL2	611	548	544	515	523	675	937
ENSG00000165474	GJB2	6	11	10	5	6	12	10
ENSG00000165475	CRYL1	1225	1003	968	977	1046	1088	1467
ENSG00000165476	REEP3	2062	1442	1543	1576	1650	1766	2525
ENSG00000165478	HEPACAM	1718	1281	1230	1066	1253	1324	1876
ENSG00000165480	SKA3	552	494	378	416	453	441	652
ENSG00000165487	MICU2	1312	1021	960	1122	1182	1203	1607
ENSG00000165490	DDIAS	451	324	331	315	349	380	549
ENSG00000165494	PCF11	1518	1107	1130	1132	1287	1528	1968
ENSG00000165501	LRR1	465	381	330	395	412	414	570
ENSG00000165502	RPL36AL	3275	2727	2471	2833	2935	3089	3885
ENSG00000165506	DNAAF2	842	691	688	730	790	830	1130
ENSG00000165507	DEPP1	4555	3658	3362	3458	3585	3922	5848
ENSG00000165512	ZNF22	42	22	36	33	27	37	47
ENSG00000165516	KLHDC2	1060	889	714	774	994	959	1367
ENSG00000165521	EML5	4	0	3	1	1	7	1
ENSG00000165525	NEMF	1641	1191	1332	1333	1345	1707	2208
ENSG00000165526	RPUSD4	1489	1217	1169	1217	1387	1552	1968
ENSG00000165527	ARF6	3694	2909	2834	3207	3444	3487	4670
ENSG00000165533	TTC8	453	367	322	338	370	380	512
ENSG00000165548	TMEM63C	5	2	3	3	2	4	7
ENSG00000165553	NGB	0	0	0	4	1	0	1
ENSG00000165555	NOXRED1	8	6	8	11	10	21	18
ENSG00000165556	CDX2	4	3	0	5	0	3	4
ENSG00000165566	AMER2	3	7	5	1	0	0	3
ENSG00000165572	KBTBD6	985	718	777	794	862	947	1286
ENSG00000165591	FAAH2	36	33	38	29	33	33	47
ENSG00000165606	DRGX	0	2	0	0	0	0	0
ENSG00000165609	NUDT5	2644	2333	1897	2254	2267	2339	3107
ENSG00000165617	DACT1	1	0	0	2	1	1	0
ENSG00000165626	BEND7	973	755	725	711	858	865	1266
ENSG00000165629	ATP5F1C	5358	4264	3819	4199	4605	4527	6376
ENSG00000165630	PRPF18	414	314	302	360	370	385	474
ENSG00000165632	TAF3	1029	807	812	934	902	958	1324
ENSG00000165633	VSTM4	54	75	45	48	57	50	95
ENSG00000165637	VDAC2	6628	5415	4925	5719	5923	6139	7948
ENSG00000165643	SOHLH1	17	7	4	4	10	9	19
ENSG00000165644	COMTD1	313	276	230	254	272	269	456
ENSG00000165646	SLC18A2	1	3	1	0	1	0	4
ENSG00000165650	PDZD8	2093	1653	1647	1656	1805	2005	2974
ENSG00000165655	ZNF503	3640	3124	2951	3028	3387	3512	4818
ENSG00000165660	ABRAXAS2	899	699	622	709	740	783	1163
ENSG00000165661	QSOX2	3933	3013	3161	3014	3348	3706	5112
ENSG00000165669	FAM204A	673	547	547	626	619	622	956
ENSG00000165671	NSD1	9	7	3	2	10	5	12
ENSG00000165672	PRDX3	9779	7597	6900	7931	8264	8563	11824
ENSG00000165675	ENOX2	393	310	285	300	338	383	477
ENSG00000165678	GHITM	7499	5835	5413	6139	6523	6969	9301
ENSG00000165684	SNAPC4	1035	883	743	657	742	720	1289
ENSG00000165688	PMPCA	3448	2699	2526	2872	3020	3081	4188
ENSG00000165689	ENTR1	2254	1723	1681	1790	2024	2068	2911
ENSG00000165694	FRMD7	0	0	0	0	0	0	1
ENSG00000165695	AK8	0	0	0	1	2	0	3
ENSG00000165698	SPACA9	37	32	24	31	16	33	50
ENSG00000165699	TSC1	1270	1114	1084	1074	1289	1436	1822
ENSG00000165702	GFI1B	2	5	3	3	4	4	6
ENSG00000165704	HPRT1	1114	935	787	805	874	921	1338
ENSG00000165714	BORCS5	343	265	332	251	298	322	479
ENSG00000165716	DIPK1B	33	32	24	29	36	48	63
ENSG00000165724	ZMYND19	1274	1048	967	1057	1166	1095	1445
ENSG00000165730	STOX1	158	141	137	130	130	194	253
ENSG00000165732	DDX21	13264	9240	10176	11066	11446	12967	18047
ENSG00000165733	BMS1	3799	2809	2809	2865	3184	3314	4721
ENSG00000165752	STK32C	569	497	484	521	574	579	729
ENSG00000165757	JCAD	27	15	23	23	32	37	43
ENSG00000165762	OR4K2	0	0	2	0	0	0	0
ENSG00000165775	FUNDC2	512	491	347	408	484	498	651
ENSG00000165782	PIP4P1	1512	1205	1056	1350	1381	1363	1825
ENSG00000165792	METTL17	1643	1268	1212	1363	1492	1299	1724
ENSG00000165794	SLC39A2	0	0	0	0	0	0	2
ENSG00000165795	NDRG2	2542	2022	1739	1890	2007	2024	2997
ENSG00000165799	RNASE7	0	3	2	5	0	1	5
ENSG00000165801	ARHGEF40	2416	1584	1881	1945	1860	2071	2686
ENSG00000165802	NSMF	6463	5211	4954	4940	5598	5621	8166
ENSG00000165804	ZNF219	3141	2565	2426	2411	2752	2753	4053
ENSG00000165806	CASP7	1276	982	966	980	1110	1134	1557
ENSG00000165807	PPP1R36	2	0	2	0	3	1	3
ENSG00000165810	BTNL9	1	0	0	0	0	0	3
ENSG00000165813	CCDC186	934	666	750	688	773	902	1275
ENSG00000165819	METTL3	2134	1665	1498	1782	1807	1855	2645
ENSG00000165821	SALL2	514	372	383	406	419	487	644
ENSG00000165828	PRAP1	707	618	513	548	583	604	795
ENSG00000165832	TRUB1	1746	1288	1295	1381	1476	1563	2428
ENSG00000165841	CYP2C19	1	1	0	0	0	0	4
ENSG00000165861	ZFYVE1	354	229	214	210	260	322	379
ENSG00000165863	C10orf82	8	15	15	6	16	7	25
ENSG00000165868	HSPA12A	284	229	222	222	225	240	301
ENSG00000165879	FRAT1	248	197	161	195	241	233	315
ENSG00000165886	UBTD1	465	379	356	382	420	433	573
ENSG00000165887	ANKRD2	0	0	2	0	0	0	1
ENSG00000165891	E2F7	471	346	367	307	361	418	637
ENSG00000165895	ARHGAP42	256	179	171	150	227	240	347
ENSG00000165898	ISCA2	510	465	355	489	469	503	704
ENSG00000165899	OTOGL	0	0	0	0	2	0	0
ENSG00000165905	LARGE2	600	457	465	493	539	604	793
ENSG00000165912	PACSIN3	3165	2705	2398	2750	2976	2932	3874
ENSG00000165914	TTC7B	234	153	153	169	174	209	272
ENSG00000165915	SLC39A13	1205	951	897	881	991	1114	1395
ENSG00000165916	PSMC3	4320	3503	3281	3634	3683	3803	5163
ENSG00000165917	RAPSN	16	23	22	13	14	17	24
ENSG00000165923	AGBL2	27	14	15	16	11	19	26
ENSG00000165929	TC2N	1	0	0	0	0	0	0
ENSG00000165934	CPSF2	2976	2236	2201	2262	2423	2763	4117
ENSG00000165935	SMCO2	0	2	3	0	0	1	1
ENSG00000165943	MOAP1	696	603	546	557	658	709	984
ENSG00000165948	IFI27L1	107	84	74	93	103	94	109
ENSG00000165949	IFI27	8	2	3	6	5	2	6
ENSG00000165953	SERPINA12	85	87	80	61	60	92	112
ENSG00000165959	CLMN	959	787	756	733	876	930	1373
ENSG00000165970	SLC6A5	0	0	0	1	0	0	0
ENSG00000165972	CCDC38	13	3	9	7	5	13	7
ENSG00000165983	PTER	399	305	307	326	369	327	514
ENSG00000165985	C1QL3	1	1	2	1	1	0	2
ENSG00000165995	CACNB2	71	67	47	46	76	77	97
ENSG00000165996	HACD1	492	426	371	431	462	439	603
ENSG00000165997	ARL5B	4644	3221	3544	3342	3683	4375	6217
ENSG00000166002	SMCO4	552	520	414	472	590	487	665
ENSG00000166004	CEP295	626	488	444	395	465	581	837
ENSG00000166012	TAF1D	767	722	735	727	714	841	1171
ENSG00000166016	ABTB2	1716	1284	1259	1338	1613	1517	2244
ENSG00000166024	R3HCC1L	381	329	297	312	363	372	538
ENSG00000166025	AMOTL1	13	9	11	7	18	16	18
ENSG00000166033	HTRA1	9	7	8	13	6	13	18
ENSG00000166035	LIPC	1064	813	813	823	842	890	1192
ENSG00000166037	CEP57	1943	1483	1369	1576	1687	1897	2707
ENSG00000166046	TCP11L2	158	132	110	96	131	163	248
ENSG00000166049	PASD1	1	0	0	0	0	0	0
ENSG00000166068	SPRED1	948	716	683	712	744	834	1221
ENSG00000166073	GPR176	8	5	2	2	7	1	10
ENSG00000166086	JAM3	260	194	207	232	207	254	353
ENSG00000166091	CMTM5	0	0	0	0	0	0	1
ENSG00000166106	ADAMTS15	0	0	1	0	2	0	0
ENSG00000166111	SVOP	33	21	23	20	22	27	41
ENSG00000166118	SPATA19	0	0	0	0	1	0	0
ENSG00000166123	GPT2	15436	12606	12110	12773	14127	15111	20174
ENSG00000166126	AMN	684	567	544	668	609	644	902
ENSG00000166128	RAB8B	588	392	418	422	470	528	704
ENSG00000166130	IKBIP	2695	1978	1932	2084	2138	2359	3282
ENSG00000166133	RPUSD2	627	512	412	556	539	565	765
ENSG00000166135	HIF1AN	3107	2493	2284	2406	2674	2785	4007
ENSG00000166136	NDUFB8	2229	1929	1708	1998	2054	2123	2538
ENSG00000166140	ZFYVE19	538	441	360	338	496	395	686
ENSG00000166143	PPP1R14D	7	3	5	5	1	4	4
ENSG00000166145	SPINT1	237	184	174	184	217	237	304
ENSG00000166147	FBN1	81	72	75	59	73	88	129
ENSG00000166148	AVPR1A	3	1	1	3	1	1	2
ENSG00000166153	DEPDC4	52	71	32	49	45	76	81
ENSG00000166159	LRTM2	6	0	5	3	0	5	0
ENSG00000166164	BRD7	6461	4980	4976	5359	5668	6093	7907
ENSG00000166165	CKB	6071	4900	4563	4490	4822	4995	6825
ENSG00000166166	TRMT61A	1147	928	837	949	999	1040	1381
ENSG00000166167	BTRC	1022	739	716	815	821	928	1359
ENSG00000166169	POLL	650	522	511	586	608	623	783
ENSG00000166170	BAG5	1388	1019	1070	1133	1144	1326	1774
ENSG00000166171	DPCD	311	276	238	235	251	313	378
ENSG00000166173	LARP6	61	56	53	46	63	48	68
ENSG00000166181	API5	4144	2956	2936	3125	3307	3709	5137
ENSG00000166183	ASPG	0	0	0	0	0	0	1
ENSG00000166188	ZNF319	534	403	442	467	529	527	817
ENSG00000166189	HPS6	616	451	474	511	587	578	786
ENSG00000166192	SENP8	104	97	76	75	94	98	140
ENSG00000166197	NOLC1	8222	6386	6483	6465	7167	7833	11149
ENSG00000166199	ALKBH3	362	296	303	351	336	359	509
ENSG00000166200	COPS2	3346	2523	2444	2677	2747	3024	4426
ENSG00000166206	GABRB3	0	1	1	0	0	0	0
ENSG00000166224	SGPL1	3293	2436	2586	2710	2945	3188	4435
ENSG00000166225	FRS2	662	471	515	464	555	608	851
ENSG00000166226	CCT2	7443	5788	5504	6323	6282	6520	9272
ENSG00000166228	PCBD1	3638	3002	2653	3131	3290	3353	4438
ENSG00000166233	ARIH1	1252	796	941	950	1101	1210	1697
ENSG00000166246	DNAAF8	3	6	4	2	8	4	3
ENSG00000166250	CLMP	1	1	0	0	0	1	4
ENSG00000166257	SCN3B	2	11	5	3	6	8	18
ENSG00000166260	COX11	1249	1030	975	873	1080	1302	1732
ENSG00000166261	ZNF202	531	410	404	418	438	480	753
ENSG00000166262	FAM227B	20	5	9	22	9	19	37
ENSG00000166263	STXBP4	1622	1295	1224	1288	1372	1599	2289
ENSG00000166266	CUL5	1684	1234	1396	1406	1377	1646	2322
ENSG00000166268	MYRFL	0	2	6	0	2	0	5
ENSG00000166272	WBP1L	882	670	618	714	745	787	1138
ENSG00000166275	BORCS7	801	664	647	701	711	711	1021
ENSG00000166278	C2	6476	4969	4826	5267	5887	6117	8347
ENSG00000166289	PLEKHF1	176	162	139	136	154	167	198
ENSG00000166295	ANAPC16	1290	1167	1025	1159	1244	1192	1686
ENSG00000166311	SMPD1	220	150	181	187	195	223	295
ENSG00000166313	APBB1	37	31	18	32	41	30	52
ENSG00000166317	SYNPO2L	9	8	15	11	11	14	11
ENSG00000166321	NUDT13	108	125	97	110	88	82	153
ENSG00000166323	C11orf65	5	3	5	4	7	4	1
ENSG00000166326	TRIM44	4361	3215	3279	3616	3780	4308	6004
ENSG00000166333	ILK	2650	2168	1959	2139	2230	2274	3208
ENSG00000166337	TAF10	1001	855	754	813	898	921	1293
ENSG00000166340	TPP1	4039	2917	2964	3142	3353	3591	5433
ENSG00000166341	DCHS1	0	4	1	1	1	2	2
ENSG00000166343	MSS51	41	39	29	36	28	32	45
ENSG00000166347	CYB5A	3057	2415	2081	2732	2730	2845	3697
ENSG00000166348	USP54	968	694	680	745	792	852	1366
ENSG00000166349	RAG1	8	3	6	6	6	5	9
ENSG00000166351	POTED	53	53	41	30	43	48	101
ENSG00000166352	IFTAP	212	190	146	190	180	202	269
ENSG00000166359	WDR88	10	8	6	6	9	12	21
ENSG00000166377	ATP9B	546	406	386	391	445	497	650
ENSG00000166387	PPFIBP2	555	452	451	464	461	544	742
ENSG00000166391	MOGAT2	268	241	185	252	222	217	404
ENSG00000166394	CYB5R2	8	5	12	10	7	7	14
ENSG00000166398	GARRE1	987	792	846	766	943	1013	1389
ENSG00000166401	SERPINB8	83	59	75	70	85	76	96
ENSG00000166402	TUB	766	635	597	579	661	764	1019
ENSG00000166405	RIC3	0	0	0	1	0	0	0
ENSG00000166407	LMO1	0	0	0	0	1	0	0
ENSG00000166411	IDH3A	797	623	507	558	703	807	1148
ENSG00000166415	WDR72	27	23	15	11	15	19	29
ENSG00000166428	PLD4	0	0	1	0	0	0	0
ENSG00000166432	ZMAT1	0	1	0	0	1	0	0
ENSG00000166435	XRRA1	167	113	97	149	158	157	244
ENSG00000166436	TRIM66	559	513	417	404	442	478	785
ENSG00000166439	RNF169	942	724	738	671	755	991	1301
ENSG00000166441	RPL27A	18385	15867	12941	14950	16162	16418	21810
ENSG00000166444	DENND2B	1097	833	828	799	855	973	1456
ENSG00000166446	CDYL2	34	24	24	29	28	21	31
ENSG00000166448	TMEM130	3	2	0	4	6	2	7
ENSG00000166450	PRTG	1550	1140	1215	1159	1202	1425	2079
ENSG00000166451	CENPN	2101	1530	1596	1601	1811	1795	2480
ENSG00000166452	AKIP1	525	433	426	444	493	467	586
ENSG00000166454	ATMIN	2347	1728	1755	1819	2021	1978	2806
ENSG00000166455	C16orf46	16	8	18	10	6	2	28
ENSG00000166471	TMEM41B	1436	1380	1189	1260	1427	1584	1980
ENSG00000166473	PKD1L2	13	13	7	7	10	8	12
ENSG00000166477	LEO1	3802	2829	2932	3006	3157	3309	4724
ENSG00000166478	ZNF143	616	489	438	493	524	566	782
ENSG00000166479	TMX3	1331	968	1052	1111	1127	1275	1844
ENSG00000166482	MFAP4	1	1	0	4	5	0	6
ENSG00000166483	WEE1	1446	1080	1105	1150	1167	1243	1850
ENSG00000166484	MAPK7	523	340	330	334	441	345	572
ENSG00000166501	PRKCB	0	0	1	0	0	0	2
ENSG00000166503	HDGFL3	32	25	20	27	25	19	30
ENSG00000166507	NDST2	609	562	529	554	560	584	787
ENSG00000166508	MCM7	8675	6927	6371	7356	7988	7802	10679
ENSG00000166510	CCDC68	250	202	197	179	194	213	350
ENSG00000166526	ZNF3	1305	1172	932	1109	1249	1322	1768
ENSG00000166529	ZSCAN21	243	191	193	180	199	232	360
ENSG00000166532	RIMKLB	19	15	7	6	8	13	22
ENSG00000166546	BEAN1	12	6	8	5	9	5	13
ENSG00000166548	TK2	675	587	581	554	636	672	995
ENSG00000166557	TMED3	2917	2283	2142	2404	2369	2463	3300
ENSG00000166558	SLC38A8	3	7	4	7	5	9	7
ENSG00000166562	SEC11C	2097	1722	1491	1699	1781	1793	2467
ENSG00000166569	CPLX4	0	2	0	0	0	0	0
ENSG00000166573	GALR1	5	5	4	0	0	1	2
ENSG00000166575	TMEM135	2458	1815	1872	1889	1968	2247	3327
ENSG00000166578	IQCD	14	15	10	10	11	14	22
ENSG00000166579	NDEL1	2556	1933	1766	1843	2082	2286	3204
ENSG00000166582	CENPV	1930	1536	1369	1490	1655	1703	2375
ENSG00000166589	CDH16	142	93	72	85	99	102	141
ENSG00000166592	RRAD	35	27	22	36	29	35	34
ENSG00000166595	CIAO2B	2273	2099	1704	1987	2160	1953	2521
ENSG00000166596	CFAP52	1	2	4	3	2	2	5
ENSG00000166598	HSP90B1	52899	39679	40620	39940	41797	45759	62907
ENSG00000166619	BLCAP	2704	2219	2025	2120	2357	2377	3289
ENSG00000166664	CHRFAM7A	76	47	38	40	43	43	108
ENSG00000166669	ATF7IP2	529	368	367	416	367	468	649
ENSG00000166670	MMP10	0	1	0	0	0	0	0
ENSG00000166676	TVP23A	17	20	26	12	29	25	35
ENSG00000166681	BEX3	920	615	663	787	827	811	1142
ENSG00000166682	TMPRSS5	10	8	5	6	6	8	12
ENSG00000166685	COG1	1421	1088	1033	1037	1231	1275	1788
ENSG00000166689	PLEKHA7	1441	1112	1083	1041	1154	1389	1810
ENSG00000166704	ZNF606	340	282	274	237	322	288	458
ENSG00000166707	ZCCHC18	7	6	6	4	11	5	12
ENSG00000166710	B2M	7112	5648	5084	5566	5781	6105	8322
ENSG00000166716	ZNF592	1811	1492	1437	1390	1621	1768	2366
ENSG00000166734	GOLM2	2874	2170	2252	2312	2368	2732	3863
ENSG00000166743	ACSM1	37	25	17	25	18	26	27
ENSG00000166747	AP1G1	5023	3709	3761	3744	4327	4792	6681
ENSG00000166750	SLFN5	22	17	18	27	22	20	35
ENSG00000166762	CATSPER2	4	6	3	7	4	7	11
ENSG00000166780	BMERB1	70	62	49	51	58	55	82
ENSG00000166783	MARF1	2084	1453	1698	1470	1628	1970	2919
ENSG00000166788	SAAL1	806	654	600	719	748	760	1081
ENSG00000166793	YPEL4	1	0	1	0	0	0	1
ENSG00000166794	PPIB	16850	14119	12503	14038	14259	14583	19208
ENSG00000166796	LDHC	0	0	0	0	1	0	0
ENSG00000166797	CIAO2A	1686	1334	1159	1341	1381	1473	1923
ENSG00000166800	LDHAL6A	2	4	1	3	3	2	7
ENSG00000166801	FAM111A	668	500	498	465	465	641	886
ENSG00000166803	PCLAF	1749	1398	1116	1314	1342	1507	2050
ENSG00000166813	KIF7	523	379	377	360	413	444	628
ENSG00000166816	LDHD	328	235	258	270	264	275	348
ENSG00000166819	PLIN1	12	4	9	7	8	13	15
ENSG00000166821	PEX11A	232	159	188	172	154	183	280
ENSG00000166822	TMEM170A	1423	1042	1135	1150	1259	1374	1863
ENSG00000166823	MESP1	0	0	1	2	3	0	3
ENSG00000166825	ANPEP	9209	7241	7053	7293	7921	8268	12211
ENSG00000166828	SCNN1G	1	0	0	0	0	0	1
ENSG00000166831	RBPMS2	77	67	61	57	89	76	113
ENSG00000166833	NAV2	3051	2038	2211	1976	2377	2611	3862
ENSG00000166839	ANKDD1A	37	36	0	21	11	35	23
ENSG00000166840	GLYATL1	0	3	0	0	1	1	1
ENSG00000166845	C18orf54	360	270	287	296	267	320	433
ENSG00000166847	DCTN5	5431	4080	4026	4010	4519	5131	7316
ENSG00000166848	TERF2IP	2594	2086	2065	2323	2282	2554	3346
ENSG00000166851	PLK1	8911	6428	6460	6934	7600	7788	10760
ENSG00000166855	CLPX	1995	1702	1579	1668	1619	1922	2464
ENSG00000166856	GPR182	1	0	3	0	0	1	1
ENSG00000166860	ZBTB39	684	470	491	516	515	598	891
ENSG00000166863	TAC3	2	3	1	0	1	0	1
ENSG00000166866	MYO1A	181	152	145	163	183	192	270
ENSG00000166869	CHP2	11	18	8	12	12	6	17
ENSG00000166881	NEMP1	1170	906	854	899	1004	1098	1563
ENSG00000166886	NAB2	1095	900	809	888	958	980	1336
ENSG00000166887	VPS39	1635	1203	1167	1236	1416	1514	2082
ENSG00000166888	STAT6	2601	2031	1884	1972	2113	2287	3333
ENSG00000166889	PATL1	2594	1823	1745	1762	2121	2176	3269
ENSG00000166896	ATP23	159	86	79	104	120	145	182
ENSG00000166900	STX3	1346	1007	988	1075	1154	1231	1748
ENSG00000166902	MRPL16	1271	1047	932	1112	1082	1193	1520
ENSG00000166908	PIP4K2C	1609	1110	1245	1223	1394	1432	2011
ENSG00000166912	MTMR10	1032	708	783	721	808	899	1159
ENSG00000166913	YWHAB	15135	11749	12191	13853	13840	14345	19256
ENSG00000166920	C15orf48	2	0	2	3	0	1	1
ENSG00000166922	SCG5	0	0	0	0	5	1	1
ENSG00000166923	GREM1	6	4	4	4	4	6	10
ENSG00000166924	NYAP1	22	27	14	20	26	35	39
ENSG00000166925	TSC22D4	1010	832	776	873	899	993	1244
ENSG00000166927	MS4A7	2	0	1	2	3	0	0
ENSG00000166928	MS4A14	1	0	0	0	0	0	0
ENSG00000166938	DIS3L	1800	1392	1277	1343	1587	1637	2385
ENSG00000166946	CCNDBP1	50	42	43	44	43	42	56
ENSG00000166947	EPB42	0	0	0	0	0	1	0
ENSG00000166949	SMAD3	2301	1833	1842	1816	1863	2212	3120
ENSG00000166960	CCDC178	1	0	0	0	0	0	0
ENSG00000166961	MS4A15	0	1	0	0	0	0	2
ENSG00000166963	MAP1A	7	9	7	6	6	7	17
ENSG00000166965	RCCD1	511	416	407	456	508	563	735
ENSG00000166971	AKTIP	882	762	656	753	865	913	1176
ENSG00000166974	MAPRE2	3575	2665	2670	2700	2919	3168	4428
ENSG00000166979	EVA1C	13	4	10	10	9	13	18
ENSG00000166986	MARS1	5304	4060	3967	5272	5678	5693	7823
ENSG00000166987	MBD6	2377	1883	1773	1699	2027	2139	3200
ENSG00000166997	CNPY4	226	200	159	180	189	188	262
ENSG00000167004	PDIA3	4785	3577	3981	3522	3932	4429	5432
ENSG00000167005	NUDT21	7446	5227	5525	5815	6146	6794	9698
ENSG00000167011	NAT16	4	1	2	0	1	1	2
ENSG00000167034	NKX3-1	345	281	270	302	319	368	548
ENSG00000167037	SGSM1	39	65	29	36	35	44	78
ENSG00000167065	DUSP18	88	52	62	66	86	87	97
ENSG00000167074	TEF	342	297	290	263	339	318	411
ENSG00000167077	MEI1	2	2	0	2	2	0	2
ENSG00000167080	B4GALNT2	194	126	130	92	127	155	242
ENSG00000167081	PBX3	326	269	240	287	311	320	447
ENSG00000167085	PHB1	6719	5880	5277	6324	6415	6488	8661
ENSG00000167088	SNRPD1	2924	2223	2067	2389	2381	2540	3575
ENSG00000167094	TTC16	0	0	0	0	0	0	2
ENSG00000167100	SAMD14	0	6	7	3	3	7	6
ENSG00000167103	PIP5KL1	6	0	4	8	4	8	14
ENSG00000167104	BPIFB6	8	0	0	1	6	0	2
ENSG00000167105	TMEM92	15	7	5	8	11	10	13
ENSG00000167106	FAM102A	2106	1707	1579	1548	1854	1947	2761
ENSG00000167107	ACSF2	1652	1316	1157	1304	1438	1425	1984
ENSG00000167110	GOLGA2	3632	2927	2795	2790	2957	3252	4379
ENSG00000167112	TRUB2	1368	1114	1090	1196	1289	1331	1777
ENSG00000167113	COQ4	846	710	620	723	768	746	1073
ENSG00000167114	SLC27A4	1436	1134	1053	1163	1226	1214	1722
ENSG00000167117	ANKRD40CL	8	7	4	5	6	7	9
ENSG00000167118	URM1	1554	1375	1118	1277	1382	1364	1976
ENSG00000167123	CERCAM	835	656	649	655	756	725	1045
ENSG00000167130	DOLPP1	1312	1051	965	1092	1180	1171	1578
ENSG00000167131	CCDC103	31	20	5	3	8	21	27
ENSG00000167136	ENDOG	816	615	605	692	710	680	837
ENSG00000167157	PRRX2	1	0	0	0	1	1	0
ENSG00000167165	UGT1A6	2	1	4	9	8	9	9
ENSG00000167173	C15orf39	3086	2357	2374	2515	2711	2883	4140
ENSG00000167178	ISLR2	0	2	2	2	4	2	3
ENSG00000167182	SP2	978	774	718	759	835	941	1325
ENSG00000167183	PRR15L	20	17	26	23	19	25	31
ENSG00000167186	COQ7	1206	962	928	934	1024	1165	1520
ENSG00000167191	GPRC5B	22	23	18	19	19	26	37
ENSG00000167193	CRK	3415	2668	2641	3028	3071	3207	4522
ENSG00000167195	GOLGA6C	16	21	21	33	23	51	49
ENSG00000167196	FBXO22	1870	1638	1400	1480	1604	1696	2426
ENSG00000167202	TBC1D2B	1162	808	915	909	963	1101	1511
ENSG00000167207	NOD2	0	0	0	0	0	0	2
ENSG00000167208	SNX20	0	0	0	0	0	0	1
ENSG00000167210	LOXHD1	0	1	1	0	0	0	0
ENSG00000167216	KATNAL2	0	1	0	2	1	2	0
ENSG00000167220	HDHD2	706	470	570	557	630	693	926
ENSG00000167232	ZNF91	631	466	475	475	515	609	876
ENSG00000167244	IGF2	88956	69423	70365	64197	74008	86233	122590
ENSG00000167257	RNF214	749	567	566	654	648	714	1061
ENSG00000167258	CDK12	6831	4709	5268	5192	5840	6515	9269
ENSG00000167261	DPEP2	0	2	0	5	3	1	3
ENSG00000167264	DUS2	579	522	467	490	546	514	740
ENSG00000167272	POP5	459	386	393	344	425	461	652
ENSG00000167280	ENGASE	639	514	507	468	634	614	928
ENSG00000167281	RBFOX3	4	4	2	2	1	1	1
ENSG00000167283	ATP5MG	3272	2913	2295	2739	2849	3007	3918
ENSG00000167286	CD3D	14	16	12	17	15	22	19
ENSG00000167291	TBC1D16	4126	3196	3162	3227	3837	4073	5740
ENSG00000167302	TEPSIN	641	515	456	571	572	571	785
ENSG00000167306	MYO5B	1926	1414	1485	1508	1621	1739	2678
ENSG00000167311	ART5	4	7	5	4	5	6	6
ENSG00000167315	ACAA2	3299	2553	2489	2663	2709	2949	4044
ENSG00000167323	STIM1	2296	1789	1699	1846	1900	2118	2859
ENSG00000167325	RRM1	3518	2563	2825	2788	2993	3111	4441
ENSG00000167332	OR51E2	0	0	0	0	0	1	0
ENSG00000167346	MMP26	0	0	0	0	0	0	3
ENSG00000167355	OR51B5	0	0	0	0	0	1	0
ENSG00000167363	FN3K	1929	1546	1529	1636	1756	1747	2267
ENSG00000167371	PRRT2	37	42	39	34	38	37	73
ENSG00000167377	ZNF23	378	318	296	350	359	386	662
ENSG00000167378	IRGQ	1229	945	942	870	1041	1176	1559
ENSG00000167380	ZNF226	324	300	273	253	250	321	431
ENSG00000167384	ZNF180	98	92	66	44	46	92	99
ENSG00000167393	PPP2R3B	496	431	467	476	530	468	681
ENSG00000167394	ZNF668	633	477	408	505	562	584	754
ENSG00000167395	ZNF646	1373	1188	985	1009	1213	1281	1721
ENSG00000167397	VKORC1	4694	3908	3474	3671	3958	4131	5422
ENSG00000167414	GNG8	0	0	0	0	0	0	1
ENSG00000167419	LPO	1	1	0	0	2	0	0
ENSG00000167434	CA4	1	0	1	3	1	0	1
ENSG00000167447	SMG8	1269	923	898	1107	1168	1205	1665
ENSG00000167460	TPM4	12897	9615	9676	10194	10966	11764	16613
ENSG00000167461	RAB8A	2180	1689	1632	1743	1768	1852	3073
ENSG00000167468	GPX4	6252	5181	4679	4911	5443	5461	7550
ENSG00000167470	MIDN	5179	4029	4203	4064	4484	4755	6635
ENSG00000167476	JSRP1	17	11	20	14	17	21	12
ENSG00000167483	NIBAN3	0	0	0	0	2	0	0
ENSG00000167487	KLHL26	347	239	260	284	319	326	444
ENSG00000167491	GATAD2A	3410	2558	2496	2608	2895	3023	4362
ENSG00000167508	MVD	4099	3391	3122	3176	3444	3328	4468
ENSG00000167513	CDT1	3461	2759	2608	2720	3003	3044	4442
ENSG00000167515	TRAPPC2L	1117	1052	835	988	1059	1008	1389
ENSG00000167522	ANKRD11	9230	7352	7019	7748	8462	9147	12428
ENSG00000167523	SPATA33	271	252	255	269	279	348	377
ENSG00000167524	RSKR	16	28	32	23	29	25	34
ENSG00000167525	PROCA1	0	10	8	8	3	0	8
ENSG00000167526	RPL13	27974	23693	21607	25110	25003	24843	34019
ENSG00000167528	ZNF641	330	243	245	248	282	314	483
ENSG00000167535	CACNB3	17	20	12	8	17	19	19
ENSG00000167536	DHRS13	475	374	363	410	436	456	576
ENSG00000167543	TP53I13	704	659	578	620	745	690	946
ENSG00000167548	KMT2D	3447	2483	2384	2067	2626	2966	4877
ENSG00000167549	CORO6	10	0	11	0	10	7	14
ENSG00000167550	RHEBL1	15	23	22	24	17	23	43
ENSG00000167552	TUBA1A	953	715	623	790	880	805	1159
ENSG00000167553	TUBA1C	14908	11383	10514	12628	12783	12137	18012
ENSG00000167554	ZNF610	9	12	7	6	16	16	22
ENSG00000167555	ZNF528	163	109	93	109	151	145	196
ENSG00000167562	ZNF701	135	118	112	90	113	129	159
ENSG00000167565	SERTAD3	437	362	270	352	362	345	514
ENSG00000167566	NCKAP5L	1610	1241	1210	1167	1480	1533	2103
ENSG00000167578	RAB4B	101	113	66	122	116	111	153
ENSG00000167588	GPD1	578	434	367	409	432	423	631
ENSG00000167595	PROSER3	627	505	463	456	526	533	776
ENSG00000167600	CYP2S1	439	349	331	351	421	400	572
ENSG00000167601	AXL	400	280	274	291	317	369	466
ENSG00000167604	NFKBID	54	17	44	26	20	40	56
ENSG00000167608	TMC4	12	6	9	6	11	2	23
ENSG00000167612	ANKRD33	0	0	0	1	0	0	0
ENSG00000167613	LAIR1	62	86	50	46	68	60	103
ENSG00000167614	TTYH1	318	268	267	276	289	309	455
ENSG00000167615	LENG8	6737	6096	5172	4611	5547	6048	9012
ENSG00000167617	CDC42EP5	11	8	6	11	12	5	8
ENSG00000167618	LAIR2	5	9	4	12	7	7	14
ENSG00000167619	TMEM145	108	97	74	75	80	94	148
ENSG00000167625	ZNF526	754	581	599	603	684	718	1010
ENSG00000167632	TRAPPC9	546	385	363	391	381	482	658
ENSG00000167635	ZNF146	2706	2048	1986	2121	2338	2618	3670
ENSG00000167637	ZNF283	238	192	181	179	204	236	281
ENSG00000167641	PPP1R14A	0	0	0	0	0	1	1
ENSG00000167642	SPINT2	15	4	13	9	7	7	14
ENSG00000167644	C19orf33	29	25	31	26	32	21	33
ENSG00000167645	YIF1B	1086	913	776	910	958	1019	1227
ENSG00000167646	DNAAF3	23	14	0	11	20	16	17
ENSG00000167654	ATCAY	19	9	13	14	17	20	19
ENSG00000167656	LY6D	49	27	29	32	18	17	50
ENSG00000167657	DAPK3	1444	1246	1023	1273	1365	1333	1729
ENSG00000167658	EEF2	102085	79233	77341	83129	92693	96213	134534
ENSG00000167664	TMIGD2	7	6	7	5	1	7	16
ENSG00000167670	CHAF1A	2260	1811	1747	1906	2097	1985	2845
ENSG00000167671	UBXN6	1857	1520	1466	1638	1653	1745	2153
ENSG00000167674	HDGFL2	3254	2732	2578	2780	2922	2927	4023
ENSG00000167676	PLIN4	298	254	237	229	266	316	422
ENSG00000167680	SEMA6B	13143	10887	10276	11146	12365	11987	16216
ENSG00000167685	ZNF444	1887	1502	1487	1597	1643	1675	2398
ENSG00000167693	NXN	2619	2137	2044	2252	2398	2475	3192
ENSG00000167695	TLCD3A	1433	1124	1016	1099	1248	1206	1609
ENSG00000167699	GLOD4	2448	1962	1766	2006	2254	2276	2944
ENSG00000167700	MFSD3	860	719	668	806	788	744	1069
ENSG00000167701	GPT	159	154	140	98	122	129	182
ENSG00000167702	KIFC2	614	489	499	357	487	460	504
ENSG00000167703	SLC43A2	1282	1055	977	998	1106	1081	1584
ENSG00000167705	RILP	249	255	205	222	278	283	385
ENSG00000167711	SERPINF2	14082	11801	10804	11769	12773	13160	17975
ENSG00000167716	WDR81	2360	1739	1670	1796	1957	2193	3069
ENSG00000167720	SRR	149	113	103	110	118	127	176
ENSG00000167721	TSR1	4444	3397	3306	3479	3799	3910	5650
ENSG00000167723	TRPV3	13	12	3	16	0	19	9
ENSG00000167733	HSD11B1L	56	27	39	44	41	62	73
ENSG00000167740	CYB5D2	258	278	264	234	291	291	373
ENSG00000167741	GGT6	26	31	23	31	16	30	35
ENSG00000167749	KLK4	0	0	2	0	0	0	1
ENSG00000167751	KLK2	0	0	0	1	1	0	1
ENSG00000167755	KLK6	35	26	24	31	32	33	31
ENSG00000167759	KLK13	0	0	0	0	1	0	0
ENSG00000167766	ZNF83	238	150	139	145	210	183	243
ENSG00000167767	KRT80	133	122	98	122	113	131	194
ENSG00000167769	ACER1	2	1	3	3	1	2	3
ENSG00000167770	OTUB1	3508	2988	2623	3156	3252	3124	4347
ENSG00000167771	RCOR2	805	667	597	654	717	723	957
ENSG00000167772	ANGPTL4	94	62	70	46	60	71	98
ENSG00000167775	CD320	3712	2939	2869	3130	3424	3279	4484
ENSG00000167778	SPRYD3	720	630	590	701	726	717	942
ENSG00000167779	IGFBP6	284	224	222	243	245	271	306
ENSG00000167780	SOAT2	849	790	711	735	816	829	1054
ENSG00000167785	ZNF558	103	76	73	87	99	107	168
ENSG00000167792	NDUFV1	2840	2408	2320	2709	2626	2665	3726
ENSG00000167797	CDK2AP2	868	676	644	674	699	643	1041
ENSG00000167799	NUDT8	333	280	213	235	280	284	366
ENSG00000167800	TBX10	35	31	22	39	28	27	51
ENSG00000167815	PRDX2	6379	4987	4772	5359	5568	5521	8079
ENSG00000167840	ZNF232	267	199	203	202	211	215	295
ENSG00000167842	MIS12	888	724	657	757	804	839	1101
ENSG00000167850	CD300C	1	0	3	0	1	1	2
ENSG00000167851	CD300A	0	0	1	0	1	0	0
ENSG00000167861	HID1	290	239	207	238	228	270	321
ENSG00000167862	MRPL58	869	673	600	707	744	773	1016
ENSG00000167863	ATP5PD	2829	2529	2067	2385	2491	2442	3267
ENSG00000167874	TMEM88	28	25	17	20	31	23	36
ENSG00000167880	EVPL	1450	1188	1130	1135	1411	1366	1791
ENSG00000167881	SRP68	6922	5286	5092	5611	6086	6397	8613
ENSG00000167889	MGAT5B	3	14	27	13	12	21	23
ENSG00000167895	TMC8	118	74	83	95	99	85	139
ENSG00000167900	TK1	3833	3083	2898	3088	3295	3372	4440
ENSG00000167904	TMEM68	583	489	400	433	429	529	732
ENSG00000167910	CYP7A1	8	3	4	6	5	7	3
ENSG00000167914	GSDMA	8	10	4	5	4	2	12
ENSG00000167925	GHDC	1072	889	790	866	1003	960	1329
ENSG00000167930	FAM234A	2792	2229	2095	2269	2398	2607	3464
ENSG00000167941	SOST	0	0	1	0	0	0	0
ENSG00000167962	ZNF598	1671	1290	1278	1394	1580	1477	2146
ENSG00000167964	RAB26	34	45	32	38	39	34	44
ENSG00000167965	MLST8	1254	1029	999	1081	1074	1088	1520
ENSG00000167967	E4F1	902	817	682	754	839	827	1139
ENSG00000167968	DNASE1L2	28	28	17	22	21	34	39
ENSG00000167969	ECI1	2422	2126	1872	2281	2373	2354	3109
ENSG00000167971	CASKIN1	126	121	97	78	117	143	187
ENSG00000167972	ABCA3	54	41	36	33	38	42	56
ENSG00000167977	KCTD5	2025	1549	1606	1683	1789	1884	2596
ENSG00000167978	SRRM2	19618	15326	14625	12458	15827	17918	27151
ENSG00000167981	ZNF597	192	153	129	118	144	194	247
ENSG00000167984	NLRC3	24	21	12	24	11	17	20
ENSG00000167985	SDHAF2	1031	813	796	886	910	909	1348
ENSG00000167986	DDB1	15622	11688	11678	12387	13169	14285	19098
ENSG00000167987	VPS37C	817	675	600	696	722	779	1016
ENSG00000167992	VWCE	2826	2204	2125	2218	2447	2390	3584
ENSG00000167994	RAB3IL1	119	93	90	99	93	123	139
ENSG00000167995	BEST1	99	68	52	72	87	60	117
ENSG00000167996	FTH1	78072	61037	55923	64080	67030	67604	96708
ENSG00000168000	BSCL2	230	177	185	182	159	215	284
ENSG00000168002	POLR2G	887	722	587	754	808	833	1071
ENSG00000168003	SLC3A2	7588	6471	5516	6994	7748	7548	9614
ENSG00000168005	SPINDOC	1913	1595	1362	1601	1736	1732	2290
ENSG00000168010	ATG16L2	74	64	85	50	71	72	114
ENSG00000168014	C2CD3	851	790	820	655	894	886	1268
ENSG00000168016	TRANK1	47	33	26	16	23	30	52
ENSG00000168026	TTC21A	17	16	13	15	14	16	32
ENSG00000168028	RPSA	28396	23133	20644	24448	25117	24740	33804
ENSG00000168032	ENTPD3	0	1	0	1	2	1	2
ENSG00000168036	CTNNB1	16018	11761	11970	13708	14168	15377	20975
ENSG00000168038	ULK4	144	124	111	121	115	115	161
ENSG00000168040	FADD	921	712	670	808	853	812	1154
ENSG00000168056	LTBP3	3005	2291	2341	2242	2544	2620	3799
ENSG00000168060	NAALADL1	332	293	297	238	308	303	437
ENSG00000168061	SAC3D1	1494	1180	1138	1155	1288	1230	1747
ENSG00000168062	BATF2	189	132	140	145	174	175	232
ENSG00000168065	SLC22A11	15	16	11	10	20	29	21
ENSG00000168066	SF1	9153	6350	7168	7101	7779	8262	11906
ENSG00000168067	MAP4K2	523	412	314	363	341	448	643
ENSG00000168070	MAJIN	0	0	0	0	1	0	0
ENSG00000168071	CCDC88B	17	7	12	12	15	17	19
ENSG00000168077	SCARA3	257	217	216	186	205	218	320
ENSG00000168078	PBK	1410	1030	994	1191	1291	1202	1780
ENSG00000168079	SCARA5	0	1	0	1	0	0	1
ENSG00000168081	PNOC	0	0	0	0	2	0	1
ENSG00000168090	COPS6	2560	2125	1749	2104	2166	2254	3094
ENSG00000168092	PAFAH1B2	3907	2986	2956	3193	3355	3602	4977
ENSG00000168096	ANKS3	172	122	60	171	201	112	240
ENSG00000168101	NUDT16L1	1111	991	894	1002	1030	1014	1349
ENSG00000168116	KIAA1586	660	443	453	464	503	505	784
ENSG00000168118	RAB4A	2676	2104	1925	2252	2313	2430	3382
ENSG00000168124	OR1F1	4	2	2	5	4	4	5
ENSG00000168131	OR2B2	2	0	0	0	0	0	0
ENSG00000168135	KCNJ4	2	1	3	0	6	5	8
ENSG00000168137	SETD5	4162	3310	3276	3192	3540	3888	5468
ENSG00000168140	VASN	2429	2074	1937	2044	2173	2266	3248
ENSG00000168143	FAM83B	3	0	3	4	1	1	3
ENSG00000168148	H3-4	0	1	0	0	0	0	0
ENSG00000168152	THAP9	184	144	144	126	154	157	252
ENSG00000168158	OR2C1	1	0	0	0	0	0	0
ENSG00000168159	RNF187	3510	2682	2717	2777	3072	2916	3791
ENSG00000168172	HOOK3	1842	1480	1340	1368	1423	1636	2323
ENSG00000168175	MAPK1IP1L	3483	2635	2576	2890	2945	3175	4601
ENSG00000168209	DDIT4	2460	2048	1899	2651	2782	3061	4018
ENSG00000168214	RBPJ	1884	1410	1449	1593	1647	1783	2548
ENSG00000168216	LMBRD1	155	53	118	443	243	156	274
ENSG00000168228	ZCCHC4	438	342	334	354	407	385	614
ENSG00000168234	TTC39C	1359	1149	1100	1146	1188	1286	1766
ENSG00000168237	GLYCTK	864	719	683	622	706	754	982
ENSG00000168243	GNG4	1967	1574	1479	1593	1640	1680	2506
ENSG00000168246	UBTD2	1620	1212	1255	1288	1327	1435	2104
ENSG00000168255	POLR2J3	45	39	50	42	62	34	71
ENSG00000168256	NKIRAS2	1523	1206	1198	1201	1370	1419	1948
ENSG00000168259	DNAJC7	4220	3444	3355	3567	3810	4004	5488
ENSG00000168263	KCNV2	3	2	0	1	4	3	3
ENSG00000168264	IRF2BP2	8581	6638	6691	6687	7000	7593	10563
ENSG00000168268	NT5DC2	8735	7066	6516	6955	7669	6964	9959
ENSG00000168273	SMIM4	300	256	202	251	268	267	342
ENSG00000168275	COA6	978	860	678	835	911	956	1125
ENSG00000168280	KIF5C	3	9	0	11	0	12	24
ENSG00000168282	MGAT2	2137	1694	1554	1733	1778	1968	2661
ENSG00000168283	BMI1	2299	1698	1731	1883	2039	2169	3141
ENSG00000168286	THAP11	2043	1671	1612	1763	1911	1857	2582
ENSG00000168288	MMADHC	3679	2991	2743	3135	3131	3283	4465
ENSG00000168291	PDHB	2537	2167	1904	2137	2240	2417	3007
ENSG00000168297	PXK	368	289	290	264	309	384	499
ENSG00000168298	H1-4	29	18	14	11	14	12	19
ENSG00000168300	PCMTD1	717	531	480	498	518	631	863
ENSG00000168301	KCTD6	339	239	250	267	244	310	414
ENSG00000168303	MPLKIP	1536	1313	1098	1321	1390	1397	1940
ENSG00000168306	ACOX2	440	346	336	402	413	392	542
ENSG00000168309	FAM107A	9	5	6	2	6	0	10
ENSG00000168310	IRF2	1144	878	837	914	954	1006	1474
ENSG00000168314	MOBP	0	0	0	0	0	2	0
ENSG00000168329	CX3CR1	0	0	0	0	0	1	0
ENSG00000168334	XIRP1	0	2	0	0	0	0	0
ENSG00000168348	INSM2	2	0	1	0	0	0	0
ENSG00000168350	DEGS2	19	12	9	18	6	12	13
ENSG00000168356	SCN11A	23	28	22	15	26	28	44
ENSG00000168374	ARF4	7010	5188	5085	5746	5893	6049	8516
ENSG00000168385	SEPTIN2	22471	17556	17087	17964	19316	20671	28637
ENSG00000168386	FILIP1L	3900	2937	3204	2981	3084	3765	5319
ENSG00000168389	MFSD2A	7	5	5	2	1	0	5
ENSG00000168393	DTYMK	2243	1839	1628	1813	2112	1911	2483
ENSG00000168394	TAP1	1574	1245	1036	1251	1340	1468	2019
ENSG00000168395	ING5	3392	2875	2580	2751	3051	3012	4238
ENSG00000168397	ATG4B	1997	1640	1494	1742	1869	1746	2440
ENSG00000168398	BDKRB2	1	0	0	0	0	0	5
ENSG00000168404	MLKL	559	422	430	453	432	485	724
ENSG00000168411	RFWD3	3332	2457	2464	2761	2939	3168	4431
ENSG00000168412	MTNR1A	15	7	3	12	15	17	17
ENSG00000168418	KCNG4	5	0	1	1	3	2	3
ENSG00000168421	RHOH	4	4	3	6	7	5	3
ENSG00000168427	KLHL30	18	9	5	6	11	8	11
ENSG00000168434	COG7	1119	836	801	808	947	951	1382
ENSG00000168438	CDC40	1178	856	894	934	986	1090	1539
ENSG00000168439	STIP1	11126	8845	8160	8930	9993	10115	14025
ENSG00000168453	HR	129	132	88	98	109	135	155
ENSG00000168454	TXNDC2	0	0	0	1	0	1	1
ENSG00000168461	RAB31	229	168	218	198	204	214	283
ENSG00000168476	REEP4	1648	1362	1209	1332	1411	1441	1984
ENSG00000168477	TNXB	69	74	65	71	66	67	97
ENSG00000168481	LGI3	3	0	2	4	2	1	0
ENSG00000168487	BMP1	431	390	353	359	390	410	634
ENSG00000168488	ATXN2L	11634	9288	8627	9138	10802	11336	16306
ENSG00000168490	PHYHIP	31	19	26	24	23	18	27
ENSG00000168491	CCDC110	1	0	0	1	1	0	3
ENSG00000168495	POLR3D	1775	1442	1368	1452	1582	1733	2440
ENSG00000168496	FEN1	2943	2454	2221	2400	2642	2694	3640
ENSG00000168497	CAVIN2	2743	1988	2029	1948	2090	2355	3387
ENSG00000168502	MTCL1	698	529	566	576	651	695	940
ENSG00000168505	GBX2	4	0	0	2	1	3	4
ENSG00000168509	HJV	5	1	0	1	2	1	5
ENSG00000168517	HEXIM2	837	700	642	718	816	759	1065
ENSG00000168522	FNTA	1349	1137	1023	1067	1270	1209	1813
ENSG00000168528	SERINC2	1339	1125	1065	1034	1092	1138	1725
ENSG00000168538	TRAPPC11	1077	768	734	796	846	967	1410
ENSG00000168542	COL3A1	0	0	0	1	2	0	3
ENSG00000168556	ING2	297	217	254	282	239	261	343
ENSG00000168564	CDKN2AIP	783	585	578	612	684	680	1033
ENSG00000168566	SNRNP48	2566	1823	1997	2067	2115	2358	3320
ENSG00000168569	TMEM223	541	482	411	416	459	517	701
ENSG00000168575	SLC20A2	2007	1432	1541	1514	1571	1695	2367
ENSG00000168591	TMUB2	1273	1094	1084	1012	1182	1176	1633
ENSG00000168610	STAT3	6907	5036	5210	5699	6187	6585	9332
ENSG00000168612	ZSWIM1	705	589	611	626	663	649	989
ENSG00000168615	ADAM9	7979	5279	6110	6159	6765	7582	10318
ENSG00000168621	GDNF	159	178	164	160	162	171	243
ENSG00000168631	MUCL3	0	0	0	0	1	0	1
ENSG00000168646	AXIN2	5223	3965	4029	3895	4193	4683	6428
ENSG00000168653	NDUFS5	3169	2711	2155	2624	2798	2827	3725
ENSG00000168661	ZNF30	155	106	103	106	128	134	178
ENSG00000168671	UGT3A2	0	0	0	0	0	1	0
ENSG00000168672	LRATD2	70	43	54	70	59	80	84
ENSG00000168675	LDLRAD4	45	83	64	74	82	97	55
ENSG00000168676	KCTD19	0	0	0	2	1	0	3
ENSG00000168679	SLC16A4	103	93	79	85	96	107	145
ENSG00000168685	IL7R	1	0	0	2	0	0	0
ENSG00000168701	TMEM208	833	726	621	769	750	711	973
ENSG00000168702	LRP1B	0	2	1	0	0	0	0
ENSG00000168710	AHCYL1	4616	3446	3642	3691	3952	4093	5682
ENSG00000168724	DNAJC21	1439	1144	1189	1242	1274	1528	1913
ENSG00000168734	PKIG	978	786	734	810	842	948	1226
ENSG00000168743	NPNT	377	257	265	273	270	296	458
ENSG00000168748	CA7	0	4	0	1	0	0	0
ENSG00000168758	SEMA4C	1715	1426	1376	1442	1649	1688	2190
ENSG00000168763	CNNM3	3503	2857	2723	2887	3032	3156	4513
ENSG00000168765	GSTM4	768	659	623	619	663	666	954
ENSG00000168769	TET2	410	172	273	285	216	388	533
ENSG00000168772	CXXC4	0	0	2	1	1	1	5
ENSG00000168778	TCTN2	443	371	325	333	363	424	581
ENSG00000168779	SHOX2	6	5	6	0	12	9	3
ENSG00000168781	PPIP5K1	545	458	407	402	460	494	763
ENSG00000168785	TSPAN5	28	24	25	31	26	26	45
ENSG00000168792	ABHD15	402	309	343	314	339	381	480
ENSG00000168795	ZBTB5	846	664	664	627	679	792	1152
ENSG00000168802	CHTF8	1700	1260	1161	1320	1541	1539	2063
ENSG00000168803	ADAL	500	371	410	446	431	494	724
ENSG00000168806	LCMT2	320	236	244	277	300	285	411
ENSG00000168807	SNTB2	1562	1227	1314	1219	1386	1460	2023
ENSG00000168811	IL12A	30	17	17	6	21	6	18
ENSG00000168813	ZNF507	1188	843	792	917	928	1140	1525
ENSG00000168818	STX18	1190	924	796	958	956	1079	1382
ENSG00000168824	NSG1	6	5	10	3	1	8	10
ENSG00000168826	ZBTB49	106	59	84	90	85	99	150
ENSG00000168827	GFM1	1740	1220	1285	1389	1414	1637	2467
ENSG00000168843	FSTL5	1	5	2	1	1	1	0
ENSG00000168872	DDX19A	3648	2614	2591	2850	2984	3227	4415
ENSG00000168874	ATOH8	43	36	29	20	47	43	76
ENSG00000168876	ANKRD49	326	216	255	247	263	284	451
ENSG00000168878	SFTPB	6	5	2	1	5	0	7
ENSG00000168883	USP39	3277	2440	2356	2625	2843	2865	3894
ENSG00000168884	TNIP2	1349	1117	1068	1073	1256	1178	1545
ENSG00000168887	C2orf68	1443	1355	1110	1103	1286	1530	1933
ENSG00000168890	TMEM150A	991	812	753	853	950	939	1343
ENSG00000168894	RNF181	1290	1077	914	1105	1114	1114	1507
ENSG00000168899	VAMP5	356	321	254	265	325	272	375
ENSG00000168904	LRRC28	268	222	229	212	169	223	307
ENSG00000168906	MAT2A	10059	8213	7622	7939	8765	9443	13610
ENSG00000168907	PLA2G4F	1	1	3	2	2	0	1
ENSG00000168913	ENHO	12	5	4	3	3	9	9
ENSG00000168916	ZNF608	81	55	74	66	59	62	113
ENSG00000168917	SLC35G2	183	145	122	168	134	183	238
ENSG00000168918	INPP5D	2076	1656	1536	1585	1692	1893	2750
ENSG00000168924	LETM1	3311	2594	2536	2437	2976	2836	3995
ENSG00000168925	CTRB1	1	0	0	1	1	1	1
ENSG00000168928	CTRB2	0	2	2	0	0	0	1
ENSG00000168936	TMEM129	1109	933	921	976	1077	1100	1471
ENSG00000168938	PPIC	907	687	647	732	731	722	1038
ENSG00000168939	SPRY3	14	6	13	15	8	11	13
ENSG00000168944	CEP120	708	454	507	517	518	698	1093
ENSG00000168952	STXBP6	868	660	646	772	761	831	1101
ENSG00000168955	TM4SF20	1	2	0	3	1	2	3
ENSG00000168958	MFF	2649	2106	1956	2115	2292	2426	3374
ENSG00000168959	GRM5	0	0	0	0	0	0	1
ENSG00000168961	LGALS9	7	4	3	2	4	1	8
ENSG00000168970	JMJD7-PLA2G4B	36	20	54	51	13	13	172
ENSG00000168993	CPLX1	65	51	33	65	74	76	91
ENSG00000168994	PXDC1	2196	1575	1495	1696	1830	1883	2598
ENSG00000169006	NTSR2	0	0	0	0	2	0	0
ENSG00000169016	E2F6	883	826	816	881	1040	964	1376
ENSG00000169018	FEM1B	1590	1111	1156	1105	1204	1438	2142
ENSG00000169019	COMMD8	478	352	334	350	372	376	514
ENSG00000169020	ATP5ME	1205	975	783	897	987	1057	1343
ENSG00000169021	UQCRFS1	2741	2176	2091	2258	2393	2329	3459
ENSG00000169026	SLC49A3	5	8	2	5	4	7	11
ENSG00000169031	COL4A3	1	1	2	0	1	0	2
ENSG00000169032	MAP2K1	1678	1429	1371	1651	1536	1722	2348
ENSG00000169035	KLK7	1	1	0	0	1	0	1
ENSG00000169045	HNRNPH1	14422	10918	11107	12462	12986	13796	18875
ENSG00000169047	IRS1	1976	1436	1527	1496	1690	1844	2777
ENSG00000169057	MECP2	1355	1089	1118	1080	1185	1354	1920
ENSG00000169059	VCX3A	0	0	1	0	0	0	2
ENSG00000169062	UPF3A	2317	1737	1909	1918	1994	1895	2923
ENSG00000169084	DHRSX	686	541	502	580	611	614	897
ENSG00000169085	VXN	0	2	0	1	0	0	0
ENSG00000169087	HSPBAP1	121	96	84	80	103	91	164
ENSG00000169093	ASMTL	645	578	555	533	599	601	811
ENSG00000169100	SLC25A6	21449	18210	16107	18670	20173	19859	27307
ENSG00000169105	CHST14	1011	764	758	804	841	885	1236
ENSG00000169116	PARM1	2	0	0	0	0	0	0
ENSG00000169118	CSNK1G1	866	600	641	595	774	837	1121
ENSG00000169122	FAM110B	214	145	142	167	166	159	245
ENSG00000169131	ZNF354A	156	140	114	90	105	133	207
ENSG00000169136	ATF5	1180	998	972	1114	1138	1196	1656
ENSG00000169139	UBE2V2	1296	1038	960	1060	1130	1314	1718
ENSG00000169154	GOT1L1	0	1	0	0	0	0	0
ENSG00000169155	ZBTB43	554	411	399	425	440	518	770
ENSG00000169174	PCSK9	5426	4390	4260	3919	4545	4603	6410
ENSG00000169180	XPO6	6110	4351	4602	4742	5273	5396	7945
ENSG00000169184	MN1	2	1	2	0	0	4	0
ENSG00000169188	APEX2	998	776	802	788	937	842	1261
ENSG00000169189	NSMCE1	895	727	704	741	764	880	1050
ENSG00000169193	CCDC126	158	122	93	131	147	147	188
ENSG00000169194	IL13	2	0	0	0	0	0	0
ENSG00000169203	NPIPB12	574	495	395	348	444	471	787
ENSG00000169213	RAB3B	617	435	455	441	610	642	875
ENSG00000169217	CD2BP2	2693	2122	2106	2233	2473	2427	3403
ENSG00000169218	RSPO1	0	2	0	0	0	1	0
ENSG00000169220	RGS14	99	107	104	134	96	123	206
ENSG00000169221	TBC1D10B	2738	2095	2132	2346	2405	2628	3472
ENSG00000169223	LMAN2	5885	4674	4799	4902	5344	5205	7089
ENSG00000169228	RAB24	480	390	355	388	380	401	554
ENSG00000169230	PRELID1	7640	6471	5642	6545	7051	6557	8822
ENSG00000169231	THBS3	61	44	53	46	62	60	86
ENSG00000169239	CA5B	98	112	84	91	102	125	153
ENSG00000169241	SLC50A1	407	308	315	456	471	502	641
ENSG00000169242	EFNA1	3077	2660	2269	2385	2618	2708	3774
ENSG00000169246	NPIPB3	2117	2055	1479	1603	1881	1936	2942
ENSG00000169247	SH3TC2	21	13	7	3	12	1	5
ENSG00000169248	CXCL11	0	0	1	0	0	0	1
ENSG00000169249	ZRSR2	216	191	172	195	201	225	301
ENSG00000169251	NMD3	2330	1749	1703	1905	1968	2328	3033
ENSG00000169252	ADRB2	1	0	1	0	0	0	0
ENSG00000169255	B3GALNT1	0	0	1	0	0	0	0
ENSG00000169258	GPRIN1	314	218	203	215	259	269	381
ENSG00000169282	KCNAB1	24	15	10	12	15	18	41
ENSG00000169288	MRPL1	1191	943	884	974	1081	1082	1436
ENSG00000169291	SHE	11	8	8	14	6	7	7
ENSG00000169299	PGM2	1173	873	921	895	1035	1019	1626
ENSG00000169306	IL1RAPL1	0	0	0	0	1	0	0
ENSG00000169327	OR5AU1	13	14	10	9	14	14	24
ENSG00000169330	MINAR1	5	6	5	0	8	6	3
ENSG00000169344	UMOD	0	0	0	0	1	0	0
ENSG00000169347	GP2	4	8	1	3	8	7	5
ENSG00000169359	SLC33A1	892	604	692	690	683	748	1124
ENSG00000169371	SNUPN	355	285	276	331	358	368	436
ENSG00000169372	CRADD	251	222	204	219	231	235	331
ENSG00000169375	SIN3A	2230	1502	1660	1757	1924	2195	3190
ENSG00000169379	ARL13B	480	286	235	346	348	441	508
ENSG00000169385	RNASE2	2	3	0	4	0	2	4
ENSG00000169398	PTK2	2875	2322	2369	2292	2578	2738	3914
ENSG00000169403	PTAFR	55	38	47	45	54	59	59
ENSG00000169410	PTPN9	1112	861	841	977	1021	1055	1482
ENSG00000169418	NPR1	2	6	0	1	1	3	0
ENSG00000169427	KCNK9	0	0	0	0	0	1	0
ENSG00000169429	CXCL8	83	67	60	68	74	72	108
ENSG00000169432	SCN9A	1274	962	1009	950	1011	1222	1785
ENSG00000169435	RASSF6	6	4	6	8	10	5	10
ENSG00000169439	SDC2	9161	6887	7004	7230	7597	8043	11100
ENSG00000169442	CD52	1	1	1	3	1	2	5
ENSG00000169446	MMGT1	932	603	690	694	802	751	1286
ENSG00000169490	TM2D2	1248	1039	923	1049	1079	1107	1488
ENSG00000169495	HTRA4	1	2	0	0	0	2	2
ENSG00000169499	PLEKHA2	493	386	406	361	367	471	643
ENSG00000169504	CLIC4	6327	4608	4729	5388	5459	5998	8873
ENSG00000169507	SLC38A11	356	306	290	282	322	371	508
ENSG00000169508	GPR183	0	2	0	0	1	0	2
ENSG00000169515	CCDC8	2	2	1	3	10	10	6
ENSG00000169519	METTL15	566	486	419	508	491	551	772
ENSG00000169548	ZNF280A	85	73	59	100	88	91	123
ENSG00000169550	MUC15	195	145	123	128	134	157	247
ENSG00000169551	CT55	1	1	5	1	1	1	0
ENSG00000169554	ZEB2	1	3	3	3	3	3	2
ENSG00000169562	GJB1	3344	2802	2627	2939	3102	2931	4083
ENSG00000169564	PCBP1	19128	15553	14195	16276	17521	17746	24181
ENSG00000169567	HINT1	4785	4082	3268	4015	4270	4230	5690
ENSG00000169570	DTWD2	430	322	305	313	294	384	544
ENSG00000169583	CLIC3	52	35	41	32	40	32	29
ENSG00000169592	INO80E	1583	1279	1155	1367	1331	1380	1862
ENSG00000169598	DFFB	289	260	193	253	215	237	363
ENSG00000169599	NFU1	1027	901	728	914	1001	997	1295
ENSG00000169604	ANTXR1	1467	1018	1134	1097	1146	1340	2004
ENSG00000169607	CKAP2L	838	589	604	649	661	784	1099
ENSG00000169609	C15orf40	963	820	697	693	814	834	1205
ENSG00000169612	RAMAC	946	777	722	862	854	890	1196
ENSG00000169618	PROKR1	0	0	0	0	0	0	1
ENSG00000169621	APLF	60	35	35	58	44	52	88
ENSG00000169627	BOLA2B	350	281	293	297	285	336	510
ENSG00000169629	RGPD8	850	669	556	628	661	786	1277
ENSG00000169635	HIC2	1791	1458	1334	1368	1660	1782	2352
ENSG00000169641	LUZP1	1479	1105	1139	1189	1394	1460	2235
ENSG00000169660	HEXD	637	520	510	535	525	603	867
ENSG00000169676	DRD5	2	2	0	0	0	0	0
ENSG00000169679	BUB1	3308	2436	2413	2455	2599	2840	4161
ENSG00000169682	SPNS1	3629	2783	2781	2912	3213	3101	4419
ENSG00000169683	LRRC45	1767	1406	1279	1252	1475	1417	2014
ENSG00000169684	CHRNA5	265	220	204	236	211	234	339
ENSG00000169688	MT1B	1	0	1	0	1	0	0
ENSG00000169689	CENPX	1309	1223	995	1075	1296	1166	1498
ENSG00000169692	AGPAT2	376	352	271	309	331	368	503
ENSG00000169696	ASPSCR1	7145	6303	5746	6255	6531	6573	9054
ENSG00000169710	FASN	58627	43154	44779	39731	48148	50845	71998
ENSG00000169714	CNBP	9047	7113	6747	7499	7873	8094	11613
ENSG00000169715	MT1E	2780	2452	1994	2183	2286	2283	3208
ENSG00000169718	DUS1L	4836	3938	3523	3911	4086	4174	5646
ENSG00000169727	GPS1	5407	4402	4141	4287	4882	4722	6555
ENSG00000169733	RFNG	1864	1550	1344	1607	1634	1464	2046
ENSG00000169738	DCXR	2697	2225	2018	2364	2531	2405	3068
ENSG00000169740	ZNF32	215	209	153	177	219	220	303
ENSG00000169750	RAC3	302	212	208	221	230	246	350
ENSG00000169752	NRG4	30	41	21	21	31	48	38
ENSG00000169756	LIMS1	3999	2946	3098	3285	3363	3751	5223
ENSG00000169758	TMEM266	0	0	0	0	0	0	2
ENSG00000169760	NLGN1	0	0	0	0	1	0	0
ENSG00000169762	TAPT1	673	496	439	579	585	626	902
ENSG00000169764	UGP2	3941	2848	2738	3100	3179	3457	4805
ENSG00000169777	TAS2R1	0	1	0	0	0	0	0
ENSG00000169783	LINGO1	10	6	7	7	11	6	9
ENSG00000169813	HNRNPF	10838	8766	8216	9318	9801	10697	14236
ENSG00000169814	BTD	790	585	574	576	667	680	926
ENSG00000169826	CSGALNACT2	807	556	592	649	710	767	1110
ENSG00000169840	GSX1	0	0	0	0	0	0	1
ENSG00000169851	PCDH7	0	0	0	0	0	0	1
ENSG00000169855	ROBO1	5628	4094	4360	4106	4643	5508	8041
ENSG00000169856	ONECUT1	629	460	490	391	478	582	854
ENSG00000169857	AVEN	367	298	341	321	347	372	454
ENSG00000169862	CTNND2	1	0	0	0	0	2	1
ENSG00000169871	TRIM56	2346	1936	1814	1948	2137	2326	3104
ENSG00000169884	WNT10B	8	12	13	3	10	8	24
ENSG00000169885	CALML6	3	1	0	0	0	0	1
ENSG00000169891	REPS2	20	15	17	14	25	30	33
ENSG00000169894	MUC3A	7	5	10	3	5	3	0
ENSG00000169895	SYAP1	2302	1787	1764	1807	1944	2059	2894
ENSG00000169896	ITGAM	0	0	1	0	3	0	1
ENSG00000169902	TPST1	762	585	583	601	639	686	909
ENSG00000169903	TM4SF4	9	11	9	9	9	4	9
ENSG00000169905	TOR1AIP2	2569	2156	2022	2043	2208	2424	3408
ENSG00000169908	TM4SF1	15105	11971	11446	12077	12337	13226	18219
ENSG00000169914	OTUD3	935	772	721	656	824	925	1342
ENSG00000169918	OTUD7A	6	9	7	4	9	4	4
ENSG00000169919	GUSB	1369	1090	987	1088	1213	1219	1636
ENSG00000169925	BRD3	3052	2275	2366	2396	2678	2763	3940
ENSG00000169926	KLF13	1895	1375	1476	1415	1673	1877	2515
ENSG00000169946	ZFPM2	0	0	1	0	0	0	0
ENSG00000169951	ZNF764	452	385	353	342	405	407	576
ENSG00000169955	ZNF747	589	459	456	512	551	560	799
ENSG00000169957	ZNF768	2238	1870	1732	1820	2052	2107	2961
ENSG00000169962	TAS1R3	27	11	16	15	21	22	27
ENSG00000169964	TMEM42	113	66	74	77	99	80	109
ENSG00000169967	MAP3K2	2557	1849	1872	1937	2113	2392	3509
ENSG00000169972	PUSL1	481	387	339	427	440	386	578
ENSG00000169976	SF3B5	3601	3122	2582	3035	3267	3153	4438
ENSG00000169981	ZNF35	3	5	0	8	5	3	5
ENSG00000169989	TIGD4	20	12	6	13	17	17	19
ENSG00000169991	IFFO2	1633	1209	1213	1186	1458	1445	1985
ENSG00000169992	NLGN2	963	884	790	756	867	987	1322
ENSG00000169994	MYO7B	0	3	0	0	0	0	0
ENSG00000170004	CHD3	234	183	196	194	231	251	323
ENSG00000170006	TMEM154	14	18	9	9	11	10	10
ENSG00000170011	MYRIP	40	28	26	27	22	16	40
ENSG00000170017	ALCAM	2154	1581	1668	1572	1725	1932	2795
ENSG00000170027	YWHAG	8463	6504	6641	6787	7444	8247	11383
ENSG00000170035	UBE2E3	2696	2015	2090	2314	2282	2391	3400
ENSG00000170037	CNTROB	1047	754	725	777	941	934	1241
ENSG00000170043	TRAPPC1	1788	1395	1266	1551	1602	1529	1948
ENSG00000170044	ZPLD1	0	0	0	0	0	0	1
ENSG00000170049	KCNAB3	26	20	14	24	29	18	23
ENSG00000170054	SERPINA9	4	4	0	0	3	0	4
ENSG00000170074	FAM153A	0	0	0	0	0	1	0
ENSG00000170075	GPR37L1	7	3	3	8	2	4	9
ENSG00000170085	SIMC1	342	288	255	268	314	296	456
ENSG00000170088	TMEM192	1082	830	810	954	934	1078	1487
ENSG00000170091	NSG2	0	5	0	1	0	0	5
ENSG00000170092	SPDYE5	12	13	6	10	9	11	20
ENSG00000170099	SERPINA6	3636	2794	2726	2613	2842	2952	4201
ENSG00000170100	ZNF778	508	410	403	384	366	491	637
ENSG00000170113	NIPA1	1529	1235	1233	1164	1340	1423	1981
ENSG00000170122	FOXD4	14	8	3	8	13	7	16
ENSG00000170128	GPR25	0	0	0	0	0	0	2
ENSG00000170142	UBE2E1	1537	1211	984	1294	1355	1509	2105
ENSG00000170144	HNRNPA3	34199	27177	26378	26915	29006	31221	42281
ENSG00000170145	SIK2	1819	1443	1483	1412	1537	1757	2551
ENSG00000170153	RNF150	3	3	3	3	2	9	9
ENSG00000170160	CCDC144A	4	15	8	13	12	8	31
ENSG00000170166	HOXD4	12	7	7	12	10	11	18
ENSG00000170175	CHRNB1	560	484	432	437	463	508	698
ENSG00000170185	USP38	379	283	290	247	298	351	529
ENSG00000170190	SLC16A5	123	121	93	102	105	122	181
ENSG00000170191	NANP	1133	914	839	984	985	1001	1415
ENSG00000170209	ANKK1	1	0	0	1	2	1	1
ENSG00000170214	ADRA1B	0	0	0	0	0	1	0
ENSG00000170222	ADPRM	74	66	58	64	75	54	102
ENSG00000170234	PWWP2A	687	475	508	599	547	624	982
ENSG00000170242	USP47	1790	1267	1425	1383	1439	1707	2421
ENSG00000170248	PDCD6IP	3542	2531	2693	2772	2967	3248	4874
ENSG00000170260	ZNF212	424	324	335	376	391	461	542
ENSG00000170262	MRAP	6	1	6	7	4	0	6
ENSG00000170264	FAM161A	235	222	229	199	170	243	353
ENSG00000170265	ZNF282	1992	1534	1488	1654	1902	1975	2536
ENSG00000170266	GLB1	2667	2048	2047	2102	2304	2338	3473
ENSG00000170270	GON7	492	369	361	426	423	377	518
ENSG00000170271	FAXDC2	680	469	588	477	518	570	818
ENSG00000170275	CRTAP	2743	2170	2172	2282	2348	2370	3601
ENSG00000170276	HSPB2	2	1	5	6	3	3	2
ENSG00000170289	CNGB3	0	0	0	2	1	0	1
ENSG00000170290	SLN	0	0	0	0	0	1	0
ENSG00000170291	ELP5	1919	1606	1386	1511	1780	1774	2383
ENSG00000170293	CMTM8	525	407	419	455	513	506	690
ENSG00000170296	GABARAP	3457	2722	2495	2860	2844	2988	4239
ENSG00000170310	STX8	370	289	246	337	300	322	452
ENSG00000170312	CDK1	2258	1662	1601	1851	1882	1902	2718
ENSG00000170315	UBB	24086	20260	17661	21040	22430	21815	28530
ENSG00000170322	NFRKB	1897	1307	1348	1406	1456	1688	2391
ENSG00000170324	FRMPD2	15	20	10	18	15	13	20
ENSG00000170325	PRDM10	595	448	454	435	508	541	801
ENSG00000170340	B3GNT2	1263	962	1041	1017	1142	1175	1738
ENSG00000170345	FOS	141	129	101	117	133	107	171
ENSG00000170348	TMED10	7278	5214	5447	5760	5999	6273	8882
ENSG00000170364	SETMAR	160	118	150	140	200	182	253
ENSG00000170365	SMAD1	591	434	457	586	567	586	820
ENSG00000170367	CST5	0	0	1	0	0	0	0
ENSG00000170370	EMX2	0	0	0	0	0	0	1
ENSG00000170373	CST1	2	2	0	0	0	0	0
ENSG00000170374	SP7	0	0	0	1	1	0	0
ENSG00000170379	TCAF2	38	32	30	14	24	40	31
ENSG00000170381	SEMA3E	10	26	17	20	25	13	25
ENSG00000170382	LRRN2	2	1	2	1	2	1	2
ENSG00000170385	SLC30A1	3433	2413	2670	2766	2943	3196	4640
ENSG00000170390	DCLK2	0	1	0	0	0	0	1
ENSG00000170396	ZNF804A	28	11	15	22	24	22	41
ENSG00000170412	GPRC5C	4021	3190	3019	3186	3407	3613	4871
ENSG00000170417	TMEM182	259	214	161	223	219	202	287
ENSG00000170421	KRT8	52911	42101	38861	42835	45207	45354	61816
ENSG00000170425	ADORA2B	384	329	284	336	382	390	545
ENSG00000170430	MGMT	467	440	384	382	417	442	554
ENSG00000170439	METTL7B	448	328	308	365	386	374	569
ENSG00000170445	HARS1	2113	1746	1565	1740	1874	1948	2556
ENSG00000170448	NFXL1	903	646	730	745	736	823	1362
ENSG00000170456	DENND5B	1463	1077	1162	1154	1218	1445	2083
ENSG00000170458	CD14	62	52	41	63	62	65	103
ENSG00000170464	DNAJC18	211	145	135	171	190	155	252
ENSG00000170465	KRT6C	0	0	1	0	0	0	1
ENSG00000170468	RIOX1	645	547	512	574	620	664	892
ENSG00000170469	SPATA24	92	88	81	88	97	99	117
ENSG00000170471	RALGAPB	3296	2371	2518	2404	2715	3200	4462
ENSG00000170473	PYM1	1353	1137	912	1048	1129	1145	1662
ENSG00000170482	SLC23A1	271	239	213	230	238	238	329
ENSG00000170485	NPAS2	2654	2035	1963	1902	2196	2300	3469
ENSG00000170498	KISS1	3	5	9	5	4	5	8
ENSG00000170500	LONRF2	7	3	4	9	9	2	11
ENSG00000170502	NUDT9	859	701	600	695	771	812	1080
ENSG00000170509	HSD17B13	19	15	8	15	19	19	30
ENSG00000170515	PA2G4	9858	7501	7410	8394	8535	8930	12308
ENSG00000170522	ELOVL6	1426	1274	1070	1081	1216	1307	1894
ENSG00000170523	KRT83	0	0	0	0	0	0	1
ENSG00000170525	PFKFB3	601	422	450	395	418	530	756
ENSG00000170537	TMC7	453	314	325	339	388	442	601
ENSG00000170540	ARL6IP1	13560	10291	10256	10996	11461	11761	16260
ENSG00000170542	SERPINB9	805	560	599	497	565	643	949
ENSG00000170545	SMAGP	284	216	199	238	248	248	388
ENSG00000170558	CDH2	4184	3109	3307	3209	3323	3811	5389
ENSG00000170571	EMB	2	0	1	1	1	0	2
ENSG00000170579	DLGAP1	1	1	1	0	1	2	3
ENSG00000170581	STAT2	1046	749	904	772	893	896	1476
ENSG00000170584	NUDCD2	1064	879	743	903	928	977	1327
ENSG00000170604	IRF2BP1	1295	1203	1109	1139	1302	1293	1698
ENSG00000170606	HSPA4	9535	7152	7241	7377	7900	8584	11967
ENSG00000170608	FOXA3	1299	1003	940	1114	1241	1210	1673
ENSG00000170615	SLC26A5	1	0	1	2	0	0	4
ENSG00000170619	COMMD5	959	779	685	833	898	873	1176
ENSG00000170624	SGCD	0	0	0	1	0	0	0
ENSG00000170631	ZNF16	206	120	152	178	169	146	249
ENSG00000170632	ARMC10	786	646	599	610	688	721	959
ENSG00000170633	RNF34	1739	1332	1268	1319	1478	1516	1989
ENSG00000170634	ACYP2	239	182	137	159	215	191	283
ENSG00000170638	TRABD	1646	1498	1379	1449	1610	1594	2189
ENSG00000170653	ATF7	1351	990	962	996	1134	1235	1888
ENSG00000170667	RASA4B	22	19	19	9	25	23	31
ENSG00000170677	SOCS6	1844	1253	1346	1402	1386	1583	2321
ENSG00000170681	CAVIN4	34	48	25	31	31	40	52
ENSG00000170683	OR10A3	2	5	2	1	5	1	2
ENSG00000170684	ZNF296	168	162	156	172	175	186	263
ENSG00000170689	HOXB9	1	0	0	0	0	0	0
ENSG00000170703	TTLL6	1	1	7	0	3	0	8
ENSG00000170734	POLH	1147	918	845	898	949	968	1473
ENSG00000170745	KCNS3	1	1	2	0	3	1	0
ENSG00000170759	KIF5B	12015	8651	9642	9775	10003	11394	16613
ENSG00000170775	GPR37	1	3	1	0	0	0	0
ENSG00000170776	AKAP13	1420	1159	1079	1066	1135	1304	1946
ENSG00000170779	CDCA4	1487	1184	1095	1344	1398	1325	1877
ENSG00000170786	SDR16C5	0	0	0	0	0	0	1
ENSG00000170788	DYDC1	1	0	0	0	0	0	0
ENSG00000170790	OR10A2	33	29	20	23	39	38	58
ENSG00000170791	CHCHD7	774	644	561	621	658	681	930
ENSG00000170801	HTRA3	6	2	2	0	3	0	4
ENSG00000170802	FOXN2	1658	1349	1336	1285	1414	1511	2102
ENSG00000170807	LMOD2	1	1	0	0	1	0	1
ENSG00000170832	USP32	2079	1624	1595	1667	1818	2028	2937
ENSG00000170835	CEL	155	123	88	115	126	108	164
ENSG00000170836	PPM1D	797	575	541	564	636	675	936
ENSG00000170837	GPR27	1	1	0	0	0	1	1
ENSG00000170846	NA	232	233	188	187	223	220	311
ENSG00000170852	KBTBD2	1244	876	880	901	964	1020	1441
ENSG00000170854	RIOX2	1384	1083	1079	1164	1202	1326	1850
ENSG00000170855	TRIAP1	1828	1484	1258	1543	1557	1528	2163
ENSG00000170860	LSM3	1440	1205	910	1180	1257	1303	1615
ENSG00000170871	KIAA0232	1562	1137	1158	1186	1248	1493	2081
ENSG00000170873	MTSS1	1973	1466	1592	1590	1742	1907	2741
ENSG00000170876	TMEM43	3233	2498	2516	2617	2816	2945	4194
ENSG00000170881	RNF139	1238	914	916	986	989	1017	1498
ENSG00000170889	RPS9	23532	20825	17120	22314	22703	22063	26378
ENSG00000170890	PLA2G1B	3	1	3	2	3	2	6
ENSG00000170892	TSEN34	1824	1401	1349	1398	1554	1471	2069
ENSG00000170899	GSTA4	666	518	407	499	517	546	734
ENSG00000170903	MSANTD4	617	451	453	515	544	579	836
ENSG00000170906	NDUFA3	121	90	66	64	70	69	102
ENSG00000170909	OSCAR	47	41	29	26	39	20	38
ENSG00000170915	PAQR8	4364	3300	3287	3185	3262	3749	5131
ENSG00000170917	NUDT6	100	106	74	104	99	110	135
ENSG00000170921	TANC2	18	9	16	15	12	14	27
ENSG00000170923	OR7G2	10	3	12	6	11	7	15
ENSG00000170927	PKHD1	2	1	1	3	3	4	0
ENSG00000170946	DNAJC24	366	286	252	314	274	323	443
ENSG00000170948	MBD3L1	0	1	0	0	0	1	0
ENSG00000170949	ZNF160	391	268	290	247	295	348	489
ENSG00000170954	ZNF415	0	1	1	1	1	1	0
ENSG00000170955	CAVIN3	3	0	0	0	1	0	0
ENSG00000170959	DCDC1	0	5	12	3	3	7	0
ENSG00000170962	PDGFD	18	18	12	22	16	13	26
ENSG00000170965	PLAC1	4	0	1	5	3	1	0
ENSG00000170989	S1PR1	0	0	0	2	0	0	0
ENSG00000171004	HS6ST2	3	0	1	0	0	1	1
ENSG00000171016	PYGO1	56	37	31	29	45	57	77
ENSG00000171017	LRRC8E	414	333	339	397	422	393	560
ENSG00000171033	PKIA	1	0	0	0	2	1	0
ENSG00000171044	XKR6	0	0	0	0	0	0	1
ENSG00000171045	TSNARE1	217	199	212	191	214	233	319
ENSG00000171049	FPR2	0	0	0	0	0	0	1
ENSG00000171051	FPR1	0	0	1	0	2	1	2
ENSG00000171055	FEZ2	1287	1016	999	1005	1142	1253	1716
ENSG00000171056	SOX7	21	21	18	17	27	16	29
ENSG00000171060	C8orf74	0	0	0	0	0	0	1
ENSG00000171067	C11orf24	2075	1584	1671	1507	1722	1738	2560
ENSG00000171097	KYAT1	171	174	183	150	191	122	205
ENSG00000171100	MTM1	957	686	696	852	832	786	1160
ENSG00000171103	TRMT61B	678	500	549	520	616	653	894
ENSG00000171105	INSR	2381	1853	1881	1704	2084	2209	3267
ENSG00000171109	MFN1	2603	2166	2043	2026	2266	2419	3519
ENSG00000171116	HSFX1	0	2	4	6	3	0	6
ENSG00000171119	NRTN	128	128	116	118	123	118	172
ENSG00000171121	KCNMB3	96	70	60	76	87	112	148
ENSG00000171124	FUT3	29	24	15	22	15	13	29
ENSG00000171126	KCNG3	144	104	115	129	135	143	200
ENSG00000171130	ATP6V0E2	6035	4774	4587	4901	5233	5268	7306
ENSG00000171132	PRKCE	167	142	110	123	148	153	218
ENSG00000171135	JAGN1	1458	1163	1107	1216	1347	1283	1766
ENSG00000171148	TADA3	2736	2031	2003	2218	2342	2323	3275
ENSG00000171150	SOCS5	1151	778	822	910	891	1006	1465
ENSG00000171155	C1GALT1C1	726	599	564	524	591	653	936
ENSG00000171159	BBLN	478	359	361	370	451	445	628
ENSG00000171160	MORN4	180	173	160	176	185	177	241
ENSG00000171161	ZNF672	1193	974	898	896	979	1025	1400
ENSG00000171163	ZNF692	235	162	150	170	174	156	274
ENSG00000171169	NAIF1	208	191	182	195	229	197	283
ENSG00000171174	RBKS	159	157	138	99	140	156	188
ENSG00000171180	OR2M4	2	0	0	1	0	1	0
ENSG00000171189	GRIK1	2	1	1	2	1	3	8
ENSG00000171202	TMEM126A	484	418	319	374	393	430	521
ENSG00000171204	TMEM126B	635	348	382	571	554	545	783
ENSG00000171206	TRIM8	3266	2635	2763	2744	3066	3181	4254
ENSG00000171208	NETO2	650	481	536	562	552	589	898
ENSG00000171217	CLDN20	7	15	12	6	8	20	23
ENSG00000171219	CDC42BPG	372	295	281	268	332	358	455
ENSG00000171222	SCAND1	3223	2832	2404	2753	2898	2759	3917
ENSG00000171223	JUNB	570	392	385	446	518	445	668
ENSG00000171224	FAM241B	70	52	50	68	69	74	101
ENSG00000171227	TMEM37	1358	1109	973	981	988	1015	1455
ENSG00000171234	UGT2B7	957	752	793	833	854	895	1215
ENSG00000171236	LRG1	1689	1405	1334	1472	1618	1618	2305
ENSG00000171241	SHCBP1	1748	1295	1369	1309	1347	1500	2010
ENSG00000171246	NPTX1	16	9	8	8	7	15	0
ENSG00000171262	FAM98B	1320	996	983	1153	1096	1286	1725
ENSG00000171291	ZNF439	115	91	81	85	104	92	141
ENSG00000171295	ZNF440	464	385	347	392	426	454	669
ENSG00000171298	GAA	5161	4226	4067	4394	4716	4819	6913
ENSG00000171302	CANT1	3290	2350	2393	2672	2770	2865	4087
ENSG00000171303	KCNK3	2	4	5	3	2	2	3
ENSG00000171307	ZDHHC16	1228	1099	958	988	1079	1177	1568
ENSG00000171310	CHST11	2	0	2	2	3	2	3
ENSG00000171311	EXOSC1	633	579	469	556	619	607	842
ENSG00000171314	PGAM1	19360	15634	14801	14676	15863	16253	22592
ENSG00000171316	CHD7	2070	1696	1900	1796	1664	2157	3302
ENSG00000171320	ESCO2	641	430	430	519	540	533	805
ENSG00000171345	KRT19	11097	8848	8255	9572	10174	10112	13986
ENSG00000171346	KRT15	17	24	19	23	10	10	20
ENSG00000171357	LURAP1	1	1	5	1	1	0	3
ENSG00000171360	KRT38	0	1	0	0	0	3	2
ENSG00000171365	CLCN5	2223	1509	1626	1603	1787	2024	2847
ENSG00000171368	TPPP	14	32	17	22	17	31	25
ENSG00000171385	KCND3	1	0	2	0	0	0	0
ENSG00000171388	APLN	6	2	1	2	0	3	5
ENSG00000171396	KRTAP4-4	0	0	1	0	0	0	0
ENSG00000171401	KRT13	1	0	0	3	0	0	2
ENSG00000171403	KRT9	0	0	0	0	0	0	2
ENSG00000171408	PDE7B	1	0	2	0	1	4	6
ENSG00000171421	MRPL36	934	800	667	869	883	866	1136
ENSG00000171425	ZNF581	716	621	543	692	688	715	973
ENSG00000171428	NAT1	131	88	94	105	93	125	175
ENSG00000171431	KRT20	1	3	2	4	5	0	3
ENSG00000171433	GLOD5	2	5	4	3	4	5	11
ENSG00000171435	KSR2	5	3	3	4	4	6	7
ENSG00000171443	ZNF524	229	201	199	182	197	213	303
ENSG00000171444	MCC	324	231	241	249	302	312	448
ENSG00000171448	ZBTB26	500	392	356	397	397	455	693
ENSG00000171450	CDK5R2	1	0	9	1	2	5	7
ENSG00000171451	DSEL	11	18	27	17	20	17	36
ENSG00000171453	POLR1C	1238	973	741	1023	1064	1079	1400
ENSG00000171456	ASXL1	6883	5121	5077	5097	5889	6328	8448
ENSG00000171462	DLK2	93	64	81	80	65	88	118
ENSG00000171466	ZNF562	890	667	649	659	729	852	1126
ENSG00000171467	ZNF318	2008	1495	1602	1598	1742	1997	2762
ENSG00000171469	ZNF561	1062	784	788	797	856	932	1378
ENSG00000171475	WIPF2	2953	2317	2251	2346	2682	2849	3929
ENSG00000171487	NLRP5	0	0	0	0	0	1	1
ENSG00000171488	LRRC8C	19	10	20	23	11	26	32
ENSG00000171490	RSL1D1	9843	8083	7364	8623	9158	9810	13328
ENSG00000171492	LRRC8D	2150	1634	1680	1805	1963	2184	3022
ENSG00000171497	PPID	2639	2005	1839	1992	2054	2232	3148
ENSG00000171502	COL24A1	8	0	8	11	7	3	19
ENSG00000171503	ETFDH	151	150	145	168	183	210	226
ENSG00000171517	LPAR3	1	0	1	0	0	0	0
ENSG00000171522	PTGER4	0	0	1	0	0	0	0
ENSG00000171530	TBCA	3613	3063	3254	3176	3230	3465	4544
ENSG00000171532	NEUROD2	0	0	0	0	0	1	0
ENSG00000171533	MAP6	2	2	1	6	3	2	3
ENSG00000171540	OTP	4	0	3	0	2	1	1
ENSG00000171551	ECEL1	3	2	0	1	0	2	3
ENSG00000171552	BCL2L1	15453	12344	11684	12518	13779	14398	19656
ENSG00000171557	FGG	21485	17340	16542	18731	19406	20178	28256
ENSG00000171560	FGA	24656	20054	19018	20543	21804	23131	32016
ENSG00000171561	OR2AT4	6	3	5	4	3	3	8
ENSG00000171564	FGB	4734	3897	3865	3970	4086	4515	6153
ENSG00000171566	PLRG1	1958	1467	1488	1649	1826	1917	2526
ENSG00000171574	ZNF584	98	126	97	96	121	121	146
ENSG00000171596	NMUR1	0	0	2	0	1	4	1
ENSG00000171603	CLSTN1	6394	4845	5063	4989	5601	5919	8199
ENSG00000171604	CXXC5	2565	2089	2060	2280	2416	2368	3266
ENSG00000171606	ZNF274	687	471	477	543	531	584	808
ENSG00000171608	PIK3CD	1212	866	912	846	1073	984	1502
ENSG00000171612	SLC25A33	2998	2412	2233	2565	2629	2746	3674
ENSG00000171617	ENC1	8742	6975	6582	6575	7369	8594	11830
ENSG00000171621	SPSB1	473	383	356	360	438	432	670
ENSG00000171631	P2RY6	101	73	83	58	53	61	120
ENSG00000171634	BPTF	6091	4366	4962	4459	4921	5893	8448
ENSG00000171643	S100Z	0	1	3	0	1	0	1
ENSG00000171649	ZIK1	207	195	161	180	168	212	255
ENSG00000171657	GPR82	7	5	8	9	4	0	9
ENSG00000171659	GPR34	0	3	4	2	0	0	0
ENSG00000171680	PLEKHG5	388	246	308	254	320	333	448
ENSG00000171681	ATF7IP	459	377	356	342	391	447	621
ENSG00000171695	LKAAEAR1	0	2	4	0	1	1	3
ENSG00000171700	RGS19	409	314	309	331	369	369	535
ENSG00000171703	TCEA2	511	503	430	481	486	435	652
ENSG00000171714	ANO5	1	2	0	0	3	0	0
ENSG00000171720	HDAC3	1887	1427	1356	1521	1698	1711	2387
ENSG00000171722	SPATA46	7	4	2	3	6	6	9
ENSG00000171723	GPHN	1222	837	875	958	1000	1194	1647
ENSG00000171724	VAT1L	0	1	1	0	0	0	1
ENSG00000171729	TMEM51	884	740	625	730	733	831	1082
ENSG00000171735	CAMTA1	754	722	569	605	674	665	860
ENSG00000171747	LGALS4	2	1	2	1	0	1	0
ENSG00000171757	LRRC34	1	0	2	0	2	0	2
ENSG00000171759	PAH	7904	5987	5934	6560	6804	7333	10286
ENSG00000171763	SPATA5L1	574	438	424	476	474	492	731
ENSG00000171766	GATM	51	32	38	28	33	39	71
ENSG00000171772	SYCE1	13	20	14	7	18	24	17
ENSG00000171773	NXNL1	2	0	0	0	0	0	0
ENSG00000171786	NHLH1	10	6	8	8	2	9	8
ENSG00000171790	SLFNL1	30	37	20	16	28	21	50
ENSG00000171791	BCL2	46	46	47	48	62	50	76
ENSG00000171792	RHNO1	1091	828	794	824	893	988	1335
ENSG00000171793	CTPS1	2233	1699	1671	1800	2061	2099	2828
ENSG00000171798	KNDC1	14	17	22	33	35	29	62
ENSG00000171806	METTL18	149	110	115	127	124	138	197
ENSG00000171811	CFAP46	3	3	7	3	5	3	6
ENSG00000171812	COL8A2	12	15	14	15	9	8	15
ENSG00000171813	PWWP2B	358	300	330	329	338	338	487
ENSG00000171815	PCDHB1	31	27	14	31	30	32	32
ENSG00000171817	ZNF540	16	6	4	4	14	14	12
ENSG00000171819	ANGPTL7	3	0	0	0	1	0	1
ENSG00000171823	FBXL14	303	280	275	283	316	334	434
ENSG00000171824	EXOSC10	3204	2472	2333	2399	2614	2804	4089
ENSG00000171827	ZNF570	112	92	87	103	115	99	147
ENSG00000171840	NINJ2	28	28	13	12	23	19	22
ENSG00000171843	MLLT3	514	336	378	388	377	458	590
ENSG00000171847	FAM90A1	0	0	0	1	0	1	0
ENSG00000171848	RRM2	872	444	1612	545	377	673	661
ENSG00000171853	TRAPPC12	1543	1204	1251	1311	1357	1606	2176
ENSG00000171858	RPS21	9494	8836	6256	7820	8973	9020	10103
ENSG00000171860	C3AR1	1	0	1	0	0	0	0
ENSG00000171861	MRM3	650	551	493	502	640	649	816
ENSG00000171862	PTEN	1590	1283	1309	1303	1446	1554	2274
ENSG00000171863	RPS7	27440	24160	19304	22606	24193	23899	31752
ENSG00000171864	PRND	0	2	1	0	0	1	0
ENSG00000171865	RNASEH1	3161	2314	2420	2605	2619	2959	4036
ENSG00000171867	PRNP	6033	4611	4485	5182	5356	5701	7898
ENSG00000171872	KLF17	1	1	0	0	0	0	0
ENSG00000171873	ADRA1D	34	38	32	36	32	35	53
ENSG00000171877	FRMD5	311	237	234	229	266	294	414
ENSG00000171885	AQP4	12	9	15	10	7	15	20
ENSG00000171903	CYP4F11	587	449	466	456	526	558	811
ENSG00000171914	TLN2	1203	921	934	855	1046	1118	1543
ENSG00000171928	TVP23B	1399	1085	1058	1173	1189	1304	1628
ENSG00000171931	FBXW10	5	2	2	5	0	1	6
ENSG00000171940	ZNF217	3417	2747	2753	2909	3175	3637	5017
ENSG00000171942	OR10H2	0	0	0	0	0	0	1
ENSG00000171943	SRGAP2C	1427	1057	1080	1084	1116	1226	1830
ENSG00000171944	OR52A5	0	0	0	1	0	0	0
ENSG00000171951	SCG2	1	1	2	1	0	0	3
ENSG00000171953	ATPAF2	323	286	282	300	286	297	462
ENSG00000171954	CYP4F22	0	0	0	0	0	1	0
ENSG00000171960	PPIH	822	737	624	690	759	739	1047
ENSG00000171962	DRC3	3	1	0	3	0	4	2
ENSG00000171970	ZNF57	255	221	168	206	227	219	282
ENSG00000171984	SHLD1	180	150	116	141	177	152	229
ENSG00000171988	JMJD1C	2119	1551	1748	1539	1623	2121	2977
ENSG00000171989	LDHAL6B	0	1	1	1	0	0	0
ENSG00000171992	SYNPO	122	117	134	93	136	128	223
ENSG00000172000	ZNF556	1336	1060	1090	1166	1247	1393	1776
ENSG00000172006	ZNF554	107	73	105	87	60	111	120
ENSG00000172007	RAB33B	499	375	387	415	424	464	606
ENSG00000172009	THOP1	2736	2288	2159	2323	2429	2525	3408
ENSG00000172020	GAP43	5	6	2	3	2	5	4
ENSG00000172031	EPHX4	2	4	0	3	1	2	1
ENSG00000172037	LAMB2	5990	4835	4607	4565	5229	5476	7620
ENSG00000172046	USP19	2512	1884	1808	2028	2173	2369	3184
ENSG00000172053	QARS1	7484	6037	5806	6493	6682	6985	9506
ENSG00000172057	ORMDL3	6179	5084	4787	5079	5445	5638	7446
ENSG00000172058	SERF1A	21	18	25	19	17	34	39
ENSG00000172059	KLF11	212	128	162	163	180	203	264
ENSG00000172061	LRRC15	3	1	0	2	0	1	0
ENSG00000172062	SMN1	2003	1589	1510	1748	1723	1798	2525
ENSG00000172071	EIF2AK3	1082	547	897	844	807	1041	1432
ENSG00000172073	TEX37	3	2	1	0	0	1	0
ENSG00000172081	MOB3A	621	490	485	485	486	532	712
ENSG00000172086	KRCC1	268	236	180	249	243	254	321
ENSG00000172113	NME6	889	682	618	662	723	724	1087
ENSG00000172115	CYCS	5911	4884	4175	4889	5132	5261	7069
ENSG00000172116	CD8B	1	1	4	2	2	0	8
ENSG00000172123	SLFN12	0	0	1	0	0	0	0
ENSG00000172137	CALB2	11	18	11	11	7	6	18
ENSG00000172139	SLC9C1	1	0	0	0	0	0	1
ENSG00000172146	OR1A1	41	36	28	21	44	44	52
ENSG00000172159	FRMD3	590	454	453	440	461	537	795
ENSG00000172164	SNTB1	7551	5762	5913	6278	6721	7448	10437
ENSG00000172167	MTBP	283	243	246	225	234	282	344
ENSG00000172171	TEFM	264	203	191	213	216	257	293
ENSG00000172172	MRPL13	1387	1181	961	1048	1210	1236	1675
ENSG00000172175	MALT1	2357	1800	2050	1855	2007	2429	3343
ENSG00000172183	ISG20	189	165	168	147	156	188	230
ENSG00000172197	MBOAT1	26	12	17	12	11	18	33
ENSG00000172201	ID4	77	78	67	55	64	76	110
ENSG00000172209	GPR22	0	0	0	0	0	1	0
ENSG00000172215	CXCR6	2	2	1	3	0	2	1
ENSG00000172216	CEBPB	4141	3358	3555	3859	4118	4084	5930
ENSG00000172232	AZU1	21	23	24	22	25	25	40
ENSG00000172236	TPSAB1	1	0	0	0	0	0	0
ENSG00000172239	PAIP1	3785	2899	2866	3281	3329	3240	4653
ENSG00000172243	CLEC7A	4	5	2	2	2	7	11
ENSG00000172244	C5orf34	159	125	111	85	120	103	199
ENSG00000172247	C1QTNF4	0	2	1	1	0	3	0
ENSG00000172260	NEGR1	19	13	11	5	17	18	31
ENSG00000172262	ZNF131	882	690	696	685	756	858	1132
ENSG00000172264	MACROD2	19	10	4	4	8	4	11
ENSG00000172269	DPAGT1	1277	1011	1115	1088	1191	1293	1665
ENSG00000172270	BSG	21784	18639	16177	18321	19455	19602	26949
ENSG00000172273	HINFP	462	401	357	387	444	483	566
ENSG00000172292	CERS6	2881	1945	2181	2164	2378	2686	3851
ENSG00000172296	SPTLC3	1996	1529	1626	1451	1585	1845	2480
ENSG00000172301	COPRS	1048	840	734	823	938	935	1221
ENSG00000172315	TP53RK	1195	940	939	961	1009	1102	1537
ENSG00000172318	B3GALT1	119	84	111	107	95	117	139
ENSG00000172320	OR5A1	0	1	4	1	5	1	7
ENSG00000172324	OR5A2	7	11	9	7	6	6	7
ENSG00000172331	BPGM	173	160	126	152	170	176	237
ENSG00000172336	POP7	1501	1297	1149	1237	1348	1270	1807
ENSG00000172339	ALG14	368	308	296	348	310	325	537
ENSG00000172340	SUCLG2	2576	1938	1986	2182	2181	2436	3413
ENSG00000172345	STARD5	15	16	13	18	32	23	39
ENSG00000172346	CSDC2	78	38	54	37	44	54	51
ENSG00000172348	RCAN2	3	0	0	0	0	3	0
ENSG00000172349	IL16	7	1	8	0	0	4	3
ENSG00000172350	ABCG4	2	0	0	1	0	0	2
ENSG00000172354	GNB2	4487	3416	3297	3591	3920	3937	5373
ENSG00000172361	CFAP53	6	5	2	5	1	4	4
ENSG00000172362	OR5B12	0	2	0	1	0	0	1
ENSG00000172365	OR5B2	0	0	0	0	0	1	0
ENSG00000172366	MCRIP2	694	597	548	602	657	656	833
ENSG00000172367	PDZD3	0	4	1	0	1	2	8
ENSG00000172375	C2CD2L	439	333	352	379	376	372	537
ENSG00000172377	OR9I1	1	0	0	0	0	0	0
ENSG00000172379	ARNT2	32	18	21	16	34	25	40
ENSG00000172380	GNG12	6	10	6	14	8	14	18
ENSG00000172382	PRSS27	3	0	0	3	4	0	3
ENSG00000172399	MYOZ2	0	0	0	0	0	0	1
ENSG00000172403	SYNPO2	5	7	2	3	8	3	6
ENSG00000172404	DNAJB7	15	12	13	9	5	22	23
ENSG00000172409	CLP1	579	453	420	517	504	506	706
ENSG00000172421	EFCAB3	6	9	4	1	4	5	9
ENSG00000172425	TTC36	0	0	0	10	0	0	0
ENSG00000172426	RSPH9	25	15	15	18	22	16	29
ENSG00000172428	COPS9	965	960	651	857	935	885	979
ENSG00000172432	GTPBP2	1431	1237	1075	1234	1300	1401	1818
ENSG00000172456	FGGY	176	135	128	142	157	150	225
ENSG00000172458	IL17D	182	140	112	141	179	155	188
ENSG00000172461	FUT9	1	0	0	0	0	1	0
ENSG00000172465	TCEAL1	351	269	230	256	303	302	406
ENSG00000172466	ZNF24	3468	2501	2619	2870	3085	3468	4934
ENSG00000172469	MANEA	883	692	639	659	771	774	1138
ENSG00000172476	RAB40A	6	6	4	5	5	6	6
ENSG00000172478	MAB21L4	162	133	114	104	132	128	167
ENSG00000172482	AGXT	510	422	392	437	465	514	691
ENSG00000172493	AFF1	2440	1777	1907	1710	1927	2254	3216
ENSG00000172497	ACOT12	0	0	0	0	2	0	1
ENSG00000172500	FIBP	888	698	673	787	801	773	1034
ENSG00000172508	CARNS1	0	4	2	3	2	1	6
ENSG00000172519	OR10H5	15	22	14	14	12	11	33
ENSG00000172530	BANP	679	567	509	517	603	617	859
ENSG00000172531	PPP1CA	5606	4864	4320	5027	5181	5098	6706
ENSG00000172534	HCFC1	7209	5157	5383	5184	6066	6629	9611
ENSG00000172543	CTSW	2	1	0	0	0	1	3
ENSG00000172548	NIPAL4	0	0	0	0	0	0	1
ENSG00000172568	FNDC9	0	0	0	0	0	1	0
ENSG00000172572	PDE3A	62	41	32	49	56	65	63
ENSG00000172575	RASGRP1	1	2	2	1	0	3	0
ENSG00000172578	KLHL6	8	5	5	9	7	9	6
ENSG00000172586	CHCHD1	758	673	561	612	687	711	895
ENSG00000172590	MRPL52	1896	1544	1342	1687	1654	1718	2293
ENSG00000172594	SMPDL3A	380	276	276	289	290	322	465
ENSG00000172602	RND1	64	40	55	45	41	55	68
ENSG00000172613	RAD9A	348	319	201	364	296	322	459
ENSG00000172638	EFEMP2	201	204	192	178	188	207	274
ENSG00000172650	AGAP5	236	200	138	166	185	215	332
ENSG00000172661	WASHC2C	1419	1137	1088	1086	1223	1427	1967
ENSG00000172663	TMEM134	110	101	83	74	128	113	205
ENSG00000172667	ZMAT3	2098	1563	1629	1703	1773	1979	2836
ENSG00000172671	ZFAND4	107	80	93	113	102	124	141
ENSG00000172687	ZNF738	218	161	177	178	185	247	330
ENSG00000172689	MS4A10	9	9	4	7	8	10	13
ENSG00000172725	CORO1B	2339	2101	1803	1999	2243	2194	2922
ENSG00000172728	FUT10	342	232	260	267	241	268	405
ENSG00000172731	LRRC20	2811	2114	2062	2257	2580	2510	3367
ENSG00000172732	MUS81	748	572	511	578	639	631	861
ENSG00000172733	PURG	1	2	2	1	0	0	0
ENSG00000172738	TMEM217	43	37	50	34	44	53	64
ENSG00000172742	OR4D9	6	6	6	4	3	2	8
ENSG00000172748	ZNF596	25	23	30	19	25	22	42
ENSG00000172757	CFL1	19792	15864	14729	16666	17532	17628	25501
ENSG00000172765	TMCC1	1937	1616	1467	1234	1344	1638	2266
ENSG00000172766	NAA16	666	567	553	505	465	631	944
ENSG00000172771	EFCAB12	29	18	31	19	10	31	45
ENSG00000172775	PSME3IP1	2348	1810	1798	1896	2101	2116	3029
ENSG00000172780	RAB43	2501	1906	1745	1880	2184	2165	3006
ENSG00000172782	FADS6	4	5	6	4	5	0	3
ENSG00000172785	CBWD1	1382	1184	1079	1187	1294	1232	1789
ENSG00000172789	HOXC5	2	0	0	0	0	0	2
ENSG00000172794	RAB37	39	24	42	39	38	44	48
ENSG00000172795	DCP2	1858	1415	1368	1390	1368	1713	2334
ENSG00000172803	SNX32	2	2	6	1	3	3	2
ENSG00000172809	RPL38	8824	7988	5963	7568	8038	8406	10150
ENSG00000172817	CYP7B1	7	6	4	2	5	5	8
ENSG00000172818	OVOL1	0	1	2	0	2	0	1
ENSG00000172819	RARG	143	110	114	138	145	147	206
ENSG00000172824	CES4A	0	1	2	1	1	1	2
ENSG00000172828	CES3	508	439	374	402	431	479	598
ENSG00000172830	SSH3	544	438	425	431	559	573	831
ENSG00000172831	CES2	3790	3084	3241	3296	3450	3663	4904
ENSG00000172840	PDP2	1459	1174	1144	1284	1318	1434	2043
ENSG00000172845	SP3	3509	2437	2596	2784	2929	3258	4715
ENSG00000172869	DMXL1	749	511	592	476	537	705	1044
ENSG00000172878	METAP1D	586	488	431	467	489	486	758
ENSG00000172888	ZNF621	1295	1054	1054	1006	1155	1337	1942
ENSG00000172889	EGFL7	22	20	17	19	37	16	27
ENSG00000172890	NADSYN1	1172	999	945	918	1065	1015	1518
ENSG00000172893	DHCR7	7609	5928	5643	5517	6213	6471	8802
ENSG00000172901	LVRN	0	0	3	0	0	0	3
ENSG00000172915	NBEA	382	273	217	223	273	292	494
ENSG00000172922	RNASEH2C	397	328	354	336	457	269	503
ENSG00000172927	MYEOV	29	27	5	34	34	38	59
ENSG00000172932	ANKRD13D	302	209	238	253	232	257	336
ENSG00000172935	MRGPRF	1	0	0	0	0	0	0
ENSG00000172936	MYD88	1624	1237	1147	1244	1391	1390	1901
ENSG00000172939	OXSR1	2583	1868	1972	2082	2163	2405	3349
ENSG00000172940	SLC22A13	4	2	1	0	4	1	1
ENSG00000172943	PHF8	1943	1344	1376	1331	1529	1770	2605
ENSG00000172954	LCLAT1	1375	970	1047	1038	1138	1224	1765
ENSG00000172955	ADH6	2316	1715	1601	1680	1893	2071	2872
ENSG00000172969	FRG2C	0	1	0	0	1	0	1
ENSG00000172977	KAT5	1053	869	852	838	917	1009	1313
ENSG00000172985	SH3RF3	0	1	4	2	3	0	1
ENSG00000172986	GXYLT2	264	207	203	181	227	230	335
ENSG00000172987	HPSE2	2	0	0	1	0	1	1
ENSG00000172992	DCAKD	1034	823	830	857	935	978	1317
ENSG00000173011	TADA2B	1086	842	919	899	1026	995	1326
ENSG00000173013	CCDC96	24	27	16	18	20	20	25
ENSG00000173020	GRK2	3164	2567	2385	2676	2881	2954	4009
ENSG00000173039	RELA	2644	2067	1933	2126	2235	2337	3414
ENSG00000173041	ZNF680	248	227	171	214	233	254	341
ENSG00000173064	HECTD4	1269	828	828	692	913	1221	1832
ENSG00000173065	FAM222B	1400	1012	1027	1082	1155	1209	1829
ENSG00000173068	BNC2	0	3	1	0	0	0	0
ENSG00000173080	RXFP4	21	22	19	22	21	25	37
ENSG00000173083	HPSE	1	1	7	5	4	0	5
ENSG00000173085	COQ2	484	364	323	409	398	411	573
ENSG00000173110	HSPA6	1	1	1	0	2	0	1
ENSG00000173113	TRMT112	3456	3157	2616	3042	3045	3298	3957
ENSG00000173114	LRRN3	1	0	0	0	0	2	0
ENSG00000173120	KDM2A	1949	1424	1625	1320	1630	1758	2528
ENSG00000173124	ACSM6	0	0	0	1	0	0	0
ENSG00000173137	ADCK5	352	218	226	284	284	266	365
ENSG00000173141	MRPL57	1502	1165	1119	1190	1268	1217	1750
ENSG00000173145	NOC3L	1237	864	991	1045	1025	1124	1547
ENSG00000173153	ESRRA	1672	1492	1251	1457	1636	1644	2046
ENSG00000173156	RHOD	20	10	12	15	24	18	16
ENSG00000173163	COMMD1	421	350	306	361	391	312	464
ENSG00000173166	RAPH1	1103	822	869	767	954	1026	1497
ENSG00000173171	MTX1	1298	1118	889	1064	1177	1101	1460
ENSG00000173175	ADCY5	4	6	5	5	7	6	6
ENSG00000173193	PARP14	774	536	693	594	660	918	1273
ENSG00000173198	CYSLTR1	0	0	0	0	0	0	1
ENSG00000173200	PARP15	125	115	66	83	98	99	171
ENSG00000173207	CKS1B	2537	2173	1772	2282	2327	2347	3043
ENSG00000173208	ABCD2	1	0	0	0	0	0	0
ENSG00000173210	ABLIM3	46	43	24	44	44	63	75
ENSG00000173212	MAB21L3	956	816	775	699	783	981	1438
ENSG00000173213	TUBB8B	0	0	0	18	0	0	0
ENSG00000173214	MFSD4B	760	694	540	634	614	697	942
ENSG00000173218	VANGL1	975	696	700	731	832	906	1235
ENSG00000173221	GLRX	2710	2347	1912	2253	2301	2400	3246
ENSG00000173226	IQCB1	871	786	620	734	780	890	1184
ENSG00000173227	SYT12	4	5	2	1	0	1	1
ENSG00000173230	GOLGB1	3005	2112	2854	2325	2651	3499	5252
ENSG00000173237	C11orf86	1	1	1	0	2	1	0
ENSG00000173250	GPR151	0	0	1	0	0	0	0
ENSG00000173258	ZNF483	245	216	174	161	204	206	276
ENSG00000173261	PLAC8L1	8	6	2	4	8	5	10
ENSG00000173262	SLC2A14	437	381	376	353	376	435	567
ENSG00000173264	GPR137	654	541	528	569	605	667	872
ENSG00000173267	SNCG	16	10	14	7	14	10	11
ENSG00000173269	MMRN2	8	2	11	2	6	4	10
ENSG00000173272	MZT2A	3214	2938	2532	2794	2904	3002	3798
ENSG00000173273	TNKS	1957	1496	1553	1575	1764	1925	3005
ENSG00000173275	ZNF449	169	147	113	117	160	171	227
ENSG00000173276	ZBTB21	443	313	325	342	410	416	664
ENSG00000173281	PPP1R3B	69	84	75	53	68	78	118
ENSG00000173285	OR10K1	7	4	16	7	14	3	17
ENSG00000173320	STOX2	3	4	7	4	4	4	4
ENSG00000173327	MAP3K11	4586	3665	3650	3636	4182	4097	6164
ENSG00000173334	TRIB1	3062	2332	2348	2514	2760	2925	4199
ENSG00000173338	KCNK7	1	2	4	5	2	1	4
ENSG00000173366	NA	2	4	0	0	1	3	2
ENSG00000173391	OLR1	0	0	0	1	0	0	0
ENSG00000173401	GLIPR1L1	0	0	0	0	1	0	0
ENSG00000173402	DAG1	7687	5742	5833	5946	6708	7154	9787
ENSG00000173404	INSM1	0	1	0	0	0	0	1
ENSG00000173406	DAB1	1	6	0	1	0	3	2
ENSG00000173409	ARV1	374	277	241	276	309	334	408
ENSG00000173418	NAA20	1514	1317	1095	1243	1366	1526	1899
ENSG00000173421	IHO1	11	15	18	9	16	14	18
ENSG00000173431	RNASE8	0	0	0	0	0	2	0
ENSG00000173432	SAA1	1	0	0	0	0	0	0
ENSG00000173436	MICOS10	1213	1151	823	1013	1176	1175	1399
ENSG00000173442	EHBP1L1	1395	1108	1032	1040	1177	1252	1744
ENSG00000173451	THAP2	152	132	113	116	151	139	214
ENSG00000173456	RNF26	3895	2924	3014	3096	3422	3469	4743
ENSG00000173457	PPP1R14B	3777	3226	2786	3237	3328	3035	3693
ENSG00000173465	ZNRD2	662	529	516	543	586	590	726
ENSG00000173473	SMARCC1	7076	4980	5172	5300	6133	6372	9398
ENSG00000173480	ZNF417	258	196	166	191	234	260	365
ENSG00000173482	PTPRM	1899	1418	1404	1332	1562	1755	2486
ENSG00000173486	FKBP2	909	832	738	808	838	861	990
ENSG00000173511	VEGFB	414	333	318	332	331	305	444
ENSG00000173517	PEAK1	1076	756	774	740	804	972	1556
ENSG00000173530	TNFRSF10D	1665	1273	1265	1320	1441	1538	2231
ENSG00000173531	MST1	1895	1651	1429	1494	1556	1776	2595
ENSG00000173535	TNFRSF10C	25	17	9	10	14	15	20
ENSG00000173540	GMPPB	1301	983	948	964	1205	1233	1419
ENSG00000173542	MOB1B	997	679	691	746	724	942	1363
ENSG00000173545	ZNF622	1149	948	837	987	1077	1120	1525
ENSG00000173546	CSPG4	14	7	5	5	9	10	16
ENSG00000173548	SNX33	1516	1249	1262	1246	1395	1514	2115
ENSG00000173559	NABP1	602	523	478	444	482	549	894
ENSG00000173567	ADGRF3	30	24	4	16	28	0	45
ENSG00000173575	CHD2	4264	3404	3185	3149	3243	4293	5973
ENSG00000173581	CCDC106	573	485	445	412	463	514	664
ENSG00000173585	CCR9	1	0	3	0	0	0	0
ENSG00000173588	CEP83	467	321	316	322	369	364	593
ENSG00000173597	SULT1B1	192	162	125	112	121	168	275
ENSG00000173598	NUDT4	7350	5514	5523	5622	6196	6645	9339
ENSG00000173599	PC	3384	2654	2657	2752	2960	2952	4256
ENSG00000173610	UGT2A1	2	0	0	0	0	0	0
ENSG00000173611	SCAI	523	426	385	361	397	470	677
ENSG00000173614	NMNAT1	457	361	352	452	444	386	535
ENSG00000173621	LRFN4	462	396	322	379	412	389	561
ENSG00000173626	TRAPPC3L	4	2	0	0	1	2	1
ENSG00000173627	APOBEC4	0	0	0	1	0	0	0
ENSG00000173638	SLC19A1	2529	2050	1794	2092	2414	2245	3251
ENSG00000173641	HSPB7	1	0	2	3	0	1	3
ENSG00000173653	RCE1	604	535	482	590	605	548	827
ENSG00000173660	UQCRH	4551	3833	3170	3641	3919	4107	5134
ENSG00000173662	TAS1R1	68	63	45	50	64	76	96
ENSG00000173673	HES3	0	0	0	0	0	0	1
ENSG00000173674	EIF1AX	5189	4022	4135	4389	4423	4697	6407
ENSG00000173678	SPDYE2B	0	0	22	13	0	19	6
ENSG00000173681	BCLAF3	289	217	223	234	254	263	429
ENSG00000173692	PSMD1	7374	5410	5778	6188	6218	6742	8976
ENSG00000173698	ADGRG2	6	3	4	5	5	7	7
ENSG00000173699	SPATA3	0	0	0	0	0	0	2
ENSG00000173702	MUC13	30	23	22	23	19	21	32
ENSG00000173705	SUSD5	0	0	2	1	0	1	4
ENSG00000173706	HEG1	2721	1781	1997	1923	2109	2493	3435
ENSG00000173714	WFIKKN2	6	6	6	3	5	4	4
ENSG00000173715	C11orf80	246	185	189	172	202	230	329
ENSG00000173726	TOMM20	11975	9151	9030	9871	10164	11148	14848
ENSG00000173744	AGFG1	5063	3751	3869	3855	4438	4353	6194
ENSG00000173757	STAT5B	1424	754	935	1087	1091	1107	1414
ENSG00000173762	CD7	2651	2173	2004	2354	2475	2341	3155
ENSG00000173786	CNP	8297	6805	6396	6990	7750	7999	10588
ENSG00000173801	JUP	2758	2171	2134	2225	2472	2449	3598
ENSG00000173805	HAP1	49	42	39	26	44	46	53
ENSG00000173809	TDRD12	3	0	0	5	5	2	3
ENSG00000173812	EIF1	9984	7752	7635	9057	9244	9937	14082
ENSG00000173818	ENDOV	225	164	188	198	183	195	261
ENSG00000173821	RNF213	2631	1722	1964	1583	2092	2659	3746
ENSG00000173825	TIGD3	75	77	78	89	72	80	126
ENSG00000173826	KCNH6	3	2	0	0	1	2	0
ENSG00000173846	PLK3	391	277	288	392	345	328	505
ENSG00000173848	NET1	4315	3271	3370	3408	3548	3729	5532
ENSG00000173852	DPY19L1	1688	1175	1230	1330	1418	1533	2131
ENSG00000173867	NA	55	38	24	32	20	25	46
ENSG00000173868	PHOSPHO1	4	3	3	0	4	2	3
ENSG00000173875	ZNF791	904	726	627	728	770	876	1233
ENSG00000173889	PHC3	1360	1088	1036	959	1080	1345	1959
ENSG00000173890	GPR160	732	578	587	582	624	682	984
ENSG00000173894	CBX2	1179	995	859	943	1063	1106	1507
ENSG00000173898	SPTBN2	541	497	452	465	521	551	833
ENSG00000173905	GOLIM4	3580	2653	2798	2758	2865	3155	4580
ENSG00000173914	RBM4B	690	612	541	545	634	637	870
ENSG00000173915	ATP5MK	1965	1801	1289	1604	1652	1825	2320
ENSG00000173918	C1QTNF1	38	39	29	36	30	26	26
ENSG00000173926	MARCHF3	116	97	87	127	109	107	196
ENSG00000173928	SWSAP1	130	119	93	140	145	153	167
ENSG00000173930	SLCO4C1	628	440	497	470	510	569	929
ENSG00000173933	RBM4	3540	2918	2746	3161	3334	3410	4651
ENSG00000173947	PIFO	4	6	6	4	6	7	15
ENSG00000173950	XXYLT1	1178	957	959	1079	1098	1112	1505
ENSG00000173960	UBXN2A	1247	1011	953	1039	1154	1119	1606
ENSG00000173991	TCAP	3	11	1	12	6	7	6
ENSG00000173992	CCS	599	584	541	576	624	621	719
ENSG00000174004	NRROS	1	2	0	0	1	0	1
ENSG00000174007	CEP19	40	41	39	35	28	59	66
ENSG00000174010	KLHL15	276	214	241	210	215	255	421
ENSG00000174013	FBXO45	1099	752	763	840	873	1004	1446
ENSG00000174015	CBY2	1	0	0	0	2	0	1
ENSG00000174021	GNG5	4353	3406	2968	3396	3590	3896	5549
ENSG00000174032	SLC25A30	1392	928	998	1043	1176	1258	1724
ENSG00000174038	C9orf131	0	1	1	0	0	0	1
ENSG00000174059	CD34	65	48	49	43	61	51	94
ENSG00000174099	MSRB3	128	100	133	108	122	114	195
ENSG00000174106	LEMD3	1252	862	922	948	1056	1126	1585
ENSG00000174109	C16orf91	197	129	144	152	195	164	269
ENSG00000174123	TLR10	16	8	16	8	4	9	20
ENSG00000174125	TLR1	5	3	2	2	6	3	2
ENSG00000174130	TLR6	22	34	16	20	24	26	41
ENSG00000174132	FAM174A	261	225	234	239	230	248	314
ENSG00000174136	RGMB	387	223	264	308	272	323	469
ENSG00000174137	FAM53A	15	16	12	15	16	10	14
ENSG00000174151	CYB561D1	371	327	276	283	338	342	495
ENSG00000174165	ZDHHC24	558	524	478	503	553	534	781
ENSG00000174173	TRMT10C	1047	787	772	955	931	991	1302
ENSG00000174177	CTU2	931	758	714	764	799	765	1078
ENSG00000174197	MGA	1534	1093	1342	1276	1303	1700	2511
ENSG00000174206	KICS2	192	127	149	168	165	142	268
ENSG00000174225	ARL13A	0	0	0	1	0	0	4
ENSG00000174226	SNX31	0	1	1	0	1	0	0
ENSG00000174227	PIGG	1283	985	975	923	1124	1051	1533
ENSG00000174231	PRPF8	16234	9529	11786	10825	13164	15329	22288
ENSG00000174233	ADCY6	1386	978	1114	1066	1169	1265	1747
ENSG00000174236	REP15	15	11	6	7	6	9	14
ENSG00000174238	PITPNA	1739	1524	1341	1548	1634	1724	2357
ENSG00000174243	DDX23	3557	2710	2575	2940	3177	3052	4347
ENSG00000174276	ZNHIT2	270	189	187	191	212	218	319
ENSG00000174282	ZBTB4	983	756	809	733	858	943	1335
ENSG00000174292	TNK1	244	190	166	196	217	224	327
ENSG00000174306	ZHX3	1140	795	833	864	959	1092	1439
ENSG00000174307	PHLDA3	2054	1921	1711	1830	2229	1923	2586
ENSG00000174326	SLC16A11	10	10	10	5	19	16	23
ENSG00000174327	SLC16A13	456	381	343	349	412	436	549
ENSG00000174332	GLIS1	1	1	0	1	4	2	2
ENSG00000174343	CHRNA9	0	0	2	2	1	0	2
ENSG00000174348	PODN	0	0	0	0	2	0	0
ENSG00000174358	SLC6A19	3	0	0	0	1	0	2
ENSG00000174371	EXO1	540	431	400	443	446	522	726
ENSG00000174373	RALGAPA1	4847	3545	3741	3569	4009	4600	6884
ENSG00000174405	LIG4	410	379	309	393	372	390	647
ENSG00000174417	TRHR	1	1	0	1	0	1	0
ENSG00000174428	GTF2IRD2B	148	166	142	177	158	176	252
ENSG00000174429	ABRA	0	2	0	0	0	0	0
ENSG00000174437	ATP2A2	8929	6660	6727	6758	7697	8417	11500
ENSG00000174442	ZWILCH	1228	933	873	973	1039	1057	1600
ENSG00000174444	RPL4	17752	14851	13794	15731	16265	16443	21613
ENSG00000174446	SNAPC5	393	284	300	287	309	362	430
ENSG00000174448	STARD6	1	0	2	0	1	0	0
ENSG00000174456	C12orf76	329	184	207	244	245	241	374
ENSG00000174460	ZCCHC12	10	9	6	6	8	9	10
ENSG00000174469	CNTNAP2	33	28	25	32	39	38	70
ENSG00000174473	GALNTL6	0	0	0	0	0	0	1
ENSG00000174483	BBS1	355	256	271	256	252	270	447
ENSG00000174485	DENND4A	1695	1217	1391	1324	1400	1766	2499
ENSG00000174498	IGDCC3	6236	5041	4979	5112	5516	5730	8032
ENSG00000174500	GCSAM	6	1	1	3	5	0	6
ENSG00000174501	ANKRD36C	110	80	103	98	121	95	146
ENSG00000174502	SLC26A9	28	28	15	22	13	18	49
ENSG00000174514	MFSD4A	23	0	16	3	4	5	11
ENSG00000174516	PELI3	207	127	148	149	153	161	232
ENSG00000174527	MYO1H	0	1	1	0	1	2	1
ENSG00000174529	TMEM81	38	31	21	18	27	23	44
ENSG00000174547	MRPL11	1426	1151	944	1054	1219	1264	1672
ENSG00000174564	IL20RB	0	5	0	2	0	0	6
ENSG00000174567	GOLT1A	341	316	227	328	354	310	422
ENSG00000174574	AKIRIN1	7559	5726	5936	6615	6831	7249	10132
ENSG00000174579	MSL2	856	642	620	641	703	808	1184
ENSG00000174586	ZNF497	129	88	92	94	108	136	164
ENSG00000174599	TRAM1L1	15	12	7	15	16	21	26
ENSG00000174600	CMKLR1	0	0	0	2	0	2	0
ENSG00000174606	ANGEL2	583	489	447	445	496	588	810
ENSG00000174607	UGT8	0	3	0	0	0	2	3
ENSG00000174628	IQCK	88	80	38	88	66	91	119
ENSG00000174640	SLCO2A1	0	0	0	0	0	0	1
ENSG00000174652	ZNF266	913	710	637	624	724	729	1038
ENSG00000174667	OR7D4	0	2	5	1	1	4	5
ENSG00000174669	SLC29A2	39	52	27	51	49	5	93
ENSG00000174672	BRSK2	50	22	40	43	29	42	43
ENSG00000174684	B4GAT1	4035	3406	3098	3288	3490	3491	4867
ENSG00000174695	TMEM167A	4408	3260	3263	3191	3486	3909	5268
ENSG00000174697	LEP	0	0	0	1	0	0	0
ENSG00000174705	SH3PXD2B	565	418	424	403	467	568	766
ENSG00000174718	RESF1	551	391	454	433	486	542	823
ENSG00000174720	LARP7	1225	1024	966	1161	1091	1242	1561
ENSG00000174721	FGFBP3	282	246	216	227	240	243	377
ENSG00000174738	NR1D2	501	378	386	395	398	469	659
ENSG00000174744	BRMS1	1105	946	913	1014	1035	1070	1517
ENSG00000174748	RPL15	24508	20181	17925	20522	21746	22107	31229
ENSG00000174749	FAM241A	1174	1007	882	835	1031	1106	1675
ENSG00000174775	HRAS	939	764	717	761	843	868	1098
ENSG00000174780	SRP72	5652	4161	4333	4422	4719	5199	7107
ENSG00000174788	PCP2	3	3	6	5	5	4	1
ENSG00000174791	RIN1	299	268	228	299	228	263	411
ENSG00000174792	ODAPH	4	7	3	3	8	2	6
ENSG00000174796	THAP6	384	328	264	293	294	346	481
ENSG00000174799	CEP135	543	425	412	417	443	466	667
ENSG00000174804	FZD4	7645	5776	6099	5296	6038	6866	9629
ENSG00000174807	CD248	89	96	101	62	97	95	142
ENSG00000174808	BTC	0	0	0	0	0	0	1
ENSG00000174827	PDZK1	961	799	831	722	837	915	1256
ENSG00000174839	DENND6A	696	502	530	505	573	599	885
ENSG00000174840	PDE12	1648	1244	1270	1385	1501	1608	2182
ENSG00000174842	GLMN	435	401	338	324	380	437	596
ENSG00000174844	DNAH12	7	5	9	10	8	13	15
ENSG00000174851	YIF1A	2913	2552	2231	2538	2708	2677	3572
ENSG00000174871	CNIH2	10	14	9	6	9	13	16
ENSG00000174885	NLRP6	0	0	1	0	0	0	1
ENSG00000174886	NDUFA11	2589	2447	1950	2460	2549	2394	3259
ENSG00000174891	RSRC1	855	722	762	766	780	798	1201
ENSG00000174898	CATSPERD	0	0	0	0	1	0	0
ENSG00000174903	RAB1B	4378	3671	3271	3581	3969	3997	5763
ENSG00000174915	PTDSS2	1594	1339	1190	1278	1421	1378	1898
ENSG00000174917	MICOS13	516	410	345	419	472	418	592
ENSG00000174928	C3orf33	374	260	301	332	276	327	463
ENSG00000174938	SEZ6L2	3206	2578	2502	2596	2732	2937	4146
ENSG00000174939	ASPHD1	1545	1341	1256	1301	1491	1502	1914
ENSG00000174943	KCTD13	508	445	434	397	433	463	632
ENSG00000174944	P2RY14	0	1	0	0	0	0	0
ENSG00000174945	AMZ1	6	5	3	5	4	1	4
ENSG00000174950	CD164L2	0	0	1	2	0	0	0
ENSG00000174951	FUT1	17	18	16	26	35	38	54
ENSG00000174953	DHX36	2253	1637	1712	1905	2030	2143	3030
ENSG00000174989	FBXW8	313	244	240	247	319	325	447
ENSG00000174990	CA5A	570	451	405	461	529	565	678
ENSG00000174992	ZG16	6	7	4	3	8	7	3
ENSG00000174996	KLC2	1612	1415	1269	1397	1664	1531	2194
ENSG00000175003	SLC22A1	15	11	12	18	14	13	23
ENSG00000175029	CTBP2	115	84	68	91	71	92	127
ENSG00000175040	CHST2	0	1	0	0	0	0	0
ENSG00000175048	ZDHHC14	326	319	272	298	286	250	382
ENSG00000175054	ATR	703	399	588	497	655	672	1080
ENSG00000175063	UBE2C	1561	1263	1151	1258	1381	1306	1873
ENSG00000175065	DSG4	1	2	0	4	0	2	2
ENSG00000175066	GK5	495	436	410	369	446	456	680
ENSG00000175073	VCPIP1	871	691	683	654	682	873	1177
ENSG00000175087	PDIK1L	193	123	116	151	134	167	230
ENSG00000175093	SPSB4	0	0	0	0	1	0	0
ENSG00000175104	TRAF6	328	273	294	244	326	384	490
ENSG00000175105	ZNF654	377	283	314	318	325	374	542
ENSG00000175106	TVP23C	237	200	192	203	202	249	322
ENSG00000175110	MRPS22	1438	1089	923	1165	1161	1215	1773
ENSG00000175115	PACS1	2441	1799	1977	1744	2081	2179	3293
ENSG00000175130	MARCKSL1	9844	7810	7435	8390	9040	8793	12337
ENSG00000175137	SH3BP5L	1031	754	677	795	784	785	1152
ENSG00000175155	YPEL2	645	469	507	505	505	661	926
ENSG00000175161	CADM2	0	0	0	0	0	0	1
ENSG00000175166	PSMD2	11677	8456	8689	8993	9986	10380	13881
ENSG00000175175	PPM1E	3	7	6	2	7	2	8
ENSG00000175182	FAM131A	514	391	377	435	391	411	570
ENSG00000175183	CSRP2	146	126	110	107	121	145	163
ENSG00000175189	INHBC	361	288	302	268	280	296	455
ENSG00000175193	PARL	1316	1040	908	1083	1131	1231	1585
ENSG00000175197	DDIT3	386	350	244	291	330	370	462
ENSG00000175198	PCCA	1173	921	870	933	981	1097	1434
ENSG00000175202	HIGD2B	0	0	0	1	0	0	1
ENSG00000175203	DCTN2	2290	1819	1649	1930	2021	2057	2943
ENSG00000175206	NPPA	13	24	15	6	20	6	24
ENSG00000175213	ZNF408	745	561	567	580	634	670	913
ENSG00000175215	CTDSP2	4811	3656	3738	3884	4394	4813	6621
ENSG00000175216	CKAP5	7662	5510	6014	5846	6404	7298	10615
ENSG00000175220	ARHGAP1	2742	2059	2122	1967	2249	2373	3457
ENSG00000175221	MED16	1871	1394	1511	1464	1607	1588	2288
ENSG00000175224	ATG13	4048	3041	2996	3070	3398	3488	5080
ENSG00000175229	GAL3ST3	0	0	0	0	1	0	0
ENSG00000175264	CHST1	1	0	0	0	1	1	1
ENSG00000175265	GOLGA8A	805	773	585	508	638	679	945
ENSG00000175267	VWA3A	1	1	0	0	1	0	0
ENSG00000175274	TP53I11	0	1	1	0	0	1	0
ENSG00000175279	CENPS	248	196	174	187	211	219	324
ENSG00000175283	DOLK	912	786	665	748	920	802	1102
ENSG00000175287	PHYHD1	294	251	213	212	273	216	364
ENSG00000175294	CATSPER1	3	2	0	0	1	0	0
ENSG00000175305	CCNE2	126	103	79	85	68	121	156
ENSG00000175309	PHYKPL	176	193	171	209	209	223	302
ENSG00000175311	ANKS4B	1835	1294	1465	1404	1560	1594	2378
ENSG00000175318	GRAMD2A	3	6	0	0	0	0	6
ENSG00000175322	ZNF519	109	43	20	70	29	107	153
ENSG00000175324	LSM1	718	583	582	653	681	702	900
ENSG00000175325	PROP1	0	0	0	1	0	0	0
ENSG00000175329	ISX	40	35	35	39	34	36	68
ENSG00000175334	BANF1	3961	3269	2806	3430	3512	3482	4468
ENSG00000175336	APOF	256	211	182	181	179	241	324
ENSG00000175344	CHRNA7	62	37	42	33	28	1	88
ENSG00000175348	TMEM9B	656	531	531	599	628	673	848
ENSG00000175352	NRIP3	25	30	19	32	39	18	43
ENSG00000175354	PTPN2	1056	860	819	827	950	997	1422
ENSG00000175356	SCUBE2	0	2	0	1	1	0	0
ENSG00000175376	EIF1AD	1012	814	831	908	872	906	1356
ENSG00000175387	SMAD2	2554	2001	1855	1970	2164	2309	3297
ENSG00000175390	EIF3F	4345	3341	3091	3279	3814	3826	5703
ENSG00000175395	ZNF25	80	93	42	75	72	61	121
ENSG00000175398	OR10P1	0	0	0	0	0	0	1
ENSG00000175414	ARL10	45	57	50	35	48	43	76
ENSG00000175416	CLTB	1387	1096	1042	1148	1273	1186	1572
ENSG00000175426	PCSK1	2	2	1	1	0	0	0
ENSG00000175449	RFESD	18	10	5	15	12	8	14
ENSG00000175455	CCDC14	1144	1005	822	726	998	1011	1404
ENSG00000175463	TBC1D10C	91	58	36	57	65	62	80
ENSG00000175467	SART1	2543	2102	1979	2080	2486	2426	3015
ENSG00000175470	PPP2R2D	550	450	421	449	504	507	732
ENSG00000175471	MCTP1	9	12	8	9	3	7	8
ENSG00000175482	POLD4	320	286	239	261	326	284	411
ENSG00000175489	LRRC25	55	35	33	37	39	55	59
ENSG00000175497	DPP10	32	35	36	16	41	35	51
ENSG00000175505	CLCF1	87	73	57	61	75	63	108
ENSG00000175513	TSGA10IP	0	0	1	0	1	0	0
ENSG00000175514	GPR152	0	0	0	0	0	1	0
ENSG00000175518	UBQLNL	0	0	0	3	0	0	1
ENSG00000175536	LIPT2	34	29	18	32	31	25	41
ENSG00000175538	KCNE3	27	22	29	23	27	23	23
ENSG00000175544	CABP4	15	18	16	13	7	13	15
ENSG00000175548	ALG10B	642	503	505	502	498	588	869
ENSG00000175550	DRAP1	1825	1490	1318	1647	1588	1547	2081
ENSG00000175556	LONRF3	331	277	244	243	278	314	473
ENSG00000175564	UCP3	6	4	2	4	9	4	2
ENSG00000175567	UCP2	335	298	265	243	270	306	425
ENSG00000175573	C11orf68	1035	800	701	752	981	833	1236
ENSG00000175575	PAAF1	842	697	665	670	738	745	1057
ENSG00000175581	MRPL48	620	555	430	440	528	574	758
ENSG00000175582	RAB6A	5534	4189	4189	4856	4916	5310	7761
ENSG00000175591	P2RY2	212	182	182	141	210	191	276
ENSG00000175592	FOSL1	644	486	455	496	556	545	800
ENSG00000175595	ERCC4	760	533	600	594	629	714	998
ENSG00000175600	SUGCT	264	203	214	218	207	271	357
ENSG00000175602	CCDC85B	1599	1364	1221	1447	1444	1470	1841
ENSG00000175606	TMEM70	831	714	590	730	731	747	901
ENSG00000175634	RPS6KB2	1930	1592	1425	1623	1667	1675	2339
ENSG00000175643	RMI2	1660	1354	1238	1369	1566	1551	2077
ENSG00000175646	PRM1	3	0	0	0	0	1	1
ENSG00000175662	TOM1L2	457	364	353	343	403	417	601
ENSG00000175691	ZNF77	204	154	150	165	174	182	253
ENSG00000175697	GPR156	0	0	2	0	0	1	4
ENSG00000175699	CCDC197	1	0	0	0	0	0	2
ENSG00000175701	MTLN	191	173	142	174	197	163	205
ENSG00000175707	KDF1	132	121	117	128	146	119	197
ENSG00000175711	B3GNTL1	255	232	176	199	232	245	351
ENSG00000175727	MLXIP	2732	2141	1979	1964	2389	2414	3542
ENSG00000175745	NR2F1	2372	1949	1907	1922	2169	2252	3035
ENSG00000175756	AURKAIP1	3444	2883	2578	2872	3103	2960	3981
ENSG00000175764	TTLL11	151	133	117	134	129	148	190
ENSG00000175766	EIF4E1B	0	0	0	0	0	0	1
ENSG00000175768	TOMM5	2889	2441	2063	2296	2514	2532	3326
ENSG00000175782	SLC35E3	485	441	317	391	352	480	657
ENSG00000175785	PRIMA1	403	312	287	319	369	393	532
ENSG00000175787	ZNF169	125	116	86	66	100	103	160
ENSG00000175792	RUVBL1	2138	1659	1569	1874	1882	1867	2628
ENSG00000175793	SFN	1464	1181	1129	1185	1206	1228	1710
ENSG00000175806	MSRA	145	138	129	124	154	116	187
ENSG00000175820	CCDC168	0	1	0	0	0	0	4
ENSG00000175826	CTDNEP1	4826	3678	3522	3993	4259	4298	6062
ENSG00000175832	ETV4	12828	10255	9347	10505	11398	11843	16162
ENSG00000175854	SWI5	408	336	276	356	388	393	546
ENSG00000175866	BAIAP2	1182	1068	902	951	1186	1203	1583
ENSG00000175874	CREG2	0	0	0	0	0	0	3
ENSG00000175877	TMEM270	2	0	0	0	0	1	0
ENSG00000175879	HOXD8	0	0	0	0	0	0	1
ENSG00000175893	ZDHHC21	665	516	507	529	569	715	918
ENSG00000175894	TSPEAR	56	42	42	37	63	51	47
ENSG00000175895	PLEKHF2	583	387	365	433	428	490	635
ENSG00000175899	A2M	129462	96964	99826	97055	107050	118119	168761
ENSG00000175906	ARL4D	486	469	369	457	495	529	653
ENSG00000175920	DOK7	8	5	1	13	5	2	6
ENSG00000175928	LRRN1	0	3	2	0	1	1	1
ENSG00000175931	UBE2O	3968	3107	2996	3062	3461	3624	5115
ENSG00000175938	ORAI3	561	480	512	533	515	536	800
ENSG00000175946	KLHL38	0	0	0	1	0	0	0
ENSG00000175970	UNC119B	1953	1348	1454	1614	1694	1863	2493
ENSG00000175984	DENND2C	5	6	7	2	14	10	24
ENSG00000175985	PLEKHD1	2	0	1	2	3	1	6
ENSG00000176009	ASCL3	0	0	0	0	2	1	1
ENSG00000176014	TUBB6	1067	861	726	890	834	946	1248
ENSG00000176018	LYSMD3	1220	879	897	936	984	1140	1591
ENSG00000176020	AMIGO3	81	53	55	89	76	62	135
ENSG00000176022	B3GALT6	1142	942	907	939	1028	927	1203
ENSG00000176024	ZNF613	124	114	101	84	145	131	173
ENSG00000176029	C11orf16	4	0	3	1	2	1	3
ENSG00000176040	TMPRSS7	1	1	0	0	0	0	0
ENSG00000176046	NUPR1	727	632	523	806	871	868	1255
ENSG00000176049	JAKMIP2	20	14	19	14	14	20	15
ENSG00000176055	MBLAC2	468	350	353	342	352	502	620
ENSG00000176058	TPRN	1098	902	814	834	1009	958	1330
ENSG00000176076	KCNE5	12	7	9	10	19	8	8
ENSG00000176087	SLC35A4	113	77	101	86	121	117	141
ENSG00000176092	CRYBG2	118	80	97	89	93	101	123
ENSG00000176095	IP6K1	1802	1337	1358	1467	1621	1603	2275
ENSG00000176101	SSNA1	483	455	335	476	522	469	571
ENSG00000176102	CSTF3	2170	1790	1710	1785	1900	2071	2712
ENSG00000176105	YES1	3946	2922	3081	3154	3310	3677	5392
ENSG00000176108	CHMP6	1098	920	751	934	1011	929	1296
ENSG00000176125	UFSP1	66	34	34	45	59	51	57
ENSG00000176142	TMEM39A	1847	1359	1275	1276	1549	1557	2206
ENSG00000176148	TCP11L1	308	221	218	189	240	281	413
ENSG00000176153	GPX2	12950	10503	9143	11186	12051	12081	17788
ENSG00000176155	CCDC57	141	145	117	143	141	156	248
ENSG00000176160	HSF5	0	0	0	1	1	0	1
ENSG00000176165	FOXG1	0	0	1	1	0	0	2
ENSG00000176170	SPHK1	6300	5373	4961	5627	6305	5880	7785
ENSG00000176171	BNIP3	5967	4722	4402	4253	4432	5058	7227
ENSG00000176182	MYPOP	597	471	486	500	543	570	764
ENSG00000176204	LRRTM4	4	9	14	10	5	12	18
ENSG00000176208	ATAD5	606	429	432	436	531	489	774
ENSG00000176209	SMIM19	177	131	127	146	165	181	285
ENSG00000176222	ZNF404	30	30	19	31	38	31	34
ENSG00000176225	RTTN	254	189	203	183	271	230	368
ENSG00000176230	OR4K17	4	3	8	4	4	7	11
ENSG00000176244	ACBD7	227	165	192	188	195	210	296
ENSG00000176248	ANAPC2	1332	1103	1054	1114	1269	1158	1607
ENSG00000176253	OR4K13	0	0	0	0	0	0	1
ENSG00000176261	ZBTB8OS	548	451	384	516	467	492	668
ENSG00000176273	SLC35G1	194	133	136	143	149	187	229
ENSG00000176302	FOXR1	0	0	1	0	1	0	0
ENSG00000176340	COX8A	2508	2211	1825	2077	2251	2332	3196
ENSG00000176358	TAC4	2	0	2	0	0	0	0
ENSG00000176371	ZSCAN2	639	512	463	544	565	589	833
ENSG00000176381	PRR18	16	3	11	18	6	7	8
ENSG00000176383	B3GNT4	8	11	8	15	8	13	15
ENSG00000176386	CDC26	667	523	464	562	548	587	755
ENSG00000176387	HSD11B2	517	440	404	468	442	487	692
ENSG00000176390	CRLF3	565	420	395	371	464	507	689
ENSG00000176393	RNPEP	2627	2089	1983	2142	2322	2357	3257
ENSG00000176396	EID2	768	640	610	663	676	767	1015
ENSG00000176399	DMRTA1	10	5	7	8	3	10	8
ENSG00000176401	EID2B	133	133	111	136	121	155	184
ENSG00000176402	GJC3	12	13	11	10	18	11	22
ENSG00000176406	RIMS2	8	3	5	6	1	1	11
ENSG00000176407	KCMF1	2214	1794	1730	1815	1969	2118	2800
ENSG00000176410	DNAJC30	530	421	396	412	518	467	661
ENSG00000176422	SPRYD4	804	629	599	584	642	686	966
ENSG00000176428	VPS37D	149	129	89	104	119	126	178
ENSG00000176438	SYNE3	688	547	531	511	637	736	966
ENSG00000176444	CLK2	778	715	603	645	621	731	1004
ENSG00000176454	LPCAT4	508	401	384	413	425	408	635
ENSG00000176463	SLCO3A1	0	0	0	0	0	0	3
ENSG00000176472	ZNF575	20	17	13	11	30	14	28
ENSG00000176473	WDR25	140	109	106	139	164	129	177
ENSG00000176476	SGF29	508	422	372	430	492	460	626
ENSG00000176485	PLAAT3	181	149	121	169	179	167	215
ENSG00000176490	DIRAS1	55	59	48	62	61	82	74
ENSG00000176495	OR5AN1	0	1	0	0	0	0	0
ENSG00000176531	PHLDB3	539	439	416	423	449	469	635
ENSG00000176532	PRR15	360	286	320	296	350	337	499
ENSG00000176533	GNG7	388	298	289	349	375	427	501
ENSG00000176542	USF3	897	698	668	583	727	863	1255
ENSG00000176563	CNTD1	3	0	0	0	3	3	0
ENSG00000176595	KBTBD11	1	2	1	3	1	1	2
ENSG00000176597	B3GNT5	0	2	1	0	0	0	0
ENSG00000176601	MAP3K19	0	0	0	0	0	0	2
ENSG00000176619	LMNB2	10083	7961	7605	7831	9013	9586	12488
ENSG00000176623	RMDN1	942	749	654	691	773	799	1102
ENSG00000176624	MEX3C	1893	1439	1388	1590	1672	1869	2652
ENSG00000176635	HORMAD2	1	0	0	0	0	0	0
ENSG00000176641	RNF152	5	3	5	6	1	2	3
ENSG00000176658	MYO1D	1281	933	1010	973	1143	1238	1713
ENSG00000176678	FOXL1	1	0	0	0	0	0	0
ENSG00000176679	TGIF2LY	1	0	0	0	0	0	0
ENSG00000176681	LRRC37A	79	65	57	63	66	87	93
ENSG00000176692	FOXC2	4	0	2	1	0	1	2
ENSG00000176697	BDNF	0	0	0	0	1	0	1
ENSG00000176714	CCDC121	104	71	85	81	72	84	153
ENSG00000176715	ACSF3	939	726	689	759	805	784	1120
ENSG00000176720	BOK	2320	1813	1807	1875	2007	1956	2749
ENSG00000176723	ZNF843	1	2	1	6	2	1	4
ENSG00000176731	RBIS	800	688	490	593	666	691	925
ENSG00000176732	PFN4	1	3	1	1	0	5	0
ENSG00000176749	CDK5R1	205	170	151	153	185	189	295
ENSG00000176771	NCKAP5	0	0	2	0	0	1	2
ENSG00000176783	RUFY1	1149	955	891	861	931	1088	1436
ENSG00000176788	BASP1	0	0	0	0	0	0	1
ENSG00000176809	LRRC37A3	70	57	74	39	54	69	103
ENSG00000176834	VSIG10	624	514	438	483	521	510	747
ENSG00000176845	METRNL	79	73	54	86	78	80	91
ENSG00000176853	FAM91A1	2599	1849	1952	2056	2145	2414	3514
ENSG00000176871	WSB2	2187	1644	1697	1718	1891	1921	2645
ENSG00000176884	GRIN1	11	14	5	13	13	12	13
ENSG00000176887	SOX11	0	0	0	1	0	0	1
ENSG00000176890	TYMS	5814	4422	4201	4650	4989	5091	7060
ENSG00000176893	OR51G2	1	0	0	0	0	0	0
ENSG00000176894	PXMP2	504	432	404	435	481	454	614
ENSG00000176896	TCEANC	25	36	25	30	19	31	54
ENSG00000176903	PNMA1	1465	1120	1077	1257	1342	1347	1823
ENSG00000176907	TCIM	1503	1154	1102	1114	1192	1431	1956
ENSG00000176909	MAMSTR	220	175	184	158	224	191	303
ENSG00000176915	ANKLE2	1942	1571	1443	1476	1654	1815	2539
ENSG00000176919	C8G	59	58	28	60	31	47	65
ENSG00000176920	FUT2	26	20	14	13	15	21	39
ENSG00000176927	EFCAB5	0	0	0	1	0	0	1
ENSG00000176928	GCNT4	65	55	50	58	60	66	96
ENSG00000176945	MUC20	18	16	8	7	12	14	30
ENSG00000176946	THAP4	3060	2342	2156	2340	2449	2611	3681
ENSG00000176953	NFATC2IP	2679	2254	2022	2000	2193	2361	3318
ENSG00000176973	FAM89B	404	354	329	335	371	359	472
ENSG00000176974	SHMT1	1898	1549	1496	1535	1830	1754	2380
ENSG00000176978	DPP7	0	8	4	4	15	10	6
ENSG00000176986	SEC24C	5244	4166	3901	4121	4604	4579	6661
ENSG00000176994	SMCR8	2009	1451	1436	1429	1679	1857	2772
ENSG00000177000	MTHFR	333	256	267	238	280	309	457
ENSG00000177025	C19orf18	9	3	4	10	8	7	9
ENSG00000177030	DEAF1	672	638	494	560	703	669	963
ENSG00000177034	MTX3	1161	910	867	897	1024	1061	1620
ENSG00000177042	TMEM80	331	313	281	266	306	319	432
ENSG00000177045	SIX5	1110	850	768	802	969	977	1507
ENSG00000177051	FBXO46	532	478	417	466	477	491	693
ENSG00000177054	ZDHHC13	411	345	306	337	386	377	483
ENSG00000177058	SLC38A9	533	425	416	434	477	568	727
ENSG00000177076	ACER2	117	86	91	79	90	107	165
ENSG00000177082	WDR73	400	327	343	348	373	428	630
ENSG00000177084	POLE	2123	1697	1696	1680	1969	2071	3440
ENSG00000177096	PHETA2	1	0	1	0	1	2	3
ENSG00000177098	SCN4B	2	0	0	5	0	0	6
ENSG00000177103	DSCAML1	14	20	10	13	6	6	17
ENSG00000177105	RHOG	892	686	637	689	761	728	1075
ENSG00000177106	EPS8L2	5736	4419	4181	4130	4700	4852	7188
ENSG00000177108	ZDHHC22	1	0	0	0	0	2	3
ENSG00000177119	ANO6	5848	4189	4515	4527	5005	5412	8348
ENSG00000177125	ZBTB34	514	330	387	360	409	459	616
ENSG00000177138	FAM9B	0	0	0	1	1	0	0
ENSG00000177144	NUDT4B	779	596	698	648	664	750	1078
ENSG00000177150	FAM210A	960	735	689	699	802	917	1275
ENSG00000177156	TALDO1	6595	5238	4745	5560	5580	5624	7787
ENSG00000177169	ULK1	1438	1206	1183	1223	1386	1482	2159
ENSG00000177181	RIMKLA	202	166	161	146	137	196	256
ENSG00000177182	CLVS1	0	0	0	3	1	4	1
ENSG00000177189	RPS6KA3	26470	18983	19941	19471	21069	24529	34892
ENSG00000177191	B3GNT8	78	70	51	66	77	87	116
ENSG00000177192	PUS1	1347	1271	1028	1245	1438	1418	1817
ENSG00000177200	CHD9	1126	775	928	1062	968	1236	1853
ENSG00000177201	OR2T12	5	7	9	5	7	2	5
ENSG00000177202	SPACA4	2	0	5	0	1	0	1
ENSG00000177212	OR2T33	2	1	1	2	2	3	4
ENSG00000177225	GATD1	2819	2404	2248	2375	2682	2570	3609
ENSG00000177238	TRIM72	45	56	35	42	47	48	75
ENSG00000177239	MAN1B1	1760	1492	1531	1527	1800	1609	2340
ENSG00000177283	FZD8	33	18	17	32	34	27	42
ENSG00000177291	GJD4	0	0	0	2	0	0	0
ENSG00000177294	FBXO39	0	0	0	0	1	1	0
ENSG00000177302	TOP3A	1545	1212	1150	1392	1361	1481	2037
ENSG00000177303	CASKIN2	880	738	660	695	814	802	1184
ENSG00000177311	ZBTB38	3525	2428	2712	2671	2939	3180	4958
ENSG00000177324	BEND2	1	0	0	0	0	0	0
ENSG00000177352	CCDC71	515	422	397	453	476	509	662
ENSG00000177363	LRRN4CL	6	4	3	0	4	3	7
ENSG00000177370	TIMM22	943	715	665	818	862	823	1106
ENSG00000177374	HIC1	43	62	37	38	65	55	86
ENSG00000177380	PPFIA3	421	372	304	331	399	401	538
ENSG00000177383	MAGEF1	2650	2232	2137	2294	2369	2548	3565
ENSG00000177425	PAWR	2847	2062	2286	2216	2239	2604	3700
ENSG00000177426	TGIF1	1722	1542	1295	1268	1441	1543	2170
ENSG00000177427	MIEF2	242	239	203	215	279	271	332
ENSG00000177432	NAP1L5	82	64	55	69	65	78	109
ENSG00000177453	NIM1K	0	2	1	5	3	4	0
ENSG00000177455	CD19	3	13	5	13	11	15	10
ENSG00000177459	ERICH5	2	2	3	3	1	2	7
ENSG00000177463	NR2C2	1267	901	1034	824	1058	1237	1913
ENSG00000177464	GPR4	2	0	0	1	0	0	0
ENSG00000177465	ACOT4	0	1	0	0	0	0	0
ENSG00000177468	OLIG3	0	0	0	1	0	0	0
ENSG00000177469	CAVIN1	4262	3382	3245	3325	3751	3886	5166
ENSG00000177479	ARIH2	2715	2084	1967	2132	2222	2409	3251
ENSG00000177483	RBM44	9	0	9	3	0	5	5
ENSG00000177485	ZBTB33	1401	972	1030	1082	1167	1356	1976
ENSG00000177494	ZBED2	0	0	0	0	0	0	1
ENSG00000177508	IRX3	1633	1399	1322	1364	1553	1547	2247
ENSG00000177519	RPRM	1	1	0	0	0	0	0
ENSG00000177542	SLC25A22	1418	1141	995	1132	1215	1249	1799
ENSG00000177548	RABEP2	789	616	570	607	699	675	903
ENSG00000177551	NHLH2	1	0	0	0	0	0	0
ENSG00000177556	ATOX1	825	759	638	723	683	733	958
ENSG00000177565	TBL1XR1	1862	1339	1376	1310	1624	1662	2364
ENSG00000177570	SAMD12	0	1	0	0	1	0	2
ENSG00000177575	CD163	1	2	0	0	0	0	1
ENSG00000177576	C18orf32	332	258	231	242	301	350	482
ENSG00000177595	PIDD1	865	711	669	694	738	782	1048
ENSG00000177599	ZNF491	39	39	27	27	37	33	35
ENSG00000177600	RPLP2	14448	12464	10838	12161	12761	12879	17615
ENSG00000177602	HASPIN	300	213	256	230	272	309	405
ENSG00000177606	JUN	1649	1341	1355	1423	1366	1476	2144
ENSG00000177613	CSTF2T	461	308	346	393	381	381	622
ENSG00000177614	PGBD5	14	7	8	10	12	8	15
ENSG00000177628	GBA	966	710	698	742	763	798	1187
ENSG00000177646	ACAD9	992	805	787	886	895	916	1193
ENSG00000177663	IL17RA	600	472	456	489	537	529	791
ENSG00000177666	PNPLA2	4195	3295	3324	3372	3648	3757	5473
ENSG00000177669	MBOAT4	98	80	75	59	64	57	107
ENSG00000177674	AGTRAP	781	625	580	654	761	719	1001
ENSG00000177675	CD163L1	33	40	23	24	24	21	38
ENSG00000177679	SRRM3	35	19	19	20	32	16	48
ENSG00000177683	THAP5	488	337	375	358	368	456	582
ENSG00000177685	CRACR2B	453	380	316	355	415	374	546
ENSG00000177688	SUMO4	6	4	6	2	5	4	6
ENSG00000177689	MAGEB10	0	3	4	2	1	1	1
ENSG00000177692	DNAJC28	45	38	35	33	32	41	71
ENSG00000177694	NAALADL2	0	0	0	0	0	0	1
ENSG00000177697	CD151	4144	3593	3235	3664	3865	3869	5129
ENSG00000177700	POLR2L	1959	1575	1356	1604	1653	1563	2276
ENSG00000177706	FAM20C	1269	1028	979	1054	1168	1158	1521
ENSG00000177707	NECTIN3	746	511	556	623	582	770	917
ENSG00000177710	SLC35G5	0	0	2	0	0	0	1
ENSG00000177721	ANXA2R	51	39	33	41	49	32	59
ENSG00000177728	TMEM94	1833	1329	1323	1506	1570	1747	2489
ENSG00000177731	FLII	6923	5289	5254	5247	5907	6403	8739
ENSG00000177732	SOX12	8877	7082	6808	7030	7931	8230	11166
ENSG00000177733	HNRNPA0	9671	7873	7825	8799	9180	9513	12395
ENSG00000177752	YIPF7	0	0	0	0	1	0	0
ENSG00000177791	MYOZ1	0	0	0	0	0	3	1
ENSG00000177807	KCNJ10	1126	908	896	981	1151	1159	1688
ENSG00000177830	CHID1	2524	1996	1917	2037	2049	2141	2891
ENSG00000177839	PCDHB9	23	26	17	23	21	14	30
ENSG00000177842	ZNF620	245	165	183	205	210	231	322
ENSG00000177853	ZNF518A	1386	945	1040	1072	1409	1486	2353
ENSG00000177854	TMEM187	132	113	117	142	141	117	152
ENSG00000177868	SVBP	407	356	301	297	368	375	544
ENSG00000177873	ZNF619	128	109	104	100	109	109	162
ENSG00000177879	AP3S1	2827	2354	2083	2332	2423	2575	3479
ENSG00000177885	GRB2	7592	5859	5734	6317	6639	6651	9099
ENSG00000177888	ZBTB41	394	255	298	313	289	323	492
ENSG00000177889	UBE2N	4543	3664	3276	3808	3835	4145	5391
ENSG00000177917	ARL6IP6	1115	616	764	873	823	877	1289
ENSG00000177932	ZNF354C	1	1	1	1	0	1	0
ENSG00000177943	MAMDC4	450	364	285	290	312	353	558
ENSG00000177951	BET1L	2481	2041	1918	1960	2134	2205	3177
ENSG00000177954	RPS27	11011	9061	7803	9186	9872	10523	14107
ENSG00000177963	RIC8A	2940	2337	2205	2308	2477	2689	3654
ENSG00000177971	IMP3	2286	1895	1717	1958	2083	2066	2922
ENSG00000177981	ASB8	540	402	350	439	445	528	698
ENSG00000177984	LCN15	424	400	320	266	287	319	369
ENSG00000177989	ODF3B	12	15	13	13	5	17	14
ENSG00000177994	C2orf73	0	0	0	0	1	0	0
ENSG00000178015	GPR150	2	3	1	2	3	4	4
ENSG00000178021	TSPYL6	0	0	0	1	2	0	0
ENSG00000178026	LRRC75B	143	144	92	130	126	180	216
ENSG00000178028	DMAP1	620	518	476	582	594	645	835
ENSG00000178033	CALHM5	1	0	1	1	0	0	0
ENSG00000178035	IMPDH2	5858	4298	4377	4746	5084	5381	7451
ENSG00000178053	MLF1	7	4	4	10	4	4	9
ENSG00000178057	NDUFAF3	916	840	671	732	776	845	1160
ENSG00000178074	C2orf69	1134	798	854	893	943	989	1471
ENSG00000178075	GRAMD1C	5	0	5	5	1	1	7
ENSG00000178078	STAP2	540	424	381	379	456	459	615
ENSG00000178093	TSSK6	0	0	43	0	0	44	0
ENSG00000178096	BOLA1	52	50	35	42	45	31	57
ENSG00000178104	PDE4DIP	996	744	794	807	773	905	1273
ENSG00000178105	DDX10	1300	997	939	977	1092	1171	1594
ENSG00000178115	GOLGA8Q	2	5	6	7	2	7	0
ENSG00000178127	NDUFV2	3663	3258	2674	3191	3329	3513	4612
ENSG00000178149	DALRD3	515	371	355	409	398	447	597
ENSG00000178150	ZNF114	1258	917	953	1021	1098	1100	1608
ENSG00000178163	ZNF518B	1	0	0	0	0	1	0
ENSG00000178175	ZNF366	3	6	1	2	1	1	2
ENSG00000178177	LCORL	430	347	327	378	443	410	655
ENSG00000178184	PARD6G	628	498	498	505	576	536	774
ENSG00000178187	ZNF454	7	5	9	2	5	10	16
ENSG00000178188	SH2B1	2503	2198	1919	1939	2200	2372	3283
ENSG00000178199	ZC3H12D	197	167	155	120	154	176	255
ENSG00000178201	VN1R1	41	16	23	12	29	23	40
ENSG00000178202	POGLUT3	2170	1599	1682	1737	1851	2095	2972
ENSG00000178209	PLEC	8403	6788	6251	5345	6828	7570	10470
ENSG00000178217	SH2D4B	0	0	0	0	0	0	2
ENSG00000178222	RNF212	2	2	4	0	0	0	0
ENSG00000178226	PRSS36	20	2	2	0	1	3	0
ENSG00000178229	ZNF543	235	182	185	174	216	220	323
ENSG00000178233	TMEM151B	9	7	1	7	7	3	8
ENSG00000178234	GALNT11	613	507	492	501	530	562	713
ENSG00000178235	SLITRK1	1	0	0	0	0	0	0
ENSG00000178252	WDR6	4469	3844	3521	3484	4172	4235	5301
ENSG00000178257	PRM3	0	0	0	0	1	0	0
ENSG00000178295	GEN1	1048	761	760	694	823	958	1381
ENSG00000178297	TMPRSS9	160	142	130	125	131	169	189
ENSG00000178301	AQP11	373	309	303	344	306	344	499
ENSG00000178307	TMEM11	520	413	389	410	439	445	659
ENSG00000178338	ZNF354B	232	179	206	159	179	214	302
ENSG00000178342	KCNG2	0	0	0	0	0	0	2
ENSG00000178358	OR2D3	0	0	0	0	1	0	0
ENSG00000178363	CALML3	1	3	3	2	1	0	1
ENSG00000178372	CALML5	1	0	0	0	0	0	1
ENSG00000178381	ZFAND2A	1434	1156	985	1235	1406	1392	1719
ENSG00000178385	PLEKHM3	540	395	446	384	531	499	715
ENSG00000178386	ZNF223	96	98	86	81	95	110	160
ENSG00000178397	FAM220A	5	0	1	0	3	1	1
ENSG00000178401	DNAJC22	491	378	436	440	518	539	585
ENSG00000178404	CEP295NL	4	2	2	4	1	0	0
ENSG00000178409	BEND3	651	514	505	502	605	630	869
ENSG00000178425	NT5DC1	1852	1508	1421	1593	1601	1760	2565
ENSG00000178445	GLDC	4963	3830	4099	3672	4263	4860	6225
ENSG00000178449	COX14	440	384	323	370	383	480	502
ENSG00000178460	MCMDC2	3	0	4	3	4	4	12
ENSG00000178462	TUBAL3	7	2	2	1	1	2	2
ENSG00000178467	P4HTM	1	0	0	0	0	0	0
ENSG00000178473	UCN3	0	2	1	0	0	0	0
ENSG00000178498	DTX3	531	452	382	372	473	528	672
ENSG00000178502	KLHL11	403	316	314	297	354	419	518
ENSG00000178531	CTXN1	123	114	75	92	112	92	174
ENSG00000178537	SLC25A20	461	369	387	382	400	383	618
ENSG00000178562	CD28	0	0	2	0	1	0	0
ENSG00000178567	EPM2AIP1	1897	1508	1473	1348	1508	1783	2538
ENSG00000178568	ERBB4	0	0	0	0	0	0	3
ENSG00000178573	MAF	59	39	52	44	47	51	70
ENSG00000178585	CTNNBIP1	2447	2006	1863	2074	2218	2274	3161
ENSG00000178597	PSAPL1	0	3	4	3	5	1	1
ENSG00000178602	OTOS	1	0	0	1	0	0	1
ENSG00000178605	GTPBP6	1914	1610	1448	1557	1770	1679	2265
ENSG00000178607	ERN1	713	548	463	488	603	632	893
ENSG00000178623	GPR35	1890	1597	1436	1441	1539	1577	2412
ENSG00000178662	CSRNP3	0	1	0	2	0	0	0
ENSG00000178665	ZNF713	64	69	66	72	61	67	97
ENSG00000178685	PARP10	1047	828	868	864	913	954	1270
ENSG00000178690	DYNAP	8	4	6	7	2	5	14
ENSG00000178691	SUZ12	2250	1533	1732	1764	1818	2003	2998
ENSG00000178694	NSUN3	283	248	235	246	232	300	414
ENSG00000178695	KCTD12	2	2	1	0	2	1	2
ENSG00000178700	DHFR2	290	229	208	275	268	297	418
ENSG00000178718	RPP25	26	17	15	12	17	10	26
ENSG00000178719	GRINA	4161	3271	3273	3321	3866	3835	5599
ENSG00000178726	THBD	1	0	0	0	1	0	0
ENSG00000178732	GP5	0	2	0	1	1	1	0
ENSG00000178741	COX5A	3342	2633	2414	2715	2796	2931	4044
ENSG00000178750	STX19	2	0	1	0	2	0	0
ENSG00000178752	ERFE	0	0	1	1	1	1	0
ENSG00000178761	FAM219B	531	442	494	568	467	419	690
ENSG00000178764	ZHX2	1972	1344	1558	1435	1548	1715	2580
ENSG00000178772	CPN2	3698	2780	2753	2752	3207	3128	4733
ENSG00000178773	CPNE7	10	5	1	1	4	1	2
ENSG00000178795	GDPD4	0	2	0	3	0	0	4
ENSG00000178802	MPI	987	742	707	860	897	864	1250
ENSG00000178804	H1-8	0	0	0	0	0	1	1
ENSG00000178809	TRIM73	94	74	75	81	73	106	145
ENSG00000178814	OPLAH	1636	1369	1199	1282	1543	1590	2259
ENSG00000178821	TMEM52	281	194	225	238	213	226	298
ENSG00000178826	TMEM139	97	113	48	50	50	68	77
ENSG00000178828	RNF186	2	1	3	0	0	0	3
ENSG00000178852	EFCAB13	47	61	35	24	30	41	66
ENSG00000178878	APOLD1	9	9	8	7	4	8	10
ENSG00000178896	EXOSC4	1031	816	706	942	1065	979	1228
ENSG00000178904	DPY19L3	972	792	736	821	814	936	1360
ENSG00000178913	TAF7	3341	2674	2521	2780	2965	3237	4299
ENSG00000178917	ZNF852	77	81	68	75	82	94	150
ENSG00000178919	FOXE1	0	0	1	0	0	0	0
ENSG00000178921	PFAS	3989	3077	3052	2982	3375	3665	5017
ENSG00000178927	CYBC1	887	663	672	815	810	781	1159
ENSG00000178934	LGALS7B	34	27	18	24	42	23	37
ENSG00000178935	ZNF552	264	248	209	254	303	293	385
ENSG00000178950	GAK	2480	1981	1817	1904	2179	2218	3132
ENSG00000178951	ZBTB7A	1972	1703	1660	1745	1745	1854	2634
ENSG00000178952	TUFM	12601	9979	9379	10362	11026	10962	14963
ENSG00000178965	ERICH3	2	4	0	0	0	0	0
ENSG00000178966	RMI1	621	515	488	483	537	602	817
ENSG00000178971	CTC1	659	547	479	490	584	642	836
ENSG00000178974	FBXO34	589	440	541	519	593	527	880
ENSG00000178980	SELENOW	321	249	223	303	278	254	394
ENSG00000178982	EIF3K	2469	1984	1820	2108	2182	2188	2958
ENSG00000178988	MRFAP1L1	1991	1624	1471	1723	1685	1832	2492
ENSG00000178996	SNX18	514	381	419	430	476	516	729
ENSG00000178997	EXD1	0	0	0	2	0	0	0
ENSG00000178999	AURKB	1723	1442	1281	1466	1539	1482	2098
ENSG00000179002	TAS1R2	0	0	0	1	0	1	0
ENSG00000179008	C14orf39	1	0	0	0	0	0	2
ENSG00000179010	MRFAP1	10627	8345	8142	9350	9515	9890	12877
ENSG00000179021	C3orf38	540	414	364	416	498	496	711
ENSG00000179023	KLHDC7A	107	80	89	68	97	93	158
ENSG00000179029	TMEM107	71	82	67	69	73	75	87
ENSG00000179041	RRS1	2024	1637	1501	1798	1933	1995	2618
ENSG00000179044	EXOC3L1	6	6	0	0	1	0	3
ENSG00000179051	RCC2	5615	4510	4295	4613	5027	5271	7285
ENSG00000179055	OR13D1	0	0	0	0	1	0	0
ENSG00000179058	C9orf50	2	4	3	1	0	0	1
ENSG00000179059	ZFP42	3	6	3	5	9	4	12
ENSG00000179071	CCDC89	6	4	2	3	0	0	2
ENSG00000179085	DPM3	380	351	272	349	359	339	451
ENSG00000179091	CYC1	4678	3964	3491	3826	4416	4167	5279
ENSG00000179094	PER1	396	338	317	282	360	347	481
ENSG00000179104	TMTC2	53	48	43	23	46	67	69
ENSG00000179111	HES7	3	4	1	4	3	2	3
ENSG00000179115	FARSA	3441	2804	2641	3035	3053	3139	4129
ENSG00000179119	SPTY2D1	965	753	843	881	926	982	1424
ENSG00000179133	C10orf67	0	1	0	0	0	0	0
ENSG00000179134	SAMD4B	2815	2225	2190	2184	2473	2604	3782
ENSG00000179148	ALOXE3	2	0	1	0	2	0	3
ENSG00000179151	EDC3	1664	1267	1262	1347	1555	1541	1991
ENSG00000179152	TCAIM	502	362	388	379	461	446	665
ENSG00000179163	FUCA1	1050	779	775	806	898	975	1403
ENSG00000179165	PXT1	0	1	1	3	1	0	0
ENSG00000179168	GGN	6	9	7	5	6	3	12
ENSG00000179178	TMEM125	0	1	1	1	0	0	2
ENSG00000179195	ZNF664	5377	4158	3915	4282	4563	5182	7217
ENSG00000179213	SIGLECL1	0	0	0	0	0	0	1
ENSG00000179218	CALR	59978	48680	45287	47963	51566	52071	68900
ENSG00000179222	MAGED1	12312	9595	9439	9474	10183	10793	15389
ENSG00000179240	GVQW3	413	352	323	283	342	363	606
ENSG00000179241	LDLRAD3	40	29	34	34	45	40	62
ENSG00000179242	CDH4	60	38	28	21	28	43	61
ENSG00000179256	SMCO3	7	2	0	4	5	0	14
ENSG00000179262	RAD23A	3557	2773	2636	3002	3174	3194	4413
ENSG00000179270	PCARE	2	0	0	2	0	0	0
ENSG00000179271	GADD45GIP1	2383	1968	1840	1977	2008	2109	2858
ENSG00000179284	DAND5	7	8	4	3	3	2	11
ENSG00000179292	TMEM151A	23	15	22	26	17	19	25
ENSG00000179295	PTPN11	5430	3527	4530	4960	5259	5552	8155
ENSG00000179304	FAM156B	815	1341	1054	657	668	1031	865
ENSG00000179314	WSCD1	46	59	63	54	47	58	83
ENSG00000179335	CLK3	1136	970	847	884	1016	1020	1421
ENSG00000179344	HLA-DQB1	2	2	1	0	0	0	1
ENSG00000179348	GATA2	1145	928	821	918	1051	1057	1366
ENSG00000179361	ARID3B	1108	832	860	893	951	1040	1523
ENSG00000179363	TMEM31	0	0	0	0	1	0	0
ENSG00000179364	PACS2	838	457	514	601	543	770	1059
ENSG00000179387	ELMOD2	1409	1061	1021	1028	1110	1270	1824
ENSG00000179388	EGR3	24	14	16	14	11	23	28
ENSG00000179397	CATSPERE	6	7	0	2	2	6	6
ENSG00000179399	GPC5	1	0	1	2	1	1	3
ENSG00000179403	VWA1	5615	4801	4484	4682	5375	5165	7444
ENSG00000179409	GEMIN4	1661	1157	1276	1284	1410	1539	1978
ENSG00000179431	FJX1	89	72	73	76	80	61	123
ENSG00000179454	KLHL28	316	252	259	260	264	294	449
ENSG00000179455	MKRN3	199	157	142	157	185	208	276
ENSG00000179456	ZBTB18	299	265	232	269	280	251	447
ENSG00000179476	C14orf28	177	180	147	165	150	167	226
ENSG00000179477	ALOX12B	2	5	1	0	1	0	2
ENSG00000179520	SLC17A8	10	1	3	10	10	6	11
ENSG00000179526	SHARPIN	587	438	353	471	474	434	664
ENSG00000179528	LBX2	239	207	208	203	203	231	338
ENSG00000179532	DNHD1	220	194	145	107	168	221	318
ENSG00000179546	HTR1D	6	5	1	3	2	1	3
ENSG00000179562	GCC1	765	564	577	636	730	745	974
ENSG00000179564	LSMEM2	9	5	3	3	6	4	6
ENSG00000179580	RNF151	1	0	0	2	0	1	1
ENSG00000179583	CIITA	112	100	115	99	88	103	164
ENSG00000179588	ZFPM1	956	760	777	750	908	818	1177
ENSG00000179598	PLD6	652	577	496	548	627	631	837
ENSG00000179603	GRM8	0	0	0	1	0	2	0
ENSG00000179604	CDC42EP4	2786	2057	2093	2242	2514	2580	3500
ENSG00000179627	ZBTB42	324	230	232	233	259	300	358
ENSG00000179630	LACC1	118	99	87	91	116	144	151
ENSG00000179632	MAF1	3735	3288	2795	3111	3313	3323	4547
ENSG00000179636	TPPP2	11	7	1	3	4	0	2
ENSG00000179673	RPRML	2	4	2	4	2	2	4
ENSG00000179674	ARL14	0	2	0	2	1	0	0
ENSG00000179709	NLRP8	0	0	1	0	0	0	0
ENSG00000179715	PCED1B	18	4	11	8	19	17	21
ENSG00000179750	APOBEC3B	346	314	292	285	268	296	433
ENSG00000179761	PIPOX	3493	3028	2790	3012	3207	3240	4375
ENSG00000179774	ATOH7	2	0	0	1	0	0	1
ENSG00000179776	CDH5	6	7	4	6	6	8	11
ENSG00000179817	MRGPRX4	7	5	8	6	7	4	7
ENSG00000179820	MYADM	6065	4588	5141	5277	5228	5790	7837
ENSG00000179826	MRGPRX3	7	1	5	8	4	8	9
ENSG00000179832	MROH1	856	734	667	579	671	724	949
ENSG00000179833	SERTAD2	2150	1540	1571	1530	1680	1911	2771
ENSG00000179841	AKAP5	107	93	77	90	95	101	131
ENSG00000179846	NKPD1	3	2	3	1	2	5	10
ENSG00000179855	GIPC3	2	0	1	5	3	0	3
ENSG00000179859	RNF227	55	58	59	37	51	56	91
ENSG00000179862	CITED4	645	503	450	536	548	525	747
ENSG00000179869	ABCA13	2	6	15	7	8	7	12
ENSG00000179873	NLRP11	3	2	1	2	0	0	0
ENSG00000179886	TIGD5	232	180	189	192	211	215	261
ENSG00000179889	PDXDC1	10215	7414	7581	7584	8387	9133	13050
ENSG00000179909	ZNF154	26	16	13	10	19	11	30
ENSG00000179912	R3HDM2	1160	934	920	903	1030	1092	1625
ENSG00000179913	B3GNT3	300	226	242	244	292	270	384
ENSG00000179915	NRXN1	0	0	0	0	0	0	3
ENSG00000179918	SEPHS2	10517	8362	7865	8893	9199	9745	13230
ENSG00000179921	GPBAR1	8	8	3	7	8	6	8
ENSG00000179922	ZNF784	256	198	191	231	241	234	326
ENSG00000179930	ZNF648	0	0	1	0	1	2	5
ENSG00000179933	C14orf119	3325	2863	2267	2753	2950	2834	3844
ENSG00000179934	CCR8	0	1	0	0	0	0	1
ENSG00000179938	GOLGA8J	0	0	0	2	0	0	3
ENSG00000179941	BBS10	515	434	395	438	412	473	707
ENSG00000179943	FIZ1	712	615	537	554	655	695	922
ENSG00000179950	PUF60	3982	3170	3014	3289	3678	3467	4678
ENSG00000179954	SSC5D	0	2	0	1	1	2	2
ENSG00000179958	DCTPP1	3031	2248	2021	2556	2928	2534	3246
ENSG00000179965	ZNF771	781	618	606	599	693	645	945
ENSG00000179981	TSHZ1	549	395	408	385	453	481	678
ENSG00000179988	PSTK	90	59	66	83	82	72	120
ENSG00000180008	SOCS4	983	762	786	765	820	968	1384
ENSG00000180011	PTGR3	1150	907	828	917	944	1074	1521
ENSG00000180035	ZNF48	792	550	545	681	678	737	1006
ENSG00000180043	GARIN5B	0	4	2	0	0	0	0
ENSG00000180044	C3orf80	3	4	1	4	1	5	7
ENSG00000180061	TMEM150B	9	13	12	3	10	20	26
ENSG00000180071	ANKRD18A	162	147	135	122	164	167	287
ENSG00000180089	TMEM86B	224	174	132	174	145	175	231
ENSG00000180096	SEPTIN1	42	36	38	0	15	38	73
ENSG00000180098	TRNAU1AP	255	230	173	229	281	247	358
ENSG00000180104	EXOC3	1091	884	784	918	946	1011	1305
ENSG00000180113	TDRD6	0	0	0	1	0	0	0
ENSG00000180116	C12orf40	2	1	2	3	0	2	2
ENSG00000180155	LYNX1	86	74	70	88	105	96	137
ENSG00000180176	TH	7	0	6	4	10	12	16
ENSG00000180182	MED14	1695	1176	1290	1338	1433	1533	2421
ENSG00000180185	FAHD1	1972	1623	1529	1714	1775	1860	2287
ENSG00000180190	TDRP	882	696	660	785	801	827	1165
ENSG00000180198	RCC1	5254	4320	3931	4359	4696	4833	6680
ENSG00000180205	WFDC9	0	0	0	0	1	0	0
ENSG00000180209	MYL11	1	1	0	0	2	1	0
ENSG00000180210	F2	11789	9696	8986	9906	10577	10978	14825
ENSG00000180228	PRKRA	1513	1106	1140	1339	1269	1298	1949
ENSG00000180233	ZNRF2	648	450	514	486	541	580	788
ENSG00000180245	RRH	0	5	3	4	4	0	5
ENSG00000180251	SLC9A4	1	3	4	9	4	5	9
ENSG00000180257	ZNF816	248	183	190	179	225	252	327
ENSG00000180263	FGD6	427	322	321	290	354	420	561
ENSG00000180304	OAZ2	1006	783	788	860	955	1025	1316
ENSG00000180316	PNPLA1	1	2	1	1	1	1	0
ENSG00000180318	ALX1	0	0	0	0	0	1	0
ENSG00000180329	CCDC43	1965	1485	1450	1641	1677	1873	2449
ENSG00000180332	KCTD4	1	0	0	1	2	0	0
ENSG00000180336	MEIOC	32	14	15	20	20	17	24
ENSG00000180340	FZD2	21	12	20	22	13	22	31
ENSG00000180346	TIGD2	456	310	311	357	405	384	565
ENSG00000180354	MTURN	580	420	409	457	439	498	686
ENSG00000180357	ZNF609	2109	1462	1584	1520	1726	1920	2892
ENSG00000180370	PAK2	6558	4506	5080	4914	5335	5849	8649
ENSG00000180376	CCDC66	260	166	171	141	179	122	299
ENSG00000180398	MCFD2	13159	9434	9992	10316	11438	12257	17273
ENSG00000180423	HARBI1	106	90	88	87	95	116	148
ENSG00000180425	C11orf71	278	224	208	234	227	274	367
ENSG00000180432	CYP8B1	78	51	41	51	41	70	73
ENSG00000180447	GAS1	3	0	0	0	0	0	0
ENSG00000180448	ARHGAP45	395	322	305	227	294	344	505
ENSG00000180475	OR10Q1	1	0	0	0	1	1	0
ENSG00000180479	ZNF571	43	45	37	35	39	47	71
ENSG00000180481	GLIPR1L2	3	4	5	8	2	3	14
ENSG00000180488	MIGA1	607	411	475	471	487	575	779
ENSG00000180530	NRIP1	3921	2739	2968	2915	3258	3702	5534
ENSG00000180532	ZSCAN4	19	10	13	20	18	26	15
ENSG00000180535	BHLHA15	621	435	453	461	503	559	842
ENSG00000180537	RNF182	0	2	1	0	0	1	2
ENSG00000180543	TSPYL5	0	0	0	0	1	0	0
ENSG00000180549	FUT7	4	5	1	3	0	0	0
ENSG00000180573	H2AC6	89	71	41	14	20	48	35
ENSG00000180574	EIF2S3B	59	36	28	41	48	51	77
ENSG00000180592	SKIDA1	72	67	54	64	69	80	124
ENSG00000180596	H2BC4	63	43	35	52	59	63	79
ENSG00000180611	MB21D2	37	26	39	43	41	45	53
ENSG00000180616	SSTR2	14	20	10	10	17	14	34
ENSG00000180626	ZNF594	309	263	250	243	264	270	425
ENSG00000180628	PCGF5	3887	2735	2764	3042	3091	3656	5196
ENSG00000180638	SLC47A2	7	3	0	0	4	0	3
ENSG00000180644	PRF1	151	118	107	110	136	132	185
ENSG00000180658	OR2A4	3	8	5	0	2	0	7
ENSG00000180660	MAB21L1	0	0	0	0	0	1	0
ENSG00000180667	YOD1	787	650	617	627	665	729	1093
ENSG00000180694	TMEM64	1013	745	840	860	788	880	1250
ENSG00000180708	OR10K2	0	0	0	0	0	0	1
ENSG00000180720	CHRM4	11	6	8	5	4	4	11
ENSG00000180730	SHISA2	0	0	0	0	0	0	1
ENSG00000180739	S1PR5	7	5	1	3	3	3	4
ENSG00000180745	CLRN3	0	1	0	0	0	0	0
ENSG00000180758	GPR157	848	663	685	620	740	812	1145
ENSG00000180767	CHST13	2568	2026	2042	2064	2354	2348	3212
ENSG00000180773	SLC36A4	621	459	493	524	533	618	815
ENSG00000180776	ZDHHC20	2786	1976	2191	2240	2221	2590	3778
ENSG00000180777	ANKRD30B	0	2	2	2	2	2	4
ENSG00000180787	ZFP3	1	0	0	0	0	1	0
ENSG00000180801	ARSJ	0	0	0	0	1	1	0
ENSG00000180806	HOXC9	21	16	21	22	15	21	38
ENSG00000180815	MAP3K15	182	132	162	134	160	200	261
ENSG00000180817	PPA1	4486	3621	3305	3750	3800	4044	5414
ENSG00000180822	PSMG4	879	832	659	640	817	849	1076
ENSG00000180834	MAP6D1	18	4	13	7	19	12	31
ENSG00000180855	ZNF443	248	181	178	205	187	240	315
ENSG00000180871	CXCR2	1	1	0	0	0	0	2
ENSG00000180875	GREM2	0	0	0	1	0	0	0
ENSG00000180878	C11orf42	0	0	0	1	0	0	1
ENSG00000180879	SSR4	1937	1727	1481	1691	1807	1750	2307
ENSG00000180881	CAPS2	0	0	0	2	0	1	0
ENSG00000180884	ZNF792	285	230	182	186	224	241	343
ENSG00000180891	CUEDC1	454	355	334	363	347	405	511
ENSG00000180900	SCRIB	5432	4482	4108	4240	4743	4759	6499
ENSG00000180901	KCTD2	1561	1043	1166	1177	1421	1434	1800
ENSG00000180902	D2HGDH	962	796	754	873	884	893	1135
ENSG00000180914	OXTR	63	53	42	51	47	49	60
ENSG00000180917	CMTR2	668	457	501	568	567	676	889
ENSG00000180919	OR56B4	0	0	1	0	0	1	0
ENSG00000180921	FAM83H	2190	1781	1700	1744	1922	1976	2923
ENSG00000180929	GPR62	5	1	4	4	2	0	1
ENSG00000180934	OR56A1	1	0	0	0	0	1	2
ENSG00000180938	ZNF572	140	126	139	114	135	162	219
ENSG00000180957	PITPNB	3273	2426	2436	2734	2730	2988	4262
ENSG00000180964	TCEAL8	710	548	576	553	688	597	851
ENSG00000180974	OR52E4	1	3	2	0	2	1	4
ENSG00000180979	LRRC57	562	477	461	461	495	512	744
ENSG00000180992	MRPL14	2301	2100	1757	2074	2343	2297	2644
ENSG00000180998	GPR137C	32	23	20	29	25	25	47
ENSG00000180999	C1orf105	0	3	2	3	4	6	4
ENSG00000181001	OR52N1	1	2	2	0	2	2	4
ENSG00000181004	BBS12	77	55	43	46	58	51	84
ENSG00000181007	ZFP82	190	141	161	143	141	164	249
ENSG00000181016	LSMEM1	2	2	0	3	0	2	22
ENSG00000181019	NQO1	25434	20029	18674	21220	21876	22072	30922
ENSG00000181023	OR56B1	0	0	0	0	0	0	1
ENSG00000181026	AEN	4107	3336	3174	3430	3776	3944	5460
ENSG00000181027	FKRP	823	643	590	686	841	799	1133
ENSG00000181029	TRAPPC5	905	794	678	720	804	803	1013
ENSG00000181031	RPH3AL	540	436	415	457	525	530	720
ENSG00000181035	SLC25A42	1012	764	747	843	866	896	1175
ENSG00000181038	METTL23	753	619	558	646	674	648	963
ENSG00000181045	SLC26A11	670	607	550	587	655	653	914
ENSG00000181061	HIGD1A	5199	3822	3545	4333	4422	4459	6311
ENSG00000181074	OR52N4	1	0	2	2	1	0	3
ENSG00000181085	MAPK15	5	6	2	5	0	5	3
ENSG00000181090	EHMT1	1900	1446	1525	1579	1661	1830	2395
ENSG00000181092	ADIPOQ	6	2	2	2	1	2	4
ENSG00000181104	F2R	1013	773	850	914	969	987	1417
ENSG00000181135	ZNF707	156	134	119	182	143	188	242
ENSG00000181163	NPM1	54148	42480	39768	44923	45383	48400	68690
ENSG00000181191	PJA1	298	244	260	271	276	290	426
ENSG00000181192	DHTKD1	785	620	603	622	731	771	1044
ENSG00000181215	C4orf50	0	0	0	0	0	0	2
ENSG00000181220	ZNF746	894	683	663	729	821	926	1179
ENSG00000181222	POLR2A	5097	3327	3962	3351	4229	4830	6929
ENSG00000181240	SLC25A41	10	20	0	16	0	16	0
ENSG00000181264	TLCD5	272	201	195	221	226	247	351
ENSG00000181274	FRAT2	986	828	758	829	899	914	1025
ENSG00000181284	TMEM102	189	154	187	195	211	202	272
ENSG00000181291	TMEM132E	0	0	0	0	1	0	0
ENSG00000181315	ZNF322	1196	842	928	940	1030	1137	1663
ENSG00000181322	NME9	17	17	10	9	14	13	19
ENSG00000181323	SPEM1	0	0	0	0	0	0	1
ENSG00000181333	HEPHL1	4	7	3	6	4	3	5
ENSG00000181350	LRRC75A	9	0	3	0	0	0	10
ENSG00000181378	CFAP65	0	0	0	0	0	0	1
ENSG00000181381	DDX60L	7	3	0	2	2	10	8
ENSG00000181392	SYNE4	257	202	204	174	218	231	331
ENSG00000181396	OGFOD3	1543	1267	1248	1410	1538	1524	2103
ENSG00000181404	WASHC1	234	228	201	220	253	276	301
ENSG00000181408	UTS2R	82	68	80	63	79	79	134
ENSG00000181409	AATK	351	264	277	260	365	333	420
ENSG00000181418	DDN	102	66	83	77	93	96	137
ENSG00000181444	ZNF467	5	3	1	1	3	1	3
ENSG00000181449	SOX2	2	3	1	1	0	5	1
ENSG00000181450	ZNF678	302	182	186	173	196	227	342
ENSG00000181458	TMEM45A	788	648	570	623	592	708	864
ENSG00000181467	RAP2B	1701	1298	1337	1361	1322	1466	2021
ENSG00000181472	ZBTB2	1413	1017	1043	1120	1182	1293	1881
ENSG00000181481	RNF135	1	0	1	1	0	0	0
ENSG00000181513	ACBD4	569	471	405	449	503	506	705
ENSG00000181523	SGSH	1115	960	823	829	952	1026	1488
ENSG00000181541	MAB21L2	1	0	0	0	0	0	0
ENSG00000181544	FANCB	153	122	121	102	109	132	238
ENSG00000181555	SETD2	2780	1877	2089	1792	2187	2476	3736
ENSG00000181588	MEX3D	1763	1314	1263	1385	1598	1595	2211
ENSG00000181609	OR52D1	0	0	0	0	0	1	0
ENSG00000181610	MRPS23	2465	2016	1769	1989	2169	2168	2773
ENSG00000181619	GPR135	73	73	65	52	54	61	89
ENSG00000181625	SLX1B	2161	1757	1677	1850	1943	1997	2875
ENSG00000181634	TNFSF15	16	22	17	10	6	14	27
ENSG00000181638	ZFP41	731	570	552	517	679	650	952
ENSG00000181649	PHLDA2	247	202	195	190	252	197	328
ENSG00000181652	ATG9B	8	17	10	5	7	13	10
ENSG00000181666	ZNF875	430	393	313	328	383	356	579
ENSG00000181690	PLAG1	445	387	351	308	335	400	595
ENSG00000181693	OR8H1	0	0	0	0	2	0	1
ENSG00000181704	YIPF6	2045	1524	1508	1583	1549	1721	2440
ENSG00000181722	ZBTB20	276	174	159	128	181	178	291
ENSG00000181744	DIPK2A	561	450	451	420	478	483	743
ENSG00000181751	MACIR	180	147	131	165	164	178	262
ENSG00000181754	AMIGO1	121	70	103	120	103	132	174
ENSG00000181773	GPR3	130	89	96	101	104	105	165
ENSG00000181781	ODF3L2	4	6	1	4	5	3	2
ENSG00000181785	OR5AS1	79	69	39	44	33	63	94
ENSG00000181788	SIAH2	3368	2531	2626	2642	2906	2988	4312
ENSG00000181789	COPG1	8178	6492	6086	6306	6911	7371	10540
ENSG00000181790	ADGRB1	4	2	0	0	0	3	2
ENSG00000181803	OR6S1	0	0	0	0	1	0	0
ENSG00000181817	LSM10	836	701	594	652	726	705	1006
ENSG00000181826	RELL1	867	728	697	778	776	832	1256
ENSG00000181827	RFX7	2360	1851	1774	1728	2046	2317	3421
ENSG00000181830	SLC35C1	1288	1056	949	1032	1129	1182	1762
ENSG00000181847	TIGIT	1	0	1	0	0	0	0
ENSG00000181852	RNF41	1150	965	880	940	1024	1148	1547
ENSG00000181856	SLC2A4	347	309	290	303	384	368	514
ENSG00000181873	IBA57	621	555	460	481	567	517	717
ENSG00000181885	CLDN7	1	2	3	2	1	1	5
ENSG00000181894	ZNF329	222	206	174	193	192	204	233
ENSG00000181896	ZNF101	589	488	448	574	583	536	773
ENSG00000181904	C5orf24	3063	2365	2453	2569	2626	3022	4399
ENSG00000181915	ADO	1258	954	974	1019	1142	1228	1733
ENSG00000181924	COA4	1639	1307	1174	1239	1341	1414	2034
ENSG00000181927	OR4P4	0	0	0	0	0	0	2
ENSG00000181929	PRKAG1	629	545	454	590	591	575	843
ENSG00000181938	GINS3	617	398	427	459	529	505	753
ENSG00000181982	CCDC149	20	15	24	14	18	22	33
ENSG00000181991	MRPS11	399	345	288	415	403	421	512
ENSG00000182004	SNRPE	1328	1199	967	1250	1255	1258	1422
ENSG00000182010	RTKN2	442	355	349	317	415	403	599
ENSG00000182013	PNMA8A	16	15	13	12	16	15	24
ENSG00000182022	CHST15	1683	1229	1299	919	1038	1422	2068
ENSG00000182035	ADIG	0	0	0	1	0	0	0
ENSG00000182040	USH1G	2	2	4	5	5	5	5
ENSG00000182050	MGAT4C	12	12	14	8	12	10	26
ENSG00000182054	IDH2	3606	2662	2578	2680	2771	2952	4254
ENSG00000182070	OR52A1	1	1	0	0	3	1	2
ENSG00000182083	OR6B2	0	1	0	0	0	0	0
ENSG00000182087	TMEM259	5070	4179	3737	4049	4594	4545	6231
ENSG00000182093	GET1	781	581	566	670	678	798	1045
ENSG00000182095	TNRC18	7582	6042	6009	5649	6703	7062	10324
ENSG00000182103	FAM181B	1	0	0	0	0	0	0
ENSG00000182108	DEXI	2134	1892	1723	1814	2008	2093	2901
ENSG00000182111	ZNF716	4	3	1	0	2	3	5
ENSG00000182117	NOP10	1916	1500	1323	1570	1637	1752	2376
ENSG00000182118	FAM89A	16	19	14	7	13	17	20
ENSG00000182134	TDRKH	180	142	135	167	155	191	258
ENSG00000182141	ZNF708	177	141	148	170	138	208	316
ENSG00000182149	IST1	5505	4149	4005	4269	4750	4866	6747
ENSG00000182150	ERCC6L2	813	567	706	501	669	673	998
ENSG00000182154	MRPL41	1713	1610	1305	1535	1769	1612	2038
ENSG00000182156	ENPP7	28	40	19	34	34	27	53
ENSG00000182158	CREB3L2	8163	5868	6429	5703	6579	7253	10698
ENSG00000182162	P2RY8	273	244	217	185	198	221	325
ENSG00000182168	UNC5C	0	0	0	0	1	0	0
ENSG00000182173	TSEN54	921	797	632	812	810	806	1057
ENSG00000182175	RGMA	25	27	25	28	22	36	47
ENSG00000182177	ASB18	1	0	0	0	0	1	0
ENSG00000182179	UBA7	284	251	244	223	289	292	432
ENSG00000182180	MRPS16	3373	2659	2516	2852	3112	3201	4258
ENSG00000182185	RAD51B	85	41	43	46	69	74	104
ENSG00000182195	LDOC1	0	1	1	0	2	0	1
ENSG00000182196	ARL6IP4	2672	2365	2012	2446	2514	2403	3338
ENSG00000182197	EXT1	1380	966	1062	1033	1243	1211	1780
ENSG00000182199	SHMT2	8537	7050	6309	8587	9362	9360	12188
ENSG00000182208	MOB2	493	382	350	396	482	436	589
ENSG00000182218	HHIPL1	2	3	1	2	1	1	3
ENSG00000182220	ATP6AP2	2078	1564	1376	1626	1600	1804	2435
ENSG00000182223	ZAR1	1	0	0	0	0	0	0
ENSG00000182224	CYB5D1	998	725	660	720	833	960	1283
ENSG00000182240	BACE2	0	4	3	1	6	3	4
ENSG00000182247	UBE2E2	21	24	20	20	20	19	29
ENSG00000182253	SYNM	561	393	466	436	422	555	707
ENSG00000182256	GABRG3	5	4	7	1	1	4	1
ENSG00000182261	NLRP10	6	9	7	5	3	14	6
ENSG00000182263	FIGN	1008	785	787	762	805	984	1293
ENSG00000182272	B4GALNT4	2148	1918	1674	1757	1934	2047	2809
ENSG00000182287	AP1S2	548	365	387	415	426	462	708
ENSG00000182307	C8orf33	728	435	602	559	564	628	1011
ENSG00000182308	DCAF4L1	3	7	2	2	1	4	6
ENSG00000182310	SPACA6	1	7	0	1	4	0	4
ENSG00000182318	ZSCAN22	226	188	185	164	209	226	297
ENSG00000182324	KCNJ14	27	17	18	19	24	24	27
ENSG00000182325	FBXL6	482	419	409	384	460	464	661
ENSG00000182326	C1S	545	425	399	491	496	529	695
ENSG00000182327	GLTPD2	1001	866	830	918	913	939	1188
ENSG00000182329	KIAA2012	0	0	1	0	1	0	0
ENSG00000182359	KBTBD3	51	38	45	30	57	43	71
ENSG00000182362	YBEY	49	54	37	43	39	48	68
ENSG00000182372	CLN8	1106	883	865	911	950	1062	1408
ENSG00000182378	PLCXD1	9581	7760	7465	7813	8430	8847	12568
ENSG00000182379	NXPH4	14	14	10	24	16	9	24
ENSG00000182389	CACNB4	404	354	302	286	332	184	569
ENSG00000182400	TRAPPC6B	1743	1359	1303	1472	1438	1572	2305
ENSG00000182405	PGBD4	149	131	108	111	133	136	185
ENSG00000182446	NPLOC4	7110	5728	5259	5512	6108	6397	8884
ENSG00000182459	TEX19	98	78	85	113	91	115	149
ENSG00000182463	TSHZ2	22	23	11	8	11	17	22
ENSG00000182472	CAPN12	68	84	41	38	58	79	87
ENSG00000182473	EXOC7	4573	3404	3482	3236	3959	4006	6441
ENSG00000182481	KPNA2	11107	8281	8053	8839	9361	9612	13432
ENSG00000182484	WASH6P	334	219	249	233	275	320	518
ENSG00000182489	XKRX	0	1	1	2	0	4	1
ENSG00000182492	BGN	85	65	74	58	66	70	100
ENSG00000182504	CEP97	212	206	211	206	233	200	318
ENSG00000182508	LHFPL1	1	0	0	0	0	0	0
ENSG00000182511	FES	346	276	232	278	369	316	394
ENSG00000182512	GLRX5	5034	4442	3777	4258	4725	4762	6112
ENSG00000182518	FAM104B	176	142	101	111	123	164	186
ENSG00000182521	TBPL2	3	10	5	2	3	7	8
ENSG00000182534	MXRA7	3440	2851	2690	2713	2970	2898	3912
ENSG00000182541	LIMK2	1746	1347	1224	1441	1464	1653	2218
ENSG00000182544	MFSD5	946	775	727	783	919	908	1189
ENSG00000182545	RNASE10	32	31	24	24	29	26	37
ENSG00000182551	ADI1	5539	4225	3909	4365	4616	4845	6266
ENSG00000182552	RWDD4	862	654	672	763	706	827	1159
ENSG00000182557	SPNS3	0	0	0	0	0	0	1
ENSG00000182568	SATB1	6	5	3	0	2	7	19
ENSG00000182575	NXPH3	12	29	18	21	29	23	37
ENSG00000182580	EPHB3	6	6	5	3	5	5	8
ENSG00000182583	VCX	0	0	0	0	2	0	0
ENSG00000182585	EPGN	24	21	19	15	22	20	39
ENSG00000182600	SNORC	1918	1488	1554	1547	1843	1786	2612
ENSG00000182601	HS3ST4	0	0	0	1	0	0	0
ENSG00000182606	TRAK1	3686	2738	2725	2630	3013	3216	4547
ENSG00000182612	TSPAN10	32	20	23	16	19	17	36
ENSG00000182621	PLCB1	2517	1940	1981	1980	2221	2448	3568
ENSG00000182628	SKA2	1758	1407	1322	1508	1511	1549	2256
ENSG00000182670	TTC3	9178	6343	7734	7074	6972	8783	12695
ENSG00000182676	PPP1R27	4	2	0	2	1	2	1
ENSG00000182685	BRICD5	56	71	49	46	64	46	111
ENSG00000182687	GALR2	36	29	30	34	38	35	44
ENSG00000182700	IGIP	98	94	69	76	87	98	166
ENSG00000182704	TSKU	1773	1349	1361	1357	1554	1554	2138
ENSG00000182712	CMC4	142	133	123	139	136	158	194
ENSG00000182718	ANXA2	4350	3478	3153	3550	3544	3673	5012
ENSG00000182749	PAQR7	1031	882	814	912	981	1042	1381
ENSG00000182752	PAPPA	10	9	10	5	6	11	11
ENSG00000182759	MAFA	3	6	5	3	3	3	3
ENSG00000182768	NGRN	919	763	700	846	866	943	1097
ENSG00000182771	GRID1	0	1	0	0	0	0	0
ENSG00000182774	RPS17	16482	13746	10875	13314	14062	14913	20902
ENSG00000182782	HCAR2	7	2	6	3	3	3	5
ENSG00000182791	CCDC87	22	16	18	15	16	18	17
ENSG00000182795	C1orf116	148	138	124	110	146	123	190
ENSG00000182809	CRIP2	1359	1128	1003	1114	1230	1171	1638
ENSG00000182810	DDX28	642	535	499	558	612	579	891
ENSG00000182827	ACBD3	2568	1921	2025	2209	2165	2364	3418
ENSG00000182831	C16orf72	5141	3368	4112	4102	4578	5002	7259
ENSG00000182836	PLCXD3	2	3	1	0	2	5	10
ENSG00000182853	VMO1	12	17	14	13	22	19	30
ENSG00000182854	OR4F15	2	0	0	2	0	1	2
ENSG00000182858	ALG12	787	721	608	742	664	691	1008
ENSG00000182866	LCK	67	49	47	79	83	47	84
ENSG00000182871	COL18A1	11655	9989	9294	9020	10165	10898	14854
ENSG00000182872	RBM10	2728	2235	2115	2244	2417	2598	3487
ENSG00000182885	ADGRG3	135	109	83	104	109	146	196
ENSG00000182890	GLUD2	3	1	1	0	2	2	2
ENSG00000182896	TMEM95	0	0	0	0	0	0	1
ENSG00000182899	RPL35A	6740	6139	4539	6000	6283	6461	8201
ENSG00000182902	SLC25A18	22	17	12	19	14	20	26
ENSG00000182903	ZNF721	650	526	488	509	594	650	931
ENSG00000182919	C11orf54	1340	1053	973	1074	1180	1307	1741
ENSG00000182923	CEP63	606	426	432	466	501	476	710
ENSG00000182934	SRPRA	5856	4520	4506	4487	4860	5169	7191
ENSG00000182944	EWSR1	9082	7173	6566	7730	8212	8403	11735
ENSG00000182950	ODF3L1	4	5	4	7	7	8	15
ENSG00000182952	HMGN4	1665	1385	1325	1316	1437	1547	2202
ENSG00000182957	SPATA13	1234	894	933	882	1126	1137	1664
ENSG00000182963	GJC1	118	81	74	88	90	95	134
ENSG00000182973	CNOT10	995	702	737	824	883	918	1322
ENSG00000182979	MTA1	3704	2950	2782	2918	3198	3295	4566
ENSG00000182983	ZNF662	8	4	1	10	6	10	8
ENSG00000182985	CADM1	4935	3726	4053	3806	4117	4671	6404
ENSG00000182986	ZNF320	29	32	34	42	32	33	60
ENSG00000182993	C12orf60	43	31	17	27	33	22	46
ENSG00000183010	PYCR1	11317	9677	8581	9831	10981	11136	14782
ENSG00000183011	NAA38	562	507	401	483	545	538	687
ENSG00000183018	SPNS2	0	1	6	1	0	1	1
ENSG00000183020	AP2A2	2226	1731	1682	1811	1939	2054	2930
ENSG00000183023	SLC8A1	0	0	0	1	0	0	0
ENSG00000183032	SLC25A21	23	11	20	21	32	29	34
ENSG00000183044	ABAT	6917	5218	5159	5303	6034	6337	9068
ENSG00000183048	SLC25A10	4275	3654	3240	3762	4081	3874	5223
ENSG00000183049	CAMK1D	51	73	38	42	50	54	73
ENSG00000183054	RGPD6	747	749	1057	856	887	1121	1913
ENSG00000183060	LYSMD4	259	221	158	234	248	292	340
ENSG00000183067	IGSF5	4	2	1	0	1	3	5
ENSG00000183072	NKX2-5	45	47	35	43	41	49	62
ENSG00000183077	AFMID	3373	2880	2474	2764	2863	3105	4163
ENSG00000183087	GAS6	13	9	7	6	4	8	12
ENSG00000183090	FREM3	0	1	0	1	0	2	0
ENSG00000183091	NEB	6	7	4	4	5	6	14
ENSG00000183092	BEGAIN	3	2	1	0	0	0	1
ENSG00000183098	GPC6	2610	1803	2016	1935	2130	2388	3629
ENSG00000183111	ARHGEF37	2	3	2	1	1	3	5
ENSG00000183114	FAM43B	397	359	309	351	373	383	494
ENSG00000183128	CALHM3	0	0	0	0	0	0	1
ENSG00000183134	PTGDR2	109	68	94	69	105	100	140
ENSG00000183137	CEP57L1	386	297	298	266	319	346	509
ENSG00000183145	RIPPLY3	57	47	49	57	52	53	80
ENSG00000183150	GPR19	15	13	10	18	25	14	26
ENSG00000183153	GJD3	400	385	327	382	456	383	501
ENSG00000183155	RABIF	502	326	325	392	375	416	561
ENSG00000183160	TMEM119	1	0	1	2	1	0	0
ENSG00000183161	FANCF	637	502	462	523	639	576	812
ENSG00000183166	CALN1	0	0	0	0	2	1	1
ENSG00000183172	SMDT1	236	201	171	156	169	187	265
ENSG00000183185	GABRR3	5	7	4	5	4	6	5
ENSG00000183186	C2CD4C	0	1	1	0	0	1	0
ENSG00000183196	CHST6	116	81	66	77	93	92	122
ENSG00000183207	RUVBL2	3516	2789	2568	2878	3116	3110	4081
ENSG00000183208	GDPGP1	90	94	74	75	108	113	139
ENSG00000183230	CTNNA3	0	0	0	1	0	0	0
ENSG00000183246	RIMBP3C	3	4	0	3	0	2	0
ENSG00000183248	PRR36	214	195	182	150	208	190	286
ENSG00000183251	OR51B4	1	1	0	0	1	0	4
ENSG00000183255	PTTG1IP	13883	11178	10560	10462	11108	11969	16603
ENSG00000183258	DDX41	1650	1319	1215	1341	1446	1706	2034
ENSG00000183260	ABHD16B	0	0	0	0	0	0	12
ENSG00000183273	CCDC60	0	0	0	0	0	0	3
ENSG00000183281	PLGLB1	31	21	16	21	33	38	58
ENSG00000183283	DAZAP2	2672	2120	2044	2104	2298	2450	3493
ENSG00000183287	CCBE1	11	12	7	7	17	16	20
ENSG00000183291	SELENOF	4303	3496	2801	3369	3753	3857	4930
ENSG00000183303	OR5P2	0	0	0	0	0	0	2
ENSG00000183307	TMEM121B	1	0	1	0	2	1	0
ENSG00000183309	ZNF623	685	560	529	560	609	640	1007
ENSG00000183317	EPHA10	62	39	46	40	48	65	85
ENSG00000183323	CCDC125	400	369	360	380	436	418	550
ENSG00000183336	BOLA2	944	756	696	687	752	787	1075
ENSG00000183337	BCOR	2249	1590	1715	1760	1947	2366	3235
ENSG00000183340	JRKL	492	386	369	387	403	424	591
ENSG00000183347	GBP6	2	1	2	1	3	2	1
ENSG00000183354	KIAA2026	652	430	486	441	534	624	860
ENSG00000183379	SYNDIG1L	2	0	1	0	0	1	0
ENSG00000183386	FHL3	440	338	370	385	384	411	588
ENSG00000183389	OR56A4	19	21	10	26	41	22	40
ENSG00000183395	PMCH	0	0	1	0	1	0	0
ENSG00000183396	TMEM89	1	2	1	3	4	0	2
ENSG00000183397	TEKTIP1	23	20	14	18	14	26	29
ENSG00000183401	CCDC159	28	20	20	29	32	20	28
ENSG00000183421	RIPK4	458	332	349	384	446	449	603
ENSG00000183423	LRIT3	0	3	1	1	3	0	3
ENSG00000183426	NPIPA1	567	489	410	505	511	442	700
ENSG00000183431	SF3A3	3807	3102	2937	3269	3599	3628	4920
ENSG00000183434	TFDP3	1	0	0	0	0	0	0
ENSG00000183439	TRIM61	32	16	25	18	27	23	59
ENSG00000183454	GRIN2A	0	0	1	0	0	0	1
ENSG00000183474	GTF2H2C	1058	1040	885	871	939	969	1391
ENSG00000183475	ASB7	803	607	581	648	702	749	1018
ENSG00000183479	TREX2	10	9	8	19	27	20	38
ENSG00000183484	GPR132	2	0	1	0	0	1	0
ENSG00000183486	MX2	955	731	653	753	813	798	1230
ENSG00000183495	EP400	3715	2750	2692	2488	2998	3343	5188
ENSG00000183496	MEX3B	171	122	99	123	132	141	188
ENSG00000183508	TENT5C	5	4	2	2	6	3	9
ENSG00000183513	COA5	795	646	532	602	655	691	917
ENSG00000183520	UTP11	1001	778	864	904	922	1006	1373
ENSG00000183527	PSMG1	2046	1467	1384	1619	1626	1701	2420
ENSG00000183530	PRR14L	1194	881	800	737	871	1031	1472
ENSG00000183542	KLRC4	2	6	3	6	4	1	5
ENSG00000183549	ACSM5	79	60	61	59	55	52	81
ENSG00000183560	IZUMO1R	1	5	2	2	1	2	1
ENSG00000183569	SERHL2	6	7	11	3	2	9	15
ENSG00000183571	PGPEP1L	0	0	0	0	0	1	1
ENSG00000183576	SETD3	1939	1486	1390	1548	1629	1815	2498
ENSG00000183578	TNFAIP8L3	133	98	95	97	124	140	174
ENSG00000183579	ZNRF3	4892	3730	3724	3692	4209	4317	6140
ENSG00000183580	FBXL7	1	2	1	0	1	1	0
ENSG00000183597	TANGO2	528	450	401	381	469	515	629
ENSG00000183598	H3C13	1	0	0	0	0	4	2
ENSG00000183605	SFXN4	1208	924	883	999	992	1088	1442
ENSG00000183615	FAM167B	27	13	11	27	19	21	32
ENSG00000183617	MRPL54	440	403	300	355	488	421	589
ENSG00000183621	ZNF438	39	36	35	25	43	30	50
ENSG00000183624	HMCES	1766	1538	1422	1547	1774	1741	2245
ENSG00000183628	DGCR6	4	6	10	2	8	11	6
ENSG00000183632	TP53TG3	0	0	0	0	0	0	1
ENSG00000183638	RP1L1	5	4	7	6	7	9	4
ENSG00000183644	HOATZ	3	3	5	2	2	2	4
ENSG00000183647	ZNF530	109	110	87	101	96	84	111
ENSG00000183648	NDUFB1	419	376	311	373	362	442	487
ENSG00000183655	KLHL25	531	411	420	371	472	444	601
ENSG00000183662	TAFA1	0	0	0	1	0	0	0
ENSG00000183665	TRMT12	60	54	46	66	71	80	100
ENSG00000183668	PSG9	1	1	0	0	0	0	1
ENSG00000183671	CMKLR2	0	1	2	0	0	1	1
ENSG00000183682	BMP8A	15	20	7	15	16	15	28
ENSG00000183684	ALYREF	6664	5481	5315	5786	6085	5125	6108
ENSG00000183688	RFLNB	478	354	389	435	493	506	698
ENSG00000183690	EFHC2	0	1	0	0	0	0	0
ENSG00000183696	UPP1	104	81	92	78	117	80	119
ENSG00000183718	TRIM52	396	329	283	306	290	370	574
ENSG00000183722	LHFPL6	1	0	0	0	1	0	0
ENSG00000183723	CMTM4	1083	801	915	915	918	1168	1758
ENSG00000183726	TMEM50A	1881	1471	1278	1391	1558	1595	2136
ENSG00000183734	ASCL2	6	0	0	3	3	2	2
ENSG00000183735	TBK1	898	609	610	750	693	766	1127
ENSG00000183741	CBX6	1237	968	953	1058	1150	1279	1718
ENSG00000183742	MACC1	30	37	30	24	23	27	42
ENSG00000183747	ACSM2A	62	53	68	77	72	72	119
ENSG00000183751	TBL3	664	543	424	605	644	573	723
ENSG00000183760	ACP7	0	0	0	3	6	12	11
ENSG00000183762	KREMEN1	2087	1631	1586	1666	1754	1902	2672
ENSG00000183763	TRAIP	326	240	224	258	288	261	378
ENSG00000183765	CHEK2	813	667	646	644	689	693	997
ENSG00000183770	FOXL2	0	1	3	2	1	0	3
ENSG00000183773	AIFM3	404	335	343	331	337	362	507
ENSG00000183775	KCTD16	3	3	3	2	3	4	7
ENSG00000183778	B3GALT5	2	4	2	4	5	3	6
ENSG00000183779	ZNF703	1069	913	851	888	1065	987	1426
ENSG00000183780	SLC35F3	0	0	0	1	1	0	1
ENSG00000183783	KCTD8	0	0	0	0	1	0	0
ENSG00000183785	TUBA8	34	19	22	12	20	20	32
ENSG00000183793	NPIPA5	393	249	285	285	261	283	559
ENSG00000183798	EMILIN3	44	40	28	19	33	34	37
ENSG00000183801	OLFML1	26	21	15	28	24	20	32
ENSG00000183807	FAM162B	1	0	0	0	0	0	1
ENSG00000183808	RBM12B	976	726	742	769	742	885	1258
ENSG00000183813	CCR4	14	16	9	13	15	26	26
ENSG00000183814	LIN9	362	311	240	263	331	309	470
ENSG00000183826	BTBD9	164	135	118	125	160	174	251
ENSG00000183828	NUDT14	147	122	94	129	127	130	192
ENSG00000183831	ANKRD45	0	0	0	0	0	3	0
ENSG00000183840	GPR39	30	14	18	12	18	12	24
ENSG00000183844	FAM3B	368	336	299	342	346	328	481
ENSG00000183850	ZNF730	2	1	1	1	1	0	3
ENSG00000183853	KIRREL1	2	2	3	1	6	6	3
ENSG00000183856	IQGAP3	1302	1095	961	829	1027	1018	1636
ENSG00000183864	TOB2	3063	2380	2420	2445	2824	2955	4107
ENSG00000183873	SCN5A	1	4	0	0	1	2	1
ENSG00000183876	ARSI	1198	948	979	1023	1104	1185	1652
ENSG00000183878	UTY	2	0	1	1	1	0	1
ENSG00000183888	SRARP	648	499	431	492	545	562	773
ENSG00000183889	NPIPA9	994	1633	1088	1018	1819	1144	2747
ENSG00000183891	TTC32	201	169	148	195	189	210	275
ENSG00000183908	LRRC55	0	0	0	0	0	0	1
ENSG00000183914	DNAH2	0	1	1	1	1	1	2
ENSG00000183921	SDR42E2	5	3	4	4	5	5	9
ENSG00000183943	PRKX	23	23	22	22	32	28	41
ENSG00000183955	KMT5A	890	650	612	715	757	780	1091
ENSG00000183960	KCNH8	0	0	0	1	1	1	2
ENSG00000183963	SMTN	1208	945	869	907	1118	1055	1499
ENSG00000183971	NPW	101	71	64	77	76	85	119
ENSG00000183977	PP2D1	8	1	4	1	4	2	6
ENSG00000183978	COA3	1879	1582	1283	1549	1551	1616	2097
ENSG00000183979	NPB	28	23	14	12	24	33	26
ENSG00000184005	ST6GALNAC3	1	0	0	0	0	0	0
ENSG00000184007	PTP4A2	4696	3561	3886	4043	4100	4289	5891
ENSG00000184009	ACTG1	59984	49088	45290	51906	55330	54382	75381
ENSG00000184012	TMPRSS2	26	20	47	49	50	63	85
ENSG00000184014	DENND5A	1759	1271	1337	1429	1431	1680	2049
ENSG00000184047	DIABLO	1316	1095	1029	1069	1060	1189	1688
ENSG00000184056	VPS33B	348	306	218	274	307	312	401
ENSG00000184058	TBX1	3	1	5	2	5	2	9
ENSG00000184060	ADAP2	57	31	57	61	53	51	91
ENSG00000184076	UQCR10	1998	1824	1473	1684	1739	1794	2437
ENSG00000184083	FAM120C	297	254	208	208	288	325	398
ENSG00000184110	EIF3C	34887	26972	25991	28490	31193	31763	45780
ENSG00000184113	CLDN5	17	13	12	15	11	16	16
ENSG00000184117	NIPSNAP1	5397	4061	4069	4397	4632	4866	6727
ENSG00000184148	SPRR4	0	0	1	0	0	0	0
ENSG00000184154	LRRC51	131	93	81	79	85	114	159
ENSG00000184156	KCNQ3	0	0	0	0	1	0	0
ENSG00000184160	ADRA2C	2951	2497	2309	2384	2742	2567	3431
ENSG00000184162	NR2C2AP	387	288	258	322	308	345	505
ENSG00000184163	C1QTNF12	10	5	11	5	4	6	5
ENSG00000184164	CRELD2	1309	1057	1070	1104	1096	1075	1519
ENSG00000184166	OR1D2	12	9	11	2	5	9	8
ENSG00000184178	SCFD2	525	342	341	369	431	392	602
ENSG00000184182	UBE2F	863	816	795	883	897	880	1175
ENSG00000184185	KCNJ12	0	0	1	0	0	0	0
ENSG00000184194	GPR173	11	7	5	2	2	7	1
ENSG00000184203	PPP1R2	1751	1392	1318	1435	1586	1577	2328
ENSG00000184205	TSPYL2	963	760	710	723	790	846	1254
ENSG00000184206	GOLGA6L4	293	228	185	185	226	203	349
ENSG00000184207	PGP	1682	1433	1258	1349	1476	1524	1987
ENSG00000184209	SNRNP35	405	359	292	352	354	377	501
ENSG00000184216	IRAK1	6552	4896	5022	4962	5873	5863	8518
ENSG00000184220	CMSS1	710	570	527	619	635	651	865
ENSG00000184226	PCDH9	30	22	16	22	21	29	38
ENSG00000184227	ACOT1	913	754	714	780	869	874	1094
ENSG00000184232	OAF	6197	5057	4594	4965	5585	5561	7829
ENSG00000184254	ALDH1A3	2	3	0	2	0	1	6
ENSG00000184260	H2AC20	44	51	34	43	35	44	57
ENSG00000184261	KCNK12	10	11	10	6	11	19	15
ENSG00000184270	H2AC21	4	1	1	4	0	0	2
ENSG00000184271	POU6F1	7	5	0	6	12	5	12
ENSG00000184276	DEFB108B	0	0	0	0	1	0	0
ENSG00000184277	TM2D3	692	583	566	658	640	625	790
ENSG00000184281	TSSC4	1064	915	769	915	970	965	1237
ENSG00000184292	TACSTD2	0	0	0	1	0	0	0
ENSG00000184304	PRKD1	32	30	22	14	37	28	56
ENSG00000184307	ZDHHC23	264	159	259	177	245	233	271
ENSG00000184343	SRPK3	17	18	15	12	15	17	29
ENSG00000184347	SLIT3	2	4	1	0	0	2	2
ENSG00000184349	EFNA5	0	0	0	0	0	0	1
ENSG00000184357	H1-5	0	0	1	1	2	3	2
ENSG00000184363	PKP3	2303	1911	1783	1949	2188	2164	2961
ENSG00000184368	MAP7D2	1000	840	778	836	937	967	1353
ENSG00000184371	CSF1	740	530	556	530	606	549	882
ENSG00000184378	ACTRT3	32	17	19	16	14	24	37
ENSG00000184381	PLA2G6	184	165	136	127	111	188	208
ENSG00000184384	MAML2	961	698	699	703	732	864	1324
ENSG00000184402	SS18L1	1882	1581	1377	1286	1510	1680	2294
ENSG00000184408	KCND2	0	0	0	2	0	0	0
ENSG00000184428	TOP1MT	1401	1163	1065	1253	1298	1383	1800
ENSG00000184432	COPB2	8955	6580	6521	6956	7314	7919	11073
ENSG00000184434	LRRC19	3	2	4	3	4	6	7
ENSG00000184436	THAP7	300	234	257	260	294	327	431
ENSG00000184445	KNTC1	1852	1409	1402	1308	1508	1702	2533
ENSG00000184451	CCR10	46	53	52	41	50	41	73
ENSG00000184454	NCMAP	177	131	118	119	158	128	200
ENSG00000184465	WDR27	298	363	277	300	301	387	525
ENSG00000184470	TXNRD2	1031	837	790	840	1045	926	1203
ENSG00000184471	C1QTNF8	13	8	10	7	6	9	12
ENSG00000184481	FOXO4	602	516	441	472	531	554	723
ENSG00000184486	POU3F2	0	1	1	0	0	1	2
ENSG00000184489	PTP4A3	452	427	388	401	423	395	591
ENSG00000184492	FOXD4L1	20	12	11	9	20	9	22
ENSG00000184497	TMEM255B	3	2	7	13	2	6	8
ENSG00000184500	PROS1	3986	2967	2958	3184	3481	3856	5350
ENSG00000184502	GAST	1	0	2	0	1	0	1
ENSG00000184507	NUTM1	1	0	2	1	0	0	0
ENSG00000184508	HDDC3	393	339	275	332	341	308	484
ENSG00000184515	BEX5	1	0	1	0	0	0	1
ENSG00000184517	ZFP1	588	404	405	449	448	487	676
ENSG00000184524	CEND1	1	4	3	0	1	1	3
ENSG00000184530	C6orf58	2	0	1	1	0	0	4
ENSG00000184545	DUSP8	374	284	289	287	306	304	426
ENSG00000184557	SOCS3	45	43	48	33	48	41	86
ENSG00000184571	PIWIL3	3	4	0	0	0	1	3
ENSG00000184574	LPAR5	19	14	21	9	19	13	24
ENSG00000184575	XPOT	6805	4958	5291	5792	6183	6907	10033
ENSG00000184584	STING1	78	110	81	82	79	72	122
ENSG00000184599	TAFA3	0	0	0	0	0	0	1
ENSG00000184602	SNN	615	486	436	503	547	573	811
ENSG00000184611	KCNH7	0	0	0	0	0	0	1
ENSG00000184616	SPDYE12	1	7	9	0	4	8	8
ENSG00000184619	KRBA2	269	223	185	191	246	250	391
ENSG00000184634	MED12	1770	1308	1355	1176	1508	1738	2345
ENSG00000184635	ZNF93	12	7	15	13	10	13	14
ENSG00000184640	SEPTIN9	28099	21724	21196	22857	24585	25667	35131
ENSG00000184647	PRSS55	0	0	0	0	0	1	0
ENSG00000184659	FOXD4L4	2	0	3	1	3	0	1
ENSG00000184661	CDCA2	961	705	686	739	750	867	1325
ENSG00000184672	RALYL	0	1	0	1	0	0	0
ENSG00000184675	AMER1	954	644	677	597	736	802	1161
ENSG00000184677	ZBTB40	2009	1625	1434	1328	1652	1904	2606
ENSG00000184678	H2BC21	181	117	133	117	122	171	205
ENSG00000184697	CLDN6	1104	857	824	829	861	866	1287
ENSG00000184702	SEPTIN5	4	4	0	4	10	10	6
ENSG00000184708	EIF4ENIF1	978	756	710	761	869	895	1227
ENSG00000184709	LRRC26	26	19	20	24	27	37	27
ENSG00000184716	SERINC4	0	1	0	0	0	1	0
ENSG00000184719	RNLS	0	0	0	1	0	0	1
ENSG00000184730	APOBR	20	10	4	11	6	9	12
ENSG00000184731	FAM110C	195	131	161	114	143	174	268
ENSG00000184743	ATL3	4	5	1	2	2	1	2
ENSG00000184752	NDUFA12	1283	1070	882	1037	1150	1211	1432
ENSG00000184787	UBE2G2	2469	1748	1878	1968	2254	2331	3097
ENSG00000184788	SATL1	0	0	0	0	0	0	1
ENSG00000184792	OSBP2	219	162	157	157	207	210	304
ENSG00000184828	ZBTB7C	9	9	3	1	4	5	2
ENSG00000184831	APOO	302	236	218	250	280	296	423
ENSG00000184840	TMED9	8200	7036	6324	6776	7520	7470	10055
ENSG00000184857	TMEM186	634	470	451	462	569	530	742
ENSG00000184860	SDR42E1	0	1	2	1	1	3	4
ENSG00000184863	RBM33	2816	2177	2114	1877	2270	2585	3837
ENSG00000184867	ARMCX2	0	0	0	0	1	0	0
ENSG00000184887	BTBD6	0	1	0	0	2	0	1
ENSG00000184895	SRY	33	32	28	32	27	41	48
ENSG00000184897	H1-10	5198	4609	4231	4558	4958	4717	6029
ENSG00000184898	RBM43	52	39	38	65	51	65	86
ENSG00000184900	SUMO3	3228	2571	2399	2659	2803	2896	3996
ENSG00000184903	IMMP2L	171	160	97	130	156	172	206
ENSG00000184908	CLCNKB	0	0	0	1	0	0	0
ENSG00000184911	DMRTC1B	0	1	0	1	2	0	1
ENSG00000184916	JAG2	14	14	10	20	11	18	12
ENSG00000184922	FMNL1	112	78	73	63	73	75	108
ENSG00000184923	NUTM2A	30	17	23	28	23	24	30
ENSG00000184924	PTRHD1	877	771	622	688	785	801	1015
ENSG00000184925	LCN12	3	2	0	1	2	4	0
ENSG00000184933	OR6A2	1	0	0	0	0	0	0
ENSG00000184937	WT1	39	29	20	14	33	33	28
ENSG00000184939	ZFP90	665	461	446	449	455	553	783
ENSG00000184949	FAM227A	81	80	63	76	72	77	118
ENSG00000184956	MUC6	7	5	3	11	3	9	9
ENSG00000184967	NOC4L	858	740	668	687	855	749	1011
ENSG00000184979	USP18	843	686	657	728	721	731	1010
ENSG00000184983	NDUFA6	1493	1308	1018	1244	1385	1451	1643
ENSG00000184984	CHRM5	2	2	1	2	2	4	3
ENSG00000184985	SORCS2	52	40	35	37	34	43	55
ENSG00000184986	TMEM121	281	244	221	255	279	277	359
ENSG00000184988	TMEM106A	852	709	653	676	704	800	1116
ENSG00000184990	SIVA1	1575	1304	1255	1333	1489	1329	1810
ENSG00000184992	BRI3BP	2493	1887	1920	2073	2338	2353	3281
ENSG00000184999	SLC22A10	5	4	0	1	3	2	0
ENSG00000185000	DGAT1	1955	1766	1544	1533	1873	1847	2474
ENSG00000185009	AP3M1	2390	1742	1790	1801	2061	2195	3274
ENSG00000185010	F8	11	9	7	9	6	7	8
ENSG00000185013	NT5C1B	4	4	0	3	5	0	3
ENSG00000185015	CA13	474	363	396	393	399	439	612
ENSG00000185019	UBOX5	535	410	355	402	467	457	648
ENSG00000185022	MAFF	724	586	543	583	640	636	847
ENSG00000185024	BRF1	766	621	592	662	665	717	1038
ENSG00000185033	SEMA4B	611	486	448	477	544	578	839
ENSG00000185040	SPDYE16	69	52	43	39	58	57	85
ENSG00000185043	CIB1	1967	1926	1464	1753	2093	1892	2337
ENSG00000185046	ANKS1B	0	0	0	2	1	0	0
ENSG00000185049	NELFA	1666	1324	1307	1530	1571	1543	2120
ENSG00000185055	EFCAB10	12	10	17	9	4	14	23
ENSG00000185056	C5orf47	1	0	0	0	0	1	1
ENSG00000185070	FLRT2	29	39	20	24	27	34	41
ENSG00000185085	INTS5	786	520	538	566	643	683	951
ENSG00000185088	RPS27L	3439	3067	2365	2744	3048	2974	3895
ENSG00000185090	MANEAL	1558	1168	1189	1183	1412	1325	1742
ENSG00000185100	ADSS1	53	51	45	42	28	75	67
ENSG00000185101	ANO9	204	170	152	180	164	153	313
ENSG00000185104	FAF1	1083	866	789	830	912	834	1190
ENSG00000185105	MYADML2	5	3	3	1	2	4	1
ENSG00000185112	FAM43A	182	145	153	161	208	212	293
ENSG00000185115	NSMCE3	427	347	366	380	379	452	569
ENSG00000185122	HSF1	3443	2701	2457	2709	3030	2940	4194
ENSG00000185127	C6orf120	2683	2083	2010	2030	2265	2529	3560
ENSG00000185129	PURA	1002	832	839	853	890	995	1412
ENSG00000185130	H2BC13	15	16	17	8	5	10	22
ENSG00000185133	INPP5J	42	46	41	52	38	52	70
ENSG00000185155	MIXL1	1338	1008	961	1033	1033	1048	1400
ENSG00000185158	LRRC37B	131	130	94	112	156	140	245
ENSG00000185163	DDX51	833	690	556	663	709	657	1007
ENSG00000185164	NOMO2	19523	14544	15140	14783	16348	17876	23979
ENSG00000185177	ZNF479	0	0	0	0	1	0	0
ENSG00000185187	SIGIRR	26	22	22	21	22	9	33
ENSG00000185189	NRBP2	239	207	160	189	213	212	322
ENSG00000185198	PRSS57	0	0	1	1	1	1	1
ENSG00000185201	IFITM2	889	724	627	666	701	799	1052
ENSG00000185215	TNFAIP2	64	60	60	49	42	49	63
ENSG00000185219	ZNF445	1464	1236	1080	1096	1154	1440	1992
ENSG00000185220	PGBD2	238	196	194	170	214	195	288
ENSG00000185222	TCEAL9	941	791	776	851	744	814	1189
ENSG00000185236	RAB11B	2644	2077	1932	2219	2306	2397	3308
ENSG00000185238	PRMT3	750	609	548	638	638	745	976
ENSG00000185245	GP1BA	15	11	6	5	8	14	21
ENSG00000185246	PRPF39	207	206	180	206	205	143	306
ENSG00000185247	MAGEA11	0	1	0	0	0	0	0
ENSG00000185250	PPIL6	12	7	10	15	11	18	13
ENSG00000185252	ZNF74	551	414	395	455	481	537	719
ENSG00000185261	KIAA0825	27	15	16	17	22	11	29
ENSG00000185262	UBALD2	1323	1170	1019	1221	1312	1157	1477
ENSG00000185267	CDNF	10	10	6	10	13	6	16
ENSG00000185269	NOTUM	13189	11276	10303	11314	12286	12330	16850
ENSG00000185271	KLHL33	32	22	18	28	22	31	40
ENSG00000185272	RBM11	0	0	0	0	0	0	2
ENSG00000185278	ZBTB37	536	468	431	387	441	502	801
ENSG00000185291	IL3RA	13	13	7	5	7	8	13
ENSG00000185298	CCDC137	2099	1869	1725	1895	1945	2042	2754
ENSG00000185303	SFTPA2	0	0	1	0	0	1	0
ENSG00000185304	RGPD2	4	0	0	0	0	0	7
ENSG00000185305	ARL15	210	181	178	191	204	233	340
ENSG00000185306	C12orf56	0	0	0	0	0	0	1
ENSG00000185313	SCN10A	0	0	0	0	0	2	0
ENSG00000185324	CDK10	80	83	42	67	84	84	103
ENSG00000185338	SOCS1	511	397	402	424	394	410	604
ENSG00000185339	TCN2	7	9	8	1	8	13	18
ENSG00000185340	GAS2L1	401	305	285	308	393	338	490
ENSG00000185344	ATP6V0A2	726	530	577	535	654	635	890
ENSG00000185345	PRKN	13	0	13	8	13	14	20
ENSG00000185347	TEDC1	454	451	383	470	410	392	622
ENSG00000185352	HS6ST3	1	0	0	0	0	1	1
ENSG00000185359	HGS	3733	3025	2724	2951	3196	3167	4685
ENSG00000185361	TNFAIP8L1	2338	1891	1828	1910	2064	2141	2781
ENSG00000185379	RAD51D	448	391	364	375	458	468	589
ENSG00000185385	OR7A17	31	29	23	25	32	29	38
ENSG00000185386	MAPK11	17	0	12	8	0	9	20
ENSG00000185404	SP140L	547	459	443	500	484	573	774
ENSG00000185414	MRPL30	2874	2097	2082	2355	2474	2573	3789
ENSG00000185418	TARS3	456	328	356	342	405	425	579
ENSG00000185420	SMYD3	455	307	285	327	356	411	460
ENSG00000185432	METTL7A	3928	3088	3191	3492	3579	3569	5026
ENSG00000185436	IFNLR1	518	403	388	344	412	503	633
ENSG00000185437	SH3BGR	10	8	6	4	12	1	8
ENSG00000185442	FAM174B	7	5	7	7	5	3	5
ENSG00000185453	ZSWIM9	334	330	299	316	364	386	486
ENSG00000185467	KPNA7	14	12	10	13	7	11	17
ENSG00000185475	TMEM179B	497	413	350	400	413	444	601
ENSG00000185477	GPRIN3	12	9	7	9	11	9	7
ENSG00000185480	PARPBP	598	379	446	443	463	480	783
ENSG00000185482	STAC3	16	11	7	0	14	11	12
ENSG00000185483	ROR1	67	45	67	60	60	72	81
ENSG00000185499	MUC1	0	2	2	0	3	3	2
ENSG00000185504	FAAP100	985	746	634	712	822	726	988
ENSG00000185507	IRF7	1	0	0	2	2	0	3
ENSG00000185513	L3MBTL1	83	81	67	50	75	57	79
ENSG00000185515	BRCC3	1374	1117	1100	1146	1160	1353	1851
ENSG00000185518	SV2B	11	10	8	4	9	6	16
ENSG00000185519	FAM131C	2	0	2	9	2	2	0
ENSG00000185522	LMNTD2	86	80	59	67	59	66	107
ENSG00000185523	SPATA45	1	1	0	1	2	1	4
ENSG00000185527	PDE6G	31	30	29	28	25	15	41
ENSG00000185532	PRKG1	6	5	2	4	1	2	4
ENSG00000185551	NR2F2	1697	1280	1357	1404	1420	1488	2172
ENSG00000185559	DLK1	8994	7369	7456	7352	7973	7756	11284
ENSG00000185561	TLCD2	180	168	149	149	161	204	243
ENSG00000185565	LSAMP	4	6	5	3	1	7	8
ENSG00000185567	AHNAK2	20	40	7	10	14	9	0
ENSG00000185585	OLFML2A	9	6	11	8	5	9	15
ENSG00000185591	SP1	2466	1784	1910	1903	2066	2467	3287
ENSG00000185608	MRPL40	920	872	729	731	825	802	1171
ENSG00000185610	DBX2	0	0	0	0	0	1	1
ENSG00000185614	INKA1	6	4	3	3	3	6	2
ENSG00000185615	PDIA2	32	44	45	47	37	33	59
ENSG00000185619	PCGF3	2364	1880	1785	1742	1953	2207	3112
ENSG00000185621	LMLN	241	180	212	222	217	261	325
ENSG00000185624	P4HB	61710	48863	47543	48600	52743	54667	76080
ENSG00000185627	PSMD13	2733	2219	1879	2185	2315	2326	3033
ENSG00000185630	PBX1	1	1	0	4	0	2	2
ENSG00000185633	NDUFA4L2	19	10	15	18	16	21	25
ENSG00000185634	SHC4	1	0	0	2	0	2	3
ENSG00000185640	KRT79	0	0	0	0	0	0	1
ENSG00000185650	ZFP36L1	4539	3457	3416	3598	3864	4054	5945
ENSG00000185651	UBE2L3	4055	2976	2997	3382	3572	3584	5206
ENSG00000185658	BRWD1	1542	1203	1153	1131	1191	1457	2188
ENSG00000185664	PMEL	26	26	17	16	8	19	29
ENSG00000185666	SYN3	200	149	130	166	164	196	270
ENSG00000185668	POU3F1	1	4	2	1	4	3	5
ENSG00000185669	SNAI3	27	20	20	20	21	19	33
ENSG00000185670	ZBTB3	86	70	66	72	83	92	141
ENSG00000185674	LYG2	2	0	1	1	3	5	3
ENSG00000185681	MORN5	0	0	0	0	0	0	1
ENSG00000185686	PRAME	11	10	6	10	16	9	18
ENSG00000185697	MYBL1	262	227	188	178	214	251	338
ENSG00000185716	MOSMO	962	760	691	815	806	855	1343
ENSG00000185721	DRG1	1950	1634	1337	1593	1739	1816	2335
ENSG00000185722	ANKFY1	2547	1803	1946	1878	2036	2319	3267
ENSG00000185728	YTHDF3	2808	1902	1989	2248	2439	2480	3798
ENSG00000185730	ZNF696	701	521	557	609	638	658	883
ENSG00000185737	NRG3	0	0	0	0	0	1	0
ENSG00000185739	SRL	0	0	1	0	2	0	2
ENSG00000185745	IFIT1	53	44	40	45	50	49	55
ENSG00000185753	CXorf38	316	286	234	280	294	325	443
ENSG00000185758	CLDN24	0	0	1	0	2	0	0
ENSG00000185760	KCNQ5	6	0	4	1	4	2	10
ENSG00000185761	ADAMTSL5	114	76	82	74	89	85	135
ENSG00000185787	MORF4L1	10157	7591	7521	8163	8554	9080	12219
ENSG00000185798	WDR53	195	176	150	157	199	187	242
ENSG00000185800	DMWD	848	672	575	630	746	770	1084
ENSG00000185803	SLC52A2	2259	1991	1802	1937	2153	2147	2695
ENSG00000185808	PIGP	317	241	254	292	298	319	431
ENSG00000185813	PCYT2	8539	7139	6496	7100	7719	7776	10390
ENSG00000185818	NAT8L	979	890	755	941	1020	936	1331
ENSG00000185823	NPAP1	12	11	9	4	8	3	10
ENSG00000185825	BCAP31	4919	3803	3652	3890	4123	4295	5676
ENSG00000185829	ARL17A	1273	1091	1018	910	1104	1271	1860
ENSG00000185838	GNB1L	247	273	231	196	242	220	336
ENSG00000185842	DNAH14	148	128	114	118	180	147	218
ENSG00000185860	CCDC190	0	0	0	0	0	0	1
ENSG00000185862	EVI2B	0	0	1	0	0	0	0
ENSG00000185864	NPIPB4	832	942	668	759	911	774	1125
ENSG00000185869	ZNF829	14	12	19	13	18	16	37
ENSG00000185875	THNSL1	275	199	173	224	251	268	372
ENSG00000185880	TRIM69	0	0	0	0	1	0	0
ENSG00000185883	ATP6V0C	6128	4764	4429	5132	5249	5167	7572
ENSG00000185885	IFITM1	34	22	20	33	35	31	51
ENSG00000185896	LAMP1	11184	8946	8665	8992	9839	10244	14230
ENSG00000185900	POMK	1297	1081	839	861	1029	999	1443
ENSG00000185905	C16orf54	0	0	0	0	0	0	1
ENSG00000185909	KLHDC8B	314	247	236	275	255	303	436
ENSG00000185917	SETD4	441	346	274	325	354	319	548
ENSG00000185920	PTCH1	389	323	312	297	363	429	574
ENSG00000185924	RTN4RL1	3	0	1	7	0	4	3
ENSG00000185933	CALHM1	1	1	0	0	0	3	1
ENSG00000185942	NKAIN3	70	64	54	63	56	55	102
ENSG00000185946	RNPC3	411	406	365	364	367	422	569
ENSG00000185947	ZNF267	677	480	554	545	610	616	922
ENSG00000185950	IRS2	71	75	47	48	62	58	88
ENSG00000185955	SPACDR	2	0	0	0	0	2	3
ENSG00000185958	FAM186A	8	9	8	2	9	4	6
ENSG00000185960	SHOX	3	2	0	4	3	2	3
ENSG00000185963	BICD2	1776	1398	1453	1334	1462	1623	2245
ENSG00000185972	CCIN	0	0	0	0	0	0	1
ENSG00000185973	TMLHE	433	345	322	323	360	448	549
ENSG00000185985	SLITRK2	0	1	0	0	0	0	0
ENSG00000185988	PLK5	1	3	3	2	1	4	2
ENSG00000185989	RASA3	20	14	18	13	16	14	23
ENSG00000186001	LRCH3	1663	1377	1202	1229	1464	1506	2101
ENSG00000186007	LEMD1	0	0	0	0	0	1	1
ENSG00000186009	ATP4B	1	1	1	2	0	0	2
ENSG00000186010	NDUFA13	2188	2064	1739	2047	2069	2155	2731
ENSG00000186017	ZNF566	308	203	200	270	247	264	432
ENSG00000186020	ZNF529	342	325	283	258	271	320	449
ENSG00000186026	ZNF284	146	123	104	111	121	131	230
ENSG00000186047	DLEU7	4	2	1	0	1	0	1
ENSG00000186051	TAL2	0	0	1	0	0	0	1
ENSG00000186063	AIDA	3242	2345	2340	2515	2607	2913	4004
ENSG00000186073	CDIN1	353	288	271	270	257	321	442
ENSG00000186088	GSAP	353	341	290	292	339	342	499
ENSG00000186094	AGBL4	4	8	1	2	5	6	13
ENSG00000186103	ARGFX	3	5	3	3	1	2	2
ENSG00000186104	CYP2R1	15	20	23	18	12	13	21
ENSG00000186105	LRRC70	0	0	0	3	4	4	5
ENSG00000186106	ANKRD46	577	450	497	454	503	518	768
ENSG00000186111	PIP5K1C	1486	1185	1095	1083	1325	1325	1957
ENSG00000186115	CYP4F2	67	18	50	48	34	65	82
ENSG00000186118	TEX38	0	2	1	0	0	2	0
ENSG00000186130	ZBTB6	445	355	344	334	388	428	600
ENSG00000186132	C2orf76	86	62	62	76	61	75	87
ENSG00000186141	POLR3C	330	495	478	584	464	549	836
ENSG00000186143	PRR30	0	0	0	0	1	0	0
ENSG00000186146	DEFB131A	1	2	0	0	0	1	2
ENSG00000186153	WWOX	356	302	264	292	332	317	460
ENSG00000186166	CENATAC	250	216	203	178	201	206	295
ENSG00000186174	BCL9L	4269	3113	3244	3065	3720	3920	5628
ENSG00000186184	POLR1D	3208	2595	2465	2669	2749	2903	4026
ENSG00000186185	KIF18B	1943	1614	1469	1471	1752	1831	2623
ENSG00000186187	ZNRF1	2740	2080	2214	2318	2534	2448	3158
ENSG00000186188	FFAR4	2	1	5	0	2	3	1
ENSG00000186190	BPIFB3	0	0	1	0	0	0	0
ENSG00000186191	BPIFB4	0	0	0	1	0	0	0
ENSG00000186193	SAPCD2	6388	5148	4771	4967	5511	5658	7561
ENSG00000186197	EDARADD	4	8	2	7	3	5	9
ENSG00000186198	SLC51B	273	243	198	261	285	286	392
ENSG00000186204	CYP4F12	229	210	205	219	234	226	327
ENSG00000186205	MTARC1	2014	1569	1500	1625	1607	1811	2386
ENSG00000186212	SOWAHB	51	41	48	55	54	55	66
ENSG00000186222	BLOC1S4	802	721	632	735	776	771	952
ENSG00000186226	LCE1E	6	2	3	3	4	5	1
ENSG00000186230	ZNF749	256	214	168	169	212	247	365
ENSG00000186231	KLHL32	8	4	1	7	8	8	4
ENSG00000186260	MRTFB	1820	1258	1327	1278	1434	1683	2506
ENSG00000186265	BTLA	0	0	0	1	0	0	1
ENSG00000186272	ZNF17	191	136	107	119	119	127	214
ENSG00000186280	KDM4D	62	69	57	67	77	60	72
ENSG00000186281	GPAT2	0	0	0	0	0	1	0
ENSG00000186283	TOR3A	1423	1080	1059	1289	1368	1243	1802
ENSG00000186298	PPP1CC	9140	7002	6985	7514	7855	8317	11822
ENSG00000186300	ZNF555	234	227	194	172	218	225	324
ENSG00000186310	NAP1L3	2	1	6	0	4	4	5
ENSG00000186314	PRELID2	320	291	265	281	268	333	437
ENSG00000186318	BACE1	238	96	129	225	147	197	241
ENSG00000186326	RGS9BP	8	3	2	2	4	3	7
ENSG00000186329	TMEM212	92	80	81	70	68	89	114
ENSG00000186335	SLC36A2	3	0	4	1	2	6	0
ENSG00000186340	THBS2	0	12	9	5	26	11	18
ENSG00000186350	RXRA	3571	2843	2661	2775	3098	3105	4397
ENSG00000186352	ANKRD37	30	36	33	40	40	41	55
ENSG00000186364	NUDT17	73	81	40	59	40	89	72
ENSG00000186367	MINAR2	1	2	2	0	5	6	2
ENSG00000186376	ZNF75D	314	299	225	251	260	326	477
ENSG00000186395	KRT10	900	923	698	842	977	895	1133
ENSG00000186399	GOLGA8R	5	1	7	0	8	8	6
ENSG00000186409	CCDC30	42	52	34	37	33	45	49
ENSG00000186416	NKRF	676	544	503	595	617	638	907
ENSG00000186417	GLDN	16	26	19	19	20	24	43
ENSG00000186431	FCAR	16	10	3	5	10	6	19
ENSG00000186432	KPNA4	1743	1391	1319	1406	1499	1628	2204
ENSG00000186442	KRT3	0	0	0	0	0	0	1
ENSG00000186446	ZNF501	97	51	77	72	74	66	128
ENSG00000186448	ZNF197	251	182	196	207	206	239	359
ENSG00000186451	SPATA12	6	2	2	1	7	5	4
ENSG00000186462	NAP1L2	2	3	2	1	2	4	1
ENSG00000186468	RPS23	15505	13635	11144	12950	13866	14694	19334
ENSG00000186470	BTN3A2	1498	1226	1243	1215	1277	1389	1842
ENSG00000186471	AKAP14	3	3	0	4	0	3	5
ENSG00000186472	PCLO	5	6	2	2	8	9	7
ENSG00000186480	INSIG1	0	0	1	0	0	1	3
ENSG00000186487	MYT1L	69	61	51	65	51	56	79
ENSG00000186496	ZNF396	25	19	22	13	21	31	45
ENSG00000186501	TMEM222	754	653	534	656	667	691	957
ENSG00000186510	CLCNKA	0	0	0	0	0	1	0
ENSG00000186513	OR9Q2	0	0	0	1	0	0	0
ENSG00000186517	ARHGAP30	21	13	7	12	13	8	22
ENSG00000186522	SEPTIN10	3236	2268	2329	2392	2578	2831	4134
ENSG00000186523	FAM86B1	27	21	10	29	23	23	23
ENSG00000186529	CYP4F3	781	731	625	588	667	705	974
ENSG00000186532	SMYD4	630	510	462	464	500	561	858
ENSG00000186562	DEFB105A	1	3	0	4	2	3	5
ENSG00000186564	FOXD2	5	8	6	6	5	8	9
ENSG00000186566	GPATCH8	2963	2282	2413	2200	2669	2900	4324
ENSG00000186567	CEACAM19	33	27	28	31	34	28	36
ENSG00000186575	NF2	1631	1321	1154	1228	1456	1337	2068
ENSG00000186577	SMIM29	284	207	241	214	278	267	345
ENSG00000186583	SPATC1	4	1	3	1	2	1	10
ENSG00000186591	UBE2H	2619	2108	2138	2149	2314	2537	3444
ENSG00000186603	HPDL	2	4	1	2	3	6	3
ENSG00000186625	KATNA1	526	396	407	462	493	499	719
ENSG00000186628	FSD2	9	12	6	5	16	20	9
ENSG00000186635	ARAP1	4708	3938	3590	3944	4274	4528	6175
ENSG00000186638	KIF24	211	144	126	140	144	189	262
ENSG00000186642	PDE2A	20	11	3	2	5	14	15
ENSG00000186645	SPDYE17	0	2	1	0	0	0	5
ENSG00000186648	CARMIL3	10	15	13	15	18	19	14
ENSG00000186654	PRR5	721	587	480	584	639	654	884
ENSG00000186660	ZFP91	3682	2816	2915	2933	3172	3663	4991
ENSG00000186665	C17orf58	318	277	294	300	294	327	393
ENSG00000186666	BCDIN3D	99	74	70	107	84	98	151
ENSG00000186684	CYP27C1	2	0	2	0	3	0	3
ENSG00000186687	LYRM7	888	653	669	615	771	779	1076
ENSG00000186710	CFAP73	11	7	3	3	12	2	8
ENSG00000186714	CCDC73	1	0	2	1	4	0	5
ENSG00000186716	BCR	3070	2460	2376	2419	2704	2857	3725
ENSG00000186723	OR10H1	30	38	22	17	47	32	51
ENSG00000186732	MPPED1	2	3	1	4	2	1	1
ENSG00000186765	FSCN2	6	0	3	2	3	1	5
ENSG00000186767	SPIN4	233	197	209	236	221	233	361
ENSG00000186777	ZNF732	0	0	0	1	0	0	0
ENSG00000186787	SPIN2B	175	145	132	155	141	169	224
ENSG00000186792	HYAL3	330	256	264	257	251	266	432
ENSG00000186806	VSIG10L	348	330	266	262	323	329	452
ENSG00000186810	CXCR3	7	2	2	2	7	6	10
ENSG00000186812	ZNF397	642	519	486	501	508	654	887
ENSG00000186814	ZSCAN30	425	349	291	306	327	390	568
ENSG00000186815	TPCN1	1534	1244	1122	1159	1357	1512	2037
ENSG00000186818	LILRB4	0	0	0	1	0	0	0
ENSG00000186834	HEXIM1	4073	3627	3296	3558	3746	4092	5465
ENSG00000186838	SELENOV	2	0	0	0	0	1	6
ENSG00000186847	KRT14	1	1	0	0	0	0	0
ENSG00000186854	TRABD2A	0	1	0	1	0	1	0
ENSG00000186862	PDZD7	103	69	64	57	99	111	128
ENSG00000186866	POFUT2	1411	1193	1198	1142	1330	1358	1804
ENSG00000186867	QRFPR	0	2	0	0	0	0	0
ENSG00000186868	MAPT	188	178	146	121	119	146	212
ENSG00000186871	ERCC6L	380	273	284	300	373	351	520
ENSG00000186889	TMEM17	9	11	13	5	11	13	8
ENSG00000186891	TNFRSF18	0	0	0	0	0	1	0
ENSG00000186897	C1QL4	6	6	8	3	7	1	10
ENSG00000186907	RTN4RL2	435	392	366	336	355	373	550
ENSG00000186908	ZDHHC17	976	776	745	666	718	925	1275
ENSG00000186910	SERPINA11	1467	1078	1039	1090	1119	1263	1942
ENSG00000186912	P2RY4	5	5	4	8	8	6	15
ENSG00000186918	ZNF395	899	768	777	710	771	957	1303
ENSG00000186919	ZACN	0	0	0	2	3	0	0
ENSG00000186951	PPARA	1762	1241	1340	1171	1358	1628	2350
ENSG00000186952	TMEM232	6	0	2	0	2	2	0
ENSG00000186973	FAM183A	0	0	0	2	1	3	5
ENSG00000186994	KANK3	15	17	16	7	11	10	17
ENSG00000186998	EMID1	9	10	11	14	12	6	7
ENSG00000187003	ACTL7A	1	0	0	0	0	2	0
ENSG00000187010	RHD	10	12	16	14	6	15	26
ENSG00000187017	ESPN	2716	2282	2098	2065	2224	2444	3500
ENSG00000187024	PTRH1	240	204	164	198	238	185	258
ENSG00000187037	GPR141	0	0	0	0	1	0	2
ENSG00000187045	TMPRSS6	224	151	167	173	175	191	235
ENSG00000187048	CYP4A11	0	0	0	1	0	0	0
ENSG00000187049	TMEM216	431	346	325	275	314	348	527
ENSG00000187051	RPS19BP1	1264	986	906	1097	1097	1116	1454
ENSG00000187054	TMPRSS11A	1	1	1	0	0	0	0
ENSG00000187068	C3orf70	212	165	127	159	152	148	239
ENSG00000187079	TEAD1	2894	2094	2187	2105	2423	2704	4074
ENSG00000187091	PLCD1	360	293	252	251	306	343	458
ENSG00000187094	CCK	0	0	0	0	1	0	0
ENSG00000187097	ENTPD5	2353	1932	1779	1706	1953	2156	3078
ENSG00000187098	MITF	17	11	16	15	18	12	20
ENSG00000187105	HEATR4	9	3	5	1	10	14	7
ENSG00000187109	NAP1L1	15538	11942	11897	13057	13219	14441	20258
ENSG00000187118	CMC1	413	324	264	361	364	363	487
ENSG00000187122	SLIT1	9	8	2	7	9	5	17
ENSG00000187123	LYPD6	3	0	4	0	4	4	1
ENSG00000187134	AKR1C1	32361	25380	22212	24500	25008	24582	35510
ENSG00000187135	VSTM2B	1	0	0	0	0	0	0
ENSG00000187140	FOXD3	0	0	0	0	0	1	0
ENSG00000187144	SPATA21	62	51	53	59	50	66	93
ENSG00000187147	RNF220	840	698	705	703	796	809	1180
ENSG00000187151	ANGPTL5	1	0	1	0	0	0	0
ENSG00000187164	SHTN1	686	548	542	625	537	622	1007
ENSG00000187166	H1-7	0	1	0	0	0	0	0
ENSG00000187180	LCE2C	1	0	0	1	0	0	0
ENSG00000187186	NA	11	8	4	9	5	5	6
ENSG00000187187	ZNF546	92	116	106	85	88	101	124
ENSG00000187189	TSPYL4	1831	1429	1396	1487	1619	1789	2386
ENSG00000187193	MT1X	1107	1035	956	991	1088	1024	1407
ENSG00000187210	GCNT1	66	43	55	49	56	60	98
ENSG00000187231	SESTD1	3081	2316	2436	2185	2283	2737	3920
ENSG00000187239	FNBP1	1343	1066	1128	1044	1182	1308	1968
ENSG00000187240	DYNC2H1	37	16	28	26	26	39	64
ENSG00000187242	KRT12	3	5	4	1	4	5	6
ENSG00000187243	MAGED4B	991	706	687	1042	971	1172	1047
ENSG00000187244	BCAM	8453	7043	6331	6889	7439	7956	11192
ENSG00000187257	RSBN1L	1085	864	803	956	985	1057	1419
ENSG00000187258	NPSR1	0	3	0	0	2	1	2
ENSG00000187260	WDR86	0	2	1	0	0	5	0
ENSG00000187266	EPOR	150	88	120	120	145	136	184
ENSG00000187268	FAM9C	0	3	0	0	0	0	0
ENSG00000187288	CIDEC	158	125	109	115	135	145	160
ENSG00000187323	DCC	0	0	0	0	1	0	0
ENSG00000187325	TAF9B	866	630	651	714	763	824	1117
ENSG00000187372	PCDHB13	106	85	64	75	108	110	129
ENSG00000187391	MAGI2	160	141	133	155	172	193	275
ENSG00000187398	LUZP2	0	0	2	0	0	0	0
ENSG00000187416	LHFPL3	0	1	0	0	0	0	0
ENSG00000187446	CHP1	4985	3809	3874	3979	4344	4554	6361
ENSG00000187474	FPR3	0	0	0	0	0	1	1
ENSG00000187475	H1-6	0	0	0	0	0	1	3
ENSG00000187479	C11orf96	4	0	8	2	1	1	2
ENSG00000187486	KCNJ11	45	37	35	48	48	51	78
ENSG00000187492	CDHR4	53	44	24	41	40	59	62
ENSG00000187498	COL4A1	1	0	0	1	2	0	0
ENSG00000187514	PTMA	49832	40596	42197	46062	45068	46998	60466
ENSG00000187516	H2AP	0	0	0	0	0	0	1
ENSG00000187522	HSPA14	807	576	589	596	639	662	926
ENSG00000187531	SIRT7	752	659	565	656	771	773	863
ENSG00000187533	PRR27	2	1	1	0	1	1	5
ENSG00000187535	IFT140	536	510	365	439	500	504	744
ENSG00000187546	AGMO	4	4	8	3	3	2	13
ENSG00000187550	SBK2	33	35	35	22	43	36	64
ENSG00000187553	CYP26C1	0	0	1	0	0	0	0
ENSG00000187554	TLR5	0	0	1	0	0	0	0
ENSG00000187555	USP7	7325	4784	5855	5257	5869	7065	10121
ENSG00000187556	NANOS3	7	3	0	3	5	4	4
ENSG00000187559	FOXD4L3	4	0	3	3	1	0	8
ENSG00000187566	NHLRC1	19	4	8	14	15	16	27
ENSG00000187583	PLEKHN1	245	179	178	179	244	207	358
ENSG00000187595	ZNF385C	132	126	154	154	148	146	246
ENSG00000187601	MAGEH1	105	74	59	97	89	109	129
ENSG00000187605	TET3	1665	1382	1328	1201	1392	1622	2382
ENSG00000187607	ZNF286A	773	599	586	520	724	705	1076
ENSG00000187608	ISG15	441	413	379	370	422	382	500
ENSG00000187609	EXD3	178	149	146	135	149	181	234
ENSG00000187616	MYMK	1	0	0	0	0	0	0
ENSG00000187624	C17orf97	23	16	16	13	14	9	27
ENSG00000187626	ZKSCAN4	246	205	206	214	236	247	341
ENSG00000187627	RGPD1	14	11	14	12	23	8	32
ENSG00000187630	DHRS4L2	559	450	400	497	473	479	641
ENSG00000187634	SAMD11	8	7	5	4	5	7	12
ENSG00000187642	PERM1	13	7	9	8	7	4	9
ENSG00000187650	VMAC	116	88	94	82	98	126	180
ENSG00000187664	HAPLN4	73	83	74	66	66	79	134
ENSG00000187672	ERC2	2	3	0	0	2	2	2
ENSG00000187676	B3GLCT	419	285	380	353	347	385	537
ENSG00000187678	SPRY4	2886	2285	2174	2379	2432	2641	3787
ENSG00000187682	ERAS	5	7	1	1	4	2	1
ENSG00000187688	TRPV2	800	658	626	624	739	695	990
ENSG00000187689	AMTN	0	0	0	0	0	2	0
ENSG00000187699	C2orf88	144	120	123	118	132	142	198
ENSG00000187713	TMEM203	1162	906	893	1015	1045	994	1390
ENSG00000187715	KBTBD12	47	34	36	35	45	43	75
ENSG00000187720	THSD4	8	7	3	3	6	8	14
ENSG00000187726	DNAJB13	3	2	6	3	10	3	8
ENSG00000187730	GABRD	0	0	0	0	1	0	0
ENSG00000187735	TCEA1	5835	4385	4361	4874	5089	5554	7845
ENSG00000187736	NHEJ1	830	543	689	676	648	758	1015
ENSG00000187741	FANCA	2200	1694	1531	1550	1894	1850	2654
ENSG00000187742	SECISBP2	1544	1174	1228	1280	1397	1557	2068
ENSG00000187753	C9orf153	2	4	5	1	6	4	7
ENSG00000187758	ADH1A	0	3	0	2	0	4	6
ENSG00000187764	SEMA4D	18	25	21	20	12	31	24
ENSG00000187772	LIN28B	4215	2881	3197	3273	3459	3910	5751
ENSG00000187773	DIPK1C	1	1	0	2	4	2	1
ENSG00000187775	DNAH17	232	182	204	142	157	240	350
ENSG00000187778	MCRS1	2004	1695	1498	1624	1662	1726	2460
ENSG00000187783	TMEM72	1	0	1	0	0	3	3
ENSG00000187790	FANCM	213	220	205	259	229	298	403
ENSG00000187792	ZNF70	297	227	253	227	236	268	355
ENSG00000187796	CARD9	248	164	132	220	220	205	298
ENSG00000187800	PEAR1	10	61	45	0	4	6	28
ENSG00000187801	ZFP69B	209	133	160	179	195	229	333
ENSG00000187808	SOWAHD	39	44	36	37	30	44	68
ENSG00000187815	ZFP69	243	154	183	149	180	204	288
ENSG00000187823	RTL4	0	1	0	0	0	0	0
ENSG00000187824	TMEM220	43	41	38	47	43	50	60
ENSG00000187837	H1-2	263	224	196	233	261	243	329
ENSG00000187838	PLSCR3	385	301	245	266	317	300	442
ENSG00000187840	EIF4EBP1	2572	2199	1851	2723	2780	2822	3868
ENSG00000187848	P2RX2	2	0	1	1	2	0	1
ENSG00000187857	OR6C75	0	0	0	2	0	0	0
ENSG00000187860	CCDC157	96	88	103	76	92	91	148
ENSG00000187862	TTC24	9	6	5	7	3	5	18
ENSG00000187866	PABIR1	571	392	458	439	499	499	718
ENSG00000187867	PALM3	427	339	299	318	359	336	444
ENSG00000187871	GFRAL	3	1	0	1	1	1	1
ENSG00000187889	FYB2	31	25	21	41	31	32	29
ENSG00000187902	SHISA7	0	0	0	1	0	0	1
ENSG00000187905	LRRC74B	4	2	2	1	0	5	6
ENSG00000187912	CLEC17A	5	3	4	6	1	4	9
ENSG00000187922	LCN10	1	0	0	3	0	0	0
ENSG00000187942	LDLRAD2	23	17	15	14	17	13	26
ENSG00000187944	C2orf66	0	0	0	2	1	1	0
ENSG00000187950	OVCH1	0	0	1	0	0	0	0
ENSG00000187954	ZFTRAF1	733	614	531	583	674	691	925
ENSG00000187955	COL14A1	1	0	0	0	0	0	1
ENSG00000187959	CPSF4L	6	4	0	7	12	5	7
ENSG00000187961	KLHL17	888	734	706	661	735	800	1111
ENSG00000187980	PLA2G2C	0	0	3	0	0	2	0
ENSG00000187987	ZSCAN23	7	16	9	5	12	19	17
ENSG00000187994	RINL	427	315	320	309	356	385	482
ENSG00000187997	C17orf99	6	7	4	8	5	8	12
ENSG00000188000	OR7D2	4	10	5	7	5	7	10
ENSG00000188001	TPRG1	0	0	0	0	0	0	1
ENSG00000188010	MORN2	187	144	144	125	144	131	205
ENSG00000188015	S100A3	169	112	117	171	179	174	244
ENSG00000188021	UBQLN2	1226	904	898	1011	1078	1144	1641
ENSG00000188026	RILPL1	395	345	293	340	345	379	583
ENSG00000188032	C19orf67	1	4	3	3	4	0	5
ENSG00000188033	ZNF490	161	180	140	133	161	170	253
ENSG00000188037	CLCN1	1	0	0	0	0	0	2
ENSG00000188038	NRN1L	7	5	3	4	9	4	5
ENSG00000188039	NWD1	3	2	3	1	2	2	1
ENSG00000188042	ARL4C	13	10	13	13	15	13	31
ENSG00000188050	RNF133	1	2	0	1	1	0	1
ENSG00000188051	TMEM221	48	29	49	40	44	31	66
ENSG00000188060	RAB42	1360	1165	1074	1024	1060	1262	1696
ENSG00000188064	WNT7B	96	73	74	83	114	77	178
ENSG00000188070	ZFTA	958	854	784	810	921	988	1381
ENSG00000188092	GPR89B	10	56	11	2	8	10	97
ENSG00000188095	MESP2	2	1	3	0	0	1	2
ENSG00000188107	EYS	8	7	3	5	5	5	5
ENSG00000188112	C6orf132	265	168	174	165	228	217	270
ENSG00000188124	OR2AG2	0	0	0	0	0	0	1
ENSG00000188130	MAPK12	616	520	397	527	447	519	733
ENSG00000188152	NUTM2G	45	27	28	25	28	27	44
ENSG00000188153	COL4A5	1997	1511	1539	1474	1560	1687	2432
ENSG00000188157	AGRN	14209	11290	11209	10796	12377	13167	17423
ENSG00000188158	NHS	2	0	1	0	0	0	1
ENSG00000188167	TMPPE	133	68	97	108	108	149	178
ENSG00000188171	ZNF626	236	174	186	204	197	215	336
ENSG00000188175	HEPACAM2	2	0	0	0	0	0	1
ENSG00000188176	SMTNL2	85	41	53	48	71	66	99
ENSG00000188177	ZC3H6	49	42	54	46	37	59	67
ENSG00000188186	LAMTOR4	733	688	529	645	639	631	796
ENSG00000188191	PRKAR1B	2064	1640	1509	1707	1823	1859	2363
ENSG00000188199	NUTM2B	20	17	20	18	23	18	23
ENSG00000188211	NCR3LG1	1939	1490	1580	1277	1665	1998	3099
ENSG00000188215	DCUN1D3	979	756	750	777	885	903	1311
ENSG00000188219	POTEE	20	11	24	7	22	21	25
ENSG00000188227	ZNF793	103	77	83	67	83	92	166
ENSG00000188229	TUBB4B	13498	10937	9736	10506	11259	11457	15892
ENSG00000188234	AGAP4	492	415	356	362	383	405	616
ENSG00000188243	COMMD6	398	350	273	327	350	375	478
ENSG00000188257	PLA2G2A	480	464	396	370	397	421	527
ENSG00000188266	HYKK	81	91	79	75	75	88	134
ENSG00000188277	C15orf62	55	51	53	45	50	63	98
ENSG00000188283	ZNF383	127	105	96	95	123	117	138
ENSG00000188290	HES4	396	363	311	375	373	358	561
ENSG00000188295	ZNF669	253	182	199	227	188	183	323
ENSG00000188305	PEAK3	27	13	14	9	16	13	20
ENSG00000188306	LRRIQ4	0	0	0	0	0	0	1
ENSG00000188312	CENPP	207	163	154	137	148	157	258
ENSG00000188313	PLSCR1	696	559	473	607	571	647	888
ENSG00000188315	C3orf62	149	139	108	106	161	176	224
ENSG00000188316	ENO4	0	0	0	1	1	0	2
ENSG00000188321	ZNF559	113	98	82	93	91	102	154
ENSG00000188322	SBK1	171	131	125	102	156	149	209
ENSG00000188324	OR6C6	0	0	2	0	0	1	3
ENSG00000188338	SLC38A3	2354	1942	1848	1816	2037	2297	3207
ENSG00000188342	GTF2F2	1118	872	880	933	984	1108	1477
ENSG00000188343	CIBAR1	107	88	97	83	101	81	142
ENSG00000188352	FOCAD	1395	910	1127	1016	1142	1421	2074
ENSG00000188368	PRR19	33	36	31	29	32	28	57
ENSG00000188372	ZP3	3	4	1	5	1	2	3
ENSG00000188375	H3-5	0	0	1	0	0	1	0
ENSG00000188379	IFNA2	0	1	0	0	0	0	0
ENSG00000188385	JAKMIP3	32	23	29	16	37	33	53
ENSG00000188389	PDCD1	8	11	5	7	5	10	8
ENSG00000188396	DYNLT4	13	8	6	4	8	4	11
ENSG00000188404	SELL	0	0	1	3	2	0	2
ENSG00000188419	CHM	1027	619	838	728	886	1012	1476
ENSG00000188425	NANOS2	0	0	0	1	0	1	0
ENSG00000188428	BLOC1S5	942	727	699	762	786	839	1248
ENSG00000188467	SLC24A5	1	0	0	0	0	0	1
ENSG00000188483	IER5L	406	371	330	349	428	368	527
ENSG00000188486	H2AX	5322	4269	4072	4152	4658	4415	6394
ENSG00000188488	SERPINA5	13689	10846	10641	10850	11894	12304	17537
ENSG00000188493	C19orf54	917	810	773	768	888	879	1354
ENSG00000188501	LCTL	72	57	49	45	68	54	111
ENSG00000188508	KRTDAP	0	2	1	0	0	4	2
ENSG00000188517	COL25A1	0	0	0	1	0	0	0
ENSG00000188522	FAM83G	1833	1412	1431	1413	1588	1718	2387
ENSG00000188523	CFAP77	0	2	0	0	0	0	0
ENSG00000188529	SRSF10	4945	3953	3794	3864	4056	4477	6227
ENSG00000188536	HBA2	1	1	2	0	0	1	1
ENSG00000188542	DUSP28	225	206	200	190	178	215	276
ENSG00000188549	CCDC9B	371	309	234	290	246	505	607
ENSG00000188554	NBR1	5683	4282	4476	4378	4717	5430	7530
ENSG00000188558	OR2G6	9	4	9	6	9	11	11
ENSG00000188559	RALGAPA2	2053	1226	1434	1387	1530	1968	2682
ENSG00000188566	NDOR1	1285	962	915	918	1090	1132	1673
ENSG00000188573	FBLL1	3	10	5	7	9	9	9
ENSG00000188580	NKAIN2	0	1	2	0	2	1	0
ENSG00000188581	KRTAP1-1	2	0	0	0	3	0	1
ENSG00000188582	PAQR9	1048	770	770	781	821	901	1281
ENSG00000188585	CLEC20A	0	0	0	0	0	1	1
ENSG00000188596	CFAP54	42	39	29	34	34	46	57
ENSG00000188603	CLN3	1691	1347	1266	1380	1531	1657	2131
ENSG00000188610	FAM72B	484	385	387	412	394	460	663
ENSG00000188611	ASAH2	491	328	362	359	399	428	639
ENSG00000188612	SUMO2	11490	9483	8686	10011	10031	10840	13918
ENSG00000188613	NANOS1	71	71	50	56	69	55	68
ENSG00000188620	HMX3	4	3	2	2	6	5	6
ENSG00000188626	GOLGA8M	1	4	5	0	1	0	11
ENSG00000188629	ZNF177	8	11	0	12	8	7	10
ENSG00000188641	DPYD	84	74	75	59	69	90	121
ENSG00000188643	S100A16	2164	1665	1571	1751	1927	1928	2750
ENSG00000188647	PTAR1	2150	1577	1570	1485	1767	2094	3141
ENSG00000188649	CC2D2B	4	2	2	2	3	0	4
ENSG00000188659	SAXO2	0	1	0	0	1	0	0
ENSG00000188672	RHCE	1	2	3	3	2	4	5
ENSG00000188677	PARVB	26	26	19	17	13	20	49
ENSG00000188687	SLC4A5	15	12	11	21	15	18	20
ENSG00000188690	UROS	850	702	624	713	751	785	1085
ENSG00000188706	ZDHHC9	2633	2062	2030	2142	2274	2470	3331
ENSG00000188710	QRFP	8	4	4	6	3	7	8
ENSG00000188725	SMIM15	1850	1474	1339	1521	1658	1643	2315
ENSG00000188735	TMEM120B	789	591	658	648	642	732	1014
ENSG00000188738	FSIP2	16	35	21	18	14	33	37
ENSG00000188739	RBM34	1070	806	769	861	918	905	1272
ENSG00000188747	NOXA1	47	48	53	40	54	43	92
ENSG00000188760	TMEM198	1138	914	839	870	921	948	1414
ENSG00000188761	BCL2L15	0	0	0	0	0	5	0
ENSG00000188763	FZD9	76	75	55	78	76	65	98
ENSG00000188766	SPRED3	54	41	33	32	53	53	76
ENSG00000188771	PLET1	1	1	0	0	1	0	0
ENSG00000188779	SKOR1	14	12	9	2	8	10	12
ENSG00000188783	PRELP	1	2	1	0	0	0	2
ENSG00000188784	PLA2G2E	1	1	4	3	2	0	0
ENSG00000188785	ZNF548	547	408	370	382	461	441	721
ENSG00000188786	MTF1	616	442	465	501	514	588	836
ENSG00000188807	TMEM201	1184	952	934	906	1078	1068	1606
ENSG00000188811	NHLRC3	790	677	580	577	658	805	983
ENSG00000188816	HMX2	2	0	1	2	2	2	0
ENSG00000188817	SNTN	2	5	2	2	3	1	5
ENSG00000188818	ZDHHC11	57	62	41	51	35	49	103
ENSG00000188822	CNR2	44	32	28	29	30	29	52
ENSG00000188827	SLX4	451	395	388	333	366	461	615
ENSG00000188833	ENTPD8	1	11	6	8	12	6	14
ENSG00000188846	RPL14	4771	4408	3694	4212	4537	4576	6943
ENSG00000188848	BEND4	0	0	0	0	0	1	0
ENSG00000188859	FAM78B	0	12	13	12	4	6	25
ENSG00000188868	ZNF563	254	194	222	230	229	261	353
ENSG00000188869	TMC3	0	3	4	0	0	5	5
ENSG00000188878	FBF1	197	166	177	138	225	186	287
ENSG00000188895	MSL1	4421	3366	3433	3547	3791	3991	5589
ENSG00000188897	NA	3	7	9	8	4	5	8
ENSG00000188906	LRRK2	0	0	0	0	0	0	1
ENSG00000188910	GJB3	0	0	0	0	0	0	1
ENSG00000188916	INSYN2A	0	1	2	0	2	0	0
ENSG00000188917	TRMT2B	475	385	355	379	459	446	552
ENSG00000188921	HACD4	3	8	6	3	6	13	11
ENSG00000188931	CFAP126	30	41	37	29	29	33	46
ENSG00000188937	NYX	0	0	0	0	1	0	3
ENSG00000188938	FAM120AOS	992	804	763	886	946	893	1309
ENSG00000188958	UTS2B	12	16	10	7	4	3	15
ENSG00000188959	C9orf152	222	159	165	196	202	209	282
ENSG00000188976	NOC2L	4898	3923	3790	4048	4472	4452	5948
ENSG00000188981	MSANTD1	4	5	7	2	5	8	7
ENSG00000188986	NELFB	3848	3090	2829	2996	3261	3385	4490
ENSG00000188992	LIPI	1	0	0	0	0	0	0
ENSG00000188993	LRRC66	2	2	0	1	1	1	3
ENSG00000188994	ZNF292	1187	902	1028	903	1020	1215	1746
ENSG00000188996	HUS1B	5	4	7	2	6	5	8
ENSG00000188997	KCTD21	471	361	333	320	392	419	615
ENSG00000189007	ADAT2	961	733	708	668	782	830	1156
ENSG00000189037	DUSP21	0	0	0	0	2	0	0
ENSG00000189042	ZNF567	142	94	93	89	105	105	150
ENSG00000189043	NDUFA4	2593	2199	1675	2036	2199	2260	3073
ENSG00000189045	ANKDD1B	2	4	2	5	4	0	11
ENSG00000189046	ALKBH2	611	554	463	541	570	550	722
ENSG00000189050	RNFT1	483	386	375	480	460	346	641
ENSG00000189051	RNF222	4	8	7	4	8	11	13
ENSG00000189056	RELN	24254	12301	18744	15831	19738	24769	36442
ENSG00000189057	FAM111B	680	473	493	524	555	617	870
ENSG00000189058	APOD	1	1	1	0	3	0	0
ENSG00000189060	H1-0	20979	17664	16540	19062	21009	21942	28614
ENSG00000189067	LITAF	9499	7253	7229	7922	8265	8385	11609
ENSG00000189077	TMEM120A	917	821	660	791	732	843	1093
ENSG00000189079	ARID2	1350	922	1031	1004	1084	1259	1802
ENSG00000189091	SF3B3	11800	8621	8991	8997	10037	10813	15093
ENSG00000189099	PRSS48	0	0	2	0	0	1	3
ENSG00000189114	BLOC1S3	433	390	408	381	408	430	565
ENSG00000189120	SP6	10	9	8	7	11	16	10
ENSG00000189127	ANKRD34B	0	2	4	1	2	3	0
ENSG00000189129	PLAC9	1	0	0	2	0	1	0
ENSG00000189134	NKAPL	0	0	0	0	0	0	2
ENSG00000189143	CLDN4	3350	2577	2514	2727	2986	2803	3880
ENSG00000189144	ZNF573	18	27	32	18	30	26	38
ENSG00000189152	GRAPL	25	3	13	2	15	11	23
ENSG00000189157	FAM47E	26	18	27	15	20	35	34
ENSG00000189159	JPT1	3758	3046	2782	3203	3418	3333	4550
ENSG00000189164	ZNF527	117	112	101	64	84	86	108
ENSG00000189167	ZAR1L	1	1	1	2	1	0	2
ENSG00000189169	KRTAP10-12	0	0	0	0	0	0	1
ENSG00000189171	S100A13	539	495	398	507	470	476	580
ENSG00000189180	ZNF33A	1194	985	889	845	1008	1116	1771
ENSG00000189186	DCAF8L2	2	1	0	0	0	1	0
ENSG00000189190	ZNF600	374	309	271	262	285	338	516
ENSG00000189195	BTBD8	20	11	27	17	34	20	29
ENSG00000189221	MAOA	569	490	456	515	590	549	820
ENSG00000189227	C15orf61	355	247	242	274	268	320	426
ENSG00000189233	NUGGC	106	80	76	64	73	104	118
ENSG00000189241	TSPYL1	5691	4120	4341	4719	5124	5518	7529
ENSG00000189266	PNRC2	4636	3708	3502	3811	4172	4500	6104
ENSG00000189269	DRICH1	5	2	0	3	4	7	7
ENSG00000189283	FHIT	51	51	58	61	72	57	88
ENSG00000189292	ALKAL2	7	1	3	9	9	5	7
ENSG00000189298	ZKSCAN3	329	257	269	266	261	268	421
ENSG00000189306	RRP7A	2464	2201	1916	2141	2296	2347	3181
ENSG00000189308	LIN54	1231	878	1032	988	1043	1107	1734
ENSG00000189319	FAM53B	1845	1419	1343	1420	1567	1643	2366
ENSG00000189320	FAM180A	0	0	0	0	0	0	1
ENSG00000189325	BNIP5	0	0	0	0	0	0	1
ENSG00000189334	S100A14	49	41	43	44	66	39	66
ENSG00000189337	KAZN	2325	1772	1823	1865	2106	2071	2982
ENSG00000189339	SLC35E2B	3580	2939	2646	2777	3221	3337	4916
ENSG00000189350	TOGARAM2	0	3	1	3	2	0	2
ENSG00000189362	NEMP2	293	174	192	215	233	274	367
ENSG00000189367	KIAA0408	7	12	12	13	14	9	0
ENSG00000189376	C8orf76	518	443	382	431	395	489	608
ENSG00000189377	CXCL17	0	0	1	0	2	2	1
ENSG00000189401	OTUD6A	2	5	1	8	8	3	11
ENSG00000189403	HMGB1	15477	12056	11763	13416	13472	14287	19282
ENSG00000189409	MMP23B	35	19	14	23	24	33	31
ENSG00000189410	SH2D5	133	98	91	107	125	137	164
ENSG00000189420	ZFP92	0	0	0	2	3	0	1
ENSG00000189430	NCR1	0	0	0	0	0	0	1
ENSG00000189431	RASSF10	0	1	1	0	0	1	1
ENSG00000189433	GJB4	0	0	0	0	0	0	1
ENSG00000196072	BLOC1S2	1128	939	777	939	921	1018	1352
ENSG00000196074	SYCP2	0	6	6	3	9	5	5
ENSG00000196081	ZNF724	127	85	78	101	78	107	145
ENSG00000196083	IL1RAP	1140	843	862	853	890	1038	1507
ENSG00000196090	PTPRT	0	1	1	1	0	0	1
ENSG00000196091	MYBPC1	15	13	10	25	15	13	17
ENSG00000196092	PAX5	0	1	0	0	0	0	0
ENSG00000196109	ZNF676	0	0	1	0	0	0	0
ENSG00000196110	ZNF699	85	57	51	62	59	76	103
ENSG00000196116	TDRD7	889	683	714	773	760	830	1246
ENSG00000196118	CFAP119	32	11	10	8	16	7	29
ENSG00000196119	OR8A1	15	12	13	11	10	15	23
ENSG00000196123	KIAA0895L	438	372	309	253	375	397	565
ENSG00000196126	HLA-DRB1	0	1	0	0	0	0	0
ENSG00000196131	VN1R2	1	0	0	0	1	3	3
ENSG00000196132	MYT1	18	15	9	8	14	16	16
ENSG00000196136	SERPINA3	21550	17849	16430	19871	21422	23361	32953
ENSG00000196139	AKR1C3	7106	5731	4886	5433	5717	5627	7832
ENSG00000196141	SPATS2L	11993	9226	9055	9550	10544	10830	15246
ENSG00000196150	ZNF250	154	143	135	128	167	152	205
ENSG00000196151	WDSUB1	349	270	266	338	324	359	487
ENSG00000196152	ZNF79	217	150	156	172	165	198	250
ENSG00000196154	S100A4	277	274	194	227	213	234	278
ENSG00000196155	PLEKHG4	423	365	327	387	431	426	563
ENSG00000196159	FAT4	73	56	62	44	57	88	93
ENSG00000196169	KIF19	0	0	0	1	0	0	0
ENSG00000196172	ZNF681	11	21	11	16	18	19	24
ENSG00000196177	ACADSB	8366	6313	6167	6160	6767	7835	11006
ENSG00000196182	STK40	4673	3466	3623	3918	4076	4240	6015
ENSG00000196184	OR10J1	1	0	1	0	1	4	4
ENSG00000196187	TMEM63A	1653	1304	1299	1214	1392	1551	2066
ENSG00000196188	CTSE	50	32	36	24	29	42	63
ENSG00000196189	SEMA4A	1	8	1	1	0	7	3
ENSG00000196196	HRCT1	11	15	10	14	15	14	23
ENSG00000196199	MPHOSPH8	2491	2110	2051	2234	2153	2361	3307
ENSG00000196208	GREB1	6363	5120	4823	4409	5155	5889	8466
ENSG00000196209	SIRPB2	9	2	0	6	1	4	1
ENSG00000196214	ZNF766	421	304	353	308	367	430	548
ENSG00000196218	RYR1	0	0	0	1	2	5	0
ENSG00000196220	SRGAP3	9	11	2	11	14	5	24
ENSG00000196227	FAM217B	1328	936	1037	1119	1142	1258	1781
ENSG00000196230	TUBB	63040	48845	46305	49921	54495	55520	79434
ENSG00000196233	LCOR	2955	2256	2193	2102	2333	2703	3956
ENSG00000196235	SUPT5H	5569	4416	4061	4334	4899	5028	7008
ENSG00000196236	XPNPEP3	628	556	492	551	595	597	879
ENSG00000196247	ZNF107	350	149	264	241	316	244	392
ENSG00000196262	PPIA	23067	18543	16560	18663	18843	20737	26490
ENSG00000196263	ZNF471	59	64	53	30	27	49	66
ENSG00000196267	ZNF836	147	101	119	120	123	106	182
ENSG00000196268	ZNF493	249	158	149	148	157	190	291
ENSG00000196275	GTF2IRD2	36	31	39	36	42	37	55
ENSG00000196284	SUPT3H	175	110	143	111	115	150	184
ENSG00000196289	BECN2	0	2	0	0	0	0	0
ENSG00000196290	NIF3L1	1069	887	813	846	854	1015	1339
ENSG00000196296	ATP2A1	493	410	354	337	408	388	616
ENSG00000196305	IARS1	7759	5143	5878	6351	6863	7669	10303
ENSG00000196313	POM121	6838	4774	5048	4810	5707	6042	8965
ENSG00000196323	ZBTB44	1599	1213	1289	1178	1281	1529	2282
ENSG00000196337	CGB7	11	13	8	12	6	5	9
ENSG00000196338	NLGN3	1	4	2	6	3	1	5
ENSG00000196341	OR8D1	0	0	0	0	1	0	0
ENSG00000196345	ZKSCAN7	118	92	90	92	89	91	145
ENSG00000196352	CD55	462	386	343	431	422	449	591
ENSG00000196357	ZNF565	75	49	60	55	62	68	76
ENSG00000196358	NTNG2	4	2	2	5	3	6	4
ENSG00000196361	ELAVL3	15	7	8	13	8	10	11
ENSG00000196363	WDR5	2952	2447	2224	2472	2610	2735	3791
ENSG00000196365	LONP1	5685	4492	4221	4861	5150	5157	7129
ENSG00000196367	TRRAP	3212	2008	2334	2099	2452	2855	4200
ENSG00000196369	SRGAP2B	1679	1383	1282	1344	1474	1586	2167
ENSG00000196371	FUT4	69	33	48	44	66	46	69
ENSG00000196372	ASB13	762	553	557	634	637	691	842
ENSG00000196376	SLC35F1	27	18	18	18	19	20	26
ENSG00000196378	ZNF34	133	130	99	91	131	115	189
ENSG00000196387	ZNF140	147	151	170	198	143	161	299
ENSG00000196388	INCA1	36	25	34	34	35	35	51
ENSG00000196391	ZNF774	39	29	21	26	34	28	30
ENSG00000196396	PTPN1	3493	2499	2507	2582	2886	3188	4383
ENSG00000196405	EVL	860	773	726	666	759	763	1080
ENSG00000196407	THEM5	1	0	0	2	0	0	1
ENSG00000196408	NOXO1	9	11	9	8	10	9	6
ENSG00000196411	EPHB4	5285	4093	4231	4337	4689	4850	6818
ENSG00000196415	PRTN3	0	1	0	0	0	0	0
ENSG00000196417	ZNF765	381	287	254	264	300	336	513
ENSG00000196418	ZNF124	507	377	354	360	436	434	630
ENSG00000196419	XRCC6	18448	13305	13194	14375	15415	15993	21969
ENSG00000196420	S100A5	3	0	0	3	0	0	4
ENSG00000196421	C20orf204	1851	1694	1457	1590	1888	1725	2328
ENSG00000196422	PPP1R26	1464	1114	1102	1067	1169	1296	1840
ENSG00000196428	TSC22D2	983	712	731	709	833	928	1351
ENSG00000196433	ASMT	0	1	1	2	1	0	0
ENSG00000196436	NPIPB15	329	315	268	217	290	309	447
ENSG00000196437	ZNF569	193	159	130	149	139	133	230
ENSG00000196449	YRDC	1027	824	749	864	980	999	1149
ENSG00000196453	ZNF777	947	662	685	766	713	812	1145
ENSG00000196455	PIK3R4	1122	816	807	869	941	1068	1590
ENSG00000196456	ZNF775	237	227	210	210	233	231	321
ENSG00000196458	ZNF605	554	495	421	394	478	548	837
ENSG00000196459	TRAPPC2	270	239	218	206	225	273	365
ENSG00000196460	RFX8	1	0	0	0	0	0	0
ENSG00000196465	MYL6B	1107	952	793	845	982	1000	1298
ENSG00000196466	ZNF799	351	264	250	299	274	323	432
ENSG00000196470	SIAH1	1048	890	853	1013	970	1062	1349
ENSG00000196476	C20orf96	545	490	468	504	486	520	797
ENSG00000196482	ESRRG	0	0	0	0	0	2	0
ENSG00000196497	IPO4	8692	6712	6545	6966	7652	7780	10945
ENSG00000196498	NCOR2	5135	3907	3717	3474	4255	4823	6887
ENSG00000196502	SULT1A1	4567	3746	3466	3791	3969	3989	5676
ENSG00000196503	ARL9	4	0	1	0	2	0	0
ENSG00000196504	PRPF40A	9349	6734	7166	7783	7969	8766	12301
ENSG00000196505	GDAP2	557	496	438	430	460	483	775
ENSG00000196507	TCEAL3	5	3	4	4	2	3	6
ENSG00000196510	ANAPC7	1949	1488	1419	1631	1647	1755	2411
ENSG00000196511	TPK1	3	6	13	0	5	5	16
ENSG00000196517	SLC6A9	650	519	529	726	764	828	1092
ENSG00000196526	AFAP1	642	465	504	486	550	638	888
ENSG00000196531	NACA	11694	9787	8611	9773	10257	11401	14801
ENSG00000196535	MYO18A	2789	2188	2621	2070	2442	3122	4387
ENSG00000196542	SPTSSB	12	8	18	7	8	6	8
ENSG00000196544	BORCS6	336	277	274	254	272	295	368
ENSG00000196547	MAN2A2	989	716	765	834	903	1027	1433
ENSG00000196550	FAM72A	500	382	346	325	415	447	636
ENSG00000196557	CACNA1H	880	608	560	647	800	725	1044
ENSG00000196562	SULF2	3812	2908	3039	2826	3228	3380	4685
ENSG00000196565	HBG2	0	1	0	0	1	1	1
ENSG00000196569	LAMA2	5	0	0	0	0	5	1
ENSG00000196576	PLXNB2	8999	6616	6851	6101	7178	7890	11685
ENSG00000196581	AJAP1	0	0	0	1	0	0	0
ENSG00000196584	XRCC2	818	684	666	646	750	809	1224
ENSG00000196586	MYO6	901	734	739	757	795	924	1270
ENSG00000196588	MRTFA	1333	996	1010	1027	1130	1137	1761
ENSG00000196591	HDAC2	4527	3507	3611	3905	4046	4131	5799
ENSG00000196597	ZNF782	134	98	104	103	109	157	203
ENSG00000196600	SLC22A25	27	22	20	21	23	18	50
ENSG00000196604	POTEF	51	45	36	35	33	64	123
ENSG00000196605	ZNF846	114	110	105	76	115	122	156
ENSG00000196611	MMP1	6	2	0	1	2	3	3
ENSG00000196616	ADH1B	9	6	5	2	8	2	8
ENSG00000196620	UGT2B15	0	3	1	2	2	0	2
ENSG00000196628	TCF4	0	0	0	0	0	0	2
ENSG00000196632	WNK3	38	34	30	29	37	25	79
ENSG00000196636	SDHAF3	747	645	492	611	607	587	786
ENSG00000196639	HRH1	1	1	0	1	1	1	0
ENSG00000196642	RABL6	10591	8477	8398	8544	9219	9544	12597
ENSG00000196646	ZNF136	202	173	140	182	168	200	300
ENSG00000196652	ZKSCAN5	478	362	361	326	442	463	644
ENSG00000196653	ZNF502	0	0	0	0	0	0	1
ENSG00000196655	TRAPPC4	1222	979	865	992	1017	953	1405
ENSG00000196659	TTC30B	145	106	105	115	128	128	196
ENSG00000196660	SLC30A10	453	331	321	340	384	435	529
ENSG00000196663	TECPR2	694	545	541	553	682	749	926
ENSG00000196664	TLR7	22	12	10	21	20	22	33
ENSG00000196666	FAM180B	12	9	6	7	16	5	12
ENSG00000196670	ZFP62	453	354	350	301	358	452	562
ENSG00000196678	ERI2	799	615	556	605	624	750	1037
ENSG00000196683	TOMM7	898	864	694	798	909	908	1136
ENSG00000196684	HSH2D	50	33	29	45	56	42	55
ENSG00000196689	TRPV1	498	482	396	399	439	451	661
ENSG00000196693	ZNF33B	1028	881	756	832	905	1019	1434
ENSG00000196700	ZNF512B	6829	5821	5296	5409	6311	6509	9106
ENSG00000196704	AMZ2	2297	1916	1779	1872	1992	2073	2903
ENSG00000196705	ZNF431	677	522	503	484	520	615	919
ENSG00000196712	NF1	2525	1858	2024	1725	2058	2417	3552
ENSG00000196715	VKORC1L1	3349	2500	2441	2670	2840	2944	4314
ENSG00000196724	ZNF418	2	1	0	0	3	1	0
ENSG00000196730	DAPK1	2261	1701	1724	1721	1791	2075	2989
ENSG00000196734	LCE1B	2	0	0	0	0	0	0
ENSG00000196735	HLA-DQA1	0	0	0	0	1	0	0
ENSG00000196739	COL27A1	12968	11510	9870	9399	10719	12168	17544
ENSG00000196743	GM2A	2587	2007	2068	2076	2156	2408	3309
ENSG00000196747	H2AC13	60	27	36	40	36	43	64
ENSG00000196754	S100A2	36	45	27	58	52	45	35
ENSG00000196757	ZNF700	436	321	323	315	380	345	523
ENSG00000196776	CD47	145	131	140	132	133	133	199
ENSG00000196778	OR52K1	2	2	2	2	2	2	4
ENSG00000196781	TLE1	3567	2721	2604	2801	3118	3373	4662
ENSG00000196782	MAML3	25	23	15	15	17	19	41
ENSG00000196787	H2AC11	10	2	6	6	7	4	8
ENSG00000196792	STRN3	4274	3056	3298	3430	3702	4056	5580
ENSG00000196793	ZNF239	0	0	0	1	0	0	0
ENSG00000196812	ZSCAN16	139	139	135	129	153	171	232
ENSG00000196814	MVB12B	1889	1347	1420	1493	1692	1629	2461
ENSG00000196821	ILRUN	7288	5315	5540	5684	6271	6550	8949
ENSG00000196832	OR11G2	11	11	11	21	9	15	11
ENSG00000196834	POTEI	125	91	83	81	79	142	223
ENSG00000196839	ADA	164	111	104	122	161	123	195
ENSG00000196843	ARID5A	138	184	115	134	193	162	229
ENSG00000196850	PPTC7	1607	1123	1242	1210	1410	1503	2179
ENSG00000196859	KRT39	0	0	1	0	0	4	2
ENSG00000196860	TOMM20L	2	2	0	0	2	3	2
ENSG00000196862	RGPD4	31	36	7	17	27	18	41
ENSG00000196865	NHLRC2	1357	1120	1028	1051	1097	1348	1833
ENSG00000196866	H2AC7	7	0	0	1	6	0	5
ENSG00000196872	CRACDL	17	14	10	20	13	12	23
ENSG00000196873	CBWD3	1112	870	783	783	874	942	1165
ENSG00000196876	SCN8A	96	61	54	57	56	80	113
ENSG00000196878	LAMB3	22	7	8	12	10	11	23
ENSG00000196890	H2BU1	9	9	7	8	4	1	12
ENSG00000196911	KPNA5	680	585	548	541	572	671	967
ENSG00000196912	ANKRD36B	228	203	197	182	190	173	291
ENSG00000196914	ARHGEF12	5982	4287	4455	4218	4937	5803	8271
ENSG00000196917	HCAR1	251	200	157	166	185	193	263
ENSG00000196923	PDLIM7	1679	1227	1183	1369	1498	1468	2153
ENSG00000196924	FLNA	27627	18872	20816	19343	23098	25885	35952
ENSG00000196935	SRGAP1	702	525	526	500	541	578	978
ENSG00000196937	FAM3C	1692	1326	1268	1379	1531	1537	2251
ENSG00000196943	NOP9	5807	4466	4210	4547	5159	5475	7497
ENSG00000196946	ZNF705A	2	1	0	0	2	1	6
ENSG00000196950	SLC39A10	736	480	486	517	607	756	930
ENSG00000196954	CASP4	1069	813	720	816	864	956	1289
ENSG00000196961	AP2A1	3808	3071	3002	3107	3257	3572	5143
ENSG00000196967	ZNF585A	168	146	129	119	151	158	227
ENSG00000196968	FUT11	348	262	276	229	240	286	417
ENSG00000196972	SMIM10L2B	5	5	2	4	4	2	5
ENSG00000196975	ANXA4	7743	6281	5806	5845	6169	6745	8986
ENSG00000196976	LAGE3	420	350	302	337	439	392	413
ENSG00000196981	WDR5B	260	179	171	189	205	200	302
ENSG00000196990	FAM163B	0	1	1	1	0	0	0
ENSG00000196993	NPIPB9	10	7	6	6	0	7	6
ENSG00000196998	WDR45	568	436	406	446	535	499	681
ENSG00000197006	METTL9	5667	4418	4055	4478	4892	4909	7028
ENSG00000197008	ZNF138	111	129	79	109	110	136	172
ENSG00000197013	ZNF429	131	136	109	119	133	136	200
ENSG00000197016	ZNF470	3	3	3	2	4	3	5
ENSG00000197019	SERTAD1	181	146	127	142	195	171	226
ENSG00000197020	ZNF100	290	193	211	211	236	264	350
ENSG00000197021	EOLA2	487	389	384	427	441	428	613
ENSG00000197024	ZNF398	526	457	417	483	496	528	817
ENSG00000197037	ZSCAN25	614	506	479	522	489	639	795
ENSG00000197043	ANXA6	5162	4278	3951	4116	4450	4558	6268
ENSG00000197044	ZNF441	193	183	179	162	184	207	249
ENSG00000197045	GMFB	2820	2173	2142	2151	2237	2472	3489
ENSG00000197046	SIGLEC15	0	0	0	0	1	0	0
ENSG00000197050	ZNF420	127	97	91	83	97	90	131
ENSG00000197054	ZNF763	30	19	23	17	20	24	21
ENSG00000197056	ZMYM1	315	184	200	217	182	241	342
ENSG00000197057	DTHD1	0	0	0	0	0	0	2
ENSG00000197061	H4C3	15	28	27	15	24	23	27
ENSG00000197062	ZSCAN26	334	260	247	258	278	300	415
ENSG00000197063	MAFG	3335	2789	2550	2769	3006	3078	4095
ENSG00000197070	ARRDC1	688	585	548	558	609	646	889
ENSG00000197077	KIAA1671	2863	2043	2327	2221	2546	2796	3947
ENSG00000197081	IGF2R	10978	6454	8145	7642	9344	11046	15454
ENSG00000197084	LCE1C	0	0	0	0	0	0	1
ENSG00000197093	GAL3ST4	25	10	12	25	19	8	18
ENSG00000197102	DYNC1H1	1078	1206	794	637	1165	1494	1170
ENSG00000197111	PCBP2	19537	15030	14112	15765	17349	18189	24852
ENSG00000197114	ZGPAT	1700	1317	1317	1376	1644	1475	2017
ENSG00000197119	SLC25A29	596	512	436	430	562	542	803
ENSG00000197121	PGAP1	577	537	468	424	510	497	751
ENSG00000197122	SRC	3367	2824	2560	2649	3076	3122	4711
ENSG00000197124	ZNF682	70	60	58	59	61	56	123
ENSG00000197128	ZNF772	343	253	246	285	286	302	472
ENSG00000197134	ZNF257	19	0	11	22	10	21	28
ENSG00000197136	PCNX3	3308	2327	2519	2398	2846	3159	4494
ENSG00000197140	ADAM32	3	2	1	2	2	1	0
ENSG00000197142	ACSL5	2584	1801	1926	2009	2128	2383	3372
ENSG00000197147	LRRC8B	809	651	702	644	707	774	1186
ENSG00000197150	ABCB8	688	506	461	557	621	582	913
ENSG00000197153	H3C12	0	1	1	0	2	1	3
ENSG00000197157	SND1	11641	9047	8535	9356	10321	10825	14859
ENSG00000197162	ZNF785	17	14	20	14	21	18	23
ENSG00000197165	SULT1A2	1240	1125	850	1010	1215	1156	1587
ENSG00000197168	NEK5	15	4	13	9	7	16	33
ENSG00000197170	PSMD12	2758	2030	2002	2279	2311	2506	3382
ENSG00000197172	MAGEA6	10	8	7	10	8	7	13
ENSG00000197177	ADGRA1	0	1	2	1	1	3	3
ENSG00000197181	PIWIL2	85	69	69	74	60	72	112
ENSG00000197183	NOL4L	2981	2374	2254	2165	2414	2619	3846
ENSG00000197191	CYSRT1	80	68	70	62	65	69	108
ENSG00000197208	SLC22A4	20	17	17	15	13	16	29
ENSG00000197213	ZSCAN5B	0	0	1	0	1	0	0
ENSG00000197217	ENTPD4	1586	1215	1222	1081	1264	1356	1966
ENSG00000197223	C1D	1039	860	731	837	828	878	1207
ENSG00000197226	TBC1D9B	3451	2688	2632	2547	2947	3109	4271
ENSG00000197233	OR1J2	0	1	0	0	0	0	0
ENSG00000197238	H4C11	126	141	87	43	108	107	130
ENSG00000197241	SLC2A7	0	0	0	0	0	2	1
ENSG00000197245	FAM110D	71	56	64	48	58	61	91
ENSG00000197249	SERPINA1	134393	100862	99568	103152	106874	112979	164991
ENSG00000197253	TPSB2	0	0	0	1	0	1	1
ENSG00000197256	KANK2	1084	856	863	920	999	1083	1535
ENSG00000197261	C6orf141	0	0	0	1	0	0	0
ENSG00000197265	GTF2E2	1303	1012	951	1091	1227	1155	1664
ENSG00000197272	IL27	1	3	2	3	2	3	2
ENSG00000197273	GUCA2A	0	0	2	0	3	2	0
ENSG00000197275	RAD54B	363	246	233	245	213	291	395
ENSG00000197279	ZNF165	114	89	91	116	116	104	168
ENSG00000197283	SYNGAP1	213	150	159	139	187	178	285
ENSG00000197296	FITM2	2043	1602	1562	1784	1969	2006	2780
ENSG00000197299	BLM	373	269	304	276	333	415	536
ENSG00000197302	KRBOX5	493	473	342	509	386	539	781
ENSG00000197312	DDI2	4510	3310	3421	3366	3741	4376	6220
ENSG00000197321	SVIL	1525	1121	1132	1126	1251	1374	2008
ENSG00000197323	TRIM33	3588	2543	2756	2733	2889	3395	4858
ENSG00000197324	LRP10	3036	2065	2360	2442	2689	2747	3920
ENSG00000197329	PELI1	953	766	735	769	825	891	1336
ENSG00000197343	ZNF655	1404	876	813	1071	1150	1218	1577
ENSG00000197345	MRPL21	841	699	603	736	813	748	927
ENSG00000197353	LYPD2	1	0	2	0	0	0	2
ENSG00000197355	UAP1L1	1203	878	920	881	1011	973	1300
ENSG00000197361	FBXL22	52	25	41	50	40	45	32
ENSG00000197362	ZNF786	339	281	268	255	317	335	419
ENSG00000197363	ZNF517	1338	1270	1170	1100	1235	1306	1833
ENSG00000197372	ZNF675	169	142	128	135	156	145	254
ENSG00000197375	SLC22A5	366	272	240	256	334	337	492
ENSG00000197380	DACT3	26	30	32	26	25	23	29
ENSG00000197381	ADARB1	591	444	405	409	470	499	705
ENSG00000197385	ZNF860	61	37	37	36	36	41	59
ENSG00000197386	HTT	4809	3379	3645	3209	3910	4156	5925
ENSG00000197405	C5AR1	4	3	5	9	12	9	12
ENSG00000197408	CYP2B6	3	8	5	1	7	0	5
ENSG00000197409	H3C4	6	8	6	0	10	1	0
ENSG00000197410	DCHS2	4	1	1	0	0	0	1
ENSG00000197415	VEPH1	0	0	0	0	0	1	0
ENSG00000197417	SHPK	1474	1111	1095	1127	1228	1392	1807
ENSG00000197428	OR51D1	0	0	0	0	0	0	1
ENSG00000197429	IPP	231	179	205	216	199	247	349
ENSG00000197442	MAP3K5	3	0	3	1	2	2	2
ENSG00000197444	OGDHL	179	126	137	117	152	166	224
ENSG00000197448	GSTK1	1224	1001	929	1038	1075	1070	1406
ENSG00000197451	HNRNPAB	9039	7314	6663	7252	8099	8402	11228
ENSG00000197457	STMN3	1344	1084	976	1091	1210	1309	1710
ENSG00000197461	PDGFA	77	55	60	71	59	83	120
ENSG00000197467	COL13A1	0	0	1	0	1	0	0
ENSG00000197471	SPN	55	34	41	38	36	47	54
ENSG00000197472	ZNF695	80	84	86	74	79	99	122
ENSG00000197479	PCDHB11	1	4	2	1	5	5	6
ENSG00000197483	ZNF628	405	289	279	311	317	345	500
ENSG00000197487	GALP	0	0	0	0	0	0	2
ENSG00000197496	SLC2A10	834	720	724	663	729	828	1173
ENSG00000197497	ZNF665	85	86	67	77	80	95	135
ENSG00000197498	RPF2	1380	1091	1195	1265	1254	1235	1897
ENSG00000197520	FAM177B	1	0	0	0	0	0	0
ENSG00000197530	MIB2	303	164	269	292	184	357	336
ENSG00000197532	OR6Y1	9	10	8	6	5	11	17
ENSG00000197535	MYO5A	408	272	304	290	309	393	574
ENSG00000197540	GZMM	1	0	0	0	1	1	1
ENSG00000197548	ATG7	504	396	373	440	371	417	531
ENSG00000197555	SIPA1L1	1478	1091	1117	1089	1183	1325	1905
ENSG00000197557	TTC30A	168	116	139	136	119	168	236
ENSG00000197562	RAB40C	680	573	518	541	586	589	799
ENSG00000197563	PIGN	1512	1177	1095	1055	1178	1329	1935
ENSG00000197565	COL4A6	672	484	514	456	575	562	835
ENSG00000197566	ZNF624	84	50	67	61	78	64	121
ENSG00000197576	HOXA4	235	181	203	205	240	219	320
ENSG00000197579	TOPORS	856	666	702	695	732	829	1114
ENSG00000197580	BCO2	4	2	2	3	8	5	7
ENSG00000197586	ENTPD6	6676	5282	4966	5358	5721	5945	8116
ENSG00000197587	DMBX1	0	0	0	0	0	1	0
ENSG00000197594	ENPP1	3882	3054	3037	2925	3260	3554	5233
ENSG00000197599	CCDC154	22	19	12	17	22	14	29
ENSG00000197601	FAR1	13	21	12	9	13	12	15
ENSG00000197603	CPLANE1	442	263	323	252	350	389	625
ENSG00000197608	ZNF841	574	468	429	375	418	486	711
ENSG00000197614	MFAP5	14	13	6	15	16	14	18
ENSG00000197616	MYH6	1	0	2	1	1	3	1
ENSG00000197619	ZNF615	254	239	203	212	204	258	357
ENSG00000197620	EOLA1	220	183	167	175	214	184	286
ENSG00000197622	CDC42SE1	628	467	467	540	528	592	783
ENSG00000197629	MPEG1	0	0	0	0	0	0	1
ENSG00000197632	SERPINB2	2	2	2	1	2	1	1
ENSG00000197635	DPP4	2987	2212	2249	2201	2385	2760	3842
ENSG00000197647	ZNF433	97	77	60	92	89	93	114
ENSG00000197653	DNAH10	2	3	3	1	1	1	0
ENSG00000197694	SPTAN1	12087	9111	9314	8507	9781	11082	15495
ENSG00000197696	NMB	400	319	297	313	372	349	472
ENSG00000197702	PARVA	1255	831	898	956	990	1039	1558
ENSG00000197705	KLHL14	1981	1438	1464	1492	1543	1794	2563
ENSG00000197706	OR6C74	88	97	68	58	79	91	120
ENSG00000197712	FAM114A1	2881	2217	2331	2156	2333	2503	3579
ENSG00000197713	RPE	2947	2238	2178	2303	2297	2670	3667
ENSG00000197714	ZNF460	65	38	49	41	58	49	69
ENSG00000197724	PHF2	1235	994	964	949	1085	1152	1566
ENSG00000197728	RPS26	6177	5038	4082	5111	5253	5430	7170
ENSG00000197746	PSAP	19019	13937	14480	16031	16989	16888	23672
ENSG00000197747	S100A10	2209	1642	1467	1575	1583	1724	2347
ENSG00000197748	CFAP43	16	9	12	12	12	10	17
ENSG00000197753	LHFPL5	350	321	201	249	251	314	477
ENSG00000197756	RPL37A	19867	17410	14186	17159	18173	18292	23468
ENSG00000197757	HOXC6	3	2	0	0	0	0	0
ENSG00000197763	TXNRD3	329	259	279	272	294	250	396
ENSG00000197766	CFD	152	140	113	104	127	100	190
ENSG00000197768	STPG3	1	0	4	0	0	4	3
ENSG00000197769	MAP1LC3C	24	31	31	26	21	39	45
ENSG00000197771	MCMBP	2915	2182	2056	2253	2537	2680	3732
ENSG00000197774	EME2	518	464	412	424	385	472	694
ENSG00000197776	KLHDC1	1	1	0	0	1	0	2
ENSG00000197779	ZNF81	200	172	154	120	172	185	297
ENSG00000197780	TAF13	920	737	670	769	733	844	1133
ENSG00000197782	ZNF780A	639	477	506	469	576	599	917
ENSG00000197785	ATAD3A	3606	2789	2694	2980	3180	3199	4513
ENSG00000197798	FAM118B	592	448	387	494	516	506	710
ENSG00000197808	ZNF461	84	74	58	60	68	82	117
ENSG00000197816	CCDC180	4	0	0	0	0	0	0
ENSG00000197818	SLC9A8	612	593	478	520	514	598	795
ENSG00000197822	OCLN	1442	1104	1128	1160	1303	1460	2096
ENSG00000197837	H4-16	0	4	0	0	7	0	0
ENSG00000197841	ZNF181	258	210	202	234	214	225	326
ENSG00000197852	INKA2	379	336	319	330	379	418	531
ENSG00000197857	ZNF44	500	471	359	435	438	474	700
ENSG00000197858	GPAA1	1406	1129	1115	1044	1317	1168	1870
ENSG00000197859	ADAMTSL2	504	431	375	403	434	476	656
ENSG00000197860	SGTB	831	606	585	594	680	746	1006
ENSG00000197863	ZNF790	100	80	78	81	87	105	142
ENSG00000197870	PRB3	0	1	1	0	2	1	0
ENSG00000197872	CYRIA	0	0	0	0	1	0	0
ENSG00000197879	MYO1C	5088	3827	4042	3864	4453	4758	6416
ENSG00000197885	NKIRAS1	373	268	237	258	313	313	422
ENSG00000197888	UGT2B17	1	4	2	0	0	4	0
ENSG00000197889	MEIG1	0	1	0	2	0	3	0
ENSG00000197891	SLC22A12	0	0	1	0	0	0	0
ENSG00000197892	KIF13B	1837	1435	1411	1381	1572	1750	2407
ENSG00000197893	NRAP	0	3	0	2	0	2	1
ENSG00000197894	ADH5	8803	7078	6652	7194	7423	7952	10634
ENSG00000197901	SLC22A6	0	1	0	0	0	0	0
ENSG00000197903	H2BC12	67	41	54	51	64	59	72
ENSG00000197905	TEAD4	2502	2003	1885	2088	2238	2277	3093
ENSG00000197912	SPG7	2530	2077	1835	1908	2152	1968	2769
ENSG00000197915	HRNR	2	3	3	0	1	1	0
ENSG00000197921	HES5	6	4	2	0	3	1	2
ENSG00000197928	ZNF677	1	0	1	1	1	2	2
ENSG00000197930	ERO1A	4788	3587	3635	3393	3595	4122	5960
ENSG00000197933	ZNF823	297	238	216	250	255	278	402
ENSG00000197937	ZNF347	125	97	111	94	128	135	190
ENSG00000197943	PLCG2	29	32	20	20	32	21	24
ENSG00000197948	FCHSD1	295	275	333	257	342	353	436
ENSG00000197951	ZNF71	257	206	198	198	226	234	364
ENSG00000197956	S100A6	873	719	641	741	766	730	1014
ENSG00000197958	RPL12	17729	15275	13340	14786	15815	16600	22622
ENSG00000197959	DNM3	0	1	0	0	0	3	3
ENSG00000197961	ZNF121	1923	1690	1382	1276	1541	1687	2426
ENSG00000197965	MPZL1	2783	2041	2127	2033	2384	2494	3450
ENSG00000197969	VPS13A	2551	1926	1942	1726	1965	2565	3770
ENSG00000197971	MBP	281	206	241	222	236	265	363
ENSG00000197976	AKAP17A	2096	1838	1550	1613	1847	1958	2722
ENSG00000197977	ELOVL2	4646	3451	3619	3586	3949	4268	6218
ENSG00000197978	GOLGA6L9	346	388	271	285	228	364	441
ENSG00000197980	LEKR1	7	3	7	9	1	4	6
ENSG00000197982	C1orf122	1151	939	875	990	1101	1014	1239
ENSG00000197993	KEL	1	0	1	1	2	1	0
ENSG00000198000	NOL8	1399	1041	1247	1209	1228	1262	2022
ENSG00000198001	IRAK4	172	225	155	183	205	229	295
ENSG00000198003	ODAD3	0	0	0	5	6	3	8
ENSG00000198010	DLGAP2	0	0	0	1	0	0	0
ENSG00000198015	MRPL42	1892	1608	1336	1447	1767	1803	2486
ENSG00000198018	ENTPD7	1849	1380	1424	1388	1471	1642	2330
ENSG00000198026	ZNF335	1233	955	903	859	1009	1162	1617
ENSG00000198034	RPS4X	19530	15696	13933	16483	17324	17180	24721
ENSG00000198039	ZNF273	74	57	63	65	87	80	106
ENSG00000198040	ZNF84	687	500	483	462	534	651	928
ENSG00000198042	MAK16	1328	968	998	1039	1079	1210	1735
ENSG00000198049	AVPR1B	5	4	3	2	4	3	3
ENSG00000198053	SIRPA	278	196	185	229	272	273	387
ENSG00000198055	GRK6	1408	1182	1084	1138	1347	1262	1783
ENSG00000198056	PRIM1	656	451	495	551	611	656	699
ENSG00000198060	MARCHF5	1779	1406	1353	1374	1555	1615	2238
ENSG00000198064	NPIPB13	1413	1516	1050	948	1089	1414	2104
ENSG00000198074	AKR1B10	3784	2979	2868	3068	3196	3100	4150
ENSG00000198075	SULT1C4	72	36	47	45	43	56	60
ENSG00000198081	ZBTB14	510	399	403	481	449	530	596
ENSG00000198087	CD2AP	3773	2742	2966	3030	3128	3515	5225
ENSG00000198088	NUP62CL	28	31	33	22	23	44	32
ENSG00000198089	SFI1	752	666	563	614	645	689	1028
ENSG00000198093	ZNF649	237	171	151	166	189	188	297
ENSG00000198099	ADH4	906	730	712	720	861	884	1240
ENSG00000198105	ZNF248	605	542	462	501	555	547	785
ENSG00000198108	CHSY3	78	67	63	49	66	79	94
ENSG00000198113	TOR4A	2319	1812	1832	1873	2175	2184	2891
ENSG00000198121	LPAR1	1	0	1	0	0	0	0
ENSG00000198125	MB	1	0	1	2	0	0	0
ENSG00000198130	HIBCH	1436	1044	981	1130	1191	1332	1700
ENSG00000198131	ZNF544	371	310	316	349	362	390	556
ENSG00000198133	TMEM229B	30	15	17	23	26	20	40
ENSG00000198142	SOWAHC	3139	2398	2386	2443	2575	2886	4114
ENSG00000198146	ZNF770	2348	1631	1863	1954	1961	2366	3475
ENSG00000198156	NPIPB6	3	5	1	6	4	7	7
ENSG00000198157	HMGN5	31	18	24	25	19	24	23
ENSG00000198160	MIER1	1529	1091	1163	1182	1279	1372	1949
ENSG00000198162	MAN1A2	1948	1397	1471	1478	1624	1834	2691
ENSG00000198168	SVIP	610	515	446	542	551	583	844
ENSG00000198169	ZNF251	586	470	411	410	492	566	773
ENSG00000198171	DDRGK1	4134	3461	2990	3540	3857	3866	4951
ENSG00000198176	TFDP1	4129	3110	3274	3414	3568	3800	5269
ENSG00000198182	ZNF607	333	276	275	259	288	293	410
ENSG00000198183	BPIFA1	0	0	1	0	0	0	0
ENSG00000198185	ZNF334	285	265	219	176	256	239	387
ENSG00000198189	HSD17B11	4040	3069	3100	3414	3401	3622	4868
ENSG00000198198	SZT2	762	612	574	474	672	758	1165
ENSG00000198203	SULT1C2	44	43	34	37	39	47	58
ENSG00000198205	ZXDA	0	0	0	0	1	0	0
ENSG00000198208	RPS6KL1	114	89	73	78	94	116	145
ENSG00000198211	NA	0	12	9	17	0	0	16
ENSG00000198216	CACNA1E	0	0	0	1	0	1	0
ENSG00000198218	QRICH1	2502	1921	1879	1963	2289	2338	3238
ENSG00000198223	CSF2RA	1	0	0	0	0	0	0
ENSG00000198225	FKBP1C	10	6	4	7	8	7	13
ENSG00000198231	DDX42	5903	4357	4241	4720	5118	5725	8021
ENSG00000198242	RPL23A	13078	10842	9237	11707	12110	12036	15320
ENSG00000198246	SLC29A3	969	787	650	722	839	748	1240
ENSG00000198252	STYX	1511	1131	1191	1147	1314	1395	1972
ENSG00000198258	UBL5	1507	1284	1028	1261	1369	1337	1516
ENSG00000198265	HELZ	3221	2409	2552	2246	2500	2971	4317
ENSG00000198270	TMEM116	108	69	78	87	93	92	107
ENSG00000198276	UCKL1	3263	2836	2409	2525	2845	2901	4222
ENSG00000198286	CARD11	2	1	1	1	3	5	9
ENSG00000198298	ZNF485	63	52	48	67	52	47	80
ENSG00000198300	PEG3	28535	19618	22657	19669	22396	29104	40893
ENSG00000198301	SDAD1	1933	1497	1563	1726	1798	1883	2582
ENSG00000198315	ZKSCAN8	2223	1781	1828	1559	1967	2167	3381
ENSG00000198324	PHETA1	2092	1662	1545	1701	1973	1944	2612
ENSG00000198326	TMEM239	0	2	2	3	1	1	4
ENSG00000198331	HYLS1	109	92	66	87	109	116	144
ENSG00000198336	MYL4	0	0	0	0	0	1	1
ENSG00000198342	ZNF442	74	85	42	59	69	64	103
ENSG00000198346	ZNF813	544	405	433	419	499	561	783
ENSG00000198354	DCAF12L2	0	4	0	0	0	0	0
ENSG00000198355	PIM3	3357	2689	2521	2527	2753	2847	4126
ENSG00000198356	GET3	1549	1263	1080	1354	1409	1397	1816
ENSG00000198363	ASPH	13091	9432	9910	10562	10953	12388	17642
ENSG00000198369	SPRED2	4305	3237	3197	3193	3662	4191	5841
ENSG00000198373	WWP2	3600	2682	2715	2826	3049	3135	4445
ENSG00000198380	GFPT1	7634	5548	5789	5737	5912	6863	9869
ENSG00000198382	UVRAG	829	654	648	721	752	780	1077
ENSG00000198393	ZNF26	185	162	133	126	161	168	289
ENSG00000198399	ITSN2	1974	1516	1576	1599	1675	2022	2804
ENSG00000198408	OGA	2781	2320	2151	2168	2445	2835	3913
ENSG00000198417	MT1F	689	618	581	535	558	515	747
ENSG00000198420	TCAF1	5402	4200	4375	4803	4911	5509	7679
ENSG00000198429	ZNF69	323	251	292	280	280	346	486
ENSG00000198431	TXNRD1	9131	6580	6712	7196	7758	8324	11347
ENSG00000198435	NRARP	214	163	152	187	204	199	258
ENSG00000198440	ZNF583	88	54	56	63	74	73	112
ENSG00000198445	CCT8L2	0	0	0	0	0	0	2
ENSG00000198453	ZNF568	19	16	29	20	20	29	38
ENSG00000198455	ZXDB	794	586	574	590	677	677	1018
ENSG00000198464	ZNF480	666	515	463	521	554	604	906
ENSG00000198466	ZNF587	1009	838	745	692	786	920	1249
ENSG00000198467	TPM2	277	250	214	215	256	228	359
ENSG00000198478	SH3BGRL2	1731	1266	1299	1364	1445	1593	2332
ENSG00000198482	ZNF808	31	24	22	35	35	36	69
ENSG00000198483	ANKRD35	4	3	6	4	3	3	12
ENSG00000198488	B3GNT6	3	2	1	0	3	0	1
ENSG00000198492	YTHDF2	3118	2335	2312	2758	2748	3023	4273
ENSG00000198498	TMA16	1209	924	955	1075	1042	1137	1536
ENSG00000198513	ATL1	17	7	20	6	4	16	24
ENSG00000198515	CNGA1	7	4	5	4	0	1	1
ENSG00000198517	MAFK	1610	1331	1138	1238	1371	1425	1945
ENSG00000198520	ARMH1	0	0	0	0	2	1	2
ENSG00000198521	ZNF43	220	157	183	198	169	205	311
ENSG00000198522	GPN1	1481	1167	1063	1189	1308	1342	1857
ENSG00000198535	C2CD4A	65	62	56	56	50	40	75
ENSG00000198538	ZNF28	251	206	196	229	235	250	334
ENSG00000198542	ITGBL1	0	0	0	1	0	0	0
ENSG00000198546	ZNF511	1141	976	878	918	1034	1022	1368
ENSG00000198547	C20orf203	3	1	2	2	3	1	1
ENSG00000198551	ZNF627	253	230	188	183	190	247	340
ENSG00000198553	KCNRG	16	13	9	10	7	15	18
ENSG00000198554	WDHD1	1109	737	782	733	843	956	1478
ENSG00000198556	ZNF789	293	346	249	246	274	275	486
ENSG00000198561	CTNND1	12364	8884	9454	9705	10655	11782	16128
ENSG00000198563	DDX39B	8407	6756	6245	7227	7523	7805	10570
ENSG00000198569	SLC34A3	51	36	40	27	39	44	58
ENSG00000198576	ARC	3	2	2	1	2	3	4
ENSG00000198585	NUDT16	1311	1070	1061	1013	1223	1206	1843
ENSG00000198586	TLK1	2797	2005	2145	2066	2345	2641	3833
ENSG00000198589	LRBA	2582	1739	1876	1837	2021	2472	3518
ENSG00000198598	MMP17	71	73	59	57	72	62	117
ENSG00000198604	BAZ1A	4793	3558	3749	4048	4298	4626	6673
ENSG00000198610	AKR1C4	18	7	11	14	6	19	16
ENSG00000198612	COPS8	2595	1972	1768	2095	2154	2257	3061
ENSG00000198624	CCDC69	1525	1105	1152	1164	1290	1306	1861
ENSG00000198625	MDM4	1232	1032	836	837	971	1079	1492
ENSG00000198633	ZNF534	14	9	6	18	16	21	16
ENSG00000198642	KLHL9	1398	941	990	995	1143	1232	1927
ENSG00000198646	NCOA6	3624	2602	2704	2430	2928	3338	4859
ENSG00000198648	STK39	2815	2217	2149	2312	2445	2649	3644
ENSG00000198650	TAT	227	163	158	140	156	155	266
ENSG00000198663	C6orf89	2602	1852	1936	1949	2182	2330	3341
ENSG00000198668	CALM1	3615	2905	2709	2906	3086	3199	4625
ENSG00000198673	TAFA2	1	2	0	2	5	1	1
ENSG00000198677	TTC37	2733	1755	2037	1950	2027	2358	3585
ENSG00000198681	MAGEA1	2	0	0	0	0	0	1
ENSG00000198682	PAPSS2	8	7	11	10	7	11	9
ENSG00000198689	SLC9A6	545	299	401	421	426	501	654
ENSG00000198690	FAN1	628	451	498	499	510	741	826
ENSG00000198691	ABCA4	35	18	28	25	30	35	46
ENSG00000198692	EIF1AY	783	626	609	684	656	716	919
ENSG00000198695	MT-ND6	71189	58064	53887	57525	55542	59908	86791
ENSG00000198700	IPO9	3221	2435	2392	2397	2761	2899	4200
ENSG00000198707	CEP290	599	528	510	479	392	680	915
ENSG00000198712	MT-CO2	263594	218418	194233	206534	218994	224851	357700
ENSG00000198715	GLMP	1785	1462	1368	1459	1670	1554	2236
ENSG00000198718	TOGARAM1	327	280	299	215	300	302	478
ENSG00000198719	DLL1	0	1	1	1	1	2	1
ENSG00000198720	ANKRD13B	188	119	114	62	146	151	265
ENSG00000198721	ECI2	3874	3276	2963	3206	3323	3522	4693
ENSG00000198722	UNC13B	1869	1319	1392	1391	1604	1658	2447
ENSG00000198723	TEX45	0	0	1	0	0	1	0
ENSG00000198727	MT-CYB	157731	135038	115458	120301	134499	144918	229306
ENSG00000198728	LDB1	1998	1728	1516	1601	1783	1898	2622
ENSG00000198729	PPP1R14C	1	0	0	0	0	2	1
ENSG00000198730	CTR9	1972	1461	1442	1598	1658	1881	2552
ENSG00000198732	SMOC1	1840	1422	1343	1412	1505	1526	2318
ENSG00000198734	F5	6538	4639	5003	4342	5064	5907	8930
ENSG00000198736	MSRB1	2380	1976	1758	2039	2119	2078	2778
ENSG00000198740	ZNF652	1596	1033	1161	1007	1162	1417	1912
ENSG00000198742	SMURF1	1491	1074	1061	1083	1189	1371	1839
ENSG00000198743	SLC5A3	1241	866	992	948	1026	1268	1928
ENSG00000198746	GPATCH3	784	619	575	686	706	730	895
ENSG00000198752	CDC42BPB	3846	2918	2989	2946	3375	3777	5168
ENSG00000198753	PLXNB3	737	624	542	528	668	756	1017
ENSG00000198754	OXCT2	32	20	18	23	16	25	40
ENSG00000198755	RPL10A	17889	14534	12620	14830	15848	15924	21681
ENSG00000198756	COLGALT2	768	601	627	662	782	785	1098
ENSG00000198758	EPS8L3	1341	1111	1085	1029	1188	1247	1831
ENSG00000198763	MT-ND2	259749	220655	190881	200129	224117	240716	374525
ENSG00000198768	APCDD1L	0	0	0	0	0	0	1
ENSG00000198774	RASSF9	4	8	8	8	8	2	13
ENSG00000198780	FAM169A	2442	1735	1829	1823	1883	2429	3260
ENSG00000198783	ZNF830	599	517	463	546	562	555	779
ENSG00000198785	GRIN3A	5	7	5	8	3	7	13
ENSG00000198786	MT-ND5	232944	197509	160743	150588	172611	195012	310945
ENSG00000198788	MUC2	0	0	0	3	2	0	0
ENSG00000198791	CNOT7	3864	2874	2889	3250	3283	3603	5084
ENSG00000198792	TMEM184B	2750	2091	2089	2145	2377	2484	3443
ENSG00000198793	MTOR	2744	1761	1948	2043	2279	2630	3867
ENSG00000198794	SCAMP5	1752	1365	1247	1436	1557	1544	2208
ENSG00000198795	ZNF521	1	1	0	0	0	0	0
ENSG00000198796	ALPK2	78	56	55	46	58	59	93
ENSG00000198797	BRINP2	1	0	1	2	0	0	0
ENSG00000198799	LRIG2	445	292	305	299	353	359	524
ENSG00000198804	MT-CO1	769442	670164	569915	575502	632259	682250	1065629
ENSG00000198805	PNP	1727	1380	1268	1430	1661	1646	2275
ENSG00000198807	PAX9	2	3	2	3	0	4	1
ENSG00000198814	GK	6164	4785	4769	4812	5196	5898	8159
ENSG00000198815	FOXJ3	1714	1325	1302	1359	1466	1583	2388
ENSG00000198816	ZNF358	947	740	715	753	769	755	1121
ENSG00000198818	SFT2D1	2546	2067	1809	2148	2152	2250	2933
ENSG00000198821	CD247	0	1	0	0	0	2	3
ENSG00000198822	GRM3	1	1	1	2	0	1	1
ENSG00000198824	CHAMP1	1515	1069	1124	1194	1363	1505	2194
ENSG00000198825	INPP5F	936	692	681	672	639	845	1160
ENSG00000198826	ARHGAP11A	2467	1733	1933	1886	2099	2351	3405
ENSG00000198829	SUCNR1	0	0	0	0	0	0	2
ENSG00000198830	HMGN2	7037	5626	5395	6081	6472	6684	8892
ENSG00000198832	SELENOM	169	145	109	129	139	125	170
ENSG00000198833	UBE2J1	2899	2213	2112	2306	2377	2551	3704
ENSG00000198835	GJC2	109	87	81	87	107	77	109
ENSG00000198836	OPA1	2612	1979	2133	2096	2334	2483	3644
ENSG00000198837	DENND4B	2435	1921	1906	1815	2143	2333	3169
ENSG00000198839	ZNF277	435	358	271	373	424	419	546
ENSG00000198840	MT-ND3	38237	33224	26712	30410	32557	34040	51392
ENSG00000198841	KTI12	570	473	478	505	578	556	751
ENSG00000198843	SELENOT	1812	1427	1161	1498	1542	1527	2113
ENSG00000198848	CES1	2479	2038	1938	2066	2211	2219	3081
ENSG00000198853	RUSC2	458	370	365	327	388	399	590
ENSG00000198855	FICD	170	149	132	143	115	151	232
ENSG00000198856	OSTC	5195	4045	3604	4443	4300	4375	5725
ENSG00000198858	R3HDM4	1492	1286	1154	1209	1423	1325	1953
ENSG00000198860	TSEN15	1046	815	704	940	1004	985	1358
ENSG00000198862	LTN1	2046	1342	1439	1458	1665	1900	2778
ENSG00000198863	RUNDC1	1105	895	858	877	955	1050	1451
ENSG00000198865	CCDC152	659	650	499	415	419	592	845
ENSG00000198870	STKLD1	9	8	9	5	4	7	8
ENSG00000198873	GRK5	1378	1031	1060	1124	1176	1290	1715
ENSG00000198874	TYW1	728	565	543	637	640	670	965
ENSG00000198876	DCAF12	2801	1998	2131	2047	2260	2437	3601
ENSG00000198879	SFMBT2	8	15	14	11	13	11	19
ENSG00000198885	ITPRIPL1	488	420	427	383	473	519	661
ENSG00000198886	MT-ND4	518396	431592	410335	380662	434152	461921	729692
ENSG00000198887	SMC5	1925	1441	1504	1481	1585	1854	2699
ENSG00000198888	MT-ND1	222148	188196	168085	166569	186390	200972	321265
ENSG00000198890	PRMT6	1171	876	825	931	1043	1055	1344
ENSG00000198892	SHISA4	18	29	19	22	41	32	41
ENSG00000198894	CIPC	658	461	494	532	556	662	900
ENSG00000198898	CAPZA2	2024	1545	1472	1558	1749	1646	2361
ENSG00000198899	MT-ATP6	255355	208050	197489	208175	223105	235119	355265
ENSG00000198900	TOP1	11097	8236	8750	9186	9540	10498	14547
ENSG00000198901	PRC1	3422	2572	2555	2583	2775	2961	4168
ENSG00000198908	BHLHB9	33	35	43	33	43	46	68
ENSG00000198909	MAP3K3	1316	1021	1047	1142	1221	1246	1667
ENSG00000198910	L1CAM	636	487	490	474	557	616	798
ENSG00000198911	SREBF2	7856	5969	6018	6034	6868	7216	10194
ENSG00000198912	C1orf174	987	752	732	785	855	877	1195
ENSG00000198914	POU3F3	0	1	0	0	0	0	0
ENSG00000198915	RASGEF1A	26	17	22	23	25	24	34
ENSG00000198917	SPOUT1	1489	1381	1208	1249	1490	1490	1917
ENSG00000198918	RPL39	5624	5214	3564	4884	4995	5131	6203
ENSG00000198919	DZIP3	691	496	456	505	538	681	1058
ENSG00000198920	KIAA0753	598	446	468	520	506	551	871
ENSG00000198924	DCLRE1A	688	591	531	528	568	633	1003
ENSG00000198925	ATG9A	4419	3500	3432	3624	3933	4210	5765
ENSG00000198929	NOS1AP	282	200	224	203	246	235	392
ENSG00000198930	CSAG1	0	0	0	0	0	1	0
ENSG00000198931	APRT	2781	2407	2162	2443	2525	2546	3295
ENSG00000198932	GPRASP1	42	49	34	43	33	36	55
ENSG00000198933	TBKBP1	538	449	433	431	525	503	730
ENSG00000198934	MAGEE1	175	141	136	127	169	148	225
ENSG00000198937	CCDC167	660	550	454	511	557	495	700
ENSG00000198938	MT-CO3	300842	262730	216194	238411	264444	276371	434229
ENSG00000198939	ZFP2	7	6	2	5	6	9	15
ENSG00000198944	SOWAHA	125	85	100	116	105	121	168
ENSG00000198945	L3MBTL3	133	110	101	133	118	167	207
ENSG00000198947	DMD	1239	703	875	857	994	1004	1544
ENSG00000198948	MFAP3L	49	34	38	36	43	55	75
ENSG00000198951	NAGA	851	665	608	697	732	814	1135
ENSG00000198952	SMG5	5712	4495	4370	4346	4953	5317	7545
ENSG00000198954	KIFBP	1239	932	827	922	916	1035	1364
ENSG00000198959	TGM2	1343	1003	1007	1066	1160	1227	1607
ENSG00000198960	ARMCX6	328	247	264	246	301	298	399
ENSG00000198961	PJA2	3331	2314	2642	2433	2578	3094	4351
ENSG00000198963	RORB	1	3	2	3	1	0	2
ENSG00000198964	SGMS1	629	469	422	443	488	512	790
ENSG00000198967	OR10Z1	0	0	0	1	0	1	0
ENSG00000203326	ZNF525	136	113	122	107	144	141	187
ENSG00000203485	INF2	1195	978	898	946	1079	951	1437
ENSG00000203499	IQANK1	55	53	38	38	54	55	86
ENSG00000203546	NA	0	1	2	0	2	0	2
ENSG00000203618	GP1BB	8	0	0	6	6	2	0
ENSG00000203663	OR2L2	7	6	5	6	18	13	17
ENSG00000203666	EFCAB2	63	59	38	71	70	58	114
ENSG00000203667	COX20	1795	1456	1350	1413	1491	1579	2114
ENSG00000203668	CHML	1513	1174	1257	1204	1292	1485	2227
ENSG00000203697	CAPN8	4	2	8	3	4	4	5
ENSG00000203705	TATDN3	247	227	187	176	141	207	348
ENSG00000203710	CR1	7	5	9	7	6	12	13
ENSG00000203722	RAET1G	0	0	2	0	0	0	2
ENSG00000203724	C1orf53	73	75	55	56	61	77	97
ENSG00000203727	SAMD5	10	6	8	14	9	15	23
ENSG00000203730	TEDDM1	0	1	0	0	1	0	0
ENSG00000203734	ECT2L	7	2	6	3	3	2	5
ENSG00000203737	GPR52	0	0	0	0	0	1	0
ENSG00000203740	NTMT2	1	2	1	0	0	0	0
ENSG00000203757	OR6K3	0	0	0	0	0	0	1
ENSG00000203760	CENPW	659	578	476	562	558	592	748
ENSG00000203772	SPRN	43	42	26	38	52	45	65
ENSG00000203778	FAM229B	88	69	61	63	78	87	105
ENSG00000203780	FANK1	2	0	0	0	1	0	1
ENSG00000203783	PRR9	0	0	0	2	0	0	0
ENSG00000203786	KPRP	0	0	1	0	0	0	1
ENSG00000203791	EEF1AKMT2	221	185	157	175	191	222	289
ENSG00000203797	DDO	194	154	143	149	147	186	250
ENSG00000203805	PLPP4	0	1	0	0	0	0	0
ENSG00000203811	H3C14	0	7	7	0	0	0	0
ENSG00000203814	H2BC18	1	2	1	0	3	1	4
ENSG00000203852	H3C15	4	0	0	4	16	10	6
ENSG00000203857	HSD3B1	0	0	0	0	2	0	1
ENSG00000203867	RBM20	10	5	1	2	3	3	6
ENSG00000203872	C6orf163	25	21	20	17	24	24	26
ENSG00000203879	GDI1	1765	1455	1305	1504	1545	1602	2222
ENSG00000203880	PCMTD2	2291	1801	1714	1814	1904	2169	2994
ENSG00000203883	SOX18	946	890	884	771	912	821	1241
ENSG00000203896	LIME1	1105	948	853	933	976	1027	1368
ENSG00000203933	CXorf66	0	1	0	0	0	0	0
ENSG00000203942	C10orf62	12	10	7	4	4	7	17
ENSG00000203943	SAMD13	3	3	3	5	3	4	1
ENSG00000203965	EFCAB7	126	89	85	108	114	103	194
ENSG00000203972	GLYATL3	5	4	1	2	3	1	2
ENSG00000203985	LDLRAD1	231	154	156	188	176	178	307
ENSG00000203995	ZYG11A	14	22	15	15	17	12	20
ENSG00000204001	LCN8	0	0	0	0	0	0	1
ENSG00000204052	LRRC73	14	11	15	18	18	17	20
ENSG00000204060	FOXO6	3	0	0	0	0	0	0
ENSG00000204070	SYS1	1645	1223	1212	1338	1413	1401	2103
ENSG00000204084	INPP5B	454	396	374	373	425	477	617
ENSG00000204086	RPA4	1	1	1	0	0	2	2
ENSG00000204099	NEU4	4182	3552	3229	3491	3767	3697	5059
ENSG00000204103	MAFB	7	9	10	6	11	9	13
ENSG00000204104	TRAF3IP1	1193	935	979	957	1048	1122	1556
ENSG00000204120	GIGYF2	4742	3567	3754	3659	4018	4484	6303
ENSG00000204128	C2orf72	1746	1270	1412	1300	1586	1688	2127
ENSG00000204130	RUFY2	580	491	522	474	543	566	827
ENSG00000204131	NHSL2	0	0	0	0	0	0	2
ENSG00000204138	PHACTR4	2906	2148	2153	2327	2495	2667	3697
ENSG00000204147	ASAH2B	406	286	315	303	363	335	578
ENSG00000204149	AGAP6	624	548	429	446	513	548	787
ENSG00000204152	TIMM23B	353	277	316	234	344	287	336
ENSG00000204160	ZDHHC18	1543	1177	1090	1232	1276	1279	1802
ENSG00000204165	CXorf65	1	0	0	0	0	0	0
ENSG00000204172	AGAP9	350	341	227	215	266	321	477
ENSG00000204176	SYT15	67	84	75	54	71	96	102
ENSG00000204178	MACO1	1056	900	802	881	872	946	1586
ENSG00000204186	ZDBF2	106	78	68	62	83	62	128
ENSG00000204209	DAXX	3220	2695	2390	2687	2917	2925	4010
ENSG00000204217	BMPR2	1572	1105	1181	1204	1243	1478	2119
ENSG00000204219	TCEA3	2475	1974	1892	2003	2137	2325	3156
ENSG00000204220	PFDN6	1396	1227	1030	1194	1305	1210	1752
ENSG00000204227	RING1	2163	1934	1630	1963	2141	2280	2890
ENSG00000204228	HSD17B8	145	101	99	94	122	109	161
ENSG00000204231	RXRB	1909	1533	1371	1513	1710	1834	2334
ENSG00000204237	OXLD1	152	107	90	99	122	85	163
ENSG00000204248	COL11A2	19	26	17	19	37	20	38
ENSG00000204252	HLA-DOA	7	2	2	1	0	3	2
ENSG00000204256	BRD2	805	908	1181	848	1115	1246	1602
ENSG00000204257	HLA-DMA	7	4	8	13	12	9	12
ENSG00000204262	COL5A2	53	37	40	46	56	61	63
ENSG00000204264	PSMB8	843	757	604	756	799	835	1004
ENSG00000204267	TAP2	1659	1314	1294	1348	1345	1467	1977
ENSG00000204271	SPIN3	346	246	231	193	236	299	418
ENSG00000204272	NBDY	49	26	27	36	32	40	43
ENSG00000204278	TMEM235	1	0	0	0	0	0	1
ENSG00000204287	HLA-DRA	1	0	0	0	0	0	2
ENSG00000204291	COL15A1	0	0	2	0	0	0	0
ENSG00000204304	PBX2	5128	4223	3911	4426	4781	4994	6703
ENSG00000204305	AGER	54	26	33	47	31	58	76
ENSG00000204308	RNF5	3716	3376	2973	3264	3637	3339	4462
ENSG00000204310	AGPAT1	4656	3610	3486	3766	4182	4137	5812
ENSG00000204311	PJVK	42	34	20	30	41	34	52
ENSG00000204314	PRRT1	94	68	76	58	57	61	143
ENSG00000204315	FKBPL	235	188	184	188	223	231	271
ENSG00000204316	MRPL38	3019	2421	2319	2568	2618	2645	3838
ENSG00000204323	SMIM5	8	8	9	3	12	9	14
ENSG00000204334	ERICH2	25	14	17	21	9	12	27
ENSG00000204335	SP5	9154	7506	7187	7564	8447	8153	11466
ENSG00000204344	STK19	153	136	119	77	150	141	173
ENSG00000204348	DXO	445	371	307	448	491	466	514
ENSG00000204351	SKIV2L	2485	1953	1621	1803	2020	2210	2870
ENSG00000204356	NELFE	1624	1293	1175	1527	1468	1450	1980
ENSG00000204366	ZBTB12	583	473	405	507	617	582	832
ENSG00000204370	SDHD	2641	2105	1868	2173	2230	2275	3146
ENSG00000204371	EHMT2	4295	3348	3323	3451	3914	4150	5561
ENSG00000204381	LAYN	2	3	4	3	8	4	6
ENSG00000204382	XAGE1B	0	0	0	0	0	2	0
ENSG00000204385	SLC44A4	365	301	272	269	340	288	439
ENSG00000204386	NEU1	4524	3818	3586	3830	3952	3963	5610
ENSG00000204388	HSPA1B	9142	7390	6898	7468	8127	8242	10887
ENSG00000204389	HSPA1A	5458	4609	4319	4611	4941	4831	6737
ENSG00000204390	HSPA1L	34	26	21	28	35	30	41
ENSG00000204392	LSM2	1220	1065	869	939	1078	1003	1523
ENSG00000204394	VARS1	9926	7777	7407	8018	8907	8892	12277
ENSG00000204396	VWA7	73	41	69	48	62	63	97
ENSG00000204397	CARD16	0	0	0	0	0	0	1
ENSG00000204406	MBD5	448	346	345	383	389	476	580
ENSG00000204410	MSH5	43	49	29	22	39	36	39
ENSG00000204420	MPIG6B	7	7	10	4	7	2	9
ENSG00000204421	LY6G6C	1	0	1	0	0	0	0
ENSG00000204424	LY6G6F	0	0	0	0	0	1	0
ENSG00000204427	ABHD16A	865	657	634	710	788	734	1080
ENSG00000204428	LY6G5C	3	1	3	3	4	8	8
ENSG00000204435	CSNK2B	5422	4169	3981	4373	4595	4619	6720
ENSG00000204438	GPANK1	926	858	844	869	888	870	1205
ENSG00000204439	C6orf47	608	476	459	485	529	608	758
ENSG00000204442	NALF1	0	0	0	0	0	1	0
ENSG00000204444	APOM	2622	2351	1974	2089	2254	2272	3295
ENSG00000204463	BAG6	17519	13246	12933	13110	15144	15530	21591
ENSG00000204469	PRRC2A	14890	11468	11112	10704	13028	13972	19179
ENSG00000204472	AIF1	2	3	5	2	3	2	2
ENSG00000204475	NCR3	0	0	0	1	0	0	0
ENSG00000204498	NFKBIL1	611	473	397	466	605	580	770
ENSG00000204505	PRAMEF9	0	0	0	0	0	0	1
ENSG00000204511	MCCD1	5	1	2	2	4	7	5
ENSG00000204514	ZNF814	211	179	153	159	175	160	239
ENSG00000204516	MICB	711	555	572	568	587	550	821
ENSG00000204519	ZNF551	385	254	281	286	336	345	488
ENSG00000204520	MICA	1002	804	739	777	821	887	1204
ENSG00000204524	ZNF805	441	331	335	299	337	385	554
ENSG00000204525	HLA-C	7449	5963	5701	6523	6596	6712	9094
ENSG00000204531	POU5F1	128	142	102	84	92	104	189
ENSG00000204532	ZSCAN5C	1	0	0	1	0	0	0
ENSG00000204536	CCHCR1	1011	848	742	870	821	867	1199
ENSG00000204539	CDSN	1	0	0	0	0	2	3
ENSG00000204542	C6orf15	1	0	0	1	1	0	0
ENSG00000204560	DHX16	3230	2420	2362	2517	2872	2938	3932
ENSG00000204564	C6orf136	544	459	447	498	516	517	742
ENSG00000204568	MRPS18B	3286	2597	2333	2632	2888	3002	4150
ENSG00000204569	PPP1R10	2203	1676	1667	1680	1888	1928	2776
ENSG00000204572	KRTAP5-10	0	1	2	1	1	0	0
ENSG00000204574	ABCF1	7968	6084	6084	6826	7156	7384	10034
ENSG00000204576	PRR3	316	233	234	221	223	241	342
ENSG00000204577	LILRB3	17	11	13	22	11	18	13
ENSG00000204580	DDR1	2361	1806	1812	1736	2055	2072	2869
ENSG00000204583	LRCOL1	0	0	0	2	0	0	0
ENSG00000204590	GNL1	2468	1976	1767	2003	2069	2200	2988
ENSG00000204592	HLA-E	2767	2322	2221	2340	2617	2607	3628
ENSG00000204595	DPRX	0	0	0	0	0	2	0
ENSG00000204599	TRIM39	772	637	583	585	624	701	984
ENSG00000204604	ZNF468	486	316	329	368	380	409	600
ENSG00000204610	TRIM15	1090	884	803	849	928	1023	1375
ENSG00000204611	ZNF616	437	330	340	316	357	439	614
ENSG00000204613	TRIM10	240	197	177	206	192	233	318
ENSG00000204614	TRIM40	0	1	5	0	2	1	0
ENSG00000204616	TRIM31	12	13	8	12	2	8	14
ENSG00000204618	RNF39	41	34	40	21	29	40	40
ENSG00000204619	PPP1R11	1408	1116	1009	1095	1174	1202	1721
ENSG00000204624	DISP3	1	0	2	1	4	3	4
ENSG00000204628	RACK1	33456	27985	24642	29049	30482	30498	43188
ENSG00000204632	HLA-G	0	11	0	4	6	0	0
ENSG00000204634	TBC1D8	2389	1993	1717	1624	1867	2129	3077
ENSG00000204642	HLA-F	50	49	38	25	25	37	54
ENSG00000204653	ASPDH	48	34	25	35	25	34	45
ENSG00000204655	MOG	0	4	0	3	1	1	3
ENSG00000204659	CBY3	0	1	0	0	0	1	0
ENSG00000204669	C9orf57	0	1	0	0	0	0	0
ENSG00000204673	AKT1S1	3495	2782	2586	2844	3143	3166	4401
ENSG00000204681	GABBR1	22	16	0	19	7	7	21
ENSG00000204694	OR11A1	0	0	0	1	0	0	2
ENSG00000204695	OR14J1	50	38	33	27	47	35	66
ENSG00000204701	OR2J3	0	0	3	1	3	0	3
ENSG00000204704	OR2W1	1	0	0	0	0	0	0
ENSG00000204710	SPDYC	24	28	22	17	20	14	27
ENSG00000204713	TRIM27	4772	3723	3587	3811	4094	4276	6000
ENSG00000204740	MALRD1	111	95	98	95	95	127	195
ENSG00000204767	INSYN2B	0	0	0	0	0	0	3
ENSG00000204779	FOXD4L5	7	14	5	3	12	13	18
ENSG00000204815	ODAD4	10	8	0	7	10	8	12
ENSG00000204822	MRPL53	543	475	352	441	514	474	602
ENSG00000204839	MROH6	133	129	107	127	160	147	211
ENSG00000204842	ATXN2	1895	1388	1329	1403	1558	1755	2488
ENSG00000204843	DCTN1	7814	5627	5918	5979	6844	6953	9614
ENSG00000204849	SPATA31A1	0	0	0	1	0	0	0
ENSG00000204851	PNMA8B	0	0	0	0	0	1	0
ENSG00000204852	TCTN1	174	191	145	147	213	176	309
ENSG00000204856	FAM216A	336	226	220	270	256	289	367
ENSG00000204859	ZBTB48	306	235	237	232	259	318	393
ENSG00000204869	IGFL4	128	132	101	72	105	119	195
ENSG00000204882	GPR20	0	0	0	0	0	1	1
ENSG00000204889	KRT40	0	0	0	0	1	0	2
ENSG00000204899	MZT1	1404	1047	970	1127	1050	1179	1590
ENSG00000204909	SPINK9	2	1	4	2	2	0	3
ENSG00000204919	PRR20A	3	0	0	1	1	3	1
ENSG00000204920	ZNF155	68	42	48	45	46	48	85
ENSG00000204922	UQCC3	570	468	445	532	548	456	632
ENSG00000204923	FBXO48	112	112	103	97	92	99	161
ENSG00000204928	GRXCR2	0	0	0	0	0	1	1
ENSG00000204930	FAM221B	1	5	1	0	0	4	6
ENSG00000204941	PSG5	0	0	1	0	0	0	0
ENSG00000204946	ZNF783	185	160	185	137	145	181	223
ENSG00000204947	ZNF425	69	41	44	52	56	46	72
ENSG00000204950	LRRC10B	1	0	0	1	0	0	0
ENSG00000204954	C12orf73	390	365	302	334	357	337	476
ENSG00000204956	PCDHGA1	28	34	27	27	33	31	45
ENSG00000204961	PCDHA9	7	1	9	4	6	9	13
ENSG00000204962	PCDHA8	5	3	7	6	12	1	9
ENSG00000204963	PCDHA7	41	39	28	40	45	48	67
ENSG00000204965	PCDHA5	5	6	12	6	8	8	15
ENSG00000204967	PCDHA4	29	33	26	29	22	26	54
ENSG00000204969	PCDHA2	4	5	3	1	0	4	1
ENSG00000204970	PCDHA1	0	1	0	0	2	0	0
ENSG00000204977	TRIM13	674	568	482	514	602	622	891
ENSG00000204978	ERICH4	6	5	7	3	7	2	4
ENSG00000204991	SPIRE2	893	815	717	695	881	931	1172
ENSG00000205002	AARD	0	4	4	3	2	4	1
ENSG00000205038	PKHD1L1	3	4	1	4	3	3	8
ENSG00000205045	SLFN12L	29	26	17	23	19	31	37
ENSG00000205060	SLC35B4	1351	1030	1057	959	1123	1164	1699
ENSG00000205076	LGALS7	4	5	2	3	3	4	3
ENSG00000205078	SYCE1L	5	2	4	4	8	8	4
ENSG00000205084	TMEM231	206	94	117	187	159	156	160
ENSG00000205085	GARIN1A	10	15	19	12	7	18	28
ENSG00000205089	CCNI2	0	1	0	2	0	4	0
ENSG00000205090	TMEM240	17	8	8	16	14	9	14
ENSG00000205097	FRG2	0	0	0	1	0	0	0
ENSG00000205111	CDKL4	2	0	2	2	0	5	1
ENSG00000205116	TMEM88B	826	672	635	665	694	740	1017
ENSG00000205126	ACCSL	0	0	0	0	0	0	4
ENSG00000205129	C4orf47	4	2	6	2	2	2	9
ENSG00000205133	TRIQK	1106	853	819	881	918	911	1425
ENSG00000205138	SDHAF1	567	553	472	497	545	541	760
ENSG00000205143	ARID3C	5	2	1	1	0	1	4
ENSG00000205155	PSENEN	468	454	354	417	434	441	659
ENSG00000205177	C11orf91	9	2	1	5	7	5	3
ENSG00000205189	ZBTB10	870	656	665	677	728	830	1238
ENSG00000205208	C4orf46	571	473	434	508	521	585	762
ENSG00000205209	SCGB2B2	8	3	3	2	1	1	3
ENSG00000205213	LGR4	5609	4101	4241	4203	4511	4956	7371
ENSG00000205220	PSMB10	195	181	142	195	235	172	325
ENSG00000205238	SPDYE2	100	75	45	35	64	45	123
ENSG00000205250	E2F4	3651	2782	2682	2956	3133	3161	4506
ENSG00000205268	PDE7A	676	569	555	520	595	638	890
ENSG00000205269	TMEM170B	894	588	667	630	682	810	1151
ENSG00000205277	MUC12	0	0	0	4	0	2	1
ENSG00000205302	SNX2	666	481	459	574	531	623	889
ENSG00000205307	SAP25	5	13	7	3	12	5	6
ENSG00000205309	NT5M	9	0	6	15	4	8	15
ENSG00000205323	SARNP	972	774	669	817	820	921	1137
ENSG00000205336	ADGRG1	1267	937	874	1084	1119	1203	1611
ENSG00000205339	IPO7	12218	8890	9339	9259	10210	11395	16608
ENSG00000205352	PRR13	3356	2617	2454	2789	2986	2906	4158
ENSG00000205356	TECPR1	893	689	642	682	858	873	1139
ENSG00000205358	MT1H	0	1	1	0	1	2	0
ENSG00000205359	SLCO6A1	4	0	2	0	4	4	4
ENSG00000205362	MT1A	56	47	46	36	46	51	64
ENSG00000205363	INSYN1	1	2	5	0	2	4	8
ENSG00000205364	MT1M	7	5	8	8	7	5	7
ENSG00000205403	CFI	5731	4579	4487	4824	4858	5376	7270
ENSG00000205413	SAMD9	45	25	32	17	28	33	60
ENSG00000205423	CNEP1R1	670	514	483	593	607	636	865
ENSG00000205426	KRT81	7	4	4	4	6	5	7
ENSG00000205436	EXOC3L4	398	374	280	316	353	387	642
ENSG00000205445	KRTAP10-2	0	1	0	0	0	0	0
ENSG00000205476	CCDC85C	3523	2669	2827	2777	3108	3179	4563
ENSG00000205482	SPDYE18	18	15	10	12	18	21	18
ENSG00000205517	RGL3	126	114	73	70	73	129	128
ENSG00000205531	NAP1L4	6226	5044	4801	5158	5399	5833	7699
ENSG00000205542	TMSB4X	173	131	133	141	164	193	198
ENSG00000205544	TMEM256	900	868	577	745	827	742	1044
ENSG00000205560	CPT1B	229	222	137	159	161	219	297
ENSG00000205571	SMN2	1855	1402	1293	1440	1558	1508	2178
ENSG00000205572	SERF1B	676	562	545	641	671	650	897
ENSG00000205581	HMGN1	6138	4850	4818	5244	5545	5614	7738
ENSG00000205593	DENND6B	60	41	45	45	65	65	74
ENSG00000205609	EIF3CL	109	176	141	67	100	207	327
ENSG00000205629	LCMT1	935	732	692	781	778	780	1081
ENSG00000205639	MFSD2B	12	5	0	12	8	0	13
ENSG00000205642	VCX3B	0	0	0	0	0	0	1
ENSG00000205643	CDPF1	129	105	85	95	102	121	141
ENSG00000205659	LIN52	766	589	561	662	610	674	947
ENSG00000205669	ACOT6	0	1	0	0	2	1	2
ENSG00000205670	SMIM11	42	3	32	16	34	30	103
ENSG00000205683	DPF3	3	4	0	0	0	2	0
ENSG00000205693	MANSC4	0	0	0	1	0	0	1
ENSG00000205704	SMIM45	7	5	2	2	6	1	3
ENSG00000205707	ETFRF1	208	151	118	176	166	176	232
ENSG00000205710	C17orf107	26	24	26	21	17	32	39
ENSG00000205726	ITSN1	2577	1894	1887	1902	2078	2446	3346
ENSG00000205730	ITPRIPL2	1862	1355	1514	1449	1692	1812	2564
ENSG00000205744	DENND1C	0	18	46	11	47	57	47
ENSG00000205755	CRLF2	0	0	0	0	0	1	0
ENSG00000205758	CRYZL1	331	297	243	291	315	336	471
ENSG00000205765	RIMOC1	1336	917	960	925	1095	1237	1753
ENSG00000205784	ARRDC5	0	0	0	0	0	1	0
ENSG00000205795	CYS1	1	1	1	1	1	0	0
ENSG00000205808	PLPP6	904	670	631	688	773	832	1172
ENSG00000205809	KLRC2	28	13	9	11	26	18	25
ENSG00000205810	KLRC3	4	13	2	14	20	8	16
ENSG00000205832	C16orf96	2	0	0	1	0	0	2
ENSG00000205838	TTC23L	4	4	0	2	5	2	8
ENSG00000205857	NANOGNB	0	0	0	0	0	0	1
ENSG00000205863	C1QTNF9B	6	0	0	0	0	1	1
ENSG00000205864	KRTAP5-6	0	0	0	1	0	0	3
ENSG00000205869	KRTAP5-1	8	11	5	8	14	10	16
ENSG00000205899	BHLHA9	0	1	0	1	0	0	0
ENSG00000205903	ZNF316	1335	1109	1015	1065	1217	1252	1718
ENSG00000205922	ONECUT3	20	14	13	17	25	18	28
ENSG00000205929	C21orf62	93	89	79	81	84	105	134
ENSG00000205937	RNPS1	6809	4936	4929	5350	5746	5928	8467
ENSG00000205978	NYNRIN	36	23	26	33	34	31	50
ENSG00000205981	DNAJC19	601	514	429	538	576	658	825
ENSG00000206052	DOK6	987	814	840	813	871	961	1491
ENSG00000206053	JPT2	6350	4930	4594	4835	5275	5726	7899
ENSG00000206075	SERPINB5	3	0	0	0	0	0	0
ENSG00000206077	ZDHHC11B	2	1	1	0	1	0	1
ENSG00000206113	CFAP99	1	1	0	0	0	3	1
ENSG00000206127	GOLGA8O	2	12	0	3	0	3	0
ENSG00000206140	TMEM191C	5	2	4	2	2	0	0
ENSG00000206150	RNASE13	2	4	2	1	5	1	8
ENSG00000206172	HBA1	78	59	49	73	85	72	107
ENSG00000206190	ATP10A	274	172	251	208	215	257	367
ENSG00000206203	TSSK2	0	0	0	0	0	0	2
ENSG00000206260	PRR23A	0	0	1	0	0	0	0
ENSG00000206262	FOXL2NB	2	4	4	5	1	6	5
ENSG00000206418	RAB12	1114	895	813	935	1018	1054	1468
ENSG00000206422	LRRC30	0	0	1	0	0	0	0
ENSG00000206432	TMEM200C	0	0	0	0	1	0	0
ENSG00000206503	HLA-A	17594	14878	13710	15364	16298	15855	21654
ENSG00000206527	HACD2	4497	3377	3451	3464	3913	4075	5746
ENSG00000206530	CFAP44	146	85	97	80	102	120	216
ENSG00000206535	LNP1	167	119	116	151	126	174	245
ENSG00000206538	VGLL3	7	4	2	1	4	4	11
ENSG00000206557	TRIM71	8906	6609	6637	6132	6870	7931	11154
ENSG00000206559	ZCWPW2	17	10	4	11	17	11	31
ENSG00000206560	ANKRD28	1293	987	889	979	1075	1250	1578
ENSG00000206561	COLQ	0	2	1	0	1	3	0
ENSG00000206562	METTL6	520	420	346	414	446	467	623
ENSG00000206579	XKR4	20	26	17	32	24	40	53
ENSG00000211445	GPX3	5831	4436	4376	4055	4259	4485	6408
ENSG00000211448	DIO2	0	1	0	0	0	0	0
ENSG00000211450	SELENOH	374	318	286	374	390	383	414
ENSG00000211452	DIO1	511	400	348	411	453	428	554
ENSG00000211455	STK38L	764	557	573	650	677	684	1087
ENSG00000211456	SACM1L	1653	1167	1146	1179	1313	1459	2052
ENSG00000211460	TSN	4785	3356	3368	4023	4199	4213	5892
ENSG00000211584	SLC48A1	288	225	253	262	283	286	387
ENSG00000212122	TSSK1B	0	0	2	0	0	0	0
ENSG00000212123	PRR22	105	99	95	88	79	73	148
ENSG00000212124	TAS2R19	3	1	1	2	2	3	4
ENSG00000212126	TAS2R50	1	3	0	1	2	0	2
ENSG00000212127	TAS2R14	12	11	3	9	16	5	23
ENSG00000212128	TAS2R13	1	1	0	0	0	0	3
ENSG00000212724	KRTAP2-3	11	14	12	13	13	14	11
ENSG00000212725	KRTAP2-1	0	1	0	0	0	0	0
ENSG00000212747	RTL8B	0	0	1	0	0	0	0
ENSG00000212864	RNF208	722	599	569	590	667	629	944
ENSG00000212900	KRTAP3-2	0	0	0	0	0	2	0
ENSG00000212901	KRTAP3-1	117	62	80	78	80	79	110
ENSG00000212907	MT-ND4L	95308	85571	70670	64773	79477	89853	141552
ENSG00000212993	POU5F1B	6	2	6	7	2	9	8
ENSG00000213015	ZNF580	915	779	699	725	788	848	1186
ENSG00000213020	ZNF611	126	115	85	111	106	114	184
ENSG00000213024	NUP62	3606	2976	2767	3093	3279	3397	4784
ENSG00000213030	CGB8	0	1	2	0	0	0	0
ENSG00000213047	DENND1B	177	167	177	135	165	222	293
ENSG00000213064	SFT2D2	1640	1233	1293	1193	1368	1382	1954
ENSG00000213066	CEP43	2082	1632	1472	1446	1560	1857	2537
ENSG00000213079	SCAF8	2864	2062	2140	2269	2394	2833	3955
ENSG00000213096	ZNF254	310	220	212	219	215	273	399
ENSG00000213123	DYNLT2B	44	36	33	29	36	50	58
ENSG00000213139	CRYGS	0	2	3	5	2	1	2
ENSG00000213145	CRIP1	655	568	520	543	581	587	811
ENSG00000213160	KLHL23	1950	1498	1507	1646	1664	1883	2699
ENSG00000213171	LINGO4	0	1	0	0	0	1	0
ENSG00000213185	FAM24B	22	8	14	13	18	19	23
ENSG00000213186	TRIM59	181	134	137	147	167	172	254
ENSG00000213190	MLLT11	26	27	28	20	31	28	51
ENSG00000213199	ASIC3	3	4	5	6	5	3	12
ENSG00000213203	GIMAP1	4	3	1	4	4	5	5
ENSG00000213213	CCDC183	29	22	30	26	33	24	49
ENSG00000213214	ARHGEF35	5	0	0	7	0	0	9
ENSG00000213215	OR2F1	8	6	3	0	12	6	0
ENSG00000213221	DNLZ	124	116	94	101	153	146	162
ENSG00000213246	SUPT4H1	3065	2638	2197	2619	2732	2750	3872
ENSG00000213265	TSGA13	41	49	43	32	35	54	62
ENSG00000213281	NRAS	5235	3747	3851	4011	4204	4689	6537
ENSG00000213316	LTC4S	3	0	3	0	1	3	0
ENSG00000213337	ANKRD39	570	528	441	515	525	534	752
ENSG00000213339	QTRT1	1108	970	878	992	994	1002	1263
ENSG00000213341	CHUK	1595	1129	1121	1220	1319	1413	2033
ENSG00000213347	MXD3	320	282	235	249	331	315	436
ENSG00000213366	GSTM2	156	137	148	128	147	136	196
ENSG00000213380	COG8	2238	1640	1712	1783	1917	2080	2864
ENSG00000213390	ARHGAP19	594	402	595	457	624	673	1006
ENSG00000213397	HAUS7	453	396	353	375	428	455	558
ENSG00000213398	LCAT	1014	951	804	863	928	955	1324
ENSG00000213401	MAGEA12	0	0	0	1	0	1	1
ENSG00000213402	PTPRCAP	0	0	0	3	3	0	3
ENSG00000213413	PVRIG	4	5	5	3	7	8	9
ENSG00000213417	KRTAP2-4	0	0	0	1	0	0	0
ENSG00000213420	GPC2	34	26	15	32	45	29	45
ENSG00000213445	SIPA1	762	676	561	592	744	777	1026
ENSG00000213462	ERV3-1	940	818	675	754	718	875	1342
ENSG00000213463	SYNJ2BP	1361	1012	1032	1012	1141	1290	1805
ENSG00000213465	ARL2	1180	995	907	1035	1115	1048	1416
ENSG00000213471	TTLL13	1	0	0	0	1	3	0
ENSG00000213516	RBMXL1	660	529	547	595	620	693	940
ENSG00000213523	SRA1	770	654	608	708	782	694	933
ENSG00000213533	STIMATE	799	593	581	597	654	772	995
ENSG00000213551	DNAJC9	2085	1652	1527	1737	1805	1820	2494
ENSG00000213563	C8orf82	1295	1204	1040	1029	1256	1227	1577
ENSG00000213585	VDAC1	11500	9180	8719	9235	9684	10237	14118
ENSG00000213588	ZBTB9	617	455	467	508	582	557	763
ENSG00000213593	TMX2	3555	2683	2482	2803	2863	2939	4150
ENSG00000213614	HEXA	1745	1318	1382	1521	1417	1536	2226
ENSG00000213619	NDUFS3	1988	1590	1420	1746	1794	1833	2250
ENSG00000213625	LEPROT	2757	1954	2107	2013	2164	2424	3295
ENSG00000213626	LBH	3	4	5	4	3	4	5
ENSG00000213638	ADAT3	335	294	266	301	322	323	430
ENSG00000213639	PPP1CB	6537	4838	5108	5368	5392	5969	8501
ENSG00000213648	SULT1A4	74	137	647	221	618	370	258
ENSG00000213654	GPSM3	23	16	20	18	18	27	37
ENSG00000213658	LAT	67	48	61	51	46	67	74
ENSG00000213672	NCKIPSD	1277	912	964	973	1082	1091	1560
ENSG00000213676	ATF6B	1843	1499	1469	1449	1694	1636	2365
ENSG00000213689	TREX1	3	0	0	0	3	0	0
ENSG00000213694	S1PR3	9	13	8	10	7	13	9
ENSG00000213699	SLC35F6	1581	1209	1274	1205	1329	1376	1963
ENSG00000213714	FAM209B	1	2	1	0	1	1	4
ENSG00000213719	CLIC1	17103	13848	12662	14029	14814	14956	20483
ENSG00000213722	DDAH2	622	582	525	500	567	569	831
ENSG00000213741	RPS29	5739	5240	3675	5072	5584	5651	6126
ENSG00000213759	UGT2B11	49	26	35	55	48	35	72
ENSG00000213760	ATP6V1G2	10	5	9	8	10	17	13
ENSG00000213762	ZNF134	680	512	588	582	662	650	916
ENSG00000213780	GTF2H4	892	739	681	804	791	863	1087
ENSG00000213782	DDX47	1751	1370	1228	1386	1459	1556	2171
ENSG00000213793	ZNF888	300	209	210	208	230	270	365
ENSG00000213799	ZNF845	319	258	249	265	258	330	479
ENSG00000213809	KLRK1	0	6	0	1	1	0	0
ENSG00000213822	CEACAM18	0	0	0	0	1	0	0
ENSG00000213853	EMP2	1432	1126	1121	1166	1199	1354	1811
ENSG00000213859	KCTD11	111	83	85	89	69	99	135
ENSG00000213886	UBD	553	448	370	439	448	469	669
ENSG00000213889	PPM1N	19	16	10	14	11	14	17
ENSG00000213892	CEACAM16	1	1	0	0	2	1	4
ENSG00000213901	SLC23A3	8	6	0	1	5	7	9
ENSG00000213903	LTB4R	562	465	425	405	493	552	772
ENSG00000213906	LTB4R2	356	312	284	240	324	320	472
ENSG00000213918	DNASE1	303	265	206	208	228	249	403
ENSG00000213920	MDP1	222	170	145	184	164	195	236
ENSG00000213923	CSNK1E	2708	2308	2117	2250	2508	2367	3239
ENSG00000213928	IRF9	325	274	261	381	378	294	439
ENSG00000213930	GALT	199	163	120	141	152	219	239
ENSG00000213931	HBE1	1	6	4	2	7	9	10
ENSG00000213937	CLDN9	33	20	17	14	28	29	22
ENSG00000213949	ITGA1	160	108	109	151	108	172	222
ENSG00000213965	NUDT19	398	319	299	323	366	391	570
ENSG00000213967	ZNF726	3	6	1	4	3	3	6
ENSG00000213973	ZNF99	1	1	0	3	3	0	0
ENSG00000213977	TAX1BP3	1441	1212	1133	1148	1301	1280	1783
ENSG00000213983	AP1G2	2955	2347	2182	2319	2651	2713	3780
ENSG00000213988	ZNF90	65	48	30	40	52	58	102
ENSG00000213995	NAXD	932	713	686	717	822	868	1127
ENSG00000213996	TM6SF2	21	17	0	19	20	8	19
ENSG00000213999	MEF2B	64	67	87	105	87	114	153
ENSG00000214013	GANC	609	472	484	487	507	570	869
ENSG00000214021	TTLL3	599	573	380	464	411	529	722
ENSG00000214022	REPIN1	7695	6160	5951	6276	6827	6755	9905
ENSG00000214026	MRPL23	1541	1271	1100	1269	1264	1303	1808
ENSG00000214029	ZNF891	468	362	314	272	355	444	640
ENSG00000214046	SMIM7	720	583	472	565	668	578	823
ENSG00000214050	FBXO16	41	20	35	40	31	41	62
ENSG00000214063	TSPAN4	1345	1162	975	1123	1287	1244	1667
ENSG00000214078	CPNE1	12712	10362	9660	10559	11514	11719	15058
ENSG00000214087	ARL16	295	234	183	225	236	278	362
ENSG00000214097	SMCO1	0	1	0	0	0	2	1
ENSG00000214113	LYRM4	1479	1328	1093	1249	1388	1392	1941
ENSG00000214114	MYCBP	860	615	608	681	749	661	1093
ENSG00000214128	TMEM213	11	9	5	8	6	5	19
ENSG00000214140	PRCD	6	3	1	17	34	1	21
ENSG00000214160	ALG3	1847	1438	1387	1531	1595	1589	2357
ENSG00000214193	SH3D21	780	669	608	513	638	749	993
ENSG00000214194	SMIM30	614	540	392	524	502	511	755
ENSG00000214212	C19orf38	0	1	2	0	0	2	3
ENSG00000214226	C17orf67	84	71	44	60	56	68	85
ENSG00000214237	MINDY4B	0	0	0	0	0	1	0
ENSG00000214253	FIS1	1055	962	832	974	971	945	1390
ENSG00000214274	ANG	2237	1874	1589	1747	1817	1966	2679
ENSG00000214279	SCART1	47	52	54	44	47	69	67
ENSG00000214290	COLCA2	485	420	379	366	444	462	697
ENSG00000214300	SPDYE3	3	6	0	2	3	2	3
ENSG00000214309	MBLAC1	60	53	53	58	63	69	73
ENSG00000214336	FOXI3	2	2	5	0	2	3	2
ENSG00000214338	SOGA3	5	7	0	7	4	3	9
ENSG00000214357	NEURL1B	16	14	13	16	17	11	22
ENSG00000214367	HAUS3	573	503	444	486	426	554	685
ENSG00000214376	VSTM5	4	3	0	0	1	1	2
ENSG00000214413	BBIP1	299	273	190	224	235	274	371
ENSG00000214435	AS3MT	602	487	430	491	532	493	742
ENSG00000214447	FAM187A	0	0	9	21	18	0	0
ENSG00000214456	PLIN5	69	56	40	75	70	78	104
ENSG00000214491	SEC14L6	16	22	15	11	20	17	24
ENSG00000214513	NOTO	0	0	0	1	0	0	2
ENSG00000214517	PPME1	2054	1618	1628	1531	1680	1874	2659
ENSG00000214530	STARD10	4386	3731	3289	3597	3858	3770	5050
ENSG00000214558	NA	8	15	7	15	14	14	24
ENSG00000214562	NUTM2D	169	147	126	141	163	178	238
ENSG00000214575	CPEB1	0	2	2	0	4	2	3
ENSG00000214595	EML6	749	646	592	586	647	789	1038
ENSG00000214652	ZNF727	3	2	4	1	0	1	6
ENSG00000214654	B3GALT9	156	145	134	143	130	146	218
ENSG00000214655	ZSWIM8	2146	1765	1582	1613	1857	1944	2823
ENSG00000214688	C10orf105	0	0	0	1	0	0	1
ENSG00000214694	ARHGEF33	1	0	1	0	1	3	5
ENSG00000214700	C12orf71	0	0	0	0	1	2	2
ENSG00000214706	IFRD2	3073	2486	2303	2789	2899	2806	3939
ENSG00000214717	ZBED1	3203	2543	2451	2489	2792	2868	4080
ENSG00000214736	TOMM6	4201	3671	3025	3642	3954	3904	4992
ENSG00000214753	HNRNPUL2	5442	4443	4045	4276	4968	5481	7084
ENSG00000214756	CSKMT	56	42	40	60	70	74	78
ENSG00000214787	MS4A4E	145	146	119	122	150	151	220
ENSG00000214819	CDRT15L2	0	2	1	0	2	0	0
ENSG00000214827	MTCP1	51	47	49	38	46	50	87
ENSG00000214842	RAD51AP2	9	1	5	5	6	12	8
ENSG00000214860	EVPLL	2	5	2	1	3	2	8
ENSG00000214872	SMTNL1	2	2	0	0	1	1	3
ENSG00000214940	NPIPA8	51	18	19	37	24	34	45
ENSG00000214941	ZSWIM7	138	151	115	149	169	150	192
ENSG00000214944	ARHGEF28	2822	2006	2006	1997	2301	2545	3579
ENSG00000214946	TBC1D26	0	0	0	0	0	0	1
ENSG00000214954	LRRC69	6	7	8	11	2	7	8
ENSG00000214960	CRPPA	16	19	24	20	16	15	39
ENSG00000214967	NPIPA7	98	82	97	84	153	132	79
ENSG00000214978	GSG1L2	1	0	2	1	0	1	1
ENSG00000215009	ACSM4	0	1	0	0	2	0	0
ENSG00000215012	RTL10	1398	1081	1035	1085	1175	1272	1805
ENSG00000215018	COL28A1	3	4	0	4	3	4	2
ENSG00000215021	PHB2	7662	5942	5637	6255	6681	6600	9204
ENSG00000215041	NEURL4	1504	1218	1158	1197	1283	1319	1879
ENSG00000215045	GRID2IP	4	3	2	1	0	0	1
ENSG00000215114	UBXN2B	736	593	599	610	674	751	1153
ENSG00000215126	CBWD6	26	42	41	26	43	56	70
ENSG00000215131	C16orf90	0	1	0	2	0	0	1
ENSG00000215148	PRSS41	0	0	0	0	0	0	1
ENSG00000215174	NLRP2B	0	0	0	1	0	2	0
ENSG00000215182	MUC5AC	6	2	3	3	1	3	6
ENSG00000215186	GOLGA6B	22	7	10	8	4	3	10
ENSG00000215187	FAM166B	21	7	6	13	12	20	22
ENSG00000215193	PEX26	2285	1773	1723	1836	2011	2088	2977
ENSG00000215217	C5orf49	1	1	0	4	0	1	3
ENSG00000215218	UBE2QL1	0	1	0	0	0	0	0
ENSG00000215251	FASTKD5	2239	1700	1630	1838	1928	2099	2950
ENSG00000215252	GOLGA8B	2617	2288	1741	1829	2001	2303	2559
ENSG00000215301	DDX3X	13610	9023	10002	10124	10932	11927	16907
ENSG00000215305	VPS16	1001	829	784	856	946	987	1326
ENSG00000215343	ZNF705D	3	0	1	0	0	0	5
ENSG00000215372	ZNF705G	1	0	0	1	0	0	3
ENSG00000215375	MYL5	175	132	126	117	129	148	201
ENSG00000215397	SCRT2	0	0	0	0	0	0	1
ENSG00000215421	ZNF407	440	326	339	331	389	457	607
ENSG00000215440	NPEPL1	473	399	310	311	332	370	498
ENSG00000215454	KRTAP10-4	0	1	0	0	1	0	0
ENSG00000215472	RPL17-C18orf32	494	457	420	452	447	446	653
ENSG00000215475	SIAH3	0	2	1	1	0	0	1
ENSG00000215529	EFCAB8	1	0	0	0	0	0	4
ENSG00000215595	C20orf202	5	3	5	6	6	4	6
ENSG00000215612	HMX1	0	1	1	0	0	0	0
ENSG00000215644	GCGR	2	1	1	2	3	3	2
ENSG00000215695	RSC1A1	45	21	76	0	44	46	161
ENSG00000215712	TMEM242	565	418	418	478	508	560	673
ENSG00000215717	TMEM167B	858	666	670	706	778	842	1147
ENSG00000215784	FAM72D	323	302	318	344	340	394	523
ENSG00000215788	TNFRSF25	16	11	17	30	31	17	19
ENSG00000215817	ZC3H11B	4	1	2	2	0	1	6
ENSG00000215845	TSTD1	0	1	0	0	0	0	1
ENSG00000215883	CYB5RL	286	231	183	208	234	253	332
ENSG00000215906	LACTBL1	11	6	8	2	2	6	5
ENSG00000215910	C1orf167	0	0	0	2	0	0	0
ENSG00000215912	TTC34	6	6	6	2	6	6	9
ENSG00000215915	ATAD3C	102	78	86	89	104	90	140
ENSG00000216490	IFI30	2101	1647	1620	1801	1859	1815	2527
ENSG00000216588	IGSF23	39	18	26	22	36	46	39
ENSG00000216937	CCDC7	10	0	2	3	0	4	14
ENSG00000217128	FNIP1	1208	909	877	897	963	1109	1598
ENSG00000217236	SP9	2	0	0	0	1	0	1
ENSG00000217442	SYCE3	0	0	2	0	0	0	0
ENSG00000217555	CKLF	902	718	633	704	816	800	929
ENSG00000217930	PAM16	379	310	244	339	338	308	434
ENSG00000218305	CDC14C	3	2	4	0	6	4	8
ENSG00000218336	TENM3	1	0	4	1	5	4	2
ENSG00000218739	CEBPZOS	1730	1337	1268	1537	1500	1611	2241
ENSG00000218819	TDRD15	19	24	22	16	24	31	32
ENSG00000218891	ZNF579	828	698	614	633	809	759	1051
ENSG00000219073	CELA3B	1	0	0	0	0	1	0
ENSG00000219200	RNASEK	2570	2138	1910	2209	2218	2251	3236
ENSG00000219435	CATSPERZ	6	8	4	7	8	7	16
ENSG00000219438	TAFA5	1039	886	833	818	854	931	1273
ENSG00000219481	NBPF1	1983	1443	1398	1374	1588	1824	2638
ENSG00000219545	UMAD1	647	512	454	514	526	587	819
ENSG00000219607	PPP1R3G	104	81	88	102	95	119	131
ENSG00000219626	FAM228B	2	7	2	2	5	6	3
ENSG00000220008	LINGO3	0	1	0	0	0	0	2
ENSG00000220201	ZGLP1	60	67	58	42	67	56	68
ENSG00000220205	VAMP2	792	655	620	646	678	779	1122
ENSG00000221813	OR6B1	3	1	2	5	0	1	2
ENSG00000221821	C6orf226	197	200	151	158	189	175	259
ENSG00000221823	PPP3R1	4340	2988	3172	3493	3524	3715	5416
ENSG00000221829	FANCG	515	387	372	340	431	400	582
ENSG00000221836	OR2A5	25	31	18	15	26	27	57
ENSG00000221838	AP4M1	242	199	168	155	229	174	296
ENSG00000221843	C2orf16	134	113	91	98	109	128	216
ENSG00000221858	OR2A12	1	0	1	0	0	1	0
ENSG00000221866	PLXNA4	2	0	1	0	1	2	3
ENSG00000221867	MAGEA3	6	2	2	2	4	1	4
ENSG00000221869	CEBPD	830	740	744	692	726	761	1134
ENSG00000221874	ZNF816-ZNF321P	3	0	4	0	6	0	0
ENSG00000221882	OR3A2	4	0	0	8	0	1	9
ENSG00000221886	ZBED8	206	150	178	183	184	196	257
ENSG00000221890	NPTXR	993	737	769	672	754	889	1158
ENSG00000221909	FAM200A	278	264	227	212	231	304	364
ENSG00000221910	OR2F2	0	0	0	0	1	0	0
ENSG00000221914	PPP2R2A	1091	927	812	909	968	1033	1615
ENSG00000221916	C19orf73	27	18	16	10	28	30	39
ENSG00000221923	ZNF880	1	2	0	3	1	2	4
ENSG00000221926	TRIM16	317	256	252	238	258	289	388
ENSG00000221932	HEPN1	380	389	397	335	304	315	461
ENSG00000221933	OR2A25	3	2	1	0	2	0	2
ENSG00000221944	TIGD1	304	283	236	232	257	304	380
ENSG00000221946	FXYD7	0	0	0	1	0	0	0
ENSG00000221947	XKR9	28	5	13	13	10	16	28
ENSG00000221955	SLC12A8	12	4	4	6	7	14	17
ENSG00000221963	APOL6	807	633	583	735	818	916	1330
ENSG00000221968	FADS3	560	492	448	440	523	502	739
ENSG00000221978	CCNL2	1896	1753	1545	1790	1770	2073	2729
ENSG00000221983	UBA52	12034	10058	8884	11745	11319	11073	14154
ENSG00000221986	MYBPHL	19	15	24	12	23	18	25
ENSG00000221988	PPT2	1608	1309	1148	1228	1361	1426	2027
ENSG00000221994	ZNF630	2	1	0	0	2	2	2
ENSG00000222009	BTBD19	348	306	242	197	250	235	430
ENSG00000222011	FAM185A	56	13	5	7	37	26	48
ENSG00000222028	PSMB11	1	0	0	0	1	0	0
ENSG00000222036	POTEM	83	71	65	54	66	85	132
ENSG00000222038	POTEJ	1	0	0	0	1	0	0
ENSG00000222046	DCDC2B	0	1	0	1	0	0	1
ENSG00000223417	TRIM49D1	9	11	5	6	10	10	12
ENSG00000223496	EXOSC6	3286	2680	2619	2770	2913	2917	3753
ENSG00000223501	VPS52	1761	1344	1307	1400	1570	1516	2173
ENSG00000223510	CDRT15	17	9	3	4	7	6	8
ENSG00000223547	ZNF844	131	110	114	95	95	113	174
ENSG00000223569	USP17L15	0	0	0	0	1	0	0
ENSG00000223572	CKMT1A	5	10	16	21	5	3	14
ENSG00000223573	TINCR	15	11	13	8	11	10	23
ENSG00000223601	EBLN1	0	0	0	0	1	0	1
ENSG00000223611	SUPT20HL2	110	113	86	81	114	91	150
ENSG00000223638	RFPL4A	1	0	1	0	0	3	0
ENSG00000223658	C1GALT1C1L	37	25	27	27	25	24	43
ENSG00000223731	SUPT20HL1	1	0	0	0	0	0	0
ENSG00000223802	CERS1	272	237	208	259	272	294	379
ENSG00000223865	HLA-DPB1	0	0	0	0	0	1	0
ENSG00000223953	C1QTNF5	19	30	18	16	23	29	29
ENSG00000224051	CPTP	1114	887	777	919	954	1061	1390
ENSG00000224383	PRR29	0	9	0	0	0	0	0
ENSG00000224389	C4B	11648	8679	8978	9667	9847	10965	15860
ENSG00000224420	ADM5	66	89	61	57	69	63	113
ENSG00000224470	ATXN1L	2560	1958	2068	1824	2167	2429	3323
ENSG00000224531	SMIM13	935	700	696	777	789	789	1157
ENSG00000224578	HNRNPA1L3	127	123	119	122	144	121	148
ENSG00000224712	NPIPA3	26	11	12	19	11	9	4
ENSG00000224877	NDUFAF8	776	763	614	741	778	793	979
ENSG00000224916	APOC4-APOC2	5	7	6	4	1	2	9
ENSG00000224940	PRRT4	1	1	0	2	0	1	1
ENSG00000224982	TMEM233	0	1	0	0	0	1	0
ENSG00000225180	PVALEF	2	5	1	2	2	2	6
ENSG00000225190	PLEKHM1	712	648	627	643	597	740	1088
ENSG00000225366	TDGF1P3	1	0	0	0	0	0	5
ENSG00000225526	MKRN2OS	5	3	2	4	6	0	3
ENSG00000225528	NA	1	3	1	0	0	1	0
ENSG00000225556	C2CD4D	2	2	2	2	5	3	6
ENSG00000225614	ZNF469	3	0	1	1	0	0	3
ENSG00000225663	MCRIP1	2151	1732	1602	1817	2047	1913	2725
ENSG00000225697	SLC26A6	1701	1430	1257	1372	1502	1583	2268
ENSG00000225828	FAM229A	39	27	19	19	35	42	20
ENSG00000225830	ERCC6	419	322	330	276	288	369	524
ENSG00000225921	NOL7	5298	4476	4062	4618	4748	5153	6680
ENSG00000225950	NTF4	1	0	0	0	0	0	2
ENSG00000225968	ELFN1	47	36	29	33	34	42	75
ENSG00000225973	PIGBOS1	324	291	239	296	315	328	430
ENSG00000226124	FTCDNL1	16	16	11	18	18	17	21
ENSG00000226174	TEX22	2	4	4	3	4	2	2
ENSG00000226314	ZKSCAN8P1	60	55	33	35	47	40	71
ENSG00000226321	CROCC2	15	17	11	6	16	12	16
ENSG00000226479	TMEM185B	699	563	562	593	652	683	958
ENSG00000226650	KIF4B	3	3	4	3	5	2	10
ENSG00000226685	CT47A12	0	1	1	1	1	1	0
ENSG00000226690	NA	6	6	5	3	3	1	1
ENSG00000226742	HSBP1L1	107	131	101	111	125	88	156
ENSG00000226761	TAS2R46	0	0	0	0	0	0	2
ENSG00000226763	SRRM5	17	18	15	17	15	21	31
ENSG00000226784	PGAM4	1	2	0	2	2	1	1
ENSG00000226887	ERVMER34-1	4	1	3	2	1	2	8
ENSG00000226941	RBMY1J	0	0	0	0	1	0	0
ENSG00000227051	C14orf132	10	5	8	9	10	6	20
ENSG00000227057	WDR46	2559	2136	1975	2206	2298	2385	3160
ENSG00000227124	ZNF717	0	0	1	1	0	0	2
ENSG00000227268	KLLN	50	25	35	29	42	35	70
ENSG00000227345	PARG	1114	939	894	955	1002	1083	1500
ENSG00000227471	AKR1B15	0	0	3	0	0	3	1
ENSG00000227500	SCAMP4	2356	1914	1776	1765	1924	2112	2805
ENSG00000227507	LTB	1	4	0	2	0	0	0
ENSG00000227717	GOLGA6L25P	0	0	0	0	0	0	7
ENSG00000228049	POLR2J2	51	52	47	37	45	45	62
ENSG00000228198	OR2M3	43	28	23	23	47	43	52
ENSG00000228253	MT-ATP8	95445	87356	74932	80502	88459	99555	144343
ENSG00000228278	ORM2	5210	4057	3697	4269	4400	4441	6227
ENSG00000228300	FAM174C	944	790	702	729	824	839	1070
ENSG00000228474	OST4	3389	2810	2425	2611	2807	2809	3830
ENSG00000228486	C2orf92	4	11	5	0	7	8	3
ENSG00000228570	NUTM2E	58	53	46	43	50	62	116
ENSG00000228594	FNDC10	252	231	218	189	206	204	306
ENSG00000228672	PROB1	147	125	83	111	141	109	185
ENSG00000228696	ARL17B	675	471	462	398	468	587	795
ENSG00000228716	DHFR	4364	3389	3412	3609	3657	3915	5369
ENSG00000228727	SAPCD1	28	40	35	51	47	45	55
ENSG00000228836	CT45A5	12	12	2	4	14	4	29
ENSG00000229117	RPL41	23696	19300	16776	20231	20746	21295	28848
ENSG00000229292	RFPL4AL1	0	0	0	0	0	0	1
ENSG00000229314	ORM1	7047	5433	5059	5695	5911	6001	8526
ENSG00000229474	PATL2	0	5	6	4	4	10	5
ENSG00000229544	NKX1-2	0	0	0	1	0	0	0
ENSG00000229676	ZNF492	21	20	20	20	28	16	42
ENSG00000229809	ZNF688	140	149	108	102	135	134	152
ENSG00000229833	PET100	397	343	288	342	354	393	396
ENSG00000229859	PGA3	2	0	2	4	0	0	2
ENSG00000229894	GK3P	3	3	2	5	0	0	4
ENSG00000230124	ACBD6	1009	840	727	874	868	932	1227
ENSG00000230178	OR4F3	10	0	6	0	2	5	7
ENSG00000230358	SPDYE21	9	6	7	5	3	3	3
ENSG00000230453	ANKRD18B	41	36	32	28	27	29	44
ENSG00000230601	TEX48	0	0	0	1	0	0	0
ENSG00000230667	SETSIP	0	0	0	0	0	0	1
ENSG00000230778	ANKRD63	0	2	0	0	0	1	1
ENSG00000230797	YY2	46	42	39	51	56	57	80
ENSG00000230873	STMND1	1	2	0	1	0	1	0
ENSG00000230989	HSBP1	1163	1051	776	931	1036	1148	1535
ENSG00000231192	OR5H1	0	3	2	2	4	6	3
ENSG00000231213	PLSCR5	0	0	1	0	0	0	0
ENSG00000231256	CFAP97D1	22	28	17	18	18	33	42
ENSG00000231274	SBK3	39	31	33	41	52	49	53
ENSG00000231389	HLA-DPA1	2	1	2	0	2	0	1
ENSG00000231500	RPS18	25962	23512	17704	21548	23524	23359	29679
ENSG00000231824	AKAIN1	2	6	1	4	0	0	0
ENSG00000231852	CYP21A2	78	125	86	82	124	130	169
ENSG00000231861	OR5K2	0	0	0	0	0	1	0
ENSG00000231887	PRH1	5	2	1	2	4	1	11
ENSG00000231925	TAPBP	4170	3150	3464	3190	3625	3766	5596
ENSG00000231989	PPP1R2B	1	0	1	0	0	0	0
ENSG00000232040	ZBED9	138	125	105	119	136	154	219
ENSG00000232070	TMEM253	11	7	0	11	9	0	14
ENSG00000232112	TMA7	2957	2448	2236	2367	2473	2577	3269
ENSG00000232119	MCTS1	904	692	581	635	664	730	1125
ENSG00000232237	ASCL5	0	3	0	2	3	2	4
ENSG00000232382	OR5K1	0	0	0	0	0	0	1
ENSG00000232388	SMIM26	1185	1133	903	1045	1066	1058	1421
ENSG00000232434	AJM1	576	484	474	393	448	478	738
ENSG00000232593	KANTR	8	6	6	3	11	7	14
ENSG00000232653	GOLGA8N	15	13	8	11	17	11	17
ENSG00000232810	TNF	1	0	1	0	0	0	1
ENSG00000232838	PET117	749	624	595	633	654	721	956
ENSG00000232859	LYRM9	6	1	6	1	4	9	15
ENSG00000233024	NPIPA9	1591	510	730	1175	473	1356	793
ENSG00000233041	PHGR1	0	1	1	0	0	0	0
ENSG00000233056	ERVH48-1	15	17	3	6	8	7	18
ENSG00000233087	RAB6D	1	0	3	0	0	0	2
ENSG00000233198	RNF224	32	33	15	21	20	24	36
ENSG00000233232	NPIPB7	480	459	323	247	370	429	567
ENSG00000233276	GPX1	3674	3265	2837	3518	3753	3453	4543
ENSG00000233381	AK4P3	246	175	202	204	232	226	259
ENSG00000233436	BTBD18	2	1	1	1	2	2	2
ENSG00000233493	TMEM238	2	1	1	3	0	2	1
ENSG00000233608	TWIST2	14	19	9	19	18	17	23
ENSG00000233701	PRR23C	2	2	1	1	5	2	4
ENSG00000233757	NA	7	6	3	2	4	7	6
ENSG00000233822	H2BC15	59	46	38	65	42	67	76
ENSG00000233927	RPS28	8361	7271	5995	7105	7539	7833	11522
ENSG00000233932	CTXN2	0	0	0	0	1	1	0
ENSG00000233954	UQCRHL	4	2	1	1	0	5	8
ENSG00000234068	PAGE2	1	0	0	1	0	0	0
ENSG00000234127	TRIM26	3135	2408	2414	2475	2883	2984	3923
ENSG00000234186	C16orf82	0	0	0	0	0	0	1
ENSG00000234224	TMEM229A	0	0	0	0	0	0	1
ENSG00000234284	ZNF879	43	33	27	39	33	44	54
ENSG00000234409	CCDC188	0	0	1	1	0	0	0
ENSG00000234438	KBTBD13	1	0	1	0	0	0	0
ENSG00000234444	ZNF736	0	2	0	1	1	1	0
ENSG00000234465	PINLYP	7	2	10	5	6	4	4
ENSG00000234469	CLDN34	0	0	0	0	0	2	0
ENSG00000234545	FAM133B	1924	1533	1572	1720	1693	1843	2408
ENSG00000234602	MCIDAS	0	0	0	2	2	1	0
ENSG00000234616	JRK	1477	1179	1114	1137	1250	1340	1979
ENSG00000234719	NPIPB2	803	802	567	528	672	777	1161
ENSG00000234745	HLA-B	1531	1247	1210	1273	1494	1388	1937
ENSG00000234776	C11orf94	0	0	0	0	0	0	1
ENSG00000234906	APOC2	3186	2612	2285	2395	2464	2798	3890
ENSG00000234965	SHISA8	1	0	0	0	1	6	2
ENSG00000235098	ANKRD65	846	647	608	638	713	710	955
ENSG00000235106	BRD3OS	368	271	286	307	328	332	445
ENSG00000235109	ZSCAN31	178	160	109	161	160	171	256
ENSG00000235162	C12orf75	594	442	453	506	519	472	716
ENSG00000235169	SMIM1	307	281	229	238	293	294	345
ENSG00000235173	HGH1	1004	823	709	916	970	929	1237
ENSG00000235194	PPP1R3E	702	635	583	502	590	629	960
ENSG00000235268	KDM4E	0	1	0	0	0	0	0
ENSG00000235272	RAMACL	2	9	2	6	8	7	9
ENSG00000235387	SPAAR	1	0	0	1	0	0	0
ENSG00000235453	SMIM27	109	84	65	89	86	109	108
ENSG00000235568	NFAM1	1	2	1	1	2	2	3
ENSG00000235631	RNF148	2	3	4	9	4	3	3
ENSG00000235718	MFRP	1	3	0	1	3	1	3
ENSG00000235750	KIAA0040	45	38	43	41	41	31	41
ENSG00000235863	B3GALT4	0	1	0	0	0	0	0
ENSG00000235961	PNMA6A	17	14	10	13	11	18	25
ENSG00000236032	OR5H14	0	5	4	0	0	3	1
ENSG00000236104	ZBTB22	484	416	371	406	461	472	627
ENSG00000236279	CLEC2L	8	9	3	6	5	7	12
ENSG00000236287	ZBED5	803	650	536	619	651	733	1076
ENSG00000236320	SLFN14	33	43	30	30	32	37	50
ENSG00000236334	PPIAL4G	2	0	2	2	0	0	1
ENSG00000236383	CCDC200	24	28	21	24	44	30	38
ENSG00000236396	SLC35G4	0	0	0	0	0	0	1
ENSG00000236444	UBE2L5	1	1	1	0	0	1	2
ENSG00000236609	ZNF853	368	284	281	310	338	310	525
ENSG00000236699	ARHGEF38	0	0	0	1	0	0	1
ENSG00000236761	CTAGE9	2	2	1	2	3	3	3
ENSG00000236782	ZNF593OS	15	14	7	14	17	12	18
ENSG00000237172	B3GNT9	230	181	165	153	170	213	302
ENSG00000237190	CDKN2AIPNL	1090	927	756	986	970	981	1322
ENSG00000237289	CKMT1B	36	27	24	15	39	48	68
ENSG00000237330	RNF223	4	0	1	0	0	1	5
ENSG00000237353	PATE4	1	1	0	0	0	0	1
ENSG00000237412	PRSS56	34	12	11	14	13	15	13
ENSG00000237440	ZNF737	154	155	118	131	160	172	244
ENSG00000237441	RGL2	924	714	612	759	808	887	1091
ENSG00000237452	MEIOSIN	2	2	2	3	3	2	3
ENSG00000237489	C10orf143	7	1	4	13	3	5	11
ENSG00000237515	SHISA9	161	153	127	111	162	146	251
ENSG00000237649	KIFC1	2484	1994	1959	2073	2199	2344	3290
ENSG00000237651	C2orf74	194	148	143	181	167	154	218
ENSG00000237693	IRGM	3	2	3	0	2	1	0
ENSG00000237765	FAM200B	347	259	227	246	310	320	420
ENSG00000237988	OR2I1P	0	0	0	6	0	0	0
ENSG00000238083	LRRC37A2	28	38	20	24	28	35	78
ENSG00000238227	TMEM250	1264	1075	939	1063	1208	1187	1616
ENSG00000238269	PAGE2B	0	0	0	0	0	1	0
ENSG00000239264	TXNDC5	27212	19448	20097	20524	22471	23511	32820
ENSG00000239282	CASTOR1	34	23	16	27	10	25	37
ENSG00000239305	RNF103	1192	953	1011	934	1068	1038	1594
ENSG00000239306	RBM14	3396	2600	2595	2813	3090	3090	4314
ENSG00000239382	ALKBH6	314	229	221	201	212	242	325
ENSG00000239388	ASB14	17	7	8	6	12	12	24
ENSG00000239389	PCDHA13	1	2	1	2	0	1	0
ENSG00000239474	KLHL41	6	11	5	5	7	6	9
ENSG00000239590	OR1J4	0	0	0	0	0	0	1
ENSG00000239605	STPG4	1	1	2	0	0	0	1
ENSG00000239672	NME1	6477	5579	4607	5743	6034	5756	7331
ENSG00000239697	TNFSF12	137	122	103	142	131	124	195
ENSG00000239704	CDRT4	144	144	138	154	97	169	103
ENSG00000239713	APOBEC3G	20	16	19	16	20	16	27
ENSG00000239779	WBP1	1139	1011	829	958	1092	1037	1389
ENSG00000239789	MRPS17	815	662	614	704	707	739	955
ENSG00000239857	GET4	3018	2542	2374	2627	2891	2660	3643
ENSG00000239887	C1orf226	798	631	559	640	740	769	1151
ENSG00000239900	ADSL	3255	2489	2165	2602	2777	2676	3875
ENSG00000239998	LILRA2	5	3	2	5	3	3	7
ENSG00000240021	TEX35	1	1	0	0	1	0	0
ENSG00000240038	AMY2B	9	18	4	10	7	13	18
ENSG00000240045	STRIT1	0	0	0	0	1	0	0
ENSG00000240053	LY6G5B	618	634	425	393	534	623	765
ENSG00000240065	PSMB9	234	193	178	221	235	215	248
ENSG00000240184	PCDHGC3	84	99	82	51	73	63	74
ENSG00000240204	SMKR1	0	0	1	0	1	2	0
ENSG00000240230	COX19	974	867	778	870	933	962	1353
ENSG00000240303	ACAD11	709	636	500	553	564	750	955
ENSG00000240344	PPIL3	920	689	608	694	766	772	1004
ENSG00000240386	LCE1F	1	0	1	1	0	0	0
ENSG00000240445	FOXO3B	280	196	248	227	266	295	401
ENSG00000240563	L1TD1	41	37	38	26	42	39	67
ENSG00000240583	AQP1	1	0	0	0	0	0	0
ENSG00000240654	C1QTNF9	1	0	0	1	1	0	0
ENSG00000240682	ISY1	910	719	741	787	792	830	1135
ENSG00000240694	PNMA2	37	38	31	32	29	31	32
ENSG00000240720	LRRD1	11	7	7	2	14	6	16
ENSG00000240764	PCDHGC5	0	0	0	2	0	1	2
ENSG00000240771	ARHGEF25	650	572	592	566	648	686	905
ENSG00000240849	PEDS1	1029	797	992	1026	1085	1037	1365
ENSG00000240857	RDH14	811	659	580	627	752	687	1008
ENSG00000240891	PLCXD2	181	126	127	124	166	160	224
ENSG00000240972	MIF	10245	9110	7764	8215	8846	9078	12799
ENSG00000241058	NSUN6	496	417	421	418	413	519	677
ENSG00000241106	HLA-DOB	0	0	1	0	0	0	0
ENSG00000241119	UGT1A9	2	0	3	0	0	0	4
ENSG00000241127	YAE1	312	229	199	217	257	239	344
ENSG00000241149	ZNF722	1	6	2	1	2	0	5
ENSG00000241186	TDGF1	130	78	102	108	122	136	149
ENSG00000241233	KRTAP5-8	0	0	2	0	1	3	0
ENSG00000241258	CRCP	1325	1013	958	1066	1119	1229	1605
ENSG00000241322	FBXW10B	2	5	3	5	4	9	15
ENSG00000241343	RPL36A	7077	5934	5026	5734	6291	7038	9535
ENSG00000241360	PDXP	1956	1711	1512	1674	1730	1687	2313
ENSG00000241370	RPP21	696	627	514	605	618	599	821
ENSG00000241399	CD302	710	523	561	560	626	661	1018
ENSG00000241404	EGFL8	32	54	42	39	40	42	54
ENSG00000241468	ATP5MF	2954	2525	2052	2413	2655	2577	3328
ENSG00000241489	NA	69	75	61	23	77	47	101
ENSG00000241553	ARPC4	3008	2472	2275	2579	2836	2758	3695
ENSG00000241563	CORT	11	15	14	8	8	11	24
ENSG00000241635	UGT1A1	24	9	4	8	11	23	18
ENSG00000241644	INMT	28	23	17	13	25	17	51
ENSG00000241685	ARPC1A	3521	2602	2541	2657	2797	2880	3988
ENSG00000241697	TMEFF1	112	102	91	108	68	108	131
ENSG00000241837	ATP5PO	3157	2635	2105	2562	2790	2707	3585
ENSG00000241839	PLEKHO2	447	420	359	334	432	408	602
ENSG00000241852	C8orf58	56	62	57	40	63	53	68
ENSG00000241878	PISD	1405	1220	1153	1254	1394	1441	1920
ENSG00000241935	HOGA1	426	346	281	334	305	370	508
ENSG00000241945	PWP2	921	663	618	692	777	808	1062
ENSG00000241973	PI4KA	2632	1721	2033	1894	2381	2633	3380
ENSG00000242028	HYPK	690	737	626	605	271	863	709
ENSG00000242110	AMACR	607	484	517	566	556	638	834
ENSG00000242114	MTFP1	981	786	665	761	890	875	1101
ENSG00000242120	MDFIC2	0	1	0	0	0	0	0
ENSG00000242173	ARHGDIG	3	3	4	2	2	4	2
ENSG00000242220	TCP10L	24	17	12	4	13	18	36
ENSG00000242247	ARFGAP3	2619	1990	1941	2067	2158	2398	3381
ENSG00000242252	BGLAP	0	0	0	2	1	1	0
ENSG00000242259	C22orf39	859	690	681	697	764	811	1155
ENSG00000242265	PEG10	107759	75814	82500	75842	85344	97777	143377
ENSG00000242372	EIF6	8069	7010	5923	7501	7715	7747	10213
ENSG00000242419	PCDHGC4	3	0	0	2	4	4	9
ENSG00000242485	MRPL20	1229	994	893	1118	1162	1134	1486
ENSG00000242498	ARPIN	458	383	328	399	405	437	636
ENSG00000242574	HLA-DMB	1	1	0	0	0	0	0
ENSG00000242612	DECR2	868	818	682	821	846	823	1183
ENSG00000242616	GNG10	1391	1115	988	1148	1166	1210	1707
ENSG00000242689	CNTF	38	21	25	20	19	19	49
ENSG00000242715	CCDC169	1	0	1	1	1	0	1
ENSG00000242732	RTL5	0	0	0	0	0	2	0
ENSG00000242802	AP5Z1	403	385	317	253	392	365	541
ENSG00000242852	ZNF709	95	70	67	73	66	93	139
ENSG00000242866	STRC	0	0	0	0	5	0	3
ENSG00000242950	ERVW-1	13	15	8	16	11	21	18
ENSG00000243056	EIF4EBP3	0	13	13	11	10	5	16
ENSG00000243137	PSG4	0	1	0	0	0	0	0
ENSG00000243147	MRPL33	1123	940	789	874	911	931	1217
ENSG00000243156	MICAL3	1411	985	1013	1037	1093	1373	1867
ENSG00000243207	PPAN-P2RY11	217	168	142	196	196	185	253
ENSG00000243232	PCDHAC2	0	0	1	0	0	0	0
ENSG00000243244	STON1	3	1	1	4	0	1	3
ENSG00000243279	PRAF2	32	29	26	27	21	26	59
ENSG00000243317	STMP1	1127	856	817	927	941	1043	1370
ENSG00000243335	KCTD7	659	425	526	577	585	650	941
ENSG00000243364	EFNA4	304	262	218	234	317	322	390
ENSG00000243414	TICAM2	2	0	0	0	0	2	0
ENSG00000243449	C4orf48	181	156	166	149	187	199	272
ENSG00000243477	NAA80	225	209	189	150	193	192	305
ENSG00000243480	AMY2A	0	0	0	1	0	0	0
ENSG00000243566	UPK3B	3	1	1	2	2	1	2
ENSG00000243627	SMIM34	0	0	0	0	0	1	0
ENSG00000243646	IL10RB	623	462	458	450	515	535	646
ENSG00000243649	CFB	3647	3094	2873	3140	3319	3593	4841
ENSG00000243660	ZNF487	47	38	37	36	24	37	49
ENSG00000243667	DNAAF10	480	373	352	384	393	445	561
ENSG00000243678	NME2	15279	13303	10962	12399	13713	13713	17400
ENSG00000243708	PLA2G4B	123	112	35	49	95	58	9
ENSG00000243709	LEFTY1	6	10	9	4	5	6	9
ENSG00000243710	CFAP57	0	4	2	5	1	1	6
ENSG00000243716	NPIPB5	3135	3121	2221	2093	2584	2905	4506
ENSG00000243725	TTC4	940	725	656	729	752	850	1105
ENSG00000243749	TMEM35B	229	200	160	190	181	222	255
ENSG00000243789	JMJD7	116	123	69	112	138	117	137
ENSG00000243811	APOBEC3D	91	85	52	76	84	67	103
ENSG00000243896	OR2A7	1	0	0	1	5	5	2
ENSG00000243910	TUBA4B	7	1	3	3	5	5	2
ENSG00000243927	MRPS6	635	560	510	553	591	631	841
ENSG00000243943	ZNF512	1753	1314	1191	1253	1402	1550	2119
ENSG00000243955	GSTA1	346	288	250	295	349	303	414
ENSG00000243978	RTL9	1	1	0	1	0	0	2
ENSG00000243989	ACY1	2187	1830	1708	1962	1961	2051	2678
ENSG00000244005	NFS1	1692	1282	1261	1265	1399	1488	2087
ENSG00000244038	DDOST	12214	9992	9166	9905	10648	10988	15137
ENSG00000244045	TMEM199	833	634	636	641	682	711	947
ENSG00000244067	GSTA2	80	96	62	63	66	90	93
ENSG00000244115	DNAJC25-GNG10	172	90	90	119	116	127	112
ENSG00000244165	P2RY11	227	231	204	169	218	209	347
ENSG00000244187	TMEM141	732	640	509	580	552	584	717
ENSG00000244219	TMEM225B	4	1	0	5	2	3	1
ENSG00000244234	GMCL2	1	0	1	1	1	0	0
ENSG00000244242	IFITM10	3	1	0	4	0	2	2
ENSG00000244255	NA	21	4	0	16	18	5	10
ENSG00000244274	DBNDD2	515	459	380	444	511	476	690
ENSG00000244355	LY6G6D	0	0	0	0	0	0	1
ENSG00000244405	ETV5	4387	3183	3241	3498	3577	3984	5814
ENSG00000244411	KRTAP5-7	1	2	2	3	0	4	5
ENSG00000244414	CFHR1	2	1	1	0	0	1	0
ENSG00000244462	RBM12	5486	3868	4092	4153	4599	5204	7269
ENSG00000244476	ERVFRD-1	3	4	1	1	0	0	0
ENSG00000244482	LILRA6	0	0	0	0	0	1	0
ENSG00000244486	SCARF2	824	630	662	674	680	722	999
ENSG00000244509	APOBEC3C	1486	1209	1162	1129	1160	1283	1845
ENSG00000244617	ASPRV1	0	0	7	0	4	0	0
ENSG00000244623	OR2AE1	0	0	0	0	0	0	1
ENSG00000244687	UBE2V1	9548	7319	7151	7836	8233	8384	12356
ENSG00000244694	PTCHD4	2721	2049	2093	2028	2135	2508	3741
ENSG00000244731	C4A	15940	12599	12164	12373	14530	15764	21449
ENSG00000244734	HBB	1	0	0	0	0	0	0
ENSG00000244752	CRYBB2	0	1	2	1	1	2	3
ENSG00000244754	N4BP2L2	818	595	676	649	671	752	1006
ENSG00000245680	ZNF585B	125	98	83	93	100	108	142
ENSG00000245848	CEBPA	5275	4170	4029	4436	4858	4557	6661
ENSG00000246705	H2AJ	438	338	352	367	400	380	549
ENSG00000246922	UBAP1L	10	10	5	10	9	7	11
ENSG00000247077	PGAM5	3191	2542	2386	2642	2995	2923	3911
ENSG00000247315	ZCCHC3	4782	3801	3795	4028	4336	4387	6061
ENSG00000247595	SPTY2D1OS	5	7	9	4	2	6	12
ENSG00000247596	TWF2	2451	2063	1871	2134	2120	2200	2947
ENSG00000247626	MARS2	1128	836	830	911	989	1056	1525
ENSG00000248098	BCKDHA	681	548	483	578	657	683	832
ENSG00000248099	INSL3	1	2	0	0	2	0	3
ENSG00000248167	TRIM39-RPP21	7	2	5	6	0	0	12
ENSG00000248235	NA	11	6	2	9	7	4	15
ENSG00000248333	CDK11B	1924	1506	1451	1697	1613	1848	2504
ENSG00000248383	PCDHAC1	0	1	0	0	2	0	2
ENSG00000248405	PRR5-ARHGAP8	2	3	3	3	1	2	0
ENSG00000248483	POU5F2	8	3	3	0	5	1	6
ENSG00000248485	PCP4L1	4	2	3	1	1	2	0
ENSG00000248487	ABHD14A	577	537	431	543	542	540	759
ENSG00000248592	STIMATE-MUSTN1	148	136	139	121	161	156	194
ENSG00000248643	RBM14-RBM4	60	39	28	73	37	45	91
ENSG00000248712	CCDC153	1	0	0	2	0	1	0
ENSG00000248746	ACTN3	5	5	5	4	7	2	9
ENSG00000248771	SMIM31	9	6	6	8	8	14	16
ENSG00000248871	TNFSF12-TNFSF13	9	8	13	2	2	6	13
ENSG00000248905	FMN1	90	86	86	69	79	84	144
ENSG00000248919	ATP5MF-PTCD1	390	297	283	324	302	359	471
ENSG00000249115	HAUS5	423	410	334	427	388	396	600
ENSG00000249141	NA	15	12	9	5	6	25	21
ENSG00000249156	TAF11L12	1	0	0	0	0	0	0
ENSG00000249158	PCDHA11	1	2	2	8	3	3	6
ENSG00000249209	NA	17	15	9	11	18	25	19
ENSG00000249222	ATP5MGL	2	0	1	1	2	2	2
ENSG00000249242	TMEM150C	12	11	12	12	17	11	24
ENSG00000249319	NA	2	4	7	12	1	2	11
ENSG00000249437	NAIP	45	103	64	9	115	17	108
ENSG00000249471	ZNF324B	67	65	63	36	56	63	96
ENSG00000249481	SPATS1	4	1	2	0	0	2	1
ENSG00000249581	CLRN2	0	0	0	1	0	0	1
ENSG00000249624	NA	0	9	0	0	13	0	15
ENSG00000249709	ZNF564	277	209	181	205	202	253	347
ENSG00000249715	FER1L5	3	0	0	0	0	0	14
ENSG00000249751	ECSCR	2	2	3	0	7	4	7
ENSG00000249773	NA	14	13	2	11	19	23	15
ENSG00000249853	HS3ST5	157	135	127	115	151	171	204
ENSG00000249884	RNF103-CHMP3	34	28	15	11	31	13	18
ENSG00000249915	PDCD6	1572	1283	1236	1299	1390	1454	1924
ENSG00000249931	GOLGA8K	2	0	2	2	0	0	0
ENSG00000249961	TERB1	19	10	7	9	7	12	13
ENSG00000249967	NA	0	0	0	0	0	9	4
ENSG00000249992	TMEM158	8	6	12	9	20	13	20
ENSG00000250021	ARPIN-AP3S2	820	617	602	677	675	801	941
ENSG00000250067	YJEFN3	5	6	12	1	11	1	4
ENSG00000250120	PCDHA10	13	10	7	5	14	8	18
ENSG00000250151	ARPC4-TTLL3	33	29	19	17	31	40	43
ENSG00000250264	NA	522	397	375	473	571	589	780
ENSG00000250305	TRMT9B	0	2	0	1	0	0	0
ENSG00000250312	ZNF718	0	0	1	0	1	0	0
ENSG00000250317	SMIM20	500	415	337	421	448	480	598
ENSG00000250349	NA	3	0	3	1	0	0	14
ENSG00000250366	TUNAR	0	1	0	0	0	0	0
ENSG00000250423	KIAA1210	2	0	1	0	0	0	1
ENSG00000250479	CHCHD10	1390	1038	1019	1197	1240	1220	1910
ENSG00000250506	CDK3	144	121	101	94	121	132	148
ENSG00000250510	GPR162	3	6	7	3	3	4	1
ENSG00000250565	ATP6V1E2	55	27	33	49	43	54	67
ENSG00000250571	GLI4	121	87	75	111	60	112	139
ENSG00000250644	NA	231	128	161	149	194	204	262
ENSG00000250673	REELD1	0	3	0	0	0	2	1
ENSG00000250722	SELENOP	42993	32697	30581	32743	34283	36115	50008
ENSG00000250799	PRODH2	790	617	577	597	725	674	949
ENSG00000250844	USP17L18	0	0	0	1	0	0	0
ENSG00000251184	NA	1	0	0	0	0	2	0
ENSG00000251192	ZNF674	82	62	57	64	55	78	94
ENSG00000251201	TMED7-TICAM2	85	66	92	82	86	101	140
ENSG00000251246	NA	5	0	2	0	5	2	0
ENSG00000251247	ZNF345	93	82	77	72	85	107	126
ENSG00000251287	ALG1L2	3	0	2	1	0	2	1
ENSG00000251322	SHANK3	1559	1310	1228	1090	1388	1475	2086
ENSG00000251349	MSANTD3-TMEFF1	103	64	51	81	69	65	145
ENSG00000251357	NA	1	0	0	0	1	0	2
ENSG00000251369	ZNF550	90	124	113	81	105	95	182
ENSG00000251493	FOXD1	12	10	13	10	7	16	17
ENSG00000251503	CENPS-CORT	47	31	46	44	35	41	52
ENSG00000251537	NA	0	0	1	0	2	0	5
ENSG00000251569	NA	13	5	0	9	15	6	20
ENSG00000251664	PCDHA12	1	2	0	2	1	2	0
ENSG00000251692	PTX4	1	1	0	1	1	1	0
ENSG00000253159	PCDHGA12	3	1	3	1	0	3	2
ENSG00000253250	C8orf88	3	0	0	1	0	0	0
ENSG00000253251	SHLD3	122	143	76	90	124	116	158
ENSG00000253276	CCDC71L	4	4	0	1	2	4	1
ENSG00000253293	HOXA10	6	3	2	6	9	5	10
ENSG00000253304	TMEM200B	105	104	91	71	84	94	111
ENSG00000253305	PCDHGB6	10	3	7	3	12	5	4
ENSG00000253309	SERPINE3	2	1	2	0	3	1	2
ENSG00000253313	C1orf210	26	34	27	24	32	34	35
ENSG00000253352	TUG1	2291	1689	1927	1804	1903	2404	3362
ENSG00000253368	TRNP1	4219	3496	3179	3371	3900	3633	4708
ENSG00000253457	SMIM18	0	2	0	1	1	1	1
ENSG00000253485	PCDHGA5	39	32	23	27	25	36	58
ENSG00000253506	NACA2	0	0	0	0	1	0	0
ENSG00000253537	PCDHGA7	2	11	4	0	5	6	7
ENSG00000253598	SLC10A5	45	38	39	23	22	33	67
ENSG00000253626	EIF5AL1	21	10	12	13	12	8	9
ENSG00000253649	PRSS51	0	0	2	0	0	3	1
ENSG00000253710	ALG11	1587	1050	1320	1299	1474	1559	2102
ENSG00000253719	ATXN7L3B	4255	3251	3344	3485	3721	3948	5641
ENSG00000253729	PRKDC	11139	7031	8314	7143	8600	10642	15857
ENSG00000253731	PCDHGA6	56	50	40	47	43	53	66
ENSG00000253767	PCDHGA8	13	7	12	12	10	13	11
ENSG00000253846	PCDHGA10	3	3	1	2	3	3	5
ENSG00000253873	PCDHGA11	0	1	2	1	0	1	2
ENSG00000253910	PCDHGB2	67	40	48	63	68	59	82
ENSG00000253953	PCDHGB4	400	263	315	312	377	335	508
ENSG00000253958	CLDN23	18	26	27	21	24	34	43
ENSG00000254004	ZNF260	560	458	442	425	482	561	762
ENSG00000254087	LYN	475	354	355	446	438	461	714
ENSG00000254093	PINX1	379	341	353	353	368	373	573
ENSG00000254122	PCDHGB7	5	1	7	5	1	1	1
ENSG00000254206	NPIPB11	210	226	175	170	228	184	336
ENSG00000254221	PCDHGB1	169	95	90	116	119	172	217
ENSG00000254229	FAM90A12P	0	0	0	0	2	0	0
ENSG00000254245	PCDHGA3	1	3	3	1	5	0	5
ENSG00000254402	LRRC24	66	46	51	56	46	76	103
ENSG00000254415	SIGLEC14	0	0	7	0	3	4	8
ENSG00000254440	PBOV1	1	2	1	0	0	0	1
ENSG00000254469	XNDC1N	35	36	37	22	30	35	43
ENSG00000254470	AP5B1	688	531	483	555	616	670	936
ENSG00000254505	CHMP4A	2293	1910	1617	2017	2184	2179	2873
ENSG00000254550	OMP	1	2	1	1	5	0	1
ENSG00000254636	ARMS2	0	1	0	0	0	0	0
ENSG00000254656	RTL1	8	0	7	2	6	8	6
ENSG00000254685	FPGT	399	246	288	298	320	334	484
ENSG00000254692	NA	159	94	71	111	97	65	101
ENSG00000254706	NA	54	40	44	42	51	47	87
ENSG00000254726	MEX3A	928	809	770	848	896	998	1407
ENSG00000254737	OR10G4	5	1	2	0	1	1	0
ENSG00000254772	EEF1G	44205	35129	32961	36856	39614	40245	54694
ENSG00000254788	CKLF-CMTM1	19	9	17	12	23	15	24
ENSG00000254852	NPIPA2	6	6	3	0	4	9	10
ENSG00000254858	MPV17L2	534	480	415	489	533	490	706
ENSG00000254901	BORCS8	316	273	205	258	276	271	400
ENSG00000254986	DPP3	2841	2252	2036	2422	2551	2492	3563
ENSG00000254996	ANKHD1-EIF4EBP3	800	412	513	366	631	752	792
ENSG00000254997	KRTAP5-9	7	2	0	5	2	1	4
ENSG00000254999	BRK1	3418	2925	2324	2890	3091	3203	3981
ENSG00000255112	CHMP1B	1789	1392	1346	1672	1558	1626	2268
ENSG00000255150	EID3	10	7	3	1	4	4	8
ENSG00000255154	HTD2	233	245	147	200	200	220	267
ENSG00000255192	NANOGP8	4	2	8	6	7	8	11
ENSG00000255245	FXYD6-FXYD2	0	1	1	3	3	0	2
ENSG00000255302	EID1	71	63	57	56	72	74	121
ENSG00000255359	CCDC179	1	0	0	0	0	0	1
ENSG00000255374	TAS2R43	0	1	2	0	0	1	0
ENSG00000255398	HCAR3	36	31	29	19	35	28	41
ENSG00000255408	PCDHA3	2	3	1	2	0	2	7
ENSG00000255423	EBLN2	55	37	31	30	25	31	38
ENSG00000255432	NA	0	0	1	0	1	0	0
ENSG00000255439	NA	89	126	91	109	117	121	192
ENSG00000255524	NPIPB8	17	10	5	3	12	4	4
ENSG00000255526	NEDD8-MDP1	10	9	5	0	10	9	22
ENSG00000255529	POLR2M	1121	767	877	875	941	1002	1455
ENSG00000255561	FDXACB1	91	74	83	100	96	91	119
ENSG00000255587	RAB44	1	0	0	1	1	0	0
ENSG00000255639	NA	288	235	109	145	305	151	296
ENSG00000255641	NA	9	0	5	8	5	17	10
ENSG00000255690	TRIL	45	41	32	43	38	42	55
ENSG00000255730	NA	4	0	3	3	2	4	0
ENSG00000255804	OR6J1	23	13	13	7	15	13	19
ENSG00000255837	TAS2R20	26	29	28	31	21	25	32
ENSG00000256043	CTSO	6	11	10	4	4	4	11
ENSG00000256053	COA8	434	428	360	418	446	451	652
ENSG00000256060	TRAPPC2B	149	141	132	125	154	142	178
ENSG00000256061	DNAAF4	42	32	40	44	45	24	59
ENSG00000256087	ZNF432	355	293	259	240	278	304	468
ENSG00000256100	NA	5	10	3	9	12	6	5
ENSG00000256162	SMLR1	2904	2414	2074	2091	2280	2467	3467
ENSG00000256188	TAS2R30	3	2	0	3	2	0	4
ENSG00000256223	ZNF10	277	194	201	167	204	230	344
ENSG00000256229	ZNF486	127	119	92	116	111	114	199
ENSG00000256235	SMIM3	656	508	515	477	477	590	831
ENSG00000256269	HMBS	1121	924	896	973	990	1004	1414
ENSG00000256294	ZNF225	132	117	81	74	104	109	149
ENSG00000256349	NA	8	0	5	25	11	18	6
ENSG00000256436	TAS2R31	4	9	2	2	1	1	6
ENSG00000256453	DND1	6	22	2	19	13	15	17
ENSG00000256463	SALL3	2	0	0	0	0	0	0
ENSG00000256500	NA	65	0	116	123	0	67	291
ENSG00000256525	POLG2	367	322	283	343	356	330	462
ENSG00000256537	SMIM10L1	1413	1100	1035	1165	1257	1275	1821
ENSG00000256574	OR13A1	0	0	0	1	0	0	0
ENSG00000256591	NA	31	36	30	28	38	12	31
ENSG00000256646	NA	2	1	12	0	2	0	0
ENSG00000256671	LIMS4	9	13	35	16	22	11	26
ENSG00000256683	ZNF350	160	134	118	120	129	151	193
ENSG00000256713	PGA5	4	2	0	3	4	4	2
ENSG00000256762	STH	0	1	0	1	1	0	0
ENSG00000256771	ZNF253	345	264	258	281	300	319	475
ENSG00000256806	C17orf100	433	354	324	334	365	426	566
ENSG00000256812	CAPNS2	1	1	0	1	0	2	1
ENSG00000256870	SLC5A8	0	0	0	0	0	0	1
ENSG00000256977	LIMS3	0	0	0	0	1	0	1
ENSG00000257017	HP	4870	4036	3640	4217	4377	4477	6189
ENSG00000257057	C11orf97	0	0	0	0	1	0	0
ENSG00000257093	DENND11	1004	808	823	750	849	980	1367
ENSG00000257103	LSM14A	6125	4926	4784	4953	5451	5730	8118
ENSG00000257108	NHLRC4	16	20	22	30	27	22	34
ENSG00000257184	NA	0	0	0	0	0	0	3
ENSG00000257218	GATC	2029	1608	1499	1630	1823	1946	2548
ENSG00000257315	ZBED6	874	533	758	752	515	1087	1516
ENSG00000257335	MGAM	3	0	2	6	3	2	11
ENSG00000257365	FNTB	1284	993	928	1027	1133	1216	1724
ENSG00000257390	NA	5	6	0	5	10	2	13
ENSG00000257411	NA	0	0	2	0	0	2	0
ENSG00000257446	ZNF878	50	33	36	39	48	39	59
ENSG00000257529	RPL36A-HNRNPH2	5	5	15	8	9	24	3
ENSG00000257591	ZNF625	75	42	45	38	61	46	77
ENSG00000257594	GALNT4	633	440	477	522	551	588	808
ENSG00000257704	INAFM1	185	167	154	131	157	165	211
ENSG00000257727	CNPY2	2731	2330	2115	2460	2491	2575	3460
ENSG00000257743	MGAM2	0	0	0	0	0	2	0
ENSG00000257767	NA	199	93	138	84	101	210	354
ENSG00000257923	CUX1	1601	1235	1189	1173	1354	1418	2082
ENSG00000257949	TEN1	369	318	250	300	290	310	369
ENSG00000257987	TEX49	0	2	0	0	0	0	0
ENSG00000258083	OR9A4	0	0	0	0	0	0	1
ENSG00000258102	MAP1LC3B2	4	1	8	9	2	2	4
ENSG00000258289	CHURC1	857	710	632	705	728	742	985
ENSG00000258311	NA	126	122	123	111	122	121	210
ENSG00000258315	C17orf49	816	682	608	740	678	703	938
ENSG00000258366	RTEL1	1870	1579	1239	1286	1629	1648	2203
ENSG00000258405	ZNF578	40	37	45	39	32	43	77
ENSG00000258417	NA	0	0	0	0	0	0	1
ENSG00000258429	PDF	1755	1416	1359	1562	1815	1729	2298
ENSG00000258465	NA	1	0	1	6	3	0	0
ENSG00000258472	NA	0	1	0	0	1	0	0
ENSG00000258529	NA	3	0	0	0	0	0	0
ENSG00000258588	TRIM6-TRIM34	0	0	0	0	0	0	2
ENSG00000258643	BCL2L2-PABPN1	830	624	805	729	797	986	1135
ENSG00000258644	SYNJ2BP-COX16	12	0	1	45	26	16	16
ENSG00000258659	TRIM34	9	10	7	13	9	9	17
ENSG00000258674	NA	45	41	34	19	40	25	53
ENSG00000258724	PINX1	5	0	0	5	5	4	7
ENSG00000258728	NA	0	0	2	0	2	0	0
ENSG00000258818	RNASE4	4785	3868	3335	3689	3838	3998	5828
ENSG00000258839	MC1R	644	519	482	445	483	522	718
ENSG00000258873	DUXA	0	0	0	0	0	0	2
ENSG00000258881	NA	9	7	11	8	6	12	3
ENSG00000258890	CEP95	905	718	696	773	789	891	1281
ENSG00000258947	TUBB3	6791	5338	4942	5674	5923	6011	8178
ENSG00000258986	TMEM179	0	0	0	1	1	0	0
ENSG00000259024	TVP23C-CDRT4	702	569	505	496	642	584	896
ENSG00000259030	FPGT-TNNI3K	0	3	3	3	3	5	4
ENSG00000259066	NA	0	1	0	0	1	1	3
ENSG00000259075	POC1B-GALNT4	72	90	55	27	60	97	114
ENSG00000259112	NDUFC2-KCTD14	121	102	85	134	94	101	166
ENSG00000259120	SMIM6	44	29	24	33	34	38	42
ENSG00000259171	NA	793	434	652	517	494	663	847
ENSG00000259207	ITGB3	21	20	15	19	9	19	32
ENSG00000259224	SLC35G6	3	1	5	2	2	1	2
ENSG00000259305	ZHX1-C8orf76	41	41	18	52	32	39	53
ENSG00000259330	INAFM2	374	330	319	385	366	389	492
ENSG00000259332	ST20-MTHFS	119	71	79	37	81	82	159
ENSG00000259371	NA	4	6	1	5	2	3	8
ENSG00000259399	TGIF2-RAB5IF	23	30	38	31	14	35	59
ENSG00000259417	CTXND1	150	136	127	126	128	166	247
ENSG00000259431	THTPA	335	227	239	320	301	271	383
ENSG00000259494	MRPL46	1280	1022	909	1097	1213	1098	1457
ENSG00000259784	NA	3	0	3	1	3	1	4
ENSG00000259803	SLC22A31	3343	2824	2602	2740	3156	3038	4564
ENSG00000259916	AQP7B	76	61	57	50	66	61	79
ENSG00000259956	RBM15B	3002	2369	2410	2368	2656	2834	4005
ENSG00000260001	TGFBR3L	66	43	57	34	68	65	76
ENSG00000260007	NA	24	9	12	18	10	11	15
ENSG00000260027	HOXB7	1	2	0	0	2	0	2
ENSG00000260097	SPDYE6	6	19	19	13	16	17	16
ENSG00000260170	NA	0	0	2	0	2	0	0
ENSG00000260220	CCDC187	6	5	0	3	2	8	7
ENSG00000260230	FRRS1L	13	18	8	17	16	27	27
ENSG00000260238	PMF1-BGLAP	183	178	123	116	141	164	224
ENSG00000260272	NA	4	0	0	5	0	2	2
ENSG00000260286	ARMH2	0	0	0	0	0	0	2
ENSG00000260314	MRC1	0	1	0	0	0	0	1
ENSG00000260325	HSPB9	2	2	1	6	4	2	4
ENSG00000260342	NA	40	23	9	20	33	39	34
ENSG00000260428	SCX	51	58	43	32	41	55	72
ENSG00000260456	C16orf95	115	84	88	100	93	101	150
ENSG00000260537	NA	122	56	75	85	70	54	211
ENSG00000260596	DUX4	6	2	9	4	3	0	0
ENSG00000260643	NA	55	31	44	39	59	45	56
ENSG00000260691	ANKRD20A1	5	1	6	0	1	1	4
ENSG00000260734	TLE7	0	1	0	0	0	0	0
ENSG00000260836	NA	0	0	0	4	0	0	0
ENSG00000260914	NA	728	584	453	604	638	626	817
ENSG00000260916	CCPG1	941	713	742	700	873	995	1253
ENSG00000261052	SULT1A3	4289	3204	2554	3278	2952	3139	4694
ENSG00000261115	TMEM178B	1	0	0	0	3	2	2
ENSG00000261150	EPPK1	2087	1627	1546	1310	1610	1911	2676
ENSG00000261221	ZNF865	937	694	723	652	801	726	1094
ENSG00000261236	BOP1	3652	3056	2685	3041	3425	3235	4434
ENSG00000261247	GOLGA8T	2	1	0	2	4	3	3
ENSG00000261308	FIGNL2	59	40	50	47	46	67	58
ENSG00000261341	NA	2	1	1	1	3	0	4
ENSG00000261371	PECAM1	63	58	44	53	72	61	80
ENSG00000261456	TUBB8	0	0	0	0	0	0	3
ENSG00000261587	TMEM249	8	6	9	2	4	6	13
ENSG00000261594	TPBGL	6	7	1	5	4	1	1
ENSG00000261609	GAN	899	699	681	679	705	830	1131
ENSG00000261649	GOLGA6L7	2	3	1	0	0	1	3
ENSG00000261652	PIERCE2	2	0	1	0	1	0	1
ENSG00000261678	SCRT1	1	3	1	2	6	2	1
ENSG00000261701	HPR	723	593	587	575	639	622	844
ENSG00000261717	NA	49	32	34	21	40	53	56
ENSG00000261739	GOLGA8S	2	0	0	0	0	0	0
ENSG00000261740	BOLA2-SMG1P6	717	607	485	630	631	623	844
ENSG00000261787	TCF24	0	1	2	1	2	3	5
ENSG00000261794	GOLGA8H	20	20	16	10	12	17	27
ENSG00000261796	ISY1-RAB43	341	344	425	246	298	412	420
ENSG00000261832	NA	0	0	1	0	0	0	0
ENSG00000261857	MIA	0	0	0	0	0	0	3
ENSG00000261873	SMIM36	1	0	1	0	0	0	1
ENSG00000261934	PCDHGA9	7	5	3	2	1	1	1
ENSG00000261949	GFY	0	0	0	0	0	1	0
ENSG00000262152	GREP1	1	6	2	1	2	3	3
ENSG00000262179	MYMX	1	1	0	1	3	2	4
ENSG00000262209	PCDHGB3	9	24	1	6	15	3	16
ENSG00000262246	CORO7	732	586	559	626	650	706	928
ENSG00000262406	MMP12	0	0	0	0	0	0	1
ENSG00000262484	CCER2	1	4	1	0	2	3	6
ENSG00000262543	SMIM28	0	1	1	0	0	0	0
ENSG00000262576	PCDHGA4	26	7	13	26	6	13	26
ENSG00000262655	SPON1	10	8	3	8	11	10	9
ENSG00000262660	NA	0	0	0	2	6	0	0
ENSG00000262664	OVCA2	453	395	332	405	448	449	612
ENSG00000262814	MRPL12	4495	3648	3357	3749	3891	3842	5426
ENSG00000262874	C19orf84	0	1	0	1	1	1	0
ENSG00000262919	CCNQ	463	344	321	345	379	378	543
ENSG00000263001	GTF2I	9887	7076	7435	7559	8265	8955	13583
ENSG00000263002	ZNF234	369	304	283	304	312	366	507
ENSG00000263020	NA	302	260	231	289	196	242	401
ENSG00000263155	MYZAP	5	0	0	4	0	2	0
ENSG00000263353	PPIAL4A	0	0	0	0	0	1	2
ENSG00000263465	SRSF8	1594	1204	1114	1193	1337	1473	1987
ENSG00000263513	FAM72C	217	156	139	150	166	178	267
ENSG00000263528	IKBKE	295	217	226	210	276	262	360
ENSG00000263620	NA	71	34	53	49	60	54	105
ENSG00000263639	MSMB	1	3	1	2	0	1	2
ENSG00000263874	LINC00672	13	13	6	6	7	8	15
ENSG00000263956	NBPF11	421	328	334	330	324	382	487
ENSG00000263961	RHEX	17	9	8	11	14	14	13
ENSG00000264006	AKR1C8	0	0	0	0	0	1	0
ENSG00000264343	NOTCH2NLA	165	102	95	96	104	124	178
ENSG00000264364	DYNLL2	5359	4430	4206	4590	4907	5175	6736
ENSG00000264424	MYH4	3	0	0	1	3	0	4
ENSG00000264522	OTUD7B	1313	917	951	1003	1093	1276	1658
ENSG00000264668	NA	0	3	0	0	2	9	0
ENSG00000265190	ANXA8	0	0	0	2	0	0	0
ENSG00000265241	RBM8A	2709	2182	2151	2347	2519	2619	3217
ENSG00000265303	NA	0	1	1	0	1	0	0
ENSG00000265354	TIMM23	3004	2428	2197	2502	2682	2816	3640
ENSG00000265491	RNF115	943	768	709	788	846	902	1196
ENSG00000265590	CFAP298-TCP10L	216	233	175	168	205	249	290
ENSG00000265681	RPL17	20713	17211	14009	16918	17947	18523	24498
ENSG00000265763	ZNF488	15	7	12	4	9	10	9
ENSG00000265808	SEC22B	3765	2829	2891	2946	3170	3342	4757
ENSG00000265817	FSBP	264	196	184	184	151	194	342
ENSG00000265972	TXNIP	1376	1045	1081	1282	1308	1370	1987
ENSG00000266028	SRGAP2	2239	1776	1725	1716	1932	2117	3066
ENSG00000266074	BAHCC1	235	201	211	189	205	215	333
ENSG00000266094	RASSF5	18	3	12	20	14	11	29
ENSG00000266173	STRADA	648	502	485	547	594	590	844
ENSG00000266338	NBPF15	945	779	704	677	768	843	1243
ENSG00000266412	NCOA4	18223	13387	13474	13922	14900	16469	23488
ENSG00000266472	MRPS21	1550	1325	1116	1327	1362	1388	1883
ENSG00000266524	GDF10	4	8	5	8	0	3	5
ENSG00000266714	MYO15B	462	392	354	357	430	440	403
ENSG00000266953	NA	2	0	2	0	0	3	0
ENSG00000266964	FXYD1	161	129	115	73	80	118	146
ENSG00000266967	AARSD1	369	249	265	322	290	329	342
ENSG00000267001	NA	78	70	63	63	62	75	93
ENSG00000267041	ZNF850	172	151	128	131	113	166	217
ENSG00000267060	PTGES3L	37	37	27	41	34	40	47
ENSG00000267140	NA	2	1	2	1	1	4	2
ENSG00000267157	NA	5	0	5	4	0	4	1
ENSG00000267179	NA	1	1	0	0	2	1	0
ENSG00000267221	C17orf113	109	108	120	100	111	87	153
ENSG00000267261	NA	0	0	0	0	0	0	2
ENSG00000267281	ATF7-NPFF	0	0	0	3	0	0	13
ENSG00000267318	NA	0	0	2	0	1	0	0
ENSG00000267335	NA	1	5	1	0	0	1	1
ENSG00000267368	UPK3BL1	421	340	281	288	347	365	474
ENSG00000267467	APOC4	0	0	1	0	0	0	0
ENSG00000267508	ZNF285	52	40	23	38	45	44	75
ENSG00000267534	S1PR2	86	73	61	66	70	84	121
ENSG00000267561	NA	3	2	2	4	1	6	3
ENSG00000267618	NA	0	3	0	0	0	0	10
ENSG00000267673	FDX2	288	254	236	249	247	268	365
ENSG00000267680	ZNF224	468	392	368	340	356	372	575
ENSG00000267710	EDDM13	0	0	0	0	1	0	0
ENSG00000267740	NA	26	20	21	16	20	21	24
ENSG00000267795	SMIM22	0	0	0	0	1	2	0
ENSG00000267796	LIN37	156	156	125	136	151	126	211
ENSG00000267855	NDUFA7	536	354	375	357	399	452	504
ENSG00000267952	NA	0	4	0	0	0	0	3
ENSG00000267978	MAGEA9B	1	0	0	2	1	1	3
ENSG00000268009	SSX4	0	0	0	0	0	0	1
ENSG00000268041	ERFL	0	0	0	0	1	1	1
ENSG00000268043	NBPF12	881	732	653	685	736	862	1242
ENSG00000268083	NA	19	13	22	24	21	23	10
ENSG00000268089	GABRQ	0	0	0	0	0	2	1
ENSG00000268104	SLC6A14	1532	1149	1171	1386	1441	1707	2309
ENSG00000268133	NA	0	1	0	1	0	1	0
ENSG00000268163	NA	0	0	0	0	0	1	0
ENSG00000268182	SMIM17	35	31	34	41	56	67	69
ENSG00000268221	OPN1MW	0	0	0	0	0	1	0
ENSG00000268350	FAM156A	1608	785	824	981	1163	1027	2030
ENSG00000268480	NFILZ	1	1	0	0	1	1	0
ENSG00000268500	SIGLEC5	0	0	0	3	0	0	0
ENSG00000268533	NA	0	1	0	0	0	0	1
ENSG00000268606	MAGEA2	3	0	1	0	4	2	0
ENSG00000268643	NA	40	57	32	24	31	52	33
ENSG00000268655	NA	1	2	3	3	4	0	6
ENSG00000268738	HSFX2	7	0	0	0	0	3	0
ENSG00000268750	NA	44	35	27	35	25	54	67
ENSG00000268790	NA	0	0	0	0	0	0	2
ENSG00000268870	NA	6	9	9	10	4	10	7
ENSG00000268916	CSAG3	0	0	0	0	1	0	0
ENSG00000268964	ERVV-2	0	1	0	0	1	1	3
ENSG00000269026	NA	0	0	0	0	3	0	0
ENSG00000269035	NA	0	0	0	1	0	0	0
ENSG00000269058	CALR3	0	0	0	1	0	0	0
ENSG00000269095	NA	6	3	3	4	0	0	3
ENSG00000269113	TRABD2B	3	0	3	3	1	2	4
ENSG00000269190	FBXO17	1341	1166	1081	1058	1109	1285	1695
ENSG00000269226	TMSB15B	0	0	0	1	1	0	0
ENSG00000269313	MAGIX	20	33	22	28	40	19	41
ENSG00000269335	IKBKG	1927	1665	1434	1634	1572	1768	2348
ENSG00000269343	ZNF587B	691	584	566	591	671	683	993
ENSG00000269404	SPIB	19	25	12	12	11	13	22
ENSG00000269502	DMRTC1	1	0	0	0	0	2	0
ENSG00000269533	NA	0	1	0	0	0	0	0
ENSG00000269547	NA	0	3	0	0	0	0	0
ENSG00000269556	TMEM185A	357	294	293	286	349	319	450
ENSG00000269590	NA	0	0	0	0	3	0	0
ENSG00000269699	ZIM2	70	33	20	43	45	83	65
ENSG00000269711	NA	0	0	0	7	0	0	0
ENSG00000269713	NBPF9	1019	787	754	766	856	923	1392
ENSG00000269720	CCDC194	14	7	4	15	19	16	16
ENSG00000269743	SLC25A53	7	14	5	7	7	12	11
ENSG00000269825	NA	144	116	130	86	115	165	193
ENSG00000269855	RNF225	0	0	0	0	0	0	2
ENSG00000269858	EGLN2	1493	1273	1205	1250	1342	1325	1848
ENSG00000269897	COMMD3-BMI1	0	0	8	0	0	1	4
ENSG00000269955	FMC1-LUC7L2	511	270	380	329	435	553	699
ENSG00000270011	ZNF559-ZNF177	4	0	7	0	4	7	3
ENSG00000270170	NCBP2AS2	1130	1014	858	959	1036	1048	1384
ENSG00000270181	BIVM-ERCC5	4	0	21	5	0	11	11
ENSG00000270231	NBPF8	209	152	132	160	163	211	210
ENSG00000270249	NA	0	0	0	1	0	0	0
ENSG00000270617	URGCP-MRPS24	16	1	2	0	7	4	11
ENSG00000270629	NBPF14	560	432	467	453	458	577	736
ENSG00000270647	TAF15	6909	5601	5000	5835	6292	6706	9104
ENSG00000270757	HSPE1-MOB4	52	30	62	34	47	43	67
ENSG00000270765	GAS2L2	2	2	0	1	0	2	1
ENSG00000270800	RPS10-NUDT3	1087	803	945	874	962	1158	1537
ENSG00000270806	C17orf50	0	0	1	0	1	0	0
ENSG00000270882	H4C14	0	7	0	2	0	11	0
ENSG00000270885	RASL10B	1107	834	814	888	1027	1015	1330
ENSG00000271079	CTAGE15	0	0	0	1	1	0	0
ENSG00000271092	TLCD4-RWDD3	40	29	41	16	33	46	46
ENSG00000271303	SRXN1	3386	2569	2450	2763	2975	2977	4010
ENSG00000271321	CTAGE6	0	0	1	0	0	0	0
ENSG00000271383	NBPF19	633	533	478	472	486	641	839
ENSG00000271425	NBPF10	525	367	368	396	386	486	677
ENSG00000271503	CCL5	78	96	79	78	80	71	127
ENSG00000271601	LIX1L	1139	901	903	942	1043	1056	1601
ENSG00000271605	MILR1	4	4	1	4	8	3	9
ENSG00000271824	SMIM32	3	7	2	4	2	4	5
ENSG00000272031	ANKRD34A	12	9	4	9	6	9	10
ENSG00000272047	GTF2H5	1001	862	651	872	881	885	1096
ENSG00000272325	NUDT3	3870	3177	2921	3015	3295	3422	4812
ENSG00000272333	KMT2B	2000	1185	1461	1097	1548	1565	2492
ENSG00000272391	POM121C	4266	2870	3241	3090	3459	3924	5669
ENSG00000272398	CD24	808	613	630	669	722	791	1079
ENSG00000272414	FAM47E-STBD1	0	0	0	0	2	2	2
ENSG00000272514	CFAP206	0	1	0	1	0	0	0
ENSG00000272573	MUSTN1	1	0	0	1	1	4	0
ENSG00000272602	ZNF595	0	2	3	1	3	4	5
ENSG00000272617	NA	192	125	121	89	103	126	133
ENSG00000272636	DOC2B	11	4	8	16	15	16	21
ENSG00000272674	PCDHB16	102	63	73	61	72	94	113
ENSG00000272772	NA	1714	1162	1185	1295	1235	1336	1749
ENSG00000272822	NA	4	2	1	1	1	2	4
ENSG00000272886	DCP1A	1437	1047	1116	1199	1276	1415	1886
ENSG00000272899	ATP6V1FNB	9	14	17	11	12	6	20
ENSG00000272968	RBAK-RBAKDN	6	3	1	1	2	8	4
ENSG00000272980	NA	100	98	77	81	124	115	144
ENSG00000273045	C2orf15	174	121	126	125	137	127	207
ENSG00000273047	NA	10	25	6	10	14	13	19
ENSG00000273079	GRIN2B	1	4	3	0	1	1	2
ENSG00000273088	NA	16	9	8	7	0	19	23
ENSG00000273111	LYPD4	0	1	0	0	0	0	0
ENSG00000273136	NBPF26	643	508	535	508	630	655	993
ENSG00000273154	NA	0	0	1	1	0	0	0
ENSG00000273155	NA	10	14	8	7	13	10	23
ENSG00000273173	SNURF	32	41	22	33	20	27	42
ENSG00000273213	H3-7	3	10	5	1	1	3	12
ENSG00000273238	TMEM271	6	6	5	6	3	6	15
ENSG00000273274	ZBTB8B	73	78	49	49	79	76	111
ENSG00000273514	FOXD4L6	0	5	0	2	3	2	0
ENSG00000273540	AGBL1	0	0	0	2	0	0	0
ENSG00000273542	H4C12	9	3	10	79	25	22	37
ENSG00000273559	CWC25	977	806	799	760	887	865	1292
ENSG00000273604	EPOP	8756	6981	6749	6950	7708	7969	10767
ENSG00000273611	ZNHIT3	815	626	604	688	702	679	1069
ENSG00000273703	H2BC14	2	3	0	4	2	0	2
ENSG00000273706	LHX1	2	0	0	2	0	2	13
ENSG00000273749	CYFIP1	3946	2957	3004	3045	3317	3653	5330
ENSG00000273756	NA	5	3	5	8	2	1	0
ENSG00000273777	CEACAM20	0	0	0	0	1	0	0
ENSG00000273802	H2BC8	22	16	10	16	17	10	18
ENSG00000273820	USP27X	428	391	362	337	423	442	610
ENSG00000273841	TAF9	2680	2193	1953	2160	2272	2394	3584
ENSG00000273899	NOL12	463	363	309	341	485	374	528
ENSG00000273983	H3C8	0	0	0	0	1	0	1
ENSG00000274070	CASTOR2	1381	1121	976	966	1206	1205	1664
ENSG00000274180	NATD1	116	89	73	93	108	133	176
ENSG00000274209	ANTXRL	0	0	0	0	0	0	2
ENSG00000274211	SOCS7	2163	1661	1674	1657	1935	2198	3012
ENSG00000274252	GGTLC3	0	0	0	0	0	2	0
ENSG00000274286	ADRA2B	1	0	0	0	0	0	0
ENSG00000274290	H2BC6	1	1	2	0	1	0	4
ENSG00000274349	ZNF658	75	64	70	52	47	64	96
ENSG00000274386	TMEM269	15	11	14	13	13	16	34
ENSG00000274419	TBC1D3D	14	19	14	27	32	35	32
ENSG00000274512	TBC1D3L	401	370	305	271	349	417	509
ENSG00000274523	RCC1L	3309	2707	2469	2632	2815	2912	3593
ENSG00000274529	SEBOX	0	0	0	0	1	2	0
ENSG00000274570	SPDYE10	6	0	3	0	4	4	12
ENSG00000274588	DGKK	2981	2017	2168	2145	2494	2727	4094
ENSG00000274600	RIMBP3B	18	7	20	22	15	18	22
ENSG00000274641	H2BC17	12	8	4	7	5	13	17
ENSG00000274736	CCL23	3	2	0	1	1	3	1
ENSG00000274750	H3C6	51	48	59	49	61	58	83
ENSG00000274808	TBC1D3B	14	38	19	25	13	23	35
ENSG00000274810	NPHP3-ACAD11	0	0	0	6	0	4	0
ENSG00000274933	TBC1D3I	15	37	13	6	9	22	29
ENSG00000274944	NA	0	0	6	0	0	0	0
ENSG00000274997	H2AC12	1	0	0	0	0	1	0
ENSG00000275004	ZNF280B	318	229	229	270	267	333	426
ENSG00000275023	MLLT6	10829	8737	8473	8283	9669	10431	14540
ENSG00000275052	PPP4R3B	4729	3527	3558	3739	3801	4380	6400
ENSG00000275066	SYNRG	1178	867	896	833	987	1097	1567
ENSG00000275074	NUDT18	144	114	100	125	131	146	155
ENSG00000275111	ZNF2	299	202	220	243	255	301	391
ENSG00000275152	CCL16	280	221	213	222	252	253	356
ENSG00000275183	LENG9	153	120	113	135	161	138	196
ENSG00000275221	H2AC15	12	11	9	13	9	13	21
ENSG00000275342	PRAG1	2482	1941	1825	1813	2100	2280	3221
ENSG00000275395	FCGBP	1257	909	908	902	980	1104	1541
ENSG00000275410	HNF1B	310	265	258	264	248	267	450
ENSG00000275489	C17orf98	1	0	0	0	0	0	0
ENSG00000275591	XKR5	1	0	0	0	0	0	0
ENSG00000275674	NA	0	0	1	1	3	4	1
ENSG00000275700	AATF	2133	1691	1495	1727	1802	1985	2769
ENSG00000275713	H2BC9	6	4	9	6	8	7	17
ENSG00000275714	H3C1	0	1	1	0	0	1	1
ENSG00000275718	CCL15	287	195	157	208	226	217	289
ENSG00000275740	NA	120	58	89	50	59	124	116
ENSG00000275778	NA	28	24	15	27	31	28	45
ENSG00000275793	RIMBP3	53	35	47	35	47	50	72
ENSG00000275832	ARHGAP23	49	68	48	41	47	63	91
ENSG00000275835	TUBGCP5	671	502	490	496	485	620	829
ENSG00000275954	TBC1D3F	2	4	0	0	0	1	0
ENSG00000276023	DUSP14	1252	1033	871	1100	1051	1090	1532
ENSG00000276040	SPATA31A7	0	0	0	0	0	0	1
ENSG00000276043	UHRF1	5060	4154	3871	4331	4479	4720	6483
ENSG00000276045	ORAI1	713	582	488	510	604	607	953
ENSG00000276180	H4C9	0	1	0	0	3	0	2
ENSG00000276231	PIK3R6	0	0	0	1	0	0	0
ENSG00000276234	TADA2A	247	233	205	205	158	194	233
ENSG00000276293	PIP4K2B	4828	3685	3634	3623	4102	4243	6171
ENSG00000276302	NA	0	1	3	1	5	3	10
ENSG00000276368	H2AC14	25	21	11	8	13	16	15
ENSG00000276409	CCL14	35	39	15	37	31	31	43
ENSG00000276410	H2BC3	1	0	1	0	0	1	2
ENSG00000276547	PCDHGB5	7	7	3	2	0	8	9
ENSG00000276600	RAB7B	20	12	8	17	20	24	33
ENSG00000276644	DACH1	0	0	0	1	0	0	0
ENSG00000276747	PADI6	0	0	0	0	0	1	0
ENSG00000276903	H2AC16	2	1	0	0	0	0	3
ENSG00000276950	GSTT4	0	0	0	0	1	0	1
ENSG00000276966	H4C5	21	10	12	14	10	9	8
ENSG00000277075	H2AC8	26	15	4	11	10	27	19
ENSG00000277149	TYW1B	178	131	159	159	157	164	210
ENSG00000277157	H4C4	6	5	2	1	4	4	7
ENSG00000277161	PIGW	1201	750	852	894	1054	1110	1488
ENSG00000277200	CCDC92B	58	62	34	37	36	45	84
ENSG00000277224	H2BC7	4	2	2	3	3	4	1
ENSG00000277258	PCGF2	4081	3284	3067	3299	3587	3729	5252
ENSG00000277322	GOLGA6L6	0	1	2	0	1	1	0
ENSG00000277363	SRCIN1	332	175	190	126	185	184	226
ENSG00000277399	GPR179	2	5	2	2	6	5	3
ENSG00000277443	MARCKS	4868	3630	4128	4097	4359	4554	6417
ENSG00000277462	ZNF670	444	351	338	351	348	375	561
ENSG00000277481	PKD1L3	0	2	0	3	0	0	0
ENSG00000277531	PNMA8C	9	17	9	6	5	11	8
ENSG00000277586	NEFL	0	0	1	0	0	0	0
ENSG00000277632	CCL3	0	0	1	0	0	0	0
ENSG00000277639	NA	16	19	22	16	15	16	22
ENSG00000277758	SYT15B	595	598	486	475	477	503	832
ENSG00000277775	H3C7	0	0	0	0	1	2	0
ENSG00000277791	PSMB3	4836	4093	3397	4012	4301	4008	5485
ENSG00000277858	H2AB2	0	0	1	0	0	2	0
ENSG00000277893	SRD5A2	0	1	0	1	0	2	1
ENSG00000277972	CISD3	1645	1570	1252	1520	1711	1669	1925
ENSG00000278023	RDM1	0	0	1	1	1	0	4
ENSG00000278053	DDX52	870	724	753	771	778	858	1201
ENSG00000278085	CT45A8	0	0	0	1	0	0	0
ENSG00000278129	ZNF8	406	397	328	299	387	393	569
ENSG00000278139	P3R3URF-PIK3R3	0	0	0	0	0	0	4
ENSG00000278195	SSTR3	33	29	31	15	26	46	42
ENSG00000278224	PRICKLE4	30	38	24	15	29	25	53
ENSG00000278259	MYO19	1671	1268	1271	1319	1434	1471	2100
ENSG00000278299	TBC1D3C	33	34	26	31	29	37	72
ENSG00000278311	GGNBP2	2282	1791	1696	1878	1904	2167	2948
ENSG00000278318	ZNF229	10	5	6	3	2	2	9
ENSG00000278463	H2AC4	4	4	5	5	4	6	1
ENSG00000278505	C17orf78	0	0	0	0	0	2	0
ENSG00000278522	POTEB3	37	29	20	25	39	37	50
ENSG00000278535	DHRS11	857	709	595	676	711	779	974
ENSG00000278540	ACACA	4795	3513	3614	3375	3927	4300	6291
ENSG00000278558	TMEM191B	6	9	8	10	12	4	4
ENSG00000278570	NR2E3	0	0	0	0	0	0	2
ENSG00000278588	H2BC10	0	1	0	1	0	0	0
ENSG00000278615	C11orf98	1134	953	795	954	1075	1002	1308
ENSG00000278619	MRM1	426	361	401	380	466	413	585
ENSG00000278637	H4C1	0	0	0	0	0	1	1
ENSG00000278662	GOLGA6L10	149	155	141	107	95	143	231
ENSG00000278677	H2AC17	33	24	12	8	17	18	29
ENSG00000278685	IQCA1L	1	0	0	0	0	0	0
ENSG00000278705	H4C2	1	2	1	0	2	4	5
ENSG00000278828	H3C10	170	149	156	122	140	181	237
ENSG00000278845	MRPL45	3891	2850	2722	3094	3253	3278	4798
ENSG00000279012	OR51B2	1	0	0	0	0	0	0
ENSG00000279073	NA	0	0	0	0	1	2	0
ENSG00000279169	PRAMEF13	0	1	0	0	0	0	0
ENSG00000279170	TSTD3	46	41	40	39	40	32	51
ENSG00000280267	PRAMEF26	0	0	0	0	0	0	1
ENSG00000280571	NA	1	1	2	5	4	1	10
ENSG00000280670	CCDC163	89	92	37	63	50	111	106
ENSG00000280789	PAGR1	1784	1500	1383	1488	1582	1592	2082
ENSG00000280987	MATR3	3256	1928	2696	2551	3068	3261	4604
ENSG00000281039	NA	0	1	0	3	0	0	0
ENSG00000281106	TMEM272	23	11	15	9	7	13	16
ENSG00000281406	BLACAT1	179	141	143	137	139	175	241
ENSG00000281991	TMEM265	0	1	0	0	0	3	0
ENSG00000282301	CYP3A7-CYP3A51P	2	0	0	0	0	0	5
ENSG00000282757	DUXB	0	0	0	0	0	1	0
ENSG00000282933	RHOXF1P3	25	10	10	6	16	19	20
ENSG00000282936	NA	97	68	57	64	71	69	133
ENSG00000282988	NA	18	13	16	14	14	14	23
ENSG00000283071	LBHD2	5	6	0	12	0	6	9
ENSG00000283149	NA	32	56	12	21	0	0	38
ENSG00000283154	IQCJ-SCHIP1	35	21	25	28	25	41	41
ENSG00000283201	NA	0	0	0	0	6	3	0
ENSG00000283208	NA	3	2	4	0	1	6	9
ENSG00000283247	CCDC201	4	6	2	2	12	7	10
ENSG00000283267	FAM237B	1	0	0	1	0	0	1
ENSG00000283268	TEX54	1	5	0	2	1	3	2
ENSG00000283297	TEX52	5	12	10	7	18	7	18
ENSG00000283321	NA	2	0	0	0	0	4	0
ENSG00000283329	FAM240B	1	0	0	0	0	1	0
ENSG00000283378	CNTNAP3C	2	1	0	0	0	1	3
ENSG00000283463	HSFX4	0	2	0	0	2	1	3
ENSG00000283496	ZNF511-PRAP1	0	0	0	0	0	3	0
ENSG00000283526	PRRT1B	0	0	0	1	0	1	1
ENSG00000283528	TCAF2C	1	0	0	0	0	0	0
ENSG00000283536	NA	0	0	0	0	0	0	1
ENSG00000283567	C19orf85	0	0	0	0	1	1	0
ENSG00000283599	NA	0	1	0	0	0	0	0
ENSG00000283632	EXOC3L2	0	1	2	0	2	5	3
ENSG00000283654	CIROP	1	1	1	0	0	0	0
ENSG00000283683	MYOCOS	9	10	4	13	9	11	10
ENSG00000283697	HSFX3	0	0	1	0	0	0	0
ENSG00000283703	VSIG10L2	0	5	1	0	0	0	2
ENSG00000283761	NA	70	21	14	41	15	18	28
ENSG00000283765	NA	37	46	10	32	24	27	48
ENSG00000283787	PRR33	1	4	1	0	2	2	4
ENSG00000283900	TPTEP2-CSNK1E	10	15	2	13	5	10	0
ENSG00000283980	GNG14	3	2	1	2	0	0	3
ENSG00000284024	NA	630	510	502	520	524	596	823
ENSG00000284057	NA	69	50	22	67	115	59	105
ENSG00000284130	TUBA3FP	6	8	4	4	5	2	10
ENSG00000284188	NA	0	0	0	2	2	0	0
ENSG00000284194	SCO2	517	445	410	483	508	447	592
ENSG00000284209	NA	4	1	2	1	2	4	3
ENSG00000284292	NA	61	44	60	59	65	37	97
ENSG00000284306	SSU72P2	0	0	0	0	0	0	0
ENSG00000284308	C2orf81	5	5	3	0	2	2	5
ENSG00000284395	PERCC1	0	2	0	0	3	0	0
ENSG00000284438	SSU72P7	0	0	0	0	0	0	0
ENSG00000284484	CPHXL2	1	0	0	0	0	1	0
ENSG00000284491	THSD8	0	0	1	0	0	0	0
ENSG00000284505	LYNX1-SLURP2	21	17	20	20	27	23	31
ENSG00000284512	NA	12	16	11	15	20	23	34
ENSG00000284526	NA	85	50	64	77	83	69	111
ENSG00000284638	SMIM44	0	0	0	0	0	0	1
ENSG00000284691	NA	399	410	343	344	391	357	548
ENSG00000284713	SMIM38	50	23	17	25	34	19	27
ENSG00000284730	TMDD1	0	1	2	0	0	1	0
ENSG00000284733	OR4F29	0	8	0	0	0	0	0
ENSG00000284753	EEF1AKMT4	504	348	323	381	434	442	562
ENSG00000284762	NA	2	0	0	0	0	0	0
ENSG00000284770	TBCE	727	592	581	633	644	703	926
ENSG00000284773	NA	31	13	29	25	19	27	35
ENSG00000284776	NA	215	185	184	196	215	218	275
ENSG00000284791	SMIM41	3	0	2	0	0	0	0
ENSG00000284797	NA	0	0	0	0	0	0	3
ENSG00000284862	CCDC39	50	96	29	82	101	46	163
ENSG00000284906	NA	599	557	504	423	429	623	714
ENSG00000284917	EEF1AKMT4-ECE2	1	1	1	0	0	2	0
ENSG00000284922	LRTOMT	25	25	0	0	14	14	44
ENSG00000284934	NA	0	0	0	0	11	6	6
ENSG00000284956	NA	4	5	0	5	4	1	4
ENSG00000284969	NA	1	2	0	0	0	2	3
ENSG00000284976	NA	381	329	333	306	348	316	378
ENSG00000284981	UPK3BL2	0	0	0	0	0	0	6
ENSG00000285010	OOSP4A	1	0	0	0	0	0	0
ENSG00000285043	NA	7919	6404	6007	5777	6014	7124	9886
ENSG00000285053	TBCE	367	292	294	272	277	306	431
ENSG00000285077	ARHGAP11B	97	54	64	68	66	49	142
ENSG00000285085	NA	0	1	1	1	2	2	1
ENSG00000285130	NA	126	0	0	0	143	0	0
ENSG00000285162	NA	57	50	19	31	32	50	73
ENSG00000285231	OOSP3	0	0	0	0	0	0	1
ENSG00000285253	NA	5	7	2	4	2	5	5
ENSG00000285283	NA	2	0	0	0	1	0	0
ENSG00000285292	ABCF2-H2BK1	675	515	559	541	551	662	844
ENSG00000285304	NA	215	161	138	182	284	225	302
ENSG00000285330	NA	25	7	0	83	60	44	64
ENSG00000285382	NA	35	33	10	15	37	22	48
ENSG00000285437	POLR2J3	368	369	255	327	329	388	509
ENSG00000285458	NA	42	41	25	29	39	49	56
ENSG00000285471	NA	0	0	0	0	0	0	1
ENSG00000285480	H2BK1	1	1	0	0	0	0	0
ENSG00000285508	MKKS	129	146	122	117	108	115	132
ENSG00000285547	NA	2	0	2	2	2	2	3
ENSG00000285566	NA	1	0	1	0	0	0	1
ENSG00000285585	NA	3	1	0	0	0	1	1
ENSG00000285625	NA	4	13	5	2	17	23	26
ENSG00000285655	NA	1	0	0	0	0	0	0
ENSG00000285723	MKKS	7	7	0	9	7	0	0
ENSG00000285733	NA	0	0	5	7	6	12	4
ENSG00000285749	NA	1	1	0	0	0	0	0
ENSG00000285772	NA	3	5	3	3	3	2	6
ENSG00000285814	FAM90A14	0	0	0	0	0	0	1
ENSG00000285815	GET1-SH3BGR	4	5	2	0	0	6	5
ENSG00000285827	NA	61	42	40	1	2	32	0
ENSG00000285868	NA	2	2	1	2	1	0	2
ENSG00000285920	NA	0	0	15	0	0	0	0
ENSG00000285938	NA	31	32	36	16	19	38	54
ENSG00000285976	NA	6466	5327	4028	7219	5140	6380	8875
ENSG00000286014	SPDYE15	0	0	0	2	0	0	0
ENSG00000286015	NA	0	1	0	0	0	0	0
ENSG00000286019	NOTCH2NLB	30	15	53	33	49	23	80
ENSG00000286053	ASDURF	10	8	14	13	2	18	26
ENSG00000286075	SAGSIN1	568	446	419	440	501	476	665
ENSG00000286098	NA	0	0	0	2	0	0	0
ENSG00000286105	TMEM217B	0	3	0	0	4	0	2
ENSG00000286106	NOTCH2NLR	6	12	15	10	6	15	24
ENSG00000286112	NA	387	223	183	217	272	254	383
ENSG00000286140	DERPC	1667	1254	1309	1325	1463	1556	2208
ENSG00000286165	NA	8	1	9	5	5	3	12
ENSG00000286185	NA	3	2	3	5	0	2	11
ENSG00000286190	NA	82	66	55	64	87	81	91
ENSG00000286219	NOTCH2NLC	34	20	23	23	24	31	56
ENSG00000286221	NA	0	0	0	4	0	0	0
ENSG00000286235	NA	16	0	22	3	9	11	4
ENSG00000286237	ARMCX5-GPRASP2	16	14	8	3	2	12	6
ENSG00000286264	NA	256	275	190	178	263	220	324
ENSG00000286268	NA	5	6	6	6	13	9	7
ENSG00000286522	H3C2	7	5	4	14	18	11	11
ENSG00000286920	SMIM40	0	0	0	0	0	1	1
ENSG00000287080	H3C3	24	26	25	6	15	21	30
ENSG00000287542	HERC3	40	18	21	19	8	31	34
ENSG00000288000	NA	0	0	3	0	0	0	0
ENSG00000288053	NA	3	0	0	0	2	8	0
ENSG00000288558	DUS4L-BCAP29	194	126	139	128	145	93	245
ENSG00000288602	C8orf44-SGK3	0	24	0	0	19	13	31
ENSG00000288611	NPBWR1	0	0	2	0	0	0	1
ENSG00000288635	NA	2	4	3	1	2	5	4
ENSG00000288637	NA	0	5	0	0	0	0	0
ENSG00000288649	ACTL10	7	8	3	2	4	3	9
ENSG00000288675	PANO1	34	33	22	32	30	26	38
ENSG00000288681	NA	0	0	2	0	0	0	0
ENSG00000288684	NA	88	37	33	49	51	64	70
ENSG00000288695	NA	7	0	0	0	3	0	0
ENSG00000288701	PRRC2B	6832	4998	5209	4811	5696	6491	8937
ENSG00000288702	UGT1A3	6	2	3	0	2	2	0
ENSG00000288722	F8A1	832	670	614	673	694	711	935
ENSG00000288825	H2AC18	151	0	0	0	0	0	0
ENSG00000288859	H2AC19	0	139	139	136	157	171	222
ENSG00000288864	ARHGAP11A-SCG5	50	44	46	33	47	62	85
ENSG00000288920	RPSAP58	4640	3971	3225	3952	4451	4198	5739
ENSG00000289027	NA	89	92	86	42	98	113	132
ENSG00000289281	NA	27	39	22	35	31	23	27
ENSG00000289346	NA	15	8	10	6	17	12	10
ENSG00000289690	NA	2	0	0	9	11	0	11
ENSG00000289694	NA	3669	2889	2661	2954	2853	2846	3868
ENSG00000289700	NA	2	0	0	0	0	2	0
ENSG00000289722	NA	0	0	5	0	3	0	0
ENSG00000289747	NA	23	21	10	7	35	19	0
ENSG00000289791	NA	11	43	32	2	19	24	44
ENSG00000290149	NA	0	3	0	0	0	0	0
ENSG00000290183	NA	80	43	91	0	54	39	0
ENSG00000290217	NA	10	6	1	4	4	2	13
ENSG00000290292	HOMEZ	910	696	695	788	884	919	1246
ENSG00000290315	NA	0	0	0	4	0	0	15
ENSG00000290316	NA	0	0	0	0	0	7	12
ENSG00000290318	NA	551	414	419	408	424	578	835
ENSG00000291237	SOD2	3367	2610	2478	2535	2801	3010	4534
